ts_recv,price,bid_px_00,ask_px_00,bid_sz_00,ask_sz_00,weighted_mid,rv_60s,ret_60s
2025-07-11 08:01:00+00:00,623.06,623.02,623.08,100,100,623.05,9.966898598483094e-08,-0.0002602384334333685
2025-07-11 08:02:00+00:00,622.93,622.87,622.95,200,500,622.8928571428571,6.883432817572476e-08,0.00010549853792785058
2025-07-11 08:03:00+00:00,622.96,622.88,622.95,100,100,622.915,4.847558077762216e-08,-0.00026330157661991205
2025-07-11 08:04:00+00:00,622.8,622.75,622.85,100,600,622.7642857142857,6.566276922211801e-08,-0.0003204033432883113
2025-07-11 08:05:00+00:00,622.62,622.55,622.63,100,100,622.59,8.314941389960552e-08,-0.0001465980074377704
2025-07-11 08:06:00+00:00,622.56,622.5,622.53,11,107,622.5027966101695,4.01540965765812e-08,6.41081301682167e-05
2025-07-11 08:07:00+00:00,622.61,622.51,622.57,120,110,622.5413043478261,8.657377553485527e-08,-0.00011618786472955556
2025-07-11 08:08:00+00:00,622.48,622.44,622.51,120,110,622.4765217391305,4.182077947011147e-08,5.2219557361565805e-05
2025-07-11 08:09:00+00:00,622.51,622.5,622.54,21,110,622.5064122137404,8.70332807690063e-08,-2.2183838232381348e-05
2025-07-11 08:10:00+00:00,622.49,622.43,622.49,120,120,622.4599999999999,7.47778422357065e-08,-2.6374577017929113e-06
2025-07-11 08:11:00+00:00,622.48,622.44,622.51,720,120,622.5,5.892315741423438e-08,-0.0001255608849908274
2025-07-11 08:12:00+00:00,622.46,622.41,622.46,11,100,622.414954954955,4.000645685739128e-08,-4.6647108824404704e-05
2025-07-11 08:13:00+00:00,622.35,622.35,622.4,182,110,622.3811643835616,6.067702411222373e-08,-1.0759159882245406e-05
2025-07-11 08:14:00+00:00,622.37,622.37,622.4,21,120,622.3744680851063,2.561072298389663e-08,0.00014129211830682387
2025-07-11 08:15:00+00:00,622.45,622.43,622.48,221,120,622.4624046920821,4.013063227025179e-08,-2.4446764925079023e-05
2025-07-11 08:16:00+00:00,622.43,622.43,622.48,110,210,622.4471874999999,7.809486002169706e-08,-8.38424545053229e-05
2025-07-11 08:17:00+00:00,622.33,622.37,622.42,110,110,622.395,5.0630322493437674e-08,-0.00027538781641878174
2025-07-11 08:18:00+00:00,622.24,622.22,622.25,15,110,622.2236,4.969544621824034e-08,0.00043792449614832307
2025-07-11 08:19:00+00:00,622.52,622.47,622.53,120,210,622.4918181818182,6.705987193493205e-08,-0.00031162624191560795
2025-07-11 08:20:00+00:00,622.3,622.23,622.29,120,13,622.2841353383458,8.268506529902796e-08,-0.00011586147666664548
2025-07-11 08:21:00+00:00,622.23,622.25,622.28,50,600,622.2523076923077,3.5355775968448556e-08,7.59730763104649e-05
2025-07-11 08:22:00+00:00,622.29,622.25,622.3,120,100,622.2772727272727,4.2758701502040167e-08,0.00017677007472549633
2025-07-11 08:23:00+00:00,622.38,622.38,622.43,120,705,622.3872727272727,4.6640976383886495e-08,0.00022817463215574207
2025-07-11 08:24:00+00:00,622.55,622.49,622.55,220,116,622.5292857142857,3.699289583119419e-08,0.0002180046607100916
2025-07-11 08:25:00+00:00,622.67,622.64,622.7,120,220,622.6611764705882,2.9419516410528927e-08,0.00014821729120195748
2025-07-11 08:26:00+00:00,622.77,622.74,622.79,111,210,622.7572897196262,4.289539689911479e-08,-0.00010230803933120036
2025-07-11 08:27:00+00:00,622.69,622.66,622.7,115,22,622.6935766423358,3.246521601527566e-08,-5.145095758019025e-05
2025-07-11 08:28:00+00:00,622.73,622.65,622.7,33,110,622.6615384615385,2.839163903707449e-08,8.281802533538496e-05
2025-07-11 08:29:00+00:00,622.72,622.7,622.73,173,223,622.7131060606062,2.0932426117242583e-08,1.3990585917111886e-05
2025-07-11 08:30:00+00:00,622.72,622.72,622.74,22,110,622.7233333333334,6.675466750059847e-08,-0.000436500173724097
2025-07-11 08:31:00+00:00,622.44,622.43,622.47,110,110,622.45,4.43507921921773e-08,-4.766990304050367e-05
2025-07-11 08:32:00+00:00,622.39,622.39,622.44,620,120,622.431891891892,1.5231525155034883e-08,-3.685929862684567e-05
2025-07-11 08:33:00+00:00,622.38,622.37,622.4,220,21,622.3973858921162,3.4346610370963675e-08,-0.00011630172901899716
2025-07-11 08:34:00+00:00,622.35,622.31,622.34,120,120,622.325,2.7292971505206262e-08,0.00015104647892982825
2025-07-11 08:35:00+00:00,622.42,622.4,622.44,38,120,622.4096202531646,1.9911006514215495e-08,2.226336737343182e-05
2025-07-11 08:36:00+00:00,622.45,622.39,622.44,620,120,622.431891891892,9.044064141854598e-08,0.00017615210361188183
2025-07-11 08:37:00+00:00,622.52,622.51,622.55,520,120,622.5425,1.4269747151221791e-08,-6.298861832254588e-05
2025-07-11 08:38:00+00:00,622.48,622.47,622.52,139,120,622.496833976834,2.328495497845266e-08,1.65634878559473e-05
2025-07-11 08:39:00+00:00,622.49,622.5,622.54,120,233,622.513597733711,4.755505181504051e-09,1.3497321696531728e-05
2025-07-11 08:40:00+00:00,622.52,622.51,622.53,150,100,622.522,2.1069229154940453e-08,-6.294958250474547e-05
2025-07-11 08:41:00+00:00,622.47,622.45,622.5,210,110,622.4828125,1.3135057626734557e-08,9.187000645094479e-05
2025-07-11 08:42:00+00:00,622.49,622.5,622.55,210,110,622.5328125,2.406264139904425e-08,-5.6221286985569385e-05
2025-07-11 08:43:00+00:00,622.5,622.48,622.53,110,210,622.4971875,1.3563076405701753e-08,0.0
2025-07-11 08:44:00+00:00,622.5,622.48,622.53,210,110,622.5128124999999,9.929209479253465e-09,-6.649721654494734e-05
2025-07-11 08:45:00+00:00,622.51,622.44,622.49,110,123,622.4636051502147,1.2648590398764953e-08,7.453423686398786e-05
2025-07-11 08:46:00+00:00,622.51,622.47,622.51,210,110,622.4962499999999,1.9847355890906636e-08,5.629264596684891e-06
2025-07-11 08:47:00+00:00,622.49,622.49,622.54,110,124,622.5135042735042,9.035382828275453e-09,2.4027213636479416e-06
2025-07-11 08:48:00+00:00,622.5,622.49,622.54,110,110,622.515,1.7784102428953282e-07,0.0004701044293284884
2025-07-11 08:49:00+00:00,622.83,622.79,622.84,120,220,622.8076470588235,8.357129379729806e-08,4.39187625675963e-05
2025-07-11 08:50:00+00:00,622.82,622.82,622.86,120,120,622.84,2.3721222164492987e-08,0.00011382063125586761
2025-07-11 08:51:00+00:00,622.95,622.9,622.94,38,220,622.9058914728682,1.011436766969461e-08,6.880173856904648e-05
2025-07-11 08:52:00+00:00,622.95,622.94,622.99,120,120,622.965,3.412927153415244e-08,-0.00017850178049072518
2025-07-11 08:53:00+00:00,622.82,622.83,622.86,37,110,622.8375510204081,2.581994895293236e-08,-6.102747661662633e-06
2025-07-11 08:54:00+00:00,622.85,622.82,622.86,110,210,622.83375,1.2881865223770862e-08,3.471887576989019e-06
2025-07-11 08:55:00+00:00,622.86,622.83,622.86,27,110,622.8359124087591,9.967215411057104e-09,-0.0001138540783316433
2025-07-11 08:56:00+00:00,622.79,622.74,622.79,210,110,622.7728125,1.5624038795286398e-08,-1.1427726865020915e-05
2025-07-11 08:57:00+00:00,622.76,622.75,622.79,27,110,622.7578832116789,3.742003019107406e-09,-5.951759024513947e-06
2025-07-11 08:58:00+00:00,622.75,622.75,622.79,26,223,622.7541767068274,2.4132475063659082e-08,5.191652001679259e-05
2025-07-11 08:59:00+00:00,622.75,622.77,622.79,100,1,622.789801980198,1.9818999685216283e-08,-4.675218841287965e-05
2025-07-11 09:00:00+00:00,622.76,622.74,622.79,100,210,622.7561290322582,2.2566112203448706e-08,5.2361796274880135e-05
2025-07-11 09:01:00+00:00,622.79,622.77,622.81,100,100,622.79,6.242666009553804e-08,8.028388381298157e-05
2025-07-11 09:02:00+00:00,622.86,622.8,622.86,110,110,622.83,3.481443593005994e-08,0.0002258321189958501
2025-07-11 09:03:00+00:00,622.99,622.98,623.0,110,103,622.9903286384977,1.4713166240382029e-08,-0.00012368301628751244
2025-07-11 09:04:00+00:00,622.88,622.88,622.93,110,123,622.9036051502145,2.4034354180684045e-08,-0.00020918174881545681
2025-07-11 09:05:00+00:00,622.85,622.75,622.8,110,126,622.7733050847457,1.8903567119987844e-08,-0.00011888241107682607
2025-07-11 09:06:00+00:00,622.69,622.68,622.73,110,210,622.6971874999999,3.09137027275897e-08,8.86459888973512e-05
2025-07-11 09:07:00+00:00,622.79,622.75,622.78,21,120,622.7544680851064,6.287406551009488e-08,-8.702918664382775e-05
2025-07-11 09:08:00+00:00,622.69,622.68,622.73,50,220,622.6892592592592,1.577527779748803e-08,-7.269993676173314e-05
2025-07-11 09:09:00+00:00,622.65,622.63,622.68,200,200,622.655,9.599138091763365e-09,-9.750639979100306e-06
2025-07-11 09:10:00+00:00,622.63,622.63,622.65,2350,133,622.6489287152638,1.6651602930596574e-08,4.411697785822177e-05
2025-07-11 09:11:00+00:00,622.68,622.66,622.72,140,150,622.6889655172413,2.2444648193456102e-08,-7.562155813378713e-05
2025-07-11 09:12:00+00:00,622.62,622.61,622.65,140,150,622.6293103448276,2.7551725519131223e-08,9.618830044999527e-05
2025-07-11 09:13:00+00:00,622.7,622.67,622.71,120,130,622.6891999999999,3.408436421442552e-08,2.5501269460548315e-05
2025-07-11 09:14:00+00:00,622.73,622.7,622.74,32,220,622.7050793650793,2.1774027482087e-08,9.448080696405903e-05
2025-07-11 09:15:00+00:00,622.73,622.74,622.79,110,220,622.7566666666667,9.590229318026883e-09,6.771238182490258e-05
2025-07-11 09:16:00+00:00,622.85,622.79,622.84,110,32,622.8287323943663,3.2599756167759166e-08,-0.00010610344578909636
2025-07-11 09:17:00+00:00,622.83,622.72,622.78,120,120,622.75,1.2437827375977318e-08,0.00016058065966539914
2025-07-11 09:18:00+00:00,622.83,622.82,622.86,120,120,622.84,1.9092223624334593e-08,-5.19442251245561e-05
2025-07-11 09:19:00+00:00,622.82,622.79,622.84,120,220,622.8076470588235,1.9698817155692154e-08,-0.0001487570990191811
2025-07-11 09:20:00+00:00,622.76,622.69,622.74,120,120,622.715,4.009744864984714e-08,-0.00028102743630720184
2025-07-11 09:21:00+00:00,622.53,622.52,622.56,110,110,622.54,7.628515550368927e-08,-0.00011244257397091673
2025-07-11 09:22:00+00:00,622.48,622.43,622.5,110,110,622.4649999999999,1.384960879237635e-08,1.1546741208290356e-05
2025-07-11 09:23:00+00:00,622.5,622.46,622.51,110,210,622.4771875,3.520008311263911e-08,7.255758457236361e-05
2025-07-11 09:24:00+00:00,622.51,622.49,622.54,220,120,622.5223529411765,2.1278469152499326e-08,-1.3417897585465965e-05
2025-07-11 09:25:00+00:00,622.54,622.49,622.54,120,130,622.514,3.2445701173152135e-09,-2.9103999361845823e-05
2025-07-11 09:26:00+00:00,622.48,622.47,622.51,220,120,622.4958823529413,3.1306162774206735e-09,-6.413681963934881e-05
2025-07-11 09:27:00+00:00,622.49,622.45,622.49,21,120,622.4559574468086,2.4068096318365706e-08,1.4527217682136495e-05
2025-07-11 09:28:00+00:00,622.46,622.44,622.49,120,120,622.465,9.53558438752033e-09,1.1812617860096353e-05
2025-07-11 09:29:00+00:00,622.43,622.44,622.49,120,220,622.4576470588237,4.903286801714678e-08,-0.00013020432629229362
2025-07-11 09:30:00+00:00,622.36,622.36,622.41,210,120,622.3918181818182,9.35683992809363e-08,4.6105483758163146e-05
2025-07-11 09:31:00+00:00,622.44,622.39,622.45,110,110,622.42,2.953791108780872e-08,5.623212621697071e-05
2025-07-11 09:32:00+00:00,622.43,622.43,622.47,110,110,622.45,1.6456063001972646e-08,6.426167353468237e-05
2025-07-11 09:33:00+00:00,622.52,622.47,622.52,110,110,622.495,1.740946053314006e-08,-1.957847050981787e-05
2025-07-11 09:34:00+00:00,622.49,622.48,622.53,110,120,622.5039130434784,3.749471553492964e-08,0.0001239994076140949
2025-07-11 09:35:00+00:00,622.54,622.53,622.58,120,120,622.5550000000001,7.170152248625339e-08,-0.00011543370402788966
2025-07-11 09:36:00+00:00,622.55,622.48,622.5,120,175,622.4881355932204,2.2603476237597847e-08,-5.509680701232256e-06
2025-07-11 09:37:00+00:00,622.5,622.48,622.53,120,220,622.4976470588235,3.708299307244486e-08,7.276342248907497e-05
2025-07-11 09:38:00+00:00,622.5,622.5,622.56,120,120,622.5300000000001,2.075860257347823e-08,-2.9206332517017763e-05
2025-07-11 09:39:00+00:00,622.53,622.49,622.55,220,220,622.52,4.5779965450343525e-08,0.00011560519794739932
2025-07-11 09:40:00+00:00,622.57,622.57,622.6,102,120,622.5837837837838,3.211492158851592e-08,0.00019469864036514295
2025-07-11 09:41:00+00:00,622.72,622.67,622.74,110,210,622.6940625,1.9060828184891102e-08,-0.0002307489494866033
2025-07-11 09:42:00+00:00,622.58,622.54,622.59,156,210,622.5613114754099,3.347654322891579e-08,-0.00017344178008860123
2025-07-11 09:43:00+00:00,622.47,622.45,622.49,20,110,622.4561538461538,1.159882086664471e-08,-2.1566003988171545e-06
2025-07-11 09:44:00+00:00,622.46,622.45,622.49,11,210,622.4519909502263,5.67137630491845e-08,6.10634238884522e-05
2025-07-11 09:45:00+00:00,622.48,622.47,622.51,110,110,622.4899999999999,3.174935364415581e-08,1.1683283703822767e-05
2025-07-11 09:46:00+00:00,622.46,622.47,622.5,110,11,622.4972727272727,3.172881559374262e-08,-0.00017232642129139109
2025-07-11 09:47:00+00:00,622.49,622.37,622.41,110,110,622.39,1.3149414744172076e-08,-1.1402455363240804e-05
2025-07-11 09:48:00+00:00,622.36,622.35,622.39,1020,220,622.3829032258064,1.4990168488457558e-08,0.00011158679811096306
2025-07-11 09:49:00+00:00,622.46,622.42,622.49,220,220,622.4549999999999,1.3600830579773491e-08,-4.3943831278370205e-05
2025-07-11 09:50:00+00:00,622.44,622.4,622.45,120,120,622.425,1.0220744797828006e-08,-4.864884918043266e-05
2025-07-11 09:51:00+00:00,622.4,622.35,622.41,1101,130,622.4036636880584,1.8168301499334854e-08,4.886696311157124e-06
2025-07-11 09:52:00+00:00,622.34,622.38,622.43,130,135,622.4045283018868,5.227269041529947e-08,-0.0003498746422416765
2025-07-11 09:53:00+00:00,622.18,622.16,622.2,120,120,622.1800000000001,6.577916695807815e-09,6.497401381366785e-06
2025-07-11 09:54:00+00:00,622.19,622.15,622.2,220,100,622.184375,7.62774691705291e-09,-7.153045596430818e-05
2025-07-11 09:55:00+00:00,622.15,622.1,622.15,718,190,622.1395374449339,1.8423115829012193e-07,3.289061992450826e-05
2025-07-11 09:56:00+00:00,622.19,622.14,622.18,120,120,622.16,2.090878099255124e-08,-0.0001502264888143534
2025-07-11 09:57:00+00:00,622.09,622.04,622.09,121,120,622.0651037344398,4.696023052622095e-08,-0.00036785972473640793
2025-07-11 09:58:00+00:00,621.83,621.8,621.84,32,130,621.8079012345679,3.137393114141772e-08,-0.0001822742759750584
2025-07-11 09:59:00+00:00,621.77,621.72,621.76,221,2,621.7596412556054,3.4903662815791623e-08,-1.050426840243368e-05
2025-07-11 10:00:00+00:00,621.73,621.72,621.77,110,120,621.7439130434783,1.1265903020504952e-07,5.175002500101833e-05
2025-07-11 10:01:00+00:00,621.62,621.73,621.78,120,220,621.7476470588235,1.0287539955955659e-07,-0.0003770718849127608
2025-07-11 10:02:00+00:00,621.49,621.5,621.54,70,110,621.5155555555555,1.0137670374169523e-07,-8.792453247208343e-05
2025-07-11 10:03:00+00:00,621.47,621.46,621.49,21,110,621.4648091603054,9.812826765987131e-08,0.0004410428799004329
2025-07-11 10:04:00+00:00,621.71,621.69,621.75,120,220,621.7111764705883,4.3656957873599045e-08,0.0001650977648410823
2025-07-11 10:05:00+00:00,621.86,621.79,621.86,1020,130,621.8520869565217,5.4607179171115136e-08,-7.662298841037973e-05
2025-07-11 10:06:00+00:00,621.77,621.74,621.79,120,220,621.7576470588234,1.0288823198628665e-07,0.00047521489726110033
2025-07-11 10:07:00+00:00,622.12,622.05,622.12,210,120,622.0945454545455,5.351468915887356e-08,-5.6735446209876805e-05
2025-07-11 10:08:00+00:00,622.09,622.05,622.09,11,210,622.0519909502262,2.9369724773380143e-08,-0.00013037318487807426
2025-07-11 10:09:00+00:00,621.95,621.95,622.0,110,170,621.9696428571428,2.268978940478235e-08,0.00014156965247780207
2025-07-11 10:10:00+00:00,622.02,622.05,622.1,135,210,622.0695652173913,3.461435330161855e-08,0.00015731214403813532
2025-07-11 10:11:00+00:00,622.12,622.13,622.18,110,110,622.1549999999999,2.9280855401356893e-08,-3.5662334948449725e-05
2025-07-11 10:12:00+00:00,622.15,622.1,622.15,210,110,622.1328125,2.8967471427845648e-08,2.310599876920172e-05
2025-07-11 10:13:00+00:00,622.17,622.13,622.18,110,210,622.1471875,2.934108050382958e-08,0.0001667851001134757
2025-07-11 10:14:00+00:00,622.26,622.23,622.28,110,200,622.2477419354839,2.6209225376230064e-08,-1.0861907947967708e-05
2025-07-11 10:15:00+00:00,622.22,622.23,622.27,110,200,622.2441935483871,2.910648078834065e-08,0.0
2025-07-11 10:16:00+00:00,622.24,622.23,622.27,110,200,622.2441935483871,2.997138510332389e-08,-7.554276741272847e-05
2025-07-11 10:17:00+00:00,622.22,622.18,622.23,110,210,622.1971874999999,1.5504484461682656e-08,7.684460965218243e-05
2025-07-11 10:18:00+00:00,622.27,622.22,622.27,110,110,622.245,6.063595609262062e-08,-0.00025445497084453095
2025-07-11 10:19:00+00:00,622.09,622.07,622.12,110,220,622.0866666666668,4.3007497024967116e-08,-0.00023954798555936296
2025-07-11 10:20:00+00:00,621.93,621.92,621.97,120,220,621.9376470588235,7.270277696213191e-08,6.622598134242708e-05
2025-07-11 10:21:00+00:00,621.93,621.95,621.98,520,21,621.9788354898337,2.5639043535015255e-08,5.814427775119313e-05
2025-07-11 10:22:00+00:00,622.0,621.99,622.04,120,120,622.0149999999999,4.269702725655113e-08,-6.1470051552214855e-06
2025-07-11 10:23:00+00:00,621.99,621.99,622.05,120,220,622.0111764705882,3.671595028767516e-08,-7.044564740910086e-05
2025-07-11 10:24:00+00:00,621.93,621.92,621.96,210,110,621.94625,6.145699509279786e-08,0.00012545051400736362
2025-07-11 10:25:00+00:00,621.99,622.02,622.08,110,150,622.0453846153846,3.6077647617496274e-08,-0.00013537299187327267
2025-07-11 10:26:00+00:00,621.95,621.94,622.0,120,220,621.9611764705883,4.792598819614595e-08,7.04602330010573e-05
2025-07-11 10:27:00+00:00,622.04,621.96,622.02,220,120,621.9988235294118,4.0127580343029774e-08,-0.00018488597358556902
2025-07-11 10:28:00+00:00,621.9,621.87,621.91,120,120,621.8899999999999,2.784461673188697e-08,-5.025004421987944e-05
2025-07-11 10:29:00+00:00,621.88,621.85,621.89,28,120,621.8575675675676,3.2246459849110005e-08,7.46715957364863e-05
2025-07-11 10:30:00+00:00,621.93,621.9,621.95,62,220,621.9109929078014,4.587742124839769e-08,0.00010043632876266528
2025-07-11 10:31:00+00:00,622.0,621.95,622.0,120,220,621.9676470588236,3.543185215252605e-08,-2.033394965694768e-05
2025-07-11 10:32:00+00:00,621.92,621.93,621.98,120,120,621.955,2.3407460295659547e-08,-5.188916766130092e-05
2025-07-11 10:33:00+00:00,621.96,621.92,621.97,11,110,621.9245454545454,4.549332348319491e-09,5.796565257787378e-06
2025-07-11 10:34:00+00:00,621.91,621.9,621.94,210,109,621.9263322884012,7.825962733713661e-09,-4.233988341406647e-05
2025-07-11 10:35:00+00:00,621.88,621.87,621.93,110,110,621.9,5.025019568073412e-08,-0.00027335584499110777
2025-07-11 10:36:00+00:00,621.75,621.7,621.75,715,110,621.7433333333333,1.2455340119707853e-08,5.514566497621942e-05
2025-07-11 10:37:00+00:00,621.75,621.75,621.76,300,220,621.7557692307693,3.66946710064508e-08,-0.00017576711431743774
2025-07-11 10:38:00+00:00,621.66,621.62,621.69,120,120,621.6550000000001,4.4537595651333024e-08,-8.128610707514028e-05
2025-07-11 10:39:00+00:00,621.65,621.6,621.63,1,120,621.6002479338844,2.6213352702749882e-08,0.00010447749804565198
2025-07-11 10:40:00+00:00,621.67,621.65,621.68,220,120,621.6694117647058,6.139805618149782e-08,0.0001240603875369839
2025-07-11 10:41:00+00:00,621.75,621.7,621.75,238,120,621.7332402234637,1.3675697125754166e-08,-9.19885942327614e-05
2025-07-11 10:42:00+00:00,621.7,621.67,621.69,186,220,621.6791625615763,1.0621934553946545e-08,8.999896056960388e-05
2025-07-11 10:43:00+00:00,621.7,621.71,621.78,620,120,621.7686486486487,1.524757944533478e-08,-5.1318475869033264e-05
2025-07-11 10:44:00+00:00,621.73,621.71,621.74,34,110,621.7170833333334,3.582941229005858e-08,0.00018354583574065053
2025-07-11 10:45:00+00:00,621.82,621.82,621.87,100,100,621.845,3.6836268415046236e-08,0.0002766880506344105
2025-07-11 10:46:00+00:00,621.99,621.99,622.02,590,200,622.0124050632911,7.67539165082383e-09,-8.275479396302465e-06
2025-07-11 10:47:00+00:00,621.99,621.99,622.01,198,701,621.994404894327,3.691286586915033e-08,-0.000125469389032129
2025-07-11 10:48:00+00:00,621.92,621.9,621.93,120,100,621.9163636363635,1.842999982608479e-08,-4.5187373160504585e-05
2025-07-11 10:49:00+00:00,621.87,621.86,621.91,130,100,621.8882608695652,3.036405542901175e-08,0.0001590132149520418
2025-07-11 10:50:00+00:00,622.0,621.96,622.01,120,1,622.0095867768596,7.892692085550288e-08,-0.00011084504420577623
2025-07-11 10:51:00+00:00,621.91,621.86,621.91,120,120,621.885,1.4209899909840734e-08,5.085810686655812e-05
2025-07-11 10:52:00+00:00,621.93,621.93,621.95,120,1,621.9498347107437,4.2229624003001105e-08,3.644231092514438e-05
2025-07-11 10:53:00+00:00,621.95,621.94,622.01,100,100,621.975,5.453430529170245e-08,1.205841094242821e-05
2025-07-11 10:54:00+00:00,621.95,621.94,621.98,50,120,621.9517647058824,2.9615934332369022e-08,-0.00023312646708917306
2025-07-11 10:55:00+00:00,621.82,621.81,621.86,120,120,621.8349999999999,5.5948611168986076e-08,-0.0004289548359848183
2025-07-11 10:56:00+00:00,621.54,621.5,621.55,373,100,621.5394291754758,7.418584648254994e-08,8.553799350852209e-05
2025-07-11 10:57:00+00:00,621.65,621.59,621.65,220,200,621.6214285714286,2.940021113984547e-08,-4.826088455323063e-05
2025-07-11 10:58:00+00:00,621.6,621.58,621.62,40,100,621.5914285714285,4.464038856395543e-08,0.0001293286983934383
2025-07-11 10:59:00+00:00,621.7,621.63,621.72,120,200,621.66375,8.103812342879597e-08,5.646853223550963e-05
2025-07-11 11:00:00+00:00,621.77,621.7,621.75,125,100,621.7277777777778,1.1864597761799986e-07,0.00047770091586785135
2025-07-11 11:01:00+00:00,622.0,621.97,622.03,130,100,622.0039130434783,1.1283073081981037e-07,-0.00012526133975110376
2025-07-11 11:02:00+00:00,621.89,621.9,621.95,130,120,621.926,6.653636113368362e-08,-0.0002066162212225331
2025-07-11 11:03:00+00:00,621.78,621.76,621.81,120,40,621.7975,9.987487968015413e-08,0.0003446752066678105
2025-07-11 11:04:00+00:00,622.02,621.99,622.03,120,100,622.0118181818181,5.50991586221256e-08,-2.899365817032873e-05
2025-07-11 11:05:00+00:00,621.98,621.95,622.01,270,100,621.9937837837838,1.5465592819447877e-08,-0.00022312728423024009
2025-07-11 11:06:00+00:00,621.87,621.83,621.88,120,120,621.855,4.1889544231581064e-08,8.040459592573157e-06
2025-07-11 11:07:00+00:00,621.86,621.84,621.88,100,100,621.86,5.892402344914689e-08,0.0002070401698130997
2025-07-11 11:08:00+00:00,621.98,621.97,622.01,120,100,621.9918181818182,6.943911995225561e-09,6.256559196504696e-06
2025-07-11 11:09:00+00:00,621.98,621.97,622.01,120,92,621.992641509434,3.2281968848298236e-08,0.00031730036240795734
2025-07-11 11:10:00+00:00,622.18,622.17,622.21,110,110,622.1899999999999,2.630314383613314e-08,-0.0001526864784066051
2025-07-11 11:11:00+00:00,622.14,622.07,622.16,110,110,622.1149999999999,4.0053461059439756e-08,7.157075611230468e-05
2025-07-11 11:12:00+00:00,622.14,622.13,622.15,100,110,622.1395238095238,2.4660654759706313e-08,0.00014764453519799936
2025-07-11 11:13:00+00:00,622.25,622.24,622.3,100,100,622.27,1.1532119262451974e-08,2.9705514649869258e-05
2025-07-11 11:14:00+00:00,622.21,622.2,622.27,520,210,622.2498630136986,1.2682123742987511e-08,2.0308540110036688e-05
2025-07-11 11:15:00+00:00,622.24,622.25,622.27,200,120,622.2625,2.6538956514797495e-08,2.0087985375782935e-05
2025-07-11 11:16:00+00:00,622.29,622.23,622.28,111,210,622.2472897196262,1.0974583760291688e-08,-0.00010897513157370753
2025-07-11 11:17:00+00:00,622.2,622.19,622.24,110,210,622.2071874999999,1.2122255864819257e-08,-3.695545804482947e-05
2025-07-11 11:18:00+00:00,622.19,622.17,622.21,110,200,622.184193548387,1.999041285766552e-08,0.00022456291326578004
2025-07-11 11:19:00+00:00,622.31,622.3,622.34,110,100,622.3209523809523,1.812417561693704e-08,-8.390313978989816e-05
2025-07-11 11:20:00+00:00,622.29,622.27,622.3,12,200,622.2716981132075,3.3531698518757e-08,0.00011650125724727012
2025-07-11 11:21:00+00:00,622.37,622.33,622.37,110,200,622.3441935483871,2.2320021024611986e-08,-4.6909007410556036e-05
2025-07-11 11:22:00+00:00,622.3,622.27,622.34,400,100,622.326,1.2504452292634958e-08,8.545803681703212e-05
2025-07-11 11:23:00+00:00,622.36,622.35,622.37,1000,100,622.3681818181818,2.1897152151351585e-08,9.703196942534298e-05
2025-07-11 11:24:00+00:00,622.41,622.4,622.43,100,5,622.4285714285713,1.496110930218612e-08,-0.00013112332977383012
2025-07-11 11:25:00+00:00,622.34,622.33,622.36,130,100,622.3469565217392,1.0230390284018872e-08,0.00013343598356296837
2025-07-11 11:26:00+00:00,622.43,622.41,622.45,120,120,622.4300000000001,9.12758724745143e-09,7.872371190331684e-05
2025-07-11 11:27:00+00:00,622.47,622.47,622.5,120,280,622.479,1.3810289978636996e-08,0.0001479746483192823
2025-07-11 11:28:00+00:00,622.58,622.54,622.58,350,100,622.5711111111111,7.707308583688234e-08,0.00019016918271819172
2025-07-11 11:29:00+00:00,622.64,622.64,622.67,100,160,622.6515384615384,1.9134612889446935e-08,-8.777483033217681e-05
2025-07-11 11:30:00+00:00,622.64,622.63,622.65,32,100,622.6348484848485,2.3356651921519125e-08,4.039528981181206e-05
2025-07-11 11:31:00+00:00,622.67,622.64,622.68,100,100,622.66,4.8938368196868783e-08,3.769484852100824e-05
2025-07-11 11:32:00+00:00,622.7,622.68,622.7,21,100,622.6834710743801,2.664218584670064e-08,9.880224291980433e-05
2025-07-11 11:33:00+00:00,622.77,622.74,622.77,130,651,622.7449935979513,2.3417550784671934e-08,0.00011996784095247293
2025-07-11 11:34:00+00:00,622.8,622.79,622.82,100,1,622.8197029702972,1.9831038862916797e-08,6.338164452368567e-05
2025-07-11 11:35:00+00:00,622.85,622.85,622.86,3301,300,622.8591668980839,1.4521278293240597e-08,-0.00014317571357869152
2025-07-11 11:36:00+00:00,622.78,622.75,622.79,100,100,622.77,1.2906385675094171e-08,8.044544519036911e-05
2025-07-11 11:37:00+00:00,622.8,622.79,622.83,170,100,622.8151851851852,1.4641978194480698e-08,5.243827365331022e-05
2025-07-11 11:38:00+00:00,622.8,622.82,622.87,190,100,622.8527586206898,3.016816742006784e-08,9.725366357482557e-05
2025-07-11 11:39:00+00:00,622.91,622.87,622.92,600,100,622.9128571428571,1.640020102388927e-08,-6.83306975247655e-05
2025-07-11 11:40:00+00:00,622.86,622.84,622.89,160,100,622.8707692307692,3.8372246040364495e-08,-0.0002080845929556263
2025-07-11 11:41:00+00:00,622.73,622.72,622.74,200,200,622.73,2.5704490574393288e-08,-1.4961778077027255e-05
2025-07-11 11:42:00+00:00,622.74,622.69,622.75,530,230,622.7318421052631,4.5710692819826e-08,0.00020296567528532705
2025-07-11 11:43:00+00:00,622.84,622.82,622.87,130,40,622.8582352941177,2.986513508345138e-08,-0.00013221779292627023
2025-07-11 11:44:00+00:00,622.75,622.75,622.79,220,120,622.7758823529412,2.5261680712972654e-08,-0.00010450933410932617
2025-07-11 11:45:00+00:00,622.72,622.71,622.74,6,220,622.7107964601771,1.532514350929715e-08,-7.889664638804916e-05
2025-07-11 11:46:00+00:00,622.63,622.62,622.67,600,120,622.6616666666667,1.4680162554976555e-08,8.565379272318374e-05
2025-07-11 11:47:00+00:00,622.74,622.7,622.75,120,125,622.7244897959183,1.4910660812822555e-08,0.00012044032984559472
2025-07-11 11:48:00+00:00,622.8,622.77,622.81,120,120,622.7899999999998,1.8254656660497956e-07,-0.00011123670648782724
2025-07-11 11:49:00+00:00,622.73,622.7,622.74,129,120,622.7207228915663,2.008203368090154e-08,8.334641985552338e-05
2025-07-11 11:50:00+00:00,622.75,622.75,622.8,120,121,622.7748962655602,4.755542241971487e-08,0.00024509542892037217
2025-07-11 11:51:00+00:00,622.93,622.9,622.94,120,70,622.9252631578947,4.296432252940457e-08,0.0002465998020708682
2025-07-11 11:52:00+00:00,623.1,623.06,623.1,130,120,623.0808000000001,2.686712896735643e-08,9.750487046811251e-05
2025-07-11 11:53:00+00:00,623.15,623.13,623.18,130,545,623.1396296296297,2.4419648018016986e-08,0.00011894664830469637
2025-07-11 11:54:00+00:00,623.19,623.17,623.22,700,100,623.21375,5.5772798081044755e-08,-0.0001718244074899733
2025-07-11 11:55:00+00:00,623.11,623.1,623.12,50,100,623.1066666666667,1.8911853804732688e-08,0.00010496164196172053
2025-07-11 11:56:00+00:00,623.21,623.17,623.19,15,130,623.1720689655173,5.382646084094081e-08,-0.0003723994977863354
2025-07-11 11:57:00+00:00,622.95,622.92,622.96,120,120,622.94,1.094457916977746e-08,-2.6570334443198895e-05
2025-07-11 11:58:00+00:00,622.94,622.92,622.94,24,119,622.9233566433566,7.0959098597458185e-09,-5.369564423141071e-05
2025-07-11 11:59:00+00:00,622.9,622.85,622.9,220,200,622.8761904761905,8.95034167523703e-09,-0.00013139744392476338
2025-07-11 12:00:00+00:00,622.81,622.77,622.81,620,30,622.8081538461537,4.265228077991015e-08,-7.395667929743777e-05
2025-07-11 12:01:00+00:00,622.77,622.76,622.79,35,220,622.7641176470588,2.5961252838048357e-08,-0.0001007556127539111
2025-07-11 12:02:00+00:00,622.69,622.68,622.71,193,220,622.6940193704601,1.7379391085194106e-08,-4.443052305624917e-05
2025-07-11 12:03:00+00:00,622.67,622.67,622.71,120,120,622.69,2.4879142147672495e-08,0.00023547704908177813
2025-07-11 12:04:00+00:00,622.84,622.81,622.84,131,218,622.8212607449857,5.2445557321037755e-08,0.00018225845662533935
2025-07-11 12:05:00+00:00,622.95,622.91,622.95,120,100,622.9318181818181,1.9590563745699507e-08,-0.00010128681136734041
2025-07-11 12:06:00+00:00,622.85,622.87,622.91,130,130,622.8900000000001,2.7781740953561912e-08,0.00015326790597569584
2025-07-11 12:07:00+00:00,622.93,622.97,623.0,142,330,622.9790254237288,2.8324751939988226e-08,2.3484250770700044e-06
2025-07-11 12:08:00+00:00,622.96,622.95,622.98,120,110,622.9656521739131,2.306346957871847e-08,-0.0001833545751452892
2025-07-11 12:09:00+00:00,622.85,622.82,622.88,220,200,622.8514285714286,2.486947654603417e-08,-7.38839685551218e-05
2025-07-11 12:10:00+00:00,622.82,622.8,622.83,22,100,622.8054098360656,5.16116133668681e-08,4.751109008882537e-05
2025-07-11 12:11:00+00:00,622.86,622.81,622.86,100,100,622.835,2.4939334399746277e-08,9.151701493981257e-05
2025-07-11 12:12:00+00:00,622.86,622.86,622.9,100,25,622.892,4.141419051270802e-08,-7.5892333297744585e-06
2025-07-11 12:13:00+00:00,622.94,622.86,622.91,120,100,622.8872727272728,1.3063403001123202e-08,7.06022978036458e-05
2025-07-11 12:14:00+00:00,622.93,622.94,622.99,120,800,622.9465217391305,2.397286147816937e-08,8.093902670935904e-05
2025-07-11 12:15:00+00:00,622.96,622.96,622.99,130,499,622.9662003179651,2.121542052149058e-08,-0.0001518280880270506
2025-07-11 12:16:00+00:00,622.87,622.86,622.91,130,110,622.8870833333334,1.2509750066681343e-08,-0.00011467754161498256
2025-07-11 12:17:00+00:00,622.8,622.8,622.84,135,210,622.815652173913,2.0387813226891457e-08,6.980919750265713e-06
2025-07-11 12:18:00+00:00,622.82,622.8,622.86,120,600,622.8100000000001,1.59019476083277e-08,-4.524873668443341e-05
2025-07-11 12:19:00+00:00,622.78,622.77,622.81,120,100,622.7918181818183,1.6294414272151507e-08,8.05466589304249e-05
2025-07-11 12:20:00+00:00,622.85,622.8,622.85,122,100,622.8274774774774,3.962056676090713e-08,-0.00018781968037828722
2025-07-11 12:21:00+00:00,622.72,622.69,622.74,20,100,622.6983333333334,2.8139327282068873e-08,-7.226303745622165e-05
2025-07-11 12:22:00+00:00,622.7,622.66,622.7,120,120,622.6800000000001,3.0927322912765086e-08,-9.55929362174146e-05
2025-07-11 12:23:00+00:00,622.58,622.58,622.63,510,120,622.6204761904762,5.530281659193425e-08,-0.00022221398692423566
2025-07-11 12:24:00+00:00,622.47,622.45,622.49,530,130,622.4821212121212,6.579947645526798e-08,-0.0002316447300592106
2025-07-11 12:25:00+00:00,622.37,622.31,622.35,532,230,622.3379265091863,7.544857907079512e-08,0.00012611257854655555
2025-07-11 12:26:00+00:00,622.42,622.4,622.43,157,230,622.4121705426356,2.1502571596418433e-08,-0.00011800490081415038
2025-07-11 12:27:00+00:00,622.36,622.3,622.36,580,230,622.3429629629629,3.727208150158381e-08,-9.767081618761164e-05
2025-07-11 12:28:00+00:00,622.27,622.25,622.3,1300,720,622.2821782178218,1.8066814341660436e-08,-4.430459449644708e-06
2025-07-11 12:29:00+00:00,622.28,622.26,622.3,151,160,622.2794212218649,4.1013028618718664e-08,5.717492322854234e-05
2025-07-11 12:30:00+00:00,622.33,622.28,622.36,150,150,622.32,7.759269092675978e-08,-0.00022335955263819152
2025-07-11 12:31:00+00:00,622.19,622.16,622.2,100,150,622.176,6.62801336447274e-08,0.00043133485891933
2025-07-11 12:32:00+00:00,622.43,622.4,622.46,1260,166,622.4530154277701,5.13666835563742e-08,3.7166057037740785e-05
2025-07-11 12:33:00+00:00,622.46,622.46,622.5,150,650,622.4675,3.0255199794730134e-08,0.0002909684779570654
2025-07-11 12:34:00+00:00,622.65,622.62,622.64,168,550,622.6246796657382,4.290028898633984e-08,-0.00011514575317195241
2025-07-11 12:35:00+00:00,622.54,622.58,622.62,150,550,622.5885714285714,6.265416307744447e-08,-8.622812429026627e-05
2025-07-11 12:36:00+00:00,622.48,622.5,622.55,660,760,622.5232394366197,3.024099689738777e-08,-0.00021753942035684926
2025-07-11 12:37:00+00:00,622.42,622.4,622.45,1170,600,622.4330508474576,8.06499422461712e-08,-9.796783470761294e-05
2025-07-11 12:38:00+00:00,622.27,622.3,622.32,690,640,622.3103759398497,4.988409921067367e-08,0.0002852727581799108
2025-07-11 12:39:00+00:00,622.48,622.47,622.52,1100,500,622.504375,5.118125470470421e-08,-0.00015933994811656582
2025-07-11 12:40:00+00:00,622.4,622.4,622.44,670,1100,622.4151412429379,3.4680851278188364e-08,9.610269361282064e-05
2025-07-11 12:41:00+00:00,622.46,622.45,622.48,100,100,622.465,3.1335155660479885e-08,-4.269950498181352e-05
2025-07-11 12:42:00+00:00,622.44,622.41,622.45,85,100,622.4283783783784,3.354792237012578e-08,-0.00011687668297954978
2025-07-11 12:43:00+00:00,622.35,622.35,622.39,670,1040,622.3656725146199,2.7621315814498912e-08,-7.362695692170185e-05
2025-07-11 12:44:00+00:00,622.3,622.3,622.32,660,5,622.3198496240601,3.6726418390634167e-08,5.574559292065295e-05
2025-07-11 12:45:00+00:00,622.37,622.37,622.4,1170,72,622.3982608695652,4.702397191652349e-08,0.00015264735030928733
2025-07-11 12:46:00+00:00,622.47,622.43,622.47,640,658,622.4497226502311,1.644900325647375e-08,9.810655509756572e-05
2025-07-11 12:47:00+00:00,622.5,622.5,622.53,93,170,622.510608365019,5.520182198635023e-08,0.0004055889020897485
2025-07-11 12:48:00+00:00,622.75,622.75,622.79,560,1151,622.763091759205,4.0652946782337235e-08,-0.00011448700458926986
2025-07-11 12:49:00+00:00,622.67,622.66,622.71,1170,670,622.6917934782608,4.300935390874534e-08,6.038960605314614e-05
2025-07-11 12:50:00+00:00,622.74,622.72,622.74,760,90,622.7378823529413,2.7763142066714308e-08,-8.520708497694596e-05
2025-07-11 12:51:00+00:00,622.63,622.66,622.71,1160,1360,622.683015873016,5.133384331117737e-08,6.592118586667972e-05
2025-07-11 12:52:00+00:00,622.74,622.69,622.71,10,760,622.6902597402598,1.496587648220254e-08,9.721959536235225e-05
2025-07-11 12:53:00+00:00,622.78,622.76,622.79,760,512,622.7779245283019,4.370084191576605e-08,-0.00012127113786397636
2025-07-11 12:54:00+00:00,622.71,622.69,622.73,270,601,622.7023995407578,1.1084272928140047e-08,-1.4616597854288926e-06
2025-07-11 12:55:00+00:00,622.71,622.69,622.73,270,670,622.7014893617021,2.5756071886750473e-08,-0.00010536696931129352
2025-07-11 12:56:00+00:00,622.61,622.59,622.63,1590,590,622.6191743119266,2.087319320241414e-08,5.319771672462892e-05
2025-07-11 12:57:00+00:00,622.66,622.64,622.68,690,1110,622.6553333333334,2.7667556206148216e-08,4.5461862253848295e-05
2025-07-11 12:58:00+00:00,622.69,622.69,622.73,390,590,622.705918367347,2.3502854974144282e-08,-7.411923190425718e-06
2025-07-11 12:59:00+00:00,622.67,622.67,622.68,590,4,622.6799326599325,3.773995431977429e-08,-0.00011323636442095442
2025-07-11 13:00:00+00:00,622.63,622.62,622.64,82,170,622.626507936508,7.801828513611627e-08,0.00012517773318609926
2025-07-11 13:01:00+00:00,622.72,622.7,622.72,3,600,622.7000995024875,4.13378853862886e-08,-0.00043346910677088957
2025-07-11 13:02:00+00:00,622.43,622.41,622.45,1390,190,622.4451898734178,5.3347628981728076e-08,0.0004335169346514345
2025-07-11 13:03:00+00:00,622.73,622.68,622.73,1000,1396,622.7008681135225,3.6963684168138056e-08,4.812581849300557e-05
2025-07-11 13:04:00+00:00,622.75,622.71,622.75,1000,1000,622.73,2.7013443868348436e-08,-3.2778846585257426e-05
2025-07-11 13:05:00+00:00,622.71,622.69,622.71,190,4,622.709587628866,3.0768496084850004e-08,-0.00022220066131695138
2025-07-11 13:06:00+00:00,622.59,622.58,622.6,570,73,622.5977293934682,2.563798137378119e-08,5.266454132590859e-05
2025-07-11 13:07:00+00:00,622.6,622.57,622.62,560,373,622.6000107181137,1.8031312180411488e-08,-5.6320686306454704e-05
2025-07-11 13:08:00+00:00,622.56,622.53,622.58,560,768,622.5510843373495,2.5963752033731724e-08,-1.9307118739653184e-05
2025-07-11 13:09:00+00:00,622.57,622.55,622.57,90,170,622.556923076923,1.6960367790846935e-08,-3.5214574138353605e-05
2025-07-11 13:10:00+00:00,622.52,622.54,622.57,570,170,622.5631081081082,1.0539031893678383e-07,-0.00028569822236035325
2025-07-11 13:11:00+00:00,622.37,622.4,622.43,1170,75,622.4281927710844,7.677249268104572e-08,0.0004916828024863484
2025-07-11 13:12:00+00:00,622.71,622.65,622.69,670,270,622.6785106382979,4.126724301842317e-08,-0.00033434023252876255
2025-07-11 13:13:00+00:00,622.48,622.43,622.48,690,692,622.4549638205499,3.405767194335969e-08,3.798178190383972e-05
2025-07-11 13:14:00+00:00,622.46,622.45,622.49,1190,690,622.4753191489363,3.514082653264082e-08,8.131509596842612e-05
2025-07-11 13:15:00+00:00,622.47,622.52,622.55,1000,11,622.5496735905044,3.685388517209296e-08,-8.157878368952876e-05
2025-07-11 13:16:00+00:00,622.43,622.45,622.49,890,590,622.474054054054,2.9617666486757757e-08,-1.3972592777466986e-05
2025-07-11 13:17:00+00:00,622.45,622.45,622.47,590,17,622.4694398682043,9.832740468500222e-08,-0.00015212928106556056
2025-07-11 13:18:00+00:00,622.41,622.36,622.39,71,470,622.3639371534197,3.394795710234974e-08,-0.0001410884748107577
2025-07-11 13:19:00+00:00,622.27,622.28,622.32,170,770,622.2872340425532,2.3406183811315987e-08,-5.114782275217333e-05
2025-07-11 13:20:00+00:00,622.26,622.25,622.27,194,770,622.2540248962656,2.227309616933709e-08,0.00015885207623700381
2025-07-11 13:21:00+00:00,622.36,622.33,622.37,1078,700,622.3542519685038,2.3563867378014872e-08,-0.00021017071974116508
2025-07-11 13:22:00+00:00,622.21,622.22,622.25,78,1500,622.2214828897338,2.5054028865910065e-08,0.00012756365880783882
2025-07-11 13:23:00+00:00,622.31,622.29,622.32,348,600,622.3010126582278,1.6718235770152137e-08,0.00012492569084243677
2025-07-11 13:24:00+00:00,622.36,622.36,622.39,53,100,622.3703921568627,2.9467950985115263e-08,0.00012991041135057557
2025-07-11 13:25:00+00:00,622.47,622.43,622.47,200,100,622.4566666666667,4.721461796113142e-08,0.00021543285624958664
2025-07-11 13:26:00+00:00,622.62,622.58,622.62,348,549,622.5955183946489,2.053839357631975e-08,-0.0002741086934373582
2025-07-11 13:27:00+00:00,622.43,622.42,622.46,773,100,622.4554180985108,3.288555914059647e-08,0.00020747958160183266
2025-07-11 13:28:00+00:00,622.51,622.51,622.56,725,100,622.5539393939393,6.069330707997867e-08,9.454142589593317e-05
2025-07-11 13:29:00+00:00,622.62,622.62,622.64,1200,900,622.6314285714286,1.0429021009084562e-07,0.00020019319503750133
2025-07-11 13:30:00+00:00,622.74,622.69,622.74,500,9852,622.6924149922721,2.3150493394127413e-07,0.0007400121774157054
2025-07-11 13:31:00+00:00,623.19,623.19,623.21,400,600,623.198,1.6049116080754295e-07,-0.00047269595821575194
2025-07-11 13:32:00+00:00,622.87,622.87,622.88,200,500,622.8728571428571,1.5552061146032326e-07,-0.00013043748733243543
2025-07-11 13:33:00+00:00,622.82,622.81,622.82,200,1000,622.8116666666666,1.0584114402790122e-07,-0.00027550531506315146
2025-07-11 13:34:00+00:00,622.65,622.64,622.65,100,400,622.642,8.263556063865128e-08,-8.04234874544063e-05
2025-07-11 13:35:00+00:00,622.63,622.63,622.64,900,125,622.6387804878049,1.1921809604097687e-07,-9.061674165822264e-05
2025-07-11 13:36:00+00:00,622.53,622.53,622.54,670,270,622.5371276595745,1.1216773568309421e-07,0.00021549651850816254
2025-07-11 13:37:00+00:00,622.655,622.66,622.67,400,700,622.6636363636363,8.461593886500133e-08,-0.0006096072838550626
2025-07-11 13:38:00+00:00,622.31,622.3,622.31,771,270,622.3074063400577,7.765676197080243e-08,-0.00017760031858771175
2025-07-11 13:39:00+00:00,622.17,622.17,622.18,300,500,622.17375,6.902056550965189e-08,0.00014049706788932248
2025-07-11 13:40:00+00:00,622.27,622.26,622.27,570,370,622.2660638297872,9.991686355288919e-08,-0.0004293872457354908
2025-07-11 13:41:00+00:00,622.0,622.0,622.01,370,400,622.0048051948052,9.087958553321876e-08,0.00016836245727813726
2025-07-11 13:42:00+00:00,622.12,622.12,622.13,605,320,622.1265405405406,9.870846420695555e-08,-0.00024204058319399202
2025-07-11 13:43:00+00:00,621.96,621.95,621.96,200,460,621.9530303030303,7.931015507850902e-08,-0.00027874586381337885
2025-07-11 13:44:00+00:00,621.78,621.78,621.79,790,300,621.787247706422,6.259085937371018e-08,3.699402492740589e-05
2025-07-11 13:45:00+00:00,621.82,621.82,621.83,800,160,621.8283333333334,1.8560026179781047e-07,-2.8077623952849073e-05
2025-07-11 13:46:00+00:00,621.8,621.78,621.79,160,450,621.7826229508197,1.0609012928825692e-07,-1.296973460407358e-06
2025-07-11 13:47:00+00:00,621.785,621.79,621.8,150,460,621.7924590163934,1.2119073742517588e-07,0.0002468809710807207
2025-07-11 13:48:00+00:00,621.95,621.95,621.96,270,1380,621.9516363636365,1.7695988716168337e-07,0.0008295044843265043
2025-07-11 13:49:00+00:00,622.45,622.44,622.45,360,260,622.445806451613,1.1450220221173581e-07,0.00024670165322304705
2025-07-11 13:50:00+00:00,622.62,622.61,622.62,260,460,622.6136111111111,1.1379552592410566e-07,0.00022147570912700587
2025-07-11 13:51:00+00:00,622.76,622.75,622.76,160,660,622.7519512195122,1.171608305083581e-07,-0.0002606399821922789
2025-07-11 13:52:00+00:00,622.63,622.62,622.64,660,1160,622.6272527472527,7.885751153017783e-08,0.00019411965079818572
2025-07-11 13:53:00+00:00,622.72,622.69,622.7,560,160,622.6977777777778,7.356982286468295e-08,-0.00021116401929932582
2025-07-11 13:54:00+00:00,622.6,622.6,622.61,360,530,622.6040449438202,5.6736931543665776e-08,8.67033954292662e-05
2025-07-11 13:55:00+00:00,622.63,622.62,622.63,260,400,622.6239393939394,9.988829671933735e-08,0.0004808911423492823
2025-07-11 13:56:00+00:00,622.95,622.96,622.97,160,660,622.9619512195122,7.393472977632849e-08,0.00022561953715394267
2025-07-11 13:57:00+00:00,623.08,623.08,623.09,400,500,623.0844444444444,1.6910689640724884e-07,-8.284469705610586e-05
2025-07-11 13:58:00+00:00,623.04,623.04,623.05,400,600,623.044,5.218542429586737e-08,0.00020355294845231242
2025-07-11 13:59:00+00:00,623.15,623.15,623.16,600,300,623.1566666666666,3.955368540284353e-08,0.00011988049208877527
2025-07-11 14:00:00+00:00,623.23,623.23,623.24,270,570,623.2332142857143,9.613765661796161e-08,-1.759648618648857e-05
2025-07-11 14:01:00+00:00,623.2,623.21,623.22,800,500,623.2161538461538,1.1992862872113967e-07,-0.00013205970219221097
2025-07-11 14:02:00+00:00,623.12,623.12,623.13,270,870,623.1223684210527,5.167848551741447e-08,-3.531184980332114e-05
2025-07-11 14:03:00+00:00,623.11,623.09,623.1,670,170,623.0979761904762,5.0456856795515404e-08,0.0001504045780806873
2025-07-11 14:04:00+00:00,623.23,623.23,623.24,273,270,623.2350276243094,3.592498013087288e-08,2.119032182812397e-05
2025-07-11 14:05:00+00:00,623.21,623.21,623.22,160,575,623.2121768707483,6.440535121101489e-08,0.0001823134002194582
2025-07-11 14:06:00+00:00,623.32,623.32,623.33,970,200,623.3282905982907,5.866229617052546e-08,-0.00017160881828393038
2025-07-11 14:07:00+00:00,623.23,623.23,623.24,360,570,623.233870967742,6.415614044658237e-08,0.0004124253924659982
2025-07-11 14:08:00+00:00,623.48,623.48,623.49,734,400,623.4864726631394,3.869389078241757e-08,-0.000377355829704884
2025-07-11 14:09:00+00:00,623.245,623.24,623.25,162,470,623.2425632911393,5.252948396208203e-08,-0.00017814801469495656
2025-07-11 14:10:00+00:00,623.13,623.12,623.13,1207,270,623.1281719702099,6.980717169750153e-08,0.00025899506349191803
2025-07-11 14:11:00+00:00,623.29,623.28,623.29,100,300,623.2825,4.170747730785866e-08,-6.876259495203207e-05
2025-07-11 14:12:00+00:00,623.26,623.26,623.27,360,160,623.266923076923,5.0688097068929025e-08,2.3427752379623357e-05
2025-07-11 14:13:00+00:00,623.27,623.28,623.29,360,560,623.2839130434783,5.872683783914656e-08,0.00023938090162411996
2025-07-11 14:14:00+00:00,623.42,623.41,623.42,171,370,623.4131608133087,5.655042387729968e-08,0.0002734098677135144
2025-07-11 14:15:00+00:00,623.59,623.58,623.6,560,1200,623.5863636363637,4.8693702147671674e-08,-9.76771996965553e-05
2025-07-11 14:16:00+00:00,623.51,623.5,623.51,670,170,623.5079761904763,6.325466625396947e-08,0.0002542853946057022
2025-07-11 14:17:00+00:00,623.715,623.7,623.71,600,170,623.7077922077922,5.103768927979269e-08,9.716815326799022e-06
2025-07-11 14:18:00+00:00,623.69,623.66,623.67,207,700,623.662282249173,3.746397274312705e-08,-0.00013640445377050003
2025-07-11 14:19:00+00:00,623.59,623.61,623.62,300,1126,623.6121037868163,3.033528832999548e-08,0.00018478923311460171
2025-07-11 14:20:00+00:00,623.73,623.73,623.74,400,1100,623.7326666666667,5.590233977969203e-08,0.00014479389745947202
2025-07-11 14:21:00+00:00,623.8,623.79,623.8,500,500,623.795,4.185010921326058e-08,0.00010017509451842876
2025-07-11 14:22:00+00:00,623.86,623.86,623.87,839,300,623.8673661106233,4.969519145929037e-08,0.00024639384130997755
2025-07-11 14:23:00+00:00,624.03,624.02,624.03,100,1102,624.0208319467555,3.145924544847171e-08,1.4249919085163043e-05
2025-07-11 14:24:00+00:00,624.04,624.03,624.04,170,541,624.0323909985935,2.5557766725873673e-08,7.439084636429172e-05
2025-07-11 14:25:00+00:00,624.07,624.06,624.07,500,200,624.0671428571428,2.7412558163603597e-08,3.791895971883008e-05
2025-07-11 14:26:00+00:00,624.12,624.11,624.12,300,436,624.1140760869565,4.38141157685494e-08,4.026531408496403e-05
2025-07-11 14:27:00+00:00,624.13,624.13,624.14,336,800,624.132957746479,1.4029239421120445e-08,-4.770259218078721e-05
2025-07-11 14:28:00+00:00,624.1,624.09,624.11,1750,700,624.1042857142858,2.061576833107033e-08,4.952566430871386e-05
2025-07-11 14:29:00+00:00,624.13,624.12,624.14,600,1800,624.125,2.8231333304153352e-08,-0.00018882747444204373
2025-07-11 14:30:00+00:00,624.01,624.0,624.01,400,300,624.0057142857142,7.091514455365449e-08,3.325813359089658e-05
2025-07-11 14:31:00+00:00,624.04,624.04,624.05,1200,400,624.0475,4.301915535012177e-08,0.00015227348741619906
2025-07-11 14:32:00+00:00,624.15,624.15,624.16,600,400,624.156,3.0928071604067486e-08,-3.2578613262002065e-05
2025-07-11 14:33:00+00:00,624.1,624.09,624.1,700,100,624.09875,2.2721198825284307e-08,0.00019910425852875946
2025-07-11 14:34:00+00:00,624.21,624.2,624.22,500,1910,624.2041493775934,3.202199617183803e-08,1.6170161409201356e-05
2025-07-11 14:35:00+00:00,624.235,624.25,624.26,300,1535,624.2516348773842,2.9768010098660878e-08,7.578674517660922e-05
2025-07-11 14:36:00+00:00,624.29,624.28,624.29,300,400,624.2842857142857,3.8025772279607944e-08,8.543001733163358e-05
2025-07-11 14:37:00+00:00,624.36,624.35,624.36,1100,900,624.3555,1.8430754336050537e-08,-0.0001473541914258636
2025-07-11 14:38:00+00:00,624.26,624.26,624.27,500,1405,624.2626246719159,3.216195223279995e-08,-0.00027392695921857335
2025-07-11 14:39:00+00:00,624.07,624.07,624.08,600,300,624.0766666666667,3.428960091761936e-08,-3.124584390212792e-05
2025-07-11 14:40:00+00:00,624.075,624.06,624.07,500,1400,624.0626315789474,5.473579265491804e-08,-0.000188282121931449
2025-07-11 14:41:00+00:00,623.94,623.94,623.95,100,400,623.9420000000001,5.442825194440038e-08,-0.0002411177320544855
2025-07-11 14:42:00+00:00,623.77,623.77,623.78,900,100,623.779,3.9008782473897555e-08,0.0001089681636936568
2025-07-11 14:43:00+00:00,623.87,623.86,623.87,500,300,623.86625,1.8128878388783438e-08,2.2862044910754165e-05
2025-07-11 14:44:00+00:00,623.885,623.87,623.88,600,300,623.8766666666667,3.6761563320972096e-08,0.00017348846027531728
2025-07-11 14:45:00+00:00,623.97,623.97,623.98,600,400,623.976,4.1245346174278095e-08,-0.00013466295977471177
2025-07-11 14:46:00+00:00,623.9,623.9,623.91,400,600,623.904,5.5284759567040014e-08,-0.00039268987757690166
2025-07-11 14:47:00+00:00,623.67,623.68,623.69,200,610,623.6824691358024,5.874046889664684e-08,-0.00016836177578405387
2025-07-11 14:48:00+00:00,623.56,623.54,623.55,1500,430,623.5477720207253,4.565226701004118e-08,0.00026045487599568595
2025-07-11 14:49:00+00:00,623.7,623.7,623.71,488,600,623.7044852941176,3.461780793326733e-08,0.00011235454126401478
2025-07-11 14:50:00+00:00,623.8,623.79,623.8,500,232,623.7968306010929,3.8957939378529e-08,0.00017316188168359226
2025-07-11 14:51:00+00:00,623.89,623.88,623.89,200,400,623.8833333333333,4.501296580770317e-08,-0.00017011963380941797
2025-07-11 14:52:00+00:00,623.79,623.78,623.79,400,400,623.785,4.495732482950209e-08,-0.00037001142420389765
2025-07-11 14:53:00+00:00,623.56,623.54,623.55,200,600,623.5425,8.139386886847224e-08,-0.0002130175597747641
2025-07-11 14:54:00+00:00,623.41,623.39,623.4,798,400,623.3966611018363,5.736249876247985e-08,9.891586829602339e-05
2025-07-11 14:55:00+00:00,623.49,623.48,623.49,302,600,623.4833481152993,4.593249637641773e-08,0.00024357469258085018
2025-07-11 14:56:00+00:00,623.62,623.62,623.64,1600,800,623.6333333333333,4.8612403012757817e-08,0.00017035781016661034
2025-07-11 14:57:00+00:00,623.72,623.73,623.74,500,1300,623.7327777777778,5.4759511168146206e-08,-0.00011434771466090066
2025-07-11 14:58:00+00:00,623.68,623.67,623.68,800,1400,623.6736363636363,3.435747090369236e-08,0.00035089030342150274
2025-07-11 14:59:00+00:00,623.87,623.86,623.87,600,100,623.8685714285714,1.648195155786497e-08,-3.79121350568834e-05
2025-07-11 15:00:00+00:00,623.86,623.85,623.86,500,400,623.8555555555556,5.825336082902361e-08,-0.00026987131568101397
2025-07-11 15:01:00+00:00,623.71,623.7,623.71,200,2200,623.7008333333333,6.252303052846873e-08,0.0001772836029156899
2025-07-11 15:02:00+00:00,623.815,623.8,623.81,700,300,623.807,4.921351008407293e-08,7.782157513580579e-05
2025-07-11 15:03:00+00:00,623.865,623.86,623.87,300,635,623.8632085561499,2.379684134766475e-08,-0.00018664991143946263
2025-07-11 15:04:00+00:00,623.73,623.71,623.72,600,400,623.716,2.410072642407205e-08,-4.1121565316881714e-05
2025-07-11 15:05:00+00:00,623.71,623.7,623.71,500,1300,623.7027777777778,5.308241112784814e-08,-0.00010826278493847319
2025-07-11 15:06:00+00:00,623.63,623.62,623.63,200,800,623.622,5.778374324717451e-08,-0.0002458731871750608
2025-07-11 15:07:00+00:00,623.5,623.49,623.5,399,200,623.4966611018364,4.699944869552559e-08,-5.158316383968575e-05
2025-07-11 15:08:00+00:00,623.48,623.44,623.45,600,600,623.445,3.126156792114983e-08,-6.769738406431358e-05
2025-07-11 15:09:00+00:00,623.4,623.39,623.4,705,227,623.3975643776824,3.3240751223822325e-08,0.00012063580155374787
2025-07-11 15:10:00+00:00,623.49,623.49,623.5,755,400,623.4965367965368,3.8962130167988144e-08,-0.0002365696597407263
2025-07-11 15:11:00+00:00,623.35,623.34,623.35,500,300,623.34625,3.898366056814701e-08,0.0003128271148917783
2025-07-11 15:12:00+00:00,623.53,623.53,623.54,507,300,623.536282527881,3.7229132129973326e-08,-0.0003047964121445368
2025-07-11 15:13:00+00:00,623.295,623.29,623.3,401,500,623.2944506104329,4.978270512055827e-08,-9.647638540932757e-05
2025-07-11 15:14:00+00:00,623.29,623.28,623.29,524,600,623.2846619217081,1.2739316454309558e-07,-0.0006173791775681003
2025-07-11 15:15:00+00:00,622.83,622.82,622.83,5275,500,622.8291341991342,1.1599222276100461e-07,0.0003063590233434166
2025-07-11 15:16:00+00:00,623.11,623.08,623.09,900,1400,623.0839130434782,9.387669527611248e-08,-7.022270146461729e-05
2025-07-11 15:17:00+00:00,623.04,623.02,623.03,700,340,623.0267307692308,4.9759872802414483e-08,-0.00017147413859797123
2025-07-11 15:18:00+00:00,622.95,622.94,622.95,400,284,622.9458479532165,4.6011779421458946e-08,9.013428769155674e-05
2025-07-11 15:19:00+00:00,623.01,623.0,623.01,1000,300,623.0076923076923,4.343718948596358e-08,0.0003352319959204486
2025-07-11 15:20:00+00:00,623.22,623.21,623.23,802,579,623.2216147719045,2.6430269353661033e-08,0.0004828222440187435
2025-07-11 15:21:00+00:00,623.52,623.52,623.53,1400,400,623.5277777777778,3.842842543143001e-08,0.0003386430684511055
2025-07-11 15:22:00+00:00,623.72,623.72,623.73,200,715,623.7221857923498,3.7539595577768145e-08,-0.00022675672465732877
2025-07-11 15:23:00+00:00,623.59,623.59,623.6,1539,400,623.5979370809695,5.171581335982827e-08,-0.0002715569397770956
2025-07-11 15:24:00+00:00,623.41,623.4,623.41,270,670,623.4028723404255,2.8963269186744466e-08,-0.00010587683978091622
2025-07-11 15:25:00+00:00,623.34,623.33,623.34,700,470,623.335982905983,9.177138537783075e-08,-0.000209372590434298
2025-07-11 15:26:00+00:00,623.22,623.21,623.22,500,500,623.215,7.451282914896676e-08,-0.00014789414586946492
2025-07-11 15:27:00+00:00,623.125,623.12,623.13,400,400,623.125,7.35420305985222e-08,7.380772563503335e-05
2025-07-11 15:28:00+00:00,623.18,623.17,623.18,270,670,623.1728723404256,4.438252288918157e-08,0.00043860646243709667
2025-07-11 15:29:00+00:00,623.44,623.43,623.44,470,470,623.4350000000001,4.718051372751067e-08,-9.459452981086525e-05
2025-07-11 15:30:00+00:00,623.385,623.39,623.4,500,401,623.3955493895671,3.683300247995077e-08,0.0002556216454503435
2025-07-11 15:31:00+00:00,623.535,623.53,623.55,700,1400,623.5366666666666,4.835359945966937e-08,5.3744242196396286e-05
2025-07-11 15:32:00+00:00,623.59,623.59,623.6,300,1100,623.5921428571429,3.953571215630805e-08,1.2256052590364774e-05
2025-07-11 15:33:00+00:00,623.59,623.58,623.6,800,670,623.5908843537416,2.987496722943198e-08,-4.5682361095478186e-05
2025-07-11 15:34:00+00:00,623.56,623.56,623.57,570,371,623.5660573857599,3.493258855688655e-08,0.0002731963239661628
2025-07-11 15:35:00+00:00,623.725,623.72,623.73,500,264,623.7265445026178,3.358088135832594e-08,0.00023114081149899768
2025-07-11 15:36:00+00:00,623.86,623.85,623.86,900,300,623.8575,1.2872176019647893e-08,-2.2797898960424945e-05
2025-07-11 15:37:00+00:00,623.85,623.85,623.86,339,601,623.8536063829787,3.6242100827640545e-08,2.125161844168666e-05
2025-07-11 15:38:00+00:00,623.89,623.88,623.89,200,900,623.8818181818182,1.4493843539387745e-08,0.00019976428306711647
2025-07-11 15:39:00+00:00,623.99,623.99,624.0,500,605,623.9945248868778,1.5353732926125546e-08,0.0001150307131392303
2025-07-11 15:40:00+00:00,624.08,624.08,624.09,146,812,624.0815240083507,2.6902689021619404e-08,0.00020912377102688673
2025-07-11 15:41:00+00:00,624.19,624.19,624.2,200,660,624.1923255813954,2.1037104248460825e-08,0.00015196173552700643
2025-07-11 15:42:00+00:00,624.34,624.34,624.35,300,469,624.3439011703512,9.929348717742441e-08,0.0003562158030139262
2025-07-11 15:43:00+00:00,624.53,624.53,624.54,800,701,624.5353297801466,4.430169616450281e-08,-4.636912450295405e-05
2025-07-11 15:44:00+00:00,624.485,624.48,624.5,770,572,624.4914754098361,3.624910359643652e-08,-0.00011707055494891705
2025-07-11 15:45:00+00:00,624.405,624.4,624.41,1100,800,624.4057894736842,4.528363987709842e-08,-7.667803572219967e-05
2025-07-11 15:46:00+00:00,624.38,624.38,624.39,200,1700,624.381052631579,4.5672641076157926e-08,-0.00028761577240499214
2025-07-11 15:47:00+00:00,624.2,624.22,624.23,700,505,624.2258091286308,4.520787564683906e-08,-0.00022770011013639735
2025-07-11 15:48:00+00:00,624.03,624.02,624.03,228,935,624.0219604471195,3.3281968875097984e-08,0.00023035243923197335
2025-07-11 15:49:00+00:00,624.2,624.19,624.2,800,366,624.1968610634649,3.670628879251513e-08,-0.00027856249554292223
2025-07-11 15:50:00+00:00,623.99,624.0,624.01,400,1100,624.0026666666666,4.7660425763440044e-08,-0.0001856129221178282
2025-07-11 15:51:00+00:00,623.91,623.91,623.92,200,2000,623.9109090909091,4.0139156806059876e-08,-4.812006423293713e-05
2025-07-11 15:52:00+00:00,623.87,623.86,623.87,1100,400,623.8673333333334,4.8871562734009776e-08,-3.9887966971963174e-05
2025-07-11 15:53:00+00:00,623.85,623.85,623.86,500,1003,623.8533266799734,6.516738931424733e-08,-0.0003802591445196679
2025-07-11 15:54:00+00:00,623.6,623.6,623.61,300,900,623.6025,6.13983956860315e-08,0.00027461597804023796
2025-07-11 15:55:00+00:00,623.75,623.77,623.78,900,401,623.7769177555726,4.1225099928836764e-08,8.49525704338383e-06
2025-07-11 15:56:00+00:00,623.8,623.8,623.81,500,400,623.8055555555555,4.787603903686432e-08,-0.00044422347909955917
2025-07-11 15:57:00+00:00,623.47,623.46,623.47,601,635,623.464862459547,5.453789375376472e-08,0.0004496717979798337
2025-07-11 15:58:00+00:00,623.78,623.78,623.79,360,381,623.784858299595,3.206631832233083e-08,-0.0001506037887109013
2025-07-11 15:59:00+00:00,623.69,623.69,623.7,400,1500,623.692105263158,3.912634936752969e-08,0.00013516119953127514
2025-07-11 16:00:00+00:00,623.78,623.77,623.78,405,710,623.7736322869955,7.029768566993909e-08,0.00043238830485980984
2025-07-11 16:01:00+00:00,624.05,624.04,624.06,1334,897,624.0519587628866,3.731166407540759e-08,-0.00010292625321162152
2025-07-11 16:02:00+00:00,623.98,623.96,623.97,1600,300,623.9684210526316,7.408140490743371e-08,-0.0006070839642989823
2025-07-11 16:03:00+00:00,623.59,623.58,623.59,175,534,623.5824682651622,1.2207895345363186e-07,-3.815718979482963e-05
2025-07-11 16:04:00+00:00,623.53,623.53,623.54,370,570,623.5339361702127,9.203909106676768e-08,-0.00027240460203381556
2025-07-11 16:05:00+00:00,623.41,623.41,623.42,260,670,623.4127956989246,8.928821209726539e-08,-1.8382462743438133e-05
2025-07-11 16:06:00+00:00,623.4,623.41,623.42,670,470,623.4158771929824,8.749323928121844e-08,7.348513047666927e-05
2025-07-11 16:07:00+00:00,623.44,623.44,623.45,660,270,623.4470967741936,6.835007444823257e-08,-0.00027037267175977764
2025-07-11 16:08:00+00:00,623.28,623.28,623.29,200,1739,623.2810314595151,4.440872127703283e-08,5.7842793771412104e-05
2025-07-11 16:09:00+00:00,623.31,623.28,623.29,179,460,623.2828012519561,3.570224316960922e-08,9.942956665076608e-05
2025-07-11 16:10:00+00:00,623.37,623.36,623.38,970,760,623.3712138728323,6.140203431877418e-08,-0.00011309818588256526
2025-07-11 16:11:00+00:00,623.31,623.31,623.32,570,160,623.3178082191781,5.776339423997709e-08,5.9390106893708605e-05
2025-07-11 16:12:00+00:00,623.36,623.36,623.37,460,360,623.3656097560976,5.4694962229294984e-08,-8.470602237853342e-06
2025-07-11 16:13:00+00:00,623.34,623.32,623.33,970,270,623.3278225806453,3.361931269675728e-08,-0.00016801214608619386
2025-07-11 16:14:00+00:00,623.23,623.23,623.24,260,374,623.2341009463723,3.1417755389576686e-08,0.0003486977269011593
2025-07-11 16:15:00+00:00,623.45,623.46,623.47,603,161,623.4678926701571,3.8033902245880896e-08,0.0003361646560868792
2025-07-11 16:16:00+00:00,623.68,623.68,623.69,271,205,623.685693277311,3.721344641435964e-08,0.00036361416344399267
2025-07-11 16:17:00+00:00,623.895,623.88,623.89,700,500,623.8858333333334,4.119491315020787e-08,-0.00017264171543396323
2025-07-11 16:18:00+00:00,623.77,623.78,623.79,570,670,623.7845967741935,3.699196371088219e-08,-0.00014184962266361456
2025-07-11 16:19:00+00:00,623.69,623.68,623.69,500,600,623.6845454545454,4.3898826797448385e-08,-0.00036693772513973766
2025-07-11 16:20:00+00:00,623.47,623.46,623.47,470,499,623.4648503611971,3.276762100345937e-08,0.00016746878478213212
2025-07-11 16:21:00+00:00,623.58,623.58,623.59,200,700,623.5822222222222,2.8833284746244304e-08,0.0002815915867451224
2025-07-11 16:22:00+00:00,623.74,623.74,623.75,260,600,623.7430232558139,2.9235431254174777e-08,0.00031709255396772384
2025-07-11 16:23:00+00:00,623.93,623.92,623.94,800,809,623.9299440646364,1.7809729372101334e-08,-0.00015868785831107957
2025-07-11 16:24:00+00:00,623.84,623.83,623.84,600,400,623.836,1.838885579495648e-08,-1.603213435596995e-05
2025-07-11 16:25:00+00:00,623.83,623.82,623.83,622,170,623.8278535353536,2.672082816756191e-08,0.00015509286971848724
2025-07-11 16:26:00+00:00,623.91,623.92,623.93,300,712,623.9229644268773,3.168903550459595e-08,-0.00017238842386857467
2025-07-11 16:27:00+00:00,623.82,623.81,623.82,200,670,623.8122988505746,3.0098302421890375e-08,6.628797774710371e-05
2025-07-11 16:28:00+00:00,623.85,623.85,623.86,670,270,623.8571276595744,1.8835183812918846e-08,-3.417642760827899e-05
2025-07-11 16:29:00+00:00,623.82,623.8,623.81,360,379,623.8048714479024,2.884495815733127e-08,0.00018220697084392334
2025-07-11 16:30:00+00:00,623.94,623.94,623.95,700,500,623.9458333333333,3.277154727877495e-08,4.157253258507687e-05
2025-07-11 16:31:00+00:00,623.98,623.97,623.98,808,470,623.9763223787168,3.849033878220412e-08,-0.00022600300872355206
2025-07-11 16:32:00+00:00,623.84,623.83,623.84,470,400,623.8354022988507,2.611989683361688e-08,-4.829345877999103e-05
2025-07-11 16:33:00+00:00,623.8,623.79,623.8,1570,470,623.7976960784313,3.4109327171605884e-08,-7.910390547150037e-05
2025-07-11 16:34:00+00:00,623.77,623.76,623.77,2300,200,623.7692,1.65399795713243e-08,0.000259427342427232
2025-07-11 16:35:00+00:00,623.94,623.94,623.95,300,1430,623.9417341040463,3.201074466484167e-08,2.0208939530697023e-06
2025-07-11 16:36:00+00:00,623.9,623.92,623.93,810,300,623.9272972972973,2.471643342275879e-08,-0.0002292465610876926
2025-07-11 16:37:00+00:00,623.77,623.76,623.77,300,2029,623.7612881064834,1.8175545089702338e-08,0.00020544066341843248
2025-07-11 16:38:00+00:00,623.9,623.9,623.91,400,1440,623.9021739130435,2.8587941272143135e-08,0.00019169004493280184
2025-07-11 16:39:00+00:00,624.025,624.02,624.03,300,1200,624.022,2.2319350382498842e-08,-7.9548280253805e-05
2025-07-11 16:40:00+00:00,623.975,623.95,623.96,300,900,623.9525,2.8319583709846744e-08,9.986143234730349e-05
2025-07-11 16:41:00+00:00,624.01,624.02,624.03,400,700,624.0236363636363,3.194066416065735e-08,-0.00016591631218032532
2025-07-11 16:42:00+00:00,623.97,623.93,623.94,140,422,623.9324911032028,2.438989716472865e-08,-0.00032671351316737596
2025-07-11 16:43:00+00:00,623.73,623.72,623.73,600,300,623.7266666666667,3.192660880622963e-08,-5.1641943789260125e-05
2025-07-11 16:44:00+00:00,623.69,623.69,623.7,1400,422,623.6976838638859,2.8858895483531286e-08,-0.00012370311191756134
2025-07-11 16:45:00+00:00,623.62,623.6,623.61,400,900,623.603076923077,5.7303445328881856e-08,0.0003638749368402028
2025-07-11 16:46:00+00:00,623.86,623.84,623.85,600,200,623.8475,2.1503000906532688e-08,-0.0001165327091793289
2025-07-11 16:47:00+00:00,623.76,623.75,623.76,600,400,623.756,2.9258763470350402e-08,-6.0189606564620135e-05
2025-07-11 16:48:00+00:00,623.75,623.73,623.74,540,200,623.7372972972972,2.9085319102428896e-08,3.117985891165631e-05
2025-07-11 16:49:00+00:00,623.76,623.75,623.76,700,700,623.755,3.6022858662466386e-08,0.00010794806113478828
2025-07-11 16:50:00+00:00,623.82,623.82,623.83,870,170,623.8283653846155,2.043604685884774e-08,0.00027333544346896943
2025-07-11 16:51:00+00:00,623.98,623.97,623.98,927,400,623.9769856819894,2.3363143063855512e-08,-6.1876182943843e-05
2025-07-11 16:52:00+00:00,623.95,623.95,623.96,400,701,623.9536330608537,2.146631421244392e-08,0.00014264512540029806
2025-07-11 16:53:00+00:00,624.05,624.04,624.05,200,1000,624.0416666666666,1.9559274648153358e-08,1.290396908371072e-05
2025-07-11 16:54:00+00:00,624.055,624.06,624.07,400,500,624.0644444444445,1.3651274993076461e-08,0.00017081264435714338
2025-07-11 16:55:00+00:00,624.17,624.18,624.19,300,816,624.182688172043,2.5067938679205108e-08,0.00023697076184503452
2025-07-11 16:56:00+00:00,624.3,624.3,624.31,1300,200,624.3086666666666,2.5822826192206125e-08,1.0601151037459289e-05
2025-07-11 16:57:00+00:00,624.31,624.32,624.33,600,473,624.3255917986953,2.572494491046086e-08,-7.556141785258763e-05
2025-07-11 16:58:00+00:00,624.27,624.26,624.27,732,100,624.2687980769231,2.2595052581699752e-08,0.0001415115896605812
2025-07-11 16:59:00+00:00,624.36,624.35,624.36,401,501,624.3544456762751,1.670034511272332e-08,-9.584163221720843e-06
2025-07-11 17:00:00+00:00,624.34,624.35,624.36,700,600,624.3553846153847,3.233855647605002e-08,-0.00019198638414796854
2025-07-11 17:01:00+00:00,624.2,624.2,624.21,600,301,624.2066592674805,5.5700955684581483e-08,0.00013710752515172508
2025-07-11 17:02:00+00:00,624.32,624.3,624.31,1500,210,624.3087719298246,1.55473054071722e-08,-9.422203648801197e-05
2025-07-11 17:03:00+00:00,624.23,624.23,624.24,300,510,624.2337037037037,2.7546112186030825e-08,0.00024885233175697685
2025-07-11 17:04:00+00:00,624.41,624.43,624.44,400,1202,624.4324968789014,1.976384067610475e-08,-5.0659887876891574e-05
2025-07-11 17:05:00+00:00,624.39,624.37,624.38,820,200,624.3780392156863,1.958387548877036e-08,-6.447130275200053e-07
2025-07-11 17:06:00+00:00,624.36,624.35,624.36,606,600,624.3550248756219,1.8398782581230354e-08,6.8333120952779325e-06
2025-07-11 17:07:00+00:00,624.38,624.37,624.38,501,400,624.3755604883463,2.5220843527989998e-08,0.00021950892889965878
2025-07-11 17:08:00+00:00,624.52,624.51,624.52,800,400,624.5166666666667,2.580139259277932e-08,3.581660564044853e-05
2025-07-11 17:09:00+00:00,624.54,624.53,624.54,1400,600,624.537,8.067612262163692e-09,-0.00013213436009495982
2025-07-11 17:10:00+00:00,624.46,624.45,624.46,400,1220,624.4524691358025,2.704880884298022e-08,-0.00011460472317115222
2025-07-11 17:11:00+00:00,624.4,624.4,624.41,2400,230,624.4091254752851,1.625038372590813e-08,-2.0352631912357033e-05
2025-07-11 17:12:00+00:00,624.38,624.37,624.38,383,400,624.3748914431674,1.5235441298199007e-08,6.956547046876871e-05
2025-07-11 17:13:00+00:00,624.41,624.41,624.42,1400,500,624.4173684210526,1.4334063531518273e-08,-4.685632438494736e-06
2025-07-11 17:14:00+00:00,624.42,624.42,624.43,300,410,624.4242253521126,1.3884235841326236e-08,-2.6593099439198298e-06
2025-07-11 17:15:00+00:00,624.39,624.39,624.4,600,600,624.395,2.240426585559844e-08,-3.2960794009495586e-05
2025-07-11 17:16:00+00:00,624.39,624.39,624.4,300,546,624.3935460992907,1.243464325208242e-08,2.4460129988135293e-05
2025-07-11 17:17:00+00:00,624.4,624.41,624.42,300,876,624.412551020408,1.7482229686332908e-08,-6.585188014829324e-05
2025-07-11 17:18:00+00:00,624.37,624.37,624.38,314,1650,624.3715987780041,1.76964737748234e-08,6.709255702275208e-05
2025-07-11 17:19:00+00:00,624.415,624.41,624.42,600,650,624.4148,1.571475929501409e-08,0.00016704600886696674
2025-07-11 17:20:00+00:00,624.515,624.51,624.52,400,800,624.5133333333333,2.3069552842020094e-08,-5.150866067737958e-05
2025-07-11 17:21:00+00:00,624.49,624.48,624.49,410,800,624.483388429752,1.769429455242726e-08,7.861074434178938e-05
2025-07-11 17:22:00+00:00,624.53,624.53,624.54,400,1000,624.5328571428571,2.3567549685705955e-08,-4.1841909990680826e-05
2025-07-11 17:23:00+00:00,624.5,624.5,624.51,200,1000,624.5016666666667,1.7106121793417694e-08,-8.217635620288988e-05
2025-07-11 17:24:00+00:00,624.45,624.45,624.46,500,702,624.454159733777,1.6989180819899304e-08,-0.00024161414691492578
2025-07-11 17:25:00+00:00,624.28,624.28,624.29,348,1000,624.2825816023739,4.684183739482767e-08,0.0002155649363939638
2025-07-11 17:26:00+00:00,624.43,624.43,624.44,1100,600,624.4364705882352,1.4615608215373363e-08,-1.1851397925588536e-05
2025-07-11 17:27:00+00:00,624.43,624.42,624.44,1800,800,624.4338461538462,1.068266207059688e-08,-1.0168584501757394e-05
2025-07-11 17:28:00+00:00,624.42,624.41,624.42,2600,100,624.4196296296296,2.7544547817838832e-08,0.00016839088729736496
2025-07-11 17:29:00+00:00,624.53,624.52,624.53,600,200,624.5275,9.718184131408897e-09,-0.00011289204251030416
2025-07-11 17:30:00+00:00,624.44,624.44,624.45,1400,200,624.44875,2.1275867898073444e-08,0.00015327598828696054
2025-07-11 17:31:00+00:00,624.55,624.54,624.55,300,700,624.543,2.2555244622701166e-08,-0.0002863763103660988
2025-07-11 17:32:00+00:00,624.38,624.38,624.39,200,801,624.381998001998,1.7726287540509473e-08,8.06221828486553e-05
2025-07-11 17:33:00+00:00,624.42,624.41,624.42,1400,300,624.4182352941176,3.6449695266462335e-08,1.3060622865879168e-05
2025-07-11 17:34:00+00:00,624.44,624.44,624.45,600,700,624.4446153846154,1.4502402372880282e-08,-0.00010254089038552738
2025-07-11 17:35:00+00:00,624.42,624.42,624.43,500,651,624.4243440486533,2.731270244723225e-08,7.971477629875601e-05
2025-07-11 17:36:00+00:00,624.42,624.42,624.43,300,900,624.4225,2.983651968961448e-08,-7.100880101706952e-05
2025-07-11 17:37:00+00:00,624.38,624.37,624.38,500,500,624.375,5.7346342941106126e-08,-0.0003047208434675541
2025-07-11 17:38:00+00:00,624.18,624.18,624.19,200,835,624.1819323671497,6.369927056421399e-08,-0.0002982076952877666
2025-07-11 17:39:00+00:00,624.0,623.99,624.01,900,900,624.0,4.778163218503266e-08,-3.509629445619389e-05
2025-07-11 17:40:00+00:00,623.94,623.93,623.94,600,600,623.935,4.7782074066242835e-08,4.878332415625408e-05
2025-07-11 17:41:00+00:00,624.01,624.0,624.01,410,1170,624.0025949367089,2.997371357020383e-08,-9.417677547607362e-05
2025-07-11 17:42:00+00:00,623.94,623.93,623.94,700,500,623.9358333333333,3.162381162769338e-08,-0.0002267563645931281
2025-07-11 17:43:00+00:00,623.855,623.85,623.86,400,933,623.8530007501876,3.0500422826300986e-08,1.3247142233829834e-05
2025-07-11 17:44:00+00:00,623.815,623.81,623.82,387,535,623.8141973969631,2.2942240914573318e-08,0.00020590694213118432
2025-07-11 17:45:00+00:00,623.95,623.94,623.95,800,500,623.9461538461538,2.6110863512971634e-08,0.00026050689336631905
2025-07-11 17:46:00+00:00,624.11,624.11,624.12,301,605,624.1133222958057,2.2968520838242265e-08,-2.053405732105329e-05
2025-07-11 17:47:00+00:00,624.09,624.09,624.1,500,600,624.0945454545455,4.8430673242202054e-08,7.449357940503276e-06
2025-07-11 17:48:00+00:00,624.1,624.09,624.1,500,300,624.09625,2.565599846861447e-08,-3.985759422342472e-05
2025-07-11 17:49:00+00:00,624.07,624.08,624.09,400,705,624.0836199095023,1.692198471570832e-08,0.00016615054100577176
2025-07-11 17:50:00+00:00,624.17,624.16,624.18,1700,600,624.1747826086956,2.4908561539329006e-08,4.829318634880231e-05
2025-07-11 17:51:00+00:00,624.19,624.18,624.19,410,800,624.183388429752,3.49009949459618e-08,0.00011085172114877473
2025-07-11 17:52:00+00:00,624.28,624.27,624.28,1212,260,624.2782336956521,1.448351422185848e-08,0.0001069472386876491
2025-07-11 17:53:00+00:00,624.34,624.34,624.35,600,316,624.3465502183406,9.55435961715236e-09,1.1010879069850432e-05
2025-07-11 17:54:00+00:00,624.36,624.36,624.37,1500,300,624.3683333333333,1.2114667139446001e-08,-1.2911437345830556e-05
2025-07-11 17:55:00+00:00,624.345,624.34,624.35,288,1800,624.3413793103449,1.3695240595380233e-08,0.0001375407975581222
2025-07-11 17:56:00+00:00,624.43,624.42,624.43,800,345,624.4269868995632,1.4683482213081936e-08,0.00019828359904283666
2025-07-11 17:57:00+00:00,624.545,624.52,624.53,300,1757,624.5214584346135,1.580012580417279e-08,-0.0001063202982626299
2025-07-11 17:58:00+00:00,624.47,624.48,624.49,400,1748,624.481862197393,1.2146568224152517e-08,7.602237354609187e-05
2025-07-11 17:59:00+00:00,624.54,624.52,624.54,1104,1950,624.5272298624755,8.283127654420775e-09,-5.604598404040928e-05
2025-07-11 18:00:00+00:00,624.495,624.49,624.5,201,801,624.492005988024,2.7351618305321883e-08,0.0002843491487412031
2025-07-11 18:01:00+00:00,624.66,624.65,624.66,470,770,624.6537903225806,1.9001832889200212e-08,-0.00023575419914112494
2025-07-11 18:02:00+00:00,624.5,624.5,624.51,1335,1000,624.5057173447537,3.280141695212224e-08,-0.00010167019234763597
2025-07-11 18:03:00+00:00,624.45,624.44,624.46,690,1801,624.4455399437978,2.1725899166886167e-08,-4.190946969995224e-05
2025-07-11 18:04:00+00:00,624.465,624.46,624.47,1100,418,624.4672463768117,2.308399409178837e-08,-3.584767620223861e-05
2025-07-11 18:05:00+00:00,624.4,624.41,624.42,719,502,624.4158886158887,2.530019738979015e-08,-0.00010107928780056508
2025-07-11 18:06:00+00:00,624.35,624.34,624.35,270,800,624.3425233644859,1.902699432293378e-08,6.703566683130546e-05
2025-07-11 18:07:00+00:00,624.39,624.39,624.4,782,90,624.3989678899082,2.4102044321971408e-08,0.00019320603708861128
2025-07-11 18:08:00+00:00,624.51,624.51,624.52,700,400,624.5163636363636,2.547641427759583e-08,4.446268032731737e-05
2025-07-11 18:09:00+00:00,624.54,624.54,624.55,300,1300,624.541875,1.317479022071009e-08,-0.0002026711613248855
2025-07-11 18:10:00+00:00,624.41,624.41,624.42,300,551,624.4135252643947,2.94508146476658e-08,-0.0002680965715973205
2025-07-11 18:11:00+00:00,624.255,624.26,624.27,674,304,624.2668916155419,3.620956409463214e-08,0.000273170045166804
2025-07-11 18:12:00+00:00,624.41,624.41,624.42,930,190,624.4183035714286,1.3932887061498927e-08,0.0001521892637694755
2025-07-11 18:13:00+00:00,624.52,624.51,624.52,300,800,624.5127272727273,2.5043424354892575e-08,-4.539147018078893e-05
2025-07-11 18:14:00+00:00,624.49,624.48,624.49,800,200,624.488,1.2707294473339273e-08,-4.4667883859927926e-05
2025-07-11 18:15:00+00:00,624.44,624.43,624.44,621,671,624.434806501548,1.9553560693379268e-08,-1.3196675274551595e-05
2025-07-11 18:16:00+00:00,624.45,624.45,624.46,400,600,624.454,1.620714209264081e-08,-9.429315068010258e-05
2025-07-11 18:17:00+00:00,624.4,624.38,624.39,400,500,624.3844444444444,2.608052136428587e-08,-8.712220287754313e-05
2025-07-11 18:18:00+00:00,624.36,624.36,624.37,670,300,624.3669072164948,1.6674428678531212e-08,-7.59936034614439e-05
2025-07-11 18:19:00+00:00,624.28,624.28,624.29,550,1001,624.2835460992908,1.769777275539011e-08,1.1643904136215966e-05
2025-07-11 18:20:00+00:00,624.32,624.29,624.3,320,500,624.2939024390244,2.1583457445741757e-08,-1.3405732605109577e-06
2025-07-11 18:21:00+00:00,624.29,624.28,624.29,815,200,624.2880295566503,1.4503980582134977e-08,3.056015829083769e-05
2025-07-11 18:22:00+00:00,624.31,624.31,624.32,1200,500,624.3170588235295,2.7028599749235087e-08,9.913861667509849e-05
2025-07-11 18:23:00+00:00,624.38,624.36,624.37,400,200,624.3666666666667,2.19303510835515e-08,-0.0001291206500071418
2025-07-11 18:24:00+00:00,624.3,624.29,624.3,610,321,624.296552094522,2.0406400300329894e-08,0.00012582199004174122
2025-07-11 18:25:00+00:00,624.37,624.37,624.38,500,539,624.3748123195379,8.643361007153699e-09,0.00011681500485249963
2025-07-11 18:26:00+00:00,624.45,624.44,624.45,410,600,624.4440594059407,1.7503516264445867e-08,-5.238589902822888e-05
2025-07-11 18:27:00+00:00,624.41,624.41,624.42,700,600,624.4153846153846,1.4820944938126253e-08,-0.00024078728733034627
2025-07-11 18:28:00+00:00,624.26,624.28,624.29,632,500,624.2855830388693,1.7915994996497265e-07,-6.297755618156486e-05
2025-07-11 18:29:00+00:00,624.22,624.22,624.23,400,793,624.2233528918692,2.8674592641307454e-08,7.963901997332101e-05
2025-07-11 18:30:00+00:00,624.265,624.26,624.27,770,170,624.2681914893617,2.5314823364168242e-08,2.512770660434427e-06
2025-07-11 18:31:00+00:00,624.27,624.27,624.28,400,670,624.273738317757,2.2888062337270377e-08,0.00010796195083551119
2025-07-11 18:32:00+00:00,624.36,624.36,624.37,300,550,624.3635294117647,2.7072289437277237e-08,0.00012808175876122263
2025-07-11 18:33:00+00:00,624.42,624.42,624.43,400,801,624.4233305578683,1.4498876669447613e-08,0.0001908250692619351
2025-07-11 18:34:00+00:00,624.54,624.53,624.54,1800,401,624.5381781008632,1.4649619442772411e-08,-7.295113832450628e-05
2025-07-11 18:35:00+00:00,624.495,624.51,624.52,603,310,624.5166046002191,1.3811608100494244e-08,0.00021687016465943287
2025-07-11 18:36:00+00:00,624.64,624.63,624.64,600,1164,624.6334013605441,4.4059827645262784e-08,5.591864562481952e-05
2025-07-11 18:37:00+00:00,624.67,624.66,624.67,550,400,624.6657894736842,1.3124228115653115e-08,8.027536413668379e-05
2025-07-11 18:38:00+00:00,624.71,624.71,624.72,1137,743,624.7160478723404,2.9191624178207335e-08,-0.00022853213566276231
2025-07-11 18:39:00+00:00,624.585,624.58,624.59,350,800,624.5830434782608,1.069734632322913e-08,2.2803592137465856e-05
2025-07-11 18:40:00+00:00,624.59,624.58,624.59,801,200,624.588001998002,1.4702367834311475e-08,0.0002028306160635207
2025-07-11 18:41:00+00:00,624.72,624.71,624.72,600,600,624.715,1.4151390612729775e-08,4.484998619158631e-07
2025-07-11 18:42:00+00:00,624.7,624.69,624.7,700,260,624.6972916666668,2.7463125007109832e-08,8.242369634459124e-05
2025-07-11 18:43:00+00:00,624.76,624.76,624.77,700,538,624.7656542810986,1.0027682598767776e-08,-0.0001140347661774399
2025-07-11 18:44:00+00:00,624.69,624.69,624.7,639,800,624.6944405837387,9.427718065993984e-09,0.0001801304529813752
2025-07-11 18:45:00+00:00,624.81,624.81,624.82,1000,349,624.8174128984432,1.803314553429053e-08,-2.4777565464262352e-05
2025-07-11 18:46:00+00:00,624.81,624.78,624.8,812,900,624.7894859813084,2.495079913802684e-08,-2.297905761849961e-05
2025-07-11 18:47:00+00:00,624.76,624.76,624.77,300,800,624.7627272727273,1.0964957902019503e-08,-0.0001250250953346299
2025-07-11 18:48:00+00:00,624.71,624.71,624.72,75,900,624.7107692307692,1.499735044084692e-08,-5.1120010637006885e-05
2025-07-11 18:49:00+00:00,624.68,624.66,624.67,1500,200,624.6688235294117,1.6127612099714524e-08,1.0333760717351481e-05
2025-07-11 18:50:00+00:00,624.69,624.69,624.7,401,300,624.6957203994294,1.408139567562651e-08,7.790276867081225e-05
2025-07-11 18:51:00+00:00,624.73,624.72,624.73,170,670,624.7220238095238,1.6277315046749302e-08,-0.00026645110081879864
2025-07-11 18:52:00+00:00,624.56,624.55,624.56,1485,600,624.5571223021583,2.3886037138410946e-08,4.460649377735493e-05
2025-07-11 18:53:00+00:00,624.59,624.58,624.59,600,700,624.5846153846154,2.127775394758139e-08,1.1641989985600176e-05
2025-07-11 18:54:00+00:00,624.575,624.57,624.58,1300,800,624.5761904761905,1.3309775116774578e-08,-6.734507734484918e-05
2025-07-11 18:55:00+00:00,624.54,624.54,624.55,300,842,624.5426269702276,1.7414979878462506e-08,-9.090814426016003e-06
2025-07-11 18:56:00+00:00,624.54,624.53,624.54,400,800,624.5333333333333,1.6198116680244713e-08,-4.9739114656999206e-05
2025-07-11 18:57:00+00:00,624.51,624.51,624.52,500,800,624.5138461538462,1.782630243048545e-08,-6.316168807407596e-05
2025-07-11 18:58:00+00:00,624.47,624.47,624.48,400,500,624.4744444444444,2.068601954146474e-08,-2.566847718288301e-05
2025-07-11 18:59:00+00:00,624.45,624.44,624.45,300,1068,624.4421929824562,5.227567595947184e-08,-0.00015096900405797697
2025-07-11 19:00:00+00:00,624.34,624.35,624.36,800,800,624.355,4.983800182442308e-08,-0.00012183516672747974
2025-07-11 19:01:00+00:00,624.25,624.25,624.26,700,500,624.2558333333334,3.2863765604102975e-08,6.395392357472218e-05
2025-07-11 19:02:00+00:00,624.32,624.32,624.33,400,430,624.3248192771085,2.6634492006171902e-08,-0.0002660324580632256
2025-07-11 19:03:00+00:00,624.16,624.15,624.16,710,878,624.1544710327455,4.75268169635152e-08,-0.00025656949365904236
2025-07-11 19:04:00+00:00,624.01,624.01,624.02,300,1352,624.0118159806295,3.1739219617486565e-07,-0.00022849472196140308
2025-07-11 19:05:00+00:00,623.85,623.86,623.87,700,300,623.867,1.6017605334640818e-07,-0.00048205225296082954
2025-07-11 19:06:00+00:00,623.53,623.53,623.54,428,300,623.5358791208791,2.2640256984806282e-07,-0.00033598297516268527
2025-07-11 19:07:00+00:00,623.38,623.34,623.35,1300,100,623.3492857142858,1.3025246695556308e-07,0.00048728896697580737
2025-07-11 19:08:00+00:00,623.645,623.65,623.66,300,1100,623.6521428571428,7.944529998244234e-08,0.00042847499973430736
2025-07-11 19:09:00+00:00,623.93,623.93,623.94,660,461,623.9358876003569,5.0453151894762725e-08,0.00025467320097694035
2025-07-11 19:10:00+00:00,624.07,624.07,624.08,2300,324,624.0787652439025,7.030773289005239e-08,-0.00023124183490996764
2025-07-11 19:11:00+00:00,623.93,623.93,623.94,700,1196,623.9336919831223,1.1120600433148469e-07,-3.961800823870654e-05
2025-07-11 19:12:00+00:00,623.9,623.9,623.91,347,531,623.9039521640091,4.6327547775224724e-08,-7.361977354092275e-05
2025-07-11 19:13:00+00:00,623.86,623.85,623.86,360,360,623.855,5.829402819311875e-08,0.00022148051298764848
2025-07-11 19:14:00+00:00,624.005,624.0,624.01,211,502,624.0029593267882,2.1460212942131407e-08,0.0002033427399010801
2025-07-11 19:15:00+00:00,624.13,624.12,624.13,525,572,624.1247857793984,4.4633981328288925e-08,0.00017518922587211883
2025-07-11 19:16:00+00:00,624.24,624.23,624.24,384,504,624.2343243243242,2.1042043263195965e-08,-0.00024957850103757284
2025-07-11 19:17:00+00:00,624.08,624.07,624.08,700,300,624.077,3.371026920322124e-08,0.00016042752435629914
2025-07-11 19:18:00+00:00,624.17,624.17,624.19,900,1400,624.1778260869565,1.9869194747965026e-08,0.00023303402023544528
2025-07-11 19:19:00+00:00,624.32,624.32,624.33,539,400,624.3257401490948,1.244570096488639e-08,-8.383783597398775e-05
2025-07-11 19:20:00+00:00,624.29,624.28,624.29,314,758,624.2829291044776,2.0790633450180918e-08,0.00011224614145621814
2025-07-11 19:21:00+00:00,624.35,624.34,624.36,1300,800,624.3523809523809,2.820163309713483e-08,-3.068206568301868e-05
2025-07-11 19:22:00+00:00,624.33,624.32,624.33,300,501,624.323745318352,1.9473716909218402e-08,0.00012382821070633376
2025-07-11 19:23:00+00:00,624.39,624.39,624.4,449,600,624.3942802669209,3.3028760966570254e-08,-8.232034922950326e-06
2025-07-11 19:24:00+00:00,624.4,624.4,624.41,1202,500,624.4070622796709,1.3325807943238854e-08,0.00015929102058653832
2025-07-11 19:25:00+00:00,624.5,624.49,624.5,800,251,624.4976117982874,3.5132457402133514e-08,0.00013942584948645198
2025-07-11 19:26:00+00:00,624.6,624.6,624.61,184,460,624.6028571428571,3.262507745441371e-08,7.949462915002314e-05
2025-07-11 19:27:00+00:00,624.63,624.61,624.62,200,1675,624.6110666666667,3.6049308408191364e-08,-4.349308348849945e-05
2025-07-11 19:28:00+00:00,624.6,624.61,624.63,1574,1007,624.6221968229369,2.6592022812262167e-08,-4.6957749051723674e-05
2025-07-11 19:29:00+00:00,624.58,624.57,624.58,908,400,624.5769418960244,1.957267079880061e-08,-0.00019751247508692504
2025-07-11 19:30:00+00:00,624.45,624.45,624.46,519,1300,624.4528532160529,6.55562299777947e-08,4.6533037245666264e-07
2025-07-11 19:31:00+00:00,624.47,624.45,624.46,750,500,624.456,4.417758421933317e-08,-0.00022218507892324268
2025-07-11 19:32:00+00:00,624.32,624.32,624.33,400,500,624.3244444444445,2.327644129140138e-08,0.00022660613678726627
2025-07-11 19:33:00+00:00,624.47,624.47,624.48,1599,400,624.4779989994997,2.8602847790226324e-08,9.04874540825773e-05
2025-07-11 19:34:00+00:00,624.52,624.51,624.53,517,2180,624.5138338895068,2.5018297707839306e-08,-6.334497332027844e-05
2025-07-11 19:35:00+00:00,624.47,624.47,624.48,470,407,624.4753591790194,3.076965968998746e-08,-3.3499443945927965e-05
2025-07-11 19:36:00+00:00,624.47,624.45,624.46,410,500,624.4545054945055,3.1031737191537153e-08,0.00013296478471347406
2025-07-11 19:37:00+00:00,624.53,624.52,624.53,908,900,624.5250221238938,3.430832546819917e-08,-2.132807451782348e-05
2025-07-11 19:38:00+00:00,624.52,624.52,624.53,600,1600,624.5227272727273,2.9618425019276178e-08,-7.911704447594037e-05
2025-07-11 19:39:00+00:00,624.47,624.47,624.48,801,601,624.4757132667618,2.5958457004580923e-08,-4.2784154799080376e-05
2025-07-11 19:40:00+00:00,624.45,624.45,624.46,300,1000,624.4523076923077,1.9375829703115914e-08,-7.513126112990154e-05
2025-07-11 19:41:00+00:00,624.41,624.39,624.4,500,983,624.3933715441673,5.978852944313519e-08,-0.00023149496243668466
2025-07-11 19:42:00+00:00,624.26,624.25,624.26,530,533,624.2549858889935,4.383028896819538e-08,3.0471561648370837e-05
2025-07-11 19:43:00+00:00,624.26,624.25,624.26,935,170,624.2584615384615,2.909595021031467e-08,6.723129964991692e-05
2025-07-11 19:44:00+00:00,624.3,624.3,624.31,1200,600,624.3066666666666,3.0020699849537016e-08,-0.0001760410330523543
2025-07-11 19:45:00+00:00,624.215,624.19,624.2,1700,300,624.1985,4.3735699575225304e-08,0.00013827968944069013
2025-07-11 19:46:00+00:00,624.3,624.29,624.3,800,500,624.2961538461539,5.177544029939826e-08,-0.00023071481885039713
2025-07-11 19:47:00+00:00,624.145,624.12,624.14,900,1046,624.1292497430627,2.483960338201391e-08,7.76126142421063e-06
2025-07-11 19:48:00+00:00,624.16,624.16,624.17,600,500,624.1654545454545,2.2978873206160186e-08,0.0002731604390435738
2025-07-11 19:49:00+00:00,624.32,624.32,624.33,233,900,624.3220564872021,3.384729781748265e-08,0.00019127507801020016
2025-07-11 19:50:00+00:00,624.45,624.44,624.45,620,40,624.4493939393939,1.4202900220391957e-07,-0.000855560476872852
2025-07-11 19:51:00+00:00,623.91,623.9,623.91,593,690,623.904621979735,8.180906147348922e-08,-2.069707040908142e-05
2025-07-11 19:52:00+00:00,623.91,623.91,623.92,1200,514,623.9170011668612,9.115300337534472e-08,4.966764835190318e-05
2025-07-11 19:53:00+00:00,623.94,623.93,623.94,605,300,623.9366850828728,8.725854147014655e-08,3.07756231705536e-05
2025-07-11 19:54:00+00:00,623.95,623.94,623.95,250,700,623.9426315789474,1.2201270680303156e-07,-0.00011664428252433634
2025-07-11 19:55:00+00:00,623.87,623.86,623.87,300,200,623.866,1.340346901416214e-07,0.00021523727978078888
2025-07-11 19:56:00+00:00,624.01,624.0,624.01,3460,233,624.0093690766315,4.4680617396849886e-08,-0.0005371122679164175
2025-07-11 19:57:00+00:00,623.67,623.67,623.68,1400,2056,623.6740509259259,6.082015598580887e-08,-0.00026838907185655625
2025-07-11 19:58:00+00:00,623.545,623.54,623.55,901,300,623.5475020815986,7.820176553240106e-08,0.00039008451861843874
2025-07-11 19:59:00+00:00,623.755,623.75,623.76,602,1015,623.753722943723,1.0731623268871587e-07,-0.0002078005799054372
2025-07-11 20:00:00+00:00,623.61,623.61,623.62,22,19600,623.6100112119051,1.7685359763830433e-07,-0.0001301475898974891
2025-07-11 20:01:00+00:00,623.53,623.52,623.55,600,1710,623.5277922077922,3.807859241973527e-08,-0.00014113013160377275
2025-07-11 20:02:00+00:00,623.49,623.44,623.48,500,1800,623.4486956521739,2.584653030409147e-08,8.30631394428405e-05
2025-07-11 20:03:00+00:00,623.51,623.49,623.5,1100,200,623.4984615384616,1.556471649327188e-08,0.00019784285457724593
2025-07-11 20:04:00+00:00,623.62,623.61,623.63,1100,353,623.6251410874054,9.362864342561275e-09,-2.8987831839355493e-06
2025-07-11 20:05:00+00:00,623.61,623.61,623.63,600,800,623.6185714285714,1.3065597631976185e-08,-7.635866888788811e-07
2025-07-11 20:06:00+00:00,623.62,623.6,623.63,1600,500,623.6228571428571,1.3851496730527928e-08,-7.612377726184949e-05
2025-07-11 20:07:00+00:00,623.56,623.56,623.57,110,600,623.5615492957746,1.0419898971495572e-08,-6.209024549908015e-05
2025-07-11 20:08:00+00:00,623.54,623.52,623.55,1700,600,623.5421739130435,8.997669438060085e-09,-7.484189649353823e-05
2025-07-11 20:09:00+00:00,623.5,623.48,623.51,809,1600,623.4900747198006,1.2392707361345502e-08,-3.9094452196408724e-05
2025-07-11 20:10:00+00:00,623.48,623.46,623.49,200,1300,623.464,1.4030555951132587e-08,-6.895876745838248e-05
2025-07-11 20:11:00+00:00,623.42,623.43,623.46,1400,1100,623.4468,2.9832647041195576e-08,-8.44235936929838e-05
2025-07-11 20:12:00+00:00,623.43,623.36,623.39,1300,1600,623.3734482758621,1.1322463325353032e-08,6.994051696240788e-05
2025-07-11 20:13:00+00:00,623.41,623.39,623.42,1700,112,623.4181456953642,2.031196023949497e-08,-2.150667783418214e-06
2025-07-11 20:14:00+00:00,623.4,623.39,623.41,200,1100,623.3930769230769,9.599116701384634e-09,-9.18462281986887e-05
2025-07-11 20:15:00+00:00,623.36,623.35,623.37,200,600,623.355,1.0943139482296153e-08,-0.00013288627726604219
2025-07-11 20:16:00+00:00,623.25,623.25,623.26,203,1600,623.2511259012757,2.3261193240988243e-08,-2.7539613683513764e-05
2025-07-11 20:17:00+00:00,623.26,623.25,623.28,200,1100,623.2546153846154,6.04365720024635e-09,-7.115742496766053e-05
2025-07-11 20:18:00+00:00,623.21,623.19,623.22,1502,680,623.2106507791018,9.544745363358247e-09,3.6323018714146116e-05
2025-07-11 20:19:00+00:00,623.2,623.19,623.22,1500,600,623.2114285714285,1.7726192020923068e-08,-0.00022788697297992933
2025-07-11 20:20:00+00:00,623.1,623.09,623.1,101,600,623.0914407988587,1.6921727862123e-08,-0.00011282857320837891
2025-07-11 20:21:00+00:00,623.01,623.0,623.04,1651,1500,623.0209584258965,9.64226035100797e-09,0.0001404497094061874
2025-07-11 20:22:00+00:00,623.08,623.09,623.13,700,600,623.1115384615384,2.1935067710887576e-09,-3.745346590511289e-05
2025-07-11 20:23:00+00:00,623.09,623.07,623.1,610,600,623.0851239669421,3.7613543194759156e-09,3.217609613814787e-05
2025-07-11 20:24:00+00:00,623.09,623.08,623.11,205,1100,623.0847126436782,6.090386705917083e-09,-3.493780043928307e-05
2025-07-11 20:25:00+00:00,623.07,623.07,623.1,700,800,623.084,6.015545421578464e-09,-1.8403645017261994e-05
2025-07-11 20:26:00+00:00,623.07,623.07,623.08,144,600,623.071935483871,3.892266294503253e-09,-5.974083901549854e-05
2025-07-11 20:27:00+00:00,623.05,623.03,623.06,205,1100,623.0347126436782,6.764707864142608e-09,6.122371419259309e-05
2025-07-11 20:28:00+00:00,623.06,623.05,623.09,1600,1200,623.0728571428572,1.2934618339343958e-08,0.00010546806037359246
2025-07-11 20:29:00+00:00,623.09,623.13,623.15,600,400,623.142,8.02045841537414e-09,-2.513958593441945e-05
2025-07-11 20:30:00+00:00,623.17,623.12,623.14,102,600,623.122905982906,2.286849719756147e-09,5.703897676490044e-05
2025-07-11 20:31:00+00:00,623.16,623.16,623.18,570,170,623.1754054054054,4.776785558875211e-08,0.00032511512333077697
2025-07-11 20:32:00+00:00,623.37,623.35,623.38,570,978,623.3610465116279,9.568416178804837e-09,5.357718934062561e-05
2025-07-11 20:33:00+00:00,623.41,623.37,623.41,1100,700,623.3944444444444,9.044430387696939e-09,-2.5737227187905276e-05
2025-07-11 20:34:00+00:00,623.38,623.37,623.4,700,1800,623.3784,6.211873172909509e-09,-6.962063491455783e-05
2025-07-11 20:35:00+00:00,623.35,623.32,623.35,600,600,623.335,2.326728720588351e-08,-0.00010708940989945237
2025-07-11 20:36:00+00:00,623.22,623.24,623.28,1370,570,623.2682474226804,9.499588213221538e-09,-8.020932942043313e-05
2025-07-11 20:37:00+00:00,623.22,623.2,623.23,986,570,623.2190102827764,5.352493522252032e-09,-0.00010149814121762635
2025-07-11 20:38:00+00:00,623.12,623.14,623.17,500,500,623.155,3.078479505133663e-09,0.0
2025-07-11 20:39:00+00:00,623.19,623.14,623.17,500,500,623.155,4.395923560998568e-09,-0.00012352355002687165
2025-07-11 20:40:00+00:00,623.03,623.07,623.09,500,746,623.078025682183,1.2883459912682816e-08,1.3792873079454537e-05
2025-07-11 20:41:00+00:00,623.08,623.08,623.1,282,570,623.0866197183099,1.0413053654668073e-08,2.1696069391285988e-05
2025-07-11 20:42:00+00:00,623.1,623.09,623.11,1100,1170,623.0996916299559,8.414987295788941e-10,-2.162025227459008e-05
2025-07-11 20:43:00+00:00,623.08,623.07,623.11,1870,700,623.0991050583657,9.476141102273773e-09,4.710642847283175e-05
2025-07-11 20:44:00+00:00,623.13,623.11,623.13,300,697,623.1160180541624,3.0587476744301483e-09,-2.33941270666449e-05
2025-07-11 20:45:00+00:00,623.11,623.1,623.11,101,600,623.1014407988588,3.87006999433815e-09,1.1702100219945777e-05
2025-07-11 20:46:00+00:00,623.15,623.1,623.12,403,720,623.107177203918,1.2306157395858805e-08,3.234827803710871e-05
2025-07-11 20:47:00+00:00,623.08,623.1,623.14,1300,500,623.1288888888889,1.3851469201672688e-08,3.8464360095469274e-05
2025-07-11 20:48:00+00:00,623.18,623.14,623.16,100,300,623.145,2.630437239233355e-09,-4.115341259913752e-05
2025-07-11 20:49:00+00:00,623.1,623.1,623.14,1064,500,623.1272122762148,1.5115700508555125e-08,9.273824452971091e-05
2025-07-11 20:50:00+00:00,623.22,623.17,623.2,500,500,623.185,1.0638586245587054e-08,3.209319864905247e-05
2025-07-11 20:51:00+00:00,623.17,623.19,623.22,500,500,623.205,4.381860722191885e-09,3.323831759094453e-05
2025-07-11 20:52:00+00:00,623.25,623.22,623.24,200,500,623.2257142857143,7.205445310678629e-09,7.859940101107021e-05
2025-07-11 20:53:00+00:00,623.24,623.25,623.29,630,700,623.268947368421,5.219953896040574e-09,-1.7740228392959523e-06
2025-07-11 20:54:00+00:00,623.26,623.26,623.29,580,700,623.2735937499999,7.60630824024881e-09,7.653885307767894e-07
2025-07-11 20:55:00+00:00,623.29,623.26,623.29,530,600,623.2740707964601,1.7056910465568734e-08,0.00012182313864395056
2025-07-11 20:56:00+00:00,623.33,623.33,623.36,1000,500,623.35,9.134748683544848e-09,-0.00019112981122071382
2025-07-11 20:57:00+00:00,623.23,623.23,623.24,47,500,623.2308592321756,8.485533206428294e-09,-4.990574714591745e-07
2025-07-11 20:58:00+00:00,623.25,623.23,623.24,29,500,623.2305482041588,8.580275014065744e-09,-9.148908467093708e-05
2025-07-11 20:59:00+00:00,623.16,623.15,623.2,800,900,623.1735294117647,2.1417864587310176e-08,-0.00011799187271965828
2025-07-11 21:00:00+00:00,623.09,623.04,623.18,200,1,623.179303482587,2.8360315405391006e-08,1.156669428215018e-05
2025-07-11 21:01:00+00:00,623.16,623.1,623.18,10,101,623.1072072072072,7.488063801392527e-09,0.00011679396767716455
2025-07-11 21:02:00+00:00,623.13,623.09,623.18,5104,1,623.1799823702252,0.0,0.0
2025-07-11 21:03:00+00:00,623.13,623.09,623.18,5104,1,623.1799823702252,1.5483516917373746e-08,-8.822871687252931e-05
2025-07-11 21:04:00+00:00,623.19,623.1,623.2,1,3,623.125,2.106126778901664e-09,-3.884922093000398e-05
2025-07-11 21:05:00+00:00,623.14,623.1,623.18,1,100,623.100792079208,1.3053035856982453e-08,2.3928273651385723e-07
2025-07-11 21:06:00+00:00,623.11,623.1,623.18,1,84,623.1009411764707,1.5791872138913579e-09,-3.9738988586668356e-05
2025-07-11 21:07:00+00:00,623.16,623.07,623.18,5,84,623.0761797752809,0.0,0.0
2025-07-11 21:08:00+00:00,623.16,623.12,623.18,1,84,623.1207058823529,1.1360661392954724e-08,-7.625397995481009e-06
2025-07-11 21:09:00+00:00,623.09,623.07,623.1,5,100,623.0714285714287,3.858649709091784e-08,3.316546206355575e-05
2025-07-11 21:10:00+00:00,623.1,623.09,623.18,2,84,623.0920930232559,0.0,0.0
2025-07-11 21:11:00+00:00,623.14,623.09,623.18,2,84,623.0920930232559,0.0,0.0
2025-07-11 21:12:00+00:00,623.14,623.09,623.18,2,84,623.0920930232559,0.0,0.0
2025-07-11 21:13:00+00:00,623.16,623.09,623.18,2,84,623.0920930232559,2.2115649520444907e-09,4.702727880756541e-05
2025-07-11 21:14:00+00:00,623.16,623.12,623.18,2,84,623.1213953488373,0.0,0.0
2025-07-11 21:15:00+00:00,623.17,623.12,623.18,2,84,623.1213953488373,9.828253155147997e-14,-3.13500449045101e-07
2025-07-11 21:16:00+00:00,623.13,623.12,623.18,2,98,623.1212,2.7563283149995713e-09,-7.07654343317099e-05
2025-07-11 21:17:00+00:00,623.08,623.06,623.08,319,54,623.0771045576407,1.6576590103575538e-08,-8.484304404587917e-06
2025-07-11 21:18:00+00:00,623.05,623.04,623.08,210,54,623.0718181818181,9.501612621149288e-10,-3.020226765038103e-05
2025-07-11 21:19:00+00:00,623.0,623.05,623.08,6,54,623.053,0.0,0.0
2025-07-11 21:20:00+00:00,623.07,623.05,623.08,6,54,623.053,0.0,0.0
2025-07-11 21:21:00+00:00,623.07,623.05,623.08,6,54,623.053,1.3932816350410406e-08,4.7712269626076775e-05
2025-07-11 21:22:00+00:00,623.08,623.05,623.11,6,5,623.0827272727273,2.0801184195859105e-08,4.2383665259659864e-05
2025-07-11 21:23:00+00:00,623.05,623.04,623.11,400,5,623.1091358024692,5.275496982630517e-08,-5.210826472734631e-05
2025-07-11 21:24:00+00:00,623.02,623.07,623.11,1,5,623.0766666666667,2.2046324337426018e-09,5.3617290717067334e-05
2025-07-11 21:25:00+00:00,623.0,622.99,623.13,530,67,623.1142881072027,4.1715885541590555e-09,2.3325385348327288e-05
2025-07-11 21:26:00+00:00,623.03,623.02,623.13,1300,67,623.1246086320409,9.401643483822165e-09,-0.00013626754772277927
2025-07-11 21:27:00+00:00,623.04,623.02,623.04,1300,20,623.0396969696969,7.681238704103131e-09,4.8637398949891164e-05
2025-07-11 21:28:00+00:00,623.04,623.05,623.1,200,300,623.07,2.6618510495278825e-10,1.6419732139283383e-05
2025-07-11 21:29:00+00:00,623.09,623.06,623.1,307,300,623.080230642504,0.0,0.0
2025-07-11 21:30:00+00:00,623.09,623.06,623.1,307,300,623.080230642504,2.9055583777825554e-10,-1.1761163029255783e-05
2025-07-11 21:31:00+00:00,623.1,623.05,623.1,202,223,623.0737647058824,1.406131248096471e-10,1.3898864216654871e-05
2025-07-11 21:32:00+00:00,623.1,623.05,623.1,202,118,623.0815625,3.472144610856786e-09,7.497150434288002e-05
2025-07-11 21:33:00+00:00,623.13,623.1,623.14,287,119,623.128275862069,1.793616817229596e-10,-1.3392598019912327e-05
2025-07-11 21:34:00+00:00,623.12,623.1,623.14,287,110,623.1289168765743,2.1926564056050314e-10,1.634632919711443e-05
2025-07-11 21:35:00+00:00,623.14,623.13,623.14,1,85,623.1301162790697,1.1495572578712135e-16,1.913895375516006e-08
2025-07-11 21:36:00+00:00,623.14,623.13,623.14,1,77,623.1301282051282,6.873040338572591e-11,8.494985845208802e-06
2025-07-11 21:37:00+00:00,623.13,623.1,623.14,294,38,623.135421686747,1.3681019820559702e-09,-3.29782117338695e-05
2025-07-11 21:38:00+00:00,623.11,623.1,623.12,290,100,623.1148717948718,2.1593612455966184e-09,6.13543935656935e-08
2025-07-11 21:39:00+00:00,623.13,623.1,623.12,290,99,623.1149100257069,3.3730985836029623e-09,9.858509656202052e-05
2025-07-11 21:40:00+00:00,623.17,623.1,623.18,292,14,623.176339869281,1.2499900618460593e-08,-4.254095678724035e-05
2025-07-11 21:41:00+00:00,623.2,623.1,623.15,292,1,623.1498293515358,0.0,0.0
2025-07-11 21:42:00+00:00,623.2,623.1,623.15,292,1,623.1498293515358,4.0405498710877505e-09,7.941970618374761e-05
2025-07-11 21:43:00+00:00,623.18,623.1,623.2,292,2,623.1993197278913,2.521314681492044e-11,-5.021269442573306e-06
2025-07-11 21:44:00+00:00,623.18,623.12,623.2,40,2,623.1961904761905,8.221286364622603e-09,9.276296083449154e-05
2025-07-11 21:45:00+00:00,623.24,623.15,623.28,40,10,623.2539999999999,2.2771386815761348e-08,0.0
2025-07-11 21:46:00+00:00,623.24,623.15,623.28,40,10,623.2539999999999,0.0,0.0
2025-07-11 21:47:00+00:00,623.24,623.15,623.28,40,10,623.2539999999999,3.3702120237782562e-09,-5.4552397577900535e-05
2025-07-11 21:48:00+00:00,623.24,623.16,623.28,10,10,623.2199999999999,0.0,0.0
2025-07-11 21:49:00+00:00,623.24,623.16,623.28,10,10,623.2199999999999,4.644566765330141e-09,-9.265096672739226e-05
2025-07-11 21:50:00+00:00,623.24,623.16,623.23,10,300,623.1622580645161,6.200160136958548e-10,2.5885276055737094e-05
2025-07-11 21:51:00+00:00,623.15,623.1,623.22,373,198,623.1783887915936,1.5888098497820253e-08,-3.0276266535067542e-05
2025-07-11 21:52:00+00:00,623.14,623.1,623.16,373,3,623.1595212765957,1.7591147908971086e-09,1.2520565204621192e-06
2025-07-11 21:53:00+00:00,623.14,623.16,623.22,1,198,623.1603015075376,2.0819261240680405e-09,2.9025090353629324e-05
2025-07-11 21:54:00+00:00,623.14,623.1,623.22,373,198,623.1783887915936,1.362711219534859e-14,1.1673522259947333e-07
2025-07-11 21:55:00+00:00,623.14,623.1,623.22,374,198,623.1784615384615,2.5429940679614132e-09,0.0
2025-07-11 21:56:00+00:00,623.14,623.1,623.22,374,198,623.1784615384615,0.0,0.0
2025-07-11 21:57:00+00:00,623.21,623.1,623.22,374,198,623.1784615384615,0.0,0.0
2025-07-11 21:58:00+00:00,623.14,623.1,623.22,374,198,623.1784615384615,0.0,0.0
2025-07-11 21:59:00+00:00,623.21,623.1,623.22,374,198,623.1784615384615,1.040067098593261e-09,3.1201689244308994e-05
2025-07-11 22:00:00+00:00,623.22,623.1,623.2,374,8,623.1979057591623,3.170871583367939e-10,-1.7806941296494294e-05
2025-07-11 22:01:00+00:00,623.22,623.1,623.22,374,143,623.1868085106383,0.0,0.0
2025-07-11 22:02:00+00:00,623.14,623.1,623.22,374,143,623.1868085106383,0.0,0.0
2025-07-11 22:03:00+00:00,623.14,623.1,623.22,374,143,623.1868085106383,1.0572007390546517e-14,1.0282026741137429e-07
2025-07-11 22:04:00+00:00,623.14,623.1,623.22,375,143,623.1868725868726,0.0,0.0
2025-07-11 22:05:00+00:00,623.14,623.1,623.22,375,143,623.1868725868726,1.760516694210624e-08,-0.00010057823943754318
2025-07-11 22:06:00+00:00,623.22,623.11,623.22,8,54,623.1241935483872,1.394354067079113e-13,3.734105069597149e-07
2025-07-11 22:07:00+00:00,623.22,623.11,623.22,8,53,623.1244262295082,1.1233096417911746e-08,9.382533750845745e-05
2025-07-11 22:08:00+00:00,623.14,623.11,623.2,409,96,623.1828910891089,1.9811846815238976e-08,-0.00011221124190974319
2025-07-11 22:09:00+00:00,623.15,623.11,623.15,8,100,623.1129629629629,2.7556488044605836e-08,0.00011782039498342556
2025-07-11 22:10:00+00:00,623.17,623.1,623.2,324,63,623.1837209302327,7.149801026156679e-09,-8.871283182132483e-05
2025-07-11 22:11:00+00:00,623.14,623.13,623.2,1,63,623.13109375,7.993014910482864e-13,1.2808571099309773e-06
2025-07-11 22:12:00+00:00,623.2,623.13,623.2,1,36,623.1318918918919,5.962058615270685e-12,-2.441732707580968e-06
2025-07-11 22:13:00+00:00,623.19,623.13,623.19,1,161,623.1303703703703,3.551678336788467e-14,1.8845896998520573e-07
2025-07-11 22:14:00+00:00,623.19,623.13,623.19,1,122,623.130487804878,4.7992943797878216e-15,6.92769397403481e-08
2025-07-11 22:15:00+00:00,623.19,623.13,623.19,1,112,623.1305309734513,0.0,0.0
2025-07-11 22:16:00+00:00,623.14,623.13,623.19,1,112,623.1305309734513,1.0111663506532742e-09,3.18382681203655e-05
2025-07-11 22:17:00+00:00,623.16,623.15,623.19,1,107,623.1503703703704,1.0111007727528636e-09,-3.178098509815097e-05
2025-07-11 22:18:00+00:00,623.14,623.13,623.19,1,105,623.1305660377358,1.173666860375837e-08,0.00010570755058214587
2025-07-11 22:19:00+00:00,623.19,623.19,623.2,65,36,623.1964356435644,9.439867298446629e-09,9.294146879912368e-05
2025-07-11 22:20:00+00:00,623.29,623.19,623.29,65,36,623.2543564356436,2.1337919408035736e-09,-4.191088478755489e-05
2025-07-11 22:21:00+00:00,623.29,623.19,623.23,65,3,623.2282352941177,3.8132186258412636e-11,-5.191186686404059e-06
2025-07-11 22:22:00+00:00,623.21,623.2,623.23,10,2,623.225,1.3298569108047947e-11,3.6467203221590694e-06
2025-07-11 22:23:00+00:00,623.21,623.2,623.23,10,1,623.2272727272727,7.876509635865503e-11,-4.792814945364654e-06
2025-07-11 22:24:00+00:00,623.19,623.19,623.23,6,1,623.2242857142857,0.0,0.0
2025-07-11 22:25:00+00:00,623.19,623.19,623.23,6,1,623.2242857142857,0.0,0.0
2025-07-11 22:26:00+00:00,623.19,623.19,623.23,6,1,623.2242857142857,5.904386943073844e-09,8.541754057822537e-05
2025-07-11 22:27:00+00:00,623.23,623.16,623.29,339,36,623.27752,6.479001448225138e-09,-8.049224464645732e-05
2025-07-11 22:28:00+00:00,623.23,623.16,623.25,339,114,623.2273509933775,1.2199797542306004e-08,0.0
2025-07-11 22:29:00+00:00,623.17,623.16,623.25,339,114,623.2273509933775,1.527304076477138e-08,-0.00013711600031240945
2025-07-11 22:30:00+00:00,623.15,623.14,623.25,2,114,623.141896551724,9.265435272482505e-11,9.625713102145994e-06
2025-07-11 22:31:00+00:00,623.15,623.14,623.29,2,36,623.1478947368422,4.002266217068147e-08,0.00020614841095345504
2025-07-11 22:32:00+00:00,623.15,623.16,623.29,307,36,623.2763556851312,3.6017262532332924e-09,-1.5703528145727397e-05
2025-07-11 22:33:00+00:00,623.19,623.18,623.29,133,36,623.2665680473372,1.885829797060518e-08,-8.45896381963529e-05
2025-07-11 22:34:00+00:00,623.19,623.18,623.29,16,36,623.2138461538461,1.3960944443240826e-08,-0.0001181564405491331
2025-07-11 22:35:00+00:00,623.18,623.14,623.18,2,380,623.1402094240837,0.0,0.0
2025-07-11 22:36:00+00:00,623.18,623.14,623.18,2,380,623.1402094240837,2.5387900164023737e-10,-1.5810697299833976e-05
2025-07-11 22:37:00+00:00,623.17,623.13,623.18,2,278,623.1303571428571,0.0,0.0
2025-07-11 22:38:00+00:00,623.17,623.13,623.18,2,278,623.1303571428571,0.0,0.0
2025-07-11 22:39:00+00:00,623.14,623.13,623.18,2,278,623.1303571428571,2.917408554861814e-14,1.708042316472813e-07
2025-07-11 22:40:00+00:00,623.17,623.13,623.2,2,300,623.130463576159,0.0,0.0
2025-07-11 22:41:00+00:00,623.17,623.13,623.2,2,300,623.130463576159,1.881846217981608e-12,1.2620532729989975e-06
2025-07-11 22:42:00+00:00,623.14,623.13,623.15,2,30,623.13125,2.7495862480101284e-09,7.833641566312721e-06
2025-07-11 22:43:00+00:00,623.1,623.1,623.2,198,350,623.1361313868613,4.880388298710669e-09,5.821599968980351e-06
2025-07-11 22:44:00+00:00,623.19,623.1,623.2,198,300,623.1397590361445,4.780295306095734e-09,1.7228901229460192e-05
2025-07-11 22:45:00+00:00,623.19,623.15,623.2,3,300,623.150495049505,1.4439842616541952e-10,1.2016589622909635e-05
2025-07-11 22:46:00+00:00,623.19,623.15,623.2,57,300,623.1579831932773,2.386231229135486e-09,3.533101928643312e-05
2025-07-11 22:47:00+00:00,623.19,623.15,623.19,3,1,623.1800000000001,1.981567200831817e-09,-3.310846002846368e-05
2025-07-11 22:48:00+00:00,623.13,623.13,623.16,325,7,623.1593674698795,3.474115908289937e-09,-3.6428567711355164e-05
2025-07-11 22:49:00+00:00,623.13,623.13,623.16,2,7,623.1366666666667,2.6282178831254415e-10,-9.954622861241269e-06
2025-07-11 22:50:00+00:00,623.19,623.13,623.2,2,300,623.130463576159,1.033398741147261e-09,3.216256549420926e-05
2025-07-11 22:51:00+00:00,623.2,623.15,623.2,3,294,623.1505050505051,1.3148402618249178e-08,3.0281528044850958e-05
2025-07-11 22:52:00+00:00,623.13,623.16,623.2,90,294,623.169375,1.6725256890819e-10,-1.2932616475724856e-05
2025-07-11 22:53:00+00:00,623.16,623.16,623.2,10,294,623.1613157894736,0.0,0.0
2025-07-11 22:54:00+00:00,623.16,623.16,623.2,10,294,623.1613157894736,1.0371020456744743e-12,1.0044880567328107e-06
2025-07-11 22:55:00+00:00,623.2,623.16,623.2,10,196,623.1619417475728,6.825866895167096e-09,-8.261880473092731e-05
2025-07-11 22:56:00+00:00,623.2,623.11,623.2,1,196,623.1104568527918,1.2256401336337956e-08,0.0001107086326188611
2025-07-11 22:57:00+00:00,623.2,623.17,623.2,90,196,623.1794405594405,1.1811039694541041e-08,-0.0001086786073454249
2025-07-11 22:58:00+00:00,623.17,623.11,623.17,1,34,623.1117142857142,4.599031431364815e-12,-1.2922158044714749e-06
2025-07-11 22:59:00+00:00,623.17,623.11,623.2,2,196,623.1109090909091,1.2185857026173889e-08,0.00011945195806362108
2025-07-11 23:00:00+00:00,623.2,623.17,623.2,90,86,623.1853409090909,0.0,0.0
2025-07-11 23:01:00+00:00,623.2,623.17,623.2,90,86,623.1853409090909,6.928011136981969e-11,-8.323467508786209e-06
2025-07-11 23:02:00+00:00,623.17,623.17,623.2,44,86,623.1801538461539,1.0409402067202668e-11,-3.3483403638623344e-06
2025-07-11 23:03:00+00:00,623.17,623.17,623.2,32,87,623.1780672268908,1.3464627798536576e-10,-1.066696672058498e-05
2025-07-11 23:04:00+00:00,623.17,623.17,623.2,54,1087,623.1714198071867,0.0,0.0
2025-07-11 23:05:00+00:00,623.17,623.17,623.2,54,1087,623.1714198071867,0.0,0.0
2025-07-11 23:06:00+00:00,623.17,623.17,623.2,54,1087,623.1714198071867,9.26409638635021e-13,-1.2384110626983968e-06
2025-07-11 23:07:00+00:00,623.17,623.17,623.2,24,1087,623.1706480648064,4.888902516304423e-14,-2.2110862751834048e-07
2025-07-11 23:08:00+00:00,623.19,623.17,623.2,24,1387,623.1705102763997,9.196825060675655e-11,9.590007852278148e-06
2025-07-11 23:09:00+00:00,623.19,623.17,623.19,24,50,623.1764864864865,9.196648667839249e-11,-9.58991588484448e-06
2025-07-11 23:10:00+00:00,623.19,623.17,623.2,24,1387,623.1705102763997,1.809920111681384e-14,-1.3453327141199622e-07
2025-07-11 23:11:00+00:00,623.17,623.17,623.2,20,1387,623.1704264392323,1.1360259706446137e-15,3.3704984359061996e-08
2025-07-11 23:12:00+00:00,623.17,623.17,623.2,21,1387,623.1704474431817,1.8254174156713912e-14,-1.3510800922489352e-07
2025-07-11 23:13:00+00:00,623.17,623.17,623.2,17,1387,623.1703632478632,0.0,0.0
2025-07-11 23:14:00+00:00,623.17,623.17,623.2,17,1387,623.1703632478632,5.520478660642001e-10,-5.482193161654436e-07
2025-07-11 23:15:00+00:00,623.17,623.17,623.2,1,1387,623.1700216138328,2.5639379395288936e-10,1.6012301332191115e-05
2025-07-11 23:16:00+00:00,623.17,623.17,623.19,1,1,623.1800000000001,6.293669158986796e-09,-6.20908229904682e-05
2025-07-11 23:17:00+00:00,623.15,623.14,623.15,90,599,623.1413062409289,4.2875380993018084e-14,-1.9144503426993253e-07
2025-07-11 23:18:00+00:00,623.14,623.14,623.15,80,594,623.1411869436201,5.108590580612667e-16,-9.75164970995479e-09
2025-07-11 23:19:00+00:00,623.14,623.14,623.15,79,590,623.1411808669656,0.0,0.0
2025-07-11 23:20:00+00:00,623.14,623.14,623.15,79,590,623.1411808669656,6.050758067798725e-10,-2.459828869616487e-05
2025-07-11 23:21:00+00:00,623.13,623.12,623.15,143,590,623.1258526603001,1.3724073377082471e-08,0.00010086412421395075
2025-07-11 23:22:00+00:00,623.12,623.12,623.19,53,1,623.1887037037037,0.0,0.0
2025-07-11 23:23:00+00:00,623.12,623.12,623.19,53,1,623.1887037037037,8.970329478595412e-09,-9.471182333053996e-05
2025-07-11 23:24:00+00:00,623.2,623.12,623.2,53,385,623.129680365297,0.0,0.0
2025-07-11 23:25:00+00:00,623.2,623.12,623.2,53,385,623.129680365297,1.8998908232648225e-10,1.4998777413621767e-05
2025-07-11 23:26:00+00:00,623.11,623.1,623.17,252,200,623.1390265486725,9.35555479778541e-09,-4.328201245640262e-05
2025-07-11 23:27:00+00:00,623.1,623.11,623.2,9,385,623.1120558375634,0.0,0.0
2025-07-11 23:28:00+00:00,623.19,623.11,623.2,9,385,623.1120558375634,3.8596331526101296e-09,6.212594588905773e-05
2025-07-11 23:29:00+00:00,623.12,623.15,623.2,6,385,623.1507672634272,0.0,0.0
2025-07-11 23:30:00+00:00,623.12,623.15,623.2,6,385,623.1507672634272,1.7406276030394609e-12,1.319328466697911e-06
2025-07-11 23:31:00+00:00,623.18,623.15,623.19,6,145,623.1515894039735,0.0,0.0
2025-07-11 23:32:00+00:00,623.16,623.15,623.19,6,145,623.1515894039735,7.3413817748139264e-09,-8.820991794333821e-05
2025-07-11 23:33:00+00:00,623.1,623.08,623.1,305,62,623.0966212534059,1.529780720951291e-09,-3.981354911897217e-05
2025-07-11 23:34:00+00:00,623.08,623.07,623.08,1000,4514,623.0718135654698,4.4945859506815086e-09,-6.70402127206371e-05
2025-07-11 23:35:00+00:00,623.04,623.03,623.04,10,2332,623.0300426985482,8.132655623322548e-16,3.984301666370982e-08
2025-07-11 23:36:00+00:00,623.04,623.03,623.04,10,1471,623.0300675219446,1.0073212991012767e-09,-3.1737958278155176e-05
2025-07-11 23:37:00+00:00,623.03,623.0,623.04,508,1466,623.0102938196555,2.3291061905106726e-15,4.8260814233813676e-08
2025-07-11 23:38:00+00:00,623.03,623.0,623.04,510,1466,623.0103238866396,1.5599009154689905e-13,3.9495580961279586e-07
2025-07-11 23:39:00+00:00,623.04,623.0,623.04,510,1420,623.0105699481865,4.522519933834392e-10,2.434971499987171e-07
2025-07-11 23:40:00+00:00,623.01,623.0,623.04,520,1420,623.0107216494846,6.279600614485791e-10,7.421507000060501e-06
2025-07-11 23:41:00+00:00,623.03,623.01,623.04,307,1416,623.0153453279164,2.187725157058835e-13,6.193237309659594e-07
2025-07-11 23:42:00+00:00,623.04,623.01,623.04,307,1300,623.0157311761045,6.021242706753826e-09,0.000100734839896921
2025-07-11 23:43:00+00:00,623.01,623.0,623.08,520,10,623.0784905660378,0.0,0.0
2025-07-11 23:44:00+00:00,623.01,623.0,623.08,520,10,623.0784905660378,0.0,0.0
2025-07-11 23:45:00+00:00,623.01,623.0,623.08,520,10,623.0784905660378,0.0,0.0
2025-07-11 23:46:00+00:00,623.07,623.0,623.08,520,10,623.0784905660378,2.0806035282067186e-12,1.4424297307691347e-06
2025-07-11 23:47:00+00:00,623.08,623.0,623.08,520,4,623.0793893129771,4.50113566186167e-09,5.253246970693404e-05
2025-07-11 23:48:00+00:00,623.08,623.1,623.15,96,300,623.1121212121212,2.2225743252672236e-11,4.714418654794272e-06
2025-07-11 23:49:00+00:00,623.08,623.1,623.14,96,159,623.1150588235295,0.0,0.0
2025-07-11 23:50:00+00:00,623.11,623.1,623.14,96,159,623.1150588235295,2.0688134165125523e-10,1.183960648876159e-05
2025-07-11 23:51:00+00:00,623.11,623.1,623.14,198,155,623.1224362606232,1.060625393621867e-09,3.895874507353625e-05
2025-07-11 23:52:00+00:00,623.15,623.14,623.15,196,96,623.1467123287671,8.542879111304639e-10,-2.6145885976269767e-06
2025-07-11 23:53:00+00:00,623.16,623.14,623.17,102,500,623.1450830564784,7.749062107825537e-11,1.0698862436431256e-05
2025-07-11 23:54:00+00:00,623.17,623.15,623.22,10,390,623.15175,1.6868200908375017e-09,3.0158750675024493e-05
2025-07-11 23:55:00+00:00,623.16,623.15,623.22,162,390,623.1705434782609,3.161033895284726e-09,-1.004181606578669e-05
2025-07-11 23:56:00+00:00,623.16,623.15,623.2,10,25,623.1642857142857,2.755643307582231e-08,-0.0001349613060501742
2025-07-11 23:57:00+00:00,623.05,623.08,623.1,10,1085,623.0801826484019,1.0229982655895707e-08,-0.00013189738767249715
2025-07-11 23:58:00+00:00,623.0,622.99,623.12,20,100,623.0116666666667,4.167998346652971e-08,5.117382097408196e-06
2025-07-11 23:59:00+00:00,623.12,623.0,623.12,1,100,623.0011881188119,1.6307883031378457e-08,4.645951255199954e-05
