ts_recv,price,bid_px_00,ask_px_00,bid_sz_00,ask_sz_00,weighted_mid,rv_60s,ret_60s
2021-07-20 08:01:00+00:00,426.83,426.77,426.83,500,600,426.79727272727274,6.621808418276789e-08,0.00018032178209037575
2021-07-20 08:02:00+00:00,426.93,426.92,426.94,100,500,426.92333333333335,5.931632952573543e-08,0.0001912911764017089
2021-07-20 08:03:00+00:00,427.0,427.0,427.01,100,100,427.005,6.56905226031107e-08,-0.00010538518284330944
2021-07-20 08:04:00+00:00,426.94,426.95,426.97,100,500,426.9533333333333,4.887377078202988e-08,-1.981810582141197e-05
2021-07-20 08:05:00+00:00,426.97,426.95,426.99,20,500,426.95153846153846,6.379358072874625e-08,8.107567603499177e-06
2021-07-20 08:06:00+00:00,427.0,426.95,426.99,100,100,426.97,1.290798522218548e-07,-0.0003513250810974755
2021-07-20 08:07:00+00:00,426.81,426.81,426.85,100,500,426.81666666666666,8.551717974818889e-08,0.000152294373308548
2021-07-20 08:08:00+00:00,426.95,426.85,426.89,100,100,426.87,1.368070218668689e-07,-7.027900766043427e-05
2021-07-20 08:09:00+00:00,426.82,426.81,426.86,100,100,426.835,9.10740579509703e-08,-0.00032729587268542915
2021-07-20 08:10:00+00:00,426.72,426.7,426.73,5,500,426.70029702970294,1.7154517812760848e-07,-0.00034051307372962025
2021-07-20 08:11:00+00:00,426.53,426.59,426.63,100,500,426.5966666666667,8.932875247045293e-08,0.0006837727061379528
2021-07-20 08:12:00+00:00,426.76,426.81,426.86,1000,600,426.84125,1.405688366626113e-07,0.00042169709653738785
2021-07-20 08:13:00+00:00,427.1,427.04,427.08,100,500,427.0466666666667,1.1831733370300712e-07,-7.56197895525057e-05
2021-07-20 08:14:00+00:00,427.01,426.96,427.01,1100,500,426.994375,3.504312823971914e-08,0.0003488531513637927
2021-07-20 08:15:00+00:00,427.12,427.11,427.16,1000,500,427.1433333333333,3.873684607600898e-08,0.00014931130453899044
2021-07-20 08:16:00+00:00,427.17,427.17,427.22,500,1000,427.18666666666667,6.625263705802919e-08,-0.0004028740565479305
2021-07-20 08:17:00+00:00,427.09,427.04,427.06,1,500,427.0400399201597,8.779771026141447e-08,0.00028268007473442047
2021-07-20 08:18:00+00:00,427.11,427.14,427.18,501,100,427.1733444259567,6.019111771458226e-08,-8.918349169051432e-06
2021-07-20 08:19:00+00:00,427.17,427.15,427.19,25,500,427.15190476190475,7.132287850862812e-08,-8.639727809545139e-05
2021-07-20 08:20:00+00:00,427.17,427.12,427.16,100,500,427.12666666666667,5.4103957624339875e-08,-0.0002068139337961794
2021-07-20 08:21:00+00:00,427.05,427.02,427.06,100,500,427.02666666666664,3.9660661582192606e-08,0.00011708870640392277
2021-07-20 08:22:00+00:00,427.1,427.07,427.11,100,500,427.07666666666665,7.962562717405655e-08,-9.378900685752534e-05
2021-07-20 08:23:00+00:00,427.07,427.02,427.06,502,100,427.0533554817276,7.659007907728724e-08,0.00013364811993166192
2021-07-20 08:24:00+00:00,427.07,427.05,427.09,100,500,427.0566666666667,5.487738877505508e-08,-0.00019456147047880457
2021-07-20 08:25:00+00:00,427.02,427.02,427.04,100,500,427.0233333333333,3.953467926262332e-08,0.00013132796449921713
2021-07-20 08:26:00+00:00,427.01,427.06,427.07,100,20,427.0683333333333,1.0097985150406802e-08,7.161734463578817e-05
2021-07-20 08:27:00+00:00,427.07,427.07,427.12,599,500,427.09725204731575,6.391212498127324e-08,0.00018057468718080116
2021-07-20 08:28:00+00:00,427.18,427.14,427.19,1100,500,427.174375,4.087025227251858e-08,4.8282390534337694e-05
2021-07-20 08:29:00+00:00,427.18,427.19,427.22,100,500,427.195,6.452994083679752e-08,0.0001931202378304686
2021-07-20 08:30:00+00:00,427.25,427.27,427.3,800,99,427.2966963292547,5.1347378120858556e-08,0.00022728878683153653
2021-07-20 08:31:00+00:00,427.37,427.34,427.39,600,600,427.365,1.1674512796703396e-08,-0.00010398036225578444
2021-07-20 08:32:00+00:00,427.34,427.33,427.34,9,490,427.3301803607214,2.723617053827101e-08,8.680854289355722e-05
2021-07-20 08:33:00+00:00,427.37,427.34,427.39,600,500,427.36727272727273,3.981441428219084e-08,-0.00022760920987707767
2021-07-20 08:34:00+00:00,427.29,427.25,427.29,500,500,427.27,5.4491318374033256e-08,-0.00017553303531725462
2021-07-20 08:35:00+00:00,427.2,427.17,427.22,500,500,427.195,3.6843533176780497e-08,0.00010533831154391216
2021-07-20 08:36:00+00:00,427.15,427.22,427.25,100,600,427.2242857142857,7.494542012477247e-08,-0.0002886745935150037
2021-07-20 08:37:00+00:00,427.15,427.11,427.15,100,500,427.1166666666667,4.240104577815577e-08,0.0
2021-07-20 08:38:00+00:00,427.14,427.11,427.15,100,500,427.1166666666667,4.513046772338438e-08,0.0002605248600395793
2021-07-20 08:39:00+00:00,427.22,427.22,427.25,178,500,427.2278761061947,4.961034266552121e-08,2.042350079456412e-05
2021-07-20 08:40:00+00:00,427.27,427.23,427.27,100,490,427.23677966101695,5.386789052589082e-08,0.00011703115369310346
2021-07-20 08:41:00+00:00,427.27,427.28,427.32,100,500,427.2866666666667,1.4861581045631241e-08,-0.00020273683516225383
2021-07-20 08:42:00+00:00,427.22,427.2,427.22,1,500,427.20003992015967,4.4626935591331385e-08,0.0001559614706951873
2021-07-20 08:43:00+00:00,427.2,427.26,427.3,100,500,427.26666666666665,2.9384149679616003e-08,-0.0001872366983928231
2021-07-20 08:44:00+00:00,427.17,427.18,427.22,100,500,427.18666666666667,2.8885962093442712e-08,0.0
2021-07-20 08:45:00+00:00,427.15,427.18,427.22,100,500,427.18666666666667,5.230702203988452e-08,-0.00031982914535477747
2021-07-20 08:46:00+00:00,427.09,427.05,427.07,1,500,427.0500399201597,3.94938075536248e-08,-5.863462783983753e-05
2021-07-20 08:47:00+00:00,427.05,427.02,427.05,100,500,427.025,1.0629929113444704e-07,-0.0004967925932740647
2021-07-20 08:48:00+00:00,426.79,426.8,426.82,100,500,426.80333333333334,5.6920389776018087e-08,-9.402216793208407e-05
2021-07-20 08:49:00+00:00,426.77,426.78,426.82,100,500,426.7866666666667,5.5948527987265636e-08,-0.00010402243760421204
2021-07-20 08:50:00+00:00,426.75,426.72,426.75,100,500,426.725,1.2510910153280875e-07,-5.787515795840914e-05
2021-07-20 08:51:00+00:00,426.75,426.7,426.72,10,500,426.7003921568628,6.249630803659602e-08,-0.00012560578094289454
2021-07-20 08:52:00+00:00,426.68,426.65,426.67,1,500,426.6500399201597,6.402447217339556e-08,0.000276144876769413
2021-07-20 08:53:00+00:00,426.8,426.72,426.77,500,500,426.745,6.187390568965046e-08,-3.119187185474104e-05
2021-07-20 08:54:00+00:00,426.8,426.73,426.77,100,500,426.7366666666667,1.3305097960281728e-07,9.160045161160646e-05
2021-07-20 08:55:00+00:00,426.8,426.78,426.83,500,1100,426.795625,8.473772434041289e-08,5.3961214666831125e-05
2021-07-20 08:56:00+00:00,426.81,426.81,426.85,100,500,426.81666666666666,7.484687729629032e-08,-2.231358395166083e-06
2021-07-20 08:57:00+00:00,426.82,426.81,426.85,100,600,426.8157142857143,7.97754378424888e-08,0.0001137995320830143
2021-07-20 08:58:00+00:00,426.82,426.86,426.9,100,500,426.8666666666667,4.692107206918394e-08,-2.007998527464583e-05
2021-07-20 08:59:00+00:00,426.86,426.83,426.86,600,100,426.85571428571427,5.7694294468127775e-08,-9.147732533687503e-05
2021-07-20 09:00:00+00:00,426.85,426.81,426.85,100,500,426.81666666666666,5.677848154546307e-08,0.00037628816573720414
2021-07-20 09:01:00+00:00,426.85,426.95,427.0,600,500,426.97727272727275,9.189517200301887e-08,0.00015862032256341863
2021-07-20 09:02:00+00:00,427.05,427.03,427.07,600,100,427.0642857142857,1.1039171233662999e-07,-0.00053468213732355
2021-07-20 09:03:00+00:00,426.8,426.83,426.87,500,100,426.86333333333334,8.665344490683465e-08,-0.00017934404058705944
2021-07-20 09:04:00+00:00,426.74,426.7,426.75,500,500,426.725,7.781309144124692e-08,-0.0001525978882218615
2021-07-20 09:05:00+00:00,426.65,426.65,426.7,1000,500,426.68333333333334,4.3361546701165214e-08,-0.00033161892891186984
2021-07-20 09:06:00+00:00,426.54,426.5,426.55,516,500,426.52539370078745,6.87711508546233e-08,-7.744773167583929e-05
2021-07-20 09:07:00+00:00,426.54,426.5,426.53,16,1000,426.50047244094486,1.1750537430891534e-07,0.0005603774408449169
2021-07-20 09:08:00+00:00,426.56,426.73,426.78,500,1100,426.745625,5.963753684345122e-08,0.0001808901852686784
2021-07-20 09:09:00+00:00,426.56,426.81,426.85,100,500,426.81666666666666,3.372985531300432e-08,0.0
2021-07-20 09:10:00+00:00,426.84,426.81,426.85,100,500,426.81666666666666,5.8452148625617364e-08,-7.809754383192313e-06
2021-07-20 09:11:00+00:00,426.78,426.78,426.82,500,100,426.81333333333333,8.451075388724074e-08,-3.904907687979353e-05
2021-07-20 09:12:00+00:00,426.84,426.76,426.8,100,1000,426.76363636363635,8.292087711822287e-08,-7.73911925983084e-05
2021-07-20 09:13:00+00:00,426.84,426.76,426.8,100,1000,426.76363636363635,9.935433570644508e-08,0.00037811008861621254
2021-07-20 09:14:00+00:00,426.84,426.91,426.95,100,500,426.9166666666667,8.644866561741977e-08,0.0001678671117097963
2021-07-20 09:15:00+00:00,426.98,426.98,427.03,500,1000,426.99666666666667,3.6454053382885915e-08,-0.00015947487044054576
2021-07-20 09:16:00+00:00,426.94,426.89,426.93,600,25,426.9284,3.591366555842242e-08,0.00015240239098357478
2021-07-20 09:17:00+00:00,426.98,426.99,427.03,100,1000,426.99363636363637,4.026167203795612e-08,0.0001290736715258145
2021-07-20 09:18:00+00:00,426.98,427.03,427.05,600,200,427.045,8.276637872145753e-08,-0.0001290570136632807
2021-07-20 09:19:00+00:00,427.01,426.99,427.03,100,1000,426.99363636363637,4.477230147548332e-08,7.096834173214717e-06
2021-07-20 09:20:00+00:00,427.0,426.98,427.03,500,1000,426.99666666666667,8.093493368810283e-08,0.00011709693284100986
2021-07-20 09:21:00+00:00,427.0,427.03,427.08,500,1000,427.0466666666667,5.803456050113331e-08,-0.00029227205215187624
2021-07-20 09:22:00+00:00,426.93,426.89,426.93,1,1000,426.8900399600399,6.730047977964946e-08,-0.00022686320783615876
2021-07-20 09:23:00+00:00,426.89,426.8,426.85,500,500,426.825,5.478178513762239e-08,0.00012885843144139209
2021-07-20 09:24:00+00:00,426.86,426.84,426.9,1000,500,426.88,7.38219665878082e-08,-0.00011694227587399908
2021-07-20 09:25:00+00:00,426.83,426.81,426.83,6,998,426.8101195219123,6.779052381479795e-08,0.0002340985874278445
2021-07-20 09:26:00+00:00,426.83,426.88,426.94,500,1100,426.89875,5.7458518679527004e-08,-0.0002576534794931362
2021-07-20 09:27:00+00:00,426.83,426.8,426.83,100,1000,426.8027272727273,6.570140620001543e-08,-0.00015761381208168057
2021-07-20 09:28:00+00:00,426.76,426.75,426.78,100,1000,426.75272727272727,4.393081188912195e-08,0.00010296218660443834
2021-07-20 09:29:00+00:00,426.79,426.78,426.82,500,100,426.81333333333333,9.407781262008113e-08,0.00018353782831792564
2021-07-20 09:30:00+00:00,426.79,426.88,426.93,500,1100,426.895625,7.271928787332535e-08,-7.347264741119908e-05
2021-07-20 09:31:00+00:00,426.83,426.8,426.85,500,500,426.825,5.093536970229346e-08,-0.00024223810838264193
2021-07-20 09:32:00+00:00,426.74,426.7,426.75,500,500,426.725,1.866249307722941e-08,-0.00010920508717060518
2021-07-20 09:33:00+00:00,426.75,426.65,426.7,1000,500,426.68333333333334,7.385369735846468e-08,7.101823819466446e-06
2021-07-20 09:34:00+00:00,426.72,426.68,426.73,500,1000,426.69666666666666,1.2261410266556785e-07,0.00011717926083321117
2021-07-20 09:35:00+00:00,426.77,426.73,426.78,500,1000,426.74666666666667,7.998251553100062e-08,0.00022723012162484402
2021-07-20 09:36:00+00:00,426.85,426.84,426.88,100,1000,426.84363636363634,1.1207918326808757e-07,5.395489370885187e-05
2021-07-20 09:37:00+00:00,426.85,426.84,426.88,100,1000,426.84363636363634,8.293440436966653e-08,-0.00031235358425740767
2021-07-20 09:38:00+00:00,426.77,426.71,426.75,100,500,426.71666666666664,9.833274242656571e-08,-0.000624902359006474
2021-07-20 09:39:00+00:00,426.5,426.46,426.5,100,500,426.46666666666664,7.38293964756569e-08,0.00013678286696894304
2021-07-20 09:40:00+00:00,426.5,426.5,426.55,500,500,426.525,7.7204209345901e-08,0.0001172264228357367
2021-07-20 09:41:00+00:00,426.56,426.57,426.6,100,500,426.575,1.1116385171067276e-07,5.867659855840479e-05
2021-07-20 09:42:00+00:00,426.56,426.6,426.63,1,1000,426.60002997003,3.555736448352317e-08,-0.00021085354756533725
2021-07-20 09:43:00+00:00,426.5,426.52,426.55,100,500,426.525,3.079979026578584e-08,1.5443542037196778e-05
2021-07-20 09:44:00+00:00,426.51,426.51,426.52,100,2,426.5198039215686,1.0111485654826041e-07,-0.00014179091979871217
2021-07-20 09:45:00+00:00,426.49,426.44,426.48,100,1000,426.44363636363636,8.854593676043762e-08,-2.9438223279498743e-05
2021-07-20 09:46:00+00:00,426.48,426.44,426.48,100,1000,426.44363636363636,8.625208845951512e-08,-0.00013750085271846402
2021-07-20 09:47:00+00:00,426.4,426.36,426.41,500,1000,426.37666666666667,4.991439793302858e-08,-0.0002611809429591272
2021-07-20 09:48:00+00:00,426.3,426.26,426.31,600,1000,426.27875,1.7160859466776514e-07,9.312555670959455e-05
2021-07-20 09:49:00+00:00,426.36,426.26,426.31,500,1100,426.275625,1.8489224540469712e-07,-0.000632626166271133
2021-07-20 09:50:00+00:00,426.09,426.04,426.08,100,1000,426.0436363636364,1.0626010412014804e-07,0.0002144466635938258
2021-07-20 09:51:00+00:00,426.06,426.08,426.13,500,1100,426.095625,7.242900302618492e-08,-0.0002476692610100528
2021-07-20 09:52:00+00:00,426.07,426.03,426.07,500,200,426.05857142857144,1.1142715528179176e-07,-0.0001864882056519246
2021-07-20 09:53:00+00:00,426.0,425.95,425.96,1,1000,425.95000999001,1.255542724565656e-07,0.00011726749303631046
2021-07-20 09:54:00+00:00,426.0,426.0,426.04,600,100,426.0342857142857,1.8564301529151813e-07,0.0003130827840172046
2021-07-20 09:55:00+00:00,426.05,426.1,426.14,600,100,426.13428571428574,1.62734755647481e-07,-0.00024542396745930173
2021-07-20 09:56:00+00:00,425.98,426.01,426.06,600,1000,426.02875,1.1930097431094135e-07,4.2055064750190496e-05
2021-07-20 09:57:00+00:00,426.0,426.04,426.08,100,500,426.0466666666667,9.220168349597431e-08,0.000241842764400646
2021-07-20 09:58:00+00:00,426.13,426.11,426.15,500,1,426.1499201596806,1.1472892989091002e-07,-9.35982016403436e-06
2021-07-20 09:59:00+00:00,426.2,426.14,426.18,100,600,426.1457142857143,1.0233935069382488e-07,-1.6761536966169999e-06
2021-07-20 10:00:00+00:00,426.14,426.13,426.18,600,500,426.15727272727275,1.2344678269376306e-07,-0.00016279670065344476
2021-07-20 10:01:00+00:00,426.1,426.08,426.13,500,500,426.105,1.1431025126902368e-07,-0.00019090340057426047
2021-07-20 10:02:00+00:00,425.98,425.97,426.01,100,1000,425.9736363636364,6.935797582335621e-08,-0.000388586701364102
2021-07-20 10:03:00+00:00,425.86,425.81,425.86,600,1000,425.82875,2.059912379523099e-07,0.00028455138287553083
2021-07-20 10:04:00+00:00,425.88,425.89,425.93,100,500,425.89666666666665,1.1763817014562146e-07,6.279260945984966e-05
2021-07-20 10:05:00+00:00,426.0,425.97,426.01,100,1000,425.9736363636364,1.6078156884314598e-07,0.00033643479671052745
2021-07-20 10:06:00+00:00,425.96,426.11,426.12,500,1,426.1199800399201,6.674244027197022e-08,1.3456880838313978e-05
2021-07-20 10:07:00+00:00,426.2,426.12,426.16,100,600,426.1257142857143,9.111734575413084e-08,0.0003908250796964552
2021-07-20 10:08:00+00:00,426.27,426.28,426.3,500,316,426.29225490196075,1.086001564140523e-07,0.00046778181497053595
2021-07-20 10:09:00+00:00,426.5,426.46,426.5,500,99,426.4933889816361,1.0129797141209061e-07,4.0383320567549674e-06
2021-07-20 10:10:00+00:00,426.5,426.46,426.5,500,99,426.4933889816361,1.3937130774014802e-07,2.7224380644286228e-05
2021-07-20 10:11:00+00:00,426.5,426.49,426.53,30,500,426.4922641509434,1.3912208601705e-07,0.00033215710640366325
2021-07-20 10:12:00+00:00,426.63,426.64,426.68,100,500,426.64666666666665,1.2584112470410733e-07,0.000839883119521323
2021-07-20 10:13:00+00:00,427.03,427.0,427.03,100,500,427.005,7.991432904931651e-08,-0.000136610422204253
2021-07-20 10:14:00+00:00,426.95,426.95,427.0,600,500,426.97727272727275,1.0800789681749388e-07,-0.00030448767996005266
2021-07-20 10:15:00+00:00,426.91,426.81,426.85,100,500,426.81666666666666,9.45161478474632e-08,0.0003709633332031892
2021-07-20 10:16:00+00:00,426.99,426.95,427.0,500,500,426.975,7.919972237155755e-08,-1.2453797804234945e-05
2021-07-20 10:17:00+00:00,426.99,426.93,426.97,600,4,426.9697350993378,9.149057191255534e-08,-0.0002164317893957879
2021-07-20 10:18:00+00:00,426.86,426.86,426.9,100,500,426.8666666666667,1.1334313011455283e-07,-0.0001808783272529979
2021-07-20 10:19:00+00:00,426.86,426.8,426.83,1,500,426.8000598802395,7.534301929054266e-08,0.000156060864766161
2021-07-20 10:20:00+00:00,426.93,426.83,426.88,500,500,426.855,7.347235395997743e-08,0.00023203409116256957
2021-07-20 10:21:00+00:00,427.01,426.96,427.0,100,600,426.9657142857143,6.447633723215617e-08,-0.00027110890172443725
2021-07-20 10:22:00+00:00,426.85,426.84,426.85,100,1,426.849900990099,1.0580758469106292e-07,5.215449095441471e-05
2021-07-20 10:23:00+00:00,426.85,426.85,426.9,400,500,426.8722222222222,1.2755475213512037e-07,-0.00020084636870820738
2021-07-20 10:24:00+00:00,426.78,426.75,426.8,600,500,426.7772727272727,1.5181961959957565e-07,-0.00023946581121192523
2021-07-20 10:25:00+00:00,426.69,426.65,426.69,100,100,426.67,8.749449229172328e-08,-0.00019114470415015905
2021-07-20 10:26:00+00:00,426.6,426.57,426.6,100,500,426.575,8.980763752263228e-08,-0.00017687309674974117
2021-07-20 10:27:00+00:00,426.5,426.5,426.55,600,500,426.5272727272727,1.1211906214217681e-07,0.0003189962629837062
2021-07-20 10:28:00+00:00,426.67,426.63,426.67,500,100,426.66333333333336,7.813975029781873e-08,7.812561035658305e-06
2021-07-20 10:29:00+00:00,426.75,426.63,426.68,600,500,426.65727272727275,1.2513034171056864e-07,0.00037109374999988454
2021-07-20 10:30:00+00:00,426.84,426.8,426.85,500,500,426.825,6.611038693315199e-08,0.0003240984790799928
2021-07-20 10:31:00+00:00,426.9,426.93,426.97,500,100,426.9633333333333,1.9125183156820264e-07,-0.00022198874496537346
2021-07-20 10:32:00+00:00,426.9,426.85,426.9,519,900,426.868287526427,1.1269840204691305e-07,-0.00035581354340330495
2021-07-20 10:33:00+00:00,426.8,426.71,426.75,100,500,426.71666666666664,7.418698044327686e-08,0.00013670273014887435
2021-07-20 10:34:00+00:00,426.73,426.75,426.8,500,500,426.775,9.12131202749221e-08,0.00026611546733401603
2021-07-20 10:35:00+00:00,426.89,426.86,426.9,500,200,426.8885714285714,2.5266490293210364e-08,3.848444893606029e-05
2021-07-20 10:36:00+00:00,426.9,426.88,426.93,500,500,426.905,5.901451346906502e-08,-0.00013664242239674884
2021-07-20 10:37:00+00:00,426.9,426.84,426.88,100,500,426.8466666666667,8.454883698951294e-08,-0.00011113100122439601
2021-07-20 10:38:00+00:00,426.84,426.79,426.83,150,500,426.79923076923075,1.2704493012189828e-07,0.00011895342612922022
2021-07-20 10:39:00+00:00,426.79,426.83,426.86,100,500,426.835,5.452347889241322e-08,-6.916670850143358e-05
2021-07-20 10:40:00+00:00,426.86,426.82,426.83,25,500,426.8204761904762,7.19913927862938e-08,0.0001062674950882414
2021-07-20 10:41:00+00:00,426.83,426.84,426.88,100,500,426.8466666666667,7.592055045643704e-08,-0.0002243175385255869
2021-07-20 10:42:00+00:00,426.82,426.77,426.81,1,500,426.77007984031934,4.05778329119811e-08,-6.267193566145135e-05
2021-07-20 10:43:00+00:00,426.73,426.71,426.75,500,100,426.74333333333334,5.939193914512948e-08,-8.984710435055998e-05
2021-07-20 10:44:00+00:00,426.69,426.7,426.73,100,501,426.70499168053243,4.2653989933454725e-08,-2.1741941151454114e-05
2021-07-20 10:45:00+00:00,426.7,426.69,426.73,100,600,426.6957142857143,8.680881868592091e-08,0.00011159954512018899
2021-07-20 10:46:00+00:00,426.82,426.71,426.75,500,100,426.74333333333334,7.721790274038121e-08,-0.00019435845856752287
2021-07-20 10:47:00+00:00,426.68,426.66,426.68,10,500,426.6603921568627,8.207132621504856e-08,-0.00017279665877434347
2021-07-20 10:48:00+00:00,426.59,426.55,426.59,100,600,426.55571428571426,1.3148020055335767e-07,-0.000718884790898322
2021-07-20 10:49:00+00:00,426.33,426.27,426.31,100,500,426.27666666666664,2.1634572377177195e-07,-5.8646898751901766e-05
2021-07-20 10:50:00+00:00,426.25,426.24,426.28,100,500,426.24666666666667,1.0338687998148398e-07,0.00015462361945095537
2021-07-20 10:51:00+00:00,426.32,426.32,426.36,50,500,426.32363636363635,1.4520749452283813e-07,-0.00017414680504579394
2021-07-20 10:52:00+00:00,426.26,426.21,426.25,500,100,426.24333333333334,1.4848169255020588e-07,-2.346059402225098e-05
2021-07-20 10:53:00+00:00,426.25,426.21,426.25,600,300,426.2366666666667,5.752592893412214e-08,0.0001407668666077999
2021-07-20 10:54:00+00:00,426.34,426.29,426.33,100,500,426.2966666666667,8.290012252496889e-08,0.0003518676352147754
2021-07-20 10:55:00+00:00,426.48,426.46,426.49,500,100,426.485,8.847658008319026e-08,6.324283686054422e-05
2021-07-20 10:56:00+00:00,426.5,426.55,426.6,100,100,426.575,1.9108015358080042e-07,4.841882097417205e-05
2021-07-20 10:57:00+00:00,426.5,426.45,426.5,600,100,426.49285714285713,1.033492873767602e-07,0.0001228174775971258
2021-07-20 10:58:00+00:00,426.57,426.56,426.6,100,500,426.56666666666666,9.63299440612599e-08,0.00044199542577838535
2021-07-20 10:59:00+00:00,426.73,426.71,426.75,100,500,426.71666666666664,1.446430803616955e-07,-5.123788467875645e-05
2021-07-20 11:00:00+00:00,426.77,426.66,426.7,100,500,426.6666666666667,2.615173686541414e-07,-0.0009100567125470693
2021-07-20 11:01:00+00:00,426.42,426.32,426.35,100,500,426.325,9.75849594208764e-08,0.00031442589350283434
2021-07-20 11:02:00+00:00,426.33,426.41,426.45,600,500,426.4318181818182,1.0876999812603897e-07,0.00015465114721013862
2021-07-20 11:03:00+00:00,426.47,426.52,426.55,100,500,426.525,7.288851280708542e-08,0.00013920637711750672
2021-07-20 11:04:00+00:00,426.53,426.56,426.6,100,500,426.56666666666666,1.0586383123439087e-07,0.0002547099926721863
2021-07-20 11:05:00+00:00,426.66,426.68,426.7,100,230,426.68606060606066,1.0371320518511845e-07,-0.00020098189955597423
2021-07-20 11:06:00+00:00,426.55,426.58,426.63,600,500,426.60727272727274,6.854378319276739e-08,0.0002493244798280614
2021-07-20 11:07:00+00:00,426.71,426.73,426.75,500,5000,426.7318181818182,7.094568928773658e-08,0.00018013520632131907
2021-07-20 11:08:00+00:00,426.8,426.79,426.8,1200,200,426.79857142857145,8.68344769106953e-08,-1.6797888395592153e-05
2021-07-20 11:09:00+00:00,426.85,426.77,426.82,500,500,426.795,7.885578532724006e-08,-0.00034365603155395164
2021-07-20 11:10:00+00:00,426.69,426.63,426.67,100,500,426.63666666666666,8.684787032491111e-08,-0.0004492503379144308
2021-07-20 11:11:00+00:00,426.45,426.45,426.49,500,100,426.48333333333335,1.1839935212665478e-07,-0.0003961201209442544
2021-07-20 11:12:00+00:00,426.28,426.27,426.3,27,500,426.27153700189757,6.570736341314334e-08,0.00022480470860775092
2021-07-20 11:13:00+00:00,426.37,426.36,426.4,214,5,426.39908675799086,1.094014502572191e-07,-0.0003527965434700908
2021-07-20 11:14:00+00:00,426.25,426.23,426.28,500,500,426.255,7.902444455200433e-08,0.0003403734751512566
2021-07-20 11:15:00+00:00,426.38,426.36,426.4,100,510,426.36655737704916,1.1565279882756124e-07,0.0006345620225871595
2021-07-20 11:16:00+00:00,426.55,426.6,426.64,340,1100,426.6094444444444,6.111731221063684e-08,8.043174934568853e-05
2021-07-20 11:17:00+00:00,426.71,426.66,426.7,200,500,426.6714285714286,5.8131881085999896e-08,9.242436657252995e-05
2021-07-20 11:18:00+00:00,426.7,426.7,426.72,1189,1000,426.71086340794886,7.304510687200013e-08,-5.2328172472582146e-05
2021-07-20 11:19:00+00:00,426.7,426.68,426.7,1582,1991,426.6888553036664,9.770179729392004e-08,-0.0001647857404178943
2021-07-20 11:20:00+00:00,426.61,426.6,426.62,1025,100,426.61822222222224,1.061587363317948e-07,-7.552940906818684e-06
2021-07-20 11:21:00+00:00,426.57,426.55,426.6,600,600,426.575,1.2361782267861297e-07,0.0004316929003120862
2021-07-20 11:22:00+00:00,426.78,426.77,426.82,700,500,426.7991666666667,8.313561003991406e-08,0.00016931126020280907
2021-07-20 11:23:00+00:00,426.9,426.85,426.9,600,700,426.87307692307695,7.729473022245238e-08,-8.55440029073895e-05
2021-07-20 11:24:00+00:00,426.8,426.83,426.87,500,200,426.85857142857145,7.823172089141909e-08,-0.000125721395222822
2021-07-20 11:25:00+00:00,426.8,426.75,426.8,1000,600,426.78125,1.789418228662048e-07,-0.0003744809046120068
2021-07-20 11:26:00+00:00,426.67,426.61,426.65,200,500,426.62142857142857,9.095853564711194e-08,5.4414251511314404e-06
2021-07-20 11:27:00+00:00,426.59,426.62,426.65,100,700,426.62375,9.533741130433776e-08,0.00015528905739548016
2021-07-20 11:28:00+00:00,426.68,426.71,426.76,700,1100,426.7294444444444,8.248024350440828e-08,0.00010546298249325403
2021-07-20 11:29:00+00:00,426.7,426.73,426.76,100,500,426.735,7.532220800430048e-08,0.0002743219568797084
2021-07-20 11:30:00+00:00,426.84,426.83,426.87,623,100,426.8644674965422,1.355024014659777e-07,0.0003401879940740926
2021-07-20 11:31:00+00:00,427.0,426.96,427.0,100,20,426.9933333333333,1.5909280102270586e-07,-2.2887095297408067e-05
2021-07-20 11:32:00+00:00,427.0,426.99,427.01,100,10,427.0081818181818,1.1891387347157023e-07,-0.00013480404495946896
2021-07-20 11:33:00+00:00,426.94,426.92,426.93,500,3,426.9299403578529,5.671398260791978e-08,0.00018086084123680735
2021-07-20 11:34:00+00:00,427.0,426.99,427.04,632,1210,427.0071552660152,9.424294458173729e-08,-9.872262208110438e-05
2021-07-20 11:35:00+00:00,426.94,426.94,426.97,500,100,426.965,3.9460826162131565e-08,9.049070447542107e-05
2021-07-20 11:36:00+00:00,427.0,426.99,427.0,115,1100,426.9909465020576,8.55737073916424e-08,9.220008444943417e-05
2021-07-20 11:37:00+00:00,427.07,427.03,427.05,1000,104,427.04811594202897,9.40399092403485e-08,6.384060116504386e-05
2021-07-20 11:38:00+00:00,427.08,427.06,427.09,673,1001,427.07206093189967,9.169326986641155e-08,1.7295788187432493e-05
2021-07-20 11:39:00+00:00,427.08,427.06,427.07,153,1000,427.06132697311364,5.699874635429449e-08,0.0001342722223205417
2021-07-20 11:40:00+00:00,427.15,427.11,427.14,500,100,427.135,1.2291082484418515e-07,-0.00019565577293223502
2021-07-20 11:41:00+00:00,427.1,427.01,427.05,1100,100,427.0466666666667,8.483736328821344e-08,-0.0001379894024138295
2021-07-20 11:42:00+00:00,426.95,426.98,427.02,500,100,427.0133333333333,7.522824103068168e-08,-4.744091991359944e-06
2021-07-20 11:43:00+00:00,427.0,427.0,427.03,15,500,427.0008737864078,5.1828395568758824e-08,0.00013932960430973473
2021-07-20 11:44:00+00:00,427.0,427.03,427.05,712,1,427.0499719495092,4.944672207225659e-08,-0.00019754673480698592
2021-07-20 11:45:00+00:00,426.95,426.95,426.97,355,100,426.96560439560443,5.250734496378397e-08,-0.00012649205554959853
2021-07-20 11:46:00+00:00,426.87,426.9,426.93,138,100,426.91739495798316,5.4751413044201264e-08,-0.00024225305536262898
2021-07-20 11:47:00+00:00,426.84,426.8,426.81,11,114,426.80088,2.9339807059458366e-08,-8.296272125285498e-06
2021-07-20 11:48:00+00:00,426.8,426.79,426.8,100,1500,426.790625,2.05801030979628e-08,-7.529225454727673e-05
2021-07-20 11:49:00+00:00,426.8,426.77,426.8,1100,1000,426.7857142857143,9.27250016795759e-08,-0.00020502726862670073
2021-07-20 11:50:00+00:00,426.73,426.68,426.7,100,100,426.69,5.399846339312145e-08,4.296690376581758e-05
2021-07-20 11:51:00+00:00,426.71,426.69,426.72,1000,100,426.7172727272727,6.79644950126783e-08,0.00027643563467560917
2021-07-20 11:52:00+00:00,426.79,426.81,426.83,556,429,426.8212893401015,7.098707965387093e-08,0.0003584553488902298
2021-07-20 11:53:00+00:00,426.92,426.94,426.98,100,100,426.96,6.059847613258732e-08,-0.0001382931502511564
2021-07-20 11:54:00+00:00,426.93,426.89,426.9,30,1000,426.8902912621359,8.429604851672739e-08,-2.9837527690368404e-05
2021-07-20 11:55:00+00:00,426.9,426.9,426.93,500,100,426.925,8.039516902116e-08,0.00014640345277894262
2021-07-20 11:56:00+00:00,426.95,426.94,426.97,500,100,426.965,6.816663431048713e-08,9.306814868970115e-05
2021-07-20 11:57:00+00:00,426.99,426.99,427.03,600,200,427.02,3.7185706916236524e-08,0.00017532435698242033
2021-07-20 11:58:00+00:00,427.04,427.04,427.08,688,17,427.0790354609929,6.906518104605822e-08,-8.263347945047794e-05
2021-07-20 11:59:00+00:00,427.04,427.01,427.05,603,100,427.0443100995733,4.8124553439979e-08,-0.00018571866595018527
2021-07-20 12:00:00+00:00,426.95,426.93,426.96,5,100,426.9314285714286,8.838764385768142e-08,-2.342112351128023e-05
2021-07-20 12:01:00+00:00,426.96,426.94,426.97,600,500,426.9563636363636,1.0612033657658716e-07,0.0002914682779311395
2021-07-20 12:02:00+00:00,427.06,427.05,427.08,400,17,427.0787769784173,3.94402465631211e-08,-1.6258892120202262e-05
2021-07-20 12:03:00+00:00,427.06,427.05,427.08,300,100,427.0725,4.403874190802564e-08,0.00010656072052905863
2021-07-20 12:04:00+00:00,427.12,427.11,427.12,700,100,427.11875,4.726554843680354e-08,6.814675271704651e-05
2021-07-20 12:05:00+00:00,427.12,427.12,427.15,1080,117,427.14706766917294,1.4383154792704303e-07,-0.0004050084975107948
2021-07-20 12:06:00+00:00,427.0,426.96,427.01,1600,500,426.99809523809523,8.921575728686608e-08,0.00012538461235322984
2021-07-20 12:07:00+00:00,426.99,427.01,427.05,869,1100,427.0276536312849,4.615235280442707e-08,0.00011567556966229908
2021-07-20 12:08:00+00:00,427.05,427.06,427.08,1000,173,427.07705029838024,9.070882820416152e-08,-0.0002863966963094766
2021-07-20 12:09:00+00:00,426.98,426.95,426.96,90,100,426.9547368421052,2.6375448970458823e-08,3.6028273870059024e-05
2021-07-20 12:10:00+00:00,426.95,426.94,426.97,500,100,426.965,4.288348523684431e-08,-3.837679421248019e-05
2021-07-20 12:11:00+00:00,426.95,426.94,426.97,591,200,426.96241466498105,3.9690374557913583e-08,-0.00019698600493467389
2021-07-20 12:12:00+00:00,426.85,426.84,426.89,1600,1100,426.8696296296296,7.7748195302059e-08,-0.0002330564068933061
2021-07-20 12:13:00+00:00,426.8,426.77,426.81,4,1100,426.77014492753625,4.262413683294756e-08,0.00011477205385190814
2021-07-20 12:14:00+00:00,426.83,426.79,426.83,1500,560,426.81912621359226,2.0240364229319475e-08,-6.354685909304436e-05
2021-07-20 12:15:00+00:00,426.83,426.79,426.8,1501,2000,426.79428734647246,2.378754828750121e-08,-9.818410023021418e-05
2021-07-20 12:16:00+00:00,426.74,426.7,426.74,16,1000,426.70062992125986,8.552182893618794e-08,-1.514386588230554e-05
2021-07-20 12:17:00+00:00,426.75,426.74,426.78,500,1100,426.7525,5.7215789062673586e-08,0.00012656473485450626
2021-07-20 12:18:00+00:00,426.79,426.76,426.8,1600,100,426.79764705882354,1.3554444174477473e-07,-9.26711311575179e-05
2021-07-20 12:19:00+00:00,426.71,426.72,426.77,1600,500,426.7580952380952,5.728145649454481e-08,-0.00010488823823473492
2021-07-20 12:20:00+00:00,426.72,426.7,426.75,500,1100,426.715625,8.678449883136474e-08,4.6869873607580104e-05
2021-07-20 12:21:00+00:00,426.73,426.73,426.75,100,500,426.73333333333335,4.996569757655569e-08,0.00022945889770320527
2021-07-20 12:22:00+00:00,426.8,426.82,426.85,643,55,426.8476361031518,3.423401922961307e-08,5.73134981056711e-05
2021-07-20 12:23:00+00:00,426.86,426.85,426.87,100,250,426.85571428571427,4.2585973218289764e-08,0.00011865684106893148
2021-07-20 12:24:00+00:00,426.88,426.87,426.91,1000,100,426.90636363636366,1.065384092736301e-08,-0.0001144415565214052
2021-07-20 12:25:00+00:00,426.87,426.85,426.87,601,1000,426.8575078076202,8.276333551182396e-08,-4.101557850100246e-05
2021-07-20 12:26:00+00:00,426.85,426.83,426.86,500,500,426.845,4.774621972191883e-08,8.199793833751912e-05
2021-07-20 12:27:00+00:00,426.84,426.86,426.9,100,1000,426.8636363636364,1.0507691567925701e-08,-0.00011713030746707265
2021-07-20 12:28:00+00:00,426.83,426.81,426.84,500,500,426.825,2.8306039430456097e-08,-4.516118119912704e-05
2021-07-20 12:29:00+00:00,426.87,426.8,426.84,501,3000,426.80572407883466,2.6048563284482352e-08,-0.000340873883541426
2021-07-20 12:30:00+00:00,426.66,426.65,426.66,42,1000,426.65040307101725,1.0365123993459207e-07,-0.00015290188414396333
2021-07-20 12:31:00+00:00,426.66,426.59,426.64,1000,1000,426.615,1.7421651152652524e-07,-0.0004171942309989518
2021-07-20 12:32:00+00:00,426.42,426.39,426.44,1000,1700,426.4085185185185,1.9981613652163355e-07,0.0001789476063802642
2021-07-20 12:33:00+00:00,426.47,426.46,426.5,1500,100,426.4975,3.0131984370979266e-07,-0.0004533091568449388
2021-07-20 12:34:00+00:00,426.29,426.28,426.33,2000,328,426.3229553264605,1.4572645799272958e-07,0.00014367816091942487
2021-07-20 12:35:00+00:00,426.43,426.35,426.38,300,600,426.36,1.5192838253138447e-07,-5.7658460597243e-05
2021-07-20 12:36:00+00:00,426.33,426.3,426.33,1100,628,426.31909722222224,1.199048832871618e-07,-0.00020272375844254675
2021-07-20 12:37:00+00:00,426.25,426.25,426.28,12,1000,426.2503557312253,8.959073677359533e-08,0.0004578877179535201
2021-07-20 12:38:00+00:00,426.44,426.44,426.45,295,250,426.4454128440367,2.800872393219248e-08,0.0001347049284392554
2021-07-20 12:39:00+00:00,426.5,426.47,426.5,100,500,426.475,5.0815826539152387e-08,-0.00028444986777198533
2021-07-20 12:40:00+00:00,426.38,426.38,426.42,24,600,426.38153846153847,1.1282511005105213e-07,-0.00020296015125487177
2021-07-20 12:41:00+00:00,426.28,426.29,426.32,1000,600,426.30875,7.617049229585876e-08,0.00012899987848480343
2021-07-20 12:42:00+00:00,426.34,426.34,426.35,1000,1,426.34999000999005,8.404629944721685e-08,0.0002609546121450368
2021-07-20 12:43:00+00:00,426.42,426.45,426.5,600,501,426.47724795640323,9.736473523335202e-08,-0.00010300157864373549
2021-07-20 12:44:00+00:00,426.44,426.4,426.42,100,100,426.41,5.0132479561091875e-08,-0.00013067167106539657
2021-07-20 12:45:00+00:00,426.36,426.37,426.38,242,2100,426.37103330486764,6.14715692770209e-08,-0.00024435073263318063
2021-07-20 12:46:00+00:00,426.24,426.24,426.27,831,500,426.25873027798644,3.628157306038242e-08,0.00012628194525610148
2021-07-20 12:47:00+00:00,426.3,426.28,426.33,1000,600,426.31125,4.2148795553655793e-08,0.00010262454955167755
2021-07-20 12:48:00+00:00,426.36,426.32,426.35,1100,500,426.340625,4.384025911325445e-08,-8.028701253826043e-05
2021-07-20 12:49:00+00:00,426.31,426.32,426.33,50,600,426.32076923076926,3.87776155587029e-08,-0.00013874757641896274
2021-07-20 12:50:00+00:00,426.28,426.26,426.3,39,600,426.262441314554,6.664072847250548e-08,-0.00013645828603003896
2021-07-20 12:51:00+00:00,426.21,426.2,426.23,130,1000,426.20345132743364,1.409504931588173e-07,-9.971516267381908e-05
2021-07-20 12:52:00+00:00,426.17,426.14,426.18,100,500,426.14666666666665,1.313414341421914e-07,-2.0942808294233117e-06
2021-07-20 12:53:00+00:00,426.17,426.16,426.2,1,500,426.1600798403194,7.888861929578084e-08,-0.00013702178845498292
2021-07-20 12:54:00+00:00,426.1,426.06,426.11,2500,500,426.1016666666667,8.819215068305203e-08,6.105772712938773e-05
2021-07-20 12:55:00+00:00,426.15,426.1,426.13,1000,131,426.12652519893896,5.842210732014849e-08,-0.00031670365120239907
2021-07-20 12:56:00+00:00,426.0,425.99,426.02,60,600,425.9927272727273,8.740191201821185e-08,0.00024998355644756387
2021-07-20 12:57:00+00:00,426.08,426.08,426.1,1500,61,426.0992184497117,7.835778764819325e-08,3.383698749104269e-05
2021-07-20 12:58:00+00:00,426.16,426.12,426.16,500,1100,426.1325,6.474786000298265e-08,-0.00010233850608021289
2021-07-20 12:59:00+00:00,426.08,426.07,426.1,601,200,426.09250936329585,5.7254443893356885e-08,0.00016129148902233048
2021-07-20 13:00:00+00:00,426.16,426.12,426.15,100,2000,426.12142857142857,6.759623683663815e-08,0.0003402647611838727
2021-07-20 13:01:00+00:00,426.27,426.28,426.3,300,1000,426.2846153846154,8.62642528151293e-08,-4.398478712830389e-05
2021-07-20 13:02:00+00:00,426.26,426.26,426.29,100,100,426.275,1.044257155494081e-07,-0.0006334087949984024
2021-07-20 13:03:00+00:00,425.99,425.99,426.0,100,100,425.995,8.968233993695956e-08,-2.4541474558437137e-05
2021-07-20 13:04:00+00:00,425.99,425.96,425.99,100,600,425.9642857142857,6.150430237919353e-08,0.00011844219700685166
2021-07-20 13:05:00+00:00,426.05,426.02,426.05,500,100,426.045,5.08822100922356e-08,-0.00024645862429151233
2021-07-20 13:06:00+00:00,425.9,425.91,425.94,100,100,425.925,8.062482686084168e-08,-0.00032434938616277
2021-07-20 13:07:00+00:00,425.8,425.79,425.82,215,700,425.79704918032786,7.467476874739979e-08,-0.0002111461303542228
2021-07-20 13:08:00+00:00,425.71,425.7,425.71,193,2399,425.70074459876537,4.802959413690507e-08,8.87013043520124e-05
2021-07-20 13:09:00+00:00,425.74,425.71,425.74,101,1,425.7397058823529,5.117075323130898e-08,0.00017043784707326814
2021-07-20 13:10:00+00:00,425.81,425.79,425.82,288,100,425.81226804123713,7.363291970787858e-08,-0.00013103768301114815
2021-07-20 13:11:00+00:00,425.75,425.74,425.78,600,1000,425.755,7.67602917949262e-08,-0.000369116687367943
2021-07-20 13:12:00+00:00,425.6,425.59,425.6,100,122,425.59450450450447,9.565348531669392e-08,-0.00012527456714672702
2021-07-20 13:13:00+00:00,425.55,425.54,425.57,200,300,425.552,8.976117180880462e-08,-0.00023463069526241664
2021-07-20 13:14:00+00:00,425.43,425.43,425.47,500,100,425.4633333333333,9.809266257544598e-08,-6.160940181143548e-05
2021-07-20 13:15:00+00:00,425.4,425.38,425.41,1000,100,425.40727272727275,1.9345307546839523e-07,0.00025086812564878436
2021-07-20 13:16:00+00:00,425.5,425.5,425.52,200,500,425.5057142857143,3.0632631779729614e-08,0.00022109022420901958
2021-07-20 13:17:00+00:00,425.62,425.62,425.63,242,3000,425.6207464528069,6.504631280289879e-08,0.00010005828165415842
2021-07-20 13:18:00+00:00,425.65,425.62,425.65,160,441,425.62798668885193,6.756149152052406e-08,-0.00015818448069293556
2021-07-20 13:19:00+00:00,425.59,425.59,425.6,100,200,425.5933333333333,3.290143925009267e-08,-0.00020878284301806271
2021-07-20 13:20:00+00:00,425.5,425.5,425.52,100,300,425.505,8.913135101549456e-08,-0.0005850925023005438
2021-07-20 13:21:00+00:00,425.26,425.25,425.28,300,1500,425.255,8.054615073129366e-08,0.0005010325278334005
2021-07-20 13:22:00+00:00,425.48,425.51,425.54,300,700,425.519,5.1286172797503254e-08,0.00014330515216309792
2021-07-20 13:23:00+00:00,425.51,425.52,425.55,381,1300,425.52679952409284,6.501722841791324e-08,-5.222218450673388e-06
2021-07-20 13:24:00+00:00,425.48,425.52,425.55,509,600,425.53376916140667,4.4143811857463295e-08,5.377199661027454e-05
2021-07-20 13:25:00+00:00,425.51,425.54,425.55,303,5,425.54983766233767,7.867593301413931e-08,1.0303277271583866e-05
2021-07-20 13:26:00+00:00,425.57,425.54,425.55,100,500,425.5416666666667,1.5088539662753786e-07,-0.00035780422318876237
2021-07-20 13:27:00+00:00,425.41,425.4,425.42,500,300,425.4125,7.398639162456582e-08,0.000664418751127771
2021-07-20 13:28:00+00:00,425.67,425.68,425.73,1700,700,425.71541666666667,6.877768784945272e-08,0.0001763739549938137
2021-07-20 13:29:00+00:00,425.79,425.78,425.81,400,1000,425.7885714285714,1.5368475474636927e-07,-0.0003665436076573103
2021-07-20 13:30:00+00:00,425.63,425.64,425.68,800,4000,425.64666666666665,4.1277127292699685e-07,1.3149205274398668e-05
2021-07-20 13:31:00+00:00,425.6,425.58,425.6,300,100,425.595,4.2343369734870254e-07,-0.0011213564493323114
2021-07-20 13:32:00+00:00,425.14,425.14,425.15,100,100,425.145,3.4175721009811336e-07,-0.00039595265817526926
2021-07-20 13:33:00+00:00,425.02,425.02,425.04,200,700,425.02444444444444,3.857519776275388e-07,0.0003921876225587706
2021-07-20 13:34:00+00:00,425.16,425.15,425.17,300,500,425.1575,6.967653578514603e-07,0.0011623804296692075
2021-07-20 13:35:00+00:00,425.57,425.58,425.6,400,300,425.5914285714286,3.3121170090380087e-07,0.0011479014663586806
2021-07-20 13:36:00+00:00,426.09,426.08,426.09,100,500,426.08166666666665,3.815166630881646e-07,-0.0002802329476641052
2021-07-20 13:37:00+00:00,425.98,425.97,425.99,402,600,425.97802395209584,6.969576435149293e-07,-0.0009487554675702281
2021-07-20 13:38:00+00:00,425.53,425.54,425.55,200,1000,425.5416666666667,5.852672642542786e-07,-0.00046607817337007695
2021-07-20 13:39:00+00:00,425.39,425.33,425.35,764,600,425.3412023460411,5.531749514252622e-07,0.0005250645311472013
2021-07-20 13:40:00+00:00,425.58,425.58,425.6,400,1700,425.5838095238095,4.231608508543107e-07,-4.187464247873418e-05
2021-07-20 13:41:00+00:00,425.59,425.58,425.59,300,200,425.586,4.050006270339279e-07,0.0010228451846694409
2021-07-20 13:42:00+00:00,426.05,426.01,426.02,200,200,426.015,1.7064045430939483e-07,0.0007971370777772879
2021-07-20 13:43:00+00:00,426.38,426.38,426.4,600,1823,426.3849525381758,3.3849147485098e-07,-7.690446962549391e-05
2021-07-20 13:44:00+00:00,426.34,426.32,426.34,200,400,426.32666666666665,2.2539997695315703e-07,-0.00027269815276020903
2021-07-20 13:45:00+00:00,426.21,426.19,426.21,475,200,426.2040740740741,2.9399681858317976e-07,0.00029457538131860694
2021-07-20 13:46:00+00:00,426.36,426.37,426.38,430,200,426.37682539682544,2.813828508176619e-07,0.0008740188055749165
2021-07-20 13:47:00+00:00,426.72,426.71,426.72,300,300,426.715,1.7756911463531728e-07,0.0005950285992963877
2021-07-20 13:48:00+00:00,426.98,426.97,426.99,900,1402,426.97781928757604,1.5831835474972587e-07,9.91341837832671e-05
2021-07-20 13:49:00+00:00,427.06,427.05,427.07,800,700,427.0606666666667,1.6648171973052617e-07,0.0008977153860219023
2021-07-20 13:50:00+00:00,427.42,427.42,427.43,300,600,427.42333333333335,3.96897151387441e-07,-0.00012946397236013318
2021-07-20 13:51:00+00:00,427.35,427.36,427.38,1000,800,427.37111111111113,1.0660651461996217e-07,-0.0003540257145697723
2021-07-20 13:52:00+00:00,427.15,427.15,427.17,400,1300,427.1547058823529,1.6766862773660414e-07,0.00035102997048430673
2021-07-20 13:53:00+00:00,427.35,427.35,427.36,300,900,427.3525,1.4535799357176987e-07,0.00018163016977390534
2021-07-20 13:54:00+00:00,427.43,427.42,427.44,600,1300,427.4263157894737,1.6917466314929204e-07,0.0002970450906927269
2021-07-20 13:55:00+00:00,427.54,427.55,427.56,100,400,427.552,2.6268685835113027e-07,0.0006373504930696772
2021-07-20 13:56:00+00:00,427.82,427.81,427.83,1300,400,427.82529411764705,1.1813021872448696e-07,-0.00011484779745074558
2021-07-20 13:57:00+00:00,427.78,427.76,427.77,500,500,427.765,1.1387557626400528e-07,0.0005353079975438657
2021-07-20 13:58:00+00:00,427.99,427.98,428.0,400,3300,427.9821621621622,1.481015041177774e-07,0.00037708430524951986
2021-07-20 13:59:00+00:00,428.17,428.16,428.17,400,1200,428.1625,1.2314375523979907e-07,0.00013579910579242238
2021-07-20 14:00:00+00:00,428.23,428.22,428.25,500,500,428.235,2.1189269363668793e-07,-0.00022798795329148636
2021-07-20 14:01:00+00:00,428.16,428.14,428.16,300,800,428.1454545454545,1.8616827592920332e-07,-5.913832878734482e-05
2021-07-20 14:02:00+00:00,428.12,428.12,428.13,300,300,428.125,1.699303790858885e-07,0.0006132470779054433
2021-07-20 14:03:00+00:00,428.31,428.3,428.31,300,1300,428.301875,1.9864455068138967e-07,6.366736771501458e-05
2021-07-20 14:04:00+00:00,428.405,428.4,428.42,1400,700,428.41333333333336,2.534365802490046e-07,0.00018671657976487843
2021-07-20 14:05:00+00:00,428.41,428.4,428.42,1000,2100,428.40645161290325,2.0325476729420753e-07,-0.00027276503044526557
2021-07-20 14:06:00+00:00,428.37,428.36,428.37,400,100,428.368,3.9668603249142924e-07,-0.0008853964353309207
2021-07-20 14:07:00+00:00,427.97,427.97,427.99,800,2195,427.97534223706174,1.8236455775390394e-07,0.000519065437298627
2021-07-20 14:08:00+00:00,428.19,428.19,428.21,400,900,428.19615384615383,1.7109123218328054e-07,-9.673152995492984e-05
2021-07-20 14:09:00+00:00,428.16,428.15,428.17,507,1900,428.15421271292064,1.1038646708128456e-07,-0.00020403314052674926
2021-07-20 14:10:00+00:00,428.05,428.03,428.05,1900,700,428.0446153846154,1.9033365451650473e-07,-0.0001641464163462114
2021-07-20 14:11:00+00:00,427.99,427.99,428.01,600,900,427.998,2.2159545521272865e-07,0.00018067696830148527
2021-07-20 14:12:00+00:00,428.05,428.05,428.06,300,400,428.0542857142857,1.639373468277538e-07,-0.0001268137706407213
2021-07-20 14:13:00+00:00,428.01,428.02,428.03,300,300,428.025,1.1768632837350014e-07,-3.9538051780363404e-05
2021-07-20 14:14:00+00:00,428.0,428.01,428.02,400,300,428.0157142857143,1.0748587543075185e-07,0.00021520871642577433
2021-07-20 14:15:00+00:00,428.1,428.09,428.11,700,700,428.1,1.9672392449345341e-07,0.0006760184391709778
2021-07-20 14:16:00+00:00,428.4,428.39,428.41,1000,901,428.4005207785376,5.923685562076297e-08,0.00025731143615215224
2021-07-20 14:17:00+00:00,428.5,428.49,428.5,500,300,428.49625,9.199469478055676e-08,0.00012870953420085485
2021-07-20 14:18:00+00:00,428.56,428.56,428.57,700,500,428.56583333333333,1.9350113382484782e-07,0.0009747417166425798
2021-07-20 14:19:00+00:00,428.99,428.96,428.98,1000,1200,428.96909090909094,1.5051185386011636e-07,0.0004016375745234946
2021-07-20 14:20:00+00:00,429.131,429.12,429.14,800,500,429.1323076923077,1.1419285177312102e-07,0.0003241577662167483
2021-07-20 14:21:00+00:00,429.27,429.27,429.28,300,300,429.275,6.793528838917181e-08,0.000265528921393976
2021-07-20 14:22:00+00:00,429.39,429.38,429.39,500,300,429.38625,1.23585835419884e-07,-0.0003169052562561614
2021-07-20 14:23:00+00:00,429.24,429.25,429.26,800,5,429.25993788819875,4.081632051772769e-08,5.9843338706233595e-05
2021-07-20 14:24:00+00:00,429.29,429.28,429.29,602,1479,429.2828928399808,4.542727122967687e-08,0.00029560123431515706
2021-07-20 14:25:00+00:00,429.43,429.42,429.43,1300,346,429.4278979343864,5.545636087990927e-08,-0.00015309045964118084
2021-07-20 14:26:00+00:00,429.345,429.34,429.35,100,300,429.3425,7.325112961488113e-08,-0.0005330137042749428
2021-07-20 14:27:00+00:00,429.13,429.13,429.14,300,522,429.1336496350365,1.2059277591365628e-07,-0.00013269239832558455
2021-07-20 14:28:00+00:00,429.06,429.06,429.08,500,2203,429.0636995930448,1.0537079790390594e-07,0.00011328761708373492
2021-07-20 14:29:00+00:00,429.12,429.12,429.13,1100,500,429.126875,8.766249918771091e-08,-0.0001926482925768136
2021-07-20 14:30:00+00:00,429.02,429.02,429.03,100,600,429.02142857142854,8.042166448743596e-08,0.00011887446856118089
2021-07-20 14:31:00+00:00,429.06,429.02,429.03,340,400,429.02459459459453,1.481720096846888e-07,-0.0005114360996200107
2021-07-20 14:32:00+00:00,428.87,428.87,428.88,500,500,428.875,8.592663308251282e-08,0.00030122330205650805
2021-07-20 14:33:00+00:00,428.97,428.95,428.96,600,800,428.95428571428573,8.936378685556527e-08,0.0003191950967054158
2021-07-20 14:34:00+00:00,429.11,429.1,429.11,600,100,429.10857142857145,1.0159756158076027e-07,-0.00015842233431928587
2021-07-20 14:35:00+00:00,429.04,429.03,429.04,700,700,429.035,5.645118203805252e-08,5.626772900124699e-05
2021-07-20 14:36:00+00:00,429.06,429.05,429.06,100,1300,429.05071428571426,1.0328656329037418e-07,-0.00040407970762146306
2021-07-20 14:37:00+00:00,428.9,428.9,428.91,100,500,428.90166666666664,1.5778195182236408e-07,0.000261899242497865
2021-07-20 14:38:00+00:00,429.035,429.03,429.04,300,807,429.0327100271002,5.955925499272149e-08,6.0217930061945424e-05
2021-07-20 14:39:00+00:00,429.04,429.03,429.04,300,400,429.0342857142857,1.4120085426978695e-07,0.00010171787944446287
2021-07-20 14:40:00+00:00,429.06,429.09,429.1,300,300,429.095,8.446052409739666e-08,0.0002597200625569229
2021-07-20 14:41:00+00:00,429.26,429.26,429.27,500,500,429.265,1.2597528966646392e-07,0.0006344242568230296
2021-07-20 14:42:00+00:00,429.46,429.46,429.47,500,401,429.4655493895671,6.938111212008373e-08,-0.00038028051650396133
2021-07-20 14:43:00+00:00,429.29,429.28,429.29,500,300,429.28625,5.85870653045036e-08,0.0003862817566309129
2021-07-20 14:44:00+00:00,429.48,429.46,429.47,310,1500,429.4617127071823,7.799393164994817e-08,-5.059874434509837e-05
2021-07-20 14:45:00+00:00,429.45,429.44,429.45,600,400,429.446,1.0874145620275528e-07,9.264466997582765e-05
2021-07-20 14:46:00+00:00,429.49,429.48,429.49,800,100,429.4888888888889,1.7387094434956408e-07,0.0007786418455317801
2021-07-20 14:47:00+00:00,429.84,429.84,429.86,1100,1005,429.8504513064133,9.715857170405336e-08,-0.00016279853070955141
2021-07-20 14:48:00+00:00,429.77,429.77,429.78,100,600,429.77142857142854,9.226303460846366e-08,4.847723315215546e-05
2021-07-20 14:49:00+00:00,429.791,429.79,429.8,100,2051,429.7904649000465,5.740513204875775e-08,0.0002468490207254703
2021-07-20 14:50:00+00:00,429.89,429.9,429.91,600,900,429.904,4.4548823601941e-08,0.0002195782317966355
2021-07-20 14:51:00+00:00,429.97,429.96,429.97,100,1400,429.96066666666667,4.577239922801701e-08,-0.00045571212159345453
2021-07-20 14:52:00+00:00,429.78,429.77,429.79,1000,1100,429.7795238095238,5.061791440457036e-08,0.000291640112466407
2021-07-20 14:53:00+00:00,429.89,429.9,429.91,100,700,429.90125,5.215970860188214e-08,0.00016814950844845633
2021-07-20 14:54:00+00:00,430.0,429.99,430.01,900,832,430.00039260969976,8.015041504240122e-08,-5.583910028916783e-06
2021-07-20 14:55:00+00:00,429.96,429.95,429.96,700,400,429.9563636363636,6.575897298222695e-08,-9.907316049695414e-05
2021-07-20 14:56:00+00:00,429.93,429.91,429.93,2301,500,429.9264298464835,6.243309589975163e-08,0.00041046787339071855
2021-07-20 14:57:00+00:00,430.12,430.13,430.14,500,1207,430.1329291154071,4.4473384485755965e-08,0.0001735935881261863
2021-07-20 14:58:00+00:00,430.2,430.2,430.21,600,301,430.2066592674806,4.0291554182062166e-08,0.00011733917904011015
2021-07-20 14:59:00+00:00,430.25,430.25,430.26,700,650,430.2551851851852,2.8481125881453407e-08,-8.355851257801916e-06
2021-07-20 15:00:00+00:00,430.22,430.22,430.23,400,500,430.22444444444443,1.4376887902746142e-07,-0.00016135612001522137
2021-07-20 15:01:00+00:00,430.16,430.16,430.17,594,1805,430.1624760316799,8.78774258641958e-08,0.0002158247311097039
2021-07-20 15:02:00+00:00,430.24,430.24,430.25,500,600,430.24454545454546,1.0379883869911533e-07,0.00014204628305813927
2021-07-20 15:03:00+00:00,430.32,430.33,430.35,2300,620,430.3457534246576,7.727877009704607e-08,0.00011049540762919641
2021-07-20 15:04:00+00:00,430.37,430.37,430.38,100,800,430.37111111111113,8.851043703154491e-08,-3.0470637888635466e-05
2021-07-20 15:05:00+00:00,430.35,430.33,430.34,700,500,430.3358333333333,7.637152233764898e-08,-0.0003703148918078325
2021-07-20 15:06:00+00:00,430.209,430.2,430.21,401,600,430.20400599400597,8.860034594870568e-08,0.00016475254429360042
2021-07-20 15:07:00+00:00,430.28,430.29,430.31,1000,1100,430.2995238095238,9.603156027481157e-08,2.690671388649868e-05
2021-07-20 15:08:00+00:00,430.26,430.25,430.26,700,500,430.2558333333333,5.3675287990589525e-08,-0.00022323660664647083
2021-07-20 15:09:00+00:00,430.17,430.16,430.17,400,2100,430.1616,3.7554895600546906e-08,6.740099278745859e-05
2021-07-20 15:10:00+00:00,430.21,430.2,430.21,707,500,430.2058574979287,4.157969810232332e-08,6.97340313811079e-05
2021-07-20 15:11:00+00:00,430.23,430.22,430.23,600,100,430.22857142857146,5.0128993699667677e-08,0.0001810649424516253
2021-07-20 15:12:00+00:00,430.32,430.32,430.33,695,700,430.32498207885305,4.80752095739512e-08,1.202185900828212e-06
2021-07-20 15:13:00+00:00,430.32,430.33,430.34,100,1100,430.3308333333333,3.068858545861743e-08,0.0002833307202936286
2021-07-20 15:14:00+00:00,430.45,430.44,430.45,900,100,430.449,5.298548443720619e-08,-0.00019640458602732114
2021-07-20 15:15:00+00:00,430.36,430.36,430.37,400,1200,430.3625,4.469334052966794e-08,2.4797024868794537e-05
2021-07-20 15:16:00+00:00,430.35,430.35,430.36,500,400,430.35555555555555,4.446258897516026e-08,-0.00039692808738411856
2021-07-20 15:17:00+00:00,430.19,430.19,430.2,3000,10335,430.1922497187852,5.424824460897325e-08,8.910756833202527e-05
2021-07-20 15:18:00+00:00,430.23,430.22,430.24,2000,1000,430.23333333333335,3.8612785297632645e-08,0.0003357377320141186
2021-07-20 15:19:00+00:00,430.36,430.35,430.36,596,603,430.3549708090075,2.2308683823411544e-08,-1.7234799866039374e-05
2021-07-20 15:20:00+00:00,430.37,430.37,430.39,1300,1220,430.3803174603174,5.151900790846809e-08,0.000322052334254197
2021-07-20 15:21:00+00:00,430.5,430.5,430.51,100,1400,430.5006666666667,3.854594147795869e-08,-0.00015138753831356322
2021-07-20 15:22:00+00:00,430.44,430.43,430.45,901,1700,430.43692810457514,3.101967917112574e-08,-5.751946844601008e-05
2021-07-20 15:23:00+00:00,430.41,430.4,430.41,795,500,430.40613899613896,3.285399770136414e-08,0.00028548119979765474
2021-07-20 15:24:00+00:00,430.53,430.53,430.54,800,500,430.53615384615387,2.9707692202081952e-08,-0.00013475185933597977
2021-07-20 15:25:00+00:00,430.46,430.47,430.48,300,500,430.47375,3.426578792379637e-08,-0.00011836900621398083
2021-07-20 15:26:00+00:00,430.44,430.43,430.44,100,1100,430.43083333333334,3.299880344885268e-08,-0.0001593652068744289
2021-07-20 15:27:00+00:00,430.36,430.36,430.37,7,1900,430.36003670686944,4.3186413492475844e-08,-0.00024945581764390656
2021-07-20 15:28:00+00:00,430.24,430.23,430.24,701,100,430.2387515605493,5.405189224033663e-08,-0.00021204851770373345
2021-07-20 15:29:00+00:00,430.12,430.12,430.13,700,200,430.1277777777778,8.10035582342988e-08,-0.000578060475113773
2021-07-20 15:30:00+00:00,429.92,429.91,429.93,800,1860,429.91601503759404,8.691723917175364e-08,9.787877019773461e-05
2021-07-20 15:31:00+00:00,429.95,429.95,429.96,596,600,429.95498327759196,4.872887230662564e-08,-1.3567285011784058e-05
2021-07-20 15:32:00+00:00,429.96,429.96,429.97,400,1400,429.96222222222224,5.6873204322886645e-08,-0.00015721580813787828
2021-07-20 15:33:00+00:00,429.885,429.88,429.89,190,600,429.8824050632911,3.543532803616815e-08,0.00043541737888697085
2021-07-20 15:34:00+00:00,430.07,430.06,430.07,2200,600,430.0678571428571,3.3413395535058814e-08,0.00013925735089892477
2021-07-20 15:35:00+00:00,430.11,430.11,430.12,100,2100,430.11045454545456,1.5305100164515402e-07,-0.0005548829201912353
2021-07-20 15:36:00+00:00,429.9,429.9,429.91,700,400,429.90636363636366,3.2428439369171126e-08,0.00016942483410598008
2021-07-20 15:37:00+00:00,429.98,429.97,429.98,900,300,429.9775,3.4441072524816466e-08,-0.00018143711941809304
2021-07-20 15:38:00+00:00,429.89,429.88,429.89,502,700,429.88417637271215,3.122606933020873e-08,4.37130163111199e-06
2021-07-20 15:39:00+00:00,429.89,429.88,429.89,602,300,429.8866740576497,2.7002315861499705e-08,6.9246073945983255e-06
2021-07-20 15:40:00+00:00,429.89,429.89,429.9,296,1900,429.8913479052823,2.450254917593817e-08,0.00028455167312912977
2021-07-20 15:41:00+00:00,430.02,430.01,430.02,800,500,430.0161538461538,5.3024977316730325e-08,0.000591106117113771
2021-07-20 15:42:00+00:00,430.29,430.28,430.29,300,1555,430.28161725067383,3.228730392177488e-08,0.000222365300226679
2021-07-20 15:43:00+00:00,430.37,430.36,430.37,1500,5,430.36996677740865,5.678337197734648e-08,0.00020622443826456838
2021-07-20 15:44:00+00:00,430.455,430.45,430.46,1416,256,430.4584688995215,1.829645397617607e-08,0.00013584922900045093
2021-07-20 15:45:00+00:00,430.51,430.5,430.52,1907,1700,430.51057388411425,3.432121025583413e-08,-0.0002301018560653123
2021-07-20 15:46:00+00:00,430.42,430.41,430.42,600,1000,430.41375,5.603022292641086e-08,0.0005231435856827282
2021-07-20 15:47:00+00:00,430.64,430.63,430.64,700,700,430.635,6.789847067109567e-08,-5.5205461664598054e-05
2021-07-20 15:48:00+00:00,430.61,430.61,430.62,5,500,430.610099009901,2.793887983839765e-08,7.80442134507009e-05
2021-07-20 15:49:00+00:00,430.65,430.65,430.66,300,500,430.65375,1.7346752058270328e-08,-7.159789076482959e-05
2021-07-20 15:50:00+00:00,430.63,430.62,430.64,500,2118,430.6238197097021,4.198361323546913e-08,0.00033136864180827175
2021-07-20 15:51:00+00:00,430.76,430.75,430.76,500,300,430.75625,2.921977552205373e-08,-1.0912990725531202e-06
2021-07-20 15:52:00+00:00,430.76,430.75,430.77,1400,600,430.764,2.3238546298320003e-08,5.723125813328345e-05
2021-07-20 15:53:00+00:00,430.79,430.78,430.79,600,600,430.785,1.4019793283749532e-08,7.431577498206998e-05
2021-07-20 15:54:00+00:00,430.85,430.85,430.86,100,800,430.8511111111111,4.660139582280078e-08,5.241636801600613e-05
2021-07-20 15:55:00+00:00,430.79,430.79,430.8,400,1500,430.7921052631579,6.598141284212698e-08,-0.0001079076435930304
2021-07-20 15:56:00+00:00,430.78,430.78,430.8,800,1700,430.7864,1.7292654530881622e-08,0.00017457050772162752
2021-07-20 15:57:00+00:00,430.87,430.87,430.88,500,901,430.8735688793719,1.0912326678907816e-08,3.649825064244716e-05
2021-07-20 15:58:00+00:00,430.88,430.88,430.89,200,2100,430.8808695652174,4.9570713755911914e-08,0.00036728843728894844
2021-07-20 15:59:00+00:00,431.04,431.04,431.05,600,1900,431.0424,3.579928114380058e-08,0.00019981351496767275
2021-07-20 16:00:00+00:00,431.12,431.11,431.12,1700,300,431.1185,4.9244217709553604e-08,0.00021039332089900498
2021-07-20 16:01:00+00:00,431.23,431.22,431.23,700,600,431.2253846153846,5.6780666558284667e-08,-3.4713628819349474e-05
2021-07-20 16:02:00+00:00,431.205,431.2,431.21,514,570,431.204741697417,3.469971529599136e-08,1.0087055478669171e-05
2021-07-20 16:03:00+00:00,431.21,431.2,431.21,700,601,431.20538047655646,1.5661331897062872e-08,0.00012759285373364904
2021-07-20 16:04:00+00:00,431.27,431.27,431.28,496,100,431.27832214765095,7.917511068600533e-08,-0.00013028943855031283
2021-07-20 16:05:00+00:00,431.21,431.21,431.22,200,2500,431.21074074074073,6.595152628699168e-08,-0.0004090140511655571
2021-07-20 16:06:00+00:00,431.03,431.04,431.05,600,100,431.04857142857145,6.348315705840941e-08,-0.00024091702480311117
2021-07-20 16:07:00+00:00,430.92,430.92,430.93,1300,850,430.92604651162793,5.188115987535821e-08,-2.089901996982224e-05
2021-07-20 16:08:00+00:00,430.95,430.94,430.95,500,200,430.94714285714286,4.8300779181150975e-08,0.00017519851205705095
2021-07-20 16:09:00+00:00,430.99,430.98,430.99,601,100,430.98857346647645,4.2078311528119806e-08,-0.00031566184398168495
2021-07-20 16:10:00+00:00,430.86,430.86,430.87,100,600,430.8614285714286,2.4194735124739813e-08,8.869840617653502e-05
2021-07-20 16:11:00+00:00,430.9,430.89,430.9,507,570,430.89470752089136,1.7882562504459976e-08,-2.0643155327015883e-05
2021-07-20 16:12:00+00:00,430.89,430.89,430.9,600,500,430.8954545454545,4.116195737657745e-08,0.00018747936062757375
2021-07-20 16:13:00+00:00,430.96,430.98,430.99,500,1025,430.9832786885246,2.967607435121868e-08,0.00021725437362096756
2021-07-20 16:14:00+00:00,431.06,431.05,431.06,900,401,431.05691775557267,2.807415581930695e-08,5.8365547638938864e-05
2021-07-20 16:15:00+00:00,431.07,431.08,431.1,1300,1700,431.08866666666665,1.782469857496156e-08,9.66557123527334e-05
2021-07-20 16:16:00+00:00,431.12,431.12,431.13,200,700,431.1222222222222,2.016614504010798e-08,-0.00011981996315602039
2021-07-20 16:17:00+00:00,431.07,431.07,431.08,100,1295,431.07071684587817,3.9263540536479956e-08,0.00023505472375595637
2021-07-20 16:18:00+00:00,431.17,431.17,431.18,1800,700,431.1772,3.983726636712116e-08,0.0002090839435400227
2021-07-20 16:19:00+00:00,431.25,431.24,431.26,1300,1600,431.2489655172414,3.948682982345997e-08,4.4314694845670743e-05
2021-07-20 16:20:00+00:00,431.28,431.28,431.29,100,1400,431.28066666666666,2.1929714980084353e-08,-5.7421212132036104e-05
2021-07-20 16:21:00+00:00,431.25,431.24,431.26,1200,1200,431.25,1.98387491550952e-08,-0.00013731597899713233
2021-07-20 16:22:00+00:00,431.2,431.19,431.2,2400,10,431.19995850622405,3.240054917118991e-08,-1.530034591823437e-05
2021-07-20 16:23:00+00:00,431.19,431.19,431.2,824,440,431.1965189873418,3.255992337368568e-08,0.0002526878222475215
2021-07-20 16:24:00+00:00,431.3,431.29,431.3,1000,601,431.2962460961899,3.083904912971642e-08,-4.1020665497826236e-05
2021-07-20 16:25:00+00:00,431.28,431.27,431.28,300,600,431.2733333333333,2.683532534199967e-08,8.963241248727272e-05
2021-07-20 16:26:00+00:00,431.32,431.32,431.34,1281,1000,431.3312319158264,3.1214972132455376e-08,-0.00015364917543680967
2021-07-20 16:27:00+00:00,431.26,431.25,431.26,578,600,431.2549066213922,3.1024533674399766e-08,-0.0002537813595491212
2021-07-20 16:28:00+00:00,431.13,431.12,431.13,1025,400,431.12719298245617,4.1417464214787056e-08,0.00011116443868042225
2021-07-20 16:29:00+00:00,431.2,431.19,431.2,607,400,431.19602780536246,2.4567061155273084e-08,6.070991561002437e-05
2021-07-20 16:30:00+00:00,431.23,431.22,431.23,400,802,431.2233277870216,4.145291419294877e-08,0.00022224966663508816
2021-07-20 16:31:00+00:00,431.32,431.31,431.33,1200,600,431.3233333333333,2.2156794452382498e-08,0.00036483287598287895
2021-07-20 16:32:00+00:00,431.47,431.46,431.47,1500,464,431.46763747454173,9.34153642248929e-09,1.21863739499517e-06
2021-07-20 16:33:00+00:00,431.48,431.47,431.48,300,600,431.47333333333336,5.554121022478436e-08,0.000349070630644821
2021-07-20 16:34:00+00:00,431.63,431.62,431.63,100,370,431.62212765957446,2.981441766017443e-08,5.2707668212859105e-05
2021-07-20 16:35:00+00:00,431.67,431.66,431.68,1500,1300,431.67071428571427,2.895789374825949e-08,6.397246919775945e-05
2021-07-20 16:36:00+00:00,431.67,431.68,431.69,1500,400,431.6878947368421,2.854485648317981e-08,-0.00024458972984520155
2021-07-20 16:37:00+00:00,431.57,431.57,431.58,200,1082,431.5715600624025,2.3316184492189317e-08,-5.201363394435887e-07
2021-07-20 16:38:00+00:00,431.57,431.56,431.57,1400,1000,431.56583333333333,5.353640462300225e-08,-0.00011401195834781497
2021-07-20 16:39:00+00:00,431.52,431.52,431.53,500,1400,431.52263157894737,3.076214761720262e-08,7.16787960408638e-06
2021-07-20 16:40:00+00:00,431.53,431.51,431.53,800,1100,431.5184210526316,2.1724721561786137e-08,-6.591618345297423e-05
2021-07-20 16:41:00+00:00,431.5,431.49,431.5,600,500,431.49545454545455,2.327604366450544e-08,0.0001152137811573084
2021-07-20 16:42:00+00:00,431.545,431.54,431.55,400,600,431.544,1.894919322712762e-08,0.0002493804110583753
2021-07-20 16:43:00+00:00,431.65,431.66,431.67,500,700,431.6641666666667,2.0687040688195183e-08,-1.698894174329002e-05
2021-07-20 16:44:00+00:00,431.65,431.64,431.66,1300,500,431.65444444444444,2.1411533822480235e-08,-0.0001683478282358264
2021-07-20 16:45:00+00:00,431.57,431.57,431.59,1600,1609,431.5799719538797,2.537435578085243e-08,0.00017764458724656151
2021-07-20 16:46:00+00:00,431.65,431.64,431.65,741,600,431.6455257270693,1.6964747738429978e-08,1.0258413715824588e-05
2021-07-20 16:47:00+00:00,431.66,431.65,431.66,600,755,431.65442804428045,3.1047057858982843e-08,0.000157359434962423
2021-07-20 16:48:00+00:00,431.725,431.72,431.73,40,1400,431.72027777777777,2.996819379703091e-08,0.00026884897356915793
2021-07-20 16:49:00+00:00,431.84,431.84,431.85,400,720,431.8435714285714,4.556067914568647e-08,0.0001364220454449505
2021-07-20 16:50:00+00:00,431.88,431.89,431.9,1700,1900,431.89472222222224,1.1465979166158805e-08,0.00011356783569715923
2021-07-20 16:51:00+00:00,431.94,431.94,431.95,1900,40,431.94979381443295,1.8190038594514434e-08,0.00013806250865133762
2021-07-20 16:52:00+00:00,431.99,431.98,431.99,665,1800,431.9826977687627,2.7645465513655096e-08,-0.00020634024046550792
2021-07-20 16:53:00+00:00,431.91,431.91,431.92,2695,647,431.9180640335129,8.152446550168163e-09,0.00014149392332285515
2021-07-20 16:54:00+00:00,431.98,431.97,431.98,1990,500,431.97799196787156,1.6783509818863105e-08,-7.756100462663618e-05
2021-07-20 16:55:00+00:00,431.95,431.94,431.95,507,500,431.9450347567031,1.1079855794160101e-08,1.3619920395058216e-05
2021-07-20 16:56:00+00:00,431.94,431.93,431.94,600,1600,431.9327272727273,1.4935414091226925e-08,0.00012260069740399615
2021-07-20 16:57:00+00:00,432.0,432.0,432.01,200,1203,432.0014255167498,1.1037881823609308e-08,-6.573939694587416e-05
2021-07-20 16:58:00+00:00,431.97,431.97,431.98,1400,700,431.9766666666667,9.413859617307554e-09,1.872267049440879e-05
2021-07-20 16:59:00+00:00,431.98,431.97,431.99,2050,1200,431.98261538461537,1.8639509975028284e-08,4.583429704441144e-06
2021-07-20 17:00:00+00:00,431.99,431.99,432.0,500,1500,431.9925,1.6267245055081684e-08,8.608540072119197e-06
2021-07-20 17:01:00+00:00,431.98,431.98,431.99,2000,1195,431.9862597809077,5.457884687635163e-08,-0.0002539756091828327
2021-07-20 17:02:00+00:00,431.87,431.86,431.87,700,600,431.86538461538464,6.294603466622359e-08,-0.0004173622704507496
2021-07-20 17:03:00+00:00,431.7,431.69,431.7,1000,492,431.6967024128686,2.1816310716115613e-07,-0.0004924333300152517
2021-07-20 17:04:00+00:00,431.5,431.48,431.5,2205,3300,431.48801089918254,9.028901898620547e-08,-0.0007051027994623427
2021-07-20 17:05:00+00:00,431.18,431.18,431.19,1800,1425,431.18558139534883,1.01497579514977e-07,-0.00012970173224202686
2021-07-20 17:06:00+00:00,431.12,431.12,431.14,600,1800,431.125,5.639267742403328e-08,0.00023658976726070868
2021-07-20 17:07:00+00:00,431.2,431.21,431.23,1300,500,431.22444444444443,6.004928769529924e-08,0.00011835072068211439
2021-07-20 17:08:00+00:00,431.28,431.27,431.29,800,700,431.28066666666666,5.918569902891033e-08,-0.0004966408422450996
2021-07-20 17:09:00+00:00,431.05,431.04,431.05,550,3600,431.04132530120484,3.1566333710461375e-08,-1.12114835674193e-05
2021-07-20 17:10:00+00:00,431.06,431.05,431.07,2000,2800,431.05833333333334,2.675773565460781e-08,4.733489927444268e-05
2021-07-20 17:11:00+00:00,431.1,431.09,431.11,600,1500,431.0957142857143,4.7850441492663485e-08,0.00013577675879350437
2021-07-20 17:12:00+00:00,431.15,431.14,431.15,1300,400,431.1476470588235,2.6624870533210238e-08,0.00014842966157457838
2021-07-20 17:13:00+00:00,431.2,431.19,431.2,700,201,431.19776914539403,2.588079331774342e-08,-0.0002541908523123748
2021-07-20 17:14:00+00:00,431.09,431.09,431.1,300,200,431.096,2.8493909779751665e-08,0.00022418974990756624
2021-07-20 17:15:00+00:00,431.19,431.18,431.19,300,301,431.18499168053245,3.447473576254446e-08,-5.7380611394819425e-05
2021-07-20 17:16:00+00:00,431.18,431.14,431.16,600,400,431.152,3.6909191325529354e-08,2.0321454485827672e-05
2021-07-20 17:17:00+00:00,431.18,431.17,431.19,700,1500,431.17636363636365,2.8200338680194502e-08,9.17010178029809e-05
2021-07-20 17:18:00+00:00,431.21,431.21,431.22,1,2100,431.21000475963825,9.015077733702898e-08,-1.7685641611975278e-05
2021-07-20 17:19:00+00:00,431.19,431.19,431.21,868,400,431.203690851735,2.7537763525899906e-08,-5.090449160638499e-06
2021-07-20 17:20:00+00:00,431.21,431.22,431.23,300,300,431.225,1.8426732295576002e-08,0.00022914230884607534
2021-07-20 17:21:00+00:00,431.29,431.29,431.31,821,490,431.3025247902365,4.890059274360333e-09,3.761909293586996e-05
2021-07-20 17:22:00+00:00,431.32,431.31,431.32,900,100,431.319,2.1611843657356887e-08,8.694266131481498e-06
2021-07-20 17:23:00+00:00,431.315,431.31,431.32,400,200,431.31666666666666,8.358916512355513e-08,-0.0006485666277793456
2021-07-20 17:24:00+00:00,431.05,431.04,431.05,100,500,431.0416666666667,9.016048880575489e-08,-0.00010847791722401467
2021-07-20 17:25:00+00:00,431.0,431.0,431.01,200,1000,431.00166666666667,5.822887539564361e-08,-0.0002981466185300041
2021-07-20 17:26:00+00:00,430.85,430.85,430.86,400,100,430.858,1.7838451604653443e-08,7.909379883241918e-05
2021-07-20 17:27:00+00:00,430.9,430.89,430.91,800,1400,430.8972727272727,1.333316405994679e-08,-5.985003291741897e-06
2021-07-20 17:28:00+00:00,430.89,430.87,430.89,500,900,430.87714285714287,2.119496296077574e-08,-5.569750684031316e-05
2021-07-20 17:29:00+00:00,430.879,430.86,430.88,900,300,430.875,1.314755269269218e-08,0.00021229151654234002
2021-07-20 17:30:00+00:00,430.96,430.96,430.97,100,300,430.9625,6.097891504728282e-08,0.00018043214433061117
2021-07-20 17:31:00+00:00,431.04,431.02,431.04,700,500,431.0316666666667,4.6555595174054825e-08,0.000287910178612405
2021-07-20 17:32:00+00:00,431.16,431.16,431.17,700,100,431.16875,4.2476065311277124e-08,6.880530032726817e-05
2021-07-20 17:33:00+00:00,431.19,431.19,431.2,900,100,431.199,3.050846216856498e-08,-0.00012162497146184226
2021-07-20 17:34:00+00:00,431.13,431.13,431.15,1200,600,431.1433333333333,3.7238006927030723e-08,0.00019006213421102203
2021-07-20 17:35:00+00:00,431.22,431.23,431.25,1400,450,431.2451351351351,3.4716586926809686e-08,9.644771980199529e-05
2021-07-20 17:36:00+00:00,431.27,431.27,431.28,300,300,431.275,3.196962783379275e-08,-0.00017014115994706813
2021-07-20 17:37:00+00:00,431.19,431.19,431.21,500,1200,431.19588235294117,2.121333988669758e-08,0.00010141603286228928
2021-07-20 17:38:00+00:00,431.24,431.23,431.24,1500,100,431.239375,1.8306118240314315e-08,-0.00033443374824648764
2021-07-20 17:39:00+00:00,431.09,431.09,431.1,240,310,431.09436363636365,4.268387570663404e-08,7.487111338599917e-05
2021-07-20 17:40:00+00:00,431.12,431.11,431.12,500,518,431.11491159135556,4.078715024100368e-08,-1.507674643819179e-05
2021-07-20 17:41:00+00:00,431.1,431.12,431.14,500,2300,431.12357142857144,2.897554862499972e-08,-0.00013569276374836292
2021-07-20 17:42:00+00:00,431.07,431.07,431.08,600,100,431.0785714285714,3.841306623916757e-08,0.0001944245863767513
2021-07-20 17:43:00+00:00,431.14,431.13,431.15,600,1504,431.13570342205327,2.0562139172687522e-08,-0.0002774856997452835
2021-07-20 17:44:00+00:00,431.03,431.02,431.03,401,100,431.02800399201595,3.932164581117224e-08,-0.00033850105252208884
2021-07-20 17:45:00+00:00,430.89,430.88,430.89,315,993,430.8824082568807,4.651166393413709e-08,-4.6091961578009766e-05
2021-07-20 17:46:00+00:00,430.86,430.86,430.87,100,800,430.8611111111111,2.2102887465012965e-08,2.4967629995265028e-05
2021-07-20 17:47:00+00:00,430.87,430.86,430.87,344,1000,430.8625595238095,1.5073452249975414e-08,-3.6003343252599684e-05
2021-07-20 17:48:00+00:00,430.85,430.84,430.85,1100,180,430.84859374999996,2.4365124616141963e-08,0.0001658147552368039
2021-07-20 17:49:00+00:00,430.92,430.92,430.93,89,400,430.92182004089983,4.914825262276346e-08,-0.00031154126374743907
2021-07-20 17:50:00+00:00,430.79,430.79,430.8,100,500,430.7916666666667,3.487011765274028e-08,-6.579587712640667e-05
2021-07-20 17:51:00+00:00,430.76,430.75,430.76,100,215,430.7531746031746,1.0263780521884284e-08,7.377493765048371e-05
2021-07-20 17:52:00+00:00,430.8,430.79,430.8,600,285,430.79677966101696,2.531133410293404e-08,0.00038563967368343555
2021-07-20 17:53:00+00:00,430.99,430.98,431.0,2150,417,430.9967510712894,5.2110915448608453e-08,0.0001925135414468926
2021-07-20 17:54:00+00:00,431.05,431.04,431.05,215,391,431.0435478547855,3.683957760205128e-08,-0.00016572190140151655
2021-07-20 17:55:00+00:00,430.97,430.96,430.98,1400,300,430.9764705882353,2.760643380008539e-08,0.00023223604151212385
2021-07-20 17:56:00+00:00,431.085,431.08,431.09,1300,100,431.0892857142857,2.0277065430640776e-08,1.234672982763918e-05
2021-07-20 17:57:00+00:00,431.08,431.07,431.09,710,2228,431.0748332198774,2.8968075645936872e-08,5.137191071025171e-05
2021-07-20 17:58:00+00:00,431.1,431.09,431.11,700,400,431.1027272727273,1.8961098190376834e-08,0.00012361464311849701
2021-07-20 17:59:00+00:00,431.16,431.15,431.17,500,2051,431.1539200313602,2.376786567150715e-08,-0.00016689389676183275
2021-07-20 18:00:00+00:00,431.08,431.07,431.08,700,100,431.07875,8.822824765369634e-08,0.0004948772472452845
2021-07-20 18:01:00+00:00,431.3,431.29,431.3,700,100,431.29875,4.965954542205879e-08,0.00035882935511177827
2021-07-20 18:02:00+00:00,431.46,431.45,431.46,150,500,431.45230769230767,1.9380935110531684e-08,-6.340285339534457e-05
2021-07-20 18:03:00+00:00,431.43,431.42,431.43,200,91,431.42687285223366,2.6199118074477645e-08,0.00018989825860660225
2021-07-20 18:04:00+00:00,431.51,431.5,431.51,300,100,431.5075,2.673029180620578e-08,5.351237083828231e-05
2021-07-20 18:05:00+00:00,431.53,431.52,431.54,900,900,431.53,2.047883350211553e-08,0.00017790201955603102
2021-07-20 18:06:00+00:00,431.61,431.61,431.62,6,965,431.61006179196704,2.0134309614911886e-08,0.00018094664055534615
2021-07-20 18:07:00+00:00,431.69,431.68,431.7,400,1511,431.68418628990054,2.1559039013370134e-08,1.6890976465289143e-05
2021-07-20 18:08:00+00:00,431.69,431.68,431.7,1000,800,431.6911111111111,3.404130929340035e-08,-0.00016326661527377162
2021-07-20 18:09:00+00:00,431.64,431.63,431.65,600,1400,431.636,2.0838569363294195e-08,-6.577134468954693e-05
2021-07-20 18:10:00+00:00,431.6,431.59,431.6,400,1600,431.592,2.639181173342259e-08,0.0002850477868794332
2021-07-20 18:11:00+00:00,431.74,431.73,431.74,447,799,431.7335874799358,3.296304316721598e-08,-1.406498817513313e-05
2021-07-20 18:12:00+00:00,431.71,431.7,431.71,800,100,431.7088888888889,2.554549316495529e-08,0.00014145135059262515
2021-07-20 18:13:00+00:00,431.77,431.76,431.78,500,2105,431.76383877159304,2.3939191045398006e-08,-0.0001977740010836726
2021-07-20 18:14:00+00:00,431.68,431.67,431.68,700,1000,431.67411764705884,1.9834937091341057e-08,-0.00019563034485914343
2021-07-20 18:15:00+00:00,431.6,431.6,431.61,102,2000,431.6004852521408,3.4291634352583985e-08,0.00043354766897274466
2021-07-20 18:16:00+00:00,431.788,431.78,431.79,647,196,431.787674970344,2.3745143243896934e-08,-0.00015466259375229718
2021-07-20 18:17:00+00:00,431.72,431.71,431.73,500,2800,431.7130303030303,3.611812607177683e-08,3.4048091717142626e-05
2021-07-20 18:18:00+00:00,431.73,431.71,431.73,400,2400,431.71285714285716,2.1669042947760762e-08,0.00014990577545592743
2021-07-20 18:19:00+00:00,431.8,431.8,431.81,400,400,431.805,1.8138636452787313e-08,-0.00012693946348185658
2021-07-20 18:20:00+00:00,431.75,431.76,431.77,900,500,431.76642857142855,1.0525065643985074e-08,0.00013496896202247477
2021-07-20 18:21:00+00:00,431.81,431.81,431.82,124,945,431.8111599625819,1.1542576367570376e-08,-7.380083764130241e-05
2021-07-20 18:22:00+00:00,431.77,431.77,431.78,100,1800,431.7705263157895,3.836435251529399e-08,-0.0002749766497122108
2021-07-20 18:23:00+00:00,431.68,431.68,431.69,500,2000,431.682,3.863652820985879e-08,-0.0001610928701439862
2021-07-20 18:24:00+00:00,431.59,431.58,431.6,601,1700,431.58522381573226,2.3671566832224508e-08,0.00020509475674801436
2021-07-20 18:25:00+00:00,431.67,431.66,431.67,1570,41,431.66974549968967,3.212034066183146e-08,4.9957406979661556e-05
2021-07-20 18:26:00+00:00,431.69,431.69,431.7,700,1012,431.69408878504674,2.2044349334416913e-08,0.0001550742549050188
2021-07-20 18:27:00+00:00,431.76,431.76,431.77,500,1400,431.7626315789474,2.1948782963013708e-08,-0.00010772528765068401
2021-07-20 18:28:00+00:00,431.72,431.71,431.72,100,1500,431.710625,1.90122206277898e-08,0.00013301834635837118
2021-07-20 18:29:00+00:00,431.78,431.78,431.8,400,2813,431.7824898848428,1.5109954781512794e-08,5.072141954309828e-05
2021-07-20 18:30:00+00:00,431.8,431.79,431.8,501,1700,431.7922762380736,1.7044432722180012e-08,0.00021607219637553854
2021-07-20 18:31:00+00:00,431.89,431.88,431.89,1000,75,431.8893023255814,1.4588694654896623e-08,9.598106606389933e-06
2021-07-20 18:32:00+00:00,431.91,431.91,431.92,501,1001,431.9133355525966,2.354957483900199e-08,-5.787067592699646e-05
2021-07-20 18:33:00+00:00,431.87,431.86,431.87,301,1000,431.8623136049193,1.0921371942147243e-08,2.475624764408657e-05
2021-07-20 18:34:00+00:00,431.87,431.88,431.89,400,1516,431.8820876826722,2.4254606429459834e-08,-0.0003124469300653798
2021-07-20 18:35:00+00:00,431.755,431.75,431.76,200,2900,431.7506451612903,4.0806856399115476e-08,0.00030033551189334595
2021-07-20 18:36:00+00:00,431.87,431.86,431.87,700,1400,431.86333333333334,5.2055545699765136e-08,-0.0003497311198780162
2021-07-20 18:37:00+00:00,431.72,431.72,431.73,500,1647,431.7223288309269,1.0181985509597494e-08,0.0001041423862608859
2021-07-20 18:38:00+00:00,431.77,431.76,431.77,927,1100,431.7645732609768,1.1973016033869323e-08,-6.361791282738505e-05
2021-07-20 18:39:00+00:00,431.74,431.73,431.75,1324,1600,431.7390560875513,3.582772180241838e-08,-0.000280582821363895
2021-07-20 18:40:00+00:00,431.6,431.6,431.61,200,200,431.605,3.7923315944252146e-08,0.00044020542920031325
2021-07-20 18:41:00+00:00,431.8,431.8,431.81,700,400,431.80636363636364,4.105766550456087e-08,2.315851229717225e-05
2021-07-20 18:42:00+00:00,431.805,431.81,431.82,400,200,431.81666666666666,5.233735053985596e-08,-0.0004014049172103018
2021-07-20 18:43:00+00:00,431.64,431.65,431.67,618,1200,431.656798679868,6.274724914961601e-08,-0.00010849970480941717
2021-07-20 18:44:00+00:00,431.58,431.56,431.58,1300,1800,431.5683870967742,5.113868130057437e-08,0.00020738774507034208
2021-07-20 18:45:00+00:00,431.68,431.67,431.68,100,1700,431.67055555555555,2.1584711890977087e-07,-0.00047206941629041044
2021-07-20 18:46:00+00:00,431.48,431.48,431.49,800,300,431.48727272727274,4.994411086047918e-08,6.683505179072569e-06
2021-07-20 18:47:00+00:00,431.47,431.48,431.49,826,1,431.4899879081015,5.148691354596023e-08,-5.439208526469841e-05
2021-07-20 18:48:00+00:00,431.47,431.46,431.47,400,211,431.4665466448445,4.874356578938428e-08,3.225986544741488e-05
2021-07-20 18:49:00+00:00,431.48,431.48,431.49,100,501,431.4816638935108,3.385348874292447e-08,0.00023434657090448674
2021-07-20 18:50:00+00:00,431.59,431.58,431.59,400,500,431.58444444444444,4.281349888825783e-08,0.00046991259190742873
2021-07-20 18:51:00+00:00,431.76,431.75,431.76,200,200,431.755,3.4681195416337576e-08,7.455885334572976e-05
2021-07-20 18:52:00+00:00,431.81,431.81,431.82,100,400,431.812,3.266832092175662e-08,-6.30418868308169e-05
2021-07-20 18:53:00+00:00,431.77,431.78,431.79,100,800,431.7811111111111,2.8614843137416188e-08,-0.0002172424236761561
2021-07-20 18:54:00+00:00,431.69,431.68,431.69,100,500,431.6816666666667,5.756676071463206e-08,-7.77958065067974e-05
2021-07-20 18:55:00+00:00,431.65,431.63,431.65,800,1000,431.6388888888889,1.5060024370492585e-07,-0.00027527299040497333
2021-07-20 18:56:00+00:00,431.53,431.56,431.57,198,1000,431.56165275459097,3.42493544773729e-08,0.0002809447232647866
2021-07-20 18:57:00+00:00,431.65,431.64,431.65,100,1200,431.64076923076925,6.799686238302049e-08,2.4484554809856007e-05
2021-07-20 18:58:00+00:00,431.67,431.67,431.69,800,650,431.6810344827586,1.5585850582462884e-07,-0.000260714580877508
2021-07-20 18:59:00+00:00,431.55,431.54,431.56,500,3600,431.54243902439026,5.38090723053681e-08,-5.4970138064547314e-05
2021-07-20 19:00:00+00:00,431.53,431.53,431.54,607,900,431.5340278699403,6.488730257671868e-08,0.0002907154693552183
2021-07-20 19:01:00+00:00,431.655,431.65,431.66,1200,101,431.6592236740969,1.9749892667455904e-08,-4.300638383436528e-05
2021-07-20 19:02:00+00:00,431.62,431.62,431.63,400,1500,431.6221052631579,2.3430009908494007e-08,5.040668648215174e-05
2021-07-20 19:03:00+00:00,431.665,431.66,431.68,500,1300,431.66555555555556,2.402960206436681e-08,0.00023634255911719748
2021-07-20 19:04:00+00:00,431.78,431.77,431.79,400,1350,431.77457142857145,8.672167095828904e-09,4.798182468412904e-05
2021-07-20 19:05:00+00:00,431.79,431.79,431.8,100,3600,431.7902702702703,3.635402936221752e-08,0.0001732777230556426
2021-07-20 19:06:00+00:00,431.85,431.84,431.86,417,2905,431.84251053582176,2.645877840537583e-08,-0.00010955720705851935
2021-07-20 19:07:00+00:00,431.82,431.81,431.83,900,2100,431.816,3.297994902982113e-08,0.00018865413502222594
2021-07-20 19:08:00+00:00,431.895,431.89,431.9,615,732,431.89456570155903,2.230465467345515e-08,8.305296536215145e-05
2021-07-20 19:09:00+00:00,431.931,431.93,431.94,500,700,431.93416666666667,4.271842763743733e-08,-0.00033125025600655444
2021-07-20 19:10:00+00:00,431.78,431.78,431.8,900,1600,431.7872,4.1545963662276194e-08,0.00017202216905420897
2021-07-20 19:11:00+00:00,431.87,431.87,431.88,100,500,431.87166666666667,3.1811009121195974e-08,0.0001362258865733601
2021-07-20 19:12:00+00:00,431.92,431.91,431.93,400,3700,431.9119512195122,4.229630579136631e-08,0.00020109993231209877
2021-07-20 19:13:00+00:00,432.01,432.0,432.01,600,900,432.004,2.6075702132514892e-08,0.00015689974089139191
2021-07-20 19:14:00+00:00,432.08,432.07,432.08,440,2800,432.07135802469134,1.8841340081396026e-07,0.00039365966838955657
2021-07-20 19:15:00+00:00,432.24,432.23,432.25,500,1900,432.2341666666667,4.773454705878608e-08,0.00015189024481121471
2021-07-20 19:16:00+00:00,432.32,432.31,432.33,4,4743,432.31001685274913,5.714033871532186e-08,-0.0001700609401887876
2021-07-20 19:17:00+00:00,432.24,432.23,432.24,300,300,432.235,2.9888020368684883e-08,-1.209958034398273e-05
2021-07-20 19:18:00+00:00,432.23,432.22,432.23,113,600,432.22158485273496,4.59223825651797e-08,0.00011177145061314064
2021-07-20 19:19:00+00:00,432.28,432.27,432.28,1100,2,432.2799818511796,2.7572553922734702e-08,-0.00016883692005542628
2021-07-20 19:20:00+00:00,432.21,432.2,432.21,400,701,432.2036330608538,4.4771530658486366e-08,0.00019341479812617912
2021-07-20 19:21:00+00:00,432.29,432.29,432.3,500,1700,432.29227272727275,3.287407262181263e-08,-6.0477353801324796e-05
2021-07-20 19:22:00+00:00,432.26,432.25,432.27,400,1800,432.25363636363636,3.253234757414218e-08,0.00024200124235895792
2021-07-20 19:23:00+00:00,432.37,432.36,432.37,11908,101,432.36991589641104,4.620724375695914e-08,-4.561986729367806e-05
2021-07-20 19:24:00+00:00,432.35,432.34,432.36,1500,900,432.3525,2.7382111081482272e-08,-2.367865160546323e-05
2021-07-20 19:25:00+00:00,432.34,432.33,432.34,500,401,432.3355493895671,1.2566999516003747e-07,-0.00028470918239675846
2021-07-20 19:26:00+00:00,432.181,432.18,432.19,770,700,432.1852380952381,5.967171858025586e-08,-9.485997741864871e-05
2021-07-20 19:27:00+00:00,432.159,432.15,432.16,1000,600,432.15625,2.9567067284603514e-08,-0.00017023527175663578
2021-07-20 19:28:00+00:00,432.11,432.1,432.12,1000,400,432.1142857142857,3.334060704923866e-08,-0.00038361078204962595
2021-07-20 19:29:00+00:00,431.93,431.93,431.94,700,598,431.9353929121726,4.141946663086499e-08,0.0003177483865579589
2021-07-20 19:30:00+00:00,432.08,432.07,432.08,700,1700,432.0729166666667,4.8297736479263294e-08,-9.354131006045208e-05
2021-07-20 19:31:00+00:00,432.04,432.04,432.05,800,300,432.04727272727274,2.726911198592907e-08,0.0001963849080153235
2021-07-20 19:32:00+00:00,432.12,432.11,432.12,2083,477,432.11813671874995,1.314725659975934e-08,-2.4440105675926915e-06
2021-07-20 19:33:00+00:00,432.12,432.11,432.12,802,640,432.1155617198336,6.863218142868389e-08,-0.0004096185536494046
2021-07-20 19:34:00+00:00,431.94,431.93,431.94,800,600,431.9357142857143,3.781703480624685e-08,0.00012942568042895175
2021-07-20 19:35:00+00:00,431.99,431.99,432.0,1300,1300,431.995,4.1235866793828104e-08,-2.811668340430007e-05
2021-07-20 19:36:00+00:00,431.98,431.98,431.99,500,1100,431.983125,2.2308045459834392e-08,1.7315684172070078e-05
2021-07-20 19:37:00+00:00,432.0,431.99,432.0,600,1000,431.99375,2.8461300698533052e-08,-0.00022401778495484415
2021-07-20 19:38:00+00:00,431.89,431.88,431.9,579,1700,431.8850811759544,3.1616830872193555e-08,9.647434504600483e-07
2021-07-20 19:39:00+00:00,431.9,431.89,431.91,964,2700,431.8952620087336,4.0681555922396976e-08,-7.513966026173602e-05
2021-07-20 19:40:00+00:00,431.87,431.86,431.87,200,500,431.86285714285714,2.9100310445974668e-08,-5.192575660739607e-05
2021-07-20 19:41:00+00:00,431.82,431.82,431.83,100,1100,431.8208333333333,2.2177145964847753e-08,-0.00018121585422148367
2021-07-20 19:42:00+00:00,431.77,431.76,431.77,500,2803,431.76151377535575,4.215156133237059e-08,0.0004697264621007502
2021-07-20 19:43:00+00:00,431.96,431.96,431.97,699,600,431.9653810623557,4.2383669161784346e-08,-0.00017985104891105053
2021-07-20 19:44:00+00:00,431.86,431.85,431.86,100,1800,431.85052631578947,5.975978655336958e-08,-0.000259022269808562
2021-07-20 19:45:00+00:00,431.77,431.77,431.78,100,400,431.772,3.116091630095254e-08,-0.00011028690034253774
2021-07-20 19:46:00+00:00,431.73,431.72,431.73,500,300,431.72625,3.421260030971466e-08,0.00014942279201712871
2021-07-20 19:47:00+00:00,431.8,431.8,431.81,100,2200,431.8004347826087,2.7011626961644112e-08,-0.00017215350700938714
2021-07-20 19:48:00+00:00,431.72,431.71,431.73,700,2100,431.715,1.545872277706278e-08,-5.874365164437734e-05
2021-07-20 19:49:00+00:00,431.7,431.69,431.7,100,3000,431.69032258064516,4.668893115436239e-08,0.0003845767767962638
2021-07-20 19:50:00+00:00,431.88,431.87,431.89,300,2400,431.8722222222222,2.596426558255025e-07,-0.00025355586044017997
2021-07-20 19:51:00+00:00,431.74,431.74,431.75,400,300,431.7457142857143,3.6559617609817676e-08,-0.0004761475619475819
2021-07-20 19:52:00+00:00,431.54,431.54,431.55,420,1100,431.54276315789474,1.1457845637139575e-07,0.0003486411693625069
2021-07-20 19:53:00+00:00,431.67,431.67,431.68,500,400,431.67555555555555,1.1086598168391082e-07,0.0005898300305873239
2021-07-20 19:54:00+00:00,431.95,431.94,431.95,933,100,431.94903194578893,3.821497062851069e-07,-0.00019761721815481081
2021-07-20 19:55:00+00:00,431.87,431.86,431.87,300,200,431.866,2.7125706870919847e-07,-0.0007812394556412361
2021-07-20 19:56:00+00:00,431.53,431.53,431.54,308,2503,431.531095695482,8.8029971718793e-08,-0.00038069408376439906
2021-07-20 19:57:00+00:00,431.37,431.35,431.36,289,100,431.3574293059126,1.1985245940634005e-07,0.00011922411594755822
2021-07-20 19:58:00+00:00,431.47,431.46,431.47,800,1100,431.4642105263158,2.065654856584114e-07,-0.0006117234109483949
2021-07-20 19:59:00+00:00,431.15,431.14,431.15,700,700,431.145,2.3345907520006556e-07,-0.0002154203400700494
2021-07-20 20:00:00+00:00,431.04,431.03,431.04,34500,2378,431.0393551711047,1.470373482721243e-07,-0.00017427458205221402
2021-07-20 20:01:00+00:00,430.99,430.97,430.99,500,1150,430.9760606060606,4.5799733781885967e-08,7.830989837120939e-05
2021-07-20 20:02:00+00:00,431.04,431.01,431.04,900,600,431.028,3.5825383416696414e-08,0.0002597696377766301
2021-07-20 20:03:00+00:00,431.16,431.12,431.14,200,500,431.1257142857143,4.3845503160969544e-08,-0.0003526216223631584
2021-07-20 20:04:00+00:00,430.98,430.97,430.98,1,342,430.970029154519,6.768529641777218e-09,5.026922975392978e-05
2021-07-20 20:05:00+00:00,431.0,430.99,431.0,400,347,430.99535475234273,3.791219519703605e-08,0.00018440888052206894
2021-07-20 20:06:00+00:00,431.08,431.08,431.1,510,505,431.0900492610838,2.504680214975259e-07,0.00046047506000723715
2021-07-20 20:07:00+00:00,431.3,431.26,431.29,400,500,431.2733333333333,4.547958975732933e-08,-0.00016600656095566713
2021-07-20 20:08:00+00:00,431.2,431.19,431.22,1300,1400,431.20444444444445,3.9334534177520746e-08,7.327011936997252e-05
2021-07-20 20:09:00+00:00,431.24,431.22,431.24,400,1500,431.2242105263158,2.4399423693156612e-08,0.00023762800868709633
2021-07-20 20:10:00+00:00,431.3,431.28,431.32,1100,1400,431.2976,6.41842713987127e-08,-0.00021052379666763876
2021-07-20 20:11:00+00:00,431.22,431.22,431.25,2900,400,431.24636363636364,5.4382244848925743e-08,6.956602395380429e-05
2021-07-20 20:12:00+00:00,431.29,431.28,431.29,100,100,431.285,2.667740660716435e-08,0.0001474034631532284
2021-07-20 20:13:00+00:00,431.36,431.33,431.36,600,1500,431.3385714285714,9.262547645594983e-08,0.0003655563909026327
2021-07-20 20:14:00+00:00,431.51,431.49,431.53,500,2700,431.49625,3.71048545625863e-08,-1.669164205342355e-05
2021-07-20 20:15:00+00:00,431.47,431.47,431.49,1000,50,431.4890476190476,9.465029332568237e-09,-1.5602593272823206e-05
2021-07-20 20:16:00+00:00,431.45,431.47,431.5,500,700,431.4825,1.1168319960550061e-08,1.0679014698977696e-05
2021-07-20 20:17:00+00:00,431.5,431.48,431.49,200,230,431.4846511627907,5.27969357057153e-09,-1.189692543668297e-05
2021-07-20 20:18:00+00:00,431.49,431.48,431.49,400,1835,431.4817897091723,9.11259423832294e-12,1.7202053004261586e-07
2021-07-20 20:19:00+00:00,431.48,431.48,431.49,400,1746,431.4818639328985,1.5580775076337008e-08,1.2462740294205688e-05
2021-07-20 20:20:00+00:00,431.49,431.47,431.49,1000,160,431.4872413793104,8.140815591470759e-10,1.42707243155904e-06
2021-07-20 20:21:00+00:00,431.48,431.47,431.49,1250,150,431.48785714285714,1.455841077748108e-09,-3.500334810979666e-05
2021-07-20 20:22:00+00:00,431.47,431.47,431.48,950,2500,431.4727536231884,9.364734145698839e-10,3.840346388050975e-05
2021-07-20 20:23:00+00:00,431.48,431.47,431.49,1000,35,431.4893236714976,5.761428162103095e-10,1.2263833257364354e-05
2021-07-20 20:24:00+00:00,431.5,431.49,431.5,198,231,431.4946153846154,6.459680778933763e-09,4.724187662552559e-05
2021-07-20 20:25:00+00:00,431.5,431.5,431.53,500,500,431.515,5.810189291415278e-09,-1.2259577364392982e-05
2021-07-20 20:26:00+00:00,431.5,431.49,431.51,1698,25,431.5097098084736,5.260059336836804e-09,1.9633416156406014e-05
2021-07-20 20:27:00+00:00,431.51,431.5,431.52,500,50,431.5181818181818,3.0513030286038044e-09,-8.577949267585261e-05
2021-07-20 20:28:00+00:00,431.48,431.48,431.49,75,568,431.481166407465,2.6039449879911188e-09,-1.7803677435979104e-05
2021-07-20 20:29:00+00:00,431.49,431.47,431.49,1076,5100,431.4734844559586,2.4987645114897866e-08,-3.8618228012099465e-06
2021-07-20 20:30:00+00:00,431.48,431.47,431.49,500,5000,431.4718181818182,4.560459711636065e-09,-4.2815543065288786e-05
2021-07-20 20:31:00+00:00,431.45,431.42,431.46,500,100,431.4533333333333,6.612631487984522e-09,-4.831224945167634e-05
2021-07-20 20:32:00+00:00,431.44,431.42,431.46,500,1100,431.4325,1.2217500021117223e-08,-7.919353935248452e-05
2021-07-20 20:33:00+00:00,431.4,431.38,431.4,600,100,431.39714285714285,2.3288166853038904e-08,-0.00010772220795640663
2021-07-20 20:34:00+00:00,431.34,431.34,431.37,327,500,431.3518621523579,6.09643329892136e-09,-2.1494004306732428e-05
2021-07-20 20:35:00+00:00,431.34,431.34,431.36,500,3360,431.3425906735751,1.7668426234269024e-08,0.00012566068331243407
2021-07-20 20:36:00+00:00,431.42,431.39,431.42,500,1708,431.39679347826086,2.8312327426933925e-08,6.88551589116404e-05
2021-07-20 20:37:00+00:00,431.42,431.42,431.43,1855,1000,431.42649737302975,1.0117422074676176e-09,3.127636512934018e-05
2021-07-20 20:38:00+00:00,431.41,431.42,431.44,2179,1,431.4399908256881,1.045194031077017e-09,-3.189023617156117e-05
2021-07-20 20:39:00+00:00,431.42,431.42,431.43,1654,1000,431.4262321024868,1.0176267644222547e-08,-0.00010083955615658446
2021-07-20 20:40:00+00:00,431.41,431.38,431.41,100,1000,431.38272727272727,2.461107289721759e-09,2.844974195026495e-05
2021-07-20 20:41:00+00:00,431.37,431.36,431.4,500,100,431.3933333333333,1.835938143904266e-08,-2.296192671980002e-05
2021-07-20 20:42:00+00:00,431.4,431.37,431.41,600,990,431.3850943396227,7.514864958339546e-09,-5.487131860770766e-06
2021-07-20 20:43:00+00:00,431.41,431.38,431.41,100,1000,431.38272727272727,8.238505991065182e-09,7.481228438788179e-05
2021-07-20 20:44:00+00:00,431.41,431.4,431.43,500,500,431.415,1.8580492061328672e-08,0.00010442439705671269
2021-07-20 20:45:00+00:00,431.46,431.45,431.47,100,99,431.46005025125623,1.631929908517729e-08,-5.8059260044207583e-05
2021-07-20 20:46:00+00:00,431.44,431.42,431.46,1000,1000,431.44,1.430425453186524e-09,-3.455698056276102e-05
2021-07-20 20:47:00+00:00,431.44,431.42,431.43,1,109,431.4200909090909,1.2863625856213719e-08,1.0425651453482843e-05
2021-07-20 20:48:00+00:00,431.44,431.41,431.43,1348,500,431.42458874458873,3.4014880993021162e-09,-6.858381594532226e-05
2021-07-20 20:49:00+00:00,431.41,431.38,431.42,600,1000,431.395,2.8152767485000838e-08,-5.845052489683589e-05
2021-07-20 20:50:00+00:00,431.36,431.36,431.37,500,11,431.3697847358121,1.671126103922242e-08,9.744179470483338e-05
2021-07-20 20:51:00+00:00,431.37,431.41,431.43,500,5000,431.4118181818182,3.9392508953383e-08,3.055506971816335e-05
2021-07-20 20:52:00+00:00,431.43,431.41,431.44,500,500,431.425,2.8531966170387665e-09,4.635799965235776e-05
2021-07-20 20:53:00+00:00,431.43,431.43,431.46,500,500,431.445,5.728931987666694e-09,8.155195954318017e-06
2021-07-20 20:54:00+00:00,431.45,431.43,431.45,500,40,431.44851851851854,1.361317073381971e-08,0.00016347258981830315
2021-07-20 20:55:00+00:00,431.52,431.52,431.56,600,500,431.5418181818182,1.6887476810461863e-08,-0.00017191345709122174
2021-07-20 20:56:00+00:00,431.49,431.43,431.49,494,1600,431.4441547277937,2.008340044079051e-08,4.280672008771802e-05
2021-07-20 20:57:00+00:00,431.48,431.43,431.47,500,100,431.4633333333333,4.640511538111128e-09,3.092838246709917e-05
2021-07-20 20:58:00+00:00,431.48,431.47,431.48,2000,995,431.4766777963272,4.461761823604393e-09,-8.364197392407569e-05
2021-07-20 20:59:00+00:00,431.49,431.44,431.47,10,500,431.4405882352941,2.3999678124049255e-08,4.8433919091595e-05
2021-07-20 21:00:00+00:00,431.45,431.45,431.5,164,50,431.4883177570093,3.284248814926984e-08,0.0001620112885925007
2021-07-20 21:01:00+00:00,431.58,431.5,431.58,450,697,431.53138622493464,9.25393704575299e-09,-0.00017420309651206
2021-07-20 21:02:00+00:00,431.47,431.45,431.46,164,100,431.4562121212121,8.660187883598426e-09,-0.00013189483055819906
2021-07-20 21:03:00+00:00,431.48,431.38,431.48,289,1208,431.3993052772211,8.620098563141587e-09,9.013144380687343e-05
2021-07-20 21:04:00+00:00,431.38,431.38,431.44,88,9,431.4344329896907,5.3062416005229385e-08,-8.438228757834398e-05
2021-07-20 21:05:00+00:00,431.35,431.34,431.47,240,265,431.4017821782178,1.6063571916056974e-08,-0.0001082644574671443
2021-07-20 21:06:00+00:00,431.35,431.35,431.4,139,1230,431.3550766983199,4.905617679575607e-09,1.672916459583007e-06
2021-07-20 21:07:00+00:00,431.36,431.35,431.36,138,100,431.3557983193277,8.311020702767315e-09,7.910351669182525e-05
2021-07-20 21:08:00+00:00,431.32,431.31,431.39,1000,1,431.3899200799201,2.331716804704949e-08,-9.154124970256472e-05
2021-07-20 21:09:00+00:00,431.39,431.35,431.39,1,92,431.3504301075269,2.415705167705409e-09,-1.638632731737477e-05
2021-07-20 21:10:00+00:00,431.32,431.32,431.38,637,999,431.3433618581907,2.7006638409726207e-09,1.5967120057025497e-05
2021-07-20 21:11:00+00:00,431.38,431.35,431.38,5,597,431.35024916943524,2.0921796403881103e-08,7.78758750596964e-05
2021-07-20 21:12:00+00:00,431.36,431.35,431.39,500,91,431.38384094754656,6.181216412118575e-09,-7.744084997129974e-05
2021-07-20 21:13:00+00:00,431.36,431.35,431.37,500,22530,431.3504342162397,2.5333293487425653e-13,-5.033000434195856e-07
2021-07-20 21:14:00+00:00,431.36,431.35,431.36,500,22529,431.35021711754746,1.9859743956768163e-09,-4.412730327518766e-05
2021-07-20 21:15:00+00:00,431.35,431.32,431.35,104,175,431.3311827956989,2.1245987789847556e-09,-2.5820065988502172e-05
2021-07-20 21:16:00+00:00,431.33,431.32,431.33,103,22388,431.3200457960962,1.3504549372785833e-08,3.403445084382284e-05
2021-07-20 21:17:00+00:00,431.31,431.3,431.35,873,384,431.33472553699283,6.579411895494464e-09,-6.113958827447252e-05
2021-07-20 21:18:00+00:00,431.3,431.3,431.31,1015,200,431.30835390946504,1.2798578953592626e-08,1.647746285793339e-05
2021-07-20 21:19:00+00:00,431.32,431.3,431.39,1015,786,431.3507218212104,1.598350228765959e-08,4.364540377244097e-05
2021-07-20 21:20:00+00:00,431.32,431.33,431.34,3,4,431.3342857142857,2.7319006862908564e-09,-5.5733254226697504e-05
2021-07-20 21:21:00+00:00,431.32,431.31,431.32,500,19821,431.31024605088334,3.2921102350614665e-13,8.043730868045884e-07
2021-07-20 21:22:00+00:00,431.34,431.31,431.34,399,19787,431.31059298523735,4.713133217601498e-10,2.2043507163616027e-05
2021-07-20 21:23:00+00:00,431.34,431.32,431.34,100,19784,431.3201005833836,2.270594207228215e-13,1.1659946230757612e-07
2021-07-20 21:24:00+00:00,431.32,431.32,431.35,100,19784,431.3201508750754,1.6230786488052353e-09,-1.2848289724365358e-05
2021-07-20 21:25:00+00:00,431.32,431.31,431.37,398,4783,431.314609148813,2.9446965274414483e-08,-8.427708374170173e-06
2021-07-20 21:26:00+00:00,431.3,431.3,431.34,966,2555,431.3109741550696,3.1772450919483195e-10,-1.7799024075282333e-05
2021-07-20 21:27:00+00:00,431.32,431.3,431.32,944,4782,431.30329724065666,6.306472648703442e-10,3.8738952731876e-05
2021-07-20 21:28:00+00:00,431.33,431.32,431.34,2,7299,431.3200054787016,5.210781717679224e-10,-1.63278207576667e-05
2021-07-20 21:29:00+00:00,431.32,431.31,431.35,400,5000,431.31296296296296,1.2729611782490464e-09,4.613279553944416e-05
2021-07-20 21:30:00+00:00,431.33,431.33,431.34,117,292,431.3328606356969,3.6895947040998263e-13,4.7267539926565405e-07
2021-07-20 21:31:00+00:00,431.34,431.33,431.34,126,258,431.33328124999997,5.6443419760258053e-11,-5.857189594227208e-06
2021-07-20 21:32:00+00:00,431.34,431.33,431.34,12,211,431.33053811659187,8.28978034142749e-12,-1.932817226379946e-06
2021-07-20 21:33:00+00:00,431.34,431.31,431.34,400,209,431.3297044334975,2.5672857848283744e-09,-2.255669167539054e-05
2021-07-20 21:34:00+00:00,431.35,431.31,431.35,400,1204,431.31997506234416,6.4224579720893784e-09,4.523084546947942e-05
2021-07-20 21:35:00+00:00,431.34,431.31,431.34,400,7,431.3394840294841,1.894521236482694e-09,-4.3526098337465235e-05
2021-07-20 21:36:00+00:00,431.34,431.31,431.35,400,1094,431.3207095046854,6.463372743984527e-10,2.5423164130344844e-05
2021-07-20 21:37:00+00:00,431.34,431.33,431.35,100,1094,431.331675041876,0.0,0.0
2021-07-20 21:38:00+00:00,431.34,431.33,431.35,100,1094,431.331675041876,6.463044117779123e-10,-2.5422517809570166e-05
2021-07-20 21:39:00+00:00,431.34,431.31,431.35,400,1094,431.3207095046854,8.286576675651476e-15,-9.103063591808791e-08
2021-07-20 21:40:00+00:00,431.34,431.31,431.35,398,1094,431.3206702412869,1.274299889744985e-09,4.271349959061865e-06
2021-07-20 21:41:00+00:00,431.34,431.32,431.35,100,1094,431.3225125628141,3.0948982503233528e-09,-6.625823132933029e-06
2021-07-20 21:42:00+00:00,431.32,431.31,431.32,1398,50,431.3196546961326,8.025452161342438e-10,3.910566748865918e-05
2021-07-20 21:43:00+00:00,431.32,431.32,431.34,950,200,431.33652173913043,9.4435470362998e-11,-1.3585375528313293e-05
2021-07-20 21:44:00+00:00,431.34,431.32,431.35,741,1344,431.33066187050355,1.2416738393860537e-10,1.0667656621610178e-05
2021-07-20 21:45:00+00:00,431.34,431.33,431.34,500,450,431.33526315789476,1.3639976481682848e-12,-1.0465019382177587e-06
2021-07-20 21:46:00+00:00,431.33,431.33,431.34,409,441,431.3348117647058,1.7264911929756863e-16,1.3139601184875005e-08
2021-07-20 21:47:00+00:00,431.34,431.33,431.34,409,440,431.33481743227327,8.58113064641125e-11,-1.0699774040223708e-05
2021-07-20 21:48:00+00:00,431.34,431.33,431.34,9,436,431.33020224719104,1.1152676843017414e-18,1.0560623486810528e-09
2021-07-20 21:49:00+00:00,431.34,431.33,431.34,9,435,431.33020270270265,3.951208689475574e-11,-4.3547336348037646e-07
2021-07-20 21:50:00+00:00,431.34,431.33,431.35,1,1344,431.3300148698885,4.209714003995188e-09,-1.1295036128622371e-08
2021-07-20 21:51:00+00:00,431.37,431.33,431.38,1,5000,431.3300099980004,9.580822867806442e-10,3.67998811978687e-05
2021-07-20 21:52:00+00:00,431.33,431.32,431.35,943,150,431.34588289112537,7.371032078889083e-14,2.714964471017822e-07
2021-07-20 21:53:00+00:00,431.33,431.33,431.35,600,150,431.346,1.1074179727838333e-12,2.1450223868235696e-06
2021-07-20 21:54:00+00:00,431.35,431.33,431.35,600,109,431.34692524682646,5.107730153555451e-10,-1.1380819693873612e-05
2021-07-20 21:55:00+00:00,431.35,431.33,431.35,1338,889,431.34201616524473,5.784668315175052e-11,-1.6541879803710913e-06
2021-07-20 21:56:00+00:00,431.34,431.34,431.35,133,888,431.34130264446617,2.5680479800341813e-09,6.552252879998832e-05
2021-07-20 21:57:00+00:00,431.35,431.36,431.37,132,6,431.3695652173913,6.70223040361761e-13,8.184136477407122e-07
2021-07-20 21:58:00+00:00,431.36,431.36,431.37,728,6,431.36991825613075,4.004960293050756e-11,-6.328993291782048e-06
2021-07-20 21:59:00+00:00,431.36,431.36,431.37,726,284,431.36718811881184,1.6951355576193267e-08,8.156785956825452e-05
2021-07-20 22:00:00+00:00,431.45,431.36,431.45,597,671,431.4023738170347,5.171053168287929e-08,-0.00012506367066489332
2021-07-20 22:01:00+00:00,431.34,431.33,431.4,500,1400,431.3484210526316,5.3785941458273386e-08,3.566368741081405e-05
2021-07-20 22:02:00+00:00,431.39,431.35,431.4,500,1311,431.3638045278851,9.11223856688748e-08,0.0001113737531255321
2021-07-20 22:03:00+00:00,431.36,431.38,431.43,500,285,431.41184713375793,1.4497562664789643e-08,-4.401824156408107e-05
2021-07-20 22:04:00+00:00,431.36,431.35,431.4,600,100,431.39285714285717,2.8422366702399807e-08,-9.109520515382385e-05
2021-07-20 22:05:00+00:00,431.32,431.34,431.38,100,195,431.35355932203385,2.5970878676872067e-08,0.00016878106777240554
2021-07-20 22:06:00+00:00,431.38,431.41,431.43,100,10,431.4281818181818,9.184564519730985e-09,-1.3230296384003637e-05
2021-07-20 22:07:00+00:00,431.44,431.42,431.46,10,600,431.42065573770486,4.117151622103872e-08,0.00030560489059028306
2021-07-20 22:08:00+00:00,431.51,431.5,431.55,100,100,431.525,1.7246702403450637e-08,6.372341719718122e-05
2021-07-20 22:09:00+00:00,431.58,431.58,431.6,100,100,431.59,6.883899771247029e-08,0.0002664627647250839
2021-07-20 22:10:00+00:00,431.69,431.67,431.7,100,20,431.695,2.4331916158674694e-08,0.0
2021-07-20 22:11:00+00:00,431.67,431.66,431.73,100,100,431.695,1.7370984766989e-08,-9.941432415627727e-05
2021-07-20 22:12:00+00:00,431.66,431.65,431.67,500,4300,431.65208333333334,2.0805518957949377e-08,-6.526156352026913e-05
2021-07-20 22:13:00+00:00,431.63,431.62,431.65,15,100,431.62391304347824,0.0,0.0
2021-07-20 22:14:00+00:00,431.63,431.62,431.65,15,100,431.62391304347824,7.953004593726732e-09,6.379681721124797e-06
2021-07-20 22:15:00+00:00,431.63,431.62,431.66,20,100,431.62666666666667,7.84732921658117e-08,6.564314839985208e-05
2021-07-20 22:16:00+00:00,431.64,431.63,431.68,100,100,431.655,3.3467906551271636e-08,0.00010424992181268244
2021-07-20 22:17:00+00:00,431.71,431.68,431.72,100,100,431.7,1.7357471540410497e-08,8.835131790707607e-05
2021-07-20 22:18:00+00:00,431.72,431.72,431.74,488,50,431.7381412639405,2.058949910081006e-09,-5.389718175141667e-05
2021-07-20 22:19:00+00:00,431.71,431.71,431.72,190,200,431.7148717948718,4.2911732180744506e-09,4.585172549775862e-05
2021-07-20 22:20:00+00:00,431.74,431.73,431.74,350,400,431.73466666666667,4.446150548486633e-10,-1.0671645900295346e-05
2021-07-20 22:21:00+00:00,431.73,431.73,431.74,2,335,431.7300593471811,1.427358275760229e-08,0.0001272569551955538
2021-07-20 22:22:00+00:00,431.75,431.76,431.79,500,100,431.785,7.759480350980462e-09,6.498106983721108e-05
2021-07-20 22:23:00+00:00,431.8,431.78,431.82,500,105,431.81305785123965,1.3292418371463046e-09,-2.8034053318193308e-05
2021-07-20 22:24:00+00:00,431.8,431.8,431.82,1,20,431.80095238095237,2.4295271481721574e-09,4.02522326203858e-05
2021-07-20 22:25:00+00:00,431.8,431.81,431.82,100,20,431.8183333333333,1.7757014967943182e-11,-7.798603367525914e-07
2021-07-20 22:26:00+00:00,431.8,431.8,431.82,1051,117,431.8179965753425,1.0837943236343763e-08,-0.0001576044910627239
2021-07-20 22:27:00+00:00,431.73,431.7,431.75,500,1,431.7499001996008,8.9759988324883e-09,-7.861059517710878e-05
2021-07-20 22:28:00+00:00,431.71,431.65,431.7,500,500,431.675,1.6993869813318208e-08,-0.00012339762082647088
2021-07-20 22:29:00+00:00,431.64,431.63,431.67,500,100,431.66333333333336,7.51277456876442e-09,1.9573609967071803e-05
2021-07-20 22:30:00+00:00,431.64,431.65,431.71,600,1100,431.67117647058825,6.966083162490581e-10,4.178925225861718e-05
2021-07-20 22:31:00+00:00,431.67,431.65,431.69,500,10,431.6892156862745,3.9234145786958355e-09,-4.8373580303517905e-05
2021-07-20 22:32:00+00:00,431.66,431.66,431.67,496,100,431.668322147651,1.3661414548829829e-08,4.951812046471993e-05
2021-07-20 22:33:00+00:00,431.66,431.68,431.69,500,15,431.6897087378641,8.604006084178388e-10,-3.649669930305688e-05
2021-07-20 22:34:00+00:00,431.66,431.66,431.69,100,115,431.6739534883721,1.6616815656768787e-08,3.6498031360743255e-05
2021-07-20 22:35:00+00:00,431.66,431.68,431.69,500,15,431.6897087378641,2.1695252285385767e-09,4.631892709716645e-05
2021-07-20 22:36:00+00:00,431.69,431.68,431.71,502,5,431.7097041420118,8.906639663640698e-09,-0.00010355139479811815
2021-07-20 22:37:00+00:00,431.69,431.63,431.68,500,500,431.655,2.181845204246599e-08,0.00010401813929550308
2021-07-20 22:38:00+00:00,431.69,431.7,431.71,500,5,431.709900990099,4.852301358798654e-09,-4.6032069278334475e-05
2021-07-20 22:39:00+00:00,431.69,431.65,431.68,50,100,431.66,2.7678272120594227e-08,-1.5509176152561643e-05
2021-07-20 22:40:00+00:00,431.65,431.65,431.69,500,100,431.68333333333334,2.5021703674175938e-08,-1.930427396623635e-05
2021-07-20 22:41:00+00:00,431.65,431.65,431.7,500,500,431.675,2.154963806204154e-09,-4.3435454914031446e-05
2021-07-20 22:42:00+00:00,431.65,431.65,431.66,500,300,431.65625,1.8798523729137907e-08,0.00023966517407547627
2021-07-20 22:43:00+00:00,431.73,431.73,431.76,500,5,431.75970297029704,1.0225968841323626e-08,-9.840271625638497e-05
2021-07-20 22:44:00+00:00,431.72,431.7,431.72,600,97,431.7172166427547,8.518816673848307e-09,-5.0013392846826044e-05
2021-07-20 22:45:00+00:00,431.7,431.68,431.73,500,1100,431.695625,1.7761348586165396e-08,-2.9725126834856397e-05
2021-07-20 22:46:00+00:00,431.65,431.65,431.71,455,600,431.6758767772512,1.1084120434573586e-08,-5.941848060253552e-05
2021-07-20 22:47:00+00:00,431.69,431.65,431.66,500,200,431.65714285714284,1.8432853549078963e-08,0.0002373668661546091
2021-07-20 22:48:00+00:00,431.66,431.72,431.76,500,5,431.7596039603961,1.450402232707893e-09,-1.2880795594583105e-05
2021-07-20 22:49:00+00:00,431.74,431.72,431.76,600,105,431.7540425531915,9.255107368790023e-09,-5.5456442628609715e-05
2021-07-20 22:50:00+00:00,431.73,431.73,431.74,1,100,431.730099009901,1.5525344620649494e-08,-9.287981077288343e-05
2021-07-20 22:51:00+00:00,431.72,431.68,431.7,100,100,431.69,1.5825174938427253e-08,-1.16170979521657e-05
2021-07-20 22:52:00+00:00,431.68,431.67,431.7,500,501,431.68498501498505,1.473773079556251e-11,-3.8389752272660616e-06
2021-07-20 22:53:00+00:00,431.68,431.68,431.7,100,501,431.6833277870216,7.936158445130004e-10,3.089968684544253e-05
2021-07-20 22:54:00+00:00,431.7,431.69,431.7,100,50,431.69666666666666,1.9076653846570632e-09,-3.769894710925481e-05
2021-07-20 22:55:00+00:00,431.7,431.68,431.72,1,500,431.68007984031937,1.342808418825922e-08,0.00012965953635557526
2021-07-20 22:56:00+00:00,431.72,431.7,431.74,500,50,431.73636363636365,1.350437087854805e-09,5.230825466107092e-06
2021-07-20 22:57:00+00:00,431.73,431.72,431.74,500,37,431.73862197392924,8.409161567037534e-11,-1.1616789179602627e-05
2021-07-20 22:58:00+00:00,431.74,431.73,431.75,22,100,431.7336065573771,8.328623229924364e-09,-3.808720841347313e-05
2021-07-20 22:59:00+00:00,431.73,431.71,431.73,279,500,431.717163029525,2.8704966708003147e-08,4.5176886192876964e-05
2021-07-20 23:00:00+00:00,431.77,431.73,431.77,100,500,431.7366666666667,1.112751804624933e-08,1.9301889268907857e-05
2021-07-20 23:01:00+00:00,431.77,431.72,431.77,500,500,431.745,2.2175725683152758e-09,-4.466922439338994e-05
2021-07-20 23:02:00+00:00,431.77,431.71,431.74,110,100,431.7257142857143,6.198511500915045e-09,-0.00010581025482725437
2021-07-20 23:03:00+00:00,431.71,431.68,431.7,1,600,431.6800332778702,1.4092799294052065e-09,3.7873339531202532e-06
2021-07-20 23:04:00+00:00,431.71,431.68,431.7,91,1000,431.6816681943171,5.3901192549615225e-09,7.718200536022124e-06
2021-07-20 23:05:00+00:00,431.68,431.66,431.71,100,100,431.685,6.024210728739026e-09,6.94951179678327e-05
2021-07-20 23:06:00+00:00,431.68,431.7,431.73,600,600,431.715,4.434608528179405e-08,0.0002429369330976261
2021-07-20 23:07:00+00:00,431.79,431.8,431.82,495,3,431.81987951807224,3.3948936803319285e-08,8.936132558368115e-06
2021-07-20 23:08:00+00:00,431.85,431.82,431.84,100,435,431.823738317757,6.054634227806044e-08,0.00014291995140891522
2021-07-20 23:09:00+00:00,431.9,431.9,431.94,100,500,431.9066666666667,7.682579904958425e-09,-1.7307245233744162e-05
2021-07-20 23:10:00+00:00,431.87,431.82,431.88,600,100,431.87142857142857,7.849608533139737e-09,-6.899629337975277e-06
2021-07-20 23:11:00+00:00,431.9,431.86,431.89,100,100,431.875,2.1002970275103602e-08,-6.936790453948571e-05
2021-07-20 23:12:00+00:00,431.87,431.82,431.87,600,598,431.845041736227,9.864663672980608e-09,6.456802344101398e-05
2021-07-20 23:13:00+00:00,431.9,431.87,431.9,500,4628,431.87292511700474,1.646019643820312e-08,0.0002545897487002957
2021-07-20 23:14:00+00:00,432.02,432.02,432.05,495,2,432.04987927565395,2.68960201112155e-08,0.00012452144108521246
2021-07-20 23:15:00+00:00,432.04,431.99,432.03,512,100,432.0234640522876,1.0183635084668803e-08,-7.952791281362614e-05
2021-07-20 23:16:00+00:00,432.04,432.0,432.01,30,100,432.00230769230774,9.30898009914118e-09,-0.00011625779411184034
2021-07-20 23:17:00+00:00,431.95,431.95,431.99,300,5458,431.9520840569642,2.198923841843519e-09,6.592873986233094e-05
2021-07-20 23:18:00+00:00,431.99,431.98,431.99,200,3358,431.98056211354697,4.447152112761711e-09,-4.335719316794773e-05
2021-07-20 23:19:00+00:00,431.96,431.96,431.99,138,3658,431.96109062170706,1.7280589337487674e-08,0.00011285690474616139
2021-07-20 23:20:00+00:00,431.99,432.02,432.03,3,100,432.0202912621359,3.5493961190689124e-08,0.00019327381556277778
2021-07-20 23:21:00+00:00,432.1,432.09,432.1,600,871,432.0940788579197,1.2384136281360057e-09,-4.750406762132897e-05
2021-07-20 23:22:00+00:00,432.07,432.07,432.09,108,500,432.0735526315789,2.8575927041445402e-08,-4.3023063587166455e-05
2021-07-20 23:23:00+00:00,432.05,432.05,432.09,85,600,432.0549635036497,2.0928592607740797e-08,8.62360618898439e-05
2021-07-20 23:24:00+00:00,432.11,432.07,432.1,100,35,432.0922222222222,1.2309127478049792e-08,-7.167965686316613e-05
2021-07-20 23:25:00+00:00,432.1,432.05,432.08,60,100,432.06125000000003,3.0618214357127377e-09,-7.19135853045616e-05
2021-07-20 23:26:00+00:00,432.1,432.03,432.06,3,500,432.03017892644135,2.4743491040723038e-08,0.00010143058447331654
2021-07-20 23:27:00+00:00,432.04,432.05,432.08,100,25,432.074,1.0873916856525427e-08,0.00010435922802787267
2021-07-20 23:28:00+00:00,432.1,432.11,432.12,500,50,432.1190909090909,5.211314885949824e-08,-9.817720002835983e-05
2021-07-20 23:29:00+00:00,432.12,432.07,432.11,100,500,432.07666666666665,3.588680556458972e-10,2.093984643392055e-05
2021-07-20 23:30:00+00:00,432.12,432.06,432.09,3000,500,432.0857142857143,5.271847141527041e-09,7.347160689841203e-06
2021-07-20 23:31:00+00:00,432.06,432.06,432.09,2600,100,432.0888888888889,2.100845468057559e-09,-4.837056374085158e-05
2021-07-20 23:32:00+00:00,432.06,432.06,432.07,2363,595,432.06798850574717,6.508159358156801e-10,3.216331809841044e-05
2021-07-20 23:33:00+00:00,432.09,432.07,432.09,145,99,432.0818852459016,6.641607759019874e-10,-2.490650676068018e-05
2021-07-20 23:34:00+00:00,432.09,432.07,432.09,5,84,432.0711235955056,2.2670726645577945e-09,2.800976571926128e-05
2021-07-20 23:35:00+00:00,432.08,432.08,432.09,40,84,432.0832258064516,6.224457928002347e-09,-9.818896897095808e-05
2021-07-20 23:36:00+00:00,432.06,432.04,432.06,25,600,432.0408,2.751528125417542e-09,-7.124144288972456e-05
2021-07-20 23:37:00+00:00,432.0,432.0,432.01,842,500,432.00627421758566,3.279525199201768e-09,-6.926177329169558e-05
2021-07-20 23:38:00+00:00,432.0,431.98,431.99,5,500,431.98009900990104,4.0260448769078844e-09,-6.504700092768712e-05
2021-07-20 23:39:00+00:00,431.96,431.95,431.96,80,320,431.952,1.4931827049429526e-08,1.3890432270402542e-05
2021-07-20 23:40:00+00:00,431.94,431.95,431.96,100,25,431.958,1.7279118969713954e-10,-3.788247089797636e-06
2021-07-20 23:41:00+00:00,431.96,431.94,431.97,600,500,431.9563636363636,4.746165224960898e-10,2.086485691865647e-05
2021-07-20 23:42:00+00:00,431.97,431.96,431.97,500,430,431.965376344086,1.6552039786734555e-08,6.472044005922939e-05
2021-07-20 23:43:00+00:00,432.0,431.96,432.0,500,100,431.99333333333334,6.258430605966966e-09,-1.4029397198855875e-05
2021-07-20 23:44:00+00:00,432.0,431.96,432.02,500,600,431.98727272727274,1.636247579957848e-08,-1.505483358910098e-05
2021-07-20 23:45:00+00:00,432.0,431.98,431.99,50,600,431.9807692307692,3.45541272315445e-08,-0.00011574589324669926
2021-07-20 23:46:00+00:00,431.94,431.93,431.95,25,600,431.9308,3.89511009481794e-09,-3.9402682053713e-05
2021-07-20 23:47:00+00:00,431.9,431.91,431.92,300,500,431.91375,1.7003378901771044e-09,-2.3116684673918364e-05
2021-07-20 23:48:00+00:00,431.9,431.9,431.91,302,500,431.9037655860349,1.8772636436144774e-08,-4.437182670780082e-05
2021-07-20 23:49:00+00:00,431.89,431.88,431.91,100,552,431.8846012269939,1.7677599705039933e-08,-1.8371945433304226e-05
2021-07-20 23:50:00+00:00,431.89,431.87,431.91,100,500,431.87666666666667,7.060896866088101e-09,3.3995001520681356e-05
2021-07-20 23:51:00+00:00,431.9,431.89,431.9,600,3789,431.89136705399864,1.8865960823929808e-08,0.00010633325452169551
2021-07-20 23:52:00+00:00,431.9,431.91,431.94,500,50,431.9372727272727,9.768605472724452e-09,9.841014215261623e-05
2021-07-20 23:53:00+00:00,431.96,431.94,431.98,600,5,431.97966942148764,5.4480960353523885e-09,3.403636843102298e-05
2021-07-20 23:54:00+00:00,431.98,431.96,432.0,500,80,431.9944827586207,6.3031560678487705e-09,-6.529657147602563e-05
2021-07-20 23:55:00+00:00,431.97,431.96,431.97,502,298,431.966275,1.415513299062125e-08,0.00011641533821116212
2021-07-20 23:56:00+00:00,432.01,432.01,432.04,140,500,432.01656249999996,2.0401343602646762e-08,-6.876276733003284e-05
2021-07-20 23:57:00+00:00,432.0,431.98,432.0,302,579,431.98685584563003,1.4041506870013928e-08,0.00019229548765853366
2021-07-20 23:58:00+00:00,432.05,432.05,432.07,2390,9,432.0699249687369,4.356528945448302e-09,-2.1190407937687894e-05
2021-07-20 23:59:00+00:00,432.09,432.06,432.07,50,600,432.0607692307692,1.5729684504006535e-08,-0.00016290443473931937
