ts_recv,price,bid_px_00,ask_px_00,bid_sz_00,ask_sz_00,weighted_mid,rv_60s,ret_60s
2024-02-09 08:01:00+00:00,,,,0,0,,0.0,
2024-02-09 08:02:00+00:00,,,,0,0,,0.0,
2024-02-09 08:03:00+00:00,,,,0,0,,0.0,
2024-02-09 08:04:00+00:00,,,,0,0,,0.0,
2024-02-09 08:05:00+00:00,,,,0,0,,0.0,
2024-02-09 08:06:00+00:00,,,,0,0,,0.0,
2024-02-09 08:07:00+00:00,,,,0,0,,0.0,
2024-02-09 08:08:00+00:00,,,,0,0,,0.0,
2024-02-09 08:09:00+00:00,,,,0,0,,0.0,
2024-02-09 08:10:00+00:00,,,,0,0,,0.0,
2024-02-09 08:11:00+00:00,,,,0,0,,0.0,
2024-02-09 08:12:00+00:00,,,,0,0,,0.0,
2024-02-09 08:13:00+00:00,,,,0,0,,0.0,
2024-02-09 08:14:00+00:00,,,,0,0,,0.0,
2024-02-09 08:15:00+00:00,,,,0,0,,0.0,
2024-02-09 08:16:00+00:00,,,,0,0,,0.0,
2024-02-09 08:17:00+00:00,,,,0,0,,0.0,
2024-02-09 08:18:00+00:00,,,,0,0,,0.0,
2024-02-09 08:19:00+00:00,,,,0,0,,0.0,
2024-02-09 08:20:00+00:00,,,,0,0,,0.0,
2024-02-09 08:21:00+00:00,,,,0,0,,0.0,
2024-02-09 08:22:00+00:00,,,,0,0,,0.0,
2024-02-09 08:23:00+00:00,,,,0,0,,0.0,
2024-02-09 08:24:00+00:00,,,,0,0,,0.0,
2024-02-09 08:25:00+00:00,,,,0,0,,0.0,
2024-02-09 08:26:00+00:00,,,,0,0,,0.0,
2024-02-09 08:27:00+00:00,,,,0,0,,0.0,
2024-02-09 08:28:00+00:00,,,,0,0,,0.0,
2024-02-09 08:29:00+00:00,,,,0,0,,0.0,
2024-02-09 08:30:00+00:00,,,,0,0,,0.0,
2024-02-09 08:31:00+00:00,,,,0,0,,0.0,
2024-02-09 08:32:00+00:00,,,,0,0,,0.0,
2024-02-09 08:33:00+00:00,,,,0,0,,0.0,
2024-02-09 08:34:00+00:00,,,,0,0,,0.0,
2024-02-09 08:35:00+00:00,,,,0,0,,0.0,
2024-02-09 08:36:00+00:00,,,,0,0,,0.0,
2024-02-09 08:37:00+00:00,,,,0,0,,0.0,
2024-02-09 08:38:00+00:00,,,,0,0,,0.0,
2024-02-09 08:39:00+00:00,,,,0,0,,0.0,
2024-02-09 08:40:00+00:00,,,,0,0,,0.0,
2024-02-09 08:41:00+00:00,,,,0,0,,0.0,
2024-02-09 08:42:00+00:00,,,,0,0,,0.0,
2024-02-09 08:43:00+00:00,,,,0,0,,0.0,
2024-02-09 08:44:00+00:00,,,,0,0,,0.0,
2024-02-09 08:45:00+00:00,,,,0,0,,0.0,
2024-02-09 08:46:00+00:00,,,,0,0,,0.0,
2024-02-09 08:47:00+00:00,,,,0,0,,0.0,
2024-02-09 08:48:00+00:00,,,,0,0,,0.0,
2024-02-09 08:49:00+00:00,,,,0,0,,0.0,
2024-02-09 08:50:00+00:00,,,,0,0,,0.0,
2024-02-09 08:51:00+00:00,,,,0,0,,0.0,
2024-02-09 08:52:00+00:00,,,,0,0,,0.0,
2024-02-09 08:53:00+00:00,,,,0,0,,0.0,
2024-02-09 08:54:00+00:00,,,,0,0,,0.0,
2024-02-09 08:55:00+00:00,,,,0,0,,0.0,
2024-02-09 08:56:00+00:00,,,,0,0,,0.0,
2024-02-09 08:57:00+00:00,,,,0,0,,0.0,
2024-02-09 08:58:00+00:00,,,,0,0,,0.0,
2024-02-09 08:59:00+00:00,,,,0,0,,0.0,
2024-02-09 09:00:00+00:00,,,,0,0,,4.7525974402492146e-08,
2024-02-09 09:01:00+00:00,498.96,498.86,498.99,500,520,498.9237254901961,3.362449390068092e-08,0.00014285652528123194
2024-02-09 09:02:00+00:00,498.93,498.92,499.07,500,500,498.995,7.486823430729567e-09,-0.00014362201358064652
2024-02-09 09:03:00+00:00,498.92,498.91,498.99,100,500,498.92333333333335,1.0332709112275642e-08,0.00011568771069492279
2024-02-09 09:04:00+00:00,498.92,498.94,499.0,1300,600,498.98105263157896,1.69196987863199e-08,-5.094976190278544e-06
2024-02-09 09:05:00+00:00,498.97,498.95,499.0,800,603,498.97851033499643,1.1813276896748537e-08,-6.147173728021649e-05
2024-02-09 09:06:00+00:00,498.95,498.92,498.95,1300,101,498.94783725910065,6.897820493287693e-09,2.549023265596695e-05
2024-02-09 09:07:00+00:00,498.95,498.91,498.99,1300,1800,498.94354838709677,1.1773393605419537e-07,-0.00020153006973389065
2024-02-09 09:08:00+00:00,498.95,498.83,498.89,500,500,498.86,2.2411521853814715e-08,-2.2273004672945795e-05
2024-02-09 09:09:00+00:00,498.83,498.82,498.85,1300,50,498.8488888888889,5.534078625889034e-09,-4.7888026657005867e-05
2024-02-09 09:10:00+00:00,498.79,498.79,498.85,700,500,498.825,1.0155609992835142e-08,-1.3510009391648481e-05
2024-02-09 09:11:00+00:00,498.8,498.79,498.84,650,500,498.8182608695652,2.7444302820039735e-08,1.351019191431213e-05
2024-02-09 09:12:00+00:00,498.8,498.79,498.84,1300,500,498.8261111111111,6.475289773356128e-09,-7.563228131568511e-05
2024-02-09 09:13:00+00:00,498.76,498.79,498.82,10,1800,498.7901657458563,1.6685284068195845e-08,-8.691132813742897e-05
2024-02-09 09:14:00+00:00,498.73,498.72,498.79,1300,1347,498.7543785417454,1.9664093419766606e-08,-0.00022841874920365157
2024-02-09 09:15:00+00:00,498.65,498.59,498.65,1300,1800,498.6151612903226,1.8911785520971815e-08,-2.6739934086084105e-05
2024-02-09 09:16:00+00:00,498.65,498.59,498.65,1300,1000,498.62391304347824,1.7799631763054807e-08,0.000233815457238995
2024-02-09 09:17:00+00:00,498.65,498.69,498.76,1300,804,498.7332509505703,1.0478091486236207e-08,-1.854889473018595e-05
2024-02-09 09:18:00+00:00,498.7,498.68,498.74,1100,400,498.724,5.621982995117127e-09,-5.8148394703305684e-05
2024-02-09 09:19:00+00:00,498.7,498.67,498.72,400,400,498.695,8.751602747910793e-09,2.91236317264687e-05
2024-02-09 09:20:00+00:00,498.69,498.7,498.75,400,1700,498.70952380952383,7.866774749996913e-09,1.0980721671938198e-05
2024-02-09 09:21:00+00:00,498.67,498.67,498.73,1200,400,498.715,8.25992462516621e-09,2.182078530066356e-05
2024-02-09 09:22:00+00:00,498.74,498.69,498.74,400,400,498.715,1.689959498494967e-08,8.344793910119996e-05
2024-02-09 09:23:00+00:00,498.74,498.73,498.78,1200,400,498.7675,1.3825338945645426e-08,4.4377683673157975e-05
2024-02-09 09:24:00+00:00,498.79,498.75,498.8,1300,340,498.7896341463415,6.722369515390095e-09,-3.918720130469122e-05
2024-02-09 09:25:00+00:00,498.79,498.77,498.8,1,340,498.7700879765395,4.126291254154084e-09,1.3189824902726244e-05
2024-02-09 09:26:00+00:00,498.79,498.75,498.79,800,400,498.77666666666664,1.7267662970441923e-08,-7.347783573607991e-05
2024-02-09 09:27:00+00:00,498.79,498.74,498.77,1,1700,498.74001763668434,5.0743962426557845e-09,-2.7287168027356756e-06
2024-02-09 09:28:00+00:00,498.77,498.72,498.78,400,400,498.75,5.434240910503962e-09,2.945720772085103e-05
2024-02-09 09:29:00+00:00,498.77,498.74,498.77,400,499,498.75334816462737,4.328485261422425e-09,-4.6689758680051874e-05
2024-02-09 09:30:00+00:00,498.77,498.73,498.77,2,1299,498.7300614911607,5.0265173105434584e-09,-2.5903058619047847e-05
2024-02-09 09:31:00+00:00,498.73,498.7,498.73,300,400,498.71285714285716,5.038698773695828e-10,-2.3526404185902905e-05
2024-02-09 09:32:00+00:00,498.7,498.7,498.73,88,400,498.70540983606554,2.0300402729980464e-08,8.617765089580232e-05
2024-02-09 09:33:00+00:00,498.74,498.7,498.75,900,30,498.7483870967742,1.4833666034228641e-08,3.3309186867835905e-05
2024-02-09 09:34:00+00:00,498.75,498.72,498.78,1200,400,498.765,6.505286926295157e-09,5.779603315736459e-05
2024-02-09 09:35:00+00:00,498.8,498.76,498.8,400,73,498.79382663847775,2.198399195217248e-08,-0.00017808287459453176
2024-02-09 09:36:00+00:00,498.79,498.68,498.73,400,400,498.705,8.710234354267616e-09,5.012983627605827e-05
2024-02-09 09:37:00+00:00,498.68,498.71,498.77,400,800,498.73,1.9753686387608714e-08,7.017825276189882e-05
2024-02-09 09:38:00+00:00,498.75,498.74,498.79,400,400,498.765,6.175177289587256e-09,-7.71135473809359e-07
2024-02-09 09:39:00+00:00,498.75,498.73,498.78,900,400,498.7646153846154,3.800481145295947e-09,8.419930454794944e-05
2024-02-09 09:40:00+00:00,498.79,498.79,498.84,398,800,498.8066110183639,1.1418158110020736e-08,1.681810435294473e-05
2024-02-09 09:41:00+00:00,498.79,498.79,498.84,400,400,498.815,9.474362723331907e-09,-0.00011026131932678762
2024-02-09 09:42:00+00:00,498.79,498.74,498.78,400,400,498.76,1.6537219046600737e-08,5.896977445241092e-06
2024-02-09 09:43:00+00:00,498.76,498.76,498.81,25,400,498.7629411764706,1.3019720798593305e-08,-2.5696552677034745e-05
2024-02-09 09:44:00+00:00,498.76,498.75,498.8,1,400,498.7501246882793,9.607999134691176e-09,4.9875299251711525e-05
2024-02-09 09:45:00+00:00,498.75,498.76,498.79,400,400,498.775,9.379360081724414e-09,-9.022104155176347e-05
2024-02-09 09:46:00+00:00,498.76,498.71,498.75,400,400,498.73,1.5444845843908163e-09,4.6785501841339894e-05
2024-02-09 09:47:00+00:00,498.77,498.74,498.81,400,500,498.7711111111111,5.892727306723245e-08,0.0002539665566145821
2024-02-09 09:48:00+00:00,498.81,498.85,498.91,400,400,498.88,2.630318615619503e-08,1.0022450288582618e-05
2024-02-09 09:49:00+00:00,498.81,498.86,498.91,400,400,498.885,1.4346837816049166e-08,-0.00017018000015345258
2024-02-09 09:50:00+00:00,498.85,498.8,498.84,1,400,498.8000997506234,1.2797941100406355e-08,-4.029620409762291e-05
2024-02-09 09:51:00+00:00,498.8,498.75,498.81,400,400,498.78,8.320435280830937e-09,2.6270997786292938e-05
2024-02-09 09:52:00+00:00,498.83,498.77,498.84,400,1700,498.78333333333336,1.741109010401161e-08,9.074974320499862e-05
2024-02-09 09:53:00+00:00,498.84,498.81,498.86,400,305,498.83836879432624,1.4098950302627352e-08,4.2620689653105615e-05
2024-02-09 09:54:00+00:00,498.84,498.83,498.86,400,5,498.85962962962964,2.73931121210781e-09,-3.557075341797944e-05
2024-02-09 09:55:00+00:00,498.85,498.8,498.85,800,155,498.8418848167539,2.2466432045273024e-09,-5.389446550541077e-05
2024-02-09 09:56:00+00:00,498.85,498.79,498.84,400,400,498.815,6.658308544301902e-09,4.009502520974095e-05
2024-02-09 09:57:00+00:00,498.86,498.81,498.86,400,400,498.835,2.34083025503982e-10,-1.575098551043208e-05
2024-02-09 09:58:00+00:00,498.85,498.81,498.84,400,300,498.82714285714286,5.036247397180404e-09,4.022459553865154e-05
2024-02-09 09:59:00+00:00,498.83,498.84,498.9,400,400,498.87,2.991601853032846e-09,7.575871366549691e-05
2024-02-09 10:00:00+00:00,498.83,498.86,498.91,400,400,498.885,9.245920243161371e-09,-6.347488232083531e-05
2024-02-09 10:01:00+00:00,498.83,498.84,498.88,400,800,498.85333333333335,6.6739371709694576e-09,-6.381301117230898e-05
2024-02-09 10:02:00+00:00,498.83,498.8,498.86,900,1100,498.827,1.7384247110310766e-08,0.00019367926231184107
2024-02-09 10:03:00+00:00,498.83,498.86,498.92,400,13,498.91811138014526,1.4168715029186445e-08,1.8927152689585114e-06
2024-02-09 10:04:00+00:00,498.83,498.89,498.92,400,13,498.91905569007264,4.890066006279459e-09,0.00012149784241732853
2024-02-09 10:05:00+00:00,498.95,498.94,498.98,1700,14,498.97967327887983,1.6097314616245625e-09,6.547784161536896e-07
2024-02-09 10:06:00+00:00,499.0,498.95,498.99,1200,400,498.98,1.3881366964866011e-08,-0.00012160400437233321
2024-02-09 10:07:00+00:00,498.91,498.91,498.96,275,1200,498.9193220338983,8.208916569668704e-09,8.163211889122834e-05
2024-02-09 10:08:00+00:00,498.91,498.96,498.98,1,400,498.96004987531177,4.747380159915444e-10,4.0776617401316884e-05
2024-02-09 10:09:00+00:00,499.0,498.97,499.0,394,743,498.9803957783641,8.113410488431897e-09,-1.013148827733179e-05
2024-02-09 10:10:00+00:00,499.0,498.96,499.0,400,643,498.97534036433365,1.0125619425604322e-08,2.8946723460876456e-05
2024-02-09 10:11:00+00:00,498.95,498.96,499.0,1000,343,498.989784065525,1.2385921533579487e-08,8.130190539024085e-06
2024-02-09 10:12:00+00:00,499.0,498.96,499.0,1000,182,498.9938409475465,6.730106543073306e-09,-0.00010697713881779869
2024-02-09 10:13:00+00:00,498.95,498.94,498.99,13,1400,498.94046001415427,9.292653631902661e-10,3.43976182402006e-05
2024-02-09 10:14:00+00:00,498.95,498.95,499.0,400,481,498.97270147559584,1.6572313943014778e-09,6.634433365482195e-05
2024-02-09 10:15:00+00:00,499.0,498.97,499.0,400,179,498.99072538860105,3.0694536437318315e-08,0.00015982421679883174
2024-02-09 10:16:00+00:00,499.01,499.03,499.08,1700,400,499.0704761904762,1.7761835026483826e-08,5.915759583530189e-05
2024-02-09 10:17:00+00:00,499.11,499.08,499.12,400,400,499.1,6.3457255239924435e-09,-1.9081966587508603e-05
2024-02-09 10:18:00+00:00,499.04,499.05,499.1,1700,400,499.0904761904762,3.328636217951459e-09,7.82142848001488e-05
2024-02-09 10:19:00+00:00,499.04,499.11,499.13,400,10,499.12951219512195,9.918959923444033e-10,5.184971798577465e-07
2024-02-09 10:20:00+00:00,499.04,499.1,499.13,1300,10,499.1297709923664,1.8387851522783452e-08,-5.6563508066931334e-05
2024-02-09 10:21:00+00:00,499.04,499.06,499.12,900,400,499.10153846153844,3.4108676557458256e-09,4.753480910801855e-05
2024-02-09 10:22:00+00:00,499.13,499.12,499.13,10,9,499.1252631578948,5.287402467512051e-09,9.490287218083537e-06
2024-02-09 10:23:00+00:00,499.11,499.11,499.15,374,387,499.1296583442839,8.760788504804588e-09,2.0134536581117857e-05
2024-02-09 10:24:00+00:00,499.14,499.14,499.15,2,400,499.14004975124374,7.134914147356401e-09,-3.103723718866913e-05
2024-02-09 10:25:00+00:00,499.13,499.12,499.13,335,400,499.12455782312924,1.879385584433889e-08,-0.00010915714185499859
2024-02-09 10:26:00+00:00,499.1,499.07,499.1,1,400,499.0700748129676,4.008859437291189e-09,-1.054268969902239e-07
2024-02-09 10:27:00+00:00,499.1,499.07,499.09,1,900,499.0700221975583,5.255634015352455e-09,5.004869323110839e-05
2024-02-09 10:28:00+00:00,499.1,499.07,499.11,301,400,499.0871754636234,1.2597243356294703e-08,-4.9840835353420765e-05
2024-02-09 10:29:00+00:00,499.1,499.07,499.12,1,400,499.0701246882793,3.997077781736331e-09,5.986195174356723e-05
2024-02-09 10:30:00+00:00,499.12,499.08,499.15,1200,1700,499.10896551724136,4.746283812898703e-09,-5.9958299002960125e-05
2024-02-09 10:31:00+00:00,499.12,499.08,499.1,1,400,499.0800498753117,5.410722842980168e-09,8.445188638162016e-05
2024-02-09 10:32:00+00:00,499.12,499.09,499.14,400,500,499.1122222222222,6.571218976050913e-09,4.563658584899599e-05
2024-02-09 10:33:00+00:00,499.12,499.11,499.16,400,400,499.135,4.61228055740939e-09,0.0
2024-02-09 10:34:00+00:00,499.16,499.12,499.15,400,400,499.135,1.710047943859293e-08,-4.9986726413209226e-05
2024-02-09 10:35:00+00:00,499.1,499.07,499.12,1,2200,499.0700227169469,8.595553531945506e-09,-4.583039691163915e-05
2024-02-09 10:36:00+00:00,499.1,499.07,499.11,301,400,499.0871754636234,1.181081405897808e-09,-3.439019609730032e-05
2024-02-09 10:37:00+00:00,499.07,499.05,499.08,25,400,499.05176470588236,8.559749060104003e-09,-2.4684813366815384e-05
2024-02-09 10:38:00+00:00,499.06,499.05,499.1,400,2200,499.0576923076923,2.7309973846023615e-09,-3.535148872080285e-05
2024-02-09 10:39:00+00:00,499.06,499.04,499.06,1,400,499.0400498753117,8.62420778922543e-15,-7.638168952883717e-08
2024-02-09 10:40:00+00:00,499.06,499.04,499.06,1,1700,499.04001175778956,6.695372387400585e-09,7.686164562548115e-05
2024-02-09 10:41:00+00:00,499.06,499.09,499.1,5,305,499.0901612903225,3.7964021607945594e-08,0.00010536138192729361
2024-02-09 10:42:00+00:00,499.16,499.13,499.15,20,400,499.1309523809524,1.4965323045108613e-08,0.00017564189975516342
2024-02-09 10:43:00+00:00,499.23,499.18,499.25,1600,1300,499.21862068965515,7.1443187288777925e-09,-4.226369548632203e-05
2024-02-09 10:44:00+00:00,499.23,499.19,499.25,301,2100,499.1975218658892,1.394797411102451e-08,-0.00023671396992885896
2024-02-09 10:45:00+00:00,499.13,499.05,499.12,1300,1800,499.07935483870966,2.3598972883445642e-08,2.1329596560315522e-05
2024-02-09 10:46:00+00:00,499.09,499.09,499.12,1,1300,499.0900230591852,1.4053610714283705e-08,0.0
2024-02-09 10:47:00+00:00,499.09,499.06,499.12,1300,1300,499.09,9.64075038567741e-09,-1.960039207216102e-05
2024-02-09 10:48:00+00:00,499.05,499.05,499.11,1319,1300,499.08021764032065,7.177704612755768e-09,-9.041462982417592e-06
2024-02-09 10:49:00+00:00,499.1,499.06,499.1,1300,2011,499.0757052250076,7.76221707388271e-09,0.00011886308380493205
2024-02-09 10:50:00+00:00,499.08,499.1,499.17,1302,1300,499.1350269023827,1.917824311266072e-08,-2.9798841748363003e-05
2024-02-09 10:51:00+00:00,499.1,499.09,499.16,500,1300,499.1094444444444,1.595314702506127e-08,-2.069880885524622e-05
2024-02-09 10:52:00+00:00,499.1,499.06,499.11,1400,5,499.10982206405697,7.715192903236267e-09,-4.922393682382786e-05
2024-02-09 10:53:00+00:00,499.11,499.05,499.12,1319,1300,499.08525391370756,4.7570874449685025e-09,-6.890530687542196e-05
2024-02-09 10:54:00+00:00,499.11,499.05,499.11,19,1300,499.05086429112964,3.117310402515387e-08,0.0
2024-02-09 10:55:00+00:00,499.11,499.05,499.11,19,1300,499.05086429112964,9.32284052429828e-10,9.375543029710443e-06
2024-02-09 10:56:00+00:00,499.11,499.01,499.08,1400,1300,499.0462962962963,2.294706496746237e-09,-2.5420058545555513e-05
2024-02-09 10:57:00+00:00,499.11,499.02,499.08,800,1300,499.04285714285714,1.3918251548106126e-08,-4.6173618024725194e-05
2024-02-09 10:58:00+00:00,499.11,499.0,499.06,641,1300,499.0198145285935,0.0,0.0
2024-02-09 10:59:00+00:00,499.11,499.0,499.06,641,1300,499.0198145285935,1.606334268978612e-08,0.00018067902234775168
2024-02-09 11:00:00+00:00,499.11,499.08,499.11,1300,1,499.1099769408147,2.2001966492568412e-08,-0.000300411764473818
2024-02-09 11:01:00+00:00,499.0,498.96,499.01,1,1300,498.9600384319754,1.0741958529788524e-08,9.883838972202241e-05
2024-02-09 11:02:00+00:00,499.0,498.98,499.05,1300,1800,499.00935483870967,1.1243998548553188e-08,-9.881893315399903e-05
2024-02-09 11:03:00+00:00,499.0,498.96,499.0,2,1847,498.96004326663063,2.6542361742331906e-08,-4.013669929758823e-05
2024-02-09 11:04:00+00:00,498.95,498.94,498.97,1,1800,498.9400166574125,1.9643919597267916e-08,-5.751642209061991e-06
2024-02-09 11:05:00+00:00,498.93,498.9,498.94,1302,100,498.93714693295294,8.199797134879532e-09,1.5739591840979728e-05
2024-02-09 11:06:00+00:00,498.93,498.92,498.97,400,400,498.945,1.4127222430637206e-08,1.2338084737661958e-05
2024-02-09 11:07:00+00:00,498.93,498.93,499.0,800,1847,498.95115602568944,2.2797431139198315e-08,3.7826084891223744e-05
2024-02-09 11:08:00+00:00,499.01,498.97,499.02,1,1700,498.97002939447384,9.797341220640738e-09,-5.891029941640369e-08
2024-02-09 11:09:00+00:00,498.95,498.95,498.99,400,400,498.97,6.265892881427861e-09,9.018578271224875e-05
2024-02-09 11:10:00+00:00,499.0,498.99,499.04,400,400,499.015,1.1684234975188968e-08,-0.00010019738885602703
2024-02-09 11:11:00+00:00,499.0,498.95,498.99,400,400,498.97,6.290420350192204e-09,6.012445762726415e-05
2024-02-09 11:12:00+00:00,499.0,498.97,499.02,400,400,498.995,9.436578745276333e-09,0.00012024168578839145
2024-02-09 11:13:00+00:00,499.0,499.03,499.08,400,400,499.055,1.8675452146873552e-09,-7.108673488132045e-05
2024-02-09 11:14:00+00:00,499.0,499.01,499.06,400,1700,499.01952380952383,8.685322699737936e-09,1.0973900248067991e-05
2024-02-09 11:15:00+00:00,499.05,499.0,499.05,400,400,499.025,3.84763409567962e-09,4.0078152397260425e-05
2024-02-09 11:16:00+00:00,499.02,499.02,499.07,400,400,499.045,3.252412350030857e-10,1.8034445791403897e-05
2024-02-09 11:17:00+00:00,499.02,499.05,499.07,100,400,499.054,4.3315956004625566e-09,5.209857049548461e-05
2024-02-09 11:18:00+00:00,499.02,499.06,499.1,400,400,499.08,1.1147984922582372e-08,-6.011060351041042e-05
2024-02-09 11:19:00+00:00,499.09,499.03,499.07,400,400,499.05,6.036638696050602e-09,3.5361304124847948e-06
2024-02-09 11:20:00+00:00,499.09,499.04,499.09,400,1300,499.05176470588236,2.735566507054865e-09,6.293845082216976e-06
2024-02-09 11:21:00+00:00,499.04,499.04,499.07,395,400,499.0549056603774,4.8655745078970705e-09,-8.921340039158565e-05
2024-02-09 11:22:00+00:00,499.01,499.0,499.01,525,400,499.00567567567566,2.162026611144886e-09,1.9399918769202884e-06
2024-02-09 11:23:00+00:00,499.02,499.0,499.02,525,400,499.0113513513514,5.5524660050461495e-09,4.238109732646045e-05
2024-02-09 11:24:00+00:00,499.0,498.99,499.06,1700,1100,499.0325,2.3514550485230882e-08,8.516479387599141e-05
2024-02-09 11:25:00+00:00,499.05,499.05,499.1,400,400,499.075,4.325050748417866e-09,6.340844487251474e-07
2024-02-09 11:26:00+00:00,499.1,499.05,499.1,400,390,499.0753164556962,8.958009668154894e-09,-8.078230753327809e-05
2024-02-09 11:27:00+00:00,499.06,499.01,499.06,400,400,499.035,2.0451318461093655e-08,-9.53058915909022e-06
2024-02-09 11:28:00+00:00,499.06,499.02,499.08,350,1700,499.030243902439,8.608726978135011e-09,0.00017890680610177512
2024-02-09 11:29:00+00:00,499.11,499.11,499.16,400,1700,499.1195238095238,5.304302226372114e-09,9.111282630080986e-05
2024-02-09 11:30:00+00:00,499.15,499.13,499.19,1700,400,499.17857142857144,3.352619985684469e-09,3.512908811220683e-05
2024-02-09 11:31:00+00:00,499.18,499.16,499.2,400,310,499.1825352112676,1.0391874433857155e-08,3.307889722758972e-05
2024-02-09 11:32:00+00:00,499.19,499.18,499.2,200,10,499.19904761904763,2.8028719928584838e-12,1.7906713254411954e-06
2024-02-09 11:33:00+00:00,499.18,499.19,499.2,1700,10,499.19994152046786,3.401791088409332e-09,9.144900832369629e-06
2024-02-09 11:34:00+00:00,499.21,499.18,499.21,180,399,499.18932642487044,7.809934510764539e-09,-1.904360698246066e-05
2024-02-09 11:35:00+00:00,499.21,499.18,499.21,400,400,499.195,5.2115725231708435e-09,6.87773982779305e-05
2024-02-09 11:36:00+00:00,499.22,499.23,499.24,1700,100,499.2394444444444,9.19606182544663e-09,3.5071600887226495e-05
2024-02-09 11:37:00+00:00,499.24,499.22,499.28,1700,2100,499.24684210526317,7.0513387664993095e-09,6.325317399191732e-06
2024-02-09 11:38:00+00:00,499.25,499.23,499.27,1700,400,499.26238095238097,1.0497607342822582e-08,-4.76905834945196e-06
2024-02-09 11:39:00+00:00,499.25,499.24,499.28,400,1700,499.247619047619,4.310117422533232e-09,2.4799221685967154e-05
2024-02-09 11:40:00+00:00,499.27,499.24,499.28,400,400,499.26,5.855923111779441e-09,-3.004446580934239e-05
2024-02-09 11:41:00+00:00,499.27,499.23,499.26,400,400,499.245,1.0599990144514198e-08,-8.993630257014829e-05
2024-02-09 11:42:00+00:00,499.22,499.2,499.22,2,399,499.2000997506234,7.825450183741252e-09,5.9896320917296464e-05
2024-02-09 11:43:00+00:00,499.28,499.26,499.29,400,8,499.28941176470585,2.767282225003814e-08,0.0
2024-02-09 11:44:00+00:00,499.29,499.21,499.25,400,400,499.23,1.7721985912074553e-08,-5.084753597461855e-05
2024-02-09 11:45:00+00:00,499.19,499.17,499.22,900,400,499.2046153846154,1.1658376905096684e-08,-3.37288685214876e-05
2024-02-09 11:46:00+00:00,499.2,499.17,499.21,400,500,499.1877777777778,2.9864347600541345e-09,1.3697464445128205e-05
2024-02-09 11:47:00+00:00,499.21,499.16,499.21,900,400,499.19461538461536,1.036914954548341e-08,-0.00014932166604075814
2024-02-09 11:48:00+00:00,499.13,499.12,499.13,1,400,499.1200249376559,4.118476439813509e-09,-3.576812804417795e-05
2024-02-09 11:49:00+00:00,499.09,499.08,499.12,500,400,499.1022222222222,1.535232399097087e-08,0.0001367534849876506
2024-02-09 11:50:00+00:00,499.13,499.13,499.18,1700,400,499.17047619047617,1.674497424781664e-08,-0.0001381887685905081
2024-02-09 11:51:00+00:00,499.13,499.1,499.13,21,400,499.10149643705466,3.6849078786856314e-09,6.597626041338067e-05
2024-02-09 11:52:00+00:00,499.14,499.11,499.14,1700,388,499.1344252873563,3.2136428476418216e-09,-9.215833669751206e-05
2024-02-09 11:53:00+00:00,499.1,499.05,499.11,1603,900,499.08842588893333,2.7533779704765265e-09,-7.685096078469122e-05
2024-02-09 11:54:00+00:00,499.07,499.05,499.09,3,1700,499.05007046388727,1.3716775080491245e-08,5.202584606922578e-05
2024-02-09 11:55:00+00:00,499.1,499.05,499.11,1303,1700,499.076033966034,2.1696635470671504e-08,0.00013023473720519263
2024-02-09 11:56:00+00:00,499.11,499.11,499.15,1076,311,499.14103100216295,1.7531860314034335e-08,7.766325306191035e-05
2024-02-09 11:57:00+00:00,499.14,499.14,499.19,5070,1300,499.1797959183673,4.083210556856474e-09,1.0425264955093994e-05
2024-02-09 11:58:00+00:00,499.15,499.17,499.2,400,400,499.185,7.58450208312592e-09,3.2405762569354124e-05
2024-02-09 11:59:00+00:00,499.15,499.2,499.22,25,400,499.2011764705882,7.025966313855996e-09,2.7691299747001352e-05
2024-02-09 12:00:00+00:00,499.25,499.2,499.25,400,500,499.22222222222223,1.0372960139904207e-08,0.00013802622498282346
2024-02-09 12:01:00+00:00,499.26,499.27,499.28,1300,1,499.2799923136049,4.31816598136737e-08,0.0002525236074255588
2024-02-09 12:02:00+00:00,499.37,499.4,499.41,1400,2,499.4099857346648,6.836107458873333e-09,-0.00010882328816963494
2024-02-09 12:03:00+00:00,499.39,499.34,499.39,550,886,499.35915041782727,8.815880396869144e-09,0.000127490258405194
2024-02-09 12:04:00+00:00,499.4,499.39,499.42,1300,31,499.41930127723515,1.0278174254145086e-08,-6.005160859989811e-05
2024-02-09 12:05:00+00:00,499.4,499.38,499.39,1350,100,499.3893103448276,3.023269271570888e-11,-4.955242247639546e-07
2024-02-09 12:06:00+00:00,499.38,499.38,499.39,735,76,499.3890628853267,8.047185058983737e-09,-5.925544207352473e-05
2024-02-09 12:07:00+00:00,499.36,499.35,499.36,860,48,499.3594713656388,1.7375963368289556e-08,-0.00012232287711189116
2024-02-09 12:08:00+00:00,499.31,499.26,499.3,1310,45,499.29867158671584,6.150530377269562e-09,-1.969632029141799e-06
2024-02-09 12:09:00+00:00,499.26,499.27,499.3,1320,145,499.29703071672355,1.4128311138873124e-08,4.8711998456907324e-05
2024-02-09 12:10:00+00:00,499.33,499.28,499.36,1450,1330,499.321726618705,1.4749784446341611e-08,5.630568356518317e-05
2024-02-09 12:11:00+00:00,499.33,499.32,499.35,940,5,499.34984126984125,1.914149853855583e-09,-2.4129500108438506e-05
2024-02-09 12:12:00+00:00,499.35,499.33,499.38,240,1300,499.3377922077922,2.9156749016482524e-08,1.728332771344654e-06
2024-02-09 12:13:00+00:00,499.36,499.3,499.35,1397,410,499.33865522966244,8.542820849005971e-09,3.473548493770906e-05
2024-02-09 12:14:00+00:00,499.35,499.35,499.37,180,420,499.35599999999994,1.2067506929070339e-08,2.7564915375810628e-05
2024-02-09 12:15:00+00:00,499.35,499.35,499.39,420,430,499.36976470588235,1.881455811298119e-08,-9.541438467208785e-06
2024-02-09 12:16:00+00:00,499.37,499.34,499.38,410,410,499.35999999999996,3.2994103724137e-08,-4.024649493128418e-05
2024-02-09 12:17:00+00:00,499.34,499.34,499.39,46,410,499.34504385964914,6.911574564524518e-09,7.130629513740772e-05
2024-02-09 12:18:00+00:00,499.39,499.36,499.39,430,199,499.3805087440381,1.2510948197072423e-08,-0.0001514087666322217
2024-02-09 12:19:00+00:00,499.36,499.3,499.34,101,420,499.30775431861804,1.057712670704151e-08,9.056704930077153e-05
2024-02-09 12:20:00+00:00,499.31,499.3,499.36,2181,430,499.3501187284565,5.545219311023634e-09,4.454266019071618e-05
2024-02-09 12:21:00+00:00,499.35,499.33,499.38,1830,330,499.37236111111116,8.503001810841665e-09,0.00013359494273279537
2024-02-09 12:22:00+00:00,499.43,499.43,499.44,510,52,499.4390747330961,1.2493286106133577e-08,6.787262269170036e-05
2024-02-09 12:23:00+00:00,499.48,499.46,499.49,320,420,499.47297297297297,1.0289125487503717e-08,-7.382298716329672e-06
2024-02-09 12:24:00+00:00,499.49,499.46,499.49,23,400,499.4616312056737,2.876494452153732e-09,-2.010410265318452e-05
2024-02-09 12:25:00+00:00,499.46,499.43,499.46,1161,30,499.45924433249365,5.7585437540561e-09,-2.7973464060360165e-05
2024-02-09 12:26:00+00:00,499.46,499.42,499.45,1720,420,499.44411214953266,1.666464514844367e-08,-3.0529450271155056e-05
2024-02-09 12:27:00+00:00,499.43,499.43,499.44,1,400,499.43002493765584,7.494961200804264e-09,-5.897966843371183e-05
2024-02-09 12:28:00+00:00,499.41,499.4,499.42,22,410,499.40101851851847,1.6801942679072247e-09,-5.119882110804497e-05
2024-02-09 12:29:00+00:00,499.36,499.36,499.39,410,410,499.375,8.485224904040104e-09,1.3514651161505853e-05
2024-02-09 12:30:00+00:00,499.4,499.38,499.41,26,420,499.3817488789238,9.805609407026585e-09,4.691319159544349e-05
2024-02-09 12:31:00+00:00,499.36,499.38,499.41,1620,420,499.4038235294118,4.636604120099532e-09,-7.486678498824784e-05
2024-02-09 12:32:00+00:00,499.35,499.35,499.38,335,230,499.3677876106195,7.334738036878002e-09,4.4481021667097664e-05
2024-02-09 12:33:00+00:00,499.38,499.38,499.41,430,400,499.39554216867475,3.16291737344006e-08,5.0277448506719224e-05
2024-02-09 12:34:00+00:00,499.42,499.41,499.42,520,498,499.41510805500985,1.1934633902004214e-08,3.439811937755444e-05
2024-02-09 12:35:00+00:00,499.42,499.4,499.44,1800,430,499.4322869955157,1.4717931530670717e-08,-6.460199033753167e-05
2024-02-09 12:36:00+00:00,499.38,499.4,499.41,1,440,499.400022675737,8.895586096752015e-09,9.589910699148163e-05
2024-02-09 12:37:00+00:00,499.41,499.41,499.45,400,22,499.4479146919431,8.397432940060228e-09,-4.820534920257913e-05
2024-02-09 12:38:00+00:00,499.45,499.4,499.43,1625,420,499.42383863080687,9.285703614961776e-09,-5.3155180203101615e-05
2024-02-09 12:39:00+00:00,499.39,499.39,499.44,140,820,499.3972916666667,9.320081366611276e-09,4.468621845354903e-05
2024-02-09 12:40:00+00:00,499.42,499.4,499.42,400,8,499.41960784313727,4.772697859518421e-09,-3.9202368239288354e-05
2024-02-09 12:41:00+00:00,499.41,499.4,499.41,1,339,499.4000294117647,1.163596705794614e-08,-7.615019928897127e-05
2024-02-09 12:42:00+00:00,499.36,499.36,499.39,30,420,499.3620000000001,8.898048371858452e-09,6.235986623659429e-05
2024-02-09 12:43:00+00:00,499.39,499.39,499.4,298,300,499.3949832775919,1.545897402010656e-08,9.912303139669731e-05
2024-02-09 12:44:00+00:00,499.43,499.42,499.46,1220,322,499.45164721141373,9.994821469803542e-09,0.00010995015391657148
2024-02-09 12:45:00+00:00,499.49,499.49,499.5,2127,783,499.4973092783505,2.2556339613042486e-09,-6.191349168549465e-05
2024-02-09 12:46:00+00:00,499.47,499.45,499.47,824,167,499.4666296670031,2.1585430501069458e-09,1.2723686576343596e-05
2024-02-09 12:47:00+00:00,499.48,499.45,499.48,1304,398,499.4729847238543,6.295452294257062e-09,9.393005619351413e-05
2024-02-09 12:48:00+00:00,499.5,499.48,499.52,400,1,499.5199002493766,5.145968684552309e-09,-0.00010063842155960678
2024-02-09 12:49:00+00:00,499.48,499.45,499.48,1624,505,499.47288398309064,5.66831345094718e-09,0.0001137386494547421
2024-02-09 12:50:00+00:00,499.53,499.48,499.54,1430,1630,499.5080392156863,1.4914155577951068e-08,-0.00015942771002575018
2024-02-09 12:51:00+00:00,499.45,499.43,499.46,420,330,499.4468,2.3635572458789563e-08,2.3310666767972776e-05
2024-02-09 12:52:00+00:00,499.42,499.43,499.46,420,23,499.45844243792317,2.4871380517135806e-08,0.00010322693080366818
2024-02-09 12:53:00+00:00,499.53,499.49,499.53,420,420,499.51000000000005,1.2902659319134622e-08,-6.87240660027788e-05
2024-02-09 12:54:00+00:00,499.46,499.45,499.51,150,520,499.46343283582087,1.5734430412404634e-08,-0.00010071719402682255
2024-02-09 12:55:00+00:00,499.455,499.41,499.44,420,400,499.42536585365855,3.807399719587586e-09,-6.262185845151702e-05
2024-02-09 12:56:00+00:00,499.42,499.39,499.41,108,420,499.39409090909095,9.857817586308048e-09,-4.722974639270738e-06
2024-02-09 12:57:00+00:00,499.42,499.39,499.41,88,420,499.39346456692914,1.3392950110798764e-08,-2.4327495522724618e-05
2024-02-09 12:58:00+00:00,499.4,499.37,499.39,23,25,499.37958333333336,3.034228950026858e-09,-1.7166352500264104e-05
2024-02-09 12:59:00+00:00,499.4,499.37,499.4,53,1520,499.37101080737443,3.906505013475533e-09,-3.6416370686631616e-05
2024-02-09 13:00:00+00:00,499.35,499.34,499.38,623,1320,499.3528255275347,8.242000796255463e-09,-9.700302592818844e-05
2024-02-09 13:01:00+00:00,499.28,499.28,499.31,517,119,499.30438679245276,2.0588202135436674e-08,-4.554569229875405e-06
2024-02-09 13:02:00+00:00,499.3,499.3,499.33,100,1320,499.3021126760563,2.959526643056158e-08,8.923252972348195e-05
2024-02-09 13:03:00+00:00,499.37,499.34,499.37,120,420,499.3466666666667,1.804823921983591e-08,0.00013447395825272324
2024-02-09 13:04:00+00:00,499.43,499.4,499.45,420,1100,499.4138157894737,1.7453205467049156e-08,5.364400828433702e-06
2024-02-09 13:05:00+00:00,499.43,499.41,499.44,420,1320,499.4172413793103,1.1105132810843858e-08,-1.4339758701242822e-05
2024-02-09 13:06:00+00:00,499.42,499.4,499.43,420,930,499.40933333333334,1.6827432003489135e-08,-4.388705122904124e-05
2024-02-09 13:07:00+00:00,499.41,499.38,499.41,440,1340,499.38741573033707,1.086944761209638e-08,-3.503543178717816e-05
2024-02-09 13:08:00+00:00,499.38,499.36,499.38,647,1530,499.36594395957746,1.0091509151140439e-08,-6.526210304669267e-05
2024-02-09 13:09:00+00:00,499.33,499.33,499.36,430,1330,499.33732954545457,1.1943835947637912e-08,5.110528132679093e-06
2024-02-09 13:10:00+00:00,499.33,499.33,499.34,1000,12,499.3398814229249,1.331933804502487e-08,8.015340219014178e-05
2024-02-09 13:11:00+00:00,499.35,499.36,499.38,1600,10,499.3798757763975,1.316372105746901e-08,4.460953862817085e-05
2024-02-09 13:12:00+00:00,499.4,499.39,499.42,794,430,499.40946078431375,1.2889478610809854e-08,-9.084162062267254e-05
2024-02-09 13:13:00+00:00,499.38,499.35,499.39,631,1530,499.36167977788057,1.884492718309263e-08,2.485040757882473e-05
2024-02-09 13:14:00+00:00,499.4,499.35,499.38,430,241,499.3692250372578,1.4644936883410143e-08,-5.602048522734826e-06
2024-02-09 13:15:00+00:00,499.37,499.35,499.37,400,209,499.3631362889984,8.9041167830135e-09,3.4461301478438955e-05
2024-02-09 13:16:00+00:00,499.37,499.37,499.39,140,1,499.38985815602825,1.4112093147979833e-08,3.454500522637183e-05
2024-02-09 13:17:00+00:00,499.4,499.37,499.41,1740,2050,499.388364116095,2.0833615105543365e-08,-1.0358988898340193e-05
2024-02-09 13:18:00+00:00,499.39,499.39,499.41,800,2000,499.3957142857143,1.30377935546947e-08,-1.922958953881615e-05
2024-02-09 13:19:00+00:00,499.39,499.37,499.41,1640,1550,499.39056426332286,1.505436818668171e-08,4.6948047533579285e-05
2024-02-09 13:20:00+00:00,499.4,499.4,499.42,140,153,499.40955631399316,1.8888287360078952e-08,6.238498988064833e-05
2024-02-09 13:21:00+00:00,499.44,499.42,499.46,1440,1341,499.44071197411006,1.4941378087093492e-08,-2.5875969382749275e-05
2024-02-09 13:22:00+00:00,499.45,499.4,499.43,540,1040,499.41025316455693,2.4574840004841288e-08,-2.41642318143942e-06
2024-02-09 13:23:00+00:00,499.45,499.42,499.45,430,1530,499.42658163265304,2.9033668219359173e-08,-0.00010476291215333333
2024-02-09 13:24:00+00:00,499.39,499.36,499.38,400,131,499.37506591337103,8.701152092082176e-09,-1.6513193003331317e-05
2024-02-09 13:25:00+00:00,499.38,499.36,499.4,430,1300,499.3699421965318,1.6871530807646514e-08,4.0592668300476475e-05
2024-02-09 13:26:00+00:00,499.39,499.38,499.41,530,2000,499.3862845849803,1.4313947028723939e-08,-1.786582429874617e-05
2024-02-09 13:27:00+00:00,499.36,499.35,499.38,332,32,499.3773626373627,1.3282614830457409e-08,-5.003408666826026e-06
2024-02-09 13:28:00+00:00,499.36,499.36,499.37,4388,540,499.3689042207792,9.003703471608366e-09,-1.699186604653402e-05
2024-02-09 13:29:00+00:00,499.38,499.36,499.38,960,2050,499.36637873754154,2.0510717207644952e-08,-1.5624545385617417e-05
2024-02-09 13:30:00+00:00,499.36,499.34,499.4,844,840,499.37007125890733,1.6826032574903538e-07,-0.00020372987357153427
2024-02-09 13:31:00+00:00,499.48,499.48,499.5,400,103,499.4959045725646,7.820053734316521e-07,0.0014061330199104383
2024-02-09 13:32:00+00:00,499.96,499.97,499.99,430,100,499.98622641509434,3.97235474871417e-07,0.0013523839915918767
2024-02-09 13:33:00+00:00,500.64,500.61,500.64,430,500,500.6238709677419,2.6081557831135563e-07,6.991121275978784e-05
2024-02-09 13:34:00+00:00,500.71,500.66,500.71,930,530,500.69184931506845,1.816135657172645e-07,-0.0007407881657757187
2024-02-09 13:35:00+00:00,500.3,500.29,500.31,32,540,500.2911188811189,1.0136073748976973e-07,-0.00026238969691338987
2024-02-09 13:36:00+00:00,500.2,500.19,500.22,430,930,500.19948529411766,1.389988883989176e-07,0.0010136747226368037
2024-02-09 13:37:00+00:00,500.69,500.67,500.71,1100,520,500.6971604938272,1.1715021324339552e-07,-0.0004602400287061492
2024-02-09 13:38:00+00:00,500.44,500.43,500.47,430,930,500.4426470588235,9.785568352167694e-08,-0.00015762736420499301
2024-02-09 13:39:00+00:00,500.39,500.36,500.39,440,810,500.37056000000007,8.154917011608272e-08,0.0002081639963442683
2024-02-09 13:40:00+00:00,500.41,500.45,500.48,540,340,500.4684090909091,8.74067687391296e-08,-0.00045651074086849874
2024-02-09 13:41:00+00:00,500.27,500.24,500.27,22,520,500.2412177121771,4.54742284233223e-08,-0.00022079290603493895
2024-02-09 13:42:00+00:00,500.15,500.13,500.15,24,81,500.1345714285714,5.46213363210959e-08,-0.0002838668218980711
2024-02-09 13:43:00+00:00,499.98,499.96,500.0,1820,408,499.9926750448833,4.195465269565029e-08,0.00028246132943321456
2024-02-09 13:44:00+00:00,500.15,500.13,500.15,1,800,500.13002496878903,1.1143507279380032e-07,0.00019597052886966004
2024-02-09 13:45:00+00:00,500.22,500.21,500.25,420,820,500.22354838709674,8.331191929028787e-08,-0.0005551624971134039
2024-02-09 13:46:00+00:00,499.97,499.94,499.97,273,520,499.95032786885247,2.75824438113345e-08,0.0001813899321136958
2024-02-09 13:47:00+00:00,500.05,500.04,500.05,22,195,500.0410138248848,5.581294435593224e-08,0.00022505066404687746
2024-02-09 13:48:00+00:00,500.14,500.14,500.18,420,820,500.1535483870968,9.335000643041292e-08,-3.7085385391377734e-05
2024-02-09 13:49:00+00:00,500.15,500.11,500.14,1630,530,500.1326388888889,3.971129025259939e-08,-6.310796085051695e-05
2024-02-09 13:50:00+00:00,500.09,500.09,500.13,1229,830,500.1138756677999,4.698818644743164e-08,-0.00035053323072831155
2024-02-09 13:51:00+00:00,499.92,499.91,499.94,2,520,499.91011494252876,4.0427363633899965e-08,-0.00011192890469124972
2024-02-09 13:52:00+00:00,499.88,499.87,499.89,110,1800,499.8711518324607,5.998403171342096e-08,0.00023618013276349714
2024-02-09 13:53:00+00:00,499.97,499.97,500.01,2120,830,499.9987457627119,6.598088921379175e-08,-9.552230322296129e-05
2024-02-09 13:54:00+00:00,499.98,499.94,499.96,35,820,499.94081871345026,3.496046407821564e-08,0.00011410499395858587
2024-02-09 13:55:00+00:00,499.94,499.99,500.01,420,2,500.00990521327014,5.819722163425554e-08,5.8438150893458385e-05
2024-02-09 13:56:00+00:00,500.0,500.01,500.05,1320,930,500.0334666666667,3.9194458342516216e-08,-0.00031920649490735364
2024-02-09 13:57:00+00:00,499.87,499.85,499.88,814,500,499.8685844748859,2.4877613992132813e-08,0.00018210937622975543
2024-02-09 13:58:00+00:00,499.91,499.95,499.98,420,820,499.96016129032256,4.247527107067735e-08,-0.00010033057472635942
2024-02-09 13:59:00+00:00,499.9,499.9,499.93,420,820,499.91016129032255,2.5148189417957742e-08,-5.0009001620332505e-05
2024-02-09 14:00:00+00:00,499.9,499.88,499.89,500,500,499.885,1.4225815382924407e-07,-0.0005698084753041899
2024-02-09 14:01:00+00:00,499.61,499.6,499.64,920,820,499.6211494252874,1.636889225848952e-08,-1.3391219025105094e-05
2024-02-09 14:02:00+00:00,499.6,499.6,499.62,65,820,499.60146892655365,4.59799340145414e-08,-4.908564670280668e-07
2024-02-09 14:03:00+00:00,499.6,499.59,499.6,100,800,499.5911111111111,4.3030015837498894e-08,5.552621042892447e-05
2024-02-09 14:04:00+00:00,499.65,499.62,499.67,520,820,499.63940298507464,1.7519677716274724e-08,2.0727691011801497e-05
2024-02-09 14:05:00+00:00,499.65,499.63,499.65,56,386,499.63253393665155,3.5293102261191215e-08,0.0001073778367504108
2024-02-09 14:06:00+00:00,499.7,499.68,499.72,920,520,499.7055555555556,2.4979900568657697e-08,-0.0002970111235507389
2024-02-09 14:07:00+00:00,499.52,499.53,499.55,100,921,499.5319588638589,3.310375736092739e-08,0.0001330370678160886
2024-02-09 14:08:00+00:00,499.6,499.59,499.62,420,548,499.6030165289256,3.235522185942543e-08,-4.597477357171087e-05
2024-02-09 14:09:00+00:00,499.61,499.58,499.59,2,400,499.5800497512438,2.7657342980267965e-08,0.00015964325887174446
2024-02-09 14:10:00+00:00,499.66,499.64,499.66,100,1,499.65980198019804,2.309781165764031e-08,0.00030204173343340024
2024-02-09 14:11:00+00:00,499.82,499.81,499.83,1,830,499.81002406738867,3.2746994919561414e-08,0.0001550826106115899
2024-02-09 14:12:00+00:00,499.88,499.83,499.88,1830,630,499.8671951219512,4.4456553582337896e-08,4.842477098643272e-06
2024-02-09 14:13:00+00:00,499.9,499.89,499.9,100,1062,499.89086058519786,4.749830349461381e-08,-0.0001921001824574109
2024-02-09 14:14:00+00:00,499.79,499.78,499.82,834,830,499.8000480769231,3.5506265457910606e-08,-2.938207998293141e-05
2024-02-09 14:15:00+00:00,499.74,499.75,499.78,1940,540,499.77346774193546,2.7847941188790713e-08,-8.246339542228309e-05
2024-02-09 14:16:00+00:00,499.72,499.72,499.74,1940,24,499.73975560081465,1.4971844639624268e-08,-0.00018123885863863265
2024-02-09 14:17:00+00:00,499.65,499.65,499.68,440,565,499.66313432835824,2.6587117393507082e-08,2.9107694441421472e-05
2024-02-09 14:18:00+00:00,499.66,499.66,499.68,200,1540,499.6622988505747,1.3235200085324267e-08,4.609851409931309e-06
2024-02-09 14:19:00+00:00,499.67,499.66,499.67,500,488,499.66506072874495,7.341064027273336e-09,-6.559950722551111e-05
2024-02-09 14:20:00+00:00,499.64,499.63,499.65,50,400,499.6322222222222,3.8872277592465154e-08,-0.00023885742548634958
2024-02-09 14:21:00+00:00,499.53,499.51,499.54,255,2100,499.5132484076433,3.975602831635398e-08,-0.00017512539134645344
2024-02-09 14:22:00+00:00,499.43,499.42,499.43,2234,2900,499.4243513829373,5.335305007633399e-08,-0.00032907086700029176
2024-02-09 14:23:00+00:00,499.22,499.24,499.28,2001,1300,499.2642471978188,2.63726630109993e-08,-2.073008431802137e-05
2024-02-09 14:24:00+00:00,499.3,499.25,499.26,58,1500,499.25037227214375,3.4495004101034666e-08,-3.8974191299057104e-05
2024-02-09 14:25:00+00:00,499.23,499.23,499.27,600,500,499.2518181818182,2.7746124330707718e-08,-0.00013872228776812268
2024-02-09 14:26:00+00:00,499.16,499.16,499.18,332,800,499.16586572438166,2.281550722526717e-08,5.110506713146279e-05
2024-02-09 14:27:00+00:00,499.19,499.18,499.2,901,1500,499.1875052061641,2.8807418469652627e-08,-0.00012882397157654157
2024-02-09 14:28:00+00:00,499.15,499.12,499.14,102,1,499.1398058252427,6.128857691049148e-08,-0.0004270085278995639
2024-02-09 14:29:00+00:00,498.92,498.91,498.93,305,47,498.9273295454545,1.3737110217465702e-07,-0.0001404421993084215
2024-02-09 14:30:00+00:00,498.84,498.8,498.86,2500,500,498.85,2.6020048819523213e-07,-0.00041550943643797744
2024-02-09 14:31:00+00:00,498.63,498.62,498.64,400,800,498.62666666666667,1.1211260543212245e-07,0.00033546279280072255
2024-02-09 14:32:00+00:00,498.79,498.8,498.81,300,400,498.8042857142857,1.581456389918683e-07,0.00030740443731613887
2024-02-09 14:33:00+00:00,498.95,498.95,498.96,400,500,498.95444444444445,1.0758879286404466e-07,0.00013832878394071102
2024-02-09 14:34:00+00:00,499.01,499.0,499.01,300,2100,499.00125,8.610876089557807e-08,1.010378949395374e-06
2024-02-09 14:35:00+00:00,499.02,499.01,499.02,404,300,499.01573863636355,8.781927414693911e-08,0.0002419013157139993
2024-02-09 14:36:00+00:00,499.14,499.13,499.15,502,1001,499.1366799733865,9.609534419954963e-08,-0.0005054897972651684
2024-02-09 14:37:00+00:00,498.9,498.89,498.9,324,300,498.8951923076923,1.0108953121630415e-07,0.00017787554397075134
2024-02-09 14:38:00+00:00,498.96,498.97,498.99,500,500,498.98,7.187007712547701e-08,-5.394989351181767e-05
2024-02-09 14:39:00+00:00,498.95,498.94,498.95,401,300,498.9457203994293,7.378606262296909e-08,0.00011079850763584531
2024-02-09 14:40:00+00:00,499.02,499.03,499.04,500,400,499.03555555555556,7.563610412949015e-08,-3.940222555787187e-05
2024-02-09 14:41:00+00:00,498.98,499.0,499.01,570,1000,499.00363057324836,8.74158520688304e-08,0.00016981109107683245
2024-02-09 14:42:00+00:00,499.07,499.07,499.08,400,760,499.073448275862,3.68867984907942e-08,0.0001113060855300052
2024-02-09 14:43:00+00:00,499.14,499.14,499.15,500,570,499.1446728971963,3.794025778606457e-08,0.00011973853820301805
2024-02-09 14:44:00+00:00,499.19,499.19,499.2,100,2951,499.1903277613897,3.6734159992168196e-08,1.509652134523698e-05
2024-02-09 14:45:00+00:00,499.21,499.2,499.21,600,700,499.2046153846154,4.956513307137331e-08,-2.2998606232005336e-05
2024-02-09 14:46:00+00:00,499.18,499.18,499.19,400,900,499.1830769230769,6.923520806477787e-08,4.210066251486566e-05
2024-02-09 14:47:00+00:00,499.22,499.2,499.21,560,100,499.20848484848483,3.961650563410154e-08,-0.00014717028833377555
2024-02-09 14:48:00+00:00,499.14,499.13,499.14,200,501,499.1328530670471,6.601294482820497e-08,-1.6162500473537733e-05
2024-02-09 14:49:00+00:00,499.11,499.11,499.12,400,400,499.115,6.454408701706344e-08,-0.00014586038544073254
2024-02-09 14:50:00+00:00,499.05,499.04,499.05,994,270,499.04786392405066,8.929617725283628e-08,-2.0411194173508562e-05
2024-02-09 14:51:00+00:00,499.03,499.02,499.04,1200,670,499.0328342245989,5.8003236673952514e-08,-0.00013214974401143387
2024-02-09 14:52:00+00:00,498.96,498.95,498.96,402,400,498.95501246882793,4.350785019782072e-08,-0.0001811581193991163
2024-02-09 14:53:00+00:00,498.88,498.89,498.9,400,400,498.895,5.481356388524585e-08,2.0723648102904946e-05
2024-02-09 14:54:00+00:00,498.89,498.9,498.91,500,502,498.90499001996005,5.0918996626304644e-08,0.0003730729158277768
2024-02-09 14:55:00+00:00,499.09,499.09,499.1,400,301,499.0957061340941,1.6519438154417774e-07,0.0001389568685401521
2024-02-09 14:56:00+00:00,499.15,499.13,499.14,461,600,499.1343449575872,9.005857517669253e-08,-4.6881245425511864e-05
2024-02-09 14:57:00+00:00,499.14,499.1,499.12,645,560,499.1107053941909,3.827287463211788e-08,-0.00010158079398925324
2024-02-09 14:58:00+00:00,499.07,499.06,499.07,105,1600,499.0606158357771,7.836186129535002e-08,0.000505695756258584
2024-02-09 14:59:00+00:00,499.33,499.32,499.33,500,500,499.325,7.197750407267376e-08,0.0003244090534755273
2024-02-09 15:00:00+00:00,499.52,499.5,499.51,460,600,499.5043396226415,1.153159444950918e-07,-9.074907362727203e-05
2024-02-09 15:01:00+00:00,499.44,499.44,499.45,440,401,499.4452318668252,1.726500319892979e-07,-0.0003034152973312443
2024-02-09 15:02:00+00:00,499.29,499.29,499.3,400,470,499.2945977011495,5.708757997376465e-08,0.00019674632766752964
2024-02-09 15:03:00+00:00,499.4,499.39,499.4,350,100,499.3977777777778,8.679036520643274e-08,0.00014229407163734997
2024-02-09 15:04:00+00:00,499.45,499.44,499.45,1000,702,499.445875440658,5.692282665287888e-08,4.715737731664227e-05
2024-02-09 15:05:00+00:00,499.48,499.48,499.49,300,560,499.483488372093,7.115344314266405e-08,-0.00030767885339899603
2024-02-09 15:06:00+00:00,499.34,499.33,499.35,550,302,499.3429107981221,4.2567228645088136e-08,0.0001371525670590401
2024-02-09 15:07:00+00:00,499.39,499.36,499.38,400,1300,499.36470588235295,5.772477137962101e-08,6.721327865544247e-05
2024-02-09 15:08:00+00:00,499.44,499.44,499.45,300,303,499.4449751243781,2.2854002085526308e-08,0.00028613507834651664
2024-02-09 15:09:00+00:00,499.59,499.59,499.6,470,715,499.5939662447257,3.890127205897166e-08,-1.5541673141439283e-05
2024-02-09 15:10:00+00:00,499.57,499.55,499.57,752,550,499.5615514592934,5.475615690978241e-08,-7.000164819936927e-05
2024-02-09 15:11:00+00:00,499.53,499.53,499.54,575,100,499.5385185185185,5.069675565853653e-08,-0.0002894333976928287
2024-02-09 15:12:00+00:00,499.41,499.39,499.4,450,300,499.396,1.0723316560553104e-07,0.00011891256268414807
2024-02-09 15:13:00+00:00,499.44,499.45,499.46,1100,550,499.45666666666665,5.539287729103367e-08,0.00021442338763688618
2024-02-09 15:14:00+00:00,499.57,499.56,499.58,650,622,499.5702201257862,1.0132990383981913e-07,-0.0002261802193674889
2024-02-09 15:15:00+00:00,499.47,499.46,499.47,560,1000,499.4635897435897,5.2506242992087344e-08,1.9671351893624234e-05
2024-02-09 15:16:00+00:00,499.45,499.45,499.46,730,300,499.4570873786408,3.953253370564118e-08,0.00014269542440281668
2024-02-09 15:17:00+00:00,499.52,499.51,499.52,851,300,499.517393570808,4.431034318429836e-08,0.00013832246712253138
2024-02-09 15:18:00+00:00,499.59,499.59,499.61,665,1101,499.59753114382784,5.2983440498772625e-08,4.092779102626842e-05
2024-02-09 15:19:00+00:00,499.63,499.61,499.62,400,401,499.6149937578027,7.445427134341908e-08,-0.00041885270397068464
2024-02-09 15:20:00+00:00,499.41,499.41,499.43,760,1000,499.4186363636364,7.229735247999173e-08,-0.00018945386102708905
2024-02-09 15:21:00+00:00,499.31,499.31,499.32,300,1570,499.31160427807487,4.5299822781463265e-08,0.00032912656340000623
2024-02-09 15:22:00+00:00,499.46,499.45,499.46,400,440,499.4547619047619,5.4621959443614866e-08,3.8929721841496345e-05
2024-02-09 15:23:00+00:00,499.46,499.45,499.47,1619,440,499.46572608062166,6.778519798985211e-08,-0.00028291473651276267
2024-02-09 15:24:00+00:00,499.38,499.38,499.39,500,500,499.385,3.59476805639416e-08,0.0003191954400629804
2024-02-09 15:25:00+00:00,499.52,499.51,499.52,400,400,499.515,4.80545021124764e-08,-7.472520057250076e-05
2024-02-09 15:26:00+00:00,499.48,499.49,499.5,470,405,499.49537142857145,3.280621209638849e-08,9.355535391142311e-05
2024-02-09 15:27:00+00:00,499.52,499.52,499.53,300,410,499.52422535211264,5.320989866181671e-08,-6.740400367555299e-05
2024-02-09 15:28:00+00:00,499.48,499.5,499.51,100,700,499.50125,4.25861975844026e-08,0.00017131842709283696
2024-02-09 15:29:00+00:00,499.57,499.57,499.58,550,113,499.57829562594264,2.3543208799480922e-08,0.000134685660827083
2024-02-09 15:30:00+00:00,499.65,499.64,499.65,400,300,499.6457142857143,7.743332960073517e-08,-0.00010674316593561883
2024-02-09 15:31:00+00:00,499.6,499.6,499.62,1640,650,499.61432314410484,3.747228018249701e-08,0.00025068897431546056
2024-02-09 15:32:00+00:00,499.71,499.7,499.72,1551,419,499.7157461928934,1.9435759876423454e-08,5.955154041870081e-05
2024-02-09 15:33:00+00:00,499.74,499.74,499.75,476,400,499.74543378995435,2.1366025828935746e-08,-5.5997737753443744e-05
2024-02-09 15:34:00+00:00,499.71,499.72,499.73,500,401,499.7255493895671,7.881817623767285e-08,0.00011794089818040199
2024-02-09 15:35:00+00:00,499.79,499.79,499.8,400,500,499.7944444444444,5.188865662626723e-08,0.0002390364793249944
2024-02-09 15:36:00+00:00,499.88,499.87,499.89,1740,640,499.88462184873947,4.2967895636119554e-08,0.00011333985630335164
2024-02-09 15:37:00+00:00,499.955,499.94,499.95,560,400,499.9458333333333,8.216758454718926e-08,-0.0002299764548180372
2024-02-09 15:38:00+00:00,499.83,499.82,499.83,2304,400,499.8285207100592,4.221975812689047e-08,-0.0001598467772663259
2024-02-09 15:39:00+00:00,499.755,499.75,499.76,400,400,499.755,3.4790038136367535e-08,5.815587540447531e-05
2024-02-09 15:40:00+00:00,499.78,499.78,499.79,200,470,499.7829850746268,3.007651483017567e-08,-8.699824467106598e-05
2024-02-09 15:41:00+00:00,499.75,499.74,499.75,100,595,499.74143884892084,2.2597160081578966e-08,0.00018631253353040833
2024-02-09 15:42:00+00:00,499.81,499.83,499.84,600,410,499.83594059405937,2.7239301032706936e-08,1.917470075230021e-05
2024-02-09 15:43:00+00:00,499.84,499.84,499.85,400,400,499.845,3.317443719257026e-08,4.739575791301576e-05
2024-02-09 15:44:00+00:00,499.875,499.86,499.87,450,150,499.8675,1.7552367208662297e-08,-0.00013839943331084292
2024-02-09 15:45:00+00:00,499.81,499.8,499.82,1000,700,499.81176470588235,2.341758045940906e-08,0.00011347063909217248
2024-02-09 15:46:00+00:00,499.88,499.86,499.87,300,301,499.8649916805324,1.8636633658046217e-08,0.00012038946033121611
2024-02-09 15:47:00+00:00,499.93,499.94,499.95,500,450,499.9452631578947,2.0077924350645874e-08,6.61162846837815e-05
2024-02-09 15:48:00+00:00,499.93,499.94,499.95,1900,300,499.94863636363635,2.7206376113560728e-08,-0.0001900783037771525
2024-02-09 15:49:00+00:00,499.86,499.85,499.86,440,400,499.8552380952381,2.687515854499176e-08,0.00016318863909758896
2024-02-09 15:50:00+00:00,499.92,499.93,499.94,400,493,499.93447928331466,2.2226954956571986e-08,-6.071053709166829e-05
2024-02-09 15:51:00+00:00,499.92,499.9,499.91,401,670,499.9037441643324,2.08857365358439e-08,5.944347204245304e-05
2024-02-09 15:52:00+00:00,499.93,499.92,499.93,1000,300,499.9276923076923,2.3423477132544583e-08,-1.1288710168866345e-06
2024-02-09 15:53:00+00:00,499.94,499.93,499.94,500,888,499.9336023054756,2.360785986334179e-08,-5.4846749118375726e-05
2024-02-09 15:54:00+00:00,499.91,499.91,499.92,400,400,499.915,2.406806398646521e-08,-3.867377163868646e-05
2024-02-09 15:55:00+00:00,499.88,499.87,499.88,600,800,499.8742857142857,2.4769725855095984e-08,-0.00016311970857341151
2024-02-09 15:56:00+00:00,499.81,499.8,499.81,905,900,499.80501385041555,2.5584705139318982e-08,-0.00012758859367811848
2024-02-09 15:57:00+00:00,499.735,499.73,499.74,402,360,499.7352755905512,2.4304659864631915e-08,0.0001650083735591501
2024-02-09 15:58:00+00:00,499.82,499.81,499.82,551,100,499.8184639016897,1.7824803516379517e-08,5.955213442110363e-05
2024-02-09 15:59:00+00:00,499.855,499.85,499.86,2,1000,499.8500199600798,1.5643156070753483e-08,0.00021538896534578633
2024-02-09 16:00:00+00:00,499.96,499.96,499.97,300,600,499.9633333333333,2.03399141044524e-08,-0.00021124553196427698
2024-02-09 16:01:00+00:00,499.86,499.84,499.85,516,670,499.8443507588533,2.5154848693146454e-08,0.00031461193438975243
2024-02-09 16:02:00+00:00,500.01,500.0,500.01,701,400,500.00636693914623,2.5750949502045008e-08,0.00012557581294192488
2024-02-09 16:03:00+00:00,500.09,500.08,500.09,200,600,500.0825,2.308737361429127e-08,-3.7276471137603906e-06
2024-02-09 16:04:00+00:00,500.07,500.06,500.07,404,507,500.06443468715696,1.8524699535485725e-08,-2.719008810325718e-06
2024-02-09 16:05:00+00:00,500.07,500.07,500.08,513,500,500.075064165844,2.4910893291256037e-08,-5.392660044190034e-05
2024-02-09 16:06:00+00:00,500.04,500.04,500.05,200,580,500.04256410256414,1.8546728558345616e-08,-4.133524027216673e-05
2024-02-09 16:07:00+00:00,500.03,500.02,500.03,1401,400,500.02777901166013,2.7611928047843144e-08,0.000193110648645467
2024-02-09 16:08:00+00:00,500.125,500.12,500.13,570,1009,500.12360987967065,1.962334701546284e-08,1.4369063171315588e-05
2024-02-09 16:09:00+00:00,500.12,500.12,500.13,204,450,500.1231192660551,8.556322463177325e-08,-0.0002896476379554702
2024-02-09 16:10:00+00:00,499.99,499.98,499.99,300,550,499.9835294117647,1.975216958605362e-08,9.840050811260603e-05
2024-02-09 16:11:00+00:00,500.05,500.03,500.04,302,1000,500.0323195084486,1.8208835282323015e-08,0.00029540638610980885
2024-02-09 16:12:00+00:00,500.18,500.17,500.18,400,400,500.175,2.4968189839800728e-08,-9.71473166457848e-05
2024-02-09 16:13:00+00:00,500.14,500.12,500.13,603,500,500.1254669084316,2.3085681180099107e-08,1.5557385406594904e-06
2024-02-09 16:14:00+00:00,500.13,500.12,500.13,551,400,500.12579390115667,2.122783917590727e-08,-0.00010291707818332885
2024-02-09 16:15:00+00:00,500.08,500.08,500.09,341,560,500.08378468368477,2.8002224563965392e-08,-0.00011290330801827508
2024-02-09 16:16:00+00:00,500.03,500.03,500.04,835,606,500.03579458709237,2.0928876663968986e-08,-0.00012318381113340937
2024-02-09 16:17:00+00:00,499.98,499.98,499.99,248,550,499.98310776942355,2.0669349522844295e-08,-0.00021564768276927104
2024-02-09 16:18:00+00:00,499.87,499.85,499.86,647,786,499.8545150034892,2.2991828849250893e-08,5.642191573529409e-05
2024-02-09 16:19:00+00:00,499.88,499.88,499.89,500,400,499.8855555555556,1.7780511262675235e-08,0.0001353989665395794
2024-02-09 16:20:00+00:00,499.95,499.95,499.96,748,3100,499.9519438669439,2.3033651828396586e-08,0.00012695248678640247
2024-02-09 16:21:00+00:00,500.01,500.01,500.02,455,600,500.0143127962085,1.6671207390562366e-08,-6.162605819504119e-05
2024-02-09 16:22:00+00:00,499.985,499.98,499.99,584,100,499.98853801169594,2.1854884088796256e-08,-0.000111405919589469
2024-02-09 16:23:00+00:00,499.92,499.92,499.93,560,300,499.92651162790696,2.1465747719407178e-08,-2.7555648844490577e-05
2024-02-09 16:24:00+00:00,499.93,499.93,499.94,445,1270,499.93259475218656,1.9049589039146518e-08,-0.0002180447915721695
2024-02-09 16:25:00+00:00,499.8,499.8,499.81,500,500,499.805,2.430076882097566e-08,-8.131620483342594e-05
2024-02-09 16:26:00+00:00,499.75,499.73,499.75,1001,770,499.74130434782614,4.702953798375476e-08,-0.00019372250813209924
2024-02-09 16:27:00+00:00,499.67,499.66,499.67,355,1400,499.66202279202275,3.113271965023594e-08,4.7027465786442235e-05
2024-02-09 16:28:00+00:00,499.69,499.69,499.7,548,300,499.6964622641509,2.443018585968748e-08,6.930037654839794e-07
2024-02-09 16:29:00+00:00,499.68,499.68,499.69,600,400,499.686,2.0840448877994083e-08,9.311938098788275e-05
2024-02-09 16:30:00+00:00,499.75,499.75,499.76,650,500,499.75565217391306,3.200787328419163e-08,1.2933572195894527e-05
2024-02-09 16:31:00+00:00,499.75,499.75,499.76,680,201,499.7577185017026,3.232516059593575e-08,3.873664774500796e-05
2024-02-09 16:32:00+00:00,499.77,499.76,499.77,560,100,499.7684848484849,2.081142689243628e-08,-0.00019927688809218136
2024-02-09 16:33:00+00:00,499.65,499.65,499.66,500,400,499.65555555555557,2.8327201984085612e-08,-0.0001001238719883224
2024-02-09 16:34:00+00:00,499.61,499.61,499.62,331,990,499.61250567751705,2.911480572727612e-08,-5.8777053896563736e-05
2024-02-09 16:35:00+00:00,499.59,499.59,499.6,201,1702,499.5910562270099,7.00852370009168e-08,-0.0004383898139944664
2024-02-09 16:36:00+00:00,499.36,499.37,499.39,970,1800,499.3770036101083,4.876586948431256e-08,0.00015789731314064248
2024-02-09 16:37:00+00:00,499.45,499.44,499.46,800,1404,499.4472595281307,5.108709395168958e-08,0.00014229690329181643
2024-02-09 16:38:00+00:00,499.52,499.52,499.53,400,485,499.52451977401125,4.63105131557624e-08,-0.0001261826591054671
2024-02-09 16:39:00+00:00,499.46,499.46,499.47,400,663,499.46376293508933,4.269136132953819e-08,0.00024643430939685906
2024-02-09 16:40:00+00:00,499.59,499.58,499.59,300,2200,499.5812,2.2785265371988356e-08,0.0002974004469800118
2024-02-09 16:41:00+00:00,499.73,499.72,499.73,500,500,499.725,1.8711612275659707e-08,-2.110275796940453e-05
2024-02-09 16:42:00+00:00,499.74,499.73,499.74,670,800,499.7345578231293,2.5506440324630894e-08,1.5616432706977434e-05
2024-02-09 16:43:00+00:00,499.72,499.72,499.73,580,924,499.72385638297874,2.2305114422365558e-08,1.4984355027891638e-06
2024-02-09 16:44:00+00:00,499.73,499.71,499.72,401,400,499.7150062421972,1.956536067141341e-08,2.9984808702643306e-06
2024-02-09 16:45:00+00:00,499.71,499.71,499.72,590,600,499.7149579831933,1.8526961670678082e-08,1.2794001702065572e-05
2024-02-09 16:46:00+00:00,499.725,499.72,499.73,503,1900,499.7220932168123,2.5517094311332865e-08,-1.893082391069001e-05
2024-02-09 16:47:00+00:00,499.71,499.72,499.73,200,2400,499.72076923076924,1.3124881691396773e-08,6.0917468517107665e-05
2024-02-09 16:48:00+00:00,499.76,499.75,499.76,681,1500,499.75312242090786,3.4489192851812675e-08,0.00016188763931102024
2024-02-09 16:49:00+00:00,499.84,499.85,499.86,790,600,499.8556834532374,3.03258654056413e-08,-1.622006420176625e-05
2024-02-09 16:50:00+00:00,499.82,499.82,499.84,700,3900,499.82304347826084,2.7418082183721976e-08,8.278273834583239e-05
2024-02-09 16:51:00+00:00,499.86,499.85,499.86,980,495,499.85664406779665,1.4498891608516555e-08,-0.00013745720243119042
2024-02-09 16:52:00+00:00,499.78,499.78,499.79,680,400,499.78629629629626,2.2761657054401027e-08,-0.00019929906941873465
2024-02-09 16:53:00+00:00,499.69,499.68,499.69,596,2000,499.68229583975346,3.663533962588904e-08,-0.0003911533360032582
2024-02-09 16:54:00+00:00,499.5,499.49,499.51,592,2200,499.49424068767905,3.202910194294808e-08,0.0002464545623064307
2024-02-09 16:55:00+00:00,499.63,499.62,499.63,501,300,499.62625468164794,4.775120318309773e-08,-1.9715323507085714e-07
2024-02-09 16:56:00+00:00,499.62,499.63,499.64,100,600,499.63142857142856,2.431311244686411e-08,0.00020516558296246323
2024-02-09 16:57:00+00:00,499.73,499.72,499.73,600,195,499.7275471698114,1.5333070743415905e-08,-1.2705330044715524e-05
2024-02-09 16:58:00+00:00,499.72,499.72,499.73,770,206,499.72788934426234,1.1373825820296023e-08,-3.621065069592255e-05
2024-02-09 16:59:00+00:00,499.7,499.7,499.71,400,500,499.70444444444445,1.7576593915656038e-08,-0.0002212253391173924
2024-02-09 17:00:00+00:00,499.58,499.58,499.59,104,1500,499.5806483790524,1.7414975171999615e-08,-6.673805232748631e-05
2024-02-09 17:01:00+00:00,499.56,499.56,499.57,500,600,499.56454545454545,1.8858833972212237e-08,-0.00016812793737353005
2024-02-09 17:02:00+00:00,499.47,499.47,499.48,400,700,499.4736363636364,1.2575011603850538e-08,0.00013633070658936042
2024-02-09 17:03:00+00:00,499.55,499.54,499.55,501,600,499.5445504087194,2.7698656300356703e-08,0.00010759604517773802
2024-02-09 17:04:00+00:00,499.595,499.59,499.6,350,700,499.5933333333333,1.3645592023958166e-08,-0.00016389039578357245
2024-02-09 17:05:00+00:00,499.52,499.51,499.52,300,503,499.5137359900374,4.517723279113153e-08,-3.323812847622065e-06
2024-02-09 17:06:00+00:00,499.5,499.49,499.5,514,600,499.49461400359064,2.2530362606763194e-08,0.0002127003290361973
2024-02-09 17:07:00+00:00,499.63,499.63,499.64,370,1902,499.6316285211268,2.0595480469453225e-08,-1.5541962830711853e-05
2024-02-09 17:08:00+00:00,499.61,499.61,499.62,608,400,499.61603174603175,1.5492105701843296e-08,-1.449017313293055e-05
2024-02-09 17:09:00+00:00,499.6,499.6,499.61,100,660,499.6013157894737,1.3881757389967745e-08,-1.8014231242702294e-05
2024-02-09 17:10:00+00:00,499.6,499.59,499.61,700,405,499.6026696832579,1.0780990603982753e-08,6.041365669950949e-07
2024-02-09 17:11:00+00:00,499.6,499.58,499.59,760,600,499.58558823529404,1.1452898875240692e-08,-4.075130497782631e-05
2024-02-09 17:12:00+00:00,499.58,499.57,499.58,500,896,499.5735816618911,1.547910987181881e-08,0.00019919278334601387
2024-02-09 17:13:00+00:00,499.68,499.67,499.68,800,500,499.67615384615385,4.2361051264732575e-08,1.6244310267810036e-05
2024-02-09 17:14:00+00:00,499.66,499.66,499.67,600,470,499.66560747663544,1.2327494626620206e-08,8.518904763232804e-05
2024-02-09 17:15:00+00:00,499.73,499.72,499.73,536,1000,499.72348958333333,2.7805584948542402e-08,-1.2213507507574661e-05
2024-02-09 17:16:00+00:00,499.72,499.71,499.72,505,600,499.7145701357466,2.116669434779763e-08,2.2895355899388292e-05
2024-02-09 17:17:00+00:00,499.725,499.72,499.73,800,200,499.728,1.1900286420343195e-08,2.4600484698655833e-05
2024-02-09 17:18:00+00:00,499.74,499.74,499.75,500,700,499.7441666666667,7.17269730863169e-09,2.4939804333712345e-05
2024-02-09 17:19:00+00:00,499.76,499.76,499.77,600,410,499.7659405940594,1.8683498189345417e-08,-0.0003226153025841505
2024-02-09 17:20:00+00:00,499.6,499.6,499.61,500,400,499.60555555555555,1.3392142181955785e-08,0.00019219696966676914
2024-02-09 17:21:00+00:00,499.68,499.68,499.7,1801,975,499.69297550432276,1.5082505056026393e-08,0.00013556335334663494
2024-02-09 17:22:00+00:00,499.76,499.75,499.76,881,10,499.7598877665544,1.3860091493308487e-08,-7.185124449105018e-05
2024-02-09 17:23:00+00:00,499.72,499.72,499.73,681,300,499.72694189602447,1.8089386943977808e-08,0.000167105611265983
2024-02-09 17:24:00+00:00,499.81,499.81,499.82,59,4196,499.81013866039956,1.6299229910695963e-08,5.5529526461484124e-05
2024-02-09 17:25:00+00:00,499.85,499.85,499.86,580,552,499.8551236749117,1.9496130381981068e-08,0.00019612469081353723
2024-02-09 17:26:00+00:00,499.93,499.92,499.94,602,1597,499.9254752160073,1.2273415608166114e-08,5.3490118978150036e-05
2024-02-09 17:27:00+00:00,499.95,499.95,499.96,684,100,499.95872448979594,2.0240970283630544e-08,4.0390680848378935e-05
2024-02-09 17:28:00+00:00,499.98,499.98,499.99,200,2318,499.9807942811756,1.4348616498663084e-08,9.260796739618549e-05
2024-02-09 17:29:00+00:00,500.03,500.02,500.03,800,400,500.02666666666664,1.8106626054402264e-08,0.0002336178856123805
2024-02-09 17:30:00+00:00,500.13,500.13,500.14,100,600,500.13142857142856,1.4266901654797563e-07,-4.020149720573851e-05
2024-02-09 17:31:00+00:00,500.12,500.11,500.12,501,760,500.113973037272,5.635648112051291e-08,0.0001325002206045145
2024-02-09 17:32:00+00:00,500.18,500.18,500.19,400,580,500.1840816326531,2.2319700944127792e-08,-0.00016165772234677522
2024-02-09 17:33:00+00:00,500.115,500.11,500.12,800,402,500.11665557404325,3.67595607643263e-08,-1.9049958313033244e-05
2024-02-09 17:34:00+00:00,500.1,500.09,500.1,1080,300,500.0978260869565,1.2131359688251256e-08,9.514652158992831e-05
2024-02-09 17:35:00+00:00,500.155,500.12,500.13,1,560,500.12001782531195,2.3497196498982316e-08,-7.664127083517602e-05
2024-02-09 17:36:00+00:00,500.1,500.09,500.1,517,500,500.0950835791544,1.5813101079389635e-08,6.724793855261701e-05
2024-02-09 17:37:00+00:00,500.13,500.14,500.15,580,2549,500.14185362735697,1.655915080574555e-08,2.2543019810417064e-05
2024-02-09 17:38:00+00:00,500.15,500.14,500.15,602,200,500.1475062344139,1.0976256787024413e-07,-0.0004177829385826337
2024-02-09 17:39:00+00:00,499.95,499.95,499.96,200,1500,499.9511764705882,2.4262061163543572e-08,8.566052903780097e-05
2024-02-09 17:40:00+00:00,499.99,499.99,500.0,700,104,499.9987064676617,2.1298827201661312e-08,0.00021784216515463584
2024-02-09 17:41:00+00:00,500.11,500.09,500.1,500,420,500.09543478260866,1.6340620515966763e-08,7.92318627933497e-05
2024-02-09 17:42:00+00:00,500.13,500.13,500.14,400,400,500.135,1.0497925329678086e-08,0.00010255610113429903
2024-02-09 17:43:00+00:00,500.19,500.18,500.2,1000,1060,500.1897087378641,1.2965845730925882e-08,4.835665465141581e-05
2024-02-09 17:44:00+00:00,500.19,500.18,500.19,451,450,500.1850055493896,1.3868883554660883e-08,9.858699052145425e-05
2024-02-09 17:45:00+00:00,500.26,500.26,500.27,200,770,500.26206185567014,4.740237462175674e-08,9.328192249036249e-05
2024-02-09 17:46:00+00:00,500.32,500.31,500.32,500,498,500.31501002004006,1.743748257685057e-08,-4.360122302815572e-05
2024-02-09 17:47:00+00:00,500.28,500.28,500.29,200,1700,500.281052631579,1.837982054176701e-08,-0.00010177578496894935
2024-02-09 17:48:00+00:00,500.23,500.22,500.24,2470,870,500.23479041916175,1.840909735164147e-08,-9.016612034606908e-05
2024-02-09 17:49:00+00:00,500.19,500.18,500.19,990,100,500.1890825688073,1.3886943278269956e-08,0.00022558483036938526
2024-02-09 17:50:00+00:00,500.3,500.3,500.31,100,1900,500.3005,1.7276562227236115e-08,-9.765624498969672e-05
2024-02-09 17:51:00+00:00,500.26,500.24,500.25,614,580,500.2451423785594,1.5721503271952243e-08,-7.424752404072699e-05
2024-02-09 17:52:00+00:00,500.21,500.21,500.22,670,500,500.2157264957265,1.66829963322089e-08,0.0003058913565594512
2024-02-09 17:53:00+00:00,500.37,500.36,500.38,760,1613,500.366405394016,9.96973703523826e-09,3.6973152884423044e-05
2024-02-09 17:54:00+00:00,500.39,500.39,500.4,500,400,500.3955555555556,2.5619454479573953e-08,-2.189521918916082e-05
2024-02-09 17:55:00+00:00,500.38,500.38,500.39,550,500,500.3852380952381,1.7201353161467558e-08,5.268100277078247e-05
2024-02-09 17:56:00+00:00,500.4,500.4,500.41,500,1391,500.40264410364887,1.0443443576659961e-08,8.665383650940939e-05
2024-02-09 17:57:00+00:00,500.44,500.44,500.45,670,789,500.444592186429,1.2693005924163824e-08,-1.1423927074316609e-06
2024-02-09 17:58:00+00:00,500.44,500.44,500.45,105,450,500.4418918918919,1.3543618045678989e-08,-6.482372298366457e-05
2024-02-09 17:59:00+00:00,500.41,500.41,500.42,400,460,500.4146511627907,1.1760056830374782e-08,0.00010338436970536158
2024-02-09 18:00:00+00:00,500.47,500.46,500.47,660,360,500.4664705882353,2.5539964349039048e-08,7.377768815208796e-06
2024-02-09 18:01:00+00:00,500.47,500.46,500.47,860,533,500.46617372577174,4.959600438409275e-08,-0.00011015337448472273
2024-02-09 18:02:00+00:00,500.41,500.4,500.41,1204,670,500.4064247598719,1.5900351958416747e-08,1.4870629637675492e-05
2024-02-09 18:03:00+00:00,500.43,500.43,500.44,300,760,500.4328301886793,1.242864938046245e-08,0.00011156184853344797
2024-02-09 18:04:00+00:00,500.48,500.48,500.49,400,570,500.48412371134026,1.2321055315426484e-08,1.095448726018411e-05
2024-02-09 18:05:00+00:00,500.48,500.48,500.49,400,860,500.48317460317463,1.2352168905362722e-08,-9.70618975959514e-06
2024-02-09 18:06:00+00:00,500.48,500.47,500.48,2430,400,500.4785865724382,3.23789496429743e-08,-0.00012479712452062586
2024-02-09 18:07:00+00:00,500.4,500.41,500.42,300,500,500.41375,1.6191027699321758e-08,-0.0001406108469460543
2024-02-09 18:08:00+00:00,500.34,500.33,500.34,902,770,500.33539473684215,1.882806646130089e-08,0.00019477162932024505
2024-02-09 18:09:00+00:00,500.445,500.44,500.45,110,800,500.4412087912088,1.1324647601247333e-08,-7.134604712388803e-05
2024-02-09 18:10:00+00:00,500.41,500.41,500.42,500,559,500.41472143531627,1.2213165138839202e-08,0.00017677974934171559
2024-02-09 18:11:00+00:00,500.5,500.49,500.51,771,2407,500.4948521082442,2.0169148640300012e-08,0.00012107699438068664
2024-02-09 18:12:00+00:00,500.56,500.55,500.56,200,400,500.55333333333334,1.2948916247597705e-08,-5.775784433859066e-05
2024-02-09 18:13:00+00:00,500.53,500.52,500.53,1215,900,500.52574468085106,7.905012354931082e-09,-0.00019502867598031326
2024-02-09 18:14:00+00:00,500.43,500.42,500.43,1600,480,500.42769230769227,1.4462213568232128e-08,8.59174599643353e-06
2024-02-09 18:15:00+00:00,500.44,500.43,500.44,305,720,500.4329756097561,1.3770889155286045e-08,-9.700394630685061e-05
2024-02-09 18:16:00+00:00,500.39,500.38,500.39,325,471,500.38408291457284,9.600535605875312e-09,0.00016127759244399797
2024-02-09 18:17:00+00:00,500.45,500.45,500.46,200,880,500.45185185185187,1.8837477350862095e-08,-0.00021919508480583438
2024-02-09 18:18:00+00:00,500.36,500.35,500.36,730,200,500.3578494623656,1.2722853372619483e-08,0.00015804057499435586
2024-02-09 18:19:00+00:00,500.43,500.43,500.44,360,600,500.43375000000003,5.324175458209018e-08,3.4559061110606137e-06
2024-02-09 18:20:00+00:00,500.44,500.44,500.45,500,400,500.44555555555553,4.422514938193214e-08,0.0002776881298300893
2024-02-09 18:21:00+00:00,500.53,500.53,500.54,260,700,500.53270833333335,1.8153267227442196e-08,1.1816959197830101e-06
2024-02-09 18:22:00+00:00,500.57,500.56,500.57,200,1200,500.56142857142856,1.0441597234012129e-08,7.419524566953939e-06
2024-02-09 18:23:00+00:00,500.58,500.57,500.58,600,100,500.5785714285714,1.0516244650996087e-08,6.317615998785442e-06
2024-02-09 18:24:00+00:00,500.58,500.58,500.59,101,850,500.5810620399579,1.738814212160756e-08,2.428240411367355e-05
2024-02-09 18:25:00+00:00,500.6,500.59,500.6,100,900,500.591,9.538633373198975e-09,-0.00015202001348180172
2024-02-09 18:26:00+00:00,500.52,500.53,500.54,800,400,500.5366666666667,1.6535474268892523e-08,8.944177254655017e-05
2024-02-09 18:27:00+00:00,500.56,500.55,500.56,870,500,500.55635036496346,9.869244032143829e-09,2.434146308294416e-06
2024-02-09 18:28:00+00:00,500.565,500.56,500.57,583,500,500.5653831948292,6.586447564635476e-08,0.00036032928402818243
2024-02-09 18:29:00+00:00,500.75,500.73,500.74,300,560,500.733488372093,1.35181511903624e-08,-6.085146004308761e-06
2024-02-09 18:30:00+00:00,500.74,500.74,500.75,864,425,500.7467028704422,3.764929376573733e-08,5.823417984984758e-05
2024-02-09 18:31:00+00:00,500.77,500.77,500.78,259,1500,500.7714724275156,2.0081925616395372e-08,-9.606909289494592e-05
2024-02-09 18:32:00+00:00,500.72,500.73,500.74,100,762,500.73116009280744,1.3117785908082628e-08,6.447816757937375e-05
2024-02-09 18:33:00+00:00,500.75,500.75,500.76,599,600,500.7549958298582,1.8895924626156273e-08,0.0001598410982259768
2024-02-09 18:34:00+00:00,500.84,500.83,500.84,509,700,500.83421009098436,1.931669266017943e-08,0.0001167178074545916
2024-02-09 18:35:00+00:00,500.9,500.89,500.9,406,900,500.89310872894333,3.2638607984429535e-08,-0.0002768513458487609
2024-02-09 18:36:00+00:00,500.76,500.76,500.77,430,700,500.7638053097345,1.2917403755508915e-08,5.200232079705103e-05
2024-02-09 18:37:00+00:00,500.78,500.77,500.79,560,1700,500.77495575221235,3.125163711290766e-08,-0.00011168713356446425
2024-02-09 18:38:00+00:00,500.725,500.73,500.74,400,1100,500.73266666666666,1.997625550062613e-08,2.0353281364515752e-05
2024-02-09 18:39:00+00:00,500.74,500.73,500.74,610,100,500.7385915492958,8.064032556740653e-09,2.186419771388337e-05
2024-02-09 18:40:00+00:00,500.75,500.74,500.75,427,600,500.74415774099316,1.3349867004984032e-08,-8.194547418338693e-05
2024-02-09 18:41:00+00:00,500.7,500.7,500.71,300,460,500.70394736842104,2.543269002735055e-08,-0.0002588202132600692
2024-02-09 18:42:00+00:00,500.57,500.57,500.58,59,1700,500.570335417851,3.122424772947729e-08,-6.167887201968814e-05
2024-02-09 18:43:00+00:00,500.53,500.52,500.53,1702,500,500.52772933696644,2.0031796299516926e-08,8.15437040468936e-05
2024-02-09 18:44:00+00:00,500.59,500.58,500.59,700,400,500.5863636363636,1.6522179628936622e-08,4.8922352684499515e-06
2024-02-09 18:45:00+00:00,500.6,500.58,500.59,1508,400,500.58790356394127,1.1119328514966787e-08,0.00019586717753261595
2024-02-09 18:46:00+00:00,500.69,500.68,500.69,404,580,500.68410569105697,1.3440799910737663e-08,-2.0966515669851304e-05
2024-02-09 18:47:00+00:00,500.67,500.67,500.68,383,400,500.6748914431673,1.6332982984286893e-08,-0.00010641371852904147
2024-02-09 18:48:00+00:00,500.63,500.62,500.63,226,506,500.62308743169393,1.3386196812478795e-08,-7.834520518357202e-05
2024-02-09 18:49:00+00:00,500.585,500.58,500.59,700,500,500.5858333333333,1.4924431237999245e-08,0.00014234976801352772
2024-02-09 18:50:00+00:00,500.66,500.65,500.66,602,1000,500.6537578027466,2.2712204901884926e-08,3.52950338289304e-06
2024-02-09 18:51:00+00:00,500.66,500.65,500.66,500,300,500.65625,2.300581184555478e-08,-4.586139206330664e-05
2024-02-09 18:52:00+00:00,500.625,500.63,500.64,400,700,500.63363636363636,1.934654832611227e-08,-9.611771500706023e-05
2024-02-09 18:53:00+00:00,500.59,500.58,500.59,1001,524,500.58656393442624,2.9479836382458713e-08,-3.671005658156812e-05
2024-02-09 18:54:00+00:00,500.58,500.58,500.59,400,500,500.58444444444444,1.1269678495132946e-08,0.0001190815436915571
2024-02-09 18:55:00+00:00,500.62,500.62,500.63,101,2202,500.62043855840204,1.0868726151334956e-08,-7.622584123390119e-05
2024-02-09 18:56:00+00:00,500.59,500.58,500.59,405,360,500.58529411764704,9.815643334808088e-09,0.00019615141871698327
2024-02-09 18:57:00+00:00,500.69,500.68,500.69,831,450,500.68648711943797,1.9102276254403917e-08,5.777877942336751e-05
2024-02-09 18:58:00+00:00,500.72,500.71,500.72,774,400,500.71659284497446,8.112242459488235e-09,7.778630445764989e-05
2024-02-09 18:59:00+00:00,500.75,500.74,500.75,671,600,500.7452793076318,1.105847017082926e-08,-7.122777319490403e-05
2024-02-09 19:00:00+00:00,500.71,500.71,500.72,689,300,500.7169666329626,1.7974835598972213e-08,4.725049526532743e-06
2024-02-09 19:01:00+00:00,500.72,500.71,500.72,601,600,500.7150041631973,1.1664445851879915e-08,2.5735421542494308e-05
2024-02-09 19:02:00+00:00,500.73,500.73,500.74,540,1315,500.73291105121297,1.6825727288206613e-08,0.0001642471839040649
2024-02-09 19:03:00+00:00,500.815,500.81,500.82,808,200,500.8180158730159,1.8002943529184407e-08,1.251524627932099e-05
2024-02-09 19:04:00+00:00,500.82,500.82,500.83,400,1503,500.8221019442985,1.2725778485974347e-08,4.656213704601342e-05
2024-02-09 19:05:00+00:00,500.86,500.86,500.87,500,800,500.86384615384617,1.3551900468912423e-08,-9.872204862682032e-05
2024-02-09 19:06:00+00:00,500.79,500.78,500.79,1207,700,500.7863293130572,1.0171265771192321e-08,9.141011191093895e-05
2024-02-09 19:07:00+00:00,500.84,500.83,500.85,805,1060,500.83863270777476,1.4359833429915886e-08,-0.00015536220822598423
2024-02-09 19:08:00+00:00,500.76,500.75,500.77,761,970,500.75879260543036,1.091750465378376e-08,-3.42634411552023e-05
2024-02-09 19:09:00+00:00,500.74,500.74,500.75,100,900,500.741,1.6147062969288338e-08,-6.172604167242746e-05
2024-02-09 19:10:00+00:00,500.715,500.71,500.72,400,1300,500.71235294117645,1.4424646585834681e-08,0.00018037257544634144
2024-02-09 19:11:00+00:00,500.8,500.81,500.82,680,1310,500.8134170854271,7.962258787382703e-09,1.6587867295081438e-05
2024-02-09 19:12:00+00:00,500.82,500.82,500.83,200,1706,500.82104931794333,1.4538120788400778e-08,9.730518724682113e-05
2024-02-09 19:13:00+00:00,500.87,500.86,500.87,500,680,500.86423728813566,1.050447796924474e-08,4.430556798729057e-05
2024-02-09 19:14:00+00:00,500.88,500.87,500.89,765,450,500.8825925925926,4.633228526909334e-09,7.056475555522468e-05
2024-02-09 19:15:00+00:00,500.92,500.91,500.92,200,700,500.9122222222222,1.8115312340013812e-08,-8.978775873247358e-06
2024-02-09 19:16:00+00:00,500.91,500.91,500.92,804,200,500.9180079681275,1.742650507383107e-08,-4.196231760544844e-05
2024-02-09 19:17:00+00:00,500.9,500.9,500.91,1200,300,500.908,3.648389548517892e-08,-0.00011560213061656555
2024-02-09 19:18:00+00:00,500.83,500.83,500.84,798,500,500.8361479198768,1.693260315731115e-08,0.00015432875174736793
2024-02-09 19:19:00+00:00,500.91,500.91,500.92,902,500,500.9164336661912,1.5539369672464525e-08,5.851696017034058e-05
2024-02-09 19:20:00+00:00,500.95,500.94,500.96,759,3901,500.9432575107296,8.004234828026263e-09,8.08466498065652e-05
2024-02-09 19:21:00+00:00,500.98,500.98,500.99,500,593,500.9845745654163,2.083091996143636e-08,-4.094478024119219e-05
2024-02-09 19:22:00+00:00,500.97,500.96,500.98,663,2180,500.9646640872318,7.056376457715212e-09,0.00016065615968829938
2024-02-09 19:23:00+00:00,501.04,501.04,501.05,597,546,501.0452230971129,2.1069544308308098e-08,-0.00023251129913481883
2024-02-09 19:24:00+00:00,500.93,500.94,500.95,500,700,500.94416666666666,8.282453458414024e-09,0.00011236997277208616
2024-02-09 19:25:00+00:00,500.98,500.98,500.99,704,900,500.9843890274314,9.551161987547512e-09,0.00016482454843136374
2024-02-09 19:26:00+00:00,501.065,501.06,501.07,600,400,501.066,2.2343472316689127e-08,3.719340388586012e-05
2024-02-09 19:27:00+00:00,501.08,501.07,501.09,964,1000,501.079816700611,9.580592020085041e-09,0.0
2024-02-09 19:28:00+00:00,501.09,501.08,501.09,400,1000,501.08285714285716,1.414267966997967e-08,2.907773391180868e-06
2024-02-09 19:29:00+00:00,501.08,501.08,501.09,459,670,501.08406554472975,3.809808054197457e-09,-5.455919923735841e-05
2024-02-09 19:30:00+00:00,501.07,501.06,501.07,400,800,501.06333333333333,1.9774328145225365e-08,0.00018969518253597606
2024-02-09 19:31:00+00:00,501.15,501.15,501.16,393,600,501.1539577039275,1.926489945023073e-08,-7.99596429641447e-05
2024-02-09 19:32:00+00:00,501.11,501.11,501.12,359,602,501.1137356919876,1.2132533627015524e-08,-5.681525695255818e-05
2024-02-09 19:33:00+00:00,501.09,501.08,501.1,784,1000,501.08878923766815,1.3809947772485717e-08,0.0001501918566380045
2024-02-09 19:34:00+00:00,501.175,501.16,501.17,304,500,501.16378109452734,1.000389793914517e-08,7.119466070903968e-06
2024-02-09 19:35:00+00:00,501.16,501.16,501.17,701,100,501.1687515605493,2.6122375200533526e-08,-0.00011807134472097136
2024-02-09 19:36:00+00:00,501.09,501.08,501.09,701,560,501.0855590800951,1.3672235876585022e-08,5.788856307886725e-05
2024-02-09 19:37:00+00:00,501.14,501.13,501.14,350,400,501.13466666666665,1.3925895704368726e-08,-1.4314204708876233e-05
2024-02-09 19:38:00+00:00,501.125,501.12,501.13,380,606,501.12385395537524,6.406346662200578e-09,7.053687787772489e-05
2024-02-09 19:39:00+00:00,501.17,501.16,501.17,610,1350,501.16311224489795,1.6028574404139782e-08,9.7046721609928e-05
2024-02-09 19:40:00+00:00,501.21,501.21,501.22,2700,1550,501.21635294117647,2.0065265412480617e-08,0.00032790166532015164
2024-02-09 19:41:00+00:00,501.37,501.37,501.38,500,10600,501.37045045045045,3.9859004273769824e-08,0.0001934462685266869
2024-02-09 19:42:00+00:00,501.47,501.46,501.48,1101,670,501.4724336533032,1.5324274412281323e-08,8.330841380099763e-05
2024-02-09 19:43:00+00:00,501.52,501.51,501.52,200,710,501.51219780219776,1.2987784119370774e-08,-0.0001346798519989978
2024-02-09 19:44:00+00:00,501.47,501.46,501.47,600,450,501.4657142857143,2.3006704768862166e-08,0.00023564423673838597
2024-02-09 19:45:00+00:00,501.565,501.56,501.57,505,625,501.56446902654864,1.2823402320145584e-08,4.014878842717451e-07
2024-02-09 19:46:00+00:00,501.57,501.56,501.57,405,400,501.5650310559006,2.2279277471691012e-08,5.310499958488535e-05
2024-02-09 19:47:00+00:00,501.59,501.59,501.6,100,1700,501.59055555555557,1.423053494213932e-08,-0.00025396871651983677
2024-02-09 19:48:00+00:00,501.465,501.46,501.47,400,635,501.4638647342995,1.3516739176580956e-08,4.134273582390158e-05
2024-02-09 19:49:00+00:00,501.49,501.49,501.5,400,600,501.494,8.252358105237433e-09,-0.00017749280291234903
2024-02-09 19:50:00+00:00,501.41,501.41,501.42,900,500,501.4164285714286,3.0184750900483825e-08,-5.6841299093002284e-05
2024-02-09 19:51:00+00:00,501.36,501.36,501.37,1000,572,501.36636132315516,1.7329281844912218e-08,8.180974317539835e-05
2024-02-09 19:52:00+00:00,501.41,501.4,501.42,1390,1300,501.41033457249074,1.523362619389025e-08,8.590070068614786e-05
2024-02-09 19:53:00+00:00,501.46,501.46,501.47,505,312,501.46618115055077,1.0535554411549125e-08,-0.0001070234748153931
2024-02-09 19:54:00+00:00,501.4,501.4,501.41,100,1670,501.4005649717514,1.2082098259308006e-08,-9.665855572493776e-06
2024-02-09 19:55:00+00:00,501.39,501.39,501.4,860,901,501.39488358886996,2.3878974892375342e-08,-0.00016382352042954018
2024-02-09 19:56:00+00:00,501.32,501.31,501.32,670,500,501.3157264957265,6.647146917465957e-09,-2.9784207519867323e-05
2024-02-09 19:57:00+00:00,501.295,501.29,501.3,1564,466,501.2977044334976,9.98499182841286e-09,7.325779967159995e-05
2024-02-09 19:58:00+00:00,501.33,501.32,501.33,802,500,501.3261597542242,9.206947472546247e-09,-5.5894479160767396e-05
2024-02-09 19:59:00+00:00,501.3,501.3,501.31,1622,1741,501.30482307463575,1.2189956233589786e-08,-3.728254660995134e-05
2024-02-09 20:00:00+00:00,501.285,501.28,501.29,470,510,501.2847959183673,2.311549871452331e-08,-0.0002578415035470183
2024-02-09 20:01:00+00:00,501.16,501.16,501.17,900,400,501.16692307692307,7.44741258810384e-08,-0.0002807171235243988
2024-02-09 20:02:00+00:00,501.02,501.01,501.02,601,600,501.0150041631974,2.3434065936536326e-08,-0.0002459357367207149
2024-02-09 20:03:00+00:00,500.91,500.91,500.92,400,1305,500.91234604105574,2.9412616799453873e-08,0.00010908072935844615
2024-02-09 20:04:00+00:00,500.95,500.94,500.95,600,500,500.94545454545454,4.116820009890778e-08,-5.045993398067328e-05
2024-02-09 20:05:00+00:00,500.92,500.92,500.93,500,500,500.925,2.9241876476293093e-08,-0.00016773348604470772
2024-02-09 20:06:00+00:00,500.83,500.82,500.83,517,400,500.8256379498364,1.959000701716204e-08,0.00019539683738134528
2024-02-09 20:07:00+00:00,500.93,500.93,500.94,870,500,500.9363503649635,2.0500301919097966e-08,0.00012068187022018506
2024-02-09 20:08:00+00:00,501.0,500.99,501.01,380,1080,500.99520547945207,2.670351698027982e-08,-0.00010192156211141778
2024-02-09 20:09:00+00:00,500.94,500.93,500.94,500,400,500.93555555555554,2.343841772803418e-08,0.0001372002701791608
2024-02-09 20:10:00+00:00,501.02,501.02,501.03,471,404,501.0253828571428,2.9645394381589013e-08,0.00021755707693027482
2024-02-09 20:11:00+00:00,501.12,501.11,501.12,1703,400,501.1180979553019,4.755446030268868e-08,-1.4667541891388858e-05
2024-02-09 20:12:00+00:00,501.12,501.11,501.12,600,494,501.1154844606947,2.93192135077267e-08,-9.913773198710896e-05
2024-02-09 20:13:00+00:00,501.07,501.06,501.07,800,600,501.0657142857143,5.349829683500372e-08,-4.4276772668161435e-05
2024-02-09 20:14:00+00:00,501.04,501.04,501.05,500,700,501.0441666666667,1.9452202709123125e-08,0.0001450716285034126
2024-02-09 20:15:00+00:00,501.14,501.12,501.13,400,500,501.12444444444446,1.6470159551038292e-08,0.0001962920757276887
2024-02-09 20:16:00+00:00,501.22,501.21,501.22,606,500,501.21547920434,2.0877198708211363e-08,0.00010243685314748063
2024-02-09 20:17:00+00:00,501.25,501.26,501.27,1700,100,501.26944444444445,1.2596355654963227e-08,0.000114940674698083
2024-02-09 20:18:00+00:00,501.31,501.3,501.31,746,1780,501.3029532858274,1.8564524777406903e-08,-5.721931111934975e-05
2024-02-09 20:19:00+00:00,501.29,501.29,501.3,400,1100,501.29266666666666,1.6251640501405848e-08,-0.00013875467547852516
2024-02-09 20:20:00+00:00,501.23,501.22,501.23,671,300,501.2269104016478,1.6866889998133873e-08,8.478862752503424e-05
2024-02-09 20:21:00+00:00,501.27,501.27,501.28,400,700,501.27363636363634,8.297067636379767e-09,1.5490121527017564e-05
2024-02-09 20:22:00+00:00,501.28,501.27,501.28,600,200,501.2775,1.7446889411754486e-08,-0.0002964159602625305
2024-02-09 20:23:00+00:00,501.13,501.13,501.14,200,1803,501.13099850224665,1.8816250122278032e-08,-1.4942776197623964e-05
2024-02-09 20:24:00+00:00,501.12,501.13,501.14,800,400,501.13666666666666,1.4369130850530586e-08,0.00011224769566298143
2024-02-09 20:25:00+00:00,501.17,501.16,501.17,900,400,501.16692307692307,2.9336572315182186e-08,-0.00014582958198650076
2024-02-09 20:26:00+00:00,501.095,501.1,501.11,400,995,501.10286738351255,1.2251810155662985e-08,-6.837968961415086e-05
2024-02-09 20:27:00+00:00,501.07,501.06,501.07,1301,100,501.06928622412556,2.261980017579264e-08,9.104720327890448e-05
2024-02-09 20:28:00+00:00,501.11,501.11,501.12,400,700,501.1136363636364,2.5951099006826987e-08,-0.00013637119219567229
2024-02-09 20:29:00+00:00,501.06,501.04,501.05,400,622,501.0439138943249,1.703036634477433e-08,0.00010774658916146151
2024-02-09 20:30:00+00:00,501.1,501.1,501.11,200,800,501.102,2.4337549659453806e-08,-0.0002476409025269355
2024-02-09 20:31:00+00:00,500.97,500.97,500.98,500,400,500.97555555555556,2.598443024272966e-08,-5.496020234774246e-05
2024-02-09 20:32:00+00:00,500.94,500.94,500.95,1204,570,500.94678692220964,2.795521725305775e-08,-0.00012407722301932544
2024-02-09 20:33:00+00:00,500.88,500.88,500.89,509,560,500.8847614593077,2.048674728127352e-08,0.00011905309588189361
2024-02-09 20:34:00+00:00,500.94,500.93,500.94,1700,603,500.9373816760747,2.144278112540561e-08,-0.00014354769124858002
2024-02-09 20:35:00+00:00,500.88,500.87,500.88,1603,200,500.87889073765945,1.366578036463607e-08,0.00015874488474065807
2024-02-09 20:36:00+00:00,500.96,500.96,500.97,100,2300,500.9604166666667,1.9168575868167033e-08,-1.2777090906301858e-05
2024-02-09 20:37:00+00:00,500.95,500.94,500.95,1200,500,500.9470588235294,1.9450698633408015e-08,9.454617725235259e-05
2024-02-09 20:38:00+00:00,501.0,500.99,501.0,710,546,500.99565286624204,2.143498989505207e-08,-3.7507814128034944e-05
2024-02-09 20:39:00+00:00,500.98,500.97,500.98,600,700,500.9746153846154,1.8133853087165578e-08,-8.615514906362698e-05
2024-02-09 20:40:00+00:00,500.94,500.93,500.94,670,567,500.9354163298302,3.7219024816999976e-08,7.076272332451339e-05
2024-02-09 20:41:00+00:00,500.96,500.96,500.97,197,1600,500.9610962715637,2.830610541368078e-08,-0.00014341465691658506
2024-02-09 20:42:00+00:00,500.91,500.91,500.92,1107,400,500.9173457199735,3.0224207990379684e-08,-7.79428723487463e-05
2024-02-09 20:43:00+00:00,500.86,500.86,500.87,400,1300,500.8623529411765,2.18415888912685e-08,-6.079392073399248e-05
2024-02-09 20:44:00+00:00,500.83,500.82,500.83,1400,801,500.8263607451159,2.2430944315536455e-08,-7.020221051778908e-05
2024-02-09 20:45:00+00:00,500.795,500.79,500.8,600,1846,500.7924529844645,2.6804956246685366e-08,-6.985223564537346e-05
2024-02-09 20:46:00+00:00,500.76,500.75,500.76,1668,500,500.75769372693725,3.87574675886992e-08,0.00017868374621166083
2024-02-09 20:47:00+00:00,500.84,500.85,500.86,400,800,500.85333333333335,2.555148307897277e-08,-6.712452054924434e-05
2024-02-09 20:48:00+00:00,500.815,500.81,500.82,591,2200,500.812117520602,2.2905009039755037e-08,9.872732188309641e-05
2024-02-09 20:49:00+00:00,500.865,500.86,500.87,400,1592,500.86200803212853,2.2938673521814537e-08,-0.0002338566277212406
2024-02-09 20:50:00+00:00,500.745,500.74,500.75,177,200,500.7446949602122,8.476511128501073e-08,0.00035006017281213886
2024-02-09 20:51:00+00:00,500.9,500.91,500.92,612,1,500.91998368678634,5.40848807853361e-08,-9.896036298528976e-06
2024-02-09 20:52:00+00:00,500.91,500.91,500.92,403,595,500.91403807615234,7.549638233158754e-08,0.0002386418496216347
2024-02-09 20:53:00+00:00,501.07,501.07,501.08,100,600,501.07142857142856,7.471835236249682e-08,2.2519430180611977e-06
2024-02-09 20:54:00+00:00,501.04,501.03,501.04,900,560,501.0361643835617,1.0411533261265135e-07,-0.0001231052772128205
2024-02-09 20:55:00+00:00,500.97,500.97,500.98,2496,601,500.9780594123345,1.911714006994132e-07,0.0004753927700662519
2024-02-09 20:56:00+00:00,501.24,501.24,501.25,529,871,501.2437785714286,5.958765779746138e-08,-0.00023019291056214364
2024-02-09 20:57:00+00:00,501.085,501.08,501.09,800,800,501.085,2.9173841496482578e-08,-6.583814198823923e-05
2024-02-09 20:58:00+00:00,501.07,501.06,501.07,1728,773,501.06690923630543,4.361319072075913e-08,7.365442752083062e-05
2024-02-09 20:59:00+00:00,501.11,501.11,501.12,180,901,501.1116651248843,1.0464926142627826e-07,4.5970228397251844e-05
2024-02-09 21:00:00+00:00,501.18,501.16,501.18,360,5907,501.16114887505984,9.053066546682451e-08,-0.000176626840699301
2024-02-09 21:01:00+00:00,501.04,501.03,501.04,1900,692,501.0373302469136,8.560642800947468e-09,3.4559507185338845e-05
2024-02-09 21:02:00+00:00,501.06,501.05,501.06,600,1058,501.05361881785285,2.21890072919622e-08,0.0001160677674414412
2024-02-09 21:03:00+00:00,501.11,501.08,501.12,11900,3400,501.1111111111111,1.205338359340047e-08,-3.384417273843976e-05
2024-02-09 21:04:00+00:00,501.1,501.08,501.12,1100,12104,501.0833323235383,2.3713620161077186e-08,-9.74376089990514e-05
2024-02-09 21:05:00+00:00,501.04,501.03,501.05,1300,200,501.0473333333333,1.2362673609734564e-08,6.093250492833491e-05
2024-02-09 21:06:00+00:00,501.01,501.06,501.08,1200,1000,501.0709090909091,2.611362643600476e-08,-0.00015059286868901456
2024-02-09 21:07:00+00:00,501.0,500.99,501.0,2600,1,500.9999961553249,6.162527124585943e-09,-4.190063126263688e-05
2024-02-09 21:08:00+00:00,500.98,500.97,500.98,3900,100,500.97975,1.0570779888534953e-08,4.5568958878527965e-05
2024-02-09 21:09:00+00:00,501.01,500.99,501.01,1630,1125,501.00183303085294,1.3271530260220465e-08,0.00024856317342658585
2024-02-09 21:10:00+00:00,501.13,501.11,501.13,1800,400,501.12636363636364,6.012560812071821e-09,-2.0825268508439798e-05
2024-02-09 21:11:00+00:00,501.12,501.1,501.13,1906,1502,501.1167781690141,4.0448842905469844e-09,4.445943676989472e-06
2024-02-09 21:12:00+00:00,501.13,501.1,501.13,2966,1635,501.11933927407085,1.1034631595277943e-08,-4.851016544082931e-05
2024-02-09 21:13:00+00:00,501.11,501.08,501.11,1200,2400,501.09,2.714003227500378e-08,-2.5748500581679323e-05
2024-02-09 21:14:00+00:00,501.1,501.08,501.09,4,300,501.0801315789473,6.786156951846115e-09,-6.719675095401278e-05
2024-02-09 21:15:00+00:00,501.04,501.03,501.06,2400,900,501.0518181818182,1.0135554856585762e-08,5.498274820836535e-05
2024-02-09 21:16:00+00:00,501.06,501.05,501.08,2400,605,501.07396006655574,2.9224559711247562e-09,-6.08850345280576e-05
2024-02-09 21:17:00+00:00,501.06,501.04,501.06,410,400,501.0501234567901,9.25448454348976e-09,5.970578979330732e-05
2024-02-09 21:18:00+00:00,501.05,501.06,501.09,812,1900,501.068982300885,5.590103028610216e-09,2.3424395418469857e-05
2024-02-09 21:19:00+00:00,501.09,501.08,501.1,1400,3293,501.0859663328361,1.605032510959349e-09,-3.333060157362233e-05
2024-02-09 21:20:00+00:00,501.06,501.05,501.08,2900,1616,501.06926483613813,2.042584452899929e-09,3.998131771743019e-05
2024-02-09 21:21:00+00:00,501.08,501.08,501.09,1651,200,501.08891950297135,3.429561482080295e-09,-7.471043131201949e-05
2024-02-09 21:22:00+00:00,501.05,501.05,501.06,166,800,501.05171842650105,3.916486330844228e-09,-1.8977490291116617e-05
2024-02-09 21:23:00+00:00,501.05,501.04,501.06,120,900,501.0423529411765,3.38210029027175e-09,4.360657211410768e-05
2024-02-09 21:24:00+00:00,501.04,501.04,501.07,2400,575,501.0642016806723,1.3720318553053826e-09,-2.7561780608476028e-05
2024-02-09 21:25:00+00:00,501.04,501.03,501.06,1910,900,501.0503914590748,6.194502324665417e-09,-1.3050846259021753e-05
2024-02-09 21:26:00+00:00,501.07,501.04,501.07,400,2715,501.04385232744784,4.7894076758104505e-09,6.639353956772176e-05
2024-02-09 21:27:00+00:00,501.05,501.06,501.08,600,101,501.07711840228245,1.5999773087128287e-09,-4.3053387202784954e-05
2024-02-09 21:28:00+00:00,501.05,501.05,501.07,422,1100,501.0555453350854,8.83021874271397e-11,-5.868749074267043e-06
2024-02-09 21:29:00+00:00,501.05,501.05,501.06,317,400,501.0544211994421,2.487260470274502e-09,7.123479963055956e-05
2024-02-09 21:30:00+00:00,501.08,501.08,501.09,1949,400,501.0882971477224,4.714425867230836e-09,-6.501174322037784e-05
2024-02-09 21:31:00+00:00,501.04,501.04,501.07,1200,1090,501.0557205240175,2.3251022132168371e-10,-1.607670654113491e-05
2024-02-09 21:32:00+00:00,501.0,501.03,501.06,2005,1400,501.0476651982379,1.0751631725412958e-08,1.037367370204656e-05
2024-02-09 21:33:00+00:00,501.0,501.03,501.06,1890,590,501.05286290322584,2.846922671438766e-10,4.111488028701871e-06
2024-02-09 21:34:00+00:00,501.05,501.03,501.07,1901,1150,501.0549229760734,3.6686570398146836e-10,-9.2148893545696e-06
2024-02-09 21:35:00+00:00,501.05,501.05,501.06,4,134,501.0502898550725,3.7654693461315855e-10,1.585013373461841e-05
2024-02-09 21:36:00+00:00,501.06,501.03,501.06,1902,118,501.0582475247525,3.343444227431681e-10,-2.477594467420463e-05
2024-02-09 21:37:00+00:00,501.06,501.03,501.05,1102,290,501.0458333333333,6.556690528974967e-11,8.08296796583896e-06
2024-02-09 21:38:00+00:00,501.06,501.03,501.05,50901,300,501.0498828147888,6.611969931448273e-14,-7.832261328388768e-08
2024-02-09 21:39:00+00:00,501.03,501.03,501.05,50891,400,501.04984402721726,5.217200296195142e-11,-7.671945741694053e-06
2024-02-09 21:40:00+00:00,501.04,501.04,501.05,300,200,501.046,2.8020147348607756e-09,-1.4527545653786333e-05
2024-02-09 21:41:00+00:00,501.03,501.03,501.04,34094,5200,501.03867664274446,1.9959409797492272e-09,2.0529929555257453e-05
2024-02-09 21:42:00+00:00,501.03,501.03,501.05,22977,1200,501.04900732100754,3.152312728739043e-09,-7.892895077521445e-07
2024-02-09 21:43:00+00:00,501.04,501.03,501.05,22793,1700,501.0486118482832,1.38076850127085e-09,-3.7026758876068655e-05
2024-02-09 21:44:00+00:00,501.03,501.03,501.04,3,500,501.0300596421471,1.0846561508200367e-09,1.4402539772584433e-05
2024-02-09 21:45:00+00:00,501.02,501.01,501.04,1290,205,501.03588628762543,5.353109995487742e-09,-3.4498092252088775e-05
2024-02-09 21:46:00+00:00,501.02,501.01,501.02,1100,1,501.01999091734785,4.26106193447015e-09,0.00011573711986190283
2024-02-09 21:47:00+00:00,501.08,501.06,501.08,1300,135,501.07811846689896,2.395745642377891e-10,5.649091164183773e-06
2024-02-09 21:48:00+00:00,501.08,501.08,501.1,99,2351,501.0808081632653,2.2007441937616177e-09,7.700361575491144e-06
2024-02-09 21:49:00+00:00,501.1,501.07,501.1,1100,1000,501.0857142857143,5.960700179431542e-09,-2.2841474868195988e-05
2024-02-09 21:50:00+00:00,501.08,501.06,501.08,1100,564,501.0732211538462,1.4827909302555186e-09,-2.5294265011854833e-05
2024-02-09 21:51:00+00:00,501.08,501.06,501.1,21,1515,501.060546875,2.433705710363817e-09,-1.0173662160273267e-05
2024-02-09 21:52:00+00:00,501.05,501.03,501.07,1749,1000,501.05544925427427,5.478646666454462e-09,-8.975666039556796e-05
2024-02-09 21:53:00+00:00,500.99,501.0,501.02,1100,1000,501.0104761904762,6.686628373716421e-09,-4.942392612272695e-05
2024-02-09 21:54:00+00:00,500.99,500.97,501.0,1150,1000,500.98604651162793,8.3771274494746e-09,3.516876253484291e-05
2024-02-09 21:55:00+00:00,501.0,500.98,501.01,2100,500,501.0042307692308,1.0160450462822233e-08,-6.6931956940186055e-06
2024-02-09 21:56:00+00:00,500.97,500.98,501.0,1000,1,500.99998001998,1.6012336803848312e-09,-9.940160037080759e-06
2024-02-09 21:57:00+00:00,500.99,500.99,501.02,300,1500,500.995,2.0072355686353184e-09,3.0293350809396102e-05
2024-02-09 21:58:00+00:00,501.01,501.01,501.02,18,1000,501.01017681728877,5.4685755894726986e-09,-2.5302514550240573e-05
2024-02-09 21:59:00+00:00,500.98,500.96,501.0,40,500,500.962962962963,2.7666959948511404e-08,-0.000151560382135707
2024-02-09 22:00:00+00:00,500.96,500.92,501.0,1,50,500.921568627451,1.3616048564308217e-08,9.149636462679744e-05
2024-02-09 22:01:00+00:00,500.92,500.91,500.99,127,50,500.96740112994354,1.8698887582625258e-08,4.5525681573455046e-06
2024-02-09 22:02:00+00:00,500.9,500.9,500.97,219,1,500.9696818181818,1.0627772468859207e-08,-8.420034128353571e-05
2024-02-09 22:03:00+00:00,501.07,501.03,501.08,100,300,501.0425,2.709363052604114e-07,0.00031518456340418055
2024-02-09 22:04:00+00:00,501.09,500.97,501.09,500,5,501.0888118811881,3.2825647365404186e-08,-0.00017000152559187853
2024-02-09 22:05:00+00:00,501.0,501.0,501.06,20,6000,501.0001993355482,9.367562969868526e-09,-9.505388625330458e-05
2024-02-09 22:06:00+00:00,500.96,500.95,500.96,300,864,500.95257731958765,3.091827590521735e-10,1.323273532993774e-05
2024-02-09 22:07:00+00:00,500.96,500.95,500.96,10300,888,500.95920629245614,3.325899228050493e-08,0.0001811308844696935
2024-02-09 22:08:00+00:00,500.96,500.96,501.05,4949,3,501.04994547657515,2.5831048995908705e-09,-5.228116839772756e-05
2024-02-09 22:09:00+00:00,500.96,500.98,501.05,5,3,501.02375,7.522034112376075e-10,-3.0295113612077706e-05
2024-02-09 22:10:00+00:00,501.0,500.98,501.02,5,2,501.00857142857143,8.334035106576951e-09,-2.137219219844333e-05
2024-02-09 22:11:00+00:00,501.0,500.97,501.0,300,23,500.9978637770898,1.2345696264471618e-08,2.4220109879680152e-05
2024-02-09 22:12:00+00:00,500.97,501.0,501.01,5000,1,501.00999800039995,7.92023653096986e-09,4.324996777138601e-05
2024-02-09 22:13:00+00:00,501.01,500.96,501.05,43,11,501.03166666666664,1.5690717961138933e-08,-0.00012493122866785722
2024-02-09 22:14:00+00:00,501.01,500.96,501.0,44,150,500.96907216494844,2.3284677142709275e-08,0.00016142408054720114
2024-02-09 22:15:00+00:00,501.03,501.03,501.05,3695,11,501.0499406368052,2.0585250929017336e-09,-1.0628186449923582e-05
2024-02-09 22:16:00+00:00,501.03,500.96,501.06,44,8,501.0446153846154,4.786760699904126e-10,2.3220717332073093e-05
2024-02-09 22:17:00+00:00,501.06,501.05,501.06,10,6,501.05625000000003,2.1195348588633057e-08,-0.00015043039098161515
2024-02-09 22:18:00+00:00,500.96,500.96,501.07,78,333,500.98087591240875,7.510161548530541e-08,-1.1728815791700598e-05
2024-02-09 22:19:00+00:00,500.96,500.96,501.05,20,100,500.975,8.179234089835201e-09,5.6556381722305815e-05
2024-02-09 22:20:00+00:00,500.96,501.0,501.03,1,8,501.00333333333333,5.5247219678615315e-09,-5.8705726586616436e-06
2024-02-09 22:21:00+00:00,500.96,501.0,501.02,1,50,501.00039215686274,2.8075154002134006e-09,-5.29859924905951e-05
2024-02-09 22:22:00+00:00,501.0,500.96,501.02,15,50,500.9738461538461,3.5813564913766875e-09,4.28125419431602e-05
2024-02-09 22:23:00+00:00,501.02,500.96,501.0,15,2,500.99529411764706,2.337758289184185e-08,6.91245402739682e-05
2024-02-09 22:24:00+00:00,501.02,501.0,501.03,20000,50,501.0299251870324,0.0,0.0
2024-02-09 22:25:00+00:00,501.02,501.0,501.03,20000,50,501.0299251870324,3.926562669171218e-10,-1.981356069447049e-05
2024-02-09 22:26:00+00:00,501.02,501.0,501.02,20000,2,501.01999800019996,3.5374330892810826e-09,-3.9375134742059004e-05
2024-02-09 22:27:00+00:00,501.02,501.0,501.01,1,36,501.0002702702702,4.703999912847293e-09,-7.220936822971424e-05
2024-02-09 22:28:00+00:00,501.0,500.96,501.0,114,1000,500.9640933572711,1.974821789851547e-09,4.030699461776699e-05
2024-02-09 22:29:00+00:00,500.99,500.97,500.99,50,5,500.9881818181818,9.284024054604485e-09,6.918710850545295e-05
2024-02-09 22:30:00+00:00,501.0,500.97,501.03,25155,35,501.02991663358466,5.792572597156462e-09,-3.342470693223909e-06
2024-02-09 22:31:00+00:00,501.0,501.01,501.03,20,35,501.01727272727265,1.1501617156586198e-09,2.688133566852713e-07
2024-02-09 22:32:00+00:00,501.03,501.01,501.04,20,61,501.01740740740746,1.9485307615054662e-11,-4.941745578967982e-06
2024-02-09 22:33:00+00:00,501.01,501.01,501.04,13,61,501.0152702702703,7.3370469178561715e-09,-6.939157978502752e-05
2024-02-09 22:34:00+00:00,500.97,500.98,501.0,2,240,500.98016528925626,6.423490447115382e-13,8.060527398878747e-07
2024-02-09 22:35:00+00:00,501.0,500.98,501.0,7,239,500.9805691056911,3.893467920675113e-11,7.605044010094986e-06
2024-02-09 22:36:00+00:00,501.0,500.98,501.0,67,239,500.9843790849673,9.237895535491212e-10,3.0393906520043146e-05
2024-02-09 22:37:00+00:00,500.97,500.97,501.0,17957,239,500.99960595735325,2.4722358358063086e-10,-1.658975151386244e-05
2024-02-09 22:38:00+00:00,501.0,500.99,501.0,80,538,500.9912944983819,1.2004122902316342e-10,9.273805210874286e-06
2024-02-09 22:39:00+00:00,501.0,500.99,501.0,1080,738,500.9959405940594,9.888098350797773e-11,-1.1072671746381602e-05
2024-02-09 22:40:00+00:00,500.99,500.99,501.0,79,1930,500.9903932304629,9.216582898866676e-15,-9.419811075606077e-08
2024-02-09 22:41:00+00:00,501.0,500.99,501.0,69,1925,500.99034603811435,2.1091941937663885e-16,2.2165582480582202e-08
2024-02-09 22:42:00+00:00,501.0,500.99,501.0,70,1890,500.99035714285714,1.323220994170359e-16,-2.573551260987017e-09
2024-02-09 22:43:00+00:00,501.0,500.99,501.0,69,1870,500.9903558535328,1.8459321811147166e-12,-1.6292100890602512e-07
2024-02-09 22:44:00+00:00,501.0,500.99,501.0,58,2057,500.99027423167854,1.4338371091122148e-09,1.2991482031932122e-05
2024-02-09 22:45:00+00:00,500.98,500.97,501.0,17957,2157,500.99678283782436,5.351018475672722e-10,-1.3291924576885883e-05
2024-02-09 22:46:00+00:00,500.98,500.99,501.0,27,2157,500.9901236263736,3.657890040075316e-10,-2.778638236167197e-07
2024-02-09 22:47:00+00:00,500.99,500.97,500.99,17957,14,500.98998441934225,1.6768291900139435e-16,1.7765343418574275e-08
2024-02-09 22:48:00+00:00,500.99,500.97,500.99,17957,6,500.9899933196014,4.5685602130947855e-17,7.778087951493262e-09
2024-02-09 22:49:00+00:00,500.99,500.98,500.99,17957,5,500.9899972163456,2.458202851696355e-10,1.583442492103515e-05
2024-02-09 22:50:00+00:00,501.0,500.98,501.0,17957,2073,500.9979301048427,4.254222957062507e-20,2.0625767760407143e-10
2024-02-09 22:51:00+00:00,501.0,500.98,501.0,17958,2073,500.9979302081773,4.569566024198559e-12,2.8969553611535304e-06
2024-02-09 22:52:00+00:00,501.0,500.98,501.0,17958,573,500.9993815768172,3.5342816043748884e-16,2.7158213233846595e-08
2024-02-09 22:53:00+00:00,501.0,500.98,501.0,17958,560,500.9993951830652,3.5875237704918007e-10,-1.5791260207786983e-05
2024-02-09 22:54:00+00:00,500.99,500.99,501.0,96,551,500.9914837712519,2.10188119592472e-17,4.584627788517537e-09
2024-02-09 22:55:00+00:00,501.0,500.99,501.0,96,550,500.99148606811144,4.243029423593948e-17,9.211969853595292e-09
2024-02-09 22:56:00+00:00,500.99,500.99,501.0,93,548,500.99145085803434,2.879757644256776e-10,1.6198858498794877e-05
2024-02-09 22:57:00+00:00,501.0,500.99,501.0,18050,740,500.99960617349655,5.188471942484731e-15,5.93686106942215e-08
2024-02-09 22:58:00+00:00,501.0,500.99,501.0,18050,682,500.9996359171471,2.901086259766419e-13,6.408297910098781e-07
2024-02-09 22:59:00+00:00,501.0,500.99,501.0,18050,78,500.99995697263904,1.2155441740820777e-16,1.2066908583463487e-08
2024-02-09 23:00:00+00:00,501.0,500.99,501.0,18050,67,500.99996301815975,1.2544950139469941e-16,1.3180623037456485e-08
2024-02-09 23:01:00+00:00,501.0,500.99,501.0,18050,55,500.9999696216514,0.0,0.0
2024-02-09 23:02:00+00:00,501.0,500.99,501.0,18050,55,500.9999696216514,0.0,0.0
2024-02-09 23:03:00+00:00,501.0,500.99,501.0,18050,55,500.9999696216514,4.99446559956782e-18,2.198469628567068e-09
2024-02-09 23:04:00+00:00,501.0,500.99,501.0,18050,53,500.99997072308463,2.522279906761972e-10,1.5967579017228672e-05
2024-02-09 23:05:00+00:00,501.03,501.0,501.03,72,199,501.0079704797048,3.155011300698412e-11,5.097943764686974e-06
2024-02-09 23:06:00+00:00,501.03,501.01,501.03,8,295,501.0105280528053,3.0856953748657457e-13,5.658377024708727e-07
2024-02-09 23:07:00+00:00,501.03,501.01,501.03,8,190,501.0108080808081,2.9294282624564093e-13,-5.41241929497005e-07
2024-02-09 23:08:00+00:00,501.03,501.01,501.03,8,290,501.0105369127516,1.1656329952245675e-13,3.414136779955612e-07
2024-02-09 23:09:00+00:00,501.03,501.01,501.03,8,218,501.01070796460175,0.0,0.0
2024-02-09 23:10:00+00:00,501.03,501.01,501.03,8,218,501.01070796460175,0.0,0.0
2024-02-09 23:11:00+00:00,501.03,501.01,501.03,8,218,501.01070796460175,1.4953656880186944e-14,1.2228514578715988e-07
2024-02-09 23:12:00+00:00,501.03,501.01,501.03,8,200,501.01076923076926,3.438416636889243e-14,-1.8542968038826046e-07
2024-02-09 23:13:00+00:00,501.01,501.01,501.03,7,200,501.0106763285024,5.775814509559868e-13,-7.599877965835944e-07
2024-02-09 23:14:00+00:00,501.01,501.01,501.03,3,200,501.01029556650246,4.544708363719076e-12,2.1318321612451285e-06
2024-02-09 23:15:00+00:00,501.02,501.01,501.02,3,19,501.0113636363636,2.042218066333761e-12,3.489445299376115e-07
2024-02-09 23:16:00+00:00,501.02,501.01,501.02,2,11,501.0115384615384,1.304169895480165e-11,-3.0312258864073627e-06
2024-02-09 23:17:00+00:00,501.02,501.01,501.02,2,1009,501.0100197823936,4.3458788081341143e-10,-2.0846771472182724e-05
2024-02-09 23:18:00+00:00,501.0,500.99,501.0,17971,797,500.99957534100594,5.5857118893269324e-11,-9.982803955366215e-06
2024-02-09 23:19:00+00:00,500.99,500.99,501.0,671,796,500.9945739604636,1.0112064240323494e-09,-3.7527327575670455e-05
2024-02-09 23:20:00+00:00,500.95,500.95,500.99,596,329,500.97577297297295,2.288916984789793e-08,-4.618264873224032e-05
2024-02-09 23:21:00+00:00,500.97,500.95,500.97,596,3925,500.9526365848264,2.6231694606118473e-12,3.0990285373455606e-06
2024-02-09 23:22:00+00:00,500.97,500.95,500.97,616,2325,500.95418905134306,1.0420120735690025e-10,1.1439036710969575e-05
2024-02-09 23:23:00+00:00,500.97,500.95,500.96,616,5,500.9599194847021,2.027609843175162e-15,6.444385136639141e-08
2024-02-09 23:24:00+00:00,500.96,500.95,500.96,619,3,500.9599517684887,1.6653428366350913e-08,-3.950459019785857e-05
2024-02-09 23:25:00+00:00,500.95,500.94,500.95,20,1218,500.94016155088855,2.5208220115932615e-16,-1.5877096748440067e-08
2024-02-09 23:26:00+00:00,500.94,500.94,500.95,19,1218,500.94015359741314,6.154016151100092e-20,2.480728955589484e-10
2024-02-09 23:27:00+00:00,500.95,500.94,500.95,19,1217,500.94015372168286,2.472302304237384e-09,-1.8691270362913848e-05
2024-02-09 23:28:00+00:00,500.92,500.93,500.95,50,1215,500.930790513834,6.041802140760559e-11,-8.028340980903437e-07
2024-02-09 23:29:00+00:00,500.94,500.93,500.94,4,99,500.9303883495146,6.174212717850539e-14,2.4847963131513495e-07
2024-02-09 23:30:00+00:00,500.94,500.93,500.94,4,74,500.93051282051283,7.969570602376063e-13,-8.92724515311194e-07
2024-02-09 23:31:00+00:00,500.94,500.93,500.95,4,1215,500.9300656275636,3.470929849840194e-20,1.0756284751778367e-10
2024-02-09 23:32:00+00:00,500.95,500.93,500.95,4,1214,500.93006568144506,7.58642418743589e-18,2.8599778101323636e-09
2024-02-09 23:33:00+00:00,500.95,500.93,500.95,4,1188,500.93006711409396,0.0,0.0
2024-02-09 23:34:00+00:00,500.95,500.93,500.95,4,1188,500.93006711409396,0.0,0.0
2024-02-09 23:35:00+00:00,500.95,500.93,500.95,4,1188,500.93006711409396,0.0,0.0
2024-02-09 23:36:00+00:00,500.95,500.93,500.95,4,1188,500.93006711409396,0.0,0.0
2024-02-09 23:37:00+00:00,500.95,500.93,500.95,4,1188,500.93006711409396,3.4638256781023534e-10,3.54622655907022e-07
2024-02-09 23:38:00+00:00,500.95,500.92,500.95,156,1130,500.92363919129076,1.2526484589647206e-09,1.9491908484825515e-05
2024-02-09 23:39:00+00:00,500.95,500.94,500.95,1,1130,500.9400088417329,1.2010734941988832e-13,3.4656507241770385e-07
2024-02-09 23:40:00+00:00,500.95,500.94,500.95,21,1130,500.9401824500434,2.6275604526517713e-15,-5.0942047802315926e-08
2024-02-09 23:41:00+00:00,500.94,500.94,500.95,18,1129,500.94015693112465,3.6386499697345136e-10,-1.9075245659583295e-05
2024-02-09 23:42:00+00:00,500.93,500.93,500.95,35,1129,500.9306013745704,3.9506472979406265e-13,6.28541748648459e-07
2024-02-09 23:43:00+00:00,500.95,500.93,500.95,35,729,500.9309162303665,2.2278519206418987e-10,2.1444363041300818e-05
2024-02-09 23:44:00+00:00,500.95,500.94,500.95,100,500,500.94166666666666,3.0847386579131266e-11,9.24445652694672e-06
2024-02-09 23:45:00+00:00,500.95,500.94,500.95,100,59,500.94628930817606,1.0947935738423325e-12,1.1896239942021936e-06
2024-02-09 23:46:00+00:00,500.95,500.94,500.95,126,57,500.9468852459016,9.433426507583722e-14,3.071388368081074e-07
2024-02-09 23:47:00+00:00,500.95,500.94,500.95,126,53,500.9470391061452,6.728632295684818e-12,-2.513817895288817e-06
2024-02-09 23:48:00+00:00,500.95,500.94,500.95,126,92,500.9457798165137,1.1791474161934534e-11,3.4338715995119173e-06
2024-02-09 23:49:00+00:00,500.95,500.94,500.95,126,42,500.94749999999993,7.478739235306353e-09,8.739848244010417e-05
2024-02-09 23:50:00+00:00,501.0,500.95,501.0,483,102,500.9912820512821,3.8476348077983343e-10,1.1660899256193957e-05
2024-02-09 23:51:00+00:00,501.0,500.99,501.0,379,153,500.9971240601503,5.444310687466193e-10,1.1491674313912625e-05
2024-02-09 23:52:00+00:00,500.99,500.99,501.03,95,200,501.00288135593223,1.8410030304979167e-11,-4.29069112206637e-06
2024-02-09 23:53:00+00:00,501.02,501.0,501.03,5,200,501.0007317073171,5.402580314140049e-09,-6.90910887946039e-05
2024-02-09 23:54:00+00:00,500.99,500.96,500.99,230,898,500.96611702127655,2.4215116197625937e-10,-2.257535619332174e-06
2024-02-09 23:55:00+00:00,500.96,500.96,500.99,179,898,500.9649860724233,8.837316536797419e-10,2.6088615962427397e-05
2024-02-09 23:56:00+00:00,500.96,500.96,500.98,260,28,500.97805555555556,2.9084124967728534e-10,-1.0534948026719171e-05
2024-02-09 23:57:00+00:00,500.98,500.97,500.98,5,13,500.97277777777776,1.3343205378702253e-09,-2.5465688064052472e-05
2024-02-09 23:58:00+00:00,500.97,500.96,500.97,1,495,500.9600201612903,6.91237540555491e-15,-6.046990042030131e-08
2024-02-09 23:59:00+00:00,500.97,500.95,500.97,493,494,500.9599898682878,1.4047965240135978e-08,-5.9058962787350566e-05
