ts_recv,price,bid_px_00,ask_px_00,bid_sz_00,ask_sz_00,weighted_mid,rv_60s,ret_60s
2021-02-18 08:01:00+00:00,,,,0,0,,0.0,
2021-02-18 08:02:00+00:00,,,,0,0,,0.0,
2021-02-18 08:03:00+00:00,,,,0,0,,0.0,
2021-02-18 08:04:00+00:00,,,,0,0,,0.0,
2021-02-18 08:05:00+00:00,,,,0,0,,0.0,
2021-02-18 08:06:00+00:00,,,,0,0,,0.0,
2021-02-18 08:07:00+00:00,,,,0,0,,0.0,
2021-02-18 08:08:00+00:00,,,,0,0,,0.0,
2021-02-18 08:09:00+00:00,,,,0,0,,0.0,
2021-02-18 08:10:00+00:00,,,,0,0,,0.0,
2021-02-18 08:11:00+00:00,,,,0,0,,0.0,
2021-02-18 08:12:00+00:00,,,,0,0,,0.0,
2021-02-18 08:13:00+00:00,,,,0,0,,0.0,
2021-02-18 08:14:00+00:00,,,,0,0,,0.0,
2021-02-18 08:15:00+00:00,,,,0,0,,0.0,
2021-02-18 08:16:00+00:00,,,,0,0,,0.0,
2021-02-18 08:17:00+00:00,,,,0,0,,0.0,
2021-02-18 08:18:00+00:00,,,,0,0,,0.0,
2021-02-18 08:19:00+00:00,,,,0,0,,0.0,
2021-02-18 08:20:00+00:00,,,,0,0,,0.0,
2021-02-18 08:21:00+00:00,,,,0,0,,0.0,
2021-02-18 08:22:00+00:00,,,,0,0,,0.0,
2021-02-18 08:23:00+00:00,,,,0,0,,0.0,
2021-02-18 08:24:00+00:00,,,,0,0,,0.0,
2021-02-18 08:25:00+00:00,,,,0,0,,0.0,
2021-02-18 08:26:00+00:00,,,,0,0,,0.0,
2021-02-18 08:27:00+00:00,,,,0,0,,0.0,
2021-02-18 08:28:00+00:00,,,,0,0,,0.0,
2021-02-18 08:29:00+00:00,,,,0,0,,0.0,
2021-02-18 08:30:00+00:00,,,,0,0,,0.0,
2021-02-18 08:31:00+00:00,,,,0,0,,0.0,
2021-02-18 08:32:00+00:00,,,,0,0,,0.0,
2021-02-18 08:33:00+00:00,,,,0,0,,0.0,
2021-02-18 08:34:00+00:00,,,,0,0,,0.0,
2021-02-18 08:35:00+00:00,,,,0,0,,0.0,
2021-02-18 08:36:00+00:00,,,,0,0,,0.0,
2021-02-18 08:37:00+00:00,,,,0,0,,0.0,
2021-02-18 08:38:00+00:00,,,,0,0,,0.0,
2021-02-18 08:39:00+00:00,,,,0,0,,0.0,
2021-02-18 08:40:00+00:00,,,,0,0,,0.0,
2021-02-18 08:41:00+00:00,,,,0,0,,0.0,
2021-02-18 08:42:00+00:00,,,,0,0,,0.0,
2021-02-18 08:43:00+00:00,,,,0,0,,0.0,
2021-02-18 08:44:00+00:00,,,,0,0,,0.0,
2021-02-18 08:45:00+00:00,,,,0,0,,0.0,
2021-02-18 08:46:00+00:00,,,,0,0,,0.0,
2021-02-18 08:47:00+00:00,,,,0,0,,0.0,
2021-02-18 08:48:00+00:00,,,,0,0,,0.0,
2021-02-18 08:49:00+00:00,,,,0,0,,0.0,
2021-02-18 08:50:00+00:00,,,,0,0,,0.0,
2021-02-18 08:51:00+00:00,,,,0,0,,0.0,
2021-02-18 08:52:00+00:00,,,,0,0,,0.0,
2021-02-18 08:53:00+00:00,,,,0,0,,0.0,
2021-02-18 08:54:00+00:00,,,,0,0,,0.0,
2021-02-18 08:55:00+00:00,,,,0,0,,0.0,
2021-02-18 08:56:00+00:00,,,,0,0,,0.0,
2021-02-18 08:57:00+00:00,,,,0,0,,0.0,
2021-02-18 08:58:00+00:00,,,,0,0,,0.0,
2021-02-18 08:59:00+00:00,,,,0,0,,0.0,
2021-02-18 09:00:00+00:00,,,,0,0,,7.123592463191013e-08,
2021-02-18 09:01:00+00:00,392.0,392.0,392.05,582,600,392.0246192893401,9.122853896457307e-08,-0.00015533881174389919
2021-02-18 09:02:00+00:00,391.95,391.91,391.95,500,600,391.9281818181818,5.176249150126572e-08,6.0747362653490455e-06
2021-02-18 09:03:00+00:00,391.95,391.94,391.98,100,600,391.9457142857143,5.352527327450965e-08,6.196193350382906e-05
2021-02-18 09:04:00+00:00,391.95,391.93,392.01,500,500,391.97,8.343150126630167e-08,-0.00018777866572350366
2021-02-18 09:05:00+00:00,391.95,391.86,391.9,1010,100,391.89639639639637,5.455049383229038e-08,-0.00018102195272573507
2021-02-18 09:06:00+00:00,391.82,391.78,391.83,1000,100,391.82545454545453,8.56595498897765e-08,3.7122280792889484e-05
2021-02-18 09:07:00+00:00,391.82,391.82,391.86,100,100,391.84,2.464101408015729e-08,-0.0001616305975228327
2021-02-18 09:08:00+00:00,391.82,391.77,391.81,100,500,391.77666666666664,1.3393299870980205e-08,7.232011435087671e-05
2021-02-18 09:09:00+00:00,391.82,391.79,391.82,100,100,391.805,1.9321654842053573e-08,-0.00019992938664215032
2021-02-18 09:10:00+00:00,391.82,391.69,391.74,500,500,391.715,4.607482600481649e-08,4.254667370107157e-05
2021-02-18 09:11:00+00:00,391.82,391.71,391.75,500,100,391.74333333333334,6.02294159106531e-08,-0.00011487113160835172
2021-02-18 09:12:00+00:00,391.73,391.69,391.74,100,500,391.6983333333333,1.1961098936013692e-08,-9.520301496690475e-05
2021-02-18 09:13:00+00:00,391.73,391.66,391.69,18,500,391.6610424710425,3.875479208858386e-08,-4.521546896119055e-05
2021-02-18 09:14:00+00:00,391.66,391.61,391.66,500,500,391.635,2.094725586581534e-08,6.170580375020052e-05
2021-02-18 09:15:00+00:00,391.66,391.63,391.69,1000,600,391.6675,4.3161262226408925e-08,6.595730647385167e-05
2021-02-18 09:16:00+00:00,391.66,391.66,391.71,1000,500,391.6933333333333,1.981852648824132e-08,-0.00022977159001935643
2021-02-18 09:17:00+00:00,391.66,391.6,391.61,100,200,391.60333333333335,4.5271340084526653e-08,-1.7797848936518257e-05
2021-02-18 09:18:00+00:00,391.61,391.56,391.6,1000,100,391.59636363636366,4.810910836079921e-08,-0.00016452694272861557
2021-02-18 09:19:00+00:00,391.61,391.53,391.54,120,500,391.53193548387094,4.530352960949034e-08,-0.00010109658780588227
2021-02-18 09:20:00+00:00,391.5,391.46,391.51,1100,600,391.4923529411765,5.225642489567349e-08,0.00019195025971496804
2021-02-18 09:21:00+00:00,391.5,391.53,391.59,1000,600,391.5675,5.1759672397018864e-08,-0.00018089686537647864
2021-02-18 09:22:00+00:00,391.55,391.46,391.51,1100,500,391.494375,7.581749241737507e-08,1.809295949728451e-05
2021-02-18 09:23:00+00:00,391.46,391.46,391.51,1000,500,391.49333333333334,9.604427280598489e-08,0.0002415898528005389
2021-02-18 09:24:00+00:00,391.55,391.55,391.59,100,600,391.55571428571426,7.919694193359798e-08,-0.00040182229540430825
2021-02-18 09:25:00+00:00,391.58,391.44,391.49,10,500,391.44098039215686,1.0304660249987994e-07,-9.009303626628107e-05
2021-02-18 09:26:00+00:00,391.44,391.38,391.43,1000,100,391.42545454545456,1.3660616525343225e-07,-0.00037739430039718247
2021-02-18 09:27:00+00:00,391.44,391.26,391.3,1000,100,391.29636363636365,7.364368506395869e-08,0.0002606975448427029
2021-02-18 09:28:00+00:00,391.44,391.34,391.39,100,500,391.34833333333336,6.820507677181109e-08,-0.0001379803761243359
2021-02-18 09:29:00+00:00,391.3,391.3,391.33,25,100,391.306,7.053926133701717e-08,-0.0002453322974859118
2021-02-18 09:30:00+00:00,391.2,391.2,391.24,100,600,391.2057142857143,4.8160451850262105e-08,0.0002130143230831827
2021-02-18 09:31:00+00:00,391.2,391.26,391.31,1000,500,391.29333333333335,6.632131720763357e-08,-0.00024491430129147673
2021-02-18 09:32:00+00:00,391.21,391.16,391.22,1000,600,391.1975,9.766757362276502e-08,-8.307824053055413e-05
2021-02-18 09:33:00+00:00,391.21,391.16,391.2,1100,100,391.19666666666666,9.005416762045745e-08,-0.00012356252050504946
2021-02-18 09:34:00+00:00,391.11,391.11,391.13,50,100,391.1166666666667,5.6058316467683286e-08,-4.8294768540291244e-05
2021-02-18 09:35:00+00:00,391.1,391.08,391.12,100,600,391.0857142857143,3.563746492903064e-08,0.00017188085957475785
2021-02-18 09:36:00+00:00,391.11,391.17,391.22,100,500,391.17833333333334,1.1621495970045041e-07,0.00023434271130251538
2021-02-18 09:37:00+00:00,391.26,391.26,391.29,100,500,391.265,6.131094293629933e-08,8.519556642272441e-05
2021-02-18 09:38:00+00:00,391.32,391.27,391.31,100,100,391.29,6.306685868511117e-08,-0.00021540472357006735
2021-02-18 09:39:00+00:00,391.25,391.2,391.24,100,600,391.2057142857143,1.1418958825955034e-07,4.7472283489780054e-05
2021-02-18 09:40:00+00:00,391.25,391.19,391.23,600,100,391.2242857142857,8.258355124286178e-08,0.0001935316606842541
2021-02-18 09:41:00+00:00,391.25,391.29,391.32,500,100,391.315,1.0106478582289535e-07,0.00024626536254435116
2021-02-18 09:42:00+00:00,391.39,391.36,391.4,1000,100,391.3963636363636,1.6242225040891382e-08,-6.271252578171627e-05
2021-02-18 09:43:00+00:00,391.39,391.37,391.39,50,500,391.3718181818182,2.414784153363311e-08,6.349073615963263e-05
2021-02-18 09:44:00+00:00,391.4,391.36,391.4,1100,100,391.39666666666665,3.1886472513691426e-08,-3.832429163930229e-05
2021-02-18 09:45:00+00:00,391.37,391.34,391.39,500,600,391.3627272727273,5.39379192724864e-08,8.516835654881483e-05
2021-02-18 09:46:00+00:00,391.37,391.39,391.44,500,500,391.415,3.805794498917857e-08,2.1290275879382037e-05
2021-02-18 09:47:00+00:00,391.47,391.39,391.44,1000,100,391.43545454545455,3.206799785191897e-08,0.00010644911306578742
2021-02-18 09:48:00+00:00,391.47,391.45,391.49,100,500,391.45666666666665,9.413004111756132e-08,0.0002310667504235031
2021-02-18 09:49:00+00:00,391.47,391.51,391.56,1000,100,391.55545454545455,5.1258177314416944e-08,3.09565656175792e-06
2021-02-18 09:50:00+00:00,391.47,391.55,391.59,100,500,391.5566666666667,2.770371289303375e-08,-0.00015110626814340833
2021-02-18 09:51:00+00:00,391.52,391.46,391.52,1000,600,391.4975,4.4038676145455996e-08,4.4700157727728396e-05
2021-02-18 09:52:00+00:00,391.52,391.49,391.54,500,500,391.515,4.452851294344042e-08,4.6826643508968147e-05
2021-02-18 09:53:00+00:00,391.58,391.52,391.56,50,100,391.53333333333336,3.1893063262074505e-08,-2.554060956938553e-05
2021-02-18 09:54:00+00:00,391.55,391.49,391.53,500,100,391.5233333333333,5.4830694639551325e-08,-8.513753969530136e-05
2021-02-18 09:55:00+00:00,391.41,391.46,391.5,1100,100,391.49666666666667,5.178444644911096e-08,0.0
2021-02-18 09:56:00+00:00,391.52,391.47,391.51,100,100,391.49,8.064618833478529e-08,-4.25723943565659e-05
2021-02-18 09:57:00+00:00,391.52,391.44,391.48,500,100,391.47333333333336,2.1000163507076828e-08,0.0001708026595304002
2021-02-18 09:58:00+00:00,391.54,391.52,391.54,50,600,391.52153846153846,3.992064205623798e-08,-0.0003255623502244065
2021-02-18 09:59:00+00:00,391.52,391.39,391.44,500,600,391.4127272727273,8.006552639350917e-08,0.00019742006809830848
2021-02-18 10:00:00+00:00,391.5,391.46,391.5,600,100,391.4942857142857,8.883215709964765e-08,0.0001678568691774185
2021-02-18 10:01:00+00:00,391.5,391.55,391.59,100,600,391.55571428571426,6.237504725547203e-08,-6.56720992086024e-05
2021-02-18 10:02:00+00:00,391.5,391.52,391.55,50,100,391.53,8.29848662450782e-09,0.00012230526105749817
2021-02-18 10:03:00+00:00,391.5,391.56,391.58,1100,130,391.5778861788618,8.012616245541747e-08,-9.194759722497281e-06
2021-02-18 10:04:00+00:00,391.58,391.56,391.59,100,500,391.565,1.3107132918017212e-08,-8.665018183851014e-05
2021-02-18 10:05:00+00:00,391.58,391.54,391.57,6,500,391.5403557312253,3.02279185642769e-08,0.00010049344466223076
2021-02-18 10:06:00+00:00,391.58,391.55,391.58,100,1,391.57970297029703,5.3621876976775104e-08,-0.0002871196902483053
2021-02-18 10:07:00+00:00,391.51,391.44,391.5,500,600,391.4672727272727,5.3439221629165804e-08,0.00021006155290970163
2021-02-18 10:08:00+00:00,391.51,391.5,391.55,100,1,391.5495049504951,1.046237198114137e-07,-0.00012156876203017752
2021-02-18 10:09:00+00:00,391.5,391.44,391.5,500,495,391.47015075376885,8.25877658024033e-08,0.0001313622508680723
2021-02-18 10:10:00+00:00,391.53,391.52,391.56,500,100,391.55333333333334,1.2175978463529596e-08,-8.513101663465417e-05
2021-02-18 10:11:00+00:00,391.53,391.5,391.54,100,100,391.52,6.08878715060685e-08,7.858916726943832e-06
2021-02-18 10:12:00+00:00,391.53,391.5,391.53,100,30,391.5230769230769,9.61257868517516e-08,-9.299645041715987e-05
2021-02-18 10:13:00+00:00,391.46,391.45,391.51,100,600,391.4585714285714,5.9220257951562996e-08,-0.00010643189210368664
2021-02-18 10:14:00+00:00,391.47,391.39,391.44,500,100,391.4316666666667,6.012975901831547e-08,-7.663911916100385e-05
2021-02-18 10:15:00+00:00,391.42,391.39,391.42,500,100,391.415,2.9109816989457294e-08,6.1093835130865415e-06
2021-02-18 10:16:00+00:00,391.42,391.4,391.44,100,130,391.4173913043478,7.059594136145108e-08,-0.00018494657099044076
2021-02-18 10:17:00+00:00,391.4,391.31,391.37,600,500,391.34272727272725,4.087258845126107e-08,-5.6581423406254494e-05
2021-02-18 10:18:00+00:00,391.4,391.29,391.33,500,100,391.3233333333333,6.180944207475719e-08,0.0001843563590167019
2021-02-18 10:19:00+00:00,391.42,391.37,391.4,500,100,391.395,8.233114670525951e-08,0.00014903954657907725
2021-02-18 10:20:00+00:00,391.4,391.42,391.46,500,100,391.4533333333333,7.396507472617833e-08,4.257638202953551e-05
2021-02-18 10:21:00+00:00,391.4,391.45,391.49,100,100,391.47,3.9554112757713674e-08,-4.2574569358300174e-05
2021-02-18 10:22:00+00:00,391.4,391.42,391.46,500,100,391.4533333333333,1.3005615989095856e-10,-8.41329704770466e-06
2021-02-18 10:23:00+00:00,391.4,391.45,391.47,1,500,391.45003992015967,4.8645793684786494e-08,-0.0002896238138490048
2021-02-18 10:24:00+00:00,391.41,391.32,391.37,500,500,391.345,7.052767425978918e-08,-0.0003066413403634005
2021-02-18 10:25:00+00:00,391.2,391.21,391.25,100,500,391.21666666666664,3.394364359969028e-08,0.00026413325948970723
2021-02-18 10:26:00+00:00,391.2,391.29,391.33,100,100,391.31,5.6644328364128446e-08,-0.0003431608767394678
2021-02-18 10:27:00+00:00,391.2,391.15,391.2,500,200,391.1857142857143,5.9474654889337495e-08,0.00017285663854704758
2021-02-18 10:28:00+00:00,391.18,391.22,391.26,500,100,391.25333333333333,3.2144897914253036e-08,-9.615010126184931e-05
2021-02-18 10:29:00+00:00,391.22,391.21,391.25,100,600,391.2157142857143,5.227436806547524e-08,9.615934699280793e-05
2021-02-18 10:30:00+00:00,391.22,391.22,391.26,500,100,391.25333333333333,4.1524433430686724e-08,0.00011927480916029687
2021-02-18 10:31:00+00:00,391.22,391.28,391.32,100,100,391.3,7.412804824583639e-08,-0.00020318157550502924
2021-02-18 10:32:00+00:00,391.25,391.22,391.27,1,100,391.2204950495049,9.037169180349363e-08,4.559649623203654e-05
2021-02-18 10:33:00+00:00,391.21,391.22,391.28,500,600,391.24727272727273,4.1819901142855956e-08,5.1119735199778304e-05
2021-02-18 10:34:00+00:00,391.2,391.24,391.27,100,500,391.245,4.336190689002298e-08,0.0001277928052652033
2021-02-18 10:35:00+00:00,391.2,391.31,391.35,100,500,391.31666666666666,2.004942572933203e-08,0.0001490725557424799
2021-02-18 10:36:00+00:00,391.2,391.36,391.4,100,500,391.3666666666667,2.8388613889225107e-08,-5.5361553530364205e-05
2021-02-18 10:37:00+00:00,391.2,391.34,391.37,100,500,391.345,4.836767877439406e-08,0.0
2021-02-18 10:38:00+00:00,391.2,391.32,391.37,500,500,391.345,6.003551940080043e-09,-6.388225223274979e-05
2021-02-18 10:39:00+00:00,391.2,391.29,391.35,500,500,391.32,1.021684359971539e-07,-0.00021295444478508507
2021-02-18 10:40:00+00:00,391.21,391.23,391.27,100,500,391.2366666666667,4.985826320401946e-08,0.0002215197962016635
2021-02-18 10:41:00+00:00,391.21,391.31,391.35,100,500,391.31666666666666,2.9019537878333242e-08,-7.240389447760176e-05
2021-02-18 10:42:00+00:00,391.21,391.27,391.32,501,500,391.295024975025,1.3168163950903552e-08,2.4563050802450803e-05
2021-02-18 10:43:00+00:00,391.27,391.19,391.24,500,100,391.2316666666667,1.4259700380476706e-07,-0.00021622898503859123
2021-02-18 10:44:00+00:00,391.27,391.22,391.25,500,100,391.245,8.2007050864246e-08,-0.00015275658558244753
2021-02-18 10:45:00+00:00,391.19,391.16,391.2,3,500,391.16023856858845,4.8658920155310194e-08,-0.00047356185604729983
2021-02-18 10:46:00+00:00,391.0,390.97,391.0,100,500,390.975,1.5779899758796833e-07,-1.9764109539743835e-05
2021-02-18 10:47:00+00:00,390.9,390.94,391.0,500,600,390.9672727272727,8.804198630381226e-08,-1.5501568758624629e-06
2021-02-18 10:48:00+00:00,390.9,390.96,391.0,100,500,390.96666666666664,1.0617290339681263e-07,0.00012682240600225825
2021-02-18 10:49:00+00:00,390.94,391.01,391.05,100,540,391.01625,3.351091772470682e-08,-0.00010001411158022666
2021-02-18 10:50:00+00:00,390.94,390.97,391.02,600,100,391.0128571428571,6.14855903906864e-08,-9.469437256592883e-05
2021-02-18 10:51:00+00:00,390.95,390.94,390.95,2,300,390.94006622516554,3.628485076589395e-08,0.00012332786790958394
2021-02-18 10:52:00+00:00,391.02,390.98,391.03,100,500,390.98833333333334,1.5328158231655938e-08,0.000200346983925348
2021-02-18 10:53:00+00:00,391.02,391.06,391.1,100,500,391.06666666666666,3.4954094894077164e-08,0.0
2021-02-18 10:54:00+00:00,391.02,391.06,391.1,100,500,391.06666666666666,4.966680053978e-08,-0.00017899761336515052
2021-02-18 10:55:00+00:00,391.01,390.99,391.03,100,500,390.99666666666667,1.8043596199195674e-07,-5.541394214780837e-05
2021-02-18 10:56:00+00:00,390.92,390.95,391.0,500,500,390.975,4.3253035526111835e-08,0.00026805289391385045
2021-02-18 10:57:00+00:00,390.92,391.06,391.08,100,1,391.079801980198,2.2903305286722236e-07,-0.0001060717337839634
2021-02-18 10:58:00+00:00,390.99,391.05,391.08,500,1,391.07994011976047,4.4373864168395755e-08,0.00023871624458626783
2021-02-18 10:59:00+00:00,391.08,391.1,391.14,500,100,391.1333333333333,1.1444737585725077e-07,-0.0003366300350691187
2021-02-18 11:00:00+00:00,391.08,390.98,391.02,100,100,391.0,1.2820008930915202e-07,-0.00034100596760444635
2021-02-18 11:01:00+00:00,390.98,390.86,390.9,100,500,390.8666666666667,8.378376254698806e-08,0.00034965034965028785
2021-02-18 11:02:00+00:00,390.93,390.92,390.97,500,100,390.96166666666664,1.2243411024635617e-07,-0.0007485296688733989
2021-02-18 11:03:00+00:00,390.78,390.73,390.77,100,100,390.75,2.10770935077271e-07,-0.0005484675121969484
2021-02-18 11:04:00+00:00,390.58,390.46,390.5,1000,100,390.49636363636364,2.1516304635915064e-07,-0.0003492059057702557
2021-02-18 11:05:00+00:00,390.26,390.34,390.38,100,100,390.36,2.9811095696990465e-07,9.515026422501904e-05
2021-02-18 11:06:00+00:00,390.4,390.41,390.44,1,100,390.410297029703,1.0531490520836162e-07,3.3061357898267474e-05
2021-02-18 11:07:00+00:00,390.46,390.41,390.44,1,600,390.41004991680535,5.6981675614114205e-08,0.00024747505829303407
2021-02-18 11:08:00+00:00,390.54,390.5,390.56,100,540,390.509375,9.124168332832195e-08,0.0003627765637803648
2021-02-18 11:09:00+00:00,390.56,390.63,390.67,500,100,390.66333333333336,1.8953167116522903e-07,-0.00027731676827824625
2021-02-18 11:10:00+00:00,390.54,390.52,390.56,100,100,390.54,8.109012320993666e-08,0.00018147638246457376
2021-02-18 11:11:00+00:00,390.54,390.61,390.64,15,500,390.61087378640775,2.1936056281149207e-08,0.00020257043237226213
2021-02-18 11:12:00+00:00,390.64,390.67,390.71,295,100,390.69987341772156,7.327009261865142e-09,0.00010854133721771575
2021-02-18 11:13:00+00:00,390.72,390.72,390.75,165,100,390.73867924528304,3.714814104092009e-08,0.00016368650345222058
2021-02-18 11:14:00+00:00,390.74,390.76,390.81,1000,100,390.80545454545455,2.991444478156214e-08,-0.00010468134997076994
2021-02-18 11:15:00+00:00,390.77,390.71,390.76,1000,100,390.75545454545454,7.245072154209365e-08,0.00011826353458310734
2021-02-18 11:16:00+00:00,390.77,390.76,390.81,1000,100,390.80545454545455,6.896924234956068e-08,3.4117902943053835e-05
2021-02-18 11:17:00+00:00,390.77,390.79,390.84,500,500,390.815,9.52366864670825e-08,7.249807027198685e-05
2021-02-18 11:18:00+00:00,390.83,390.81,390.85,500,100,390.8433333333333,7.479327243371298e-08,-0.0001492499125820279
2021-02-18 11:19:00+00:00,390.77,390.77,390.81,100,600,390.7757142857143,2.076163311679497e-08,-7.9967245416257e-05
2021-02-18 11:20:00+00:00,390.77,390.75,390.76,300,500,390.75375,7.84632335497461e-08,-0.00011120295146760384
2021-02-18 11:21:00+00:00,390.73,390.71,390.74,5,500,390.710297029703,3.985193675673723e-08,0.00012721182593566915
2021-02-18 11:22:00+00:00,390.73,390.74,390.78,100,100,390.76,6.605806565756668e-08,0.00016817045172046186
2021-02-18 11:23:00+00:00,390.83,390.82,390.86,100,600,390.8257142857143,3.0282704671243335e-08,7.919740135053921e-05
2021-02-18 11:24:00+00:00,390.88,390.85,390.89,100,500,390.8566666666667,3.237988341619018e-08,3.876488862464278e-05
2021-02-18 11:25:00+00:00,390.86,390.87,390.89,50,500,390.8718181818182,5.9450027254917317e-08,-0.0002677996207611777
2021-02-18 11:26:00+00:00,390.84,390.76,390.79,100,500,390.765,2.2712532018721396e-08,8.459043515651743e-05
2021-02-18 11:27:00+00:00,390.84,390.8,390.82,5,500,390.800198019802,3.4739501012409776e-08,0.00011464165173169505
2021-02-18 11:28:00+00:00,390.84,390.84,390.87,100,500,390.845,2.943505149254243e-08,3.4010113796556496e-05
2021-02-18 11:29:00+00:00,390.86,390.82,390.84,10,100,390.8218181818182,2.4270793430744725e-08,-0.0002573935838399155
2021-02-18 11:30:00+00:00,390.8,390.74,390.76,505,66,390.75768826619964,2.7600941575388973e-08,-0.00012178712723420748
2021-02-18 11:31:00+00:00,390.74,390.71,390.72,5,500,390.710099009901,5.9043020854748406e-08,5.523666421636264e-05
2021-02-18 11:32:00+00:00,390.7,390.69,390.74,501,100,390.7316805324459,5.7317980080502327e-08,3.40885272878122e-05
2021-02-18 11:33:00+00:00,390.71,390.69,390.75,501,600,390.71730245231606,4.375772170276324e-08,-0.00011516462142835415
2021-02-18 11:34:00+00:00,390.69,390.68,390.72,100,100,390.7,5.112643683956821e-08,-4.692432386310674e-05
2021-02-18 11:35:00+00:00,390.66,390.64,390.69,500,100,390.6816666666667,1.0823160422589958e-07,1.2798143415926333e-05
2021-02-18 11:36:00+00:00,390.68,390.68,390.72,100,500,390.68666666666667,5.8299376818957324e-08,0.00026523709230552583
2021-02-18 11:37:00+00:00,390.68,390.79,390.81,15,100,390.7926086956522,6.784058092954181e-08,-9.457227988751704e-05
2021-02-18 11:38:00+00:00,390.79,390.72,390.76,500,100,390.75333333333333,4.1862201012821136e-08,0.0001279579615443005
2021-02-18 11:39:00+00:00,390.82,390.77,390.81,500,100,390.80333333333334,3.811376629535555e-08,-0.00011514743135943029
2021-02-18 11:40:00+00:00,390.77,390.75,390.8,100,500,390.7583333333333,4.109356482867716e-08,-9.809984858488718e-05
2021-02-18 11:41:00+00:00,390.74,390.7,390.74,100,100,390.72,5.867060495403063e-08,-8.531258531396801e-06
2021-02-18 11:42:00+00:00,390.74,390.71,390.75,100,500,390.71666666666664,2.1950688806798828e-08,0.000135497614990987
2021-02-18 11:43:00+00:00,390.74,390.75,390.77,100,2,390.76960784313724,4.133889683624117e-08,4.968069595712166e-07
2021-02-18 11:44:00+00:00,390.77,390.75,390.77,100,1,390.769801980198,5.99188832737835e-08,0.00012845931171656666
2021-02-18 11:45:00+00:00,390.81,390.8,390.84,100,100,390.82,2.883897809939455e-08,0.00017714233977472738
2021-02-18 11:46:00+00:00,390.81,390.86,390.9,20,100,390.8666666666667,1.3910102217059333e-07,-5.7725055560342575e-05
2021-02-18 11:47:00+00:00,390.94,390.86,390.87,20,10,390.8666666666667,6.032181989165084e-08,-0.00014924100289959163
2021-02-18 11:48:00+00:00,390.85,390.8,390.85,100,500,390.80833333333334,8.119641138907435e-09,4.264665117159616e-05
2021-02-18 11:49:00+00:00,390.84,390.79,390.85,700,500,390.825,3.402720180688665e-08,3.6729581550876134e-05
2021-02-18 11:50:00+00:00,390.79,390.82,390.84,600,20,390.8393548387096,7.824258016837496e-08,-9.314704239038463e-06
2021-02-18 11:51:00+00:00,390.85,390.83,390.87,100,600,390.8357142857143,2.4384919064047305e-08,0.0001184275453698369
2021-02-18 11:52:00+00:00,390.85,390.85,390.87,300,100,390.865,2.7840809770588296e-08,-9.46577227909362e-05
2021-02-18 11:53:00+00:00,390.85,390.84,390.85,500,500,390.845,4.2041469101676134e-08,0.0002771772271188411
2021-02-18 11:54:00+00:00,390.92,390.92,390.96,500,100,390.9533333333333,6.608249876695123e-08,4.960678868903834e-05
2021-02-18 11:55:00+00:00,391.0,390.94,391.0,600,500,390.9727272727273,3.384404303743685e-08,-9.223304733341209e-05
2021-02-18 11:56:00+00:00,390.92,390.93,390.97,100,500,390.93666666666667,2.543042797345534e-08,0.0
2021-02-18 11:57:00+00:00,390.92,390.93,390.97,100,500,390.93666666666667,2.2730381989947617e-08,-4.187286166656978e-05
2021-02-18 11:58:00+00:00,390.92,390.92,390.95,5,500,390.92029702970297,1.505590053393421e-08,-2.8316334577116464e-07
2021-02-18 11:59:00+00:00,390.92,390.92,390.95,5,800,390.92018633540374,9.468494908835256e-09,9.75825737912217e-05
2021-02-18 12:00:00+00:00,390.95,390.98,391.02,100,501,390.98665557404325,2.0265890681866075e-07,-1.278908664603673e-05
2021-02-18 12:01:00+00:00,391.0,390.93,390.97,50,500,390.93363636363637,2.8417149863822735e-08,7.967555877264054e-05
2021-02-18 12:02:00+00:00,390.99,390.95,391.0,2000,900,390.9844827586207,1.9253778111717373e-08,0.00020167187750352866
2021-02-18 12:03:00+00:00,391.07,391.06,391.08,100,500,391.06333333333333,4.636214281582002e-08,-0.00011933275939957078
2021-02-18 12:04:00+00:00,391.0,391.01,391.05,100,500,391.01666666666665,2.3065954187536828e-08,-7.606731957765511e-05
2021-02-18 12:05:00+00:00,391.0,390.98,391.01,30,100,390.9869230769231,4.653397881269423e-09,4.623408612913771e-05
2021-02-18 12:06:00+00:00,390.97,390.99,391.01,300,100,391.005,7.386628023533202e-09,3.195287614166098e-05
2021-02-18 12:07:00+00:00,391.01,391.01,391.02,299,100,391.0174937343358,1.4025762614222687e-08,-4.572263391511289e-05
2021-02-18 12:08:00+00:00,391.0,390.98,391.03,150,500,390.9915384615385,3.982316742881453e-08,-0.0001569170726415381
2021-02-18 12:09:00+00:00,390.94,390.93,390.94,133,28,390.9382608695652,6.336473723891972e-08,-3.4220048945599046e-06
2021-02-18 12:10:00+00:00,390.94,390.9,390.94,1200,100,390.93692307692305,6.594949879385262e-08,0.0004043540370473053
2021-02-18 12:11:00+00:00,391.04,391.07,391.11,600,100,391.1042857142857,8.95554691241254e-08,-0.0003196154387041794
2021-02-18 12:12:00+00:00,391.0,390.95,390.99,100,100,390.97,3.051434618436901e-08,1.1626095468786346e-05
2021-02-18 12:13:00+00:00,390.97,390.97,391.02,100,1000,390.9745454545455,2.7588685327643834e-08,-0.00010274442418956031
2021-02-18 12:14:00+00:00,390.96,390.92,390.98,600,900,390.944,3.848149718263042e-08,0.0001763936295786639
2021-02-18 12:15:00+00:00,391.0,390.98,391.02,100,500,390.9866666666667,6.231911497557252e-08,-5.919897851591749e-05
2021-02-18 12:16:00+00:00,391.01,390.98,391.01,10,100,390.98272727272723,2.902624760008609e-10,3.2663528102272466e-06
2021-02-18 12:17:00+00:00,391.02,390.98,391.04,10,400,390.9814634146341,6.011897446312111e-09,-9.752401294882418e-05
2021-02-18 12:18:00+00:00,390.93,390.93,390.95,200,100,390.9433333333333,6.990304436715223e-08,-3.4105539592266254e-05
2021-02-18 12:19:00+00:00,390.9,390.91,390.95,100,100,390.93,2.027595318578014e-09,1.023201084593417e-05
2021-02-18 12:20:00+00:00,390.9,390.91,390.95,600,400,390.934,1.347859102923341e-08,-3.7779345795629915e-05
2021-02-18 12:21:00+00:00,390.9,390.9,390.95,500,800,390.91923076923075,2.0150873903823683e-08,4.09947625090723e-06
2021-02-18 12:22:00+00:00,390.95,390.9,390.95,500,700,390.92083333333335,5.191654894313785e-08,-0.0001324481202964467
2021-02-18 12:23:00+00:00,390.87,390.85,390.88,505,290,390.86905660377363,4.929092019503072e-08,0.00014568407312953724
2021-02-18 12:24:00+00:00,390.92,390.92,390.95,100,400,390.926,7.51728632442592e-08,-5.953230860245018e-05
2021-02-18 12:25:00+00:00,390.94,390.87,390.93,600,500,390.90272727272725,2.876332640870997e-08,3.565949523220979e-05
2021-02-18 12:26:00+00:00,390.94,390.91,390.95,100,500,390.9166666666667,9.746799507391878e-09,5.735565435793788e-05
2021-02-18 12:27:00+00:00,390.91,390.9,390.93,600,100,390.92571428571426,4.2921258546574076e-08,9.761113609996208e-05
2021-02-18 12:28:00+00:00,390.94,390.95,391.0,600,501,390.97724795640323,6.868254619384294e-08,0.0002500197750834321
2021-02-18 12:29:00+00:00,391.1,391.05,391.1,600,600,391.075,4.076645064191607e-08,5.29675528078144e-05
2021-02-18 12:30:00+00:00,391.1,391.09,391.13,100,600,391.0957142857143,2.7442060032619548e-08,1.4610964798489334e-05
2021-02-18 12:31:00+00:00,391.15,391.1,391.13,25,500,391.1014285714286,4.237196275332748e-08,-9.496988358892455e-05
2021-02-18 12:32:00+00:00,391.06,391.03,391.07,600,100,391.0642857142857,3.301845912997974e-08,-6.197394741913609e-05
2021-02-18 12:33:00+00:00,391.05,391.04,391.05,3,598,391.04004991680534,4.015726500233426e-08,0.00031527056257862895
2021-02-18 12:34:00+00:00,391.22,391.21,391.25,100,5000,391.21078431372547,1.089806576768899e-07,0.00021303973617148309
2021-02-18 12:35:00+00:00,391.3,391.24,391.29,100,500,391.24833333333333,3.703204716149847e-08,8.587887183164611e-06
2021-02-18 12:36:00+00:00,391.23,391.23,391.29,401,1000,391.2471734475375,6.495177595467871e-08,-1.4009441487439211e-05
2021-02-18 12:37:00+00:00,391.29,391.25,391.29,100,100,391.27,7.4651908305073e-08,-2.4397668047626553e-05
2021-02-18 12:38:00+00:00,391.22,391.21,391.25,500,100,391.24333333333334,9.679085138363399e-08,2.1300071142205113e-05
2021-02-18 12:39:00+00:00,391.26,391.21,391.26,1000,500,391.24333333333334,6.897066818418063e-08,-6.815877586852093e-05
2021-02-18 12:40:00+00:00,391.21,391.21,391.23,500,1500,391.215,4.037141753503694e-08,-7.668384952919105e-05
2021-02-18 12:41:00+00:00,391.22,391.18,391.2,500,1000,391.18666666666667,5.7849890487476e-08,-4.260540577383232e-05
2021-02-18 12:42:00+00:00,391.07,391.15,391.19,500,500,391.17,4.690598234188659e-08,-0.00017305086712249285
2021-02-18 12:43:00+00:00,391.14,391.1,391.11,300,1000,391.1023076923077,8.349122145690451e-08,0.00012194330423076494
2021-02-18 12:44:00+00:00,391.08,391.13,391.16,500,1010,391.13993377483445,4.106653149029186e-08,-8.849644539266066e-05
2021-02-18 12:45:00+00:00,391.11,391.1,391.14,500,800,391.11538461538464,5.7451487093972974e-08,-0.00011553264678432207
2021-02-18 12:46:00+00:00,391.09,391.05,391.09,510,500,391.070198019802,6.427244258188544e-08,0.0001064305503808427
2021-02-18 12:47:00+00:00,391.13,391.11,391.13,100,999,391.11181983621475,4.091852759474909e-08,0.00033470590729622884
2021-02-18 12:48:00+00:00,391.27,391.26,391.29,100,500,391.265,8.541471759019992e-08,1.6622664269938525e-05
2021-02-18 12:49:00+00:00,391.28,391.23,391.28,500,1300,391.2438888888889,1.215783934040437e-07,-0.0001897275787222652
2021-02-18 12:50:00+00:00,391.17,391.15,391.18,500,100,391.175,9.258462841920057e-08,2.5564005879719076e-05
2021-02-18 12:51:00+00:00,391.17,391.18,391.19,500,500,391.185,2.454798335289064e-08,5.794882640297594e-05
2021-02-18 12:52:00+00:00,391.19,391.2,391.21,500,152,391.2076687116564,3.600881288726498e-08,-6.220578038063085e-05
2021-02-18 12:53:00+00:00,391.18,391.18,391.19,500,500,391.185,4.298282902367144e-08,-3.682643740365865e-05
2021-02-18 12:54:00+00:00,391.15,391.15,391.17,600,34,391.168927444795,2.259050947698023e-08,-6.2995112291242e-05
2021-02-18 12:55:00+00:00,391.13,391.13,391.18,400,1000,391.14428571428573,6.250792314152233e-09,7.043218859581479e-05
2021-02-18 12:56:00+00:00,391.19,391.17,391.19,50,495,391.1718348623853,1.1828386308774026e-09,4.306936667908268e-05
2021-02-18 12:57:00+00:00,391.18,391.18,391.19,126,1095,391.18103194103196,8.705550492000633e-08,-0.00027894315066834263
2021-02-18 12:58:00+00:00,391.05,391.07,391.08,700,34,391.07953678474115,1.0979462936138181e-08,1.1885831997515695e-05
2021-02-18 12:59:00+00:00,391.09,391.05,391.09,591,100,391.08421128798835,4.041891022918534e-08,-6.190811924777773e-05
2021-02-18 13:00:00+00:00,391.05,391.05,391.08,500,1000,391.06,8.619640889932597e-08,6.210227148195635e-05
2021-02-18 13:01:00+00:00,391.05,391.05,391.09,600,100,391.0842857142857,3.5840015266139165e-08,-9.067657834727072e-05
2021-02-18 13:02:00+00:00,391.04,391.03,391.05,400,25,391.0488235294118,6.623022881914232e-08,0.0001699710789715425
2021-02-18 13:03:00+00:00,391.06,391.1,391.12,500,154,391.11529051987765,3.581990327174983e-08,-0.00012115998864248301
2021-02-18 13:04:00+00:00,391.1,391.05,391.1,502,750,391.0700479233227,1.641085966583091e-08,6.925369035348794e-06
2021-02-18 13:05:00+00:00,391.04,391.05,391.1,526,750,391.07061128526647,6.95036834988725e-09,-6.857631600099001e-05
2021-02-18 13:06:00+00:00,391.04,391.04,391.05,1100,20,391.0498214285714,3.035246669371955e-08,-0.00017592173731306726
2021-02-18 13:07:00+00:00,390.95,390.92,390.96,500,667,390.9371379605827,5.22393361788649e-08,5.561528498354562e-05
2021-02-18 13:08:00+00:00,390.98,390.98,391.02,72,100,390.9967441860465,4.3294553699074064e-08,5.5824614525468164e-05
2021-02-18 13:09:00+00:00,391.03,391.01,391.03,400,1000,391.0157142857143,1.892976465892953e-08,8.270109069119513e-05
2021-02-18 13:10:00+00:00,391.05,391.02,391.08,600,600,391.05,6.348650552877892e-08,-0.0004594709990483059
2021-02-18 13:11:00+00:00,390.86,390.85,390.86,5,1131,390.8500440140845,6.175600409446378e-08,-0.0001012730451157573
2021-02-18 13:12:00+00:00,390.82,390.83,390.84,204,1034,390.831647819063,5.1585077139442094e-08,0.0001322449565144268
2021-02-18 13:13:00+00:00,390.84,390.85,390.89,500,100,390.8833333333333,4.584042752062157e-08,4.9562862753704806e-05
2021-02-18 13:14:00+00:00,390.88,390.88,390.93,500,601,390.90270663033607,5.385066494019377e-08,3.346828539729785e-05
2021-02-18 13:15:00+00:00,390.88,390.9,390.96,500,1400,390.9157894736842,5.6143158765360614e-08,-5.437186419987583e-05
2021-02-18 13:16:00+00:00,390.87,390.88,390.91,734,781,390.8945346534653,1.1606771746280566e-07,-0.0003139375477734241
2021-02-18 13:17:00+00:00,390.76,390.77,390.79,100,1000,390.77181818181816,4.281611776124481e-08,2.6376655742232913e-05
2021-02-18 13:18:00+00:00,390.77,390.77,390.81,435,1000,390.7821254355401,3.11424280132739e-08,-6.767220977221822e-05
2021-02-18 13:19:00+00:00,390.76,390.74,390.77,363,700,390.7502445907808,6.570451714346562e-08,0.00022309796547981264
2021-02-18 13:20:00+00:00,390.78,390.8,390.85,600,100,390.84285714285716,5.4196205180396776e-08,-0.0001719908725387187
2021-02-18 13:21:00+00:00,390.77,390.77,390.8,182,1034,390.77449013157894,6.951263052602945e-08,-0.0001963218199898531
2021-02-18 13:22:00+00:00,390.7,390.69,390.7,1500,182,390.69891795481567,4.964442554454829e-09,-1.95442146950775e-05
2021-02-18 13:23:00+00:00,390.7,390.69,390.7,1005,34,390.69967276227146,6.309111819828232e-08,2.0699594067696836e-05
2021-02-18 13:24:00+00:00,390.7,390.69,390.74,1505,100,390.7368847352025,1.9255654778143307e-08,-4.470045691962188e-05
2021-02-18 13:25:00+00:00,390.7,390.69,390.7,500,297,390.69627352572144,6.922021549020372e-09,0.0001324608583082032
2021-02-18 13:26:00+00:00,390.7,390.72,390.74,1076,500,390.73365482233504,9.635367876197542e-09,-1.2197396838775632e-05
2021-02-18 13:27:00+00:00,390.74,390.71,390.73,578,34,390.7288888888889,5.325717874550862e-08,-0.00036111211147826783
2021-02-18 13:28:00+00:00,390.58,390.58,390.59,7800,2267,390.58774808781163,6.642978515909421e-08,-0.0003399797882625011
2021-02-18 13:29:00+00:00,390.52,390.43,390.47,500,1000,390.4433333333333,1.6826478717066957e-07,0.0002735864681460143
2021-02-18 13:30:00+00:00,390.67,390.4,390.69,2,60,390.4093548387097,7.438275308870865e-07,8.612666801877111e-05
2021-02-18 13:31:00+00:00,390.6,390.56,390.6,1000,128,390.5954609929078,4.408668901668979e-08,0.00015202956088788966
2021-02-18 13:32:00+00:00,390.66,390.61,390.67,1500,507,390.6548430493274,8.317136447410675e-08,-4.40183727651311e-05
2021-02-18 13:33:00+00:00,390.63,390.6,390.64,1100,135,390.6356275303644,1.428234459938e-07,0.0002062636752784286
2021-02-18 13:34:00+00:00,390.74,390.7,390.74,502,600,390.71822141560796,1.6135051072627326e-07,-0.0006330588532678094
2021-02-18 13:35:00+00:00,390.47,390.44,390.49,10,1100,390.4404504504505,7.613667373608138e-08,-0.0003244982615795422
2021-02-18 13:36:00+00:00,390.39,390.33,390.37,500,2340,390.33704225352113,9.635301030786801e-08,-0.0003442815876517624
2021-02-18 13:37:00+00:00,390.2,390.19,390.25,1100,600,390.2288235294118,1.975153362676669e-07,-0.0007424685209483917
2021-02-18 13:38:00+00:00,389.96,389.92,389.96,1001,1010,389.93991049229237,7.769734454503834e-07,-0.0005643717850964958
2021-02-18 13:39:00+00:00,389.72,389.69,389.74,500,1000,389.70666666666665,1.9948461126960366e-07,0.0005376541173307547
2021-02-18 13:40:00+00:00,389.93,389.91,389.96,1500,600,389.9457142857143,1.329622501220073e-07,0.00041398442500617527
2021-02-18 13:41:00+00:00,390.06,390.06,390.09,287,1000,390.06668997668993,9.903894908589583e-08,7.274492519004916e-05
2021-02-18 13:42:00+00:00,390.09,390.07,390.1,500,35,390.0980373831776,7.209118654815189e-08,0.0001459246065764752
2021-02-18 13:43:00+00:00,390.11,390.13,390.16,1466,210,390.1562410501194,9.000125989670967e-08,-0.00013774238232022729
2021-02-18 13:44:00+00:00,390.08,390.08,390.11,300,100,390.1025,2.499008325469101e-08,-0.00010888435081057857
2021-02-18 13:45:00+00:00,390.06,390.06,390.07,6,2500,390.06002394253795,5.901526820338125e-07,-0.0009453354594343155
2021-02-18 13:46:00+00:00,389.7,389.67,389.71,512,500,389.6902371541502,1.9691867468620127e-07,0.0003110503971790468
2021-02-18 13:47:00+00:00,389.83,389.79,389.83,500,598,389.80821493624774,1.515581561300562e-07,1.9240019240029937e-05
2021-02-18 13:48:00+00:00,389.84,389.8,389.84,500,500,389.82,7.664185765232292e-08,0.0002196526602020743
2021-02-18 13:49:00+00:00,389.95,389.89,389.94,500,1100,389.905625,1.0711527007202554e-07,-0.00031791881261855615
2021-02-18 13:50:00+00:00,389.78,389.78,389.79,100,500,389.7816666666667,6.732315583456013e-08,-0.00018404195529853062
2021-02-18 13:51:00+00:00,389.71,389.72,389.77,1500,600,389.7557142857143,1.3321008428329552e-07,0.00038996767447296854
2021-02-18 13:52:00+00:00,389.91,389.88,389.91,50,100,389.89,1.1827127604853569e-07,-4.8344859083782055e-06
2021-02-18 13:53:00+00:00,389.92,389.86,389.88,1,1000,389.86001998002,1.0681909956085561e-07,-0.00022669632332572576
2021-02-18 13:54:00+00:00,389.76,389.76,389.79,634,1000,389.77164014687884,1.287300786969466e-07,8.558820007675827e-05
2021-02-18 13:55:00+00:00,389.83,389.79,389.83,600,200,389.82,7.545768089164202e-08,0.0002133934099917134
2021-02-18 13:56:00+00:00,389.85,389.87,389.91,500,600,389.8881818181818,8.416716118011402e-08,-9.79301757845219e-05
2021-02-18 13:57:00+00:00,389.89,389.83,389.87,500,500,389.85,6.390502495718383e-08,6.840237698257923e-05
2021-02-18 13:58:00+00:00,389.87,389.85,389.9,1000,1000,389.875,9.826980115624984e-08,6.179792049998412e-05
2021-02-18 13:59:00+00:00,389.92,389.9,389.93,26,1000,389.9007602339181,5.63640384318846e-08,-0.00017293349349800646
2021-02-18 14:00:00+00:00,389.85,389.82,389.86,500,3000,389.8257142857143,1.195568500114174e-07,-0.0005207029574444411
2021-02-18 14:01:00+00:00,389.66,389.63,389.66,35,3000,389.6303459637562,1.5375907380218734e-07,0.00034250798476187505
2021-02-18 14:02:00+00:00,389.79,389.76,389.79,100,490,389.7650847457627,8.495270693980438e-08,-0.00025989450280483606
2021-02-18 14:03:00+00:00,389.68,389.66,389.69,100,1100,389.6625,8.849336008661811e-08,-0.00010906874538862965
2021-02-18 14:04:00+00:00,389.63,389.61,389.63,100,100,389.62,4.07270271867428e-07,-0.000769981007135212
2021-02-18 14:05:00+00:00,389.3,389.32,389.35,500,100,389.345,1.9190451257791465e-07,0.0006278753838602213
2021-02-18 14:06:00+00:00,389.6,389.57,389.6,500,500,389.585,1.518883804710836e-07,-4.746937456279188e-05
2021-02-18 14:07:00+00:00,389.53,389.53,389.55,599,152,389.5459520639148,1.9145562984587584e-07,-2.4440349327692346e-06
2021-02-18 14:08:00+00:00,389.51,389.52,389.55,600,100,389.54571428571427,9.431136339198792e-08,-0.00023103877600794132
2021-02-18 14:09:00+00:00,389.48,389.46,389.49,100,100,389.475,1.3608512740136842e-07,-7.70307224197131e-05
2021-02-18 14:10:00+00:00,389.39,389.39,389.43,100,100,389.41,2.655081861534397e-07,-0.0003833490769358239
2021-02-18 14:11:00+00:00,389.22,389.28,389.31,100,100,389.295,1.8300715720222605e-07,0.00021669001268986854
2021-02-18 14:12:00+00:00,389.38,389.35,389.36,1,100,389.350099009901,1.1658230134031146e-07,-0.00022703863630180177
2021-02-18 14:13:00+00:00,389.24,389.23,389.27,3000,100,389.26870967741934,2.8440442839391574e-07,-0.00010515781870301666
2021-02-18 14:14:00+00:00,389.22,389.22,389.26,100,100,389.24,6.26769820326241e-08,0.0005089580441295372
2021-02-18 14:15:00+00:00,389.41,389.41,389.43,1615,100,389.42883381924196,1.486061617897757e-07,0.0003632544253928671
2021-02-18 14:16:00+00:00,389.58,389.57,389.6,2000,200,389.59727272727275,7.268108940698512e-08,-0.00032654903863016393
2021-02-18 14:17:00+00:00,389.44,389.44,389.45,490,2100,389.4418918918919,7.884327143560975e-08,-0.00029824914955933757
2021-02-18 14:18:00+00:00,389.31,389.29,389.31,25,100,389.294,1.0422088591208574e-07,-6.917243824189345e-05
2021-02-18 14:19:00+00:00,389.31,389.29,389.31,100,100,389.3,9.942814357232164e-08,-2.854125638607208e-06
2021-02-18 14:20:00+00:00,389.29,389.29,389.32,80,100,389.30333333333334,1.0892441111830803e-07,0.00031322154433199856
2021-02-18 14:21:00+00:00,389.4,389.41,389.43,118,100,389.42082568807336,9.466687980900227e-08,0.00034454837306041597
2021-02-18 14:22:00+00:00,389.56,389.56,389.58,100,100,389.57,5.96979473698895e-08,-9.989101276652868e-05
2021-02-18 14:23:00+00:00,389.52,389.49,389.52,700,50,389.518,5.487697148195377e-08,-2.8463411122170434e-05
2021-02-18 14:24:00+00:00,389.46,389.49,389.52,100,100,389.505,1.019445308000132e-07,-0.00010697338074394658
2021-02-18 14:25:00+00:00,389.44,389.43,389.47,600,100,389.4642857142857,6.89893909942471e-08,0.0002567635806538515
2021-02-18 14:26:00+00:00,389.56,389.55,389.57,610,100,389.5671830985915,5.2847171808280636e-08,-0.00011123565701776084
2021-02-18 14:27:00+00:00,389.51,389.5,389.53,200,100,389.52,8.863249147720532e-08,9.418358629220691e-06
2021-02-18 14:28:00+00:00,389.53,389.49,389.54,503,69,389.5339685314686,7.260500353111384e-08,0.0003454646428406871
2021-02-18 14:29:00+00:00,389.65,389.65,389.68,100,200,389.66,1.6942837101158119e-07,-0.00022002690140221492
2021-02-18 14:30:00+00:00,389.57,389.55,389.58,10,5700,389.55005253940453,4.866973769358771e-07,2.3618825284899003e-05
2021-02-18 14:31:00+00:00,389.56,389.51,389.53,382,100,389.5258506224066,3.8170086155428484e-07,-0.0008238960251785166
2021-02-18 14:32:00+00:00,389.18,389.16,389.18,200,200,389.17,7.052661855585046e-07,8.16174020878968e-05
2021-02-18 14:33:00+00:00,389.29,389.28,389.3,200,400,389.2866666666667,5.644321707767124e-07,0.00030499224163316185
2021-02-18 14:34:00+00:00,389.44,389.42,389.43,300,115,389.4272289156626,4.420869931267297e-07,0.0002450843468591035
2021-02-18 14:35:00+00:00,389.55,389.55,389.56,118,300,389.5528229665072,5.341786072973568e-07,0.0010269400609319579
2021-02-18 14:36:00+00:00,389.92,389.93,389.94,200,100,389.93666666666667,3.469062409224627e-07,0.0006848412912534574
2021-02-18 14:37:00+00:00,390.17,390.15,390.17,300,300,390.16,2.2321008731787828e-07,-0.0005396062618775455
2021-02-18 14:38:00+00:00,389.95,389.94,389.96,700,300,389.954,1.8356461878182206e-07,-0.00035426599843824125
2021-02-18 14:39:00+00:00,389.84,389.83,389.85,600,250,389.84411764705885,2.132732513301465e-07,-0.0008710202130325362
2021-02-18 14:40:00+00:00,389.49,389.45,389.47,300,400,389.4585714285714,5.771327494938411e-07,-0.0009126259820649851
2021-02-18 14:41:00+00:00,389.13,389.14,389.16,300,200,389.152,4.3607292871384813e-07,-0.00038033562048667147
2021-02-18 14:42:00+00:00,389.08,389.08,389.09,287,200,389.08589322381926,6.043121800675433e-07,0.0007311392300928254
2021-02-18 14:43:00+00:00,389.26,389.22,389.24,500,300,389.2325,5.342164085106473e-07,0.0008092878589793795
2021-02-18 14:44:00+00:00,389.57,389.59,389.61,500,300,389.6025,3.7330523432245975e-07,-5.835216359773021e-05
2021-02-18 14:45:00+00:00,389.55,389.53,389.54,300,200,389.536,4.4994252861880365e-07,9.319352444525641e-05
2021-02-18 14:46:00+00:00,389.62,389.62,389.63,300,300,389.625,5.803835427095325e-07,0.0006209604253726297
2021-02-18 14:47:00+00:00,389.85,389.84,389.86,300,800,389.8454545454546,1.247559092631388e-07,2.1884711340680596e-05
2021-02-18 14:48:00+00:00,389.84,389.84,389.86,400,600,389.848,1.4061496136783315e-07,5.783177482920898e-05
2021-02-18 14:49:00+00:00,389.88,389.88,389.89,600,2,389.88996677740863,2.0623664419862997e-07,-0.00038816556714926786
2021-02-18 14:50:00+00:00,389.72,389.72,389.73,500,100,389.72833333333335,3.822339804605932e-07,-0.0003301543856646383
2021-02-18 14:51:00+00:00,389.62,389.59,389.61,100,100,389.6,3.463369861225609e-07,1.3689675588679506e-05
2021-02-18 14:52:00+00:00,389.615,389.59,389.62,384,700,389.60062730627305,2.8917102743783176e-07,2.9945755403160135e-05
2021-02-18 14:53:00+00:00,389.61,389.6,389.61,200,600,389.6025,2.0984427407583806e-07,-9.900136951901395e-05
2021-02-18 14:54:00+00:00,389.56,389.55,389.57,200,1100,389.5530769230769,3.10840271646644e-07,-0.0005940670305633056
2021-02-18 14:55:00+00:00,389.32,389.33,389.35,300,600,389.33666666666664,4.0615546928689896e-07,0.0006745444472660012
2021-02-18 14:56:00+00:00,389.61,389.62,389.64,8,400,389.62039215686275,2.911187518439367e-07,0.0006824138224816867
2021-02-18 14:57:00+00:00,389.87,389.86,389.89,593,1000,389.87116760828627,1.5231606413956469e-07,-0.00021250734375644065
2021-02-18 14:58:00+00:00,389.78,389.77,389.79,500,1100,389.77625,1.5110568647340568e-07,6.249229993349203e-05
2021-02-18 14:59:00+00:00,389.83,389.82,389.84,700,200,389.8355555555556,1.419003237438552e-07,-0.00010689105236383334
2021-02-18 15:00:00+00:00,389.83,389.82,389.85,100,600,389.82428571428574,4.1277249334903925e-07,-0.00036530104349041803
2021-02-18 15:01:00+00:00,389.63,389.64,389.66,200,900,389.64363636363635,3.07258293666541e-07,0.00020630551793932028
2021-02-18 15:02:00+00:00,389.71,389.68,389.71,1100,700,389.6983333333333,3.126984478207474e-07,-0.00022921476927151296
2021-02-18 15:03:00+00:00,389.62,389.61,389.62,300,300,389.615,2.1077687025031948e-07,0.0003627334329827647
2021-02-18 15:04:00+00:00,389.73,389.72,389.74,300,700,389.726,1.7308759035536644e-07,-0.0006799172125959707
2021-02-18 15:05:00+00:00,389.44,389.44,389.45,100,800,389.4411111111111,6.373629797021177e-07,-0.0014708496734060494
2021-02-18 15:06:00+00:00,388.92,388.9,388.92,300,600,388.9066666666667,6.026473111098367e-07,-0.001009467219697524
2021-02-18 15:07:00+00:00,388.54,388.54,388.56,500,500,388.55,1.9096315635307647e-07,-8.971709699012731e-05
2021-02-18 15:08:00+00:00,388.49,388.48,388.5,400,100,388.496,2.319605073409252e-07,-3.432109443091136e-06
2021-02-18 15:09:00+00:00,388.48,388.48,388.5,400,400,388.49,2.5123107755504835e-07,0.00047274702000543734
2021-02-18 15:10:00+00:00,388.67,388.67,388.69,903,100,388.6880059820538,3.36600290212701e-07,0.0008627051302787514
2021-02-18 15:11:00+00:00,389.03,389.02,389.04,500,400,389.0311111111111,2.5728270074458403e-07,0.000559639384016597
2021-02-18 15:12:00+00:00,389.24,389.24,389.25,500,3,389.2499403578529,1.6630334889453238e-07,-0.0005429616244315705
2021-02-18 15:13:00+00:00,389.03,389.04,389.06,300,1500,389.04333333333335,1.3866564987321484e-07,-9.861813096667671e-05
2021-02-18 15:14:00+00:00,388.92,388.92,388.94,500,500,388.93,1.649760531518391e-07,-0.00016905406847700366
2021-02-18 15:15:00+00:00,388.91,388.91,388.93,700,200,388.92555555555555,1.4072114654835005e-07,-0.00028253165819436266
2021-02-18 15:16:00+00:00,388.82,388.81,388.83,400,500,388.81888888888886,1.520654698784571e-07,-0.0003678002458861185
2021-02-18 15:17:00+00:00,388.67,388.68,388.69,200,100,388.68666666666667,1.4632029798650293e-07,9.90403317557842e-06
2021-02-18 15:18:00+00:00,388.64,388.63,388.64,100,100,388.635,2.22709715034898e-07,-0.00019600626334004279
2021-02-18 15:19:00+00:00,388.545,388.52,388.54,200,600,388.525,1.6652061377189515e-07,-0.00024169807504403895
2021-02-18 15:20:00+00:00,388.53,388.53,388.55,1100,100,388.54833333333335,3.2488155719074707e-07,0.0001525140689402349
2021-02-18 15:21:00+00:00,388.54,388.54,388.55,800,200,388.548,1.3046234388790654e-07,-0.00026508951275006076
2021-02-18 15:22:00+00:00,388.43,388.4,388.42,919,100,388.41803729146227,2.0335169752162496e-07,-0.00038472485022189584
2021-02-18 15:23:00+00:00,388.3,388.28,388.3,1000,500,388.29333333333335,2.3670945886428725e-07,-0.0003169120887296373
2021-02-18 15:24:00+00:00,388.17,388.15,388.17,1700,600,388.16478260869565,1.8100951263967553e-07,-3.9779161250641515e-05
2021-02-18 15:25:00+00:00,388.15,388.15,388.16,900,100,388.159,1.7502209285299143e-07,-0.0002157000324813918
2021-02-18 15:26:00+00:00,388.09,388.07,388.09,600,300,388.0833333333333,2.1026829401665163e-07,-7.685877195084956e-05
2021-02-18 15:27:00+00:00,388.05,388.04,388.06,500,500,388.05,1.0158885971300505e-07,-0.00015723166835523994
2021-02-18 15:28:00+00:00,387.98,387.96,387.98,600,400,387.972,2.0195271288949134e-07,0.0006416135002031975
2021-02-18 15:29:00+00:00,388.21,388.19,388.21,784,400,388.2032432432432,2.5821625983471786e-07,0.0006255473539347189
2021-02-18 15:30:00+00:00,388.5,388.49,388.51,600,300,388.50333333333333,3.381987665014804e-07,-0.0010030788240046329
2021-02-18 15:31:00+00:00,388.1,388.1,388.11,100,400,388.102,1.684149512210602e-07,-0.00019594684517088012
2021-02-18 15:32:00+00:00,388.03,387.99,388.01,100,500,387.99333333333334,2.1106857263006835e-07,-0.0005309687036157973
2021-02-18 15:33:00+00:00,387.792,387.79,387.81,900,600,387.802,2.715299109877936e-07,0.0007224714009277378
2021-02-18 15:34:00+00:00,388.08,388.07,388.09,600,600,388.08,2.830922394037434e-07,0.0004424756879131131
2021-02-18 15:35:00+00:00,388.269,388.25,388.26,100,400,388.252,3.053144574989229e-07,0.00025641832818679156
2021-02-18 15:36:00+00:00,388.39,388.37,388.39,344,500,388.3781516587678,2.3663205290262692e-07,0.0005230736872643416
2021-02-18 15:37:00+00:00,388.55,388.55,388.57,600,1602,388.55544959128065,1.390392787120005e-07,4.5411210442880545e-05
2021-02-18 15:38:00+00:00,388.61,388.59,388.6,100,100,388.595,1.4866747848963497e-07,0.0006510848886889242
2021-02-18 15:39:00+00:00,388.84,388.83,388.85,100,1405,388.8313289036545,1.5162672792815782e-07,-0.0001302245454898321
2021-02-18 15:40:00+00:00,388.78,388.77,388.79,500,900,388.77714285714285,1.4833513645837379e-07,-0.0004673115834160635
2021-02-18 15:41:00+00:00,388.57,388.56,388.58,500,1400,388.5652631578947,1.2264889340101466e-07,0.0006635963697576575
2021-02-18 15:42:00+00:00,388.86,388.85,388.87,100,805,388.8522099447514,1.5275471017897332e-07,0.00019716088328070036
2021-02-18 15:43:00+00:00,388.92,388.89,388.9,200,300,388.894,9.736874049596005e-08,-0.00011570205435429415
2021-02-18 15:44:00+00:00,388.87,388.87,388.89,400,584,388.8781300813008,6.482299402546916e-08,-0.00015725431979596305
2021-02-18 15:45:00+00:00,388.82,388.81,388.83,800,900,388.8194117647059,1.383401852692672e-07,-0.00037730015315273757
2021-02-18 15:46:00+00:00,388.68,388.67,388.69,400,1300,388.67470588235295,1.5730658641810277e-07,7.3509412878980385e-06
2021-02-18 15:47:00+00:00,388.65,388.63,388.65,102,984,388.63187845303867,1.1806477634609823e-07,2.7336111968701005e-05
2021-02-18 15:48:00+00:00,388.7,388.7,388.72,600,1300,388.7063157894737,9.789526777218309e-08,0.0007465972315250369
2021-02-18 15:49:00+00:00,388.98,388.97,388.98,100,1100,388.97083333333336,1.258838105986324e-07,7.459422036126817e-05
2021-02-18 15:50:00+00:00,389.0,389.0,389.02,100,800,389.0022222222222,1.6737132888749968e-07,0.00023691929067481965
2021-02-18 15:51:00+00:00,389.11,389.1,389.11,600,15,389.109756097561,8.087916108203053e-08,-3.084024240429528e-05
2021-02-18 15:52:00+00:00,389.07,389.05,389.07,600,200,389.065,9.323311810975807e-08,7.133851006568825e-05
2021-02-18 15:53:00+00:00,389.1,389.11,389.12,900,2300,389.1128125,1.06639135468129e-07,7.142385095137982e-05
2021-02-18 15:54:00+00:00,389.15,389.15,389.17,500,600,389.15909090909093,1.192125209455481e-07,0.0005609643091677441
2021-02-18 15:55:00+00:00,389.35,389.36,389.37,400,500,389.3644444444444,1.0409977291140363e-07,-0.00010404874749680992
2021-02-18 15:56:00+00:00,389.305,389.29,389.31,500,2700,389.293125,8.122742989182905e-08,-3.813921123441144e-05
2021-02-18 15:57:00+00:00,389.31,389.3,389.32,700,1900,389.30538461538464,1.454165014099727e-07,-0.0001086584136342772
2021-02-18 15:58:00+00:00,389.28,389.26,389.27,104,600,389.2614772727273,5.00971047446782e-08,-0.0004919937762454252
2021-02-18 15:59:00+00:00,389.07,389.06,389.08,784,1500,389.0668651488616,8.983426071529215e-08,-0.0002262081547230732
2021-02-18 16:00:00+00:00,388.99,388.98,389.0,600,400,388.992,2.164373295433673e-07,-0.00043357478254713033
2021-02-18 16:01:00+00:00,388.86,388.84,388.85,100,300,388.8425,1.6282344550110093e-07,0.00042957148493161235
2021-02-18 16:02:00+00:00,389.01,389.01,389.03,400,501,389.0188790233074,1.6226301178630316e-07,4.2200622969446044e-06
2021-02-18 16:03:00+00:00,388.97,388.96,388.97,200,478,388.9629498525074,1.350276416506716e-07,0.00028107218756434627
2021-02-18 16:04:00+00:00,389.08,389.08,389.1,700,400,389.09272727272725,8.471737075245184e-08,4.668942026309075e-05
2021-02-18 16:05:00+00:00,389.12,389.11,389.12,200,600,389.1125,1.6653272240451098e-07,0.00019105953470699433
2021-02-18 16:06:00+00:00,389.19,389.18,389.2,500,605,389.1890497737557,1.6884562555623372e-07,0.000280042598183039
2021-02-18 16:07:00+00:00,389.29,389.29,389.3,200,411,389.29327332242224,1.0083475473513611e-07,-0.0002352814703127093
2021-02-18 16:08:00+00:00,389.21,389.19,389.21,401,608,389.1979484638255,1.5712721925251265e-07,-0.00048621781546565046
2021-02-18 16:09:00+00:00,389.04,389.03,389.05,400,600,389.038,1.3411124615941925e-07,-0.0001113919712093514
2021-02-18 16:10:00+00:00,388.99,388.98,389.0,400,500,388.9888888888889,1.9654235132952344e-07,0.00027654876116089966
2021-02-18 16:11:00+00:00,389.06,389.05,389.07,700,410,389.0626126126126,1.4729725183799014e-07,-0.0003535770896138102
2021-02-18 16:12:00+00:00,388.93,388.92,388.94,500,400,388.93111111111114,1.054735257941605e-07,0.0001228399452648521
2021-02-18 16:13:00+00:00,388.98,388.97,388.99,477,500,388.9797645854657,1.1473320292922654e-07,0.00035990539629571217
2021-02-18 16:14:00+00:00,389.11,389.11,389.12,300,100,389.1175,8.647991984082148e-08,0.0003338209696803762
2021-02-18 16:15:00+00:00,389.26,389.25,389.27,490,400,389.26101123595504,1.9240235432725112e-07,0.001130084550613697
2021-02-18 16:16:00+00:00,389.73,389.71,389.73,284,739,389.71555229716523,1.3683509249039773e-07,-3.084468560321518e-05
2021-02-18 16:17:00+00:00,389.7,389.68,389.7,400,1400,389.68444444444447,1.0396676516997283e-07,0.00018761405109501972
2021-02-18 16:18:00+00:00,389.76,389.75,389.76,200,2500,389.75074074074075,5.253685400106339e-07,-0.0007081244451742075
2021-02-18 16:19:00+00:00,389.46,389.46,389.48,100,1000,389.46181818181816,1.3494441589043737e-07,0.0003354848869194793
2021-02-18 16:20:00+00:00,389.59,389.6,389.62,100,700,389.6025,9.48884775480694e-08,2.9943962013945224e-05
2021-02-18 16:21:00+00:00,389.62,389.6,389.62,400,1000,389.60571428571427,1.21842228570504e-07,-0.00012379446441468378
2021-02-18 16:22:00+00:00,389.588,389.59,389.61,900,700,389.60125,7.084325250260494e-08,4.008105970165765e-05
2021-02-18 16:23:00+00:00,389.59,389.59,389.6,300,200,389.596,7.06108212035538e-08,-4.266827383836436e-05
2021-02-18 16:24:00+00:00,389.58,389.58,389.59,700,100,389.58875,7.468550866402826e-08,-0.00041349988449068675
2021-02-18 16:25:00+00:00,389.42,389.43,389.44,300,207,389.43591715976333,1.4461620045736297e-07,0.00036831520738278556
2021-02-18 16:26:00+00:00,389.57,389.56,389.57,300,200,389.566,8.191205999630125e-08,-0.0003502106764750046
2021-02-18 16:27:00+00:00,389.43,389.43,389.44,100,400,389.432,6.902115796580137e-08,-0.00010424685183352267
2021-02-18 16:28:00+00:00,389.39,389.38,389.39,300,699,389.383003003003,7.676226409065628e-08,-0.0002542964058317443
2021-02-18 16:29:00+00:00,389.29,389.28,389.29,400,900,389.2830769230769,6.305027149506332e-08,-0.0002443983686661877
2021-02-18 16:30:00+00:00,389.19,389.18,389.2,620,975,389.1877742946709,1.5658233204586382e-07,-0.00028246809020016084
2021-02-18 16:31:00+00:00,389.1,389.08,389.1,916,402,389.0938998482549,1.0443981206301148e-07,2.4156093488381103e-05
2021-02-18 16:32:00+00:00,389.08,389.08,389.09,367,9,389.0897606382979,1.2357632341989472e-07,0.0005867316894001551
2021-02-18 16:33:00+00:00,389.31,389.31,389.33,600,700,389.3192307692308,1.2436071915794483e-07,-0.00022889029305372954
2021-02-18 16:34:00+00:00,389.21,389.2,389.21,600,100,389.2085714285714,7.709097554421116e-08,-0.0001684241777188955
2021-02-18 16:35:00+00:00,389.15,389.14,389.15,100,400,389.142,1.0342729106327532e-07,-0.00011991537400757313
2021-02-18 16:36:00+00:00,389.08,389.07,389.1,901,1200,389.08286530223705,5.599426993285774e-08,0.0002684142145314983
2021-02-18 16:37:00+00:00,389.22,389.22,389.24,700,500,389.2316666666667,9.557080284755669e-08,0.00013944131683540917
2021-02-18 16:38:00+00:00,389.28,389.26,389.28,1000,300,389.2753846153846,1.2699446188164344e-07,-0.0006522874963585945
2021-02-18 16:39:00+00:00,388.99,389.0,389.02,1000,200,389.01666666666665,7.903061878880093e-08,-0.0005332232722272678
2021-02-18 16:40:00+00:00,388.8,388.8,388.83,1005,700,388.8176832844574,9.97071071420817e-08,0.00022845701361395854
2021-02-18 16:41:00+00:00,388.88,388.91,388.92,900,100,388.919,4.876262739227975e-08,-0.0003004790032031801
2021-02-18 16:42:00+00:00,388.79,388.78,388.8,300,700,388.786,8.578046016238136e-08,-1.309437348806508e-05
2021-02-18 16:43:00+00:00,388.77,388.76,388.78,1100,100,388.7783333333333,5.389244895873323e-08,4.0530734378041444e-05
2021-02-18 16:44:00+00:00,388.79,388.79,388.8,101,200,388.7933554817276,5.700102482136196e-08,0.00010444035169898669
2021-02-18 16:45:00+00:00,388.84,388.84,388.85,1600,300,388.8484210526316,5.613679620895672e-08,-0.00021072926822229832
2021-02-18 16:46:00+00:00,388.76,388.72,388.73,650,500,388.72565217391303,6.433565938258021e-08,4.801649023455923e-05
2021-02-18 16:47:00+00:00,388.77,388.77,388.79,100,400,388.774,4.547746722582868e-08,8.892422994200011e-05
2021-02-18 16:48:00+00:00,388.81,388.8,388.82,700,500,388.81166666666667,7.228080545347445e-08,-0.00011206396096508087
2021-02-18 16:49:00+00:00,388.76,388.77,388.79,700,500,388.7816666666667,5.679812529845737e-08,3.660506792213525e-05
2021-02-18 16:50:00+00:00,388.79,388.78,388.8,400,1100,388.7853333333333,5.3210582761068776e-08,0.000403320117218664
2021-02-18 16:51:00+00:00,388.93,388.91,388.92,300,118,388.91717703349286,5.92527126867794e-08,-0.0002469127207198607
2021-02-18 16:52:00+00:00,388.86,388.85,388.87,600,800,388.85857142857145,5.718061193041316e-08,-0.00021345540582240474
2021-02-18 16:53:00+00:00,388.73,388.73,388.75,1090,400,388.74463087248324,6.563149262410875e-08,0.00038273130434740565
2021-02-18 16:54:00+00:00,388.91,388.9,388.92,800,100,388.91777777777776,2.582671182820305e-08,0.000130821382348989
2021-02-18 16:55:00+00:00,388.96,388.95,388.97,500,1000,388.95666666666665,7.752131909368379e-08,-5.570457720216471e-05
2021-02-18 16:56:00+00:00,388.95,388.93,388.95,400,400,388.94,2.9030970290074593e-08,6.106418810336578e-05
2021-02-18 16:57:00+00:00,388.95,388.95,388.96,100,100,388.955,6.362051415830447e-08,-0.0005859618004483425
2021-02-18 16:58:00+00:00,388.74,388.73,388.74,239,490,388.73327846364884,4.288840292243795e-08,-4.502266257111476e-05
2021-02-18 16:59:00+00:00,388.72,388.72,388.73,1213,200,388.728584571833,6.63008564033505e-08,0.0005948638702228948
2021-02-18 17:00:00+00:00,388.93,388.93,388.95,1300,584,388.9438004246284,8.190386339596666e-08,-0.0004345331209764103
2021-02-18 17:01:00+00:00,388.78,388.77,388.78,2000,100,388.7795238095238,1.3543272849052711e-07,-0.00023292502386418334
2021-02-18 17:02:00+00:00,388.67,388.67,388.69,96,999,388.67175342465754,1.0388469421832597e-07,-0.00021456963865340573
2021-02-18 17:03:00+00:00,388.6,388.58,388.6,2500,600,388.5961290322581,5.289780665176972e-08,-6.385117735818735e-05
2021-02-18 17:04:00+00:00,388.56,388.57,388.59,1100,500,388.58375,1.6614361421673142e-07,-0.0002701374655437183
2021-02-18 17:05:00+00:00,388.47,388.46,388.47,100,600,388.4614285714286,8.852273908773842e-08,-0.0002578089592709665
2021-02-18 17:06:00+00:00,388.38,388.36,388.38,200,800,388.364,1.0224865297451217e-07,-0.00030319828477476385
2021-02-18 17:07:00+00:00,388.24,388.24,388.26,1700,500,388.25545454545454,1.0350916256341375e-07,0.0003848519868963063
2021-02-18 17:08:00+00:00,388.4,388.4,388.42,1000,1000,388.41,1.1254494758194452e-07,0.00014875716251450122
2021-02-18 17:09:00+00:00,388.47,388.46,388.48,1300,700,388.473,6.806863106490089e-08,-8.58086752575371e-06
2021-02-18 17:10:00+00:00,388.49,388.47,388.49,1100,400,388.48466666666667,9.13010232374212e-08,-0.00011931594371550336
2021-02-18 17:11:00+00:00,388.39,388.37,388.39,300,1300,388.37375,9.450512082430407e-08,5.516977579000937e-05
2021-02-18 17:12:00+00:00,388.43,388.43,388.44,300,100,388.4375,7.830337683044195e-08,8.131984976667006e-05
2021-02-18 17:13:00+00:00,388.45,388.45,388.47,100,1300,388.45142857142855,1.1985858013814753e-07,0.0005388998590150074
2021-02-18 17:14:00+00:00,388.68,388.66,388.68,2000,500,388.676,3.0022719426839575e-07,2.2609908518766986e-06
2021-02-18 17:15:00+00:00,388.66,388.65,388.66,1100,629,388.65636205899364,1.2627673135946452e-07,-0.0002864244667706295
2021-02-18 17:16:00+00:00,388.569,388.55,388.57,301,1100,388.5542969307637,8.156685776947533e-08,-9.722213004659253e-07
2021-02-18 17:17:00+00:00,388.56,388.54,388.56,1000,500,388.55333333333334,8.27791013713097e-08,0.0006422048955314619
2021-02-18 17:18:00+00:00,388.8,388.8,388.82,600,400,388.812,5.2255571296925924e-08,0.00013210679033615058
2021-02-18 17:19:00+00:00,388.88,388.86,388.87,303,400,388.86431009957323,5.054621569331705e-08,0.0001326679558342203
2021-02-18 17:20:00+00:00,388.94,388.93,388.94,203,600,388.9325280199253,1.0545872682138393e-07,0.00022595859036123045
2021-02-18 17:21:00+00:00,389.01,389.01,389.03,300,1100,389.01428571428573,6.102557789842142e-08,7.269590852398977e-06
2021-02-18 17:22:00+00:00,389.0,388.99,389.01,420,100,389.00615384615384,3.706765504284711e-08,7.870937702736391e-05
2021-02-18 17:23:00+00:00,389.03,389.03,389.04,400,290,389.0357971014493,8.867776927123549e-08,0.0002496493470156569
2021-02-18 17:24:00+00:00,389.13,389.1,389.12,700,300,389.114,3.638834213909561e-08,-8.997815383349206e-05
2021-02-18 17:25:00+00:00,389.09,389.08,389.1,500,400,389.0911111111111,5.961146892790086e-08,-3.0752624352592406e-06
2021-02-18 17:26:00+00:00,389.11,389.09,389.11,900,400,389.1038461538462,3.46574008341362e-08,-8.402082134795208e-05
2021-02-18 17:27:00+00:00,389.06,389.06,389.08,200,600,389.065,3.375395617022452e-08,8.353359978419128e-05
2021-02-18 17:28:00+00:00,389.09,389.09,389.11,300,500,389.0975,4.768532024140386e-08,0.00014962933308337867
2021-02-18 17:29:00+00:00,389.16,389.13,389.14,500,100,389.1383333333333,6.601488743343793e-08,0.0001908480504522192
2021-02-18 17:30:00+00:00,389.21,389.21,389.23,1500,100,389.22875,3.90459966442404e-08,-0.00035644737957218897
2021-02-18 17:31:00+00:00,389.09,389.08,389.1,800,600,389.0914285714286,4.9594534923810474e-08,-0.0002348798328329904
2021-02-18 17:32:00+00:00,389.0,389.02,389.04,600,400,389.032,9.001815004627994e-08,0.0001463420013256833
2021-02-18 17:33:00+00:00,389.051,389.05,389.07,300,500,389.0575,4.8922980379162044e-08,-0.00016893519289329362
2021-02-18 17:34:00+00:00,389.0,388.98,389.0,600,400,388.992,4.332505187096268e-08,0.00012580765442882225
2021-02-18 17:35:00+00:00,389.04,389.03,389.05,500,500,389.04,4.942242077391011e-08,-2.9988347385101477e-05
2021-02-18 17:36:00+00:00,389.04,389.02,389.03,100,900,389.021,2.8369544099450035e-08,0.00026294143100136225
2021-02-18 17:37:00+00:00,389.13,389.13,389.15,500,700,389.1383333333333,4.414820566921401e-08,-6.74580675841252e-06
2021-02-18 17:38:00+00:00,389.13,389.12,389.14,600,900,389.128,4.887824657423048e-08,-0.0002224754542756724
2021-02-18 17:39:00+00:00,389.05,389.04,389.05,100,700,389.04125,3.7134740892538354e-08,0.0002105296657106681
2021-02-18 17:40:00+00:00,389.12,389.12,389.13,300,700,389.123,7.879716013457466e-08,0.00025849962384016933
2021-02-18 17:41:00+00:00,389.22,389.21,389.22,102,500,389.2116943521595,4.0218721544224794e-08,2.4180848566368596e-05
2021-02-18 17:42:00+00:00,389.23,389.22,389.24,600,600,389.23,3.497996859031698e-08,-8.278382004511808e-05
2021-02-18 17:43:00+00:00,389.2,389.18,389.19,300,700,389.183,4.8469224128496434e-08,-2.977201569198673e-05
2021-02-18 17:44:00+00:00,389.19,389.19,389.2,100,302,389.19248756218906,1.945457764433959e-08,-7.785080383537757e-05
2021-02-18 17:45:00+00:00,389.16,389.14,389.16,520,1984,389.1441533546326,2.1538713679392322e-08,0.0001818661955972356
2021-02-18 17:46:00+00:00,389.24,389.22,389.24,600,600,389.23,4.7759550483436426e-08,0.000237154618882629
2021-02-18 17:47:00+00:00,389.33,389.32,389.34,300,400,389.3285714285714,3.821906920697982e-08,0.00010027685497560057
2021-02-18 17:48:00+00:00,389.36,389.36,389.38,500,1100,389.36625,4.8913825133563905e-08,-0.0001860965923616842
2021-02-18 17:49:00+00:00,389.29,389.28,389.3,600,1184,389.28672645739914,3.349571271181768e-08,4.210882164978891e-05
2021-02-18 17:50:00+00:00,389.325,389.3,389.32,710,1400,389.3067298578199,5.308407433722927e-08,-0.0002190091665288385
2021-02-18 17:51:00+00:00,389.23,389.22,389.24,822,1300,389.2277474081056,2.3348505026168958e-08,-0.0002825876942851302
2021-02-18 17:52:00+00:00,389.09,389.07,389.09,900,100,389.088,4.9817670028824475e-08,-0.00030254547642349916
2021-02-18 17:53:00+00:00,389.0,388.98,389.0,700,800,388.9893333333333,5.397908969107643e-08,-0.0002334910203367624
2021-02-18 17:54:00+00:00,388.92,388.91,388.93,500,600,388.9190909090909,5.0977611616292504e-08,0.0002224689867185159
2021-02-18 17:55:00+00:00,388.96,388.97,388.99,500,1100,388.97625,4.2660227615712805e-08,0.00022266852606089849
2021-02-18 17:56:00+00:00,389.06,389.05,389.07,1002,10000,389.0518214870023,6.241895449355125e-08,0.0003262178304734853
2021-02-18 17:57:00+00:00,389.18,389.2,389.21,100,200,389.2033333333333,3.238612583535251e-08,6.875690613683538e-05
2021-02-18 17:58:00+00:00,389.23,389.22,389.24,300,405,389.22851063829785,4.658653223314819e-08,0.00020990571619416976
2021-02-18 17:59:00+00:00,389.32,389.29,389.32,1100,1300,389.30375,4.6701542140688536e-08,-0.00038526499603275255
2021-02-18 18:00:00+00:00,389.16,389.16,389.17,300,1500,389.1616666666667,5.99600231508454e-08,-0.00020217686436696525
2021-02-18 18:01:00+00:00,389.1,389.07,389.09,1200,400,389.085,4.470968763266677e-08,-0.00015947210449818172
2021-02-18 18:02:00+00:00,389.02,389.01,389.02,1800,100,389.01947368421054,1.04446055584598e-07,-0.00036751371991639026
2021-02-18 18:03:00+00:00,388.88,388.88,388.9,300,1800,388.8828571428571,7.388613296791292e-08,0.0002323383387583533
2021-02-18 18:04:00+00:00,388.97,388.97,388.98,100,500,388.9716666666667,5.714095180283646e-08,5.3560716428258104e-05
2021-02-18 18:05:00+00:00,388.99,388.98,389.0,100,700,388.9825,5.890125056154759e-08,1.7852615943780847e-05
2021-02-18 18:06:00+00:00,388.975,389.0,389.01,400,500,389.00444444444446,8.459589084549703e-08,0.0003341950042130559
2021-02-18 18:07:00+00:00,389.1,389.11,389.12,500,566,389.1146904315197,5.586618906725163e-08,-3.344912714098314e-05
2021-02-18 18:08:00+00:00,389.09,389.09,389.1,100,300,389.0925,3.9710852523387796e-08,-0.00022094962949226193
2021-02-18 18:09:00+00:00,389.01,389.0,389.02,353,600,389.00740818467995,7.057359686076788e-08,7.891334703336028e-05
2021-02-18 18:10:00+00:00,389.07,389.05,389.07,400,500,389.0588888888889,6.98339700960829e-08,0.00013105823024495145
2021-02-18 18:11:00+00:00,389.11,389.09,389.11,600,400,389.102,4.7141733882008715e-08,-0.00024249506830298362
2021-02-18 18:12:00+00:00,389.02,389.0,389.02,634,500,389.01118165784834,6.328868598889724e-08,-0.00021281124136618423
2021-02-18 18:13:00+00:00,388.91,388.92,388.94,100,300,388.925,3.8186326092875885e-08,1.7141045089541507e-05
2021-02-18 18:14:00+00:00,388.95,388.93,388.95,200,600,388.935,5.5852459026618686e-08,0.00020034235898713781
2021-02-18 18:15:00+00:00,389.03,389.02,389.04,484,400,389.03095022624433,5.570315289806203e-08,0.00020388768359813625
2021-02-18 18:16:00+00:00,389.11,389.09,389.11,400,600,389.098,4.2264083141841825e-08,0.0003353292276306874
2021-02-18 18:17:00+00:00,389.23,389.21,389.23,900,300,389.225,9.782310018536324e-08,0.0008773997116291454
2021-02-18 18:18:00+00:00,389.56,389.55,389.56,1500,800,389.55652173913046,7.619899385220437e-08,-0.00031030015311162007
2021-02-18 18:19:00+00:00,389.45,389.45,389.47,400,500,389.4588888888889,5.9161556062342685e-08,0.0001112694561062888
2021-02-18 18:20:00+00:00,389.5,389.48,389.5,400,294,389.4915273775216,5.367649466388325e-08,3.3937835033359676e-06
2021-02-18 18:21:00+00:00,389.49,389.48,389.5,700,550,389.4912,9.286173225038514e-08,0.0002849108470854844
2021-02-18 18:22:00+00:00,389.6,389.58,389.61,500,1400,389.5878947368421,1.0514275074148987e-07,0.00017246530232473134
2021-02-18 18:23:00+00:00,389.67,389.66,389.67,600,500,389.66545454545457,6.868647102062032e-07,0.00067283567846399
2021-02-18 18:24:00+00:00,389.92,389.91,389.93,400,1500,389.9142105263158,3.186460413224218e-07,0.0005834380529838867
2021-02-18 18:25:00+00:00,390.13,390.12,390.13,100,800,390.12111111111113,1.2989414454356413e-07,-0.0001747582189597363
2021-02-18 18:26:00+00:00,390.1,390.08,390.09,100,600,390.08142857142855,1.9400366170178893e-07,0.000178892485009019
2021-02-18 18:27:00+00:00,390.16,390.15,390.17,500,900,390.15714285714284,1.6123189840456787e-07,0.00024238847290525278
2021-02-18 18:28:00+00:00,390.25,390.24,390.26,464,600,390.2487218045113,7.085022938121779e-08,0.00010675734878495824
2021-02-18 18:29:00+00:00,390.29,390.29,390.31,400,900,390.29615384615386,4.4491734958037284e-08,-0.00017308829951578897
2021-02-18 18:30:00+00:00,390.24,390.23,390.26,1800,1001,390.24927882898965,1.9229437334148138e-07,0.00039862758218145444
2021-02-18 18:31:00+00:00,390.37,390.36,390.37,602,3477,390.36147585192447,4.3775040819551816e-08,0.0001707723178072662
2021-02-18 18:32:00+00:00,390.44,390.44,390.46,700,700,390.45,4.527516112383535e-08,0.00016581849921148972
2021-02-18 18:33:00+00:00,390.51,390.5,390.52,400,854,390.50637958532695,4.9588918457806924e-08,-0.0003962560580894614
2021-02-18 18:34:00+00:00,390.37,390.38,390.39,400,400,390.385,6.030737068009149e-08,0.00023981232371683703
2021-02-18 18:35:00+00:00,390.46,390.45,390.46,198,650,390.4523349056604,3.9234311393155354e-08,-7.64831920649911e-05
2021-02-18 18:36:00+00:00,390.4,390.41,390.43,1200,400,390.425,4.823091852149826e-08,-0.0004464790826270715
2021-02-18 18:37:00+00:00,390.25,390.24,390.25,525,577,390.24476406533574,4.576583612282656e-08,0.00045842314043298416
2021-02-18 18:38:00+00:00,390.47,390.46,390.48,903,500,390.4728724162508,4.017245551759855e-08,-0.00021105365981133328
2021-02-18 18:39:00+00:00,390.335,390.33,390.34,200,800,390.332,3.2090597231050074e-08,-9.034380822547927e-05
2021-02-18 18:40:00+00:00,390.31,390.31,390.32,600,100,390.31857142857143,4.231629255477946e-08,-0.00023946736445845662
2021-02-18 18:41:00+00:00,390.22,390.22,390.24,700,2500,390.224375,4.622603941681242e-08,-9.35010406658554e-05
2021-02-18 18:42:00+00:00,390.2,390.19,390.21,615,1043,390.1974185765983,4.655892544585671e-08,0.0002511453017464138
2021-02-18 18:43:00+00:00,390.27,390.26,390.28,826,500,390.27245852187025,4.9551171250090636e-08,-3.938981388473817e-05
2021-02-18 18:44:00+00:00,390.26,390.25,390.27,600,400,390.262,3.851935389818971e-08,2.000423010573016e-05
2021-02-18 18:45:00+00:00,390.28,390.27,390.29,300,900,390.275,5.770933411765383e-08,0.00013448655815495592
2021-02-18 18:46:00+00:00,390.33,390.32,390.33,100,1000,390.3209090909091,3.132312766964217e-08,-0.00016609404882650391
2021-02-18 18:47:00+00:00,390.25,390.25,390.27,800,1019,390.2587960417812,4.036231258355316e-08,0.0001819598519179344
2021-02-18 18:48:00+00:00,390.33,390.32,390.34,866,688,390.33114543114544,4.768957460255798e-08,5.905177595222355e-05
2021-02-18 18:49:00+00:00,390.35,390.34,390.37,900,1200,390.35285714285715,2.499125731885373e-08,-2.687742242135638e-05
2021-02-18 18:50:00+00:00,390.339,390.32,390.34,800,600,390.33142857142855,4.855205400186877e-08,0.0001732697799718963
2021-02-18 18:51:00+00:00,390.42,390.44,390.45,400,400,390.445,5.533652682817102e-08,6.287096781698587e-05
2021-02-18 18:52:00+00:00,390.44,390.43,390.44,200,1100,390.4315384615385,2.6082414911165052e-08,-0.00010578523796911377
2021-02-18 18:53:00+00:00,390.39,390.4,390.41,100,500,390.40166666666664,3.119247359088064e-08,-0.0002258268490962223
2021-02-18 18:54:00+00:00,390.3,390.32,390.34,300,1300,390.32375,4.0675281968436153e-08,1.2339285353490936e-06
2021-02-18 18:55:00+00:00,390.312,390.3,390.32,601,1300,390.3063229879011,2.4405109647313385e-08,-0.00010478177341355366
2021-02-18 18:56:00+00:00,390.27,390.27,390.28,300,1400,390.27176470588233,2.6761509629888852e-08,0.00024893751202581527
2021-02-18 18:57:00+00:00,390.37,390.36,390.37,200,700,390.3622222222222,3.4604066906640904e-08,2.6615334558499626e-06
2021-02-18 18:58:00+00:00,390.37,390.36,390.37,200,600,390.3625,2.5390248351943054e-08,-0.00023467177058700273
2021-02-18 18:59:00+00:00,390.29,390.27,390.29,100,1600,390.2711764705882,4.2233811769295296e-08,-5.444930929454639e-05
2021-02-18 19:00:00+00:00,390.27,390.24,390.26,500,500,390.25,1.3185553935659275e-07,0.00026478752936154315
2021-02-18 19:01:00+00:00,390.36,390.35,390.37,600,1200,390.3566666666667,7.195915352724315e-08,5.550526873077111e-05
2021-02-18 19:02:00+00:00,390.37,390.38,390.4,1000,600,390.3925,2.136366463194895e-07,0.001085683072460597
2021-02-18 19:03:00+00:00,390.8,390.77,390.8,700,1200,390.781052631579,1.0753292391145949e-07,-0.00042943714081877804
2021-02-18 19:04:00+00:00,390.63,390.62,390.63,100,300,390.6225,7.918690164270977e-08,0.0004781437668228694
2021-02-18 19:05:00+00:00,390.85,390.78,390.8,514,600,390.7892280071813,1.1356610231936797e-07,0.00018924766697536732
2021-02-18 19:06:00+00:00,390.9,390.88,390.9,300,200,390.892,7.88757883057034e-08,5.694893838059656e-05
2021-02-18 19:07:00+00:00,390.9,390.9,390.92,700,800,390.90933333333334,4.688589995470016e-08,-0.0003594671119359072
2021-02-18 19:08:00+00:00,390.77,390.77,390.79,700,500,390.7816666666667,5.0062390862023975e-08,-0.00025383902536946223
2021-02-18 19:09:00+00:00,390.655,390.65,390.66,6,200,390.65029126213597,5.4685443902223756e-08,-3.638888301427112e-05
2021-02-18 19:10:00+00:00,390.67,390.67,390.69,600,900,390.678,6.054784798955614e-08,-0.0001776872355681025
2021-02-18 19:11:00+00:00,390.58,390.59,390.61,7,1200,390.59011599005794,4.732674637530871e-08,2.912938847865476e-05
2021-02-18 19:12:00+00:00,390.6,390.6,390.62,1504,500,390.61500998003993,5.439337982472385e-08,0.00017386016180087616
2021-02-18 19:13:00+00:00,390.67,390.66,390.68,700,425,390.67244444444447,3.6849526417097205e-08,0.0002031616727848906
2021-02-18 19:14:00+00:00,390.76,390.74,390.76,700,1400,390.74666666666667,2.8426469031477772e-08,-7.160694751573438e-05
2021-02-18 19:15:00+00:00,390.72,390.71,390.73,145,1270,390.7120494699646,4.78318762398503e-08,0.0002960401503662169
2021-02-18 19:16:00+00:00,390.838,390.83,390.84,200,1200,390.83142857142855,4.23755625314519e-08,-0.0003778748273416399
2021-02-18 19:17:00+00:00,390.68,390.67,390.69,2500,600,390.68612903225807,4.7535960191406e-08,-6.542932014275138e-05
2021-02-18 19:18:00+00:00,390.67,390.67,390.69,700,584,390.6809034267913,3.8868465826541024e-08,6.749626295077249e-05
2021-02-18 19:19:00+00:00,390.69,390.69,390.7,6,101,390.69056074766354,2.5882768770665217e-08,8.014082456453409e-05
2021-02-18 19:20:00+00:00,390.72,390.71,390.72,200,300,390.714,6.578597972413111e-08,-0.00020474945613435658
2021-02-18 19:21:00+00:00,390.64,390.63,390.65,1300,1000,390.64130434782606,4.368336141381291e-08,-4.526722406572592e-05
2021-02-18 19:22:00+00:00,390.63,390.62,390.63,300,901,390.62249791840134,4.9333188368651936e-08,0.0003201384644500038
2021-02-18 19:23:00+00:00,390.76,390.74,390.76,907,800,390.7506268306972,3.34287199874466e-08,-1.7009746428375827e-05
2021-02-18 19:24:00+00:00,390.75,390.74,390.76,984,700,390.7516864608076,3.5155660647296224e-08,2.0387129100685186e-05
2021-02-18 19:25:00+00:00,390.755,390.75,390.76,6,600,390.75009900990096,2.8215709631144597e-08,7.652364906229892e-05
2021-02-18 19:26:00+00:00,390.79,390.78,390.79,2,1088,390.78001834862386,2.303148540318799e-08,6.97368857440761e-05
2021-02-18 19:27:00+00:00,390.81,390.8,390.82,789,1556,390.80672921108743,2.584747683724287e-08,-3.8509420107413206e-05
2021-02-18 19:28:00+00:00,390.8,390.79,390.81,800,1100,390.79842105263157,4.011893654313316e-08,-0.00022319334229903287
2021-02-18 19:29:00+00:00,390.7,390.7,390.71,200,200,390.705,4.2168709004432896e-08,3.8392137290399475e-05
2021-02-18 19:30:00+00:00,390.72,390.71,390.72,200,200,390.715,4.501430429678364e-08,0.00017748207000534144
2021-02-18 19:31:00+00:00,390.79,390.79,390.81,500,300,390.8025,1.9570093073188053e-08,-2.7996389466711236e-05
2021-02-18 19:32:00+00:00,390.78,390.77,390.78,427,304,390.7758413132695,2.8800813823591947e-08,0.00018625886830836436
2021-02-18 19:33:00+00:00,390.85,390.84,390.86,400,851,390.8463948840927,3.065206357845577e-08,2.8278588895203072e-05
2021-02-18 19:34:00+00:00,390.87,390.86,390.87,805,800,390.86501557632397,5.463300261023304e-08,0.00017676193370430582
2021-02-18 19:35:00+00:00,390.93,390.92,390.94,100,3119,390.9206213109661,3.614865956364399e-08,-0.00016257472895198077
2021-02-18 19:36:00+00:00,390.87,390.86,390.88,1000,1100,390.8695238095238,2.948268203730982e-08,0.00023361642096020319
2021-02-18 19:37:00+00:00,390.97,390.95,390.97,1705,1010,390.9625598526704,3.317575672051631e-08,-0.00015114345839484233
2021-02-18 19:38:00+00:00,390.91,390.91,390.92,100,500,390.9116666666667,2.266641342813773e-08,-1.1523419044534577e-05
2021-02-18 19:39:00+00:00,390.9,390.89,390.9,732,400,390.8964664310954,3.475626803956145e-08,2.4314694372362666e-05
2021-02-18 19:40:00+00:00,390.9,390.89,390.91,600,600,390.9,1.542948706541044e-08,8.502140959487647e-05
2021-02-18 19:41:00+00:00,390.94,390.93,390.94,100,635,390.93136054421774,3.587964278283646e-08,-0.00025412302061988967
2021-02-18 19:42:00+00:00,390.83,390.83,390.84,300,100,390.8375,3.0510332818259225e-08,3.896428580385525e-05
2021-02-18 19:43:00+00:00,390.86,390.86,390.87,495,1100,390.86310344827587,6.573000771357865e-08,-0.0004000144667879457
2021-02-18 19:44:00+00:00,390.71,390.71,390.72,984,100,390.71907749077496,4.098139241733972e-08,7.768964183285654e-05
2021-02-18 19:45:00+00:00,390.72,390.71,390.73,750,1400,390.71697674418607,6.662504498034884e-08,0.00024793834569392104
2021-02-18 19:46:00+00:00,390.82,390.81,390.83,800,800,390.82,3.867043933223399e-08,-2.2262810453477222e-05
2021-02-18 19:47:00+00:00,390.81,390.81,390.82,100,2,390.8198039215687,2.0415909815859143e-08,-0.00011761604158677663
2021-02-18 19:48:00+00:00,390.78,390.78,390.79,1400,5,390.7899644128114,1.591705327275186e-08,2.473864614160881e-05
2021-02-18 19:49:00+00:00,390.78,390.77,390.79,500,900,390.77714285714285,2.290684531299739e-08,-0.0001842468908336281
2021-02-18 19:50:00+00:00,390.7,390.68,390.7,2534,100,390.6992406985573,3.1264915621988534e-08,-0.00012435945845523655
2021-02-18 19:51:00+00:00,390.66,390.64,390.66,900,700,390.65125,4.83242669650661e-08,-0.0001520807202302077
2021-02-18 19:52:00+00:00,390.6,390.58,390.6,2700,600,390.59636363636366,1.0934058929170931e-07,-0.00022165629126580377
2021-02-18 19:53:00+00:00,390.51,390.51,390.52,104,800,390.5111504424779,2.550590231591859e-08,-7.91805120250455e-05
2021-02-18 19:54:00+00:00,390.48,390.47,390.49,2200,100,390.4891304347826,3.77728493720982e-08,0.0003054290675827964
2021-02-18 19:55:00+00:00,390.59,390.58,390.6,1250,500,390.5942857142857,7.673554995893156e-08,0.0004888932516440292
2021-02-18 19:56:00+00:00,390.8,390.79,390.8,100,700,390.79125,5.8577351402562776e-08,-0.00010180869161602324
2021-02-18 19:57:00+00:00,390.76,390.74,390.76,700,600,390.7507692307692,3.24264037561013e-08,-9.709760944187629e-05
2021-02-18 19:58:00+00:00,390.72,390.71,390.73,900,700,390.72125,1.046089692312423e-07,0.0007458852908861502
2021-02-18 19:59:00+00:00,391.02,391.01,391.02,900,200,391.0181818181818,8.00757980223434e-08,9.16452247123889e-05
2021-02-18 20:00:00+00:00,391.04,391.03,391.05,100,700,391.0325,1.1060483877567549e-07,-7.694444638162157e-05
2021-02-18 20:01:00+00:00,391.0,390.99,391.01,1384,100,391.0086522911051,6.030663645175417e-08,7.348921538197217e-05
2021-02-18 20:02:00+00:00,391.04,391.04,391.05,700,100,391.04875,3.9763436650325517e-08,0.00017632442646653423
2021-02-18 20:03:00+00:00,391.1,391.09,391.11,100,1110,391.09165289256197,2.5928191123521544e-08,0.00015690966057091416
2021-02-18 20:04:00+00:00,391.17,391.16,391.18,1084,500,391.17368686868684,2.819459744808206e-08,-5.142750187325795e-05
2021-02-18 20:05:00+00:00,391.15,391.14,391.15,900,200,391.1481818181818,4.995108797771099e-08,-6.299489423877702e-05
2021-02-18 20:06:00+00:00,391.14,391.14,391.15,400,926,391.1430165912519,5.965291072789934e-08,9.269810973799864e-05
2021-02-18 20:07:00+00:00,391.16,391.15,391.17,1400,800,391.1627272727273,8.78884789134967e-08,0.00013076904885545027
2021-02-18 20:08:00+00:00,391.21,391.21,391.22,200,282,391.21414937759334,5.800767222009869e-08,0.0003408612838522451
2021-02-18 20:09:00+00:00,391.34,391.33,391.35,300,400,391.3385714285714,3.1978428937135006e-08,6.5698289075655225e-06
2021-02-18 20:10:00+00:00,391.34,391.34,391.35,200,510,391.34281690140847,7.431234829307913e-08,-0.00022741802857695337
2021-02-18 20:11:00+00:00,391.29,391.27,391.29,1900,8,391.2899161425577,5.234487384866727e-08,0.0002498881272323672
2021-02-18 20:12:00+00:00,391.34,391.35,391.36,1600,310,391.3583769633508,2.8308494386413188e-08,-0.0002291569579150332
2021-02-18 20:13:00+00:00,391.28,391.28,391.3,300,400,391.2885714285714,5.21946520059425e-08,0.00023586741578518478
2021-02-18 20:14:00+00:00,391.375,391.36,391.38,700,1600,391.3660869565217,2.848543743179779e-08,-1.5782021722032802e-05
2021-02-18 20:15:00+00:00,391.341,391.34,391.35,100,600,391.3414285714286,1.845247757487857e-08,6.813932789073718e-05
2021-02-18 20:16:00+00:00,391.39,391.37,391.39,1700,100,391.3888888888889,1.5839136952511605e-08,6.984569459556056e-05
2021-02-18 20:17:00+00:00,391.41,391.4,391.41,1606,100,391.4094138335288,7.910678500701237e-08,-0.0004557813669527899
2021-02-18 20:18:00+00:00,391.23,391.21,391.23,1200,550,391.22371428571427,3.4152364365586465e-08,2.123873713233415e-05
2021-02-18 20:19:00+00:00,391.24,391.23,391.24,300,1350,391.2318181818182,2.101564941403376e-08,-9.582585401191057e-05
2021-02-18 20:20:00+00:00,391.195,391.19,391.2,1000,702,391.195875440658,3.6274917527570655e-08,-0.00017185958915166832
2021-02-18 20:21:00+00:00,391.13,391.13,391.14,1500,191,391.1388704908338,4.4416383980190615e-08,-9.061541022981068e-05
2021-02-18 20:22:00+00:00,391.09,391.09,391.1,400,650,391.0938095238095,2.26366280711546e-08,4.15496086347833e-05
2021-02-18 20:23:00+00:00,391.12,391.11,391.13,500,500,391.12,1.7661529838255206e-08,2.3311933980529886e-05
2021-02-18 20:24:00+00:00,391.12,391.11,391.13,600,1800,391.115,2.5615846747055488e-08,-0.0002856842614695765
2021-02-18 20:25:00+00:00,391.015,391.0,391.02,1000,754,391.0114025085519,5.314160849731713e-08,0.0004926195886949536
2021-02-18 20:26:00+00:00,391.2,391.19,391.21,1800,400,391.2063636363636,2.1493507945776513e-08,5.477581173307655e-06
2021-02-18 20:27:00+00:00,391.21,391.2,391.22,600,550,391.2104347826087,1.668652151752287e-08,0.00013998186321950712
2021-02-18 20:28:00+00:00,391.3,391.29,391.31,600,1700,391.29521739130433,6.170443755183365e-08,6.96026712556641e-05
2021-02-18 20:29:00+00:00,391.29,391.27,391.29,584,1500,391.2756046065259,5.6616737814425443e-08,-0.00030021525688117556
2021-02-18 20:30:00+00:00,391.16,391.15,391.17,800,1384,391.157326007326,5.729690695667694e-08,0.0003102903966141213
2021-02-18 20:31:00+00:00,391.3,391.28,391.3,900,1100,391.289,6.078945557652073e-08,0.00017622731323352347
2021-02-18 20:32:00+00:00,391.37,391.36,391.37,600,60,391.3690909090909,4.190604436895919e-08,-5.8179462413932015e-05
2021-02-18 20:33:00+00:00,391.34,391.34,391.36,700,800,391.34933333333333,3.8124009992922425e-08,-8.598186160624355e-05
2021-02-18 20:34:00+00:00,391.3,391.3,391.31,100,533,391.30157977883096,5.674778217618917e-08,-0.0002253361315095459
2021-02-18 20:35:00+00:00,391.22,391.21,391.22,900,200,391.2181818181818,7.397135504080443e-08,0.0005050710649663337
2021-02-18 20:36:00+00:00,391.42,391.41,391.43,384,400,391.41979591836736,6.58252505945098e-08,9.068316907545615e-05
2021-02-18 20:37:00+00:00,391.46,391.46,391.47,100,500,391.46166666666664,2.875428414594674e-08,-5.514379709359307e-05
2021-02-18 20:38:00+00:00,391.42,391.41,391.43,500,698,391.418347245409,4.576044688602069e-08,-0.0004290458377158579
2021-02-18 20:39:00+00:00,391.26,391.25,391.28,500,1025,391.2598360655738,8.127255638034395e-08,-8.937410987175376e-06
2021-02-18 20:40:00+00:00,391.23,391.23,391.25,1100,100,391.24833333333333,4.906403559299217e-08,-0.00023673004072299886
2021-02-18 20:41:00+00:00,391.17,391.17,391.18,700,250,391.1773684210526,7.961125796645868e-08,7.17019132876473e-05
2021-02-18 20:42:00+00:00,391.21,391.2,391.22,500,700,391.2083333333333,4.74380377122241e-08,0.0003248914780280554
2021-02-18 20:43:00+00:00,391.3,391.3,391.31,400,184,391.3068493150685,7.026089683893207e-08,-6.471513060246625e-05
2021-02-18 20:44:00+00:00,391.3,391.29,391.31,2500,400,391.30724137931037,5.406318248735629e-08,-2.8066971200835233e-05
2021-02-18 20:45:00+00:00,391.29,391.28,391.3,200,900,391.2836363636364,8.28203791720162e-08,0.0002546723178813437
2021-02-18 20:46:00+00:00,391.38,391.39,391.4,2328,100,391.39958813838547,8.68980456825274e-08,-0.00014475729456087105
2021-02-18 20:47:00+00:00,391.322,391.32,391.33,402,700,391.3236479128857,4.820913885291139e-08,-5.681518200506552e-05
2021-02-18 20:48:00+00:00,391.31,391.3,391.32,500,1000,391.3066666666667,1.2017108443977004e-07,-0.00045297262107979464
2021-02-18 20:49:00+00:00,391.121,391.12,391.13,500,400,391.12555555555554,7.012145381746119e-08,-0.00048649044825632703
2021-02-18 20:50:00+00:00,390.93,390.93,390.95,1000,400,390.94428571428574,1.5266961671491496e-07,7.733302042578494e-05
2021-02-18 20:51:00+00:00,390.95,390.94,390.96,1100,800,390.95157894736843,1.1222929183326888e-07,-0.0004387118823117042
2021-02-18 20:52:00+00:00,390.8,390.79,390.81,100,984,390.7918450184502,9.837338347839705e-08,-9.243962237281966e-05
2021-02-18 20:53:00+00:00,390.74,390.73,390.75,2700,2100,390.74125,1.1645022886226336e-07,2.1183817099146296e-05
2021-02-18 20:54:00+00:00,390.79,390.78,390.8,2784,700,390.79598163031,1.4027049957070362e-07,4.4072779798121076e-05
2021-02-18 20:55:00+00:00,390.77,390.77,390.78,100,200,390.7733333333333,1.317212799753552e-07,0.00013789907209549312
2021-02-18 20:56:00+00:00,390.85,390.85,390.86,3400,400,390.85894736842107,6.278143912759574e-08,-0.00025443845858630354
2021-02-18 20:57:00+00:00,390.73,390.71,390.73,800,1000,390.7188888888889,5.142330695547909e-08,-3.117209790093334e-05
2021-02-18 20:58:00+00:00,390.73,390.73,390.74,297,810,390.7326829268292,4.508685463140956e-08,-5.659385228184988e-05
2021-02-18 20:59:00+00:00,390.7,390.69,390.7,1300,211,390.6986035737922,3.2998666174029845e-07,6.228776556516102e-05
2021-02-18 21:00:00+00:00,390.75,390.75,390.76,64239,85300,390.7542958024328,1.219002214379315e-07,0.0005408149132231088
2021-02-18 21:01:00+00:00,390.95,390.95,390.98,1120,1900,390.9611258278146,2.6687294267741934e-08,0.00010666576627449409
2021-02-18 21:02:00+00:00,390.98,390.96,390.99,100,9100,390.9603260869565,3.2272149894420123e-08,-0.00021953241726513362
2021-02-18 21:03:00+00:00,390.9,390.9,390.92,200,200,390.91,3.444963241110052e-08,-0.00019528307651739407
2021-02-18 21:04:00+00:00,390.83,390.82,390.83,295,8613,390.8203311629996,4.377307154135735e-08,-0.000187268419836073
2021-02-18 21:05:00+00:00,390.72,390.73,390.75,100,200,390.7366666666667,8.285845427905962e-08,5.4230661894250076e-05
2021-02-18 21:06:00+00:00,390.75,390.73,390.76,1,800,390.7300374531835,5.878813601239612e-08,0.00020643092028094223
2021-02-18 21:07:00+00:00,390.83,390.83,390.86,1900,800,390.8511111111111,2.0745728628251873e-08,-0.0001701424335228685
2021-02-18 21:08:00+00:00,390.79,390.78,390.79,200,586,390.78254452926205,1.5814162390069608e-08,6.44534131333252e-06
2021-02-18 21:09:00+00:00,390.8,390.79,390.8,200,100,390.7966666666667,5.4473719407608945e-08,0.000275953301937637
2021-02-18 21:10:00+00:00,390.9,390.89,390.91,100,600,390.89285714285717,1.8231629922276146e-08,5.664687071726959e-05
2021-02-18 21:11:00+00:00,390.91,390.91,390.92,100,100,390.915,1.5034891556588808e-08,-0.00011298278824467545
2021-02-18 21:12:00+00:00,390.88,390.87,390.88,10,110,390.87083333333334,1.617153134228967e-08,-7.50733212323551e-05
2021-02-18 21:13:00+00:00,390.84,390.83,390.85,135,100,390.84148936170214,3.56862567370987e-08,0.00010949797743697864
2021-02-18 21:14:00+00:00,390.9,390.88,390.91,100,600,390.88428571428574,7.73350993465442e-08,-0.0005226245253436845
2021-02-18 21:15:00+00:00,390.71,390.66,390.68,100,100,390.67,1.6595108732224744e-08,-0.00012737075492830208
2021-02-18 21:16:00+00:00,390.64,390.63,390.64,171,6990,390.6302387934646,1.7201651941077747e-08,-3.4993825837048576e-08
2021-02-18 21:17:00+00:00,390.64,390.63,390.64,150,6513,390.6302251238181,3.0048182243868763e-08,-8.665376048622164e-05
2021-02-18 21:18:00+00:00,390.6,390.59,390.6,3212,1826,390.5963755458515,8.934567160469185e-09,0.00011321664094210426
2021-02-18 21:19:00+00:00,390.66,390.64,390.66,66,2143,390.640597555455,2.6619001621211064e-08,-4.419464395066797e-05
2021-02-18 21:20:00+00:00,390.61,390.61,390.65,100,200,390.62333333333333,2.3340796990989904e-08,3.107681811354013e-05
2021-02-18 21:21:00+00:00,390.6,390.59,390.65,2814,899,390.6354726636143,1.429447657814135e-08,-3.061460347986156e-05
2021-02-18 21:22:00+00:00,390.63,390.61,390.63,100,48,390.6235135135135,7.439326749583751e-09,-5.8762453974847695e-05
2021-02-18 21:23:00+00:00,390.6,390.61,390.64,100,3595,390.61081190798376,3.3685167310262337e-09,-2.869131852656359e-06
2021-02-18 21:24:00+00:00,390.6,390.59,390.6,1682,100,390.5994388327722,3.084978386578077e-09,-3.6965830814694733e-05
2021-02-18 21:25:00+00:00,390.53,390.57,390.6,100,100,390.585,1.1251704756815652e-08,-9.39931865460153e-05
2021-02-18 21:26:00+00:00,390.55,390.54,390.55,484,100,390.5482876712329,2.317283905047105e-08,3.3192081273725194e-05
2021-02-18 21:27:00+00:00,390.55,390.56,390.58,100,1499,390.56125078173864,1.1964647566760834e-08,0.00014715392886932577
2021-02-18 21:28:00+00:00,390.62,390.59,390.62,4500,200,390.6187234042553,1.167170423558407e-08,-5.113273649881567e-05
2021-02-18 21:29:00+00:00,390.6,390.58,390.6,1500,100,390.59875,4.087159616474595e-08,3.117735284985379e-05
2021-02-18 21:30:00+00:00,390.65,390.57,390.65,300,927,390.5895599022005,4.80038576232791e-08,0.00012752563264251116
2021-02-18 21:31:00+00:00,390.66,390.66,390.67,100,1250,390.6607407407407,1.2157863072909774e-08,7.541925210108325e-05
2021-02-18 21:32:00+00:00,390.68,390.68,390.7,100,96,390.69020408163266,7.241546603420199e-09,0.00010232705599988456
2021-02-18 21:33:00+00:00,390.74,390.73,390.75,15,1131,390.73026178010474,3.40302024268615e-08,0.00017266339244392803
2021-02-18 21:34:00+00:00,390.8,390.76,390.8,1600,100,390.79764705882354,1.7481026312003982e-08,-0.00011206987462863971
2021-02-18 21:35:00+00:00,390.75,390.74,390.76,500,222,390.7538504155125,1.0628906284181675e-08,6.583541250804181e-05
2021-02-18 21:36:00+00:00,390.76,390.76,390.77,600,100,390.7685714285714,2.168445327075174e-09,-3.1483552189182085e-05
2021-02-18 21:37:00+00:00,390.76,390.74,390.77,1000,100,390.7672727272727,4.4731672276793676e-09,3.197214998307274e-05
2021-02-18 21:38:00+00:00,390.76,390.76,390.78,1100,13,390.77976639712483,2.5265570321696527e-08,-0.00011029161221809414
2021-02-18 21:39:00+00:00,390.76,390.74,390.78,600,100,390.7742857142857,1.6574912983107298e-08,0.00015793914453166025
2021-02-18 21:40:00+00:00,390.8,390.78,390.8,1100,97,390.79837928153717,5.6247312504128536e-09,-3.2408004982498184e-05
2021-02-18 21:41:00+00:00,390.76,390.76,390.79,600,100,390.7857142857143,1.721663123681819e-09,-3.781542999858889e-05
2021-02-18 21:42:00+00:00,390.77,390.77,390.78,62,600,390.77093655589124,9.454574331485097e-10,-3.8100714016331416e-05
2021-02-18 21:43:00+00:00,390.78,390.75,390.76,101,66,390.75604790419163,1.8795138978558857e-09,-6.74544876799743e-05
2021-02-18 21:44:00+00:00,390.73,390.72,390.73,2810,140,390.72952542372883,1.4290695090394058e-08,0.00014795483004781396
2021-02-18 21:45:00+00:00,390.78,390.78,390.79,1200,400,390.7875,1.6405894464818636e-09,-5.350692144856506e-05
2021-02-18 21:46:00+00:00,390.77,390.76,390.77,201,104,390.76659016393444,1.5790150223301042e-09,-6.607763768751163e-05
2021-02-18 21:47:00+00:00,390.76,390.73,390.75,700,600,390.7407692307692,2.4495334628197793e-09,-1.9772066589207604e-05
2021-02-18 21:48:00+00:00,390.76,390.73,390.74,700,1600,390.73304347826087,3.159891406093467e-09,-3.658318700705543e-05
2021-02-18 21:49:00+00:00,390.7,390.7,390.72,1499,100,390.71874921826145,5.318000239777729e-09,-5.2639910730456485e-05
2021-02-18 21:50:00+00:00,390.7,390.68,390.7,400,40,390.69818181818187,2.15111217440607e-08,-0.000141539578318306
2021-02-18 21:51:00+00:00,390.64,390.63,390.65,181,100,390.6428825622776,4.999932712043579e-09,-0.00012404624704465128
2021-02-18 21:52:00+00:00,390.62,390.59,390.6,100,126,390.59442477876104,1.0866533311695322e-08,3.347518656049431e-05
2021-02-18 21:53:00+00:00,390.62,390.59,390.63,140,196,390.6066666666667,3.1058739469607872e-09,2.905616897308505e-05
2021-02-18 21:54:00+00:00,390.62,390.61,390.63,100,126,390.61884955752214,9.505610082670494e-09,-2.2655223966161486e-05
2021-02-18 21:55:00+00:00,390.61,390.6,390.62,100,100,390.61,2.5769623949792507e-08,0.0
2021-02-18 21:56:00+00:00,390.6,390.6,390.62,100,100,390.61,4.4517873141138775e-09,-1.787238441275374e-05
2021-02-18 21:57:00+00:00,390.62,390.62,390.64,200,100,390.6333333333333,1.3776453674672768e-08,0.00018280941873816126
2021-02-18 21:58:00+00:00,390.67,390.67,390.68,100,226,390.67306748466257,8.77398089905986e-09,1.4270760728685161e-05
2021-02-18 21:59:00+00:00,390.7,390.67,390.69,100,100,390.68,3.208953879405756e-09,4.824807392789232e-05
2021-02-18 22:00:00+00:00,390.67,390.61,390.71,100,126,390.65424778761064,5.270747145616135e-08,-0.00014648382117610215
2021-02-18 22:01:00+00:00,390.69,390.6,390.7,72,101,390.64161849710985,1.2573646090412052e-07,-8.284674957848015e-05
2021-02-18 22:02:00+00:00,390.71,390.6,390.72,117,1400,390.6092551087673,8.309921785588841e-10,-4.203681152059602e-07
2021-02-18 22:03:00+00:00,390.6,390.6,390.7,140,1400,390.6090909090909,2.868313220416663e-08,2.983804505918286e-06
2021-02-18 22:04:00+00:00,390.62,390.61,390.62,1,37,390.61026315789474,1.2826257970590398e-09,5.0650563036880314e-05
2021-02-18 22:05:00+00:00,390.62,390.62,390.68,367,1826,390.63004103967165,2.7016719098811274e-10,-8.538661692147897e-06
2021-02-18 22:06:00+00:00,390.6,390.6,390.68,915,1826,390.62670558190445,1.2542820845502785e-09,3.5415845105690735e-05
2021-02-18 22:07:00+00:00,390.6,390.64,390.68,25,1827,390.6405399568035,5.832927274418684e-10,-2.3767680348618647e-05
2021-02-18 22:08:00+00:00,390.61,390.6,390.68,915,1427,390.6312553373186,0.0,0.0
2021-02-18 22:09:00+00:00,390.61,390.6,390.65,915,10,390.6494594594595,6.431358120774625e-09,-4.18463735057939e-05
2021-02-18 22:10:00+00:00,390.68,390.61,390.68,100,1326,390.6149088359047,2.2829222816562932e-08,1.2531743036836573e-05
2021-02-18 22:11:00+00:00,390.68,390.61,390.62,100,2,390.61980392156863,1.7673742709761387e-09,2.4502286712690946e-05
2021-02-18 22:12:00+00:00,390.63,390.62,390.67,300,1300,390.629375,9.885142374737986e-09,3.4285330290373395e-06
2021-02-18 22:13:00+00:00,390.63,390.62,390.67,300,1100,390.6307142857143,3.2563128947311146e-08,0.00018056878710792645
2021-02-18 22:14:00+00:00,390.7,390.7,390.72,100,1500,390.70125,2.6281964515123736e-10,2.2361087207434238e-05
2021-02-18 22:15:00+00:00,390.7,390.7,390.71,740,1,390.7099865047233,9.795284760375907e-09,-0.00010184908475530108
2021-02-18 22:16:00+00:00,390.7,390.66,390.7,66,193,390.67019305019306,1.1378352524566306e-08,8.452752341470138e-05
2021-02-18 22:17:00+00:00,390.7,390.7,390.72,300,1566,390.7032154340836,8.41642079494348e-11,5.046622638227305e-06
2021-02-18 22:18:00+00:00,390.7,390.7,390.71,194,180,390.7051871657754,2.193060944960277e-15,-6.622756398844132e-08
2021-02-18 22:19:00+00:00,390.7,390.7,390.71,192,180,390.7051612903226,4.185706758802049e-08,-0.0001665743288067345
2021-02-18 22:20:00+00:00,390.6,390.58,390.68,301,200,390.64007984031934,2.7742660330321577e-08,-4.7370282497127825e-05
2021-02-18 22:21:00+00:00,390.66,390.58,390.66,1069,988,390.6215751093826,1.6904426860053554e-09,-4.1114993445279246e-05
2021-02-18 22:22:00+00:00,390.66,390.6,390.66,101,988,390.60556473829206,8.745791546508088e-08,0.00012431250603728294
2021-02-18 22:23:00+00:00,390.61,390.6,390.69,301,200,390.65407185628743,5.186889755042053e-09,-7.657792364612614e-05
2021-02-18 22:24:00+00:00,390.61,390.61,390.69,301,1400,390.6241563786008,3.508811307654239e-09,4.6839017221911305e-05
2021-02-18 22:25:00+00:00,390.61,390.61,390.65,301,70,390.6424528301887,5.428925309954782e-09,-4.683682343109563e-05
2021-02-18 22:26:00+00:00,390.65,390.61,390.69,301,1400,390.6241563786008,2.4599890614509602e-08,0.00016462156477192735
2021-02-18 22:27:00+00:00,390.65,390.68,390.69,7700,1400,390.6884615384615,3.24005071370552e-09,2.8601909046743756e-05
2021-02-18 22:28:00+00:00,390.69,390.69,390.7,2700,102,390.69963597430404,1.4610348173161967e-10,1.2953435692297788e-05
2021-02-18 22:29:00+00:00,390.71,390.69,390.72,1600,1666,390.70469687691366,1.6160235017971402e-11,-4.019943680488858e-06
2021-02-18 22:30:00+00:00,390.69,390.69,390.72,1295,1666,390.7031205673759,2.1017755645710075e-08,-0.00014498960012154782
2021-02-18 22:31:00+00:00,390.63,390.62,390.72,600,1666,390.64647837599296,6.774578129957262e-10,-3.646922733280267e-05
2021-02-18 22:32:00+00:00,390.61,390.61,390.72,422,1666,390.6322318007663,2.9501660431714044e-08,4.602194387981484e-05
2021-02-18 22:33:00+00:00,390.71,390.65,390.72,5,1666,390.65020945541585,4.742230229442201e-11,5.558673495054123e-06
2021-02-18 22:34:00+00:00,390.71,390.65,390.7,5,100,390.65238095238095,2.3305460807910643e-11,-4.827572972820882e-06
2021-02-18 22:35:00+00:00,390.65,390.65,390.7,1,100,390.6504950495049,1.588343817923256e-09,5.3586318688791934e-05
2021-02-18 22:36:00+00:00,390.67,390.64,390.7,1200,100,390.6953846153846,1.6621373107837866e-08,5.9095613828663573e-05
2021-02-18 22:37:00+00:00,390.67,390.67,390.7,347,100,390.693288590604,2.879623461050109e-10,1.353584975727351e-05
2021-02-18 22:38:00+00:00,390.7,390.69,390.7,500,10,390.6998039215686,6.358469463672679e-10,2.1353268823798288e-05
2021-02-18 22:39:00+00:00,390.71,390.7,390.71,400,91,390.7081466395112,1.5361419194588528e-12,-1.5343158442648885e-06
2021-02-18 22:40:00+00:00,390.7,390.7,390.71,280,91,390.70754716981133,2.9356790559544924e-09,-5.234195184078416e-05
2021-02-18 22:41:00+00:00,390.7,390.68,390.7,66,120,390.68709677419355,1.2198385473350855e-10,-1.3027319757275002e-05
2021-02-18 22:42:00+00:00,390.68,390.68,390.7,56,502,390.6820071684588,4.059720594377647e-13,-6.371593673781817e-07
2021-02-18 22:43:00+00:00,390.68,390.68,390.7,56,581,390.6817582417583,1.908115677867681e-08,0.0001746735208443262
2021-02-18 22:44:00+00:00,390.71,390.7,390.76,500,100,390.75,6.523288462768786e-14,-2.554072916494121e-07
2021-02-18 22:45:00+00:00,390.71,390.7,390.75,500,1,390.7499001996008,2.298448574722054e-08,-0.00016003018431032245
2021-02-18 22:46:00+00:00,390.71,390.68,390.69,56,20,390.6873684210526,4.0147934018551314e-08,0.0001599753419319061
2021-02-18 22:47:00+00:00,390.71,390.7,390.75,380,1,390.74986876640423,7.301049915764964e-15,-1.0236543668273868e-07
2021-02-18 22:48:00+00:00,390.7,390.7,390.75,291,1,390.7498287671233,1.9365044838981372e-09,-5.7821507313371434e-05
2021-02-18 22:49:00+00:00,390.7,390.7,390.73,985,100,390.72723502304154,5.444206098255147e-10,-2.6248928046146425e-05
2021-02-18 22:50:00+00:00,390.71,390.71,390.72,231,100,390.71697885196375,5.92910184293701e-09,6.105309638626544e-05
2021-02-18 22:51:00+00:00,390.75,390.72,390.75,50,22,390.74083333333334,1.5290467394100466e-10,1.2365462948915606e-05
2021-02-18 22:52:00+00:00,390.71,390.71,390.75,181,22,390.7456650246305,8.912049459023606e-10,-1.8566680066167685e-05
2021-02-18 22:53:00+00:00,390.72,390.72,390.74,1158,100,390.73841017488076,3.84367642857058e-10,-1.9628052784992356e-05
2021-02-18 22:54:00+00:00,390.72,390.73,390.74,8,100,390.7307407407407,2.9671097250044775e-10,1.3114350802867492e-05
2021-02-18 22:55:00+00:00,390.73,390.72,390.74,1151,300,390.7358649207443,2.8953398574105238e-09,3.566105144914289e-05
2021-02-18 22:56:00+00:00,390.75,390.74,390.75,4387,90,390.74979897252626,0.0,0.0
2021-02-18 22:57:00+00:00,390.75,390.74,390.75,4387,90,390.74979897252626,5.410739201667896e-09,7.347386479450435e-05
2021-02-18 22:58:00+00:00,390.74,390.74,390.78,4287,166,390.77850887042445,2.4072288459442547e-14,1.5515246842845443e-07
2021-02-18 22:59:00+00:00,390.78,390.74,390.78,4287,159,390.77856950067473,8.861627182894069e-10,-3.894460065689831e-05
2021-02-18 23:00:00+00:00,390.76,390.76,390.78,32,159,390.76335078534026,2.5614074185887235e-07,-0.0003283552250860078
2021-02-18 23:01:00+00:00,390.65,390.63,390.65,101,500,390.63336106489186,8.447075530217515e-08,0.00046712962285333504
2021-02-18 23:02:00+00:00,390.8,390.81,390.82,200,66,390.81751879699243,1.3014961722320885e-08,4.7303941416165785e-05
2021-02-18 23:03:00+00:00,390.86,390.83,390.87,600,66,390.866036036036,5.7845783175557e-08,3.5601002621898914e-05
2021-02-18 23:04:00+00:00,390.86,390.86,390.87,100,61,390.8662111801242,1.858146336371522e-08,0.00020123138021554965
2021-02-18 23:05:00+00:00,390.93,390.92,390.93,100,100,390.925,2.528944449404541e-09,2.0483329647102977e-05
2021-02-18 23:06:00+00:00,390.92,390.93,390.94,100,52,390.93657894736845,2.040462473445534e-08,0.00015582879792597204
2021-02-18 23:07:00+00:00,390.99,390.99,391.0,1999,667,390.99749812453115,2.0978482297494236e-08,-0.00014137149872850419
2021-02-18 23:08:00+00:00,390.93,390.92,390.95,2000,700,390.9422222222222,2.9284151979527847e-08,4.547418203326714e-05
2021-02-18 23:09:00+00:00,390.95,390.94,390.98,500,500,390.96,5.238696630130021e-09,3.0450076490495803e-05
2021-02-18 23:10:00+00:00,390.98,390.97,390.99,100,950,390.97190476190474,1.4304263013678753e-09,3.484441782108938e-05
2021-02-18 23:11:00+00:00,390.99,390.97,390.99,500,144,390.98552795031054,3.456899844638282e-08,-6.529129209564832e-05
2021-02-18 23:12:00+00:00,390.97,390.94,390.97,100,50,390.96,3.075323552813583e-09,-6.267777906832084e-05
2021-02-18 23:13:00+00:00,390.97,390.93,390.94,61,149,390.93290476190475,2.8324057838611045e-09,-6.0565781183963274e-05
2021-02-18 23:14:00+00:00,390.93,390.91,390.93,50,500,390.9118181818182,6.88421583514517e-09,3.703677864108634e-05
2021-02-18 23:15:00+00:00,390.95,390.91,390.93,44,10,390.92629629629636,1.7701119944289372e-08,0.00010326849524511239
2021-02-18 23:16:00+00:00,390.95,390.96,390.98,100,200,390.96666666666664,1.348288841526569e-08,1.4216741943906541e-05
2021-02-18 23:17:00+00:00,390.97,390.96,391.0,250,568,390.97222493887534,2.016002418548566e-08,-2.4985914347297467e-05
2021-02-18 23:18:00+00:00,390.99,390.96,390.98,70,500,390.96245614035087,1.0077531240037033e-09,-1.631764182663531e-06
2021-02-18 23:19:00+00:00,391.0,390.96,390.98,50,500,390.96181818181816,1.168340312109059e-08,-4.420103569491296e-06
2021-02-18 23:20:00+00:00,390.96,390.9,390.95,600,490,390.9275229357798,1.8790156667767266e-08,-6.84385885797445e-05
2021-02-18 23:21:00+00:00,390.95,390.93,390.95,100,400,390.934,5.4938783655880585e-09,-6.666253255604992e-05
2021-02-18 23:22:00+00:00,390.94,390.85,390.93,500,500,390.89,9.04367259004791e-08,-9.484271605408878e-05
2021-02-18 23:23:00+00:00,390.88,390.87,390.89,50,5000,390.870198019802,1.1412044807741518e-08,-6.020247451588023e-05
2021-02-18 23:24:00+00:00,390.87,390.84,390.88,100,500,390.8466666666667,2.2955143681352213e-08,-0.00012637677024396332
2021-02-18 23:25:00+00:00,390.83,390.79,390.83,100,450,390.79727272727274,1.1797623362514006e-08,5.632840490266133e-05
2021-02-18 23:26:00+00:00,390.83,390.8,390.83,900,500,390.81928571428574,1.3253846021814549e-08,8.810501826705952e-05
2021-02-18 23:27:00+00:00,390.85,390.85,390.89,500,4878,390.8537188545927,2.2871771415784393e-09,6.826828529016282e-05
2021-02-18 23:28:00+00:00,390.89,390.88,390.89,200,4778,390.8804017677782,6.127353868628244e-10,-1.119107148417342e-05
2021-02-18 23:29:00+00:00,390.89,390.87,390.89,1100,2550,390.87602739726026,2.137998430967302e-08,0.0001321772296349888
2021-02-18 23:30:00+00:00,390.89,390.9,390.93,600,50,390.9276923076923,3.764283260038232e-09,7.566724016339066e-05
2021-02-18 23:31:00+00:00,390.93,390.93,390.98,600,500,390.9572727272727,4.655020553548784e-09,-3.849654706633565e-05
2021-02-18 23:32:00+00:00,390.93,390.94,390.97,103,50,390.9601960784314,3.132081077413748e-08,2.5556759912337412e-05
2021-02-18 23:33:00+00:00,390.94,390.94,390.97,103,150,390.9522134387352,4.2299433537997016e-08,-0.0002743328443565174
2021-02-18 23:34:00+00:00,390.85,390.8,390.85,1495,500,390.8374686716792,2.402599421582645e-08,-0.00017900296215778155
2021-02-18 23:35:00+00:00,390.78,390.77,390.8,100,500,390.775,2.5078898237519857e-08,-4.477641225120177e-05
2021-02-18 23:36:00+00:00,390.75,390.75,390.76,1502,500,390.7575024975025,3.542628347270669e-08,-0.0002427871965317019
2021-02-18 23:37:00+00:00,390.71,390.66,390.71,20,360,390.6626315789474,9.517700196350502e-08,-4.767152083751114e-06
2021-02-18 23:38:00+00:00,390.7,390.66,390.68,20,500,390.66076923076923,2.6076896261596245e-08,-4.4631810535378236e-05
2021-02-18 23:39:00+00:00,390.66,390.64,390.66,100,500,390.6433333333333,3.4700050918699924e-08,-5.9477076529201867e-05
2021-02-18 23:40:00+00:00,390.65,390.61,390.66,51,50,390.6352475247525,3.959650262510898e-08,2.550014800495326e-05
2021-02-18 23:41:00+00:00,390.66,390.63,390.66,1,500,390.6300598802395,3.4379693179968315e-08,0.00014704480187233138
2021-02-18 23:42:00+00:00,390.71,390.63,390.69,551,500,390.66145575642247,3.82992086256789e-08,-0.000140069059004988
2021-02-18 23:43:00+00:00,390.71,390.63,390.66,51,500,390.63277676951,3.7129396468551033e-08,-0.00018562371829178304
2021-02-18 23:44:00+00:00,390.55,390.56,390.57,41,1500,390.56026606099937,3.5175556958766266e-07,-0.0005530013303501891
2021-02-18 23:45:00+00:00,390.37,390.34,390.37,100,600,390.3442857142857,9.102654724289497e-08,-0.000573939366217191
2021-02-18 23:46:00+00:00,390.14,390.12,390.14,5,300,390.1203278688524,1.3652590812230113e-07,0.0002818216065390011
2021-02-18 23:47:00+00:00,390.24,390.22,390.24,520,400,390.23130434782615,5.0758334606577324e-08,2.5021336199193556e-05
2021-02-18 23:48:00+00:00,390.29,390.23,390.24,500,2,390.2399601593625,7.053857242910182e-09,4.679499663406972e-05
2021-02-18 23:49:00+00:00,390.26,390.25,390.27,698,1000,390.2582214369847,3.41042864594093e-08,1.8931873070338057e-05
2021-02-18 23:50:00+00:00,390.26,390.26,390.29,115,500,390.26560975609755,6.697621035627906e-08,-0.00010056258802415563
2021-02-18 23:51:00+00:00,390.24,390.21,390.24,600,500,390.22636363636366,8.458503257980323e-08,-0.0002253629993436146
2021-02-18 23:52:00+00:00,390.15,390.11,390.17,900,500,390.1485714285714,5.214304186117362e-08,-0.0001995005186299359
2021-02-18 23:53:00+00:00,390.05,390.03,390.09,520,500,390.0605882352941,5.059683910724307e-08,2.5692793693909977e-05
2021-02-18 23:54:00+00:00,390.05,390.04,390.07,52,500,390.04282608695655,4.5732982378656845e-08,0.00021293104025166265
2021-02-18 23:55:00+00:00,390.16,390.11,390.16,1000,139,390.1538981562774,1.737947734927185e-08,0.0001040709598234546
2021-02-18 23:56:00+00:00,390.28,390.22,390.27,100,542,390.22778816199383,7.69867392592058e-08,0.00011943280767101605
2021-02-18 23:57:00+00:00,390.23,390.24,390.27,15,500,390.24087378640775,2.2196559111052185e-08,-0.00010684813413819327
2021-02-18 23:58:00+00:00,390.2,390.16,390.2,1000,21,390.1991772771792,1.5809170896505842e-07,-0.00025417090284829413
2021-02-18 23:59:00+00:00,390.07,390.06,390.12,1000,500,390.1,5.498842723958904e-08,0.0003755492611750011
