ts_recv,price,bid_px_00,ask_px_00,bid_sz_00,ask_sz_00,weighted_mid,rv_60s,ret_60s
2022-03-31 08:01:00+00:00,459.53,459.5,459.53,5,200,459.5007317073171,1.4459374263792655e-07,5.661853913929704e-06
2022-03-31 08:02:00+00:00,459.65,459.47,459.55,500,700,459.50333333333333,7.668634458543615e-08,5.803367403922621e-05
2022-03-31 08:03:00+00:00,459.49,459.5,459.55,200,300,459.52,9.188902978163907e-08,-0.00011507704814084363
2022-03-31 08:04:00+00:00,459.49,459.45,459.53,200,500,459.47285714285715,8.6148448483853e-08,8.244448830008189e-05
2022-03-31 08:05:00+00:00,459.43,459.49,459.55,500,200,459.53285714285715,6.935281635099392e-08,8.5493866980757e-05
2022-03-31 08:06:00+00:00,459.54,459.49,459.58,500,700,459.5275,1.5846414017278722e-07,-6.37263435377955e-05
2022-03-31 08:07:00+00:00,459.6,459.51,459.57,200,600,459.525,4.471900119262966e-08,6.994800531612277e-05
2022-03-31 08:08:00+00:00,459.55,459.5,459.58,500,200,459.5571428571429,8.983775152596894e-08,-0.0004054439762730677
2022-03-31 08:09:00+00:00,459.4,459.37,459.4,3,107,459.3708181818182,6.243036447578088e-08,-0.0001541634318402707
2022-03-31 08:10:00+00:00,459.25,459.27,459.34,500,200,459.32,4.922878361617037e-08,-8.164598301763082e-05
2022-03-31 08:11:00+00:00,459.26,459.21,459.28,700,200,459.26444444444445,3.295122907857538e-08,-0.000113696006220243
2022-03-31 08:12:00+00:00,459.28,459.21,459.24,5,700,459.21021276595746,5.4442120326908274e-08,0.00010826480552106332
2022-03-31 08:13:00+00:00,459.21,459.24,459.32,200,500,459.2628571428571,9.255748969145187e-08,-8.697238744725944e-05
2022-03-31 08:14:00+00:00,459.26,459.22,459.26,1,700,459.220057061341,2.6435134765478343e-08,8.697995230133593e-05
2022-03-31 08:15:00+00:00,459.25,459.23,459.27,5,700,459.23028368794326,6.099378636195726e-08,-0.00041370901014670114
2022-03-31 08:16:00+00:00,459.06,459.04,459.1,200,200,459.07,4.99042107641669e-08,0.00022025205548414917
2022-03-31 08:17:00+00:00,459.13,459.16,459.21,200,700,459.1711111111111,6.020248507721493e-08,0.0001826963562361339
2022-03-31 08:18:00+00:00,459.23,459.24,459.31,200,500,459.26,1.9274495220996415e-08,0.00011990482331625252
2022-03-31 08:19:00+00:00,459.32,459.29,459.32,200,99,459.3100668896321,3.331174182112825e-08,-4.3689200561081165e-05
2022-03-31 08:20:00+00:00,459.32,459.27,459.32,109,200,459.2876375404531,5.680752161202816e-08,8.69356470287741e-05
2022-03-31 08:21:00+00:00,459.27,459.28,459.33,700,1,459.3299286733239,8.278407922192485e-08,-8.649483926181922e-05
2022-03-31 08:22:00+00:00,459.4,459.29,459.33,1,200,459.29019900497514,7.371314181413006e-09,-4.3114744493255586e-05
2022-03-31 08:23:00+00:00,459.29,459.27,459.28,8,200,459.2703846153846,3.247335682660281e-08,8.239034726242878e-05
2022-03-31 08:24:00+00:00,459.22,459.25,459.32,500,1,459.3198602794411,9.417619565073259e-08,-0.00023557159809695083
2022-03-31 08:25:00+00:00,459.21,459.2,459.21,2,200,459.200099009901,8.730254549430793e-08,0.0001632484678435464
2022-03-31 08:26:00+00:00,459.22,459.2,459.28,500,200,459.25714285714287,4.9326398896808854e-08,-4.942957459219688e-05
2022-03-31 08:27:00+00:00,459.23,459.24,459.32,200,1101,459.25229823212914,9.887076722035445e-09,-8.011749767455889e-05
2022-03-31 08:28:00+00:00,459.28,459.21,459.27,101,1000,459.2155040871935,4.889488519179683e-08,-0.00012830922562734326
2022-03-31 08:29:00+00:00,459.21,459.14,459.22,200,1200,459.1514285714286,6.298499875200818e-08,0.0003120604465387533
2022-03-31 08:30:00+00:00,459.28,459.26,459.32,200,101,459.2998671096346,4.648573298812996e-08,-0.0002018817315913024
2022-03-31 08:31:00+00:00,459.31,459.15,459.23,500,200,459.20714285714286,2.6553433785155224e-08,0.00015779440408847378
2022-03-31 08:32:00+00:00,459.31,459.23,459.28,500,4,459.2796031746032,3.156837593905947e-07,-0.0003039611897377448
2022-03-31 08:33:00+00:00,459.09,459.08,459.16,600,200,459.14,3.923676053412334e-08,2.1779849283420916e-05
2022-03-31 08:34:00+00:00,459.14,459.12,459.18,200,200,459.15,6.831714075322556e-08,0.0001524556245235953
2022-03-31 08:35:00+00:00,459.15,459.19,459.25,200,200,459.22,1.1699522460105763e-07,7.154989516378052e-05
2022-03-31 08:36:00+00:00,459.15,459.21,459.27,500,200,459.2528571428571,4.290012326436207e-08,5.739440268559548e-05
2022-03-31 08:37:00+00:00,459.15,459.24,459.28,200,4,459.27921568627454,2.5643513752178034e-08,-0.00016936780979670552
2022-03-31 08:38:00+00:00,459.28,459.2,459.23,10,200,459.2014285714286,1.1970989705450152e-07,-0.00032817159254139305
2022-03-31 08:39:00+00:00,459.05,459.01,459.08,500,200,459.06,2.0740181725581238e-08,-6.533654994800298e-05
2022-03-31 08:40:00+00:00,459.05,459.02,459.07,3,200,459.02073891625616,3.876968889118889e-08,0.00021822581456643064
2022-03-31 08:41:00+00:00,459.05,459.09,459.17,200,1000,459.10333333333335,2.6438339381000952e-08,-8.910308831311387e-05
2022-03-31 08:42:00+00:00,459.1,459.05,459.11,200,200,459.08,4.577934423922341e-08,0.0
2022-03-31 08:43:00+00:00,459.08,459.05,459.11,200,200,459.08,3.0518681172222535e-08,-8.675948735403782e-05
2022-03-31 08:44:00+00:00,459.08,459.04,459.06,4,200,459.04039215686277,5.028418671942339e-08,0.00015168939481635668
2022-03-31 08:45:00+00:00,459.08,459.07,459.12,1,50,459.07098039215686,1.2292643799030836e-08,-6.534599140295416e-05
2022-03-31 08:46:00+00:00,459.09,459.04,459.08,200,1,459.07980099502487,7.68819775500125e-09,-0.00010833506326479725
2022-03-31 08:47:00+00:00,459.03,459.03,459.07,1,600,459.03006655574046,2.6212493283337588e-08,0.0001554626175657159
2022-03-31 08:48:00+00:00,459.04,459.05,459.09,1000,500,459.07666666666665,1.4610639534293446e-08,1.8322892280764336e-05
2022-03-31 08:49:00+00:00,459.05,459.07,459.12,200,51,459.10984063745025,5.9020112330405235e-09,-5.410608802414174e-05
2022-03-31 08:50:00+00:00,459.05,459.06,459.11,200,200,459.085,1.6086821845045655e-08,3.9693284167752196e-05
2022-03-31 08:51:00+00:00,459.05,459.07,459.12,200,101,459.10322259136217,1.6203238080834157e-08,-7.01931766877717e-06
2022-03-31 08:52:00+00:00,459.05,459.09,459.11,200,200,459.1,5.405118472585411e-08,4.7315373640444136e-05
2022-03-31 08:53:00+00:00,459.12,459.12,459.16,9,200,459.1217224880383,2.6463317623448177e-08,0.0002249458191654341
2022-03-31 08:54:00+00:00,459.2,459.2,459.27,200,700,459.21555555555557,5.9152548759499466e-08,8.710327181660205e-05
2022-03-31 08:55:00+00:00,459.28,459.25,459.3,500,101,459.2915973377704,1.4170266066797425e-07,0.00029705849875050205
2022-03-31 08:56:00+00:00,459.36,459.35,459.43,500,200,459.40714285714284,6.559904933487296e-08,2.9541546297862098e-05
2022-03-31 08:57:00+00:00,459.45,459.38,459.46,500,200,459.4371428571429,1.730701088928741e-08,2.7139632859940477e-05
2022-03-31 08:58:00+00:00,459.41,459.41,459.43,1380,200,459.4274683544304,7.960532385691816e-08,-0.00030543558440288
2022-03-31 08:59:00+00:00,459.38,459.23,459.31,500,200,459.28714285714284,4.027852236079673e-08,0.00013685805020835495
2022-03-31 09:00:00+00:00,459.38,459.31,459.39,500,500,459.35,4.760184817106503e-08,-0.00010573947658965022
2022-03-31 09:01:00+00:00,459.34,459.28,459.36,500,500,459.32,4.430963947734772e-08,8.881672961602582e-05
2022-03-31 09:02:00+00:00,459.35,459.28,459.36,700,200,459.34222222222223,5.5400416001272535e-08,-0.00011990921455673487
2022-03-31 09:03:00+00:00,459.35,459.24,459.31,200,200,459.275,8.278962855576789e-08,-0.00011352997346814053
2022-03-31 09:04:00+00:00,459.26,459.21,459.26,200,102,459.2431125827814,9.595996348096624e-08,-0.00026130412533886815
2022-03-31 09:05:00+00:00,459.12,459.07,459.14,200,500,459.09,7.690681253976854e-08,8.245677631335546e-05
2022-03-31 09:06:00+00:00,459.15,459.11,459.17,500,200,459.15285714285716,3.383364651597615e-08,-9.669024967384754e-05
2022-03-31 09:07:00+00:00,459.07,459.06,459.15,700,600,459.10846153846154,2.2413291681331955e-08,1.890908011636938e-05
2022-03-31 09:08:00+00:00,459.07,459.06,459.14,500,200,459.1171428571429,2.753423990080628e-08,-6.788862418605213e-05
2022-03-31 09:09:00+00:00,459.11,459.06,459.11,200,185,459.08597402597405,1.0644266099301914e-08,-1.923641611989435e-05
2022-03-31 09:10:00+00:00,459.05,459.06,459.12,200,500,459.07714285714286,2.811408678687144e-08,1.7115081810015198e-05
2022-03-31 09:11:00+00:00,459.05,459.06,459.11,200,200,459.085,3.735140663859693e-08,9.802106363743235e-05
2022-03-31 09:12:00+00:00,459.05,459.1,459.16,200,200,459.13,3.202428822567024e-08,-9.801145645027542e-05
2022-03-31 09:13:00+00:00,459.05,459.06,459.11,200,200,459.085,1.4876963399566443e-08,-1.089122929298636e-05
2022-03-31 09:14:00+00:00,459.1,459.06,459.1,200,200,459.08,1.4227731334455397e-08,9.802213121901104e-05
2022-03-31 09:15:00+00:00,459.1,459.09,459.16,200,200,459.125,1.9725720907233605e-08,-2.1780560849449238e-05
2022-03-31 09:16:00+00:00,459.1,459.09,459.16,200,200,459.125,4.4768582320098497e-08,0.0001677139714451048
2022-03-31 09:17:00+00:00,459.24,459.18,459.24,50,200,459.192,2.1026135844488883e-08,0.00015244168016859128
2022-03-31 09:18:00+00:00,459.24,459.23,459.27,200,50,459.262,6.267920310598657e-08,-4.064491873190246e-05
2022-03-31 09:19:00+00:00,459.27,459.23,459.26,500,250,459.25,7.070861145899154e-08,0.00030216023771911793
2022-03-31 09:20:00+00:00,459.39,459.32,459.39,200,91,459.3681099656357,2.7547473120158718e-08,-4.810463485804828e-05
2022-03-31 09:21:00+00:00,459.39,459.34,459.38,200,200,459.36,6.6104065340942795e-09,-8.621551810350514e-05
2022-03-31 09:22:00+00:00,459.39,459.32,459.36,102,200,459.33350993377485,1.8642739166621413e-08,8.46832562917399e-06
2022-03-31 09:23:00+00:00,459.32,459.31,459.36,200,500,459.32428571428574,1.8231447400421548e-08,8.863952327486935e-05
2022-03-31 09:24:00+00:00,459.39,459.34,459.39,200,199,459.36506265664156,2.7296735188593948e-08,-7.196510928630939e-05
2022-03-31 09:25:00+00:00,459.32,459.33,459.38,10,700,459.3307042253521,3.4324574306527315e-08,3.780530274966054e-05
2022-03-31 09:26:00+00:00,459.32,459.28,459.35,200,2,459.34930693069305,3.602198773221133e-08,-0.00023777403608482572
2022-03-31 09:27:00+00:00,459.26,459.23,459.3,101,600,459.2400855920114,1.931564295324501e-08,-3.284903144273876e-05
2022-03-31 09:28:00+00:00,459.23,459.19,459.26,200,200,459.225,2.044669824257692e-08,-3.266372693133679e-05
2022-03-31 09:29:00+00:00,459.23,459.18,459.24,200,200,459.21,3.8105130295064924e-08,0.0001633239694258659
2022-03-31 09:30:00+00:00,459.24,459.23,459.33,500,500,459.28,2.2818010863548948e-08,4.665637115985888e-06
2022-03-31 09:31:00+00:00,459.24,459.25,459.31,500,200,459.29285714285714,3.132484760129256e-08,-0.00023293378936650733
2022-03-31 09:32:00+00:00,459.31,459.18,459.24,2,200,459.1805940594059,2.0738412892025146e-08,0.00013053730374790184
2022-03-31 09:33:00+00:00,459.31,459.24,459.26,1,200,459.2400995024875,4.044849727801764e-08,-6.554197362151903e-05
2022-03-31 09:34:00+00:00,459.22,459.18,459.24,200,700,459.1933333333333,3.285999792600493e-08,0.0001524357047972824
2022-03-31 09:35:00+00:00,459.22,459.25,459.31,200,200,459.28,1.437384866964776e-08,-6.46696841519745e-05
2022-03-31 09:36:00+00:00,459.22,459.25,459.31,1,200,459.2502985074627,3.4019479823092725e-08,-0.0001600617010915073
2022-03-31 09:37:00+00:00,459.22,459.17,459.22,110,700,459.1767901234568,1.0308391040485474e-08,-1.4076743642732481e-05
2022-03-31 09:38:00+00:00,459.19,459.17,459.2,11,1000,459.17032640949554,2.526355529235469e-08,4.284595361014887e-05
2022-03-31 09:39:00+00:00,459.15,459.14,459.21,500,200,459.19,6.044004733244283e-08,3.266621659880897e-05
2022-03-31 09:40:00+00:00,459.15,459.17,459.24,200,200,459.205,5.395924398464851e-08,0.00016332574775979047
2022-03-31 09:41:00+00:00,459.18,459.25,459.31,200,200,459.28,1.771152499439857e-08,0.00012880444036489358
2022-03-31 09:42:00+00:00,459.18,459.29,459.34,200,12,459.33716981132073,1.331403649686469e-08,2.987834616008378e-05
2022-03-31 09:43:00+00:00,459.31,459.31,459.37,501,200,459.35288159771756,1.6614393895725207e-07,5.9036099192777414e-05
2022-03-31 09:44:00+00:00,459.39,459.35,459.41,200,200,459.38,1.1656899894841901e-08,1.6367271093997715e-07
2022-03-31 09:45:00+00:00,459.41,459.35,459.41,200,199,459.38007518796996,5.117227283246829e-09,6.540190914927635e-05
2022-03-31 09:46:00+00:00,459.41,459.41,459.44,2,500,459.41011952191235,9.946991113105398e-08,-0.00035831913082406963
2022-03-31 09:47:00+00:00,459.31,459.24,459.3,1,1100,459.2400544959128,7.351629563395493e-08,6.970458723021267e-05
2022-03-31 09:48:00+00:00,459.31,459.24,459.29,101,200,459.2567774086379,4.917882776140206e-08,5.4093536530075426e-06
2022-03-31 09:49:00+00:00,459.24,459.25,459.31,200,200,459.28,1.7881982930991563e-08,-5.7868997321186555e-05
2022-03-31 09:50:00+00:00,459.24,459.24,459.28,101,200,459.2534219269103,2.6393387134994693e-08,-7.2557814121188e-05
2022-03-31 09:51:00+00:00,459.24,459.22,459.24,1,200,459.2200995024876,2.360741872159529e-08,-5.465680294647335e-05
2022-03-31 09:52:00+00:00,459.17,459.17,459.27,200,600,459.195,2.4164899157549054e-08,5.444310151370146e-06
2022-03-31 09:53:00+00:00,459.24,459.18,459.25,200,600,459.1975,2.9714010335227957e-08,5.444280511079924e-06
2022-03-31 09:54:00+00:00,459.2,459.17,459.23,200,200,459.2,5.265922992942869e-08,4.660760893226978e-06
2022-03-31 09:55:00+00:00,459.2,459.18,459.21,200,71,459.2021402214022,8.209857857668465e-08,1.7116162816632752e-05
2022-03-31 09:56:00+00:00,459.21,459.18,459.24,200,200,459.21,2.353430905284029e-08,0.0001306591755405595
2022-03-31 09:57:00+00:00,459.21,459.25,459.32,200,500,459.27,1.3491975619268795e-08,-6.221052664234783e-06
2022-03-31 09:58:00+00:00,459.3,459.21,459.29,500,200,459.26714285714286,5.03280631550516e-08,8.242946060033063e-05
2022-03-31 09:59:00+00:00,459.3,459.31,459.39,500,200,459.3671428571429,1.4842663064875028e-07,-0.0002811514693251693
2022-03-31 10:00:00+00:00,459.28,459.17,459.19,83,200,459.1758657243816,6.86374207321083e-08,-0.00019946430961903516
2022-03-31 10:01:00+00:00,459.1,459.07,459.11,111,200,459.08427652733116,1.7508875538530814e-08,3.860614178052835e-05
2022-03-31 10:02:00+00:00,459.07,459.1,459.11,50,200,459.102,1.0925523307478161e-08,0.0
2022-03-31 10:03:00+00:00,459.07,459.1,459.11,50,200,459.102,4.353216416528868e-08,-5.37565476996793e-05
2022-03-31 10:04:00+00:00,459.1,459.06,459.11,106,200,459.07732026143793,6.15038901385393e-08,0.00016029724454535987
2022-03-31 10:05:00+00:00,459.12,459.1,459.19,200,300,459.136,1.8042379913320252e-08,0.0001286960516051483
2022-03-31 10:06:00+00:00,459.2,459.18,459.24,200,200,459.21,2.6150505033046846e-08,-7.501613757177061e-06
2022-03-31 10:07:00+00:00,459.19,459.19,459.24,99,200,459.20655518394653,5.5146555654393665e-08,-0.00014471849477915022
2022-03-31 10:08:00+00:00,459.23,459.11,459.16,200,200,459.135,3.716124957444227e-08,3.245305197374648e-05
2022-03-31 10:09:00+00:00,459.12,459.12,459.19,200,200,459.155,1.665146504912801e-07,1.1743652716056374e-05
2022-03-31 10:10:00+00:00,459.12,459.16,459.18,2,100,459.16039215686277,1.293863806594901e-08,-7.708016080509861e-05
2022-03-31 10:11:00+00:00,459.16,459.11,459.2,200,1000,459.125,1.7754552873407405e-08,-0.00013854623165820978
2022-03-31 10:12:00+00:00,459.06,459.06,459.1,36,1000,459.0613899613899,3.5064257466538476e-08,8.41064821708315e-05
2022-03-31 10:13:00+00:00,459.14,459.07,459.13,200,200,459.1,1.3295311391932594e-08,-2.409895401278561e-05
2022-03-31 10:14:00+00:00,459.11,459.07,459.11,178,198,459.0889361702128,3.969306118309062e-08,-5.188033281566806e-05
2022-03-31 10:15:00+00:00,459.09,459.07,459.14,200,1,459.13965174129356,1.3263230368897502e-07,0.0002222437942303035
2022-03-31 10:16:00+00:00,459.15,459.11,459.19,500,200,459.16714285714284,7.26531313006146e-08,0.0001223747758622995
2022-03-31 10:17:00+00:00,459.2,459.2,459.25,175,200,459.22333333333336,7.227923475572156e-08,-9.436222027048302e-05
2022-03-31 10:18:00+00:00,459.19,459.15,459.21,200,200,459.18,7.843331311833857e-08,-0.00017422361601115988
2022-03-31 10:19:00+00:00,459.0,459.09,459.14,200,200,459.115,1.8260179415674538e-07,-0.00031583532999357455
2022-03-31 10:20:00+00:00,458.91,458.92,458.99,200,200,458.955,8.922138083873546e-08,-4.7208695115319443e-05
2022-03-31 10:21:00+00:00,458.95,458.92,458.94,400,200,458.93333333333334,5.777421811586622e-08,5.810575246933958e-05
2022-03-31 10:22:00+00:00,458.95,458.93,458.99,200,200,458.96,1.014250613702288e-07,-7.664258191764084e-05
2022-03-31 10:23:00+00:00,458.89,458.89,458.96,198,200,458.92482412060303,3.257914628879114e-08,0.00017470373181627252
2022-03-31 10:24:00+00:00,459.03,458.98,459.04,500,200,459.02285714285716,6.775446896195694e-08,0.0002614350606202631
2022-03-31 10:25:00+00:00,459.09,459.09,459.16,200,200,459.125,5.286596387310543e-08,0.00010285264845566466
2022-03-31 10:26:00+00:00,459.17,459.11,459.19,700,200,459.1722222222222,3.368067810940594e-08,-0.0001560004846778984
2022-03-31 10:27:00+00:00,459.14,459.1,459.14,3,200,459.1005911330049,2.7329405436136503e-08,0.00015118444265960207
2022-03-31 10:28:00+00:00,459.14,459.15,459.19,200,200,459.17,7.800115283022837e-09,-0.00013034550660695476
2022-03-31 10:29:00+00:00,459.14,459.11,459.14,1,200,459.1101492537313,1.5821244496531248e-07,0.00019026097857044455
2022-03-31 10:30:00+00:00,459.13,459.17,459.25,200,700,459.1877777777778,1.1050106570887444e-07,0.000135456949433177
2022-03-31 10:31:00+00:00,459.23,459.2,459.26,200,1,459.2597014925373,4.8665776330997965e-08,-0.00023886592309496635
2022-03-31 10:32:00+00:00,459.23,459.12,459.18,200,200,459.15,1.1480033502322963e-08,1.8428701865635944e-05
2022-03-31 10:33:00+00:00,459.11,459.11,459.2,700,600,459.15846153846155,7.4209108704297e-08,-0.00012343908197010034
2022-03-31 10:34:00+00:00,459.17,459.1,459.14,14,200,459.1026168224299,6.308919487204675e-09,3.258699289721001e-05
2022-03-31 10:35:00+00:00,459.13,459.1,459.13,24,19,459.11674418604645,6.37513937680704e-08,0.00014866766420063016
2022-03-31 10:36:00+00:00,459.14,459.15,459.22,200,200,459.185,4.432510770674125e-08,0.00038102307314114015
2022-03-31 10:37:00+00:00,459.32,459.33,459.36,200,1,459.35985074626865,6.905271136293848e-08,-7.610606687236121e-05
2022-03-31 10:38:00+00:00,459.35,459.3,459.35,200,200,459.325,1.712538876574721e-07,-0.0007946443150275151
2022-03-31 10:39:00+00:00,459.03,458.92,459.0,700,700,458.96,4.2228731540042205e-08,9.337881919391222e-05
2022-03-31 10:40:00+00:00,459.0,459.0,459.05,10,500,459.00098039215686,7.875646655057306e-08,5.9134396922289056e-05
2022-03-31 10:41:00+00:00,459.0,459.0,459.06,200,200,459.03,3.150067906650713e-08,0.00022874321939747588
2022-03-31 10:42:00+00:00,459.11,459.1,459.17,200,200,459.135,3.910096379860586e-08,0.00016367572441944311
2022-03-31 10:43:00+00:00,459.21,459.21,459.24,1,200,459.21014925373134,3.197247230772645e-08,-8.721442962189574e-05
2022-03-31 10:44:00+00:00,459.2,459.17,459.19,1,200,459.1700995024876,2.0345238168802798e-08,-0.00010184933471257818
2022-03-31 10:45:00+00:00,459.15,459.1,459.17,200,700,459.11555555555555,1.2891850844847615e-08,2.541074656781106e-05
2022-03-31 10:46:00+00:00,459.1,459.1,459.17,300,200,459.142,4.957157474937081e-08,1.089004323340248e-05
2022-03-31 10:47:00+00:00,459.15,459.11,459.17,200,200,459.14,2.630968658532699e-08,0.0001532966314949924
2022-03-31 10:48:00+00:00,459.21,459.21,459.24,7,200,459.2110144927536,1.6776338204011977e-07,-0.0003492617343985316
2022-03-31 10:49:00+00:00,459.09,459.02,459.09,200,200,459.055,1.700457299537385e-08,4.356823875384386e-05
2022-03-31 10:50:00+00:00,459.1,459.06,459.1,200,600,459.07,1.3184898077992106e-08,-1.4329128650736322e-05
2022-03-31 10:51:00+00:00,459.06,459.05,459.09,101,200,459.0634219269103,2.6569683709402753e-08,-2.8804128805681728e-05
2022-03-31 10:52:00+00:00,459.06,459.05,459.09,1,200,459.0501990049751,1.054845428395181e-09,2.8804958507322453e-05
2022-03-31 10:53:00+00:00,459.05,459.05,459.09,101,200,459.0634219269103,8.09603400673591e-09,0.000101463263821433
2022-03-31 10:54:00+00:00,459.15,459.08,459.14,200,200,459.11,3.4264800650010887e-09,-2.1781272461884882e-05
2022-03-31 10:55:00+00:00,459.15,459.08,459.15,200,500,459.1,8.827833854888229e-08,-0.0005554345458506083
2022-03-31 10:56:00+00:00,458.83,458.82,458.87,200,200,458.845,9.213341436101865e-08,0.00023367852373290532
2022-03-31 10:57:00+00:00,458.99,458.93,458.97,4,200,458.9307843137255,6.414311474234928e-08,-0.00014864776532053092
2022-03-31 10:58:00+00:00,458.87,458.86,458.91,200,600,458.8725,5.64456343393593e-08,-5.956479923752145e-05
2022-03-31 10:59:00+00:00,458.84,458.84,458.89,5,200,458.8412195121951,2.3892566662662887e-08,-9.007896438251173e-05
2022-03-31 11:00:00+00:00,458.82,458.81,458.87,200,200,458.84,1.271381355956181e-07,0.0002087656417961714
2022-03-31 11:01:00+00:00,458.9,458.86,458.94,200,113,458.9111182108626,8.880993411923544e-08,-0.00013318093294589772
2022-03-31 11:02:00+00:00,458.85,458.84,458.87,100,200,458.85,5.4070885108005596e-08,4.3587228941932565e-05
2022-03-31 11:03:00+00:00,458.89,458.85,458.92,200,500,458.87,2.555927542172239e-08,0.00010169910141577532
2022-03-31 11:04:00+00:00,458.88,458.9,458.93,10,200,458.9014285714286,4.030872757447236e-08,-7.989831124033397e-05
2022-03-31 11:05:00+00:00,458.83,458.85,458.91,200,200,458.88,4.392890199809624e-08,4.002300983896312e-05
2022-03-31 11:06:00+00:00,458.85,458.84,458.9,500,14,458.8983657587549,5.932906738668765e-08,-5.078052974694103e-05
2022-03-31 11:07:00+00:00,458.9,458.85,458.9,200,199,458.87506265664166,7.422955277774009e-08,-0.00037473064571880155
2022-03-31 11:08:00+00:00,458.71,458.7,458.75,192,800,458.7096774193548,7.488693812808134e-08,1.5567036683705737e-05
2022-03-31 11:09:00+00:00,458.72,458.71,458.76,1,200,458.7102487562189,5.987888785664382e-08,0.0002174602465316866
2022-03-31 11:10:00+00:00,458.85,458.78,458.84,200,200,458.81,9.043810633755653e-08,-0.00023937861639289348
2022-03-31 11:11:00+00:00,458.75,458.7,458.74,3,700,458.70017069701277,6.622933594492239e-08,-8.672843403967345e-05
2022-03-31 11:12:00+00:00,458.66,458.65,458.67,103,200,458.656798679868,1.9108175410167484e-08,-0.00018253523734435007
2022-03-31 11:13:00+00:00,458.56,458.55,458.6,200,616,458.5622549019608,5.412785572031708e-08,-5.08820771517593e-05
2022-03-31 11:14:00+00:00,458.56,458.55,458.56,200,400,458.55333333333334,5.615072389991822e-08,-9.858361068892929e-05
2022-03-31 11:15:00+00:00,458.52,458.5,458.54,51,200,458.5081274900399,1.0942855292235688e-08,0.00010370194721764925
2022-03-31 11:16:00+00:00,458.55,458.55,458.63,84,1100,458.55567567567573,3.329030688106449e-08,7.956828019350937e-06
2022-03-31 11:17:00+00:00,458.56,458.58,458.61,71,1000,458.5819887955182,1.964887403442202e-08,1.8017041926832178e-05
2022-03-31 11:18:00+00:00,458.58,458.54,458.58,200,90,458.5675862068966,2.937419861961841e-08,-5.667554581456624e-05
2022-03-31 11:19:00+00:00,458.57,458.54,458.55,19,100,458.54159663865545,5.010857504397282e-08,-0.00015592397566221994
2022-03-31 11:20:00+00:00,458.49,458.47,458.48,1,100,458.47009900990105,2.7464853213638833e-08,-0.0001310859967330602
2022-03-31 11:21:00+00:00,458.38,458.39,458.43,100,100,458.41,3.3203985608483934e-08,0.000185423529155182
2022-03-31 11:22:00+00:00,458.5,458.47,458.52,200,200,458.495,4.037664746686788e-08,-0.00035923780600466415
2022-03-31 11:23:00+00:00,458.35,458.33,458.36,203,100,458.35009900990104,5.649306303978386e-08,4.182468962521391e-05
2022-03-31 11:24:00+00:00,458.35,458.32,458.35,601,11,458.3494607843138,1.5411895592348522e-08,-2.7842849789294633e-05
2022-03-31 11:25:00+00:00,458.35,458.33,458.36,115,400,458.3366990291262,7.967137366597598e-09,-7.465652694005342e-05
2022-03-31 11:26:00+00:00,458.3,458.3,458.31,99,300,458.3024812030075,2.4925583692027622e-08,1.8593185957538338e-06
2022-03-31 11:27:00+00:00,458.27,458.28,458.31,200,100,458.3,3.273425448567672e-08,-0.00015009246886243943
2022-03-31 11:28:00+00:00,458.15,458.22,458.24,200,75,458.23454545454547,4.3568978284389344e-08,-0.00010812247796887497
2022-03-31 11:29:00+00:00,458.19,458.17,458.2,100,100,458.185,5.699717454257408e-08,-0.0001760427135741871
2022-03-31 11:30:00+00:00,458.12,458.1,458.12,166,599,458.10433986928103,2.1500155692892035e-07,0.00022191479510547119
2022-03-31 11:31:00+00:00,458.2,458.21,458.23,269,300,458.21945518453424,3.70369648433367e-08,0.00011348607394912058
2022-03-31 11:32:00+00:00,458.28,458.25,458.28,400,1100,458.258,1.8249943344331922e-08,6.546530557027808e-05
2022-03-31 11:33:00+00:00,458.29,458.28,458.3,200,300,458.288,3.0532969586244387e-08,-0.00012636139263932922
2022-03-31 11:34:00+00:00,458.28,458.23,458.24,10,1100,458.23009009009013,2.0171640153442505e-08,1.3687653899197016e-06
2022-03-31 11:35:00+00:00,458.24,458.23,458.24,85,1100,458.2307172995781,5.1442915595928107e-08,3.439680810313206e-05
2022-03-31 11:36:00+00:00,458.17,458.24,458.27,303,600,458.2500664451827,2.4892308821080716e-08,-8.683042446722133e-06
2022-03-31 11:37:00+00:00,458.25,458.24,458.27,100,100,458.255,4.067380964826226e-08,0.00014789171731166562
2022-03-31 11:38:00+00:00,458.29,458.32,458.34,100,110,458.3295238095238,4.929806804069336e-08,0.000293970566381363
2022-03-31 11:39:00+00:00,458.45,458.41,458.45,700,100,458.445,3.555620485568237e-08,-0.00011997077075764917
2022-03-31 11:40:00+00:00,458.39,458.38,458.41,100,200,458.39,6.150542014723063e-08,-1.7725081262520703e-05
2022-03-31 11:41:00+00:00,458.43,458.38,458.41,20,300,458.38187500000004,9.53493339217721e-08,-7.22650737445818e-05
2022-03-31 11:42:00+00:00,458.35,458.33,458.39,500,1100,458.34875,6.68717782499625e-08,0.00040416822343236625
2022-03-31 11:43:00+00:00,458.5,458.52,458.54,400,100,458.536,6.861632697987449e-08,-2.255088535840777e-05
2022-03-31 11:44:00+00:00,458.56,458.53,458.57,200,107,458.5560586319218,4.489084485917198e-08,0.00015104349116068505
2022-03-31 11:45:00+00:00,458.6,458.59,458.6,203,493,458.59291666666667,4.6438009319767234e-08,3.491529018440076e-05
2022-03-31 11:46:00+00:00,458.61,458.6,458.64,1300,107,458.6369580668088,2.2340990577854147e-08,9.568679050464546e-05
2022-03-31 11:47:00+00:00,458.6,458.64,458.66,180,101,458.6528113879004,2.1855661979121927e-08,-2.1783089151017343e-05
2022-03-31 11:48:00+00:00,458.65,458.6,458.66,501,201,458.64282051282055,3.81925622949293e-08,0.00023913922179530367
2022-03-31 11:49:00+00:00,458.71,458.72,458.76,200,1100,458.72615384615386,1.7968822429960214e-08,4.975686662689327e-06
2022-03-31 11:50:00+00:00,458.76,458.75,458.76,110,1100,458.7509090909091,2.463628539210538e-08,-0.00019654775818911396
2022-03-31 11:51:00+00:00,458.67,458.66,458.69,200,1100,458.6646153846154,3.189923244999065e-09,-4.930701836769469e-05
2022-03-31 11:52:00+00:00,458.65,458.64,458.65,25,100,458.642,2.0013504152280887e-08,-3.1823575719847064e-05
2022-03-31 11:53:00+00:00,458.6,458.62,458.63,371,95,458.6279613733906,2.318985115847807e-08,9.154555392143493e-05
2022-03-31 11:54:00+00:00,458.66,458.66,458.68,200,226,458.6693896713615,4.022230835134024e-08,-0.00021357671154631497
2022-03-31 11:55:00+00:00,458.62,458.56,458.6,200,1000,458.56666666666666,4.845930250588131e-08,4.110984947747198e-05
2022-03-31 11:56:00+00:00,458.56,458.59,458.62,1,106,458.59028037383183,4.0976691940450683e-08,0.00019558281553355705
2022-03-31 11:57:00+00:00,458.6,458.62,458.68,1000,201,458.66995836802664,9.677019135577544e-08,0.000276214184506296
2022-03-31 11:58:00+00:00,458.76,458.76,458.83,200,100,458.8066666666667,3.261177345130361e-08,-0.00016623696341833138
2022-03-31 11:59:00+00:00,458.73,458.73,458.77,1,100,458.73039603960393,4.4817820266869575e-08,0.00022505664530569902
2022-03-31 12:00:00+00:00,458.81,458.76,458.83,200,200,458.795,6.519803048827417e-08,-8.133792120912364e-05
2022-03-31 12:01:00+00:00,458.83,458.79,458.85,10,85,458.7963157894737,4.6297128337705374e-08,6.252057730016247e-05
2022-03-31 12:02:00+00:00,458.84,458.81,458.84,100,100,458.825,2.4222326411808726e-08,-0.00011987141066860385
2022-03-31 12:03:00+00:00,458.78,458.73,458.79,200,100,458.77,3.292897102293976e-08,-2.9367228343790686e-05
2022-03-31 12:04:00+00:00,458.81,458.75,458.79,39,200,458.7565271966527,2.324522034081996e-08,7.57003582818605e-06
2022-03-31 12:05:00+00:00,458.8,458.75,458.8,200,200,458.775,3.6925034308883335e-08,0.00014531926642824544
2022-03-31 12:06:00+00:00,458.8,458.8,458.84,800,100,458.8355555555556,4.946842691751111e-08,-0.0001197093767164592
2022-03-31 12:07:00+00:00,458.79,458.78,458.8,100,9740,458.78020325203255,1.54469309115647e-08,4.552124221923748e-05
2022-03-31 12:08:00+00:00,458.8,458.79,458.8,300,843,458.792624671916,6.987940943935632e-08,0.00029070939878206303
2022-03-31 12:09:00+00:00,458.99,458.91,458.95,200,200,458.93,1.6620966387667087e-08,-1.3074003216151375e-05
2022-03-31 12:10:00+00:00,458.88,458.89,458.93,300,100,458.92,1.5371579783506864e-08,-8.694696369726529e-05
2022-03-31 12:11:00+00:00,458.85,458.88,458.89,100,10073,458.88009829942007,7.764821435550876e-09,-2.0025293197556415e-05
2022-03-31 12:12:00+00:00,458.88,458.86,458.89,120,10173,458.8603497522588,7.994223161372168e-09,2.0118927136936193e-05
2022-03-31 12:13:00+00:00,458.89,458.88,458.89,143,9993,458.8801410812943,2.8216473356563396e-09,-8.954689834084206e-08
2022-03-31 12:14:00+00:00,458.89,458.88,458.89,100,9881,458.8801001903617,2.0792181824466893e-09,-2.9081721159451845e-05
2022-03-31 12:15:00+00:00,458.86,458.86,458.88,53,300,458.86300283286124,1.3351162485555505e-08,-0.00010854942397020562
2022-03-31 12:16:00+00:00,458.82,458.81,458.84,200,100,458.83,5.4390192846776813e-08,-0.00012273701127318848
2022-03-31 12:17:00+00:00,458.79,458.77,458.79,200,1700,458.77210526315787,4.760264604470421e-08,6.331405310144866e-05
2022-03-31 12:18:00+00:00,458.81,458.78,458.84,200,100,458.82,2.8287799204765087e-08,-6.326038962034541e-05
2022-03-31 12:19:00+00:00,458.76,458.76,458.77,7,100,458.76065420560747,3.2810776201648644e-08,-2.3223887030798807e-05
2022-03-31 12:20:00+00:00,458.74,458.73,458.77,200,200,458.75,4.34591743396416e-08,-0.00021754643473392843
2022-03-31 12:21:00+00:00,458.67,458.67,458.7,100,364,458.6764655172414,1.894321143239809e-08,7.58735674610822e-05
2022-03-31 12:22:00+00:00,458.68,458.67,458.7,100,100,458.685,1.9177847115980154e-08,1.0900727078544392e-05
2022-03-31 12:23:00+00:00,458.65,458.67,458.71,100,100,458.69,3.712675266269699e-08,0.00012354022687799393
2022-03-31 12:24:00+00:00,458.77,458.74,458.76,100,200,458.74666666666667,3.2394562819539944e-08,0.00011005035183009326
2022-03-31 12:25:00+00:00,458.82,458.77,458.8,143,15,458.7971518987342,1.5999367706695702e-08,0.00017933609670084394
2022-03-31 12:26:00+00:00,458.89,458.87,458.9,243,630,458.8783505154639,6.202591329021385e-09,2.498711226506245e-05
2022-03-31 12:27:00+00:00,458.9,458.89,458.9,20,103,458.89162601626015,3.4005428665699045e-08,-0.0002387572479702893
2022-03-31 12:28:00+00:00,458.79,458.78,458.8,80,600,458.7823529411765,1.467777375226327e-08,7.749679706203771e-05
2022-03-31 12:29:00+00:00,458.83,458.81,458.85,200,500,458.82142857142856,2.3362183852521443e-08,2.052281291886615e-05
2022-03-31 12:30:00+00:00,458.78,458.77,458.9,1,103,458.77125,2.412075626539272e-07,4.074825154765094e-05
2022-03-31 12:31:00+00:00,458.85,458.81,458.9,500,603,458.85079782411606,2.402276739359826e-07,0.00043476510786510936
2022-03-31 12:32:00+00:00,459.02,459.03,459.07,43,200,459.0370781893004,8.28063773418584e-08,-9.478254227790472e-05
2022-03-31 12:33:00+00:00,459.04,459.0,459.04,10,200,459.0019047619047,4.8491724325343184e-08,-0.00013242318633599481
2022-03-31 12:34:00+00:00,458.98,458.94,458.96,1,200,458.9400995024876,5.400196486985353e-08,-0.0005378034926741826
2022-03-31 12:35:00+00:00,458.7,458.69,458.7,200,382,458.69343642611676,5.163237508947847e-08,0.0001236072173056435
2022-03-31 12:36:00+00:00,458.77,458.75,458.77,2,458,458.7500869565218,1.2951613544410728e-07,-0.000689682675537151
2022-03-31 12:37:00+00:00,458.44,458.42,458.46,200,200,458.44,9.850056716977581e-08,0.00014829289051365713
2022-03-31 12:38:00+00:00,458.5,458.46,458.51,500,200,458.4957142857143,4.374320806404489e-08,9.451074332700315e-05
2022-03-31 12:39:00+00:00,458.55,458.52,458.56,700,100,458.555,4.341285183722996e-08,5.999272327894545e-05
2022-03-31 12:40:00+00:00,458.55,458.55,458.58,601,200,458.5725093632959,6.684051942940978e-08,-9.815102819499266e-05
2022-03-31 12:41:00+00:00,458.57,458.52,458.55,100,300,458.5275,6.538793333362857e-08,-6.433638113301221e-05
2022-03-31 12:42:00+00:00,458.53,458.49,458.53,100,400,458.498,2.5201719171845987e-08,-5.006849456090645e-05
2022-03-31 12:43:00+00:00,458.5,458.47,458.51,101,700,458.4750436953808,2.4624216043969916e-08,0.000130005313839332
2022-03-31 12:44:00+00:00,458.53,458.55,458.56,16,900,458.5501746724891,3.3964176991238846e-08,1.5637410449409472e-05
2022-03-31 12:45:00+00:00,458.54,458.54,458.56,50,500,458.5418181818182,3.620662515874952e-08,-6.938992379013076e-05
2022-03-31 12:46:00+00:00,458.51,458.5,458.53,100,200,458.51,4.789277165152083e-08,-0.00020765748311146748
2022-03-31 12:47:00+00:00,458.43,458.4,458.44,295,503,458.41478696741854,3.3310748765929243e-08,8.080895195816673e-05
2022-03-31 12:48:00+00:00,458.43,458.42,458.48,113,100,458.45183098591554,8.24453499040447e-09,8.59573140341574e-05
2022-03-31 12:49:00+00:00,458.48,458.49,458.51,33,500,458.49123827392117,1.5787152028086752e-08,-1.4158260695729119e-05
2022-03-31 12:50:00+00:00,458.51,458.48,458.51,100,532,458.484746835443,1.5556670862641398e-08,0.00010461641154879686
2022-03-31 12:51:00+00:00,458.5,458.52,458.55,100,136,458.5327118644068,1.3697144736258898e-08,-0.00018884021398402062
2022-03-31 12:52:00+00:00,458.44,458.44,458.45,100,95,458.44512820512824,2.1633762420623205e-08,6.299006493093451e-05
2022-03-31 12:53:00+00:00,458.5,458.46,458.49,100,100,458.475,2.8051975819589795e-08,0.00012723340058529153
2022-03-31 12:54:00+00:00,458.54,458.52,458.56,300,600,458.53333333333336,3.8942722378854535e-08,-0.00017803140447802956
2022-03-31 12:55:00+00:00,458.46,458.45,458.46,102,498,458.4517,3.072768428213348e-08,0.00013579072424008132
2022-03-31 12:56:00+00:00,458.44,458.5,458.53,100,115,458.51395348837207,2.981039304244037e-08,0.00032579127379839257
2022-03-31 12:57:00+00:00,458.67,458.66,458.69,100,501,458.6649916805325,1.9137894599389685e-08,0.00011608675882013308
2022-03-31 12:58:00+00:00,458.69,458.7,458.71,30,300,458.7009090909091,9.451657704353896e-09,-2.586336451948501e-05
2022-03-31 12:59:00+00:00,458.72,458.7,458.74,101,756,458.70471411901985,1.3939826939450127e-08,-8.29454138622232e-05
2022-03-31 13:00:00+00:00,458.69,458.66,458.68,100,200,458.6666666666667,8.674473120574184e-08,0.00011689524477209723
2022-03-31 13:01:00+00:00,458.7,458.72,458.75,100,10515,458.7202826189355,1.1066007906205627e-08,-3.3956938842227835e-05
2022-03-31 13:02:00+00:00,458.7,458.68,458.71,1400,300,458.7047058823529,2.815914467542021e-08,7.000752570029967e-05
2022-03-31 13:03:00+00:00,458.71,458.68,458.72,1900,200,458.7161904761905,3.411353031407164e-08,3.820850346558657e-06
2022-03-31 13:04:00+00:00,458.74,458.71,458.75,600,4627,458.71459154390664,3.898550016689451e-08,0.00011263698983721149
2022-03-31 13:05:00+00:00,458.8,458.78,458.82,243,1206,458.78670807453415,7.317629984420523e-08,0.0002193424250214182
2022-03-31 13:06:00+00:00,458.89,458.86,458.9,100,800,458.8644444444444,2.598517974477839e-08,-0.0001975998862382422
2022-03-31 13:07:00+00:00,458.79,458.8,458.82,7,701,458.800197740113,4.846382018378891e-08,-0.00042918645851697246
2022-03-31 13:08:00+00:00,458.67,458.6,458.62,118,600,458.603286908078,5.205264109201319e-08,-1.1381094644491441e-07
2022-03-31 13:09:00+00:00,458.63,458.6,458.62,328,700,458.6063813229572,2.2748324837791917e-08,7.928821421643306e-06
2022-03-31 13:10:00+00:00,458.6,458.6,458.62,314,600,458.6068708971554,2.390554790878421e-08,-4.212546989901256e-05
2022-03-31 13:11:00+00:00,458.58,458.58,458.62,182,600,458.58930946291554,3.076199785573464e-08,-0.00011786956964876527
2022-03-31 13:12:00+00:00,458.53,458.51,458.54,600,300,458.53,1.8231869429952674e-07,-0.000669158707646389
2022-03-31 13:13:00+00:00,458.19,458.2,458.24,1200,200,458.2342857142857,1.3885673856390145e-07,-7.704272333142193e-05
2022-03-31 13:14:00+00:00,458.2,458.2,458.25,1300,500,458.2361111111111,1.158701973337015e-07,0.00044325271947287526
2022-03-31 13:15:00+00:00,458.41,458.39,458.42,192,100,458.4097260273973,1.2315794244365976e-07,-0.00013268450263625997
2022-03-31 13:16:00+00:00,458.37,458.33,458.35,400,1800,458.33363636363634,7.446795175752766e-08,-0.00025554811436379055
2022-03-31 13:17:00+00:00,458.22,458.2,458.22,192,200,458.2097959183673,7.305328781836483e-08,-0.00026501760102604077
2022-03-31 13:18:00+00:00,458.1,458.08,458.12,101,100,458.1000995024875,4.8248870050143665e-08,-6.485489964369595e-05
2022-03-31 13:19:00+00:00,458.05,458.05,458.08,400,2100,458.0548,9.571879668996314e-08,0.00038584088630355673
2022-03-31 13:20:00+00:00,458.27,458.24,458.27,500,50,458.2672727272727,1.8421797842594954e-07,-0.000157351893965485
2022-03-31 13:21:00+00:00,458.13,458.16,458.2,200,600,458.17,8.985973032058029e-08,6.002138944061208e-05
2022-03-31 13:22:00+00:00,458.22,458.19,458.23,100,900,458.194,5.692718509092135e-08,-6.937120845429412e-05
2022-03-31 13:23:00+00:00,458.17,458.18,458.2,100,300,458.185,4.098733244045895e-08,0.0003258334476607949
2022-03-31 13:24:00+00:00,458.32,458.29,458.32,300,100,458.3125,3.614080384783702e-08,0.0002181905458036315
2022-03-31 13:25:00+00:00,458.4,458.4,458.43,100,200,458.41,2.047321611459182e-08,-4.268599682522023e-05
2022-03-31 13:26:00+00:00,458.4,458.39,458.43,110,700,458.3954320987654,4.517553131845759e-08,7.541065816685233e-06
2022-03-31 13:27:00+00:00,458.4,458.4,458.43,100,200,458.41,1.5060052930557383e-07,-0.0003653157141506602
2022-03-31 13:28:00+00:00,458.25,458.22,458.29,200,200,458.255,6.840985016521518e-08,6.546910170146525e-05
2022-03-31 13:29:00+00:00,458.24,458.24,458.27,388,80,458.26487179487174,1.2816546452312278e-07,-0.000814484331378873
2022-03-31 13:30:00+00:00,457.87,457.86,457.89,1000,2900,457.8676923076923,5.994236197422669e-07,9.583491259257393e-05
2022-03-31 13:31:00+00:00,457.94,457.93,457.96,174,100,457.9490510948905,2.38952972509366e-07,0.00018119303830510525
2022-03-31 13:32:00+00:00,457.99,457.98,458.0,99,100,457.9899497487437,1.9062680726614584e-07,-0.0002839155558473916
2022-03-31 13:33:00+00:00,457.88,457.87,457.89,100,200,457.87666666666667,1.659911244407821e-07,6.080327831425869e-05
2022-03-31 13:34:00+00:00,457.91,457.92,457.94,100,204,457.9265789473684,1.5342813359593003e-07,-0.00019791652824252548
2022-03-31 13:35:00+00:00,457.78,457.78,457.8,100,600,457.78285714285715,2.986112137600242e-07,-0.0008712531748196195
2022-03-31 13:36:00+00:00,457.39,457.38,457.39,200,1100,457.38153846153847,2.308686762152295e-07,-0.000302418620242384
2022-03-31 13:37:00+00:00,457.32,457.31,457.32,100,100,457.315,1.9214830829696185e-07,0.0005029686081983176
2022-03-31 13:38:00+00:00,457.485,457.47,457.48,100,100,457.475,2.2634347179828757e-07,1.7173519681668026e-05
2022-03-31 13:39:00+00:00,457.6,457.6,457.61,200,108,457.60649350649345,2.9618003000012255e-07,0.000554747199723371
2022-03-31 13:40:00+00:00,457.74,457.73,457.74,100,60,457.73625000000004,3.129659059966489e-07,-0.000287622057335124
2022-03-31 13:41:00+00:00,457.61,457.62,457.63,500,58,457.62896057347666,2.3688631750416527e-07,-0.0003483553342068513
2022-03-31 13:42:00+00:00,457.47,457.5,457.52,600,100,457.51714285714286,2.5460442835180427e-07,-0.00019481556287115342
2022-03-31 13:43:00+00:00,457.42,457.42,457.44,100,524,457.42320512820515,1.308272936504357e-07,0.00014249409640965105
2022-03-31 13:44:00+00:00,457.45,457.4,457.42,100,100,457.41,1.422082422756977e-07,6.946743615476869e-05
2022-03-31 13:45:00+00:00,457.51,457.49,457.51,34,100,457.49507462686563,7.712957300162983e-07,-0.00013269232431489808
2022-03-31 13:46:00+00:00,457.47,457.45,457.47,99,600,457.4528326180258,1.9210502234946767e-07,0.0001059065154920269
2022-03-31 13:47:00+00:00,457.52,457.52,457.54,317,242,457.53134168157425,3.274357049032892e-07,-0.00021016348806734975
2022-03-31 13:48:00+00:00,457.37,457.35,457.37,208,100,457.3635064935066,1.7843235508573817e-07,0.0002623610306415891
2022-03-31 13:49:00+00:00,457.43,457.43,457.45,100,113,457.4393896713615,3.3239636184164594e-07,0.0003747991648384019
2022-03-31 13:50:00+00:00,457.64,457.64,457.66,600,100,457.65714285714284,2.785806094541683e-07,0.000833618354933785
2022-03-31 13:51:00+00:00,458.07,458.08,458.09,100,100,458.085,2.328933104440934e-07,-0.0005640871142618131
2022-03-31 13:52:00+00:00,457.79,457.79,457.81,200,308,457.79787401574805,1.4943968772040049e-07,4.452737551430275e-05
2022-03-31 13:53:00+00:00,457.77,457.75,457.77,200,100,457.7633333333333,2.942646534764421e-07,-0.0005679087851120368
2022-03-31 13:54:00+00:00,457.55,457.54,457.56,100,100,457.55,2.0168735637556927e-07,-1.35409276702525e-06
2022-03-31 13:55:00+00:00,457.53,457.52,457.54,131,100,457.531341991342,2.6683999016325775e-07,0.0002928018023606871
2022-03-31 13:56:00+00:00,457.68,457.68,457.69,199,100,457.6866555183946,1.7469152730140608e-07,-0.0003896814991580788
2022-03-31 13:57:00+00:00,457.5,457.48,457.49,102,96,457.48515151515153,2.751236571768087e-07,0.00034971530988059385
2022-03-31 13:58:00+00:00,457.68,457.67,457.69,108,100,457.6803846153846,1.9754703012686663e-07,0.0004287706861034746
2022-03-31 13:59:00+00:00,457.85,457.84,457.85,100,100,457.845,2.7804988666011283e-07,3.3697340292349054e-05
2022-03-31 14:00:00+00:00,457.93,457.91,457.93,300,108,457.92470588235295,1.0566364669179985e-06,-0.001983751437764747
2022-03-31 14:01:00+00:00,457.01,457.0,457.01,25,100,457.002,3.056364298471035e-07,0.00036471459259557193
2022-03-31 14:02:00+00:00,457.17,457.15,457.17,100,100,457.16,3.06892145558813e-07,-0.0007168287628565029
2022-03-31 14:03:00+00:00,456.8,456.8,456.82,600,100,456.81714285714287,1.2992885330767963e-07,-0.000328714469250424
2022-03-31 14:04:00+00:00,456.65,456.63,456.65,218,200,456.6404306220096,8.197075099359935e-08,0.00018456706510217025
2022-03-31 14:05:00+00:00,456.76,456.76,456.77,200,700,456.76222222222225,2.3333496553409707e-07,0.0003586404191924242
2022-03-31 14:06:00+00:00,456.93,456.91,456.92,100,100,456.915,1.7730141893854455e-07,9.857876690189116e-05
2022-03-31 14:07:00+00:00,456.97,456.94,456.96,432,100,456.95624060150374,1.1246852352921114e-07,9.336642521429184e-05
2022-03-31 14:08:00+00:00,457.01,457.0,457.02,100,600,457.0028571428571,1.5128390927113046e-07,0.00026707708893547455
2022-03-31 14:09:00+00:00,457.08,457.08,457.09,100,100,457.085,1.2030822711582156e-07,-0.0003828274541974874
2022-03-31 14:10:00+00:00,456.98,456.96,456.98,200,210,456.96975609756095,2.0585381738229975e-07,3.063792537472132e-05
2022-03-31 14:11:00+00:00,456.95,456.94,456.95,271,200,456.94575371549894,2.2394293876567088e-07,-0.0003534195253892536
2022-03-31 14:12:00+00:00,456.81,456.81,456.82,100,720,456.8112195121951,2.2375779042419293e-07,0.0003947450217995918
2022-03-31 14:13:00+00:00,456.94,456.93,456.94,100,100,456.935,2.446027176273076e-07,0.00026738851117036333
2022-03-31 14:14:00+00:00,457.11,457.1,457.11,100,20,457.10833333333335,1.675556159582738e-07,0.00021874083294770585
2022-03-31 14:15:00+00:00,457.2,457.19,457.21,400,100,457.206,1.6225964810316993e-07,0.000459312562198555
2022-03-31 14:16:00+00:00,457.39,457.38,457.39,100,100,457.385,1.4787118989666353e-07,-0.0008926977325478536
2022-03-31 14:17:00+00:00,457.02,457.01,457.03,700,100,457.0275,1.6777741510956263e-07,0.00019804628942599045
2022-03-31 14:18:00+00:00,457.1,457.1,457.12,600,700,457.10923076923075,2.7155819291429857e-07,0.0004082088069470302
2022-03-31 14:19:00+00:00,457.29,457.28,457.3,100,500,457.28333333333336,1.9213173206357016e-07,-0.0001800849512580971
2022-03-31 14:20:00+00:00,457.19,457.18,457.19,100,1211,457.18076277650647,2.179739849447876e-07,0.00027395006486408136
2022-03-31 14:21:00+00:00,457.33,457.31,457.33,500,100,457.32666666666665,1.3713018758864467e-07,-0.00010690146114855636
2022-03-31 14:22:00+00:00,457.27,457.26,457.27,300,600,457.2633333333333,1.7837847597554684e-07,-0.0010777415975105065
2022-03-31 14:23:00+00:00,456.84,456.82,456.84,1000,200,456.83666666666664,1.8195604666483372e-07,0.0001476339805319693
2022-03-31 14:24:00+00:00,456.81,456.85,456.87,100,200,456.8566666666667,1.7139620538121762e-07,-4.984562092058553e-05
2022-03-31 14:25:00+00:00,456.83,456.82,456.84,2500,217,456.83840264998156,2.3977477472029113e-07,0.00014920747444313598
2022-03-31 14:26:00+00:00,456.89,456.88,456.9,100,100,456.89,9.456959754023351e-08,0.00018725316628076527
2022-03-31 14:27:00+00:00,456.98,456.99,457.0,200,200,456.995,1.7073183675497421e-07,0.00025396186154447165
2022-03-31 14:28:00+00:00,457.11,457.08,457.11,200,1088,457.0846583850932,1.305451884314478e-07,-0.00022223720894265497
2022-03-31 14:29:00+00:00,456.99,456.98,457.01,710,210,457.003152173913,2.5840589757664964e-07,0.000449174464207891
2022-03-31 14:30:00+00:00,457.18,457.18,457.2,100,210,457.18645161290317,1.5666898445031687e-07,4.78421364087378e-05
2022-03-31 14:31:00+00:00,457.22,457.2,457.23,313,404,457.21309623430966,1.5770932525945558e-07,-0.00016349592588338346
2022-03-31 14:32:00+00:00,457.13,457.12,457.14,212,100,457.1335897435897,1.973005396456602e-07,0.00021428320720784377
2022-03-31 14:33:00+00:00,457.26,457.23,457.26,614,100,457.25579831932777,2.468679737969879e-07,0.0005075560180485272
2022-03-31 14:34:00+00:00,457.49,457.48,457.49,100,100,457.485,3.066402500178463e-07,0.0005889646291989958
2022-03-31 14:35:00+00:00,457.769,457.76,457.77,111,110,457.76502262443444,1.6109594604549217e-07,0.0003695800311216413
2022-03-31 14:36:00+00:00,457.91,457.91,457.93,90,134,457.91803571428574,1.0851732056046508e-07,2.539016021119167e-05
2022-03-31 14:37:00+00:00,457.92,457.93,457.95,110,104,457.9402803738318,4.699241142930344e-07,-0.00067553798228559
2022-03-31 14:38:00+00:00,457.59,457.61,457.62,400,111,457.61782778864966,8.969326877159926e-08,-0.00019964441544506606
2022-03-31 14:39:00+00:00,457.53,457.52,457.54,109,100,457.5304306220096,8.801122907130557e-08,0.00010885438184859986
2022-03-31 14:40:00+00:00,457.54,457.54,457.56,100,209,457.54647249190936,1.2926688005809093e-07,-5.36942198355872e-05
2022-03-31 14:41:00+00:00,457.54,457.54,457.56,100,108,457.54961538461544,1.2308718018123976e-07,-0.0003942430314166634
2022-03-31 14:42:00+00:00,457.36,457.35,457.37,209,554,457.35547837483625,1.3862544691704153e-07,0.0005355724645266235
2022-03-31 14:43:00+00:00,457.62,457.61,457.64,100,217,457.6194637223975,9.406848694509295e-08,-8.865306622596325e-05
2022-03-31 14:44:00+00:00,457.56,457.55,457.56,100,5,457.5595238095238,8.223281136335876e-08,0.0003289569878073273
2022-03-31 14:45:00+00:00,457.73,457.71,457.73,100,100,457.72,1.4058522038318486e-07,0.00016437238876765292
2022-03-31 14:46:00+00:00,457.8,457.79,457.8,100,109,457.7947846889952,2.7717526884494717e-07,0.0010973694338405338
2022-03-31 14:47:00+00:00,458.32,458.32,458.33,100,104,458.3249019607843,4.4776519256862536e-07,-0.0005112771780316772
2022-03-31 14:48:00+00:00,458.08,458.07,458.08,200,100,458.07666666666665,1.2534279317982904e-07,0.000513409909542073
2022-03-31 14:49:00+00:00,458.31,458.31,458.33,101,100,458.3200497512438,1.4932979149308436e-07,7.076163193642238e-05
2022-03-31 14:50:00+00:00,458.32,458.31,458.33,100,108,458.3196153846154,1.4681211629943488e-07,-0.00040715628941245807
2022-03-31 14:51:00+00:00,458.17,458.17,458.18,100,93,458.17518134715027,8.098132972795592e-08,-5.615288552596187e-05
2022-03-31 14:52:00+00:00,458.13,458.13,458.16,604,100,458.15573863636365,8.322684608151212e-08,-0.00011198191374406363
2022-03-31 14:53:00+00:00,458.1,458.06,458.08,199,100,458.0733110367892,1.4567354943035056e-07,5.146949321610528e-05
2022-03-31 14:54:00+00:00,458.1,458.09,458.11,200,195,458.10012658227845,7.337468670966186e-08,-0.00034932198941761694
2022-03-31 14:55:00+00:00,457.95,457.94,457.96,107,104,457.9501421800948,1.4899126462298497e-07,0.00065965841141713
2022-03-31 14:56:00+00:00,458.24,458.24,458.26,83,238,458.2451713395639,1.257321011575242e-07,0.0003915903518254549
2022-03-31 14:57:00+00:00,458.42,458.41,458.43,200,209,458.4197799511002,1.0426778928776983e-07,0.0003737037681341704
2022-03-31 14:58:00+00:00,458.59,458.58,458.59,400,700,458.58363636363634,8.77774814997952e-08,0.0002060887190067362
2022-03-31 14:59:00+00:00,458.69,458.68,458.69,320,580,458.6835555555556,1.0931660358516792e-07,-0.00035468693522033856
2022-03-31 15:00:00+00:00,458.46,458.46,458.48,100,204,458.4665789473684,2.224028331992905e-07,0.00010904530832567261
2022-03-31 15:01:00+00:00,458.57,458.57,458.59,100,600,458.5728571428571,1.3926058653933513e-07,-0.0005124570680914431
2022-03-31 15:02:00+00:00,458.36,458.35,458.37,604,86,458.36750724637676,1.1064786362223184e-07,-0.00025876213350206623
2022-03-31 15:03:00+00:00,458.21,458.22,458.24,100,500,458.22333333333336,1.453283471765696e-07,-0.0002218204265438395
2022-03-31 15:04:00+00:00,458.11,458.1,458.11,200,151,458.105698005698,7.575037643120699e-08,0.00020726654086433705
2022-03-31 15:05:00+00:00,458.21,458.21,458.23,112,100,458.2205660377359,1.271596644201043e-07,9.012292763177499e-07
2022-03-31 15:06:00+00:00,458.22,458.22,458.24,100,501,458.22332778702156,7.010941615666328e-08,0.00025164745829209245
2022-03-31 15:07:00+00:00,458.33,458.34,458.36,50,200,458.344,1.265693270252632e-07,-0.0005674851076916676
2022-03-31 15:08:00+00:00,458.07,458.05,458.07,600,100,458.06714285714287,1.3967758512514334e-07,-9.463455498348594e-06
2022-03-31 15:09:00+00:00,458.07,458.07,458.09,850,100,458.0878947368421,9.992477581723185e-08,0.00019108056064109924
2022-03-31 15:10:00+00:00,458.16,458.15,458.17,100,200,458.1566666666667,1.0028290436942727e-07,-0.00038805522832907613
2022-03-31 15:11:00+00:00,457.96,457.98,458.0,100,75,457.99142857142857,1.2672640061796815e-07,0.00013234213385104887
2022-03-31 15:12:00+00:00,458.04,458.03,458.05,86,100,458.039247311828,8.130454454361647e-08,2.2058271309299826e-05
2022-03-31 15:13:00+00:00,458.03,458.04,458.06,210,200,458.05024390243904,1.5317318431037836e-07,-0.00014143750269979272
2022-03-31 15:14:00+00:00,458.02,458.02,458.03,100,20,458.02833333333336,1.3194764269391698e-07,0.00020053166649303122
2022-03-31 15:15:00+00:00,458.08,458.07,458.09,110,771,458.0724971623155,1.8625427480193015e-07,-0.00047545253044534164
2022-03-31 15:16:00+00:00,457.85,457.84,457.86,11,175,457.84118279569896,9.511918090028188e-08,0.00013997780054864073
2022-03-31 15:17:00+00:00,457.93,457.94,457.96,100,200,457.94666666666666,1.0499294697296355e-07,-3.5498649179732666e-05
2022-03-31 15:18:00+00:00,457.91,457.9,457.92,210,380,457.9071186440678,6.167975608754801e-08,0.0003252229628494252
2022-03-31 15:19:00+00:00,458.06,458.05,458.06,100,181,458.0535587188612,8.829958539951387e-08,-0.00029964651223612915
2022-03-31 15:20:00+00:00,457.92,457.9,457.92,525,98,457.9168539325843,6.975204253879741e-08,-0.00024488897546615096
2022-03-31 15:21:00+00:00,457.81,457.8,457.82,200,728,457.8043103448276,9.688428506280282e-08,0.0003282118837346637
2022-03-31 15:22:00+00:00,457.96,457.96,457.97,100,275,457.9626666666667,1.0219509381701487e-07,0.00020016595577421192
2022-03-31 15:23:00+00:00,458.05,458.04,458.06,300,100,458.055,7.378233788428672e-08,-0.00034806398794751114
2022-03-31 15:24:00+00:00,457.89,457.88,457.9,220,800,457.8843137254902,4.105268029709984e-08,2.5272310888002636e-05
2022-03-31 15:25:00+00:00,457.9,457.9,457.91,100,100,457.905,9.775108937304995e-08,-0.0002667473668447329
2022-03-31 15:26:00+00:00,457.78,457.76,457.78,600,100,457.77714285714285,9.888249368167467e-08,0.000174758341980219
2022-03-31 15:27:00+00:00,457.85,457.84,457.86,87,161,457.8470161290322,8.903693173919355e-08,-0.00033608358764336543
2022-03-31 15:28:00+00:00,457.71,457.71,457.72,100,177,457.7136101083032,5.6232603913965974e-08,-0.00011836983104873688
2022-03-31 15:29:00+00:00,457.64,457.63,457.64,120,100,457.6354545454545,2.0456644288523916e-07,-4.3460201154199574e-05
2022-03-31 15:30:00+00:00,457.68,457.68,457.69,100,100,457.685,1.7453053809542505e-07,-0.00011739184180459272
2022-03-31 15:31:00+00:00,457.58,457.55,457.56,310,100,457.55756097560976,7.540672713052732e-08,2.9163429243528327e-05
2022-03-31 15:32:00+00:00,457.57,457.57,457.58,200,110,457.57645161290327,1.0608744493049117e-07,2.847765818847492e-05
2022-03-31 15:33:00+00:00,457.59,457.59,457.6,102,100,457.59504950495057,1.647630402341596e-07,-0.00029753082531114305
2022-03-31 15:34:00+00:00,457.47,457.48,457.5,300,500,457.4875,1.0015494485195096e-07,-7.394328601517675e-05
2022-03-31 15:35:00+00:00,457.44,457.43,457.45,301,511,457.4374137931034,1.3535485759013836e-07,-0.00014156761386074912
2022-03-31 15:36:00+00:00,457.34,457.33,457.35,110,92,457.34089108910894,1.198276024764094e-07,0.000470251770011032
2022-03-31 15:37:00+00:00,457.56,457.54,457.56,300,392,457.54867052023127,5.64545966830647e-08,0.00016075528178993714
2022-03-31 15:38:00+00:00,457.65,457.66,457.67,100,1100,457.66083333333336,6.883555915938566e-08,-0.00011089846043221829
2022-03-31 15:39:00+00:00,457.6,457.62,457.63,100,1600,457.6205882352941,7.992027484420623e-08,-2.831309410744609e-05
2022-03-31 15:40:00+00:00,457.6,457.62,457.63,100,207,457.62325732899023,1.3792390408484436e-07,0.0007091174305009496
2022-03-31 15:41:00+00:00,457.91,457.91,457.92,300,256,457.91539568345326,1.5284631768597546e-07,0.00037258937547490767
2022-03-31 15:42:00+00:00,458.1,458.08,458.09,300,100,458.0875,5.3589459429624814e-08,0.0001572904049516044
2022-03-31 15:43:00+00:00,458.16,458.15,458.17,100,109,458.15956937799047,4.337554596791231e-08,-0.000506224716460113
2022-03-31 15:44:00+00:00,457.915,457.92,457.93,5,108,457.9204424778761,9.599822541100697e-08,-0.0001319845133910258
2022-03-31 15:45:00+00:00,457.87,457.86,457.88,111,100,457.87052132701416,9.354973905692748e-08,-0.00012615048082975644
2022-03-31 15:46:00+00:00,457.8,457.8,457.81,100,100,457.805,6.561147158982915e-08,-8.054339901952812e-05
2022-03-31 15:47:00+00:00,457.78,457.78,457.8,100,100,457.79,5.667387556810742e-08,-7.656628314334224e-05
2022-03-31 15:48:00+00:00,457.72,457.72,457.73,100,50,457.7266666666667,9.750852055080799e-08,1.0923350847180657e-05
2022-03-31 15:49:00+00:00,457.71,457.69,457.71,100,100,457.7,8.917461848761029e-08,4.3476624500771166e-05
2022-03-31 15:50:00+00:00,457.75,457.73,457.75,210,201,457.74021897810223,1.2187622700249901e-07,-7.624300429875941e-05
2022-03-31 15:51:00+00:00,457.67,457.71,457.72,100,100,457.715,5.830138391514075e-08,-0.00018466067949929332
2022-03-31 15:52:00+00:00,457.62,457.62,457.64,200,100,457.6333333333333,9.21720418996529e-08,0.00016284357132079208
2022-03-31 15:53:00+00:00,457.7,457.7,457.72,100,109,457.70956937799036,1.408202199787471e-07,-0.0005045768239020365
2022-03-31 15:54:00+00:00,457.5,457.48,457.5,167,500,457.48500749625185,9.768903264666167e-08,0.00030810337909259466
2022-03-31 15:55:00+00:00,457.62,457.62,457.64,110,100,457.63047619047614,1.9250215422056893e-07,1.8634270616102455e-05
2022-03-31 15:56:00+00:00,457.66,457.64,457.66,100,108,457.64961538461534,9.782076578814617e-08,0.00012983636940155918
2022-03-31 15:57:00+00:00,457.7,457.7,457.71,100,101,457.7049751243781,9.196948865884857e-08,-0.00011483761987196583
2022-03-31 15:58:00+00:00,457.61,457.62,457.64,108,100,457.63038461538457,5.905419935477576e-08,0.00014121973413172562
2022-03-31 15:59:00+00:00,457.69,457.68,457.69,100,100,457.685,9.470387158922629e-08,0.0004555205186720368
2022-03-31 16:00:00+00:00,457.92,457.91,457.93,100,207,457.91651465798043,1.25788940453156e-07,0.0003721283495381478
2022-03-31 16:01:00+00:00,458.1,458.09,458.11,211,100,458.10356913183284,6.413477832473325e-08,-0.0004960716142451416
2022-03-31 16:02:00+00:00,457.87,457.85,457.86,100,100,457.855,1.0548691655465266e-07,-0.00042953762822428576
2022-03-31 16:03:00+00:00,457.66,457.66,457.67,20,295,457.66063492063495,1.3679733429778467e-07,-0.0002404403272291411
2022-03-31 16:04:00+00:00,457.55,457.54,457.56,95,105,457.54949999999997,9.484130911646275e-08,-9.826266804280337e-05
2022-03-31 16:05:00+00:00,457.51,457.5,457.52,94,100,457.5096907216495,7.341344660449273e-08,-2.1709451242579725e-05
2022-03-31 16:06:00+00:00,457.5,457.49,457.5,100,200,457.49333333333334,6.23883492613888e-08,0.00019630059571640324
2022-03-31 16:07:00+00:00,457.58,457.58,457.59,97,2,457.589797979798,3.136933600957232e-08,-3.4160079770417795e-06
2022-03-31 16:08:00+00:00,457.58,457.58,457.59,101,202,457.5833333333333,5.5798548339622066e-08,-0.0001888396007928561
2022-03-31 16:09:00+00:00,457.51,457.5,457.52,100,108,457.50961538461536,1.2454180082270388e-07,0.0001706540868082751
2022-03-31 16:10:00+00:00,457.58,457.57,457.58,4,100,457.5703846153846,5.753816611004801e-08,-0.00032739124820324594
2022-03-31 16:11:00+00:00,457.42,457.41,457.43,200,200,457.42,9.137871546791139e-08,-3.6963887661833894e-07
2022-03-31 16:12:00+00:00,457.401,457.41,457.42,93,93,457.415,1.0965166863278442e-07,-3.1850856403670136e-05
2022-03-31 16:13:00+00:00,457.41,457.4,457.42,98,400,457.4039357429719,5.429064562067834e-08,-0.00019223571681570295
2022-03-31 16:14:00+00:00,457.33,457.3,457.32,100,100,457.31,8.384195023529591e-08,-0.00012833820873547896
2022-03-31 16:15:00+00:00,457.3,457.27,457.29,100,300,457.275,7.143329342769066e-08,0.0003087756957338428
2022-03-31 16:16:00+00:00,457.44,457.43,457.44,204,100,457.43671052631584,7.339164079221638e-08,-0.00013898280204938107
2022-03-31 16:17:00+00:00,457.34,457.33,457.34,300,100,457.3375,3.2231243384933726e-08,-6.32537741419581e-05
2022-03-31 16:18:00+00:00,457.318,457.31,457.32,200,100,457.31666666666666,9.035667861434531e-08,0.00022413557468903278
2022-03-31 16:19:00+00:00,457.41,457.41,457.42,100,100,457.415,7.040492778128896e-08,-0.0002052597507491427
2022-03-31 16:20:00+00:00,457.31,457.3,457.31,204,1900,457.30096958174903,4.7469444548050575e-08,-0.0003922232678927884
2022-03-31 16:21:00+00:00,457.15,457.13,457.15,224,300,457.13854961832055,5.1282231603003324e-08,-0.00016378711516340516
2022-03-31 16:22:00+00:00,457.07,457.06,457.08,219,304,457.06837476099423,7.831475083825028e-08,0.00019282692084643394
2022-03-31 16:23:00+00:00,457.17,457.16,457.18,100,300,457.165,4.7813993086013603e-08,-4.3748837921464556e-05
2022-03-31 16:24:00+00:00,457.13,457.13,457.15,100,212,457.1364102564103,3.9630301110797374e-08,-0.0004217405136923702
2022-03-31 16:25:00+00:00,456.95,456.94,456.96,201,804,456.94399999999996,7.091410970163504e-08,-0.00021638254309752636
2022-03-31 16:26:00+00:00,456.85,456.84,456.85,100,100,456.845,3.2235104818162376e-08,-6.9582645959132e-05
2022-03-31 16:27:00+00:00,456.81,456.8,456.81,107,400,456.8021104536489,5.265183337516501e-08,-5.696256185772075e-05
2022-03-31 16:28:00+00:00,456.79,456.79,456.8,100,300,456.7925,6.65136431934058e-08,1.7096697251695048e-05
2022-03-31 16:29:00+00:00,456.8,456.78,456.8,100,100,456.79,4.550187028321079e-08,0.00037580816999649436
2022-03-31 16:30:00+00:00,456.95,456.96,456.97,100,100,456.965,9.120845873864693e-08,6.929779450648432e-05
2022-03-31 16:31:00+00:00,456.98,456.98,456.99,100,100,456.985,5.369180078019242e-08,0.00010576298878905988
2022-03-31 16:32:00+00:00,457.04,457.04,457.05,100,100,457.045,3.4068733148257503e-08,0.00019658564221991526
2022-03-31 16:33:00+00:00,457.14,457.13,457.15,308,200,457.14212598425195,9.809957522787487e-08,-0.00031141319743033247
2022-03-31 16:34:00+00:00,457.01,456.98,457.0,122,100,456.990990990991,9.142555794312532e-08,-0.0005907784093762691
2022-03-31 16:35:00+00:00,456.73,456.73,456.74,200,100,456.7366666666667,6.012256906543201e-08,0.00014777164540946686
2022-03-31 16:36:00+00:00,456.79,456.8,456.81,100,102,456.8049504950495,1.1607158359879698e-07,0.00044269203550917346
2022-03-31 16:37:00+00:00,457.0,457.0,457.01,100,102,457.0049504950495,3.84717805935256e-08,4.9799162035402134e-05
2022-03-31 16:38:00+00:00,457.03,457.0,457.02,200,101,457.01328903654485,4.943739140497995e-08,-0.00024063790108463934
2022-03-31 16:39:00+00:00,456.88,456.88,456.89,100,120,456.8845454545455,5.592889492497219e-08,0.0001752528241663054
2022-03-31 16:40:00+00:00,456.98,456.97,456.98,100,100,456.975,5.5334467899248754e-08,0.00018095550651797687
2022-03-31 16:41:00+00:00,457.065,457.06,457.08,87,137,457.0677678571428,8.386311498588955e-08,7.816925380921269e-05
2022-03-31 16:42:00+00:00,457.1,457.1,457.11,100,100,457.105,6.855842892936287e-08,2.0478161799841743e-05
2022-03-31 16:43:00+00:00,457.11,457.12,457.14,194,110,457.1327631578947,4.481557255473834e-08,-4.3742822391168446e-05
2022-03-31 16:44:00+00:00,457.09,457.09,457.1,100,100,457.095,4.4073834497267005e-08,0.00021245863617469496
2022-03-31 16:45:00+00:00,457.195,457.2,457.21,100,105,457.2048780487805,6.350865461262594e-08,3.581474856906297e-05
2022-03-31 16:46:00+00:00,457.2,457.18,457.2,100,211,457.1864308681671,4.806356314227434e-08,6.266490765183264e-05
2022-03-31 16:47:00+00:00,457.22,457.21,457.22,100,100,457.215,3.377856019538113e-08,-0.000257760545140151
2022-03-31 16:48:00+00:00,457.11,457.1,457.12,100,100,457.11,5.133306348834399e-08,-0.00022345006906643317
2022-03-31 16:49:00+00:00,457.03,457.02,457.04,754,100,457.0376580796253,5.875695830456662e-08,0.0002461625986018845
2022-03-31 16:50:00+00:00,457.135,457.12,457.13,201,100,457.1266777408638,6.464635281447752e-08,-0.0004062249011262953
2022-03-31 16:51:00+00:00,456.94,456.94,456.96,145,1009,456.9425129982669,7.722175799291557e-08,0.00016018795597316782
2022-03-31 16:52:00+00:00,457.01,457.01,457.02,100,210,457.01322580645154,3.0507912817257274e-08,-0.0002664097387465869
2022-03-31 16:53:00+00:00,456.9,456.9,456.91,200,100,456.9066666666667,5.456991939816885e-08,-8.615416923063446e-05
2022-03-31 16:54:00+00:00,456.87,456.86,456.88,100,314,456.86483091787443,5.601958927336162e-08,-1.778289102549735e-05
2022-03-31 16:55:00+00:00,456.84,456.83,456.84,204,100,456.83671052631576,7.775449568103656e-08,0.00017892403729913298
2022-03-31 16:56:00+00:00,456.92,456.9,456.91,200,100,456.9066666666667,3.1778670405719276e-08,-5.471327508166368e-06
2022-03-31 16:57:00+00:00,456.91,456.91,456.93,100,100,456.92,5.281241564225533e-08,-0.00037444602505887215
2022-03-31 16:58:00+00:00,456.75,456.75,456.77,200,422,456.75643086816723,2.5977541256132515e-08,-0.00026032891754823595
2022-03-31 16:59:00+00:00,456.64,456.64,456.65,220,313,456.64412757973736,1.4324310090722009e-08,7.23111500000595e-05
2022-03-31 17:00:00+00:00,456.71,456.7,456.71,200,800,456.702,6.343791369370491e-08,5.360611419735761e-05
2022-03-31 17:01:00+00:00,456.69,456.68,456.7,230,300,456.688679245283,7.473718005878045e-08,0.00033392271605081625
2022-03-31 17:02:00+00:00,456.86,456.85,456.87,100,140,456.85833333333335,4.45713262901423e-08,-1.3069322478242995e-05
2022-03-31 17:03:00+00:00,456.83,456.81,456.83,100,200,456.81666666666666,5.2392000741678027e-08,0.0002101298796359785
2022-03-31 17:04:00+00:00,456.949,456.94,456.95,100,100,456.945,5.135377222447612e-08,-0.00034571624156787273
2022-03-31 17:05:00+00:00,456.78,456.78,456.79,101,200,456.7833554817276,6.251034563476048e-08,0.00012712314333795938
2022-03-31 17:06:00+00:00,456.835,456.83,456.84,5,200,456.830243902439,5.3766174090916e-08,-0.000542784143327868
2022-03-31 17:07:00+00:00,456.65,456.66,456.68,100,300,456.665,1.130092062096117e-07,0.00022888855649294548
2022-03-31 17:08:00+00:00,456.705,456.71,456.72,100,100,456.715,6.073966002596198e-08,-0.00017882232724486524
2022-03-31 17:09:00+00:00,456.63,456.62,456.63,590,100,456.6285507246377,4.634221976592123e-08,-5.44323797815327e-05
2022-03-31 17:10:00+00:00,456.59,456.59,456.6,300,400,456.5942857142857,1.8185264094558158e-07,0.00021551896063720655
2022-03-31 17:11:00+00:00,456.68,456.68,456.7,100,211,456.6864308681671,4.285978689518075e-08,-0.00046030791892082146
2022-03-31 17:12:00+00:00,456.47,456.47,456.48,100,100,456.475,4.859371909609797e-08,-5.424611462212514e-05
2022-03-31 17:13:00+00:00,456.46,456.44,456.46,600,100,456.45714285714286,2.5627893603183797e-08,-6.149965259738543e-05
2022-03-31 17:14:00+00:00,456.42,456.41,456.42,919,100,456.41901864573117,5.470853580527505e-08,0.0001255029105120542
2022-03-31 17:15:00+00:00,456.47,456.46,456.48,700,200,456.47555555555556,5.2615251348045364e-08,-0.0003181858864323983
2022-03-31 17:16:00+00:00,456.34,456.35,456.36,100,101,456.35497512437814,3.721130400528583e-08,-0.00010052021939122024
2022-03-31 17:17:00+00:00,456.28,456.27,456.29,500,100,456.2866666666667,5.586249759623141e-08,0.00027037072291835607
2022-03-31 17:18:00+00:00,456.415,456.41,456.42,1,300,456.4100332225914,8.418601452149853e-08,0.000536670721406507
2022-03-31 17:19:00+00:00,456.6,456.6,456.62,100,110,456.6095238095238,8.631949642010987e-08,0.00011432695811364191
2022-03-31 17:20:00+00:00,456.7,456.7,456.71,109,100,456.7052153110048,5.9289094351514656e-08,-6.56876027140818e-05
2022-03-31 17:21:00+00:00,456.67,456.65,456.66,99,100,456.6549748743718,7.089195539457096e-08,-0.00031134268111832064
2022-03-31 17:22:00+00:00,456.52,456.54,456.55,140,50,456.5473684210526,3.1304323945030974e-08,-0.00017158231752956166
2022-03-31 17:23:00+00:00,456.47,456.46,456.48,700,402,456.4727041742287,4.326184925261015e-08,-5.768017938634351e-05
2022-03-31 17:24:00+00:00,456.43,456.42,456.44,109,200,456.4270550161812,4.191437700820839e-08,0.00020739602045183325
2022-03-31 17:25:00+00:00,456.52,456.5,456.52,108,113,456.5097737556561,8.413414254643436e-08,0.0002311403034100934
2022-03-31 17:26:00+00:00,456.61,456.6,456.62,137,100,456.6115611814346,5.687970266443801e-08,0.00022223366211004958
2022-03-31 17:27:00+00:00,456.71,456.73,456.75,200,700,456.7344444444444,1.6373374088372153e-07,6.079113838297623e-05
2022-03-31 17:28:00+00:00,456.77,456.77,456.78,100,104,456.77490196078435,3.8105386679997865e-08,5.5247295632110394e-05
2022-03-31 17:29:00+00:00,456.79,456.77,456.79,300,110,456.7846341463415,6.701787114230018e-08,0.00036851764688705657
2022-03-31 17:30:00+00:00,456.95,456.94,456.95,100,100,456.945,9.877251494851774e-08,0.00011306770932106858
2022-03-31 17:31:00+00:00,457.01,457.01,457.02,100,100,457.015,6.579802198880379e-08,0.00011487839301538294
2022-03-31 17:32:00+00:00,457.06,457.05,457.06,300,100,457.0575,4.337711433643952e-08,-0.00015862336795691157
2022-03-31 17:33:00+00:00,457.0,456.99,457.0,100,700,456.99125,4.143674547536191e-08,-0.0002407081195225924
2022-03-31 17:34:00+00:00,456.86,456.84,456.86,210,100,456.8535483870968,3.7144338929654976e-08,0.00011984918754803786
2022-03-31 17:35:00+00:00,456.93,456.92,456.93,200,100,456.9266666666667,4.163513258771099e-08,-0.000342569703593365
2022-03-31 17:36:00+00:00,456.74,456.74,456.76,214,100,456.7536305732485,5.717194244336242e-08,-2.1657296355059863e-05
2022-03-31 17:37:00+00:00,456.78,456.77,456.79,200,114,456.7827388535032,4.6441185552159286e-08,-8.017895558809496e-05
2022-03-31 17:38:00+00:00,456.73,456.72,456.73,200,100,456.7266666666667,4.4283910131092086e-08,-2.9289272280630385e-05
2022-03-31 17:39:00+00:00,456.7,456.7,456.72,100,400,456.704,4.302772071480552e-08,2.6745090481616884e-05
2022-03-31 17:40:00+00:00,456.73,456.72,456.73,167,91,456.72647286821706,5.72018914319326e-08,0.00021556014905765863
2022-03-31 17:41:00+00:00,456.83,456.82,456.83,100,150,456.824,4.567150381461253e-08,0.00019263436246763632
2022-03-31 17:42:00+00:00,456.93,456.92,456.93,100,100,456.925,4.1852681926625244e-08,0.00026491639147341317
2022-03-31 17:43:00+00:00,457.039,457.03,457.04,111,100,457.03526066350713,3.901832222239454e-08,-0.0003249174777062436
2022-03-31 17:44:00+00:00,456.88,456.88,456.89,100,220,456.883125,3.053001367299052e-08,0.00011582189099645923
2022-03-31 17:45:00+00:00,456.94,456.94,456.96,100,200,456.94666666666666,4.903268390256617e-08,0.00031194052812999473
2022-03-31 17:46:00+00:00,457.08,457.07,457.09,200,200,457.08,4.3226445417654806e-08,-0.00025524342930483
2022-03-31 17:47:00+00:00,456.96,456.95,456.97,100,200,456.95666666666665,4.709321740372551e-08,-0.0001659505868449873
2022-03-31 17:48:00+00:00,456.9,456.88,456.9,200,901,456.88363306085375,4.1463675335526485e-08,9.637764730108245e-05
2022-03-31 17:49:00+00:00,456.93,456.92,456.94,111,300,456.925401459854,4.0291690598969206e-08,0.00027385486685616023
2022-03-31 17:50:00+00:00,457.05,457.05,457.06,100,100,457.055,1.1662131486419461e-07,0.0006392958811329841
2022-03-31 17:51:00+00:00,457.34,457.32,457.33,219,100,457.3268652037617,7.872492789119894e-08,0.00015484089775963383
2022-03-31 17:52:00+00:00,457.4,457.41,457.42,700,20,457.4197222222222,6.348376167433832e-08,-0.0001814761296595746
2022-03-31 17:53:00+00:00,457.34,457.33,457.34,200,100,457.33666666666664,5.755610554149151e-08,-0.00029173237823332254
2022-03-31 17:54:00+00:00,457.21,457.2,457.21,100,205,457.20327868852456,6.116022960706138e-08,4.880484829916654e-05
2022-03-31 17:55:00+00:00,457.2,457.21,457.22,303,100,457.21751861042185,5.658832076972061e-08,0.0001418514239810431
2022-03-31 17:56:00+00:00,457.3,457.29,457.3,100,1589,457.29059206631143,3.31796528115048e-08,-0.00020501614445700422
2022-03-31 17:57:00+00:00,457.2,457.2,457.21,100,100,457.205,3.530725789982726e-08,-0.00020935507058739145
2022-03-31 17:58:00+00:00,457.11,457.1,457.11,100,180,457.10357142857146,2.9462301849622277e-08,-0.0002644940355968073
2022-03-31 17:59:00+00:00,456.99,456.98,456.99,201,200,456.9850124688279,5.611597166676831e-08,-3.658019189156647e-05
2022-03-31 18:00:00+00:00,456.95,456.94,456.96,100,1200,456.94153846153847,1.2356704109609827e-07,-0.0007453541576283307
2022-03-31 18:01:00+00:00,456.62,456.6,456.62,102,100,456.6100990099009,6.440765600181743e-08,0.00017786848457412852
2022-03-31 18:02:00+00:00,456.7,456.69,456.71,600,201,456.70498127340824,4.959326375214028e-08,-0.00047192837454834713
2022-03-31 18:03:00+00:00,456.49,456.48,456.5,1504,300,456.49667405764967,5.288195452710455e-08,-5.1307002656431067e-05
2022-03-31 18:04:00+00:00,456.46,456.46,456.47,109,200,456.46352750809064,5.468089704315559e-08,-0.00015804685385034656
2022-03-31 18:05:00+00:00,456.4,456.42,456.43,200,100,456.4266666666667,7.806464777070044e-08,5.2168922972661846e-05
2022-03-31 18:06:00+00:00,456.41,456.41,456.42,100,100,456.415,7.079384039470219e-08,6.596500320976695e-05
2022-03-31 18:07:00+00:00,456.43,456.43,456.44,700,100,456.43875,6.564053336263533e-08,5.1777078180270664e-05
2022-03-31 18:08:00+00:00,456.47,456.46,456.47,208,200,456.4650980392157,5.776991922091316e-08,-0.00031356895032386145
2022-03-31 18:09:00+00:00,456.31,456.32,456.33,749,99,456.3288325471698,1.1483956409087774e-07,-0.00011089861077906438
2022-03-31 18:10:00+00:00,456.26,456.27,456.28,200,100,456.27666666666664,6.214441960811404e-08,-0.00028470207247366375
2022-03-31 18:11:00+00:00,456.15,456.15,456.16,400,1,456.15997506234413,7.09597160200075e-08,0.0003236546146758723
2022-03-31 18:12:00+00:00,456.3,456.29,456.31,700,300,456.304,8.254134983526162e-08,2.3235527213172347e-05
2022-03-31 18:13:00+00:00,456.31,456.31,456.32,215,200,456.3151807228915,3.59882446741748e-08,-6.426894540889627e-05
2022-03-31 18:14:00+00:00,456.27,456.25,456.26,205,100,456.25672131147536,5.034576434371493e-08,-0.0003692956334943043
2022-03-31 18:15:00+00:00,456.1,456.09,456.1,600,100,456.0985714285714,5.1232924977141227e-08,-6.294925426597597e-05
2022-03-31 18:16:00+00:00,456.08,456.07,456.08,1200,1000,456.07545454545453,7.109600599048751e-08,-0.00019944274095884396
2022-03-31 18:17:00+00:00,456.01,456.0,456.01,200,100,456.00666666666666,8.709895995679735e-08,0.0003289563858657196
2022-03-31 18:18:00+00:00,456.14,456.14,456.15,100,400,456.142,9.557945836132596e-08,-0.00039400887281182406
2022-03-31 18:19:00+00:00,455.95,455.94,455.96,800,200,455.956,7.813898904927524e-08,0.00010978586723897621
2022-03-31 18:20:00+00:00,456.02,456.01,456.03,200,503,456.01568990042676,7.923798455943362e-08,0.00045210736771528204
2022-03-31 18:21:00+00:00,456.21,456.2,456.22,200,338,456.20743494423795,5.690179159623047e-08,-0.0001991816995582374
2022-03-31 18:22:00+00:00,456.125,456.12,456.13,300,500,456.12375,6.034836541514005e-08,0.00021968369177272074
2022-03-31 18:23:00+00:00,456.215,456.21,456.23,500,200,456.2242857142857,4.907946429572344e-08,0.00011931834275746844
2022-03-31 18:24:00+00:00,456.28,456.27,456.29,1004,314,456.2852352048559,4.384931464761362e-08,-9.721736101697687e-06
2022-03-31 18:25:00+00:00,456.28,456.27,456.28,100,43,456.276993006993,7.71394028926651e-08,-0.00025937479470172775
2022-03-31 18:26:00+00:00,456.155,456.15,456.16,200,301,456.1539920159681,7.242622303514934e-08,-0.0002411187736154341
2022-03-31 18:27:00+00:00,456.06,456.05,456.07,234,200,456.06078341013824,8.247598984581882e-08,-0.00010977365916753357
2022-03-31 18:28:00+00:00,455.995,455.99,456.0,200,205,455.99493827160495,5.7962239035597e-08,0.00044701196903895735
2022-03-31 18:29:00+00:00,456.2,456.2,456.21,100,100,456.205,7.410706598999301e-08,0.0002986122302153227
2022-03-31 18:30:00+00:00,456.31,456.29,456.31,700,100,456.3075,1.1657978675506005e-07,-0.00023739869467231944
2022-03-31 18:31:00+00:00,456.225,456.22,456.23,200,100,456.2266666666667,7.366807730914714e-08,-0.00013516672998803436
2022-03-31 18:32:00+00:00,456.169,456.16,456.17,100,100,456.165,8.224783005807991e-08,0.00011555755171976934
2022-03-31 18:33:00+00:00,456.25,456.24,456.26,800,100,456.2577777777778,6.33737168106752e-08,-0.0003347377932172435
2022-03-31 18:34:00+00:00,456.06,456.06,456.07,1200,300,456.068,5.439243273443056e-08,-6.578009713520405e-05
2022-03-31 18:35:00+00:00,456.01,456.01,456.02,100,100,456.015,7.03711636609132e-08,-0.00019381939928309055
2022-03-31 18:36:00+00:00,455.94,455.93,455.95,100,100,455.94,2.4616544333530045e-07,0.0009614907066470835
2022-03-31 18:37:00+00:00,456.36,456.36,456.37,10,4,456.3671428571428,9.615100361533537e-08,-0.0003423644510665014
2022-03-31 18:38:00+00:00,456.23,456.22,456.23,100,100,456.225,8.192715288080771e-08,-5.2057219103396335e-05
2022-03-31 18:39:00+00:00,456.2,456.19,456.21,208,100,456.2035064935065,6.15619048487105e-08,6.559632869951315e-05
2022-03-31 18:40:00+00:00,456.23,456.22,456.24,239,100,456.2341002949852,8.760382530529743e-08,0.00014631751231442003
2022-03-31 18:41:00+00:00,456.3,456.29,456.31,101,599,456.2928857142857,5.5378352049003186e-08,-0.00023443843110149132
2022-03-31 18:42:00+00:00,456.21,456.2,456.21,201,100,456.20667774086377,9.86633403402749e-08,-0.0004733853321143844
2022-03-31 18:43:00+00:00,455.97,455.97,455.99,100,181,455.9771174377224,8.705504689651074e-08,-8.985555186991068e-05
2022-03-31 18:44:00+00:00,455.95,455.93,455.94,268,101,455.93726287262876,5.554390360592024e-08,0.0001805536547649922
2022-03-31 18:45:00+00:00,456.03,456.01,456.03,304,200,456.02206349206347,8.576164711246439e-08,-0.00035473365520266587
2022-03-31 18:46:00+00:00,455.86,455.86,455.87,50,119,455.86295857988165,1.0794060473459472e-07,0.00033800440693299016
2022-03-31 18:47:00+00:00,456.02,456.03,456.04,100,10,456.03909090909093,1.3243848669819735e-07,0.00022304551749430246
2022-03-31 18:48:00+00:00,456.115,456.11,456.13,4,311,456.1102539682539,8.088714793190109e-08,0.00020578403146953583
2022-03-31 18:49:00+00:00,456.22,456.2,456.22,237,300,456.2088268156425,8.059292941202232e-08,-0.00040424293526430954
2022-03-31 18:50:00+00:00,456.02,456.0,456.02,472,100,456.0165034965035,8.303368776630642e-08,2.5066397750128644e-05
2022-03-31 18:51:00+00:00,456.04,456.03,456.05,100,211,456.03643086816714,1.017653486127214e-07,0.00026923425652225497
2022-03-31 18:52:00+00:00,456.16,456.15,456.17,744,5,456.16986648865156,8.220392182400746e-08,-4.628568977871339e-05
2022-03-31 18:53:00+00:00,456.13,456.12,456.14,1470,113,456.138572331017,5.643210530510642e-08,-0.00014995570082987353
2022-03-31 18:54:00+00:00,456.07,456.04,456.07,1702,105,456.06825677919204,5.908119535207575e-08,3.3036633551919437e-05
2022-03-31 18:55:00+00:00,456.07,456.07,456.1,701,310,456.0908011869437,1.0228771880760701e-07,0.0001903477798310682
2022-03-31 18:56:00+00:00,456.17,456.17,456.2,200,211,456.184598540146,1.0097968799771264e-07,0.00020400951031640524
2022-03-31 18:57:00+00:00,456.25,456.25,456.27,100,217,456.25630914826496,1.327339072774423e-07,0.00032498462830354846
2022-03-31 18:58:00+00:00,456.42,456.42,456.43,100,15,456.42869565217393,9.200596193567037e-08,7.175021423244665e-05
2022-03-31 18:59:00+00:00,456.42,456.41,456.43,1018,214,456.42652597402594,1.1107008455795097e-07,0.0003629164630070125
2022-03-31 19:00:00+00:00,456.59,456.57,456.6,600,317,456.5896292257361,3.3956906303042575e-07,0.0008075103005262818
2022-03-31 19:01:00+00:00,456.95,456.96,456.98,100,38,456.97449275362317,1.316670525561929e-07,1.1275499253393662e-05
2022-03-31 19:02:00+00:00,456.99,456.98,457.01,104,744,456.983679245283,1.5556703130756252e-07,0.000573228959163119
2022-03-31 19:03:00+00:00,457.25,457.24,457.26,925,34,457.25929092805,6.757660186522906e-08,-0.000128114753253028
2022-03-31 19:04:00+00:00,457.19,457.18,457.19,400,145,457.1873394495413,8.19832133793205e-08,-0.0006117345176998024
2022-03-31 19:05:00+00:00,456.91,456.9,456.91,100,100,456.905,6.597253561211516e-08,-0.00021575098034853912
2022-03-31 19:06:00+00:00,456.79,456.79,456.82,600,151,456.81396804260993,1.9157471368034172e-07,0.0006304990644554476
2022-03-31 19:07:00+00:00,457.115,457.09,457.11,200,100,457.10333333333335,1.410173762767128e-07,-0.00030303161108835575
2022-03-31 19:08:00+00:00,456.95,456.94,456.96,600,112,456.9568539325843,8.523551810200469e-08,-0.00019756234005186002
2022-03-31 19:09:00+00:00,456.86,456.85,456.87,445,100,456.86633027522936,1.0213598256790889e-07,0.0003447674459533534
2022-03-31 19:10:00+00:00,456.98,456.97,456.99,200,820,456.9739215686275,1.5983292638123682e-07,-0.00026183399664680973
2022-03-31 19:11:00+00:00,456.91,456.9,456.91,5,144,456.90033557046974,1.1370297963436395e-07,-0.0006034711044797803
2022-03-31 19:12:00+00:00,456.66,456.64,456.66,752,100,456.65765258215964,6.695967696549298e-08,-9.691671088896125e-05
2022-03-31 19:13:00+00:00,456.62,456.61,456.63,733,100,456.6275990396158,1.644352819310269e-07,-9.98300535369756e-05
2022-03-31 19:14:00+00:00,456.54,456.52,456.55,156,100,456.53828125,9.811604910716155e-08,5.785898946220058e-05
2022-03-31 19:15:00+00:00,456.53,456.54,456.57,838,145,456.5655747711088,6.786449041686864e-08,-0.00026871528757921315
2022-03-31 19:16:00+00:00,456.44,456.44,456.45,700,100,456.44875,6.198004642762765e-08,-0.00019880869873101226
2022-03-31 19:17:00+00:00,456.37,456.35,456.37,100,142,456.35826446281,9.540143492495087e-08,0.0003390860064103052
2022-03-31 19:18:00+00:00,456.48,456.46,456.48,104,1200,456.4615950920246,1.4698892338667708e-07,-0.0004485788276029634
2022-03-31 19:19:00+00:00,456.31,456.29,456.32,200,125,456.30846153846153,1.195173130743123e-07,-0.00024106771080645295
2022-03-31 19:20:00+00:00,456.19,456.17,456.2,335,117,456.19223451327434,7.643255017172368e-08,-0.00035889496455321357
2022-03-31 19:21:00+00:00,456.011,456.01,456.02,100,113,456.01469483568076,2.1624022338328556e-07,-0.000529076414457097
2022-03-31 19:22:00+00:00,455.78,455.77,455.79,400,135,455.7849532710281,8.8707252810357e-08,-6.071993636624917e-05
2022-03-31 19:23:00+00:00,455.77,455.76,455.78,610,100,455.77718309859154,9.143654508012878e-08,-0.00016946798888251013
2022-03-31 19:24:00+00:00,455.66,455.64,455.66,100,53,455.65307189542483,6.279369673317243e-08,-0.0002415881601397496
2022-03-31 19:25:00+00:00,455.6,455.59,455.61,57,102,455.5971698113207,8.225580420411319e-08,0.0002880488558594241
2022-03-31 19:26:00+00:00,455.69,455.67,455.69,248,200,455.68107142857144,8.732288843189305e-08,-0.00033462852556265243
2022-03-31 19:27:00+00:00,455.55,455.52,455.53,100,100,455.525,9.365134656464822e-08,-0.00045604179599234573
2022-03-31 19:28:00+00:00,455.34,455.34,455.35,200,100,455.3466666666667,8.18604968706989e-08,0.00022111139672009728
2022-03-31 19:29:00+00:00,455.44,455.44,455.45,100,100,455.445,1.1292962163085953e-07,0.00017737930343719732
2022-03-31 19:30:00+00:00,455.52,455.52,455.53,200,100,455.52666666666664,1.230441105928574e-07,-0.0002200771186517958
2022-03-31 19:31:00+00:00,455.411,455.4,455.42,600,100,455.41714285714284,5.0688660267258227e-08,-0.00044710265825476103
2022-03-31 19:32:00+00:00,455.221,455.22,455.23,106,312,455.22253588516753,8.043127919666053e-08,-0.0004957431492470521
2022-03-31 19:33:00+00:00,454.99,454.99,455.0,25,100,454.992,2.012818473175484e-07,-0.00042397552101836045
2022-03-31 19:34:00+00:00,454.81,454.8,454.82,200,125,454.8123076923077,8.480872651587991e-08,4.965890167962783e-05
2022-03-31 19:35:00+00:00,454.82,454.82,454.83,300,1000,454.8223076923077,1.5265769335182163e-07,0.0001903621345149542
2022-03-31 19:36:00+00:00,454.93,454.93,454.94,600,225,454.9372727272727,2.669837517244454e-07,0.0007184676921241362
2022-03-31 19:37:00+00:00,455.22,455.21,455.23,202,611,455.2149692496925,3.409486309170408e-07,-0.0006283039505259325
2022-03-31 19:38:00+00:00,454.96,454.95,454.96,100,201,454.95332225913626,1.6581539076823383e-07,0.00031579238070444937
2022-03-31 19:39:00+00:00,455.09,455.08,455.1,3600,504,455.09754385964914,1.1410629647035405e-07,3.0042295592114243e-05
2022-03-31 19:40:00+00:00,455.11,455.09,455.12,162,410,455.0984965034965,2.064350506279721e-07,-0.0006204413561059496
2022-03-31 19:41:00+00:00,454.825,454.82,454.84,483,414,454.83076923076925,1.3093027884922978e-07,-7.619264548286431e-06
2022-03-31 19:42:00+00:00,454.81,454.81,454.83,91,215,454.8159477124183,7.243668273333509e-08,-0.0002687080943296616
2022-03-31 19:43:00+00:00,454.685,454.68,454.69,300,300,454.685,1.0575528483998585e-07,-0.0007831087178375995
2022-03-31 19:44:00+00:00,454.36,454.34,454.37,204,711,454.34668852459015,1.0362133915127069e-07,-0.00011062576297871107
2022-03-31 19:45:00+00:00,454.27,454.27,454.29,800,12,454.28970443349755,1.8992600207066524e-07,0.0005239434539894283
2022-03-31 19:46:00+00:00,454.47,454.46,454.48,201,248,454.46895322939866,1.2581314988635126e-07,-0.0005080966951879207
2022-03-31 19:47:00+00:00,454.28,454.27,454.29,852,100,454.2878991596639,3.040159373404217e-07,0.0006461461119515732
2022-03-31 19:48:00+00:00,454.57,454.56,454.58,102,70,454.5718604651163,2.1833742146804097e-07,-0.0001821627254823266
2022-03-31 19:49:00+00:00,454.51,454.5,454.51,330,100,454.5076744186046,2.377039510759874e-07,-0.0006681789033754493
2022-03-31 19:50:00+00:00,454.18,454.18,454.19,100,200,454.18333333333334,6.032489098125045e-07,-0.0011126504009654203
2022-03-31 19:51:00+00:00,453.67,453.66,453.68,100,404,453.6639682539683,4.6197261058261535e-07,0.0003299875053881518
2022-03-31 19:52:00+00:00,453.79,453.79,453.8,100,100,453.795,4.01765125484478e-07,0.0003240399425719076
2022-03-31 19:53:00+00:00,453.97,453.99,454.0,100,208,453.9932467532467,2.7305530390327926e-07,-0.0007411091772157041
2022-03-31 19:54:00+00:00,453.72,453.7,453.71,300,200,453.706,7.665434465750287e-07,-0.001243521720827756
2022-03-31 19:55:00+00:00,453.08,453.07,453.09,660,500,453.08137931034474,8.087656586486034e-07,-0.0002967680316344756
2022-03-31 19:56:00+00:00,453.0,452.99,453.0,500,766,452.99394944707745,5.056029994755233e-07,-0.0009515130141293238
2022-03-31 19:57:00+00:00,452.53,452.52,452.53,200,200,452.525,3.6491257489892687e-07,-9.698378228373272e-05
2022-03-31 19:58:00+00:00,452.47,452.47,452.48,438,100,452.47814126394053,2.5963470145978384e-07,-0.00012903821527698867
2022-03-31 19:59:00+00:00,452.41,452.4,452.41,301,300,452.4050083194676,9.63156568427983e-07,-0.0011168728931260086
2022-03-31 20:00:00+00:00,451.65,451.64,451.65,124785,92832,451.64573415679837,2.7072585191579173e-06,0.0009472438290198948
2022-03-31 20:01:00+00:00,452.42,452.42,452.47,600,500,452.4472727272727,4.809401092646649e-07,0.00044130797272101674
2022-03-31 20:02:00+00:00,452.5,452.48,452.5,146,100,452.4918699186992,2.5785964986251597e-07,-0.00040116070918905233
2022-03-31 20:03:00+00:00,452.38,452.36,452.39,700,350,452.38,3.0438359914203663e-07,-0.00022581971542912083
2022-03-31 20:04:00+00:00,452.27,452.27,452.29,100,408,452.273937007874,2.045318914527584e-07,-0.0004395525061100525
2022-03-31 20:05:00+00:00,452.06,452.06,452.1,250,1525,452.0656338028169,1.8788591939419771e-07,-8.192705542686696e-05
2022-03-31 20:06:00+00:00,452.0,451.99,452.0,42,100,451.99295774647885,1.7211226318858458e-07,9.798314728426405e-05
2022-03-31 20:07:00+00:00,452.11,452.08,452.13,176,1000,452.0874829931973,2.754873274482038e-07,3.187875144594621e-05
2022-03-31 20:08:00+00:00,452.17,452.05,452.09,500,200,452.0785714285714,2.2490161009941157e-07,0.00035771290147001977
2022-03-31 20:09:00+00:00,452.25,452.22,452.27,500,1177,452.23490757304717,8.679364922298636e-08,0.00040970612258428574
2022-03-31 20:10:00+00:00,452.43,452.43,452.45,6138,5851,452.44023938610394,9.960204305994942e-08,0.0004377292011061851
2022-03-31 20:11:00+00:00,452.64,452.64,452.67,1500,49,452.6690510006456,8.918750147876639e-08,0.00019973466006861784
2022-03-31 20:12:00+00:00,452.74,452.7,452.72,15,100,452.7026086956522,5.579340067656988e-08,-6.834914653919277e-05
2022-03-31 20:13:00+00:00,452.7,452.69,452.71,1000,1100,452.6995238095238,6.847871237965723e-08,0.0008724527602177456
2022-03-31 20:14:00+00:00,453.1,453.04,453.09,1100,500,453.074375,1.1119135977193872e-07,0.00020172303525756163
2022-03-31 20:15:00+00:00,453.21,453.17,453.2,600,100,453.1957142857143,6.260108356161084e-08,-0.00011872202360108108
2022-03-31 20:16:00+00:00,453.15,453.14,453.15,2200,3078,453.1441682455475,7.381752420824248e-08,-0.0002465259968918998
2022-03-31 20:17:00+00:00,453.06,453.03,453.06,600,600,453.045,4.9849261945330815e-08,0.00041648733924049
2022-03-31 20:18:00+00:00,453.21,453.21,453.23,500,105,453.2265289256198,6.292899577393701e-08,0.0001150216479888222
2022-03-31 20:19:00+00:00,453.24,453.22,453.25,600,600,453.235,7.517239590775069e-08,-0.00026293112398512175
2022-03-31 20:20:00+00:00,453.17,453.12,453.15,200,600,453.1275,7.852001999465964e-08,-0.00035791376326599345
2022-03-31 20:21:00+00:00,452.98,452.96,452.98,3200,30,452.9798142414861,3.71494123125649e-08,-0.00010625707426537012
2022-03-31 20:22:00+00:00,452.96,452.93,452.95,101,600,452.93288159771754,1.920871861224556e-08,-0.00014325858446551099
2022-03-31 20:23:00+00:00,452.89,452.85,452.89,1520,2100,452.8667955801104,4.51521313465417e-08,-0.00041239793987501994
2022-03-31 20:24:00+00:00,452.75,452.7,452.76,800,800,452.73,7.917179972493973e-08,-2.2122174157868102e-05
2022-03-31 20:25:00+00:00,452.68,452.67,452.69,1,500,452.6700399201597,5.7544945134854947e-08,-2.553392327353521e-05
2022-03-31 20:26:00+00:00,452.62,452.65,452.68,1000,700,452.66764705882355,1.1783012533416905e-07,0.0004842183212858675
2022-03-31 20:27:00+00:00,452.9,452.86,452.91,600,600,452.885,5.388280918025476e-08,2.727655307488419e-05
2022-03-31 20:28:00+00:00,452.87,452.87,452.92,600,900,452.89,5.094485422326247e-08,-8.729419348429968e-05
2022-03-31 20:29:00+00:00,452.86,452.85,452.89,100,900,452.854,6.669709377129598e-08,2.0894376369762213e-05
2022-03-31 20:30:00+00:00,452.85,452.81,452.86,600,1,452.8599168053245,4.044866901233161e-08,2.7762755027804786e-05
2022-03-31 20:31:00+00:00,452.88,452.86,452.89,800,700,452.876,6.427250668331052e-08,0.0001447872755324653
2022-03-31 20:32:00+00:00,452.88,452.91,452.92,800,200,452.918,9.940807015563908e-08,-0.00011440896416259339
2022-03-31 20:33:00+00:00,452.87,452.86,452.91,700,600,452.8869230769231,1.0338176853942089e-07,-2.7600749636924604e-06
2022-03-31 20:34:00+00:00,452.86,452.87,452.92,600,1400,452.885,6.276841836184132e-08,0.00013163470774113506
2022-03-31 20:35:00+00:00,452.94,452.91,452.96,500,600,452.9327272727273,6.621895010222425e-08,8.916016222060286e-05
2022-03-31 20:36:00+00:00,452.95,452.94,452.99,600,500,452.9672727272727,1.0074292380505933e-07,0.0002536952872183029
2022-03-31 20:37:00+00:00,453.06,453.06,453.1,500,6,453.09952569169957,1.890176546567303e-08,-0.0002807170809222548
2022-03-31 20:38:00+00:00,452.93,452.95,453.0,500,600,452.9727272727273,1.4104562105925123e-08,-0.00012586406107994996
2022-03-31 20:39:00+00:00,452.95,452.95,453.0,800,100,452.99444444444447,6.310843749629089e-08,0.0002132230906846111
2022-03-31 20:40:00+00:00,453.0,453.0,453.04,399,900,453.0122863741339,1.2562013964587935e-08,0.0001650195406079913
2022-03-31 20:41:00+00:00,453.08,453.06,453.09,1104,210,453.08520547945204,6.50689233244112e-09,1.2547300354937008e-05
2022-03-31 20:42:00+00:00,453.11,453.06,453.12,600,500,453.09272727272725,1.7018037288956223e-08,-1.430604753471787e-05
2022-03-31 20:43:00+00:00,453.08,453.08,453.09,499,300,453.08624530663326,4.901223742259753e-08,0.00014071204771082257
2022-03-31 20:44:00+00:00,453.11,453.1,453.11,500,5710,453.1008051529791,3.709747604520196e-08,-0.00012137261392464183
2022-03-31 20:45:00+00:00,453.11,453.07,453.12,500,500,453.095,7.069005336647753e-08,0.00019702738231219818
2022-03-31 20:46:00+00:00,453.19,453.17,453.2,500,551,453.1842721217888,5.3729387870450866e-08,-0.0005670968970586943
2022-03-31 20:47:00+00:00,452.9,452.88,452.93,1,1100,452.8800454132607,5.826842780977174e-08,-2.0788292033890876e-05
2022-03-31 20:48:00+00:00,452.94,452.9,452.95,500,900,452.91785714285714,5.323551391007952e-08,0.00029320679843714004
2022-03-31 20:49:00+00:00,453.05,453.05,453.09,10,600,453.050655737705,6.383462738682343e-08,0.0001390145343214133
2022-03-31 20:50:00+00:00,453.12,453.1,453.13,500,600,453.1136363636364,2.982244156643805e-08,-0.0002823178727276998
2022-03-31 20:51:00+00:00,453.0,452.98,453.04,150,1000,452.98782608695655,4.2756922626051116e-08,-0.00014536161730682728
2022-03-31 20:52:00+00:00,452.92,452.9,452.92,600,4,452.9198675496688,5.909839021877605e-08,0.0002519925896575792
2022-03-31 20:53:00+00:00,453.07,453.03,453.1,600,450,453.07,4.222894231222687e-08,-7.165364732342194e-05
2022-03-31 20:54:00+00:00,453.0,452.99,453.02,500,800,453.0015384615385,4.1628231819799764e-08,0.0001085555345856637
2022-03-31 20:55:00+00:00,453.08,453.04,453.07,500,600,453.0536363636364,3.203752350540144e-08,-1.6291669228563066e-05
2022-03-31 20:56:00+00:00,453.05,453.01,453.08,1000,600,453.05375,1.297238573174886e-08,-9.151074584479169e-05
2022-03-31 20:57:00+00:00,453.0,453.0,453.03,100,1500,453.001875,1.0349592354418227e-09,6.663586152422241e-06
2022-03-31 20:58:00+00:00,453.0,453.0,453.01,575,600,453.00489361702125,1.8890183159234784e-08,9.288217531722154e-05
2022-03-31 20:59:00+00:00,453.03,453.02,453.05,178,20,453.0469696969697,1.276882884784151e-08,4.7231077954013045e-05
2022-03-31 21:00:00+00:00,453.05,452.95,453.1,1,327,452.9504573170732,1.2597081171321973e-07,-7.375950552490629e-05
2022-03-31 21:01:00+00:00,453.04,453.03,453.04,98,100,453.03494949494956,7.988346498746988e-09,-0.00014401452397738712
2022-03-31 21:02:00+00:00,453.0,452.95,453.0,201,309,452.9697058823529,3.2396231627838565e-09,-3.212758146842187e-05
2022-03-31 21:03:00+00:00,452.96,452.95,452.96,101,120,452.95457013574656,6.938069442441284e-09,5.08447871561124e-05
2022-03-31 21:04:00+00:00,452.98,452.96,452.98,1001,100,452.97818346957314,1.2774907526027677e-08,-0.00012122915014178837
2022-03-31 21:05:00+00:00,452.92,452.91,453.0,1864,2347,452.9498385181667,1.803108029620156e-08,0.00014863628243810822
2022-03-31 21:06:00+00:00,452.99,452.99,453.0,164,2615,452.99059014033827,7.800234795342429e-13,-7.083886404135598e-07
2022-03-31 21:07:00+00:00,452.99,452.99,453.0,64,2313,452.99026924695,8.657149294229224e-11,-9.271885739736696e-06
2022-03-31 21:08:00+00:00,452.98,452.98,453.0,1009,2316,452.98606917293233,6.54632967845243e-09,-7.718889471897139e-05
2022-03-31 21:09:00+00:00,452.98,452.95,452.98,11,288,452.95110367892977,4.583000832185534e-14,-2.140794439497995e-07
2022-03-31 21:10:00+00:00,452.95,452.95,452.98,10,288,452.9510067114094,2.0279211593521926e-09,9.8196802287287e-06
2022-03-31 21:11:00+00:00,452.93,452.95,452.96,60,50,452.95545454545453,1.5144785763348374e-09,-4.04271283807045e-05
2022-03-31 21:12:00+00:00,452.95,452.93,452.98,50,300,452.9371428571429,1.7512153499506096e-08,-3.942521194955084e-06
2022-03-31 21:13:00+00:00,452.95,452.93,452.96,50,230,452.9353571428572,1.0792757965606963e-08,8.66194710977819e-05
2022-03-31 21:14:00+00:00,452.96,452.95,452.98,250,55,452.9745901639344,6.203686316727858e-10,-1.3178386622292315e-05
2022-03-31 21:15:00+00:00,452.98,452.96,452.97,250,40,452.96862068965515,1.9587017141018705e-10,-1.7989872980850308e-05
2022-03-31 21:16:00+00:00,452.98,452.96,453.0,31,2597,452.96047184170465,2.755586263934726e-10,3.007939779919866e-06
2022-03-31 21:17:00+00:00,452.97,452.96,452.97,31,138,452.96183431952664,1.499175784822031e-11,-5.431525436971896e-06
2022-03-31 21:18:00+00:00,452.95,452.95,452.97,307,348,452.95937404580155,3.020911690681821e-09,4.551396617147319e-06
2022-03-31 21:19:00+00:00,452.97,452.95,452.98,308,500,452.9614356435643,1.5995426627068351e-09,2.9396307792195486e-05
2022-03-31 21:20:00+00:00,452.97,452.97,452.99,229,735,452.97475103734445,2.1035756012721955e-10,1.1757251535904345e-05
2022-03-31 21:21:00+00:00,452.99,452.98,452.99,8,1034,452.9800767754318,3.780296807117921e-09,-0.0001064103652747006
2022-03-31 21:22:00+00:00,452.95,452.93,452.96,50,750,452.931875,2.3354860079407448e-08,5.8415701772673856e-05
2022-03-31 21:23:00+00:00,452.99,452.9,452.97,250,50,452.9583333333333,8.305885275721696e-08,-0.00022436518343948997
2022-03-31 21:24:00+00:00,452.85,452.85,452.91,251,1995,452.8567052537845,2.1895762903820236e-08,2.8701609938952544e-05
2022-03-31 21:25:00+00:00,452.84,452.84,452.9,50,51,452.869702970297,3.8303532686295204e-08,-4.060572293362874e-05
2022-03-31 21:26:00+00:00,452.85,452.85,452.94,2,135,452.85131386861315,1.5793100154715693e-08,-0.00010949090322553978
2022-03-31 21:27:00+00:00,452.8,452.8,452.83,6,98,452.8017307692308,8.086631975148535e-09,-2.9330379650582827e-06
2022-03-31 21:28:00+00:00,452.77,452.74,452.83,200,98,452.80040268456384,1.0306609680499613e-08,3.0643502568095116e-05
2022-03-31 21:29:00+00:00,452.73,452.71,452.83,650,98,452.8142780748663,1.8195054827849182e-07,-0.0002248804867801546
2022-03-31 21:30:00+00:00,452.73,452.71,452.73,600,4300,452.71244897959184,2.804244634712422e-07,0.00010503581360610248
2022-03-31 21:31:00+00:00,452.7,452.68,452.84,100,100,452.76,2.2257712928195867e-07,-2.130983568771061e-05
2022-03-31 21:32:00+00:00,452.7,452.68,452.82,100,99,452.750351758794,3.0336700340889706e-08,-0.00011762005693849442
2022-03-31 21:33:00+00:00,452.7,452.66,452.72,162,100,452.69709923664124,3.085820566208645e-08,-7.196119354602182e-05
2022-03-31 21:34:00+00:00,452.7,452.66,452.72,15,184,452.66452261306534,8.280284149156503e-08,4.302830454272488e-05
2022-03-31 21:35:00+00:00,452.67,452.67,452.72,400,600,452.69,2.5553762936569222e-08,1.2583468994797897e-05
2022-03-31 21:36:00+00:00,452.7,452.66,452.7,1418,492,452.6896963350785,1.211800945158631e-08,-5.695577303610477e-05
2022-03-31 21:37:00+00:00,452.7,452.63,452.69,130,100,452.66391304347826,3.613574196000814e-08,-0.00019967390001573992
2022-03-31 21:38:00+00:00,452.58,452.57,452.58,405,743,452.5735278745645,4.83112711121943e-08,0.00011741471568549322
2022-03-31 21:39:00+00:00,452.58,452.6,452.64,100,50,452.62666666666667,6.773812213371793e-08,-9.660387559162764e-05
2022-03-31 21:40:00+00:00,452.57,452.57,452.59,22,12,452.58294117647057,2.3114452143507124e-08,-4.129530274366022e-05
2022-03-31 21:41:00+00:00,452.57,452.56,452.6,49,412,452.56425162689806,5.244019188733632e-08,0.0001660580820526114
2022-03-31 21:42:00+00:00,452.55,452.56,452.64,50,3,452.63547169811324,2.5191979799333043e-09,-1.2909545785255716e-05
2022-03-31 21:43:00+00:00,452.65,452.63,452.65,102,451,452.63368896925857,1.340853518127406e-10,-1.8960650393085032e-06
2022-03-31 21:44:00+00:00,452.65,452.63,452.65,102,653,452.63270198675497,1.5501592342157958e-08,0.0001265331150122062
2022-03-31 21:45:00+00:00,452.65,452.64,452.69,2000,1,452.68997501249373,6.522745449699209e-08,0.00017327795643273802
2022-03-31 21:46:00+00:00,452.75,452.75,452.77,2000,172,452.7684162062615,1.0970535817384845e-08,2.8739560228308036e-05
2022-03-31 21:47:00+00:00,452.75,452.71,452.79,100,12,452.78142857142853,1.9947818559147544e-08,-0.000142062602862425
2022-03-31 21:48:00+00:00,452.71,452.71,452.72,81,33,452.7171052631579,7.176375805085716e-09,0.00011623491611234549
2022-03-31 21:49:00+00:00,452.75,452.75,452.77,2454,34,452.7697266881028,1.8708171722164187e-08,-0.0001291850945600581
2022-03-31 21:50:00+00:00,452.73,452.71,452.73,81,1230,452.7112356979405,4.3959709806716774e-08,0.0003786911465792908
2022-03-31 21:51:00+00:00,452.88,452.88,452.89,158,433,452.88267343485626,3.877327408308761e-09,-2.124498765077032e-05
2022-03-31 21:52:00+00:00,452.89,452.8,452.89,500,116,452.8730519480519,1.4023639096181523e-07,-0.00028576569936955565
2022-03-31 21:53:00+00:00,452.73,452.73,452.88,100,1000,452.74363636363637,5.8016657398339494e-08,0.00010088115522677299
2022-03-31 21:54:00+00:00,452.77,452.74,452.79,500,7,452.78930966469426,6.216858240778472e-10,-3.525560531481009e-05
2022-03-31 21:55:00+00:00,452.77,452.75,452.79,150,107,452.77334630350197,3.2723290288099015e-08,0.0002257076051963569
2022-03-31 21:56:00+00:00,452.81,452.8,452.88,1694,100,452.87554069119284,1.04490544331268e-09,-4.8740937877989055e-06
2022-03-31 21:57:00+00:00,452.86,452.86,452.88,200,100,452.87333333333333,2.2979102647037377e-10,-2.208122948299529e-05
2022-03-31 21:58:00+00:00,452.85,452.85,452.88,80,100,452.8633333333333,1.2535428120743425e-07,-6.0300073549068856e-05
2022-03-31 21:59:00+00:00,452.86,452.82,452.84,500,124,452.8360256410256,1.0527656605735771e-07,0.00025198359423428407
2022-03-31 22:00:00+00:00,452.95,452.84,452.99,400,300,452.92571428571426,1.5673523650709442e-07,0.00016731076940756928
2022-03-31 22:01:00+00:00,453.0,453.01,453.08,500,1699,453.02591632560257,9.396519163647698e-08,-4.071245698178405e-05
2022-03-31 22:02:00+00:00,453.04,452.98,453.04,500,592,453.00747252747254,7.69114707462648e-08,0.0005917850021044391
2022-03-31 22:03:00+00:00,453.27,453.25,453.27,500,100,453.26666666666665,1.62880282232736e-08,0.00013114416543280605
2022-03-31 22:04:00+00:00,453.33,453.34,453.35,500,253,453.34664010624175,2.6439369417082906e-08,-0.00012447433228979232
2022-03-31 22:05:00+00:00,453.28,453.27,453.29,150,200,453.2785714285714,8.974944797031598e-09,-0.0001277161039300312
2022-03-31 22:06:00+00:00,453.24,453.22,453.23,5,200,453.220243902439,1.2607740506694038e-08,-0.00020619341311145511
2022-03-31 22:07:00+00:00,453.13,453.11,453.12,740,113,453.1186752637749,7.485965507272326e-08,0.0002707649735969042
2022-03-31 22:08:00+00:00,453.25,453.23,453.25,500,2,453.24992031872506,5.141062903911118e-09,7.739589066080299e-05
2022-03-31 22:09:00+00:00,453.28,453.26,453.29,1000,200,453.285,5.1245397007875505e-08,-0.00024167015132969816
2022-03-31 22:10:00+00:00,453.2,453.13,453.15,1000,15,453.14970443349756,7.125833288833761e-08,-0.0001370798252600114
2022-03-31 22:11:00+00:00,453.12,453.08,453.12,500,100,453.11333333333334,3.009645141207608e-08,0.00012135774931443244
2022-03-31 22:12:00+00:00,453.16,453.16,453.17,496,100,453.168322147651,2.9327532054741753e-08,-0.00016179892562540044
2022-03-31 22:13:00+00:00,453.12,453.07,453.12,200,200,453.095,3.92637560877659e-08,-0.0002742495144371082
2022-03-31 22:14:00+00:00,452.97,452.97,453.02,9,600,452.97073891625615,1.5115041904017913e-08,4.5675478336448805e-05
2022-03-31 22:15:00+00:00,452.97,452.97,453.0,4,2,452.99,4.400612658346563e-08,-0.00015132068597234483
2022-03-31 22:16:00+00:00,452.91,452.88,452.94,501,200,452.92288159771755,1.789122912989281e-08,-1.1677495970863205e-05
2022-03-31 22:17:00+00:00,452.95,452.88,452.94,760,200,452.9275,5.479566448352879e-08,-0.00023812058664285374
2022-03-31 22:18:00+00:00,452.8,452.8,452.82,475,500,452.80974358974356,1.2845163321730391e-08,0.00012341035290774904
2022-03-31 22:19:00+00:00,452.89,452.86,452.9,180,1100,452.865625,9.599228163322893e-08,-8.546005910015086e-05
2022-03-31 22:20:00+00:00,452.85,452.82,452.85,30,100,452.8269230769231,2.5882187863405224e-08,-1.0750867835973565e-05
2022-03-31 22:21:00+00:00,452.88,452.82,452.87,30,700,452.8220547945205,1.3543467034386304e-08,3.125312003104952e-05
2022-03-31 22:22:00+00:00,452.88,452.83,452.85,45,100,452.83620689655174,3.709037543759533e-08,-0.00019294381448486941
2022-03-31 22:23:00+00:00,452.75,452.71,452.75,200,6,452.7488349514563,3.3953576230091416e-08,2.0494683186100815e-06
2022-03-31 22:24:00+00:00,452.75,452.75,452.78,500,25,452.7785714285714,2.9218396357780905e-08,2.9973483361311892e-05
2022-03-31 22:25:00+00:00,452.73,452.76,452.78,200,100,452.7733333333333,1.0737528594990235e-08,3.5511778867292065e-05
2022-03-31 22:26:00+00:00,452.78,452.75,452.78,1100,22,452.77941176470586,5.79094070192482e-09,-4.602757014326997e-05
2022-03-31 22:27:00+00:00,452.8,452.75,452.78,500,200,452.77142857142854,1.0552341047524782e-08,-3.443933732272253e-05
2022-03-31 22:28:00+00:00,452.74,452.7,452.76,505,200,452.74297872340424,1.951138660682912e-08,-9.73907585783973e-05
2022-03-31 22:29:00+00:00,452.7,452.68,452.7,1000,59,452.6988857412653,1.852599395211066e-08,-5.955982042704644e-05
2022-03-31 22:30:00+00:00,452.71,452.67,452.72,20,500,452.67192307692306,4.178174592937795e-08,0.00021622910469076828
2022-03-31 22:31:00+00:00,452.78,452.76,452.77,200,4,452.7698039215686,9.253426855740566e-10,3.282627279754813e-05
2022-03-31 22:32:00+00:00,452.84,452.75,452.79,1300,200,452.7846666666667,5.613469860099407e-09,7.5317400551888625e-06
2022-03-31 22:33:00+00:00,452.78,452.78,452.79,420,100,452.78807692307697,3.9103271351607975e-08,0.00026878644316408185
2022-03-31 22:34:00+00:00,452.91,452.9,452.91,445,10,452.90978021978026,9.500830910761526e-09,0.00011066391698233424
2022-03-31 22:35:00+00:00,452.92,452.95,452.96,500,5,452.959900990099,1.5106356179913e-08,0.00011012342163319033
2022-03-31 22:36:00+00:00,453.01,453.0,453.01,8545,190,453.0097824842587,1.2108993569879096e-09,1.3079802086979342e-05
2022-03-31 22:37:00+00:00,453.01,453.01,453.02,200,188,453.01515463917525,1.3562869074156634e-10,6.656814866667915e-06
2022-03-31 22:38:00+00:00,453.02,453.01,453.04,205,500,453.01872340425535,1.6805768621624672e-08,0.00011227653511070024
2022-03-31 22:39:00+00:00,453.01,453.02,453.08,500,105,453.06958677685947,5.738399613743096e-08,9.120522599381786e-07
2022-03-31 22:40:00+00:00,453.09,453.02,453.08,500,200,453.0628571428571,1.4778849116411491e-08,8.826477907786234e-05
2022-03-31 22:41:00+00:00,453.11,453.1,453.11,2023,2,453.1099901234568,4.8519817120791036e-09,-2.9831480804376476e-05
2022-03-31 22:42:00+00:00,453.1,453.07,453.1,1201,160,453.09647318148416,1.0878840983085614e-08,-0.00011429199310164506
2022-03-31 22:43:00+00:00,453.07,453.05,453.07,500,717,453.0582169268694,1.491219930579165e-08,0.00018536534345470201
2022-03-31 22:44:00+00:00,453.11,453.11,453.13,14,1,453.1286666666666,6.026850558368812e-09,-0.00011120639302808488
2022-03-31 22:45:00+00:00,453.1,453.07,453.1,8,21,453.078275862069,1.994012416721e-08,0.00014472177385327356
2022-03-31 22:46:00+00:00,453.15,453.14,453.15,5,8,453.14384615384614,2.631198513493164e-08,-0.00015981146612109587
2022-03-31 22:47:00+00:00,453.07,453.06,453.1,2,5,453.07142857142856,3.935442076144158e-09,-3.6260444584490514e-05
2022-03-31 22:48:00+00:00,453.06,453.05,453.06,5,5,453.055,4.651138038589613e-09,5.674812088396486e-05
2022-03-31 22:49:00+00:00,453.07,453.07,453.09,807,700,453.0807100199071,1.3713403307099833e-08,-6.861333468888287e-05
2022-03-31 22:50:00+00:00,453.08,453.03,453.05,260,5,453.0496226415094,2.309705698114129e-08,0.00024320949720335605
2022-03-31 22:51:00+00:00,453.12,453.12,453.16,1040,5,453.1598086124402,1.2294046723395848e-08,-0.0001635059537887784
2022-03-31 22:52:00+00:00,453.09,453.05,453.1,500,200,453.0857142857143,1.162298410199351e-08,5.780468322891252e-06
2022-03-31 22:53:00+00:00,453.08,453.07,453.09,1100,100,453.0883333333333,1.3383281564399603e-08,0.00010923889228164896
2022-03-31 22:54:00+00:00,453.13,453.12,453.15,1100,751,453.1378282009724,5.99309403428423e-09,-7.927706943011703e-05
2022-03-31 22:55:00+00:00,453.11,453.1,453.14,25,500,453.10190476190473,3.959545065325367e-11,3.15287005769882e-06
2022-03-31 22:56:00+00:00,453.11,453.1,453.13,25,200,453.10333333333335,7.811710724277923e-09,-0.00011218927249856403
2022-03-31 22:57:00+00:00,453.08,453.04,453.09,200,600,453.0525,6.9989154757438706e-09,-1.9218294903367017e-05
2022-03-31 22:58:00+00:00,453.03,453.03,453.05,200,90,453.0437931034483,2.5385637328495667e-09,5.251468824463146e-06
2022-03-31 22:59:00+00:00,453.04,453.04,453.05,1229,280,453.0481444665342,7.367509432486428e-08,0.00014597947749028783
2022-03-31 23:00:00+00:00,453.07,453.07,453.12,1100,200,453.1123076923077,5.35330809647681e-08,0.00013581282276775575
2022-03-31 23:01:00+00:00,453.15,453.14,453.18,1100,200,453.17384615384617,6.898524509154251e-09,-5.262032230801683e-05
2022-03-31 23:02:00+00:00,453.17,453.13,453.18,200,300,453.15,2.701967092605841e-08,-1.8508433794917067e-05
2022-03-31 23:03:00+00:00,453.17,453.14,453.15,50,260,453.1416129032258,3.2705580801279297e-09,-6.649449286122433e-05
2022-03-31 23:04:00+00:00,453.13,453.11,453.13,16,200,453.11148148148146,1.6776106328864414e-08,-6.92146653766823e-05
2022-03-31 23:05:00+00:00,453.09,453.08,453.11,2,500,453.08011952191237,7.516515700472442e-09,3.0577948062493476e-07
2022-03-31 23:06:00+00:00,453.1,453.08,453.1,2,153,453.08025806451604,7.760217194601152e-09,-7.390273659391156e-05
2022-03-31 23:07:00+00:00,453.05,453.04,453.05,105,50,453.0467741935484,9.178112859315776e-09,-3.655566827598378e-05
2022-03-31 23:08:00+00:00,453.07,453.03,453.06,5,700,453.03021276595746,9.824573938882285e-09,0.00014690239731218746
2022-03-31 23:09:00+00:00,453.1,453.07,453.1,1100,133,453.0967639902677,1.500432695440961e-08,6.011080170265082e-05
2022-03-31 23:10:00+00:00,453.12,453.1,453.13,200,50,453.124,4.716839436294547e-09,-5.58442012035254e-05
2022-03-31 23:11:00+00:00,453.09,453.07,453.1,1100,50,453.0986956521739,1.1394634098702142e-08,-1.0363420197334605e-05
2022-03-31 23:12:00+00:00,453.09,453.09,453.1,100,150,453.094,4.2155892574612495e-09,5.473477909667679e-05
2022-03-31 23:13:00+00:00,453.1,453.09,453.12,1200,50,453.1188,3.422463580716483e-09,-1.942095538742805e-05
2022-03-31 23:14:00+00:00,453.1,453.09,453.12,100,50,453.11,8.486946017261222e-09,6.764541395454238e-05
2022-03-31 23:15:00+00:00,453.15,453.12,453.15,1100,498,453.1406508135169,9.293824589226228e-09,-6.085062196581337e-05
2022-03-31 23:16:00+00:00,453.15,453.1,453.11,200,1,453.10995024875626,9.658883146897044e-09,0.00014197445981345425
2022-03-31 23:17:00+00:00,453.15,453.17,453.18,1000,350,453.17740740740743,4.926122979917874e-08,4.979154600026625e-05
2022-03-31 23:18:00+00:00,453.22,453.19,453.2,1415,4,453.1999718111346,1.074699320169245e-08,5.789517192322791e-07
2022-03-31 23:19:00+00:00,453.25,453.2,453.25,2,425,453.2002341920375,6.373197420687848e-10,-4.3125610691641114e-05
2022-03-31 23:20:00+00:00,453.18,453.18,453.2,25,200,453.1822222222222,3.555243298670083e-09,6.46769500480815e-05
2022-03-31 23:21:00+00:00,453.18,453.19,453.23,200,200,453.21,1.7829706056518698e-09,-7.632259644396733e-05
2022-03-31 23:22:00+00:00,453.17,453.17,453.18,99,84,453.1754098360656,3.535924768553539e-08,-0.00019548149400050452
2022-03-31 23:23:00+00:00,453.1,453.07,453.09,900,170,453.0868224299066,2.4277090902594962e-08,0.00015164750238927382
2022-03-31 23:24:00+00:00,453.13,453.13,453.18,192,184,453.1555319148936,6.350207297580873e-09,3.170451201328639e-05
2022-03-31 23:25:00+00:00,453.15,453.15,453.18,197,100,453.1698989898991,2.6011163063191246e-09,-2.1697259103725663e-05
2022-03-31 23:26:00+00:00,453.15,453.15,453.18,101,200,453.1600664451827,9.345703161046117e-10,-5.384570400135402e-05
2022-03-31 23:27:00+00:00,453.14,453.12,453.14,1000,153,453.1373460537728,2.1301931368713456e-10,-1.0066573121192413e-05
2022-03-31 23:28:00+00:00,453.12,453.1,453.14,500,143,453.13110419906684,7.567937613434522e-10,3.7885707478313435e-05
2022-03-31 23:29:00+00:00,453.14,453.14,453.15,957,200,453.1482713915299,4.0589420454402433e-08,0.00010311990891320733
2022-03-31 23:30:00+00:00,453.17,453.18,453.21,200,200,453.195,1.8548007925368775e-08,0.0001823035285453134
2022-03-31 23:31:00+00:00,453.25,453.22,453.27,200,200,453.245,2.764460535577493e-08,-0.0002805691093519247
2022-03-31 23:32:00+00:00,453.2,453.15,453.16,3,300,453.150099009901,2.758273329765718e-08,9.280946507606025e-05
2022-03-31 23:33:00+00:00,453.14,453.17,453.2,600,200,453.1925,4.399400718319918e-09,5.912669483265631e-05
2022-03-31 23:34:00+00:00,453.2,453.2,453.22,274,10,453.21929577464795,1.3777465691645856e-08,-0.00010887825200278645
2022-03-31 23:35:00+00:00,453.15,453.12,453.17,1000,1,453.16995004995005,3.1188162334740876e-08,0.00011779969827530046
2022-03-31 23:36:00+00:00,453.2,453.21,453.23,200,100,453.22333333333336,6.75007594488217e-10,3.6050213244820384e-05
2022-03-31 23:37:00+00:00,453.23,453.22,453.24,600,10,453.2396721311476,8.019154333803993e-09,8.717827209459017e-05
2022-03-31 23:38:00+00:00,453.25,453.25,453.28,358,10,453.2791847826087,4.240053488308021e-09,-5.808911062166189e-06
2022-03-31 23:39:00+00:00,453.26,453.26,453.28,48,10,453.27655172413796,8.724028863878161e-10,-5.420682228207685e-05
2022-03-31 23:40:00+00:00,453.25,453.25,453.27,209,1901,453.251981042654,3.6819219154560296e-09,5.866579083946277e-05
2022-03-31 23:41:00+00:00,453.26,453.25,453.28,200,10,453.2785714285714,2.938337865561591e-08,5.079344097547178e-06
2022-03-31 23:42:00+00:00,453.28,453.28,453.29,15,700,453.28020979020977,1.4298530232491605e-08,0.00014147125391938964
2022-03-31 23:43:00+00:00,453.35,453.33,453.39,200,600,453.345,4.153697328953453e-08,0.0001373627750889117
2022-03-31 23:44:00+00:00,453.4,453.38,453.44,500,600,453.40727272727275,3.068791384342249e-08,-0.00010181048902013767
2022-03-31 23:45:00+00:00,453.35,453.35,453.4,200,200,453.375,2.9501393284252634e-08,-0.00025674803108777233
2022-03-31 23:46:00+00:00,453.25,453.24,453.25,980,1000,453.2449494949495,2.120093271509682e-08,-0.00013089380100106407
2022-03-31 23:47:00+00:00,453.19,453.17,453.19,1000,300,453.18538461538463,2.0038117746637227e-08,0.00017567950626418138
2022-03-31 23:48:00+00:00,453.17,453.23,453.29,700,500,453.265,4.383057008454389e-08,-0.00011031074536971275
2022-03-31 23:49:00+00:00,453.24,453.19,453.21,2500,1200,453.2035135135135,2.1389996455470633e-08,-0.00014370645224759393
2022-03-31 23:50:00+00:00,453.15,453.13,453.15,2600,17,453.14987008024457,1.4371410397332073e-08,3.356127997733438e-05
2022-03-31 23:51:00+00:00,453.15,453.14,453.18,200,119,453.165078369906,8.014367141466832e-09,-0.00012784637547880173
2022-03-31 23:52:00+00:00,453.12,453.09,453.15,200,500,453.10714285714283,1.7259765959188432e-08,0.000208946881919303
2022-03-31 23:53:00+00:00,453.18,453.2,453.22,50,500,453.20181818181817,1.5024241854145182e-08,-6.285245853399068e-05
2022-03-31 23:54:00+00:00,453.15,453.14,453.18,2500,500,453.17333333333335,3.137473138849084e-08,0.0001630192325059454
2022-03-31 23:55:00+00:00,453.24,453.21,453.25,200,15,453.24720930232553,4.02504079570374e-08,-5.996566936905534e-05
2022-03-31 23:56:00+00:00,453.21,453.19,453.25,500,499,453.22003003003005,6.312071149510713e-08,-4.452425405843119e-05
2022-03-31 23:57:00+00:00,453.22,453.17,453.22,200,285,453.19061855670105,3.32330947897177e-08,-2.8040364763670667e-05
2022-03-31 23:58:00+00:00,453.2,453.17,453.23,200,500,453.1871428571429,1.921908202699943e-08,3.1522770473912942e-06
2022-03-31 23:59:00+00:00,453.21,453.18,453.2,300,400,453.18857142857144,5.24992908954873e-09,4.8081359375284904e-05
