ts_recv,price,bid_px_00,ask_px_00,bid_sz_00,ask_sz_00,weighted_mid,rv_60s,ret_60s
2022-10-28 08:01:00+00:00,376.44,376.43,376.46,26,300,376.4323926380368,1.7397538399062037e-07,-0.00035861018630023445
2022-10-28 08:02:00+00:00,376.25,376.29,376.33,800,1625,376.30319587628867,1.4396204232604841e-07,-0.00010745848104998235
2022-10-28 08:03:00+00:00,376.4,376.29,376.32,300,1600,376.29473684210524,2.400088809243066e-07,-0.0006951748987309436
2022-10-28 08:04:00+00:00,376.05,376.01,376.04,300,300,376.025,1.0900105243593935e-07,-5.3189181320578705e-05
2022-10-28 08:05:00+00:00,375.98,375.99,376.04,400,300,376.0185714285714,2.2018716824474227e-07,0.0008607379384595326
2022-10-28 08:06:00+00:00,376.37,376.33,376.39,100,300,376.345,7.365832067032407e-08,0.0002747216832799104
2022-10-28 08:07:00+00:00,376.4,376.41,376.45,800,1600,376.42333333333335,1.4754373791618666e-07,0.0003663871350516601
2022-10-28 08:08:00+00:00,376.64,376.54,376.59,300,1600,376.5478947368421,1.3485026131932008e-07,9.759368495831922e-05
2022-10-28 08:09:00+00:00,376.6,376.59,376.63,400,1600,376.598,1.494562445277163e-07,0.00024641660338087235
2022-10-28 08:10:00+00:00,376.65,376.7,376.73,25,1300,376.7005660377358,1.646687791306177e-07,0.0008220576092154985
2022-10-28 08:11:00+00:00,377.0,377.0,377.03,336,1300,377.00616136919314,1.6073829443039174e-07,-0.00012627145179111565
2022-10-28 08:12:00+00:00,376.95,376.9,376.95,300,300,376.925,2.390375984160598e-07,0.0005743897493812877
2022-10-28 08:13:00+00:00,377.16,377.19,377.23,300,300,377.21,1.3951715704459812e-07,-0.00036195371679592636
2022-10-28 08:14:00+00:00,377.0,377.01,377.06,400,1600,377.02,1.1152719704836994e-07,0.00015406151551178304
2022-10-28 08:15:00+00:00,377.05,377.1,377.15,800,300,377.1363636363636,1.1391952683909807e-07,-8.205817924888947e-05
2022-10-28 08:16:00+00:00,377.05,377.04,377.08,300,300,377.06,7.991897642751804e-08,-0.00010608391237476589
2022-10-28 08:17:00+00:00,377.0,377.01,377.05,300,325,377.0292,1.4386263534171974e-07,0.00017602152767404178
2022-10-28 08:18:00+00:00,377.08,377.06,377.1,300,300,377.08,8.754823746833133e-08,-0.00027738719977188353
2022-10-28 08:19:00+00:00,376.99,376.99,377.04,900,300,377.0275,1.1702913280743017e-07,-9.752383092342942e-05
2022-10-28 08:20:00+00:00,376.96,376.92,376.97,300,300,376.945,9.972405186454175e-08,-0.00017575508363276704
2022-10-28 08:21:00+00:00,376.86,376.86,376.91,300,500,376.87875,7.755652049616608e-08,0.0004109363778290742
2022-10-28 08:22:00+00:00,377.02,377.03,377.08,425,1600,377.0404938271605,7.074219139432136e-08,-0.0003545827888186137
2022-10-28 08:23:00+00:00,377.04,376.88,376.9,300,1,376.89993355481727,1.188202742224291e-07,7.97730179975531e-05
2022-10-28 08:24:00+00:00,376.9,376.91,376.95,300,300,376.93,4.911537357008588e-08,-0.00018812270423973487
2022-10-28 08:25:00+00:00,376.9,376.83,376.87,300,300,376.85,4.3466531476534444e-08,0.00033410124353205894
2022-10-28 08:26:00+00:00,376.9,376.96,377.01,300,300,376.985,5.4459091465829506e-08,-8.495570653210827e-05
2022-10-28 08:27:00+00:00,376.95,376.93,376.98,425,500,376.952972972973,7.140317756304833e-08,7.169867056333601e-05
2022-10-28 08:28:00+00:00,377.0,376.96,377.0,300,300,376.98,6.64961530419583e-08,-7.957981855810647e-05
2022-10-28 08:29:00+00:00,377.0,376.93,376.97,300,300,376.95,9.404909093749483e-08,-0.00045098819472078056
2022-10-28 08:30:00+00:00,376.8,376.76,376.8,300,300,376.78,7.388725504975575e-08,4.995893999626411e-05
2022-10-28 08:31:00+00:00,376.82,376.81,376.86,300,500,376.82875,1.3891449249770262e-07,0.0006294511972373407
2022-10-28 08:32:00+00:00,376.99,377.02,377.06,800,300,377.0490909090909,6.762904545459166e-08,-4.622521835739857e-05
2022-10-28 08:33:00+00:00,377.05,376.97,377.04,1925,300,377.0305617977528,2.056481259061951e-07,-0.0001553542265823049
2022-10-28 08:34:00+00:00,376.99,376.94,376.99,300,300,376.965,8.475478329916478e-08,-0.0004421335597055709
2022-10-28 08:35:00+00:00,376.79,376.78,376.83,300,300,376.805,4.869483346897057e-08,-8.846582565158467e-05
2022-10-28 08:36:00+00:00,376.75,376.77,376.83,100,1300,376.7742857142857,7.524128558178247e-08,9.300774322595906e-05
2022-10-28 08:37:00+00:00,376.73,376.77,376.8,1,300,376.7700996677741,1.2238803294513575e-07,0.00028519059647558187
2022-10-28 08:38:00+00:00,376.8,376.88,376.92,300,300,376.9,1.1018799509463672e-07,0.00012602728822441733
2022-10-28 08:39:00+00:00,376.9,376.92,376.98,500,500,376.95,6.253466223913854e-08,-0.00043410628368834026
2022-10-28 08:40:00+00:00,376.9,376.75,376.8,800,300,376.78636363636366,8.494092618436173e-08,0.0004873752910379281
2022-10-28 08:41:00+00:00,376.99,376.9,376.95,1300,400,376.93823529411765,4.405774361986153e-08,-0.0004244369578483287
2022-10-28 08:42:00+00:00,376.88,376.78,376.84,300,300,376.80999999999995,1.432029698381416e-07,0.0003848093203471237
2022-10-28 08:43:00+00:00,376.88,376.93,376.98,500,500,376.955,1.1250781152903055e-07,0.0003492901451542796
2022-10-28 08:44:00+00:00,377.02,377.05,377.1,25,300,377.05384615384617,1.178093607601196e-07,-0.00043535526757765286
2022-10-28 08:45:00+00:00,376.9,376.93,376.98,400,1300,376.94176470588235,1.1458468529221825e-07,0.000595992165877135
2022-10-28 08:46:00+00:00,377.12,377.13,377.17,300,400,377.14714285714285,2.8519794190447235e-07,0.0006704469267393431
2022-10-28 08:47:00+00:00,377.38,377.35,377.41,900,1600,377.3716,1.0153016991308668e-07,-1.1802710597752508e-07
2022-10-28 08:48:00+00:00,377.39,377.39,377.42,149,300,377.3999554565702,1.1092504623010769e-07,2.9018116334045274e-05
2022-10-28 08:49:00+00:00,377.41,377.43,377.44,25,2,377.4392592592593,3.4417169233843464e-08,-0.00013352574329195122
2022-10-28 08:50:00+00:00,377.38,377.36,377.38,25,950,377.36051282051284,1.1484378533169177e-07,4.280746290352688e-05
2022-10-28 08:51:00+00:00,377.38,377.37,377.41,100,500,377.37666666666667,1.2084935669797147e-07,0.00014132652610565621
2022-10-28 08:52:00+00:00,377.44,377.41,377.45,300,300,377.43,8.668978853751189e-08,2.144831649641965e-05
2022-10-28 08:53:00+00:00,377.45,377.4,377.44,500,25,377.43809523809523,1.0160132500749183e-07,5.8035376346854406e-05
2022-10-28 08:54:00+00:00,377.45,377.42,377.46,1600,300,377.4536842105263,1.0749748469082874e-07,0.00021152079015052117
2022-10-28 08:55:00+00:00,377.51,377.5,377.54,500,2,377.5398406374502,5.893032561102656e-08,-0.00011877061073739537
2022-10-28 08:56:00+00:00,377.54,377.47,377.52,300,300,377.495,4.381623706041165e-08,-0.00015181046717882563
2022-10-28 08:57:00+00:00,377.45,377.39,377.43,500,100,377.42333333333335,7.625989599691478e-08,-0.00015435108824413124
2022-10-28 08:58:00+00:00,377.45,377.35,377.4,1601,300,377.39210941609673,6.677604505688106e-08,1.4987855940784556e-06
2022-10-28 08:59:00+00:00,377.38,377.36,377.4,300,300,377.38,1.356479944378544e-07,-0.0003302119471497722
2022-10-28 09:00:00+00:00,377.31,377.22,377.26,301,525,377.2345762711864,1.8413065742434744e-07,-0.0005827062218162204
2022-10-28 09:01:00+00:00,377.07,377.06,377.11,300,1300,377.069375,8.39239714458447e-08,0.0003394211880645148
2022-10-28 09:02:00+00:00,377.16,377.12,377.18,25,500,377.12285714285713,1.0879493886608555e-07,-0.0003697241813729324
2022-10-28 09:03:00+00:00,377.05,377.01,377.04,100,800,377.0133333333333,1.7467584172874453e-07,-0.0002699140416640988
2022-10-28 09:04:00+00:00,377.0,376.91,376.96,125,1300,376.9143859649123,1.4485723921716848e-07,-0.00021839736323636672
2022-10-28 09:05:00+00:00,376.93,376.83,376.86,300,500,376.84125,7.202966686156247e-08,2.776122084058308e-05
2022-10-28 09:06:00+00:00,376.89,376.85,376.88,325,500,376.8618181818182,1.7034608177041668e-07,-0.00015722262089723493
2022-10-28 09:07:00+00:00,376.9,376.8,376.86,300,1300,376.81125,1.3888996303674598e-07,-3.639182860704082e-05
2022-10-28 09:08:00+00:00,376.78,376.74,376.8,300,300,376.77,7.112926771587116e-08,0.00019747665904890077
2022-10-28 09:09:00+00:00,376.78,376.85,376.88,25,300,376.8523076923077,1.242685055638221e-07,-0.00017842047337013334
2022-10-28 09:10:00+00:00,376.83,376.78,376.83,300,500,376.79875,1.310097376073344e-07,-0.0002910592610810836
2022-10-28 09:11:00+00:00,376.68,376.65,376.7,300,300,376.675,8.697455254346014e-08,0.00040803360997543336
2022-10-28 09:12:00+00:00,376.84,376.79,376.84,825,241,376.82869606003754,1.3303306550763624e-07,3.964746781504047e-05
2022-10-28 09:13:00+00:00,376.84,376.83,376.88,300,300,376.855,1.3189179413512062e-07,-1.326810251656152e-05
2022-10-28 09:14:00+00:00,376.83,376.82,376.88,325,500,376.84363636363634,1.238017406131449e-07,-0.00023762280696459914
2022-10-28 09:15:00+00:00,376.77,376.73,376.77,300,300,376.75,1.628638650689338e-07,-0.0003953772479344808
2022-10-28 09:16:00+00:00,376.6,376.6,376.64,1,300,376.60013289036544,1.5097966480891182e-07,0.000338940101886509
2022-10-28 09:17:00+00:00,376.64,376.68,376.74,300,300,376.71,1.615143975629898e-07,5.657435572947733e-05
2022-10-28 09:18:00+00:00,376.74,376.71,376.75,300,300,376.73,1.728624916844235e-07,0.0003716001003801761
2022-10-28 09:19:00+00:00,376.85,376.87,376.92,800,300,376.90636363636366,1.345038899879791e-07,0.0002694004505787717
2022-10-28 09:20:00+00:00,376.98,376.96,377.0,300,300,376.98,1.358048530066327e-07,0.00010444556810917938
2022-10-28 09:21:00+00:00,377.01,377.03,377.06,300,300,377.045,1.0931042786882706e-07,0.00034148476248585524
2022-10-28 09:22:00+00:00,377.16,377.13,377.18,300,300,377.155,1.3837239444669965e-07,0.000321482664793038
2022-10-28 09:23:00+00:00,377.28,377.26,377.3,300,300,377.28,1.2369337690730438e-07,0.00014010056949009808
2022-10-28 09:24:00+00:00,377.3,377.31,377.35,300,300,377.33,7.80925581696697e-08,-0.0002924662953890378
2022-10-28 09:25:00+00:00,377.35,377.21,377.26,100,300,377.2225,8.099469615890175e-08,0.00020544903869734732
2022-10-28 09:26:00+00:00,377.35,377.23,377.29,125,325,377.24666666666667,9.081922734589168e-08,0.0001106936281005666
2022-10-28 09:27:00+00:00,377.33,377.33,377.38,400,1300,377.3417647058823,5.726194642299999e-08,-0.00032269077338209495
2022-10-28 09:28:00+00:00,377.3,377.21,377.25,100,300,377.22,5.754865622664769e-08,4.9232353988237776e-05
2022-10-28 09:29:00+00:00,377.25,377.25,377.3,100,800,377.25555555555553,1.8007430261878032e-07,-0.00030371080066804446
2022-10-28 09:30:00+00:00,377.25,377.14,377.18,300,1300,377.1475,1.9049361636553841e-07,0.00018826698910689998
2022-10-28 09:31:00+00:00,377.25,377.18,377.21,300,300,377.195,6.545175186278479e-08,7.953445830422012e-05
2022-10-28 09:32:00+00:00,377.21,377.2,377.25,300,300,377.225,9.044406803705507e-08,-0.00012307925357168958
2022-10-28 09:33:00+00:00,377.27,377.15,377.2,400,300,377.17857142857144,6.783383053513584e-08,1.704384054534991e-05
2022-10-28 09:34:00+00:00,377.15,377.16,377.21,300,300,377.185,1.3319509203668178e-07,-0.0005692245722840328
2022-10-28 09:35:00+00:00,377.0,376.97,377.0,3,300,376.97029702970303,9.976895740498275e-08,-5.6254088927509827e-05
2022-10-28 09:36:00+00:00,376.85,376.96,377.01,300,601,376.9766481687014,9.734155481865935e-08,-0.00042204879366392056
2022-10-28 09:37:00+00:00,376.8,376.76,376.82,300,300,376.79,1.6839617410756711e-07,-0.00023885984235261226
2022-10-28 09:38:00+00:00,376.65,376.66,376.71,300,125,376.69529411764705,7.895671102822095e-08,0.00017418113907008426
2022-10-28 09:39:00+00:00,376.77,376.72,376.77,1300,125,376.7656140350877,2.0762632292306748e-07,-0.00029358845650240273
2022-10-28 09:40:00+00:00,376.67,376.63,376.68,300,300,376.655,1.6621926024476854e-07,0.00042479191833377783
2022-10-28 09:41:00+00:00,376.82,376.79,376.84,300,300,376.815,8.028326607834949e-08,-0.00042792882448949854
2022-10-28 09:42:00+00:00,376.7,376.6,376.65,300,425,376.62068965517244,1.0293484775818086e-07,-8.890154243179627e-05
2022-10-28 09:43:00+00:00,376.62,376.59,376.64,500,300,376.62125,2.679397493737317e-07,0.0006830091827521034
2022-10-28 09:44:00+00:00,376.87,376.91,376.92,100,500,376.9116666666667,8.850722852335531e-08,-0.00018468935704007983
2022-10-28 09:45:00+00:00,376.85,376.83,376.9,800,1300,376.8566666666667,2.3715613347284282e-07,0.00044347601388405877
2022-10-28 09:46:00+00:00,377.05,376.9,376.97,300,1600,376.91105263157897,7.99847744542681e-08,-9.284435307388428e-05
2022-10-28 09:47:00+00:00,376.96,376.92,376.96,300,300,376.94,1.1057027838621603e-07,0.00013264710564020454
2022-10-28 09:48:00+00:00,376.96,376.97,377.01,300,300,376.99,1.097540966703318e-07,0.0004243482913186547
2022-10-28 09:49:00+00:00,377.05,377.14,377.15,800,2,377.1499750623442,1.4431310592670827e-07,-5.296318086966956e-05
2022-10-28 09:50:00+00:00,377.17,377.11,377.17,800,500,377.1469230769231,1.3689754414775976e-07,0.0003977408320736675
2022-10-28 09:51:00+00:00,377.3,377.26,377.31,300,300,377.285,8.778558750294248e-08,0.00017891221374055633
2022-10-28 09:52:00+00:00,377.35,377.34,377.39,800,300,377.37636363636364,1.8006345169328253e-07,-0.0001733011000261131
2022-10-28 09:53:00+00:00,377.29,377.26,377.33,300,1300,377.273125,7.973687736845295e-08,0.0003654950365215015
2022-10-28 09:54:00+00:00,377.35,377.4,377.44,300,300,377.42,8.631616887940716e-08,-0.00011775858312879084
2022-10-28 09:55:00+00:00,377.35,377.35,377.41,800,25,377.40818181818184,1.180860563949811e-07,-0.00028211855510329453
2022-10-28 09:56:00+00:00,377.4,377.25,377.31,1600,25,377.30907692307693,6.30223799192097e-08,0.000246546447372209
2022-10-28 09:57:00+00:00,377.4,377.37,377.43,800,1825,377.3882857142857,7.276977653511582e-08,0.00038860483020641823
2022-10-28 09:58:00+00:00,377.45,377.49,377.52,500,300,377.50875,5.19026184693925e-08,-2.3178270702417514e-05
2022-10-28 09:59:00+00:00,377.5,377.5,377.54,300,300,377.52,8.438419307845748e-08,0.0004470198675496917
2022-10-28 10:00:00+00:00,377.69,377.65,377.71,300,325,377.6788,9.62341674052792e-08,-0.0003303159183808413
2022-10-28 10:01:00+00:00,377.48,377.52,377.56,300,300,377.54,6.652146371470048e-08,0.00035691204204013616
2022-10-28 10:02:00+00:00,377.68,377.66,377.71,300,500,377.67875,6.527618588334053e-08,-0.00020851053971115974
2022-10-28 10:03:00+00:00,377.6,377.58,377.62,300,300,377.6,8.391901288846574e-08,-0.00014565677966105195
2022-10-28 10:04:00+00:00,377.49,377.52,377.57,300,300,377.545,6.050491882503646e-08,-6.621727211331141e-05
2022-10-28 10:05:00+00:00,377.48,377.49,377.55,300,300,377.52,4.4418476947206406e-08,-0.00016441239011755204
2022-10-28 10:06:00+00:00,377.41,377.4,377.48,2100,800,377.4579310344828,6.612380899229802e-08,0.0002571649912115337
2022-10-28 10:07:00+00:00,377.54,377.53,377.58,300,300,377.555,6.5286052646328e-08,-6.621551826890837e-05
2022-10-28 10:08:00+00:00,377.53,377.5,377.56,300,300,377.53,8.587981147734777e-08,3.9731941832599205e-05
2022-10-28 10:09:00+00:00,377.53,377.52,377.57,300,300,377.545,7.238702825425444e-08,9.270418095841393e-05
2022-10-28 10:10:00+00:00,377.6,377.55,377.59,300,300,377.57,1.4922885440193888e-07,-0.00038041306116942675
2022-10-28 10:11:00+00:00,377.45,377.42,377.47,300,800,377.43363636363637,5.584289081677079e-08,-0.00019268750903222998
2022-10-28 10:12:00+00:00,377.45,377.35,377.4,300,300,377.375,6.537874840472091e-08,8.311250301118456e-05
2022-10-28 10:13:00+00:00,377.42,377.37,377.42,300,300,377.395,9.503863911698226e-08,9.184280912344356e-05
2022-10-28 10:14:00+00:00,377.41,377.38,377.45,300,300,377.415,2.3970222085426297e-08,-0.00024719143782747643
2022-10-28 10:15:00+00:00,377.41,377.33,377.38,300,800,377.34363636363634,7.215424969731552e-08,9.877851928585812e-05
2022-10-28 10:16:00+00:00,377.33,377.36,377.4,300,300,377.38,5.1299026828519914e-08,-0.0003351943387258638
2022-10-28 10:17:00+00:00,377.33,377.2,377.26,1100,300,377.2471428571429,3.4588637996218676e-08,-5.8695890908899706e-05
2022-10-28 10:18:00+00:00,377.26,377.21,377.27,300,800,377.22636363636366,4.321277427684218e-08,3.0124292832223176e-05
2022-10-28 10:19:00+00:00,377.2,377.21,377.25,300,300,377.23,3.559943983345245e-08,0.00028229915447952614
2022-10-28 10:20:00+00:00,377.23,377.32,377.38,300,1300,377.33125,6.172341075579009e-08,0.0005357007647459611
2022-10-28 10:21:00+00:00,377.5,377.5,377.55,500,300,377.53125,6.689057410545388e-08,-0.00011919108980396054
2022-10-28 10:22:00+00:00,377.5,377.48,377.53,300,800,377.49363636363637,1.50035058634868e-08,0.00014930764599641044
2022-10-28 10:23:00+00:00,377.49,377.52,377.57,800,300,377.55636363636364,5.208533409138907e-08,-4.308745435221972e-06
2022-10-28 10:24:00+00:00,377.54,377.52,377.58,1100,800,377.5547368421053,9.121717818067558e-08,5.3537466319975024e-05
2022-10-28 10:25:00+00:00,377.54,377.54,377.59,500,327,377.57022974607014,9.071025130671586e-08,-0.00016495665143800853
2022-10-28 10:26:00+00:00,377.5,377.47,377.53,800,325,377.5126666666667,8.853769308472916e-08,-0.00011090135606939278
2022-10-28 10:27:00+00:00,377.4,377.46,377.5,300,300,377.48,6.766196222179811e-08,0.00020740917997086328
2022-10-28 10:28:00+00:00,377.56,377.53,377.6,300,300,377.565,5.447766584305764e-08,0.00019112505538099178
2022-10-28 10:29:00+00:00,377.56,377.59,377.64,300,300,377.615,5.696245374150084e-08,-0.000294607361211785
2022-10-28 10:30:00+00:00,377.57,377.46,377.53,1300,500,377.5105555555556,9.523149969565221e-08,-0.0002516489629412755
2022-10-28 10:31:00+00:00,377.31,377.38,377.45,1300,300,377.436875,6.164962398402652e-08,8.061080988719382e-05
2022-10-28 10:32:00+00:00,377.47,377.42,377.47,300,290,377.4454237288136,5.585140602981645e-08,6.889696093836939e-05
2022-10-28 10:33:00+00:00,377.41,377.45,377.5,300,400,377.4714285714286,6.514196342519578e-08,0.0006008579869141162
2022-10-28 10:34:00+00:00,377.65,377.69,377.7,800,50,377.69941176470587,1.2752150843660693e-07,0.0005209574403468586
2022-10-28 10:35:00+00:00,377.89,377.88,377.95,300,2125,377.88865979381444,7.877262931016637e-08,0.00014554307413439105
2022-10-28 10:36:00+00:00,377.95,377.92,377.98,300,300,377.95,9.588912424571872e-08,-0.0002934491094300773
2022-10-28 10:37:00+00:00,377.88,377.83,377.88,300,1350,377.8390909090909,9.249364189174193e-08,-0.0002908404972775669
2022-10-28 10:38:00+00:00,377.73,377.71,377.74,300,300,377.725,7.185724402619402e-08,0.0003859908103478471
2022-10-28 10:39:00+00:00,377.9,377.79,377.85,1300,825,377.82670588235294,4.5465336810684777e-08,-0.00025317014003745086
2022-10-28 10:40:00+00:00,377.75,377.77,377.82,325,300,377.796,5.824500187264144e-08,0.00017382281367073205
2022-10-28 10:41:00+00:00,377.86,377.83,377.86,300,300,377.845,4.3749561787336607e-08,6.536270083490336e-05
2022-10-28 10:42:00+00:00,377.88,377.84,377.89,800,300,377.87636363636364,3.1772286478732255e-08,-5.212635428275547e-05
2022-10-28 10:43:00+00:00,377.86,377.8,377.85,300,800,377.81363636363636,5.61681630814971e-08,-0.00017082295764314637
2022-10-28 10:44:00+00:00,377.8,377.76,377.8,300,800,377.7709090909091,4.475625971363494e-08,-0.0002659036875186649
2022-10-28 10:45:00+00:00,377.65,377.67,377.72,300,300,377.695,4.482812440749308e-08,-1.2927050163979992e-05
2022-10-28 10:46:00+00:00,377.7,377.66,377.73,800,1325,377.6863529411765,3.701612324499781e-08,-0.0002915632619076014
2022-10-28 10:47:00+00:00,377.56,377.55,377.59,300,300,377.57,3.712848147611131e-08,-0.00027182132835590345
2022-10-28 10:48:00+00:00,377.44,377.44,377.48,650,300,377.46736842105264,3.78644866806538e-08,0.00015629222615398675
2022-10-28 10:49:00+00:00,377.55,377.5,377.55,400,300,377.5285714285714,7.567340831896936e-08,0.00018180548498736293
2022-10-28 10:50:00+00:00,377.6,377.59,377.61,100,300,377.595,9.758433555104219e-08,-0.0005031846290338704
2022-10-28 10:51:00+00:00,377.44,377.37,377.45,1325,1325,377.41,5.4139280907177537e-08,0.0002384706084976873
2022-10-28 10:52:00+00:00,377.51,377.47,377.52,300,300,377.495,3.030980451091346e-08,0.0002938028077434929
2022-10-28 10:53:00+00:00,377.6,377.6,377.64,52,300,377.6059090909091,1.0409985625817243e-07,0.000434555988506391
2022-10-28 10:54:00+00:00,377.79,377.74,377.79,300,300,377.765,7.950032005428687e-08,-1.3235566614588912e-05
2022-10-28 10:55:00+00:00,377.76,377.74,377.78,500,300,377.765,4.8723075779662143e-08,0.0002620676875835226
2022-10-28 10:56:00+00:00,377.86,377.84,377.89,300,325,377.864,1.026169389131757e-07,8.645085709857447e-05
2022-10-28 10:57:00+00:00,377.89,377.87,377.91,600,300,377.89666666666665,7.216248278772981e-08,-0.00044103767343794953
2022-10-28 10:58:00+00:00,377.89,377.67,377.68,1300,25,377.6798113207547,6.355939008760513e-08,-0.00010830246713022795
2022-10-28 10:59:00+00:00,377.7,377.66,377.7,800,300,377.6890909090909,2.826096929010535e-08,7.872247580498204e-05
2022-10-28 11:00:00+00:00,377.73,377.71,377.74,125,300,377.7188235294118,8.570298258183946e-08,0.00042671018902940006
2022-10-28 11:01:00+00:00,377.86,377.86,377.89,50,25,377.88,8.488667528451409e-08,-0.0004326610985063706
2022-10-28 11:02:00+00:00,377.76,377.71,377.76,390,800,377.72638655462185,1.780978262159406e-08,0.00011488591956521077
2022-10-28 11:03:00+00:00,377.72,377.73,377.76,300,1,377.7599003322259,5.883778106718035e-08,7.959126915646486e-05
2022-10-28 11:04:00+00:00,377.76,377.77,377.81,300,301,377.78996672212975,5.779988256200908e-08,-0.00020439566248053875
2022-10-28 11:05:00+00:00,377.71,377.71,377.73,80,865,377.7116931216931,4.692076966328193e-08,-6.0159798494718864e-05
2022-10-28 11:06:00+00:00,377.76,377.69,377.71,1,800,377.69002496878903,1.0680968121098794e-07,-0.0005662609772467686
2022-10-28 11:07:00+00:00,377.48,377.45,377.5,300,300,377.475,1.1930547346908467e-07,-0.0004121203664779749
2022-10-28 11:08:00+00:00,377.34,377.32,377.35,306,300,377.3351485148515,1.1462333582802919e-07,-0.00010756962794944425
2022-10-28 11:09:00+00:00,377.33,377.29,377.31,300,10,377.3093548387097,1.1503104550111931e-07,0.0003417317944991449
2022-10-28 11:10:00+00:00,377.37,377.4,377.41,25,3,377.4089285714286,7.022110856134881e-08,8.395883294753936e-05
2022-10-28 11:11:00+00:00,377.36,377.44,377.48,25,1600,377.4406153846154,6.058132517433499e-08,5.5881459487983065e-05
2022-10-28 11:12:00+00:00,377.49,377.45,377.49,300,725,377.46170731707315,6.57093948419637e-08,-3.353902602598602e-05
2022-10-28 11:13:00+00:00,377.44,377.44,377.48,475,1625,377.44904761904763,3.742874933879491e-08,0.0003277885215768883
2022-10-28 11:14:00+00:00,377.55,377.57,377.61,300,1300,377.5775,2.2252051123395236e-08,2.3712127249053694e-05
2022-10-28 11:15:00+00:00,377.57,377.56,377.59,300,300,377.575,4.604480253872505e-08,-3.540068057805712e-05
2022-10-28 11:16:00+00:00,377.56,377.55,377.57,950,85,377.5683574879227,5.5434518311473084e-08,0.00012714558169113488
2022-10-28 11:17:00+00:00,377.6,377.6,377.63,325,300,377.6156,1.874109095663335e-08,-6.089946096410337e-05
2022-10-28 11:18:00+00:00,377.6,377.59,377.6,300,591,377.59336700336695,1.093326051094698e-07,0.00043751940484426655
2022-10-28 11:19:00+00:00,377.76,377.73,377.78,400,300,377.75857142857143,8.914317363484119e-08,0.00034791155454505507
2022-10-28 11:20:00+00:00,377.88,377.88,377.89,5000,1,377.8899980003999,5.051815690643724e-08,0.00014000165573713197
2022-10-28 11:21:00+00:00,377.93,377.91,377.94,300,300,377.925,9.000155383349679e-08,-0.00025904237113805184
2022-10-28 11:22:00+00:00,377.87,377.84,377.86,100,300,377.845,5.047382405990655e-08,6.731538754967126e-05
2022-10-28 11:23:00+00:00,377.92,377.86,377.92,300,125,377.90235294117645,7.936596540925676e-08,-0.00013106527301642856
2022-10-28 11:24:00+00:00,377.9,377.82,377.86,300,300,377.84,2.829006287553105e-07,0.0008710235489155504
2022-10-28 11:25:00+00:00,378.19,378.13,378.16,300,25,378.15769230769234,6.822920890424844e-08,0.00035700119000403596
2022-10-28 11:26:00+00:00,378.3,378.27,378.3,300,264,378.2859574468085,3.391659007091761e-08,0.00011563375489398453
2022-10-28 11:27:00+00:00,378.32,378.3,378.33,800,35,378.3287425149701,1.2369478087237175e-07,-9.910036102689368e-05
2022-10-28 11:28:00+00:00,378.2,378.24,378.29,325,500,378.25969696969696,8.878820120053154e-08,1.2963149832012633e-05
2022-10-28 11:29:00+00:00,378.31,378.25,378.31,1000,300,378.29615384615386,6.482343838105924e-08,0.00031646031249965567
2022-10-28 11:30:00+00:00,378.42,378.38,378.43,825,325,378.4158695652174,4.853482968768555e-08,-0.0005364796740514599
2022-10-28 11:31:00+00:00,378.26,378.21,378.23,25,900,378.21054054054053,6.338690251065639e-08,-0.00023229549497827406
2022-10-28 11:32:00+00:00,378.16,378.12,378.15,300,300,378.135,8.342743386311884e-08,-0.00018981604905354832
2022-10-28 11:33:00+00:00,378.03,378.03,378.07,300,350,378.04846153846154,7.503103168594953e-08,-2.059700828116462e-06
2022-10-28 11:34:00+00:00,378.05,378.03,378.06,300,1000,378.0369230769231,1.4087175664321594e-07,0.00039155694319825685
2022-10-28 11:35:00+00:00,378.21,378.19,378.23,250,1000,378.198,2.1506879354690175e-07,0.00044792566364249
2022-10-28 11:36:00+00:00,378.34,378.34,378.37,253,1,378.36988188976375,1.5876387806346996e-07,0.0004781514568037437
2022-10-28 11:37:00+00:00,378.5,378.53,378.57,325,300,378.5508,1.5110091054491246e-07,-0.0002504287403433114
2022-10-28 11:38:00+00:00,378.46,378.44,378.47,100,1300,378.44214285714287,1.3631730421402056e-07,-0.00046603439879733255
2022-10-28 11:39:00+00:00,378.25,378.26,378.27,264,500,378.2634554973822,8.242570274361022e-08,-7.781044305332774e-05
2022-10-28 11:40:00+00:00,378.27,378.24,378.25,100,500,378.2416666666667,1.6509842428701295e-07,-0.0005161756294171926
2022-10-28 11:41:00+00:00,378.04,378.01,378.06,703,79,378.05494884910485,9.819772122804975e-08,4.943068352480928e-05
2022-10-28 11:42:00+00:00,378.1,378.08,378.11,25,800,378.0809090909091,1.3832132132648873e-07,4.524895779867144e-05
2022-10-28 11:43:00+00:00,378.1,378.08,378.1,325,280,378.09074380165293,1.0122334303517718e-07,-0.00010776196540340788
2022-10-28 11:44:00+00:00,378.04,378.04,378.07,100,325,378.0470588235294,2.1340006901427677e-07,-2.3932334473286687e-05
2022-10-28 11:45:00+00:00,378.01,378.02,378.07,325,825,378.0341304347826,1.1241226199150034e-07,0.00031464477167753024
2022-10-28 11:46:00+00:00,378.16,378.15,378.16,300,3,378.15990099009906,1.5724373526270234e-07,0.00011213960575306992
2022-10-28 11:47:00+00:00,378.2,378.23,378.25,25,85,378.23454545454547,1.214854782010832e-07,0.00036994626174613465
2022-10-28 11:48:00+00:00,378.34,378.33,378.37,300,400,378.34714285714284,1.442395522847448e-07,0.0004779304170086096
2022-10-28 11:49:00+00:00,378.57,378.49,378.52,300,243,378.50657458563535,1.2800707803508885e-07,-4.081659117760594e-05
2022-10-28 11:50:00+00:00,378.51,378.51,378.57,300,800,378.5263636363636,1.6326417415922702e-07,-0.00019461054592340155
2022-10-28 11:51:00+00:00,378.44,378.42,378.47,300,800,378.43363636363637,9.683492957150078e-08,-0.0003578845249618823
2022-10-28 11:52:00+00:00,378.29,378.28,378.3,214,10,378.29910714285717,1.1007421988591938e-07,-8.242493782184557e-05
2022-10-28 11:53:00+00:00,378.16,378.26,378.27,148,1800,378.2607597535934,6.727507385929154e-08,0.00011691057940454996
2022-10-28 11:54:00+00:00,378.33,378.31,378.37,800,1425,378.33157303370785,7.181535081751271e-08,0.00020739927410251546
2022-10-28 11:55:00+00:00,378.3,378.37,378.41,300,300,378.39,9.071883422201124e-08,-0.0006739078728296155
2022-10-28 11:56:00+00:00,378.19,378.12,378.15,300,300,378.135,8.592046862913683e-08,0.00021113811119688464
2022-10-28 11:57:00+00:00,378.18,378.22,378.27,500,1300,378.2338888888889,1.2622808189321418e-07,-3.313200881405187e-05
2022-10-28 11:58:00+00:00,378.15,378.2,378.23,25,300,378.20230769230767,8.58061332094471e-08,-7.220392830042943e-05
2022-10-28 11:59:00+00:00,378.16,378.15,378.2,300,300,378.175,9.948111788728348e-08,-0.0003313484294512614
2022-10-28 12:00:00+00:00,378.1,378.04,378.07,300,1525,378.0449315068493,2.4122252104734514e-07,-0.0002492734795325191
2022-10-28 12:01:00+00:00,377.9,377.9,377.95,1800,325,377.94235294117647,1.7393230047876224e-07,-1.202642928133102e-06
2022-10-28 12:02:00+00:00,377.95,377.94,377.98,300,800,377.9509090909091,9.398329000326267e-08,9.045835929999413e-05
2022-10-28 12:03:00+00:00,377.92,377.96,378.0,310,300,377.98032786885244,2.0503741343386097e-07,3.814041690031189e-06
2022-10-28 12:04:00+00:00,378.03,377.97,378.0,1,300,377.97009966777415,1.0966879241818307e-07,0.00022320432676825597
2022-10-28 12:05:00+00:00,378.11,378.07,378.12,1000,300,378.10846153846154,1.7849528342082183e-07,-0.0006743880299402427
2022-10-28 12:06:00+00:00,377.85,377.82,377.83,1,500,377.82001996007983,1.0163601507527645e-07,0.00010909758897192923
2022-10-28 12:07:00+00:00,377.84,377.8,377.85,380,2300,377.8070895522388,3.3294109618063806e-07,-0.0003621699764132513
2022-10-28 12:08:00+00:00,377.74,377.69,377.74,1000,325,377.7277358490566,2.7320198777282777e-07,-0.0005623147458835298
2022-10-28 12:09:00+00:00,377.5,377.48,377.56,1000,1025,377.5195061728395,1.735046537160291e-07,0.0004374506165178982
2022-10-28 12:10:00+00:00,377.68,377.67,377.68,500,200,377.6771428571429,2.2253322053048453e-07,5.681874164187306e-05
2022-10-28 12:11:00+00:00,377.7,377.7,377.75,500,1300,377.7138888888889,2.2974774679163737e-07,6.480014964482805e-05
2022-10-28 12:12:00+00:00,377.72,377.69,377.76,25,2600,377.6906666666667,1.1262927088929192e-07,-8.634734441204106e-05
2022-10-28 12:13:00+00:00,377.62,377.69,377.72,1025,800,377.7068493150685,1.9156674393037898e-07,8.061509502654829e-05
2022-10-28 12:14:00+00:00,377.75,377.72,377.75,25,800,377.7209090909091,8.448466634096667e-08,-0.0002936270887836656
2022-10-28 12:15:00+00:00,377.62,377.61,377.64,300,300,377.625,8.895001507407299e-08,-2.482720266949734e-05
2022-10-28 12:16:00+00:00,377.6,377.6,377.61,100,1800,377.60052631578947,1.1673369971138174e-07,8.594245064341699e-05
2022-10-28 12:17:00+00:00,377.68,377.63,377.67,25,300,377.63307692307694,8.354992290339402e-08,0.00044406149233178205
2022-10-28 12:18:00+00:00,377.81,377.78,377.81,1325,300,377.80446153846157,1.8333987491789593e-07,0.0004459004644288278
2022-10-28 12:19:00+00:00,377.96,377.92,377.97,1300,300,377.960625,1.475676081078459e-07,-5.180695329454199e-05
2022-10-28 12:20:00+00:00,377.92,377.93,377.97,325,300,377.9508,1.7663661169010584e-07,0.00031181578091632467
2022-10-28 12:21:00+00:00,378.07,378.06,378.09,300,800,378.0681818181818,1.8780023045485462e-07,-0.0004385340039687602
2022-10-28 12:22:00+00:00,377.9,377.9,377.92,825,5,377.91987951807226,2.1141754331549442e-07,0.00029035070404348495
2022-10-28 12:23:00+00:00,378.0,378.01,378.03,50,1000,378.0109523809524,1.1743391610963088e-07,-8.314185512148242e-05
2022-10-28 12:24:00+00:00,377.95,377.96,378.01,300,25,378.00615384615384,1.7081550006902908e-07,-0.00022469841486150166
2022-10-28 12:25:00+00:00,377.88,377.87,377.9,1525,301,377.89505476451257,2.1981729822229041e-07,-6.355166704741233e-05
2022-10-28 12:26:00+00:00,377.83,377.84,377.89,1375,600,377.8748101265823,2.1633158119280047e-07,-0.0005645118672438221
2022-10-28 12:27:00+00:00,377.6,377.65,377.66,1500,100,377.659375,3.161288961256619e-07,-0.00029504002387215067
2022-10-28 12:28:00+00:00,377.54,377.51,377.57,100,900,377.516,1.6086591009047214e-07,-2.2811612326867348e-06
2022-10-28 12:29:00+00:00,377.51,377.49,377.55,100,100,377.52,3.5122251885556423e-07,-8.066457982192077e-05
2022-10-28 12:30:00+00:00,377.38,377.25,377.78,1,1,377.515,3.903571122656647e-05,0.006410341310941314
2022-10-28 12:31:00+00:00,379.94,379.67,379.83,600,100,379.8071428571429,4.054178601385167e-06,-0.0016938987683983164
2022-10-28 12:32:00+00:00,379.23,379.2,379.28,100,500,379.2133333333333,1.4112503086999187e-06,-0.001578725347779475
2022-10-28 12:33:00+00:00,378.67,378.65,378.71,100,126,378.67654867256635,1.1044540657741772e-06,0.0014982293652954226
2022-10-28 12:34:00+00:00,379.27,379.25,379.31,600,1900,379.2644,1.586868570777345e-06,0.00016699186134405686
2022-10-28 12:35:00+00:00,379.26,379.27,379.3,30,100,379.2769230769231,1.1910189952778466e-06,-0.0004921043612748921
2022-10-28 12:36:00+00:00,379.13,379.09,379.16,600,600,379.125,1.1205024661436546e-06,-0.0006798301249344441
2022-10-28 12:37:00+00:00,378.87,378.85,378.91,2673,100,378.9078362783989,7.121887523305944e-07,0.0009831912370807938
2022-10-28 12:38:00+00:00,379.24,379.21,379.25,100,100,379.23,5.069678976375077e-07,0.00024318949965240755
2022-10-28 12:39:00+00:00,379.39,379.35,379.38,100,100,379.365,8.699174140464983e-07,-0.0007214000561945877
2022-10-28 12:40:00+00:00,379.02,379.0,379.03,350,100,379.0233333333333,8.563703753977303e-07,-0.0011477658797587331
2022-10-28 12:41:00+00:00,378.66,378.65,378.7,600,600,378.675,4.89783624219301e-07,0.0006984358182995365
2022-10-28 12:42:00+00:00,378.91,378.93,378.95,100,225,378.93615384615384,6.02145304771849e-07,-0.0006889302647086204
2022-10-28 12:43:00+00:00,378.6,378.63,378.69,100,1400,378.634,4.130006026163293e-07,-0.00033516089294916007
2022-10-28 12:44:00+00:00,378.47,378.38,378.42,1,600,378.3800665557404,6.141128688732827e-07,9.153754622093224e-05
2022-10-28 12:45:00+00:00,378.54,378.53,378.56,25,100,378.536,3.7605177273063337e-07,-0.00015442092009088082
2022-10-28 12:46:00+00:00,378.51,378.5,378.54,125,1300,378.50350877192983,8.392674848981312e-07,-0.0005809302713328801
2022-10-28 12:47:00+00:00,378.29,378.26,378.29,160,100,378.2784615384615,3.6101639402966175e-07,-0.001225196617054447
2022-10-28 12:48:00+00:00,377.8,377.77,377.81,1,100,377.77039603960395,3.975143974127636e-07,-0.00017050447478184072
2022-10-28 12:49:00+00:00,377.7,377.72,377.75,6,1500,377.72011952191235,3.558486261376319e-07,0.00026884116431658
2022-10-28 12:50:00+00:00,377.83,377.83,377.87,400,500,377.84777777777776,6.109844093356215e-07,6.710501386320011e-05
2022-10-28 12:51:00+00:00,377.88,377.86,377.88,2420,250,377.87812734082394,1.8199243984875786e-07,-3.946816094468897e-05
2022-10-28 12:52:00+00:00,377.82,377.82,377.85,2350,600,377.84389830508474,3.254273882789529e-07,0.00017831158102832312
2022-10-28 12:53:00+00:00,377.91,377.9,377.95,625,600,377.92551020408166,3.119840471762521e-07,-2.633696945819608e-05
2022-10-28 12:54:00+00:00,377.86,377.9,377.95,525,2300,377.9092920353982,3.3008174646520874e-07,0.0004130424503343555
2022-10-28 12:55:00+00:00,378.08,378.06,378.11,100,100,378.085,4.843558345888998e-07,-0.0001282531160842204
2022-10-28 12:56:00+00:00,378.02,378.01,378.04,100,50,378.03,3.666181657653188e-07,0.00040501747322019277
2022-10-28 12:57:00+00:00,378.19,378.1,378.14,1105,136,378.1356164383562,4.5156427513942157e-07,9.255096914073668e-05
2022-10-28 12:58:00+00:00,378.2,378.17,378.21,1125,100,378.20673469387754,1.8184229060077462e-07,0.0009110593413035328
2022-10-28 12:59:00+00:00,378.55,378.55,378.59,100,500,378.5566666666667,1.4082425161375322e-07,0.00022705096148389892
2022-10-28 13:00:00+00:00,378.67,378.63,378.68,600,1100,378.6476470588235,2.614253717507763e-07,9.437244260923627e-05
2022-10-28 13:01:00+00:00,378.62,378.64,378.66,100,100,378.65,4.7374953208701094e-07,-0.0005520032951478182
2022-10-28 13:02:00+00:00,378.43,378.44,378.49,25,425,378.4427777777778,2.308649534691532e-07,0.0003816614604128521
2022-10-28 13:03:00+00:00,378.55,378.62,378.67,1125,500,378.6546153846154,2.41068257817402e-07,0.0005339031804754146
2022-10-28 13:04:00+00:00,378.77,378.77,378.81,1125,150,378.80529411764707,3.8587196809850336e-07,0.0005016929424466188
2022-10-28 13:05:00+00:00,379.0,378.99,379.04,1800,100,379.03736842105263,3.8868290436694765e-07,0.0010493472567243423
2022-10-28 13:06:00+00:00,379.4,379.4,379.41,100,140,379.40416666666664,3.5960851970865477e-07,0.000192038341326084
2022-10-28 13:07:00+00:00,379.39,379.43,379.47,625,110,379.46401360544223,3.294060495588388e-07,0.0003441337595220251
2022-10-28 13:08:00+00:00,379.63,379.59,379.6,1100,25,379.5997777777778,3.555330285471763e-07,0.00027472527472527375
2022-10-28 13:09:00+00:00,379.75,379.75,379.78,4071,1100,379.7736182556565,2.1250430343972174e-07,-0.000183272511342647
2022-10-28 13:10:00+00:00,379.63,379.64,379.66,5,625,379.6401587301587,2.1511492919540347e-07,0.0006384975994890851
2022-10-28 13:11:00+00:00,379.8,379.85,379.88,1325,705,379.86958128078817,3.6430211521061776e-07,0.00016481849788063663
2022-10-28 13:12:00+00:00,379.94,379.89,379.93,1400,500,379.9194736842105,1.3490040493626994e-07,-6.274917084236886e-05
2022-10-28 13:13:00+00:00,379.91,379.91,379.96,1625,500,379.94823529411764,1.1095620862637269e-07,-0.00010755557491859413
2022-10-28 13:14:00+00:00,379.9,379.87,379.91,5,500,379.8703960396039,1.4273930062736035e-07,-0.0006955729364416241
2022-10-28 13:15:00+00:00,379.62,379.61,379.63,1,25,379.6107692307692,1.881719829600925e-07,-0.0003156307974603312
2022-10-28 13:16:00+00:00,379.52,379.49,379.52,25,500,379.49142857142857,1.8817840339344735e-07,-0.00022461166650555864
2022-10-28 13:17:00+00:00,379.45,379.4,379.44,1825,500,379.43139784946237,2.2277413092640142e-07,0.0005164718758159381
2022-10-28 13:18:00+00:00,379.62,379.6,379.61,100,500,379.6016666666667,2.1496776315134013e-07,8.781134610402752e-05
2022-10-28 13:19:00+00:00,379.62,379.62,379.66,600,625,379.63959183673467,3.4158904443139743e-07,0.0007496385767800096
2022-10-28 13:20:00+00:00,379.91,379.86,379.91,1000,500,379.8933333333333,1.4220712028612972e-07,-0.0002166083511087047
2022-10-28 13:21:00+00:00,379.84,379.8,379.84,600,109,379.83385049365296,1.674696284974194e-07,-0.00023154920318879668
2022-10-28 13:22:00+00:00,379.75,379.74,379.81,1000,1025,379.77456790123455,1.182498057759094e-07,0.0004677740000458286
2022-10-28 13:23:00+00:00,379.87,379.91,379.94,25,200,379.91333333333336,1.4930839561505448e-07,-0.00021377248964637996
2022-10-28 13:24:00+00:00,379.89,379.85,379.89,200,600,379.86,1.4039153672489526e-07,3.748048798857262e-05
2022-10-28 13:25:00+00:00,379.88,379.87,379.91,100,101,379.88990049751243,3.7687602425138747e-07,0.0001939164593103282
2022-10-28 13:26:00+00:00,379.93,379.94,379.97,100,600,379.94428571428574,4.200038396371504e-07,0.0008741746295486408
2022-10-28 13:27:00+00:00,380.25,380.21,380.25,1950,100,380.2480487804878,1.6703242373135467e-07,-0.00023994800916760095
2022-10-28 13:28:00+00:00,380.18,380.15,380.18,600,225,380.1718181818182,3.219697112249937e-07,-0.000549303395842804
2022-10-28 13:29:00+00:00,380.02,379.96,379.99,100,500,379.965,2.1381589417559808e-07,-0.00037818920293386515
2022-10-28 13:30:00+00:00,379.82,379.84,379.88,500,1300,379.8511111111111,1.1761922358036498e-06,0.0005028266851121455
2022-10-28 13:31:00+00:00,380.01,379.98,380.0,772,200,379.99588477366257,1.4448715335733019e-06,0.0025183348990693855
2022-10-28 13:32:00+00:00,380.99,380.97,381.0,100,647,380.97401606425706,8.579079991365562e-07,0.0013011898199708494
2022-10-28 13:33:00+00:00,381.52,381.51,381.53,300,1964,381.51265017667845,1.2825998264032775e-06,0.0016278210701761164
2022-10-28 13:34:00+00:00,382.1,382.07,382.1,800,200,382.094,9.316545370602549e-07,-0.0012699831657025928
2022-10-28 13:35:00+00:00,381.61,381.58,381.61,200,200,381.595,1.108591034266357e-06,-0.00025000451837797755
2022-10-28 13:36:00+00:00,381.57,381.56,381.59,250,600,381.56882352941176,7.265703532311898e-07,0.0010851034615164679
2022-10-28 13:37:00+00:00,381.95,381.93,381.95,100,100,381.94,3.5876802665543586e-07,-0.0005891286133222762
2022-10-28 13:38:00+00:00,381.72,381.69,381.7,100,1300,381.6907142857143,5.542292697657061e-07,0.000617053709871751
2022-10-28 13:39:00+00:00,381.9,381.88,381.9,100,100,381.89,6.771636146576794e-07,0.0008168335933238513
2022-10-28 13:40:00+00:00,382.24,382.24,382.27,600,200,382.2625,6.886438760830331e-07,0.0008939859102079506
2022-10-28 13:41:00+00:00,382.59,382.58,382.6,100,100,382.59,7.6739266670715e-07,0.0005611038529966805
2022-10-28 13:42:00+00:00,382.81,382.8,382.83,100,850,382.80315789473684,6.060769156029583e-07,-0.00039572079720806563
2022-10-28 13:43:00+00:00,382.65,382.64,382.67,300,200,382.658,4.0371173736537344e-07,0.0006679613736693124
2022-10-28 13:44:00+00:00,382.88,382.87,382.89,400,100,382.886,1.4434500483299567e-06,-0.0010786050099081956
2022-10-28 13:45:00+00:00,382.54,382.52,382.55,100,200,382.53,5.42832029713663e-07,-0.0004235404847185986
2022-10-28 13:46:00+00:00,382.33,382.33,382.35,300,100,382.345,3.098410310068068e-07,-0.00014049268092908296
2022-10-28 13:47:00+00:00,382.29,382.28,382.29,900,12,382.28986842105263,5.111521070177508e-07,0.0010832077961440145
2022-10-28 13:48:00+00:00,382.68,382.68,382.69,222,200,382.6852606635071,4.1811874638883486e-07,8.26568084937307e-05
2022-10-28 13:49:00+00:00,382.72,382.71,382.73,500,750,382.718,4.699884538960233e-07,0.00011199109095150206
2022-10-28 13:50:00+00:00,382.74,382.73,382.75,900,400,382.74384615384616,6.615312516542882e-07,-0.0009022851099473872
2022-10-28 13:51:00+00:00,382.45,382.43,382.45,1501,2309,382.4378792650918,4.93111462814728e-07,0.00137938248118874
2022-10-28 13:52:00+00:00,382.97,382.96,382.98,200,300,382.968,8.334918209471151e-07,-0.0007442322004465041
2022-10-28 13:53:00+00:00,382.67,382.66,382.69,200,100,382.68,5.537776742988491e-07,0.0004878133765395809
2022-10-28 13:54:00+00:00,382.82,382.8,382.82,3005,300,382.81818456883514,3.841301090127754e-07,-0.00015585003569762446
2022-10-28 13:55:00+00:00,382.79,382.78,382.8,308,100,382.79509803921576,8.161369284608534e-07,0.0012278368910125792
2022-10-28 13:56:00+00:00,383.18,383.17,383.19,105,150,383.17823529411766,9.560194875285158e-07,-0.001522911953771633
2022-10-28 13:57:00+00:00,382.68,382.66,382.7,100,50,382.68666666666667,7.744174998888458e-07,-0.00038762390899127475
2022-10-28 13:58:00+00:00,382.56,382.55,382.59,175,250,382.5664705882353,2.7409477812014083e-07,0.0002484801655100455
2022-10-28 13:59:00+00:00,382.62,382.6,382.64,650,250,382.62888888888887,5.796188347728314e-07,-0.0002092150563929307
2022-10-28 14:00:00+00:00,382.53,382.54,382.57,13,157,382.5422941176471,4.335512514454626e-06,0.0015684634286610155
2022-10-28 14:01:00+00:00,383.2,383.2,383.21,200,225,383.2047058823529,2.59911085251534e-06,-0.00023117249196480394
2022-10-28 14:02:00+00:00,383.04,383.03,383.06,203,200,383.045111662531,2.2066128700714393e-06,-0.0025490795715606973
2022-10-28 14:03:00+00:00,382.08,382.03,382.05,100,200,382.0366666666667,1.0619743354813457e-06,-0.000854042821998191
2022-10-28 14:04:00+00:00,381.76,381.75,381.78,700,100,381.77625,8.306337998847274e-07,0.0005063760936820927
2022-10-28 14:05:00+00:00,381.99,381.99,382.0,100,100,381.995,1.3636624167968676e-06,0.0011205889899512655
2022-10-28 14:06:00+00:00,382.41,382.38,382.4,200,200,382.39,1.1559844401099429e-06,-0.0008543208585052309
2022-10-28 14:07:00+00:00,382.0,381.98,382.0,191,100,381.9931271477663,6.875883683079814e-07,0.0004790825727369885
2022-10-28 14:08:00+00:00,382.21,382.21,382.24,100,350,382.21666666666664,8.111141166338482e-07,-0.0007055948918102128
2022-10-28 14:09:00+00:00,381.94,381.89,381.92,178,100,381.90920863309356,7.998482469859198e-07,0.0002757729934461661
2022-10-28 14:10:00+00:00,382.01,382.03,382.06,750,150,382.055,8.804133064250839e-07,-0.0011987583167130111
2022-10-28 14:11:00+00:00,381.51,381.51,381.53,1782,200,381.52798183652874,7.203929447971178e-07,-0.0005307302456163399
2022-10-28 14:12:00+00:00,381.4,381.36,381.38,200,100,381.37333333333333,9.686899631722082e-07,-0.0009215255888548324
2022-10-28 14:13:00+00:00,381.04,381.04,381.07,200,200,381.055,5.999153406976607e-07,0.0006723277160227692
2022-10-28 14:14:00+00:00,381.33,381.3,381.32,200,100,381.31333333333333,5.802806233832406e-07,0.001832672905039523
2022-10-28 14:15:00+00:00,382.01,382.01,382.02,677,100,382.018712998713,8.087564979652291e-07,0.0009507252998830484
2022-10-28 14:16:00+00:00,382.4,382.41,382.42,300,100,382.4175,6.794233096856121e-07,-8.321346631645632e-06
2022-10-28 14:17:00+00:00,382.38,382.37,382.4,100,900,382.373,1.0906129062232374e-06,0.0011040311146230941
2022-10-28 14:18:00+00:00,382.8,382.77,382.79,600,100,382.78714285714284,4.379081333267815e-07,-0.000581934101986592
2022-10-28 14:19:00+00:00,382.59,382.61,382.63,300,100,382.625,3.3498993662700406e-07,0.0006550898209085609
2022-10-28 14:20:00+00:00,382.81,382.79,382.81,200,5,382.80951219512195,8.210575606675722e-07,-0.000237052169943186
2022-10-28 14:21:00+00:00,382.73,382.71,382.74,200,100,382.73,5.226973765006318e-07,-0.0004030391918072862
2022-10-28 14:22:00+00:00,382.58,382.57,382.6,100,1000,382.57272727272726,7.488347826796974e-07,0.0003267375905062764
2022-10-28 14:23:00+00:00,382.78,382.73,382.76,500,200,382.75142857142856,3.948123698619529e-07,0.0002467023731846929
2022-10-28 14:24:00+00:00,382.79,382.78,382.8,200,225,382.7894117647059,4.438971485701104e-07,0.0005380839812918481
2022-10-28 14:25:00+00:00,382.98,382.98,383.01,500,800,382.9915384615385,8.055646530685705e-07,0.001674385846518689
2022-10-28 14:26:00+00:00,383.65,383.63,383.66,200,1200,383.63428571428574,6.592013319188838e-07,0.001016586874733827
2022-10-28 14:27:00+00:00,384.02,384.02,384.04,100,300,384.025,7.830408864759427e-07,-0.00019095896118326294
2022-10-28 14:28:00+00:00,383.93,383.9,383.93,650,700,383.9144444444444,2.9727391112586345e-07,0.0006590458793691578
2022-10-28 14:29:00+00:00,384.25,384.24,384.27,400,300,384.25714285714287,5.217758841136324e-07,-0.000559458763377485
2022-10-28 14:30:00+00:00,383.97,383.95,383.98,200,800,383.956,6.856412596925455e-07,0.0013374554491543122
2022-10-28 14:31:00+00:00,384.5,384.49,384.5,200,120,384.49625000000003,5.878183295466464e-07,0.00012743657429670208
2022-10-28 14:32:00+00:00,384.57,384.54,384.56,201,400,384.5466888519135,3.120994210185588e-07,-0.0004069649516063034
2022-10-28 14:33:00+00:00,384.4,384.41,384.42,200,100,384.4166666666667,2.8763948704327326e-07,0.00013007368674355924
2022-10-28 14:34:00+00:00,384.44,384.45,384.47,100,400,384.454,5.663720217909986e-07,-0.0006853991767405976
2022-10-28 14:35:00+00:00,384.12,384.11,384.12,10,300,384.1103225806452,3.288423285362819e-07,-0.0007013684730612368
2022-10-28 14:36:00+00:00,383.9,383.9,383.92,500,100,383.9166666666667,4.308818541132487e-07,0.0005481807030920383
2022-10-28 14:37:00+00:00,384.11,384.09,384.11,587,500,384.1008003679853,3.2435240126510664e-07,0.0002342987308818767
2022-10-28 14:38:00+00:00,384.2,384.19,384.22,200,600,384.1975,4.189521793937352e-07,0.0003166629794950637
2022-10-28 14:39:00+00:00,384.34,384.34,384.35,800,1700,384.3432,2.2037465363742178e-07,7.557857880047258e-05
2022-10-28 14:40:00+00:00,384.34,384.36,384.38,300,100,384.375,3.489181486898328e-07,-0.0004137924199175691
2022-10-28 14:41:00+00:00,384.25,384.26,384.28,200,200,384.27,3.437967582612326e-07,0.0002559386441325362
2022-10-28 14:42:00+00:00,384.31,384.3,384.32,100,200,384.3066666666667,3.3080385140321025e-07,0.0005111267650135254
2022-10-28 14:43:00+00:00,384.51,384.48,384.5,500,100,384.49666666666667,3.2890436939456447e-07,0.0007140972911117149
2022-10-28 14:44:00+00:00,384.82,384.79,384.8,384,100,384.79793388429755,2.416504621591179e-07,2.3390232239073327e-05
2022-10-28 14:45:00+00:00,384.77,384.76,384.78,100,200,384.76666666666665,2.0896477469099597e-07,-4.640810545408769e-05
2022-10-28 14:46:00+00:00,384.79,384.79,384.81,200,400,384.7966666666667,4.043634548077197e-07,0.0010600103216416024
2022-10-28 14:47:00+00:00,385.2,385.19,385.21,100,200,385.19666666666666,4.711338427659746e-07,0.001133065675156919
2022-10-28 14:48:00+00:00,385.62,385.6,385.62,300,300,385.61,2.764541764552531e-07,-0.0003156541133011448
2022-10-28 14:49:00+00:00,385.47,385.48,385.5,300,100,385.495,1.368799036444762e-07,0.00022125431678876595
2022-10-28 14:50:00+00:00,385.59,385.59,385.6,1800,100,385.5994736842105,1.9786891101436073e-07,-0.0001270829280943797
2022-10-28 14:51:00+00:00,385.52,385.54,385.56,1100,199,385.5569361046959,1.4606053131519998e-07,-6.272422140618517e-05
2022-10-28 14:52:00+00:00,385.491,385.49,385.52,1600,500,385.5128571428571,1.770778905226523e-07,-0.00035962570628123025
2022-10-28 14:53:00+00:00,385.36,385.35,385.37,700,200,385.36555555555555,1.759457077618773e-07,0.00010077285977039274
2022-10-28 14:54:00+00:00,385.38,385.39,385.41,100,300,385.395,1.9467154094648302e-07,0.0006200902487130122
2022-10-28 14:55:00+00:00,385.64,385.64,385.65,16,200,385.64074074074074,2.7587233724039494e-07,0.0005030585440861657
2022-10-28 14:56:00+00:00,385.81,385.81,385.83,200,200,385.82,1.5360977403932722e-07,-0.0005961582712604718
2022-10-28 14:57:00+00:00,385.58,385.59,385.6,100,300,385.5925,1.5449687610537011e-07,5.969509656167382e-05
2022-10-28 14:58:00+00:00,385.61,385.61,385.64,800,300,385.6318181818182,1.5467777078501191e-07,-3.630441772906057e-05
2022-10-28 14:59:00+00:00,385.62,385.61,385.63,912,100,385.628023715415,1.692788221249533e-07,0.00014331962803715292
2022-10-28 15:00:00+00:00,385.71,385.7,385.72,700,300,385.714,2.673318460442888e-07,0.0006034547355424635
2022-10-28 15:01:00+00:00,385.87,385.89,385.91,200,100,385.9033333333333,7.775026878270298e-07,-0.0008917882186224579
2022-10-28 15:02:00+00:00,385.59,385.59,385.6,200,324,385.5938167938931,2.6940374322545867e-07,-0.0003094796021050339
2022-10-28 15:03:00+00:00,385.42,385.4,385.43,2000,300,385.4260869565217,1.6639084266436704e-07,-0.0002809243374037873
2022-10-28 15:04:00+00:00,385.32,385.31,385.33,702,300,385.32401197604787,1.5852948938068612e-07,0.0001230597189432192
2022-10-28 15:05:00+00:00,385.41,385.39,385.41,200,212,385.39970873786405,1.4915832759600117e-07,-0.00014559120066515163
2022-10-28 15:06:00+00:00,385.29,385.29,385.31,200,200,385.3,1.2881489179551294e-07,-0.00048608096569291437
2022-10-28 15:07:00+00:00,385.13,385.13,385.14,147,300,385.133288590604,1.6716458193947356e-07,0.0004692666257277711
2022-10-28 15:08:00+00:00,385.29,385.29,385.3,1001,203,385.29831395348833,2.2556941015622213e-07,0.0005752868864867811
2022-10-28 15:09:00+00:00,385.54,385.53,385.55,300,600,385.5366666666667,1.6242859460399893e-07,0.00024221583224370846
2022-10-28 15:10:00+00:00,385.63,385.62,385.63,10,100,385.6209090909091,2.079134681754506e-07,0.001333907182628602
2022-10-28 15:11:00+00:00,386.13,386.12,386.14,1400,100,386.13866666666667,2.2803204559748896e-07,3.1651943717125874e-05
2022-10-28 15:12:00+00:00,386.15,386.15,386.18,2000,300,386.1760869565217,2.1572162389603265e-07,-0.00028056776420959384
2022-10-28 15:13:00+00:00,386.0,386.0,386.02,1676,100,386.0188738738739,3.5346216261036395e-07,-0.0007729343220586049
2022-10-28 15:14:00+00:00,385.73,385.72,385.75,800,829,385.7347329650092,3.1871610918515733e-07,0.00024212519664046361
2022-10-28 15:15:00+00:00,385.83,385.81,385.83,800,100,385.8277777777778,4.569293699114555e-07,-0.0011054573099615883
2022-10-28 15:16:00+00:00,385.42,385.42,385.44,200,300,385.428,2.133621233738394e-07,-0.0002105565479963989
2022-10-28 15:17:00+00:00,385.32,385.31,385.33,600,300,385.3233333333333,3.125950842795419e-07,-4.7096522597600554e-05
2022-10-28 15:18:00+00:00,385.33,385.33,385.34,327,75,385.3381343283582,1.6570971689225976e-07,0.0006033984960454042
2022-10-28 15:19:00+00:00,385.59,385.58,385.6,243,1100,385.5836187639613,1.366963311173075e-07,0.0003215324017540322
2022-10-28 15:20:00+00:00,385.67,385.66,385.68,591,200,385.67494310998734,1.651514813954235e-07,0.0005340548972028181
2022-10-28 15:21:00+00:00,385.87,385.87,385.88,231,200,385.8753596287703,1.3727842200603973e-07,-0.0004818542503565171
2022-10-28 15:22:00+00:00,385.67,385.66,385.69,1300,300,385.684375,2.2933510708794619e-07,-0.00042469916972687205
2022-10-28 15:23:00+00:00,385.53,385.53,385.55,145,123,385.5408208955224,1.5088203759760646e-07,-0.0003969941209414074
2022-10-28 15:24:00+00:00,385.37,385.36,385.38,547,300,385.3729161747343,1.8434130182080246e-07,0.00040961729511734823
2022-10-28 15:25:00+00:00,385.53,385.52,385.53,331,99,385.52769767441856,3.629895399298192e-07,-0.0005807911204074312
2022-10-28 15:26:00+00:00,385.29,385.29,385.31,127,500,385.2940510366826,2.385924683576267e-07,0.0002619060510185012
2022-10-28 15:27:00+00:00,385.41,385.4,385.41,139,100,385.4058158995816,1.556377663358045e-07,-0.0003814100235591811
2022-10-28 15:28:00+00:00,385.24,385.24,385.25,134,100,385.2457264957265,2.4523942765939533e-07,-2.5956160045637056e-05
2022-10-28 15:29:00+00:00,385.26,385.26,385.28,546,300,385.27290780141846,1.993319442337248e-07,1.1509162150202812e-05
2022-10-28 15:30:00+00:00,385.26,385.25,385.26,1,700,385.25001426533527,2.1933104109317546e-07,0.0005326387606672256
2022-10-28 15:31:00+00:00,385.48,385.47,385.49,437,240,385.4829098966026,2.480354003324746e-07,-0.0003596648200970831
2022-10-28 15:32:00+00:00,385.3,385.32,385.34,228,400,385.3272611464968,1.3465722980033943e-07,0.00025692530480680986
2022-10-28 15:33:00+00:00,385.43,385.42,385.43,127,500,385.4220255183413,1.5390907517851297e-07,-0.0006097165466693033
2022-10-28 15:34:00+00:00,385.19,385.18,385.2,330,300,385.1904761904762,2.1392417660442432e-07,-0.00010903709857468247
2022-10-28 15:35:00+00:00,385.141,385.14,385.16,211,200,385.1502676399027,2.5986883559608294e-07,-0.00033889145078258576
2022-10-28 15:36:00+00:00,385.0,385.01,385.02,100,135,385.01425531914896,1.7146686286032582e-07,-0.00010991514176428296
2022-10-28 15:37:00+00:00,384.96,384.95,384.96,2,100,384.95019607843136,1.437761496813205e-07,8.903581599684074e-05
2022-10-28 15:38:00+00:00,385.09,385.08,385.09,100,200,385.0833333333333,2.184309184418129e-07,0.000774178530298153
2022-10-28 15:39:00+00:00,385.31,385.31,385.33,200,300,385.318,2.474586391432727e-07,0.0004788383304243915
2022-10-28 15:40:00+00:00,385.51,385.5,385.52,900,200,385.5163636363636,2.0338358095643165e-07,0.00045827432959977266
2022-10-28 15:41:00+00:00,385.68,385.69,385.7,100,103,385.69492610837443,1.3927091808811233e-07,0.0005642232364240218
2022-10-28 15:42:00+00:00,385.9,385.89,385.91,400,501,385.8988790233075,1.8023609959112247e-07,0.00022995296851702207
2022-10-28 15:43:00+00:00,385.98,385.97,385.99,300,206,385.9818577075099,1.6317015742063223e-07,-0.000263459399499677
2022-10-28 15:44:00+00:00,385.88,385.87,385.89,100,200,385.87666666666667,1.041213835971522e-07,0.00020521953556129624
2022-10-28 15:45:00+00:00,385.96,385.95,385.96,100,125,385.95444444444445,2.674720464460497e-07,-8.852557417482476e-05
2022-10-28 15:46:00+00:00,385.91,385.9,385.92,2300,400,385.91703703703706,1.1602756602357287e-07,0.0006723680744198379
2022-10-28 15:47:00+00:00,386.18,386.18,386.21,400,500,386.1933333333333,1.7721527060604023e-07,-2.6704019925993805e-05
2022-10-28 15:48:00+00:00,386.17,386.16,386.18,300,500,386.1675,1.5819893767501698e-07,-2.215312597697583e-06
2022-10-28 15:49:00+00:00,386.135,386.13,386.15,600,300,386.1433333333333,1.2593610281468714e-07,-0.00023731857625042263
2022-10-28 15:50:00+00:00,386.07,386.06,386.09,100,400,386.066,1.6082570627286516e-07,-0.00013505888012133038
2022-10-28 15:51:00+00:00,386.0,386.01,386.04,301,400,386.02288159771757,1.8495538956917307e-07,0.0001966019776771244
2022-10-28 15:52:00+00:00,386.1,386.08,386.1,450,200,386.09384615384613,1.840149695033683e-07,0.0002449718714017113
2022-10-28 15:53:00+00:00,386.18,386.19,386.21,400,300,386.20142857142855,2.3683422945130013e-07,-0.0007207098344524931
2022-10-28 15:54:00+00:00,385.91,385.9,385.92,100,300,385.905,1.627312426950229e-07,6.478110464724907e-05
2022-10-28 15:55:00+00:00,385.91,385.9,385.92,1200,100,385.91846153846154,1.1905498385796374e-07,0.00038630592602717506
2022-10-28 15:56:00+00:00,386.1,386.06,386.08,41,200,386.0634024896265,1.165344961282361e-07,-2.590075771502498e-05
2022-10-28 15:57:00+00:00,386.08,386.07,386.09,100,300,386.075,1.0151950550072844e-07,-0.00044476564134354746
2022-10-28 15:58:00+00:00,385.891,385.89,385.9,2,102,385.8901923076923,1.190310897394639e-07,-0.00040032775163911793
2022-10-28 15:59:00+00:00,385.76,385.76,385.78,200,112,385.7728205128205,1.1424318221931631e-07,-2.044511559362583e-05
2022-10-28 16:00:00+00:00,385.76,385.75,385.76,1500,200,385.75882352941176,1.266338290390013e-07,-0.00029613026541053245
2022-10-28 16:01:00+00:00,385.63,385.63,385.64,100,1200,385.6307692307692,1.4357020636775755e-07,0.0008122556450971263
2022-10-28 16:02:00+00:00,385.93,385.91,385.93,600,200,385.925,1.923152924491284e-07,0.00014509877080604028
2022-10-28 16:03:00+00:00,385.98,386.0,386.02,100,400,386.004,1.0107662383853956e-07,-0.0003883954272555501
2022-10-28 16:04:00+00:00,385.85,385.84,385.86,300,200,385.852,1.3044045817111208e-07,-0.0007750715031590305
2022-10-28 16:05:00+00:00,385.55,385.53,385.56,802,200,385.5540119760479,1.844360267620412e-07,-0.0009478963651714523
2022-10-28 16:06:00+00:00,385.19,385.18,385.19,435,400,385.1852095808384,1.3203618694870114e-07,-0.00025846128994100326
2022-10-28 16:07:00+00:00,385.11,385.09,385.12,400,2800,385.09375,1.9027984909037287e-07,0.0009995405984872807
2022-10-28 16:08:00+00:00,385.47,385.46,385.47,400,22,385.46947867298576,1.5327696463400544e-07,0.0002700357060312353
2022-10-28 16:09:00+00:00,385.57,385.55,385.56,100,300,385.5525,1.234591279258858e-07,-0.00036741662884431925
2022-10-28 16:10:00+00:00,385.46,385.45,385.46,100,100,385.455,1.431346130851301e-07,9.224826313825041e-05
2022-10-28 16:11:00+00:00,385.5,385.49,385.5,101,100,385.4950248756219,8.102961261058037e-08,0.00020006567939989672
2022-10-28 16:12:00+00:00,385.54,385.56,385.58,700,200,385.5755555555556,9.360735801272784e-08,0.00025531702669456813
2022-10-28 16:13:00+00:00,385.64,385.63,385.65,500,100,385.64666666666665,1.2156685176447858e-07,0.0008664120252226404
2022-10-28 16:14:00+00:00,385.97,385.98,385.99,200,100,385.9866666666667,7.723971350589993e-08,0.0004603327349779196
2022-10-28 16:15:00+00:00,386.17,386.17,386.18,301,203,386.17597222222224,1.4167512206266701e-07,0.00036794259663897044
2022-10-28 16:16:00+00:00,386.29,386.29,386.31,100,400,386.294,1.3886826367358754e-07,0.0005682519156586796
2022-10-28 16:17:00+00:00,386.48,386.48,386.5,500,120,386.49612903225807,2.1315512257045048e-07,0.000264416379424981
2022-10-28 16:18:00+00:00,386.63,386.62,386.65,300,881,386.62762066045724,1.1858997228455659e-07,-0.0002717131491535296
2022-10-28 16:19:00+00:00,386.48,386.51,386.53,157,600,386.51414795244386,2.2296666242210778e-07,-0.00013860116314090565
2022-10-28 16:20:00+00:00,386.48,386.46,386.48,200,400,386.46666666666664,1.6782877918724347e-07,0.000502344669915944
2022-10-28 16:21:00+00:00,386.65,386.64,386.65,230,600,386.64277108433737,1.348156367857253e-07,-4.042630473266584e-05
2022-10-28 16:22:00+00:00,386.62,386.61,386.62,100,600,386.6114285714286,9.669244619674514e-08,-7.046530089749314e-05
2022-10-28 16:23:00+00:00,386.63,386.61,386.63,212,261,386.6189640591967,6.000938156374423e-08,-4.834206344628278e-05
2022-10-28 16:24:00+00:00,386.6,386.58,386.6,205,300,386.5881188118812,1.3930397640938704e-07,0.0006996459740669092
2022-10-28 16:25:00+00:00,386.87,386.89,386.91,200,500,386.8957142857143,9.587309492935126e-08,0.00019653086175841494
2022-10-28 16:26:00+00:00,386.93,386.91,386.93,284,223,386.92120315581855,7.00300323348923e-08,0.00011313359045073135
2022-10-28 16:27:00+00:00,386.99,386.98,386.99,300,400,386.9842857142857,6.568569088785085e-08,-8.212980968314021e-06
2022-10-28 16:28:00+00:00,386.98,386.98,386.99,400,803,386.98332502078136,5.407072573637373e-08,1.9037509629837857e-05
2022-10-28 16:29:00+00:00,386.99,386.98,386.99,200,18,386.9891743119266,1.3935845755741352e-07,7.3377691455212e-05
2022-10-28 16:30:00+00:00,387.03,387.02,387.03,600,9,387.02985221674874,1.2240494468589448e-07,6.565858997409357e-05
2022-10-28 16:31:00+00:00,387.05,387.04,387.05,1102,300,387.04786019971476,6.884336874733687e-08,0.00012041839322551873
2022-10-28 16:32:00+00:00,387.08,387.08,387.09,2,303,387.0800655737704,8.881717355068422e-08,0.00044692956900926895
2022-10-28 16:33:00+00:00,387.18,387.18,387.19,100,200,387.18333333333334,1.092152261948153e-07,-6.250406100660744e-05
2022-10-28 16:34:00+00:00,387.25,387.24,387.25,1600,556,387.2474211502783,5.231894850496645e-08,-5.088948493936485e-06
2022-10-28 16:35:00+00:00,387.24,387.23,387.25,500,400,387.24111111111114,5.893044232025098e-08,0.00023783530861654079
2022-10-28 16:36:00+00:00,387.33,387.32,387.34,1300,310,387.3361490683229,1.154090706627069e-07,-7.610937566482345e-05
2022-10-28 16:37:00+00:00,387.3,387.3,387.32,300,200,387.312,3.726318131331735e-08,0.0001420093898329977
2022-10-28 16:38:00+00:00,387.355,387.35,387.36,300,300,387.355,5.1549872780289643e-08,2.5816222914532005e-05
2022-10-28 16:39:00+00:00,387.36,387.38,387.39,300,100,387.3875,3.5412100167721833e-07,-0.0010799507783391116
2022-10-28 16:40:00+00:00,386.94,386.93,386.94,201,500,386.93286733238233,1.5951428357879898e-07,-0.0002441656384906121
2022-10-28 16:41:00+00:00,386.85,386.85,386.86,146,500,386.8522600619195,2.795540056671977e-07,-0.0005054182849323352
2022-10-28 16:42:00+00:00,386.65,386.64,386.66,700,200,386.65555555555557,9.862865219343565e-08,0.0006629248565572787
2022-10-28 16:43:00+00:00,386.9,386.89,386.91,400,100,386.906,8.382368966382914e-08,6.75833662495684e-05
2022-10-28 16:44:00+00:00,386.93,386.9,386.91,2,102,386.90019230769224,8.683578867510458e-08,-9.684246884389403e-05
2022-10-28 16:45:00+00:00,386.88,386.85,386.87,201,300,386.8580239520958,1.3855780952072696e-07,-0.0006814069879461648
2022-10-28 16:46:00+00:00,386.63,386.64,386.65,300,100,386.6475,8.920588654991684e-08,4.019571618907314e-05
2022-10-28 16:47:00+00:00,386.65,386.62,386.64,700,200,386.6355555555556,2.535617842019363e-07,2.852203791126051e-05
2022-10-28 16:48:00+00:00,386.64,386.65,386.67,200,200,386.66,1.4989614164964326e-07,0.0005010405394740847
2022-10-28 16:49:00+00:00,386.85,386.83,386.85,100,200,386.83666666666664,1.0450038049561979e-07,0.00030996565662144704
2022-10-28 16:50:00+00:00,386.97,386.96,386.99,200,900,386.9654545454545,1.3376244030367472e-07,0.00010045982160433731
2022-10-28 16:51:00+00:00,387.01,387.01,387.03,80,400,387.0133333333333,8.511436995903142e-08,0.0003390358696817586
2022-10-28 16:52:00+00:00,387.15,387.15,387.17,200,1412,387.1524813895781,4.971251907981948e-08,0.00013679741319205796
2022-10-28 16:53:00+00:00,387.18,387.16,387.18,200,600,387.165,7.96132047512534e-08,0.0002161260579274238
2022-10-28 16:54:00+00:00,387.3,387.29,387.31,7192,1500,387.30654855039114,3.203295418786159e-08,0.0001567037358896073
2022-10-28 16:55:00+00:00,387.35,387.34,387.35,300,200,387.346,1.0056231238943744e-07,-0.00021686149779009956
2022-10-28 16:56:00+00:00,387.26,387.26,387.28,1380,100,387.2786486486486,9.057341154254207e-08,-8.392294582448834e-05
2022-10-28 16:57:00+00:00,387.21,387.22,387.23,100,200,387.22333333333336,1.4171386944939523e-07,-0.0004428920983143847
2022-10-28 16:58:00+00:00,387.05,387.05,387.07,200,100,387.06333333333333,1.1754678386554712e-07,4.46972273597801e-05
2022-10-28 16:59:00+00:00,387.05,387.07,387.08,100,200,387.0733333333333,5.243163270460729e-08,0.00019298585023386217
2022-10-28 17:00:00+00:00,387.15,387.14,387.16,200,303,387.14795228628225,1.4675635673501455e-07,7.117576625859101e-05
2022-10-28 17:01:00+00:00,387.17,387.17,387.18,540,200,387.1772972972973,7.227151009306733e-08,0.0001108515765000373
2022-10-28 17:02:00+00:00,387.21,387.2,387.21,300,400,387.20428571428573,9.575528042941845e-08,1.6015118239343096e-05
2022-10-28 17:03:00+00:00,387.23,387.22,387.23,101,115,387.2246759259259,6.155330746891565e-08,0.0002591172816206466
2022-10-28 17:04:00+00:00,387.32,387.31,387.32,600,2588,387.31188205771645,6.863635579291273e-08,-0.00046475834377923686
2022-10-28 17:05:00+00:00,387.13,387.13,387.15,133,300,387.136143187067,8.485670451383019e-08,0.00016359073043270556
2022-10-28 17:06:00+00:00,387.18,387.2,387.21,206,20,387.20911504424777,5.151649152693243e-08,0.00029880194415854433
2022-10-28 17:07:00+00:00,387.33,387.33,387.34,60,200,387.33230769230767,1.2089372093322923e-07,0.0005472628765448295
2022-10-28 17:08:00+00:00,387.53,387.52,387.54,200,200,387.53,9.414923561392473e-08,3.767082902017549e-05
2022-10-28 17:09:00+00:00,387.54,387.55,387.56,300,114,387.55724637681163,1.289057381763342e-07,9.306620705240576e-05
2022-10-28 17:10:00+00:00,387.6,387.58,387.59,100,300,387.5825,9.24517722267424e-08,1.4679000921669072e-05
2022-10-28 17:11:00+00:00,387.59,387.59,387.6,301,1301,387.59187890137326,6.257386358040825e-08,0.00013438962850353953
2022-10-28 17:12:00+00:00,387.61,387.65,387.67,309,400,387.6587165021157,3.044523991821557e-08,0.00019725459131558765
2022-10-28 17:13:00+00:00,387.73,387.72,387.74,120,221,387.7270381231672,5.2251333818178974e-08,-0.0002381549722303422
2022-10-28 17:14:00+00:00,387.64,387.61,387.63,400,200,387.62333333333333,5.964579723154116e-08,0.00012407557553872905
2022-10-28 17:15:00+00:00,387.665,387.66,387.68,400,200,387.67333333333335,8.458251365026292e-08,-0.0003955186022717161
2022-10-28 17:16:00+00:00,387.52,387.51,387.53,1511,100,387.52875853507135,7.264742805176682e-08,-9.461795848841881e-05
2022-10-28 17:17:00+00:00,387.49,387.48,387.49,1131,300,387.48790356394125,9.359066484873693e-08,8.483197276931698e-05
2022-10-28 17:18:00+00:00,387.5,387.5,387.51,265,674,387.50282215122473,7.177404902502162e-08,-9.129668766427734e-06
2022-10-28 17:19:00+00:00,387.52,387.5,387.52,400,200,387.5133333333333,7.781766114816223e-08,-0.0003939622277961963
2022-10-28 17:20:00+00:00,387.37,387.36,387.37,200,400,387.36333333333334,7.742377947058493e-08,0.000130798819368394
2022-10-28 17:21:00+00:00,387.4,387.39,387.4,1200,400,387.3975,7.96130457139671e-08,-0.00017626031657536068
2022-10-28 17:22:00+00:00,387.33,387.34,387.35,500,100,387.34833333333336,6.783831520603065e-08,0.00057257820625356
2022-10-28 17:23:00+00:00,387.56,387.56,387.57,400,200,387.56666666666666,6.083034926561234e-08,2.1715577473990777e-06
2022-10-28 17:24:00+00:00,387.57,387.56,387.57,503,100,387.56834162520727,8.277457032209078e-08,-0.00022995504739253825
2022-10-28 17:25:00+00:00,387.48,387.47,387.48,242,100,387.4770760233918,6.144230564802475e-08,-0.00020808026787344502
2022-10-28 17:26:00+00:00,387.4,387.39,387.4,410,100,387.39803921568625,7.635489888149242e-08,-0.00010968194720228919
2022-10-28 17:27:00+00:00,387.36,387.34,387.36,1502,170,387.357966507177,6.345187046835048e-08,0.00022950221348838618
2022-10-28 17:28:00+00:00,387.44,387.44,387.45,200,200,387.445,7.816676292650357e-08,0.0002273344210792505
2022-10-28 17:29:00+00:00,387.53,387.51,387.52,300,100,387.5175,4.727436116597181e-08,-0.00035359995779016273
2022-10-28 17:30:00+00:00,387.39,387.39,387.4,504,230,387.3968664850136,9.49485496575537e-08,7.903736406378314e-05
2022-10-28 17:31:00+00:00,387.42,387.42,387.43,101,200,387.4233554817275,5.665708422942446e-08,0.00024950958460956407
2022-10-28 17:32:00+00:00,387.52,387.52,387.54,200,500,387.5257142857143,3.9850162750882235e-08,-0.00011827244811057902
2022-10-28 17:33:00+00:00,387.49,387.48,387.5,200,406,387.486600660066,8.65033146842746e-08,0.0002559288388788161
2022-10-28 17:34:00+00:00,387.56,387.57,387.58,420,200,387.5767741935484,1.1507036901375262e-07,8.537518829232482e-05
2022-10-28 17:35:00+00:00,387.6,387.61,387.63,200,300,387.618,4.529324643929426e-08,7.079033475854146e-06
2022-10-28 17:36:00+00:00,387.6,387.6,387.61,100,400,387.602,2.0953421450122644e-07,0.00041717668689922327
2022-10-28 17:37:00+00:00,387.77,387.77,387.78,600,800,387.7742857142857,8.523043813692551e-08,0.0005695237196001735
2022-10-28 17:38:00+00:00,388.0,388.0,388.01,1589,800,388.00665131854333,1.148390636060141e-07,-0.0002655948963317112
2022-10-28 17:39:00+00:00,387.9,387.89,387.9,900,200,387.8981818181818,1.0602905387406294e-07,-0.00011932629259103766
2022-10-28 17:40:00+00:00,387.86,387.84,387.85,100,100,387.845,1.131553409371112e-07,-9.576709442682407e-06
2022-10-28 17:41:00+00:00,387.85,387.85,387.86,48,500,387.85087591240875,5.42574691728456e-08,-0.0001392319552806498
2022-10-28 17:42:00+00:00,387.78,387.81,387.82,100,315,387.8124096385542,4.546867422669157e-08,-2.9562679318639873e-05
2022-10-28 17:43:00+00:00,387.75,387.77,387.78,200,100,387.77666666666664,3.742213878235155e-08,-0.0001586891985664307
2022-10-28 17:44:00+00:00,387.72,387.72,387.73,1702,411,387.728054898249,1.0565803063484296e-07,2.5792141134628466e-05
2022-10-28 17:45:00+00:00,387.74,387.74,387.75,400,100,387.748,7.176678059221378e-08,0.00031595362975989083
2022-10-28 17:46:00+00:00,387.83,387.83,387.85,801,100,387.8477802441732,3.26668446140772e-08,6.995698121659011e-05
2022-10-28 17:47:00+00:00,387.88,387.87,387.89,511,396,387.8812679162072,6.723470811812895e-08,0.0003563558132546607
2022-10-28 17:48:00+00:00,388.01,388.01,388.02,153,500,388.01234303215927,5.9425329874842124e-08,-0.00043690255722994564
2022-10-28 17:49:00+00:00,387.87,387.86,387.87,300,300,387.865,1.0246537915808243e-07,-0.0002734029399207305
2022-10-28 17:50:00+00:00,387.74,387.74,387.75,100,100,387.745,7.225220878508407e-08,0.0002545645603126978
2022-10-28 17:51:00+00:00,387.8,387.79,387.8,100,400,387.792,8.876893082112728e-08,-0.00024108128177890986
2022-10-28 17:52:00+00:00,387.75,387.73,387.75,625,300,387.7435135135135,9.393298323078628e-08,0.0002643506966608644
2022-10-28 17:53:00+00:00,387.845,387.84,387.85,100,300,387.8425,6.385450018761741e-08,0.0001289174799210535
2022-10-28 17:54:00+00:00,387.86,387.89,387.9,100,100,387.895,4.838970442420783e-08,-6.445043117331295e-05
2022-10-28 17:55:00+00:00,387.87,387.86,387.87,400,200,387.8666666666667,8.665145154761047e-08,0.00011284049258897255
2022-10-28 17:56:00+00:00,387.92,387.91,387.93,484,300,387.9223469387755,8.200732057696188e-08,-0.00016413037459173108
2022-10-28 17:57:00+00:00,387.86,387.86,387.88,200,200,387.87,4.232101092775e-08,-0.0001592371373031476
2022-10-28 17:58:00+00:00,387.79,387.78,387.8,402,700,387.7872958257713,8.625179449630598e-08,-0.0006367140892440393
2022-10-28 17:59:00+00:00,387.53,387.54,387.55,101,100,387.5450248756219,6.74858476051697e-08,-4.935846084341833e-05
2022-10-28 18:00:00+00:00,387.52,387.51,387.52,400,200,387.51666666666665,1.9928441042858372e-07,0.00041210499872668116
2022-10-28 18:01:00+00:00,387.72,387.71,387.73,400,200,387.72333333333336,1.2487471875827405e-07,3.6444901383214656e-05
2022-10-28 18:02:00+00:00,387.7,387.69,387.7,470,50,387.69903846153846,1.2012733763091435e-07,-0.00044747294755198563
2022-10-28 18:03:00+00:00,387.53,387.52,387.53,100,278,387.5226455026455,8.319717519396274e-08,-0.0003896000342973327
2022-10-28 18:04:00+00:00,387.38,387.38,387.39,8,200,387.38038461538457,9.125841501114165e-08,6.026719084073484e-05
2022-10-28 18:05:00+00:00,387.39,387.39,387.4,402,400,387.39501246882793,7.488511105711957e-08,7.276513738374568e-05
2022-10-28 18:06:00+00:00,387.39,387.41,387.43,1416,6,387.42991561181435,1.3947811952428434e-07,-0.00026924673299821844
2022-10-28 18:07:00+00:00,387.32,387.32,387.33,401,200,387.32667221297834,1.8963142268286323e-07,0.0005173266166935697
2022-10-28 18:08:00+00:00,387.52,387.51,387.53,2500,200,387.52851851851847,1.1487322748707734e-07,-0.0005487127094261357
2022-10-28 18:09:00+00:00,387.3,387.29,387.31,500,102,387.3066112956811,6.047923515024598e-08,-0.00014300800821631654
2022-10-28 18:10:00+00:00,387.26,387.25,387.26,20,100,387.25166666666667,7.669587467737368e-08,5.574144894171518e-05
2022-10-28 18:11:00+00:00,387.26,387.26,387.27,100,200,387.2633333333333,2.637791682155306e-07,0.0001390393309161908
2022-10-28 18:12:00+00:00,387.3,387.31,387.32,601,272,387.3168843069874,1.0947964001797239e-07,0.00024957400299485677
2022-10-28 18:13:00+00:00,387.44,387.42,387.44,500,100,387.43666666666667,1.1695349617746735e-07,0.00016691474442254162
2022-10-28 18:14:00+00:00,387.48,387.48,387.5,200,200,387.49,7.19146346615028e-08,0.00010839045338162379
2022-10-28 18:15:00+00:00,387.56,387.55,387.57,300,500,387.5575,1.1418620995944396e-07,0.00042583767868786815
2022-10-28 18:16:00+00:00,387.71,387.69,387.7,101,200,387.69335548172756,1.2768745251782033e-07,0.0003424537596321553
2022-10-28 18:17:00+00:00,387.81,387.8,387.82,373,200,387.81301919720767,5.283550509351441e-08,0.0003534091086387914
2022-10-28 18:18:00+00:00,387.97,387.95,387.97,200,947,387.953487358326,6.85991710656468e-08,9.57448352594259e-05
2022-10-28 18:19:00+00:00,387.991,387.99,388.01,300,400,387.99857142857144,1.0822753221545731e-07,-0.00046477423655899575
2022-10-28 18:20:00+00:00,387.82,387.83,387.85,200,300,387.838,7.026567365259988e-08,0.0003093991863769574
2022-10-28 18:21:00+00:00,387.94,387.93,387.95,1100,503,387.9437242669994,5.251324087907066e-08,-4.938468034854093e-05
2022-10-28 18:22:00+00:00,387.93,387.92,387.94,300,400,387.92857142857144,7.561830006870595e-08,-0.00023019721688744
2022-10-28 18:23:00+00:00,387.83,387.81,387.83,300,300,387.82,5.656144876328506e-08,0.00018531825343726105
2022-10-28 18:24:00+00:00,387.9,387.89,387.9,300,100,387.8975,9.758209598256187e-08,-1.383297896329072e-05
2022-10-28 18:25:00+00:00,387.88,387.87,387.89,100,400,387.874,8.944665526136939e-08,-6.627488592525488e-05
2022-10-28 18:26:00+00:00,387.88,387.87,387.89,100,500,387.87333333333333,1.1089398559715839e-07,-0.00025523752558831436
2022-10-28 18:27:00+00:00,387.78,387.76,387.78,400,100,387.776,1.14950789136676e-07,0.00013152987171416441
2022-10-28 18:28:00+00:00,387.83,387.82,387.83,1202,100,387.8292319508448,8.547521110919963e-08,-6.418570347632713e-05
2022-10-28 18:29:00+00:00,387.8,387.78,387.8,300,200,387.792,5.325988757179394e-08,-2.2511948728265452e-05
2022-10-28 18:30:00+00:00,387.79,387.78,387.8,116,400,387.78449612403097,1.003291154776389e-07,-0.00016945739251739145
2022-10-28 18:31:00+00:00,387.725,387.71,387.72,610,100,387.7185915492958,8.826233007122064e-08,0.0004853012892442887
2022-10-28 18:32:00+00:00,387.91,387.9,387.91,210,39,387.9084337349398,6.056346387357779e-08,0.00018457647036429492
2022-10-28 18:33:00+00:00,387.99,387.98,388.0,300,222,387.99149425287357,5.947780995084962e-08,0.00028535015703501365
2022-10-28 18:34:00+00:00,388.09,388.09,388.1,200,100,388.0966666666667,1.0624214796399849e-07,0.0006946176737447907
2022-10-28 18:35:00+00:00,388.36,388.34,388.36,200,100,388.35333333333335,9.65374609314552e-08,0.0002697640247435462
2022-10-28 18:36:00+00:00,388.48,388.49,388.5,100,1,388.499900990099,6.289033770306761e-08,0.00011384342280784665
2022-10-28 18:37:00+00:00,388.51,388.51,388.53,400,500,388.5188888888889,3.9090065592319465e-08,1.7151179129593075e-05
2022-10-28 18:38:00+00:00,388.53,388.52,388.53,701,1506,388.5231762573629,4.133340591318739e-08,6.08001315389739e-05
2022-10-28 18:39:00+00:00,388.55,388.53,388.55,1600,100,388.5488235294118,6.834269156444631e-08,4.6096230141401406e-05
2022-10-28 18:40:00+00:00,388.56,388.56,388.57,201,213,388.56485507246373,8.166852697997932e-08,-8.083742464815025e-05
2022-10-28 18:41:00+00:00,388.54,388.53,388.55,202,327,388.5376370510397,6.40647768684681e-08,-4.858331165791263e-05
2022-10-28 18:42:00+00:00,388.52,388.5,388.51,100,100,388.505,8.461977402535248e-08,0.0005164547329006286
2022-10-28 18:43:00+00:00,388.76,388.75,388.76,338,792,388.7529911504425,7.709290033633376e-08,0.00014850624137396906
2022-10-28 18:44:00+00:00,388.78,388.76,388.78,210,400,388.7668852459016,8.556433012826999e-08,-0.00019524618542487993
2022-10-28 18:45:00+00:00,388.7,388.69,388.7,200,900,388.6918181818182,6.159635392878233e-08,8.723074542094089e-05
2022-10-28 18:46:00+00:00,388.73,388.72,388.74,600,300,388.73333333333335,6.93871670003765e-08,0.00027439782539717683
2022-10-28 18:47:00+00:00,388.85,388.85,388.86,100,200,388.85333333333335,3.0861523107802114e-08,1.8436647294839403e-05
2022-10-28 18:48:00+00:00,388.84,388.84,388.85,100,601,388.8414265335235,8.119522426169318e-08,-3.5410837776583826e-05
2022-10-28 18:49:00+00:00,388.84,388.83,388.84,2,300,388.8300662251655,3.8064937706985e-08,-6.446575854812675e-05
2022-10-28 18:50:00+00:00,388.81,388.81,388.82,1800,100,388.81947368421055,7.69542662035983e-08,0.0001682811986176702
2022-10-28 18:51:00+00:00,388.89,388.87,388.89,301,400,388.8785877318117,1.8526422887738292e-07,-0.000107920350542412
2022-10-28 18:52:00+00:00,388.82,388.82,388.83,195,300,388.8239393939393,1.0109758698041432e-07,-0.00035601384559769134
2022-10-28 18:53:00+00:00,388.69,388.7,388.72,243,200,388.7109706546276,4.472855897748208e-08,-3.392882656272356e-05
2022-10-28 18:54:00+00:00,388.66,388.65,388.66,425,100,388.65809523809526,7.485450210305696e-08,1.036243181484764e-06
2022-10-28 18:55:00+00:00,388.67,388.67,388.68,1,309,388.6700322580645,6.406963961446523e-08,0.00027979978480385803
2022-10-28 18:56:00+00:00,388.77,388.79,388.8,300,110,388.79731707317075,8.510477744622376e-08,0.00013069421362121858
2022-10-28 18:57:00+00:00,388.8,388.8,388.81,100,100,388.805,5.335375146933051e-08,-0.00015312169890913108
2022-10-28 18:58:00+00:00,388.79,388.77,388.78,1200,125,388.77905660377354,7.994183584141593e-08,0.00023855635926128826
2022-10-28 18:59:00+00:00,388.87,388.85,388.86,530,300,388.8563855421687,8.007998812627718e-08,-6.745880646008562e-05
2022-10-28 19:00:00+00:00,388.85,388.85,388.86,400,200,388.8566666666667,1.2659757856022734e-07,-0.00015126606108528673
2022-10-28 19:01:00+00:00,388.75,388.75,388.76,200,300,388.754,9.92057139233682e-08,0.0005711557979330983
2022-10-28 19:02:00+00:00,389.0,389.0,389.01,1000,521,389.00657462195926,1.1231457116853276e-07,0.0004160995779933785
2022-10-28 19:03:00+00:00,389.13,389.12,389.14,963,500,389.13316473000685,1.5247018389292256e-07,-0.0005469798155779415
2022-10-28 19:04:00+00:00,388.94,388.93,388.95,1600,200,388.9477777777778,9.28526951637876e-08,-0.0006530439941837551
2022-10-28 19:05:00+00:00,388.7,388.7,388.71,200,300,388.704,8.849099959536901e-08,-0.0002838917650642703
2022-10-28 19:06:00+00:00,388.59,388.59,388.6,300,200,388.596,1.0578811707477747e-07,-0.00020501383200011158
2022-10-28 19:07:00+00:00,388.52,388.51,388.52,300,387,388.5143668122271,1.1471738713436257e-07,-0.0003912363067292146
2022-10-28 19:08:00+00:00,388.33,388.31,388.33,200,300,388.318,1.6009998107498967e-07,0.0005701631770227422
2022-10-28 19:09:00+00:00,388.61,388.59,388.61,100,430,388.59377358490565,9.959437832519841e-08,0.00035325177852674194
2022-10-28 19:10:00+00:00,388.72,388.71,388.73,200,260,388.71869565217384,8.252453131936887e-08,9.13009709457846e-05
2022-10-28 19:11:00+00:00,388.76,388.75,388.76,200,300,388.754,1.1743082690682462e-07,0.0005465110843472232
2022-10-28 19:12:00+00:00,388.98,388.96,388.98,400,2177,388.9631043849437,9.77418693275384e-08,-7.707049441951774e-05
2022-10-28 19:13:00+00:00,388.94,388.93,388.94,218,249,388.9346680942184,4.7057319030155996e-08,7.982363319913865e-05
2022-10-28 19:14:00+00:00,388.97,388.97,388.98,201,200,388.97501246882797,6.356959827767108e-08,-0.0002460692784628238
2022-10-28 19:15:00+00:00,388.88,388.87,388.89,800,200,388.886,9.432554221484133e-08,-4.628772449555285e-05
2022-10-28 19:16:00+00:00,388.85,388.84,388.86,345,100,388.85550561797754,1.1053085209808155e-07,-0.00021596804949974846
2022-10-28 19:17:00+00:00,388.77,388.76,388.77,310,153,388.7666954643628,6.731438956886882e-08,-1.1075119336512174e-05
2022-10-28 19:18:00+00:00,388.77,388.76,388.79,300,300,388.775,7.379986349033303e-08,2.7876528267301026e-05
2022-10-28 19:19:00+00:00,388.78,388.77,388.78,680,76,388.7789947089947,8.542624030288741e-08,-0.00026120845942878557
2022-10-28 19:20:00+00:00,388.67,388.66,388.68,200,200,388.67,1.2911873271279716e-07,-0.0003804133089526651
2022-10-28 19:21:00+00:00,388.52,388.52,388.53,302,100,388.5275124378109,1.1063812764895589e-07,0.00013608774255358114
2022-10-28 19:22:00+00:00,388.6,388.59,388.61,300,300,388.6,1.313046631911264e-07,0.0001803352778455558
2022-10-28 19:23:00+00:00,388.65,388.65,388.67,70,283,388.6539660056657,6.66603673693875e-08,8.335579666973736e-05
2022-10-28 19:24:00+00:00,388.68,388.68,388.69,100,202,388.68331125827814,6.445471370912918e-08,0.00022147606114786278
2022-10-28 19:25:00+00:00,388.76,388.76,388.77,300,400,388.76428571428573,4.4920892245721155e-08,0.00015682255030147196
2022-10-28 19:26:00+00:00,388.82,388.82,388.83,10204,505,388.82952843402745,3.79654522696608e-08,0.0003268170105241719
2022-10-28 19:27:00+00:00,388.95,388.95,388.96,600,307,388.9566152149945,5.1531391138197894e-08,3.720533072448795e-05
2022-10-28 19:28:00+00:00,388.97,388.94,388.97,600,244,388.96132701421806,1.1909360388488886e-07,0.0004325353194229997
2022-10-28 19:29:00+00:00,389.14,389.12,389.13,1300,100,389.1292857142857,9.26515533374898e-08,-0.0003419230273142837
2022-10-28 19:30:00+00:00,389.0,388.99,389.0,1,500,388.99001996007985,3.078708876891231e-07,-0.00029002050089477205
2022-10-28 19:31:00+00:00,388.9,388.9,388.91,200,322,388.9038314176245,1.0212254609683326e-07,0.00046253958747022317
2022-10-28 19:32:00+00:00,389.06,389.05,389.06,3,500,389.0500596421471,8.019152395716578e-08,-8.609499775424911e-05
2022-10-28 19:33:00+00:00,389.03,389.03,389.04,28,205,389.03120171673817,5.311249783454603e-08,6.468215358279572e-05
2022-10-28 19:34:00+00:00,389.08,389.07,389.08,274,300,389.0747735191637,3.987492426643069e-08,-0.00017991852261189933
2022-10-28 19:35:00+00:00,389.03,389.01,389.03,200,700,389.01444444444445,1.129836675190904e-07,-0.0004389644744919874
2022-10-28 19:36:00+00:00,388.82,388.81,388.83,500,300,388.8225,7.412867795029067e-08,-0.0001823746379525648
2022-10-28 19:37:00+00:00,388.76,388.75,388.76,300,100,388.7575,1.3031983766836896e-07,0.00017713491490201072
2022-10-28 19:38:00+00:00,388.82,388.82,388.83,77,320,388.8219395465995,1.308114549392127e-07,0.00011437501581279541
2022-10-28 19:39:00+00:00,388.89,388.9,388.91,400,100,388.908,9.932642709562593e-08,-8.04924044440769e-05
2022-10-28 19:40:00+00:00,388.84,388.83,388.84,220,200,388.8352380952381,8.500202855905498e-08,0.00017482610448515956
2022-10-28 19:41:00+00:00,388.9,388.89,388.91,533,200,388.90454297407916,6.729181714967964e-08,0.0002433910003603046
2022-10-28 19:42:00+00:00,389.03,389.02,389.03,500,100,389.0283333333333,5.734826902271102e-08,0.00031042978993611747
2022-10-28 19:43:00+00:00,389.12,389.12,389.13,1129,39,389.1296660958904,1.1574409880502881e-07,-0.0004397359564762837
2022-10-28 19:44:00+00:00,388.94,388.93,388.95,1000,600,388.9425,4.062030269576251e-08,0.00010999825685953368
2022-10-28 19:45:00+00:00,388.99,388.99,389.0,34,520,388.99061371841157,1.545747526554992e-07,-0.00029204283813677456
2022-10-28 19:46:00+00:00,388.9,388.89,388.9,2820,400,388.89875776397514,1.3848355010023057e-07,0.00010734163838632682
2022-10-28 19:47:00+00:00,388.91,388.92,388.93,100,700,388.92125,7.312321156501641e-08,0.00015368702642404308
2022-10-28 19:48:00+00:00,388.97,388.96,388.98,100,2301,388.9608329862557,1.2682033003397904e-07,-0.00027158443776720276
2022-10-28 19:49:00+00:00,388.89,388.87,388.89,301,400,388.8785877318117,1.234628435427452e-07,5.856934812675796e-05
2022-10-28 19:50:00+00:00,388.91,388.9,388.92,400,600,388.908,3.312498793346946e-07,4.391141299620038e-05
2022-10-28 19:51:00+00:00,388.93,388.92,388.93,300,38,388.9288757396449,1.0454555096801257e-07,0.0006536919595017121
2022-10-28 19:52:00+00:00,389.16,389.16,389.17,500,300,389.16625,1.2278483051396659e-07,0.00013398853526269683
2022-10-28 19:53:00+00:00,389.22,389.21,389.22,940,300,389.2175806451613,1.1502794713711368e-07,0.00012986293592542886
2022-10-28 19:54:00+00:00,389.28,389.26,389.27,488,500,389.26493927125506,2.3008302300128396e-07,-9.286682504994204e-05
2022-10-28 19:55:00+00:00,389.231,389.23,389.24,1300,151,389.2389593383873,2.135594859372895e-07,-0.0003467506762742101
2022-10-28 19:56:00+00:00,389.14,389.14,389.15,1080,400,389.1472972972973,1.3839574844903067e-07,-0.0003031535445384703
2022-10-28 19:57:00+00:00,388.97,388.97,388.98,1800,483,388.9778843626807,1.1891994365707505e-07,-0.0006590799723349416
2022-10-28 19:58:00+00:00,388.74,388.73,388.74,1413,247,388.7385120481927,2.580843703642549e-07,0.00015941692913079564
2022-10-28 19:59:00+00:00,388.8,388.79,388.8,339,1200,388.7922027290448,4.780367617056544e-07,0.0003789574041588306
2022-10-28 20:00:00+00:00,388.98,388.96,388.97,300,45600,388.96006535947714,3.568082588713805e-07,0.0006599245800480436
2022-10-28 20:01:00+00:00,389.21,389.15,389.19,900,4900,389.15620689655174,1.4935676272081132e-07,9.882837773433906e-05
2022-10-28 20:02:00+00:00,389.21,389.22,389.25,500,200,389.24142857142857,1.3290153791833686e-07,-0.00025750357883924657
2022-10-28 20:03:00+00:00,389.09,389.1,389.13,200,100,389.12,7.027454409983628e-08,0.00040582650579668034
2022-10-28 20:04:00+00:00,389.31,389.31,389.35,500,1000,389.3233333333333,1.0016231856369837e-07,4.777990489257533e-05
2022-10-28 20:05:00+00:00,389.29,389.29,389.33,428,4400,389.293545981773,6.255003442044589e-08,-0.00023825525024046001
2022-10-28 20:06:00+00:00,389.21,389.21,389.24,100,1400,389.212,3.238110516953719e-08,7.7078815658993e-06
2022-10-28 20:07:00+00:00,389.22,389.21,389.22,500,435,389.21534759358286,2.1236246965551857e-08,-9.257105434901103e-05
2022-10-28 20:08:00+00:00,389.17,389.17,389.18,836,96,389.1789699570815,2.1572660376964266e-08,7.972120844357278e-06
2022-10-28 20:09:00+00:00,389.18,389.16,389.2,1000,3460,389.1689686098655,3.5982517094397144e-08,-5.721902128275058e-05
2022-10-28 20:10:00+00:00,389.165,389.15,389.17,500,1006,389.15664010624164,4.1540757705675754e-08,4.0883883652087505e-05
2022-10-28 20:11:00+00:00,389.2,389.15,389.18,1000,2400,389.1588235294118,4.682763473657931e-08,2.814250877003488e-05
2022-10-28 20:12:00+00:00,389.2,389.17,389.2,600,400,389.188,7.604383636741735e-08,0.0007223932817157497
2022-10-28 20:13:00+00:00,389.47,389.46,389.48,500,2,389.47992031872514,8.723049366833991e-08,-4.1627316763270805e-05
2022-10-28 20:14:00+00:00,389.45,389.45,389.47,500,1800,389.454347826087,3.703972635833201e-08,0.0002482319658803078
2022-10-28 20:15:00+00:00,389.54,389.52,389.55,626,26,389.5488036809816,4.338288708046059e-08,0.0002457350475493225
2022-10-28 20:16:00+00:00,389.65,389.66,389.67,100,200,389.66333333333336,6.04494924154964e-08,0.0002147917270438615
2022-10-28 20:17:00+00:00,389.72,389.7,389.74,600,10,389.7393442622951,3.1974935033804426e-08,0.0002996759007523053
2022-10-28 20:18:00+00:00,389.85,389.84,389.87,100,569,389.84448430493273,4.4803389705740165e-08,-1.1349204288801928e-05
2022-10-28 20:19:00+00:00,389.9,389.84,389.88,501,900,389.8543040685225,3.901271325023483e-08,4.2598973620799896e-05
2022-10-28 20:20:00+00:00,389.83,389.84,389.87,500,400,389.8566666666667,3.443798020879183e-08,0.00015661805234401527
2022-10-28 20:21:00+00:00,389.9,389.89,389.91,100,400,389.894,3.103019461849579e-08,-6.773203875776179e-05
2022-10-28 20:22:00+00:00,389.88,389.88,389.9,985,856,389.890700706138,4.818024077903677e-08,-2.275746945745727e-05
2022-10-28 20:23:00+00:00,389.87,389.87,389.9,90,127,389.8824423963133,2.3403174118980737e-08,8.801206905473258e-05
2022-10-28 20:24:00+00:00,389.91,389.91,389.92,100,548,389.9115432098766,6.175349942629393e-08,-2.61606232337952e-05
2022-10-28 20:25:00+00:00,389.91,389.89,389.91,500,104,389.9065562913907,5.482368550884137e-08,0.00013694318791834803
2022-10-28 20:26:00+00:00,389.97,389.94,389.96,410,1,389.9599513381995,5.649718222589673e-08,0.0001542902156728143
2022-10-28 20:27:00+00:00,390.04,390.02,390.05,4,1010,390.02011834319524,3.742966205364472e-08,-2.8463453703442276e-05
2022-10-28 20:28:00+00:00,390.02,390.01,390.02,100,100,390.015,3.2601255970942764e-08,7.029028396066117e-05
2022-10-28 20:29:00+00:00,390.02,390.03,390.05,100,211,390.03643086816714,3.253758889867801e-08,0.00013717634590348915
2022-10-28 20:30:00+00:00,390.09,390.07,390.09,610,2,390.08993464052287,3.229827235167025e-08,0.0003316355372711133
2022-10-28 20:31:00+00:00,390.22,390.22,390.23,500,81,390.22860585197935,2.0894429844607508e-08,-0.00019339383776273422
2022-10-28 20:32:00+00:00,390.15,390.14,390.15,1500,1810,390.14453172205435,4.263361722077866e-09,-2.46648366415414e-05
2022-10-28 20:33:00+00:00,390.14,390.13,390.14,75,103,390.1342134831461,4.1319196744682195e-08,-0.00016262160606317355
2022-10-28 20:34:00+00:00,390.03,390.05,390.08,900,400,390.07076923076926,1.6152951780176293e-08,3.2209802823368605e-05
2022-10-28 20:35:00+00:00,390.08,390.08,390.09,200,400,390.0833333333333,2.305440191330307e-08,0.00010498367259748065
2022-10-28 20:36:00+00:00,390.12,390.12,390.13,450,200,390.12692307692305,2.253578145005125e-08,1.9773918201959617e-05
2022-10-28 20:37:00+00:00,390.13,390.12,390.16,1000,2300,390.1321212121212,6.491674056038078e-08,9.66453238839815e-05
2022-10-28 20:38:00+00:00,390.16,390.15,390.17,1000,15,390.16970443349754,1.087768794560181e-08,4.3157225065204585e-05
2022-10-28 20:39:00+00:00,390.18,390.18,390.19,400,317,390.1855788005579,6.919479007821032e-09,-0.0001363700077728902
2022-10-28 20:40:00+00:00,390.14,390.13,390.14,500,1000,390.1333333333333,2.8004359033801706e-08,8.544087491468844e-05
2022-10-28 20:41:00+00:00,390.17,390.16,390.17,500,250,390.1666666666667,1.6721089774313815e-08,-5.555314686267465e-05
2022-10-28 20:42:00+00:00,390.15,390.14,390.17,100,501,390.1449916805324,6.964157720987035e-09,5.647596582858405e-05
2022-10-28 20:43:00+00:00,390.16,390.15,390.16,601,1,390.1599833887043,2.0152521979904317e-08,2.179183273898211e-05
2022-10-28 20:44:00+00:00,390.16,390.16,390.18,500,144,390.1755279503106,6.740800101052933e-08,-4.137413380911337e-05
2022-10-28 20:45:00+00:00,390.17,390.14,390.17,500,1918,390.14620347394543,1.693835106140862e-08,-8.172243716875194e-05
2022-10-28 20:46:00+00:00,390.12,390.12,390.15,200,600,390.1275,1.3476408662129694e-08,-6.506748533396944e-05
2022-10-28 20:47:00+00:00,390.1,390.1,390.11,110,410,390.1021153846154,1.5003934208626854e-08,8.445100193599231e-06
2022-10-28 20:48:00+00:00,390.11,390.1,390.13,100,500,390.105,1.9774762216599114e-09,-3.0205483096290564e-05
2022-10-28 20:49:00+00:00,390.09,390.09,390.11,282,1000,390.09439937597506,3.3600011735360834e-09,6.710544875998536e-05
2022-10-28 20:50:00+00:00,390.11,390.11,390.12,100,2,390.11980392156863,1.7884365592460256e-08,0.00013188185328982804
2022-10-28 20:51:00+00:00,390.17,390.17,390.19,36,200,390.1730508474576,3.76403295449605e-08,0.00022175937528667866
2022-10-28 20:52:00+00:00,390.29,390.23,390.28,500,400,390.2577777777778,4.8221696337186355e-08,-2.1278483197773035e-05
2022-10-28 20:53:00+00:00,390.25,390.23,390.26,10,410,390.2307142857143,3.423813369124865e-08,1.2330651031344786e-05
2022-10-28 20:54:00+00:00,390.24,390.24,390.26,250,100,390.2542857142857,2.251662133234176e-08,-0.00013393077787604568
2022-10-28 20:55:00+00:00,390.23,390.2,390.23,101,1400,390.2020186542305,1.1105530959029673e-08,4.5776445587897285e-05
2022-10-28 20:56:00+00:00,390.2,390.2,390.22,500,3,390.21988071570576,1.759229739410305e-08,-7.34763294079066e-05
2022-10-28 20:57:00+00:00,390.18,390.18,390.23,910,900,390.205138121547,9.366786083670108e-09,-4.031572113405435e-05
2022-10-28 20:58:00+00:00,390.17,390.17,390.18,2000,1651,390.1754779512462,2.8177077219740214e-09,1.7336305335513558e-05
2022-10-28 20:59:00+00:00,390.18,390.18,390.2,125,990,390.18224215246636,6.723446877334436e-09,-9.420798162385058e-05
2022-10-28 21:00:00+00:00,390.15,390.12,390.16,1,1000,390.12003996003995,1.4176061321109251e-08,6.697961576929146e-06
2022-10-28 21:01:00+00:00,390.15,390.11,390.15,2002,100,390.14809705042813,5.370911522817646e-09,-4.171336590552688e-05
2022-10-28 21:02:00+00:00,390.16,390.12,390.16,300,715,390.1318226600985,1.5181101605900703e-09,2.0205820604468627e-05
2022-10-28 21:03:00+00:00,390.13,390.13,390.14,989,30,390.1397055937193,6.94503610882934e-10,2.6333246495369167e-05
2022-10-28 21:04:00+00:00,390.14,390.14,390.15,1442,3,390.1499792387543,4.567453202480008e-09,-2.5683529972897468e-05
2022-10-28 21:05:00+00:00,390.12,390.12,390.14,100,3,390.1394174757282,1.270360727104432e-08,0.00013605117440751435
2022-10-28 21:06:00+00:00,390.18,390.18,390.2,500,534,390.18967117988393,2.598500089829157e-10,-8.226184244564116e-06
2022-10-28 21:07:00+00:00,390.19,390.18,390.2,1000,1035,390.18982800982803,1.3547727928298156e-10,-1.2223291553925542e-05
2022-10-28 21:08:00+00:00,390.18,390.18,390.2,410,1211,390.1850586057989,5.308819487049783e-08,-8.686789005563078e-06
2022-10-28 21:09:00+00:00,390.18,390.18,390.2,112,1230,390.18166915052166,1.5870033921757309e-09,2.0467445099425774e-05
2022-10-28 21:10:00+00:00,390.2,390.18,390.19,112,4,390.1896551724138,8.599816309204062e-10,-1.381579449433179e-05
2022-10-28 21:11:00+00:00,390.18,390.18,390.2,100,369,390.1842643923241,1.8496417744925463e-11,2.0409239775975863e-06
2022-10-28 21:12:00+00:00,390.18,390.18,390.2,125,369,390.185060728745,1.135482766102403e-08,-0.00017723199096242315
2022-10-28 21:13:00+00:00,390.12,390.11,390.12,2132,1477,390.11590745358825,8.552638449289024e-09,-0.0001709380787372483
2022-10-28 21:14:00+00:00,390.03,390.03,390.05,247,10,390.0492217898833,1.321828404467121e-08,-1.8515073175073837e-05
2022-10-28 21:15:00+00:00,390.0,389.98,390.04,53,50,390.0108737864078,8.123893694569676e-08,6.402268730498761e-06
2022-10-28 21:16:00+00:00,390.07,390.0,390.07,1005,576,390.04449715370015,7.894481152364935e-08,-0.00011054107555719117
2022-10-28 21:17:00+00:00,390.05,390.0,390.05,5,176,390.0013812154696,4.13898233949343e-09,6.535147565767119e-05
2022-10-28 21:18:00+00:00,390.04,390.02,390.04,227,434,390.02686838124055,1.3989361055155695e-09,-5.094105778680191e-05
2022-10-28 21:19:00+00:00,390.0,390.0,390.03,168,552,390.00699999999995,5.3189429225171396e-09,-7.649384417107719e-06
2022-10-28 21:20:00+00:00,390.02,389.99,390.01,1176,502,390.0040166865316,2.908906566313093e-08,0.00019411475895503294
2022-10-28 21:21:00+00:00,390.04,390.04,390.08,143,1,390.0797222222222,6.627501122745671e-09,-0.00010343127224765603
2022-10-28 21:22:00+00:00,390.04,390.02,390.04,776,25,390.0393757802747,1.1719525765285875e-11,-4.809207457490139e-06
2022-10-28 21:23:00+00:00,390.04,390.02,390.05,700,500,390.0375,3.731163207748171e-08,-3.5334561839794887e-06
2022-10-28 21:24:00+00:00,390.05,389.99,390.05,997,300,390.0361218195837,1.871801408250447e-09,2.457019286050688e-05
2022-10-28 21:25:00+00:00,390.05,389.99,390.05,1297,100,390.04570508231933,1.8031568257139646e-09,6.205586656005124e-05
2022-10-28 21:26:00+00:00,390.06,390.06,390.07,2195,20,390.06990970654624,3.882737663687009e-09,-3.5374672825883025e-05
2022-10-28 21:27:00+00:00,390.07,390.05,390.07,11,25,390.05611111111114,3.2345543197885937e-09,-4.2290650052234646e-05
2022-10-28 21:28:00+00:00,390.06,390.03,390.04,50,2,390.0396153846154,3.0190377954993026e-08,-5.260051724775838e-05
2022-10-28 21:29:00+00:00,390.01,390.0,390.02,212,10,390.01909909909904,1.5901838217311743e-07,0.00016896839424829224
2022-10-28 21:30:00+00:00,390.12,390.1,390.14,196,100,390.1264864864865,1.3703410518547638e-07,-0.0002197629142686175
2022-10-28 21:31:00+00:00,390.0,389.99,390.0,1277,100,389.9992737835875,4.590759715049322e-12,-2.074032853793817e-06
2022-10-28 21:32:00+00:00,390.0,389.99,390.0,1158,100,389.9992050874404,6.2057177671028364e-09,7.516148942698919e-05
2022-10-28 21:33:00+00:00,390.01,390.01,390.03,8,1,390.02777777777777,6.378059516372003e-09,-7.681936398085121e-05
2022-10-28 21:34:00+00:00,390.0,389.99,390.0,680,190,389.997816091954,7.32485732072474e-08,1.753620194167027e-06
2022-10-28 21:35:00+00:00,389.95,389.95,390.0,97,3,389.9985,1.647755332599224e-12,1.2027537670267208e-06
2022-10-28 21:36:00+00:00,390.0,389.95,390.0,95,2,389.998969072165,3.6958176534144915e-08,-0.00019129649490823297
2022-10-28 21:37:00+00:00,389.96,389.92,390.0,3,52,389.92436363636364,3.158246351910339e-08,0.00016916318538551245
2022-10-28 21:38:00+00:00,389.96,389.96,390.0,257,82,389.9903244837758,2.7685055157251842e-08,-0.00017605005252374628
2022-10-28 21:39:00+00:00,389.91,389.91,390.0,123,141,389.95193181818183,8.930797512790167e-09,8.327637867733273e-05
2022-10-28 21:40:00+00:00,389.93,389.93,390.0,80,152,389.9541379310345,2.8804376111324556e-08,-9.512297075731091e-05
2022-10-28 21:41:00+00:00,389.91,389.91,389.92,143,60,389.9170443349754,2.1040917868723544e-11,4.224626323878766e-06
2022-10-28 21:42:00+00:00,389.92,389.91,389.92,93,14,389.91869158878507,1.1934921286814844e-09,1.8655367408415557e-05
2022-10-28 21:43:00+00:00,389.92,389.91,389.93,186,47,389.92596566523605,7.058620208399094e-10,-3.508266201879273e-06
2022-10-28 21:44:00+00:00,389.92,389.91,389.93,127,47,389.9245977011495,8.483063889963312e-09,-0.00011387233065029978
2022-10-28 21:45:00+00:00,389.9,389.88,389.89,1,50,389.88019607843137,4.058431064335572e-08,-0.0003341553102753636
2022-10-28 21:46:00+00:00,389.7,389.7,389.75,591,1,389.74991554054054,4.0950802954379924e-08,4.236827316583813e-05
2022-10-28 21:47:00+00:00,389.76,389.76,389.82,6,50,389.76642857142855,1.7903675516836656e-08,3.970631984118178e-05
2022-10-28 21:48:00+00:00,389.8,389.78,389.8,10,95,389.78190476190474,8.952905570331866e-09,8.20955187845751e-05
2022-10-28 21:49:00+00:00,389.78,389.78,389.83,99,47,389.81390410958903,7.739280791079166e-10,-2.2841949697371966e-05
2022-10-28 21:50:00+00:00,389.78,389.8,389.81,2,2,389.805,5.814704330598158e-09,-0.0001144263423917824
2022-10-28 21:51:00+00:00,389.77,389.76,389.77,16,388,389.76039603960396,1.5919636473145417e-08,8.532101871994158e-05
2022-10-28 21:52:00+00:00,389.79,389.75,389.8,110,16,389.7936507936508,4.0234947696179775e-09,-8.692638200069602e-05
2022-10-28 21:53:00+00:00,389.79,389.74,389.79,34,52,389.75976744186045,2.2634934447528282e-08,7.419126108287877e-05
2022-10-28 21:54:00+00:00,389.74,389.74,389.79,37,1,389.78868421052636,1.7108096470921246e-08,-0.00011031618346513117
2022-10-28 21:55:00+00:00,389.71,389.72,389.76,61,34,389.74568421052635,5.2860588981856095e-08,0.00024370680644447695
2022-10-28 21:56:00+00:00,389.85,389.8,389.85,889,204,389.8406678865508,4.7937305059931574e-08,-0.00011027153419584934
2022-10-28 21:57:00+00:00,389.8,389.78,389.8,800,105,389.79767955801105,8.039851046115373e-08,0.00017772543901894977
2022-10-28 21:58:00+00:00,389.8,389.78,389.9,750,285,389.8669565217391,6.877000510878345e-08,-0.0003792719802861999
2022-10-28 21:59:00+00:00,389.7,389.7,389.72,2100,100,389.71909090909094,5.994819229308118e-08,0.00016655353156469488
2022-10-28 22:00:00+00:00,389.7,389.7,389.8,983,200,389.7830938292477,4.733821352900678e-08,-0.00019088951704837598
2022-10-28 22:01:00+00:00,389.67,389.67,389.71,488,5,389.7095943204868,6.884082822374852e-08,6.091462256119229e-05
2022-10-28 22:02:00+00:00,389.7,389.69,389.75,100,100,389.72,7.995317837421558e-08,8.581271460283979e-05
2022-10-28 22:03:00+00:00,389.8,389.7,389.8,201,100,389.7667774086379,4.4212812397762304e-08,-0.00019201078306196884
2022-10-28 22:04:00+00:00,389.7,389.69,389.7,200,832,389.6919379844961,3.1802604699491664e-12,3.4638641865925024e-07
2022-10-28 22:05:00+00:00,389.7,389.69,389.7,250,956,389.6920729684909,1.4805516448251591e-13,-8.585544577499604e-07
2022-10-28 22:06:00+00:00,389.69,389.69,389.7,206,979,389.6917383966245,6.475648989547683e-12,3.057158126651416e-06
2022-10-28 22:07:00+00:00,389.69,389.69,389.7,196,473,389.6929297458894,8.261092255204317e-09,-0.00014016943201888843
2022-10-28 22:08:00+00:00,389.63,389.63,389.67,455,1736,389.6383067092651,1.7134424475891333e-09,-1.8855764218894677e-06
2022-10-28 22:09:00+00:00,389.67,389.63,389.67,414,1773,389.6375720164609,1.4100494613904862e-09,4.3060126707406e-05
2022-10-28 22:10:00+00:00,389.65,389.65,389.67,465,1673,389.65434985968193,5.20957599563272e-09,5.092638825221485e-05
2022-10-28 22:11:00+00:00,389.66,389.65,389.7,435,464,389.67419354838705,5.7801900756389334e-09,1.882533323960267e-05
2022-10-28 22:12:00+00:00,389.7,389.65,389.7,635,372,389.68152929493544,5.483963175532313e-09,9.162545549035173e-05
2022-10-28 22:13:00+00:00,389.7,389.7,389.73,135,100,389.71723404255323,3.8801270160694405e-10,1.0473611541605976e-05
2022-10-28 22:14:00+00:00,389.73,389.7,389.73,135,55,389.7213157894737,4.783058923583407e-08,0.0002273676675101921
2022-10-28 22:15:00+00:00,389.8,389.8,389.81,669,5,389.80992581602374,6.755649346022905e-08,6.950941671202138e-05
2022-10-28 22:16:00+00:00,389.88,389.7,389.9,460,385,389.808875739645,1.6701969153880225e-07,-1.3201097676440732e-05
2022-10-28 22:17:00+00:00,389.88,389.77,389.86,220,100,389.83187499999997,2.8317634163201367e-07,6.7160814728906e-05
2022-10-28 22:18:00+00:00,389.85,389.81,389.88,219,100,389.85805642633227,8.830052674210121e-08,-0.00026490107344023794
2022-10-28 22:19:00+00:00,389.86,389.75,389.86,7,154,389.7547826086956,3.635920270140843e-10,1.3932240229275195e-05
2022-10-28 22:20:00+00:00,389.83,389.75,389.83,6,41,389.7602127659574,1.4282299040696786e-08,0.00011950857308451468
2022-10-28 22:21:00+00:00,389.8,389.8,389.83,12,41,389.8067924528302,1.5798243040986502e-11,-2.185335882365358e-06
2022-10-28 22:22:00+00:00,389.85,389.8,389.85,12,89,389.8059405940595,2.0121863080945933e-10,-1.409775482552611e-05
2022-10-28 22:23:00+00:00,389.81,389.8,389.85,13,1447,389.8004452054795,1.2172217498214156e-14,-1.554387524249634e-07
2022-10-28 22:24:00+00:00,389.81,389.8,389.85,12,1548,389.8003846153846,1.645241609291913e-08,-0.00012826633414431132
2022-10-28 22:25:00+00:00,389.81,389.75,389.85,6,1553,389.7503848620911,2.3739612999880225e-10,1.562259033627278e-05
2022-10-28 22:26:00+00:00,389.81,389.75,389.85,106,1531,389.75647525962125,4.649417699330715e-08,-0.00020321030534709017
2022-10-28 22:27:00+00:00,389.65,389.65,389.7,120,100,389.67727272727274,3.8199015376123615e-08,-7.149506762627045e-05
2022-10-28 22:28:00+00:00,389.65,389.64,389.65,1154,72,389.64941272430667,2.7626144686826968e-09,5.25426359792025e-05
2022-10-28 22:29:00+00:00,389.64,389.64,389.67,1048,4,389.66988593155895,1.9405882527532514e-08,0.0001791815926790452
2022-10-28 22:30:00+00:00,389.7,389.7,389.74,1358,10,389.7397076023392,3.1556706580804935e-08,-0.00012240888318171272
2022-10-28 22:31:00+00:00,389.75,389.68,389.8,50,450,389.692,2.133700624289882e-08,0.0001078996208483396
2022-10-28 22:32:00+00:00,389.72,389.69,389.74,370,50,389.73404761904766,5.154335426847716e-09,-3.848778440496137e-05
2022-10-28 22:33:00+00:00,389.72,389.7,389.72,1000,50,389.7190476190476,6.064407347970671e-12,-2.3000121467386947e-06
2022-10-28 22:34:00+00:00,389.71,389.71,389.72,194,44,389.71815126050427,1.1190542178985256e-07,0.0002533103380784052
2022-10-28 22:35:00+00:00,389.65,389.8,389.83,257,200,389.81687089715535,3.949590994868317e-09,5.905072972600678e-05
2022-10-28 22:36:00+00:00,389.83,389.83,389.84,898,10,389.83988986784135,4.611267458123543e-08,0.00021934225939812535
2022-10-28 22:37:00+00:00,389.9,389.89,389.93,1000,130,389.9253982300885,1.0284238881258165e-08,-2.2036714130257984e-05
2022-10-28 22:38:00+00:00,389.91,389.91,389.98,14,130,389.9168055555556,1.3117737400872974e-11,-2.340751667273544e-06
2022-10-28 22:39:00+00:00,389.91,389.91,389.97,11,101,389.91589285714286,4.81509393043755e-08,0.00012325539826907317
2022-10-28 22:40:00+00:00,389.94,389.94,389.97,347,101,389.96323660714285,6.681701873113329e-09,-8.027674562383069e-05
2022-10-28 22:41:00+00:00,389.92,389.91,389.98,11,23,389.93264705882353,3.2083351297206033e-09,4.647513380162671e-05
2022-10-28 22:42:00+00:00,389.97,389.95,389.97,4,100,389.9507692307692,1.5870824223772313e-07,-0.00010471233534659063
2022-10-28 22:43:00+00:00,390.0,389.9,390.0,94,852,389.9099365750528,1.5871390335045982e-08,0.00017811233620812494
2022-10-28 22:44:00+00:00,389.97,389.97,389.98,1067,70,389.97938434476697,3.201693490148298e-11,-9.410905293938399e-06
2022-10-28 22:45:00+00:00,389.98,389.97,389.98,80,60,389.97571428571433,6.328092677814344e-09,8.614910591253633e-05
2022-10-28 22:46:00+00:00,390.0,389.97,390.01,57,1,390.0093103448276,1.60331636263739e-08,0.00017848992382751838
2022-10-28 22:47:00+00:00,390.01,390.01,390.09,280,45,390.07892307692305,5.7336647922810344e-08,-3.5366171698525406e-05
2022-10-28 22:48:00+00:00,390.01,390.01,390.08,278,75,390.06512747875354,7.077608418388807e-09,-8.017837364260316e-06
2022-10-28 22:49:00+00:00,390.05,390.05,390.07,15,10,390.06199999999995,1.1527636602332451e-08,-2.832272573993766e-05
2022-10-28 22:50:00+00:00,390.07,390.05,390.07,5,100,390.05095238095237,2.8372956476483214e-09,-7.947621747383948e-05
2022-10-28 22:51:00+00:00,390.01,390.01,390.02,210,1,390.01995260663506,7.33549272720531e-08,-0.00018250097528005327
2022-10-28 22:52:00+00:00,390.01,389.9,390.01,94,118,389.94877358490567,0.0,0.0
2022-10-28 22:53:00+00:00,390.01,389.9,390.01,94,118,389.94877358490567,2.274408260374476e-08,0.0001116758061974199
2022-10-28 22:54:00+00:00,390.01,389.9,390.01,94,18,389.9923214285714,8.46407839472767e-10,3.0485466228746816e-05
2022-10-28 22:55:00+00:00,390.0,389.9,390.01,324,18,390.0042105263158,0.0,0.0
2022-10-28 22:56:00+00:00,390.0,389.9,390.01,324,18,390.0042105263158,7.723626798886158e-10,-2.7791413779953977e-05
2022-10-28 22:57:00+00:00,390.0,389.9,390.0,324,23,389.9933717579251,8.944273172259805e-09,-7.900334863764069e-05
2022-10-28 22:58:00+00:00,389.9,389.9,389.99,227,100,389.9624770642202,6.620681837725998e-09,-2.136780971784269e-05
2022-10-28 22:59:00+00:00,389.9,389.95,389.99,50,423,389.9542283298097,3.4728987736357126e-08,4.081956021639854e-06
2022-10-28 23:00:00+00:00,389.91,389.91,389.99,433,323,389.9558201058202,1.6333097112217783e-08,0.00010888049495672014
2022-10-28 23:01:00+00:00,390.0,389.99,390.0,202,42,389.9982786885246,2.7908209227607468e-09,3.4414627687606725e-06
2022-10-28 23:02:00+00:00,389.92,389.92,390.0,210,1,389.99962085308056,1.1236716312273701e-08,-0.0001372685363666415
2022-10-28 23:03:00+00:00,389.92,389.94,389.96,339,775,389.9460861759425,1.8004522745355324e-10,-2.3064668885797168e-05
2022-10-28 23:04:00+00:00,389.92,389.93,389.96,200,646,389.9370921985816,1.3540313151504001e-09,-2.5454730745555487e-05
2022-10-28 23:05:00+00:00,389.92,389.92,389.96,141,646,389.92716645489196,3.411829838175477e-09,4.931269901309321e-07
2022-10-28 23:06:00+00:00,389.96,389.92,389.96,140,621,389.92735873850194,3.0503974127906278e-09,1.3185177656360736e-05
2022-10-28 23:07:00+00:00,389.9,389.91,389.94,6,2,389.9325,3.8280299295970056e-10,1.319987132020195e-05
2022-10-28 23:08:00+00:00,389.9,389.9,389.94,32,2,389.93764705882353,2.2340986523478342e-08,-0.00014586390537907334
2022-10-28 23:09:00+00:00,389.84,389.88,389.9,2,50,389.8807692307692,2.5897209661046264e-08,-9.926179567243398e-05
2022-10-28 23:10:00+00:00,389.82,389.83,389.9,10,48,389.8420689655172,8.086074649779993e-09,2.2451564170689053e-05
2022-10-28 23:11:00+00:00,389.83,389.83,389.9,105,248,389.850821529745,3.806193121290942e-11,-5.64995403573576e-07
2022-10-28 23:12:00+00:00,389.83,389.83,389.9,43,223,389.84131578947364,4.810645662936057e-09,-2.4122273234006286e-05
2022-10-28 23:13:00+00:00,389.86,389.83,389.86,53,89,389.8411971830986,8.382032131065947e-10,4.139159830041095e-05
2022-10-28 23:14:00+00:00,389.85,389.85,389.86,99,36,389.8573333333333,3.418499779706367e-08,2.9472822738130233e-05
2022-10-28 23:15:00+00:00,389.95,389.86,389.95,10,42,389.87730769230774,3.4835328709555343e-08,-1.856712545611483e-05
2022-10-28 23:16:00+00:00,389.95,389.86,389.96,10,621,389.86158478605387,1.3415563018110409e-08,5.7776410567811354e-05
2022-10-28 23:17:00+00:00,389.95,389.86,389.9,44,29,389.8841095890411,6.535988163369864e-09,1.6257166688848912e-05
2022-10-28 23:18:00+00:00,389.95,389.89,389.96,4,621,389.890448,7.78542716532848e-09,0.00010781402916215654
2022-10-28 23:19:00+00:00,389.93,389.93,389.95,11,134,389.9315172413793,1.8925225991288208e-08,-2.7740683111732167e-05
2022-10-28 23:20:00+00:00,389.9,389.89,389.95,4,34,389.89631578947365,3.556443055798644e-08,-7.779340294822301e-05
2022-10-28 23:21:00+00:00,389.91,389.89,389.9,4,26,389.8913333333333,1.4437941944011428e-13,3.799729193509904e-07
2022-10-28 23:22:00+00:00,389.89,389.89,389.9,1,23,389.8904166666666,2.6582395522587093e-09,-4.66940681632666e-05
2022-10-28 23:23:00+00:00,389.85,389.85,389.88,90,26,389.8732758620689,1.4489947753633737e-11,1.5432936515402673e-06
2022-10-28 23:24:00+00:00,389.88,389.85,389.88,78,20,389.8738775510204,1.9406592680057797e-09,4.405291440989778e-05
2022-10-28 23:25:00+00:00,389.88,389.85,389.9,78,17,389.8910526315789,1.7457995773415403e-09,-4.1782766511344605e-05
2022-10-28 23:26:00+00:00,389.88,389.85,389.89,78,48,389.8747619047619,1.1069055347725336e-08,-0.00010198635214975216
2022-10-28 23:27:00+00:00,389.85,389.83,389.85,25,75,389.835,8.027870981086409e-10,2.565187835901206e-05
2022-10-28 23:28:00+00:00,389.85,389.84,389.85,100,100,389.845,7.97994765948571e-09,8.250621181815632e-06
2022-10-28 23:29:00+00:00,389.84,389.84,389.85,539,117,389.84821646341464,1.0150533746650326e-08,0.00014565549921052856
2022-10-28 23:30:00+00:00,389.9,389.88,389.93,100,100,389.905,1.9380145322418024e-08,-1.3331503319946592e-05
2022-10-28 23:31:00+00:00,389.88,389.88,389.9,100,1,389.899801980198,2.328212343653864e-09,4.653618258143588e-05
2022-10-28 23:32:00+00:00,389.93,389.9,389.93,134,90,389.9179464285714,1.322413062056124e-08,0.0001670364113839362
2022-10-28 23:33:00+00:00,389.96,389.96,389.99,100,30,389.98307692307696,4.173704915488838e-08,3.444545374398089e-05
2022-10-28 23:34:00+00:00,389.95,389.95,390.02,99,50,389.99651006711406,3.450172529701023e-08,0.00012385943579973357
2022-10-28 23:35:00+00:00,390.03,390.03,390.05,100,35,390.04481481481486,5.738137686374613e-11,-2.3232852709442753e-06
2022-10-28 23:36:00+00:00,390.03,390.03,390.05,137,60,390.0439086294416,5.234068291924313e-10,-3.235387236188991e-05
2022-10-28 23:37:00+00:00,390.03,390.03,390.04,37,250,390.03128919860626,4.696048044727558e-10,2.1658886691922064e-05
2022-10-28 23:38:00+00:00,390.03,390.03,390.04,37,1,390.0397368421053,2.284575459076885e-08,-0.0001224225588005723
2022-10-28 23:39:00+00:00,390.04,389.95,390.0,131,25,389.9919871794872,2.660864346010462e-10,2.050569716915973e-06
2022-10-28 23:40:00+00:00,390.04,389.96,390.0,100,22,389.9927868852459,3.964521263170071e-09,8.493504612516745e-06
2022-10-28 23:41:00+00:00,389.96,389.95,390.0,260,22,389.99609929078014,3.4858815270748035e-09,-4.048099039533071e-06
2022-10-28 23:42:00+00:00,389.96,389.95,389.99,260,8,389.9888059701493,7.606310424692537e-09,-3.285489974058642e-05
2022-10-28 23:43:00+00:00,390.0,389.95,390.0,260,293,389.97350813743213,8.542183190486995e-10,-1.3177274533870964e-05
2022-10-28 23:44:00+00:00,390.0,389.97,390.0,104,271,389.97832,1.6736896721437863e-08,6.681050062207206e-05
2022-10-28 23:45:00+00:00,390.0,389.98,390.04,92,152,390.0026229508197,3.1715555425821234e-09,3.0639195071735514e-05
2022-10-28 23:46:00+00:00,390.01,390.01,390.04,98,545,390.01457231726283,6.652376710167454e-09,-3.723742128058927e-05
2022-10-28 23:47:00+00:00,389.98,389.98,390.03,52,609,389.98393343419065,1.1343061383762055e-08,-2.8466180786890227e-05
2022-10-28 23:48:00+00:00,389.95,389.95,390.0,74,21,389.988947368421,2.418203135601682e-09,6.092727774120732e-05
2022-10-28 23:49:00+00:00,390.0,389.95,390.02,86,10,390.01270833333336,1.4848314520012333e-07,-0.0005149404853795891
2022-10-28 23:50:00+00:00,389.96,389.81,389.96,2,158,389.811875,6.856985667354554e-08,0.00021062106185554264
2022-10-28 23:51:00+00:00,389.93,389.87,389.95,107,250,389.8939775910364,3.833048192683756e-09,8.872626796851968e-05
2022-10-28 23:52:00+00:00,389.92,389.92,389.95,106,245,389.92905982905984,5.4021206622683635e-11,8.792819197633861e-06
2022-10-28 23:53:00+00:00,389.95,389.93,389.95,30,268,389.9320134228188,1.0638666832158076e-09,4.086996690833011e-05
2022-10-28 23:54:00+00:00,389.95,389.94,389.95,50,13,389.9479365079365,2.103586141223804e-08,0.00018852748880493486
2022-10-28 23:55:00+00:00,390.03,390.02,390.03,322,1895,390.021452413171,1.2002412850641e-08,2.5204950262480708e-06
2022-10-28 23:56:00+00:00,390.03,390.02,390.03,500,1553,390.02243546030195,5.471376458151977e-07,7.305047393924013e-05
2022-10-28 23:57:00+00:00,390.05,389.83,390.05,42,200,389.8681818181818,2.904249941098274e-07,-8.689587615084982e-05
2022-10-28 23:58:00+00:00,390.0,390.0,390.05,494,300,390.0311083123426,4.703674668098788e-08,0.00013537350114645186
2022-10-28 23:59:00+00:00,390.05,390.05,390.07,1173,10,390.06983093829245,2.072454377354014e-08,0.000354137642570862
