ts_recv,price,bid_px_00,ask_px_00,bid_sz_00,ask_sz_00,weighted_mid,rv_60s,ret_60s
2024-07-09 08:01:00+00:00,556.46,556.48,556.55,500,400,556.5188888888889,1.2383158195903972e-08,-6.588680646646417e-05
2024-07-09 08:02:00+00:00,556.49,556.46,556.53,400,1700,556.4733333333334,1.817047068342202e-08,6.60093029005715e-05
2024-07-09 08:03:00+00:00,556.49,556.49,556.58,373,1300,556.5100657501495,7.901733803690577e-09,-4.840224761770706e-06
2024-07-09 08:04:00+00:00,556.58,556.5,556.55,294,1700,556.5073721163491,3.4296842978748467e-09,6.131450448698672e-06
2024-07-09 08:05:00+00:00,556.5,556.5,556.55,110,400,556.5107843137255,2.913665495682455e-09,-3.262940434101136e-05
2024-07-09 08:06:00+00:00,556.51,556.42,556.51,1300,311,556.492625698324,5.102914998699508e-09,7.614530672861441e-05
2024-07-09 08:07:00+00:00,556.51,556.49,556.56,1200,500,556.5394117647058,7.3872900788037334e-09,0.00010259689944414063
2024-07-09 08:08:00+00:00,556.55,556.56,556.59,1300,400,556.5829411764706,1.8425832300087542e-08,-0.0001564858100308042
2024-07-09 08:09:00+00:00,556.55,556.47,556.54,400,400,556.505,1.320214640549526e-08,-3.2943699218024314e-05
2024-07-09 08:10:00+00:00,556.45,556.45,556.51,1500,400,556.4973684210527,8.212136940550615e-09,-2.994980412784898e-06
2024-07-09 08:11:00+00:00,556.47,556.45,556.52,400,400,556.485,5.56410112833668e-09,-5.390980888964059e-05
2024-07-09 08:12:00+00:00,556.47,556.42,556.49,400,900,556.4415384615385,1.3620201779355184e-08,0.00013616416560036093
2024-07-09 08:13:00+00:00,556.53,556.48,556.54,2200,400,556.5307692307692,2.171595534055097e-08,-0.00016098437882383632
2024-07-09 08:14:00+00:00,556.54,556.42,556.51,400,1300,556.4411764705883,5.000539952978167e-09,5.351133529130081e-05
2024-07-09 08:15:00+00:00,556.5,556.41,556.49,1600,500,556.4709523809523,1.5589901293778625e-08,0.00013782332670375652
2024-07-09 08:16:00+00:00,556.49,556.51,556.59,800,900,556.5476470588235,7.966694746497768e-09,4.914752819651369e-05
2024-07-09 08:17:00+00:00,556.49,556.53,556.59,1200,400,556.575,8.99743183658517e-09,-9.88186677447489e-05
2024-07-09 08:18:00+00:00,556.54,556.49,556.55,400,400,556.52,1.6023867317120257e-08,-0.00011824633726165157
2024-07-09 08:19:00+00:00,556.43,556.43,556.48,375,400,556.4541935483871,1.5650684348130431e-09,3.7391130939701256e-05
2024-07-09 08:20:00+00:00,556.49,556.44,556.51,400,400,556.475,3.085766450410275e-09,0.0
2024-07-09 08:21:00+00:00,556.49,556.44,556.51,400,400,556.475,1.4147955656025553e-08,-5.39107776629244e-05
2024-07-09 08:22:00+00:00,556.46,556.41,556.48,400,400,556.445,1.2448091350912053e-08,0.0
2024-07-09 08:23:00+00:00,556.48,556.41,556.48,400,400,556.445,1.3847184663006722e-08,4.942087717552113e-05
2024-07-09 08:24:00+00:00,556.5,556.47,556.5,1,11,556.4725,1.1507011553639932e-08,4.9552876319358674e-05
2024-07-09 08:25:00+00:00,556.52,556.5,556.53,1,400,556.5000748129676,4.725740215529612e-09,-9.896640712225846e-05
2024-07-09 08:26:00+00:00,556.5,556.41,556.48,400,400,556.445,4.871292540038529e-08,-0.0002778851307198016
2024-07-09 08:27:00+00:00,556.3,556.29,556.34,3,400,556.2903722084367,9.274145935372381e-09,7.145994579227377e-05
2024-07-09 08:28:00+00:00,556.3,556.33,556.38,2,800,556.3301246882794,4.689006363416894e-09,8.066309863363763e-05
2024-07-09 08:29:00+00:00,556.3,556.34,556.41,400,400,556.375,1.43919093189126e-08,-6.281745661107507e-05
2024-07-09 08:30:00+00:00,556.33,556.3,556.38,401,400,556.340049937578,1.5716474319241648e-09,6.766072318287186e-05
2024-07-09 08:31:00+00:00,556.36,556.35,556.44,400,900,556.3776923076923,9.21886565616338e-09,0.00010749477043114908
2024-07-09 08:32:00+00:00,556.42,556.37,556.46,1200,400,556.4375,1.7417775192587255e-09,-5.8407278445526956e-05
2024-07-09 08:33:00+00:00,556.42,556.37,556.44,400,400,556.405,7.339857079679298e-09,-6.290382005902373e-05
2024-07-09 08:34:00+00:00,556.44,556.34,556.4,400,400,556.37,1.1420556089728113e-08,4.471057368782283e-07
2024-07-09 08:35:00+00:00,556.44,556.37,556.42,2,400,556.3702487562189,1.309812143672846e-08,-1.842074812907768e-05
2024-07-09 08:36:00+00:00,556.37,556.32,556.4,400,400,556.36,3.346338320530993e-09,1.797397368608067e-05
2024-07-09 08:37:00+00:00,556.37,556.34,556.41,1200,400,556.3925,9.185267569261485e-09,0.00011682872908314046
2024-07-09 08:38:00+00:00,556.37,556.4,556.47,400,400,556.435,6.229207750755662e-12,0.0
2024-07-09 08:39:00+00:00,556.37,556.4,556.47,400,400,556.435,8.400322240225923e-09,-6.889094563300446e-05
2024-07-09 08:40:00+00:00,556.39,556.37,556.45,400,800,556.3966666666666,1.93262439282048e-08,9.603415541103999e-05
2024-07-09 08:41:00+00:00,556.44,556.45,556.49,1,400,556.4500997506235,2.9450405261481604e-09,2.6777332564398293e-05
2024-07-09 08:42:00+00:00,556.49,556.43,556.5,400,400,556.465,1.8090182271185596e-08,0.00015237028814807374
2024-07-09 08:43:00+00:00,556.49,556.46,556.55,1700,4,556.5497887323943,1.0240894688789891e-08,9.363524541949886e-06
2024-07-09 08:44:00+00:00,556.55,556.52,556.59,400,400,556.555,2.5111806339867925e-08,4.4859198135904776e-05
2024-07-09 08:45:00+00:00,556.6,556.54,556.6,798,400,556.5799666110184,2.1969207519932582e-08,-9.576331803018423e-05
2024-07-09 08:46:00+00:00,556.55,556.49,556.55,400,400,556.52,8.64570493998112e-09,3.294241665563469e-05
2024-07-09 08:47:00+00:00,556.58,556.52,556.57,401,400,556.5450312109863,1.5564875006352076e-08,-1.727692210939935e-05
2024-07-09 08:48:00+00:00,556.5,556.49,556.56,400,400,556.525,1.6087055924637276e-09,-1.8659398255183035e-05
2024-07-09 08:49:00+00:00,556.5,556.49,556.56,400,400,556.525,1.0977325894664597e-08,-1.796864471492743e-05
2024-07-09 08:50:00+00:00,556.5,556.51,556.55,10,400,556.5109756097561,4.652535727015103e-09,-8.984483796492526e-06
2024-07-09 08:51:00+00:00,556.54,556.48,556.54,400,400,556.51,4.539059052471438e-09,-1.7257480361521083e-05
2024-07-09 08:52:00+00:00,556.52,556.5,556.54,4,400,556.500396039604,9.693683008019578e-09,6.548681004225898e-05
2024-07-09 08:53:00+00:00,556.5,556.48,556.55,1300,301,556.5368394753278,1.472269983491843e-09,-2.3626776320506693e-05
2024-07-09 08:54:00+00:00,556.49,556.49,556.57,291,400,556.5236903039074,7.336471136486722e-09,-6.630991585265811e-06
2024-07-09 08:55:00+00:00,556.5,556.49,556.55,400,400,556.52,8.446469771221472e-10,3.902073185901855e-06
2024-07-09 08:56:00+00:00,556.55,556.49,556.55,400,346,556.5221715817694,6.036789589288485e-09,3.6249106932118025e-05
2024-07-09 08:57:00+00:00,556.57,556.53,556.58,2200,6,556.5798640072529,8.39272726874783e-09,-1.9785880162603853e-05
2024-07-09 08:58:00+00:00,556.53,556.48,556.55,1100,400,556.5313333333334,3.1305714401918042e-09,-1.9543339053962328e-05
2024-07-09 08:59:00+00:00,556.55,556.49,556.55,400,388,556.5204568527919,5.210327849394263e-09,0.0
2024-07-09 09:00:00+00:00,556.55,556.49,556.55,400,388,556.5204568527919,1.1355690225019313e-08,-9.805304952759109e-06
2024-07-09 09:01:00+00:00,556.5,556.48,556.55,400,400,556.515,1.351658691773998e-08,4.132862546391003e-05
2024-07-09 09:02:00+00:00,556.57,556.53,556.57,400,400,556.55,4.5778463308814245e-09,0.00011938887271734089
2024-07-09 09:03:00+00:00,556.58,556.6,556.64,100,800,556.6044444444444,4.647161598800594e-09,-2.5951004503421693e-05
2024-07-09 09:04:00+00:00,556.61,556.58,556.63,100,400,556.59,1.6162148647495835e-09,4.491636572701019e-05
2024-07-09 09:05:00+00:00,556.61,556.59,556.64,400,400,556.615,1.0621273942680696e-08,-8.893264982656746e-06
2024-07-09 09:06:00+00:00,556.61,556.61,556.63,1,400,556.6100498753117,6.707462711862722e-09,-9.351228085685559e-05
2024-07-09 09:07:00+00:00,556.61,556.55,556.59,100,400,556.558,0.0,0.0
2024-07-09 09:08:00+00:00,556.55,556.55,556.59,100,400,556.558,2.3473848319125504e-09,-1.7967579299948966e-05
2024-07-09 09:09:00+00:00,556.55,556.54,556.58,100,400,556.548,6.514965276860039e-09,0.0
2024-07-09 09:10:00+00:00,556.55,556.57,556.59,100,200,556.5766666666667,1.3458951389382805e-08,5.256104999529221e-05
2024-07-09 09:11:00+00:00,556.59,556.57,556.63,55,400,556.5772527472528,2.101461971276859e-09,5.962757260191687e-05
2024-07-09 09:12:00+00:00,556.61,556.61,556.63,4,400,556.6101980198019,1.9035730506514842e-08,-9.062010728866365e-05
2024-07-09 09:13:00+00:00,556.57,556.54,556.58,400,400,556.56,7.357766241508843e-09,1.79675147335967e-05
2024-07-09 09:14:00+00:00,556.54,556.54,556.6,400,400,556.57,1.9369547122525134e-09,0.0
2024-07-09 09:15:00+00:00,556.54,556.54,556.6,400,400,556.57,2.076340734664663e-09,-1.796719190771956e-05
2024-07-09 09:16:00+00:00,556.55,556.54,556.6,400,400,556.57,5.0970092020167306e-09,4.4918786833658686e-05
2024-07-09 09:17:00+00:00,556.6,556.56,556.61,400,400,556.585,1.0273993315295834e-09,8.887658997203118e-06
2024-07-09 09:18:00+00:00,556.6,556.55,556.6,1200,302,556.589946737683,3.844708429051884e-09,3.6028790017628154e-05
2024-07-09 09:19:00+00:00,556.61,556.58,556.64,400,400,556.61,1.5164448790883348e-08,-5.988633573472679e-05
2024-07-09 09:20:00+00:00,556.56,556.53,556.6,800,400,556.5766666666667,1.2501274138853769e-08,-7.340354582130448e-05
2024-07-09 09:21:00+00:00,556.52,556.51,556.57,302,400,556.535811965812,2.080819622419194e-09,3.1086260034784985e-05
2024-07-09 09:22:00+00:00,556.57,556.53,556.58,400,406,556.5548138957816,5.722208237580364e-09,0.0001118086777156524
2024-07-09 09:23:00+00:00,556.58,556.57,556.65,900,688,556.6153400503779,7.282148309432422e-09,-1.1589981491311185e-05
2024-07-09 09:24:00+00:00,556.58,556.57,556.64,500,400,556.6088888888889,1.2067002841772579e-08,-7.40948103572503e-05
2024-07-09 09:25:00+00:00,556.58,556.53,556.61,800,900,556.5676470588236,9.48657664902536e-09,4.4964293648419584e-06
2024-07-09 09:26:00+00:00,556.58,556.57,556.63,1,400,556.5701496259353,2.048454786714382e-08,-2.4652875322273005e-05
2024-07-09 09:27:00+00:00,556.56,556.55,556.64,100,1300,556.5564285714285,2.8005970095173196e-09,6.930371583457884e-05
2024-07-09 09:28:00+00:00,556.6,556.56,556.63,400,400,556.595,8.405661598365477e-09,1.796638489381941e-05
2024-07-09 09:29:00+00:00,556.55,556.58,556.63,400,400,556.605,5.511113165792041e-09,3.661611135363785e-05
2024-07-09 09:30:00+00:00,556.58,556.6,556.65,400,388,556.62538071066,6.036384508763638e-09,-2.521433922952898e-05
2024-07-09 09:31:00+00:00,556.57,556.56,556.63,301,400,556.590057061341,1.2322092762579635e-08,-6.0109617104897595e-06
2024-07-09 09:32:00+00:00,556.57,556.6,556.64,100,400,556.608,5.625633519381001e-09,0.0
2024-07-09 09:33:00+00:00,556.6,556.6,556.64,100,400,556.608,3.4459446498365243e-09,-2.874554444054489e-05
2024-07-09 09:34:00+00:00,556.61,556.58,556.64,100,400,556.592,1.234030937118989e-08,-3.9247400891340156e-05
2024-07-09 09:35:00+00:00,556.61,556.57,556.63,2,400,556.5702985074628,2.5635902324927996e-09,6.75971695256461e-05
2024-07-09 09:36:00+00:00,556.61,556.58,556.63,500,400,556.6077777777778,1.0520110804517312e-09,-3.19395065744299e-05
2024-07-09 09:37:00+00:00,556.61,556.58,556.63,100,400,556.59,1.8527740419508536e-09,3.5933092581430515e-06
2024-07-09 09:38:00+00:00,556.61,556.58,556.64,400,400,556.61,2.091905051089745e-09,5.143485823921878e-07
2024-07-09 09:39:00+00:00,556.61,556.58,556.64,103,400,556.5922862823062,2.4918892008497456e-09,0.0
2024-07-09 09:40:00+00:00,556.61,556.58,556.64,103,400,556.5922862823062,1.7424517285759684e-09,3.2026669852136536e-05
2024-07-09 09:41:00+00:00,556.61,556.58,556.64,403,400,556.6101120797011,0.0,0.0
2024-07-09 09:42:00+00:00,556.61,556.58,556.64,403,400,556.6101120797011,1.0922304751240206e-08,-5.343034669846869e-05
2024-07-09 09:43:00+00:00,556.61,556.58,556.63,3,400,556.5803722084369,3.275837397783694e-10,-1.809927456497551e-05
2024-07-09 09:44:00+00:00,556.58,556.57,556.63,2,400,556.5702985074628,7.65272883078221e-09,6.229258643286606e-05
2024-07-09 09:45:00+00:00,556.58,556.58,556.63,399,400,556.6049687108886,3.3010986973693087e-10,1.8022277333828995e-05
2024-07-09 09:46:00+00:00,556.64,556.59,556.64,400,400,556.615,7.450728227227885e-09,-8.055952040508796e-05
2024-07-09 09:47:00+00:00,556.63,556.57,556.61,2,500,556.5701593625497,2.469660734870897e-09,1.4967863080972421e-05
2024-07-09 09:48:00+00:00,556.55,556.55,556.6,400,2,556.5997512437812,3.1058290695492573e-09,2.1036829874754304e-05
2024-07-09 09:49:00+00:00,556.6,556.59,556.62,8,1200,556.5901986754967,5.650762426951482e-10,5.700693617161079e-07
2024-07-09 09:50:00+00:00,556.6,556.59,556.62,7,400,556.590515970516,4.2210691770432707e-13,-6.496975586411935e-07
2024-07-09 09:51:00+00:00,556.6,556.59,556.61,7,900,556.5901543550166,1.0303420095107278e-11,3.86880233915754e-06
2024-07-09 09:52:00+00:00,556.6,556.59,556.6,9,30,556.5923076923077,1.5397644329140036e-09,-3.5284685170333674e-06
2024-07-09 09:53:00+00:00,556.59,556.55,556.63,1300,400,556.6111764705882,2.0897561888372352e-08,5.239253060729254e-05
2024-07-09 09:54:00+00:00,556.59,556.57,556.62,400,4,556.6195049504951,5.935555732599531e-10,3.284798362424013e-06
2024-07-09 09:55:00+00:00,556.64,556.6,556.64,400,350,556.6213333333334,1.075853047118783e-09,1.6296010460825627e-05
2024-07-09 09:56:00+00:00,556.64,556.59,556.65,800,388,556.6304040404041,4.695773754038226e-09,-7.17313492724081e-05
2024-07-09 09:57:00+00:00,556.64,556.56,556.63,800,400,556.6066666666667,8.764383619639845e-09,-6.373840730999891e-05
2024-07-09 09:58:00+00:00,556.54,556.53,556.58,400,400,556.555,1.093582961739767e-08,-7.87406984246175e-05
2024-07-09 09:59:00+00:00,556.57,556.51,556.57,8,400,556.5111764705882,1.403051018886361e-10,9.86538332115039e-06
2024-07-09 10:00:00+00:00,556.51,556.5,556.53,500,400,556.5166666666667,3.0665641657229764e-08,-6.53522870779355e-05
2024-07-09 10:01:00+00:00,556.5,556.48,556.51,4,400,556.480297029703,1.1363946994070586e-12,-2.1571033737011192e-07
2024-07-09 10:02:00+00:00,556.5,556.48,556.52,4,900,556.4801769911504,7.977606471673035e-09,8.93531526944269e-05
2024-07-09 10:03:00+00:00,556.5,556.49,556.53,400,1,556.5299002493765,6.0664660952708505e-09,-6.091361733007172e-05
2024-07-09 10:04:00+00:00,556.53,556.48,556.5,4,1,556.496,3.25982826385102e-09,-2.8012221015005778e-05
2024-07-09 10:05:00+00:00,556.5,556.48,556.52,4,885,556.4801799775029,2.8873997482419878e-09,-5.39838241794266e-05
2024-07-09 10:06:00+00:00,556.48,556.45,556.48,5,400,556.4503703703705,6.957838930263901e-11,8.31993269501119e-06
2024-07-09 10:07:00+00:00,556.45,556.43,556.49,400,400,556.46,2.8543238854842822e-08,-2.69563576569265e-05
2024-07-09 10:08:00+00:00,556.42,556.41,556.46,301,400,556.4314693295292,4.429379506857298e-08,2.1299424649345866e-05
2024-07-09 10:09:00+00:00,556.42,556.44,556.52,400,2300,556.451851851852,5.148948124464004e-09,-2.1030078124151252e-05
2024-07-09 10:10:00+00:00,556.52,556.44,556.5,1,400,556.4401496259352,3.1755212823107054e-14,-8.963284137131211e-08
2024-07-09 10:11:00+00:00,556.52,556.44,556.48,1,400,556.4400997506235,1.916537151129469e-08,8.967766593181992e-05
2024-07-09 10:12:00+00:00,556.45,556.46,556.52,400,400,556.49,3.0167588511669098e-09,-8.872294845141404e-06
2024-07-09 10:13:00+00:00,556.51,556.46,556.51,400,398,556.4850626566416,1.684447936839518e-08,-2.6964956128416873e-05
2024-07-09 10:14:00+00:00,556.45,556.44,556.51,301,400,556.470057061341,8.928486143879056e-09,6.728652904852694e-05
2024-07-09 10:15:00+00:00,556.51,556.47,556.52,1200,400,556.5075,3.4225926480875207e-10,-1.3476907319343034e-05
2024-07-09 10:16:00+00:00,556.51,556.48,556.52,400,400,556.5,5.077088528337008e-09,1.8504522460549566e-05
2024-07-09 10:17:00+00:00,556.53,556.51,556.55,3,400,556.5102977667493,2.1212997197304783e-08,-0.00012606783103907837
2024-07-09 10:18:00+00:00,556.55,556.44,556.5,1,400,556.4401496259352,4.658531044214924e-09,-1.1664793153620678e-07
2024-07-09 10:19:00+00:00,556.55,556.44,556.47,1,400,556.4400748129676,8.775348944573558e-09,9.870817994350745e-05
2024-07-09 10:20:00+00:00,556.49,556.46,556.53,400,400,556.495,7.359562980405662e-09,-2.6064835254691054e-05
2024-07-09 10:21:00+00:00,556.49,556.48,556.53,4,400,556.480495049505,1.2581244102616733e-08,0.0
2024-07-09 10:22:00+00:00,556.51,556.51,556.53,1,400,556.5100498753117,8.499408934912663e-09,5.302063730439066e-05
2024-07-09 10:23:00+00:00,556.5,556.49,556.53,400,400,556.51,2.715646984992929e-09,-5.323856096617341e-05
2024-07-09 10:24:00+00:00,556.5,556.48,556.53,3,400,556.4803722084367,1.0790589407678797e-08,9.517159551619692e-05
2024-07-09 10:25:00+00:00,556.53,556.5,556.55,800,400,556.5333333333333,9.456019596691099e-09,-4.174742006290977e-05
2024-07-09 10:26:00+00:00,556.53,556.51,556.53,2,400,556.5100995024876,2.0808967448735616e-08,-5.43596529331003e-05
2024-07-09 10:27:00+00:00,556.48,556.47,556.48,1100,17,556.4798478066249,8.421463284571568e-10,1.8243595729661166e-05
2024-07-09 10:28:00+00:00,556.48,556.45,556.51,800,400,556.49,7.480994086440722e-09,-8.957999975711672e-05
2024-07-09 10:29:00+00:00,556.45,556.44,556.5,1,400,556.4401496259352,8.797630232330827e-09,2.96834093345133e-05
2024-07-09 10:30:00+00:00,556.44,556.44,556.52,1300,1300,556.48,1.2477012957280342e-08,0.00017671337091229589
2024-07-09 10:31:00+00:00,556.48,556.53,556.58,400,400,556.555,4.644772915880645e-09,7.768377629835399e-05
2024-07-09 10:32:00+00:00,556.48,556.56,556.6,1300,60,556.5982352941177,7.206534876216527e-09,4.732805339191515e-06
2024-07-09 10:33:00+00:00,556.6,556.55,556.64,1300,1000,556.6008695652174,3.845639100363272e-09,1.1260271385982179e-05
2024-07-09 10:34:00+00:00,556.61,556.59,556.63,1700,15,556.6296501457725,6.416464794444235e-09,3.510685573981931e-05
2024-07-09 10:35:00+00:00,556.63,556.6,556.64,801,400,556.6266777685263,4.6117877491423845e-09,-2.996221559692369e-05
2024-07-09 10:36:00+00:00,556.6,556.57,556.63,800,400,556.61,1.7504067247895538e-08,-2.613221922964648e-05
2024-07-09 10:37:00+00:00,556.58,556.53,556.61,1800,400,556.5954545454546,4.783129184912203e-09,-4.546375525105173e-05
2024-07-09 10:38:00+00:00,556.56,556.56,556.63,391,400,556.5946017699115,9.734918418122668e-09,1.7922381124524378e-05
2024-07-09 10:39:00+00:00,556.56,556.58,556.63,1,400,556.5801246882794,1.2594670282292871e-08,3.4820255621959006e-05
2024-07-09 10:40:00+00:00,556.57,556.55,556.59,100,400,556.558,1.1637442320403016e-08,-8.093701943656662e-06
2024-07-09 10:41:00+00:00,556.58,556.55,556.61,1200,400,556.595,9.266628466588127e-09,-3.593276978774984e-05
2024-07-09 10:42:00+00:00,556.55,556.54,556.61,400,400,556.575,9.878339298182944e-09,3.1014042668253694e-05
2024-07-09 10:43:00+00:00,556.56,556.59,556.61,51,400,556.5922616407981,6.167735164272009e-10,-4.24643545455794e-05
2024-07-09 10:44:00+00:00,556.59,556.55,556.57,800,59,556.5686263096625,3.384133324743288e-09,-8.584539224232302e-05
2024-07-09 10:45:00+00:00,556.57,556.52,556.57,1,58,556.5208474576272,6.428907987157139e-09,5.598449818400297e-05
2024-07-09 10:46:00+00:00,556.57,556.52,556.56,1601,400,556.552003998001,8.530131906151207e-10,2.902119612291365e-05
2024-07-09 10:47:00+00:00,556.56,556.53,556.57,1200,58,556.5681558028617,7.808234461947887e-09,-0.00010359387101721573
2024-07-09 10:48:00+00:00,556.56,556.51,556.56,4,397,556.5104987531172,8.930690747714353e-09,-6.888745323019307e-05
2024-07-09 10:49:00+00:00,556.45,556.47,556.51,80,1400,556.4721621621622,4.02257610321871e-09,-1.9425060034383712e-05
2024-07-09 10:50:00+00:00,556.46,556.46,556.5,14,400,556.4613526570048,3.2778434843348736e-09,9.640803038535317e-05
2024-07-09 10:51:00+00:00,556.46,556.47,556.53,1200,400,556.515,5.311456421044682e-09,2.6863718717518026e-05
2024-07-09 10:52:00+00:00,556.53,556.49,556.53,800,1,556.529950062422,1.6486118087094177e-09,4.74763288682567e-08
2024-07-09 10:53:00+00:00,556.53,556.49,556.53,1700,1,556.5299764844209,9.372218683702277e-09,-3.5803271481671395e-05
2024-07-09 10:54:00+00:00,556.53,556.51,556.53,1,392,556.5100508905851,1.936735668643051e-11,4.4008359076919135e-06
2024-07-09 10:55:00+00:00,556.53,556.51,556.52,1,3,556.5125,1.3219973386367145e-09,3.144583454983696e-05
2024-07-09 10:56:00+00:00,556.49,556.49,556.54,449,400,556.5164428739694,1.0579275288662223e-08,-8.961837047549714e-05
2024-07-09 10:57:00+00:00,556.49,556.48,556.53,1,400,556.4801246882793,5.86592828746917e-09,4.4144347510766124e-08
2024-07-09 10:58:00+00:00,556.49,556.48,556.51,1,200,556.4801492537313,6.156398124746888e-13,-1.78583943633015e-07
2024-07-09 10:59:00+00:00,556.51,556.48,556.5,1,400,556.4800498753117,8.032894198225796e-15,-8.962641462328946e-08
2024-07-09 11:00:00+00:00,556.48,556.46,556.5,400,400,556.48,1.2172218792491144e-08,2.1787579664422907e-05
2024-07-09 11:01:00+00:00,556.5,556.45,556.5,1626,304,556.4921243523316,3.2061895239824234e-09,0.00010106252189445719
2024-07-09 11:02:00+00:00,556.53,556.52,556.55,850,49,556.5483648498331,3.176994873449055e-09,-6.372693695710918e-05
2024-07-09 11:03:00+00:00,556.5,556.46,556.53,1330,430,556.5128977272727,3.2913969372465507e-09,2.6765179609977707e-05
2024-07-09 11:04:00+00:00,556.53,556.49,556.53,1250,113,556.5266837857666,1.990229653162001e-09,1.8816571931701276e-05
2024-07-09 11:05:00+00:00,556.54,556.52,556.54,800,76,556.5382648401827,4.0233978810260983e-10,-1.5793129098939929e-06
2024-07-09 11:06:00+00:00,556.53,556.51,556.54,1320,126,556.5373858921162,4.921668782265231e-10,2.1988344058865295e-06
2024-07-09 11:07:00+00:00,556.54,556.52,556.54,870,65,556.5386096256684,7.847848795432229e-10,1.578775679389466e-05
2024-07-09 11:08:00+00:00,556.54,556.52,556.56,500,455,556.540942408377,3.0923979002697923e-09,1.9430866524672297e-05
2024-07-09 11:09:00+00:00,556.56,556.52,556.57,1170,361,556.5582103200522,7.731411271862413e-09,-0.00014339977125910064
2024-07-09 11:10:00+00:00,556.45,556.44,556.5,800,450,556.4784,3.5363570879860514e-09,-8.309008550544394e-05
2024-07-09 11:11:00+00:00,556.45,556.43,556.47,24,420,556.4321621621621,1.0181998086714377e-08,2.0842771170759278e-05
2024-07-09 11:12:00+00:00,556.41,556.41,556.45,2705,500,556.4437597503901,7.887287750416738e-10,-2.6381814031806172e-05
2024-07-09 11:13:00+00:00,556.41,556.41,556.43,1555,75,556.4290797546012,1.318521246953169e-09,2.2693612045765477e-05
2024-07-09 11:14:00+00:00,556.41,556.41,556.47,1377,1301,556.4408513816281,4.465146302276924e-09,4.8278710884863685e-05
2024-07-09 11:15:00+00:00,556.41,556.44,556.47,420,1,556.4699287410926,7.134756228351926e-09,-4.375925362398725e-06
2024-07-09 11:16:00+00:00,556.47,556.44,556.49,460,420,556.4661363636363,3.603625652630382e-09,-4.714552079521095e-05
2024-07-09 11:17:00+00:00,556.46,556.42,556.46,101,102,556.4399014778326,8.505204800296582e-09,1.651158769133687e-05
2024-07-09 11:18:00+00:00,556.46,556.41,556.46,1648,460,556.4490891840608,2.929601058605315e-09,-3.2661724495897104e-05
2024-07-09 11:19:00+00:00,556.41,556.41,556.44,1151,672,556.4289413055403,1.420742265741211e-08,-0.00013182318366122825
2024-07-09 11:20:00+00:00,556.37,556.33,556.38,430,350,556.3575641025641,4.605797201505571e-09,-2.9067093797685573e-05
2024-07-09 11:21:00+00:00,556.32,556.33,556.37,450,1130,556.3413924050633,1.724285195307057e-09,4.7658815329754134e-05
2024-07-09 11:22:00+00:00,556.36,556.34,556.37,400,30,556.3679069767442,8.430885264746349e-09,-6.898882329320344e-05
2024-07-09 11:23:00+00:00,556.34,556.32,556.34,300,330,556.3295238095237,7.852579046576685e-09,-0.00013609611295783974
2024-07-09 11:24:00+00:00,556.23,556.23,556.26,500,130,556.2538095238095,1.2050692671723159e-09,4.496869086367816e-05
2024-07-09 11:25:00+00:00,556.26,556.26,556.28,400,25,556.2788235294117,8.336046482778278e-09,-3.725638472273918e-05
2024-07-09 11:26:00+00:00,556.24,556.23,556.3,570,850,556.2580985915492,9.20105719368943e-09,9.330454438716274e-05
2024-07-09 11:27:00+00:00,556.23,556.28,556.34,450,450,556.31,2.741665032891068e-09,5.556091191816215e-05
2024-07-09 11:28:00+00:00,556.23,556.34,556.35,1,10,556.3409090909091,2.3020385100156898e-09,5.650109804244963e-06
2024-07-09 11:29:00+00:00,556.35,556.32,556.35,550,136,556.3440524781341,2.558284009819284e-09,2.394448623377343e-06
2024-07-09 11:30:00+00:00,556.35,556.32,556.35,550,150,556.3435714285714,2.5336835790362863e-09,-8.962564213832458e-05
2024-07-09 11:31:00+00:00,556.28,556.28,556.32,792,1249,556.2955218030378,1.0299766492510797e-08,-1.8384169327645417e-05
2024-07-09 11:32:00+00:00,556.32,556.27,556.32,550,1248,556.2852947719688,1.9747547380526717e-09,1.576979726247707e-05
2024-07-09 11:33:00+00:00,556.32,556.28,556.32,460,848,556.2940672782875,4.5629188034644316e-09,8.157806020836489e-05
2024-07-09 11:34:00+00:00,556.32,556.3,556.35,1660,444,556.3394486692015,4.613558345298995e-09,-1.80409721430852e-05
2024-07-09 11:35:00+00:00,556.32,556.3,556.34,1250,450,556.3294117647059,7.108651135546507e-09,2.7583061790181773e-07
2024-07-09 11:36:00+00:00,556.34,556.31,556.35,950,144,556.3447349177331,3.246670584067623e-09,0.0
2024-07-09 11:37:00+00:00,556.34,556.3,556.34,1275,450,556.3295652173913,4.7953258353470014e-09,-4.5312676736686264e-05
2024-07-09 11:38:00+00:00,556.3,556.3,556.34,55,450,556.3043564356435,6.549454952944479e-09,5.380018742595638e-05
2024-07-09 11:39:00+00:00,556.3,556.3,556.34,400,75,556.3336842105264,3.068329387668171e-10,8.156633956701853e-06
2024-07-09 11:40:00+00:00,556.34,556.32,556.34,400,25,556.3388235294118,4.484923364537976e-09,-2.3525655123535216e-05
2024-07-09 11:41:00+00:00,556.36,556.3,556.34,1175,85,556.3373015873016,7.628224603463185e-09,-0.00011026286974991084
2024-07-09 11:42:00+00:00,556.22,556.22,556.26,3563,450,556.2555145776226,5.5247977166273195e-09,-3.209659698455436e-05
2024-07-09 11:43:00+00:00,556.22,556.22,556.25,3604,470,556.2465390279823,5.745148205720934e-09,5.394588120877231e-06
2024-07-09 11:44:00+00:00,556.22,556.23,556.29,500,1200,556.2476470588235,2.8203221725212027e-09,1.2565245067541753e-05
2024-07-09 11:45:00+00:00,556.22,556.22,556.28,1712,1100,556.2565291607397,5.435685230897943e-09,-5.8691502054175615e-05
2024-07-09 11:46:00+00:00,556.21,556.22,556.27,401,500,556.2422530521643,9.748405618918566e-09,8.726931650437919e-05
2024-07-09 11:47:00+00:00,556.22,556.27,556.31,470,470,556.29,8.372172338993492e-09,-4.9297621740107544e-05
2024-07-09 11:48:00+00:00,556.22,556.22,556.27,460,460,556.245,2.3821148127577257e-09,3.4459862281011056e-05
2024-07-09 11:49:00+00:00,556.27,556.24,556.27,460,111,556.2641681260945,4.591521517845511e-09,4.236086740516676e-05
2024-07-09 11:50:00+00:00,556.31,556.28,556.31,75,216,556.2877319587628,2.5875630474841887e-09,-2.9481999639147105e-05
2024-07-09 11:51:00+00:00,556.28,556.26,556.28,1,250,556.2600796812749,1.888568976888423e-09,-4.391013922133702e-06
2024-07-09 11:52:00+00:00,556.27,556.26,556.3,100,350,556.2688888888889,7.722941355321517e-09,7.053443378701729e-05
2024-07-09 11:53:00+00:00,556.26,556.28,556.33,450,350,556.308125,4.9726257038846865e-09,6.681390397988984e-05
2024-07-09 11:54:00+00:00,556.26,556.31,556.35,450,60,556.345294117647,5.5008553617648e-09,-4.522671006990109e-05
2024-07-09 11:55:00+00:00,556.33,556.32,556.34,3,450,556.3201324503311,9.535784441787948e-09,-8.320082949553331e-05
2024-07-09 11:56:00+00:00,556.26,556.26,556.3,450,850,556.2738461538462,6.94822658073792e-09,5.4464671776388585e-05
2024-07-09 11:57:00+00:00,556.26,556.3,556.34,52,450,556.3041434262948,1.0242598285327173e-08,-1.8620328213758697e-06
2024-07-09 11:58:00+00:00,556.26,556.3,556.33,52,450,556.3031075697211,2.0467416362548026e-09,-5.939782034125596e-05
2024-07-09 11:59:00+00:00,556.27,556.25,556.28,56,930,556.2517038539554,2.6965693936567607e-09,-3.2074628139588945e-05
2024-07-09 12:00:00+00:00,556.27,556.25,556.3,62,1333,556.2522222222223,2.5187470214857028e-08,0.00010395355832160114
2024-07-09 12:01:00+00:00,556.33,556.29,556.34,430,330,556.3182894736842,6.663936064474807e-09,-5.4993605153375036e-05
2024-07-09 12:02:00+00:00,556.33,556.26,556.3,830,550,556.2840579710145,3.4963575897203757e-09,3.5682066755970965e-05
2024-07-09 12:03:00+00:00,556.3,556.29,556.3,500,30,556.2994339622642,2.1001000962898595e-08,-0.00015908595517422075
2024-07-09 12:04:00+00:00,556.2,556.21,556.24,11,400,556.210802919708,2.714953309419943e-09,3.531666188472116e-05
2024-07-09 12:05:00+00:00,556.25,556.23,556.26,35,331,556.2328688524591,8.011864773512253e-09,0.00012068618220251182
2024-07-09 12:06:00+00:00,556.29,556.24,556.3,1900,80,556.2975757575757,4.1425443043071e-08,-8.540986518479343e-06
2024-07-09 12:07:00+00:00,556.27,556.26,556.31,860,450,556.2928244274809,7.621385210935307e-09,1.2581219325014104e-05
2024-07-09 12:08:00+00:00,556.3,556.26,556.3,865,58,556.2974864572047,1.0152842383794418e-08,3.1768927222231014e-07
2024-07-09 12:09:00+00:00,556.3,556.29,556.33,150,450,556.3,7.907498239976869e-09,1.3683157106925137e-05
2024-07-09 12:10:00+00:00,556.3,556.3,556.33,51,150,556.3076119402986,2.7573509648528858e-09,4.0827003311427745e-06
2024-07-09 12:11:00+00:00,556.3,556.29,556.31,851,5,556.30988317757,6.334746389748991e-09,-4.925888448248372e-06
2024-07-09 12:12:00+00:00,556.29,556.28,556.32,950,450,556.3071428571428,3.7845807606933956e-09,7.697749310175972e-05
2024-07-09 12:13:00+00:00,556.35,556.36,556.43,793,800,556.3948462021343,1.057696774703912e-08,0.00010341334973129612
2024-07-09 12:14:00+00:00,556.39,556.39,556.43,350,450,556.4075,1.939083829108319e-08,-9.712029679420642e-05
2024-07-09 12:15:00+00:00,556.35,556.34,556.39,350,950,556.3534615384615,1.4141479582689952e-08,-2.9035221797868438e-05
2024-07-09 12:16:00+00:00,556.34,556.33,556.39,450,450,556.36,1.3317203922180105e-08,-0.00013481030116624382
2024-07-09 12:17:00+00:00,556.27,556.26,556.29,350,4200,556.2623076923077,5.420233295778784e-09,-3.982138683189529e-05
2024-07-09 12:18:00+00:00,556.25,556.23,556.29,865,4245,556.2401565557731,1.370301586356473e-08,-6.641049026878676e-05
2024-07-09 12:19:00+00:00,556.23,556.2,556.25,66,960,556.203216374269,9.177898190313121e-09,-6.033627714463474e-05
2024-07-09 12:20:00+00:00,556.15,556.15,556.17,860,15,556.1696571428571,6.738459472609041e-09,3.6679162442654345e-05
2024-07-09 12:21:00+00:00,556.18,556.19,556.21,5,1750,556.1900569800571,2.0172933635242626e-08,-6.659623730709274e-05
2024-07-09 12:22:00+00:00,556.19,556.15,556.17,361,6,556.1696730245231,1.0206978783740552e-08,2.566972338025053e-06
2024-07-09 12:23:00+00:00,556.13,556.13,556.17,550,350,556.1544444444445,1.3305995970519288e-08,-7.148634061415748e-05
2024-07-09 12:24:00+00:00,556.11,556.11,556.15,73,550,556.1146869983949,2.9449155879936583e-09,-4.3008696200330654e-05
2024-07-09 12:25:00+00:00,556.1,556.07,556.13,450,850,556.0907692307692,8.26369832822656e-09,-5.475122373677088e-05
2024-07-09 12:26:00+00:00,556.06,556.06,556.07,1,30,556.0603225806451,7.486821886937355e-09,-8.639191491910392e-05
2024-07-09 12:27:00+00:00,556.0,556.0,556.03,1560,2250,556.0122834645668,2.595882477909266e-08,0.00010084795153697534
2024-07-09 12:28:00+00:00,556.05,556.03,556.07,1400,70,556.0680952380953,5.4054590048337285e-09,9.203187683048952e-07
2024-07-09 12:29:00+00:00,556.06,556.05,556.07,1000,60,556.0688679245283,1.4788407039669584e-08,-9.103800876042456e-06
2024-07-09 12:30:00+00:00,556.03,556.05,556.09,301,400,556.0671754636234,2.133138597648864e-08,8.33075006561046e-05
2024-07-09 12:31:00+00:00,556.12,556.11,556.14,2,460,556.1101298701299,2.105602966085712e-08,4.9543889367287264e-05
2024-07-09 12:32:00+00:00,556.17,556.13,556.18,900,1800,556.1466666666666,6.095924439685632e-09,-3.17424595115412e-05
2024-07-09 12:33:00+00:00,556.15,556.12,556.16,1,1400,556.120028551035,1.2140770093004048e-08,3.7475748241977413e-05
2024-07-09 12:34:00+00:00,556.15,556.13,556.19,500,2260,556.1408695652174,1.288657731001312e-08,-3.687314332356806e-05
2024-07-09 12:35:00+00:00,556.15,556.12,556.15,6,490,556.1203629032258,1.145398635481076e-08,-5.4514853795595286e-05
2024-07-09 12:36:00+00:00,556.1,556.09,556.12,1,250,556.0901195219124,1.6089863715516633e-08,-1.7931702486206902e-05
2024-07-09 12:37:00+00:00,556.05,556.05,556.09,484,400,556.0719004524886,4.454757515142744e-09,-9.945876037531498e-06
2024-07-09 12:38:00+00:00,556.05,556.05,556.08,1300,289,556.0745437382001,1.6536127289720556e-08,-0.00017992947569889228
2024-07-09 12:39:00+00:00,555.98,555.97,556.01,177,1400,555.9744895370958,1.0200554848582773e-08,-1.933552409338901e-05
2024-07-09 12:40:00+00:00,555.98,555.96,555.99,311,2184,555.963739478958,1.0614057015480255e-08,2.3485543462209435e-05
2024-07-09 12:41:00+00:00,555.95,555.95,555.99,200,3300,555.9522857142858,8.313920945011455e-09,-8.60582197492743e-06
2024-07-09 12:42:00+00:00,555.95,555.97,556.0,101,1405,555.9720119521913,7.635204085972048e-09,5.6551340590793586e-05
2024-07-09 12:43:00+00:00,555.99,556.01,556.02,500,3,556.019940357853,9.744189244172009e-09,1.4310236749581762e-05
2024-07-09 12:44:00+00:00,556.02,555.99,556.03,600,521,556.011409455843,8.878030478679817e-09,1.9092882685756152e-05
2024-07-09 12:45:00+00:00,556.03,556.02,556.04,72,139,556.0268246445498,1.5295868456026595e-08,-3.969287880323247e-05
2024-07-09 12:46:00+00:00,556.04,555.98,556.03,1405,1509,556.0041077556623,7.615568285838696e-09,3.620421905004001e-05
2024-07-09 12:47:00+00:00,556.01,556.02,556.03,10,1170,556.0200847457628,6.238172769207965e-09,7.559194353889964e-05
2024-07-09 12:48:00+00:00,556.07,556.04,556.09,2300,2900,556.0621153846154,6.9613536404458535e-09,3.34475242682597e-05
2024-07-09 12:49:00+00:00,556.07,556.06,556.1,405,200,556.0867768595041,2.1662919150956174e-08,3.1084901600753057e-05
2024-07-09 12:50:00+00:00,556.09,556.08,556.12,1100,1700,556.0957142857143,1.0807019213099588e-08,9.329376852229565e-05
2024-07-09 12:51:00+00:00,556.13,556.13,556.15,1000,2,556.1499600798403,3.966287402671548e-09,-3.901584926568891e-05
2024-07-09 12:52:00+00:00,556.15,556.11,556.13,1000,100,556.1281818181818,1.4512264831762312e-08,-6.436133859866189e-05
2024-07-09 12:53:00+00:00,556.09,556.06,556.11,1550,900,556.0916326530612,8.722034003530992e-09,5.158862656995389e-05
2024-07-09 12:54:00+00:00,556.08,556.12,556.15,51,1370,556.1210767065447,1.5373153739060232e-08,5.532019369325347e-05
2024-07-09 12:55:00+00:00,556.16,556.15,556.18,572,101,556.1754977711738,8.756519388699043e-09,1.9009846036199818e-05
2024-07-09 12:56:00+00:00,556.19,556.16,556.2,70,1090,556.1624137931035,9.276800699474898e-09,7.011704196413504e-05
2024-07-09 12:57:00+00:00,556.19,556.17,556.22,1470,870,556.2014102564103,5.703299303235225e-09,5.424058695613354e-05
2024-07-09 12:58:00+00:00,556.21,556.23,556.25,340,3100,556.231976744186,6.883820184777803e-09,-3.8619928426464334e-05
2024-07-09 12:59:00+00:00,556.21,556.21,556.25,10,4100,556.210097323601,7.282908371655167e-09,8.106618793801701e-06
2024-07-09 13:00:00+00:00,556.25,556.21,556.25,400,3959,556.2136705666437,1.1986185876731633e-08,-3.524953607259018e-05
2024-07-09 13:01:00+00:00,556.19,556.18,556.21,500,500,556.195,9.581766324774605e-09,0.00011668747489457232
2024-07-09 13:02:00+00:00,556.25,556.25,556.26,500,5,556.259900990099,3.870626312847496e-09,9.976601800532059e-05
2024-07-09 13:03:00+00:00,556.3,556.3,556.33,1000,460,556.3205479452055,1.8974645672523648e-08,-6.34602705540388e-05
2024-07-09 13:04:00+00:00,556.3,556.28,556.3,7,1500,556.2800928998009,2.178771161109379e-08,1.1869356386640106e-08
2024-07-09 13:05:00+00:00,556.31,556.28,556.3,3,600,556.2800995024876,5.672670887253139e-09,8.923083831691159e-05
2024-07-09 13:06:00+00:00,556.34,556.3,556.33,350,250,556.3175,8.103401728901868e-09,-2.8549503597208314e-05
2024-07-09 13:07:00+00:00,556.29,556.3,556.32,550,244,556.313853904282,9.886361797028108e-09,-6.03777946280859e-05
2024-07-09 13:08:00+00:00,556.3,556.28,556.31,3,550,556.2801627486438,2.2810691933470724e-09,-4.7127117853706935e-06
2024-07-09 13:09:00+00:00,556.27,556.27,556.28,57,100,556.2736305732484,7.959616429174185e-09,-1.2776056317886919e-05
2024-07-09 13:10:00+00:00,556.27,556.26,556.29,1,501,556.2600597609561,8.251620971555083e-09,-2.980342488134724e-06
2024-07-09 13:11:00+00:00,556.25,556.25,556.29,850,851,556.2699882422105,6.936176787583512e-09,-8.883372743673235e-05
2024-07-09 13:12:00+00:00,556.22,556.2,556.22,1051,29,556.219462962963,4.920129186862098e-09,-9.387982150332874e-05
2024-07-09 13:13:00+00:00,556.15,556.15,556.17,626,100,556.1672451790633,1.815511355625452e-08,0.00017463736247536055
2024-07-09 13:14:00+00:00,556.26,556.24,556.28,850,545,556.2643727598567,1.0229807752651781e-09,4.186871662614777e-05
2024-07-09 13:15:00+00:00,556.27,556.27,556.29,311,61,556.2867204301075,6.046774281043386e-09,6.880148938770425e-05
2024-07-09 13:16:00+00:00,556.31,556.31,556.33,200,51,556.3259362549801,7.358296993047184e-09,3.5419471530628854e-05
2024-07-09 13:17:00+00:00,556.35,556.32,556.35,570,170,556.3431081081081,7.357349816484019e-09,-1.750704032188466e-05
2024-07-09 13:18:00+00:00,556.32,556.32,556.34,900,232,556.3359010600707,3.805932191498911e-09,-1.6041236719832597e-05
2024-07-09 13:19:00+00:00,556.32,556.32,556.33,300,130,556.326976744186,5.005338363091025e-10,2.3166449260259014e-05
2024-07-09 13:20:00+00:00,556.33,556.33,556.34,300,10,556.3396774193548,5.40921394096663e-09,4.5179460834043894e-05
2024-07-09 13:21:00+00:00,556.36,556.35,556.37,300,100,556.365,3.643092395345939e-09,-4.817014013813736e-05
2024-07-09 13:22:00+00:00,556.34,556.32,556.33,1011,100,556.329099909991,3.826412902775181e-09,5.833939829780199e-05
2024-07-09 13:23:00+00:00,556.38,556.37,556.38,353,5026,556.3706562558096,1.4939580566900373e-09,5.650062363526942e-06
2024-07-09 13:24:00+00:00,556.38,556.37,556.38,353,576,556.3737997847147,4.69364817470374e-09,1.4162429289976686e-05
2024-07-09 13:25:00+00:00,556.39,556.37,556.39,53,609,556.3716012084592,7.732364612866099e-10,1.4651940678733766e-05
2024-07-09 13:26:00+00:00,556.39,556.37,556.39,353,3,556.389831460674,8.386398809732595e-09,-1.8318077374956943e-05
2024-07-09 13:27:00+00:00,556.37,556.37,556.41,254,800,556.3796394686907,1.279569694417138e-08,-5.0704402643098057e-05
2024-07-09 13:28:00+00:00,556.37,556.35,556.38,58,600,556.3526443768997,6.990413388444365e-09,-9.208307734254184e-05
2024-07-09 13:29:00+00:00,556.32,556.3,556.32,10,1000,556.3001980198019,2.3533520571742356e-08,-0.0001261872996841662
2024-07-09 13:30:00+00:00,556.22,556.21,556.26,500,1500,556.2225,9.10955235682321e-08,0.00010005244936994728
2024-07-09 13:31:00+00:00,556.28,556.27,556.29,300,300,556.28,4.4732481884534085e-08,-0.00031572421390912986
2024-07-09 13:32:00+00:00,556.11,556.1,556.12,315,653,556.1065082644628,5.2152009840122444e-08,0.0005699817216611169
2024-07-09 13:33:00+00:00,556.42,556.42,556.44,355,500,556.4283040935672,6.482580021796768e-08,5.5931363502681464e-05
2024-07-09 13:34:00+00:00,556.46,556.46,556.48,260,659,556.4656583242655,4.5982724038812115e-08,0.00031409008464922117
2024-07-09 13:35:00+00:00,556.63,556.62,556.63,100,100,556.625,5.3375625478949814e-08,-0.00027261901231745433
2024-07-09 13:36:00+00:00,556.48,556.48,556.5,300,500,556.4875,4.2929418911306047e-08,-7.945447638790792e-05
2024-07-09 13:37:00+00:00,556.44,556.42,556.44,550,150,556.4357142857144,3.747648766324712e-08,-4.001061110425752e-06
2024-07-09 13:38:00+00:00,556.43,556.42,556.44,550,182,556.4350273224045,5.354158308401572e-08,-1.3452933367297248e-06
2024-07-09 13:39:00+00:00,556.47,556.43,556.44,301,550,556.4335370152761,2.028845305022395e-08,-0.00012788100718064133
2024-07-09 13:40:00+00:00,556.37,556.36,556.37,21,760,556.3602688860436,5.0296030824117714e-08,-6.635551757117053e-05
2024-07-09 13:41:00+00:00,556.34,556.31,556.33,775,302,556.3243918291552,3.668363096907594e-08,0.0001391271801411964
2024-07-09 13:42:00+00:00,556.4,556.38,556.4,650,1150,556.3872222222222,2.2972915208589264e-08,0.00012135441031735361
2024-07-09 13:43:00+00:00,556.46,556.45,556.47,250,700,556.4552631578947,3.179823984935794e-08,-0.00021261515302128942
2024-07-09 13:44:00+00:00,556.36,556.35,556.36,2,1360,556.3500146842878,1.5886190180919668e-08,0.00019777002953635936
2024-07-09 13:45:00+00:00,556.46,556.46,556.47,215,95,556.466935483871,2.0782520579493942e-08,-1.9496473342317522e-05
2024-07-09 13:46:00+00:00,556.45,556.44,556.45,600,100,556.4485714285714,2.1848381846485807e-08,7.180953740992813e-05
2024-07-09 13:47:00+00:00,556.48,556.48,556.49,300,1,556.4899667774087,2.590738260677789e-08,-0.00012764739978976536
2024-07-09 13:48:00+00:00,556.41,556.41,556.42,102,200,556.4133774834437,5.059103110135643e-08,0.00012979119665734729
2024-07-09 13:49:00+00:00,556.5,556.49,556.5,150,256,556.4936945812808,1.719438069276921e-08,-8.34795128727972e-05
2024-07-09 13:50:00+00:00,556.46,556.45,556.47,100,910,556.4519801980198,2.1115478709151486e-08,9.229677278788095e-05
2024-07-09 13:51:00+00:00,556.49,556.48,556.5,1012,92,556.4983333333333,1.9320128373127646e-08,-0.00021909279813492333
2024-07-09 13:52:00+00:00,556.37,556.36,556.38,819,144,556.3770093457944,3.0111388860645556e-08,0.0001266335830729659
2024-07-09 13:53:00+00:00,556.45,556.45,556.46,530,3,556.4599437148219,1.982985827010512e-08,9.237980856791062e-05
2024-07-09 13:54:00+00:00,556.48,556.49,556.5,300,82,556.4978534031413,2.2432954833243173e-08,0.00010244252807489751
2024-07-09 13:55:00+00:00,556.56,556.56,556.57,375,12,556.5696899224807,9.127063106260468e-09,-1.2890616856386927e-05
2024-07-09 13:56:00+00:00,556.55,556.54,556.55,510,138,556.5478703703704,4.5497907804002716e-08,0.00019390323804313603
2024-07-09 13:57:00+00:00,556.66,556.65,556.68,660,410,556.6685046728973,3.917732965152494e-08,0.00021542894644710486
2024-07-09 13:58:00+00:00,556.79,556.77,556.79,702,560,556.7811251980983,2.7183142783613567e-08,-0.00012743309043938833
2024-07-09 13:59:00+00:00,556.71,556.7,556.72,250,1170,556.7035211267606,1.611542798292151e-08,-6.784055508390896e-05
2024-07-09 14:00:00+00:00,556.68,556.66,556.68,6,482,556.6602459016393,1.9015843392586703e-07,0.00011240230908904358
2024-07-09 14:01:00+00:00,556.71,556.69,556.72,100,660,556.693947368421,9.12507964929383e-08,-0.00021746682978640575
2024-07-09 14:02:00+00:00,556.61,556.61,556.64,600,100,556.6357142857142,4.768664932573898e-08,0.00022493411408497366
2024-07-09 14:03:00+00:00,556.75,556.74,556.76,300,706,556.7459642147116,3.600069559402864e-08,-5.2555097490469826e-05
2024-07-09 14:04:00+00:00,556.7,556.69,556.71,200,728,556.6943103448276,3.6197564689435616e-08,-0.00027460716024063636
2024-07-09 14:05:00+00:00,556.53,556.53,556.55,160,360,556.5361538461539,7.35357577677394e-08,-0.0001995013671095558
2024-07-09 14:06:00+00:00,556.43,556.42,556.43,53,582,556.4208346456693,1.9696241426794175e-07,-0.0005259018411297722
2024-07-09 14:07:00+00:00,556.15,556.13,556.16,800,960,556.1436363636363,6.56267235541187e-08,0.0003545356500860297
2024-07-09 14:08:00+00:00,556.37,556.35,556.37,500,200,556.3642857142858,3.613790901117761e-08,9.990622250222181e-05
2024-07-09 14:09:00+00:00,556.4,556.38,556.41,300,1460,556.3851136363637,2.732659282953064e-08,-0.0001799240115312184
2024-07-09 14:10:00+00:00,556.3,556.29,556.31,4,660,556.2901204819276,3.7569153146412957e-08,5.61265696155111e-05
2024-07-09 14:11:00+00:00,556.35,556.35,556.36,100,100,556.355,4.964973788104463e-08,0.0005364569121260043
2024-07-09 14:12:00+00:00,556.61,556.6,556.62,3,1064,556.6000562324274,8.547975461283258e-08,-8.051611751003218e-05
2024-07-09 14:13:00+00:00,556.58,556.56,556.59,334,260,556.5768686868687,2.5465162361067635e-08,-0.00016498228782058089
2024-07-09 14:14:00+00:00,556.49,556.48,556.49,201,1142,556.4814966492927,2.8139562433224267e-08,9.544928222449123e-05
2024-07-09 14:15:00+00:00,556.56,556.54,556.56,440,699,556.5477260755047,4.058513879319033e-08,-0.00013616288413920152
2024-07-09 14:16:00+00:00,556.46,556.45,556.48,792,290,556.4719593345657,2.8658148563751402e-08,0.00012310257983494388
2024-07-09 14:17:00+00:00,556.55,556.54,556.56,290,100,556.5548717948718,3.496922382540936e-08,5.831408112699776e-05
2024-07-09 14:18:00+00:00,556.57,556.57,556.58,100,82,556.5754945054946,2.8690147247165363e-08,-4.549585970703429e-05
2024-07-09 14:19:00+00:00,556.57,556.54,556.57,350,1220,556.5466878980891,2.4253569655274735e-08,-0.00011416576743206175
2024-07-09 14:20:00+00:00,556.48,556.47,556.48,100,2210,556.4704329004329,5.156451358577172e-08,-1.8755057382802143e-05
2024-07-09 14:21:00+00:00,556.49,556.47,556.49,250,150,556.4825,3.2825457378451364e-08,1.584395156495333e-05
2024-07-09 14:22:00+00:00,556.48,556.47,556.49,1130,277,556.4860625444206,6.454834202188996e-08,-0.0002229215589811817
2024-07-09 14:23:00+00:00,556.36,556.39,556.41,650,60,556.408309859155,4.42687698406377e-08,7.382598911309657e-06
2024-07-09 14:24:00+00:00,556.37,556.36,556.37,873,100,556.3689722507709,7.558761212511968e-08,-0.00044577413776769603
2024-07-09 14:25:00+00:00,556.11,556.11,556.12,200,260,556.1143478260869,6.719278084089787e-08,-0.00013552921835902065
2024-07-09 14:26:00+00:00,556.02,556.01,556.02,19330,231,556.0198819078779,1.6041516962131503e-07,-0.00034349125164223615
2024-07-09 14:27:00+00:00,555.85,555.84,555.86,500,230,555.853698630137,7.537414195949373e-08,0.0004544712040801535
2024-07-09 14:28:00+00:00,556.15,556.15,556.17,1100,685,556.162324929972,6.138346812329016e-08,-5.5226724650636605e-05
2024-07-09 14:29:00+00:00,556.06,556.06,556.09,1260,580,556.0805434782609,6.135710799983724e-08,-9.839794891519649e-05
2024-07-09 14:30:00+00:00,556.02,556.0,556.02,1150,310,556.0157534246575,6.327951141661597e-08,-3.3934209248243086e-05
2024-07-09 14:31:00+00:00,556.0,556.0,556.01,1000,360,556.0073529411765,7.989027628971587e-08,-0.00022334667487178272
2024-07-09 14:32:00+00:00,555.88,555.87,555.88,100,260,555.8727777777779,8.314303134495377e-08,6.529820091394356e-05
2024-07-09 14:33:00+00:00,555.92,555.92,555.94,300,210,555.9317647058824,2.956784411365868e-08,0.0003039448794124322
2024-07-09 14:34:00+00:00,556.08,556.08,556.09,100,650,556.0813333333333,4.2972016442883274e-08,0.00026835130005342656
2024-07-09 14:35:00+00:00,556.23,556.22,556.23,200,1300,556.2213333333333,4.3742235928861036e-08,5.340620548377473e-05
2024-07-09 14:36:00+00:00,556.24,556.23,556.25,46,1260,556.2307044410414,2.5060179924976974e-08,0.0001263703115426118
2024-07-09 14:37:00+00:00,556.33,556.33,556.34,250,1,556.3399601593625,3.218899474185574e-08,0.00020214556578812548
2024-07-09 14:38:00+00:00,556.43,556.44,556.45,250,110,556.4469444444445,6.353691217852366e-08,-0.00020545978119668185
2024-07-09 14:39:00+00:00,556.32,556.31,556.33,750,93,556.3277935943062,2.747768009132155e-08,0.00023094035873594265
2024-07-09 14:40:00+00:00,556.46,556.44,556.47,1310,610,556.46046875,2.40064440942977e-08,-8.347570751887634e-05
2024-07-09 14:41:00+00:00,556.42,556.43,556.46,1210,635,556.449674796748,2.821346277791987e-08,0.00021554438215942717
2024-07-09 14:42:00+00:00,556.55,556.54,556.56,110,1115,556.5417959183673,3.071475253678266e-08,0.00019563284422297045
2024-07-09 14:43:00+00:00,556.64,556.6,556.62,2210,100,556.6191341991341,2.326251698401624e-08,-5.257959965232484e-05
2024-07-09 14:44:00+00:00,556.62,556.61,556.63,948,100,556.6280916030535,2.693257123484232e-08,4.836304721567153e-05
2024-07-09 14:45:00+00:00,556.64,556.63,556.65,610,1050,556.6373493975904,6.401609263440731e-08,0.00026773601610274866
2024-07-09 14:46:00+00:00,556.78,556.77,556.8,630,1930,556.7773828124999,3.485463270997053e-08,1.1807788294238009e-05
2024-07-09 14:47:00+00:00,556.77,556.77,556.79,250,650,556.7755555555556,4.433521146356153e-08,0.00011256301269457758
2024-07-09 14:48:00+00:00,556.85,556.84,556.86,727,600,556.8509570459684,3.1342825876307146e-08,-4.121690090597152e-05
2024-07-09 14:49:00+00:00,556.83,556.83,556.84,100,600,556.8314285714285,5.632900328695701e-08,-0.00029598646674711127
2024-07-09 14:50:00+00:00,556.65,556.63,556.65,310,250,556.6410714285714,5.5478498242807515e-08,-0.00010142292864490088
2024-07-09 14:51:00+00:00,556.62,556.61,556.63,510,360,556.6217241379311,3.6386321815724345e-08,0.000191213193518891
2024-07-09 14:52:00+00:00,556.74,556.72,556.74,210,500,556.7259154929578,3.184380066161346e-08,-0.00012599466565110795
2024-07-09 14:53:00+00:00,556.64,556.63,556.66,825,1132,556.6426469085335,4.174807404271867e-08,-0.00015203014494058475
2024-07-09 14:54:00+00:00,556.56,556.55,556.56,600,150,556.5579999999999,2.0659849325456517e-08,8.567914449919556e-05
2024-07-09 14:55:00+00:00,556.61,556.58,556.61,550,690,556.5933064516129,6.049030030849351e-08,-0.0002859346510023508
2024-07-09 14:56:00+00:00,556.42,556.42,556.43,299,110,556.4273105134473,8.025459971020556e-08,-0.00012688415119954666
2024-07-09 14:57:00+00:00,556.4,556.38,556.4,100,1150,556.3816,3.004389123645745e-08,-0.00012163503622319993
2024-07-09 14:58:00+00:00,556.32,556.3,556.33,1860,560,556.3230578512397,4.917599423733681e-08,0.00020778423717482397
2024-07-09 14:59:00+00:00,556.4,556.41,556.44,570,1800,556.4172151898734,2.9581761997639104e-08,-0.00011778132773676564
2024-07-09 15:00:00+00:00,556.34,556.33,556.34,13,50,556.3320634920635,6.047041956875868e-08,8.967173063623157e-05
2024-07-09 15:01:00+00:00,556.39,556.4,556.42,298,960,556.4047376788552,3.0667771284070416e-08,0.00013015240276526008
2024-07-09 15:02:00+00:00,556.49,556.48,556.51,770,1250,556.4914356435644,3.103274848946501e-08,-0.00010249918996929619
2024-07-09 15:03:00+00:00,556.43,556.42,556.44,351,550,556.4277913429523,4.291505527595806e-08,-0.00010707850891578108
2024-07-09 15:04:00+00:00,556.36,556.35,556.37,21,790,556.3505178791615,5.1155021630691766e-08,-0.00019203140977908095
2024-07-09 15:05:00+00:00,556.26,556.22,556.24,894,150,556.2371264367816,5.056368035230345e-08,0.00014390068273084644
2024-07-09 15:06:00+00:00,556.34,556.34,556.35,310,5,556.3498412698414,4.0386267919174834e-08,-0.00023477349695688599
2024-07-09 15:07:00+00:00,556.22,556.2,556.22,43,550,556.2014502529511,3.278989051924625e-08,4.3282155958612734e-05
2024-07-09 15:08:00+00:00,556.23,556.22,556.25,862,910,556.2345936794582,4.002656883400091e-08,4.5705931477790784e-05
2024-07-09 15:09:00+00:00,556.25,556.26,556.28,1050,453,556.2739720558883,3.557477537153651e-08,-9.911947311547209e-05
2024-07-09 15:10:00+00:00,556.21,556.22,556.23,137,500,556.2221507064364,3.0634101484194364e-08,-0.000165420690628304
2024-07-09 15:11:00+00:00,556.1,556.08,556.11,1352,150,556.1070039946737,1.0258961871887531e-07,-0.00015041317421549127
2024-07-09 15:12:00+00:00,556.03,556.01,556.03,1050,150,556.0275,6.630023020208648e-08,5.2626614267969885e-05
2024-07-09 15:13:00+00:00,556.05,556.04,556.06,1072,150,556.0575450081833,4.1043233645291044e-08,0.00032569473819821226
2024-07-09 15:14:00+00:00,556.22,556.2,556.23,600,1673,556.2079190497141,3.218109574650116e-08,1.3901042684505427e-05
2024-07-09 15:15:00+00:00,556.25,556.24,556.26,260,1400,556.2431325301204,3.1000165541554574e-08,-0.00019994143251855778
2024-07-09 15:16:00+00:00,556.13,556.12,556.14,511,150,556.1354614220877,2.6970116562055912e-08,0.00018591999553496663
2024-07-09 15:17:00+00:00,556.24,556.23,556.26,870,2650,556.2374147727272,2.4249580417468275e-08,-4.18661132560727e-05
2024-07-09 15:18:00+00:00,556.22,556.21,556.23,107,1210,556.2116249050874,1.8668430987630067e-08,6.991877350759346e-05
2024-07-09 15:19:00+00:00,556.24,556.24,556.25,119,1010,556.2410540301152,2.3370132063925288e-08,-0.00016389764182167532
2024-07-09 15:20:00+00:00,556.17,556.16,556.17,100,200,556.1633333333333,1.768399248660993e-08,4.03688232368804e-05
2024-07-09 15:21:00+00:00,556.18,556.17,556.18,80,310,556.1720512820513,2.4290539939817096e-08,-8.613177561289653e-05
2024-07-09 15:22:00+00:00,556.12,556.11,556.13,291,200,556.1218533604887,1.4521407054843164e-08,-0.00015029978810043865
2024-07-09 15:23:00+00:00,556.06,556.06,556.07,384,300,556.0656140350877,1.6860491398567248e-08,-5.671820435970698e-05
2024-07-09 15:24:00+00:00,556.02,556.0,556.01,7500,100,556.0098684210526,9.884731853632709e-08,-0.00015264364713940548
2024-07-09 15:25:00+00:00,555.94,555.91,555.93,1111,250,555.9263262307127,5.738355864765938e-08,-1.0132898202619423e-05
2024-07-09 15:26:00+00:00,555.91,555.92,555.93,591,100,555.9285528219971,3.8289464638622795e-08,1.1597134146335009e-05
2024-07-09 15:27:00+00:00,555.95,555.93,555.95,100,310,555.9348780487804,2.542139903573465e-08,2.506484792386132e-06
2024-07-09 15:28:00+00:00,555.96,555.91,555.93,1053,210,555.926674584323,2.012287968223309e-08,-0.00010138883234978024
2024-07-09 15:29:00+00:00,555.86,555.86,555.88,1044,350,555.8749784791966,2.5832011505183575e-08,0.00030330240653997365
2024-07-09 15:30:00+00:00,556.05,556.04,556.06,620,120,556.0567567567567,3.5377583933122316e-08,-7.528804595469119e-05
2024-07-09 15:31:00+00:00,556.01,556.0,556.02,525,200,556.0144827586207,2.567859650846092e-08,-0.0002684565119090987
2024-07-09 15:32:00+00:00,555.85,555.85,555.86,208,310,555.8540154440154,3.673615369407458e-08,3.0356264789643816e-05
2024-07-09 15:33:00+00:00,555.89,555.87,555.89,210,150,555.8816666666667,2.3368951919146854e-08,0.00036441022504241083
2024-07-09 15:34:00+00:00,556.08,556.08,556.09,160,108,556.0859701492537,1.8958934830769978e-08,4.6752145508532905e-05
2024-07-09 15:35:00+00:00,556.08,556.07,556.08,156,100,556.07609375,2.8190527138278002e-08,-5.42346987880693e-05
2024-07-09 15:36:00+00:00,556.07,556.07,556.08,205,1160,556.0715018315019,2.3503693020000937e-08,-1.723072670112291e-05
2024-07-09 15:37:00+00:00,556.07,556.06,556.08,396,555,556.0683280757098,1.6615638092166732e-08,-0.00012261874432828446
2024-07-09 15:38:00+00:00,555.99,555.97,555.99,111,300,555.9754014598541,2.3637627980058998e-08,-0.00010928382401953485
2024-07-09 15:39:00+00:00,555.93,555.92,555.94,592,368,555.9323333333334,2.982302207733672e-08,-2.9131991983510908e-05
2024-07-09 15:40:00+00:00,555.92,555.9,555.91,3,3,555.905,3.959322904149115e-08,0.00017438588910678732
2024-07-09 15:41:00+00:00,556.02,556.01,556.02,100,100,556.015,1.7060252882992672e-08,-4.2887608870390004e-05
2024-07-09 15:42:00+00:00,555.98,555.98,555.99,2,230,555.9800862068965,1.864270887298317e-08,-8.504643922213617e-06
2024-07-09 15:43:00+00:00,555.99,555.98,556.0,313,950,555.98495645289,2.4504388245600244e-08,0.00015433876496806498
2024-07-09 15:44:00+00:00,556.08,556.07,556.09,220,1266,556.0729609690445,1.8627813695372062e-08,-9.254995687602019e-06
2024-07-09 15:45:00+00:00,556.08,556.06,556.08,330,230,556.0717857142857,1.176151303034314e-08,8.788278091653723e-05
2024-07-09 15:46:00+00:00,556.11,556.11,556.13,394,100,556.125951417004,1.2105891155840628e-08,0.0002420832488205793
2024-07-09 15:47:00+00:00,556.26,556.26,556.27,200,200,556.265,1.413548362818005e-08,7.993748642642906e-05
2024-07-09 15:48:00+00:00,556.25,556.25,556.27,484,400,556.2609502262443,3.8996068859778605e-08,-5.19277375424787e-05
2024-07-09 15:49:00+00:00,556.27,556.26,556.28,334,650,556.2667886178862,2.0235814837543125e-08,0.000135165649749025
2024-07-09 15:50:00+00:00,556.36,556.35,556.36,114,1000,556.3510233393179,1.5145932964817726e-08,0.00013305842741129226
2024-07-09 15:51:00+00:00,556.42,556.41,556.42,364,1344,556.4121311475409,1.1034071331042021e-08,-7.498539248596003e-05
2024-07-09 15:52:00+00:00,556.38,556.37,556.38,6,690,556.3700862068965,1.018989987151364e-08,-1.883395352797468e-05
2024-07-09 15:53:00+00:00,556.37,556.36,556.38,230,660,556.3651685393259,1.091859607686248e-08,1.8966217358640236e-05
2024-07-09 15:54:00+00:00,556.38,556.37,556.38,300,496,556.3737688442211,1.2444848020922306e-08,-2.09518800399211e-05
2024-07-09 15:55:00+00:00,556.36,556.35,556.37,312,205,556.3620696324951,1.0494108389051541e-08,0.00014100834474750634
2024-07-09 15:56:00+00:00,556.45,556.44,556.46,212,4293,556.4409411764707,1.1055207373578824e-08,4.4095159628776415e-05
2024-07-09 15:57:00+00:00,556.45,556.44,556.46,262,1510,556.4429571106095,1.3507376064205138e-08,5.08528266274233e-05
2024-07-09 15:58:00+00:00,556.5,556.5,556.51,400,101,556.5079840319361,1.943149073249245e-08,-0.00010676720283986363
2024-07-09 15:59:00+00:00,556.43,556.43,556.45,51,710,556.4313403416558,1.0622286309569e-08,0.00016114553066870485
2024-07-09 16:00:00+00:00,556.52,556.52,556.53,224,897,556.5219982158787,2.1111092735554636e-08,-7.07167235918238e-05
2024-07-09 16:01:00+00:00,556.47,556.47,556.49,927,179,556.4867631103074,1.5451179902535977e-08,2.534430016076783e-05
2024-07-09 16:02:00+00:00,556.5,556.49,556.5,832,100,556.4989270386266,2.43999576519544e-08,-0.00019999419329086443
2024-07-09 16:03:00+00:00,556.39,556.37,556.39,323,530,556.3775732708089,2.1041676953906218e-08,3.2098534597846395e-05
2024-07-09 16:04:00+00:00,556.41,556.4,556.42,364,250,556.4118566775244,1.6045071699835087e-08,8.711463411259501e-05
2024-07-09 16:05:00+00:00,556.45,556.44,556.46,963,416,556.4539666424946,2.3746834526093736e-08,4.39891003185533e-05
2024-07-09 16:06:00+00:00,556.46,556.48,556.49,100,320,556.4823809523809,1.1633374061796792e-08,-6.407896047666561e-06
2024-07-09 16:07:00+00:00,556.48,556.47,556.49,100,465,556.4735398230089,9.271117769289074e-09,0.00011430307927362549
2024-07-09 16:08:00+00:00,556.54,556.54,556.55,710,100,556.5487654320987,9.77048576956451e-09,0.00017894953279107284
2024-07-09 16:09:00+00:00,556.64,556.63,556.64,300,194,556.6360728744938,2.3738395803979008e-08,2.807419149131185e-05
2024-07-09 16:10:00+00:00,556.67,556.66,556.68,470,1486,556.6648057259713,1.8008202409510208e-08,3.340911571836358e-06
2024-07-09 16:11:00+00:00,556.66,556.65,556.66,490,221,556.6568917018283,1.2990919948271734e-08,-2.9504721484885366e-06
2024-07-09 16:12:00+00:00,556.66,556.65,556.66,100,359,556.6521786492375,9.710840163938327e-09,8.782105662619166e-05
2024-07-09 16:13:00+00:00,556.71,556.7,556.72,1597,947,556.7125550314466,8.946417403991262e-09,-4.610506516589119e-05
2024-07-09 16:14:00+00:00,556.68,556.67,556.68,200,200,556.675,1.8566252835512416e-08,-0.000326156310079595
2024-07-09 16:15:00+00:00,556.51,556.48,556.5,1280,100,556.4985507246377,2.5543201211094395e-08,0.0001622249280215371
2024-07-09 16:16:00+00:00,556.59,556.58,556.59,116,350,556.5824892703863,1.0545230610423222e-08,0.00023861819793680183
2024-07-09 16:17:00+00:00,556.72,556.71,556.73,536,2809,556.7132047832587,9.202807594679832e-09,2.3604588703207696e-05
2024-07-09 16:18:00+00:00,556.74,556.73,556.74,122,500,556.731961414791,1.506822219256987e-08,-1.3450671235371026e-05
2024-07-09 16:19:00+00:00,556.73,556.72,556.74,292,830,556.7252049910874,5.752169184256703e-09,5.5625524559177464e-05
2024-07-09 16:20:00+00:00,556.75,556.74,556.76,101,1290,556.7414521926671,7.924411552729157e-09,-0.00011424064359533137
2024-07-09 16:21:00+00:00,556.71,556.71,556.72,284,704,556.7128744939272,8.713782851119535e-09,0.00013235067007566492
2024-07-09 16:22:00+00:00,556.77,556.76,556.77,321,378,556.7645922746781,8.822399674623921e-09,4.561431393113047e-05
2024-07-09 16:23:00+00:00,556.79,556.79,556.8,21,1692,556.7901225919439,2.0047189424174467e-08,-0.00020795040564602907
2024-07-09 16:24:00+00:00,556.69,556.67,556.7,430,1817,556.6757409879839,9.487155582907735e-09,2.8048551317549908e-05
2024-07-09 16:25:00+00:00,556.69,556.69,556.7,1,1000,556.6900099900099,1.8131976676084767e-08,-6.126045270515856e-05
2024-07-09 16:26:00+00:00,556.66,556.65,556.66,203,710,556.6522234392114,1.535424163481246e-08,-0.00013391236016757624
2024-07-09 16:27:00+00:00,556.59,556.58,556.59,200,500,556.5828571428572,1.3281833232846223e-08,0.00010327839039714348
2024-07-09 16:28:00+00:00,556.64,556.63,556.65,230,390,556.6374193548387,1.6710876977577874e-08,2.8967184856565353e-05
2024-07-09 16:29:00+00:00,556.65,556.65,556.66,502,510,556.6549604743084,1.0978429778718705e-08,8.42826898981297e-05
2024-07-09 16:30:00+00:00,556.7,556.69,556.7,92,1110,556.690765391015,8.922723956749108e-09,-2.0100395933253523e-05
2024-07-09 16:31:00+00:00,556.7,556.68,556.7,610,120,556.696712328767,1.3380979746337165e-08,-1.527793321765003e-05
2024-07-09 16:32:00+00:00,556.69,556.68,556.69,2,530,556.6800375939849,2.239389079470923e-08,-4.8213628066617886e-05
2024-07-09 16:33:00+00:00,556.66,556.66,556.67,100,200,556.6633333333333,7.296652011205942e-09,4.2091353249729124e-05
2024-07-09 16:34:00+00:00,556.68,556.67,556.69,11,1370,556.6701593048515,1.2414243697390648e-08,-0.0001348530957302474
2024-07-09 16:35:00+00:00,556.59,556.59,556.61,611,386,556.602256770311,1.3262471073848787e-08,-4.964789237704714e-05
2024-07-09 16:36:00+00:00,556.57,556.57,556.58,100,200,556.5733333333334,9.917512802711243e-09,-5.534836374776475e-05
2024-07-09 16:37:00+00:00,556.54,556.54,556.55,262,100,556.5472375690607,1.4616338093663343e-08,-6.82090432866378e-05
2024-07-09 16:38:00+00:00,556.5,556.49,556.5,900,392,556.4969659442725,2.329223770462994e-08,-3.8346380303200256e-05
2024-07-09 16:39:00+00:00,556.48,556.48,556.49,661,338,556.4866166166166,1.3394092162890218e-08,-0.00016340468537268116
2024-07-09 16:40:00+00:00,556.38,556.37,556.38,166,160,556.3750920245399,2.2797010907311493e-08,9.187325448878347e-05
2024-07-09 16:41:00+00:00,556.43,556.42,556.44,1210,150,556.4377941176471,1.4151937982415474e-08,3.5220268943758626e-05
2024-07-09 16:42:00+00:00,556.47,556.46,556.48,101,150,556.4680478087649,3.3032658681712384e-08,-0.00026573554823017265
2024-07-09 16:43:00+00:00,556.3,556.3,556.31,100,100,556.305,2.645856037512896e-08,0.00022250662316092296
2024-07-09 16:44:00+00:00,556.44,556.43,556.45,208,310,556.4380308880309,1.9507667837880407e-08,4.8333866387251234e-05
2024-07-09 16:45:00+00:00,556.47,556.46,556.48,150,417,556.465291005291,2.673297358095947e-08,-0.00013313952437177257
2024-07-09 16:46:00+00:00,556.4,556.37,556.39,1615,100,556.388833819242,2.3701849290326294e-08,-0.00024169792018235992
2024-07-09 16:47:00+00:00,556.26,556.25,556.26,2545,100,556.2596219281663,3.054084405602656e-08,-7.299283282735658e-05
2024-07-09 16:48:00+00:00,556.21,556.2,556.22,1704,425,556.2160075152655,1.780210417413917e-08,-0.00012807512831802814
2024-07-09 16:49:00+00:00,556.14,556.14,556.15,1174,107,556.1491647150664,3.798812299861172e-08,4.455215736332008e-05
2024-07-09 16:50:00+00:00,556.15,556.16,556.17,300,209,556.1658939096267,2.6949020575523132e-08,3.3295832728263974e-05
2024-07-09 16:51:00+00:00,556.195,556.19,556.2,160,650,556.1919753086421,2.308444205947148e-08,0.00017726012401575453
2024-07-09 16:52:00+00:00,556.29,556.28,556.3,1661,560,556.2949572264745,1.5350284260742787e-08,-4.0304142466363047e-05
2024-07-09 16:53:00+00:00,556.27,556.26,556.27,711,100,556.2687669543773,1.9260171289009657e-08,-2.7735136326256793e-05
2024-07-09 16:54:00+00:00,556.24,556.23,556.25,1852,177,556.2482552981764,8.381417996279757e-09,-1.560823954172008e-05
2024-07-09 16:55:00+00:00,556.25,556.23,556.25,592,530,556.2405525846702,9.332427290607812e-09,2.534377968599344e-05
2024-07-09 16:56:00+00:00,556.24,556.23,556.25,1351,660,556.2434361014421,1.8542050578248632e-08,0.00018005166682910634
2024-07-09 16:57:00+00:00,556.36,556.35,556.37,920,150,556.3671962616822,1.6588738026575738e-08,0.0002842587947364805
2024-07-09 16:58:00+00:00,556.51,556.51,556.52,218,220,556.5149771689497,1.4177569892625081e-08,0.00016809829110053798
2024-07-09 16:59:00+00:00,556.6,556.6,556.62,108,410,556.6041698841699,1.8136588198397797e-08,0.00018368992405148887
2024-07-09 17:00:00+00:00,556.71,556.7,556.72,790,560,556.7117037037037,4.387041820147298e-08,-0.00017498821880312931
2024-07-09 17:01:00+00:00,556.6,556.59,556.61,188,200,556.5996907216495,2.2477176625941883e-08,0.00015417101286185897
2024-07-09 17:02:00+00:00,556.72,556.7,556.72,101,153,556.7079527559056,6.363611765365272e-08,0.00042164189287730025
2024-07-09 17:03:00+00:00,556.93,556.92,556.94,761,200,556.9358376690947,6.234093735099673e-08,8.70941171640105e-05
2024-07-09 17:04:00+00:00,557.0,556.99,557.01,200,500,556.9957142857143,4.1817694863959345e-08,0.00015974330585777352
2024-07-09 17:05:00+00:00,557.08,557.08,557.1,160,200,557.0888888888888,4.227096293196978e-08,-0.00031379713170776036
2024-07-09 17:06:00+00:00,556.88,556.89,556.92,1310,350,556.9136746987951,2.707282709795465e-08,0.00015483605268618028
2024-07-09 17:07:00+00:00,556.98,556.97,556.99,810,553,556.9818855465885,1.4554028915260563e-08,1.1808062178486622e-05
2024-07-09 17:08:00+00:00,557.0,556.99,557.02,361,857,556.9988916256158,1.967584146808244e-08,0.00013179935211460325
2024-07-09 17:09:00+00:00,557.07,557.06,557.07,430,294,557.0659392265193,1.621164893467506e-08,1.3082417467114027e-06
2024-07-09 17:10:00+00:00,557.06,557.06,557.07,501,400,557.0655604883463,1.680627044308014e-08,-9.938524209718302e-06
2024-07-09 17:11:00+00:00,557.06,557.05,557.07,410,386,557.0603015075377,2.3929077370982494e-08,-0.00010411637661689177
2024-07-09 17:12:00+00:00,557.0,556.99,557.01,573,1000,556.9972854418309,2.3693136480480934e-08,-0.0001234853125229307
2024-07-09 17:13:00+00:00,556.93,556.92,556.94,760,270,556.9347572815534,1.7587346568150068e-08,4.340421813875395e-05
2024-07-09 17:14:00+00:00,556.96,556.95,556.97,257,610,556.9559284890427,1.5306539795778866e-08,-4.273380711394825e-05
2024-07-09 17:15:00+00:00,556.93,556.93,556.94,300,300,556.935,1.6336654313096072e-08,-0.0003301011990167746
2024-07-09 17:16:00+00:00,556.77,556.74,556.77,444,730,556.7513458262351,3.9172788894129145e-08,-0.00026266583819056777
2024-07-09 17:17:00+00:00,556.6,556.59,556.61,1110,503,556.6037631742096,8.001858219117527e-08,-0.00044342187309065473
2024-07-09 17:18:00+00:00,556.35,556.34,556.35,99,100,556.3449748743718,1.6448853991124507e-07,-0.0004316741560841386
2024-07-09 17:19:00+00:00,556.11,556.11,556.12,91,1500,556.1105719673162,9.120731082338484e-08,5.019181557042174e-05
2024-07-09 17:20:00+00:00,556.13,556.1,556.12,410,100,556.1160784313726,6.13649253404302e-08,8.522544270306298e-06
2024-07-09 17:21:00+00:00,556.15,556.15,556.17,410,100,556.1660784313725,7.467719910387637e-08,-0.00010200300774854121
2024-07-09 17:22:00+00:00,556.1,556.07,556.09,1110,200,556.0869465648855,3.1400334607921036e-08,-0.00014545187498848922
2024-07-09 17:23:00+00:00,556.02,556.01,556.03,38,550,556.0112925170068,3.0323465298358375e-08,-0.00012655693996654893
2024-07-09 17:24:00+00:00,555.94,555.93,555.95,1501,246,555.9471837435605,5.505873276930279e-08,-0.00024696552277847506
2024-07-09 17:25:00+00:00,555.8,555.83,555.85,1000,250,555.846,8.748582619246083e-08,0.00029100594168030014
2024-07-09 17:26:00+00:00,555.98,555.96,555.98,610,245,555.974269005848,4.256011349654606e-08,0.0002026883755334996
2024-07-09 17:27:00+00:00,556.08,556.07,556.09,410,620,556.0779611650486,2.425806480094339e-08,-5.770182445163918e-05
2024-07-09 17:28:00+00:00,556.06,556.04,556.07,410,1550,556.046275510204,2.9443682970194043e-08,-6.880390530494829e-05
2024-07-09 17:29:00+00:00,556.01,556.0,556.02,490,330,556.0119512195122,2.6317853352051606e-08,-5.604037125461758e-07
2024-07-09 17:30:00+00:00,556.01,556.0,556.02,708,450,556.0122279792745,3.30129561758379e-08,0.00023095043113974256
2024-07-09 17:31:00+00:00,556.14,556.12,556.14,320,100,556.135238095238,3.1964358366565276e-08,2.5687493658388405e-05
2024-07-09 17:32:00+00:00,556.15,556.14,556.16,790,300,556.154495412844,4.160119087066842e-08,0.00011459084736586966
2024-07-09 17:33:00+00:00,556.22,556.21,556.23,80,1500,556.2110126582279,2.351080271006224e-08,7.728094564041221e-05
2024-07-09 17:34:00+00:00,556.26,556.26,556.27,200,200,556.265,2.981953405904122e-08,5.237484171205509e-05
2024-07-09 17:35:00+00:00,556.27,556.27,556.29,460,450,556.2801098901099,2.172881739707479e-08,-3.474363624600407e-05
2024-07-09 17:36:00+00:00,556.26,556.26,556.28,230,1330,556.2629487179487,1.428692846058491e-08,6.861135572977517e-05
2024-07-09 17:37:00+00:00,556.3,556.3,556.32,210,830,556.3040384615384,2.25858089299513e-08,-4.3201576806817243e-05
2024-07-09 17:38:00+00:00,556.29,556.28,556.3,410,1358,556.2846380090498,1.729655409433369e-08,-4.9590953779321545e-05
2024-07-09 17:39:00+00:00,556.25,556.25,556.27,260,550,556.2564197530863,1.5085283757954635e-08,-4.4526197018335267e-07
2024-07-09 17:40:00+00:00,556.25,556.25,556.27,352,850,556.2558569051581,1.9102019121087516e-08,-0.00012667314514613892
2024-07-09 17:41:00+00:00,556.19,556.18,556.2,410,350,556.1907894736842,2.250793790063752e-08,-4.567884843365011e-05
2024-07-09 17:42:00+00:00,556.15,556.16,556.18,550,1712,556.1648629531388,1.4126687348204222e-08,4.218988918469613e-05
2024-07-09 17:43:00+00:00,556.18,556.18,556.19,100,650,556.1813333333332,1.3351027972911654e-08,5.703733667772326e-05
2024-07-09 17:44:00+00:00,556.21,556.21,556.22,150,102,556.2159523809524,1.14829412790841e-08,2.1454065308734727e-06
2024-07-09 17:45:00+00:00,556.22,556.21,556.23,411,300,556.2215611814346,1.7652140995371554e-08,-9.780492297450927e-05
2024-07-09 17:46:00+00:00,556.15,556.15,556.17,210,100,556.1635483870969,1.5240062108914914e-08,-0.00021850420315527863
2024-07-09 17:47:00+00:00,556.045,556.04,556.05,100,795,556.0411173184358,2.2207816011494906e-08,5.002041363377785e-05
2024-07-09 17:48:00+00:00,556.07,556.06,556.08,451,1610,556.0643765162542,1.710304089888272e-08,0.00012986544608151185
2024-07-09 17:49:00+00:00,556.14,556.13,556.14,205,2210,556.1308488612837,8.319276728653988e-09,-0.00014906969182293395
2024-07-09 17:50:00+00:00,556.07,556.05,556.07,340,390,556.0593150684931,1.914497583483627e-08,0.00023158623601493566
2024-07-09 17:51:00+00:00,556.18,556.17,556.19,250,810,556.1747169811321,1.458674199913015e-08,8.787142463306807e-05
2024-07-09 17:52:00+00:00,556.24,556.23,556.25,353,1530,556.2337493361657,1.6459771060892993e-08,0.0001358510667028856
2024-07-09 17:53:00+00:00,556.31,556.3,556.32,417,812,556.306786004882,1.6532587608997258e-08,-4.473517563430285e-05
2024-07-09 17:54:00+00:00,556.29,556.28,556.29,352,1283,556.2821529051987,1.2754222219748614e-08,-0.00013813628394876432
2024-07-09 17:55:00+00:00,556.21,556.2,556.22,292,630,556.2063340563991,2.0595452736346972e-08,-0.00016302321846772827
2024-07-09 17:56:00+00:00,556.11,556.11,556.12,98,390,556.1120081967213,1.6099073964153216e-08,0.0001550487822978841
2024-07-09 17:57:00+00:00,556.21,556.2,556.21,201,2150,556.2008549553382,5.4509785538607126e-09,-4.540177154610525e-05
2024-07-09 17:58:00+00:00,556.18,556.17,556.19,211,2400,556.1716162389889,1.235551680031549e-08,4.27951208248345e-07
2024-07-09 17:59:00+00:00,556.17,556.16,556.18,310,107,556.1748681055155,1.7787863280029052e-08,-8.09228748761548e-05
2024-07-09 18:00:00+00:00,556.14,556.13,556.14,101,2360,556.1304104022755,2.5898171133191017e-08,-7.833886582231386e-05
2024-07-09 18:01:00+00:00,556.09,556.09,556.1,100,102,556.0949504950495,2.408364141244784e-08,-5.538071830790692e-06
2024-07-09 18:02:00+00:00,556.1,556.08,556.1,312,976,556.0848447204969,1.74128306629695e-08,-0.00021023384203244788
2024-07-09 18:03:00+00:00,555.95,555.94,555.96,151,850,555.9430169830171,5.305369430244824e-08,-0.00013797424784689483
2024-07-09 18:04:00+00:00,555.9,555.89,555.9,6,110,555.8905172413794,1.4562881060432422e-08,-7.794882183964624e-05
2024-07-09 18:05:00+00:00,555.85,555.84,555.86,150,1040,555.8425210084033,1.5738389577122272e-08,-0.00015080197507111315
2024-07-09 18:06:00+00:00,555.77,555.76,555.77,101,105,555.7649029126213,2.1736621531405942e-08,0.00014414665759554524
2024-07-09 18:07:00+00:00,555.84,555.84,555.85,321,575,555.8435825892857,1.743129298399157e-08,0.00019950447977090668
2024-07-09 18:08:00+00:00,555.95,555.94,555.96,1812,300,555.957159090909,1.5576493429417648e-08,3.0432025016624564e-05
2024-07-09 18:09:00+00:00,555.95,555.95,555.97,150,400,555.9554545454546,1.0973432289728371e-08,8.007825247169365e-05
2024-07-09 18:10:00+00:00,556.01,556.01,556.02,302,100,556.017512437811,1.0566008738439172e-08,-3.5889742290518e-05
2024-07-09 18:11:00+00:00,556.01,556.0,556.01,174,100,556.0063503649635,1.1522774968911417e-08,0.00016139231299572288
2024-07-09 18:12:00+00:00,556.095,556.09,556.1,300,1455,556.0917094017094,1.9943129604498142e-08,-6.198287920977652e-05
2024-07-09 18:13:00+00:00,556.06,556.05,556.07,252,2420,556.051886227545,2.081613236883073e-08,-0.00018707713272969606
2024-07-09 18:14:00+00:00,555.93,555.93,555.94,100,650,555.9313333333332,8.215846270521377e-09,-9.647745172436384e-05
2024-07-09 18:15:00+00:00,555.89,555.88,555.9,420,250,555.8925373134329,1.641161389308164e-08,0.00014664388261986794
2024-07-09 18:16:00+00:00,555.99,555.98,555.99,2,1250,555.9800159744409,1.671073868630872e-08,-5.378465410210698e-05
2024-07-09 18:17:00+00:00,555.94,555.93,555.95,311,650,555.9364724245577,7.217553291652086e-09,1.716717730193551e-07
2024-07-09 18:18:00+00:00,555.95,555.94,555.95,200,160,555.9455555555556,9.588459333221978e-09,5.633393824755473e-06
2024-07-09 18:19:00+00:00,555.95,555.94,555.96,702,2014,555.9451693667157,7.049553641044813e-09,8.59874780805292e-05
2024-07-09 18:20:00+00:00,556.0,556.0,556.01,100,911,556.0009891196835,1.1590762052004797e-08,0.00011932844029050038
2024-07-09 18:21:00+00:00,556.07,556.06,556.07,100,100,556.065,2.6283427464331102e-08,-0.0001786407877493179
2024-07-09 18:22:00+00:00,555.97,555.96,555.98,200,913,555.9635938903863,1.737145921656829e-08,0.0001072606684386912
2024-07-09 18:23:00+00:00,556.03,556.02,556.03,455,179,556.0271766561514,7.683061429619447e-09,-0.0001382331260699754
2024-07-09 18:24:00+00:00,555.93,555.91,555.93,160,460,555.9151612903225,1.6158410397841538e-08,-6.540879468197591e-05
2024-07-09 18:25:00+00:00,555.9,555.9,555.91,1782,100,555.909468650372,9.814087034542148e-09,2.549202134627393e-05
2024-07-09 18:26:00+00:00,555.92,555.91,555.92,1500,200,555.9188235294117,1.7416665203970817e-08,-0.00010864761981521642
2024-07-09 18:27:00+00:00,555.87,555.86,555.87,160,197,555.8644817927171,9.834026501225214e-09,-7.745556856675329e-06
2024-07-09 18:28:00+00:00,555.85,555.84,555.85,181,672,555.8421219226261,2.0442652892187805e-08,-0.00011828455088014334
2024-07-09 18:29:00+00:00,555.8,555.79,555.8,501,150,555.7976958525345,1.5294043723073648e-08,-8.83172220971229e-05
2024-07-09 18:30:00+00:00,555.74,555.74,555.75,51,553,555.7408443708609,2.4543823434336133e-08,-5.1940009064166404e-05
2024-07-09 18:31:00+00:00,555.7,555.7,555.72,1300,450,555.7148571428571,1.3112142600707568e-08,7.064081676788625e-05
2024-07-09 18:32:00+00:00,555.76,555.76,555.77,100,263,555.7627548209366,1.3129679810573813e-08,-0.0001862673074972676
2024-07-09 18:33:00+00:00,555.65,555.65,555.66,80,564,555.6512422360248,2.2390716848723652e-08,0.00029221099600151845
2024-07-09 18:34:00+00:00,555.81,555.8,555.81,100,100,555.805,1.6783775514392016e-08,0.00013174212442623734
2024-07-09 18:35:00+00:00,555.9,555.88,555.9,250,430,555.8873529411765,2.3356258177800815e-08,9.340911689870168e-05
2024-07-09 18:36:00+00:00,555.94,555.93,555.95,710,500,555.9417355371901,1.0726233202141884e-08,0.00016622060801108063
2024-07-09 18:37:00+00:00,556.03,556.02,556.04,251,1500,556.022866933181,1.4994570155133358e-08,-8.810329942099404e-05
2024-07-09 18:38:00+00:00,555.99,555.98,555.99,1,800,555.9800124843945,1.1295170194347341e-08,5.690644419731328e-05
2024-07-09 18:39:00+00:00,556.02,556.01,556.02,200,498,556.0128653295129,1.2882540738776197e-08,-2.1937954545414584e-05
2024-07-09 18:40:00+00:00,556.01,556.0,556.01,102,600,556.001452991453,5.8225676835983756e-09,-3.678585971844672e-05
2024-07-09 18:41:00+00:00,555.98,555.98,555.99,100,1500,555.980625,7.223107156915979e-09,-8.740973598919677e-05
2024-07-09 18:42:00+00:00,555.93,555.92,555.93,100,1000,555.920909090909,1.3671622749884517e-08,-0.00013913983492841453
2024-07-09 18:43:00+00:00,555.88,555.85,555.87,102,903,555.8520298507464,1.7145409948502042e-08,0.00030683168836409536
2024-07-09 18:44:00+00:00,556.03,556.02,556.04,100,1721,556.0210982976387,1.321522965304877e-08,0.0001008812186285013
2024-07-09 18:45:00+00:00,556.09,556.07,556.08,1,200,556.0700497512439,2.016944184570282e-08,-4.803660249586006e-05
2024-07-09 18:46:00+00:00,556.04,556.04,556.05,100,153,556.04395256917,1.1249485679937842e-08,3.803806564040002e-05
2024-07-09 18:47:00+00:00,556.07,556.06,556.07,1050,119,556.0689820359281,8.082010406580484e-09,2.818561695638877e-05
2024-07-09 18:48:00+00:00,556.1,556.11,556.13,260,208,556.1211111111111,1.4338055382771573e-08,9.145674804389436e-05
2024-07-09 18:49:00+00:00,556.15,556.14,556.16,800,650,556.1510344827586,1.9503931898391485e-08,-0.0001615301448012474
2024-07-09 18:50:00+00:00,556.05,556.05,556.06,100,253,556.0528328611898,2.3627180958621258e-08,-0.000411587881036124
2024-07-09 18:51:00+00:00,555.83,555.82,555.83,527,165,555.8276156069364,1.8118171165219446e-08,1.2725994383622208e-05
2024-07-09 18:52:00+00:00,555.81,555.81,555.83,1161,330,555.8255734406438,1.0145913423142094e-08,-0.00017528205791317308
2024-07-09 18:53:00+00:00,555.74,555.73,555.74,300,730,555.7329126213592,1.2307914508962078e-08,-4.414173891464923e-05
2024-07-09 18:54:00+00:00,555.71,555.72,555.73,624,300,555.7267532467532,1.457062729583524e-08,4.9829640470511194e-05
2024-07-09 18:55:00+00:00,555.73,555.73,555.75,473,642,555.7384843049327,1.421227238565607e-08,-8.716596145541544e-06
2024-07-09 18:56:00+00:00,555.73,555.72,555.73,857,300,555.7274070872949,1.7023748506784623e-08,-0.00012048063558112165
2024-07-09 18:57:00+00:00,555.66,555.66,555.67,301,203,555.6659722222222,2.5058964219589915e-08,0.0002587635234316821
2024-07-09 18:58:00+00:00,555.8,555.8,555.81,653,99,555.8086835106383,2.0573048550534193e-08,4.8634489194343544e-05
2024-07-09 18:59:00+00:00,555.83,555.84,555.85,47,1610,555.8402836451418,1.234824250096235e-08,9.94715084348119e-05
2024-07-09 19:00:00+00:00,555.895,555.89,555.9,400,1368,555.8922624434389,2.0784854538360784e-08,-0.00014638391551213825
2024-07-09 19:01:00+00:00,555.8,555.8,555.82,500,430,555.810752688172,1.9322962840034197e-08,1.2950779609610663e-05
2024-07-09 19:02:00+00:00,555.82,555.81,555.82,330,103,555.8176212471132,1.058674303448203e-08,5.5472505984477394e-05
2024-07-09 19:03:00+00:00,555.85,555.84,555.85,202,58,555.8477692307692,7.3254232236635846e-09,-0.00010936132284722344
2024-07-09 19:04:00+00:00,555.79,555.78,555.79,228,200,555.7853271028038,1.5317737746694454e-08,-6.993341342265147e-05
2024-07-09 19:05:00+00:00,555.74,555.73,555.75,500,859,555.7373583517293,2.2166166498241162e-08,-0.0001449438677770809
2024-07-09 19:06:00+00:00,555.65,555.65,555.67,660,100,555.6673684210525,1.2281681297334332e-08,0.00027138974433382757
2024-07-09 19:07:00+00:00,555.8,555.81,555.82,200,350,555.8136363636364,3.626235379663486e-08,-0.00015569462366638032
2024-07-09 19:08:00+00:00,555.73,555.73,555.74,469,343,555.735775862069,2.1965428608241375e-08,5.525073993539742e-05
2024-07-09 19:09:00+00:00,555.76,555.76,555.77,101,360,555.7621908893709,1.244856210906155e-08,1.2110873314874482e-05
2024-07-09 19:10:00+00:00,555.76,555.76,555.77,171,685,555.7619976635514,9.93152637611775e-09,-9.692109684145134e-05
2024-07-09 19:11:00+00:00,555.71,555.7,555.73,663,1010,555.7118888224746,1.2521348552289645e-08,-0.00013895640516070618
2024-07-09 19:12:00+00:00,555.63,555.63,555.64,1060,235,555.6381853281854,1.1280327678413401e-08,0.0001243266643820018
2024-07-09 19:13:00+00:00,555.71,555.7,555.71,200,296,555.7040322580646,1.3390655190408015e-08,3.936185201847131e-05
2024-07-09 19:14:00+00:00,555.72,555.71,555.73,630,350,555.7228571428572,1.4477636998141071e-08,0.000142228355349161
2024-07-09 19:15:00+00:00,555.8,555.8,555.81,154,310,555.8033189655172,2.1322022089765717e-08,-0.0001421517507231851
2024-07-09 19:16:00+00:00,555.73,555.72,555.74,1150,310,555.7357534246574,1.5657887928745263e-08,-6.363684538190917e-05
2024-07-09 19:17:00+00:00,555.69,555.69,555.7,46,310,555.6912921348315,1.0084423979194072e-08,-4.5016855657054045e-05
2024-07-09 19:18:00+00:00,555.66,555.66,555.67,800,100,555.6688888888888,7.94719009476486e-09,0.00017572770899265677
2024-07-09 19:19:00+00:00,555.75,555.75,555.77,810,200,555.7660396039604,1.3742704516114196e-08,-0.00022531627110011776
2024-07-09 19:20:00+00:00,555.65,555.64,555.65,200,110,555.6464516129032,1.4020484970997347e-08,0.00016815093630762057
2024-07-09 19:21:00+00:00,555.73,555.72,555.74,1214,350,555.7355242966752,1.763746987898912e-08,-0.0002739569027579991
2024-07-09 19:22:00+00:00,555.58,555.57,555.59,1051,910,555.5807190209077,1.6039503875195258e-08,7.487595813149284e-06
2024-07-09 19:23:00+00:00,555.58,555.57,555.59,1550,250,555.5872222222222,1.1594576398740786e-08,-5.374841470207059e-05
2024-07-09 19:24:00+00:00,555.55,555.55,555.56,548,300,555.5564622641509,1.1267574827497014e-08,0.0001576237152016713
2024-07-09 19:25:00+00:00,555.63,555.63,555.65,364,812,555.6361904761904,2.0906956292548583e-08,4.3992214011190356e-05
2024-07-09 19:26:00+00:00,555.66,555.65,555.66,5,160,555.650303030303,1.8606785503284018e-08,4.789648634573318e-05
2024-07-09 19:27:00+00:00,555.69,555.68,555.7,648,300,555.6936708860759,1.2777781179248922e-08,-2.7933347688469112e-05
2024-07-09 19:28:00+00:00,555.67,555.67,555.68,1113,26,555.6797717295874,1.0421385692270335e-08,0.00015639597392547167
2024-07-09 19:29:00+00:00,555.76,555.76,555.77,102,300,555.7625373134329,1.150362812522537e-08,3.2750712623874634e-05
2024-07-09 19:30:00+00:00,555.78,555.78,555.79,259,521,555.7833205128205,3.618001270584744e-08,-0.00030674613343295576
2024-07-09 19:31:00+00:00,555.6,555.59,555.62,310,160,555.6097872340426,2.2807725096709054e-08,8.949737240149247e-05
2024-07-09 19:32:00+00:00,555.66,555.65,555.67,1030,330,555.6651470588235,1.2204734548330693e-08,-7.929265779493821e-05
2024-07-09 19:33:00+00:00,555.63,555.62,555.63,101,561,555.6215256797583,1.0932192100524596e-08,5.7203705897235224e-05
2024-07-09 19:34:00+00:00,555.64,555.64,555.65,106,350,555.6423245614035,1.58082440314413e-08,0.00012019159437648419
2024-07-09 19:35:00+00:00,555.73,555.71,555.73,121,910,555.7123472356935,1.52385119731862e-08,0.00024171758549029754
2024-07-09 19:36:00+00:00,555.86,555.85,555.87,322,1866,555.8529433272396,1.4254706093894032e-08,2.363143045003291e-05
2024-07-09 19:37:00+00:00,555.86,555.85,555.86,100,510,555.8516393442623,2.1184440248603076e-08,6.529467183935544e-05
2024-07-09 19:38:00+00:00,555.9,555.89,555.91,31,869,555.8906888888889,1.6836491507360487e-08,-1.536951328684477e-05
2024-07-09 19:39:00+00:00,555.89,555.89,555.9,300,322,555.8948231511254,1.3736242553722693e-08,-7.277277043638009e-05
2024-07-09 19:40:00+00:00,555.85,555.85,555.86,202,200,555.8550248756219,1.0438214673887726e-08,0.00014985332561257003
2024-07-09 19:41:00+00:00,555.93,555.93,555.94,610,204,555.9374938574939,7.837508445192718e-09,7.03432387894054e-05
2024-07-09 19:42:00+00:00,555.99,555.97,555.98,302,150,555.9766814159292,5.680995029289506e-09,-2.1638256999967354e-05
2024-07-09 19:43:00+00:00,555.97,555.96,555.97,300,200,555.966,1.0917309867908705e-08,-3.844609190983839e-05
2024-07-09 19:44:00+00:00,555.94,555.93,555.95,633,290,555.943716143012,3.520160831806889e-08,-0.00023312986609858033
2024-07-09 19:45:00+00:00,555.815,555.81,555.82,435,875,555.813320610687,2.3267535387213496e-08,-0.00017797799328211905
2024-07-09 19:46:00+00:00,555.72,555.71,555.72,750,101,555.7188131609871,1.0664807391154264e-08,9.15691427740839e-05
2024-07-09 19:47:00+00:00,555.76,555.73,555.76,386,610,555.741626506024,1.6409973159691986e-08,0.00013308783013621373
2024-07-09 19:48:00+00:00,555.84,555.83,555.85,978,108,555.8480110497238,1.9513998552066453e-08,-4.1083266084540604e-05
2024-07-09 19:49:00+00:00,555.81,555.81,555.83,516,1465,555.8152094901565,1.8338271904705567e-08,0.0002192627441937045
2024-07-09 19:50:00+00:00,555.92,555.91,555.93,130,190,555.9181249999999,5.873822734334188e-08,6.484867449807474e-05
2024-07-09 19:51:00+00:00,555.98,555.97,555.98,220,100,555.9768750000001,2.543457922680622e-08,-2.1733225313957938e-05
2024-07-09 19:52:00+00:00,555.96,555.95,555.96,403,700,555.9536536718043,2.2256064275931178e-08,-0.00014505687394916755
2024-07-09 19:53:00+00:00,555.86,555.86,555.88,910,350,555.8744444444445,1.7022198318767183e-08,4.0346197738960754e-05
2024-07-09 19:54:00+00:00,555.9,555.9,555.91,100,1113,555.9008244023083,1.9823926691898624e-08,-6.944416312093526e-05
2024-07-09 19:55:00+00:00,555.87,555.87,555.88,2500,1226,555.8767096081589,8.400722715806411e-08,-0.0004003205353722006
2024-07-09 19:56:00+00:00,555.64,555.64,555.65,8,558,555.6401413427562,2.3985916483795342e-08,6.0054721946700695e-05
2024-07-09 19:57:00+00:00,555.68,555.67,555.68,1519,1410,555.6751860703312,2.7067975737188292e-08,0.00028297303952840025
2024-07-09 19:58:00+00:00,555.84,555.83,555.84,480,1002,555.8332388663969,1.9215360760087172e-08,7.740861215022043e-05
2024-07-09 19:59:00+00:00,555.88,555.87,555.88,2241,2820,555.8744279786604,2.762027198611428e-07,-0.00010586447477567429
2024-07-09 20:00:00+00:00,555.85,555.85,555.86,500,100,555.8583333333333,8.708500681641248e-08,0.00018025798138454618
2024-07-09 20:01:00+00:00,555.92,555.92,555.93,1500,1,555.9299933377748,2.6662212704280624e-08,-0.00020596427178798393
2024-07-09 20:02:00+00:00,555.8,555.81,555.82,2561,1070,555.8170531534013,1.807404537055835e-08,9.162403707341227e-05
2024-07-09 20:03:00+00:00,555.85,555.84,555.86,370,570,555.8478723404256,9.763460114341789e-09,-0.00012041199880163944
2024-07-09 20:04:00+00:00,555.8,555.78,555.8,311,350,555.7894099848714,9.712644966265174e-09,-1.628301298584045e-05
2024-07-09 20:05:00+00:00,555.76,555.75,555.78,850,1100,555.7630769230769,1.0941540076968291e-08,-7.996801279497312e-05
2024-07-09 20:06:00+00:00,555.72,555.72,555.74,1000,600,555.7325,1.3083622644103677e-08,8.293774563572498e-05
2024-07-09 20:07:00+00:00,555.78,555.77,555.78,1600,116,555.779324009324,7.999741091382807e-09,3.607380940762184e-05
2024-07-09 20:08:00+00:00,555.8,555.78,555.8,500,261,555.7931406044678,5.2197913343678476e-09,-1.5920641579403316e-05
2024-07-09 20:09:00+00:00,555.78,555.77,555.8,2200,500,555.7944444444445,3.555818590415879e-09,3.298682115193685e-05
2024-07-09 20:10:00+00:00,555.82,555.8,555.82,1510,1861,555.8089587659448,5.457675427152988e-09,-2.5114323410346806e-05
2024-07-09 20:11:00+00:00,555.8,555.78,555.81,600,600,555.795,2.0640549896366756e-09,6.308290301215713e-05
2024-07-09 20:12:00+00:00,555.82,555.83,555.84,10,1925,555.8300516795865,8.275660239868101e-10,-3.6111152450057915e-05
2024-07-09 20:13:00+00:00,555.8,555.8,555.81,4756,5,555.8099894980046,4.385742140798428e-09,2.8111292309063174e-05
2024-07-09 20:14:00+00:00,555.81,555.82,555.84,400,1025,555.8256140350877,5.821487116831855e-09,-2.1824990993568605e-05
2024-07-09 20:15:00+00:00,555.8,555.8,555.83,1000,1225,555.8134831460674,1.6500917710268745e-09,6.15372783325796e-05
2024-07-09 20:16:00+00:00,555.84,555.84,555.85,1000,201,555.8483263946711,2.9010539573815934e-10,9.292810620120662e-06
2024-07-09 20:17:00+00:00,555.85,555.85,555.86,779,762,555.8550551589876,5.4033112064470825e-09,1.7255285141404286e-05
2024-07-09 20:18:00+00:00,555.86,555.86,555.88,301,2163,555.8624431818182,8.430090782279264e-09,-5.647179553924797e-05
2024-07-09 20:19:00+00:00,555.8,555.81,555.85,1000,900,555.8310526315789,3.7108044408088896e-09,4.3083898079609995e-05
2024-07-09 20:20:00+00:00,555.8,555.85,555.86,300,300,555.855,6.653699989401973e-09,7.738714604355046e-05
2024-07-09 20:21:00+00:00,555.9,555.91,555.94,300,1125,555.9163157894736,5.4228657708415875e-09,8.575357542373041e-05
2024-07-09 20:22:00+00:00,555.97,555.93,555.97,1000,1550,555.9456862745099,6.804076018105098e-09,7.472741403624639e-05
2024-07-09 20:23:00+00:00,555.99,555.98,555.99,1000,383,555.9872306579898,1.994828568804326e-09,-2.4187814278708863e-05
2024-07-09 20:24:00+00:00,555.96,555.96,555.99,300,353,555.9737825421133,2.4027072303922215e-09,2.44767672770152e-05
2024-07-09 20:25:00+00:00,555.97,555.98,555.99,1000,353,555.9873909830008,1.5783538890182357e-09,4.5984430389722775e-05
2024-07-09 20:26:00+00:00,556.01,555.99,556.02,1630,500,556.012957746479,4.551729451958323e-09,-7.885086059511437e-05
2024-07-09 20:27:00+00:00,555.96,555.96,555.98,804,960,555.9691156462586,8.56553893897657e-10,-1.623281411988753e-05
2024-07-09 20:28:00+00:00,555.97,555.96,555.97,4,437,555.9600907029479,5.205170874604367e-09,-7.566966276384424e-05
2024-07-09 20:29:00+00:00,555.93,555.91,555.94,500,1370,555.9180213903743,2.3889439329613233e-09,1.5242274329141381e-05
2024-07-09 20:30:00+00:00,555.93,555.91,555.93,800,100,555.9277777777777,4.2807409970010804e-09,6.05639223487664e-05
2024-07-09 20:31:00+00:00,555.93,555.94,555.97,301,1100,555.9464453961457,1.2967706379123366e-09,-2.7021772766588903e-05
2024-07-09 20:32:00+00:00,555.94,555.94,555.96,301,870,555.9451409052092,4.312200345145517e-10,3.5982575341542145e-06
2024-07-09 20:33:00+00:00,555.94,555.94,555.96,336,605,555.9471413390011,2.2542998915589416e-10,4.9054691420025165e-08
2024-07-09 20:34:00+00:00,555.94,555.94,555.96,338,605,555.9471686108166,2.3980294786004265e-09,4.331596695350548e-05
2024-07-09 20:35:00+00:00,555.96,555.96,555.99,300,500,555.97125,3.457201911529147e-09,1.7121803994823992e-05
2024-07-09 20:36:00+00:00,555.96,555.95,555.99,1900,570,555.9807692307693,2.1604802753294003e-09,-4.724490955676508e-05
2024-07-09 20:37:00+00:00,555.96,555.95,555.96,800,977,555.9545019696117,1.1133712511190094e-13,-3.336721821067812e-07
2024-07-09 20:38:00+00:00,555.95,555.95,555.96,742,977,555.9543164630599,2.3855584886448576e-09,-7.753770603802224e-06
2024-07-09 20:39:00+00:00,555.96,555.95,555.96,1,1747,555.9500057208238,2.769092942968154e-10,9.127546545251164e-07
2024-07-09 20:40:00+00:00,555.96,555.92,555.96,1,562,555.9200710479573,5.388887489568052e-09,-6.370599763494411e-06
2024-07-09 20:41:00+00:00,555.96,555.94,555.96,305,570,555.9469714285715,4.641396106872584e-10,-2.1429684048723807e-05
2024-07-09 20:42:00+00:00,555.94,555.93,555.94,307,300,555.935057660626,4.335634713750741e-10,2.1335690436385946e-05
2024-07-09 20:43:00+00:00,555.94,555.94,555.96,320,605,555.946918918919,2.750703942694186e-10,1.408881566522524e-06
2024-07-09 20:44:00+00:00,555.93,555.93,555.96,300,479,555.9415532734274,2.239992397853972e-09,5.562609018072706e-06
2024-07-09 20:45:00+00:00,555.93,555.95,555.97,36,870,555.9507947019868,1.2659343580320351e-09,1.4775241083508917e-05
2024-07-09 20:46:00+00:00,555.95,555.94,555.96,300,33,555.958018018018,1.6448090149120284e-09,-5.210680821821079e-06
2024-07-09 20:47:00+00:00,555.95,555.94,555.96,2300,555,555.9561120840631,1.0977517730084523e-09,5.369377356068128e-06
2024-07-09 20:48:00+00:00,555.94,555.94,555.96,1100,52,555.9590972222222,4.60653960326245e-09,-0.00010626388231782524
2024-07-09 20:49:00+00:00,555.91,555.9,555.92,1,1060,555.9000188501415,1.2864887290338633e-09,1.485751983065775e-05
2024-07-09 20:50:00+00:00,555.9,555.91,555.92,300,100,555.9175,3.185894282258193e-10,2.011548743530156e-05
2024-07-09 20:51:00+00:00,555.92,555.91,555.92,3402,194,555.9194605116796,5.33537541525104e-10,2.19566967052387e-05
2024-07-09 20:52:00+00:00,555.92,555.91,555.95,1300,1100,555.9316666666666,4.067792160002534e-10,1.3931744679673841e-05
2024-07-09 20:53:00+00:00,555.92,555.92,555.95,550,300,555.9394117647059,1.4169426596739503e-12,-1.190354006030958e-06
2024-07-09 20:54:00+00:00,555.92,555.92,555.95,500,300,555.93875,2.1114253563030304e-09,-5.69748525390823e-05
2024-07-09 20:55:00+00:00,555.93,555.9,555.91,300,124,555.907075471698,1.5465632806395757e-10,1.8752285700252003e-05
2024-07-09 20:56:00+00:00,555.91,555.91,555.93,300,500,555.9175,2.751931181679103e-09,-4.272216650857974e-05
2024-07-09 20:57:00+00:00,555.91,555.89,555.9,300,500,555.89375,1.231679683066175e-09,-3.442135369324806e-05
2024-07-09 20:58:00+00:00,555.88,555.87,555.89,300,1000,555.8746153846154,1.619218922793654e-08,-4.001209260851013e-05
2024-07-09 20:59:00+00:00,555.85,555.84,555.87,351,500,555.8523736780259,2.1461478068953898e-08,2.801378241956698e-05
2024-07-09 21:00:00+00:00,555.88,555.84,555.88,51,22,555.8679452054795,2.680164152278957e-11,-3.562524545475121e-06
2024-07-09 21:01:00+00:00,555.88,555.84,555.88,37,20,555.8659649122807,1.1959749576885509e-08,-9.699748290237231e-06
2024-07-09 21:02:00+00:00,555.88,555.82,555.87,4304,1000,555.8605731523379,4.961516846731654e-10,0.0
2024-07-09 21:03:00+00:00,555.88,555.82,555.87,4304,1000,555.8605731523379,1.5006698762227925e-09,-5.407616865482634e-05
2024-07-09 21:04:00+00:00,555.83,555.83,555.87,13,998,555.8305143422356,5.5988807582641895e-14,-1.898729942162447e-07
2024-07-09 21:05:00+00:00,555.86,555.83,555.86,13,941,555.8304088050315,2.0206408285221796e-11,4.495153866690416e-06
2024-07-09 21:06:00+00:00,555.86,555.83,555.9,13,300,555.8329073482429,1.360329756197273e-08,7.902083227473433e-05
2024-07-09 21:07:00+00:00,555.83,555.82,555.89,4315,1000,555.8768297271872,3.291869932531436e-13,-5.692740056018053e-07
2024-07-09 21:08:00+00:00,555.83,555.82,555.89,4316,1030,555.8765132809577,0.0,0.0
2024-07-09 21:09:00+00:00,555.83,555.82,555.89,4316,1030,555.8765132809577,3.594289828088949e-09,-2.856863234856899e-05
2024-07-09 21:10:00+00:00,555.83,555.82,555.87,4316,995,555.8606326492186,2.958542061417681e-09,-5.43924816626129e-05
2024-07-09 21:11:00+00:00,555.83,555.83,555.87,10,995,555.8303980099503,4.9851208128841405e-09,3.972245998218327e-05
2024-07-09 21:12:00+00:00,555.83,555.82,555.86,4317,1000,555.8524769606921,0.0,0.0
2024-07-09 21:13:00+00:00,555.83,555.82,555.86,4317,1000,555.8524769606921,6.271480564304236e-10,-3.494832539163717e-05
2024-07-09 21:14:00+00:00,555.83,555.83,555.85,180,1000,555.8330508474576,4.557576089599792e-10,4.8400588310570924e-06
2024-07-09 21:15:00+00:00,555.84,555.82,555.84,4317,1168,555.835741112124,1.1694182401824569e-17,5.583628226446535e-09
2024-07-09 21:16:00+00:00,555.84,555.82,555.84,4321,1168,555.8357442157042,1.8234625484416518e-10,-1.2302818684806205e-05
2024-07-09 21:17:00+00:00,555.83,555.82,555.83,4021,494,555.8289058693246,8.499471959235968e-12,-2.671618443805812e-06
2024-07-09 21:18:00+00:00,555.83,555.82,555.83,4021,1394,555.8274256694368,1.0993042683091113e-12,-1.0237219199016323e-06
2024-07-09 21:19:00+00:00,555.83,555.82,555.83,3021,1388,555.8268518938536,4.621631073896184e-12,-3.025714955029457e-06
2024-07-09 21:20:00+00:00,555.82,555.82,555.83,2021,1888,555.8251701202354,6.851502849200068e-11,-9.20691158201592e-06
2024-07-09 21:21:00+00:00,555.82,555.82,555.83,10,1888,555.820052687039,2.472582546687282e-10,-1.547941746404824e-05
2024-07-09 21:22:00+00:00,555.83,555.81,555.83,117,1498,555.8114489164086,2.458685938750951e-10,1.568019750752825e-05
2024-07-09 21:23:00+00:00,555.83,555.82,555.83,25,1498,555.8201641497046,4.84037319262792e-10,-1.80536092770911e-05
2024-07-09 21:24:00+00:00,555.81,555.81,555.83,9,1380,555.8101295896328,1.3399671674017364e-10,-8.714385957286908e-08
2024-07-09 21:25:00+00:00,555.82,555.81,555.82,9,1100,555.8100811541929,8.128598280867212e-10,1.3395472766575267e-06
2024-07-09 21:26:00+00:00,555.82,555.8,555.82,118,206,555.8072839506173,1.0011723132796933e-09,-3.736502357543081e-05
2024-07-09 21:27:00+00:00,555.8,555.79,555.8,1,172,555.7900578034681,1.0526537454287963e-13,4.0045761973139804e-07
2024-07-09 21:28:00+00:00,555.8,555.79,555.82,1,106,555.7902803738317,2.36668291205908e-13,-4.859299992387989e-07
2024-07-09 21:29:00+00:00,555.8,555.79,555.8,1,970,555.7900102986612,3.237321582247896e-10,-1.799018415327147e-05
2024-07-09 21:30:00+00:00,555.79,555.78,555.79,1,865,555.7800115473441,3.2158945524011164e-10,-1.792226552543852e-05
2024-07-09 21:31:00+00:00,555.78,555.77,555.78,4,785,555.7700506970849,1.0350103516613349e-14,1.0173545850200583e-07
2024-07-09 21:32:00+00:00,555.78,555.77,555.78,4,369,555.7701072386059,1.6768740963576367e-14,-9.40920541481205e-08
2024-07-09 21:33:00+00:00,555.79,555.77,555.79,4,1452,555.7700549450549,1.6129133383208738e-09,2.2706285517593017e-05
2024-07-09 21:34:00+00:00,555.76,555.76,555.82,65,107,555.7826744186046,9.034887230052658e-09,-3.6165869091608904e-05
2024-07-09 21:35:00+00:00,555.8,555.76,555.8,63,916,555.7625740551582,4.122698056494402e-12,2.5543384238879696e-06
2024-07-09 21:36:00+00:00,555.8,555.76,555.8,63,568,555.7639936608557,3.032598765988471e-10,1.0814667020131452e-05
2024-07-09 21:37:00+00:00,555.78,555.77,555.78,1,2460,555.7700040633889,2.2154286284559594e-22,1.4884316001939624e-11
2024-07-09 21:38:00+00:00,555.78,555.77,555.78,1,2455,555.7700040716612,2.610659713387757e-10,-1.578764261145338e-05
2024-07-09 21:39:00+00:00,555.77,555.76,555.77,114,813,555.7612297734628,7.995582227471675e-10,-8.031891235438238e-07
2024-07-09 21:40:00+00:00,555.77,555.76,555.78,100,2453,555.7607833920878,5.259228602776848e-10,-1.246305977087303e-06
2024-07-09 21:41:00+00:00,555.76,555.76,555.77,10,1092,555.7600907441016,2.816696793267146e-10,-1.669773243051509e-05
2024-07-09 21:42:00+00:00,555.76,555.75,555.76,87,986,555.7508108108108,3.540400517181201e-10,-1.8710250951681218e-05
2024-07-09 21:43:00+00:00,555.75,555.74,555.76,21,997,555.7404125736739,9.169411973789474e-10,-5.339854884967021e-05
2024-07-09 21:44:00+00:00,555.71,555.71,555.76,14,936,555.7107368421053,1.0222830619546138e-10,1.4398854280006645e-06
2024-07-09 21:45:00+00:00,555.76,555.71,555.74,54,1000,555.7115370018975,2.7225347201163544e-10,1.767429410559629e-05
2024-07-09 21:46:00+00:00,555.72,555.72,555.76,32,910,555.7213588110403,5.947665657004991e-13,-7.712111032009972e-07
2024-07-09 21:47:00+00:00,555.72,555.72,555.75,32,1000,555.7209302325581,4.242319127936897e-17,6.513308781208593e-09
2024-07-09 21:48:00+00:00,555.75,555.72,555.75,32,996,555.7209338521401,1.2602053835704528e-12,-1.1377935962286756e-06
2024-07-09 21:49:00+00:00,555.73,555.72,555.73,31,997,555.7203015564203,2.606249951483075e-10,-1.6112372990595425e-05
2024-07-09 21:50:00+00:00,555.72,555.71,555.72,145,931,555.7113475836431,3.327265977454066e-15,5.7682458143304416e-08
2024-07-09 21:51:00+00:00,555.72,555.71,555.72,145,906,555.7113796384397,5.642729076003336e-10,-7.106418296043415e-07
2024-07-09 21:52:00+00:00,555.71,555.71,555.78,35,2453,555.7109847266881,2.5592042550096723e-09,-5.417377399352663e-05
2024-07-09 21:53:00+00:00,555.78,555.68,555.78,15,1690,555.6808797653958,6.255300279621646e-09,-9.199795170111713e-07
2024-07-09 21:54:00+00:00,555.7,555.68,555.7,15,799,555.6803685503685,4.109787620063363e-10,1.739270183342967e-05
2024-07-09 21:55:00+00:00,555.7,555.69,555.7,1,49,555.6902,2.0745107459442604e-13,-4.186297852815102e-08
2024-07-09 21:56:00+00:00,555.7,555.69,555.7,1,992,555.6900100704935,3.1490318902411326e-10,-1.7713171828415142e-05
2024-07-09 21:57:00+00:00,555.69,555.68,555.69,15,883,555.6801670378618,1.5899503421094965e-10,3.830209257094097e-06
2024-07-09 21:58:00+00:00,555.7,555.68,555.7,115,387,555.6845816733068,7.375594655778452e-10,-2.0871161199087496e-05
2024-07-09 21:59:00+00:00,555.7,555.67,555.7,5,210,555.6706976744186,2.6901875456893356e-11,6.683977223698179e-06
2024-07-09 22:00:00+00:00,555.7,555.67,555.7,5,29,555.6744117647058,1.872399318204978e-07,0.0002470059787798018
2024-07-09 22:01:00+00:00,555.93,555.8,555.87,100,500,555.8116666666666,6.920468082197906e-09,0.00010195299966730964
2024-07-09 22:02:00+00:00,555.85,555.8,555.82,1300,100,555.8185714285715,3.449712144934233e-08,2.902983334385212e-06
2024-07-09 22:03:00+00:00,555.82,555.8,555.87,1320,1,555.8699470098411,1.3988630455946938e-08,-7.629135062836578e-05
2024-07-09 22:04:00+00:00,555.86,555.8,555.84,221,100,555.82753894081,1.505496634216653e-10,-4.906037473495495e-06
2024-07-09 22:05:00+00:00,555.8,555.8,555.83,220,46,555.8248120300751,2.812681340639696e-09,1.617557660571478e-05
2024-07-09 22:06:00+00:00,555.84,555.8,555.84,600,110,555.8338028169014,4.119202466517717e-09,0.00010061804903704896
2024-07-09 22:07:00+00:00,555.87,555.87,555.89,73,1,555.8897297297298,6.9429729284176445e-09,-7.570327109063246e-05
2024-07-09 22:08:00+00:00,555.87,555.83,555.88,600,1100,555.8476470588236,5.800732215862854e-09,7.616253813957918e-05
2024-07-09 22:09:00+00:00,555.87,555.85,555.89,2200,1,555.8899818264425,1.1155639943119736e-08,-3.4381373742897736e-05
2024-07-09 22:10:00+00:00,555.86,555.87,555.89,50,1100,555.8708695652174,9.624036132866484e-09,-3.215756301766515e-05
2024-07-09 22:11:00+00:00,555.85,555.85,555.89,89,1100,555.8529941126997,1.7446255160780314e-09,1.3598690811189584e-06
2024-07-09 22:12:00+00:00,555.86,555.85,555.86,27,45,555.85375,3.8474081375454265e-12,2.418513183721771e-06
2024-07-09 22:13:00+00:00,555.86,555.85,555.86,27,26,555.8550943396226,6.062859229723055e-09,-3.8887974533552416e-05
2024-07-09 22:14:00+00:00,555.84,555.81,555.84,90,25,555.8334782608696,9.77323865382732e-10,-3.126217947269083e-05
2024-07-09 22:15:00+00:00,555.84,555.81,555.85,90,500,555.8161016949152,2.2568733059815903e-10,1.6794307806211606e-05
2024-07-09 22:16:00+00:00,555.83,555.81,555.83,115,34,555.8254362416108,5.376786977919621e-11,6.583907161461511e-06
2024-07-09 22:17:00+00:00,555.81,555.82,555.83,342,34,555.8290957446809,2.2217954009871016e-09,5.2250868862735445e-06
2024-07-09 22:18:00+00:00,555.83,555.82,555.85,342,513,555.8320000000001,2.1471318082296088e-10,1.4065728166423597e-05
2024-07-09 22:19:00+00:00,555.82,555.82,555.84,327,3,555.8398181818183,3.408737609776761e-10,2.4062859578011242e-05
2024-07-09 22:20:00+00:00,555.85,555.85,555.87,95,500,555.853193277311,3.300297272821513e-11,5.744821383490972e-06
2024-07-09 22:21:00+00:00,555.85,555.85,555.89,95,500,555.8563865546218,4.341498154770952e-11,-6.5890045946037645e-06
2024-07-09 22:22:00+00:00,555.85,555.85,555.89,95,1300,555.8527240143369,4.2162956656823244e-11,6.49330090607414e-06
2024-07-09 22:23:00+00:00,555.85,555.85,555.86,95,55,555.8563333333334,7.978534665679789e-14,3.928907372774404e-07
2024-07-09 22:24:00+00:00,555.86,555.85,555.86,95,50,555.8565517241381,7.274374179393418e-09,5.818642127364271e-05
2024-07-09 22:25:00+00:00,555.86,555.87,555.89,342,20,555.8888950276244,6.253656733244009e-12,-1.3804342140488757e-06
2024-07-09 22:26:00+00:00,555.89,555.85,555.89,896,44,555.8881276595745,8.248787391180577e-10,-2.8720702274109833e-05
2024-07-09 22:27:00+00:00,555.89,555.86,555.89,30,44,555.8721621621622,9.350058342205012e-10,3.0080575821322952e-05
2024-07-09 22:28:00+00:00,555.89,555.88,555.89,342,43,555.8888831168831,7.608920902707734e-10,-2.9779961900011642e-05
2024-07-09 22:29:00+00:00,555.88,555.86,555.89,30,43,555.8723287671232,5.800122932011592e-10,-1.655733996275277e-05
2024-07-09 22:30:00+00:00,555.86,555.86,555.89,5,43,555.863125,1.1606023267686544e-08,4.693574678560353e-05
2024-07-09 22:31:00+00:00,555.86,555.86,555.89,1600,43,555.8892148508825,8.186787327768251e-12,-2.8612562499308325e-06
2024-07-09 22:32:00+00:00,555.86,555.86,555.89,500,43,555.8876243093922,5.473540217829096e-09,5.8062210409826065e-05
2024-07-09 22:33:00+00:00,555.9,555.88,555.92,801,2,555.919900373599,2.0495260749844474e-09,-3.6455918862698944e-05
2024-07-09 22:34:00+00:00,555.9,555.89,555.9,342,13,555.8996338028169,2.491529285630728e-09,4.424914093359433e-05
2024-07-09 22:35:00+00:00,555.91,555.91,555.93,491,199,555.9242318840579,1.5334498581569995e-10,-3.0646691762115097e-06
2024-07-09 22:36:00+00:00,555.92,555.9,555.93,600,199,555.9225281602002,2.5145978242565327e-09,2.918722049960465e-05
2024-07-09 22:37:00+00:00,555.93,555.91,555.94,600,26,555.9387539936102,1.6547660344429595e-09,5.61241882295338e-05
2024-07-09 22:38:00+00:00,555.96,555.93,555.97,900,1,555.9699556048835,5.810172317939651e-09,-3.389951943899572e-05
2024-07-09 22:39:00+00:00,555.93,555.93,555.97,895,801,555.951108490566,4.838852060239651e-11,6.355918469536093e-06
2024-07-09 22:40:00+00:00,555.93,555.93,555.98,895,921,555.9546420704846,9.268912495261941e-10,4.075686371329823e-05
2024-07-09 22:41:00+00:00,555.98,555.96,555.98,500,78,555.9773010380623,5.863483929220877e-09,3.9081555335940266e-05
2024-07-09 22:42:00+00:00,556.01,555.97,556.01,1,1100,555.9700363306085,2.721550129319737e-09,-5.147730649623927e-05
2024-07-09 22:43:00+00:00,555.99,555.97,555.99,1,48,555.9704081632653,1.0338280289777769e-09,3.404815704421971e-05
2024-07-09 22:44:00+00:00,555.99,555.97,555.99,1402,48,555.9893379310345,2.2028644571039956e-09,-3.1064200578523327e-07
2024-07-09 22:45:00+00:00,555.99,555.97,555.99,1102,46,555.9891986062718,6.243964947330359e-10,-3.414524374334427e-05
2024-07-09 22:46:00+00:00,555.99,555.97,556.02,2,551,555.9701808318264,1.0596763541454761e-09,3.052351710519652e-05
2024-07-09 22:47:00+00:00,555.99,555.97,555.99,602,100,555.9871509971509,1.0589274908112279e-08,3.507188548090845e-05
2024-07-09 22:48:00+00:00,556.0,555.97,556.01,1,1100,555.9700363306085,4.660368149151461e-09,-8.380487595860409e-05
2024-07-09 22:49:00+00:00,556.0,555.96,555.99,2,1100,555.960054446461,8.433249209158512e-10,2.9226688041061877e-05
2024-07-09 22:50:00+00:00,556.0,555.96,556.0,344,500,555.9763033175356,4.4212236009058576e-09,-1.7307873927729922e-05
2024-07-09 22:51:00+00:00,555.96,555.95,556.0,801,1600,555.9666805497709,6.711342111232371e-09,-2.9953776722768666e-05
2024-07-09 22:52:00+00:00,555.98,555.95,555.98,1,1100,555.9500272479564,1.9648856724754986e-09,8.572427079300837e-08
2024-07-09 22:53:00+00:00,555.98,555.95,556.01,1,800,555.9500749063671,5.23979782689367e-10,-2.267512004572314e-05
2024-07-09 22:54:00+00:00,555.94,555.93,555.95,298,500,555.9374686716792,0.0,0.0
2024-07-09 22:55:00+00:00,555.94,555.93,555.97,298,500,555.9449373433584,3.3533585124690794e-09,2.3387372301231224e-05
2024-07-09 22:56:00+00:00,555.94,555.95,555.99,25,2100,555.9504705882352,3.9666596583138036e-13,3.5269046749775157e-07
2024-07-09 22:57:00+00:00,555.94,555.95,555.98,25,1100,555.9506666666666,0.0,0.0
2024-07-09 22:58:00+00:00,555.94,555.95,555.98,25,1100,555.9506666666666,8.629731001212542e-10,1.979831613185823e-05
2024-07-09 22:59:00+00:00,555.94,555.94,556.0,1100,1325,555.9672164948454,1.2610068674926082e-09,9.97000582958485e-06
2024-07-09 23:00:00+00:00,555.94,555.94,556.0,1100,1325,555.9672164948454,3.959790931564588e-09,7.014280020567476e-05
2024-07-09 23:01:00+00:00,556.0,556.0,556.02,192,426,556.0062135922329,1.4524530256094708e-10,5.4010145129623766e-06
2024-07-09 23:02:00+00:00,556.02,556.0,556.02,200,234,556.0092165898618,2.29667552254411e-10,1.5143803718364879e-05
2024-07-09 23:03:00+00:00,556.02,556.0,556.02,1000,134,556.0176366843034,8.023840793053246e-09,0.00012838248075275338
2024-07-09 23:04:00+00:00,556.06,556.04,556.09,50,1,556.0890196078432,2.5106798373019076e-13,5.01066845570719e-07
2024-07-09 23:05:00+00:00,556.06,556.05,556.09,56,1,556.089298245614,1.6692022614995817e-10,1.346450776029684e-05
2024-07-09 23:06:00+00:00,556.09,556.07,556.1,50,6,556.0967857142857,6.23894475366271e-09,-3.2011740789927856e-05
2024-07-09 23:07:00+00:00,556.06,556.06,556.09,1034,600,556.0789840881273,2.197560440487254e-12,1.4824170939675696e-06
2024-07-09 23:08:00+00:00,556.06,556.06,556.08,1034,10,556.0798084291189,3.140865326783046e-10,-1.7666151428286092e-05
2024-07-09 23:09:00+00:00,556.08,556.05,556.07,1301,1,556.069984639017,6.459819243475865e-09,-1.7989961419218048e-05
2024-07-09 23:10:00+00:00,556.05,556.02,556.06,2100,1,556.059980961447,2.3222589304263543e-10,-7.335010515974183e-06
2024-07-09 23:11:00+00:00,556.06,556.02,556.07,2101,825,556.0559022556391,1.0429237358967264e-09,-5.4976135401840764e-06
2024-07-09 23:12:00+00:00,556.05,556.03,556.07,1100,826,556.0528452751818,2.3005978176405896e-09,3.065523495737743e-05
2024-07-09 23:13:00+00:00,556.07,556.03,556.07,1100,3,556.0698912058024,1.6725211337532274e-09,-5.375440439259194e-05
2024-07-09 23:14:00+00:00,556.05,556.03,556.05,1,1,556.04,3.813955658059357e-09,-1.769162534381863e-05
2024-07-09 23:15:00+00:00,556.05,556.03,556.06,6,1100,556.0301627486438,6.99106193657069e-20,-2.644061636303263e-10
2024-07-09 23:16:00+00:00,556.05,556.03,556.06,6,1101,556.030162601626,2.86332655640923e-09,5.3706156793342785e-05
2024-07-09 23:17:00+00:00,556.06,556.03,556.07,6,803,556.0302966625463,5.107381111982853e-09,-6.0392365998085396e-06
2024-07-09 23:18:00+00:00,556.06,556.03,556.07,6,3,556.0566666666667,2.7978829421544417e-09,-4.724685701940068e-05
2024-07-09 23:19:00+00:00,556.07,556.03,556.07,6,602,556.030394736842,1.6270201222960792e-13,-4.0336337492341556e-07
2024-07-09 23:20:00+00:00,556.07,556.03,556.07,6,1402,556.0301704545454,1.4493505348921598e-09,3.5713953195681825e-05
2024-07-09 23:21:00+00:00,556.05,556.05,556.07,2,1402,556.0500284900285,1.4471802759444e-09,-3.508498967608187e-05
2024-07-09 23:22:00+00:00,556.05,556.03,556.05,6,25,556.0338709677419,3.836566953460921e-11,4.2041978913776035e-06
2024-07-09 23:23:00+00:00,556.05,556.03,556.05,4,24,556.0328571428571,1.130236959650225e-12,1.0631260318749725e-06
2024-07-09 23:24:00+00:00,556.05,556.03,556.05,5,24,556.033448275862,2.7619841278886442e-09,4.665308964746373e-05
2024-07-09 23:25:00+00:00,556.05,556.04,556.07,1100,602,556.0593889541715,1.4901205964857096e-10,-1.2161815229894124e-05
2024-07-09 23:26:00+00:00,556.05,556.05,556.07,91,602,556.0526262626262,2.0386493086432285e-15,-4.5151404282073315e-08
2024-07-09 23:27:00+00:00,556.05,556.05,556.07,90,602,556.0526011560693,2.5678040517264657e-11,-3.3177680393015052e-06
2024-07-09 23:28:00+00:00,556.07,556.05,556.06,90,1100,556.050756302521,5.123958932189288e-10,8.160382063415739e-07
2024-07-09 23:29:00+00:00,556.05,556.05,556.07,89,1382,556.0512100611828,1.3969526745163974e-09,1.2537976489923608e-05
2024-07-09 23:30:00+00:00,556.07,556.04,556.06,10,1,556.0581818181818,9.54022067693646e-10,-3.088724765487605e-05
2024-07-09 23:31:00+00:00,556.07,556.04,556.07,10,288,556.0410067114094,7.149395297825931e-10,-1.7388479632840514e-06
2024-07-09 23:32:00+00:00,556.04,556.04,556.05,2,500,556.0400398406374,2.5997587409927415e-09,-3.7743040365301184e-06
2024-07-09 23:33:00+00:00,556.03,556.02,556.06,1,500,556.0200798403193,1.9375126310556795e-09,-2.1164741483836735e-06
2024-07-09 23:34:00+00:00,556.03,556.02,556.07,801,1588,556.0367643365425,2.90357900436316e-09,4.4845868548915035e-05
2024-07-09 23:35:00+00:00,556.03,556.03,556.07,1100,288,556.0617002881844,1.6715240307936312e-09,-4.177572523578199e-05
2024-07-09 23:36:00+00:00,556.06,556.02,556.05,801,500,556.038470407379,2.529284163826973e-13,-5.02919890621456e-07
2024-07-09 23:37:00+00:00,556.06,556.02,556.05,801,520,556.0381907645723,8.282774146334939e-10,2.6376566445218685e-05
2024-07-09 23:38:00+00:00,556.05,556.05,556.06,20,50,556.0528571428571,4.071923348220151e-09,9.979260760628605e-06
2024-07-09 23:39:00+00:00,556.06,556.03,556.06,802,45,556.0584061393151,1.0145071370806101e-10,1.1419753144670253e-05
2024-07-09 23:40:00+00:00,556.07,556.04,556.07,1100,233,556.0647561890472,5.709445096044581e-09,-9.370733253355468e-06
2024-07-09 23:41:00+00:00,556.07,556.03,556.06,65,1,556.0595454545454,1.613447129333473e-09,1.800381952388186e-05
2024-07-09 23:42:00+00:00,556.07,556.04,556.07,1600,24,556.0695566502463,2.8332901118078795e-10,1.8378291307685757e-05
2024-07-09 23:43:00+00:00,556.07,556.04,556.08,1600,9,556.0797762585457,1.6580489541981425e-10,1.8277703395686018e-05
2024-07-09 23:44:00+00:00,556.08,556.06,556.09,500,1,556.0899401197605,6.489894109073749e-09,-6.283177817067997e-05
2024-07-09 23:45:00+00:00,556.06,556.04,556.07,500,500,556.055,4.655035023644499e-10,-6.796706662037799e-06
2024-07-09 23:46:00+00:00,556.06,556.03,556.07,565,500,556.051220657277,4.715257472416448e-10,3.3100677498953957e-06
2024-07-09 23:47:00+00:00,556.07,556.05,556.07,90,498,556.0530612244897,1.7338722504638694e-11,-4.145147521783521e-06
2024-07-09 23:48:00+00:00,556.07,556.05,556.06,90,1100,556.050756302521,1.884843073757221e-11,1.3831852563317426e-06
2024-07-09 23:49:00+00:00,556.06,556.05,556.06,90,397,556.0518480492813,1.2061223039565206e-08,-8.605815377982218e-06
2024-07-09 23:50:00+00:00,556.01,556.01,556.06,1100,397,556.0467401469605,5.525483270970311e-10,1.770230315667476e-07
2024-07-09 23:51:00+00:00,556.06,556.01,556.06,1100,393,556.0468385800401,3.252476653266299e-09,-4.931577373967766e-05
2024-07-09 23:52:00+00:00,556.06,556.0,556.06,810,1693,556.0194166999601,2.0669944008668993e-11,1.3957195399427746e-08
2024-07-09 23:53:00+00:00,556.06,556.0,556.06,810,1692,556.0194244604317,3.5989072174426813e-09,1.4616282864032826e-06
2024-07-09 23:54:00+00:00,556.06,556.02,556.04,6,500,556.0202371541502,5.512083935493621e-10,2.843471446301038e-06
2024-07-09 23:55:00+00:00,556.02,556.02,556.04,50,500,556.0218181818182,1.069278794854346e-13,3.269982866704879e-07
2024-07-09 23:56:00+00:00,556.04,556.02,556.04,50,450,556.022,5.7057940069098605e-12,-5.994966627564935e-07
2024-07-09 23:57:00+00:00,556.04,556.02,556.03,100,500,556.0216666666666,2.2793137772506216e-12,-2.1147901082541054e-06
2024-07-09 23:58:00+00:00,556.03,556.0,556.03,1002,465,556.020490797546,1.1302516950639145e-09,-1.6954353148523893e-05
2024-07-09 23:59:00+00:00,556.02,556.01,556.03,25,445,556.0110638297872,3.414569300027957e-09,1.7620897980963335e-05
