ts_recv,price,bid_px_00,ask_px_00,bid_sz_00,ask_sz_00,weighted_mid,rv_60s,ret_60s
2024-08-14 08:01:00+00:00,541.98,541.98,542.07,400,400,542.025,1.0605239920568005e-07,-8.799193880293377e-05
2024-08-14 08:02:00+00:00,542.01,541.93,541.99,400,400,541.96,7.178750238990361e-08,0.00025507345339481624
2024-08-14 08:03:00+00:00,542.07,542.03,542.1,900,9,542.099306930693,7.399023715919745e-08,4.924351182378217e-06
2024-08-14 08:04:00+00:00,542.08,542.06,542.13,14,400,542.0623671497584,4.0155330652211906e-08,-0.0003836332146853749
2024-08-14 08:05:00+00:00,541.89,541.9,541.97,400,400,541.935,4.381033285355859e-08,0.0002067914435017748
2024-08-14 08:06:00+00:00,542.03,541.97,542.04,400,400,542.005,2.1138937296534593e-08,-3.690002859746411e-05
2024-08-14 08:07:00+00:00,541.95,541.96,542.04,400,800,541.9866666666667,2.3271287882582145e-08,-2.0295764642908054e-05
2024-08-14 08:08:00+00:00,542.0,541.94,542.0,900,2,541.999866962306,3.451446375363821e-08,-0.00022690084574972236
2024-08-14 08:09:00+00:00,541.89,541.81,541.89,400,380,541.8510256410257,1.9724859330974724e-08,-9.416913249427061e-05
2024-08-14 08:10:00+00:00,541.79,541.76,541.83,301,1700,541.7705297351325,2.5132931512281363e-08,-7.998031253841908e-05
2024-08-14 08:11:00+00:00,541.78,541.7,541.77,1700,400,541.7566666666667,4.924051376690458e-08,-6.768106222343473e-05
2024-08-14 08:12:00+00:00,541.74,541.69,541.75,400,400,541.72,8.06678561813039e-08,0.0002307465111126561
2024-08-14 08:13:00+00:00,541.83,541.81,541.88,400,400,541.845,2.350029171284768e-08,9.227731177618992e-06
2024-08-14 08:14:00+00:00,541.83,541.81,541.89,400,400,541.85,5.139676209458083e-08,-0.00019685644858669082
2024-08-14 08:15:00+00:00,541.74,541.73,541.81,400,400,541.77,2.5430830706030893e-08,-0.000262953190134807
2024-08-14 08:16:00+00:00,541.6,541.6,541.64,9,400,541.6008801955991,1.9300945330416397e-08,0.00019224452582755625
2024-08-14 08:17:00+00:00,541.68,541.67,541.73,400,400,541.7,1.7643104866229597e-08,8.307104420302025e-05
2024-08-14 08:18:00+00:00,541.68,541.72,541.78,400,400,541.75,3.1668169995071285e-08,9.229349330874825e-05
2024-08-14 08:19:00+00:00,541.75,541.76,541.83,800,400,541.8066666666666,6.702080913554773e-08,9.228497600544117e-06
2024-08-14 08:20:00+00:00,541.85,541.77,541.84,400,400,541.805,2.388245937686805e-08,-2.7226112311651285e-05
2024-08-14 08:21:00+00:00,541.85,541.79,541.85,302,320,541.8191318327974,2.3332501380185773e-08,0.00022102879122676278
2024-08-14 08:22:00+00:00,541.87,541.88,541.94,400,400,541.91,2.1457302551107705e-08,2.7679873041641656e-05
2024-08-14 08:23:00+00:00,541.96,541.89,541.96,400,343,541.9276850605653,6.794221719592456e-08,0.00023988559302501322
2024-08-14 08:24:00+00:00,542.04,542.01,542.07,1200,400,542.0550000000001,3.833114274704466e-08,-0.00017338740025718558
2024-08-14 08:25:00+00:00,542.0,541.96,541.99,14,400,541.9610144927536,4.701506261085687e-09,7.025674415506167e-05
2024-08-14 08:26:00+00:00,541.97,541.97,542.0,1600,50,541.9990909090909,2.324330654492175e-08,1.6772923134844575e-06
2024-08-14 08:27:00+00:00,542.0,541.97,542.03,400,400,542.0,6.625659171667687e-09,-7.861596591984821e-05
2024-08-14 08:28:00+00:00,541.92,541.92,542.0,351,400,541.9573901464714,3.726285821982111e-08,-7.382149893153667e-05
2024-08-14 08:29:00+00:00,541.89,541.89,541.96,257,400,541.9173820395738,3.061626712401277e-08,2.3742948780380857e-05
2024-08-14 08:30:00+00:00,541.94,541.93,541.98,2,400,541.9302487562188,5.018871589122853e-08,0.0002868736887307044
2024-08-14 08:31:00+00:00,542.08,542.04,542.12,400,800,542.0666666666667,1.806833324047218e-08,4.164333578793311e-05
2024-08-14 08:32:00+00:00,542.08,542.09,542.13,400,7,542.129312039312,2.6941974582245593e-08,0.00018762202867850242
2024-08-14 08:33:00+00:00,542.13,542.15,542.23,1200,400,542.21,3.991071875516371e-09,-4.61075966877722e-05
2024-08-14 08:34:00+00:00,542.13,542.16,542.21,400,400,542.185,2.056510527824626e-08,-0.00010097114913332206
2024-08-14 08:35:00+00:00,542.14,542.13,542.16,12,2200,542.1301627486438,1.8608624263256858e-08,-4.7021080882170274e-05
2024-08-14 08:36:00+00:00,542.09,542.09,542.13,234,400,542.10476340694,4.752908531902701e-08,-9.223586574647058e-05
2024-08-14 08:37:00+00:00,542.06,541.99,542.07,1700,400,542.0547619047619,6.035238006288292e-08,-0.00012598600976521102
2024-08-14 08:38:00+00:00,542.01,541.97,542.03,400,400,542.0,1.174521243736836e-08,0.00014489183038013387
2024-08-14 08:39:00+00:00,542.04,541.99,542.07,400,400,542.03,3.430222342639594e-08,-0.00022105120345916607
2024-08-14 08:40:00+00:00,541.98,541.91,541.98,400,396,541.945175879397,2.292476885596731e-08,0.00021187405241995805
2024-08-14 08:41:00+00:00,542.09,542.04,542.12,400,1200,542.06,2.8695288963657948e-08,-0.00014324439881829854
2024-08-14 08:42:00+00:00,541.99,541.94,542.02,900,800,541.9823529411765,2.0467040423372362e-08,6.33115179931032e-05
2024-08-14 08:43:00+00:00,542.04,541.99,542.07,400,800,542.0166666666667,1.5480829291383298e-08,-3.99741705359169e-05
2024-08-14 08:44:00+00:00,542.06,541.96,542.03,400,400,541.995,2.526744139337309e-08,5.535106412413171e-05
2024-08-14 08:45:00+00:00,542.06,541.99,542.06,400,400,542.025,2.7844246406803038e-08,-1.537444459820403e-05
2024-08-14 08:46:00+00:00,542.05,541.99,542.07,400,800,542.0166666666667,1.4786576202332518e-08,0.00015374680975366317
2024-08-14 08:47:00+00:00,542.04,542.06,542.14,400,400,542.1,1.725716414499238e-08,2.7670171555138623e-05
2024-08-14 08:48:00+00:00,542.04,542.08,542.15,400,400,542.115,1.589240605015752e-08,-0.00015064454343949318
2024-08-14 08:49:00+00:00,541.99,542.01,542.08,400,800,542.0333333333333,5.339868757117418e-09,8.554757449830142e-05
2024-08-14 08:50:00+00:00,541.99,542.05,542.08,100,1,542.0797029702971,6.247829184713069e-09,8.356156752342692e-05
2024-08-14 08:51:00+00:00,542.08,542.09,542.16,400,400,542.125,1.2440946900134369e-08,-2.4734315718921707e-05
2024-08-14 08:52:00+00:00,542.08,542.09,542.14,304,400,542.1115909090909,5.7716306982099945e-09,-0.0001345188770117689
2024-08-14 08:53:00+00:00,542.05,542.02,542.09,400,1100,542.0386666666667,8.638710276842768e-09,0.00010243063998149893
2024-08-14 08:54:00+00:00,542.05,542.06,542.12,400,302,542.094188034188,6.284397963386966e-09,1.417025072392164e-06
2024-08-14 08:55:00+00:00,542.12,542.06,542.13,399,400,542.0949561952441,1.3384274497654651e-08,-0.00012190270820866544
2024-08-14 08:56:00+00:00,542.04,542.0,542.09,803,1700,542.0288733519776,1.5963077651625838e-08,0.00018533454170999164
2024-08-14 08:57:00+00:00,542.02,542.04,542.13,400,3,542.1293300248138,3.606213606109935e-08,2.8904496248927103e-05
2024-08-14 08:58:00+00:00,542.13,542.11,542.18,400,400,542.145,3.5566517106643047e-09,5.405482953024787e-05
2024-08-14 08:59:00+00:00,542.22,542.15,542.22,400,752,542.1743055555556,2.167505270770884e-08,-4.482978132047677e-05
2024-08-14 09:00:00+00:00,542.18,542.11,542.19,400,400,542.15,2.5444680834840756e-08,4.192063585217731e-05
2024-08-14 09:01:00+00:00,542.14,542.16,542.23,400,1800,542.1727272727272,1.1404828072918358e-08,-3.0852294639394096e-05
2024-08-14 09:02:00+00:00,542.15,542.11,542.16,400,500,542.1322222222223,6.509454409815741e-09,4.002097686583994e-06
2024-08-14 09:03:00+00:00,542.13,542.13,542.21,354,400,542.1675596816976,2.579230816016711e-08,-4.581029914363377e-05
2024-08-14 09:04:00+00:00,542.1,542.11,542.18,400,900,542.1315384615384,6.487717031931058e-09,-5.227996961942871e-05
2024-08-14 09:05:00+00:00,542.1,542.1,542.12,133,400,542.104990619137,3.4553941112830285e-08,2.877231611408959e-05
2024-08-14 09:06:00+00:00,542.15,542.1,542.17,500,1200,542.1205882352941,1.7214616810768875e-08,-1.0850635575598844e-06
2024-08-14 09:07:00+00:00,542.13,542.1,542.16,100,400,542.112,7.89042252526396e-09,-6.456135173016353e-05
2024-08-14 09:08:00+00:00,542.16,542.06,542.11,400,400,542.085,1.0218688343460826e-08,3.153199822114594e-05
2024-08-14 09:09:00+00:00,542.1,542.06,542.11,400,400,542.085,1.4904469702696905e-08,6.247839423445534e-05
2024-08-14 09:10:00+00:00,542.05,542.08,542.15,1200,301,542.135962691539,1.4770124677700065e-08,-5.43998283332181e-05
2024-08-14 09:11:00+00:00,542.15,542.09,542.16,400,400,542.125,1.4861719518228824e-09,5.316949893718892e-05
2024-08-14 09:12:00+00:00,542.16,542.1,542.16,500,350,542.135294117647,3.9988489284161246e-09,5.4794223278253895e-05
2024-08-14 09:13:00+00:00,542.13,542.15,542.19,2,400,542.1501990049751,7.5276927655809e-09,-5.462430185521061e-05
2024-08-14 09:14:00+00:00,542.15,542.08,542.16,900,400,542.1353846153846,1.9584330395370563e-08,-0.000139932631658235
2024-08-14 09:15:00+00:00,542.15,542.05,542.11,486,400,542.0829119638826,1.0743258402512935e-08,9.312227464652878e-05
2024-08-14 09:16:00+00:00,542.08,542.07,542.15,400,1200,542.09,9.456471562899161e-09,2.766966113876279e-05
2024-08-14 09:17:00+00:00,542.14,542.09,542.16,400,400,542.125,2.0132730452352e-08,9.222965183353082e-06
2024-08-14 09:18:00+00:00,542.15,542.1,542.16,400,400,542.13,7.492163536737736e-09,5.8175089994172424e-05
2024-08-14 09:19:00+00:00,542.11,542.15,542.18,250,400,542.1615384615385,6.041487950844344e-08,-6.73940494602121e-05
2024-08-14 09:20:00+00:00,542.05,542.09,542.16,400,400,542.125,7.507647376371975e-09,5.846919572505271e-06
2024-08-14 09:21:00+00:00,542.1,542.1,542.16,354,400,542.1281697612733,3.4657312343936495e-08,0.00027084045234415655
2024-08-14 09:22:00+00:00,542.28,542.24,542.31,400,400,542.275,8.645126600052853e-09,-6.700167504192223e-05
2024-08-14 09:23:00+00:00,542.28,542.18,542.26,1100,400,542.2386666666666,2.964094571526882e-09,-1.493546626929465e-05
2024-08-14 09:24:00+00:00,542.28,542.23,542.3,9,1100,542.2305680793507,3.6781499093287266e-08,0.00011698329895692972
2024-08-14 09:25:00+00:00,542.28,542.23,542.31,1600,400,542.294,3.9059876635798045e-08,-0.00025447451013660416
2024-08-14 09:26:00+00:00,542.17,542.15,542.18,100,400,542.156,5.169971044831706e-09,-7.984070817257383e-06
2024-08-14 09:27:00+00:00,542.15,542.13,542.18,306,400,542.1516713881019,4.496766633103161e-09,3.5856613628926226e-05
2024-08-14 09:28:00+00:00,542.18,542.14,542.21,400,500,542.1711111111111,8.507930065802021e-09,6.250589194878309e-05
2024-08-14 09:29:00+00:00,542.18,542.17,542.24,400,400,542.205,3.7585606309198005e-08,-0.00013106383164518398
2024-08-14 09:30:00+00:00,542.16,542.13,542.16,306,2026,542.1339365351629,7.1267116082295246e-09,0.00011724679189684117
2024-08-14 09:31:00+00:00,542.21,542.16,542.21,1200,353,542.1986349001932,9.061631812716883e-09,-3.2276061767255726e-05
2024-08-14 09:32:00+00:00,542.2,542.15,542.21,400,400,542.18,9.853827768840882e-09,-1.1648879474801532e-05
2024-08-14 09:33:00+00:00,542.21,542.17,542.24,50,900,542.1736842105263,1.0895236706820202e-08,0.0001407589333386472
2024-08-14 09:34:00+00:00,542.21,542.22,542.28,400,400,542.25,1.1083149355674028e-08,-8.460016498268441e-05
2024-08-14 09:35:00+00:00,542.2,542.2,542.24,46,400,542.2041255605382,9.687572187811735e-09,3.626331623962642e-05
2024-08-14 09:36:00+00:00,542.2,542.2,542.25,363,400,542.2237876802097,9.722032715065624e-09,-4.2129044872885046e-05
2024-08-14 09:37:00+00:00,542.2,542.2,542.23,13,400,542.2009443099274,6.563044961112901e-09,0.0001273618034001167
2024-08-14 09:38:00+00:00,542.24,542.24,542.3,400,400,542.27,2.6406649660387805e-08,-0.00011064598816079574
2024-08-14 09:39:00+00:00,542.3,542.17,542.25,400,400,542.21,3.774031175101141e-09,-2.2131646410183947e-05
2024-08-14 09:40:00+00:00,542.17,542.19,542.23,100,400,542.198,1.080785096538673e-08,0.0001061522830323458
2024-08-14 09:41:00+00:00,542.23,542.24,542.31,400,1400,542.2555555555556,1.1921513534298726e-08,9.425650062477864e-05
2024-08-14 09:42:00+00:00,542.26,542.25,542.32,1700,400,542.3066666666666,3.7007328109637225e-08,-0.00016264806174570712
2024-08-14 09:43:00+00:00,542.23,542.17,542.24,400,400,542.205,9.443119509870476e-09,2.2629566726273254e-05
2024-08-14 09:44:00+00:00,542.19,542.19,542.26,400,400,542.225,4.702194545841955e-09,5.858814490822262e-05
2024-08-14 09:45:00+00:00,542.19,542.21,542.28,1200,400,542.2625,2.2320385598714933e-08,-0.0001494307101649328
2024-08-14 09:46:00+00:00,542.19,542.16,542.21,301,400,542.1814693295292,2.063036143469555e-08,3.417798563587482e-05
2024-08-14 09:47:00+00:00,542.16,542.17,542.25,1700,830,542.2237549407115,1.5955203633193588e-08,-0.0001281711213989567
2024-08-14 09:48:00+00:00,542.16,542.13,542.16,6,350,542.1305056179775,1.003669077545479e-08,8.379234564581672e-05
2024-08-14 09:49:00+00:00,542.2,542.13,542.19,1306,400,542.1759320046893,7.32789350051109e-09,-2.9294743487007224e-05
2024-08-14 09:50:00+00:00,542.19,542.13,542.19,306,305,542.1600490998364,5.886536697513201e-09,-7.409317073214794e-06
2024-08-14 09:51:00+00:00,542.16,542.14,542.16,400,99,542.1560320641282,1.2416999155283917e-08,7.546958856763375e-05
2024-08-14 09:52:00+00:00,542.2,542.15,542.2,400,26,542.1969483568075,1.6830497226734175e-08,6.0958740717209636e-05
2024-08-14 09:53:00+00:00,542.25,542.19,542.27,400,400,542.23,2.2858003620567538e-08,-4.339378449125242e-06
2024-08-14 09:54:00+00:00,542.2,542.2,542.26,340,400,542.2275675675676,4.68887320142138e-09,-2.639800011638993e-05
2024-08-14 09:55:00+00:00,542.23,542.2,542.24,400,800,542.2133333333334,1.8699345439727796e-08,-9.94471461924773e-05
2024-08-14 09:56:00+00:00,542.19,542.15,542.19,400,1300,542.1594117647059,4.537424685194224e-09,-3.5054006696233486e-05
2024-08-14 09:57:00+00:00,542.19,542.14,542.17,11,800,542.1404069050554,9.585927336610938e-09,-7.45321775332819e-05
2024-08-14 09:58:00+00:00,542.12,542.07,542.13,400,400,542.1,2.373028078572026e-08,2.7670171555138623e-05
2024-08-14 09:59:00+00:00,542.12,542.09,542.14,400,400,542.115,1.1939091431681596e-08,-9.223135312597108e-06
2024-08-14 10:00:00+00:00,542.15,542.09,542.13,400,400,542.11,2.2338540367541586e-08,-4.966349435198136e-05
2024-08-14 10:01:00+00:00,542.06,542.06,542.12,500,800,542.0830769230769,2.3878016468033682e-08,0.00018494657834633443
2024-08-14 10:02:00+00:00,542.17,542.17,542.22,400,1100,542.1833333333333,1.862666696793288e-09,3.283301430734298e-08
2024-08-14 10:03:00+00:00,542.22,542.17,542.22,400,1098,542.1833511348464,1.9460014103895438e-08,0.00026608694728569304
2024-08-14 10:04:00+00:00,542.24,542.28,542.33,500,25,542.327619047619,9.514217298159932e-09,6.237572179101925e-05
2024-08-14 10:05:00+00:00,542.35,542.34,542.38,578,1300,542.352310969116,2.0917118913074064e-08,6.550752666090176e-06
2024-08-14 10:06:00+00:00,542.34,542.34,542.39,400,400,542.365,1.2308676319442922e-08,-7.682403301578766e-05
2024-08-14 10:07:00+00:00,542.38,542.27,542.35,800,1700,542.2956,1.40446513996685e-08,7.99031328173605e-05
2024-08-14 10:08:00+00:00,542.37,542.35,542.4,400,800,542.3666666666667,2.4330425297907e-08,-0.00019052301640964941
2024-08-14 10:09:00+00:00,542.33,542.21,542.29,800,400,542.2633333333333,1.3345455645155205e-08,-1.957087812820557e-05
2024-08-14 10:10:00+00:00,542.29,542.25,542.31,19,400,542.2527207637232,8.584650574881094e-09,9.641120141012927e-05
2024-08-14 10:11:00+00:00,542.28,542.27,542.34,400,400,542.305,2.43567206669144e-09,1.5366506547875858e-05
2024-08-14 10:12:00+00:00,542.26,542.29,542.35,400,400,542.32,5.31052137993315e-09,-4.302555718116441e-05
2024-08-14 10:13:00+00:00,542.27,542.26,542.32,400,400,542.29,3.144731519472081e-08,-6.958029264303445e-05
2024-08-14 10:14:00+00:00,542.27,542.25,542.3,19,400,542.2522673031026,2.1371825308042287e-08,-0.00023367675008023614
2024-08-14 10:15:00+00:00,542.13,542.12,542.17,50,400,542.1255555555556,6.985209880955678e-09,9.500247211358115e-05
2024-08-14 10:16:00+00:00,542.13,542.14,542.21,900,800,542.1770588235294,3.543767503494408e-09,-9.909214955095003e-05
2024-08-14 10:17:00+00:00,542.16,542.12,542.15,50,400,542.1233333333333,6.908327836567609e-09,-6.148662358484991e-06
2024-08-14 10:18:00+00:00,542.12,542.08,542.13,325,400,542.1024137931034,2.341653269605859e-08,-8.116284217518643e-05
2024-08-14 10:19:00+00:00,542.1,542.07,542.11,100,1700,542.0722222222223,1.2453916108395165e-08,4.690960571673841e-05
2024-08-14 10:20:00+00:00,542.15,542.09,542.14,400,400,542.115,1.9677670763146887e-08,-9.47605269321361e-05
2024-08-14 10:21:00+00:00,542.08,542.05,542.09,2,400,542.0501990049751,5.474522691844065e-09,-2.2788024367503823e-06
2024-08-14 10:22:00+00:00,542.07,542.04,542.11,500,1300,542.0594444444445,1.9415963878273142e-08,2.9843198409595928e-05
2024-08-14 10:23:00+00:00,542.1,542.05,542.11,400,1200,542.065,1.1788081944396012e-08,0.0001569464694637368
2024-08-14 10:24:00+00:00,542.18,542.12,542.18,400,398,542.15007518797,7.20138552461195e-09,2.496326239942448e-06
2024-08-14 10:25:00+00:00,542.18,542.14,542.2,400,1700,542.1514285714286,2.3617334874643812e-08,0.00010557584509007789
2024-08-14 10:26:00+00:00,542.18,542.19,542.26,400,1100,542.2086666666668,7.036262653483594e-08,0.00017152068145964705
2024-08-14 10:27:00+00:00,542.32,542.26,542.32,900,396,542.3016666666667,1.1116160167061408e-08,1.5366601000543767e-06
2024-08-14 10:28:00+00:00,542.3,542.26,542.32,400,400,542.29,6.905413437987466e-09,-3.221225978844444e-05
2024-08-14 10:29:00+00:00,542.3,542.26,542.31,401,400,542.2850312109862,4.7942809678589e-08,-9.277798015183691e-06
2024-08-14 10:30:00+00:00,542.31,542.25,542.31,400,400,542.28,3.3660784114786494e-08,7.924498962363913e-05
2024-08-14 10:31:00+00:00,542.27,542.27,542.35,784,400,542.322972972973,1.1457453398123888e-08,-7.923871035275809e-05
2024-08-14 10:32:00+00:00,542.27,542.24,542.31,320,1700,542.2510891089108,1.9748370144760976e-08,-0.00014271465727622168
2024-08-14 10:33:00+00:00,542.19,542.25,542.26,303,1100,542.252159657876,9.971255429944635e-09,0.0001311281505940176
2024-08-14 10:34:00+00:00,542.27,542.25,542.29,582,400,542.2737067209777,2.4269921791061814e-08,-2.0057273962592603e-05
2024-08-14 10:35:00+00:00,542.3,542.26,542.31,24,400,542.2628301886792,1.1329493941331079e-08,1.5391580326706844e-05
2024-08-14 10:36:00+00:00,542.3,542.27,542.29,50,800,542.2711764705882,2.0151989996258137e-08,0.0001128152725846654
2024-08-14 10:37:00+00:00,542.3,542.29,542.37,900,800,542.3323529411765,1.0990993540141045e-08,-0.00012965132145215108
2024-08-14 10:38:00+00:00,542.33,542.26,542.33,24,800,542.2620388349515,1.9543162815975806e-08,0.00014991736938951838
2024-08-14 10:39:00+00:00,542.28,542.29,542.35,400,50,542.3433333333334,2.150422407770226e-08,1.2292336342811794e-05
2024-08-14 10:40:00+00:00,542.32,542.32,542.38,400,400,542.35,1.0305073839130987e-08,8.297225039166634e-05
2024-08-14 10:41:00+00:00,542.4,542.36,542.43,400,400,542.395,2.7102222562379113e-08,1.9505224736260374e-05
2024-08-14 10:42:00+00:00,542.46,542.39,542.46,400,351,542.4272836218375,3.640076267351371e-08,-4.715942707067544e-05
2024-08-14 10:43:00+00:00,542.46,542.36,542.42,400,800,542.38,1.2599721646960045e-08,-1.2291505340655817e-05
2024-08-14 10:44:00+00:00,542.35,542.35,542.42,400,800,542.3733333333333,1.2754526375324837e-08,-0.00012179914092502742
2024-08-14 10:45:00+00:00,542.34,542.3,542.38,50,1300,542.3029629629629,2.2743472003854263e-08,0.00022415049119128838
2024-08-14 10:46:00+00:00,542.4,542.4,542.47,400,800,542.4233333333333,4.046520963237872e-08,-1.0135588637494308e-05
2024-08-14 10:47:00+00:00,542.53,542.4,542.47,400,800,542.4233333333333,1.9736192849184944e-08,8.468470385913918e-05
2024-08-14 10:48:00+00:00,542.5,542.43,542.47,400,10,542.4690243902439,9.449080504331632e-09,-0.00016293857914218002
2024-08-14 10:49:00+00:00,542.39,542.38,542.46,20,1800,542.3808791208791,2.7690639264844214e-08,-4.771392553692966e-05
2024-08-14 10:50:00+00:00,542.39,542.33,542.38,400,400,542.355,2.1283885467634264e-08,2.765716182207001e-05
2024-08-14 10:51:00+00:00,542.43,542.34,542.4,400,400,542.37,3.5392393236348245e-09,-1.3409162145205933e-05
2024-08-14 10:52:00+00:00,542.43,542.31,542.39,400,2200,542.3223076923076,2.2153915160069524e-08,-7.084914619226446e-05
2024-08-14 10:53:00+00:00,542.35,542.3,542.35,400,423,542.3243013365735,2.3106434613160415e-08,5.5288648578732946e-05
2024-08-14 10:54:00+00:00,542.38,542.32,542.38,400,300,542.3542857142858,1.3083112672462333e-08,-0.0001367390798966417
2024-08-14 10:55:00+00:00,542.32,542.28,542.33,1,400,542.2801246882792,3.061921584221725e-09,9.224856891254518e-05
2024-08-14 10:56:00+00:00,542.28,542.25,542.33,800,400,542.3033333333333,6.079676469986901e-08,-0.0002379494242387148
2024-08-14 10:57:00+00:00,542.31,542.2,542.24,34,1200,542.2011021069692,4.464805663625199e-09,-3.879678905993611e-05
2024-08-14 10:58:00+00:00,542.17,542.17,542.21,202,1199,542.175767309065,1.8066920608203517e-08,-0.0001755575720419067
2024-08-14 10:59:00+00:00,542.15,542.09,542.16,400,400,542.125,4.271156884814274e-08,0.0003230441882877688
2024-08-14 11:00:00+00:00,542.21,542.21,542.28,400,400,542.245,8.51712390936301e-08,5.16357466897599e-05
2024-08-14 11:01:00+00:00,542.3,542.22,542.29,850,450,542.2657692307693,3.282264810386646e-08,-0.00015376444875159212
2024-08-14 11:02:00+00:00,542.2,542.18,542.23,420,330,542.208,1.701561570855203e-08,0.00017722183657409296
2024-08-14 11:03:00+00:00,542.3,542.3,542.34,80,850,542.303440860215,1.8448312496008463e-08,-8.428143621630468e-05
2024-08-14 11:04:00+00:00,542.22,542.23,542.28,450,450,542.255,2.1124638908405913e-08,3.420602317505406e-05
2024-08-14 11:05:00+00:00,542.28,542.29,542.34,450,800,542.308,2.4937865878205118e-08,8.991643674294281e-05
2024-08-14 11:06:00+00:00,542.31,542.26,542.32,33,450,542.264099378882,3.761789371991112e-08,-0.00024315801145513571
2024-08-14 11:07:00+00:00,542.2,542.15,542.2,850,201,542.1904376784015,1.9896620414624074e-08,-4.3842550666584046e-05
2024-08-14 11:08:00+00:00,542.23,542.14,542.19,360,450,542.1622222222222,9.626848813017152e-09,2.125128643792884e-05
2024-08-14 11:09:00+00:00,542.2,542.13,542.2,950,430,542.1781884057971,2.057087623586863e-09,2.223500728426586e-06
2024-08-14 11:10:00+00:00,542.18,542.16,542.18,32,1,542.1793939393939,3.477455270544481e-08,-0.00016446442135098494
2024-08-14 11:11:00+00:00,542.1,542.08,542.15,450,1330,542.0976966292135,1.5117734670192867e-08,6.7593356616324485e-06
2024-08-14 11:12:00+00:00,542.1,542.11,542.13,100,90,542.1205263157894,1.4290417416473515e-08,-3.767923941655482e-05
2024-08-14 11:13:00+00:00,542.12,542.07,542.12,32,430,542.0734632034632,4.132442639664727e-09,-1.796093898021045e-05
2024-08-14 11:14:00+00:00,542.06,542.04,542.09,332,823,542.0543722943723,2.988253977570447e-08,1.636270713634147e-05
2024-08-14 11:15:00+00:00,542.02,542.03,542.09,450,1750,542.0422727272727,2.5446092461724923e-08,5.893817480906449e-05
2024-08-14 11:16:00+00:00,542.06,542.11,542.13,110,350,542.1147826086956,2.2129428353150737e-08,-2.6831456528819686e-05
2024-08-14 11:17:00+00:00,542.11,542.06,542.12,400,400,542.09,7.1350152228147875e-09,3.7489311083271915e-05
2024-08-14 11:18:00+00:00,542.14,542.09,542.16,450,1100,542.1103225806452,2.2491142738083174e-08,-0.00011122762374715656
2024-08-14 11:19:00+00:00,542.07,542.05,542.06,1,400,542.0500249376557,8.05061389849067e-09,-3.694296971590294e-05
2024-08-14 11:20:00+00:00,542.06,542.02,542.05,200,400,542.03,1.5636485201480878e-09,1.2268539099080655e-05
2024-08-14 11:21:00+00:00,542.01,542.01,542.04,6364,1300,542.0349112734864,4.46042531006855e-09,-9.04808396591239e-05
2024-08-14 11:22:00+00:00,541.98,541.98,542.03,305,1700,541.9876059850374,4.817373647793505e-08,0.00012127094341285449
2024-08-14 11:23:00+00:00,542.04,542.03,542.1,400,800,542.0533333333333,1.3683868084371724e-08,0.00012101411986997768
2024-08-14 11:24:00+00:00,542.14,542.08,542.12,400,11,542.1189294403893,2.5592079738882054e-08,4.6127756227365424e-05
2024-08-14 11:25:00+00:00,542.13,542.12,542.17,450,490,542.1439361702127,8.570318369298547e-09,-4.064030345374281e-05
2024-08-14 11:26:00+00:00,542.14,542.1,542.14,351,290,542.1219032761311,2.720821407280307e-08,0.00010445509395107244
2024-08-14 11:27:00+00:00,542.1,542.15,542.2,400,301,542.1785306704708,4.549791741944137e-09,8.940586002958995e-05
2024-08-14 11:28:00+00:00,542.17,542.18,542.24,1700,470,542.2270046082949,2.6478466451950566e-08,0.00016228515171179403
2024-08-14 11:29:00+00:00,542.33,542.3,542.33,6,6,542.315,4.789969250253986e-08,-0.00036878935673922975
2024-08-14 11:30:00+00:00,542.11,542.09,542.14,400,400,542.115,5.9863908010183366e-09,0.00011990075906398445
2024-08-14 11:31:00+00:00,542.11,542.17,542.23,400,360,542.2015789473684,1.4250294759089594e-08,-7.634982632542808e-05
2024-08-14 11:32:00+00:00,542.15,542.12,542.16,400,460,542.1386046511628,1.8100209510788026e-08,-4.2076357069653625e-06
2024-08-14 11:33:00+00:00,542.16,542.09,542.16,900,460,542.1363235294118,6.631630573782954e-09,-7.806805700860675e-05
2024-08-14 11:34:00+00:00,542.08,542.07,542.1,400,150,542.0918181818182,2.5266760476668426e-08,1.4981187987928024e-05
2024-08-14 11:35:00+00:00,542.1,542.09,542.14,400,1250,542.1021212121212,7.0893849831792336e-09,1.5125643624269713e-06
2024-08-14 11:36:00+00:00,542.08,542.07,542.13,400,400,542.1,8.499822273710095e-09,7.758456989392926e-05
2024-08-14 11:37:00+00:00,542.08,542.11,542.18,400,400,542.145,3.112349350815811e-08,-1.5371041572453947e-05
2024-08-14 11:38:00+00:00,542.15,542.11,542.15,400,181,542.137538726334,1.6585438014325458e-08,4.954976622983942e-05
2024-08-14 11:39:00+00:00,542.16,542.15,542.19,230,450,542.1635294117647,1.7016813203839742e-08,4.574988951300263e-05
2024-08-14 11:40:00+00:00,542.16,542.18,542.23,80,400,542.1883333333333,1.2775450062215413e-08,3.220674466519746e-05
2024-08-14 11:41:00+00:00,542.25,542.17,542.24,450,430,542.2057954545454,4.713972543817189e-08,0.0
2024-08-14 11:42:00+00:00,542.17,542.17,542.22,450,430,542.1955681818182,1.556397451949929e-08,-0.00012130175929669917
2024-08-14 11:43:00+00:00,542.15,542.14,542.15,1,400,542.1400249376559,1.6193685835697888e-08,8.442563689126104e-05
2024-08-14 11:44:00+00:00,542.09,542.15,542.22,450,430,542.1857954545454,1.196813424268995e-08,-4.270677192463879e-05
2024-08-14 11:45:00+00:00,542.15,542.15,542.2,450,1330,542.1626404494382,3.417985881388624e-09,5.4562543740699354e-05
2024-08-14 11:46:00+00:00,542.18,542.19,542.21,100,800,542.1922222222223,7.470041763472513e-09,0.00014397752100436811
2024-08-14 11:47:00+00:00,542.21,542.26,542.3,400,1300,542.2694117647059,1.2828287786341627e-08,2.9952561811708023e-05
2024-08-14 11:48:00+00:00,542.3,542.25,542.3,949,850,542.2763757643135,3.744032117419945e-08,2.5720889633484845e-05
2024-08-14 11:49:00+00:00,542.34,542.3,542.31,20,400,542.3004761904762,2.7310962161929558e-08,-8.385792097331812e-05
2024-08-14 11:50:00+00:00,542.3,542.21,542.27,1350,450,542.255,1.815073823988463e-08,3.4001530645255684e-05
2024-08-14 11:51:00+00:00,542.29,542.25,542.3,750,850,542.2734375,5.37729056338419e-09,0.00010078381838574124
2024-08-14 11:52:00+00:00,542.3,542.3,542.35,450,350,542.328125,1.5012815481423597e-08,0.00020610708556834112
2024-08-14 11:53:00+00:00,542.42,542.42,542.44,100,400,542.424,3.741836423350156e-08,-0.0003970403378013021
2024-08-14 11:54:00+00:00,542.3,542.22,542.26,259,1650,542.2254269250917,1.2944727469670568e-08,7.188971629323859e-05
2024-08-14 11:55:00+00:00,542.29,542.26,542.3,459,450,542.2801980198019,2.599234564092611e-08,8.57933371112285e-05
2024-08-14 11:56:00+00:00,542.36,542.29,542.33,450,450,542.31,1.570789609090332e-08,4.4552145129994614e-05
2024-08-14 11:57:00+00:00,542.35,542.32,542.36,1650,400,542.3521951219512,1.3775880713073084e-08,1.9985696923852103e-05
2024-08-14 11:58:00+00:00,542.38,542.33,542.36,400,450,542.3441176470589,7.627170090682326e-09,4.793996441376791e-05
2024-08-14 11:59:00+00:00,542.38,542.37,542.38,50,450,542.371,1.537300537620666e-08,-0.00017512148574982955
2024-08-14 12:00:00+00:00,542.3,542.26,542.3,450,600,542.2771428571428,1.4591073713005976e-08,-4.717085636807283e-05
2024-08-14 12:01:00+00:00,542.25,542.25,542.29,105,450,542.2575675675675,3.289165917507116e-08,-0.00014373351269703072
2024-08-14 12:02:00+00:00,542.14,542.13,542.18,850,150,542.1725,1.702478688663544e-08,0.00011044631068690691
2024-08-14 12:03:00+00:00,542.18,542.23,542.26,900,50,542.2584210526315,1.8581128603978875e-08,0.00010671466273648456
2024-08-14 12:04:00+00:00,542.3,542.29,542.3,10,398,542.2902450980391,2.7828735497268763e-08,0.00012863019866471426
2024-08-14 12:05:00+00:00,542.32,542.33,542.37,1200,450,542.3590909090909,6.831105220739599e-09,-7.965531408749005e-05
2024-08-14 12:06:00+00:00,542.34,542.3,542.34,362,545,542.3159647188534,2.9442887298701455e-08,-4.4804335647907756e-05
2024-08-14 12:07:00+00:00,542.25,542.25,542.32,850,550,542.2925,1.84061519369637e-08,-3.5524566322386875e-05
2024-08-14 12:08:00+00:00,542.25,542.26,542.31,450,1250,542.2732352941176,3.7630098171054504e-08,-1.518661365085272e-05
2024-08-14 12:09:00+00:00,542.31,542.24,542.29,450,450,542.265,4.633593147193345e-08,1.9279402975636017e-05
2024-08-14 12:10:00+00:00,542.3,542.27,542.29,100,400,542.274,2.268747290220579e-08,-6.0770859492742524e-05
2024-08-14 12:11:00+00:00,542.25,542.22,542.29,450,950,542.2425,1.4774894065818802e-08,-1.0373587463030631e-05
2024-08-14 12:12:00+00:00,542.28,542.22,542.28,450,1150,542.236875,3.3312619719757925e-08,5.763163930749826e-06
2024-08-14 12:13:00+00:00,542.24,542.21,542.27,450,450,542.24,1.9316210264816126e-08,9.618778169295794e-05
2024-08-14 12:14:00+00:00,542.28,542.26,542.3,41,10,542.2921568627452,4.998326705980046e-08,-0.00015859166595533214
2024-08-14 12:15:00+00:00,542.23,542.18,542.22,850,450,542.2061538461538,2.0297028631171447e-08,0.00024059101230355928
2024-08-14 12:16:00+00:00,542.3,542.28,542.32,850,450,542.3061538461538,4.353228355202249e-08,-7.654647120780567e-05
2024-08-14 12:17:00+00:00,542.33,542.31,542.36,450,350,542.338125,6.534256743776466e-08,-5.7441837487681724e-05
2024-08-14 12:18:00+00:00,542.24,542.25,542.29,230,430,542.2639393939394,3.3507958029134755e-08,-8.274499415850123e-05
2024-08-14 12:19:00+00:00,542.2,542.2,542.28,450,950,542.2257142857143,1.5611586065350043e-08,-4.9924041685689424e-05
2024-08-14 12:20:00+00:00,542.2,542.14,542.2,850,150,542.191,3.990088158519973e-08,-0.0001029776746976907
2024-08-14 12:21:00+00:00,542.14,542.12,542.14,400,315,542.1311888111888,4.686003796668826e-08,-0.00011566243691774059
2024-08-14 12:22:00+00:00,542.07,542.06,542.11,350,550,542.0794444444443,4.379031174721635e-08,-9.244710491751462e-05
2024-08-14 12:23:00+00:00,542.05,542.0,542.04,645,460,542.0233484162897,1.717874741082129e-08,0.0001368331003492873
2024-08-14 12:24:00+00:00,542.09,542.09,542.11,62,103,542.0975151515152,5.8367371795506926e-08,0.00034663871150697467
2024-08-14 12:25:00+00:00,542.29,542.29,542.33,460,86,542.3236996336996,1.167296236335016e-07,0.00021632133409177356
2024-08-14 12:26:00+00:00,542.39,542.36,542.41,300,51,542.402735042735,1.7186946487049267e-07,8.561227484582545e-05
2024-08-14 12:27:00+00:00,542.42,542.42,542.45,300,61,542.4449307479224,9.338558796452361e-08,3.6546675592497024e-06
2024-08-14 12:28:00+00:00,542.48,542.45,542.48,40,1500,542.4507792207793,9.604196789732568e-08,7.16122614372594e-05
2024-08-14 12:29:00+00:00,542.52,542.5,542.53,8,1500,542.5001591511937,6.014700212143455e-07,-3.019959579586562e-05
2024-08-14 12:30:00+00:00,542.58,542.33,542.58,35,100,542.3948148148149,1.838361574910267e-05,0.0013021517665725568
2024-08-14 12:31:00+00:00,543.19,543.0,543.09,62,1360,543.0039240506329,1.2453957356001703e-06,-0.002104669328241382
2024-08-14 12:32:00+00:00,541.97,541.93,542.0,550,550,541.965,1.7282272325006267e-06,-0.0011379037927712332
2024-08-14 12:33:00+00:00,541.52,541.45,541.51,500,500,541.48,8.109542662683631e-07,0.0008867419016644895
2024-08-14 12:34:00+00:00,541.9,541.88,541.96,800,850,541.9187878787878,6.636063904188105e-07,-0.0003384999076398998
2024-08-14 12:35:00+00:00,541.72,541.65,541.73,550,500,541.6919047619048,4.784007658012477e-07,-0.0006635284948055542
2024-08-14 12:36:00+00:00,541.43,541.4,541.48,550,550,541.44,5.134218784381055e-07,0.0008681882880783309
2024-08-14 12:37:00+00:00,541.87,541.77,541.87,550,550,541.82,2.3559744922590348e-07,0.0006459623762802291
2024-08-14 12:38:00+00:00,542.17,542.17,542.24,350,850,542.1904166666667,5.181018528533844e-07,0.0007498060802177964
2024-08-14 12:39:00+00:00,542.64,542.54,542.62,1350,500,542.5983783783784,2.501445149589596e-07,4.861478381257278e-05
2024-08-14 12:40:00+00:00,542.56,542.61,542.67,350,500,542.6347058823529,2.9311620671796574e-07,-0.0007144327689286856
2024-08-14 12:41:00+00:00,542.24,542.2,542.27,260,550,542.2224691358024,3.187339402965526e-07,0.0001489685729358925
2024-08-14 12:42:00+00:00,542.3,542.22,542.3,550,550,542.26,3.7090308234405444e-07,0.00063359175203348
2024-08-14 12:43:00+00:00,542.67,542.59,542.62,500,1,542.6199401197605,1.1716667059643243e-07,0.00017360280728850874
2024-08-14 12:44:00+00:00,542.71,542.74,542.75,200,1710,542.7410471204189,2.001257782833795e-07,0.0003814294069124369
2024-08-14 12:45:00+00:00,542.95,542.9,542.97,360,561,542.9273615635179,1.0853260587834795e-07,-0.00020656287635734127
2024-08-14 12:46:00+00:00,542.81,542.82,542.9,360,1450,542.83591160221,9.074350784858509e-08,0.00021017105786769186
2024-08-14 12:47:00+00:00,542.99,542.95,543.0,1060,85,542.996288209607,1.3556174193480543e-07,0.00027092140011708565
2024-08-14 12:48:00+00:00,543.1,543.03,543.08,1360,400,543.0686363636364,1.2318609859483483e-07,-0.0003200054335260605
2024-08-14 12:49:00+00:00,542.94,542.92,542.97,390,1300,542.9315384615385,1.0038817772423663e-07,1.203024776574857e-05
2024-08-14 12:50:00+00:00,542.93,542.92,542.95,400,100,542.944,1.771121319746195e-07,-0.0004233222041651885
2024-08-14 12:51:00+00:00,542.68,542.69,542.73,460,460,542.71,2.011462397285537e-07,-0.0003042092124979634
2024-08-14 12:52:00+00:00,542.55,542.51,542.56,460,360,542.5380487804878,1.8932310871892583e-07,0.00042340082055813966
2024-08-14 12:53:00+00:00,542.74,542.75,542.77,900,20,542.7695652173913,1.1556640327774525e-07,0.00012185371011264046
2024-08-14 12:54:00+00:00,542.83,542.78,542.85,1450,550,542.83075,1.494107821194428e-07,-0.000126462996333232
2024-08-14 12:55:00+00:00,542.79,542.76,542.78,400,100,542.776,1.8496847044148538e-07,7.861581990464828e-05
2024-08-14 12:56:00+00:00,542.81,542.8,542.83,1,400,542.8000748129675,8.636970113410016e-08,8.302133235682518e-05
2024-08-14 12:57:00+00:00,542.8,542.84,542.85,7,14,542.8433333333334,1.0419280073790096e-07,-0.00013888717799293016
2024-08-14 12:58:00+00:00,542.77,542.77,542.81,120,960,542.7744444444444,1.5947304684444364e-07,0.00014170449812844765
2024-08-14 12:59:00+00:00,542.88,542.84,542.89,360,360,542.865,9.782984963547505e-08,3.413841547006413e-05
2024-08-14 13:00:00+00:00,542.9,542.86,542.9,360,1460,542.867912087912,1.9186218456236813e-07,9.967377284247902e-05
2024-08-14 13:01:00+00:00,542.94,542.9,542.92,460,100,542.9164285714285,7.527232202405626e-08,0.00018319231530083968
2024-08-14 13:02:00+00:00,543.0,542.99,543.05,3470,370,543.0442187499999,4.9371717317492274e-08,-7.74408329791143e-05
2024-08-14 13:03:00+00:00,543.01,542.97,543.01,460,1153,542.9814073155611,3.8046162429058704e-08,-1.5746713586839434e-05
2024-08-14 13:04:00+00:00,542.96,542.96,543.01,370,370,542.985,9.429369330043128e-08,-3.426538566053683e-05
2024-08-14 13:05:00+00:00,542.92,542.94,542.99,870,470,542.9724626865672,7.50313672728258e-08,0.0002620222195319766
2024-08-14 13:06:00+00:00,543.09,543.06,543.09,360,400,543.0742105263158,2.9179487096847318e-08,-8.558729433372214e-05
2024-08-14 13:07:00+00:00,543.07,543.05,543.08,72,1670,543.0512399540758,7.807146481551991e-08,-0.0001702880092934178
2024-08-14 13:08:00+00:00,543.01,542.93,542.96,2,960,542.9300623700623,9.924892223272405e-08,-0.0002489092927695502
2024-08-14 13:09:00+00:00,542.85,542.8,542.85,400,1400,542.811111111111,4.422908062716015e-08,0.00017528233928576498
2024-08-14 13:10:00+00:00,542.93,542.89,542.94,2360,460,542.9318439716312,6.990736058577125e-08,6.57463322413232e-05
2024-08-14 13:11:00+00:00,542.92,542.93,542.98,600,460,542.9583018867925,4.0819475915010086e-08,0.00013809564517996975
2024-08-14 13:12:00+00:00,543.02,543.0,543.03,400,25,543.0282352941176,6.268421331119615e-08,-0.0001615474989706822
2024-08-14 13:13:00+00:00,542.95,542.94,542.98,361,1,542.9798895027625,4.111403481965314e-08,-0.00014046157827074524
2024-08-14 13:14:00+00:00,542.91,542.86,542.9,101,850,542.8642481598317,4.5257803477750915e-08,-0.00014419977849666754
2024-08-14 13:15:00+00:00,542.82,542.82,542.84,5,960,542.8201036269431,3.751650334676817e-08,-7.854647085958621e-05
2024-08-14 13:16:00+00:00,542.76,542.74,542.76,211,499,542.7459436619719,5.244971919467712e-08,0.0002384866974849409
2024-08-14 13:17:00+00:00,542.86,542.85,542.88,100,627,542.8541265474553,5.435908511140644e-08,-6.253190603988656e-05
2024-08-14 13:18:00+00:00,542.86,542.81,542.85,450,1050,542.822,3.765559256487405e-08,1.615739463534105e-05
2024-08-14 13:19:00+00:00,542.81,542.81,542.85,394,460,542.8284543325527,2.4795786677564955e-08,5.235890782495645e-06
2024-08-14 13:20:00+00:00,542.81,542.85,542.88,20,1354,542.8504366812227,5.5501567290364635e-08,-3.757339610821475e-05
2024-08-14 13:21:00+00:00,542.85,542.83,542.86,52,500,542.8328260869565,5.2559201422581146e-08,0.00018842084579784313
2024-08-14 13:22:00+00:00,542.94,542.91,542.95,505,400,542.932320441989,4.173708716628951e-08,-1.7015472942749632e-05
2024-08-14 13:23:00+00:00,542.91,542.91,542.93,1015,505,542.9233552631579,3.055889257205351e-08,7.34740932937239e-05
2024-08-14 13:24:00+00:00,542.97,542.96,543.01,505,802,542.9793190512625,1.8593873556282923e-08,0.0001473396971471974
2024-08-14 13:25:00+00:00,543.06,543.03,543.06,305,500,543.0413664596273,4.621986486930998e-08,-9.75207913642695e-05
2024-08-14 13:26:00+00:00,543.03,543.0,543.04,355,900,543.0113147410358,7.183442406506657e-08,-7.242511068128454e-05
2024-08-14 13:27:00+00:00,542.92,542.94,542.99,571,2100,542.9506888805691,5.9337770401629226e-08,-0.0002807038294710962
2024-08-14 13:28:00+00:00,542.79,542.8,542.84,355,100,542.8312087912088,1.1255087471288628e-07,-0.0004481969669157815
2024-08-14 13:29:00+00:00,542.59,542.55,542.59,400,469,542.568411967779,1.1158705092588347e-07,0.0005331444477465475
2024-08-14 13:30:00+00:00,542.83,542.84,542.89,1800,700,542.876,4.187762326119425e-07,0.0004987430723875086
2024-08-14 13:31:00+00:00,543.15,543.11,543.14,200,1600,543.1133333333333,2.8837534579783367e-07,-3.222153687532092e-05
2024-08-14 13:32:00+00:00,543.05,543.05,543.07,300,500,543.0575,2.187174113809058e-07,-0.0003599721965207303
2024-08-14 13:33:00+00:00,542.88,542.87,542.9,100,500,542.875,2.206510505910536e-07,-0.0006852065381967032
2024-08-14 13:34:00+00:00,542.53,542.51,542.53,500,100,542.5266666666666,3.0100665476455884e-07,-0.00046080401083814504
2024-08-14 13:35:00+00:00,542.27,542.25,542.27,300,100,542.265,3.8406314698783237e-07,0.0003733108807080221
2024-08-14 13:36:00+00:00,542.54,542.49,542.52,230,400,542.5009523809523,2.7580891479630135e-07,0.00015833564879552675
2024-08-14 13:37:00+00:00,542.53,542.56,542.58,130,110,542.5708333333333,2.973156063753337e-07,-0.00011542293838706641
2024-08-14 13:38:00+00:00,542.49,542.5,542.52,100,120,542.5090909090909,2.443644152711518e-07,-0.00018312224941374744
2024-08-14 13:39:00+00:00,542.48,542.47,542.5,130,250,542.4802631578947,1.8844223008543744e-07,0.00042086383214412493
2024-08-14 13:40:00+00:00,542.61,542.6,542.62,1,200,542.6000995024875,2.3678652375373455e-07,-0.0007221196865628832
2024-08-14 13:41:00+00:00,542.28,542.27,542.29,200,1200,542.2728571428571,2.640171346149852e-07,-0.0003080289299928207
2024-08-14 13:42:00+00:00,542.06,542.05,542.06,200,120,542.0562499999999,2.7437599868559714e-07,-0.0004914158324448303
2024-08-14 13:43:00+00:00,541.77,541.77,541.8,220,430,541.7801538461538,2.6136573355435373e-07,-8.0793837334725e-05
2024-08-14 13:44:00+00:00,541.75,541.74,541.77,520,130,541.764,3.128845727687634e-07,-0.00021917649271141482
2024-08-14 13:45:00+00:00,541.66,541.63,541.65,540,25,541.6491150442478,2.677077347275445e-07,0.000741042743523268
2024-08-14 13:46:00+00:00,542.03,542.01,542.05,920,420,542.0374626865671,2.849868283743855e-07,-0.00017734535307589727
2024-08-14 13:47:00+00:00,541.94,541.94,541.96,120,120,541.95,2.2828156015306737e-07,0.0005132794847331201
2024-08-14 13:48:00+00:00,542.2,542.16,542.17,100,200,542.1633333333333,2.3996496372211675e-07,-0.0002598201437092884
2024-08-14 13:49:00+00:00,542.12,542.1,542.12,100,372,542.1042372881357,2.200969467142853e-07,-0.00028792008843070427
2024-08-14 13:50:00+00:00,541.94,541.94,541.95,198,430,541.9431528662421,2.631943123639851e-07,-8.329541563945053e-05
2024-08-14 13:51:00+00:00,541.88,541.86,541.9,600,394,541.8841448692152,3.265419952945457e-07,-0.0005421432138538185
2024-08-14 13:52:00+00:00,541.64,541.64,541.67,630,130,541.6648684210526,1.2848126294355997e-07,0.00026435731071172697
2024-08-14 13:53:00+00:00,541.76,541.77,541.79,500,450,541.7805263157895,1.7762096820196438e-07,0.0005726755683175266
2024-08-14 13:54:00+00:00,542.03,542.02,542.06,1600,230,542.0549726775955,2.0930588447913452e-07,-0.0007302849005561551
2024-08-14 13:55:00+00:00,541.65,541.63,541.65,150,150,541.64,1.7119292738299e-07,-0.0003839674793326697
2024-08-14 13:56:00+00:00,541.44,541.43,541.46,750,322,541.4509888059702,2.543554558410617e-07,0.0004213200480958079
2024-08-14 13:57:00+00:00,541.66,541.66,541.7,1130,1050,541.6807339449541,2.0214849958292702e-07,-0.00027489115150491905
2024-08-14 13:58:00+00:00,541.5,541.48,541.5,300,130,541.4939534883722,1.2938151257704296e-07,-4.404503084709521e-05
2024-08-14 13:59:00+00:00,541.52,541.51,541.53,230,130,541.5227777777778,1.4377342815757896e-07,-3.7615800141943545e-05
2024-08-14 14:00:00+00:00,541.48,541.48,541.5,1717,100,541.4988992845349,3.226204838991748e-07,6.060841107058401e-05
2024-08-14 14:01:00+00:00,541.49,541.44,541.47,250,730,541.4476530612244,1.6834872110063372e-07,-5.5947888246365984e-05
2024-08-14 14:02:00+00:00,541.5,541.5,541.51,300,21,541.5093457943925,2.290560992809735e-07,0.00027728541327487477
2024-08-14 14:03:00+00:00,541.62,541.63,541.66,330,230,541.6476785714285,1.9348649971905887e-07,-0.00025463183774954157
2024-08-14 14:04:00+00:00,541.5,541.48,541.51,120,220,541.4905882352941,2.2589924035292605e-07,0.0004352812101606762
2024-08-14 14:05:00+00:00,541.73,541.7,541.73,130,1130,541.7030952380952,2.2860081449334e-07,-0.00038495777383784624
2024-08-14 14:06:00+00:00,541.53,541.51,541.53,111,650,541.5129172141919,2.6049621531044003e-07,-0.00036177567222273055
2024-08-14 14:07:00+00:00,541.31,541.33,541.35,100,150,541.338,1.8160303190938526e-07,-7.081389799734605e-05
2024-08-14 14:08:00+00:00,541.3,541.27,541.3,550,150,541.2935714285715,2.0466548616548922e-07,0.0001853847998221081
2024-08-14 14:09:00+00:00,541.39,541.39,541.41,15,150,541.3918181818182,2.0295675602214406e-07,0.00032595032688909065
2024-08-14 14:10:00+00:00,541.56,541.54,541.57,659,253,541.561677631579,2.827344936435241e-07,-0.0004034213340441406
2024-08-14 14:11:00+00:00,541.31,541.35,541.38,100,1000,541.3527272727273,2.6309497791121497e-07,-0.0006997583977651489
2024-08-14 14:12:00+00:00,540.97,540.95,540.98,1250,650,540.9697368421052,2.1883434514631212e-07,-6.363537123221796e-05
2024-08-14 14:13:00+00:00,540.9,540.91,540.93,750,100,540.9276470588235,1.4838404972173425e-07,0.00011439402518353958
2024-08-14 14:14:00+00:00,540.96,540.98,541.0,672,130,540.9967581047382,1.8602622150645276e-07,0.00030605094956936973
2024-08-14 14:15:00+00:00,541.18,541.17,541.2,435,130,541.1930973451329,3.2969923107571713e-07,0.00014928012197490403
2024-08-14 14:16:00+00:00,541.22,541.21,541.23,100,630,541.2127397260275,1.5429647937890892e-07,2.9658989688208237e-05
2024-08-14 14:17:00+00:00,541.3,541.26,541.29,330,930,541.2678571428571,1.451419485516441e-07,-0.00012772061267407597
2024-08-14 14:18:00+00:00,541.2,541.18,541.2,650,100,541.1973333333334,1.390920267206669e-07,0.0005454506227473566
2024-08-14 14:19:00+00:00,541.5,541.48,541.5,230,580,541.4856790123457,1.0674083920798375e-07,3.3031892291868203e-05
2024-08-14 14:20:00+00:00,541.53,541.52,541.54,100,100,541.53,1.8073095740002124e-07,9.711055559291637e-05
2024-08-14 14:21:00+00:00,541.48,541.46,541.49,1174,100,541.487645211931,2.0216655427285299e-07,-7.015158321765913e-05
2024-08-14 14:22:00+00:00,541.48,541.48,541.5,130,230,541.4872222222223,1.1823550293754814e-07,0.00017065953344430618
2024-08-14 14:23:00+00:00,541.58,541.59,541.61,1050,100,541.6082608695652,2.0538818216977768e-07,0.0005795933668228948
2024-08-14 14:24:00+00:00,541.91,541.93,541.95,400,100,541.946,1.393987367476628e-07,-5.613853672481461e-06
2024-08-14 14:25:00+00:00,541.94,541.92,541.94,130,530,541.9239393939393,1.6911673241159528e-07,-5.1444672652500856e-05
2024-08-14 14:26:00+00:00,541.88,541.88,541.9,130,200,541.8878787878788,2.42006105819353e-07,-0.0006130309338744366
2024-08-14 14:27:00+00:00,541.55,541.54,541.57,630,230,541.5619767441862,1.7037959382431698e-07,0.00014498191476053357
2024-08-14 14:28:00+00:00,541.65,541.65,541.67,150,150,541.66,1.4799534338601702e-07,0.0001060291621564069
2024-08-14 14:29:00+00:00,541.69,541.67,541.7,1450,150,541.6971875,9.444192565911184e-08,0.0002981169622837676
2024-08-14 14:30:00+00:00,541.88,541.85,541.88,120,220,541.8605882352941,8.712161108749865e-08,0.00011224863496051007
2024-08-14 14:31:00+00:00,541.91,541.89,541.92,330,100,541.9130232558139,2.698636942717259e-07,-0.0006508891290891716
2024-08-14 14:32:00+00:00,541.55,541.55,541.58,950,350,541.5719230769231,2.820870069594593e-07,-0.001078282626224003
2024-08-14 14:33:00+00:00,540.98,540.98,541.0,1650,150,540.9983333333333,2.6509712819949725e-07,-0.0006250238283114218
2024-08-14 14:34:00+00:00,540.67,540.66,540.69,530,350,540.6780681818182,2.1575690170895446e-07,-0.0007661183927040183
2024-08-14 14:35:00+00:00,540.23,540.23,540.25,130,130,540.2400000000001,2.7283848602052823e-07,0.0005359304949250632
2024-08-14 14:36:00+00:00,540.5,540.46,540.48,900,3,540.4799335548173,2.5376041197777436e-07,0.00019596263418586446
2024-08-14 14:37:00+00:00,540.65,540.61,540.64,350,750,540.6195454545455,2.813920266243323e-07,0.0004628733099849569
2024-08-14 14:38:00+00:00,540.9,540.88,540.91,330,130,540.9015217391304,1.532982787823957e-07,0.0001644137966434478
2024-08-14 14:39:00+00:00,540.98,540.95,540.97,130,530,540.9539393939393,1.0469064135538946e-07,-3.3527800617938475e-05
2024-08-14 14:40:00+00:00,540.97,540.97,541.0,220,3085,540.9719969742814,2.3440491701663835e-07,0.001024187942031629
2024-08-14 14:41:00+00:00,541.48,541.46,541.48,130,85,541.4720930232559,2.9584395533863454e-07,-0.00011528338793953541
2024-08-14 14:42:00+00:00,541.43,541.44,541.47,130,1030,541.4433620689656,1.345740112535889e-07,-0.00015374479590157808
2024-08-14 14:43:00+00:00,541.35,541.35,541.37,323,550,541.357399770905,7.536532387594392e-08,-8.829346872463173e-05
2024-08-14 14:44:00+00:00,541.31,541.29,541.32,430,730,541.3011206896552,1.6197921342830404e-07,-0.00023569279684243494
2024-08-14 14:45:00+00:00,541.16,541.18,541.21,1011,150,541.2061240310078,1.9430496413171057e-07,0.00013508017301000486
2024-08-14 14:46:00+00:00,541.22,541.22,541.25,230,830,541.2265094339624,1.2282208647630286e-07,3.760765178406622e-05
2024-08-14 14:47:00+00:00,541.29,541.26,541.28,300,300,541.27,1.8589557591981434e-07,0.000737673543567352
2024-08-14 14:48:00+00:00,541.72,541.71,541.74,200,600,541.7175,8.63161115851336e-08,-0.0001919927610455341
2024-08-14 14:49:00+00:00,541.57,541.56,541.59,430,830,541.5702380952381,1.2692592839252313e-07,0.0006363965416291695
2024-08-14 14:50:00+00:00,541.91,541.9,541.91,100,100,541.905,9.30230932880282e-08,-0.00014744331106142372
2024-08-14 14:51:00+00:00,541.84,541.83,541.85,105,700,541.8326086956522,1.0102428022389181e-07,-0.00028278090560185376
2024-08-14 14:52:00+00:00,541.7,541.69,541.72,330,930,541.6978571428572,8.175745322909218e-08,0.0004708294114312839
2024-08-14 14:53:00+00:00,541.93,541.94,541.96,130,630,541.9434210526316,4.144165025764654e-08,0.0002369776350312769
2024-08-14 14:54:00+00:00,542.06,542.04,542.06,100,530,542.0431746031745,5.096668267112734e-08,0.00011998503332533161
2024-08-14 14:55:00+00:00,542.12,542.12,542.14,120,800,542.1226086956522,9.379841796080949e-08,0.0002542984795919079
2024-08-14 14:56:00+00:00,542.26,542.24,542.26,430,130,542.2553571428572,7.770951797423037e-08,-0.00038665064237797253
2024-08-14 14:57:00+00:00,542.09,542.09,542.1,250,100,542.0971428571429,1.0944447635057541e-07,0.0002927243955226366
2024-08-14 14:58:00+00:00,542.26,542.21,542.23,100,230,542.2160606060605,6.908914530790163e-08,0.00025534798598414454
2024-08-14 14:59:00+00:00,542.36,542.35,542.36,100,100,542.355,2.4348523286882395e-08,-2.8284582448745432e-05
2024-08-14 15:00:00+00:00,542.36,542.33,542.36,378,1257,542.3369357798166,8.009946436420063e-08,0.00016265787782487884
2024-08-14 15:01:00+00:00,542.43,542.43,542.45,135,850,542.4327411167512,6.836011701754699e-08,-9.561783315514827e-05
2024-08-14 15:02:00+00:00,542.44,542.4,542.43,1030,130,542.4266379310344,7.73244083811771e-08,8.943384925474973e-05
2024-08-14 15:03:00+00:00,542.45,542.42,542.45,936,330,542.4421800947867,5.271226822655483e-08,0.0005096536106297123
2024-08-14 15:04:00+00:00,542.71,542.7,542.71,200,300,542.704,7.360394444269778e-08,5.465440617413719e-05
2024-08-14 15:05:00+00:00,542.73,542.72,542.73,300,100,542.7275,7.63034089958649e-08,-0.00013654251327155364
2024-08-14 15:06:00+00:00,542.64,542.62,542.65,930,134,542.6462218045112,1.0302045513858652e-07,-0.00038577833967712305
2024-08-14 15:07:00+00:00,542.43,542.41,542.44,930,430,542.4305147058824,7.161888787244017e-08,-7.147887797065433e-05
2024-08-14 15:08:00+00:00,542.43,542.42,542.43,100,400,542.4219999999999,8.834851397703961e-08,-9.034700379317862e-05
2024-08-14 15:09:00+00:00,542.35,542.35,542.38,130,1080,542.3532231404959,9.245538839301275e-08,2.853516695933145e-05
2024-08-14 15:10:00+00:00,542.37,542.36,542.37,120,250,542.3632432432432,7.857547429366201e-08,0.0004779621287809288
2024-08-14 15:11:00+00:00,542.63,542.62,542.63,100,2,542.6298039215686,4.5314633983102905e-08,3.0079794209658672e-05
2024-08-14 15:12:00+00:00,542.67,542.65,542.67,350,281,542.6610935023772,3.9201811322284315e-08,-5.202389134040253e-05
2024-08-14 15:13:00+00:00,542.62,542.61,542.63,131,120,542.620438247012,5.050288722571709e-08,0.00023229201857088988
2024-08-14 15:14:00+00:00,542.75,542.74,542.76,250,650,542.7455555555556,4.54069834857889e-08,2.904075173359999e-05
2024-08-14 15:15:00+00:00,542.76,542.75,542.76,200,209,542.7548899755501,7.053900382014929e-08,-2.986313456099232e-05
2024-08-14 15:16:00+00:00,542.76,542.74,542.75,2,100,542.7401960784314,7.945031702244645e-08,-4.399045744118979e-05
2024-08-14 15:17:00+00:00,542.73,542.74,542.75,120,500,542.741935483871,7.142403832270002e-08,-0.0001200413964593805
2024-08-14 15:18:00+00:00,542.65,542.64,542.65,100,800,542.6411111111111,5.1684749206846966e-08,1.2050059194912421e-06
2024-08-14 15:19:00+00:00,542.65,542.64,542.67,430,630,542.6521698113208,3.458255075713205e-08,0.00011965476070474601
2024-08-14 15:20:00+00:00,542.71,542.71,542.72,700,1,542.7199857346648,3.1945963260895986e-08,0.00030409760604510616
2024-08-14 15:21:00+00:00,542.88,542.88,542.89,100,100,542.885,4.9964918348785614e-08,-0.0001285156723230818
2024-08-14 15:22:00+00:00,542.82,542.83,542.84,130,200,542.8339393939394,7.693593887256308e-08,-0.00017659442886464038
2024-08-14 15:23:00+00:00,542.71,542.7,542.72,200,130,542.7121212121212,3.345280075824085e-08,2.2931848155494094e-05
2024-08-14 15:24:00+00:00,542.73,542.73,542.76,216,1050,542.7351184834123,4.1205763818199865e-08,4.2380222643467746e-05
2024-08-14 15:25:00+00:00,542.75,542.75,542.78,326,850,542.7583163265307,4.687146065703953e-08,0.0002855719234566845
2024-08-14 15:26:00+00:00,542.9,542.9,542.91,100,6,542.9094339622642,2.2430239395365194e-08,6.0861541163470534e-05
2024-08-14 15:27:00+00:00,542.95,542.94,542.95,298,1500,542.941657397108,1.0743732018042155e-08,0.00011165751232078414
2024-08-14 15:28:00+00:00,542.995,542.99,543.01,406,1960,542.9934319526627,3.654272532811494e-08,9.155016157502693e-05
2024-08-14 15:29:00+00:00,543.05,543.04,543.06,165,1050,543.0427160493828,2.7897217688130378e-08,0.00019570980815442063
2024-08-14 15:30:00+00:00,543.16,543.15,543.16,292,500,543.1536868686868,1.1590016192108194e-07,0.0002540146885190442
2024-08-14 15:31:00+00:00,543.31,543.3,543.33,1001,750,543.3171501998859,5.06393798487379e-08,0.0002184528287356713
2024-08-14 15:32:00+00:00,543.4,543.4,543.42,398,40,543.4181735159817,7.847904879486276e-08,0.00041848338212657765
2024-08-14 15:33:00+00:00,543.68,543.67,543.69,531,333,543.6822916666666,1.0003397367983554e-07,0.00019677892173630696
2024-08-14 15:34:00+00:00,543.75,543.75,543.79,730,430,543.775172413793,1.0683032774148688e-07,-8.196583562503079e-05
2024-08-14 15:35:00+00:00,543.71,543.73,543.75,230,1387,543.7328447742733,9.483780752336549e-08,-2.2592505429908094e-05
2024-08-14 15:36:00+00:00,543.7,543.7,543.72,121,970,543.7022181484876,2.852186957675287e-08,8.752245395760028e-05
2024-08-14 15:37:00+00:00,543.74,543.73,543.74,108,930,543.7310404624278,5.637801448239389e-08,3.549508944544755e-07
2024-08-14 15:38:00+00:00,543.74,543.73,543.74,100,100,543.735,5.0098978442994066e-08,1.806256723568822e-05
2024-08-14 15:39:00+00:00,543.77,543.75,543.77,356,500,543.7583177570093,3.399114135697557e-08,0.0004171868338884721
2024-08-14 15:40:00+00:00,543.97,543.95,543.98,272,658,543.9587741935484,3.636195622096606e-08,3.1884204359844404e-05
2024-08-14 15:41:00+00:00,544.0,544.0,544.03,120,1020,544.0031578947368,5.790449610969683e-08,-0.00024044940370537837
2024-08-14 15:42:00+00:00,543.87,543.87,543.89,100,1035,543.8717621145374,5.428007225144856e-08,-0.0003527962050901001
2024-08-14 15:43:00+00:00,543.67,543.67,543.68,196,100,543.6766216216215,5.541596703341314e-08,-0.0002366073790823764
2024-08-14 15:44:00+00:00,543.56,543.55,543.58,703,930,543.5629148805879,5.4834037792736694e-08,-5.4511687884173377e-05
2024-08-14 15:45:00+00:00,543.51,543.5,543.52,363,50,543.5175786924939,5.0488669100348496e-08,0.00047280813699401847
2024-08-14 15:46:00+00:00,543.77,543.76,543.78,127,100,543.7711894273127,2.6320796994914665e-08,0.00022294516888976545
2024-08-14 15:47:00+00:00,543.88,543.88,543.9,731,300,543.8941804073714,3.1334279362631144e-08,7.824087271557367e-05
2024-08-14 15:48:00+00:00,543.95,543.94,543.97,900,430,543.9603007518797,6.595726565431827e-08,-0.0002664887815034822
2024-08-14 15:49:00+00:00,543.79,543.78,543.8,330,100,543.7953488372092,4.4398819706775115e-08,0.0001109271890744612
2024-08-14 15:50:00+00:00,543.85,543.85,543.87,130,401,543.8548964218456,7.956258812819277e-08,0.0002991439334296686
2024-08-14 15:51:00+00:00,544.01,544.02,544.03,30,500,544.0205660377359,9.630622914688377e-08,0.0004944512914599741
2024-08-14 15:52:00+00:00,544.28,544.28,544.3,530,100,544.2968253968254,6.292290810017828e-08,-6.747732466982903e-05
2024-08-14 15:53:00+00:00,544.24,544.23,544.25,107,150,544.238326848249,4.535815060398431e-08,7.892332773584698e-05
2024-08-14 15:54:00+00:00,544.28,544.24,544.26,250,350,544.2483333333333,6.186977498489222e-08,2.666991447020095e-06
2024-08-14 15:55:00+00:00,544.29,544.28,544.31,230,530,544.2890789473684,5.380111335817622e-08,0.00025481940174154616
2024-08-14 15:56:00+00:00,544.44,544.41,544.43,230,330,544.4182142857142,3.5220587428721715e-08,0.00018325673970043255
2024-08-14 15:57:00+00:00,544.53,544.51,544.53,150,449,544.5150083472454,3.977082523299821e-08,-0.00013500742292704704
2024-08-14 15:58:00+00:00,544.45,544.44,544.46,1200,102,544.4584331797236,6.540691151730883e-08,0.0005423346365192039
2024-08-14 15:59:00+00:00,544.75,544.75,544.77,150,600,544.754,2.7237104416760576e-08,-0.00010006969117903886
2024-08-14 16:00:00+00:00,544.68,544.67,544.69,100,650,544.6726666666667,1.1503061979767834e-07,-0.0002316715055414864
2024-08-14 16:01:00+00:00,544.58,544.55,544.58,230,330,544.5623214285714,6.67386011362439e-08,0.0001654363146532667
2024-08-14 16:02:00+00:00,544.63,544.65,544.68,150,550,544.6564285714286,5.804531681829339e-08,0.0001410476734076127
2024-08-14 16:03:00+00:00,544.74,544.72,544.76,1100,930,544.7416748768474,1.2051381834345748e-07,-0.00021347146293260177
2024-08-14 16:04:00+00:00,544.61,544.62,544.64,22,120,544.6230985915493,5.606767778976056e-08,0.00019224054416500103
2024-08-14 16:05:00+00:00,544.76,544.74,544.76,730,284,544.7543984220907,4.374748849721393e-08,-0.0001303129246494894
2024-08-14 16:06:00+00:00,544.65,544.65,544.68,427,330,544.6669220607662,5.596983521546299e-08,0.0003741635422367384
2024-08-14 16:07:00+00:00,544.85,544.85,544.86,2,2,544.855,7.166337806486863e-08,-4.3219091169555135e-05
2024-08-14 16:08:00+00:00,544.84,544.83,544.85,330,333,544.8399547511312,5.864295934354939e-08,-0.00019413999635076173
2024-08-14 16:09:00+00:00,544.74,544.7,544.71,100,100,544.705,4.2342165085335306e-08,-0.00021407842441334424
2024-08-14 16:10:00+00:00,544.61,544.61,544.62,210,304,544.6140856031128,1.1741312980311061e-07,-0.00010529290506566813
2024-08-14 16:11:00+00:00,544.58,544.58,544.59,100,100,544.585,5.0999982156864216e-08,0.00016245878034482075
2024-08-14 16:12:00+00:00,544.65,544.63,544.65,1850,5,544.6499460916442,5.965695271537777e-08,0.0002223415876694279
2024-08-14 16:13:00+00:00,544.77,544.77,544.79,130,230,544.7772222222222,4.5953541483083495e-08,-0.0002842707370519504
2024-08-14 16:14:00+00:00,544.64,544.6,544.62,130,103,544.6111587982833,8.18136182379534e-08,-0.0002094694190352131
2024-08-14 16:15:00+00:00,544.51,544.49,544.51,150,150,544.5,1.0430965017911413e-07,-0.00041475740517971094
2024-08-14 16:16:00+00:00,544.25,544.26,544.29,230,230,544.275,1.7350994478731356e-07,-0.0006411797330200253
2024-08-14 16:17:00+00:00,543.93,543.91,543.94,1151,200,543.9355588452999,1.7861052624606766e-07,-0.0003865884781002471
2024-08-14 16:18:00+00:00,543.71,543.69,543.72,1150,230,543.7149999999999,1.467684379427033e-07,0.0002120981985063164
2024-08-14 16:19:00+00:00,543.84,543.81,543.84,1150,152,543.8364976958526,1.2460261105093184e-07,-6.534136112579247e-05
2024-08-14 16:20:00+00:00,543.82,543.8,543.83,230,700,543.8074193548387,9.432845317120333e-08,0.00034784127005793586
2024-08-14 16:21:00+00:00,543.99,544.02,544.03,500,100,544.0283333333333,1.1971173627375234e-07,-0.0004195955031228715
2024-08-14 16:22:00+00:00,543.74,543.75,543.77,150,100,543.762,1.9844661022390436e-07,-0.0005365491357562924
2024-08-14 16:23:00+00:00,543.44,543.42,543.43,650,300,543.4268421052631,5.073097665253519e-07,-0.0013739678190557436
2024-08-14 16:24:00+00:00,542.76,542.74,542.77,330,1221,542.7463829787234,3.402929787554898e-07,-2.1258344600649792e-05
2024-08-14 16:25:00+00:00,542.75,542.72,542.74,550,150,542.7357142857143,2.7550989560317883e-07,-0.0007446554903081104
2024-08-14 16:26:00+00:00,542.28,542.27,542.3,851,152,542.2954536390827,2.020532103299915e-07,0.00045398100060056734
2024-08-14 16:27:00+00:00,542.54,542.52,542.55,660,660,542.535,1.8644846159651941e-07,0.0001123255102872811
2024-08-14 16:28:00+00:00,542.61,542.6,542.63,1371,150,542.6270414201183,1.4972480042552142e-07,0.0001859769375305298
2024-08-14 16:29:00+00:00,542.71,542.73,542.76,1050,450,542.751,1.0492617178726528e-07,-0.00010971983751428827
2024-08-14 16:30:00+00:00,542.65,542.63,542.65,550,530,542.6401851851853,2.2291413150564847e-07,8.702231149682049e-05
2024-08-14 16:31:00+00:00,542.61,542.64,542.67,1255,350,542.6634579439252,1.9939954328170684e-07,-3.765763926533161e-05
2024-08-14 16:32:00+00:00,542.66,542.64,542.66,150,450,542.645,1.530723294243377e-07,0.0005037403131036289
2024-08-14 16:33:00+00:00,542.95,542.94,542.96,150,399,542.9454644808744,8.294276905113793e-08,5.2861857979813465e-05
2024-08-14 16:34:00+00:00,542.99,542.97,542.99,251,530,542.9764276568502,7.902385600478584e-08,-0.0002677569562654636
2024-08-14 16:35:00+00:00,542.86,542.85,542.87,39,700,542.8510554803789,1.2801300746281014e-07,-0.000185583782478016
2024-08-14 16:36:00+00:00,542.77,542.74,542.77,1750,144,542.7677191129884,7.644214990223504e-08,0.00039240744666124705
2024-08-14 16:37:00+00:00,542.95,542.96,542.98,230,100,542.9739393939394,6.772621729785949e-08,0.0002390550777546796
2024-08-14 16:38:00+00:00,543.08,543.06,543.08,230,100,543.0739393939393,1.0110752937151534e-07,-0.00036138887925984964
2024-08-14 16:39:00+00:00,542.87,542.87,542.89,1351,2,542.889970436068,4.378534381353966e-08,0.0003531328619110763
2024-08-14 16:40:00+00:00,543.11,543.09,543.12,830,136,543.1157763975154,1.2041834507822677e-07,4.794858669621149e-05
2024-08-14 16:41:00+00:00,543.1,543.07,543.1,1085,130,543.0967901234568,1.0557558577850156e-07,2.82532770601307e-05
2024-08-14 16:42:00+00:00,543.11,543.11,543.13,30,330,543.1116666666667,1.297998636249508e-07,-0.00010986143805014059
2024-08-14 16:43:00+00:00,543.06,543.04,543.06,155,125,543.0510714285714,1.613233268843074e-07,-0.0007155573498026646
2024-08-14 16:44:00+00:00,542.68,542.67,542.69,530,130,542.6860606060606,4.4324438099860266e-07,-0.0011523304635289167
2024-08-14 16:45:00+00:00,542.01,542.01,542.04,150,650,542.015625,3.7185309780486695e-07,0.0001743162563541123
2024-08-14 16:46:00+00:00,542.13,542.13,542.15,250,500,542.1366666666667,1.5129690115970303e-07,0.00029335759106663417
2024-08-14 16:47:00+00:00,542.3,542.28,542.32,580,235,542.3084662576688,1.8654559125642788e-07,7.387340266928888e-05
2024-08-14 16:48:00+00:00,542.35,542.32,542.36,950,400,542.3481481481482,1.289568322735199e-07,-0.00022326614553813684
2024-08-14 16:49:00+00:00,542.22,542.2,542.23,150,550,542.2064285714285,8.875134753435411e-08,5.351685926258121e-05
2024-08-14 16:50:00+00:00,542.24,542.22,542.25,230,234,542.2348706896552,1.0537835767232892e-07,0.0003508307849806602
2024-08-14 16:51:00+00:00,542.43,542.42,542.46,920,130,542.4550476190477,1.0116318319811938e-07,0.00033395133106406405
2024-08-14 16:52:00+00:00,542.61,542.58,542.61,932,100,542.6070930232559,9.470109349697508e-08,-5.533671770663329e-05
2024-08-14 16:53:00+00:00,542.59,542.57,542.59,350,537,542.5778917700113,6.222477352371937e-08,0.000281540611911435
2024-08-14 16:54:00+00:00,542.73,542.71,542.73,220,121,542.7229032258065,7.697291967063862e-08,0.0005487951010982872
2024-08-14 16:55:00+00:00,543.02,543.0,543.03,232,230,543.015064935065,5.916950396036342e-08,-0.00017986552037074777
2024-08-14 16:56:00+00:00,542.95,542.94,542.96,250,252,542.9499601593626,6.936265772041637e-08,-0.00020810775219226585
2024-08-14 16:57:00+00:00,542.83,542.8,542.83,930,128,542.826370510397,5.2773448655099526e-08,0.00019299015902229932
2024-08-14 16:58:00+00:00,542.93,542.91,542.92,100,100,542.915,4.874518921650919e-08,0.00043221751947597475
2024-08-14 16:59:00+00:00,543.14,543.13,543.15,580,300,543.1431818181818,5.402170958897461e-08,-0.00010852743844702584
2024-08-14 17:00:00+00:00,543.1,543.09,543.1,5,225,543.0902173913043,1.9610351360335179e-07,-0.0004222196901806363
2024-08-14 17:01:00+00:00,542.88,542.88,542.9,530,350,542.8920454545455,5.515388821883537e-08,0.00019146357154364857
2024-08-14 17:02:00+00:00,542.97,542.92,542.94,650,150,542.9362500000001,7.521947412377244e-08,2.110300414637223e-06
2024-08-14 17:03:00+00:00,542.98,542.95,542.98,730,130,542.9754651162791,6.345682040825604e-08,-0.000239486617430118
2024-08-14 17:04:00+00:00,542.84,542.83,542.86,130,230,542.8408333333334,7.649712962380032e-08,2.9852608771641087e-05
2024-08-14 17:05:00+00:00,542.87,542.85,542.87,606,130,542.8664673913044,8.486693888549535e-08,0.00029142826054640025
2024-08-14 17:06:00+00:00,543.03,543.01,543.03,130,100,543.0213043478261,1.1346151727216611e-07,0.00078178779877347
2024-08-14 17:07:00+00:00,543.44,543.42,543.44,533,176,543.4350352609309,5.821797811266523e-08,0.00012993825862417374
2024-08-14 17:08:00+00:00,543.51,543.51,543.53,730,211,543.5255154091392,1.0901461196597182e-07,-0.0005453721590747973
2024-08-14 17:09:00+00:00,543.22,543.21,543.24,630,630,543.225,4.858194317547535e-08,2.23008286430737e-05
2024-08-14 17:10:00+00:00,543.25,543.22,543.26,830,1030,543.2378494623655,2.4166793143236975e-07,-0.0007654263325734822
2024-08-14 17:11:00+00:00,542.76,542.72,542.75,330,230,542.7376785714285,2.4520879070563855e-07,-7.686308545418186e-05
2024-08-14 17:12:00+00:00,542.76,542.77,542.79,97,750,542.7722904368359,1.2777753329461695e-07,0.0002690611622011563
2024-08-14 17:13:00+00:00,542.91,542.88,542.91,750,150,542.905,6.631653750333298e-08,-0.00019187488673677588
2024-08-14 17:14:00+00:00,542.81,542.8,542.83,237,550,542.8090343074969,7.603755272583849e-08,0.0002667784122831751
2024-08-14 17:15:00+00:00,542.96,542.94,542.97,1030,230,542.9645238095238,8.098375021849412e-08,0.0001449716124870548
2024-08-14 17:16:00+00:00,543.05,543.02,543.05,230,230,543.035,8.861939540964378e-08,0.0004175205371574897
2024-08-14 17:17:00+00:00,543.27,543.25,543.28,730,130,543.2754651162791,6.512892882097089e-08,-0.00022724254646611097
2024-08-14 17:18:00+00:00,543.14,543.09,543.11,36,200,543.0930508474576,9.714353657939559e-08,-0.00017699138320481644
2024-08-14 17:19:00+00:00,543.07,543.05,543.07,530,130,543.0660606060607,4.6141556401777024e-08,0.0002233871848540403
2024-08-14 17:20:00+00:00,543.16,543.14,543.17,750,151,543.1649722530522,6.257068246303214e-08,-0.000153749480778953
2024-08-14 17:21:00+00:00,543.07,543.07,543.1,34,330,543.0728021978022,8.791673729758396e-08,9.952876170959968e-05
2024-08-14 17:22:00+00:00,543.15,543.12,543.16,330,1130,543.1290410958903,8.048314198000958e-08,-0.0004434142944532704
2024-08-14 17:23:00+00:00,542.88,542.86,542.89,730,230,542.8828125,1.464852443148875e-07,0.0002635538663504633
2024-08-14 17:24:00+00:00,543.05,543.04,543.07,1330,100,543.0679020979022,5.874525130189854e-08,0.00010420329067528655
2024-08-14 17:25:00+00:00,543.08,543.06,543.09,191,1100,543.0644384198296,6.377672865301782e-08,-0.00015006403909822996
2024-08-14 17:26:00+00:00,543.0,542.96,543.0,600,630,542.979512195122,6.498564157585661e-08,0.0001775964432726429
2024-08-14 17:27:00+00:00,543.1,543.07,543.1,150,232,543.081780104712,1.5064734975920046e-07,-0.0005766028658175104
2024-08-14 17:28:00+00:00,542.79,542.78,542.8,100,150,542.788,7.118509709839392e-08,0.000591587984205999
2024-08-14 17:29:00+00:00,543.09,543.09,543.11,49,939,543.090991902834,4.801361161468389e-08,0.000205705432919423
2024-08-14 17:30:00+00:00,543.23,543.19,543.22,1650,150,543.2175,1.361745387618738e-07,0.00019668964779984144
2024-08-14 17:31:00+00:00,543.31,543.32,543.34,530,330,543.3323255813954,1.0346466085119145e-07,0.0002759645126024779
2024-08-14 17:32:00+00:00,543.47,543.45,543.47,150,230,543.4578947368421,8.9706446326239e-08,-4.507382121432535e-05
2024-08-14 17:33:00+00:00,543.47,543.43,543.47,1550,350,543.4626315789474,5.664633032376382e-08,-3.9101268836216896e-05
2024-08-14 17:34:00+00:00,543.44,543.42,543.44,5,350,543.4202816901409,7.565964061939253e-08,-6.93882980661309e-05
2024-08-14 17:35:00+00:00,543.35,543.38,543.41,750,150,543.405,4.0855463283342364e-08,0.00022841815664453868
2024-08-14 17:36:00+00:00,543.52,543.51,543.53,650,202,543.5252582159625,8.242266356815105e-08,-0.00033422975151387035
2024-08-14 17:37:00+00:00,543.35,543.33,543.36,600,150,543.354,1.0609872912253746e-07,-0.0003254921661451915
2024-08-14 17:38:00+00:00,543.15,543.13,543.15,1500,100,543.14875,7.317772201123878e-08,0.00016381191797609773
2024-08-14 17:39:00+00:00,543.28,543.23,543.26,750,150,543.255,8.103584558788545e-08,-7.593101782077394e-05
2024-08-14 17:40:00+00:00,543.21,543.17,543.19,250,150,543.1825,8.473572268414799e-08,0.00023747503290594274
2024-08-14 17:41:00+00:00,543.34,543.29,543.32,200,150,543.3071428571428,8.604743720157617e-08,-0.0004323461718779287
2024-08-14 17:42:00+00:00,543.12,543.11,543.14,850,150,543.1355,1.3307562653921468e-07,8.845326170958678e-05
2024-08-14 17:43:00+00:00,543.15,543.13,543.14,1,100,543.130099009901,5.861965958271428e-08,0.0003954246006849793
2024-08-14 17:44:00+00:00,543.38,543.36,543.39,1150,150,543.3865384615384,6.544980354583643e-08,-0.00016858017648491153
2024-08-14 17:45:00+00:00,543.28,543.24,543.27,135,530,543.246090225564,7.868940848431427e-08,-4.350675609721133e-05
2024-08-14 17:46:00+00:00,543.28,543.24,543.26,100,200,543.2466666666667,5.7749073441655476e-08,0.00019799867937941862
2024-08-14 17:47:00+00:00,543.36,543.32,543.35,1250,250,543.345,6.243483972546003e-08,0.00011643981548004056
2024-08-14 17:48:00+00:00,543.43,543.41,543.43,300,150,543.4233333333333,8.582466791270267e-08,1.0350966780370285e-05
2024-08-14 17:49:00+00:00,543.44,543.43,543.45,1650,150,543.4483333333334,6.128489529491284e-08,5.945262540207885e-05
2024-08-14 17:50:00+00:00,543.43,543.43,543.45,320,150,543.4436170212766,5.8921953628091796e-08,-0.00017936555766706608
2024-08-14 17:51:00+00:00,543.34,543.34,543.37,1149,250,543.364639027877,6.40016420209782e-08,-0.00025101231000745905
2024-08-14 17:52:00+00:00,543.22,543.23,543.25,10,650,543.230303030303,6.157069787467625e-08,0.00012481011885245863
2024-08-14 17:53:00+00:00,543.31,543.29,543.32,1150,750,543.3081578947368,3.732413746915068e-08,0.00037849612573159774
2024-08-14 17:54:00+00:00,543.505,543.5,543.51,200,101,543.5066445182724,5.033081722175006e-08,-4.2664567569961065e-05
2024-08-14 17:55:00+00:00,543.5,543.48,543.5,100,1250,543.4814814814815,4.849945588625191e-08,0.00017778729283257633
2024-08-14 17:56:00+00:00,543.55,543.56,543.58,100,828,543.5621551724137,2.75444833422822e-08,-9.541277248559243e-05
2024-08-14 17:57:00+00:00,543.52,543.52,543.55,230,820,543.5265714285713,3.929485253637775e-08,-9.457838560167353e-05
2024-08-14 17:58:00+00:00,543.49,543.47,543.5,250,1150,543.4753571428571,4.26195850214192e-08,1.7073239254372652e-05
2024-08-14 17:59:00+00:00,543.49,543.46,543.48,1136,150,543.47766718507,8.681299434561294e-08,-0.0003715735500964268
2024-08-14 18:00:00+00:00,543.28,543.25,543.28,1100,250,543.2744444444445,4.837596181307171e-07,-0.0009658367832983128
2024-08-14 18:01:00+00:00,542.79,542.77,542.79,1560,454,542.7854915590864,2.326626345499042e-07,0.00020562039228710915
2024-08-14 18:02:00+00:00,542.86,542.86,542.9,950,1350,542.8765217391305,1.1012732503977399e-07,0.00039231001806738774
2024-08-14 18:03:00+00:00,543.06,543.04,543.07,1560,161,543.0671934921558,1.0164310288434111e-07,-0.0002358154821221481
2024-08-14 18:04:00+00:00,542.95,542.92,542.95,700,622,542.9358850226929,5.4945775630893445e-08,6.190842629649751e-06
2024-08-14 18:05:00+00:00,542.97,542.99,543.01,1550,200,543.0077142857143,8.744928614873616e-08,0.00026578100368612745
2024-08-14 18:06:00+00:00,543.08,543.07,543.09,630,102,543.0872131147541,1.1758017493206653e-07,-0.0001594761017552626
2024-08-14 18:07:00+00:00,543.02,543.01,543.04,550,250,543.030625,6.849704871740317e-08,2.2571913590896386e-05
2024-08-14 18:08:00+00:00,542.98,543.02,543.05,1550,352,543.0444479495267,9.202123549497582e-08,-6.926516240890468e-05
2024-08-14 18:09:00+00:00,542.99,542.97,542.99,1850,51,542.9894634402946,1.1502691383735974e-07,3.378741537685137e-05
2024-08-14 18:10:00+00:00,542.99,542.97,543.01,450,1300,542.9802857142857,7.172443642370818e-08,0.00010128757999416926
2024-08-14 18:11:00+00:00,543.03,543.06,543.08,100,700,543.0624999999999,7.743736230093819e-08,-0.00024398627538846362
2024-08-14 18:12:00+00:00,542.95,542.93,542.96,730,130,542.9554651162791,5.318603312275184e-08,0.00032041132412152784
2024-08-14 18:13:00+00:00,543.1,543.1,543.12,90,122,543.1084905660377,5.2334501550177686e-08,-4.550657538371361e-05
2024-08-14 18:14:00+00:00,543.1,543.09,543.11,1050,100,543.1082608695652,7.626401005403628e-08,-0.0002152701856350525
2024-08-14 18:15:00+00:00,543.01,542.95,542.97,31,150,542.9534254143647,1.0894838791055657e-07,0.00018017661890579184
2024-08-14 18:16:00+00:00,543.05,543.04,543.07,1050,250,543.0642307692308,6.541338709218476e-08,4.5167754918695735e-05
2024-08-14 18:17:00+00:00,543.11,543.08,543.1,230,130,543.0927777777779,9.903244995163713e-08,-0.0001327760876959072
2024-08-14 18:18:00+00:00,543.02,543.01,543.04,1200,150,543.0366666666666,6.205754468535806e-08,9.124875737231974e-05
2024-08-14 18:19:00+00:00,543.05,543.03,543.05,100,250,543.0357142857143,8.124371082926164e-08,-0.00019881557067347178
2024-08-14 18:20:00+00:00,542.97,542.91,542.93,100,130,542.9186956521738,5.030825169941986e-08,0.0005617408440845573
2024-08-14 18:21:00+00:00,543.25,543.25,543.27,210,230,543.2595454545454,6.916155257860906e-08,-0.00011044435445262124
2024-08-14 18:22:00+00:00,543.2,543.2,543.22,33,300,543.201981981982,2.9948335922029697e-08,0.00036374017711460205
2024-08-14 18:23:00+00:00,543.4,543.38,543.4,1550,250,543.3972222222222,3.69891766466541e-08,-0.000208767618778527
2024-08-14 18:24:00+00:00,543.28,543.25,543.28,650,150,543.274375,6.307440130493403e-08,-1.2027243821544076e-05
2024-08-14 18:25:00+00:00,543.26,543.27,543.28,100,102,543.2749504950496,5.0672732389037204e-08,0.00013946285783394963
2024-08-14 18:26:00+00:00,543.36,543.35,543.36,130,393,543.3524856596559,5.1783100703282026e-08,1.88708483215283e-05
2024-08-14 18:27:00+00:00,543.36,543.34,543.36,600,57,543.3582648401826,7.109084920848332e-08,-0.0001210007981968797
2024-08-14 18:28:00+00:00,543.31,543.3,543.34,1750,760,543.3278884462152,6.710191461025269e-08,-0.0001910853915172428
2024-08-14 18:29:00+00:00,543.22,543.18,543.21,830,550,543.198043478261,5.381254573634262e-08,0.00033726026593416947
2024-08-14 18:30:00+00:00,543.37,543.36,543.38,630,100,543.3772602739726,7.075526133662678e-08,0.00014920391283257395
2024-08-14 18:31:00+00:00,543.46,543.43,543.46,650,97,543.4561044176706,4.3419010437430535e-08,-1.69357096697631e-05
2024-08-14 18:32:00+00:00,543.45,543.45,543.47,150,150,543.46,7.488437261471711e-08,-0.00027932163830679535
2024-08-14 18:33:00+00:00,543.32,543.32,543.34,150,250,543.3275,4.085553944214528e-08,0.00023496958178692573
2024-08-14 18:34:00+00:00,543.43,543.42,543.44,500,353,543.4317233294256,5.003915454736285e-08,8.305859260393511e-05
2024-08-14 18:35:00+00:00,543.48,543.46,543.5,130,1000,543.4646017699115,1.0536723577414949e-07,-0.00020526678698662426
2024-08-14 18:36:00+00:00,543.36,543.36,543.38,250,200,543.3711111111111,9.087596365071714e-08,0.0001457365288453083
2024-08-14 18:37:00+00:00,543.44,543.42,543.45,730,130,543.4454651162791,5.5429998825881555e-08,0.00012903072353109835
2024-08-14 18:38:00+00:00,543.5,543.51,543.53,500,5,543.529801980198,3.7004851535605205e-08,0.00018385937689080478
2024-08-14 18:39:00+00:00,543.63,543.61,543.64,247,800,543.6170773638968,6.421223913628464e-08,-0.00014611129543284918
2024-08-14 18:40:00+00:00,543.49,543.51,543.54,535,230,543.5309803921568,4.75548429769865e-08,0.0001441294671757909
2024-08-14 18:41:00+00:00,543.61,543.6,543.61,379,194,543.6066143106458,1.4558425232598905e-07,2.8110354006960492e-05
2024-08-14 18:42:00+00:00,543.64,543.62,543.64,132,230,543.6272928176796,6.83549159532274e-08,0.00013633831017578757
2024-08-14 18:43:00+00:00,543.71,543.67,543.69,100,330,543.6746511627906,4.6673421115187033e-08,-0.00019926338222353568
2024-08-14 18:44:00+00:00,543.6,543.57,543.6,320,631,543.580094637224,3.9539315919139954e-08,5.2673146459625286e-05
2024-08-14 18:45:00+00:00,543.6,543.57,543.6,1120,320,543.5933333333334,7.152003155415405e-08,0.00012485910394688382
2024-08-14 18:46:00+00:00,543.7,543.67,543.7,533,220,543.691235059761,2.7723410315922376e-08,-0.00019580185004708373
2024-08-14 18:47:00+00:00,543.57,543.57,543.59,130,402,543.5748872180452,5.016586897225655e-08,-5.836777618406508e-05
2024-08-14 18:48:00+00:00,543.55,543.54,543.57,1540,250,543.565810055866,5.412545174412265e-08,-5.732293787297227e-05
2024-08-14 18:49:00+00:00,543.51,543.51,543.53,230,700,543.5149462365591,3.8600563008595114e-08,5.116213789846391e-05
2024-08-14 18:50:00+00:00,543.54,543.53,543.55,248,620,543.5357142857143,8.103776470518825e-08,0.00012371865205351718
2024-08-14 18:51:00+00:00,543.62,543.6,543.64,830,830,543.62,3.2776258092128086e-08,0.000195230095579646
2024-08-14 18:52:00+00:00,543.72,543.7,543.72,156,150,543.7101960784314,2.004599445114439e-08,0.000135641526664676
2024-08-14 18:53:00+00:00,543.8,543.79,543.81,320,25,543.8085507246376,6.333393000545284e-08,6.79854450933437e-05
2024-08-14 18:54:00+00:00,543.84,543.82,543.83,505,100,543.828347107438,2.4568900247241818e-08,-1.983850010622845e-05
2024-08-14 18:55:00+00:00,543.83,543.81,543.83,730,200,543.8256989247312,5.349896733310894e-08,0.00016290537030383412
2024-08-14 18:56:00+00:00,543.91,543.9,543.93,130,330,543.9084782608695,3.60881511138239e-08,7.706498059656397e-05
2024-08-14 18:57:00+00:00,543.94,543.93,543.96,840,430,543.949842519685,7.408492715517636e-08,0.0003752197638671184
2024-08-14 18:58:00+00:00,544.15,544.15,544.16,100,100,544.155,7.650906038328868e-08,0.0002795385918443749
2024-08-14 18:59:00+00:00,544.32,544.28,544.31,706,230,544.3026282051283,5.313832030734893e-08,-4.114100333019177e-05
2024-08-14 19:00:00+00:00,544.28,544.27,544.29,230,80,544.2848387096774,5.235392319750764e-08,-0.0002895054090474858
2024-08-14 19:01:00+00:00,544.1,544.07,544.09,100,330,544.0746511627907,8.667624746956272e-08,-0.00016074250294495496
2024-08-14 19:02:00+00:00,544.02,544.0,544.02,130,630,544.0034210526316,5.295170653186407e-08,-0.00013482366056927209
2024-08-14 19:03:00+00:00,543.97,543.95,543.97,130,575,543.9536879432624,6.725752174038969e-08,5.472792493677048e-05
2024-08-14 19:04:00+00:00,544.02,544.04,544.05,100,100,544.045,4.545659863394725e-08,0.00013151141109446485
2024-08-14 19:05:00+00:00,544.06,544.05,544.07,36,730,544.0509399477806,8.205833138497574e-08,0.00014312786670123145
2024-08-14 19:06:00+00:00,544.14,544.11,544.14,130,930,544.113679245283,4.2808542300131576e-08,0.00012655463938715528
2024-08-14 19:07:00+00:00,544.22,544.2,544.22,202,120,544.2125465838509,2.405395149174401e-08,8.554676931016303e-05
2024-08-14 19:08:00+00:00,544.26,544.25,544.27,130,3,544.2695488721804,5.201687864042792e-08,-0.0002406006394670701
2024-08-14 19:09:00+00:00,544.11,544.11,544.13,330,330,544.12,7.008555497693987e-08,-0.0003464759006616136
2024-08-14 19:10:00+00:00,543.94,543.93,543.95,338,100,543.9454337899543,7.360713953427186e-08,-0.00024290628870249353
2024-08-14 19:11:00+00:00,543.81,543.78,543.8,40,1030,543.7807476635514,1.0895267217349639e-07,-0.0001399259605460168
2024-08-14 19:12:00+00:00,543.69,543.7,543.73,1130,450,543.7214556962025,9.222416182969e-08,-4.12134857530333e-06
2024-08-14 19:13:00+00:00,543.76,543.74,543.77,630,320,543.759894736842,1.8605673701432919e-07,-0.0005844439812487945
2024-08-14 19:14:00+00:00,543.39,543.39,543.4,500,150,543.3976923076923,3.3836267359017865e-07,-0.0007356131918694331
2024-08-14 19:15:00+00:00,543.01,542.98,543.01,100,730,542.9836144578313,2.2811565663338088e-07,0.00020825569882854111
2024-08-14 19:16:00+00:00,543.05,543.08,543.11,150,200,543.0928571428572,1.2957462607716744e-07,4.5188809791207873e-05
2024-08-14 19:17:00+00:00,543.15,543.12,543.15,930,243,543.1437851662405,9.708035407048862e-08,0.00015878823234327655
2024-08-14 19:18:00+00:00,543.21,543.22,543.25,550,285,543.2397604790419,6.039100125734837e-08,-4.920568378818935e-05
2024-08-14 19:19:00+00:00,543.18,543.19,543.21,530,530,543.2,7.61957874208847e-08,-6.809710847710537e-05
2024-08-14 19:20:00+00:00,543.16,543.14,543.16,6,677,543.1401756954612,1.1364496959693492e-07,-0.00015356522223430868
2024-08-14 19:21:00+00:00,543.1,543.09,543.11,930,51,543.1089602446483,1.29127381015466e-07,7.115720265304937e-05
2024-08-14 19:22:00+00:00,543.09,543.13,543.16,230,500,543.1394520547946,7.508515600149096e-08,-8.349620445491368e-06
2024-08-14 19:23:00+00:00,543.09,543.06,543.09,730,230,543.0828125,9.316711666244672e-08,0.00013842277982800688
2024-08-14 19:24:00+00:00,543.21,543.19,543.22,230,1002,543.1956006493506,6.537541021642599e-08,7.980794000594926e-05
2024-08-14 19:25:00+00:00,543.24,543.22,543.24,630,42,543.23875,1.0590192850572192e-07,4.6997828742956216e-05
2024-08-14 19:26:00+00:00,543.28,543.25,543.29,730,930,543.2675903614457,3.881379519771891e-08,5.684848067621928e-05
2024-08-14 19:27:00+00:00,543.29,543.27,543.3,726,430,543.2888408304499,5.762725911264545e-08,-0.00019125176556133994
2024-08-14 19:28:00+00:00,543.2,543.19,543.2,5,500,543.190099009901,7.884220389576627e-08,5.370605354682034e-05
2024-08-14 19:29:00+00:00,543.2,543.18,543.19,1,100,543.1800990099009,6.163514752496096e-08,-0.00023561447222941734
2024-08-14 19:30:00+00:00,543.11,543.1,543.13,320,830,543.108347826087,8.585156863588565e-08,6.156993926276222e-05
2024-08-14 19:31:00+00:00,543.1,543.07,543.1,474,330,543.0876865671642,6.575783265067364e-08,0.00013175927797970388
2024-08-14 19:32:00+00:00,543.18,543.18,543.2,130,630,543.1834210526315,8.97266276210626e-08,-0.0003543866875697077
2024-08-14 19:33:00+00:00,543.0,543.0,543.01,630,200,543.0075903614458,6.006980118992944e-08,-0.00023480115538510038
2024-08-14 19:34:00+00:00,542.88,542.85,542.88,230,330,542.8623214285715,4.931030168747155e-08,-0.0001311939777663973
2024-08-14 19:35:00+00:00,542.82,542.81,542.82,100,200,542.8133333333334,1.0805811890819888e-07,0.0001996607101233394
2024-08-14 19:36:00+00:00,542.9,542.9,542.92,1700,73,542.9191765369429,7.829973297186398e-08,0.0001646605013025937
2024-08-14 19:37:00+00:00,543.03,543.01,543.03,100,700,543.0125,6.553595716251696e-08,-7.433556811209385e-05
2024-08-14 19:38:00+00:00,542.98,542.95,542.98,450,830,542.960546875,5.296892980844019e-08,-3.7532525281824825e-05
2024-08-14 19:39:00+00:00,542.94,542.94,542.96,37,603,542.9411562500001,7.704438677162345e-08,0.00042272084741434846
2024-08-14 19:40:00+00:00,543.2,543.18,543.21,207,220,543.194543325527,8.033273641287878e-08,1.8398707099853695e-05
2024-08-14 19:41:00+00:00,543.16,543.16,543.19,202,320,543.1716091954022,4.072682609751908e-08,0.00022538480929013005
2024-08-14 19:42:00+00:00,543.31,543.3,543.31,115,636,543.3015312916111,8.557668438312117e-08,5.202763592349058e-05
2024-08-14 19:43:00+00:00,543.34,543.34,543.35,18,228,543.3407317073171,6.8705633165536e-08,0.000262078064679816
2024-08-14 19:44:00+00:00,543.49,543.47,543.49,1000,750,543.4814285714285,5.718238829438916e-08,-3.614844221755398e-05
2024-08-14 19:45:00+00:00,543.47,543.45,543.48,330,930,543.4578571428572,3.7602710125920675e-08,0.00017231099172687614
2024-08-14 19:46:00+00:00,543.53,543.52,543.55,130,330,543.5284782608696,8.314634200928563e-08,-0.00023336390726413914
2024-08-14 19:47:00+00:00,543.42,543.4,543.42,230,530,543.406052631579,8.680395854361624e-08,4.565217015772838e-05
2024-08-14 19:48:00+00:00,543.47,543.44,543.47,150,830,543.4445918367347,6.738192346825691e-08,0.0002325098445312701
2024-08-14 19:49:00+00:00,543.58,543.58,543.6,130,1030,543.5822413793104,6.054412822642078e-08,0.00019060897256806264
2024-08-14 19:50:00+00:00,543.69,543.67,543.71,120,130,543.6891999999999,3.300032904293646e-07,-0.00030815660775906917
2024-08-14 19:51:00+00:00,543.5,543.49,543.51,130,230,543.4972222222223,2.2410964463685603e-07,0.00014103016231015175
2024-08-14 19:52:00+00:00,543.57,543.58,543.6,275,700,543.585641025641,1.1372868520696818e-07,0.00022064094719076444
2024-08-14 19:53:00+00:00,543.7,543.7,543.71,5039,2715,543.7064985813774,9.119524554539282e-08,2.909675663920197e-05
2024-08-14 19:54:00+00:00,543.73,543.72,543.73,260,700,543.7227083333333,1.3676496464723494e-07,0.0008777984990002707
2024-08-14 19:55:00+00:00,544.2,544.19,544.22,250,300,544.2036363636364,2.7602485926627815e-07,0.0007028938105571036
2024-08-14 19:56:00+00:00,544.6,544.59,544.61,481,100,544.6065576592083,1.132477714116325e-07,-0.000305220346640267
2024-08-14 19:57:00+00:00,544.44,544.39,544.4,100,728,544.3912077294685,2.0221876828389738e-07,-6.245224240308822e-05
2024-08-14 19:58:00+00:00,544.38,544.38,544.4,395,1200,544.3849529780564,5.184521919160853e-08,0.0001829210873403042
2024-08-14 19:59:00+00:00,544.49,544.48,544.49,467,100,544.4882363315697,5.013225228066376e-07,-0.001291335771815727
2024-08-14 20:00:00+00:00,543.78,543.78,543.79,18170,7700,543.7870235794356,2.1216606577202928e-07,0.00026431055435494066
2024-08-14 20:01:00+00:00,543.93,543.92,543.93,2400,8525,543.9221967963387,1.2741282742458703e-07,0.000470830687255841
2024-08-14 20:02:00+00:00,544.19,544.16,544.19,71,370,544.1648299319728,3.999426219634356e-08,5.964110342593365e-05
2024-08-14 20:03:00+00:00,544.2,544.15,544.19,600,1100,544.1641176470588,6.259156332112018e-08,-3.6856671409402075e-05
2024-08-14 20:04:00+00:00,544.2,544.17,544.2,600,374,544.1884804928131,3.1787481052516264e-08,5.623662598042145e-06
2024-08-14 20:05:00+00:00,544.15,544.15,544.18,769,500,544.1681796690307,2.849103723322057e-07,8.528762296688974e-05
2024-08-14 20:06:00+00:00,544.23,544.22,544.25,560,1026,544.2305926860025,5.5065006706219536e-08,0.0002558998404815771
2024-08-14 20:07:00+00:00,544.37,544.37,544.39,1060,560,544.3830864197531,3.189037320666655e-08,0.00020908551019438448
2024-08-14 20:08:00+00:00,544.55,544.48,544.52,1381,1150,544.5018253654682,2.663429711461198e-08,0.00010414135580472106
2024-08-14 20:09:00+00:00,544.54,544.53,544.55,500,1,544.5499600798404,2.261681074180692e-08,-5.364966577781072e-05
2024-08-14 20:10:00+00:00,544.52,544.52,544.53,100,1242,544.5207451564828,4.2674715276411615e-08,5.775235776783738e-05
2024-08-14 20:11:00+00:00,544.59,544.54,544.58,570,1300,544.552192513369,4.3348759573545066e-08,0.00012692549951554
2024-08-14 20:12:00+00:00,544.62,544.62,544.63,144,1320,544.6209836065574,3.3049830927322956e-08,4.2949524472479794e-05
2024-08-14 20:13:00+00:00,544.65,544.61,544.65,1670,255,544.6447012987013,4.181259732783285e-08,-7.901413881750141e-05
2024-08-14 20:14:00+00:00,544.6,544.6,544.61,100,850,544.6010526315789,2.2173084953978923e-08,0.00016223456419051097
2024-08-14 20:15:00+00:00,544.69,544.69,544.7,1,502,544.6900198807158,2.988342591697301e-08,9.098555476150239e-05
2024-08-14 20:16:00+00:00,544.75,544.73,544.76,1535,1,544.75998046875,3.394108285307338e-08,-0.00015129178868211746
2024-08-14 20:17:00+00:00,544.66,544.66,544.68,1100,10,544.6798198198198,1.4263396003318014e-08,-7.174706695090016e-06
2024-08-14 20:18:00+00:00,544.67,544.65,544.68,207,900,544.6556097560975,8.362086173513865e-09,3.074171704708917e-05
2024-08-14 20:19:00+00:00,544.66,544.66,544.68,400,400,544.67,1.1924719032759566e-08,-0.00010097857418245315
2024-08-14 20:20:00+00:00,544.62,544.59,544.64,1360,1360,544.615,2.1018064740142634e-08,-4.6771940954482005e-05
2024-08-14 20:21:00+00:00,544.6,544.58,544.6,570,1429,544.5857028514257,1.8582254231128245e-08,-3.158555069604496e-06
2024-08-14 20:22:00+00:00,544.59,544.54,544.59,1300,29,544.5889089541008,2.1446155584792356e-08,-6.909558282419681e-05
2024-08-14 20:23:00+00:00,544.59,544.54,544.58,570,1670,544.5501785714285,1.7226814189130052e-08,-3.5273346790321014e-05
2024-08-14 20:24:00+00:00,544.52,544.52,544.55,520,902,544.5309704641351,3.2317402567189978e-09,6.447145926880005e-05
2024-08-14 20:25:00+00:00,544.55,544.55,544.57,190,61,544.565139442231,6.726027059702831e-09,-2.057976252600735e-05
2024-08-14 20:26:00+00:00,544.58,544.55,544.58,250,1290,544.5548701298701,8.990433882125488e-09,1.3741152116608646e-05
2024-08-14 20:27:00+00:00,544.6,544.55,544.58,350,500,544.5623529411764,4.681764292807263e-09,-5.702982094901721e-06
2024-08-14 20:28:00+00:00,544.56,544.53,544.57,1360,500,544.559247311828,1.1954611520390603e-08,1.5587903924974e-05
2024-08-14 20:29:00+00:00,544.58,544.53,544.58,1360,442,544.5677358490566,1.81138534748482e-08,-2.9228486840726653e-05
2024-08-14 20:30:00+00:00,544.58,544.55,544.58,71,1100,544.5518189581554,2.511845732697891e-08,7.01146163053501e-05
2024-08-14 20:31:00+00:00,544.61,544.56,544.61,550,500,544.5861904761905,9.333388939774849e-09,-0.00011281980207744624
2024-08-14 20:32:00+00:00,544.53,544.51,544.55,1385,1600,544.5285594639867,1.2916037498601185e-08,-0.00018983668030858603
2024-08-14 20:33:00+00:00,544.51,544.42,544.45,230,1100,544.4251879699248,3.893719369002704e-08,-5.792398296555756e-05
2024-08-14 20:34:00+00:00,544.44,544.38,544.42,570,1100,544.3936526946108,1.7572507084769485e-08,-4.4690797219471e-05
2024-08-14 20:35:00+00:00,544.36,544.36,544.39,496,1100,544.3693233082706,1.6963925254750497e-08,9.263525968528086e-07
2024-08-14 20:36:00+00:00,544.41,544.36,544.4,570,1170,544.3731034482759,2.2840523875545833e-08,3.658542874229731e-05
2024-08-14 20:37:00+00:00,544.4,544.38,544.4,570,600,544.3897435897436,1.4940884313744813e-08,-9.503698312562925e-05
2024-08-14 20:38:00+00:00,544.3,544.31,544.34,560,62,544.3370096463022,2.1637937873399966e-08,2.3356426683829312e-05
2024-08-14 20:39:00+00:00,544.37,544.34,544.37,645,1160,544.3507202216067,6.878604487099389e-09,-2.5685420382837165e-06
2024-08-14 20:40:00+00:00,544.35,544.33,544.35,570,20,544.3493220338983,1.2757762065764592e-08,0.00018325004944075296
2024-08-14 20:41:00+00:00,544.43,544.4,544.45,1060,20,544.449074074074,1.0463725185089102e-08,-0.00014523686023071303
2024-08-14 20:42:00+00:00,544.35,544.36,544.39,70,140,544.37,2.0059648632495664e-08,6.429450557510208e-05
2024-08-14 20:43:00+00:00,544.36,544.38,544.43,560,560,544.405,1.1285425880238799e-09,-2.197090244526745e-05
2024-08-14 20:44:00+00:00,544.41,544.38,544.42,561,1160,544.3930389308542,1.3707823489701422e-08,5.274559162327108e-06
2024-08-14 20:45:00+00:00,544.4,544.38,544.42,568,860,544.3959103641456,1.4155991067849035e-08,0.0001111410446739125
2024-08-14 20:46:00+00:00,544.43,544.43,544.48,560,500,544.4564150943397,1.7247343723886492e-08,-0.00011240147298996472
2024-08-14 20:47:00+00:00,544.45,544.39,544.43,75,500,544.3952173913043,2.755839916502799e-08,4.4502692834624824e-05
2024-08-14 20:48:00+00:00,544.42,544.4,544.45,700,1100,544.4194444444445,1.6153064403737612e-08,4.5792919062703774e-05
2024-08-14 20:49:00+00:00,544.46,544.41,544.46,1100,500,544.444375,5.396467593881965e-09,-5.063422061479805e-05
2024-08-14 20:50:00+00:00,544.44,544.4,544.45,557,1100,544.4168074834038,1.629576385840767e-08,-0.00010048782766414188
2024-08-14 20:51:00+00:00,544.4,544.36,544.41,57,1300,544.3621002210759,3.911947554221884e-09,-3.9157588931582055e-05
2024-08-14 20:52:00+00:00,544.35,544.34,544.38,10,500,544.3407843137255,1.7377857751050473e-09,7.210862220663472e-06
2024-08-14 20:53:00+00:00,544.38,544.32,544.36,808,500,544.3447094801223,9.92302905406412e-09,8.779458869612178e-05
2024-08-14 20:54:00+00:00,544.36,544.38,544.42,500,1100,544.3925,9.180547775161087e-09,7.590760234887917e-05
2024-08-14 20:55:00+00:00,544.43,544.4,544.45,2300,1100,544.4338235294117,2.1373002906550494e-08,-0.00018988365619365677
2024-08-14 20:56:00+00:00,544.38,544.33,544.35,25,1100,544.3304444444444,2.5989203369742938e-08,6.508957748563304e-05
2024-08-14 20:57:00+00:00,544.35,544.35,544.38,1461,1300,544.3658746830858,4.4556621022948084e-09,-2.801366469695754e-05
2024-08-14 20:58:00+00:00,544.33,544.33,544.36,1100,500,544.350625,1.299958571437806e-08,-5.160690117378408e-05
2024-08-14 20:59:00+00:00,544.32,544.32,544.34,232,1600,544.3225327510918,1.1485638752206957e-08,3.847996090100558e-05
2024-08-14 21:00:00+00:00,544.35,544.3,544.42,20,60,544.3299999999999,3.455940179775515e-08,0.00021329007183545912
2024-08-14 21:01:00+00:00,544.46,544.44,544.46,608,11,544.4596445880453,2.8855670533767666e-12,-1.5268726633044238e-06
2024-08-14 21:02:00+00:00,544.48,544.44,544.49,600,1000,544.45875,2.66109645803907e-11,3.2169102366363944e-06
2024-08-14 21:03:00+00:00,544.44,544.44,544.49,556,800,544.4605014749263,2.346671351187572e-09,-6.52048676261785e-05
2024-08-14 21:04:00+00:00,544.44,544.4,544.45,100,100,544.425,1.6192926930299943e-09,-3.6689855116622816e-05
2024-08-14 21:05:00+00:00,544.42,544.4,544.42,100,298,544.4050251256281,2.3646310549554478e-08,0.00015388576446229152
2024-08-14 21:06:00+00:00,544.49,544.45,544.49,24601,760,544.4888013090966,2.349160223661163e-08,-7.473946226832506e-05
2024-08-14 21:07:00+00:00,544.49,544.43,544.49,306,708,544.4481065088756,7.21680421920885e-08,0.00020577651578790324
2024-08-14 21:08:00+00:00,544.6,544.56,544.6,10,2824,544.5601411432604,1.4089791130235935e-09,1.0165580137666552e-05
2024-08-14 21:09:00+00:00,544.56,544.56,544.6,434,2624,544.565676913015,1.346199722437146e-07,-0.00014731440294801779
2024-08-14 21:10:00+00:00,544.4,544.36,544.59,600,500,544.4854545454546,4.412711503824417e-07,6.678532192183617e-05
2024-08-14 21:11:00+00:00,544.62,544.44,544.59,600,500,544.5218181818182,4.667126690301689e-08,1.178485798947193e-05
2024-08-14 21:12:00+00:00,544.45,544.44,544.53,50,1,544.5282352941176,3.781136990758133e-08,-0.00014534486900186216
2024-08-14 21:13:00+00:00,544.45,544.44,544.54,50,500,544.449090909091,2.155075544987558e-10,1.769929236217216e-05
2024-08-14 21:14:00+00:00,544.49,544.45,544.57,24,306,544.4587272727273,1.1003217040548283e-10,-2.2541152630006778e-06
2024-08-14 21:15:00+00:00,544.51,544.45,544.52,24,200,544.4575000000001,1.097111683089464e-08,0.00010370371268786371
2024-08-14 21:16:00+00:00,544.4,544.4,544.52,3775,200,544.5139622641509,2.2776227492038654e-08,-0.0002275039357306774
2024-08-14 21:17:00+00:00,544.39,544.37,544.44,15,600,544.3717073170732,6.609711202504002e-09,-3.416427448388326e-05
2024-08-14 21:18:00+00:00,544.37,544.37,544.44,13,600,544.371484502447,1.6380988442824195e-08,-2.1516692569223395e-05
2024-08-14 21:19:00+00:00,544.36,544.35,544.36,4275,100,544.3597714285714,2.5014483780248545e-08,6.941579294039713e-05
2024-08-14 21:20:00+00:00,544.35,544.35,544.4,3896,200,544.39755859375,8.256636130635033e-16,-3.086746558356168e-08
2024-08-14 21:21:00+00:00,544.35,544.35,544.4,3868,200,544.3975417895771,1.2955232193103963e-14,-1.1613158712453497e-07
2024-08-14 21:22:00+00:00,544.35,544.35,544.4,3766,200,544.3974785678265,7.888792711945912e-10,0.0
2024-08-14 21:23:00+00:00,544.35,544.35,544.4,3766,200,544.3974785678265,2.4914789087489994e-09,-4.719502670802456e-05
2024-08-14 21:24:00+00:00,544.35,544.35,544.39,366,306,544.3717857142857,8.339429361254399e-10,-2.814121450134266e-05
2024-08-14 21:25:00+00:00,544.35,544.35,544.36,366,200,544.3564664310954,7.012359943498312e-10,2.648086090650814e-05
2024-08-14 21:26:00+00:00,544.37,544.37,544.38,29,300,544.3708814589666,2.604946030712912e-09,-7.227241347418367e-05
2024-08-14 21:27:00+00:00,544.35,544.33,544.35,25,300,544.3315384615385,5.035463423334908e-11,4.736868963739482e-08
2024-08-14 21:28:00+00:00,544.33,544.33,544.37,7,172,544.3315642458101,4.832507727646778e-09,-3.6220162766831265e-06
2024-08-14 21:29:00+00:00,544.31,544.31,544.33,481,10,544.3295926680245,2.7099958478314e-13,5.20576204587897e-07
2024-08-14 21:30:00+00:00,544.33,544.31,544.33,481,3,544.3298760330579,3.236276758676657e-09,5.331050973533813e-05
2024-08-14 21:31:00+00:00,544.38,544.31,544.39,481,306,544.3588945362134,9.423129485505555e-12,-3.221397930186498e-06
2024-08-14 21:32:00+00:00,544.39,544.31,544.39,439,304,544.357267833109,4.063274123704864e-09,-8.01292455598901e-05
2024-08-14 21:33:00+00:00,544.31,544.31,544.39,14,304,544.3135220125786,4.08256958852095e-12,-1.6517351171252415e-06
2024-08-14 21:34:00+00:00,544.39,544.31,544.39,14,413,544.3126229508196,1.6920872638198613e-12,1.3233805942203247e-06
2024-08-14 21:35:00+00:00,544.39,544.31,544.39,14,321,544.313343283582,1.1133699358850287e-08,6.675224155583415e-05
2024-08-14 21:36:00+00:00,544.3,544.3,544.39,154,125,544.3496774193549,7.687807584338224e-09,-7.569703862564392e-05
2024-08-14 21:37:00+00:00,544.3,544.3,544.35,204,1000,544.3084717607974,3.3572557226243413e-09,5.7942554736456486e-05
2024-08-14 21:38:00+00:00,544.35,544.34,544.35,1,962,544.3400103842159,5.283510472235452e-10,-2.1492983208859506e-05
2024-08-14 21:39:00+00:00,544.31,544.31,544.35,748,886,544.3283108935128,1.3179475721192242e-10,-8.432024877547128e-06
2024-08-14 21:40:00+00:00,544.35,544.31,544.35,460,875,544.3237827715355,9.949463767718757e-12,-3.0740804122242338e-06
2024-08-14 21:41:00+00:00,544.31,544.31,544.35,378,877,544.3220478087649,2.1465764348565819e-10,1.4656944364199731e-05
2024-08-14 21:42:00+00:00,544.35,544.33,544.35,1,771,544.3300259067358,1.5972613787641831e-09,-3.8876195156078985e-05
2024-08-14 21:43:00+00:00,544.35,544.3,544.35,153,710,544.3088644264194,7.796623205348225e-09,0.00012287736155558449
2024-08-14 21:44:00+00:00,544.39,544.34,544.39,306,122,544.3757476635515,9.904124543238774e-09,-1.4199099733325227e-05
2024-08-14 21:45:00+00:00,544.35,544.35,544.39,100,122,544.368018018018,1.168732258844263e-08,5.2627354474088506e-05
2024-08-14 21:46:00+00:00,544.39,544.39,544.4,200,100,544.3966666666666,1.637068051323039e-09,3.869206238205081e-05
2024-08-14 21:47:00+00:00,544.39,544.4,544.45,100,182,544.4177304964539,2.860211159814897e-09,4.081000457922812e-05
2024-08-14 21:48:00+00:00,544.43,544.43,544.44,192,1,544.4399481865286,1.120954955585583e-08,-0.000142352769323284
2024-08-14 21:49:00+00:00,544.37,544.36,544.45,5,179,544.362445652174,4.284872516373379e-11,6.831351827107923e-06
2024-08-14 21:50:00+00:00,544.45,544.36,544.45,5,68,544.3661643835617,8.568543738630863e-08,0.00010035101227878762
2024-08-14 21:51:00+00:00,544.5,544.42,544.5,1,100,544.4207920792079,1.6415684608431437e-13,4.0516274024682275e-07
2024-08-14 21:52:00+00:00,544.5,544.42,544.5,1,78,544.4210126582278,2.8198156394396194e-08,0.00018858851864878012
2024-08-14 21:53:00+00:00,544.5,544.5,544.55,9,10,544.5236842105263,1.8072586646332065e-10,-9.061516825448201e-06
2024-08-14 21:54:00+00:00,544.5,544.5,544.55,6,10,544.51875,0.0,0.0
2024-08-14 21:55:00+00:00,544.5,544.5,544.55,6,10,544.51875,9.515328672939738e-09,5.466267504128375e-05
2024-08-14 21:56:00+00:00,544.42,544.4,544.55,100,1,544.548514851485,1.0496559062707888e-07,-0.000269010989901286
2024-08-14 21:57:00+00:00,544.55,544.4,544.56,1,78,544.4020253164556,9.573070374004038e-08,0.00021430168681235706
2024-08-14 21:58:00+00:00,544.47,544.5,544.52,100,7,544.518691588785,7.456730392669846e-08,-0.0002730697606563304
2024-08-14 21:59:00+00:00,544.5,544.36,544.5,6,78,544.37,5.013708641089573e-08,0.00019779638592232196
2024-08-14 22:00:00+00:00,544.48,544.4,544.48,500,15,544.4776699029126,1.1057126582282514e-07,-0.0003647181305672653
2024-08-14 22:01:00+00:00,544.26,544.26,544.32,500,606,544.2871247739603,1.1820601613464426e-07,3.8411287872630595e-05
2024-08-14 22:02:00+00:00,544.34,544.25,544.34,625,500,544.3,3.455282556877321e-08,-5.457095406669055e-07
2024-08-14 22:03:00+00:00,544.3,544.28,544.3,500,5,544.299801980198,5.110952618859634e-08,0.00014870886489859458
2024-08-14 22:04:00+00:00,544.3,544.31,544.4,500,60,544.390357142857,1.932880767314525e-07,-7.533614753807427e-05
2024-08-14 22:05:00+00:00,544.42,544.31,544.42,500,1356,544.3396336206896,6.398983901038526e-08,4.6600279942188294e-05
2024-08-14 22:06:00+00:00,544.4,544.32,544.41,500,500,544.365,6.767408790929813e-08,-2.7241559497404033e-05
2024-08-14 22:07:00+00:00,544.39,544.35,544.39,2,500,544.3501593625499,7.472837302483631e-09,-9.201945888082097e-05
2024-08-14 22:08:00+00:00,544.35,544.3,544.34,1,500,544.3000798403194,2.3457938713581263e-08,-3.6848178575077384e-07
2024-08-14 22:09:00+00:00,544.3,544.28,544.32,494,500,544.299879275654,6.15108109558361e-09,0.00011829284158126896
2024-08-14 22:10:00+00:00,544.37,544.36,544.37,372,500,544.3642660550458,1.725800672865114e-08,5.716495787688736e-05
2024-08-14 22:11:00+00:00,544.33,544.36,544.4,1100,200,544.3938461538462,2.2221200626512785e-08,1.4178725810998216e-05
2024-08-14 22:12:00+00:00,544.45,544.4,544.46,60,1100,544.4031034482758,3.6033736629750993e-09,3.490394298211186e-05
2024-08-14 22:13:00+00:00,544.45,544.4,544.43,560,200,544.4221052631578,1.097025285687226e-08,-0.0001808974553946241
2024-08-14 22:14:00+00:00,544.45,544.32,544.39,60,1100,544.3236206896552,5.215297213029159e-09,-2.9743976712515163e-05
2024-08-14 22:15:00+00:00,544.3,544.3,544.35,192,1100,544.3074303405573,3.7521319100109025e-08,-0.0001270779473813155
2024-08-14 22:16:00+00:00,544.23,544.18,544.26,1340,500,544.2382608695652,1.61708404267366e-08,2.7334589417504773e-05
2024-08-14 22:17:00+00:00,544.3,544.25,544.31,61,1100,544.2531524547804,1.1215504058389794e-08,4.8453184626540136e-05
2024-08-14 22:18:00+00:00,544.24,544.25,544.28,60,1,544.2795081967214,1.2739924702351462e-08,6.635708810387442e-05
2024-08-14 22:19:00+00:00,544.24,544.29,544.35,560,1100,544.3102409638554,3.6387979471626465e-09,2.0161244256300392e-06
2024-08-14 22:20:00+00:00,544.32,544.3,544.32,500,98,544.3167224080267,7.795850327072977e-09,-0.00012221451282501405
2024-08-14 22:21:00+00:00,544.24,544.24,544.29,410,1600,544.2501990049751,5.134419676976623e-08,-0.00011060906378190793
2024-08-14 22:22:00+00:00,544.16,544.13,544.21,1,1100,544.130072661217,4.6104940529253776e-08,-5.429792369726627e-05
2024-08-14 22:23:00+00:00,544.23,544.16,544.23,10,1040,544.1606666666668,2.259120142628414e-08,4.5930227381640876e-05
2024-08-14 22:24:00+00:00,544.23,544.17,544.22,1100,1100,544.195,3.492488237025836e-08,-0.0001432442207933704
2024-08-14 22:25:00+00:00,544.14,544.09,544.13,855,1100,544.1074936061381,1.1808267321360219e-08,-1.3194947867334328e-05
2024-08-14 22:26:00+00:00,544.16,544.1,544.16,1,190,544.1003141361257,1.0366947351006477e-07,-0.0001557774887608332
2024-08-14 22:27:00+00:00,543.94,543.98,544.04,1600,1100,544.0155555555556,8.728583175140236e-08,-8.381281610347902e-05
2024-08-14 22:28:00+00:00,544.0,543.95,543.97,500,1,543.9699600798403,2.2103412012045432e-08,5.619744421125894e-05
2024-08-14 22:29:00+00:00,543.97,543.96,544.05,1360,1660,544.0005298013245,9.057513560723318e-09,-0.000111202953529288
2024-08-14 22:30:00+00:00,544.01,543.94,543.99,1,1414,543.9400353356891,4.622415146448519e-08,9.073063649833735e-05
2024-08-14 22:31:00+00:00,543.98,543.98,544.0,973,1100,543.9893873613121,3.936996563985035e-09,9.206583533982737e-05
2024-08-14 22:32:00+00:00,544.01,543.99,544.08,1660,1360,544.0394701986755,1.417875151853002e-08,-4.854238641194275e-05
2024-08-14 22:33:00+00:00,544.01,544.01,544.04,125,1100,544.0130612244898,1.7113663296366206e-11,-2.107175276599982e-06
2024-08-14 22:34:00+00:00,544.01,544.01,544.04,75,1100,544.011914893617,1.1234419196803194e-09,3.255029422621902e-05
2024-08-14 22:35:00+00:00,544.05,544.01,544.03,52,1,544.0296226415094,3.2655845311245722e-09,1.4765517231118963e-07
2024-08-14 22:36:00+00:00,544.01,544.0,544.03,100,1,544.0297029702971,1.2816068918716286e-08,5.238478013591674e-07
2024-08-14 22:37:00+00:00,544.0,544.01,544.03,1660,1,544.0299879590608,9.580398580139769e-09,6.665990571974589e-06
2024-08-14 22:38:00+00:00,544.03,544.01,544.08,560,1100,544.0336144578314,1.9651739326758374e-08,8.521634794589339e-05
2024-08-14 22:39:00+00:00,544.09,544.04,544.08,1600,1,544.0799750156153,1.3727255610965612e-08,-3.0885687177906185e-05
2024-08-14 22:40:00+00:00,544.08,544.04,544.09,1100,1100,544.065,3.7166800972092867e-09,2.4378794650559144e-05
2024-08-14 22:41:00+00:00,544.07,544.06,544.1,560,803,544.0764343360235,5.610219252933585e-09,4.321503691362416e-05
2024-08-14 22:42:00+00:00,544.08,544.08,544.1,500,3,544.0998807157057,4.055083568993082e-09,0.00010531108843236936
2024-08-14 22:43:00+00:00,544.12,544.15,544.16,500,190,544.1572463768116,2.0910691089975716e-08,-0.00013851028781386443
2024-08-14 22:44:00+00:00,544.11,544.06,544.13,500,1100,544.081875,3.586045749438339e-08,-9.276451495099369e-05
2024-08-14 22:45:00+00:00,544.0,543.99,544.07,500,1100,544.015,1.9858015485219356e-08,8.932662878402553e-05
2024-08-14 22:46:00+00:00,544.0,544.04,544.11,1300,1100,544.0779166666666,3.699100865629659e-09,-2.3160393425314396e-06
2024-08-14 22:47:00+00:00,544.11,544.04,544.11,1300,1049,544.0787398893145,2.5963061900136608e-09,-9.937083706446082e-06
2024-08-14 22:48:00+00:00,544.11,544.03,544.11,1300,1100,544.0733333333334,1.49158752148795e-08,-8.831305918544086e-05
2024-08-14 22:49:00+00:00,544.11,544.0,544.07,622,1100,544.0252845528455,1.418537256583441e-08,0.00013675464900142487
2024-08-14 22:50:00+00:00,544.1,544.06,544.1,500,4,544.0996825396825,8.845842572980466e-09,-9.360883918307916e-05
2024-08-14 22:51:00+00:00,544.1,544.03,544.09,500,1100,544.04875,7.798929383889066e-09,9.405465728029583e-05
2024-08-14 22:52:00+00:00,544.1,544.08,544.1,500,2,544.099920318725,1.0484357912380232e-08,3.359015854220715e-05
2024-08-14 22:53:00+00:00,544.1,544.11,544.12,500,110,544.1181967213114,2.8908669780059787e-08,9.513256281623583e-05
2024-08-14 22:54:00+00:00,544.12,544.15,544.17,500,1,544.1699600798404,1.649843338901155e-08,-0.00011652248881000027
2024-08-14 22:55:00+00:00,544.12,544.08,544.12,2162,1095,544.1065520417562,1.67278199556589e-13,-3.93734371884058e-07
2024-08-14 22:56:00+00:00,544.08,544.08,544.12,2109,1094,544.1063378083047,3.6908128303697304e-10,-2.9971341429235743e-05
2024-08-14 22:57:00+00:00,544.1,544.09,544.1,3,990,544.0900302114804,3.3072487516124787e-15,5.399273472761479e-09
2024-08-14 22:58:00+00:00,544.09,544.09,544.1,103,902,544.091024875622,6.573713651569771e-11,1.8966338717341102e-06
2024-08-14 22:59:00+00:00,544.1,544.09,544.1,36,302,544.0910650887574,6.580932754675171e-10,3.8940633409145775e-05
2024-08-14 23:00:00+00:00,544.09,544.08,544.13,1999,1100,544.1122523394642,3.2132033393651616e-09,1.0068064018486922e-05
2024-08-14 23:01:00+00:00,544.09,544.1,544.12,500,64,544.117730496454,1.0264682462937692e-08,0.0001648538641010333
2024-08-14 23:02:00+00:00,544.2,544.2,544.21,347,120,544.2074304068523,1.4141250208030257e-08,4.4283088437069296e-05
2024-08-14 23:03:00+00:00,544.22,544.22,544.25,500,801,544.2315295926211,3.415688379287018e-08,6.834774745057004e-05
2024-08-14 23:04:00+00:00,544.3,544.25,544.29,500,1100,544.2625,6.931707834681766e-09,4.521064755458326e-05
2024-08-14 23:05:00+00:00,544.28,544.26,544.3,500,100,544.2933333333333,7.309221599473428e-09,-6.024207965915629e-06
2024-08-14 23:06:00+00:00,544.3,544.29,544.32,3,1028,544.2900872938894,5.843285850780511e-10,-1.610813357144636e-07
2024-08-14 23:07:00+00:00,544.29,544.27,544.29,600,1,544.2899667221299,9.24261835446906e-09,0.00011018648385485719
2024-08-14 23:08:00+00:00,544.34,544.32,544.35,500,1,544.3499401197605,1.1622380602347135e-08,5.503827158270802e-05
2024-08-14 23:09:00+00:00,544.36,544.33,544.38,500,1,544.3799001996008,7.29835862550734e-09,-0.00014673949987376034
2024-08-14 23:10:00+00:00,544.3,544.25,544.32,1300,1100,544.2879166666667,1.0241684345664204e-09,-2.6443440793499917e-05
2024-08-14 23:11:00+00:00,544.28,544.27,544.32,500,1100,544.285625,1.9950783821298394e-09,-1.216050638830346e-05
2024-08-14 23:12:00+00:00,544.29,544.26,544.32,510,1100,544.2790062111801,2.2803686861366916e-09,3.802601033786601e-05
2024-08-14 23:13:00+00:00,544.29,544.27,544.3,100,1,544.299702970297,0.0,0.0
2024-08-14 23:14:00+00:00,544.29,544.27,544.3,100,1,544.299702970297,7.513672458324603e-09,-5.825130685244151e-05
2024-08-14 23:15:00+00:00,544.26,544.26,544.3,500,2001,544.2679968012795,3.2825933908113665e-09,2.207052673175447e-05
2024-08-14 23:16:00+00:00,544.26,544.28,544.29,1,1100,544.2800090826522,3.3670610168449104e-09,-4.440834300756258e-05
2024-08-14 23:17:00+00:00,544.3,544.24,544.29,510,1100,544.2558385093167,9.147090536424162e-10,-1.7541600682458025e-05
2024-08-14 23:18:00+00:00,544.23,544.23,544.29,410,1100,544.2462913907285,3.5179121788668226e-09,8.392491250508449e-05
2024-08-14 23:19:00+00:00,544.29,544.29,544.3,492,2009,544.2919672131147,7.210172033395785e-08,-0.00017880909848844162
2024-08-14 23:20:00+00:00,544.16,544.15,544.2,500,60,544.1946428571429,1.0872833582792364e-08,3.092226524703534e-05
2024-08-14 23:21:00+00:00,544.2,544.21,544.22,10,58,544.2114705882353,1.1894835827805897e-08,-7.68836396639605e-05
2024-08-14 23:22:00+00:00,544.21,544.13,544.17,1600,58,544.1686007237636,1.2522618634248636e-09,-1.3919988725241694e-05
2024-08-14 23:23:00+00:00,544.16,544.16,544.17,15,58,544.1620547945206,1.9117160178721305e-09,1.473421509290418e-05
2024-08-14 23:24:00+00:00,544.2,544.17,544.21,2,1100,544.1700725952813,1.4681568014797796e-20,1.2116752046154033e-10
2024-08-14 23:25:00+00:00,544.21,544.17,544.21,2,1099,544.1700726612171,1.427105859698978e-13,2.1508106717860187e-07
2024-08-14 23:26:00+00:00,544.21,544.17,544.2,7,1100,544.170189701897,8.987282294060937e-10,-1.7851175650562823e-05
2024-08-14 23:27:00+00:00,544.16,544.16,544.18,39,1100,544.160684811238,2.4274009075179136e-08,-2.380306739868665e-05
2024-08-14 23:28:00+00:00,544.12,544.12,544.15,1100,99,544.1475229357799,1.085916672262256e-08,-3.859467472366873e-05
2024-08-14 23:29:00+00:00,544.11,544.12,544.14,25,90,544.1243478260869,3.3526100484724395e-10,-3.1763765072634342e-06
2024-08-14 23:30:00+00:00,544.16,544.1,544.16,500,710,544.1247933884298,3.556181028485259e-08,-0.00037700040737775886
2024-08-14 23:31:00+00:00,543.91,543.9,543.92,100,60,543.9125,7.594800483367746e-08,-0.00030050013110438645
2024-08-14 23:32:00+00:00,543.75,543.75,543.8,156,1100,543.7562101910828,7.658592233508245e-08,0.00020790395779890503
2024-08-14 23:33:00+00:00,543.83,543.81,543.91,1600,1100,543.8692592592593,1.3287213915502029e-08,1.9782200674223205e-05
2024-08-14 23:34:00+00:00,543.92,543.84,543.92,1100,1099,543.8800181900865,3.784755205554285e-08,-0.00010154788017802119
2024-08-14 23:35:00+00:00,543.84,543.77,543.87,33,1600,543.7720208205756,4.840449813582246e-08,9.072795918441123e-05
2024-08-14 23:36:00+00:00,543.87,543.87,543.92,32,1100,543.8714134275618,3.699056831878734e-09,5.78127684591756e-06
2024-08-14 23:37:00+00:00,543.87,543.85,543.91,25,830,543.8517543859649,7.287591889513712e-08,-0.00013594867380406495
2024-08-14 23:38:00+00:00,543.85,543.8,543.84,100,1100,543.8033333333333,2.35873460857005e-08,9.041258788422546e-05
2024-08-14 23:39:00+00:00,543.77,543.83,543.85,3,1100,543.8300543970988,3.509638905620242e-09,-4.298392696777675e-06
2024-08-14 23:40:00+00:00,543.85,543.85,543.87,9,1100,543.8501623083858,8.509169036949097e-09,-2.564468317411972e-05
2024-08-14 23:41:00+00:00,543.82,543.81,543.86,1100,998,543.8362154432792,1.9366423505265187e-08,-4.80972603912333e-05
2024-08-14 23:42:00+00:00,543.86,543.81,543.86,2,1710,543.8100584112149,1.311832655767786e-08,9.264812583786863e-08
2024-08-14 23:43:00+00:00,543.82,543.81,543.85,3,1100,543.8101087941976,8.592995576609745e-10,-1.8488528588433972e-05
2024-08-14 23:44:00+00:00,543.81,543.8,543.86,1,1099,543.8000545454545,1.0766522805938669e-08,7.961392966349123e-05
2024-08-14 23:45:00+00:00,543.86,543.8,543.88,1301,1100,543.843348604748,1.4069756902116528e-08,-0.000155097244389224
2024-08-14 23:46:00+00:00,543.76,543.75,543.76,1350,150,543.759,8.9466543092707e-09,-0.00012674439292337247
2024-08-14 23:47:00+00:00,543.7,543.69,543.72,3,1100,543.6900815956484,1.3555432285202973e-07,-0.00016488875866349506
2024-08-14 23:48:00+00:00,543.71,543.6,543.66,8,1100,543.6004332129964,2.1396669935144928e-08,0.00014636998453654293
2024-08-14 23:49:00+00:00,543.65,543.65,543.71,1100,1100,543.68,2.4519499955216537e-09,-3.076380171573856e-05
2024-08-14 23:50:00+00:00,543.65,543.65,543.7,600,1100,543.6676470588235,2.1541984067146853e-08,-7.040081258002928e-05
2024-08-14 23:51:00+00:00,543.62,543.59,543.66,1100,1100,543.625,1.96284479398248e-08,2.9668629889734177e-05
2024-08-14 23:52:00+00:00,543.6,543.62,543.67,5,1100,543.6202262443438,1.308927360224049e-08,-5.720913121598503e-05
2024-08-14 23:53:00+00:00,543.64,543.61,543.64,1,1095,543.6100273722628,2.2496063610883548e-08,9.277800802665048e-05
2024-08-14 23:54:00+00:00,543.62,543.62,543.69,1100,803,543.6604624277458,4.353068318514428e-10,-2.0813254055673802e-05
2024-08-14 23:55:00+00:00,543.65,543.63,543.65,1100,49,543.6491470844212,1.6584948269672258e-08,5.697756284472888e-05
2024-08-14 23:56:00+00:00,543.72,543.68,543.76,2,1300,543.6801228878647,2.521009880893998e-08,0.00010762482075099555
2024-08-14 23:57:00+00:00,543.75,543.73,543.75,152,200,543.7386363636364,1.4622163614581025e-08,3.0322662770476683e-05
2024-08-14 23:58:00+00:00,543.75,543.73,543.77,152,90,543.7551239669422,3.546464147620251e-09,-3.950637607130769e-05
2024-08-14 23:59:00+00:00,543.75,543.74,543.76,100,1100,543.7416666666667,1.6639534979506332e-08,-0.00012470966284106044
