ts_recv,price,bid_px_00,ask_px_00,bid_sz_00,ask_sz_00,weighted_mid,rv_60s,ret_60s
2023-04-11 08:01:00+00:00,409.92,409.91,409.94,400,400,409.925,9.360513318265934e-08,0.0001301051005264675
2023-04-11 08:02:00+00:00,409.92,409.97,410.0,500,1300,409.97833333333335,1.8318682644502805e-08,-8.130510961934512e-06
2023-04-11 08:03:00+00:00,409.99,409.96,409.99,400,400,409.975,1.9377289744592152e-08,0.0002561131776326331
2023-04-11 08:04:00+00:00,410.1,410.06,410.1,400,400,410.08,2.2587563388414237e-08,-2.3598857186168942e-06
2023-04-11 08:05:00+00:00,410.11,410.05,410.1,1800,1300,410.0790322580645,1.3500277356747632e-08,-7.93442486549667e-05
2023-04-11 08:06:00+00:00,410.07,410.03,410.05,400,85,410.0464948453608,1.4647805310301553e-08,8.548188274337676e-06
2023-04-11 08:07:00+00:00,410.05,410.04,410.06,400,400,410.05,2.70488744388655e-08,-1.4345452850061946e-06
2023-04-11 08:08:00+00:00,410.06,410.04,410.08,400,1300,410.0494117647059,4.524566964926623e-08,-0.00019509843863863008
2023-04-11 08:09:00+00:00,410.0,409.96,410.0,400,1300,409.9694117647059,2.2904726962815913e-08,7.4611018325621e-05
2023-04-11 08:10:00+00:00,410.04,409.98,410.02,400,1700,409.98761904761903,2.736848972417233e-08,0.00015967663925930964
2023-04-11 08:11:00+00:00,410.08,410.05,410.07,1365,400,410.06546742209633,9.573902706250189e-09,-9.868527177081532e-05
2023-04-11 08:12:00+00:00,410.07,410.01,410.04,400,400,410.025,3.5678686256919596e-08,0.00032627397794016133
2023-04-11 08:13:00+00:00,410.13,410.11,410.16,400,10,410.1587804878049,3.428040348182379e-08,6.392527343668242e-05
2023-04-11 08:14:00+00:00,410.17,410.15,410.2,1800,400,410.1909090909091,2.8534105551740142e-08,-0.00015730416647075085
2023-04-11 08:15:00+00:00,410.12,410.08,410.13,1700,400,410.1204761904762,3.2459273006654765e-08,2.3221980068433012e-05
2023-04-11 08:16:00+00:00,410.15,410.11,410.15,400,187,410.13725724020446,8.079828175375154e-09,3.2510017148990045e-05
2023-04-11 08:17:00+00:00,410.17,410.13,410.15,400,400,410.14,5.443447940766865e-09,0.00013816308119918297
2023-04-11 08:18:00+00:00,410.17,410.19,410.21,400,400,410.2,3.3501167015283955e-09,7.3135056070317e-05
2023-04-11 08:19:00+00:00,410.17,410.21,410.25,400,400,410.23,4.831293221088035e-09,1.5367837130630946e-05
2023-04-11 08:20:00+00:00,410.25,410.21,410.25,400,336,410.2317391304348,1.2722418031887726e-08,-3.1795036478099448e-06
2023-04-11 08:21:00+00:00,410.25,410.22,410.25,400,400,410.235,9.652085995341789e-09,-9.312012174611528e-05
2023-04-11 08:22:00+00:00,410.23,410.18,410.22,500,1365,410.1907238605898,1.6765889869007927e-08,1.9993167102105858e-05
2023-04-11 08:23:00+00:00,410.21,410.19,410.22,400,400,410.205,5.250150714811813e-09,-5.6848325968861246e-05
2023-04-11 08:24:00+00:00,410.21,410.18,410.19,101,500,410.1816805324459,7.730967371415504e-09,-2.035000466560355e-05
2023-04-11 08:25:00+00:00,410.18,410.13,410.19,1300,500,410.17333333333335,1.9972089284534018e-08,-0.0001802203181437978
2023-04-11 08:26:00+00:00,410.14,410.09,410.13,400,1300,410.0994117647059,2.2968793975177037e-08,-8.297292886827456e-05
2023-04-11 08:27:00+00:00,410.08,410.05,410.09,400,400,410.07,1.1721405411729358e-08,0.00015613887863596965
2023-04-11 08:28:00+00:00,410.12,410.12,410.16,400,1300,410.1294117647059,2.123080836747819e-08,-0.00016111605136592821
2023-04-11 08:29:00+00:00,410.1,410.05,410.08,400,500,410.06333333333333,2.3769555878744502e-08,-0.0001486495036271407
2023-04-11 08:30:00+00:00,410.02,409.98,410.03,400,900,409.99538461538464,2.4362063060946423e-08,0.00032346733790045157
2023-04-11 08:31:00+00:00,410.02,410.12,410.15,400,400,410.135,2.7478167695505367e-08,3.5139075440726586e-05
2023-04-11 08:32:00+00:00,410.15,410.14,410.18,400,1300,410.14941176470586,6.37756281883078e-09,-5.3133605612321055e-05
2023-04-11 08:33:00+00:00,410.15,410.12,410.16,400,1700,410.127619047619,1.2676114945235878e-08,1.7996721113577863e-05
2023-04-11 08:34:00+00:00,410.15,410.12,410.15,400,400,410.135,1.8202481442736727e-08,-7.314664683577554e-05
2023-04-11 08:35:00+00:00,410.11,410.09,410.12,400,400,410.105,2.3541851694427904e-09,-6.095999804933694e-05
2023-04-11 08:36:00+00:00,410.11,410.06,410.1,400,400,410.08,2.0172619614532563e-08,3.0191553796798942e-05
2023-04-11 08:37:00+00:00,410.1,410.06,410.1,1700,400,410.09238095238095,1.8009768687229845e-08,-3.019064229436985e-05
2023-04-11 08:38:00+00:00,410.1,410.06,410.1,400,400,410.08,7.990935704516288e-09,1.2192742879335583e-05
2023-04-11 08:39:00+00:00,410.05,410.07,410.1,438,400,410.0856801909308,9.5544700744337e-09,-5.283457494575927e-05
2023-04-11 08:40:00+00:00,410.09,410.05,410.08,400,500,410.06333333333333,1.3106052476532175e-08,0.00011192767596246433
2023-04-11 08:41:00+00:00,410.09,410.09,410.14,500,800,410.10923076923075,1.2361709887688413e-08,-5.9083696276052144e-05
2023-04-11 08:42:00+00:00,410.09,410.09,410.13,400,1300,410.0994117647059,1.2036756466604852e-08,-5.679399722025025e-05
2023-04-11 08:43:00+00:00,410.08,410.04,410.08,400,337,410.0617096336499,4.515653725169995e-09,-1.6362497380906227e-05
2023-04-11 08:44:00+00:00,410.02,410.04,410.07,400,400,410.055,1.2315286032323507e-08,-7.316091743803099e-05
2023-04-11 08:45:00+00:00,410.02,410.01,410.04,400,400,410.025,1.313022426910964e-08,-9.755502713237885e-05
2023-04-11 08:46:00+00:00,410.0,409.97,410.0,400,400,409.985,1.668921735602447e-08,-6.910821940642187e-05
2023-04-11 08:47:00+00:00,410.0,409.95,410.0,500,400,409.97777777777776,1.376779833901989e-08,8.069882290628883e-06
2023-04-11 08:48:00+00:00,409.94,409.94,409.98,399,400,409.9599749687109,3.015370852470043e-08,0.00034697839349351334
2023-04-11 08:49:00+00:00,410.04,410.08,410.12,500,400,410.1022222222222,1.3246329356468147e-08,-0.00022139273057752984
2023-04-11 08:50:00+00:00,410.04,410.0,410.03,400,500,410.0133333333333,2.1663008445025508e-08,0.0001794375069683607
2023-04-11 08:51:00+00:00,410.04,410.07,410.1,400,400,410.085,3.0367847397519264e-08,-6.633368000164008e-05
2023-04-11 08:52:00+00:00,410.08,410.08,410.09,222,400,410.08356913183275,8.087532077084029e-09,8.283503752037902e-05
2023-04-11 08:53:00+00:00,410.1,410.08,410.13,400,1300,410.0917647058823,4.632068637925731e-09,3.904753343908496e-05
2023-04-11 08:54:00+00:00,410.13,410.09,410.13,400,500,410.10777777777776,1.2998203817999649e-08,7.857013197076768e-05
2023-04-11 08:55:00+00:00,410.13,410.12,410.16,400,400,410.14,1.689082003042828e-08,0.00010971863266195925
2023-04-11 08:56:00+00:00,410.13,410.17,410.21,400,400,410.19,1.680396485033803e-08,0.00022544102654298293
2023-04-11 08:57:00+00:00,410.29,410.25,410.3,1700,1394,410.2774725274725,4.698667630927554e-10,-5.889886195986627e-06
2023-04-11 08:58:00+00:00,410.29,410.26,410.29,403,400,410.27505603985054,3.316016899507704e-08,6.913448714862547e-05
2023-04-11 08:59:00+00:00,410.33,410.31,410.33,400,332,410.3209289617487,1.0168704381551002e-08,8.915305785861527e-05
2023-04-11 09:00:00+00:00,410.34,410.33,410.35,400,400,410.34,4.458891839383323e-08,0.00011060246474792201
2023-04-11 09:01:00+00:00,410.41,410.37,410.42,400,900,410.3853846153846,1.9716473161044456e-08,-6.565973796679447e-05
2023-04-11 09:02:00+00:00,410.38,410.35,410.37,300,411,410.3584388185654,7.172649740586871e-08,0.00023530935957505328
2023-04-11 09:03:00+00:00,410.47,410.44,410.47,400,400,410.455,3.0695682015627933e-08,0.00021926886016743197
2023-04-11 09:04:00+00:00,410.55,410.53,410.56,544,400,410.54728813559325,3.7576170548173055e-08,-3.9243228175056544e-05
2023-04-11 09:05:00+00:00,410.52,410.49,410.54,1300,900,410.51954545454544,3.63608716592245e-08,8.119607227530246e-05
2023-04-11 09:06:00+00:00,410.57,410.54,410.58,500,400,410.5622222222222,7.029205326395651e-09,-4.194789800426868e-05
2023-04-11 09:07:00+00:00,410.55,410.53,410.56,400,400,410.545,1.1227324933274038e-08,-5.757313725995861e-05
2023-04-11 09:08:00+00:00,410.55,410.51,410.56,500,1700,410.5213636363636,1.4613727795859157e-08,3.3217183913691883e-05
2023-04-11 09:09:00+00:00,410.55,410.52,410.55,400,400,410.535,1.6699164853948285e-08,-0.00018268844312918642
2023-04-11 09:10:00+00:00,410.45,410.44,410.48,400,400,410.46,7.248446666089063e-09,3.248387987464518e-05
2023-04-11 09:11:00+00:00,410.47,410.46,410.49,400,500,410.47333333333336,1.063364158468535e-08,-7.665271913293026e-05
2023-04-11 09:12:00+00:00,410.45,410.43,410.45,400,174,410.44393728222997,1.7107933243402053e-08,-5.3282663953879705e-05
2023-04-11 09:13:00+00:00,410.45,410.4,410.43,10,400,410.40073170731705,1.434816958699142e-08,-8.621562152100193e-05
2023-04-11 09:14:00+00:00,410.37,410.36,410.4,400,400,410.38,2.5257452950520198e-08,-9.724902144536696e-05
2023-04-11 09:15:00+00:00,410.39,410.34,410.36,400,1300,410.34470588235297,8.756205377140138e-09,9.819577801151169e-05
2023-04-11 09:16:00+00:00,410.34,410.37,410.4,400,400,410.385,1.2707571800528796e-08,0.0001787816429850153
2023-04-11 09:17:00+00:00,410.43,410.42,410.45,400,400,410.435,2.265939822961285e-08,7.70618844907478e-05
2023-04-11 09:18:00+00:00,410.46,410.47,410.51,400,400,410.49,1.7179760189465294e-08,4.872225876395575e-05
2023-04-11 09:19:00+00:00,410.46,410.49,410.53,400,400,410.51,1.1656071609307754e-08,1.7882732363361242e-05
2023-04-11 09:20:00+00:00,410.53,410.5,410.53,400,292,410.51734104046244,1.4183383283977487e-08,-7.222285103714032e-05
2023-04-11 09:21:00+00:00,410.53,410.46,410.5,900,400,410.4876923076923,8.84636237005398e-09,4.770038163703916e-05
2023-04-11 09:22:00+00:00,410.5,410.5,410.54,400,1800,410.5072727272727,1.2081215423435224e-08,-0.00013927457217832728
2023-04-11 09:23:00+00:00,410.5,410.45,410.47,2,400,410.45009950248755,1.3979816376112686e-08,-7.325806610303243e-05
2023-04-11 09:24:00+00:00,410.45,410.42,410.44,2,1300,410.4200307219662,3.867452767158826e-08,0.00020703004647293355
2023-04-11 09:25:00+00:00,410.47,410.52,410.56,400,1302,410.5294007050528,2.022465040605422e-08,0.00015635534835922726
2023-04-11 09:26:00+00:00,410.57,410.56,410.6,1300,1,410.5999692544197,1.7467897036004212e-08,4.026028755688138e-05
2023-04-11 09:27:00+00:00,410.6,410.58,410.61,400,400,410.595,1.7530522626458924e-08,1.043805017220123e-05
2023-04-11 09:28:00+00:00,410.61,410.58,410.6,416,400,410.59019607843135,4.866325049215294e-09,0.0
2023-04-11 09:29:00+00:00,410.59,410.58,410.61,400,900,410.58923076923077,1.2323281846708232e-08,-6.125700857662064e-05
2023-04-11 09:30:00+00:00,410.55,410.55,410.58,392,400,410.5648484848485,1.7465258643426384e-08,3.2605833934828965e-05
2023-04-11 09:31:00+00:00,410.56,410.54,410.59,1300,400,410.57823529411763,1.2958492956037861e-08,-4.001954330479229e-06
2023-04-11 09:32:00+00:00,410.56,410.56,410.59,500,400,410.57666666666665,3.5265101648511727e-09,-5.258989231782252e-05
2023-04-11 09:33:00+00:00,410.56,410.53,410.58,400,400,410.555,1.7588131362567616e-08,6.164649888695806e-05
2023-04-11 09:34:00+00:00,410.59,410.59,410.6,500,9,410.5998231827112,4.5730494797573785e-08,-7.357763400828166e-05
2023-04-11 09:35:00+00:00,410.6,410.55,410.59,1,400,410.5500997506234,1.7590712064183487e-08,0.0002162687046463052
2023-04-11 09:36:00+00:00,410.65,410.63,410.67,400,1400,410.6388888888889,2.1519485812955592e-08,-0.00019211256172635416
2023-04-11 09:37:00+00:00,410.65,410.53,410.59,400,400,410.56,5.725206449162072e-09,6.089243959461754e-05
2023-04-11 09:38:00+00:00,410.65,410.57,410.6,400,400,410.585,1.1576793882669667e-08,6.714077662040019e-05
2023-04-11 09:39:00+00:00,410.63,410.59,410.63,400,309,410.6125669957687,2.8634770734101394e-09,5.4633019138661254e-05
2023-04-11 09:40:00+00:00,410.63,410.61,410.66,1300,1300,410.635,1.683262428913967e-07,0.0003774641713445437
2023-04-11 09:41:00+00:00,410.8,410.78,410.8,400,400,410.79,1.2800354772232498e-08,-0.00012171669222715842
2023-04-11 09:42:00+00:00,410.77,410.72,410.76,400,400,410.74,1.0073364344430502e-08,-0.00014750994618040192
2023-04-11 09:43:00+00:00,410.74,410.67,410.71,400,1300,410.6794117647059,1.5851997480899046e-08,9.883192127824181e-05
2023-04-11 09:44:00+00:00,410.73,410.71,410.73,400,400,410.72,1.8283748862786816e-08,-0.00026925456587001406
2023-04-11 09:45:00+00:00,410.73,410.6,410.64,400,1300,410.6094117647059,3.7173232693805112e-09,7.054542064199865e-05
2023-04-11 09:46:00+00:00,410.62,410.62,410.66,340,400,410.63837837837843,1.3043335648000556e-08,0.00012029903194732405
2023-04-11 09:47:00+00:00,410.72,410.67,410.7,400,400,410.685,5.667643564657204e-09,-9.420019484451814e-05
2023-04-11 09:48:00+00:00,410.72,410.64,410.69,400,1800,410.6490909090909,6.987654843922804e-09,-3.4290341108134115e-05
2023-04-11 09:49:00+00:00,410.68,410.61,410.66,1301,1300,410.63500961168785,5.799833720865375e-09,6.064724764831553e-06
2023-04-11 09:50:00+00:00,410.68,410.63,410.65,400,400,410.64,1.8250936029299024e-08,-4.166166786334635e-05
2023-04-11 09:51:00+00:00,410.68,410.62,410.64,10,500,410.62039215686275,3.1133745385589985e-08,1.7508975738156352e-06
2023-04-11 09:52:00+00:00,410.61,410.62,410.66,400,1400,410.62888888888887,4.2167747605818266e-08,0.0002898349414059975
2023-04-11 09:53:00+00:00,410.73,410.73,410.75,410,400,410.7401234567901,1.701046573938664e-08,7.417044686941487e-05
2023-04-11 09:54:00+00:00,410.71,410.77,410.8,25,400,410.77176470588233,6.710872055952359e-10,-2.5594389246874627e-05
2023-04-11 09:55:00+00:00,410.71,410.76,410.79,1,400,410.7600748129676,6.679392556135554e-09,9.807825854024621e-05
2023-04-11 09:56:00+00:00,410.71,410.8,410.81,15,400,410.8003614457831,2.6018059749606567e-08,-0.00012954854385449632
2023-04-11 09:57:00+00:00,410.76,410.74,410.75,1000,400,410.7471428571429,3.009077867309415e-08,9.21665397202176e-05
2023-04-11 09:58:00+00:00,410.79,410.77,410.8,400,400,410.785,1.9912127244861003e-08,7.30309042442645e-05
2023-04-11 09:59:00+00:00,410.81,410.78,410.81,400,500,410.79333333333335,2.6869555815508746e-08,1.1269378259459728e-05
2023-04-11 10:00:00+00:00,410.8,410.79,410.82,400,5,410.8196296296297,3.0894906818674486e-08,-7.212320807636896e-05
2023-04-11 10:01:00+00:00,410.79,410.77,410.81,400,400,410.79,3.986143429455428e-08,6.085834611346819e-05
2023-04-11 10:02:00+00:00,410.85,410.8,410.83,400,400,410.815,1.881212212590688e-08,0.00010833628966699926
2023-04-11 10:03:00+00:00,410.84,410.84,410.86,800,5,410.85987577639753,1.0956780416943347e-08,-0.0001813422148450039
2023-04-11 10:04:00+00:00,410.8,410.77,410.8,400,400,410.785,1.1146152225619555e-08,-6.897363178637317e-05
2023-04-11 10:05:00+00:00,410.72,410.74,410.77,500,400,410.75666666666666,3.2901933414353107e-08,-0.00010143880805346672
2023-04-11 10:06:00+00:00,410.69,410.7,410.73,400,400,410.715,7.310177813210926e-09,3.5089453041425855e-05
2023-04-11 10:07:00+00:00,410.69,410.72,410.76,400,1300,410.7294117647059,2.4954195405071023e-09,1.432172318960312e-06
2023-04-11 10:08:00+00:00,410.73,410.71,410.75,400,400,410.73,2.0904321997161937e-08,-3.65203418305482e-05
2023-04-11 10:09:00+00:00,410.74,410.7,410.73,400,400,410.715,6.027256935564501e-09,6.050696133663713e-05
2023-04-11 10:10:00+00:00,410.74,410.72,410.73,400,3,410.7299255583127,2.0136212061176634e-08,-7.267645577657689e-05
2023-04-11 10:11:00+00:00,410.69,410.69,410.73,400,400,410.71,8.722882625025422e-09,0.00013391444084631665
2023-04-11 10:12:00+00:00,410.75,410.75,410.78,400,400,410.765,9.553332073257376e-09,-0.00017717619022505904
2023-04-11 10:13:00+00:00,410.75,410.67,410.72,400,500,410.6922222222222,4.014322479629895e-08,0.00016503302013126664
2023-04-11 10:14:00+00:00,410.66,410.75,410.77,400,400,410.76,3.186852107044456e-08,6.072961195036086e-06
2023-04-11 10:15:00+00:00,410.81,410.76,410.78,57,400,410.76249452954045,1.0100748452471135e-08,0.0001405979971611515
2023-04-11 10:16:00+00:00,410.84,410.82,410.84,10,800,410.82024691358026,2.7558966961593336e-09,7.567005515296543e-06
2023-04-11 10:17:00+00:00,410.83,410.8,410.81,10,1300,410.80007633587786,5.0667627263748735e-09,-0.00010002827564892236
2023-04-11 10:18:00+00:00,410.8,410.76,410.8,502,400,410.7822616407982,7.996428412014842e-09,-5.3708832837395803e-05
2023-04-11 10:19:00+00:00,410.8,410.76,410.8,2,400,410.76019900497516,1.0329135048314191e-08,-2.7638634796045558e-05
2023-04-11 10:20:00+00:00,410.74,410.72,410.75,400,16,410.7488461538461,2.0905609772049554e-08,-0.00010674687039702313
2023-04-11 10:21:00+00:00,410.74,410.68,410.73,400,400,410.705,2.4900410501371536e-08,1.1992934862314897e-05
2023-04-11 10:22:00+00:00,410.71,410.7,410.71,400,3,410.70992555831265,1.344931014599782e-08,-0.00013926686945198163
2023-04-11 10:23:00+00:00,410.65,410.65,410.68,40,400,410.6527272727273,2.5612211907540468e-09,-9.350130052920846e-05
2023-04-11 10:24:00+00:00,410.63,410.61,410.63,110,398,410.61433070866144,1.5178606019642634e-08,7.469123468140104e-05
2023-04-11 10:25:00+00:00,410.63,410.62,410.67,400,400,410.645,1.577951999951324e-08,-5.131755757237233e-05
2023-04-11 10:26:00+00:00,410.65,410.62,410.65,50,332,410.62392670157067,2.4722787697719257e-08,-5.717528983484321e-06
2023-04-11 10:27:00+00:00,410.65,410.62,410.64,50,400,410.6222222222222,1.0518676968589314e-08,4.34288363098112e-05
2023-04-11 10:28:00+00:00,410.65,410.63,410.67,400,1300,410.63941176470587,2.4165617778505927e-08,6.231315008031757e-05
2023-04-11 10:29:00+00:00,410.65,410.65,410.68,400,400,410.665,1.0701765370877585e-08,1.7955484951981404e-05
2023-04-11 10:30:00+00:00,410.64,410.64,410.68,1698,400,410.67237368922787,6.088471948506036e-09,-1.795516255842511e-05
2023-04-11 10:31:00+00:00,410.68,410.65,410.68,400,400,410.665,2.396912149305169e-08,-0.00020268416864765992
2023-04-11 10:32:00+00:00,410.6,410.57,410.62,400,1300,410.58176470588234,6.875553326164075e-09,-5.730749338406227e-06
2023-04-11 10:33:00+00:00,410.6,410.57,410.61,400,1300,410.57941176470587,2.0514939907259232e-08,-0.000306930401032135
2023-04-11 10:34:00+00:00,410.46,410.42,410.48,502,400,410.4533924611974,3.0348628930429624e-08,7.475054035421813e-05
2023-04-11 10:35:00+00:00,410.48,410.46,410.51,1300,1400,410.4840740740741,2.6708568402471787e-08,-0.00014391319372708544
2023-04-11 10:36:00+00:00,410.45,410.41,410.44,400,400,410.425,5.531121035065259e-09,-4.7724081045918965e-05
2023-04-11 10:37:00+00:00,410.4,410.4,410.41,590,500,410.40541284403673,2.732168850571133e-09,-5.704808782724946e-05
2023-04-11 10:38:00+00:00,410.39,410.38,410.39,100,400,410.382,1.9076784499656298e-08,-4.142481882729587e-05
2023-04-11 10:39:00+00:00,410.38,410.35,410.38,400,400,410.365,1.1092561373462788e-08,3.655282492420753e-05
2023-04-11 10:40:00+00:00,410.38,410.37,410.39,400,400,410.38,2.067208357379544e-08,-2.249322391634223e-05
2023-04-11 10:41:00+00:00,410.38,410.36,410.41,400,1800,410.3690909090909,2.5028783219044685e-08,-4.11343671284925e-05
2023-04-11 10:42:00+00:00,410.35,410.34,410.39,500,1300,410.3538888888889,2.975372931338617e-08,4.0694987564204865e-05
2023-04-11 10:43:00+00:00,410.35,410.35,410.38,400,400,410.365,6.490066101187411e-09,7.173124997672531e-05
2023-04-11 10:44:00+00:00,410.41,410.36,410.41,1300,324,410.4000246305419,1.7809098692024673e-08,-5.675102926439024e-05
2023-04-11 10:45:00+00:00,410.38,410.36,410.38,1700,194,410.3779514255544,2.603130962662336e-08,-0.00010708041031104454
2023-04-11 10:46:00+00:00,410.27,410.33,410.36,30,1300,410.33067669172937,1.1648787879814901e-08,6.774388557251321e-05
2023-04-11 10:47:00+00:00,410.38,410.34,410.37,400,400,410.355,4.888578078397278e-09,1.690029954715122e-05
2023-04-11 10:48:00+00:00,410.35,410.33,410.38,400,133,410.3675234521576,9.26706400168692e-09,-7.925444948486682e-05
2023-04-11 10:49:00+00:00,410.38,410.31,410.36,1300,1300,410.335,3.414876671090791e-08,-3.4680856448310315e-05
2023-04-11 10:50:00+00:00,410.3,410.28,410.33,15,400,410.2818072289157,2.948625493271224e-08,-4.249333385830667e-05
2023-04-11 10:51:00+00:00,410.33,410.3,410.32,100,500,410.30333333333334,1.4774776619948254e-08,-0.00011779902673636489
2023-04-11 10:52:00+00:00,410.24,410.23,410.28,400,400,410.255,1.0338185921994449e-08,0.00013262913238332175
2023-04-11 10:53:00+00:00,410.24,410.3,410.34,400,1300,410.3094117647059,3.027111072741436e-08,-5.292021948877235e-06
2023-04-11 10:54:00+00:00,410.29,410.28,410.3,4,400,410.280198019802,1.8798639971823812e-08,6.76556467296141e-05
2023-04-11 10:55:00+00:00,410.35,410.32,410.35,400,400,410.335,2.7296913794376358e-08,4.0856144083223356e-05
2023-04-11 10:56:00+00:00,410.33,410.34,410.39,400,1300,410.3517647058824,2.288892367301306e-08,0.00018122092500072462
2023-04-11 10:57:00+00:00,410.41,410.4,410.43,2700,400,410.4261290322581,1.1861100643164468e-08,2.1614042368112152e-05
2023-04-11 10:58:00+00:00,410.45,410.42,410.45,400,400,410.435,9.10978109330781e-09,-2.4364393874765078e-05
2023-04-11 10:59:00+00:00,410.45,410.41,410.44,400,400,410.425,2.1220038214758712e-08,-2.0881168341757572e-05
2023-04-11 11:00:00+00:00,410.43,410.4,410.41,2301,500,410.40821492324176,3.019488688923363e-08,8.698856227562501e-06
2023-04-11 11:01:00+00:00,410.46,410.41,410.43,400,400,410.42,8.356282642313287e-09,0.00011553176189860181
2023-04-11 11:02:00+00:00,410.48,410.45,410.48,400,289,410.46741654571844,5.61536955802772e-08,-0.00016160164167777769
2023-04-11 11:03:00+00:00,410.49,410.4,410.43,15,400,410.4010843373494,5.73824308567855e-09,8.2731888221943e-05
2023-04-11 11:04:00+00:00,410.45,410.42,410.45,400,398,410.435037593985,2.7015065912392814e-08,-0.0001828245327807343
2023-04-11 11:05:00+00:00,410.39,410.34,410.38,400,400,410.36,2.981939332004661e-08,-0.00020607568328134818
2023-04-11 11:06:00+00:00,410.25,410.25,410.28,195,35,410.27543478260867,8.590246446302995e-08,-0.0005250979326189009
2023-04-11 11:07:00+00:00,410.04,410.05,410.09,400,400,410.07,4.371608817237672e-08,-8.53533629225911e-05
2023-04-11 11:08:00+00:00,410.05,410.01,410.03,300,400,410.0185714285714,6.390109511300921e-08,-2.4388756783122467e-05
2023-04-11 11:09:00+00:00,410.05,410.0,410.03,400,400,410.015,1.2104363357711976e-08,-3.6401563436538886e-05
2023-04-11 11:10:00+00:00,410.01,410.0,410.03,1,400,410.00007481296757,3.1886201119721364e-08,-3.676782979722404e-05
2023-04-11 11:11:00+00:00,410.0,409.97,410.0,400,400,409.985,3.6997926910531183e-08,9.485441879308887e-05
2023-04-11 11:12:00+00:00,410.05,410.01,410.06,500,1300,410.0238888888889,2.4494655044005828e-08,0.00010172849007439311
2023-04-11 11:13:00+00:00,410.08,410.06,410.08,35,90,410.06559999999996,7.3979124317414816e-09,-7.251455849455191e-06
2023-04-11 11:14:00+00:00,410.08,410.03,410.08,400,213,410.0626264274062,5.087757150563811e-08,-0.00042814826946413476
2023-04-11 11:15:00+00:00,409.93,409.88,409.91,400,1300,409.8870588235294,5.275937003778683e-08,8.180158666393211e-05
2023-04-11 11:16:00+00:00,409.92,409.89,409.93,1300,400,409.92058823529413,2.6773132576190486e-08,-0.000129508584876592
2023-04-11 11:17:00+00:00,409.91,409.86,409.88,400,400,409.87,1.578436510068389e-08,0.00015248830414704706
2023-04-11 11:18:00+00:00,409.91,409.92,409.94,400,400,409.93,2.453047827558772e-08,3.682174913421932e-05
2023-04-11 11:19:00+00:00,409.96,409.93,409.96,400,395,409.9450943396226,2.179065678997757e-08,-6.115533608019863e-05
2023-04-11 11:20:00+00:00,409.96,409.92,409.96,1,1665,409.9200240096038,1.579160766964344e-08,1.8416490865647006e-07
2023-04-11 11:21:00+00:00,409.96,409.92,409.94,2,400,409.9200995024876,8.76120475163054e-09,3.6349760674125875e-05
2023-04-11 11:22:00+00:00,409.92,409.92,409.95,400,400,409.935,6.2053196828024545e-09,8.107454625161381e-05
2023-04-11 11:23:00+00:00,409.99,409.93,409.98,1300,400,409.9682352941176,9.308776129680487e-09,-0.00012096602127087408
2023-04-11 11:24:00+00:00,409.91,409.91,409.93,293,385,409.91864306784663,1.4512758346207677e-08,-2.251984216095071e-05
2023-04-11 11:25:00+00:00,409.9,409.9,409.94,400,1300,409.9094117647059,1.7020548466866127e-08,-9.57750464453122e-05
2023-04-11 11:26:00+00:00,409.9,409.87,409.89,10,1300,409.87015267175576,6.3869053690958904e-09,4.8423453415269435e-05
2023-04-11 11:27:00+00:00,409.9,409.88,409.9,400,400,409.89,1.4867158727360328e-08,-3.131138744272288e-05
2023-04-11 11:28:00+00:00,409.87,409.87,409.89,335,600,409.87716577540107,9.017168927619832e-09,-0.00013947050524987237
2023-04-11 11:29:00+00:00,409.83,409.81,409.84,400,800,409.82,5.7020453185230064e-08,-0.00032240412760364823
2023-04-11 11:30:00+00:00,409.66,409.64,409.69,1800,80,409.6878723404255,4.1816787773278266e-08,0.00021266838844113956
2023-04-11 11:31:00+00:00,409.73,409.76,409.79,400,400,409.775,2.8621732127926887e-08,-0.00029284363370141175
2023-04-11 11:32:00+00:00,409.67,409.63,409.68,400,400,409.655,4.744509290393413e-08,1.0769463831605819e-05
2023-04-11 11:33:00+00:00,409.67,409.65,409.69,400,1300,409.6594117647059,3.489680342792656e-08,-9.620617413896859e-05
2023-04-11 11:34:00+00:00,409.61,409.6,409.64,400,400,409.62,1.5808518541821792e-08,1.558268327572776e-05
2023-04-11 11:35:00+00:00,409.62,409.62,409.64,15,32,409.62638297872337,2.6291444727870916e-08,-8.190478468106388e-05
2023-04-11 11:36:00+00:00,409.6,409.58,409.61,400,400,409.595,5.634201361697466e-08,-0.00023885334467521613
2023-04-11 11:37:00+00:00,409.49,409.48,409.51,400,400,409.495,3.8182656751136914e-08,-0.00019058469153687696
2023-04-11 11:38:00+00:00,409.41,409.4,409.43,520,400,409.4169565217391,6.541593765131361e-08,-0.00010958747258904555
2023-04-11 11:39:00+00:00,409.39,409.37,409.38,35,500,409.3706542056075,1.7644238925889662e-08,0.00018488858295584443
2023-04-11 11:40:00+00:00,409.44,409.42,409.47,500,400,409.4477777777778,4.363555724739847e-08,-1.0854728455411689e-05
2023-04-11 11:41:00+00:00,409.46,409.43,409.49,400,1400,409.4433333333333,1.935212466973934e-08,-9.362304918070219e-05
2023-04-11 11:42:00+00:00,409.41,409.4,409.43,100,500,409.405,7.080113217596659e-09,-6.570621386814413e-05
2023-04-11 11:43:00+00:00,409.38,409.36,409.38,400,42,409.3780995475113,3.096149318871735e-08,0.00010390557743589213
2023-04-11 11:44:00+00:00,409.36,409.42,409.45,26,1200,409.4206362153344,2.304127603779429e-08,0.00013278222897650238
2023-04-11 11:45:00+00:00,409.47,409.48,409.49,11,400,409.4802676399027,2.6096851169704508e-08,-2.4421515355199652e-05
2023-04-11 11:46:00+00:00,409.48,409.45,409.48,400,400,409.465,1.767305141353927e-08,0.00022677675224302973
2023-04-11 11:47:00+00:00,409.52,409.54,409.56,400,100,409.556,5.959700949481198e-08,-7.290091579592595e-05
2023-04-11 11:48:00+00:00,409.54,409.51,409.53,900,100,409.528,2.839732761516949e-08,3.427342732043037e-05
2023-04-11 11:49:00+00:00,409.54,409.53,409.56,67,100,409.5420359281437,2.9074069900491187e-08,-0.00020025048296201664
2023-04-11 11:50:00+00:00,409.47,409.46,409.47,1,400,409.4600249376559,4.541208162578443e-08,2.450774672135836e-05
2023-04-11 11:51:00+00:00,409.47,409.47,409.5,1,500,409.47005988023955,2.8972169262888944e-08,0.00018545951755943868
2023-04-11 11:52:00+00:00,409.6,409.53,409.55,400,100,409.546,1.2376371834989821e-08,8.844481992809072e-05
2023-04-11 11:53:00+00:00,409.54,409.56,409.6,500,400,409.58222222222224,3.261550074422203e-08,-1.356395676899158e-05
2023-04-11 11:54:00+00:00,409.58,409.56,409.59,500,400,409.57666666666665,3.418924021746155e-08,0.0001000554853145541
2023-04-11 11:55:00+00:00,409.6,409.61,409.62,1300,400,409.61764705882354,6.113047446806248e-09,-3.087527823653069e-05
2023-04-11 11:56:00+00:00,409.62,409.59,409.62,400,400,409.605,2.302012795240329e-08,5.1268905408852206e-05
2023-04-11 11:57:00+00:00,409.58,409.6,409.62,400,400,409.61,1.6654965151664152e-08,-1.4526052438457171e-05
2023-04-11 11:58:00+00:00,409.63,409.62,409.63,2,400,409.6200497512438,2.8428378859865457e-09,-4.429610140577189e-06
2023-04-11 11:59:00+00:00,409.6,409.58,409.63,1300,400,409.61823529411765,2.1917018100593043e-08,-6.757447832417274e-05
2023-04-11 12:00:00+00:00,409.56,409.54,409.61,1300,500,409.59055555555557,4.903332986771733e-08,-0.00017367566642745302
2023-04-11 12:01:00+00:00,409.52,409.5,409.51,35,400,409.5008045977012,3.1134240014602024e-08,7.172203447569636e-05
2023-04-11 12:02:00+00:00,409.56,409.54,409.58,400,1420,409.5487912087912,2.997746203608748e-08,5.66691727750257e-05
2023-04-11 12:03:00+00:00,409.58,409.57,409.58,100,54,409.5764935064935,5.226754675735087e-09,3.858985962690298e-05
2023-04-11 12:04:00+00:00,409.58,409.58,409.59,1702,478,409.5878073394495,1.6126893554970013e-08,-0.00010822359587170371
2023-04-11 12:05:00+00:00,409.52,409.52,409.58,900,1400,409.54347826086956,2.919841490295065e-08,7.157949682712328e-05
2023-04-11 12:06:00+00:00,409.55,409.56,409.59,400,538,409.5727931769723,4.635070237113976e-08,0.00012107194675703425
2023-04-11 12:07:00+00:00,409.62,409.59,409.63,1700,400,409.622380952381,2.6007082218396205e-08,-5.735053694444492e-05
2023-04-11 12:08:00+00:00,409.59,409.59,409.63,400,1400,409.5988888888889,2.4853915336036054e-08,0.00019751352627150887
2023-04-11 12:09:00+00:00,409.69,409.67,409.69,420,438,409.6797902097902,2.1664581965811644e-08,0.00011767675965934643
2023-04-11 12:10:00+00:00,409.74,409.72,409.74,400,388,409.73015228426397,3.2538439869218885e-08,0.00017084504842235226
2023-04-11 12:11:00+00:00,409.8,409.77,409.8,1400,100,409.798,2.9935776045996786e-08,7.808725274394135e-05
2023-04-11 12:12:00+00:00,409.84,409.82,409.85,900,100,409.847,9.952958854338502e-09,4.1659153140694016e-05
2023-04-11 12:13:00+00:00,409.85,409.84,409.86,493,901,409.8470731707317,7.827373177366526e-09,-8.25428060928779e-05
2023-04-11 12:14:00+00:00,409.8,409.8,409.82,196,100,409.8132432432432,1.678010582500407e-08,-3.275389955437191e-05
2023-04-11 12:15:00+00:00,409.78,409.79,409.8,701,11,409.79984550561795,1.9505894665784644e-08,6.80991301349465e-05
2023-04-11 12:16:00+00:00,409.83,409.81,409.84,1300,400,409.83294117647057,1.0387671194733461e-08,-9.728509619255643e-05
2023-04-11 12:17:00+00:00,409.78,409.76,409.79,500,100,409.785,4.915240409058928e-08,-2.9051036278815445e-06
2023-04-11 12:18:00+00:00,409.75,409.76,409.79,800,100,409.7866666666667,1.6566512180847978e-08,4.067156894649315e-05
2023-04-11 12:19:00+00:00,409.79,409.78,409.81,1400,1400,409.795,1.3132465578666439e-08,-5.422655311670965e-06
2023-04-11 12:20:00+00:00,409.78,409.79,409.83,400,1500,409.79842105263157,1.7081512213594406e-08,-8.755894588818869e-06
2023-04-11 12:21:00+00:00,409.79,409.76,409.79,1300,400,409.7829411764706,1.900474707478197e-08,0.0001524021047942803
2023-04-11 12:22:00+00:00,409.85,409.83,409.86,1300,501,409.8516546363131,2.5955807745679366e-08,0.00017897915543296783
2023-04-11 12:23:00+00:00,409.94,409.92,409.94,400,200,409.93333333333334,2.2708762107716778e-08,-2.535084614430083e-05
2023-04-11 12:24:00+00:00,409.92,409.9,409.93,1300,400,409.9229411764706,9.854169027466647e-09,-6.477508099311802e-05
2023-04-11 12:25:00+00:00,409.9,409.88,409.91,602,500,409.89638838475497,1.7808487780867937e-08,-2.5343928488519296e-05
2023-04-11 12:26:00+00:00,409.89,409.88,409.91,100,400,409.886,7.081893325742462e-09,3.851086339201615e-05
2023-04-11 12:27:00+00:00,409.9,409.9,409.92,49,500,409.9017850637523,2.4136015168680212e-08,-0.000138639763450632
2023-04-11 12:28:00+00:00,409.83,409.83,409.85,1800,607,409.8449563772331,2.8267918277015302e-08,-7.808277564624877e-05
2023-04-11 12:29:00+00:00,409.8,409.8,409.83,404,400,409.8150746268657,2.8760881235568773e-08,-0.00017277152182426647
2023-04-11 12:30:00+00:00,409.74,409.74,409.78,400,900,409.7523076923077,6.611910736201918e-08,0.00014461439837876178
2023-04-11 12:31:00+00:00,409.82,409.8,409.82,30,397,409.80140515222485,3.615107340768463e-08,-1.6160372917073396e-05
2023-04-11 12:32:00+00:00,409.81,409.77,409.8,1900,400,409.79478260869564,1.7547351678416885e-08,4.5975645639462215e-06
2023-04-11 12:33:00+00:00,409.78,409.77,409.81,1800,400,409.8027272727273,2.4505557653856554e-08,3.744624247481454e-05
2023-04-11 12:34:00+00:00,409.82,409.8,409.84,100,1000,409.8036363636364,2.1977849984170862e-08,9.269613109075259e-05
2023-04-11 12:35:00+00:00,409.86,409.84,409.86,500,400,409.8511111111111,2.782787334102949e-08,0.00027297718494101453
2023-04-11 12:36:00+00:00,409.98,409.96,409.97,100,432,409.96187969924813,4.3137117606860823e-08,7.672331414876332e-05
2023-04-11 12:37:00+00:00,410.0,409.99,410.01,80,400,409.9933333333333,3.719987350183536e-08,0.00010452842362140835
2023-04-11 12:38:00+00:00,410.04,410.02,410.04,1300,306,410.0361892901619,1.5726011319371637e-08,4.491073438361859e-05
2023-04-11 12:39:00+00:00,410.0,410.03,410.06,456,100,410.0546043165468,2.4541222069570577e-08,-5.8675353493020665e-05
2023-04-11 12:40:00+00:00,410.03,410.03,410.07,40,2900,410.03054421768707,1.7812611985596665e-08,0.0001960357318200323
2023-04-11 12:41:00+00:00,410.13,410.1,410.13,630,1100,410.11092485549136,2.672721124886415e-08,4.9845175401408426e-05
2023-04-11 12:42:00+00:00,410.11,410.12,410.15,2700,100,410.1489285714286,1.8636814967444316e-08,-1.2945735727631913e-05
2023-04-11 12:43:00+00:00,410.13,410.11,410.13,1621,398,410.12605745418523,2.068158417953369e-08,-0.0001475180889461969
2023-04-11 12:44:00+00:00,410.05,410.02,410.06,1700,807,410.0471240526526,2.378793714222247e-08,-7.720398658817018e-06
2023-04-11 12:45:00+00:00,410.05,410.05,410.07,368,226,410.06239057239054,4.398612255264513e-08,9.442596934206016e-05
2023-04-11 12:46:00+00:00,410.1,410.08,410.12,500,400,410.1022222222222,7.362981712832856e-08,-6.610835810128002e-05
2023-04-11 12:47:00+00:00,410.1,410.07,410.1,100,1600,410.07176470588234,1.228736073853889e-08,1.0366716924670172e-05
2023-04-11 12:48:00+00:00,410.08,410.05,410.08,210,13,410.0782511210762,2.08495836329891e-08,-2.385870991328254e-06
2023-04-11 12:49:00+00:00,410.05,410.05,410.08,1000,100,410.0772727272727,1.901780487105217e-08,-0.00030976802003412907
2023-04-11 12:50:00+00:00,409.95,409.91,409.94,100,400,409.916,7.847822705101331e-08,-2.9053694400316132e-05
2023-04-11 12:51:00+00:00,409.92,409.93,409.97,500,1900,409.93833333333333,1.3308719886287652e-08,-8.53786951696689e-05
2023-04-11 12:52:00+00:00,409.95,409.9,409.91,200,400,409.9033333333333,5.897739695920328e-08,1.6263997202781155e-05
2023-04-11 12:53:00+00:00,409.91,409.89,409.92,200,100,409.91,7.221199346459666e-09,-4.6758231481813795e-05
2023-04-11 12:54:00+00:00,409.87,409.85,409.87,500,400,409.8611111111111,1.7987388093908106e-08,-0.0001542716840592373
2023-04-11 12:55:00+00:00,409.83,409.81,409.83,1400,316,409.826317016317,1.0063106494787146e-08,-5.9208923296472094e-05
2023-04-11 12:56:00+00:00,409.81,409.8,409.81,100,200,409.80333333333334,2.5674790372121078e-08,1.6267965934346762e-06
2023-04-11 12:57:00+00:00,409.76,409.78,409.81,400,100,409.804,2.2233827177867992e-08,0.00012241624451370114
2023-04-11 12:58:00+00:00,409.76,409.82,409.87,4140,1900,409.8542715231788,5.091555046995326e-08,-0.00035175113099183974
2023-04-11 12:59:00+00:00,409.74,409.7,409.73,200,400,409.71,3.734641030350146e-08,8.135835916478484e-05
2023-04-11 13:00:00+00:00,409.73,409.73,409.77,600,1900,409.7396,3.521284316946585e-08,7.985006312716258e-05
2023-04-11 13:01:00+00:00,409.79,409.76,409.79,1000,869,409.77605136436597,2.6141263577736692e-08,0.00018046109670843968
2023-04-11 13:02:00+00:00,409.82,409.83,409.87,400,1100,409.84066666666666,4.505070034224652e-08,-0.00037042376922824527
2023-04-11 13:03:00+00:00,409.7,409.67,409.72,1501,1400,409.6958703895209,3.705884394235475e-08,0.00015437401495432823
2023-04-11 13:04:00+00:00,409.77,409.74,409.77,3200,100,409.7690909090909,4.4898316708581313e-08,4.1670568106777495e-05
2023-04-11 13:05:00+00:00,409.8,409.75,409.78,813,42,409.7785263157894,3.753237491839581e-08,-6.812296742886303e-05
2023-04-11 13:06:00+00:00,409.7,409.72,409.75,1300,330,409.74392638036807,2.9598028409934685e-08,-0.00017227122381480164
2023-04-11 13:07:00+00:00,409.7,409.67,409.69,400,400,409.68,2.513510184941115e-08,0.00015459220204383506
2023-04-11 13:08:00+00:00,409.73,409.75,409.79,500,2400,409.75689655172414,5.036698038044371e-08,4.881104431220251e-05
2023-04-11 13:09:00+00:00,409.75,409.75,409.79,900,1800,409.7633333333333,3.223749652132679e-08,6.651376476041193e-05
2023-04-11 13:10:00+00:00,409.8,409.79,409.8,25,400,409.79058823529414,5.192167072690676e-08,0.0002664751262799747
2023-04-11 13:11:00+00:00,409.87,409.88,409.9,900,10,409.8997802197802,4.255202149014593e-08,0.00012154338852177204
2023-04-11 13:12:00+00:00,409.92,409.93,409.95,500,10,409.94960784313724,5.9049671971471405e-08,-9.271345162931155e-05
2023-04-11 13:13:00+00:00,409.92,409.91,409.95,100,2400,409.9116,7.405808925601225e-08,0.00040297887223905704
2023-04-11 13:14:00+00:00,410.07,410.05,410.09,1000,900,410.07105263157894,3.935160221406635e-08,0.00018655852982707444
2023-04-11 13:15:00+00:00,410.12,410.14,410.16,400,202,410.15328903654483,5.569330332601185e-08,3.914818746286741e-05
2023-04-11 13:16:00+00:00,410.17,410.17,410.19,900,11,410.189758507135,6.887849151849367e-08,-4.370985699009289e-05
2023-04-11 13:17:00+00:00,410.12,410.13,410.16,900,1,410.1599667036626,6.106886464739645e-08,-6.522148442700271e-05
2023-04-11 13:18:00+00:00,410.12,410.11,410.14,100,900,410.113,3.4244061506680413e-08,0.00013491832564738182
2023-04-11 13:19:00+00:00,410.18,410.17,410.2,200,400,410.18,5.0564809587720694e-09,-5.438512923039429e-05
2023-04-11 13:20:00+00:00,410.16,410.15,410.18,250,200,410.1666666666667,5.325967621925457e-09,-3.4821358429026894e-05
2023-04-11 13:21:00+00:00,410.14,410.13,410.14,90,473,410.1315985790408,2.1138347311287836e-08,0.00013258332155130503
2023-04-11 13:22:00+00:00,410.18,410.18,410.21,252,173,410.1977882352941,4.332653665043512e-08,-3.464632626704045e-05
2023-04-11 13:23:00+00:00,410.17,410.18,410.2,103,473,410.1835763888889,3.741291626570107e-08,-9.087718587919014e-05
2023-04-11 13:24:00+00:00,410.16,410.12,410.16,1100,573,410.14630005977284,2.7982923316561274e-08,0.00013825125461086607
2023-04-11 13:25:00+00:00,410.16,410.15,410.17,200,400,410.1566666666667,7.295391934964733e-08,-0.00020341060781980946
2023-04-11 13:26:00+00:00,410.09,410.11,410.15,2100,73,410.148656235619,4.364620842256879e-08,-7.29398572091311e-05
2023-04-11 13:27:00+00:00,410.09,410.07,410.09,500,26,410.0890114068441,4.954696949328561e-08,9.831913283364635e-05
2023-04-11 13:28:00+00:00,410.08,410.09,410.13,1301,1,410.1299692780338,4.269577414715269e-08,0.00020778696717016487
2023-04-11 13:29:00+00:00,410.23,410.19,410.24,1300,2273,410.208191995522,4.81758347482941e-08,0.000149128362722184
2023-04-11 13:30:00+00:00,410.26,410.26,410.29,4700,1,410.28999361837907,3.149903490471029e-07,-0.0009765352970818597
2023-04-11 13:31:00+00:00,409.87,409.87,409.88,300,300,409.875,1.9940339182852146e-07,-0.0005086550941788559
2023-04-11 13:32:00+00:00,409.66,409.67,409.68,200,100,409.6766666666667,2.27836229018405e-07,-4.768355823503434e-05
2023-04-11 13:33:00+00:00,409.68,409.67,409.68,360,218,409.6762283737024,2.350074779633829e-07,0.0008966374775540853
2023-04-11 13:34:00+00:00,409.97,409.97,409.99,320,1430,409.97365714285723,1.2805581026674573e-07,0.00015040100158936198
2023-04-11 13:35:00+00:00,410.02,410.01,410.02,358,300,410.0154407294833,1.225844257028335e-07,0.00013818554254085846
2023-04-11 13:36:00+00:00,410.13,410.13,410.14,300,100,410.1375,1.6488279217776683e-07,-0.0002884030865270004
2023-04-11 13:37:00+00:00,409.96,409.95,409.97,609,500,409.96098286744814,1.472581161552072e-07,-0.00031503053678838544
2023-04-11 13:38:00+00:00,409.93,409.92,409.93,100,300,409.9225,1.5971159990015104e-07,0.00017125761450587085
2023-04-11 13:39:00+00:00,409.95,409.93,409.94,300,668,409.9330991735537,2.2657050901636972e-07,-0.00015142702996406854
2023-04-11 13:40:00+00:00,409.9,409.89,409.9,100,580,409.8914705882352,1.884570068042734e-07,-0.00033667240798851417
2023-04-11 13:41:00+00:00,409.75,409.75,409.77,503,1300,409.75557958957296,1.6972186256892336e-07,-0.00021602783910878998
2023-04-11 13:42:00+00:00,409.65,409.65,409.67,300,1055,409.65442804428045,1.2829233483016705e-07,-0.00010987486927971357
2023-04-11 13:43:00+00:00,409.6,409.6,409.61,500,400,409.60555555555555,7.053141144486902e-08,0.00044175290777093146
2023-04-11 13:44:00+00:00,409.81,409.8,409.82,330,300,409.8104761904762,9.618717860954899e-08,-0.00010197390095245673
2023-04-11 13:45:00+00:00,409.76,409.76,409.77,300,100,409.7675,1.696796765317476e-07,0.00032320589960344037
2023-04-11 13:46:00+00:00,409.89,409.87,409.89,462,700,409.8779518072289,1.2766674201843852e-07,-0.0001926604771641527
2023-04-11 13:47:00+00:00,409.82,409.82,409.84,638,300,409.8336034115138,6.730068152810037e-08,0.00042676047096468217
2023-04-11 13:48:00+00:00,410.0,410.0,410.01,400,72,410.00847457627117,8.84049592354554e-08,0.00013775681303695997
2023-04-11 13:49:00+00:00,410.05,410.04,410.06,100,738,410.0423866348449,1.4336296669406276e-07,-0.0004944637514511241
2023-04-11 13:50:00+00:00,409.85,409.85,409.86,300,300,409.855,1.1842492907605343e-07,3.0429133390796892e-05
2023-04-11 13:51:00+00:00,409.84,409.84,409.86,1730,300,409.8570443349754,8.043029743324833e-08,-0.00019966797857418062
2023-04-11 13:52:00+00:00,409.8,409.78,409.79,200,1033,409.7816220600162,1.071883156289287e-07,-7.163333751880607e-05
2023-04-11 13:53:00+00:00,409.74,409.74,409.75,300,400,409.7442857142857,1.3754141514990574e-07,-0.00015399093320334067
2023-04-11 13:54:00+00:00,409.7,409.69,409.71,938,500,409.7030458970793,7.891265024934067e-08,9.129425625298282e-05
2023-04-11 13:55:00+00:00,409.69,409.68,409.69,1100,300,409.6878571428571,8.926625418103527e-08,-1.3346387419566064e-05
2023-04-11 13:56:00+00:00,409.71,409.7,409.72,400,1751,409.7037192003719,7.004338081719615e-08,0.00017232266096534055
2023-04-11 13:57:00+00:00,409.75,409.73,409.75,1200,366,409.74532567049806,1.1475553922383082e-07,-9.47809910184505e-05
2023-04-11 13:58:00+00:00,409.73,409.72,409.73,100,300,409.7225,7.534330213292765e-08,-9.908470141295478e-05
2023-04-11 13:59:00+00:00,409.7,409.69,409.71,515,438,409.70080797481637,8.864103325802621e-08,-0.00043602498992489913
2023-04-11 14:00:00+00:00,409.52,409.52,409.54,711,718,409.5299510146956,1.3890204790827636e-07,-5.09094759504336e-06
2023-04-11 14:01:00+00:00,409.53,409.52,409.54,300,822,409.52534759358286,9.163105727072617e-08,-0.00015998388766413907
2023-04-11 14:02:00+00:00,409.46,409.46,409.47,300,1100,409.46214285714285,8.383937768533614e-08,3.9948056644867336e-05
2023-04-11 14:03:00+00:00,409.47,409.47,409.48,519,427,409.47548625792814,5.6665485857201946e-08,0.00035217243675988996
2023-04-11 14:04:00+00:00,409.61,409.6,409.61,338,100,409.60771689497716,1.1001181649765978e-07,8.661187931280345e-05
2023-04-11 14:05:00+00:00,409.65,409.64,409.65,700,200,409.6477777777778,9.796914016101652e-08,-0.0001565473705322784
2023-04-11 14:06:00+00:00,409.6,409.58,409.59,400,635,409.5838647342995,5.281734734421737e-08,0.00023529656259624332
2023-04-11 14:07:00+00:00,409.685,409.69,409.7,200,1274,409.6913568521032,6.829606112979341e-08,0.00011151275350518297
2023-04-11 14:08:00+00:00,409.75,409.74,409.76,538,950,409.7472311827957,6.643579134127337e-08,0.00010133187948646594
2023-04-11 14:09:00+00:00,409.79,409.79,409.8,748,410,409.7964594127807,6.954546490797154e-08,0.00014984703896248064
2023-04-11 14:10:00+00:00,409.84,409.84,409.85,466,482,409.8449156118143,7.628665922332153e-08,-0.00021109521925366526
2023-04-11 14:11:00+00:00,409.74,409.74,409.75,391,410,409.74488139825223,7.589580917385115e-08,-0.000274945515477798
2023-04-11 14:12:00+00:00,409.64,409.62,409.63,1325,393,409.6277124563446,7.68711543985976e-08,-0.00027447819297632403
2023-04-11 14:13:00+00:00,409.5,409.49,409.5,649,232,409.4973666288309,5.232338900198192e-08,0.0003912001255665931
2023-04-11 14:14:00+00:00,409.69,409.68,409.69,301,300,409.68500831946756,7.886064939072528e-08,-0.000338123754816122
2023-04-11 14:15:00+00:00,409.53,409.51,409.52,1105,343,409.51763121546963,7.861494523296522e-08,5.060836404613411e-06
2023-04-11 14:16:00+00:00,409.55,409.54,409.55,438,500,409.5446695095949,4.3883135504954036e-08,4.933995474276642e-05
2023-04-11 14:17:00+00:00,409.56,409.55,409.56,200,500,409.55285714285714,6.374165098224342e-08,-0.0004887373877412449
2023-04-11 14:18:00+00:00,409.37,409.35,409.37,763,300,409.36435559736594,9.141862258562863e-08,7.160321924248869e-05
2023-04-11 14:19:00+00:00,409.405,409.4,409.41,238,500,409.4032249322494,6.899090015702058e-08,0.0003274442677152489
2023-04-11 14:20:00+00:00,409.53,409.52,409.53,542,425,409.5256049638056,1.1321989682992317e-07,0.00025426209626777663
2023-04-11 14:21:00+00:00,409.63,409.62,409.63,1823,341,409.62842421441775,7.611165274173478e-08,-0.00011681863470236475
2023-04-11 14:22:00+00:00,409.6,409.58,409.59,1200,200,409.5885714285714,8.78332340475535e-08,-3.19609472544391e-05
2023-04-11 14:23:00+00:00,409.58,409.57,409.58,569,201,409.57738961038956,6.146404503733685e-08,0.00016798582607657764
2023-04-11 14:24:00+00:00,409.65,409.64,409.65,463,260,409.6464038727524,4.4952866207130594e-08,0.0002831586974081368
2023-04-11 14:25:00+00:00,409.77,409.77,409.78,1200,603,409.7766555740432,6.722278155070304e-08,0.00015098992813333822
2023-04-11 14:26:00+00:00,409.81,409.81,409.83,664,500,409.8214089347079,4.5596718381565556e-08,-1.3190028696263845e-05
2023-04-11 14:27:00+00:00,409.81,409.81,409.82,517,401,409.81563180827885,1.1137537242329117e-07,4.6625580646830755e-05
2023-04-11 14:28:00+00:00,409.83,409.83,409.84,341,242,409.83584905660376,4.00160285341747e-08,0.00025414061649220443
2023-04-11 14:29:00+00:00,409.93,409.92,409.93,993,400,409.92712849964107,5.8772447749482074e-08,0.0001808422899369777
2023-04-11 14:30:00+00:00,410.02,410.01,410.02,1788,33,410.0198187808896,7.125020410405307e-08,-0.00015074519297331168
2023-04-11 14:31:00+00:00,409.96,409.96,409.97,300,662,409.96311850311844,7.358941945078458e-08,-0.0002347426666038377
2023-04-11 14:32:00+00:00,409.87,409.84,409.86,1641,300,409.8569088098918,4.386999866837671e-08,-2.891063426968543e-05
2023-04-11 14:33:00+00:00,409.84,409.83,409.84,425,301,409.8358539944904,5.233884986984707e-08,-7.5525944988052984e-06
2023-04-11 14:34:00+00:00,409.85,409.83,409.84,855,202,409.8380889309366,9.463239436247832e-08,-0.0005631173686588831
2023-04-11 14:35:00+00:00,409.61,409.61,409.62,100,677,409.61128700128705,1.233827908970499e-07,-0.0003873804712654083
2023-04-11 14:36:00+00:00,409.45,409.44,409.46,300,1587,409.4431796502385,1.5643379562984847e-07,-0.0005271598981584358
2023-04-11 14:37:00+00:00,409.25,409.26,409.27,300,400,409.26428571428573,9.043294432024446e-08,0.00041364071445948447
2023-04-11 14:38:00+00:00,409.41,409.4,409.42,438,473,409.40961580680573,3.609692597065668e-08,0.00016352411817566193
2023-04-11 14:39:00+00:00,409.45,409.44,409.45,600,388,409.4460728744939,5.875985355377517e-08,-0.00011471001300622508
2023-04-11 14:40:00+00:00,409.42,409.39,409.41,300,338,409.39940438871474,9.473702619926932e-08,-4.286542924036851e-05
2023-04-11 14:41:00+00:00,409.4,409.4,409.41,100,135,409.40425531914894,7.830100164695667e-08,0.00014529593969658805
2023-04-11 14:42:00+00:00,409.45,409.44,409.45,400,500,409.44444444444446,8.315206893619852e-08,-0.00029375666246400645
2023-04-11 14:43:00+00:00,409.36,409.35,409.36,300,700,409.353,4.0851236461199383e-08,-2.123928571817757e-05
2023-04-11 14:44:00+00:00,409.35,409.34,409.35,533,339,409.3461123853211,5.777866197053834e-08,-0.0001922909431762987
2023-04-11 14:45:00+00:00,409.25,409.24,409.25,318,410,409.24436813186816,8.628240547698321e-08,2.9942917696423876e-05
2023-04-11 14:46:00+00:00,409.27,409.26,409.27,200,1603,409.26110926234054,8.878902301755243e-08,-0.0005901532333864035
2023-04-11 14:47:00+00:00,409.01,409.0,409.02,437,1969,409.00363258520366,1.0491077424918469e-07,0.00018977722760071813
2023-04-11 14:48:00+00:00,409.11,409.1,409.11,520,315,409.1062275449102,5.931927046892648e-08,0.0004697483734070751
2023-04-11 14:49:00+00:00,409.28,409.27,409.28,400,100,409.278,5.621740120245096e-08,0.0002996816748066511
2023-04-11 14:50:00+00:00,409.42,409.41,409.43,516,1306,409.41566410537877,7.940808648013756e-08,0.00014480364277091873
2023-04-11 14:51:00+00:00,409.48,409.47,409.49,510,1435,409.47524421593835,7.273433985567417e-08,-9.313751099204737e-05
2023-04-11 14:52:00+00:00,409.45,409.44,409.45,200,200,409.445,5.378254429264266e-08,-6.716236642256845e-05
2023-04-11 14:53:00+00:00,409.42,409.43,409.44,400,1200,409.4325,7.567775702825835e-08,7.085052293831495e-05
2023-04-11 14:54:00+00:00,409.46,409.45,409.46,500,98,409.4583612040134,6.314794089723014e-08,-3.4308406597793883e-05
2023-04-11 14:55:00+00:00,409.43,409.42,409.44,731,1338,409.4270662155631,8.008524512007382e-08,0.00011472882322238753
2023-04-11 14:56:00+00:00,409.5,409.49,409.5,600,281,409.4968104426788,7.585305202305738e-08,-0.00022878809990922733
2023-04-11 14:57:00+00:00,409.38,409.38,409.39,700,1104,409.3838802660754,6.299732750292503e-08,3.63025632292846e-05
2023-04-11 14:58:00+00:00,409.39,409.39,409.41,1147,1108,409.40017294900224,6.599648184980099e-08,-0.00017826782381269446
2023-04-11 14:59:00+00:00,409.33,409.32,409.33,645,774,409.3245454545455,6.604655318570163e-08,0.00014685150634208277
2023-04-11 15:00:00+00:00,409.38,409.38,409.39,600,400,409.386,1.1043232155843084e-07,0.0003946136760026864
2023-04-11 15:01:00+00:00,409.54,409.55,409.57,400,1517,409.5541731872718,6.264597059129384e-08,-0.00030085828801040826
2023-04-11 15:02:00+00:00,409.46,409.47,409.48,481,300,409.47615877080665,6.777464728104467e-08,0.00023804554563833236
2023-04-11 15:03:00+00:00,409.529,409.51,409.52,1000,400,409.51714285714286,7.898671111367528e-08,-1.946916918560415e-05
2023-04-11 15:04:00+00:00,409.51,409.52,409.54,400,1100,409.5253333333333,5.3866076651948414e-08,-0.00014875188956786634
2023-04-11 15:05:00+00:00,409.46,409.45,409.46,474,200,409.45703264094954,5.825253108605592e-08,0.00034093802682311214
2023-04-11 15:06:00+00:00,409.61,409.61,409.63,929,1320,409.6182614495332,4.762994802968567e-08,8.128300791865328e-05
2023-04-11 15:07:00+00:00,409.61,409.62,409.63,401,905,409.62307044410414,8.355351254742541e-08,-0.00027745453529171016
2023-04-11 15:08:00+00:00,409.52,409.52,409.53,1,3200,409.52000312402373,5.803835956911263e-08,3.713229879820368e-05
2023-04-11 15:09:00+00:00,409.53,409.52,409.53,300,200,409.526,5.3300459793148336e-08,-0.00011933713310863237
2023-04-11 15:10:00+00:00,409.48,409.46,409.48,503,1043,409.4665071151358,7.640379895364795e-08,-7.54164168869087e-05
2023-04-11 15:11:00+00:00,409.44,409.43,409.44,773,100,409.43885452462774,5.635164430343209e-08,-1.2676865184801933e-05
2023-04-11 15:12:00+00:00,409.425,409.42,409.43,477,800,409.4237353171496,8.299020338450305e-08,0.000325710614435204
2023-04-11 15:13:00+00:00,409.58,409.58,409.59,100,1387,409.5806724949563,4.8494930257291296e-08,0.00023581530871830125
2023-04-11 15:14:00+00:00,409.69,409.68,409.7,500,1100,409.68625,4.6370774420917214e-08,0.00012044132378252748
2023-04-11 15:15:00+00:00,409.7,409.7,409.71,295,301,409.70494966442953,5.3700116561002e-08,-0.00011153294354226961
2023-04-11 15:16:00+00:00,409.69,409.69,409.7,390,600,409.6939393939394,4.0210093770745276e-08,0.00010253183604547189
2023-04-11 15:17:00+00:00,409.72,409.71,409.72,805,200,409.7180099502488,5.134892127134771e-08,0.0001586270670472789
2023-04-11 15:18:00+00:00,409.78,409.75,409.76,400,500,409.75444444444446,4.51543986447725e-08,-0.00015833692166522528
2023-04-11 15:19:00+00:00,409.72,409.72,409.73,300,200,409.726,6.930775972820235e-08,0.000370507350217153
2023-04-11 15:20:00+00:00,409.87,409.86,409.87,510,508,409.86500982318273,5.018186308983567e-08,0.00021139594528363226
2023-04-11 15:21:00+00:00,409.96,409.94,409.96,1769,300,409.9571000483325,3.721242663293332e-08,0.00010117623170535772
2023-04-11 15:22:00+00:00,410.01,410.01,410.02,300,522,410.0136496350365,4.465979932475504e-08,0.0001638426774837054
2023-04-11 15:23:00+00:00,410.06,410.05,410.06,66,1949,410.0503275434243,2.9156047628952094e-08,-5.788312751098257e-05
2023-04-11 15:24:00+00:00,410.05,410.04,410.06,571,1518,410.0454667304931,2.5827568343482116e-08,9.79086594703471e-05
2023-04-11 15:25:00+00:00,410.09,410.09,410.1,804,694,410.0953671562083,3.477504976866816e-08,-0.0002299092688459181
2023-04-11 15:26:00+00:00,409.98,409.98,409.99,400,668,409.9837453183521,6.166456809980068e-08,-0.0002918839488810221
2023-04-11 15:27:00+00:00,409.87,409.86,409.87,1608,300,409.86842767295593,4.4435978585313314e-08,0.00013863611740205783
2023-04-11 15:28:00+00:00,409.92,409.92,409.93,492,900,409.92353448275867,3.5989625813322726e-08,0.0001754136616773927
2023-04-11 15:29:00+00:00,409.99,409.98,409.99,1441,400,409.9878272677892,3.077781176530225e-08,-0.0003930506166479608
2023-04-11 15:30:00+00:00,409.82,409.83,409.84,467,400,409.8353863898501,5.655287713565121e-08,0.00011270369844229577
2023-04-11 15:31:00+00:00,409.88,409.85,409.87,538,608,409.8593891797557,3.797909640002731e-08,-0.0001973221343690712
2023-04-11 15:32:00+00:00,409.8,409.79,409.81,1601,1640,409.7998796667696,3.709028352956136e-08,0.00010358314373326571
2023-04-11 15:33:00+00:00,409.83,409.84,409.85,300,389,409.8443541364296,2.795358927872244e-08,-7.063062431866829e-05
2023-04-11 15:34:00+00:00,409.8,409.79,409.8,200,1366,409.7912771392082,7.768360281658863e-08,-0.00011891988057832759
2023-04-11 15:35:00+00:00,409.77,409.76,409.77,133,300,409.7630715935335,8.031299036326951e-08,-0.0003643124382871621
2023-04-11 15:36:00+00:00,409.62,409.6,409.61,160,438,409.6026755852843,6.095299658135855e-08,-0.00011893476163826744
2023-04-11 15:37:00+00:00,409.55,409.54,409.56,400,725,409.5471111111111,2.8958991814365446e-08,-0.00011996165142480475
2023-04-11 15:38:00+00:00,409.52,409.52,409.53,300,300,409.525,2.8459765410591885e-08,0.00015773413365161026
2023-04-11 15:39:00+00:00,409.58,409.58,409.59,300,1500,409.58166666666665,3.134111665266364e-08,0.0004681333486022954
2023-04-11 15:40:00+00:00,409.78,409.78,409.79,100,1481,409.7806325110689,5.502848501371057e-08,-0.000170986921357974
2023-04-11 15:41:00+00:00,409.7,409.7,409.71,300,394,409.7043227665706,3.162857614477257e-08,0.00011431560675534413
2023-04-11 15:42:00+00:00,409.75,409.75,409.76,400,1129,409.75261608894704,3.904912412565113e-08,6.206128035701752e-05
2023-04-11 15:43:00+00:00,409.78,409.77,409.78,1173,500,409.77701135684396,5.020027208759469e-08,-0.00041080761409018063
2023-04-11 15:44:00+00:00,409.61,409.6,409.61,474,300,409.60612403100777,4.617675856798623e-08,-9.785693274033669e-06
2023-04-11 15:45:00+00:00,409.6,409.59,409.6,712,687,409.5950893495354,4.398337732491594e-08,-0.00013448364008983305
2023-04-11 15:46:00+00:00,409.54,409.55,409.56,557,521,409.55516697588126,6.408619636832438e-08,-5.885756032109057e-06
2023-04-11 15:47:00+00:00,409.54,409.54,409.55,1116,400,409.54736147757257,2.37190720051409e-08,0.0001468611452661861
2023-04-11 15:48:00+00:00,409.61,409.6,409.61,695,400,409.6063470319635,4.820747569108118e-08,0.0005189536431648989
2023-04-11 15:49:00+00:00,409.82,409.82,409.83,438,211,409.82674884437597,3.606271431306354e-08,0.00023753039193041836
2023-04-11 15:50:00+00:00,409.92,409.92,409.93,503,632,409.92443171806167,2.8392958301589242e-08,0.00016825958484245618
2023-04-11 15:51:00+00:00,409.98,409.97,409.98,300,400,409.9742857142857,3.251143589944305e-08,-0.00014690901075931073
2023-04-11 15:52:00+00:00,409.92,409.91,409.93,598,408,409.9218886679921,2.6677137571712817e-08,-9.066092359399924e-06
2023-04-11 15:53:00+00:00,409.91,409.92,409.93,467,400,409.9253863898501,2.7237060528842235e-08,5.611353476253633e-05
2023-04-11 15:54:00+00:00,409.95,409.94,409.96,1000,738,409.9515074798619,2.3740187453568372e-08,8.111739004945662e-06
2023-04-11 15:55:00+00:00,409.95,409.94,409.95,1183,431,409.94732961586124,4.0759636849862215e-08,6.104320944033681e-05
2023-04-11 15:56:00+00:00,409.96,409.94,409.96,800,888,409.9494786729858,4.964646765574724e-08,-0.0001888147066162471
2023-04-11 15:57:00+00:00,409.89,409.89,409.9,300,400,409.89428571428573,3.7581828506537935e-08,0.00031710347430458086
2023-04-11 15:58:00+00:00,410.03,410.02,410.04,796,1714,410.02634262948203,3.105501394799344e-08,3.153556238522093e-05
2023-04-11 15:59:00+00:00,410.03,410.04,410.05,544,310,410.04637002341923,2.4645237808739037e-08,2.6931149157860546e-05
2023-04-11 16:00:00+00:00,410.04,410.02,410.03,400,181,410.02688468158345,3.7680807186237035e-08,0.00023419428885551596
2023-04-11 16:01:00+00:00,410.14,410.14,410.15,400,615,410.1439408866995,4.0472605265855244e-08,5.265839013413043e-05
2023-04-11 16:02:00+00:00,410.17,410.16,410.18,1000,1148,410.16931098696466,1.4686151759528847e-08,6.823732678884475e-05
2023-04-11 16:03:00+00:00,410.2,410.19,410.2,401,400,410.1950062421972,5.120236813011766e-08,-3.598172493102236e-05
2023-04-11 16:04:00+00:00,410.17,410.16,410.17,700,400,410.16636363636366,2.5874927682730888e-08,-9.15135639174558e-05
2023-04-11 16:05:00+00:00,410.14,410.14,410.15,300,300,410.145,3.505632454166237e-08,2.9254751394702794e-06
2023-04-11 16:06:00+00:00,410.13,410.13,410.15,1881,411,410.14641361256537,2.3188690090405796e-08,-0.00026673058106763126
2023-04-11 16:07:00+00:00,410.04,410.04,410.05,200,400,410.04333333333335,3.559559165538257e-08,1.4240716301294754e-05
2023-04-11 16:08:00+00:00,410.06,410.03,410.05,1200,1247,410.03980792807516,2.952913252678332e-08,0.00021027809532414565
2023-04-11 16:09:00+00:00,410.12,410.11,410.13,400,1651,410.11390053632374,4.0285617629813354e-08,2.407445854224477e-06
2023-04-11 16:10:00+00:00,410.12,410.11,410.12,400,1100,410.11266666666666,3.01690937858994e-08,0.00038129705206757514
2023-04-11 16:11:00+00:00,410.28,410.28,410.29,400,500,410.28444444444443,2.7149252908459295e-08,0.00024216464541471083
2023-04-11 16:12:00+00:00,410.38,410.37,410.38,1138,309,410.37786454733936,3.785710420793587e-08,0.00016725485639312865
2023-04-11 16:13:00+00:00,410.45,410.45,410.46,377,459,410.45450956937793,4.3627376750880174e-08,-0.00027321359308263293
2023-04-11 16:14:00+00:00,410.34,410.33,410.35,1244,1569,410.33884464984,2.2385741442382673e-08,-6.126800232064689e-05
2023-04-11 16:15:00+00:00,410.33,410.31,410.32,401,1100,410.3126715522985,3.7610968754310767e-08,7.446863245808011e-05
2023-04-11 16:16:00+00:00,410.35,410.34,410.36,508,1717,410.3445662921348,4.4393173943871966e-08,-0.00020267206283963723
2023-04-11 16:17:00+00:00,410.25,410.25,410.26,1100,200,410.2584615384615,3.3873565846832756e-08,-3.7551533310642426e-05
2023-04-11 16:18:00+00:00,410.25,410.24,410.25,900,500,410.24642857142857,2.9473592900608822e-08,-2.2014356556576686e-05
2023-04-11 16:19:00+00:00,410.21,410.22,410.23,100,871,410.2210298661174,2.896799583748886e-08,9.886902469613545e-06
2023-04-11 16:20:00+00:00,410.25,410.24,410.25,539,1,410.2499814814815,3.215194462159346e-08,0.00035339026047820354
2023-04-11 16:21:00+00:00,410.37,410.38,410.39,1200,500,410.3870588235294,2.7532643292342527e-08,-7.169482555036133e-05
2023-04-11 16:22:00+00:00,410.35,410.36,410.37,200,903,410.36181323662737,2.8514246923096515e-08,7.065557929575306e-05
2023-04-11 16:23:00+00:00,410.38,410.37,410.38,400,1500,410.3721052631579,4.582090663712727e-08,-0.0005278745339781787
2023-04-11 16:24:00+00:00,410.17,410.17,410.18,300,400,410.1742857142857,3.6334917987839606e-08,0.00011043718017567095
2023-04-11 16:25:00+00:00,410.24,410.23,410.24,1579,131,410.23923391812866,6.530906069308532e-08,-0.0004722196635494891
2023-04-11 16:26:00+00:00,410.03,410.03,410.04,200,400,410.03333333333336,3.049502336181719e-08,0.0003525831087494158
2023-04-11 16:27:00+00:00,410.17,410.16,410.17,639,59,410.1691547277937,3.013552604665949e-08,0.00019783721795763043
2023-04-11 16:28:00+00:00,410.24,410.24,410.25,100,800,410.24111111111114,3.166600587788423e-08,-2.635639519510402e-05
2023-04-11 16:29:00+00:00,410.24,410.23,410.24,504,300,410.2362686567164,2.1653980295241447e-08,0.0001163457760404718
2023-04-11 16:30:00+00:00,410.3,410.29,410.31,1338,1590,410.29913934426224,4.5793519619158613e-08,8.29355579270441e-05
2023-04-11 16:31:00+00:00,410.32,410.31,410.33,501,714,410.31824691358025,4.3375237994912574e-08,-0.00010545294924257931
2023-04-11 16:32:00+00:00,410.27,410.26,410.28,856,350,410.2741956882255,7.246614248186002e-08,0.00029601735610818025
2023-04-11 16:33:00+00:00,410.41,410.39,410.4,650,404,410.3961669829222,3.008190848089687e-08,-5.199581428139144e-05
2023-04-11 16:34:00+00:00,410.37,410.37,410.38,401,300,410.3757203994294,3.150999348500593e-08,-0.0002622036762024438
2023-04-11 16:35:00+00:00,410.25,410.25,410.26,577,82,410.25875569044007,3.8651763160980565e-08,-0.00024581299007830903
2023-04-11 16:36:00+00:00,410.16,410.15,410.17,1200,660,410.1629032258065,4.5080537535822157e-07,-0.0006935137695629479
2023-04-11 16:37:00+00:00,409.87,409.86,409.88,1700,848,409.8733437990581,5.6393554931393e-08,0.000258114071803206
2023-04-11 16:38:00+00:00,410.0,409.98,409.99,828,200,409.9880544747082,2.1646967418079804e-08,4.475337912102084e-05
2023-04-11 16:39:00+00:00,410.01,410.0,410.02,693,1731,410.0057178217822,4.164855660119349e-08,-0.00018030003134072992
2023-04-11 16:40:00+00:00,409.93,409.94,409.95,410,500,409.9445054945055,3.5661594474483295e-08,0.00023326889080865776
2023-04-11 16:41:00+00:00,410.03,410.03,410.04,200,500,410.03285714285715,4.090931407834795e-08,0.0002086498239290968
2023-04-11 16:42:00+00:00,410.12,410.11,410.13,744,1000,410.11853211009173,2.491732741347214e-08,-0.00022056566620698437
2023-04-11 16:43:00+00:00,410.0,410.0,410.01,300,1098,410.00214592274676,3.689876730280517e-08,0.00020218470003574573
2023-04-11 16:44:00+00:00,410.1,410.1,410.11,1080,200,410.10843750000004,3.289764486278796e-08,-6.501179654394562e-06
2023-04-11 16:45:00+00:00,410.109,410.1,410.11,31,600,410.1004912836767,3.254532223860522e-08,0.00017535966103099376
2023-04-11 16:46:00+00:00,410.18,410.17,410.18,501,298,410.17627033792235,3.5569863758790345e-08,2.220207523651041e-05
2023-04-11 16:47:00+00:00,410.19,410.19,410.2,487,315,410.196072319202,3.613601856687661e-08,2.7495072216332517e-05
2023-04-11 16:48:00+00:00,410.2,410.19,410.2,403,500,410.19446290143964,1.8114379926861254e-08,4.7182178119831164e-05
2023-04-11 16:49:00+00:00,410.22,410.21,410.22,200,400,410.2133333333333,2.7594596879795054e-08,-3.1514383535879986e-05
2023-04-11 16:50:00+00:00,410.21,410.21,410.22,725,103,410.21875603864737,1.944196943693239e-08,0.00012243190747440735
2023-04-11 16:51:00+00:00,410.26,410.25,410.26,101,405,410.25199604743085,2.3173224352859755e-08,1.763174370061904e-06
2023-04-11 16:52:00+00:00,410.25,410.25,410.26,101,740,410.2512009512485,3.30245319582246e-08,0.00024183923594711665
2023-04-11 16:53:00+00:00,410.385,410.37,410.38,1000,100,410.3790909090909,2.487535059085841e-08,0.0001747607373510096
2023-04-11 16:54:00+00:00,410.42,410.42,410.43,100,1000,410.4209090909091,1.8470732030887024e-08,-5.167063444000419e-06
2023-04-11 16:55:00+00:00,410.43,410.41,410.43,1088,1200,410.4195104895105,3.0607824009371376e-08,-0.00014444655129230988
2023-04-11 16:56:00+00:00,410.36,410.35,410.37,1269,845,410.3620056764428,4.17755062334415e-08,1.3395803685201102e-05
2023-04-11 16:57:00+00:00,410.375,410.37,410.38,91,570,410.3713767019667,3.128259499302552e-08,0.0002107426254440714
2023-04-11 16:58:00+00:00,410.45,410.45,410.46,359,300,410.4554476479515,2.5406936769362938e-08,1.2447408267668436e-05
2023-04-11 16:59:00+00:00,410.46,410.45,410.47,640,1702,410.45546541417593,2.1008219868999396e-08,-0.00010894213917778117
2023-04-11 17:00:00+00:00,410.42,410.41,410.42,100,400,410.412,3.35560951122234e-08,0.00012356851961436988
2023-04-11 17:01:00+00:00,410.47,410.46,410.48,300,514,410.467371007371,1.0249019543736761e-07,9.595856837818495e-05
2023-04-11 17:02:00+00:00,410.5,410.51,410.52,436,100,410.5181343283582,1.1055322604937699e-07,-0.00016641247427018335
2023-04-11 17:03:00+00:00,410.41,410.4,410.41,112,507,410.40180936995154,3.2252398869033256e-08,-0.00024159914008115013
2023-04-11 17:04:00+00:00,410.35,410.35,410.37,638,400,410.3622928709056,4.838478804029296e-08,4.09829745267043e-05
2023-04-11 17:05:00+00:00,410.35,410.35,410.36,369,300,410.3555156950672,6.053852541611651e-08,0.00014851208885624523
2023-04-11 17:06:00+00:00,410.44,410.43,410.45,869,302,410.4448420153715,5.2955108307188993e-08,0.00022617881117259486
2023-04-11 17:07:00+00:00,410.5,410.5,410.51,400,500,410.50444444444446,2.7766939900781737e-08,0.00011761195768000832
2023-04-11 17:08:00+00:00,410.55,410.55,410.56,10,500,410.5501960784314,6.297467256098937e-08,0.00023761142146305758
2023-04-11 17:09:00+00:00,410.66,410.65,410.67,673,1614,410.65588543944034,4.865821840730736e-08,-0.000226971860421199
2023-04-11 17:10:00+00:00,410.56,410.55,410.56,300,100,410.5575,3.532913819445231e-08,-0.00012351754180872643
2023-04-11 17:11:00+00:00,410.51,410.5,410.52,1310,595,410.51375328083986,4.5950371632868e-08,-0.0003426022425766506
2023-04-11 17:12:00+00:00,410.37,410.36,410.37,300,200,410.366,2.4905942638673684e-08,5.177402606726389e-05
2023-04-11 17:13:00+00:00,410.4,410.39,410.4,1,394,410.3900253164557,1.8339887939422568e-08,-0.00016677816744525842
2023-04-11 17:14:00+00:00,410.32,410.32,410.33,438,2285,410.3216085200147,4.265841594266546e-08,-0.0003541283775895243
2023-04-11 17:15:00+00:00,410.17,410.18,410.19,692,300,410.1869758064516,2.9990667936347235e-08,0.0002291709742139325
2023-04-11 17:16:00+00:00,410.27,410.26,410.27,533,100,410.26842022116904,4.008735034995069e-08,3.369332650526857e-05
2023-04-11 17:17:00+00:00,410.29,410.28,410.3,538,702,410.2886774193548,2.729334561777288e-08,0.00011748686767076855
2023-04-11 17:18:00+00:00,410.34,410.33,410.34,500,369,410.33575373993096,2.586398998240417e-08,-0.00028329507394286857
2023-04-11 17:19:00+00:00,410.23,410.21,410.22,613,400,410.2160513326752,4.224453528866044e-08,0.00033662949984258894
2023-04-11 17:20:00+00:00,410.36,410.35,410.36,300,300,410.355,2.603382998033636e-08,-1.9232550745651444e-05
2023-04-11 17:21:00+00:00,410.35,410.33,410.35,300,1322,410.33369913686806,2.4063218263136187e-08,-0.00012005557274374912
2023-04-11 17:22:00+00:00,410.28,410.29,410.3,400,489,410.2944994375703,2.2988599796689864e-08,-3.0319967786018864e-05
2023-04-11 17:23:00+00:00,410.28,410.28,410.29,500,500,410.285,3.3884844823932366e-08,1.7663843598914042e-05
2023-04-11 17:24:00+00:00,410.3,410.28,410.3,1023,860,410.29086563993627,2.0933389336976257e-08,0.00014080579531050574
2023-04-11 17:25:00+00:00,410.34,410.34,410.35,399,400,410.34499374217773,4.0057396770279645e-08,8.463454132967563e-05
2023-04-11 17:26:00+00:00,410.38,410.36,410.37,300,600,410.36333333333334,2.530036783808299e-08,9.58207776446951e-05
2023-04-11 17:27:00+00:00,410.43,410.42,410.43,412,500,410.4245175438597,4.28025597516955e-08,2.9069033821382817e-05
2023-04-11 17:28:00+00:00,410.43,410.42,410.43,412,777,410.42346509671995,1.6385215987114035e-08,9.85785908635961e-05
2023-04-11 17:29:00+00:00,410.48,410.47,410.48,1,651,410.4700153374233,1.918431716501469e-08,2.042850581784883e-05
2023-04-11 17:30:00+00:00,410.49,410.48,410.49,612,681,410.4847331786543,6.36938451612761e-08,0.00024849738654242337
2023-04-11 17:31:00+00:00,410.59,410.59,410.6,290,400,410.59420289855075,3.871934381837342e-08,7.372132226546313e-05
2023-04-11 17:32:00+00:00,410.63,410.61,410.63,500,861,410.61734753857456,2.936158540358989e-08,-0.00012806490786776425
2023-04-11 17:33:00+00:00,410.57,410.56,410.57,302,338,410.56471875,3.8251399298704204e-08,-0.00024721986030418197
2023-04-11 17:34:00+00:00,410.46,410.45,410.46,399,690,410.4536639118457,1.937581384192347e-08,-7.35280809687211e-05
2023-04-11 17:35:00+00:00,410.43,410.43,410.44,100,733,410.4312004801921,2.1886651690371895e-08,-0.00013224092507591045
2023-04-11 17:36:00+00:00,410.38,410.38,410.39,400,500,410.38444444444445,2.2098495924455672e-08,0.00020976404049921626
2023-04-11 17:37:00+00:00,410.47,410.46,410.48,841,1502,410.4671788305591,3.117639128685412e-08,-1.837165537632579e-05
2023-04-11 17:38:00+00:00,410.46,410.46,410.47,538,400,410.46573560767587,2.189535818769384e-08,-0.00018069304920531604
2023-04-11 17:39:00+00:00,410.4,410.4,410.41,200,586,410.4025445292621,2.3338773385217795e-08,0.00025499240374848853
2023-04-11 17:40:00+00:00,410.5,410.5,410.51,533,100,410.508420221169,2.0173986936803466e-08,1.5957043328906906e-05
2023-04-11 17:41:00+00:00,410.5,410.49,410.5,1753,1,410.4999942987457,2.5851065655113263e-08,7.945578400181397e-05
2023-04-11 17:42:00+00:00,410.53,410.53,410.54,433,500,410.534640943194,2.36969478991096e-08,4.417199180939413e-05
2023-04-11 17:43:00+00:00,410.55,410.55,410.56,675,1400,410.5532530120482,1.8249550582516986e-08,-5.621837435210164e-05
2023-04-11 17:44:00+00:00,410.52,410.52,410.53,503,401,410.525564159292,2.5260998647695505e-08,5.706670138416747e-05
2023-04-11 17:45:00+00:00,410.54,410.54,410.56,1303,841,410.5521548507463,3.445547951919e-08,0.00034504490863218606
2023-04-11 17:46:00+00:00,410.71,410.7,410.71,379,493,410.70434633027526,2.2769348331202683e-08,-9.023003092845094e-05
2023-04-11 17:47:00+00:00,410.65,410.64,410.66,1985,500,410.6559758551308,2.810877282885786e-08,0.00018208204669156736
2023-04-11 17:48:00+00:00,410.74,410.72,410.73,427,401,410.725157004831,2.449231489589237e-08,1.1497667212534424e-05
2023-04-11 17:49:00+00:00,410.73,410.73,410.74,443,300,410.73596231493946,6.150737987400558e-08,0.00011485080396789193
2023-04-11 17:50:00+00:00,410.78,410.76,410.78,1437,538,410.77455189873416,3.376844179903303e-08,-0.00020152013831742366
2023-04-11 17:51:00+00:00,410.69,410.69,410.7,497,369,410.6957390300231,1.7192165511905535e-08,-1.0019364230839933e-05
2023-04-11 17:52:00+00:00,410.68,410.68,410.7,3400,481,410.6975212574079,3.1695221592925526e-08,-6.72229011441372e-05
2023-04-11 17:53:00+00:00,410.67,410.66,410.68,1728,668,410.6744240400668,4.6583766513123825e-08,2.0821617072064313e-05
2023-04-11 17:54:00+00:00,410.67,410.66,410.67,1738,400,410.66812909260995,3.693003127794224e-08,0.00031352636472137263
2023-04-11 17:55:00+00:00,410.79,410.79,410.8,1100,154,410.79877192982457,3.4379771277982407e-08,-2.4739648251781432e-05
2023-04-11 17:56:00+00:00,410.79,410.79,410.8,400,636,410.793861003861,1.7151299016795828e-08,-3.3529407020505e-05
2023-04-11 17:57:00+00:00,410.78,410.77,410.78,500,515,410.77492610837436,1.7413261054082914e-08,-0.00011849824631582351
2023-04-11 17:58:00+00:00,410.73,410.74,410.75,300,530,410.7436144578313,1.6509258124739282e-08,0.00029170232159381193
2023-04-11 17:59:00+00:00,410.85,410.85,410.86,700,959,410.85421940928273,1.9087865656330767e-08,-9.768293352030444e-05
2023-04-11 18:00:00+00:00,410.8,410.81,410.82,502,100,410.8183388704319,4.152835955348361e-08,0.00019614736540307653
2023-04-11 18:01:00+00:00,410.88,410.87,410.89,1499,1418,410.88027768255057,1.8576646227223554e-08,-5.4196206016654536e-05
2023-04-11 18:02:00+00:00,410.86,410.85,410.87,1596,500,410.8652290076336,2.8776377032822434e-08,-0.00011198908709519895
2023-04-11 18:03:00+00:00,410.8,410.8,410.81,433,550,410.80440488301116,2.886986889586486e-08,-0.0002959198756858905
2023-04-11 18:04:00+00:00,410.69,410.68,410.7,1660,603,410.6946707909854,4.929579223539433e-08,0.0001735442244650276
2023-04-11 18:05:00+00:00,410.76,410.76,410.77,766,200,410.7679296066253,3.787609564428969e-08,-0.000155954495176025
2023-04-11 18:06:00+00:00,410.7,410.7,410.71,250,204,410.70550660792946,3.1811590484817613e-08,0.00016928295290496997
2023-04-11 18:07:00+00:00,410.77,410.76,410.77,250,400,410.76384615384615,2.6757581745996835e-08,2.9523170708145585e-07
2023-04-11 18:08:00+00:00,410.78,410.76,410.78,1000,269,410.77576044129233,2.004578815949815e-08,2.6325457388898243e-05
2023-04-11 18:09:00+00:00,410.79,410.78,410.79,374,1200,410.78237611181703,1.4029426024898308e-08,-7.02802167740213e-06
2023-04-11 18:10:00+00:00,410.77,410.77,410.79,1738,1300,410.7814417379855,1.932256501878308e-08,-0.0003149564044924169
2023-04-11 18:11:00+00:00,410.65,410.65,410.66,275,300,410.65478260869565,1.9034663874386516e-08,7.073535391644015e-05
2023-04-11 18:12:00+00:00,410.68,410.68,410.69,68,900,410.68070247933883,2.501968300171776e-08,0.00014503965208279013
2023-04-11 18:13:00+00:00,410.74,410.74,410.75,963,755,410.745605355064,3.3140113318089516e-08,-0.00014551046230393272
2023-04-11 18:14:00+00:00,410.68,410.68,410.69,41,1403,410.68028393351807,1.7291018458779717e-08,-0.00012522494493527603
2023-04-11 18:15:00+00:00,410.62,410.62,410.63,1699,100,410.6294441356309,3.1714810606332894e-08,0.0002447251504760217
2023-04-11 18:16:00+00:00,410.715,410.71,410.72,300,400,410.7142857142857,2.6413180531539185e-08,0.00011426952873239138
2023-04-11 18:17:00+00:00,410.78,410.79,410.8,813,506,410.7961637604246,2.9498295884167046e-08,1.9017853825742392e-05
2023-04-11 18:18:00+00:00,410.78,410.77,410.79,2051,500,410.78607996863974,9.836396198070333e-09,2.6534251438281586e-05
2023-04-11 18:19:00+00:00,410.8,410.8,410.82,914,922,410.80995642701527,1.3516516152151311e-08,0.0001362688816997082
2023-04-11 18:20:00+00:00,410.85,410.85,410.86,100,1638,410.85057537399314,1.7953724030771315e-08,0.00010445778189493993
2023-04-11 18:21:00+00:00,410.89,410.88,410.9,1070,669,410.8923059229442,2.686289297340222e-08,-0.00020547131738446467
2023-04-11 18:22:00+00:00,410.81,410.8,410.81,501,500,410.805004995005,1.7010833778298085e-08,0.0001910476958097984
2023-04-11 18:23:00+00:00,410.89,410.88,410.9,1112,574,410.89319098457884,1.473471057805669e-08,-0.00027597559290448714
2023-04-11 18:24:00+00:00,410.78,410.77,410.78,370,500,410.77425287356317,3.121382143854527e-08,-2.2954369112371253e-05
2023-04-11 18:25:00+00:00,410.765,410.78,410.79,500,400,410.78555555555556,2.067863719516222e-08,0.0001749912080675209
2023-04-11 18:26:00+00:00,410.84,410.83,410.84,742,300,410.83712092130514,1.1851254542583789e-08,-6.430713625249496e-05
2023-04-11 18:27:00+00:00,410.82,410.81,410.82,200,728,410.8121551724138,1.1981478076722985e-08,0.00013244796758216104
2023-04-11 18:28:00+00:00,410.87,410.86,410.87,511,338,410.8660188457008,1.4667148908232055e-08,4.9052433717111654e-05
2023-04-11 18:29:00+00:00,410.89,410.91,410.92,448,10356,410.9104146612366,2.12807821794099e-08,0.00011271615864516527
2023-04-11 18:30:00+00:00,410.91,410.92,410.94,1289,491,410.9344831460674,6.579875603685419e-08,0.00025870891645496386
2023-04-11 18:31:00+00:00,411.04,411.04,411.05,1597,500,411.04761564139244,3.745097808800872e-08,1.4264543430897447e-05
2023-04-11 18:32:00+00:00,411.04,411.03,411.04,337,100,411.0377116704806,1.907124126448431e-08,9.166327822174303e-05
2023-04-11 18:33:00+00:00,411.08,411.08,411.09,446,1800,411.0819857524488,3.2532397563341517e-08,-0.0001375400363079482
2023-04-11 18:34:00+00:00,411.04,411.03,411.04,200,328,411.03378787878785,2.448051152608144e-08,-0.00021850362040898297
2023-04-11 18:35:00+00:00,410.94,410.93,410.94,900,710,410.9355900621118,1.659478559089338e-08,0.00017222028867824868
2023-04-11 18:36:00+00:00,411.015,411.01,411.02,597,500,411.01544211485873,1.5022856739312702e-08,-0.0002366844120144096
2023-04-11 18:37:00+00:00,410.92,410.9,410.91,1600,500,410.90761904761905,2.4310773048715564e-08,3.875134813324799e-05
2023-04-11 18:38:00+00:00,410.93,410.92,410.93,968,200,410.92828767123285,1.2846434456254258e-08,2.4882507349666128e-05
2023-04-11 18:39:00+00:00,410.95,410.94,410.95,970,400,410.9470802919708,1.308909621796614e-08,9.803393123486437e-05
2023-04-11 18:40:00+00:00,410.97,410.97,410.98,833,625,410.9757133058985,1.0542196919178521e-08,0.00010956091043046179
2023-04-11 18:41:00+00:00,411.02,411.02,411.03,1037,19006,411.0205173876166,1.8314170282951438e-08,3.705946684395833e-05
2023-04-11 18:42:00+00:00,411.04,411.04,411.05,999,300,411.0476905311778,2.0416064454827427e-08,-2.2192403093090896e-05
2023-04-11 18:43:00+00:00,411.03,411.03,411.04,614,9972,411.0305800113357,1.727785077362678e-08,4.2950789853168914e-05
2023-04-11 18:44:00+00:00,411.06,411.06,411.07,900,1536,411.0636945812808,1.935271334163032e-08,-9.059845092806995e-05
2023-04-11 18:45:00+00:00,411.0,411.0,411.01,1304,500,411.0072283813747,1.4460827861652722e-08,1.0974824766973867e-05
2023-04-11 18:46:00+00:00,411.01,411.01,411.02,100,1603,411.0105871990605,1.3951565735705324e-08,3.998303932561953e-05
2023-04-11 18:47:00+00:00,411.01,411.0,411.01,2300,100,411.00958333333335,1.707731116108385e-08,0.00012058132995007576
2023-04-11 18:48:00+00:00,411.08,411.07,411.08,2128,304,411.07875,1.809584304904214e-08,-0.00017323716918438148
2023-04-11 18:49:00+00:00,411.01,411.0,411.01,1073,500,411.0068213604577,1.6373276412616108e-08,-7.646692394047694e-05
2023-04-11 18:50:00+00:00,410.97,410.97,410.98,564,549,410.97506738544473,2.6020959143486232e-08,-0.0001207836861576439
2023-04-11 18:51:00+00:00,410.92,410.92,410.93,658,500,410.92568221070815,5.0663088975790045e-08,8.755869900456403e-06
2023-04-11 18:52:00+00:00,410.93,410.93,410.94,500,600,410.93454545454546,2.216475254344721e-08,-7.889029350371946e-05
2023-04-11 18:53:00+00:00,410.89,410.87,410.88,400,649,410.8738131553861,1.8652059267059717e-08,-8.212121038586595e-05
2023-04-11 18:54:00+00:00,410.87,410.87,410.88,1600,700,410.87695652173915,2.0777197142386815e-08,-2.0545933912319292e-05
2023-04-11 18:55:00+00:00,410.86,410.86,410.87,400,936,410.862994011976,2.4443216062659344e-08,0.00010560869629561154
2023-04-11 18:56:00+00:00,410.9,410.9,410.91,500,400,410.90555555555557,3.704699276618201e-08,-4.950664763292423e-05
2023-04-11 18:57:00+00:00,410.87,410.87,410.88,528,400,410.87568965517244,2.0104792719242582e-08,0.00012631874022184242
2023-04-11 18:58:00+00:00,410.93,410.92,410.93,5507,606,410.9290086700475,2.471225402809285e-08,3.7253508542889335e-05
2023-04-11 18:59:00+00:00,410.94,410.94,410.95,200,972,410.94170648464166,2.052906034473405e-08,-1.4532295782854199e-05
2023-04-11 19:00:00+00:00,410.95,410.94,410.95,649,93,410.9487466307277,4.375412839323374e-08,-6.731063814757743e-05
2023-04-11 19:01:00+00:00,410.91,410.9,410.92,9719,918,410.9182739494218,4.8681741808319636e-08,-0.00013372163087610467
2023-04-11 19:02:00+00:00,410.86,410.85,410.86,826,517,410.8561504095309,3.654299871370618e-08,-0.0001314988958547314
2023-04-11 19:03:00+00:00,410.8,410.79,410.8,1537,948,410.796185110664,3.409409747116199e-08,-2.4869449406939026e-05
2023-04-11 19:04:00+00:00,410.79,410.79,410.8,1259,605,410.7967542918455,2.2650022597987468e-08,3.587548255623574e-05
2023-04-11 19:05:00+00:00,410.81,410.8,410.81,1129,300,410.80790062981106,2.751258350019146e-08,-0.00014185834970614764
2023-04-11 19:06:00+00:00,410.75,410.74,410.75,1100,300,410.74785714285713,5.966601642502151e-08,-0.00022660763732829103
2023-04-11 19:07:00+00:00,410.65,410.64,410.66,1827,877,410.6535133136095,3.981067446448765e-08,0.00017177592670392094
2023-04-11 19:08:00+00:00,410.74,410.72,410.73,1067,399,410.727278308322,2.0617018646073462e-08,-0.00016667481520227234
2023-04-11 19:09:00+00:00,410.65,410.64,410.65,400,720,410.6435714285714,2.191132177664306e-08,0.0001161041337474078
2023-04-11 19:10:00+00:00,410.7,410.7,410.71,401,629,410.7038932038835,4.479406773710519e-08,0.0001734327458964291
2023-04-11 19:11:00+00:00,410.79,410.79,410.8,300,930,410.79243902439026,2.12097783256115e-08,-4.7953293403457664e-05
2023-04-11 19:12:00+00:00,410.75,410.75,410.76,889,201,410.7581559633028,5.27072723983647e-08,0.0003968936759328745
2023-04-11 19:13:00+00:00,410.92,410.9,410.92,437,779,410.9071875,2.2722113332502217e-08,8.788441985707607e-05
2023-04-11 19:14:00+00:00,410.95,410.94,410.96,805,1081,410.94853658536584,2.419957021338827e-08,-1.2162094053524974e-05
2023-04-11 19:15:00+00:00,410.95,410.94,410.96,585,760,410.94869888475836,2.5147548303544957e-08,0.00022521540050801647
2023-04-11 19:16:00+00:00,411.04,411.03,411.04,748,221,411.0377192982457,2.6949898126594908e-08,-0.00016191301936285818
2023-04-11 19:17:00+00:00,410.995,410.99,411.0,584,400,410.9959349593496,2.5242693294359968e-08,-7.79475935153151e-06
2023-04-11 19:18:00+00:00,410.98,410.97,410.99,949,601,410.98224516129034,2.8650140950636452e-08,5.914781843241457e-05
2023-04-11 19:19:00+00:00,411.0,410.99,411.01,599,749,410.99888724035605,1.6674120673197017e-08,-1.2132728772762391e-06
2023-04-11 19:20:00+00:00,410.99,410.99,411.0,200,2049,410.9908892841263,2.2373378017590475e-08,-7.372496964108688e-05
2023-04-11 19:21:00+00:00,410.96,410.97,410.98,600,1100,410.97352941176473,1.5165875518499388e-08,7.639618173227447e-05
2023-04-11 19:22:00+00:00,411.0,411.0,411.01,400,400,411.005,2.8709833337093775e-08,0.0001288070082459125
2023-04-11 19:23:00+00:00,411.05,411.05,411.06,100,600,411.0514285714286,2.995613912652287e-08,0.00013118311531790106
2023-04-11 19:24:00+00:00,411.1,411.1,411.11,430,200,411.1068253968254,3.491961865286908e-08,-0.00031554123343524587
2023-04-11 19:25:00+00:00,410.97,410.97,410.99,712,1449,410.97658954187875,3.689565997266781e-08,-0.00016814131104470054
2023-04-11 19:26:00+00:00,410.9,410.9,410.92,705,688,410.9101220387653,4.551240486746064e-08,4.293749941775005e-05
2023-04-11 19:27:00+00:00,410.92,410.91,410.92,870,100,410.918969072165,1.8698883461760822e-08,-0.00017992174065095679
2023-04-11 19:28:00+00:00,410.84,410.84,410.85,745,101,410.8488061465721,3.608883030910615e-08,0.00015614095561589103
2023-04-11 19:29:00+00:00,410.92,410.91,410.93,1443,300,410.92655765920824,3.001433887621422e-08,0.00013381857185135182
2023-04-11 19:30:00+00:00,410.97,410.97,410.99,1300,1649,410.9788165479824,4.302777730344544e-08,8.675245206535287e-05
2023-04-11 19:31:00+00:00,411.01,411.02,411.03,400,500,411.02444444444444,2.591453829400436e-08,5.731047678625423e-05
2023-04-11 19:32:00+00:00,411.02,411.02,411.03,400,400,411.025,4.143217193940129e-08,-0.0003507462989168486
2023-04-11 19:33:00+00:00,410.88,410.88,410.89,501,600,410.88455040871935,4.579008175809874e-08,0.00021939548139138232
2023-04-11 19:34:00+00:00,410.96,410.96,410.98,955,1300,410.9684700665189,3.901950444689452e-08,-0.00019390579308575795
2023-04-11 19:35:00+00:00,410.91,410.91,410.92,100,670,410.91129870129873,4.95619101765786e-08,-0.00015470003795459153
2023-04-11 19:36:00+00:00,410.83,410.83,410.84,200,455,410.83305343511455,3.462237202418991e-08,-1.7061668741824576e-05
2023-04-11 19:37:00+00:00,410.81,410.82,410.83,200,600,410.8225,3.679922009031244e-08,-0.00028207053737627774
2023-04-11 19:38:00+00:00,410.74,410.73,410.74,100,500,410.7316666666667,6.418577288443918e-08,-0.0004308429557982052
2023-04-11 19:39:00+00:00,410.53,410.53,410.54,97,800,410.5310813823857,8.002073396746225e-08,-0.0002592340017308903
2023-04-11 19:40:00+00:00,410.43,410.42,410.43,649,486,410.425718061674,6.705890684991724e-08,-0.00021988340612366652
2023-04-11 19:41:00+00:00,410.34,410.34,410.35,100,1786,410.34053022269353,3.226123817106432e-08,0.00020261612631911063
2023-04-11 19:42:00+00:00,410.44,410.43,410.44,500,800,410.43384615384616,3.2066090614831453e-07,-0.0005449060122928451
2023-04-11 19:43:00+00:00,410.21,410.2,410.21,426,337,410.20558322411534,5.1263411563402505e-08,0.0001943583126278181
2023-04-11 19:44:00+00:00,410.27,410.27,410.28,400,500,410.27444444444444,5.788050931174016e-08,-0.00011587552058700545
2023-04-11 19:45:00+00:00,410.22,410.22,410.23,399,232,410.226323296355,1.0175408449175035e-07,-0.000482930856586572
2023-04-11 19:46:00+00:00,410.04,410.05,410.06,100,1800,410.05052631578945,1.0293045038744519e-07,-0.0001240108173523602
2023-04-11 19:47:00+00:00,409.96,409.97,409.98,700,300,409.977,5.940029584141065e-08,-0.00024843542976649147
2023-04-11 19:48:00+00:00,409.87,409.87,409.88,726,420,409.87633507853405,5.635969215331573e-08,0.00011418322516165702
2023-04-11 19:49:00+00:00,409.92,409.91,409.92,404,206,409.9166229508197,1.933070085797461e-07,-0.0002705475417078551
2023-04-11 19:50:00+00:00,409.83,409.82,409.84,579,349,409.8324784482758,1.871661418470282e-07,-0.00030235529019939644
2023-04-11 19:51:00+00:00,409.7,409.7,409.71,1206,924,409.705661971831,1.504037620996592e-07,-0.0003426328648767907
2023-04-11 19:52:00+00:00,409.56,409.56,409.57,2200,410,409.56842911877396,9.099905620143427e-08,-9.725402286908658e-05
2023-04-11 19:53:00+00:00,409.5,409.5,409.51,1350,300,409.5081818181818,8.098391072882096e-08,8.356962340116958e-05
2023-04-11 19:54:00+00:00,409.55,409.54,409.56,800,1141,409.54824317362187,1.267786516922525e-07,0.0004981924828939555
2023-04-11 19:55:00+00:00,409.72,409.73,409.75,1850,790,409.74401515151516,2.1938471014914676e-07,-0.0005865087570674499
2023-04-11 19:56:00+00:00,409.51,409.51,409.52,2500,1200,409.51675675675676,7.903102970931401e-08,-0.0002525834431673646
2023-04-11 19:57:00+00:00,409.41,409.41,409.42,1103,900,409.4155067398902,1.1621558449063738e-07,-0.0001312404263356104
2023-04-11 19:58:00+00:00,409.36,409.35,409.36,1788,537,409.3576903225807,4.65051043578444e-08,0.0003775569062929307
2023-04-11 19:59:00+00:00,409.53,409.52,409.53,3069,1400,409.5268673081226,1.1692328563504078e-07,0.00037772586087458926
2023-04-11 20:00:00+00:00,409.71,409.7,409.71,3273,109474,409.70029029597237,1.2183730622394898e-07,0.0005750744362897908
2023-04-11 20:01:00+00:00,409.88,409.88,409.9,1600,620,409.8944144144144,5.324705718718981e-08,0.0001621259982866885
2023-04-11 20:02:00+00:00,409.95,409.95,409.96,2192,139,409.9594036894037,2.3003764068141325e-08,2.3666725371240815e-05
2023-04-11 20:03:00+00:00,409.95,409.96,409.98,2000,700,409.9748148148148,3.2915236363743995e-08,-0.000212082815001291
2023-04-11 20:04:00+00:00,409.88,409.87,409.89,1364,300,409.8863942307692,1.2009647182173745e-08,-7.585331654202943e-05
2023-04-11 20:05:00+00:00,409.84,409.83,409.84,1100,72,409.839385665529,1.5514400256270395e-08,-2.6617217791069514e-05
2023-04-11 20:06:00+00:00,409.83,409.83,409.85,700,100,409.8475,1.3871904599755953e-08,0.0001626651050818939
2023-04-11 20:07:00+00:00,409.91,409.91,409.93,600,600,409.92,1.3663922377407963e-08,0.00015044075073977758
2023-04-11 20:08:00+00:00,409.97,409.98,409.99,1100,10,409.9899099099099,1.2449235604919895e-08,-0.00011064357091083998
2023-04-11 20:09:00+00:00,409.93,409.91,409.93,300,600,409.9166666666667,1.984932293311892e-08,-7.501592440084526e-05
2023-04-11 20:10:00+00:00,409.87,409.88,409.91,1100,1700,409.89178571428573,2.827929328987467e-08,0.00013644056386996617
2023-04-11 20:11:00+00:00,409.96,409.94,409.96,1100,1600,409.94814814814816,2.0468148521117816e-08,-1.4997379975789649e-05
2023-04-11 20:12:00+00:00,409.95,409.94,409.96,182,1500,409.9421640903686,1.8102914457572157e-08,-2.8676302314400992e-05
2023-04-11 20:13:00+00:00,409.94,409.93,409.94,25,998,409.93024437927664,7.757488834752882e-09,4.8936371607410933e-05
2023-04-11 20:14:00+00:00,409.96,409.95,409.96,5,170,409.9502857142857,5.051793658644733e-09,-9.564475762913194e-05
2023-04-11 20:15:00+00:00,409.91,409.9,409.92,623,1600,409.9056050382366,7.878906878070445e-09,1.8002821375651124e-05
2023-04-11 20:16:00+00:00,409.91,409.91,409.93,1103,1500,409.9184748367269,2.209417373418958e-09,2.6780689979410965e-05
2023-04-11 20:17:00+00:00,409.92,409.92,409.93,190,11,409.92945273631835,4.395600119295163e-09,-4.769539268001388e-05
2023-04-11 20:18:00+00:00,409.9,409.9,409.91,1100,11,409.909900990099,1.0068932553359445e-08,1.2752107271918334e-05
2023-04-11 20:19:00+00:00,409.91,409.91,409.93,360,1044,409.91512820512827,4.2242899644641076e-09,1.1601615794498699e-05
2023-04-11 20:20:00+00:00,409.92,409.91,409.92,1628,25,409.91984875983064,2.1691235883167885e-09,5.720495955752192e-05
2023-04-11 20:21:00+00:00,409.95,409.92,409.95,2100,600,409.9433333333333,1.1884949735722844e-10,-1.2648541306892191e-05
2023-04-11 20:22:00+00:00,409.95,409.93,409.95,1100,1100,409.94,5.033175139083578e-10,2.413399765455182e-05
2023-04-11 20:23:00+00:00,409.96,409.94,409.96,464,690,409.9480415944541,8.420409807685263e-09,7.033429269176494e-05
2023-04-11 20:24:00+00:00,409.99,409.97,409.98,1100,500,409.976875,5.4861478175910564e-09,4.375811395407325e-05
2023-04-11 20:25:00+00:00,409.98,409.98,410.0,500,175,409.9948148148148,6.629703285316466e-09,-0.00012011665411759687
2023-04-11 20:26:00+00:00,409.98,409.94,409.97,479,2102,409.9455676094537,8.164342032906908e-09,0.0001327574004801324
2023-04-11 20:27:00+00:00,410.0,409.99,410.0,1100,1,409.9999909173479,9.429186914294888e-09,-6.095345829626453e-05
2023-04-11 20:28:00+00:00,409.97,409.96,409.99,1100,1100,409.975,1.7153522316529737e-09,-4.0652885338055e-06
2023-04-11 20:29:00+00:00,409.97,409.96,409.98,600,300,409.97333333333336,8.601172234908526e-09,-8.881127978366266e-06
2023-04-11 20:30:00+00:00,409.99,409.96,409.99,1050,2200,409.9696923076923,2.7162497030132357e-09,9.897542144754468e-06
2023-04-11 20:31:00+00:00,409.97,409.96,409.99,1100,1802,409.97137146795313,5.5028589143712815e-09,6.636005928095656e-06
2023-04-11 20:32:00+00:00,409.95,409.97,409.98,1100,100,409.9791666666667,4.927634551502619e-09,-4.128318307050627e-05
2023-04-11 20:33:00+00:00,409.95,409.95,409.96,2100,100,409.95954545454543,2.561459796200511e-09,3.009190641001247e-05
2023-04-11 20:34:00+00:00,409.98,409.96,409.98,1110,1100,409.9700452488688,7.716925619000607e-09,-4.479990046601934e-06
2023-04-11 20:35:00+00:00,409.98,409.96,409.98,1110,1100,409.9700452488688,1.630115081426111e-08,-6.463121410726913e-05
2023-04-11 20:36:00+00:00,409.93,409.93,409.95,2100,1000,409.94354838709677,6.588344043905929e-09,1.595856470126833e-05
2023-04-11 20:37:00+00:00,409.93,409.95,409.97,5,1100,409.95009049773756,9.071010521550691e-09,-1.3760478797752995e-05
2023-04-11 20:38:00+00:00,409.95,409.94,409.95,400,499,409.94444938820914,3.99691882856987e-10,4.906804186965985e-06
2023-04-11 20:39:00+00:00,409.95,409.93,409.95,2000,430,409.9464609053498,4.971598842123775e-09,-0.00010640189988986304
2023-04-11 20:40:00+00:00,409.92,409.9,409.92,265,1606,409.90283270978085,2.311167138017203e-09,-2.6912981761162413e-05
2023-04-11 20:41:00+00:00,409.89,409.9,409.91,1100,25,409.9097777777778,6.795453268899707e-08,0.00012132066306458356
2023-04-11 20:42:00+00:00,409.94,409.93,409.96,1000,1600,409.94153846153847,8.628874259289413e-09,4.117416597471113e-05
2023-04-11 20:43:00+00:00,409.94,409.94,409.96,1350,116,409.958417462483,8.075403631186852e-09,2.9483782154837712e-05
2023-04-11 20:44:00+00:00,409.99,409.96,409.99,458,850,409.970504587156,1.9246811983550564e-08,-3.439008315431202e-05
2023-04-11 20:45:00+00:00,409.9,409.94,409.96,1100,241,409.9564056674124,2.511354722182376e-08,-0.00011500699650157653
2023-04-11 20:46:00+00:00,409.9,409.9,409.92,948,1100,409.9092578125,7.121443351567522e-09,1.7134203464941322e-06
2023-04-11 20:47:00+00:00,409.9,409.9,409.91,1000,4,409.9099601593625,4.479869429875686e-09,3.643785201989935e-05
2023-04-11 20:48:00+00:00,409.91,409.92,409.93,1536,1601,409.9248963978323,3.899877840651353e-09,-8.919454470868171e-05
2023-04-11 20:49:00+00:00,409.9,409.88,409.89,1000,10,409.889900990099,1.414498749161086e-08,-0.0001672794414890877
2023-04-11 20:50:00+00:00,409.85,409.81,409.83,1150,1100,409.82022222222224,1.0506784481537956e-08,0.0001296380134108155
2023-04-11 20:51:00+00:00,409.82,409.86,409.88,1100,606,409.87289566236814,3.2796852580743623e-09,6.770269323941314e-05
2023-04-11 20:52:00+00:00,409.88,409.89,409.92,1100,2100,409.9003125,6.772715306422851e-09,-0.0001341617487711222
2023-04-11 20:53:00+00:00,409.9,409.83,409.86,1200,1100,409.84565217391304,9.417556158247777e-09,0.00013007898225469994
2023-04-11 20:54:00+00:00,409.89,409.88,409.91,2100,1222,409.89896447922933,1.4769681568679586e-09,2.2856496151302252e-05
2023-04-11 20:55:00+00:00,409.9,409.89,409.91,1100,100,409.90833333333336,1.3530884737669395e-08,-0.00015805572739024942
2023-04-11 20:56:00+00:00,409.9,409.83,409.87,1280,2500,409.843544973545,1.0536426275541574e-08,5.0851090917181097e-05
2023-04-11 20:57:00+00:00,409.86,409.86,409.87,2500,3200,409.8643859649123,1.1285504988943221e-08,-2.524518685964594e-05
2023-04-11 20:58:00+00:00,409.84,409.85,409.87,291,1150,409.8540388619015,1.63102922179669e-09,5.381850811669864e-06
2023-04-11 20:59:00+00:00,409.86,409.85,409.86,291,175,409.85624463519315,2.274868081019567e-08,-8.843255572554831e-05
2023-04-11 21:00:00+00:00,409.8,409.8,409.86,817,173,409.84951515151516,8.789601563460337e-09,0.00014629753087214148
2023-04-11 21:01:00+00:00,409.86,409.86,409.88,900,2,409.879955654102,4.1815692155399295e-10,-2.3640346036302162e-07
2023-04-11 21:02:00+00:00,409.86,409.86,409.88,703,5,409.87985875706215,2.4070033705730897e-09,-4.6192944225253996e-07
2023-04-11 21:03:00+00:00,409.88,409.86,409.9,176,1200,409.8651162790698,2.699854607799203e-09,-1.7749246506104654e-05
2023-04-11 21:04:00+00:00,409.88,409.86,409.88,176,108,409.8723943661972,4.3996261927085366e-09,-0.00012556135603791763
2023-04-11 21:05:00+00:00,409.86,409.82,409.86,5,210,409.8209302325581,8.102861193529236e-09,3.259892775719919e-07
2023-04-11 21:06:00+00:00,409.84,409.82,409.84,5,89,409.82106382978714,4.330147964174325e-09,9.219899710166679e-05
2023-04-11 21:07:00+00:00,409.86,409.82,409.86,405,12,409.85884892086335,1.7485519837964276e-08,7.185360130912422e-05
2023-04-11 21:08:00+00:00,409.9,409.88,409.9,500,705,409.8882987551867,2.271447512434526e-08,-1.9846433248371653e-05
2023-04-11 21:09:00+00:00,409.8,409.8,409.89,808,100,409.8800881057269,9.611386800712732e-09,-0.00012545246990058878
2023-04-11 21:10:00+00:00,409.8,409.8,409.89,305,650,409.8287434554974,3.4946080641851994e-08,2.820792851965237e-06
2023-04-11 21:11:00+00:00,409.75,409.75,409.85,795,200,409.8298994974874,3.834439251124198e-08,-0.00010711638545957136
2023-04-11 21:12:00+00:00,409.78,409.77,409.85,50,200,409.786,1.9656147086525657e-09,-1.193034629998202e-05
2023-04-11 21:13:00+00:00,409.78,409.77,409.8,250,425,409.7811111111111,1.5909744983170696e-08,8.702227654056038e-05
2023-04-11 21:14:00+00:00,409.8,409.8,409.84,355,500,409.8166081871344,1.5821385235613874e-13,-3.97761049319989e-07
2023-04-11 21:15:00+00:00,409.82,409.8,409.84,355,500,409.8166081871344,6.113204354946504e-09,-0.00010559565653656122
2023-04-11 21:16:00+00:00,409.77,409.77,409.8,50,400,409.7733333333333,3.9002249972111415e-08,-0.00010358716375857835
2023-04-11 21:17:00+00:00,409.8,409.73,409.8,5,390,409.7308860759494,1.9748797107087717e-08,7.221644025268148e-05
2023-04-11 21:18:00+00:00,409.8,409.74,409.8,201,388,409.7604753820034,6.7738766099646556e-09,5.546674841916399e-05
2023-04-11 21:19:00+00:00,409.75,409.76,409.8,100,388,409.7681967213115,1.6512800529149238e-09,-4.1981865186557776e-05
2023-04-11 21:20:00+00:00,409.76,409.76,409.79,25,100,409.766,2.6713756485314754e-09,-4.880834427511971e-06
2023-04-11 21:21:00+00:00,409.76,409.76,409.78,25,100,409.764,1.3936473922184198e-09,3.440726690362439e-05
2023-04-11 21:22:00+00:00,409.75,409.75,409.78,1478,100,409.77809885931555,4.70452256492886e-08,4.913250985172368e-06
2023-04-11 21:23:00+00:00,409.86,409.78,409.86,1,712,409.7801122019635,2.28851168810553e-09,5.084127648480319e-05
2023-04-11 21:24:00+00:00,409.85,409.8,409.85,1,242,409.80020576131693,1.0511513477949876e-09,-4.592055376562154e-05
2023-04-11 21:25:00+00:00,409.8,409.78,409.8,5,42,409.7821276595744,4.646498253461344e-09,8.715320165220142e-05
2023-04-11 21:26:00+00:00,409.81,409.81,409.86,93,500,409.8178414839798,5.3227609010866834e-08,-1.7066183178759964e-05
2023-04-11 21:27:00+00:00,409.86,409.81,409.86,10,580,409.8108474576271,6.176818189667098e-09,6.842530263839741e-05
2023-04-11 21:28:00+00:00,409.82,409.81,409.85,26,10,409.8388888888889,2.93971936793132e-07,-2.213850596444189e-05
2023-04-11 21:29:00+00:00,409.72,409.72,409.84,400,34,409.83059907834104,5.4120284604248855e-08,-8.302518074021492e-05
2023-04-11 21:30:00+00:00,409.73,409.73,409.8,5,50,409.73636363636365,8.594035950700647e-08,-0.0001450132940529203
2023-04-11 21:31:00+00:00,409.72,409.73,409.8,5,50,409.73636363636365,0.0,0.0
2023-04-11 21:32:00+00:00,409.72,409.73,409.8,5,50,409.73636363636365,1.4853174374816877e-11,5.449491581765997e-06
2023-04-11 21:33:00+00:00,409.72,409.73,409.8,8,50,409.7396551724138,1.319129667707239e-10,-1.4915080443378415e-05
2023-04-11 21:34:00+00:00,409.73,409.73,409.8,6,163,409.73248520710064,2.1028587392887703e-08,0.00013547235921218537
2023-04-11 21:35:00+00:00,409.76,409.76,409.8,380,163,409.7879926335175,6.438331500386003e-09,-2.5437119596904978e-05
2023-04-11 21:36:00+00:00,409.75,409.74,409.8,273,163,409.7775688073395,7.445260514420876e-10,2.7286004680826537e-05
2023-04-11 21:37:00+00:00,409.8,409.74,409.8,273,63,409.78875000000005,1.100074254096603e-08,-0.00011516774056019585
2023-04-11 21:38:00+00:00,409.74,409.74,409.8,7,263,409.7415555555556,1.657131700907067e-08,3.6834916761874226e-05
2023-04-11 21:39:00+00:00,409.73,409.74,409.8,101,263,409.7566483516483,1.5312255547518385e-08,-4.0037503400536245e-05
2023-04-11 21:40:00+00:00,409.74,409.74,409.79,1,205,409.74024271844655,9.393391307774066e-09,9.585812696344398e-05
2023-04-11 21:41:00+00:00,409.73,409.73,409.79,945,200,409.77951965065506,7.975161260031082e-10,-2.8955399424490658e-05
2023-04-11 21:42:00+00:00,409.75,409.73,409.78,915,300,409.7676543209876,6.928878046568286e-09,-8.615636251563252e-05
2023-04-11 21:43:00+00:00,409.76,409.73,409.76,17,200,409.73235023041474,1.097562908575366e-10,1.042593576383588e-05
2023-04-11 21:44:00+00:00,409.71,409.71,409.75,398,200,409.7366220735786,1.9349222004836137e-11,-4.398775057312676e-06
2023-04-11 21:45:00+00:00,409.71,409.71,409.75,327,200,409.73481973434536,2.4291232306464478e-08,-0.00015681775996279068
2023-04-11 21:46:00+00:00,409.67,409.67,409.68,6,100,409.67056603773585,6.302847958377051e-09,8.889943590162375e-07
2023-04-11 21:47:00+00:00,409.66,409.66,409.7,188,500,409.6709302325581,1.4200410022396539e-09,-2.2783149141836212e-05
2023-04-11 21:48:00+00:00,409.66,409.66,409.67,19,100,409.6615966386555,1.8027099467881182e-08,0.00015868275838215595
2023-04-11 21:49:00+00:00,409.67,409.67,409.74,845,200,409.7266028708134,7.269859393545274e-09,-9.520478736602112e-05
2023-04-11 21:50:00+00:00,409.74,409.68,409.74,50,345,409.6875949367089,4.249499748852866e-09,6.178078801055698e-05
2023-04-11 21:51:00+00:00,409.74,409.71,409.74,37,345,409.71290575916225,5.748121484401295e-09,-2.8787592202483836e-05
2023-04-11 21:52:00+00:00,409.74,409.69,409.74,130,455,409.7011111111112,5.377868982419697e-09,3.1665513173573245e-05
2023-04-11 21:53:00+00:00,409.74,409.68,409.74,121,92,409.7140845070423,3.3310757420117778e-09,-2.135922107593391e-05
2023-04-11 21:54:00+00:00,409.74,409.68,409.74,76,104,409.7053333333334,1.440896147212388e-08,5.5820301474440726e-06
2023-04-11 21:55:00+00:00,409.7,409.7,409.75,57,317,409.7076203208556,1.0630337337295461e-08,9.359704134825897e-05
2023-04-11 21:56:00+00:00,409.75,409.7,409.75,57,5,409.7459677419355,1.251316107453686e-08,-8.952950657581393e-05
2023-04-11 21:57:00+00:00,409.73,409.7,409.75,57,250,409.7092833876221,1.793716470495682e-09,4.2352290026581585e-05
2023-04-11 21:58:00+00:00,409.75,409.7,409.75,57,50,409.7266355140187,1.1646497780512727e-08,5.35045365861464e-05
2023-04-11 21:59:00+00:00,409.7,409.7,409.75,8412,250,409.74855691526204,2.681155944085501e-08,9.226606871437504e-05
2023-04-11 22:00:00+00:00,409.75,409.75,409.79,50,5,409.78636363636366,7.45584668566823e-08,-6.23853827679266e-05
2023-04-11 22:01:00+00:00,409.77,409.71,409.77,5521,1000,409.7607989572151,1.151145769482852e-08,-4.0299713812141924e-05
2023-04-11 22:02:00+00:00,409.77,409.74,409.75,600,1184,409.7433632286996,7.3483195640587005e-09,4.2442535256093095e-05
2023-04-11 22:03:00+00:00,409.77,409.74,409.77,500,192,409.7616763005781,7.107642128751687e-09,2.178504155603278e-05
2023-04-11 22:04:00+00:00,409.77,409.76,409.78,1354,1200,409.77060297572433,6.605294050697636e-10,-3.2738516424490882e-06
2023-04-11 22:05:00+00:00,409.77,409.76,409.77,1254,100,409.76926144756277,2.425395454766185e-08,0.0001055192678056649
2023-04-11 22:06:00+00:00,409.85,409.8,409.84,600,1100,409.8141176470588,1.7092665128509726e-08,1.2200701540399095e-05
2023-04-11 22:07:00+00:00,409.85,409.81,409.82,150,50,409.8175,3.4905600593957184e-08,4.106305418627443e-05
2023-04-11 22:08:00+00:00,409.86,409.83,409.86,1100,1075,409.8451724137931,1.8997777719468602e-08,2.411259238943586e-05
2023-04-11 22:09:00+00:00,409.85,409.83,409.86,990,1100,409.8442105263158,6.27379684611308e-09,-4.6291811840792896e-05
2023-04-11 22:10:00+00:00,409.86,409.82,409.83,1100,1000,409.8252380952381,5.100128218050768e-10,-3.000527450347512e-05
2023-04-11 22:11:00+00:00,409.82,409.81,409.82,600,1150,409.8134285714286,3.104980834603234e-08,0.0003137519928082533
2023-04-11 22:12:00+00:00,409.95,409.92,409.95,500,197,409.9415208034433,1.5916009555057227e-08,-0.00011348156037516155
2023-04-11 22:13:00+00:00,409.9,409.88,409.91,1100,1100,409.895,1.9761569821139735e-09,3.1625081942099342e-06
2023-04-11 22:14:00+00:00,409.9,409.88,409.92,1100,1600,409.89629629629627,3.31108898316769e-08,3.345428216783297e-05
2023-04-11 22:15:00+00:00,409.9,409.9,409.92,1102,1100,409.91000908265215,1.3259743734044476e-08,-3.581095124161049e-05
2023-04-11 22:16:00+00:00,409.9,409.87,409.9,1600,295,409.89532981530346,9.881866116783698e-10,3.193800069412056e-05
2023-04-11 22:17:00+00:00,409.9,409.9,409.92,800,1100,409.9084210526316,4.222642957620222e-09,-6.236492948552552e-05
2023-04-11 22:18:00+00:00,409.9,409.87,409.9,1200,1600,409.8828571428571,3.4926732041030274e-11,-5.9098842662974604e-06
2023-04-11 22:19:00+00:00,409.9,409.87,409.89,1200,1100,409.8804347826087,7.3578015376528976e-09,-6.476496916441032e-05
2023-04-11 22:20:00+00:00,409.89,409.84,409.89,500,1300,409.8538888888889,1.5914746829310837e-09,6.199412934093651e-05
2023-04-11 22:21:00+00:00,409.87,409.86,409.87,824,1600,409.863399339934,1.8509897747784034e-08,-0.0001517535774189227
2023-04-11 22:22:00+00:00,409.83,409.81,409.83,1100,2000,409.81709677419354,2.8178700668662626e-08,4.160706579892093e-05
2023-04-11 22:23:00+00:00,409.85,409.82,409.86,602,1100,409.83414806110454,7.582451534011681e-09,-8.236479171264133e-05
2023-04-11 22:24:00+00:00,409.8,409.8,409.82,12,600,409.80039215686276,8.6885306348041e-09,6.0771747176557867e-05
2023-04-11 22:25:00+00:00,409.84,409.8,409.85,512,500,409.8252964426878,7.2089862136793505e-09,-9.240757012918266e-07
2023-04-11 22:26:00+00:00,409.81,409.81,409.84,1088,1100,409.82491773308953,2.819759302998814e-09,3.680173229558825e-05
2023-04-11 22:27:00+00:00,409.81,409.82,409.86,1100,1100,409.84,0.0,0.0
2023-04-11 22:28:00+00:00,409.81,409.82,409.86,1100,1100,409.84,5.140914630464292e-09,-6.701558636323934e-05
2023-04-11 22:29:00+00:00,409.81,409.8,409.84,502,1100,409.81253433208485,1.6490695580800967e-09,6.704225076625825e-05
2023-04-11 22:30:00+00:00,409.81,409.82,409.86,1101,1100,409.8400090867787,9.122040128297556e-09,5.579360041729764e-05
2023-04-11 22:31:00+00:00,409.87,409.85,409.88,1000,1330,409.8628755364807,8.545930785616228e-10,4.047390047667854e-05
2023-04-11 22:32:00+00:00,409.89,409.89,409.9,1500,1,409.89999333777484,1.969544364762985e-08,-7.619067144781777e-05
2023-04-11 22:33:00+00:00,409.82,409.82,409.85,1600,100,409.84823529411767,9.482877213613917e-09,-0.00011211140051425872
2023-04-11 22:34:00+00:00,409.83,409.8,409.82,142,1100,409.80228663446053,6.394602413320077e-09,0.00013473171658695549
2023-04-11 22:35:00+00:00,409.83,409.83,409.87,1100,500,409.8575,6.992620943661417e-09,4.1441850398449276e-05
2023-04-11 22:36:00+00:00,409.83,409.85,409.89,1100,697,409.87448525319974,5.4899045762871e-09,3.614031355270164e-05
2023-04-11 22:37:00+00:00,409.89,409.9,409.92,1100,280,409.9159420289855,1.4874313896968195e-08,8.803930701528628e-05
2023-04-11 22:38:00+00:00,409.89,409.9,409.93,1100,200,409.9253846153846,4.076325701230966e-09,9.900049383837484e-06
2023-04-11 22:39:00+00:00,409.92,409.92,409.93,1695,100,409.92944289693594,2.4021385638472786e-09,5.00719105975822e-05
2023-04-11 22:40:00+00:00,409.93,409.94,409.95,1600,5,409.949968847352,3.3274486987819084e-09,-5.7836957608414785e-05
2023-04-11 22:41:00+00:00,409.94,409.92,409.94,501,1100,409.9262585883822,1.1246884298461384e-09,-3.300914584369874e-05
2023-04-11 22:42:00+00:00,409.92,409.91,409.94,110,1100,409.9127272727273,3.511450907532717e-09,8.878849537663491e-05
2023-04-11 22:43:00+00:00,409.92,409.92,409.95,498,15,409.94912280701755,4.9870237469954786e-09,-0.00011334230660464684
2023-04-11 22:44:00+00:00,409.91,409.89,409.93,500,1080,409.90265822784806,1.2228921241786495e-10,2.3664616115581794e-06
2023-04-11 22:45:00+00:00,409.9,409.9,409.93,149,1083,409.9036282467532,1.912713116189586e-08,-0.00012473235958398998
2023-04-11 22:46:00+00:00,409.9,409.84,409.88,40,88,409.85249999999996,1.3837079026573331e-09,-5.4764954560471146e-05
2023-04-11 22:47:00+00:00,409.9,409.83,409.86,2,1100,409.83005444646096,2.3615801550092866e-08,6.078887049731918e-06
2023-04-11 22:48:00+00:00,409.88,409.83,409.86,102,1100,409.8325457570715,8.885669881205088e-10,-2.9529380898618562e-05
2023-04-11 22:49:00+00:00,409.83,409.82,409.83,50,1077,409.8204436557232,1.9154466293185582e-08,2.67142801746445e-06
2023-04-11 22:50:00+00:00,409.86,409.82,409.84,50,600,409.82153846153847,6.446660145232817e-10,-2.7444139331311845e-05
2023-04-11 22:51:00+00:00,409.82,409.81,409.84,5,510,409.81029126213593,1.3206807852941321e-08,-1.711013622340829e-05
2023-04-11 22:52:00+00:00,409.81,409.8,409.83,135,1100,409.8032793522267,6.26252463047754e-09,-5.372442405160438e-05
2023-04-11 22:53:00+00:00,409.8,409.78,409.79,159,1100,409.78126290706905,1.8130448712492129e-09,4.5724620979514796e-05
2023-04-11 22:54:00+00:00,409.78,409.79,409.81,1100,1100,409.8,7.781202613653583e-09,7.3744724829794e-05
2023-04-11 22:55:00+00:00,409.78,409.81,409.84,1100,532,409.8302205882353,7.795486340169898e-09,-2.4938590962531038e-05
2023-04-11 22:56:00+00:00,409.78,409.81,409.83,1100,1100,409.82,3.040460574909781e-09,9.141981336946436e-05
2023-04-11 22:57:00+00:00,409.78,409.83,409.87,1100,502,409.8574656679151,9.006030352014837e-12,3.001004890368364e-06
2023-04-11 22:58:00+00:00,409.78,409.83,409.86,1100,50,409.85869565217394,3.2603350384557317e-09,3.363088792562863e-05
2023-04-11 22:59:00+00:00,409.86,409.85,409.87,1100,1100,409.86,6.915280299739748e-09,3.582056379292098e-06
2023-04-11 23:00:00+00:00,409.86,409.85,409.87,1100,1100,409.86,1.4244788736597982e-08,-0.00017426053343860826
2023-04-11 23:01:00+00:00,409.86,409.8,409.83,101,1100,409.80252289758533,2.2919077904635062e-08,9.322382675391871e-05
2023-04-11 23:02:00+00:00,409.85,409.81,409.85,1100,332,409.84072625698326,0.0,0.0
2023-04-11 23:03:00+00:00,409.85,409.81,409.85,1100,332,409.84072625698326,7.012581010680355e-11,-5.720605337211637e-07
2023-04-11 23:04:00+00:00,409.85,409.82,409.85,500,232,409.84049180327867,6.46283607849213e-10,-2.5390283724835427e-05
2023-04-11 23:05:00+00:00,409.85,409.83,409.85,1,232,409.83008583690986,8.700289090567064e-10,4.7172946973095264e-05
2023-04-11 23:06:00+00:00,409.84,409.84,409.85,2625,162,409.84941872981705,3.2765291767381784e-09,-4.128035576944633e-05
2023-04-11 23:07:00+00:00,409.85,409.82,409.86,500,1100,409.8325,4.034176270884418e-09,6.10005307044581e-06
2023-04-11 23:08:00+00:00,409.84,409.81,409.86,1100,1100,409.835,2.1781477337918737e-08,0.00010258336530832857
2023-04-11 23:09:00+00:00,409.82,409.87,409.88,500,210,409.87704225352115,4.902265650565052e-09,-3.287685998554224e-05
2023-04-11 23:10:00+00:00,409.85,409.85,409.88,904,1095,409.8635667833917,7.819427332022823e-09,-5.996086598680783e-05
2023-04-11 23:11:00+00:00,409.83,409.83,409.85,900,1102,409.83899100899094,6.311060920997733e-09,0.00011410837812508845
2023-04-11 23:12:00+00:00,409.83,409.84,409.89,1100,102,409.8857570715474,8.726530990091884e-09,-2.3194442313134722e-05
2023-04-11 23:13:00+00:00,409.87,409.86,409.89,1100,1100,409.875,1.6351159703541682e-10,-1.7572086580819324e-05
2023-04-11 23:14:00+00:00,409.85,409.85,409.89,1000,1100,409.8690476190476,6.533058196984785e-12,-2.5559847802725244e-06
2023-04-11 23:15:00+00:00,409.85,409.85,409.89,900,1100,409.868,1.973213728889064e-08,6.271215050634993e-05
2023-04-11 23:16:00+00:00,409.87,409.87,409.91,1600,1100,409.8937037037037,7.70333640717129e-10,-2.123405074305751e-05
2023-04-11 23:17:00+00:00,409.87,409.86,409.91,1100,1100,409.885,2.2657602987667717e-10,-1.37233614306842e-05
2023-04-11 23:18:00+00:00,409.91,409.88,409.9,1100,1100,409.89,1.5529817541613746e-08,-0.00010920192162533482
2023-04-11 23:19:00+00:00,409.91,409.83,409.86,200,1100,409.8346153846154,1.3161056797275225e-08,2.602767497528191e-05
2023-04-11 23:20:00+00:00,409.84,409.84,409.85,1010,902,409.8452824267782,9.707838105725411e-09,0.00010535466317351805
2023-04-11 23:21:00+00:00,409.87,409.87,409.89,600,50,409.8884615384615,5.003235560346031e-09,-7.5067326007483e-06
2023-04-11 23:22:00+00:00,409.87,409.87,409.89,500,150,409.8853846153846,1.3128252804428513e-10,-1.1755914774314036e-05
2023-04-11 23:23:00+00:00,409.87,409.88,409.89,3,50,409.88056603773583,3.91581845023787e-09,1.1756052977540676e-05
2023-04-11 23:24:00+00:00,409.88,409.87,409.89,500,150,409.8853846153846,1.0376802523693866e-08,1.066513308445316e-05
2023-04-11 23:25:00+00:00,409.88,409.88,409.89,2000,50,409.88975609756096,1.3493798539023154e-16,1.1616281048176802e-08
2023-04-11 23:26:00+00:00,409.89,409.88,409.89,2000,49,409.8897608589556,2.3562510527365165e-09,5.811255235710355e-05
2023-04-11 23:27:00+00:00,409.91,409.89,409.92,1102,300,409.91358059914415,7.71585899361475e-09,-5.7437232182100395e-05
2023-04-11 23:28:00+00:00,409.92,409.89,409.91,2,1100,409.8900362976407,5.1572493181940125e-08,7.097004897782533e-05
2023-04-11 23:29:00+00:00,409.92,409.89,409.92,500,15,409.9191262135922,1.627111612708346e-08,1.2603548300571532e-06
2023-04-11 23:30:00+00:00,409.9,409.9,409.92,1095,15,409.91972972972974,1.4537099498807523e-08,-0.0001414330625194582
2023-04-11 23:31:00+00:00,409.88,409.86,409.88,100,1100,409.8616666666667,1.870426219621005e-08,9.352749098257007e-05
2023-04-11 23:32:00+00:00,409.9,409.88,409.92,1100,1100,409.9,7.210937170619263e-09,-7.305575393756758e-05
2023-04-11 23:33:00+00:00,409.9,409.87,409.9,2,1100,409.870054446461,0.0,0.0
2023-04-11 23:34:00+00:00,409.9,409.87,409.9,2,1100,409.870054446461,3.709319632421231e-10,2.4353697156920262e-05
2023-04-11 23:35:00+00:00,409.88,409.88,409.9,2,1100,409.88003629764063,7.471847428105198e-17,8.643984861222975e-09
2023-04-11 23:36:00+00:00,409.89,409.88,409.89,2,500,409.88003984063744,1.8548439907982762e-09,-2.4997621763667155e-05
2023-04-11 23:37:00+00:00,409.87,409.86,409.87,95,2,409.869793814433,5.807621104623768e-09,0.00013974573488151343
2023-04-11 23:38:00+00:00,409.92,409.93,409.94,1000,100,409.9390909090909,1.2078855353203407e-08,5.1561208550321425e-05
2023-04-11 23:39:00+00:00,409.94,409.94,409.95,1690,107,409.9494045631608,4.7581277464442975e-08,-2.2807220579901255e-06
2023-04-11 23:40:00+00:00,410.0,409.92,409.97,600,500,409.9472727272727,3.1875535417834796e-08,0.0002496830913789605
2023-04-11 23:41:00+00:00,410.05,410.02,410.07,1600,1100,410.04962962962964,1.5124309341777774e-08,-0.00013019748956832888
2023-04-11 23:42:00+00:00,410.05,409.99,410.0,500,301,409.9962421972534,1.7923451522443193e-09,2.7458307145122873e-05
2023-04-11 23:43:00+00:00,410.03,409.98,410.02,1100,573,410.0063000597729,3.33656806749948e-09,-2.6545089542473477e-05
2023-04-11 23:44:00+00:00,410.0,409.98,410.0,1100,224,409.9966163141994,1.3377855387342535e-08,2.0448182904475587e-05
2023-04-11 23:45:00+00:00,410.0,410.0,410.01,1,1,410.005,4.633914777882157e-09,-2.3854557395286413e-05
2023-04-11 23:46:00+00:00,410.0,409.98,410.01,104,101,409.99521951219515,2.1906639491258918e-09,-1.2730665985172251e-05
2023-04-11 23:47:00+00:00,409.98,409.98,410.0,1100,1100,409.99,1.0919128661253262e-08,-2.430967128397299e-05
2023-04-11 23:48:00+00:00,409.99,409.98,409.99,2,599,409.9800332778703,5.384135604082565e-09,-4.87832666571375e-05
2023-04-11 23:49:00+00:00,409.97,409.96,409.97,1,301,409.9600331125828,5.941829932069883e-09,3.334615576333633e-05
2023-04-11 23:50:00+00:00,409.97,409.95,409.99,1600,1100,409.9737037037037,1.9689488770461118e-08,-2.665498185849824e-05
2023-04-11 23:51:00+00:00,409.98,409.93,409.98,1901,999,409.962775862069,5.952322845106498e-09,-1.3338210401725448e-05
2023-04-11 23:52:00+00:00,409.98,409.94,409.97,1500,1100,409.95730769230767,7.924548206164105e-09,2.4664259903772745e-05
2023-04-11 23:53:00+00:00,409.97,409.95,409.98,1523,1100,409.967418985894,1.786385633703334e-08,3.1068966742431314e-05
2023-04-11 23:54:00+00:00,409.95,409.98,410.0,1,125,409.98015873015873,7.956655787945453e-09,2.1907599422998913e-05
2023-04-11 23:55:00+00:00,410.0,410.0,410.01,307,625,410.00329399141634,1.889540406046687e-09,7.007964063543426e-05
2023-04-11 23:56:00+00:00,410.0,410.0,410.02,301,36,410.01786350148365,2.667653857429514e-09,-6.780568350861493e-05
2023-04-11 23:57:00+00:00,410.0,409.99,410.01,11,1102,409.99019766397123,1.3747144199625605e-09,-1.7001966663765522e-05
2023-04-11 23:58:00+00:00,409.98,409.98,410.0,46,251,409.98309764309766,3.02848469766269e-09,-2.0485839453465715e-05
2023-04-11 23:59:00+00:00,409.99,409.97,409.98,975,1122,409.97464949928474,1.0126424820328632e-08,-9.073436797446544e-05
