ts_recv,price,bid_px_00,ask_px_00,bid_sz_00,ask_sz_00,weighted_mid,rv_60s,ret_60s
2021-07-28 08:01:00+00:00,438.83,438.83,438.88,100,100,438.855,5.973930196017001e-08,-0.00018605043792419007
2021-07-28 08:02:00+00:00,438.83,438.74,438.78,1,500,438.74007984031937,1.2846669405751694e-07,7.183301367974515e-05
2021-07-28 08:03:00+00:00,438.74,438.77,438.81,500,100,438.80333333333334,8.271610510672296e-08,0.00016603832555239784
2021-07-28 08:04:00+00:00,438.74,438.87,438.9,100,5,438.8985714285714,8.556054214373961e-08,0.00035317975710347227
2021-07-28 08:05:00+00:00,439.01,439.0,439.04,500,100,439.03333333333336,8.082084233042189e-08,0.00015944422299418726
2021-07-28 08:06:00+00:00,439.01,439.07,439.12,500,500,439.095,7.733749170620456e-08,0.00022774114940959933
2021-07-28 08:07:00+00:00,439.1,439.18,439.23,100,100,439.205,6.880775569896252e-08,1.2710810168181652e-05
2021-07-28 08:08:00+00:00,439.1,439.2,439.23,3,600,439.20014925373135,4.693781950986006e-08,-3.0600294407046036e-05
2021-07-28 08:09:00+00:00,439.2,439.18,439.22,100,600,439.1857142857143,5.5970390591231806e-08,-0.00020817679414242285
2021-07-28 08:10:00+00:00,439.2,439.1,439.13,3,100,439.10087378640776,6.479384997292426e-08,-3.560600772511968e-05
2021-07-28 08:11:00+00:00,439.1,439.08,439.11,1,100,439.080297029703,7.29164038734352e-08,5.8382164374704004e-05
2021-07-28 08:12:00+00:00,439.1,439.11,439.15,100,1000,439.1136363636364,3.4556078067910536e-08,2.4942469651456634e-05
2021-07-28 08:13:00+00:00,439.12,439.11,439.12,3,1,439.11750000000006,4.061525099462874e-08,2.220446049250313e-16
2021-07-28 08:14:00+00:00,439.15,439.1,439.15,500,1000,439.1166666666667,4.190871952805562e-08,-0.00012076586259601729
2021-07-28 08:15:00+00:00,439.05,439.07,439.11,100,100,439.09,1.1966003097716082e-07,-4.244570056111119e-05
2021-07-28 08:16:00+00:00,439.07,439.05,439.1,600,1000,439.06875,5.1069459940928154e-08,0.00019912607490590872
2021-07-28 08:17:00+00:00,439.07,439.13,439.17,138,500,439.1386520376176,8.817457688121244e-08,7.797501877848667e-05
2021-07-28 08:18:00+00:00,439.26,439.15,439.2,500,1000,439.1666666666667,6.835000577871143e-08,-6.900120752106886e-06
2021-07-28 08:19:00+00:00,439.26,439.17,439.2,100,1000,439.1727272727273,9.430967295667561e-08,7.141674256838648e-05
2021-07-28 08:20:00+00:00,439.17,439.18,439.22,100,500,439.18666666666667,7.181682785202256e-08,0.00021630483042844872
2021-07-28 08:21:00+00:00,439.17,439.28,439.3,100,100,439.29,1.1101261761269117e-07,0.0001303756681754198
2021-07-28 08:22:00+00:00,439.35,439.33,439.37,100,500,439.33666666666664,6.248831745555869e-08,4.414261928498142e-05
2021-07-28 08:23:00+00:00,439.42,439.36,439.41,100,600,439.3671428571429,4.2796268774527424e-08,-7.586677793769425e-06
2021-07-28 08:24:00+00:00,439.4,439.36,439.4,100,1100,439.36333333333334,7.281390205187462e-08,-7.532436649604346e-05
2021-07-28 08:25:00+00:00,439.38,439.33,439.37,3,500,439.3302385685884,4.378566570092066e-08,7.044278934609238e-06
2021-07-28 08:26:00+00:00,439.33,439.29,439.34,102,100,439.31524752475246,7.500149693623307e-08,-4.552352048559083e-05
2021-07-28 08:27:00+00:00,439.33,439.31,439.35,100,1100,439.31333333333333,4.049206059544914e-08,1.5311501827541818e-05
2021-07-28 08:28:00+00:00,439.33,439.32,439.35,2,1000,439.3200598802395,3.137568228008544e-08,5.088824568844075e-05
2021-07-28 08:29:00+00:00,439.35,439.32,439.35,1002,339,439.3424161073826,2.7051335672959222e-08,0.00018072936171087406
2021-07-28 08:30:00+00:00,439.37,439.4,439.44,600,500,439.4218181818182,7.341000681644311e-08,0.00015543456712463488
2021-07-28 08:31:00+00:00,439.49,439.49,439.52,2,500,439.4901195219124,1.9484060567425744e-08,0.00021730972744382626
2021-07-28 08:32:00+00:00,439.57,439.57,439.62,500,1100,439.585625,8.558028328013997e-08,6.303284674813447e-05
2021-07-28 08:33:00+00:00,439.65,439.62,439.66,500,50,439.65636363636366,6.947898185323014e-08,3.791210457571026e-06
2021-07-28 08:34:00+00:00,439.62,439.61,439.63,500,1100,439.61625,4.845248325073118e-08,-0.00011683777023907549
2021-07-28 08:35:00+00:00,439.64,439.56,439.6,100,1000,439.56363636363636,7.082390235416601e-08,0.00011374917273321294
2021-07-28 08:36:00+00:00,439.56,439.61,439.65,100,1100,439.61333333333334,5.520867312889222e-08,4.48304162796731e-05
2021-07-28 08:37:00+00:00,439.56,439.6,439.64,501,100,439.63334442595675,6.423751960977329e-08,-4.482840660346987e-05
2021-07-28 08:38:00+00:00,439.62,439.64,439.67,71,1000,439.6419887955182,1.634329887881914e-08,0.0001253683503075198
2021-07-28 08:39:00+00:00,439.62,439.66,439.7,100,1000,439.6636363636364,5.4603358749324114e-08,9.046066447249146e-06
2021-07-28 08:40:00+00:00,439.62,439.67,439.7,100,1000,439.6727272727273,5.225502733773049e-08,-1.378435751109297e-05
2021-07-28 08:41:00+00:00,439.77,439.65,439.7,500,1000,439.6666666666667,2.8419012704675017e-08,4.189330606019226e-05
2021-07-28 08:42:00+00:00,439.68,439.64,439.69,14,600,439.64114006514654,4.305452827291242e-08,-2.2938592243670897e-05
2021-07-28 08:43:00+00:00,439.61,439.65,439.68,500,100,439.675,2.6441300021870538e-08,-0.00020848732965639272
2021-07-28 08:44:00+00:00,439.6,439.55,439.59,500,100,439.5833333333333,3.3532324313127894e-08,-4.480827229635942e-05
2021-07-28 08:45:00+00:00,439.6,439.56,439.6,100,1000,439.56363636363636,4.4076068175398334e-08,0.00018510092653878374
2021-07-28 08:46:00+00:00,439.6,439.62,439.67,500,500,439.645,6.118095536963206e-08,4.170031123607032e-05
2021-07-28 08:47:00+00:00,439.69,439.67,439.7,500,100,439.695,8.189698329373881e-08,-0.0001364680551028119
2021-07-28 08:48:00+00:00,439.65,439.57,439.62,500,1000,439.58666666666664,6.114676842372524e-08,6.89326672598245e-05
2021-07-28 08:49:00+00:00,439.65,439.64,439.68,100,600,439.6457142857143,3.261118702867726e-08,0.00011304178203475068
2021-07-28 08:50:00+00:00,439.67,439.65,439.69,500,100,439.68333333333334,1.9738508584155866e-08,7.202153064689298e-05
2021-07-28 08:51:00+00:00,439.7,439.7,439.73,500,500,439.715,4.209443551998557e-08,4.238282441226815e-05
2021-07-28 08:52:00+00:00,439.7,439.7,439.74,500,600,439.7181818181818,4.49409348844082e-08,-0.00010897978675994402
2021-07-28 08:53:00+00:00,439.7,439.68,439.72,100,600,439.6857142857143,7.809385955970434e-08,0.00013433041019506042
2021-07-28 08:54:00+00:00,439.7,439.72,439.77,501,510,439.7447774480712,6.035562337893976e-08,0.00016821701069003048
2021-07-28 08:55:00+00:00,439.8,439.8,439.85,600,1000,439.81875,8.411133888973811e-08,0.0001065779937758915
2021-07-28 08:56:00+00:00,439.85,439.85,439.9,500,1100,439.865625,5.264982484261515e-08,0.00016081874177742428
2021-07-28 08:57:00+00:00,439.92,439.9,439.94,500,50,439.93636363636364,3.2943642780257904e-08,-0.00011296399617022335
2021-07-28 08:58:00+00:00,439.87,439.88,439.92,100,500,439.88666666666666,1.4627125474064261e-08,6.946233625826359e-05
2021-07-28 08:59:00+00:00,439.89,439.91,439.92,1300,500,439.9172222222222,1.5132744696499792e-08,3.662305155893719e-05
2021-07-28 09:00:00+00:00,439.91,439.9,439.94,600,100,439.9342857142857,7.482064674337494e-08,-0.00010607667828466116
2021-07-28 09:01:00+00:00,439.91,439.85,439.9,500,1000,439.8666666666667,2.8883573213111913e-08,-0.0001543958292287151
2021-07-28 09:02:00+00:00,439.91,439.8,439.85,600,1000,439.81875,1.0413164954149577e-07,-0.0002010658701625534
2021-07-28 09:03:00+00:00,439.91,439.73,439.77,4,500,439.73031746031745,6.762056002873382e-08,0.00012814491999257882
2021-07-28 09:04:00+00:00,439.72,439.78,439.82,100,500,439.7866666666667,3.2039505301452176e-08,5.439357406800127e-05
2021-07-28 09:05:00+00:00,439.72,439.81,439.84,2,100,439.8105882352941,5.1421693584832185e-08,3.5347531195384363e-06
2021-07-28 09:06:00+00:00,439.84,439.81,439.84,100,1300,439.8121428571429,1.5815600657523463e-08,-1.8838898971362816e-05
2021-07-28 09:07:00+00:00,439.8,439.8,439.84,100,937,439.8038572806172,3.61071113998794e-08,-4.666613751580506e-05
2021-07-28 09:08:00+00:00,439.79,439.75,439.79,500,100,439.78333333333336,3.711644694161211e-08,-6.821540910306734e-05
2021-07-28 09:09:00+00:00,439.78,439.72,439.76,500,100,439.75333333333333,3.20388975714235e-08,-5.089433253713249e-05
2021-07-28 09:10:00+00:00,439.75,439.73,439.75,50,1000,439.7309523809524,4.88481152286986e-08,1.299495903883674e-05
2021-07-28 09:11:00+00:00,439.75,439.73,439.77,100,500,439.7366666666667,2.227890154715456e-08,1.895073566759997e-05
2021-07-28 09:12:00+00:00,439.77,439.73,439.77,100,500,439.7366666666667,3.8917805601929815e-08,2.1116133863241515e-05
2021-07-28 09:13:00+00:00,439.73,439.72,439.76,600,100,439.7542857142857,6.171854849285722e-08,-5.522564549020892e-05
2021-07-28 09:14:00+00:00,439.73,439.71,439.75,100,100,439.73,3.343257289983191e-08,2.8092104647159388e-05
2021-07-28 09:15:00+00:00,439.73,439.73,439.76,70,100,439.7423529411765,4.495178194746051e-08,9.096235496186544e-05
2021-07-28 09:16:00+00:00,439.73,439.77,439.79,700,600,439.78076923076924,8.71695854146049e-09,0.00011971162205903774
2021-07-28 09:17:00+00:00,439.79,439.81,439.85,100,500,439.81666666666666,3.109775762862371e-08,-0.00016293989033766554
2021-07-28 09:18:00+00:00,439.86,439.76,439.8,100,1100,439.7633333333333,3.396327283585522e-08,-0.00011678133015835535
2021-07-28 09:19:00+00:00,439.86,439.7,439.74,4,600,439.70026490066226,4.943858337567884e-08,5.6149210473810385e-05
2021-07-28 09:20:00+00:00,439.75,439.73,439.77,100,500,439.7366666666667,5.294139214482737e-08,4.006726969696395e-05
2021-07-28 09:21:00+00:00,439.75,439.72,439.77,600,1000,439.73875,2.9200227650814072e-08,-0.00011369985836240382
2021-07-28 09:22:00+00:00,439.7,439.67,439.72,600,1000,439.68875,3.2566907289263005e-08,6.822767249414774e-05
2021-07-28 09:23:00+00:00,439.7,439.7,439.74,600,100,439.7342857142857,3.7337594069303583e-08,-4.006748664242554e-05
2021-07-28 09:24:00+00:00,439.7,439.71,439.75,100,500,439.71666666666664,6.060768749986023e-08,-0.00011147998599803088
2021-07-28 09:25:00+00:00,439.68,439.65,439.7,600,1100,439.66764705882355,3.969915268122367e-08,1.2162808926685642e-06
2021-07-28 09:26:00+00:00,439.68,439.65,439.7,500,1000,439.6666666666667,8.618418594113871e-08,4.678114693934532e-05
2021-07-28 09:27:00+00:00,439.68,439.66,439.7,160,500,439.669696969697,4.322764738309105e-08,0.00010897860513070512
2021-07-28 09:28:00+00:00,439.72,439.73,439.77,100,500,439.7366666666667,1.8686738371107627e-08,0.00021982853374358235
2021-07-28 09:29:00+00:00,439.72,439.8,439.85,1000,500,439.8333333333333,5.101158856798095e-08,-8.91142151546731e-05
2021-07-28 09:30:00+00:00,439.81,439.79,439.82,80,500,439.79413793103447,7.108435840671572e-09,2.054748404756168e-06
2021-07-28 09:31:00+00:00,439.82,439.79,439.82,101,500,439.7950415973378,1.3410749722011632e-08,-1.132736076370211e-05
2021-07-28 09:32:00+00:00,439.82,439.79,439.82,1,500,439.79005988023954,4.6513310135450604e-09,-1.3129368943487485e-05
2021-07-28 09:33:00+00:00,439.82,439.76,439.8,100,1000,439.76363636363635,5.817846017591753e-08,-0.00010825288557358981
2021-07-28 09:34:00+00:00,439.77,439.73,439.77,100,499,439.7366777963272,2.4743936159049503e-08,-6.066766243140176e-05
2021-07-28 09:35:00+00:00,439.77,439.67,439.72,1000,600,439.70125,4.1034448468773774e-08,7.959791680889339e-05
2021-07-28 09:36:00+00:00,439.7,439.72,439.76,500,100,439.75333333333333,4.4709902471528786e-08,-0.00018502458552938084
2021-07-28 09:37:00+00:00,439.7,439.66,439.7,100,1000,439.6636363636364,4.2542090479564095e-08,-4.1880585636366874e-05
2021-07-28 09:38:00+00:00,439.7,439.62,439.67,509,500,439.6452229930625,1.4304129724931075e-08,0.0
2021-07-28 09:39:00+00:00,439.65,439.62,439.67,509,500,439.6452229930625,2.3654890226255388e-08,6.049238650795985e-05
2021-07-28 09:40:00+00:00,439.56,439.65,439.69,600,500,439.6718181818182,3.451821215297803e-08,7.179998867901105e-06
2021-07-28 09:41:00+00:00,439.7,439.65,439.69,500,600,439.66818181818184,4.38546732946654e-08,5.624142088289652e-05
2021-07-28 09:42:00+00:00,439.7,439.66,439.7,100,1,439.6996039603961,2.6601822349727293e-08,-7.168790859368723e-05
2021-07-28 09:43:00+00:00,439.7,439.65,439.69,500,600,439.66818181818184,2.3725481615889458e-08,-7.923564557488216e-05
2021-07-28 09:44:00+00:00,439.7,439.6,439.64,1,100,439.60039603960394,2.078271868013662e-08,0.0
2021-07-28 09:45:00+00:00,439.7,439.6,439.64,501,100,439.63334442595675,2.3015701166470392e-08,-1.8923612226551256e-05
2021-07-28 09:46:00+00:00,439.64,439.6,439.65,501,500,439.625024975025,1.817425101714728e-08,-6.312708825850777e-05
2021-07-28 09:47:00+00:00,439.6,439.57,439.6,100,500,439.575,2.8193536543992887e-08,0.00017049581423567162
2021-07-28 09:48:00+00:00,439.69,439.65,439.69,500,400,439.6722222222222,2.2050848959856046e-08,5.697540982674276e-05
2021-07-28 09:49:00+00:00,439.67,439.67,439.72,600,500,439.6972727272727,1.6564742793480507e-08,-5.0654685971873725e-05
2021-07-28 09:50:00+00:00,439.67,439.66,439.69,100,100,439.675,3.1939593542406395e-08,2.6534751047080363e-05
2021-07-28 09:51:00+00:00,439.72,439.68,439.72,100,500,439.68666666666667,5.212222784436806e-08,0.00014404196928108348
2021-07-28 09:52:00+00:00,439.72,439.72,439.76,600,200,439.75,4.9846587218112156e-08,-0.00012507106310399863
2021-07-28 09:53:00+00:00,439.71,439.68,439.72,100,600,439.6857142857143,2.112923155576269e-08,-1.8952531489646596e-05
2021-07-28 09:54:00+00:00,439.71,439.7,439.73,500,100,439.725,3.526863285763517e-08,0.00023501584461671499
2021-07-28 09:55:00+00:00,439.76,439.78,439.8,100,100,439.79,1.750056644987046e-08,3.4107187521392746e-05
2021-07-28 09:56:00+00:00,439.78,439.8,439.83,500,100,439.825,4.571315223667459e-08,-4.1685140763081385e-05
2021-07-28 09:57:00+00:00,439.84,439.78,439.82,100,500,439.7866666666667,6.877426872815327e-08,-5.2366987850938074e-05
2021-07-28 09:58:00+00:00,439.82,439.76,439.8,100,1000,439.76363636363635,1.6191223647395038e-08,-0.00010680668678775262
2021-07-28 09:59:00+00:00,439.82,439.71,439.75,100,500,439.71666666666664,2.319919144101678e-08,0.00011715533073974882
2021-07-28 10:00:00+00:00,439.82,439.75,439.79,500,600,439.7681818181818,4.621402246935756e-08,0.00012920030181184927
2021-07-28 10:01:00+00:00,439.82,439.8,439.83,500,100,439.825,3.508472362034401e-08,-7.944095892786773e-05
2021-07-28 10:02:00+00:00,439.82,439.79,439.82,1,500,439.79005988023954,2.4086391735708195e-08,0.00010597507919984928
2021-07-28 10:03:00+00:00,439.85,439.83,439.87,100,500,439.83666666666664,2.620446173590759e-08,-0.00015570518257124188
2021-07-28 10:04:00+00:00,439.8,439.75,439.79,500,600,439.7681818181818,2.1590182067010472e-08,8.372179557425419e-05
2021-07-28 10:05:00+00:00,439.82,439.77,439.82,500,500,439.795,1.9514689229323093e-08,-2.273734950719586e-05
2021-07-28 10:06:00+00:00,439.82,439.77,439.82,500,500,439.795,2.1938515058609657e-08,5.1676969332614675e-06
2021-07-28 10:07:00+00:00,439.82,439.77,439.82,600,500,439.79727272727274,1.1535349202692566e-08,-7.175679231197218e-05
2021-07-28 10:08:00+00:00,439.82,439.76,439.8,100,600,439.7657142857143,1.5738023208627364e-08,7.176194171876205e-05
2021-07-28 10:09:00+00:00,439.77,439.77,439.82,600,500,439.79727272727274,1.9069368870705227e-08,-0.0001641049896149438
2021-07-28 10:10:00+00:00,439.76,439.7,439.75,503,499,439.72509980039916,5.522533086594834e-08,-0.00020869053667282866
2021-07-28 10:11:00+00:00,439.7,439.63,439.67,100,600,439.6357142857143,2.2999050085056975e-09,-1.8955189931002536e-05
2021-07-28 10:12:00+00:00,439.7,439.6,439.65,500,500,439.625,6.055052703766132e-08,-0.0005738361723576224
2021-07-28 10:13:00+00:00,439.41,439.36,439.4,100,500,439.3666666666667,2.5783247233833703e-07,-0.0006431396430769398
2021-07-28 10:14:00+00:00,439.1,439.1,439.15,500,500,439.125,1.3778363461064755e-07,-7.931371429292788e-06
2021-07-28 10:15:00+00:00,439.1,439.08,439.12,100,500,439.08666666666664,9.883793398721794e-08,-0.00035427073369453943
2021-07-28 10:16:00+00:00,438.96,438.88,438.92,100,500,438.88666666666666,1.2997066945049668e-07,0.0003037682450801604
2021-07-28 10:17:00+00:00,439.02,439.05,439.1,500,1300,439.06388888888887,7.663977855373118e-08,-3.940557592529981e-05
2021-07-28 10:18:00+00:00,439.01,439.04,439.09,100,100,439.065,6.037070716768784e-08,0.00018250857893864492
2021-07-28 10:19:00+00:00,439.1,439.1,439.16,600,1000,439.1225,5.1925563198327796e-08,0.00020357182289942877
2021-07-28 10:20:00+00:00,439.25,439.22,439.27,600,1000,439.23875,7.534380825273788e-08,-0.000299776116571171
2021-07-28 10:21:00+00:00,439.25,439.06,439.1,100,500,439.06666666666666,3.807457378128102e-08,3.7957722689441198e-06
2021-07-28 10:22:00+00:00,439.05,439.08,439.12,100,500,439.08666666666664,7.344715047307643e-08,0.0
2021-07-28 10:23:00+00:00,439.05,439.06,439.11,81,100,439.08237569060776,4.370654161524746e-08,-0.00012146425155235008
2021-07-28 10:24:00+00:00,439.03,438.99,439.04,1000,100,439.03545454545457,6.04817252298787e-08,3.145438571738879e-05
2021-07-28 10:25:00+00:00,439.03,439.04,439.09,100,600,439.04714285714283,6.06239825936074e-08,-5.0433894179913175e-05
2021-07-28 10:26:00+00:00,439.03,439.0,439.05,500,500,439.025,7.8470086601809e-08,-0.00013287018582841537
2021-07-28 10:27:00+00:00,439.03,438.95,439.0,500,1000,438.96666666666664,8.514027247462626e-08,6.454552357815224e-05
2021-07-28 10:28:00+00:00,438.99,438.99,439.02,100,500,438.995,7.973123545497825e-08,-1.898275227130153e-05
2021-07-28 10:29:00+00:00,438.99,438.98,439.02,100,500,438.9866666666667,8.051938199338445e-08,0.0
2021-07-28 10:30:00+00:00,438.99,439.0,439.04,500,46,439.03663003663,5.088021054027889e-08,0.00017464463613170444
2021-07-28 10:31:00+00:00,439.09,439.06,439.1,100,1100,439.06333333333333,6.017731632170802e-08,-7.022525224142928e-05
2021-07-28 10:32:00+00:00,439.09,439.02,439.07,500,1000,439.0366666666667,1.7306321963300123e-08,0.00011958112440413338
2021-07-28 10:33:00+00:00,439.09,439.07,439.1,600,600,439.085,2.360947205288153e-08,-1.1161825384631285e-05
2021-07-28 10:34:00+00:00,439.09,439.08,439.12,1,500,439.08007984031934,1.418942141787051e-08,1.9702532905840897e-05
2021-07-28 10:35:00+00:00,439.1,439.07,439.12,600,1000,439.08875,3.7598521492109355e-08,0.00010153604102436375
2021-07-28 10:36:00+00:00,439.15,439.1,439.14,500,100,439.1333333333333,3.8362404717703086e-08,0.00014042811598602434
2021-07-28 10:37:00+00:00,439.15,439.2,439.25,500,1000,439.21666666666664,6.259165346100056e-08,-7.58648608343293e-05
2021-07-28 10:38:00+00:00,439.18,439.16,439.17,101,500,439.16168053244587,3.422762824293696e-08,7.5586457135568e-06
2021-07-28 10:39:00+00:00,439.17,439.14,439.17,100,500,439.145,3.0599887468233285e-08,6.831145469243793e-05
2021-07-28 10:40:00+00:00,439.17,439.2,439.23,500,100,439.225,4.850361797349207e-08,-0.00018052508404176049
2021-07-28 10:41:00+00:00,439.17,439.11,439.15,100,600,439.11571428571426,5.568819183222983e-08,4.771494225952466e-05
2021-07-28 10:42:00+00:00,439.1,439.13,439.17,100,500,439.13666666666666,6.287256014946095e-08,7.306001928020223e-05
2021-07-28 10:43:00+00:00,439.18,439.16,439.2,100,1000,439.1636363636364,5.222888158235123e-08,-7.305468190377251e-05
2021-07-28 10:44:00+00:00,439.18,439.13,439.17,100,500,439.13666666666666,2.5281660263302966e-08,0.00018217563249089963
2021-07-28 10:45:00+00:00,439.18,439.21,439.25,100,500,439.21666666666664,1.7004978690148104e-08,0.0
2021-07-28 10:46:00+00:00,439.18,439.21,439.25,100,500,439.21666666666664,5.459106636544199e-08,0.0001328122035442192
2021-07-28 10:47:00+00:00,439.3,439.25,439.3,500,500,439.275,4.7390008799314816e-08,-9.485326200364685e-05
2021-07-28 10:48:00+00:00,439.3,439.21,439.25,100,540,439.21625000000006,4.1172463116717664e-08,-1.3798146908827746e-05
2021-07-28 10:49:00+00:00,439.3,439.19,439.22,100,500,439.195,3.8191024315115767e-08,-0.000130303309440305
2021-07-28 10:50:00+00:00,439.3,439.17,439.21,1,1000,439.17003996003996,1.6552392857936876e-08,6.062960631170178e-05
2021-07-28 10:51:00+00:00,439.3,439.19,439.23,100,500,439.19666666666666,2.4552075517714685e-08,7.589614371639186e-06
2021-07-28 10:52:00+00:00,439.3,439.19,439.23,100,500,439.19666666666666,2.899463113790829e-08,-6.82605644812817e-05
2021-07-28 10:53:00+00:00,439.3,439.17,439.18,1,500,439.1700199600798,1.1208514005479702e-07,-0.0006983323378365602
2021-07-28 10:54:00+00:00,438.89,438.86,438.9,100,600,438.86571428571426,6.031077623396397e-08,0.00045572273828597964
2021-07-28 10:55:00+00:00,438.92,439.0,439.04,500,100,439.03333333333336,5.971936444647025e-08,0.00024294141315994722
2021-07-28 10:56:00+00:00,439.13,439.16,439.2,100,800,439.1644444444444,7.812243709532105e-08,0.00017240313708644095
2021-07-28 10:57:00+00:00,439.2,439.24,439.28,100,600,439.2457142857143,7.720795604392513e-08,-4.7158765676291736e-05
2021-07-28 10:58:00+00:00,439.2,439.19,439.24,100,600,439.19714285714286,5.465793298494804e-08,-0.00022604750250032613
2021-07-28 10:59:00+00:00,439.2,439.13,439.17,500,100,439.16333333333336,3.751011020396961e-08,4.771385566981756e-05
2021-07-28 11:00:00+00:00,439.16,439.14,439.18,100,500,439.14666666666665,3.22861468581463e-08,0.00013283337381597704
2021-07-28 11:01:00+00:00,439.22,439.2,439.23,100,500,439.205,5.719130612955423e-08,-0.00034803142691264277
2021-07-28 11:02:00+00:00,439.05,439.02,439.05,100,500,439.025,2.6198120789151953e-08,9.761287709086908e-05
2021-07-28 11:03:00+00:00,439.05,439.1,439.11,100,300,439.1025,8.260536026043447e-08,1.4233821836739935e-06
2021-07-28 11:04:00+00:00,439.11,439.08,439.13,501,1100,439.09564647095567,5.4958385182521944e-08,0.00020191664238455864
2021-07-28 11:05:00+00:00,439.11,439.14,439.18,100,600,439.1457142857143,9.827068354793711e-08,-0.00018432440227378333
2021-07-28 11:06:00+00:00,439.08,439.11,439.15,100,1400,439.11266666666666,4.276875708731684e-08,0.00014423332397073274
2021-07-28 11:07:00+00:00,439.15,439.16,439.2,100,500,439.1666666666667,1.977365049389669e-08,0.00018975332068316142
2021-07-28 11:08:00+00:00,439.25,439.23,439.27,500,500,439.25,5.1709610986444114e-08,3.25229693471929e-05
2021-07-28 11:09:00+00:00,439.24,439.23,439.27,600,100,439.26428571428573,9.093155381800403e-09,-8.564103398001066e-05
2021-07-28 11:10:00+00:00,439.24,439.22,439.23,1000,500,439.2266666666667,6.092629616201043e-08,-2.2767287960800964e-05
2021-07-28 11:11:00+00:00,439.26,439.21,439.25,100,500,439.21666666666664,6.321016650397034e-09,6.830341896568726e-05
2021-07-28 11:12:00+00:00,439.21,439.24,439.28,100,500,439.24666666666667,3.086885217390516e-08,-5.2431366651117806e-05
2021-07-28 11:13:00+00:00,439.23,439.22,439.26,260,1000,439.22825396825397,1.5485600293875674e-08,4.282278063261202e-06
2021-07-28 11:14:00+00:00,439.23,439.22,439.26,160,1000,439.2255172413793,1.8169674527360925e-08,8.954680892903077e-05
2021-07-28 11:15:00+00:00,439.27,439.26,439.28,160,500,439.26484848484847,1.3557335162832852e-08,3.494369059242608e-05
2021-07-28 11:16:00+00:00,439.26,439.28,439.31,1,1000,439.28002997002994,3.029578817407194e-08,-5.0118811909638517e-05
2021-07-28 11:17:00+00:00,439.27,439.25,439.28,225,600,439.2581818181818,8.077659636222759e-08,-0.00011727761404900505
2021-07-28 11:18:00+00:00,439.21,439.18,439.22,100,200,439.1933333333333,6.474921774960366e-08,-0.00041618558896561186
2021-07-28 11:19:00+00:00,439.05,439.02,439.05,89,500,439.024533106961,5.0192316137177765e-08,0.00040090142385218464
2021-07-28 11:20:00+00:00,439.06,439.18,439.2,500,1,439.1999600798403,5.097689148403724e-08,8.809417352684257e-05
2021-07-28 11:21:00+00:00,439.28,439.21,439.25,600,100,439.2442857142857,8.549281722334141e-08,-0.00023864349670044138
2021-07-28 11:22:00+00:00,439.17,439.13,439.16,100,700,439.13375,2.966808371156426e-08,0.0001507991915736806
2021-07-28 11:23:00+00:00,439.2,439.2,439.23,100,600,439.20428571428573,3.842371384302438e-08,-9.692006055050939e-06
2021-07-28 11:24:00+00:00,439.21,439.19,439.23,100,600,439.1957142857143,5.319472753313803e-08,-0.00017178989365762565
2021-07-28 11:25:00+00:00,439.23,439.12,439.16,4,600,439.1202649006623,6.791507740723001e-08,0.0002694171446082638
2021-07-28 11:26:00+00:00,439.23,439.19,439.23,200,100,439.21666666666664,4.9031421379189224e-08,-7.62627399431004e-06
2021-07-28 11:27:00+00:00,439.21,439.23,439.27,600,101,439.26423680456486,1.858573360492897e-08,-8.99458586492985e-05
2021-07-28 11:28:00+00:00,439.24,439.19,439.23,100,600,439.1957142857143,3.37405983158422e-08,3.2617883051866414e-05
2021-07-28 11:29:00+00:00,439.22,439.21,439.23,1,600,439.2100332778702,2.0956391004114193e-08,7.997765353873199e-05
2021-07-28 11:30:00+00:00,439.25,439.24,439.28,89,600,439.24516690856314,1.28221079713461e-07,0.00015764885871250023
2021-07-28 11:31:00+00:00,439.32,439.31,439.35,600,25,439.3484,2.782156522908694e-08,3.327176196910031e-05
2021-07-28 11:32:00+00:00,439.33,439.32,439.33,419,45,439.32903017241375,6.673320976047649e-08,0.00021682050429161492
2021-07-28 11:33:00+00:00,439.41,439.39,439.43,600,100,439.4242857142857,4.442222514863399e-08,0.00012678927297726794
2021-07-28 11:34:00+00:00,439.48,439.46,439.49,100,100,439.475,6.947886162653877e-08,9.529653263484761e-05
2021-07-28 11:35:00+00:00,439.53,439.5,439.53,639,100,439.5259404600812,2.302303294989131e-08,0.00010444666243381029
2021-07-28 11:36:00+00:00,439.55,439.55,439.56,112,700,439.55137931034477,4.619073051123971e-08,-0.0002793369240854382
2021-07-28 11:37:00+00:00,439.47,439.42,439.47,600,500,439.4472727272727,4.5528252190045444e-08,0.00027773918212847803
2021-07-28 11:38:00+00:00,439.55,439.55,439.57,584,101,439.5670510948905,4.323164930564463e-08,-8.428997305010011e-05
2021-07-28 11:39:00+00:00,439.53,439.52,439.54,500,500,439.53,4.111671964942251e-08,-0.00011256042638840835
2021-07-28 11:40:00+00:00,439.49,439.47,439.52,500,600,439.4927272727273,5.013086768645365e-08,4.2108674143559455e-05
2021-07-28 11:41:00+00:00,439.47,439.47,439.5,500,20,439.49884615384616,2.6267285868109004e-08,-5.84732225670237e-05
2021-07-28 11:42:00+00:00,439.48,439.47,439.49,100,500,439.47333333333336,8.803694838676167e-08,-0.0002787282626406373
2021-07-28 11:43:00+00:00,439.37,439.35,439.36,55,600,439.3508396946565,2.9982049101041444e-08,-8.087198290873676e-05
2021-07-28 11:44:00+00:00,439.35,439.3,439.33,521,500,439.3153085210578,2.913684515688893e-08,4.792711498424751e-05
2021-07-28 11:45:00+00:00,439.36,439.32,439.34,500,500,439.33,2.791053531600546e-08,-1.2586117751123282e-05
2021-07-28 11:46:00+00:00,439.33,439.32,439.34,691,500,439.33160369437445,2.411762554966694e-08,-0.0001453201836363327
2021-07-28 11:47:00+00:00,439.3,439.25,439.27,653,500,439.2613269731136,3.6965357755829136e-08,-0.00019758470760034008
2021-07-28 11:48:00+00:00,439.23,439.18,439.2,1,100,439.18019801980194,1.6035555488431245e-08,0.00012478244794555948
2021-07-28 11:49:00+00:00,439.25,439.22,439.25,500,500,439.235,1.9215014037703757e-08,-3.4150284016543075e-05
2021-07-28 11:50:00+00:00,439.23,439.2,439.24,500,600,439.2181818181818,1.0666497365832412e-08,-4.1188049011209316e-05
2021-07-28 11:51:00+00:00,439.23,439.2,439.21,118,500,439.2019093851133,3.1183225498858345e-08,-0.0001561378726153695
2021-07-28 11:52:00+00:00,439.07,439.1,439.13,500,600,439.1136363636364,7.529320031482217e-08,-0.00024018475850617893
2021-07-28 11:53:00+00:00,439.01,439.0,439.03,802,100,439.02667405764964,2.6773252975911626e-08,-0.00017601706537795359
2021-07-28 11:54:00+00:00,438.96,438.95,438.99,531,100,438.9836608557845,4.056824759059056e-08,6.4848439076392594e-06
2021-07-28 11:55:00+00:00,438.98,438.94,438.98,1100,1187,438.9592391779624,2.5554583325944752e-08,-0.00010677552642923693
2021-07-28 11:56:00+00:00,438.89,438.89,438.91,1539,195,438.9077508650519,2.256233860824884e-08,0.00028106053571352874
2021-07-28 11:57:00+00:00,439.0,438.99,439.03,500,1,439.0299201596806,2.014740833320191e-08,2.3299309639401855e-05
2021-07-28 11:58:00+00:00,439.03,439.02,439.07,675,1000,439.04014925373133,2.5407148390727833e-08,0.00023760658689742087
2021-07-28 11:59:00+00:00,439.14,439.13,439.17,240,600,439.14142857142855,1.6815948049779914e-08,6.3152206288830115e-06
2021-07-28 12:00:00+00:00,439.13,439.13,439.14,625,1000,439.13384615384615,5.3002585768747083e-08,-9.13224994885109e-05
2021-07-28 12:01:00+00:00,439.12,439.1,439.12,278,501,439.1071373555841,2.4533552318636175e-08,0.00010899992358148758
2021-07-28 12:02:00+00:00,439.12,439.14,439.17,500,500,439.155,1.3181053060800532e-08,0.00012519502221319811
2021-07-28 12:03:00+00:00,439.18,439.19,439.21,1000,1,439.20998001998004,1.8581453772762572e-08,-0.0001171075477978123
2021-07-28 12:04:00+00:00,439.17,439.15,439.17,163,500,439.1549170437406,1.6160884830569195e-08,-1.4593618315017487e-05
2021-07-28 12:05:00+00:00,439.17,439.15,439.16,163,600,439.15213630406294,5.0102376850680796e-08,0.0001187502141324348
2021-07-28 12:06:00+00:00,439.19,439.17,439.21,840,100,439.205744680851,1.8077634018983607e-08,8.861185300235164e-05
2021-07-28 12:07:00+00:00,439.21,439.22,439.25,840,246,439.2432044198895,2.467767531519562e-08,-1.755046934448501e-05
2021-07-28 12:08:00+00:00,439.2,439.2,439.24,788,100,439.2354954954955,3.4366931175094694e-08,-0.00014497305962368756
2021-07-28 12:09:00+00:00,439.15,439.15,439.19,683,600,439.1712938425565,4.4030403042055534e-08,-0.00012138713875986529
2021-07-28 12:10:00+00:00,439.15,439.1,439.12,608,49,439.11850837138513,2.1155518006885322e-08,-7.630826473115082e-05
2021-07-28 12:11:00+00:00,439.1,439.07,439.1,500,500,439.085,2.1250305039538902e-08,0.00015987355348467958
2021-07-28 12:12:00+00:00,439.12,439.12,439.14,178,500,439.1252507374631,1.9626599950580077e-08,-5.423770227719338e-05
2021-07-28 12:13:00+00:00,439.15,439.13,439.14,80,500,439.13137931034487,5.366822317680631e-08,-0.0004090807179214506
2021-07-28 12:14:00+00:00,438.99,438.95,438.99,50,1100,438.95173913043476,1.648546338314299e-08,2.9882943977099785e-06
2021-07-28 12:15:00+00:00,438.95,438.95,438.96,18,500,438.9503474903475,6.193015699121033e-08,0.00034616265281450787
2021-07-28 12:16:00+00:00,439.0,439.07,439.11,600,100,439.1042857142857,2.025499463412469e-08,-3.7955993821281453e-06
2021-07-28 12:17:00+00:00,439.08,439.09,439.14,600,500,439.11727272727273,2.077227938343415e-08,2.1393459536334092e-05
2021-07-28 12:18:00+00:00,439.13,439.11,439.14,100,1000,439.1127272727273,2.4764037599700645e-08,0.00011599261497741153
2021-07-28 12:19:00+00:00,439.16,439.16,439.19,139,1000,439.1636611062335,5.757654625839409e-08,0.00018910255026893807
2021-07-28 12:20:00+00:00,439.24,439.22,439.27,688,600,439.2467080745342,7.48594254860379e-09,-9.874801655540555e-05
2021-07-28 12:21:00+00:00,439.2,439.2,439.22,100,600,439.20285714285717,2.396892624011591e-08,0.0001415834155311657
2021-07-28 12:22:00+00:00,439.27,439.26,439.3,80,500,439.2655172413793,1.5852143949707553e-08,-5.283717514947828e-05
2021-07-28 12:23:00+00:00,439.25,439.23,439.25,160,100,439.2423076923077,6.267840127939738e-08,0.0002484298010685393
2021-07-28 12:24:00+00:00,439.35,439.35,439.36,100,600,439.3514285714286,3.577594119002889e-08,5.5486061041332135e-05
2021-07-28 12:25:00+00:00,439.43,439.37,439.4,240,1000,439.3758064516129,1.7606600600917848e-08,8.163819773066017e-05
2021-07-28 12:26:00+00:00,439.37,439.4,439.42,100,192,439.4068493150684,1.406932870133213e-08,-1.8986676264431956e-05
2021-07-28 12:27:00+00:00,439.4,439.4,439.42,200,1500,439.40235294117645,3.246124928245871e-08,4.077499032772991e-05
2021-07-28 12:28:00+00:00,439.44,439.41,439.44,600,1000,439.42125,3.076183683066566e-08,0.00010769035082258682
2021-07-28 12:29:00+00:00,439.48,439.46,439.49,100,250,439.4685714285714,1.9030457106012178e-08,-8.126698480048766e-06
2021-07-28 12:30:00+00:00,439.47,439.46,439.49,100,166,439.4712781954887,2.8093422444013444e-08,4.5544047910794916e-05
2021-07-28 12:31:00+00:00,439.47,439.46,439.49,204,1166,439.46446715328466,3.244559675761764e-08,-7.553575676688684e-05
2021-07-28 12:32:00+00:00,439.49,439.45,439.47,100,1000,439.45181818181817,2.3173820225569627e-08,-6.596202448272415e-05
2021-07-28 12:33:00+00:00,439.45,439.4,439.43,500,157,439.4228310502283,3.304482393029723e-08,8.606136539079934e-05
2021-07-28 12:34:00+00:00,439.41,439.46,439.47,104,1500,439.4606483790524,3.675072262230826e-08,-4.485243246477033e-05
2021-07-28 12:35:00+00:00,439.45,439.44,439.48,24,1000,439.4409375,9.47676076991198e-09,6.488516732128247e-06
2021-07-28 12:36:00+00:00,439.45,439.44,439.45,61,100,439.44378881987575,1.971767504137547e-08,0.0001044242759746794
2021-07-28 12:37:00+00:00,439.53,439.5,439.52,100,500,439.50333333333333,9.661930661565222e-09,0.00018276329291011528
2021-07-28 12:38:00+00:00,439.57,439.55,439.6,2100,1514,439.57905368013286,2.5407309192446385e-08,-1.4660792238774256e-05
2021-07-28 12:39:00+00:00,439.59,439.56,439.59,400,100,439.584,1.0889739092717972e-08,-7.469186135145023e-06
2021-07-28 12:40:00+00:00,439.56,439.53,439.56,500,100,439.555,1.0388517671121833e-07,-0.00027504162941771604
2021-07-28 12:41:00+00:00,439.42,439.43,439.46,500,1100,439.439375,3.885423557524525e-08,7.277899857993653e-05
2021-07-28 12:42:00+00:00,439.48,439.47,439.49,157,600,439.47414795244384,3.5591557822238427e-08,-5.618179795241485e-05
2021-07-28 12:43:00+00:00,439.39,439.43,439.48,1000,1000,439.455,2.1657036250467594e-08,-9.298105584398808e-05
2021-07-28 12:44:00+00:00,439.41,439.38,439.43,1600,1500,439.4058064516129,2.363855536126566e-08,-3.091499746066262e-05
2021-07-28 12:45:00+00:00,439.4,439.39,439.42,125,100,439.4066666666667,2.2302464460776784e-08,0.00011573873701609116
2021-07-28 12:46:00+00:00,439.45,439.43,439.46,580,100,439.4555882352941,2.0476366928556125e-08,-5.170130424825281e-05
2021-07-28 12:47:00+00:00,439.41,439.4,439.44,1140,1100,439.42035714285714,2.585547094693719e-08,-0.00013597918630214867
2021-07-28 12:48:00+00:00,439.38,439.36,439.38,78,2500,439.36060512024824,3.035005899477998e-08,0.00017208224329468003
2021-07-28 12:49:00+00:00,439.42,439.41,439.44,1100,159,439.43621127879265,2.9193913331915305e-08,2.8324315443084558e-05
2021-07-28 12:50:00+00:00,439.46,439.44,439.46,100,131,439.448658008658,1.8138556777406586e-08,4.9270986420602014e-05
2021-07-28 12:51:00+00:00,439.43,439.47,439.48,80,2500,439.47031007751934,4.507378250445649e-08,-0.00010614620514437512
2021-07-28 12:52:00+00:00,439.4,439.42,439.43,78,135,439.423661971831,1.2778960034752816e-08,-8.152247741977092e-06
2021-07-28 12:53:00+00:00,439.43,439.42,439.44,4,1100,439.4200724637681,1.7722409894563896e-08,-2.478378342096743e-05
2021-07-28 12:54:00+00:00,439.41,439.39,439.41,355,15,439.40918918918925,1.6466678522190387e-08,-4.581692365945855e-06
2021-07-28 12:55:00+00:00,439.45,439.41,439.45,100,500,439.4166666666667,4.7652350431676373e-08,-5.9220938418813596e-05
2021-07-28 12:56:00+00:00,439.39,439.36,439.41,1100,1813,439.37888087881913,2.3779795438774104e-08,-6.262781704813314e-05
2021-07-28 12:57:00+00:00,439.35,439.34,439.37,500,500,439.355,5.088853471599303e-08,0.00011114060802919212
2021-07-28 12:58:00+00:00,439.44,439.39,439.42,500,1000,439.4,2.6639359921076435e-08,1.507619022644846e-05
2021-07-28 12:59:00+00:00,439.42,439.38,439.42,1000,600,439.405,5.757343714396184e-08,-3.9362037913770465e-05
2021-07-28 13:00:00+00:00,439.42,439.39,439.42,70,1100,439.3917948717949,1.2429953013891141e-08,2.6463732670345408e-05
2021-07-28 13:01:00+00:00,439.41,439.4,439.41,240,49,439.4083044982699,4.258574385183621e-08,0.0004285572735582832
2021-07-28 13:02:00+00:00,439.63,439.62,439.65,100,1600,439.62176470588236,7.9738496017239e-08,8.693952655658421e-05
2021-07-28 13:03:00+00:00,439.62,439.61,439.64,1200,202,439.6356776034237,4.508343261106506e-08,0.00026223838120364995
2021-07-28 13:04:00+00:00,439.72,439.73,439.75,1680,500,439.7454128440367,3.9278717026621865e-08,-0.00020293135094451298
2021-07-28 13:05:00+00:00,439.7,439.66,439.69,500,100,439.685,2.8621828243288963e-08,0.0001370813925352099
2021-07-28 13:06:00+00:00,439.7,439.71,439.72,840,500,439.71626865671647,7.72465458049094e-09,7.664681899988146e-05
2021-07-28 13:07:00+00:00,439.74,439.74,439.75,100,2,439.7498039215687,3.1399359116031596e-08,-8.92115333084309e-05
2021-07-28 13:08:00+00:00,439.73,439.71,439.72,80,1200,439.710625,2.7109194786529407e-08,-0.00013400300120780528
2021-07-28 13:09:00+00:00,439.64,439.65,439.67,100,2500,439.65076923076924,1.3920671587796087e-08,2.3224750283823425e-05
2021-07-28 13:10:00+00:00,439.65,439.66,439.67,80,100,439.6644444444445,3.600826138107114e-08,-2.735961878486126e-05
2021-07-28 13:11:00+00:00,439.63,439.64,439.67,100,103,439.6547783251231,7.602750217787967e-09,-9.581062720454003e-05
2021-07-28 13:12:00+00:00,439.6,439.59,439.61,19,1100,439.5903395889187,3.0374638862006296e-08,5.871499701326499e-06
2021-07-28 13:13:00+00:00,439.61,439.61,439.62,48,1000,439.61045801526717,3.587609689455433e-08,3.307925111362131e-05
2021-07-28 13:14:00+00:00,439.6,439.6,439.64,1550,100,439.63757575757575,1.4113918423713637e-08,2.43714204477552e-05
2021-07-28 13:15:00+00:00,439.61,439.62,439.64,100,100,439.63,3.326066625063305e-08,0.00021344782206034196
2021-07-28 13:16:00+00:00,439.72,439.71,439.73,100,5,439.72904761904766,1.721067336808038e-08,-5.784447318391006e-05
2021-07-28 13:17:00+00:00,439.66,439.69,439.71,360,50,439.7075609756098,1.8950728546411167e-09,-1.4289727801486407e-05
2021-07-28 13:18:00+00:00,439.69,439.69,439.7,200,85,439.6970175438596,1.2225169502963725e-08,0.00015034187995488502
2021-07-28 13:19:00+00:00,439.77,439.76,439.77,65,114,439.7636312849162,2.2770427590380348e-08,6.168341889267737e-05
2021-07-28 13:20:00+00:00,439.79,439.79,439.8,239,2104,439.79102005975244,5.573327271681365e-09,4.062776041124927e-05
2021-07-28 13:21:00+00:00,439.81,439.8,439.82,2200,806,439.8146373918829,1.1498942032593024e-08,3.905022213013254e-05
2021-07-28 13:22:00+00:00,439.82,439.81,439.83,419,101,439.8261153846154,5.460746659854712e-09,-0.00011225775866074983
2021-07-28 13:23:00+00:00,439.77,439.77,439.78,200,97,439.776734006734,6.135699558398583e-09,4.4783098267053845e-05
2021-07-28 13:24:00+00:00,439.8,439.79,439.81,200,800,439.794,2.0392530749819196e-08,-0.00010540706206585426
2021-07-28 13:25:00+00:00,439.75,439.72,439.74,100,1000,439.7218181818182,9.309247743180236e-09,-6.50032490357999e-05
2021-07-28 13:26:00+00:00,439.72,439.72,439.75,449,700,439.7317232375979,1.8357079778202364e-08,-0.00015161897372140132
2021-07-28 13:27:00+00:00,439.66,439.65,439.67,522,700,439.6585433715221,2.9201944511230363e-08,-6.294201745393746e-05
2021-07-28 13:28:00+00:00,439.61,439.61,439.63,100,500,439.61333333333334,2.9703740751847986e-08,-9.84286118452804e-05
2021-07-28 13:29:00+00:00,439.6,439.59,439.61,100,1400,439.59133333333335,4.350524935666106e-08,0.0002727882785351632
2021-07-28 13:30:00+00:00,439.71,439.69,439.7,49,1000,439.69046711153476,3.019436654658382e-07,-0.00034519669967880695
2021-07-28 13:31:00+00:00,439.57,439.57,439.58,200,100,439.57666666666665,1.5691615230796484e-07,2.2333035515353927e-05
2021-07-28 13:32:00+00:00,439.58,439.57,439.59,100,800,439.5722222222222,2.1531779410751221e-07,-0.0004970477163328546
2021-07-28 13:33:00+00:00,439.35,439.35,439.36,100,1000,439.3509090909091,1.4545449075427448e-07,-0.00023223064461486143
2021-07-28 13:34:00+00:00,439.23,439.21,439.23,650,800,439.2189655172414,1.4131268282753181e-07,0.0001867515297293565
2021-07-28 13:35:00+00:00,439.31,439.31,439.32,200,400,439.31333333333333,1.8718804149336086e-07,-0.00028528722201570655
2021-07-28 13:36:00+00:00,439.19,439.19,439.2,600,332,439.1964377682403,1.1783473288449665e-07,-0.0007175416489666464
2021-07-28 13:37:00+00:00,438.83,438.83,438.84,200,300,438.834,1.982230518079664e-07,-0.000719062981039742
2021-07-28 13:38:00+00:00,438.56,438.56,438.57,200,100,438.56666666666666,2.296821717961439e-07,0.0002765794641821362
2021-07-28 13:39:00+00:00,438.69,438.69,438.7,100,900,438.691,1.3068733354274256e-07,-0.0002383728124735196
2021-07-28 13:40:00+00:00,438.589,438.58,438.59,200,100,438.58666666666664,2.3158972047422274e-07,-0.00039217116903500493
2021-07-28 13:41:00+00:00,438.41,438.39,438.4,290,159,438.3964587973274,1.5742379065611842e-07,-0.00045061621387088024
2021-07-28 13:42:00+00:00,438.2,438.18,438.19,504,300,438.18626865671644,1.2423662206935906e-07,0.0005557907975040077
2021-07-28 13:43:00+00:00,438.46,438.45,438.46,400,100,438.458,7.967059085195754e-08,-0.0001368432096118255
2021-07-28 13:44:00+00:00,438.42,438.4,438.41,500,498,438.40501002004004,1.8234093183805304e-07,-0.00023114460680329074
2021-07-28 13:45:00+00:00,438.3,438.3,438.31,100,300,438.3025,2.018901432306364e-07,-0.0002604780628037151
2021-07-28 13:46:00+00:00,438.18,438.17,438.18,100,200,438.17333333333335,1.2431768014967564e-07,0.00012361668178595409
2021-07-28 13:47:00+00:00,438.239,438.23,438.24,200,100,438.2366666666667,9.012567046153384e-08,0.00020536848430441346
2021-07-28 13:48:00+00:00,438.34,438.35,438.36,200,200,438.355,7.822518850179753e-08,-0.0002290909367442806
2021-07-28 13:49:00+00:00,438.22,438.21,438.22,300,200,438.216,6.105192347365756e-08,-5.229414410179434e-05
2021-07-28 13:50:00+00:00,438.18,438.19,438.2,200,200,438.195,1.0055874450284563e-07,0.00020234137881192105
2021-07-28 13:51:00+00:00,438.33,438.33,438.34,200,100,438.33666666666664,1.1575309688674512e-07,3.536455148633877e-05
2021-07-28 13:52:00+00:00,438.31,438.3,438.31,200,300,438.304,7.494409624705946e-08,0.0004815601571304118
2021-07-28 13:53:00+00:00,438.515,438.52,438.54,500,600,438.5290909090909,6.301612912684695e-08,-0.0003426037231414325
2021-07-28 13:54:00+00:00,438.37,438.38,438.39,100,1500,438.380625,8.952357126847466e-08,-8.288311579685015e-05
2021-07-28 13:55:00+00:00,438.34,438.31,438.32,1200,200,438.31857142857143,1.0782765405054494e-07,0.0007041846515123407
2021-07-28 13:56:00+00:00,438.65,438.65,438.66,100,915,438.6509852216749,3.899122233932325e-08,-0.00020527432477002172
2021-07-28 13:57:00+00:00,438.515,438.51,438.53,1000,300,438.5253846153846,1.0768219657501192e-07,0.00012113766797150483
2021-07-28 13:58:00+00:00,438.58,438.57,438.58,100,100,438.575,6.07869691852822e-08,-0.00011114816049795362
2021-07-28 13:59:00+00:00,438.55,438.55,438.56,100,200,438.55333333333334,7.304413460195565e-08,6.460611173819686e-05
2021-07-28 14:00:00+00:00,438.6,438.59,438.61,300,400,438.5985714285714,9.509919784454936e-08,-0.00011970359110780038
2021-07-28 14:01:00+00:00,438.54,438.53,438.54,400,200,438.5366666666667,8.388504198637444e-08,0.0003380511587445234
2021-07-28 14:02:00+00:00,438.67,438.67,438.69,400,1100,438.67533333333336,1.0768664666739559e-07,-0.0002334565924807519
2021-07-28 14:03:00+00:00,438.59,438.57,438.59,500,400,438.5811111111111,5.5363427558438504e-08,-4.451629785084954e-05
2021-07-28 14:04:00+00:00,438.55,438.54,438.55,1100,100,438.5491666666667,5.3383287191353376e-08,-0.00019490319988701987
2021-07-28 14:05:00+00:00,438.465,438.46,438.48,1500,400,438.4757894736842,7.003409652975475e-08,5.442174774383801e-05
2021-07-28 14:06:00+00:00,438.49,438.51,438.52,100,400,438.512,7.558687321114458e-08,-4.453651134062042e-05
2021-07-28 14:07:00+00:00,438.48,438.47,438.49,500,1200,438.4758823529412,7.043562233769037e-08,-3.1928771472067297e-05
2021-07-28 14:08:00+00:00,438.44,438.43,438.44,1000,200,438.43833333333333,7.703388642945195e-08,0.00027113286662605596
2021-07-28 14:09:00+00:00,438.57,438.57,438.59,400,2000,438.5733333333333,6.847856884969559e-08,-0.00020151689848535437
2021-07-28 14:10:00+00:00,438.5,438.5,438.52,400,1900,438.50347826086954,1.0679303048506509e-07,-2.1564473667412543e-05
2021-07-28 14:11:00+00:00,438.49,438.5,438.51,100,1100,438.50083333333333,8.345588047461092e-08,-0.0005360392908496658
2021-07-28 14:12:00+00:00,438.24,438.25,438.26,600,100,438.25857142857143,1.015811080872289e-07,-1.254997170552219e-05
2021-07-28 14:13:00+00:00,438.28,438.28,438.29,300,100,438.2875,8.191519083464558e-08,2.8523020930260046e-05
2021-07-28 14:14:00+00:00,438.25,438.23,438.25,2000,400,438.24666666666667,5.723416810957838e-08,3.802960985410664e-05
2021-07-28 14:15:00+00:00,438.27,438.26,438.27,400,200,438.26666666666665,7.480222685746431e-08,5.8943653669985e-05
2021-07-28 14:16:00+00:00,438.29,438.28,438.29,600,100,438.2885714285714,9.742915028072492e-08,0.00040334638980521476
2021-07-28 14:17:00+00:00,438.479,438.48,438.49,200,300,438.484,7.352637340113386e-08,0.000782746667014278
2021-07-28 14:18:00+00:00,438.83,438.82,438.83,366,584,438.823852631579,4.6495947302150444e-08,-0.0001652167472809829
2021-07-28 14:19:00+00:00,438.74,438.74,438.76,500,800,438.7476923076923,5.8734704512662987e-08,0.00035581285510066785
2021-07-28 14:20:00+00:00,438.9,438.89,438.91,600,300,438.9033333333333,4.837799938368672e-08,0.00011328798438525745
2021-07-28 14:21:00+00:00,438.96,438.95,438.96,400,1000,438.95285714285717,8.526865423329385e-08,-0.0001955420216006587
2021-07-28 14:22:00+00:00,438.87,438.87,438.88,200,300,438.874,5.570967943669167e-08,-9.342280655777468e-05
2021-07-28 14:23:00+00:00,438.82,438.82,438.83,400,300,438.8257142857143,8.138243998637017e-08,0.0001321714400306373
2021-07-28 14:24:00+00:00,438.87,438.87,438.89,1300,100,438.8885714285714,5.513495539873637e-08,0.00016177469114708742
2021-07-28 14:25:00+00:00,438.96,438.95,438.96,400,100,438.958,6.293793054116804e-08,0.00012529815264961108
2021-07-28 14:26:00+00:00,439.02,439.01,439.03,1400,800,439.02272727272725,7.88885281256321e-08,-0.00012886195370342968
2021-07-28 14:27:00+00:00,438.95,438.94,438.96,1000,1400,438.9483333333333,3.830345638316135e-08,0.0003293563231858698
2021-07-28 14:28:00+00:00,439.09,439.09,439.1,300,100,439.0975,6.541300381548542e-08,0.0004739684421146695
2021-07-28 14:29:00+00:00,439.29,439.28,439.29,1400,200,439.28875,7.737076352553196e-08,-0.0003098483296443133
2021-07-28 14:30:00+00:00,439.17,439.15,439.17,1000,400,439.1642857142857,1.0258782851111955e-07,0.00046321355706369083
2021-07-28 14:31:00+00:00,439.37,439.36,439.38,1100,1000,439.3704761904762,6.323837401308477e-08,0.00016205652641176904
2021-07-28 14:32:00+00:00,439.44,439.44,439.45,300,400,439.44428571428574,2.375088563484867e-07,-0.00020840675134392583
2021-07-28 14:33:00+00:00,439.37,439.37,439.38,400,100,439.378,4.8603425937372216e-08,4.597970656639028e-05
2021-07-28 14:34:00+00:00,439.35,439.35,439.36,200,300,439.354,5.927692614412628e-08,0.00033805718670865126
2021-07-28 14:35:00+00:00,439.52,439.52,439.53,401,650,439.52381541389155,4.728040594768479e-08,-0.0002327144596053765
2021-07-28 14:36:00+00:00,439.419,439.41,439.42,401,10,439.4197566909976,5.424263987311538e-08,-0.00032898586627216897
2021-07-28 14:37:00+00:00,439.28,439.27,439.28,100,700,439.27125,7.812613171558674e-08,3.599617807070743e-05
2021-07-28 14:38:00+00:00,439.308,439.3,439.31,100,360,439.3021739130435,3.9627464483893204e-08,0.00029593291428464674
2021-07-28 14:39:00+00:00,439.42,439.41,439.42,1200,100,439.41923076923075,4.798692871822693e-08,-0.00041003842332298923
2021-07-28 14:40:00+00:00,439.23,439.21,439.22,925,100,439.21902439024393,8.75712882063141e-08,-0.00017975662679003968
2021-07-28 14:41:00+00:00,439.15,439.15,439.16,1454,100,439.15935649935653,1.220827286766245e-07,-0.0007836805277722236
2021-07-28 14:42:00+00:00,438.81,438.81,438.82,600,100,438.81857142857143,6.282686069885297e-08,0.00011575584683565232
2021-07-28 14:43:00+00:00,438.86,438.84,438.85,800,100,438.8488888888889,4.8359566666690744e-08,-0.000392488599886609
2021-07-28 14:44:00+00:00,438.68,438.69,438.7,200,300,438.694,1.7969063701013136e-07,-0.0004536191513903054
2021-07-28 14:45:00+00:00,438.5,438.45,438.47,600,200,438.465,1.0336353452791959e-07,0.0006165026587152678
2021-07-28 14:46:00+00:00,438.76,438.77,438.78,300,100,438.7775,5.067127747064445e-08,0.0003570625452027354
2021-07-28 14:47:00+00:00,438.92,438.91,438.93,1212,900,438.9214772727273,6.741258013658853e-08,-0.00026656216822129597
2021-07-28 14:48:00+00:00,438.82,438.84,438.85,100,130,438.84434782608696,1.1832534358047261e-07,0.00028693631774734385
2021-07-28 14:49:00+00:00,438.96,438.95,438.96,500,100,438.9583333333333,5.3472495023884846e-08,0.00014981304436667564
2021-07-28 14:50:00+00:00,438.96,438.99,439.0,200,100,438.99666666666667,9.764930897488889e-08,0.00025246964669434213
2021-07-28 14:51:00+00:00,439.11,439.11,439.12,381,40,439.1190498812351,1.1129417354246408e-07,4.454222150473974e-05
2021-07-28 14:52:00+00:00,439.12,439.12,439.14,400,1200,439.125,5.220095726444947e-08,0.00023116909560072507
2021-07-28 14:53:00+00:00,439.23,439.23,439.24,200,100,439.2366666666667,3.693479765616482e-08,0.00022637091003696597
2021-07-28 14:54:00+00:00,439.34,439.34,439.35,100,405,439.34198019801977,4.9298962867008735e-08,-9.560055357271668e-05
2021-07-28 14:55:00+00:00,439.285,439.28,439.29,100,300,439.2825,7.111744216895498e-08,-0.0003020052236281101
2021-07-28 14:56:00+00:00,439.16,439.16,439.17,100,400,439.162,6.907537253991815e-08,0.00010301207301499637
2021-07-28 14:57:00+00:00,439.2,439.19,439.21,400,500,439.1988888888889,7.115708075800477e-08,5.78976642520157e-05
2021-07-28 14:58:00+00:00,439.22,439.23,439.24,300,100,439.2375,6.073569273626035e-08,2.27674261878974e-05
2021-07-28 14:59:00+00:00,439.238,439.22,439.23,200,300,439.224,3.971317811235092e-08,9.230946271343576e-05
2021-07-28 15:00:00+00:00,439.31,439.3,439.32,1300,700,439.313,1.2627467928391222e-07,0.00017404729285064313
2021-07-28 15:01:00+00:00,439.358,439.35,439.36,200,300,439.354,5.850372254862715e-08,6.4780866464442255e-06
2021-07-28 15:02:00+00:00,439.36,439.35,439.37,2200,300,439.3676,3.7706173067133905e-08,0.00024009617853715248
2021-07-28 15:03:00+00:00,439.44,439.43,439.45,900,400,439.44384615384615,5.016147277456451e-08,-9.741878475577614e-05
2021-07-28 15:04:00+00:00,439.41,439.41,439.42,100,400,439.412,3.5341520665792704e-08,7.808444267665138e-05
2021-07-28 15:05:00+00:00,439.45,439.44,439.46,500,1200,439.44588235294117,4.768422849555232e-08,-0.00018141329171561527
2021-07-28 15:06:00+00:00,439.37,439.36,439.37,700,100,439.36875,4.552260382533954e-08,1.1127014874601215e-05
2021-07-28 15:07:00+00:00,439.38,439.38,439.4,400,1000,439.3857142857143,5.713195578281161e-08,-7.055460471205866e-05
2021-07-28 15:08:00+00:00,439.34,439.34,439.35,200,1250,439.34137931034485,4.582714783642921e-08,-6.459043222017957e-05
2021-07-28 15:09:00+00:00,439.32,439.32,439.33,500,1400,439.3226315789474,3.254980198218713e-08,0.00011011985653230916
2021-07-28 15:10:00+00:00,439.37,439.37,439.38,400,200,439.37666666666667,3.1968591553417696e-08,-3.983020950681926e-05
2021-07-28 15:11:00+00:00,439.35,439.35,439.36,100,700,439.35125,2.7617414604865862e-08,-5.4057437449905876e-05
2021-07-28 15:12:00+00:00,439.32,439.31,439.32,400,100,439.318,5.1923698429781154e-08,-0.00022824110722552415
2021-07-28 15:13:00+00:00,439.24,439.23,439.24,100,2100,439.23045454545456,6.023249450223404e-08,7.176697214639205e-05
2021-07-28 15:14:00+00:00,439.29,439.25,439.26,600,1200,439.25333333333333,5.0626317903556665e-08,-0.00029216134895071466
2021-07-28 15:15:00+00:00,439.115,439.12,439.13,300,900,439.1225,5.6996792499624724e-08,0.0006315565744128282
2021-07-28 15:16:00+00:00,439.41,439.39,439.41,700,400,439.40272727272725,5.780308142583444e-08,-0.0003942403101263592
2021-07-28 15:17:00+00:00,439.24,439.25,439.26,300,400,439.2542857142857,7.616908408333493e-08,-0.00012697022767071964
2021-07-28 15:18:00+00:00,439.19,439.18,439.19,400,1300,439.1823529411765,7.940286021527382e-08,-0.00029474456525180326
2021-07-28 15:19:00+00:00,439.04,439.05,439.07,1700,1040,439.0624087591241,5.915434395688154e-08,0.0003426624926292643
2021-07-28 15:20:00+00:00,439.23,439.22,439.24,500,2000,439.224,6.910482060975307e-08,-0.00014195900255686844
2021-07-28 15:21:00+00:00,439.14,439.14,439.15,200,400,439.1433333333333,5.887617343838413e-08,-3.60033366453294e-08
2021-07-28 15:22:00+00:00,439.11,439.1,439.11,400,200,439.1066666666667,5.971793444937192e-08,-0.00026853346716626536
2021-07-28 15:23:00+00:00,439.06,439.01,439.02,100,500,439.01166666666666,4.202115880839154e-08,0.00029810295866905534
2021-07-28 15:24:00+00:00,439.14,439.13,439.14,900,100,439.139,4.6842038232256886e-08,-0.00011909566510714953
2021-07-28 15:25:00+00:00,439.09,439.08,439.09,200,600,439.0825,3.507155055877073e-08,-0.00022774151988191882
2021-07-28 15:26:00+00:00,439.0,439.0,439.01,500,1700,439.0022727272727,4.5611521556749933e-08,-1.3559130827123234e-05
2021-07-28 15:27:00+00:00,438.99,438.98,438.99,1400,500,438.9873684210526,1.9374400106631152e-08,6.264403382005845e-05
2021-07-28 15:28:00+00:00,439.02,439.01,439.02,700,300,439.017,8.048668983552976e-08,-4.582761279070535e-05
2021-07-28 15:29:00+00:00,438.99,439.0,439.01,400,300,439.0057142857143,5.5810267244507016e-08,-6.61683431122384e-05
2021-07-28 15:30:00+00:00,438.96,438.96,438.97,500,500,438.965,5.84729703708294e-08,-3.182555172065449e-06
2021-07-28 15:31:00+00:00,438.95,438.94,438.95,900,200,438.9481818181818,4.2269178603094225e-08,8.924353729877765e-05
2021-07-28 15:32:00+00:00,439.01,439.0,439.01,300,300,439.005,5.2599351616164704e-08,0.0003341533278724551
2021-07-28 15:33:00+00:00,439.14,439.13,439.14,400,1200,439.1325,3.622808325708224e-08,3.911870418260577e-06
2021-07-28 15:34:00+00:00,439.17,439.15,439.16,300,658,439.15313152400836,7.006931080362897e-08,-9.986760223423818e-05
2021-07-28 15:35:00+00:00,439.11,439.11,439.13,900,801,439.120582010582,4.837683100674155e-08,6.205748458820715e-05
2021-07-28 15:36:00+00:00,439.14,439.13,439.14,600,200,439.1375,3.476080290513368e-08,0.0002815035676344557
2021-07-28 15:37:00+00:00,439.27,439.27,439.28,700,200,439.27777777777777,2.872158917382337e-08,-1.4100719905263404e-05
2021-07-28 15:38:00+00:00,439.275,439.26,439.27,600,200,439.2675,4.1113566789011734e-08,0.0001994970383236705
2021-07-28 15:39:00+00:00,439.34,439.33,439.34,410,300,439.3357746478874,2.2251253808571176e-08,-9.685942888815191e-05
2021-07-28 15:40:00+00:00,439.3,439.29,439.31,500,400,439.3011111111111,4.497811766445862e-08,-2.371203347750761e-05
2021-07-28 15:41:00+00:00,439.28,439.28,439.29,200,300,439.284,2.6983906322073755e-08,0.00012832698877263127
2021-07-28 15:42:00+00:00,439.36,439.35,439.37,400,2300,439.352962962963,2.612065866487235e-08,-3.802454457590976e-05
2021-07-28 15:43:00+00:00,439.33,439.32,439.33,500,300,439.32625,3.8117973148623775e-08,-5.723026336323933e-05
2021-07-28 15:44:00+00:00,439.3,439.29,439.3,800,100,439.2988888888889,8.50151175870283e-08,-0.0001225543978388144
2021-07-28 15:45:00+00:00,439.24,439.24,439.25,719,100,439.248778998779,5.5979417783575785e-08,0.00027998094258263606
2021-07-28 15:46:00+00:00,439.39,439.38,439.39,508,200,439.38717514124295,5.1283879327409094e-08,-5.566688765068495e-05
2021-07-28 15:47:00+00:00,439.32,439.31,439.33,600,1100,439.3170588235294,8.48250307821426e-08,-0.000562549899720155
2021-07-28 15:48:00+00:00,439.07,439.06,439.08,1098,1200,439.0695561357702,6.635130900764092e-08,-0.00028617451478973877
2021-07-28 15:49:00+00:00,438.98,438.97,438.99,650,2000,438.9749056603774,6.186231810980332e-08,0.00015194792446426852
2021-07-28 15:50:00+00:00,439.05,439.04,439.06,800,1700,439.0464,3.8595950133617145e-08,0.00011632485056711772
2021-07-28 15:51:00+00:00,439.1,439.1,439.11,10,1600,439.1000621118012,4.812888646847189e-08,-0.00010655093012457151
2021-07-28 15:52:00+00:00,439.07,439.04,439.05,500,200,439.04714285714283,3.3631284340749585e-08,-3.5249610627063888e-06
2021-07-28 15:53:00+00:00,439.04,439.04,439.05,100,1100,439.04083333333335,4.586220036912445e-08,0.00015645459251167892
2021-07-28 15:54:00+00:00,439.11,439.09,439.11,600,1500,439.0957142857143,2.497195356963078e-08,2.575539209459521e-05
2021-07-28 15:55:00+00:00,439.13,439.11,439.13,800,1301,439.117615421228,3.355531870105995e-08,0.00021689787369760793
2021-07-28 15:56:00+00:00,439.23,439.22,439.24,800,1600,439.2266666666667,2.070540962888136e-08,1.0446339963943174e-05
2021-07-28 15:57:00+00:00,439.225,439.21,439.23,1000,1100,439.2195238095238,2.2010739800099167e-08,-7.285576380156034e-05
2021-07-28 15:58:00+00:00,439.19,439.19,439.2,300,600,439.1933333333333,2.2295314583654448e-08,0.0002491588449438087
2021-07-28 15:59:00+00:00,439.28,439.28,439.29,377,1300,439.2822480620155,2.071523476104211e-08,-0.00011882001469365466
2021-07-28 16:00:00+00:00,439.25,439.26,439.27,600,300,439.26666666666665,3.50234045496319e-08,-0.00013760500009774024
2021-07-28 16:01:00+00:00,439.19,439.18,439.2,525,659,439.18886824324323,2.579660374979983e-08,7.215191408094235e-05
2021-07-28 16:02:00+00:00,439.21,439.22,439.23,500,200,439.22714285714284,2.545174312396847e-08,-0.00023762977276819974
2021-07-28 16:03:00+00:00,439.09,439.06,439.07,800,600,439.0657142857143,5.8075993546396084e-08,-6.509155538536593e-05
2021-07-28 16:04:00+00:00,439.1,439.08,439.09,10,301,439.0803215434083,2.7134475930550197e-08,5.028250773841947e-05
2021-07-28 16:05:00+00:00,439.1,439.09,439.11,1010,550,439.1029487179488,3.871569209094104e-08,0.00012616440178048194
2021-07-28 16:06:00+00:00,439.16,439.15,439.16,300,300,439.155,3.853478625881122e-08,0.00010499723591617105
2021-07-28 16:07:00+00:00,439.2,439.2,439.22,1400,500,439.21473684210525,2.151827213105172e-08,7.119546951050992e-05
2021-07-28 16:08:00+00:00,439.25,439.25,439.26,1100,425,439.2572131147541,1.9438307000119108e-08,-1.4383344840718237e-06
2021-07-28 16:09:00+00:00,439.24,439.23,439.25,1224,1000,439.2410071942446,2.9674460304088808e-08,-0.00011971199993998649
2021-07-28 16:10:00+00:00,439.18,439.18,439.2,1815,1700,439.19032716927455,3.9812644564831956e-08,-8.222222643960997e-06
2021-07-28 16:11:00+00:00,439.17,439.15,439.16,200,600,439.1525,2.978062300355359e-08,-2.4034386882698655e-05
2021-07-28 16:12:00+00:00,439.18,439.17,439.19,600,1500,439.17571428571426,2.8870950251868127e-08,0.00028137172783382347
2021-07-28 16:13:00+00:00,439.285,439.29,439.3,500,100,439.29833333333335,2.2729930244259662e-08,5.5282934808387196e-05
2021-07-28 16:14:00+00:00,439.33,439.32,439.33,500,100,439.3283333333333,1.8608327765053954e-08,-0.0003006625080855807
2021-07-28 16:15:00+00:00,439.18,439.17,439.18,100,700,439.17125,3.50125801917414e-08,-0.00012535542391145515
2021-07-28 16:16:00+00:00,439.14,439.13,439.14,700,96,439.13879396984925,2.998519419076746e-08,-0.00022080710486516164
2021-07-28 16:17:00+00:00,439.03,439.03,439.04,800,300,439.03727272727275,5.8074450064957315e-08,-0.0002577215532473254
2021-07-28 16:18:00+00:00,438.92,438.92,438.93,891,500,438.9264054636952,4.176056820767352e-08,0.00029461713499734365
2021-07-28 16:19:00+00:00,439.05,439.04,439.06,2200,650,439.05543859649123,2.620814006703954e-08,-1.5222079175813974e-05
2021-07-28 16:20:00+00:00,439.07,439.07,439.08,1200,200,439.0785714285714,4.2988710197470725e-08,-2.786009523625399e-05
2021-07-28 16:21:00+00:00,439.02,439.03,439.04,100,300,439.0325,5.939257678551854e-08,3.4165763171944974e-06
2021-07-28 16:22:00+00:00,439.05,439.04,439.05,300,300,439.045,3.046333890899837e-08,-0.0002049938786551353
2021-07-28 16:23:00+00:00,438.95,438.92,438.94,1500,400,438.9357894736842,4.544760845116884e-08,1.7086325813542302e-05
2021-07-28 16:24:00+00:00,438.97,438.97,438.98,400,500,438.97444444444443,3.899363823764144e-08,2.5114411239313128e-05
2021-07-28 16:25:00+00:00,438.97,438.96,438.98,682,500,438.97153976311336,3.003668371318125e-08,-2.5113780521501816e-05
2021-07-28 16:26:00+00:00,438.94,438.94,438.95,200,300,438.944,3.278145527814492e-08,-0.00015567275309158468
2021-07-28 16:27:00+00:00,438.9,438.88,438.89,700,200,438.8877777777778,2.6835595748455947e-08,-1.6225628760357935e-05
2021-07-28 16:28:00+00:00,438.899,438.86,438.88,900,300,438.875,2.073818143201852e-08,9.651253949138905e-05
2021-07-28 16:29:00+00:00,438.92,438.92,438.93,184,800,438.9218699186992,1.9089264355577246e-08,-0.00026506388701630357
2021-07-28 16:30:00+00:00,438.8,438.79,438.81,500,2100,438.7938461538462,3.081554498984094e-08,0.00022281587516403967
2021-07-28 16:31:00+00:00,438.89,438.89,438.91,2000,700,438.9048148148148,3.542619035622771e-08,-8.258300163155319e-06
2021-07-28 16:32:00+00:00,438.91,438.91,438.92,750,500,438.916,3.036942689867801e-08,-2.7816691651860737e-05
2021-07-28 16:33:00+00:00,438.89,438.88,438.89,600,1,438.8899833610649,2.6771525352574285e-08,7.55698593981613e-05
2021-07-28 16:34:00+00:00,438.92,438.92,438.93,100,400,438.922,2.5700870173824983e-08,-3.569361813293703e-05
2021-07-28 16:35:00+00:00,438.92,438.91,438.92,200,600,438.9125,3.1698987003342204e-08,0.00017949757560220547
2021-07-28 16:36:00+00:00,438.97,438.95,438.96,500,200,438.95714285714286,3.1524029978071026e-08,-0.00011682067875318225
2021-07-28 16:37:00+00:00,438.92,438.91,438.92,400,200,438.9166666666667,4.710571077210695e-08,-0.0001300911347276168
2021-07-28 16:38:00+00:00,438.87,438.86,438.87,108,400,438.862125984252,5.3969121777027495e-08,-0.0005599941151175347
2021-07-28 16:39:00+00:00,438.62,438.62,438.63,1490,401,438.6278794288736,5.4361919939268e-08,0.00017562774782065027
2021-07-28 16:40:00+00:00,438.68,438.71,438.72,500,7,438.71986193293884,3.521047261222652e-08,-7.573179584496881e-05
2021-07-28 16:41:00+00:00,438.67,438.66,438.68,600,1500,438.6657142857143,2.764414175385268e-08,-9.04833051060816e-05
2021-07-28 16:42:00+00:00,438.63,438.62,438.63,1700,200,438.62894736842105,2.645170860845939e-08,-0.00021712729971667954
2021-07-28 16:43:00+00:00,438.52,438.52,438.53,1700,200,438.52894736842103,2.3393912484647096e-08,-5.524012925772759e-05
2021-07-28 16:44:00+00:00,438.51,438.5,438.52,400,1109,438.5053015241882,3.48732914313345e-08,-0.00020589001824355968
2021-07-28 16:45:00+00:00,438.43,438.43,438.44,200,500,438.43285714285713,1.7493136525100725e-08,0.00018522784640739864
2021-07-28 16:46:00+00:00,438.505,438.5,438.51,400,368,438.5052083333333,1.7975300703929394e-08,7.111685037486382e-05
2021-07-28 16:47:00+00:00,438.53,438.51,438.53,1303,700,438.5230104842736,3.070481672545902e-08,5.5475290791306975e-05
2021-07-28 16:48:00+00:00,438.58,438.56,438.58,800,1500,438.56695652173914,9.319867309990941e-09,0.00021698472236786337
2021-07-28 16:49:00+00:00,438.645,438.65,438.66,600,569,438.65513259195893,1.2078680441080265e-08,3.978917806679583e-05
2021-07-28 16:50:00+00:00,438.65,438.68,438.69,500,500,438.685,2.3205258478101128e-08,-7.143381503893487e-05
2021-07-28 16:51:00+00:00,438.65,438.63,438.65,700,1000,438.63823529411764,2.2289339016872523e-08,0.00012766675329767274
2021-07-28 16:52:00+00:00,438.69,438.69,438.7,100,1100,438.69083333333333,3.5038885333199726e-08,-0.00012081203926161965
2021-07-28 16:53:00+00:00,438.65,438.64,438.65,900,100,438.649,2.5655740969171404e-08,-0.0002482942777832786
2021-07-28 16:54:00+00:00,438.56,438.54,438.55,100,1100,438.54083333333335,3.677258541011827e-08,-5.6228861949114695e-05
2021-07-28 16:55:00+00:00,438.51,438.51,438.52,600,200,438.5175,4.86107396692709e-08,-0.0001355234266576799
2021-07-28 16:56:00+00:00,438.45,438.44,438.45,400,300,438.4457142857143,2.5419084362009518e-08,0.00027673116631543593
2021-07-28 16:57:00+00:00,438.575,438.58,438.59,500,100,438.5883333333333,2.6708679388564835e-08,-8.74046149635932e-05
2021-07-28 16:58:00+00:00,438.54,438.53,438.54,500,300,438.53625,3.1794907542351465e-08,-7.373033699331621e-05
2021-07-28 16:59:00+00:00,438.49,438.5,438.51,100,1300,438.5007142857143,3.157442019722396e-08,0.00022723014753478488
2021-07-28 17:00:00+00:00,438.62,438.62,438.63,100,700,438.62125,3.0833325394648224e-08,0.00010018713290294023
2021-07-28 17:01:00+00:00,438.64,438.64,438.65,400,300,438.6457142857143,3.7647145401026e-08,-1.544824739629913e-05
2021-07-28 17:02:00+00:00,438.632,438.63,438.65,900,500,438.64285714285717,5.8039287792342707e-08,-0.0002172787066867521
2021-07-28 17:03:00+00:00,438.558,438.52,438.53,200,1100,438.52153846153846,5.573176456134036e-08,-0.00021253340782401153
2021-07-28 17:04:00+00:00,438.44,438.43,438.44,300,1300,438.431875,7.851881336852024e-08,3.962119922129581e-05
2021-07-28 17:05:00+00:00,438.47,438.47,438.49,400,1200,438.475,4.3999399183004725e-08,0.00022616608573033936
2021-07-28 17:06:00+00:00,438.52,438.51,438.52,300,200,438.516,7.253265016244477e-08,-0.0004450678805253405
2021-07-28 17:07:00+00:00,438.37,438.37,438.38,410,50,438.37891304347824,4.312190033053891e-08,8.924121901499049e-05
2021-07-28 17:08:00+00:00,438.4,438.38,438.39,100,1400,438.3806666666667,5.225251340267687e-08,3.155617204431138e-05
2021-07-28 17:09:00+00:00,438.42,438.42,438.44,700,1300,438.427,6.397119002035126e-08,9.878142140973267e-05
2021-07-28 17:10:00+00:00,438.47,438.46,438.48,500,300,438.4725,3.6067823693163016e-08,3.2580931032644145e-05
2021-07-28 17:11:00+00:00,438.485,438.48,438.5,1000,496,438.4933689839573,6.167895480431903e-08,-9.488887006492419e-05
2021-07-28 17:12:00+00:00,438.44,438.43,438.45,500,700,438.43833333333333,6.822899556790358e-08,-3.934392578264223e-05
2021-07-28 17:13:00+00:00,438.45,438.43,438.44,400,1300,438.4323529411765,2.7574970567564257e-08,-0.00012182673554794743
2021-07-28 17:14:00+00:00,438.37,438.37,438.38,100,800,438.37111111111113,2.174391439790417e-08,-0.00012380494329911063
2021-07-28 17:15:00+00:00,438.31,438.32,438.33,200,500,438.3228571428571,2.604146223785848e-08,-0.00018323705182865524
2021-07-28 17:16:00+00:00,438.23,438.23,438.25,716,900,438.23886138613864,3.974808425003728e-08,-3.325018613575814e-05
2021-07-28 17:17:00+00:00,438.23,438.23,438.24,300,500,438.23375,3.1089746063189135e-08,-6.519861126963455e-05
2021-07-28 17:18:00+00:00,438.2,438.18,438.19,200,300,438.184,3.871590578381002e-08,-0.00023473030466036882
2021-07-28 17:19:00+00:00,438.1,438.09,438.1,1400,200,438.09875,2.2497483134716558e-08,0.0001331537659690074
2021-07-28 17:20:00+00:00,438.14,438.12,438.14,1100,700,438.1322222222222,2.6642585965512153e-08,0.00018792088052954625
2021-07-28 17:21:00+00:00,438.23,438.22,438.23,700,100,438.22875,4.358202542537021e-08,3.432834073313629e-05
2021-07-28 17:22:00+00:00,438.25,438.24,438.25,400,400,438.245,3.48454112230752e-08,0.00011509424689237768
2021-07-28 17:23:00+00:00,438.3,438.28,438.29,404,1500,438.2821218487395,4.0146254797440064e-08,-0.0002079731828672493
2021-07-28 17:24:00+00:00,438.21,438.2,438.21,500,400,438.2055555555556,3.16872382113506e-08,-1.9016974551422372e-05
2021-07-28 17:25:00+00:00,438.191,438.2,438.21,200,600,438.2025,4.3279704611396255e-08,-0.00014757452894054168
2021-07-28 17:26:00+00:00,438.14,438.13,438.14,500,1700,438.1322727272727,2.9686698205698857e-08,8.292782388252817e-05
2021-07-28 17:27:00+00:00,438.17,438.17,438.19,600,1606,438.17543970988214,2.3399756248997335e-08,-9.507834618127653e-05
2021-07-28 17:28:00+00:00,438.14,438.12,438.13,401,300,438.1257203994294,2.4019544954131273e-08,-5.327153299561349e-05
2021-07-28 17:29:00+00:00,438.11,438.1,438.12,1500,500,438.115,3.2673985705944135e-08,7.912897261674878e-05
2021-07-28 17:30:00+00:00,438.14,438.14,438.15,400,100,438.148,2.8147145102308756e-08,0.00011361772814311166
2021-07-28 17:31:00+00:00,438.19,438.19,438.21,900,300,438.205,3.4988962837722326e-08,6.70092008348e-05
2021-07-28 17:32:00+00:00,438.26,438.21,438.22,600,200,438.2175,4.858960710923965e-08,-7.384523625941775e-05
2021-07-28 17:33:00+00:00,438.17,438.18,438.19,600,300,438.18666666666667,2.8877551526703074e-08,-4.324494166474402e-05
2021-07-28 17:34:00+00:00,438.17,438.16,438.18,1400,700,438.17333333333335,5.893787399794844e-08,-0.00047628194695803483
2021-07-28 17:35:00+00:00,437.96,437.95,437.96,1100,400,437.95733333333334,6.710106646054145e-08,0.0001397179545725713
2021-07-28 17:36:00+00:00,438.01,438.01,438.02,400,300,438.0157142857143,2.8732436119131725e-08,0.00011143260474533179
2021-07-28 17:37:00+00:00,438.06,438.05,438.06,501,1235,438.0528859447005,3.251845769752736e-08,-0.0003073566674384187
2021-07-28 17:38:00+00:00,437.96,437.92,437.93,450,500,437.9247368421053,2.9051506644522437e-08,0.0001266231511489746
2021-07-28 17:39:00+00:00,437.98,437.99,438.0,400,450,437.99470588235295,2.6772632481881335e-08,-7.686667788653345e-05
2021-07-28 17:40:00+00:00,437.95,437.94,437.95,200,400,437.9433333333333,3.780009755786645e-08,0.0002534702981162873
2021-07-28 17:41:00+00:00,438.06,438.06,438.07,400,500,438.06444444444446,3.0148394664144855e-08,6.020232457060182e-05
2021-07-28 17:42:00+00:00,438.1,438.1,438.12,700,500,438.1116666666667,4.125098277630429e-08,0.00023041303148629844
2021-07-28 17:43:00+00:00,438.2,438.2,438.22,700,400,438.21272727272725,2.4580935448006426e-08,-1.451118874662427e-05
2021-07-28 17:44:00+00:00,438.19,438.18,438.2,800,1100,438.18842105263155,2.1012190046656352e-08,0.0001268140700860787
2021-07-28 17:45:00+00:00,438.24,438.23,438.25,858,700,438.2410141206675,2.500666246796653e-08,0.0002217538677276032
2021-07-28 17:46:00+00:00,438.34,438.33,438.35,1300,900,438.34181818181816,1.9226745340449596e-08,9.170984101358748e-05
2021-07-28 17:47:00+00:00,438.38,438.38,438.39,300,400,438.38428571428574,2.917770092765595e-08,2.4590673827873388e-05
2021-07-28 17:48:00+00:00,438.39,438.38,438.4,700,1000,438.38823529411764,1.9780486747322944e-08,0.00015401802767867068
2021-07-28 17:49:00+00:00,438.47,438.46,438.47,600,202,438.4674812967581,1.8488622211503895e-08,-2.7241966312430144e-05
2021-07-28 17:50:00+00:00,438.45,438.44,438.45,568,400,438.445867768595,3.41311585186455e-08,-8.679653624787953e-05
2021-07-28 17:51:00+00:00,438.4,438.39,438.4,700,300,438.397,6.028608298645273e-08,-0.0002874460827393399
2021-07-28 17:52:00+00:00,438.29,438.28,438.29,400,2300,438.2814814814815,4.077461302142066e-08,9.549080584103642e-05
2021-07-28 17:53:00+00:00,438.328,438.32,438.33,300,300,438.325,2.0891686004970623e-08,3.977862027859658e-05
2021-07-28 17:54:00+00:00,438.32,438.31,438.33,700,1300,438.317,1.958219665089806e-08,-0.0002386622280171613
2021-07-28 17:55:00+00:00,438.23,438.23,438.24,202,400,438.23335548172753,2.1914936038657602e-08,8.636018163721282e-05
2021-07-28 17:56:00+00:00,438.28,438.28,438.29,2900,1800,438.28617021276597,2.7736182441471725e-08,-5.323914567978427e-06
2021-07-28 17:57:00+00:00,438.28,438.27,438.28,200,295,438.2740404040404,1.977514827298737e-08,-0.0001315774462566921
2021-07-28 17:58:00+00:00,438.22,438.22,438.23,200,700,438.22222222222223,6.119799187182946e-08,-7.302368249295643e-05
2021-07-28 17:59:00+00:00,438.185,438.17,438.18,200,200,438.175,5.189352909817276e-08,2.586444293317669e-05
2021-07-28 18:00:00+00:00,438.19,438.19,438.2,100,300,438.1925,2.148325785144287e-06,-0.0006618083342209147
2021-07-28 18:01:00+00:00,437.9,437.92,437.94,600,300,437.93333333333334,7.092974976733905e-07,0.000655586088253779
2021-07-28 18:02:00+00:00,438.21,438.2,438.22,100,100,438.21,7.034398673751966e-07,0.001583487500473879
2021-07-28 18:03:00+00:00,438.92,438.91,438.92,100,300,438.9125,2.7433895060608623e-07,0.0002750480927284915
2021-07-28 18:04:00+00:00,438.99,438.99,439.0,200,138,438.9959171597633,2.894158923903174e-07,-0.0002391597216544472
2021-07-28 18:05:00+00:00,438.83,438.82,438.83,100,300,438.8225,3.9431774971906547e-07,-0.0006455707786883202
2021-07-28 18:06:00+00:00,438.65,438.64,438.65,200,100,438.64666666666665,1.0191164282978287e-07,0.0004909374168788894
2021-07-28 18:07:00+00:00,438.82,438.81,438.82,100,200,438.81333333333333,3.4396686402586884e-07,-0.0009331589309803379
2021-07-28 18:08:00+00:00,438.45,438.44,438.45,100,100,438.445,1.2896632524704958e-07,0.00036961026075399417
2021-07-28 18:09:00+00:00,438.57,438.58,438.59,200,300,438.584,1.6911970182628019e-07,2.5822585540735687e-05
2021-07-28 18:10:00+00:00,438.6,438.6,438.62,200,471,438.6059612518629,1.4599562548208446e-07,0.000469293983390795
2021-07-28 18:11:00+00:00,438.78,438.79,438.8,300,100,438.7975,1.0847432966499577e-07,0.00030895842489875314
2021-07-28 18:12:00+00:00,438.95,438.95,438.96,200,200,438.955,7.119067197624965e-08,0.00024087102940772986
2021-07-28 18:13:00+00:00,439.059,439.04,439.06,700,600,439.0507692307692,9.502077301370719e-08,-0.00026876638506934114
2021-07-28 18:14:00+00:00,438.92,438.91,438.92,400,200,438.9166666666667,1.1959334888247765e-07,0.00039248784478607135
2021-07-28 18:15:00+00:00,439.09,439.09,439.1,800,200,439.098,1.2161718310023756e-07,-4.5030403286183684e-05
2021-07-28 18:16:00+00:00,439.03,439.02,439.04,300,1011,439.02457665903887,9.465226195320689e-08,0.00038550347003596386
2021-07-28 18:17:00+00:00,439.25,439.24,439.25,400,100,439.248,8.360940959900936e-08,-3.9383212918520094e-05
2021-07-28 18:18:00+00:00,439.23,439.23,439.24,200,504,439.23284090909095,9.403195690125783e-08,-0.00014677282789554713
2021-07-28 18:19:00+00:00,439.15,439.15,439.17,500,900,439.15714285714284,6.243777938456254e-08,-0.00011764750530363077
2021-07-28 18:20:00+00:00,439.05,439.06,439.07,307,300,439.065057660626,1.4606808702614609e-07,6.687885419176531e-05
2021-07-28 18:21:00+00:00,439.14,439.15,439.16,100,400,439.152,5.245397021950585e-08,9.924094366509095e-06
2021-07-28 18:22:00+00:00,439.16,439.14,439.16,500,1100,439.14625,3.479056897274825e-08,0.0002246598886994633
2021-07-28 18:23:00+00:00,439.25,439.24,439.25,400,300,439.2457142857143,2.7883823102970066e-08,1.4808725674386736e-05
2021-07-28 18:24:00+00:00,439.26,439.25,439.26,200,500,439.2528571428571,3.284914517661058e-08,-0.0001387867303074275
2021-07-28 18:25:00+00:00,439.19,439.19,439.2,900,2475,439.19266666666664,5.8884181989458316e-08,-0.00014924148724837494
2021-07-28 18:26:00+00:00,439.09,439.09,439.1,500,300,439.09625,3.710112601349753e-08,4.8798261480520466e-05
2021-07-28 18:27:00+00:00,439.16,439.16,439.17,300,700,439.163,4.69477341350323e-08,-0.00022755984878242153
2021-07-28 18:28:00+00:00,439.06,439.04,439.06,417,1300,439.04485730926035,8.509561810776993e-08,-0.00023117403221417643
2021-07-28 18:29:00+00:00,438.94,438.94,438.95,500,300,438.94625,5.436598114162091e-08,0.0002421386308752993
2021-07-28 18:30:00+00:00,439.05,439.05,439.06,500,300,439.05625,1.0734147392710161e-07,-0.0001107292649740188
2021-07-28 18:31:00+00:00,438.99,438.99,439.0,300,600,438.99333333333334,7.447006800050923e-08,-0.0001866854021981279
2021-07-28 18:32:00+00:00,438.97,438.95,438.97,500,900,438.95714285714286,1.480358284752747e-07,0.00011217974797528285
2021-07-28 18:33:00+00:00,438.97,438.96,438.98,1500,500,438.975,1.7478628355501716e-07,0.00023198209143804327
2021-07-28 18:34:00+00:00,439.11,439.1,439.12,1000,300,439.11538461538464,1.1056702012174838e-07,0.00014414356099323733
2021-07-28 18:35:00+00:00,439.13,439.12,439.13,1500,200,439.12882352941176,2.1876868487187048e-07,-0.000823531866821936
2021-07-28 18:36:00+00:00,438.81,438.79,438.8,1,700,438.79001426533523,3.030220879386982e-07,-0.0004994532121148643
2021-07-28 18:37:00+00:00,438.6,438.61,438.62,200,100,438.6166666666667,2.315152017168885e-07,0.0007203408715190651
2021-07-28 18:38:00+00:00,438.87,438.89,438.91,600,400,438.902,9.051044605455824e-08,-4.51111691112116e-05
2021-07-28 18:39:00+00:00,438.85,438.85,438.86,100,700,438.85125,2.3515784771124e-07,0.0009796979193679167
2021-07-28 18:40:00+00:00,439.28,439.26,439.28,700,500,439.27166666666665,1.2971043862579005e-07,0.00018730765021945928
2021-07-28 18:41:00+00:00,439.36,439.34,439.36,400,900,439.34615384615387,7.286304699955498e-08,0.00038692350294744493
2021-07-28 18:42:00+00:00,439.53,439.53,439.54,490,200,439.5371014492753,8.91161476125723e-08,8.594974467857064e-05
2021-07-28 18:43:00+00:00,439.575,439.56,439.57,400,200,439.56666666666666,9.638700792259301e-08,5.2016685018640985e-05
2021-07-28 18:44:00+00:00,439.61,439.61,439.62,200,400,439.61333333333334,7.010079810854826e-08,0.0001103833525759601
2021-07-28 18:45:00+00:00,439.65,439.65,439.66,200,300,439.654,5.5339367551037626e-08,0.00022556205705015486
2021-07-28 18:46:00+00:00,439.73,439.73,439.75,418,600,439.7382121807466,6.633855786594124e-08,5.468578683909264e-05
2021-07-28 18:47:00+00:00,439.76,439.76,439.77,132,800,439.7614163090129,6.746538338249941e-08,0.0003833209890979905
2021-07-28 18:48:00+00:00,439.94,439.94,439.95,200,900,439.9418181818182,4.170092871458465e-08,0.00031262047991820197
2021-07-28 18:49:00+00:00,440.06,440.07,440.08,100,600,440.07142857142856,6.303314930974344e-08,3.511823483348664e-05
2021-07-28 18:50:00+00:00,440.09,440.08,440.1,700,1310,440.0869651741293,1.4169649529549186e-07,0.0004038455182442391
2021-07-28 18:51:00+00:00,440.26,440.26,440.27,400,300,440.2657142857143,2.688593558922511e-07,-0.0007232780525792126
2021-07-28 18:52:00+00:00,439.95,439.94,439.95,346,900,439.9427768860353,7.232150693738232e-08,-0.0002081297940705884
2021-07-28 18:53:00+00:00,439.86,439.86,439.88,1000,900,439.87052631578945,9.958065832246245e-08,-0.0002425041585674137
2021-07-28 18:54:00+00:00,439.745,439.73,439.74,600,200,439.7375,1.4168634992655355e-07,-0.00016893092009162558
2021-07-28 18:55:00+00:00,439.67,439.66,439.68,500,409,439.67100110011,8.852487478711619e-08,0.0003374684467774003
2021-07-28 18:56:00+00:00,439.83,439.81,439.83,400,400,439.82,4.1567730344654654e-08,0.00014390336246661306
2021-07-28 18:57:00+00:00,439.88,439.87,439.89,1700,600,439.8847826086957,4.2030067728527775e-08,-3.247596778388484e-05
2021-07-28 18:58:00+00:00,439.85,439.84,439.85,200,300,439.844,6.050664298976787e-08,-0.0005163846578545295
2021-07-28 18:59:00+00:00,439.66,439.66,439.67,300,300,439.665,6.14595010161613e-08,0.00010073078560268733
2021-07-28 19:00:00+00:00,439.7,439.69,439.71,400,300,439.70142857142855,1.279412279836065e-07,0.0004945058515442025
2021-07-28 19:01:00+00:00,439.909,439.91,439.92,300,300,439.915,7.791334938478598e-08,-0.00022959450428050587
2021-07-28 19:02:00+00:00,439.818,439.8,439.82,300,1000,439.8046153846154,5.3694517904085864e-08,0.00013480000064958197
2021-07-28 19:03:00+00:00,439.87,439.86,439.87,400,300,439.86571428571426,3.591934656017467e-07,-0.0005508192461960437
2021-07-28 19:04:00+00:00,439.63,439.63,439.65,600,300,439.6433333333333,1.9939734236951322e-07,-1.3648088585282991e-05
2021-07-28 19:05:00+00:00,439.62,439.61,439.63,600,500,439.6209090909091,1.31804380033348e-07,-0.00022919920627872958
2021-07-28 19:06:00+00:00,439.5,439.49,439.5,2300,102,439.49957535387176,8.163064011257031e-08,-0.00013029982589751743
2021-07-28 19:07:00+00:00,439.45,439.45,439.46,100,400,439.452,4.9419283100635007e-08,0.0003186388838398724
2021-07-28 19:08:00+00:00,439.59,439.59,439.6,400,200,439.5966666666667,9.865147922966865e-08,-0.00039069786486756186
2021-07-28 19:09:00+00:00,439.43,439.42,439.44,300,500,439.4275,5.7534015076462504e-08,0.00022598912913274205
2021-07-28 19:10:00+00:00,439.5,439.5,439.51,100,300,439.5025,5.5002894432962677e-08,0.0002660839347388144
2021-07-28 19:11:00+00:00,439.65,439.64,439.65,1,400,439.6400249376558,5.313318285496627e-08,-5.4983108137451886e-05
2021-07-28 19:12:00+00:00,439.635,439.63,439.65,400,1066,439.6354570259209,4.575223245314304e-08,0.00015543786087168776
2021-07-28 19:13:00+00:00,439.69,439.68,439.69,400,400,439.685,9.114671616571369e-08,-0.0002729216260064504
2021-07-28 19:14:00+00:00,439.57,439.56,439.57,100,280,439.56263157894733,4.029762115124e-08,0.0003442784560552248
2021-07-28 19:15:00+00:00,439.695,439.71,439.72,400,200,439.71666666666664,6.286474718753928e-08,0.00024106359075592998
2021-07-28 19:16:00+00:00,439.84,439.83,439.84,100,200,439.8333333333333,7.10525516999449e-08,-0.0001364182036450723
2021-07-28 19:17:00+00:00,439.71,439.69,439.7,100,300,439.6925,5.380617265082819e-07,-0.0004582003074375951
2021-07-28 19:18:00+00:00,439.57,439.56,439.58,400,348,439.57069518716577,7.916263469395447e-08,0.0002559928920733423
2021-07-28 19:19:00+00:00,439.67,439.66,439.68,300,400,439.66857142857145,3.878480453415576e-08,-0.000251116130687179
2021-07-28 19:20:00+00:00,439.56,439.56,439.58,400,300,439.57142857142856,8.014682357619917e-08,-0.0004063461397115775
2021-07-28 19:21:00+00:00,439.38,439.41,439.42,400,100,439.418,6.462856172238742e-08,0.00016083049224735468
2021-07-28 19:22:00+00:00,439.45,439.44,439.45,100,400,439.442,9.660637863894068e-08,-0.0003701540538695314
2021-07-28 19:23:00+00:00,439.295,439.26,439.28,530,300,439.27277108433736,9.226936557434161e-08,-0.00031342155942559735
2021-07-28 19:24:00+00:00,439.16,439.15,439.16,700,200,439.15777777777777,6.506043430501396e-08,0.00031200176095236287
2021-07-28 19:25:00+00:00,439.34,439.33,439.35,600,500,439.34090909090907,7.500577873228071e-08,9.934913084497232e-05
2021-07-28 19:26:00+00:00,439.34,439.33,439.34,200,500,439.33285714285716,7.841237396918024e-08,0.00019656116766508802
2021-07-28 19:27:00+00:00,439.45,439.44,439.45,200,793,439.44201409869083,7.725467472189633e-08,-4.689341471653119e-05
2021-07-28 19:28:00+00:00,439.42,439.42,439.43,500,300,439.42625,2.916186093093398e-08,0.00016285388577941262
2021-07-28 19:29:00+00:00,439.47,439.46,439.47,500,200,439.46714285714285,5.428920976370887e-08,0.00012263344310792235
2021-07-28 19:30:00+00:00,439.52,439.52,439.53,600,89,439.52870827285926,4.3196619909482914e-08,0.0004923224202457721
2021-07-28 19:31:00+00:00,439.74,439.73,439.74,200,700,439.7322222222222,2.053123390077401e-08,5.7830079864151784e-05
2021-07-28 19:32:00+00:00,439.78,439.78,439.8,600,750,439.7888888888889,1.109851004563547e-07,-1.684382155975328e-05
2021-07-28 19:33:00+00:00,439.76,439.76,439.77,500,602,439.7645372050817,4.8583597120990895e-08,-8.519794062800123e-05
2021-07-28 19:34:00+00:00,439.721,439.74,439.75,300,200,439.746,2.3229046978768945e-08,4.89872878941533e-05
2021-07-28 19:35:00+00:00,439.74,439.73,439.74,600,200,439.7375,2.6855757597146086e-08,-8.987858810483029e-05
2021-07-28 19:36:00+00:00,439.71,439.7,439.72,1600,200,439.71777777777777,2.7991641251841224e-08,-0.0002085213151019616
2021-07-28 19:37:00+00:00,439.62,439.61,439.62,400,400,439.615,5.1180142594695464e-08,-2.378111448642084e-05
2021-07-28 19:38:00+00:00,439.6,439.59,439.61,1400,800,439.6027272727273,1.0089818229936445e-07,-8.532287213303125e-05
2021-07-28 19:39:00+00:00,439.54,439.54,439.55,500,400,439.54555555555555,6.470070407359944e-08,-0.0005023687518519449
2021-07-28 19:40:00+00:00,439.36,439.36,439.37,600,100,439.36857142857144,5.701565578022327e-08,0.0003034675452304736
2021-07-28 19:41:00+00:00,439.48,439.47,439.48,1710,100,439.4794475138122,5.546669438156828e-08,0.00015853380209640555
2021-07-28 19:42:00+00:00,439.561,439.56,439.57,800,100,439.56888888888886,4.658916918477974e-08,0.00019691896795648312
2021-07-28 19:43:00+00:00,439.63,439.63,439.64,700,525,439.6357142857143,7.416184245577049e-08,-0.00011878507634843771
2021-07-28 19:44:00+00:00,439.58,439.57,439.59,800,500,439.58230769230767,5.283537836470497e-08,0.0001932861915843187
2021-07-28 19:45:00+00:00,439.68,439.67,439.69,2560,600,439.68620253164556,9.774039205767902e-08,-0.00019259899969514827
2021-07-28 19:46:00+00:00,439.57,439.58,439.59,100,600,439.58142857142855,5.560883524795604e-08,-0.00016747424785534815
2021-07-28 19:47:00+00:00,439.51,439.5,439.52,600,800,439.50857142857143,4.8404389588462054e-08,-5.2893623729954875e-05
2021-07-28 19:48:00+00:00,439.49,439.47,439.48,2161,400,439.47843811011325,6.006615518119018e-08,-5.5888316479291156e-05
2021-07-28 19:49:00+00:00,439.44,439.43,439.45,1300,900,439.4418181818182,6.003136078628362e-08,9.452033331891485e-05
2021-07-28 19:50:00+00:00,439.49,439.48,439.5,100,200,439.4866666666667,1.5776931929199138e-07,-0.00010859652926642482
2021-07-28 19:51:00+00:00,439.45,439.46,439.47,200,1000,439.46166666666664,5.983047907324727e-08,-0.00020918973708750066
2021-07-28 19:52:00+00:00,439.36,439.37,439.38,1300,300,439.378125,5.32472784073242e-08,-0.00030747962971444665
2021-07-28 19:53:00+00:00,439.23,439.22,439.23,2000,267,439.2288222320247,8.508770599952122e-08,0.0003356669816254598
2021-07-28 19:54:00+00:00,439.37,439.37,439.39,1100,806,439.3815424973767,1.0824985291400905e-07,-0.00020468333728962396
2021-07-28 19:55:00+00:00,439.28,439.27,439.28,700,300,439.277,8.166133796857994e-08,-0.0004607376831665677
2021-07-28 19:56:00+00:00,439.07,439.06,439.07,1500,600,439.06714285714287,8.437106987146959e-08,-0.0002172057157783236
2021-07-28 19:57:00+00:00,438.96,438.95,438.96,601,100,438.9585734664764,6.185790934878451e-08,0.00021581990921482053
2021-07-28 19:58:00+00:00,439.08,439.08,439.09,200,1500,439.0811764705882,6.289435245095204e-08,-7.977227269251319e-05
2021-07-28 19:59:00+00:00,439.06,439.06,439.07,200,2700,439.06068965517244,1.7138217620215235e-07,-0.0006736321333571382
2021-07-28 20:00:00+00:00,438.81,438.78,438.8,401,30200,438.78026208293846,1.384534106964312e-07,-0.00015011373995321708
2021-07-28 20:01:00+00:00,438.69,438.67,438.68,5,400,438.6701234567901,1.729370502664493e-08,-9.681249730730812e-05
2021-07-28 20:02:00+00:00,438.64,438.64,438.65,700,1900,438.6426923076923,5.6374156792759975e-08,0.00020055619686298876
2021-07-28 20:03:00+00:00,438.73,438.72,438.75,900,1700,438.7303846153846,3.685227880412757e-08,-0.00023785074189608402
2021-07-28 20:04:00+00:00,438.62,438.62,438.65,8745,9200,438.6346196712176,1.7700783915223402e-08,8.041215913134891e-06
2021-07-28 20:05:00+00:00,438.64,438.62,438.65,205,500,438.6287234042553,8.215416544157201e-08,-1.32698588606317e-05
2021-07-28 20:06:00+00:00,438.63,438.62,438.64,76,1400,438.6210298102981,4.109396134045924e-08,0.00021437178401351176
2021-07-28 20:07:00+00:00,438.72,438.72,438.73,26,3561,438.72007248396994,3.299493961176944e-08,-9.520394118334163e-05
2021-07-28 20:08:00+00:00,438.7,438.67,438.69,301,200,438.68201596806387,4.344535893198326e-08,-0.0001240998865623677
2021-07-28 20:09:00+00:00,438.61,438.59,438.62,700,200,438.61333333333334,1.3086164813195329e-08,-0.0002561432221973581
2021-07-28 20:10:00+00:00,438.51,438.51,438.52,300,600,438.5133333333333,2.3735684915424118e-08,0.00018230288137655037
2021-07-28 20:11:00+00:00,438.6,438.59,438.61,200,2600,438.5914285714286,6.894794775474919e-09,1.432796110467649e-05
2021-07-28 20:12:00+00:00,438.58,438.58,438.59,11300,1500,438.588828125,1.9796614784814848e-08,9.19066557121262e-05
2021-07-28 20:13:00+00:00,438.65,438.64,438.65,10,700,438.64014084507045,1.906801507502473e-08,0.00021519765196220675
2021-07-28 20:14:00+00:00,438.77,438.72,438.76,700,2000,438.7303703703704,2.420825013878521e-08,-0.00013971764012177257
2021-07-28 20:15:00+00:00,438.67,438.65,438.68,200,200,438.665,3.383128048837219e-08,1.302634578426165e-06
2021-07-28 20:16:00+00:00,438.68,438.66,438.69,1000,1500,438.672,1.7688636592980655e-08,-4.6348851274080616e-05
2021-07-28 20:17:00+00:00,438.66,438.65,438.66,200,999,438.6516680567139,3.2887015381525743e-09,-5.6995999030418076e-05
2021-07-28 20:18:00+00:00,438.63,438.61,438.63,500,100,438.62666666666667,1.2170386908214036e-08,3.661566266055516e-05
2021-07-28 20:19:00+00:00,438.65,438.63,438.67,1000,2000,438.6433333333333,1.0660980060771848e-08,0.00012931601200993903
2021-07-28 20:20:00+00:00,438.7,438.68,438.7,1275,36,438.6994508009153,3.361907576241857e-08,-0.0001394599562005716
2021-07-28 20:21:00+00:00,438.65,438.61,438.65,1205,500,438.6382697947214,5.033030593996909e-09,3.814123488687926e-05
2021-07-28 20:22:00+00:00,438.64,438.63,438.66,500,100,438.655,2.98761659200234e-08,-4.559391777136934e-05
2021-07-28 20:23:00+00:00,438.61,438.62,438.65,500,500,438.635,1.0546761009117534e-08,1.5510113621886035e-05
2021-07-28 20:24:00+00:00,438.65,438.64,438.65,220,1000,438.64180327868854,4.044481682482959e-10,-2.690869543287011e-05
2021-07-28 20:25:00+00:00,438.65,438.62,438.65,500,1000,438.63,1.5808732786329383e-09,2.6698186332607676e-05
2021-07-28 20:26:00+00:00,438.66,438.64,438.65,227,1100,438.64171062547103,1.4734862864904432e-08,-4.887897042482603e-05
2021-07-28 20:27:00+00:00,438.65,438.62,438.65,10,1100,438.6202702702703,1.3436263854961692e-08,0.0001509836209456772
2021-07-28 20:28:00+00:00,438.7,438.68,438.7,1100,3535,438.68474649406687,7.693783103254194e-09,-2.2403425559813783e-05
2021-07-28 20:29:00+00:00,438.67,438.65,438.69,1000,500,438.6766666666667,8.970734296409888e-09,-5.167055462262926e-05
2021-07-28 20:30:00+00:00,438.67,438.63,438.67,1000,1000,438.65,2.750708688196898e-08,-7.073234719634502e-05
2021-07-28 20:31:00+00:00,438.67,438.62,438.65,110,1000,438.62297297297295,1.296743882836178e-09,-3.2302805478501284e-05
2021-07-28 20:32:00+00:00,438.61,438.6,438.61,1502,204,438.6088042203986,3.4222467750176124e-09,-9.215966362274841e-07
2021-07-28 20:33:00+00:00,438.61,438.6,438.61,1050,200,438.6084,4.013477575741015e-09,7.001112638027607e-05
2021-07-28 20:34:00+00:00,438.64,438.63,438.64,1000,98,438.6391074681238,4.177612390093085e-09,0.00010870828100251195
2021-07-28 20:35:00+00:00,438.68,438.68,438.7,1000,1945,438.6867911714771,1.9550249162233464e-08,-0.00014085487122172946
2021-07-28 20:36:00+00:00,438.65,438.61,438.64,500,500,438.625,1.0707207342070271e-08,0.00010259333143358695
2021-07-28 20:37:00+00:00,438.66,438.65,438.69,1000,1000,438.67,1.9339053311161023e-08,0.00010964859122197801
2021-07-28 20:38:00+00:00,438.71,438.7,438.72,1000,105,438.7180995475113,4.777873018821176e-09,4.397301332326187e-05
2021-07-28 20:39:00+00:00,438.73,438.72,438.74,1000,150,438.73739130434785,5.022965806570492e-09,-5.622721424658472e-05
2021-07-28 20:40:00+00:00,438.74,438.71,438.74,100,1002,438.712722323049,4.639113395882821e-09,1.658870732645923e-05
2021-07-28 20:41:00+00:00,438.73,438.7,438.74,1000,1000,438.72,1.8761201180724637e-09,2.112575830359731e-05
2021-07-28 20:42:00+00:00,438.72,438.7,438.73,1000,25,438.72926829268295,5.570881127267105e-09,8.427353810036564e-05
2021-07-28 20:43:00+00:00,438.76,438.76,438.77,832,501,438.76624156039014,1.074489579450333e-08,-0.00012190891578900409
2021-07-28 20:44:00+00:00,438.76,438.71,438.74,101,1000,438.7127520435967,3.8498093552930736e-11,-6.20271717000076e-06
2021-07-28 20:45:00+00:00,438.74,438.71,438.74,1,972,438.7100308324769,7.95116478341389e-12,3.43650465128853e-06
2021-07-28 20:46:00+00:00,438.73,438.71,438.73,1,12,438.71153846153845,1.7097107480145609e-09,4.1409059718500174e-05
2021-07-28 20:47:00+00:00,438.73,438.7,438.73,1108,11,438.7297050938338,4.13902091155759e-10,-1.9841587502789082e-05
2021-07-28 20:48:00+00:00,438.73,438.72,438.73,1,9,438.7210000000001,5.00466294715705e-10,2.02518803551488e-05
2021-07-28 20:49:00+00:00,438.71,438.71,438.73,1728,9,438.72989637305704,1.5348142797992179e-10,-4.656399127389577e-06
2021-07-28 20:50:00+00:00,438.71,438.71,438.73,1728,209,438.7278420237481,5.06879819549156e-10,-1.9121352456741292e-05
2021-07-28 20:51:00+00:00,438.74,438.71,438.72,1728,100,438.71945295404817,1.0410291703256933e-13,4.2059916860459623e-07
2021-07-28 20:52:00+00:00,438.72,438.71,438.72,1728,65,438.71963747908535,2.818728838283856e-13,6.75273749140004e-07
2021-07-28 20:53:00+00:00,438.72,438.71,438.72,1649,11,438.7199337349398,2.9912293683977292e-15,5.469213260056449e-08
2021-07-28 20:54:00+00:00,438.72,438.71,438.72,1649,7,438.7199577294686,1.1868728285876193e-09,1.795892541944788e-05
2021-07-28 20:55:00+00:00,438.73,438.71,438.73,1649,200,438.7278366684695,3.5609986430586085e-10,-1.8532642419577527e-05
2021-07-28 20:56:00+00:00,438.71,438.71,438.72,1650,50,438.71970588235297,1.5569725932305868e-19,-3.945849202935392e-10
2021-07-28 20:57:00+00:00,438.71,438.71,438.72,1649,50,438.71970570924077,4.0856642654593125e-13,-7.279359269807273e-07
2021-07-28 20:58:00+00:00,438.71,438.71,438.72,1499,98,438.7193863494051,1.8463393437681202e-09,2.3120208553217836e-05
2021-07-28 20:59:00+00:00,438.71,438.71,438.73,2076,50,438.7295296331138,6.185916741139499e-10,2.191475738655413e-07
2021-07-28 21:00:00+00:00,438.73,438.71,438.73,1416,197,438.72755734655925,1.3761638887055536e-09,1.28076799441601e-05
2021-07-28 21:01:00+00:00,438.73,438.73,438.74,1103,1000,438.73524488825484,3.426469888616696e-11,7.520408496386466e-06
2021-07-28 21:02:00+00:00,438.74,438.73,438.74,1103,699,438.7361209766926,5.804554912049495e-10,1.4284835932354412e-05
2021-07-28 21:03:00+00:00,438.75,438.71,438.76,1146,500,438.74481166464153,5.403412925058171e-09,-6.347501092374142e-05
2021-07-28 21:04:00+00:00,438.72,438.71,438.72,1146,500,438.7169623329284,2.1443116947656285e-08,-0.00011355721356354209
2021-07-28 21:05:00+00:00,438.7,438.66,438.71,500,3000,438.66714285714284,5.342514826838688e-09,7.388904991056933e-05
2021-07-28 21:06:00+00:00,438.7,438.66,438.7,801,9,438.69955555555555,4.375484629295797e-09,-6.61348005214224e-05
2021-07-28 21:07:00+00:00,438.71,438.66,438.71,801,2998,438.67054224796004,2.900681675129493e-12,1.7742697744349556e-06
2021-07-28 21:08:00+00:00,438.71,438.67,438.71,101,2929,438.6713333333333,9.903203335703764e-09,3.714662821785453e-08
2021-07-28 21:09:00+00:00,438.71,438.67,438.71,101,2921,438.6713368630046,1.6549473350008648e-09,1.963488598377694e-05
2021-07-28 21:10:00+00:00,438.71,438.66,438.7,200,201,438.6799501246883,1.2926343002931824e-14,1.1369407637573659e-07
2021-07-28 21:11:00+00:00,438.71,438.66,438.7,200,200,438.68,9.169229583801645e-10,-3.0394212941819987e-05
2021-07-28 21:12:00+00:00,438.71,438.66,438.67,200,100,438.6666666666667,1.2682020575353234e-09,5.314670281419964e-05
2021-07-28 21:13:00+00:00,438.7,438.68,438.69,508,1,438.68998035363455,5.395429046308034e-10,-1.0881619303737544e-05
2021-07-28 21:14:00+00:00,438.71,438.68,438.71,508,2419,438.685206696276,2.2619485630426365e-09,1.1050324255634791e-07
2021-07-28 21:15:00+00:00,438.7,438.68,438.71,508,2392,438.6852551724138,6.818946968890419e-10,2.601294235060614e-05
2021-07-28 21:16:00+00:00,438.7,438.69,438.7,200,100,438.69666666666666,1.4164806761747836e-10,-1.3367091418525767e-05
2021-07-28 21:17:00+00:00,438.69,438.69,438.71,100,2392,438.6908025682183,3.086183594682749e-16,-1.7567537091700558e-08
2021-07-28 21:18:00+00:00,438.69,438.69,438.71,99,2392,438.6907948615014,1.3376918089302355e-10,1.2292572722616413e-05
2021-07-28 21:19:00+00:00,438.7,438.69,438.7,99,61,438.6961875,5.266137622308485e-09,9.605244424504278e-06
2021-07-28 21:20:00+00:00,438.7,438.7,438.71,100,2392,438.7004012841091,9.734992788781323e-09,4.6406676457166895e-07
2021-07-28 21:21:00+00:00,438.7,438.7,438.71,154,2392,438.7006048703849,0.0,0.0
2021-07-28 21:22:00+00:00,438.7,438.7,438.71,154,2392,438.7006048703849,2.0870052942779702e-09,-4.56837530669052e-05
2021-07-28 21:23:00+00:00,438.7,438.67,438.7,25,46,438.6805633802817,1.8607757061800913e-09,2.9909759720281315e-05
2021-07-28 21:24:00+00:00,438.7,438.67,438.7,75,20,438.6936842105263,3.2660459095855015e-09,1.9397062154258293e-06
2021-07-28 21:25:00+00:00,438.71,438.69,438.71,600,2046,438.6945351473923,5.141173466148675e-13,7.752734627608504e-07
2021-07-28 21:26:00+00:00,438.71,438.69,438.71,596,1849,438.6948752556237,5.210742649613265e-12,2.513542418425274e-06
2021-07-28 21:27:00+00:00,438.71,438.69,438.71,596,1398,438.69597793380143,1.4603282651357059e-09,-3.181641155436399e-05
2021-07-28 21:28:00+00:00,438.69,438.68,438.7,10,89,438.6820202020202,1.5005333286304748e-11,3.873671809317969e-06
2021-07-28 21:29:00+00:00,438.68,438.67,438.7,75,89,438.6837195121951,5.071829551763602e-10,1.888940815519824e-05
2021-07-28 21:30:00+00:00,438.68,438.67,438.7,245,89,438.692005988024,2.6324098719711236e-11,-5.112184366162786e-06
2021-07-28 21:31:00+00:00,438.68,438.67,438.69,334,4,438.68976331360943,1.1461960773742736e-08,-1.7444584956338716e-05
2021-07-28 21:32:00+00:00,438.66,438.66,438.7,110,89,438.68211055276385,2.212430034325503e-09,-2.2111933220880786e-05
2021-07-28 21:33:00+00:00,438.69,438.66,438.7,511,1136,438.6724104432301,6.292595240352005e-09,5.031129471455564e-05
2021-07-28 21:34:00+00:00,438.69,438.66,438.7,556,89,438.69448062015505,3.9256246761117597e-14,-1.9813189233719442e-07
2021-07-28 21:35:00+00:00,438.69,438.66,438.7,546,89,438.69439370078743,6.856087377960387e-11,-8.280149381478807e-06
2021-07-28 21:36:00+00:00,438.69,438.67,438.7,200,89,438.69076124567476,0.0,0.0
2021-07-28 21:37:00+00:00,438.69,438.67,438.7,200,89,438.69076124567476,0.0,0.0
2021-07-28 21:38:00+00:00,438.69,438.67,438.7,200,89,438.69076124567476,1.9516138478686993e-10,1.1517698251362063e-05
2021-07-28 21:39:00+00:00,438.69,438.68,438.7,340,90,438.6958139534884,6.208876536819156e-10,1.7165716830191968e-05
2021-07-28 21:40:00+00:00,438.7,438.7,438.72,100,498,438.7033444816053,9.053752683339561e-11,9.515120957370726e-06
2021-07-28 21:41:00+00:00,438.71,438.7,438.72,300,498,438.7075187969925,2.835316223435164e-11,-5.360345194604932e-06
2021-07-28 21:42:00+00:00,438.7,438.7,438.72,170,488,438.7051671732523,2.5118684757374585e-10,-5.146189852034411e-08
2021-07-28 21:43:00+00:00,438.7,438.7,438.72,169,488,438.7051445966515,6.868358102005796e-09,6.508707234509359e-06
2021-07-28 21:44:00+00:00,438.67,438.67,438.71,190,10,438.70799999999997,5.859762442627935e-09,-8.096652250921821e-05
2021-07-28 21:45:00+00:00,438.7,438.67,438.7,90,999,438.672479338843,1.4607515932278897e-14,1.6427523852335923e-07
2021-07-28 21:46:00+00:00,438.7,438.67,438.7,91,979,438.67255140186916,1.1440318840095199e-10,4.034694216947798e-06
2021-07-28 21:47:00+00:00,438.67,438.66,438.7,546,979,438.6743213114754,9.431162614029022e-11,-9.71113247527633e-06
2021-07-28 21:48:00+00:00,438.7,438.67,438.7,2,977,438.67006128702764,1.026123372915197e-09,4.055701986560578e-05
2021-07-28 21:49:00+00:00,438.71,438.67,438.72,271,488,438.6878524374177,1.2677319121072027e-09,-3.316427977562153e-05
2021-07-28 21:50:00+00:00,438.67,438.67,438.7,99,800,438.67330367074527,1.388834869643325e-10,1.0216706476828818e-05
2021-07-28 21:51:00+00:00,438.67,438.67,438.72,90,488,438.67778546712805,2.596319628716907e-09,5.443904462398841e-05
2021-07-28 21:52:00+00:00,438.71,438.7,438.71,2,8,438.70199999999994,1.5066339644650263e-10,1.7349630172303065e-05
2021-07-28 21:53:00+00:00,438.67,438.66,438.71,546,98,438.70239130434777,1.341023004614314e-08,9.936298206580929e-05
2021-07-28 21:54:00+00:00,438.76,438.75,438.76,200,497,438.7528694404591,4.749193036835256e-14,-1.411161903996927e-07
2021-07-28 21:55:00+00:00,438.76,438.75,438.76,194,496,438.7528115942029,4.75156438609922e-13,7.098432879271144e-07
2021-07-28 21:56:00+00:00,438.76,438.75,438.76,194,428,438.7531189710611,2.0058926966005888e-14,-1.817773398471445e-07
2021-07-28 21:57:00+00:00,438.75,438.75,438.76,186,426,438.7530392156863,3.0428463642510206e-12,1.7556758686865237e-06
2021-07-28 21:58:00+00:00,438.76,438.75,438.76,200,325,438.75380952380954,1.362630719578655e-10,1.1671029715332182e-05
2021-07-28 21:59:00+00:00,438.75,438.75,438.76,192,23,438.75893023255816,2.4825636891043184e-10,1.573324278902888e-05
2021-07-28 22:00:00+00:00,438.75,438.75,438.77,190,50,438.7658333333333,3.548006314026348e-08,-2.1977228877534394e-05
2021-07-28 22:01:00+00:00,438.75,438.75,438.78,130,500,438.7561904761905,5.145067861389882e-08,4.2870104667969144e-05
2021-07-28 22:02:00+00:00,438.79,438.75,438.8,500,500,438.775,2.0985016613178034e-08,-8.73644426717668e-05
2021-07-28 22:03:00+00:00,438.75,438.73,438.77,100,500,438.7366666666667,2.7424721828397537e-08,5.322849715438949e-05
2021-07-28 22:04:00+00:00,438.73,438.76,438.77,1,500,438.76001996007983,9.6993272008025e-09,6.507308595304906e-05
2021-07-28 22:05:00+00:00,438.75,438.76,438.79,100,5,438.78857142857146,9.330517339471015e-09,7.919200036443641e-05
2021-07-28 22:06:00+00:00,438.82,438.8,438.83,600,1000,438.81125,9.583319948034173e-09,-2.6847961822507038e-05
2021-07-28 22:07:00+00:00,438.83,438.8,438.83,500,800,438.8115384615385,2.4073302923802e-09,1.4023893208037208e-05
2021-07-28 22:08:00+00:00,438.83,438.8,438.83,600,800,438.8128571428571,4.812662917787597e-09,5.368446332187915e-05
2021-07-28 22:09:00+00:00,438.86,438.83,438.86,3,5,438.84125,1.147009244225014e-08,-2.4815761759056087e-05
2021-07-28 22:10:00+00:00,438.86,438.83,438.86,8,659,438.83035982008994,7.655146572725703e-09,3.487604625540541e-05
2021-07-28 22:11:00+00:00,438.86,438.84,438.86,260,658,438.84566448801735,6.457506244569635e-10,2.1208145926765454e-05
2021-07-28 22:12:00+00:00,438.85,438.85,438.86,700,708,438.85497159090914,8.773621020331156e-09,0.0001595707320736217
2021-07-28 22:13:00+00:00,438.92,438.9,438.94,500,200,438.92857142857144,2.7620242158783694e-08,-3.417440337183386e-05
2021-07-28 22:14:00+00:00,438.89,438.88,438.93,450,100,438.9209090909091,2.7348740181028896e-08,-0.00010610701185076454
2021-07-28 22:15:00+00:00,438.88,438.86,438.9,75,800,438.8634285714286,1.9700405131187554e-09,5.879322842239354e-05
2021-07-28 22:16:00+00:00,438.9,438.87,438.89,100,4,438.8892307692308,3.5650114036629534e-09,-5.748778384595532e-05
2021-07-28 22:17:00+00:00,438.89,438.86,438.87,100,150,438.864,6.0083317247889194e-09,1.873523966922086e-05
2021-07-28 22:18:00+00:00,438.87,438.87,438.9,100,1250,438.8722222222222,7.613694593791252e-10,-3.298292300979444e-05
2021-07-28 22:19:00+00:00,438.87,438.85,438.87,600,949,438.8577469335055,1.5528587945867518e-08,-0.00012181901673913309
2021-07-28 22:20:00+00:00,438.78,438.77,438.81,600,100,438.8042857142857,1.7416167684488793e-09,-1.736320238221456e-05
2021-07-28 22:21:00+00:00,438.8,438.79,438.8,600,300,438.7966666666667,2.9695899339004474e-08,0.00012610244684307936
2021-07-28 22:22:00+00:00,438.8,438.85,438.86,25,100,438.852,1.2537605584807954e-08,-0.00015104343670691023
2021-07-28 22:23:00+00:00,438.77,438.78,438.82,100,600,438.7857142857143,6.651600970307676e-09,6.837050301156111e-05
2021-07-28 22:24:00+00:00,438.8,438.79,438.82,600,100,438.8157142857143,4.453970117688325e-09,6.673807097667961e-05
2021-07-28 22:25:00+00:00,438.82,438.85,438.87,350,500,438.85823529411766,1.0726754873323742e-08,0.00011539615500000266
2021-07-28 22:26:00+00:00,438.88,438.87,438.9,600,102,438.895641025641,2.9519921938685973e-10,3.23187437476502e-05
2021-07-28 22:27:00+00:00,438.92,438.89,438.92,500,350,438.90764705882356,6.633941888805023e-09,7.326425318465724e-05
2021-07-28 22:28:00+00:00,438.94,438.94,438.96,511,100,438.95672667757776,2.25669459589956e-09,0.0
2021-07-28 22:29:00+00:00,438.94,438.94,438.96,11,100,438.94198198198194,8.894636124856006e-09,-0.00010185686615660217
2021-07-28 22:30:00+00:00,438.93,438.87,438.92,600,500,438.8972727272727,1.6774228370520486e-08,-7.353139169030687e-05
2021-07-28 22:31:00+00:00,438.88,438.85,438.88,100,100,438.865,2.3252685994017852e-08,4.394452573275309e-05
2021-07-28 22:32:00+00:00,438.87,438.85,438.89,100,100,438.87,1.3122582377874443e-08,-0.0001350827911035246
2021-07-28 22:33:00+00:00,438.82,438.8,438.83,500,100,438.825,1.2073459298164591e-08,-0.00013510104092906428
2021-07-28 22:34:00+00:00,438.76,438.76,438.77,800,600,438.7657142857143,1.0412124898392501e-08,-6.145486038766634e-05
2021-07-28 22:35:00+00:00,438.73,438.72,438.75,1000,600,438.73875,4.899506356395768e-08,2.6878074566027976e-07
2021-07-28 22:36:00+00:00,438.73,438.72,438.74,1500,90,438.73886792452834,7.956481660387659e-09,5.164233410104302e-05
2021-07-28 22:37:00+00:00,438.74,438.76,438.77,90,500,438.7615254237288,6.582499471003017e-09,2.9286014216367562e-05
2021-07-28 22:38:00+00:00,438.77,438.76,438.79,92,100,438.77437499999996,1.693444140032936e-09,0.0
2021-07-28 22:39:00+00:00,438.77,438.76,438.79,92,100,438.77437499999996,4.604636858332589e-09,-7.767941750025376e-05
2021-07-28 22:40:00+00:00,438.73,438.74,438.75,15,500,438.74029126213594,7.719062872191044e-09,0.00013595482068207154
2021-07-28 22:41:00+00:00,438.79,438.77,438.8,500,1,438.79994011976044,6.9163609783718034e-09,-9.911180764954342e-05
2021-07-28 22:42:00+00:00,438.75,438.72,438.77,1345,500,438.7564498644987,4.597531127172428e-09,-6.97473818174199e-05
2021-07-28 22:43:00+00:00,438.75,438.72,438.73,845,600,438.7258477508651,4.694534508640577e-09,-7.031213461272667e-05
2021-07-28 22:44:00+00:00,438.7,438.69,438.72,100,500,438.695,1.3090107655740265e-08,1.4774459434097054e-05
2021-07-28 22:45:00+00:00,438.7,438.7,438.72,40,500,438.70148148148144,5.3804476527750285e-09,3.4613936415128777e-05
2021-07-28 22:46:00+00:00,438.7,438.71,438.75,100,500,438.71666666666664,3.2439777106017036e-08,4.016042461518765e-05
2021-07-28 22:47:00+00:00,438.7,438.7,438.74,600,100,438.7342857142857,4.781934723177535e-09,-3.438462590432678e-05
2021-07-28 22:48:00+00:00,438.7,438.7,438.72,600,25,438.7192,8.30325328064006e-09,5.930874526871577e-05
2021-07-28 22:49:00+00:00,438.74,438.74,438.75,546,500,438.74521988527727,2.3458075616761075e-09,-4.4388413921181424e-05
2021-07-28 22:50:00+00:00,438.74,438.72,438.73,675,500,438.72574468085105,9.272627035710158e-10,3.602390585744075e-05
2021-07-28 22:51:00+00:00,438.74,438.72,438.75,1275,500,438.74154929577463,1.0829416249012054e-08,8.142249475895369e-05
2021-07-28 22:52:00+00:00,438.75,438.75,438.8,600,500,438.7772727272727,4.394473859415999e-09,-6.53840526134708e-05
2021-07-28 22:53:00+00:00,438.76,438.74,438.75,600,99,438.7485836909871,1.996833957460785e-10,-8.158478405184688e-06
2021-07-28 22:54:00+00:00,438.76,438.74,438.75,600,599,438.7450041701418,6.68939317011901e-11,8.73480979213248e-06
2021-07-28 22:55:00+00:00,438.75,438.74,438.75,600,79,438.7488365243005,0.0,0.0
2021-07-28 22:56:00+00:00,438.75,438.74,438.75,600,79,438.7488365243005,3.049877353520855e-09,7.862541427150482e-05
2021-07-28 22:57:00+00:00,438.75,438.75,438.79,500,100,438.78333333333336,6.635566730490565e-09,0.00011612196061627778
2021-07-28 22:58:00+00:00,438.84,438.8,438.84,600,200,438.83,4.275294252520932e-09,5.399746068590616e-05
2021-07-28 22:59:00+00:00,438.88,438.84,438.88,490,600,438.8579816513762,5.697786451633184e-09,1.9764759967344503e-05
2021-07-28 23:00:00+00:00,438.89,438.86,438.9,100,501,438.86665557404325,2.6346785419864794e-08,-0.00012149986797282963
2021-07-28 23:01:00+00:00,438.89,438.78,438.82,500,100,438.81333333333333,5.1808178009913785e-09,-0.00010634742183468493
2021-07-28 23:02:00+00:00,438.89,438.76,438.8,100,500,438.76666666666665,5.722049494732757e-09,-6.764122508429171e-05
2021-07-28 23:03:00+00:00,438.72,438.72,438.74,564,100,438.7369879518072,2.8717719775502493e-08,5.289758388626886e-05
2021-07-28 23:04:00+00:00,438.72,438.76,438.77,2,100,438.76019607843136,2.0431716716962673e-08,-0.00014974623256203135
2021-07-28 23:05:00+00:00,438.73,438.68,438.7,1316,500,438.69449339207046,2.7398318028698793e-08,5.054377232949214e-05
2021-07-28 23:06:00+00:00,438.73,438.71,438.75,100,500,438.71666666666664,3.5619217096094686e-08,0.00010637085438602867
2021-07-28 23:07:00+00:00,438.73,438.73,438.77,500,100,438.7633333333333,1.5461190706893612e-08,-0.00010427159336390268
2021-07-28 23:08:00+00:00,438.75,438.68,438.73,1816,600,438.717582781457,2.319462536645497e-08,0.0001308751251294371
2021-07-28 23:09:00+00:00,438.75,438.75,438.8,500,500,438.775,1.9939670104950846e-08,-0.00013294589102241794
2021-07-28 23:10:00+00:00,438.77,438.71,438.75,100,500,438.71666666666664,2.9400413558795333e-08,-0.00011864441450726293
2021-07-28 23:11:00+00:00,438.68,438.65,438.68,95,100,438.6646153846154,3.024033830412001e-08,-0.00020429134576271935
2021-07-28 23:12:00+00:00,438.6,438.57,438.6,100,500,438.575,1.2996560388750522e-08,0.00020140986908367964
2021-07-28 23:13:00+00:00,438.61,438.63,438.67,500,100,438.66333333333336,1.7894833318185295e-08,3.0395367744961987e-06
2021-07-28 23:14:00+00:00,438.61,438.63,438.67,650,100,438.6646666666667,1.7795460737751307e-08,-0.0001330193234764243
2021-07-28 23:15:00+00:00,438.63,438.6,438.63,100,375,438.6063157894737,3.078719748895143e-09,8.44823648011861e-05
2021-07-28 23:16:00+00:00,438.65,438.63,438.66,402,500,438.6433702882483,4.213531527433493e-09,-1.3743547730982186e-05
2021-07-28 23:17:00+00:00,438.63,438.63,438.65,290,500,438.6373417721519,2.282917295302917e-09,5.165594829792397e-05
2021-07-28 23:18:00+00:00,438.63,438.64,438.68,500,500,438.66,1.3299148254222928e-09,-3.4487313929298935e-05
2021-07-28 23:19:00+00:00,438.65,438.63,438.65,290,100,438.6448717948718,2.5404070724466694e-09,2.9771782256604595e-05
2021-07-28 23:20:00+00:00,438.63,438.64,438.66,100,40,438.6542857142857,4.971767515276546e-09,6.170859706866594e-05
2021-07-28 23:21:00+00:00,438.67,438.66,438.71,500,500,438.685,2.01008550284541e-08,3.609271648974399e-05
2021-07-28 23:22:00+00:00,438.71,438.68,438.73,500,700,438.7008333333333,1.1445161803077566e-08,-8.271668533699206e-05
2021-07-28 23:23:00+00:00,438.73,438.68,438.72,500,600,438.6981818181818,2.4043271943436347e-08,0.00013781497976306234
2021-07-28 23:24:00+00:00,438.7,438.7,438.75,500,500,438.725,2.3422713885239687e-08,-1.8994434630714707e-05
2021-07-28 23:25:00+00:00,438.7,438.71,438.75,100,500,438.71666666666664,2.478543414775993e-10,-1.4448500127328678e-05
2021-07-28 23:26:00+00:00,438.7,438.71,438.73,10,600,438.71032786885246,3.369353042637466e-08,1.465386296750637e-07
2021-07-28 23:27:00+00:00,438.7,438.71,438.73,10,500,438.7103921568627,1.214288053285402e-09,2.4530281214074634e-05
2021-07-28 23:28:00+00:00,438.7,438.72,438.75,20,500,438.72115384615387,9.996127521867381e-09,4.474474822901975e-05
2021-07-28 23:29:00+00:00,438.7,438.74,438.78,10,500,438.74078431372544,6.6583202912151e-09,8.178485844978489e-05
2021-07-28 23:30:00+00:00,438.8,438.76,438.81,500,1000,438.77666666666664,6.745343553672381e-09,-8.213004050694472e-05
2021-07-28 23:31:00+00:00,438.8,438.74,438.78,8,500,438.7406299212598,3.4913282768142205e-11,-1.675971161851919e-08
2021-07-28 23:32:00+00:00,438.8,438.74,438.78,8,506,438.7406225680934,5.1372780050448555e-09,0.0
2021-07-28 23:33:00+00:00,438.8,438.74,438.78,8,506,438.7406225680934,1.7195966670762347e-08,0.0001866192180413062
2021-07-28 23:34:00+00:00,438.78,438.81,438.83,500,300,438.8225,2.032132292220666e-08,2.1337319244807418e-08
2021-07-28 23:35:00+00:00,438.82,438.81,438.83,501,300,438.8225093632958,3.982945506686257e-09,-6.623803411354157e-05
2021-07-28 23:36:00+00:00,438.82,438.76,438.8,510,100,438.7934426229508,2.883062416706105e-08,-5.4551680138348324e-05
2021-07-28 23:37:00+00:00,438.77,438.76,438.77,500,26,438.76950570342206,1.4285870288938469e-08,0.00012932598058967848
2021-07-28 23:38:00+00:00,438.81,438.82,438.83,500,300,438.82625,7.221063435319397e-09,-2.3261379481165356e-05
2021-07-28 23:39:00+00:00,438.83,438.81,438.83,100,231,438.81604229607245,1.0721623385321146e-08,-3.426974067166633e-05
2021-07-28 23:40:00+00:00,438.83,438.8,438.83,8,231,438.8010041841004,1.4104515690825267e-11,-1.8470320080066216e-06
2021-07-28 23:41:00+00:00,438.83,438.8,438.83,8,1231,438.80019370460053,6.382999272401549e-09,4.683950385886426e-05
2021-07-28 23:42:00+00:00,438.83,438.8,438.83,500,223,438.82074688796683,1.9907324030096742e-10,1.4057542627954334e-05
2021-07-28 23:43:00+00:00,438.83,438.82,438.83,500,223,438.82691562932223,9.426766295026205e-09,9.741736611856844e-05
2021-07-28 23:44:00+00:00,438.83,438.83,438.87,592,5,438.8696649916248,2.0688979911549313e-08,0.00014507346209446936
2021-07-28 23:45:00+00:00,438.9,438.9,438.93,500,100,438.925,7.924879005191623e-09,-8.353584447151619e-05
2021-07-28 23:46:00+00:00,438.92,438.88,438.9,500,100,438.89666666666665,2.2790725062809677e-08,-2.820926500746168e-05
2021-07-28 23:47:00+00:00,438.9,438.88,438.91,100,600,438.88428571428574,1.2182126931962294e-08,-2.633596584500353e-05
2021-07-28 23:48:00+00:00,438.86,438.85,438.9,500,600,438.8727272727273,3.928620571022822e-09,-1.938516344113239e-05
2021-07-28 23:49:00+00:00,438.88,438.83,438.87,592,100,438.86421965317925,3.0047820956083148e-09,-1.5031601950155071e-05
2021-07-28 23:50:00+00:00,438.88,438.83,438.86,1162,100,438.85762282091923,7.540333971306018e-09,-2.062489490251007e-05
2021-07-28 23:51:00+00:00,438.88,438.84,438.88,150,550,438.8485714285714,4.3374984054931256e-08,0.00024251775750827598
2021-07-28 23:52:00+00:00,438.9,438.93,438.96,500,100,438.955,1.203518823323932e-08,-6.840114596029512e-05
2021-07-28 23:53:00+00:00,438.95,438.9,438.95,499,500,438.924974974975,1.1467258754271203e-08,-8.344355527722946e-05
2021-07-28 23:54:00+00:00,438.95,438.88,438.9,430,600,438.8883495145631,3.7124834521796208e-09,-5.6998963990362306e-05
2021-07-28 23:55:00+00:00,438.95,438.86,438.88,100,500,438.86333333333334,7.705600929642126e-10,-2.3607258965330224e-05
2021-07-28 23:56:00+00:00,438.86,438.84,438.88,480,1000,438.85297297297296,1.1680236467959952e-08,6.158560768976251e-05
2021-07-28 23:57:00+00:00,438.88,438.86,438.89,100,50,438.88,1.53265340793947e-09,6.816593753811162e-05
2021-07-28 23:58:00+00:00,438.9,438.9,438.91,595,5,438.9099166666667,1.3225969886878033e-08,0.00010936184892895717
2021-07-28 23:59:00+00:00,438.94,438.95,438.96,380,100,438.9579166666666,1.8802568223182532e-08,-4.086183678531086e-05
