ts_recv,price,bid_px_00,ask_px_00,bid_sz_00,ask_sz_00,weighted_mid,rv_60s,ret_60s
2021-05-04 08:01:00+00:00,417.18,417.19,417.22,100,500,417.195,1.5970263093963455e-07,-0.0004074637776685375
2021-05-04 08:02:00+00:00,417.1,417.0,417.02,2,500,417.00007968127494,6.018430743317412e-08,0.0004555863276145544
2021-05-04 08:03:00+00:00,417.21,417.23,417.26,100,500,417.235,3.6671659367882376e-08,0.00021970032875162637
2021-05-04 08:04:00+00:00,417.26,417.31,417.34,15,1000,417.31044334975365,2.938755103967028e-08,-0.0001597469608141111
2021-05-04 08:05:00+00:00,417.25,417.25,417.31,1000,500,417.29,6.957221448140358e-08,9.586349038981368e-05
2021-05-04 08:06:00+00:00,417.32,417.28,417.33,500,500,417.305,5.7604814034838166e-08,-0.00011356650934046808
2021-05-04 08:07:00+00:00,417.22,417.25,417.27,15,100,417.2526086956522,6.68602538785993e-08,0.00011457209502085952
2021-05-04 08:08:00+00:00,417.33,417.3,417.33,7,500,417.3004142011834,3.1813867278004336e-08,0.00011083733423045139
2021-05-04 08:09:00+00:00,417.3,417.34,417.38,100,500,417.3466666666667,1.927616210515531e-08,-6.260159851212421e-05
2021-05-04 08:10:00+00:00,417.35,417.32,417.35,11,500,417.3206457925636,1.3492694659510977e-08,2.2692129671098016e-05
2021-05-04 08:11:00+00:00,417.35,417.33,417.35,1,500,417.3300399201597,3.0912485083972065e-08,5.988069247786498e-05
2021-05-04 08:12:00+00:00,417.33,417.33,417.36,500,100,417.355,3.435765174477345e-08,-9.980849407165149e-05
2021-05-04 08:13:00+00:00,417.33,417.28,417.32,501,100,417.31334442595676,5.871206489145093e-08,-2.798319163777041e-05
2021-05-04 08:14:00+00:00,417.26,417.27,417.31,500,100,417.30333333333334,3.81888797164436e-08,7.987826552424693e-06
2021-05-04 08:15:00+00:00,417.26,417.28,417.32,600,100,417.3142857142857,3.24725236679624e-08,-7.188986472728143e-05
2021-05-04 08:16:00+00:00,417.25,417.27,417.31,100,500,417.27666666666664,1.6729725596331772e-08,7.625230799446214e-06
2021-05-04 08:17:00+00:00,417.3,417.26,417.3,500,600,417.2781818181818,3.73571378876268e-08,0.0002315438142421744
2021-05-04 08:18:00+00:00,417.37,417.37,417.4,100,525,417.3748,3.958024035259149e-08,0.00013225522959214864
2021-05-04 08:19:00+00:00,417.4,417.41,417.45,500,500,417.43,2.878418165238186e-08,0.0
2021-05-04 08:20:00+00:00,417.44,417.42,417.46,100,100,417.44,3.274980715088918e-08,0.00010780250580944006
2021-05-04 08:21:00+00:00,417.5,417.48,417.53,500,600,417.50272727272727,2.856798155844777e-08,-6.786833542937742e-05
2021-05-04 08:22:00+00:00,417.5,417.44,417.48,100,500,417.44666666666666,3.0584944355893507e-08,0.000239551559480633
2021-05-04 08:23:00+00:00,417.59,417.54,417.58,100,500,417.5466666666667,3.1681822991062597e-08,0.0003791991314343601
2021-05-04 08:24:00+00:00,417.63,417.66,417.7,500,500,417.68,6.929643392422057e-08,-1.710024333578808e-06
2021-05-04 08:25:00+00:00,417.73,417.7,417.73,100,600,417.70428571428573,3.695446543901236e-08,-0.00021774347083092227
2021-05-04 08:26:00+00:00,417.73,417.58,417.62,500,100,417.61333333333334,2.2211635642940385e-08,-1.9954663005639084e-05
2021-05-04 08:27:00+00:00,417.65,417.6,417.63,100,500,417.605,5.2335448420094536e-08,7.183822032774678e-05
2021-05-04 08:28:00+00:00,417.61,417.61,417.64,500,100,417.635,2.5360629940628836e-08,-5.187943219953084e-05
2021-05-04 08:29:00+00:00,417.61,417.61,417.63,25,500,417.61095238095237,1.5525492678656343e-08,-7.981865202266736e-05
2021-05-04 08:30:00+00:00,417.6,417.56,417.6,500,500,417.58,1.4252594319512195e-08,7.851641661282827e-07
2021-05-04 08:31:00+00:00,417.6,417.58,417.6,10,600,417.58032786885246,2.9862309061171286e-08,-1.4469442556230838e-05
2021-05-04 08:32:00+00:00,417.56,417.57,417.6,100,600,417.57428571428574,8.015308363762864e-08,-9.237021984120908e-05
2021-05-04 08:33:00+00:00,417.52,417.51,417.54,600,100,417.5357142857143,3.576059346070376e-08,0.00010606449405514695
2021-05-04 08:34:00+00:00,417.52,417.56,417.6,500,500,417.58,4.121855685011167e-08,-0.0004789501412902908
2021-05-04 08:35:00+00:00,417.49,417.36,417.38,100,500,417.36333333333334,4.6585232435234484e-08,-0.00019081956196920213
2021-05-04 08:36:00+00:00,417.49,417.3,417.33,6,500,417.3003557312253,8.542669806465453e-08,0.00020283775849261332
2021-05-04 08:37:00+00:00,417.35,417.36,417.39,500,100,417.385,2.713625284578488e-08,-0.0003713345825865355
2021-05-04 08:38:00+00:00,417.23,417.2,417.23,2,600,417.20009966777405,5.1815211064865435e-08,-0.0001130152942060425
2021-05-04 08:39:00+00:00,417.2,417.19,417.23,100,500,417.19666666666666,7.858967869767731e-08,0.0002927801443697309
2021-05-04 08:40:00+00:00,417.32,417.29,417.33,100,600,417.29571428571427,1.3284661809059652e-08,6.219043853383788e-05
2021-05-04 08:41:00+00:00,417.3,417.33,417.34,200,1900,417.3309523809524,1.63302925612319e-08,6.361286862666127e-05
2021-05-04 08:42:00+00:00,417.33,417.35,417.38,200,600,417.3575,4.669296842762594e-08,-0.00017770536450567587
2021-05-04 08:43:00+00:00,417.3,417.28,417.3,100,300,417.285,4.897480831325899e-08,-8.786995247045404e-05
2021-05-04 08:44:00+00:00,417.23,417.2,417.23,1,500,417.20005988023956,3.461876256097432e-08,8.787767427742565e-05
2021-05-04 08:45:00+00:00,417.3,417.28,417.31,600,100,417.30571428571426,5.172268400253738e-08,4.6476669075090626e-05
2021-05-04 08:46:00+00:00,417.34,417.28,417.33,500,600,417.3027272727273,5.97730442484748e-08,0.0001727108944236111
2021-05-04 08:47:00+00:00,417.34,417.37,417.4,100,525,417.3748,4.2103411935418935e-08,-4.743937583195912e-05
2021-05-04 08:48:00+00:00,417.4,417.33,417.38,500,500,417.355,3.476178444912364e-08,-7.188125217150176e-05
2021-05-04 08:49:00+00:00,417.4,417.32,417.35,100,500,417.325,3.1534748241166655e-08,-2.7955829788872677e-05
2021-05-04 08:50:00+00:00,417.4,417.28,417.32,500,100,417.31333333333333,3.169482005734556e-08,9.9845040497204e-05
2021-05-04 08:51:00+00:00,417.37,417.34,417.37,100,50,417.36,6.238099440553906e-08,9.983507246014156e-05
2021-05-04 08:52:00+00:00,417.41,417.39,417.43,100,500,417.39666666666665,6.64142628381885e-08,-7.260007739162688e-05
2021-05-04 08:53:00+00:00,417.37,417.35,417.38,600,500,417.36636363636364,5.021151829108025e-08,0.0001698965155967347
2021-05-04 08:54:00+00:00,417.41,417.41,417.46,600,500,417.4372727272727,3.121119330896864e-08,-9.850313760972895e-05
2021-05-04 08:55:00+00:00,417.4,417.38,417.41,700,600,417.3961538461538,6.35665051725953e-09,4.6863008631437e-05
2021-05-04 08:56:00+00:00,417.4,417.39,417.42,600,100,417.4157142857143,4.388717192008562e-08,-9.571055643531334e-05
2021-05-04 08:57:00+00:00,417.37,417.39,417.43,500,500,417.41,5.932459305692382e-08,-3.3411172489228314e-05
2021-05-04 08:58:00+00:00,417.37,417.34,417.38,600,500,417.3618181818182,4.7528111238735336e-08,0.00012913520487067842
2021-05-04 08:59:00+00:00,417.38,417.39,417.42,600,100,417.4157142857143,2.0215936476891166e-08,-1.3689675588790529e-05
2021-05-04 09:00:00+00:00,417.44,417.36,417.41,500,500,417.385,5.326820263328047e-08,-5.9893150619383384e-05
2021-05-04 09:01:00+00:00,417.44,417.36,417.41,500,500,417.385,2.4698299176908985e-08,-6.0371167631689815e-05
2021-05-04 09:02:00+00:00,417.44,417.34,417.38,500,510,417.35980198019803,1.4550857754051419e-08,0.0
2021-05-04 09:03:00+00:00,417.44,417.34,417.38,500,510,417.35980198019803,3.705979947799966e-08,-0.00014314291811312607
2021-05-04 09:04:00+00:00,417.33,417.3,417.33,1,500,417.3000598802395,1.4698687216340203e-08,-0.00011984173558110545
2021-05-04 09:05:00+00:00,417.28,417.25,417.28,1,600,417.2500499168053,6.511037560082521e-08,-8.400218720727715e-05
2021-05-04 09:06:00+00:00,417.24,417.16,417.22,500,100,417.21,4.600725765563407e-08,0.00016783906385198222
2021-05-04 09:07:00+00:00,417.31,417.26,417.31,501,500,417.28502497502495,1.746467711806521e-08,0.0002513656452580726
2021-05-04 09:08:00+00:00,417.39,417.39,417.44,500,1000,417.4066666666667,4.310304116392047e-08,0.00015421939347182168
2021-05-04 09:09:00+00:00,417.44,417.45,417.48,100,600,417.45428571428573,1.340882477722549e-08,5.4753642828142546e-05
2021-05-04 09:10:00+00:00,417.44,417.46,417.48,600,100,417.47714285714284,5.188084260913896e-08,-0.00010094650177594477
2021-05-04 09:11:00+00:00,417.44,417.42,417.45,100,100,417.435,4.252659559996718e-08,5.988956364455511e-05
2021-05-04 09:12:00+00:00,417.44,417.44,417.48,500,500,417.46,2.9164615663119003e-08,8.664983353190436e-05
2021-05-04 09:13:00+00:00,417.44,417.49,417.5,500,310,417.4961728395062,2.074639043308354e-08,-0.00020640390286708055
2021-05-04 09:14:00+00:00,417.44,417.4,417.43,100,500,417.405,2.5427167081395135e-08,-7.985753415917785e-05
2021-05-04 09:15:00+00:00,417.41,417.36,417.41,500,500,417.385,4.095391987168019e-08,1.9965977973601667e-05
2021-05-04 09:16:00+00:00,417.32,417.36,417.41,500,500,417.385,2.3962326672022812e-08,1.9965579341141293e-05
2021-05-04 09:17:00+00:00,417.32,417.36,417.41,500,600,417.38272727272727,3.633300244602776e-08,-7.986072289922763e-05
2021-05-04 09:18:00+00:00,417.32,417.34,417.38,500,500,417.36,2.9828872361143853e-08,-1.1980065171557364e-05
2021-05-04 09:19:00+00:00,417.32,417.35,417.38,100,600,417.3542857142857,2.5035088015146323e-08,-5.5907640577834705e-05
2021-05-04 09:20:00+00:00,417.32,417.29,417.34,500,100,417.33166666666665,2.505112946665944e-08,6.789164493481437e-05
2021-05-04 09:21:00+00:00,417.32,417.34,417.38,500,500,417.36,2.5317847977752885e-08,1.1980065171446341e-05
2021-05-04 09:22:00+00:00,417.32,417.34,417.37,500,100,417.365,4.245683019023469e-08,-0.00022690683286097357
2021-05-04 09:23:00+00:00,417.32,417.27,417.3,1,100,417.270297029703,1.7263858739726174e-08,0.00020299305006843404
2021-05-04 09:24:00+00:00,417.32,417.34,417.37,600,100,417.36571428571426,4.3775955732553384e-08,-1.9933791506332454e-08
2021-05-04 09:25:00+00:00,417.32,417.35,417.38,100,501,417.35499168053246,1.6739108012794568e-08,1.9933791950421664e-08
2021-05-04 09:26:00+00:00,417.31,417.33,417.36,500,100,417.355,3.109020208864702e-08,2.567187577540153e-05
2021-05-04 09:27:00+00:00,417.36,417.34,417.37,600,100,417.36571428571426,5.551462367805806e-08,-0.00015730665751290118
2021-05-04 09:28:00+00:00,417.36,417.3,417.33,1,500,417.3000598802395,9.13394113582593e-09,9.523626708785038e-05
2021-05-04 09:29:00+00:00,417.36,417.32,417.34,100,1,417.339801980198,4.575934248631906e-08,-3.147390560165331e-05
2021-05-04 09:30:00+00:00,417.36,417.3,417.34,2,1,417.32666666666665,6.664220596649976e-08,0.0005965550567901268
2021-05-04 09:31:00+00:00,417.5,417.56,417.61,500,1100,417.575625,3.965827777891001e-08,-0.00015800403717913802
2021-05-04 09:32:00+00:00,417.53,417.49,417.53,500,419,417.51176278563656,3.910022411641133e-08,1.299976240187739e-05
2021-05-04 09:33:00+00:00,417.49,417.49,417.52,209,100,417.5102912621359,1.6129742946121654e-08,6.794660384534801e-05
2021-05-04 09:34:00+00:00,417.54,417.51,417.53,10,500,417.51039215686274,1.8360468693749535e-08,-6.640826895121243e-05
2021-05-04 09:35:00+00:00,417.51,417.51,417.53,500,1,417.52996007984035,4.714278228594856e-08,0.00022582554634387186
2021-05-04 09:36:00+00:00,417.64,417.6,417.63,100,600,417.6042857142857,2.6722847142158993e-08,9.597509698089368e-08
2021-05-04 09:37:00+00:00,417.63,417.59,417.63,500,498,417.6100400801603,2.317525997027669e-08,1.204420305178644e-05
2021-05-04 09:38:00+00:00,417.61,417.58,417.63,502,500,417.6050499001996,5.123283500409333e-09,4.7723708167968226e-05
2021-05-04 09:39:00+00:00,417.62,417.61,417.64,500,100,417.635,7.343454395604317e-09,-4.489566248044863e-05
2021-05-04 09:40:00+00:00,417.63,417.61,417.62,500,300,417.61625,3.617872336044506e-08,-8.633265963342573e-05
2021-05-04 09:41:00+00:00,417.65,417.58,417.59,2,100,417.58019607843136,2.1660132729879737e-08,0.0001791366599066535
2021-05-04 09:42:00+00:00,417.65,417.63,417.68,500,500,417.655,5.148294261110879e-09,7.422394081246786e-05
2021-05-04 09:43:00+00:00,417.7,417.68,417.73,500,50,417.72545454545457,2.173361509636023e-08,6.48260249971333e-05
2021-05-04 09:44:00+00:00,417.72,417.71,417.73,100,550,417.7130769230769,1.3371327741843386e-08,-0.0001508858825677306
2021-05-04 09:45:00+00:00,417.68,417.65,417.68,1,600,417.6500499168053,8.13090082378586e-09,1.7293929376771544e-05
2021-05-04 09:46:00+00:00,417.68,417.63,417.68,600,500,417.65727272727275,3.751272204409752e-08,-4.50085566061631e-05
2021-05-04 09:47:00+00:00,417.6,417.63,417.64,500,90,417.6384745762712,7.1597712809773465e-09,1.7334871865948287e-05
2021-05-04 09:48:00+00:00,417.67,417.64,417.68,100,600,417.6457142857143,3.0273799661546743e-08,0.000188129378283719
2021-05-04 09:49:00+00:00,417.73,417.72,417.75,100,600,417.7242857142857,3.2811411726520994e-08,-4.616852537731031e-05
2021-05-04 09:50:00+00:00,417.73,417.68,417.71,500,100,417.705,3.165498957822271e-08,0.00012635179798614615
2021-05-04 09:51:00+00:00,417.78,417.73,417.78,500,1000,417.74666666666667,1.6287291144350427e-08,5.7887627284980425e-06
2021-05-04 09:52:00+00:00,417.78,417.76,417.77,2,100,417.76019607843136,6.185307637084642e-09,0.0001271955906780864
2021-05-04 09:53:00+00:00,417.8,417.78,417.82,500,100,417.81333333333333,2.4648782620856815e-08,0.00017152795506758522
2021-05-04 09:54:00+00:00,417.81,417.88,417.89,100,100,417.885,1.8711061726751308e-08,-5.184839529215335e-05
2021-05-04 09:55:00+00:00,417.86,417.82,417.85,100,400,417.826,3.245414008242462e-08,-0.00013416014660438957
2021-05-04 09:56:00+00:00,417.85,417.78,417.83,600,500,417.80727272727273,4.4415855920956056e-08,-2.538505502025501e-05
2021-05-04 09:57:00+00:00,417.78,417.79,417.83,100,500,417.7966666666667,2.1183652501812018e-08,-5.185935742280101e-05
2021-05-04 09:58:00+00:00,417.78,417.77,417.82,100,500,417.7783333333333,6.379976999367175e-08,1.2063718890953368e-05
2021-05-04 09:59:00+00:00,417.8,417.76,417.8,502,500,417.78003992015965,2.7313679685327696e-08,5.9744548459361724e-05
2021-05-04 10:00:00+00:00,417.78,417.78,417.81,500,100,417.805,1.1145782256331985e-08,0.0001674423804716163
2021-05-04 10:01:00+00:00,417.87,417.87,417.9,99,500,417.87495826377295,2.3877889431657487e-08,-0.00016741434821465617
2021-05-04 10:02:00+00:00,417.78,417.79,417.82,100,100,417.805,3.050459244747731e-08,0.0
2021-05-04 10:03:00+00:00,417.79,417.78,417.83,500,500,417.805,2.1322661129205075e-09,-2.393461064364999e-05
2021-05-04 10:04:00+00:00,417.79,417.79,417.8,100,100,417.795,2.0178069306713233e-08,8.377314233043442e-05
2021-05-04 10:05:00+00:00,417.79,417.81,417.85,500,500,417.83,1.7798924221700764e-08,-6.527230517838767e-05
2021-05-04 10:06:00+00:00,417.83,417.78,417.83,500,600,417.8027272727273,1.5578969549653417e-08,0.00010288830153792894
2021-05-04 10:07:00+00:00,417.87,417.84,417.88,100,600,417.8457142857143,3.1026892005382923e-08,0.0001299180832294855
2021-05-04 10:08:00+00:00,417.87,417.89,417.91,100,100,417.9,2.428730376265643e-08,-7.173974615970469e-05
2021-05-04 10:09:00+00:00,417.9,417.87,417.88,1,500,417.87001996007984,3.745128370099114e-08,-3.552235320880559e-05
2021-05-04 10:10:00+00:00,417.88,417.83,417.88,500,493,417.85517623363546,1.642024612597594e-08,-4.2175769376928685e-07
2021-05-04 10:11:00+00:00,417.86,417.84,417.87,100,100,417.855,2.728085923451781e-08,7.179523997558057e-05
2021-05-04 10:12:00+00:00,417.86,417.86,417.89,500,100,417.885,3.17090888594556e-08,-0.00013067672478617176
2021-05-04 10:13:00+00:00,417.89,417.83,417.85,10,500,417.83039215686273,2.1103735575721773e-08,5.889433511585551e-05
2021-05-04 10:14:00+00:00,417.89,417.84,417.87,100,100,417.855,1.1365221830889827e-08,9.372702480292538e-05
2021-05-04 10:15:00+00:00,417.9,417.88,417.9,500,206,417.89416430594906,5.254610936781058e-08,8.575303775892884e-05
2021-05-04 10:16:00+00:00,418.0,417.91,417.95,500,500,417.93,4.446990636801754e-08,4.350445812040249e-06
2021-05-04 10:17:00+00:00,418.0,417.91,417.95,600,500,417.9318181818182,4.423320979238927e-09,-0.00012398716624073547
2021-05-04 10:18:00+00:00,417.89,417.86,417.9,500,500,417.88,8.906775782903475e-09,1.196515746149096e-05
2021-05-04 10:19:00+00:00,417.89,417.86,417.89,500,100,417.885,5.7581364804585084e-08,-7.179008578905854e-05
2021-05-04 10:20:00+00:00,417.89,417.83,417.85,100,500,417.8333333333333,2.1947800847560422e-08,-1.1965873329300436e-05
2021-05-04 10:21:00+00:00,417.89,417.84,417.87,100,100,417.855,2.927777245697359e-08,-5.014330729302685e-05
2021-05-04 10:22:00+00:00,417.81,417.81,417.85,500,550,417.8290476190476,6.832504623861567e-08,-0.00011738681005346585
2021-05-04 10:23:00+00:00,417.73,417.73,417.78,1100,600,417.76235294117646,2.0121131228942653e-08,-0.00013962691687796625
2021-05-04 10:24:00+00:00,417.75,417.72,417.73,100,500,417.7216666666667,2.1032480218629805e-08,9.476006750896993e-05
2021-05-04 10:25:00+00:00,417.75,417.75,417.78,300,500,417.76125,1.2174079434034018e-08,5.85604474188095e-05
2021-05-04 10:26:00+00:00,417.76,417.76,417.78,100,500,417.7633333333333,1.0596214573327473e-08,-5.8557018293714513e-05
2021-05-04 10:27:00+00:00,417.76,417.75,417.78,300,500,417.76125,4.157405810614368e-09,8.976418947259646e-06
2021-05-04 10:28:00+00:00,417.76,417.77,417.8,100,500,417.775,3.881993233371082e-08,-9.574760930175508e-05
2021-05-04 10:29:00+00:00,417.73,417.72,417.75,100,500,417.725,2.2763158622603922e-08,6.001776763620015e-05
2021-05-04 10:30:00+00:00,417.73,417.75,417.76,10,1400,417.7500709219858,3.277446556838612e-09,4.318558247451421e-06
2021-05-04 10:31:00+00:00,417.73,417.75,417.76,300,1300,417.751875,1.9141073697169498e-08,-0.0002917401627461347
2021-05-04 10:32:00+00:00,417.68,417.61,417.65,500,500,417.63,5.252742995701215e-08,0.00037969357702127837
2021-05-04 10:33:00+00:00,417.79,417.76,417.79,500,100,417.785,3.34404984656089e-08,-0.00014019394635689242
2021-05-04 10:34:00+00:00,417.79,417.71,417.75,600,600,417.73,4.699365278755064e-08,0.00022648192595897676
2021-05-04 10:35:00+00:00,417.82,417.82,417.85,100,551,417.8246082949309,3.1382083880534284e-08,1.2952145425737527e-05
2021-05-04 10:36:00+00:00,417.85,417.81,417.85,500,499,417.83002002002,5.48912357951314e-08,-0.00025533514006859104
2021-05-04 10:37:00+00:00,417.77,417.72,417.76,100,500,417.7266666666667,3.3306254462098145e-08,7.58077515419231e-05
2021-05-04 10:38:00+00:00,417.77,417.74,417.77,100,100,417.755,4.399598614444688e-08,-7.744477307669584e-06
2021-05-04 10:39:00+00:00,417.77,417.75,417.76,300,1400,417.75176470588235,5.993243291660917e-09,-7.347252580147678e-05
2021-05-04 10:40:00+00:00,417.75,417.72,417.73,60,500,417.7210714285714,1.9663191026683894e-08,-0.0002179717873460607
2021-05-04 10:41:00+00:00,417.65,417.61,417.64,500,100,417.635,6.61419640228903e-08,0.00020177116161734787
2021-05-04 10:42:00+00:00,417.65,417.68,417.71,600,100,417.7057142857143,7.923004370522812e-08,-0.00032128667273445544
2021-05-04 10:43:00+00:00,417.6,417.58,417.6,2,500,417.5800796812749,4.4035084337299674e-08,0.00017941545195898634
2021-05-04 10:44:00+00:00,417.56,417.65,417.68,100,500,417.655,1.5600164479446794e-08,-0.0001915456537093796
2021-05-04 10:45:00+00:00,417.65,417.57,417.6,100,500,417.575,2.7954347256341318e-08,5.188688658730456e-05
2021-05-04 10:46:00+00:00,417.63,417.59,417.62,100,100,417.605,3.171924805568607e-08,-3.8157606788269405e-05
2021-05-04 10:47:00+00:00,417.58,417.58,417.6,19,500,417.58073217726394,2.4323011571751172e-08,0.0001223380309907096
2021-05-04 10:48:00+00:00,417.58,417.61,417.65,600,500,417.6318181818182,3.818635903918701e-08,7.6187159199214705e-06
2021-05-04 10:49:00+00:00,417.58,417.61,417.64,500,100,417.635,2.188906683623657e-08,-0.0001316939432758346
2021-05-04 10:50:00+00:00,417.6,417.56,417.6,500,500,417.58,1.767781477541912e-08,4.35409219345928e-06
2021-05-04 10:51:00+00:00,417.6,417.56,417.6,600,500,417.58181818181816,1.975643095674616e-08,5.5514433752845704e-05
2021-05-04 10:52:00+00:00,417.6,417.6,417.63,100,500,417.605,1.791039556657845e-08,7.183822032774678e-05
2021-05-04 10:53:00+00:00,417.63,417.61,417.64,500,100,417.635,1.3840597418497964e-08,0.00019057350062712253
2021-05-04 10:54:00+00:00,417.7,417.69,417.72,100,22,417.7145901639344,6.293935441827955e-08,-0.00021447698032106555
2021-05-04 10:55:00+00:00,417.7,417.62,417.65,100,500,417.625,5.115755444019873e-08,0.0003831188266987251
2021-05-04 10:56:00+00:00,417.78,417.76,417.79,500,100,417.785,1.33995475360496e-08,0.000131527180714075
2021-05-04 10:57:00+00:00,417.8,417.81,417.84,600,1,417.83995008319465,1.6867929082369338e-08,-8.3644666307503e-05
2021-05-04 10:58:00+00:00,417.8,417.78,417.83,500,500,417.805,3.636658460923517e-08,-3.683594955161684e-05
2021-05-04 10:59:00+00:00,417.79,417.77,417.79,201,304,417.7779603960396,1.9714314379179488e-08,-4.6481002527576365e-05
2021-05-04 11:00:00+00:00,417.79,417.77,417.82,1,500,417.77009980039924,2.1483890437228035e-08,-1.4133995290710466e-05
2021-05-04 11:01:00+00:00,417.76,417.73,417.77,600,100,417.76428571428573,5.5843931213674935e-08,0.00018109352106376875
2021-05-04 11:02:00+00:00,417.8,417.81,417.84,500,1,417.83994011976046,1.4767217845055137e-08,0.0
2021-05-04 11:03:00+00:00,417.8,417.81,417.84,500,1,417.83994011976046,1.4076589145950522e-08,0.0001030178083361033
2021-05-04 11:04:00+00:00,417.9,417.88,417.9,100,570,417.88298507462684,3.0329613566878474e-08,8.680464610422156e-05
2021-05-04 11:05:00+00:00,417.94,417.91,417.92,500,40,417.91925925925926,2.6509649799544223e-09,-8.596379594860704e-05
2021-05-04 11:06:00+00:00,417.9,417.88,417.9,100,500,417.8833333333333,1.0792097243368543e-08,-6.780201810707709e-05
2021-05-04 11:07:00+00:00,417.87,417.85,417.88,100,500,417.855,3.640412878197371e-09,-6.084773884451611e-05
2021-05-04 11:08:00+00:00,417.86,417.81,417.84,575,100,417.8355555555556,2.777531516522435e-09,-4.1397317214086904e-05
2021-05-04 11:09:00+00:00,417.82,417.81,417.82,1975,6697,417.81227744464945,1.5925172914396438e-10,-4.145378672437694e-06
2021-05-04 11:10:00+00:00,417.82,417.81,417.82,75,1300,417.81054545454543,7.071420552784975e-09,-9.702092690411224e-05
2021-05-04 11:11:00+00:00,417.81,417.77,417.8,1,3300,417.7700090881551,1.0449968803659638e-08,9.603368412602897e-05
2021-05-04 11:12:00+00:00,417.8,417.77,417.8,501,2000,417.77600959616154,7.004852361696233e-08,4.0605047298303276e-05
2021-05-04 11:13:00+00:00,417.82,417.79,417.83,600,47,417.8270942812983,1.3020235155162442e-08,-0.00012903055798529905
2021-05-04 11:14:00+00:00,417.81,417.77,417.81,500,547,417.78910219675265,1.1953024383662166e-08,-2.08575692617341e-05
2021-05-04 11:15:00+00:00,417.76,417.75,417.79,340,600,417.76446808510633,1.111046550857531e-08,7.967341989378873e-05
2021-05-04 11:16:00+00:00,417.78,417.76,417.8,840,50,417.7977528089888,1.0738411647365178e-08,0.00015825398367663723
2021-05-04 11:17:00+00:00,417.82,417.84,417.87,640,100,417.86594594594595,1.3623663279472605e-08,-6.582845105662649e-05
2021-05-04 11:18:00+00:00,417.84,417.82,417.85,240,200,417.8363636363636,4.523063969305191e-08,-0.000264233080611187
2021-05-04 11:19:00+00:00,417.78,417.73,417.76,100,600,417.7342857142857,4.284995497731103e-08,1.3667381105531007e-05
2021-05-04 11:20:00+00:00,417.72,417.69,417.74,500,100,417.7316666666667,3.501988531210144e-08,-0.00012356436913973923
2021-05-04 11:21:00+00:00,417.71,417.68,417.71,1,600,417.68004991680533,1.5285638813825943e-08,6.858296290235266e-05
2021-05-04 11:22:00+00:00,417.73,417.71,417.74,200,504,417.71852272727267,4.3119338944251444e-08,7.92957627866464e-05
2021-05-04 11:23:00+00:00,417.75,417.72,417.76,600,500,417.7418181818182,3.2241101572814587e-08,0.00011533874772595709
2021-05-04 11:24:00+00:00,417.79,417.77,417.81,600,600,417.79,5.419986581346628e-08,-0.0002313762097385652
2021-05-04 11:25:00+00:00,417.81,417.7,417.73,100,100,417.715,3.3072212279785817e-08,0.00012540528708693266
2021-05-04 11:26:00+00:00,417.74,417.74,417.76,200,500,417.7457142857143,8.128873616624205e-09,5.4715445486186454e-05
2021-05-04 11:27:00+00:00,417.76,417.76,417.79,200,500,417.7685714285714,2.3487307933733253e-09,-1.656615383971438e-05
2021-05-04 11:28:00+00:00,417.76,417.76,417.77,257,1300,417.76165061014774,1.2290049399055608e-08,6.316390497684843e-05
2021-05-04 11:29:00+00:00,417.79,417.78,417.81,183,500,417.7880380673499,2.3150652618142246e-08,1.0794769735866794e-05
2021-05-04 11:30:00+00:00,417.84,417.79,417.81,173,500,417.7951411589896,4.9401480849870466e-09,-0.00012567996397727654
2021-05-04 11:31:00+00:00,417.75,417.74,417.75,2,1300,417.7400153609831,5.634362337225293e-08,-0.00017826830315947895
2021-05-04 11:32:00+00:00,417.63,417.66,417.69,114,500,417.66557003257327,1.7194381511112876e-08,-1.406163997630383e-05
2021-05-04 11:33:00+00:00,417.66,417.65,417.69,160,500,417.659696969697,5.799248848535389e-08,-0.00026259897809843835
2021-05-04 11:34:00+00:00,417.56,417.55,417.56,1,400,417.55002493765585,5.733139465865595e-08,-0.00023673625589104574
2021-05-04 11:35:00+00:00,417.46,417.45,417.46,1096,224,417.458303030303,9.158353909219987e-08,-4.2729304945310354e-05
2021-05-04 11:36:00+00:00,417.43,417.42,417.44,500,500,417.43,7.747025755131012e-08,-0.00016036067406466348
2021-05-04 11:37:00+00:00,417.36,417.35,417.39,500,720,417.36639344262295,1.6713105996491182e-08,5.442339650185701e-05
2021-05-04 11:38:00+00:00,417.35,417.38,417.39,5105,500,417.38910793933985,3.7589141583161904e-08,-0.00014157933899217046
2021-05-04 11:39:00+00:00,417.35,417.33,417.34,1,700,417.33001426533525,1.9724672541875927e-07,-0.0008145936632287798
2021-05-04 11:40:00+00:00,417.0,416.99,417.02,1,600,416.99004991680533,6.178365600632551e-07,-0.001414157234439939
2021-05-04 11:41:00+00:00,416.43,416.41,416.45,100,600,416.4157142857143,5.836959113405997e-07,-0.0013217336235334942
2021-05-04 11:42:00+00:00,415.84,415.87,415.9,100,500,415.875,2.653034039018654e-07,0.001139834074786572
2021-05-04 11:43:00+00:00,416.34,416.33,416.36,100,500,416.335,3.081883784035291e-07,0.0003834426159345927
2021-05-04 11:44:00+00:00,416.48,416.47,416.5,500,600,416.4836363636364,1.8678883830908398e-07,-8.936216251820284e-05
2021-05-04 11:45:00+00:00,416.39,416.39,416.41,100,192,416.3968493150685,5.33776653782539e-07,-0.0005027028080074603
2021-05-04 11:46:00+00:00,416.26,416.26,416.28,197,100,416.27326599326597,1.782888379701693e-07,-0.00031329029561733
2021-05-04 11:47:00+00:00,416.05,416.12,416.15,500,200,416.14142857142855,2.0781257020208828e-07,0.0002737797246559204
2021-05-04 11:48:00+00:00,416.19,416.21,416.25,1600,600,416.2390909090909,2.816877610794896e-07,-0.0007902578054153064
2021-05-04 11:49:00+00:00,415.9,415.86,415.9,500,500,415.88,1.3072268194387532e-07,0.0005096752687272499
2021-05-04 11:50:00+00:00,416.1,416.08,416.12,100,100,416.1,1.6672462511328014e-07,0.0004674043179802023
2021-05-04 11:51:00+00:00,416.27,416.3,416.34,600,600,416.32,1.976349522391087e-07,0.0006055061584324672
2021-05-04 11:52:00+00:00,416.55,416.52,416.53,40,100,416.5228571428571,1.983443076398537e-07,0.0005116724392606464
2021-05-04 11:53:00+00:00,416.77,416.75,416.77,100,1800,416.75105263157894,1.231750243210014e-07,0.0002587634962807339
2021-05-04 11:54:00+00:00,416.88,416.84,416.87,100,100,416.855,2.0597242134382362e-07,-0.0003437976425822997
2021-05-04 11:55:00+00:00,416.68,416.68,416.73,500,880,416.698115942029,1.51856590643096e-07,-0.0003054142323432041
2021-05-04 11:56:00+00:00,416.6,416.58,416.6,1,500,416.5800399201597,1.0423884858959482e-07,0.00011381999381976371
2021-05-04 11:57:00+00:00,416.68,416.64,416.65,1000,250,416.648,9.693957328643551e-08,4.6802096733911114e-05
2021-05-04 11:58:00+00:00,416.67,416.64,416.68,100,600,416.6457142857143,6.978152478607116e-08,-0.00012428546571485732
2021-05-04 11:59:00+00:00,416.63,416.61,416.65,500,700,416.62666666666667,5.9096776946728955e-08,-0.00024307734393413938
2021-05-04 12:00:00+00:00,416.49,416.48,416.52,620,100,416.51444444444445,1.731413294326735e-07,-0.0003275863448780614
2021-05-04 12:01:00+00:00,416.37,416.34,416.38,100,1500,416.3425,1.3002935032947864e-07,4.2543760031321654e-05
2021-05-04 12:02:00+00:00,416.38,416.4,416.43,200,600,416.4075,6.696064514328914e-08,0.0003303308663065163
2021-05-04 12:03:00+00:00,416.5,416.53,416.55,100,513,416.53326264274057,7.848606928147927e-08,-9.58610343718691e-05
2021-05-04 12:04:00+00:00,416.51,416.47,416.5,100,100,416.485,9.420101997565438e-08,-1.2505202164003748e-05
2021-05-04 12:05:00+00:00,416.46,416.46,416.49,1500,100,416.488125,1.0727458515244163e-07,-0.0002175932387028512
2021-05-04 12:06:00+00:00,416.39,416.39,416.42,500,200,416.4114285714286,7.833793870034366e-08,4.5301992359858545e-05
2021-05-04 12:07:00+00:00,416.43,416.42,416.46,1200,600,416.44666666666666,1.0678232264098293e-07,-5.130354671256665e-05
2021-05-04 12:08:00+00:00,416.38,416.39,416.41,100,500,416.3933333333333,1.0742370871739777e-07,-0.000468252085282006
2021-05-04 12:09:00+00:00,416.21,416.22,416.23,500,100,416.22833333333335,3.6268668153630566e-08,0.00011584122681429498
2021-05-04 12:10:00+00:00,416.24,416.22,416.26,700,500,416.24333333333334,2.0482649921945744e-07,-0.0010044151660868472
2021-05-04 12:11:00+00:00,415.84,415.83,415.85,1,100,415.83019801980197,1.2474713885148328e-07,0.000686734794231203
2021-05-04 12:12:00+00:00,416.11,416.1,416.13,700,1000,416.1123529411765,7.581858544237559e-08,0.0003387336169082822
2021-05-04 12:13:00+00:00,416.26,416.25,416.26,224,100,416.2569135802469,9.914208964972689e-08,-0.0003883821680532584
2021-05-04 12:14:00+00:00,416.1,416.08,416.11,100,350,416.08666666666664,9.734846890335463e-08,-0.00019466708323823134
2021-05-04 12:15:00+00:00,416.03,416.01,416.02,400,1500,416.0121052631579,1.9446484054071938e-07,-0.0006063367758730731
2021-05-04 12:16:00+00:00,415.77,415.76,415.79,100,1609,415.76175541252195,1.8029901269045571e-07,0.000435590161859567
2021-05-04 12:17:00+00:00,415.98,415.94,415.97,200,600,415.9475,7.904931734889763e-08,-8.465125300005649e-05
2021-05-04 12:18:00+00:00,415.91,415.87,415.9,600,100,415.8957142857143,6.27427944719406e-08,0.0003170818128324093
2021-05-04 12:19:00+00:00,416.04,416.03,416.05,1000,1100,416.0395238095238,8.843219792674394e-08,-0.00023555066330638308
2021-05-04 12:20:00+00:00,415.92,415.94,415.96,18,100,415.94305084745764,8.971275406641573e-08,-0.00012824784804221778
2021-05-04 12:21:00+00:00,415.82,415.87,415.91,500,600,415.8881818181818,1.4833601789497194e-07,-0.0003442796031275508
2021-05-04 12:22:00+00:00,415.7,415.72,415.74,1000,100,415.73818181818183,1.408947415024646e-07,-2.7059856402389393e-05
2021-05-04 12:23:00+00:00,415.73,415.71,415.73,100,700,415.7125,1.7118229905332277e-07,9.521318231509035e-05
2021-05-04 12:24:00+00:00,415.75,415.76,415.8,1500,100,415.7975,1.427843137325738e-07,-0.00016836096591088534
2021-05-04 12:25:00+00:00,415.77,415.7,415.72,100,200,415.70666666666665,1.4791919198339106e-07,0.0001573638251637366
2021-05-04 12:26:00+00:00,415.68,415.75,415.77,1500,100,415.76875,2.4940595316126384e-07,-0.0008934708843012507
2021-05-04 12:27:00+00:00,415.4,415.36,415.41,2500,500,415.40166666666664,1.879985907841355e-07,-3.282728253561906e-05
2021-05-04 12:28:00+00:00,415.37,415.37,415.4,500,500,415.385,7.46422960510095e-08,0.0003162465366080003
2021-05-04 12:29:00+00:00,415.53,415.5,415.53,500,500,415.515,2.684272720799618e-07,0.0005204856980758343
2021-05-04 12:30:00+00:00,415.64,415.51,415.66,400,1600,415.54,4.525189828570511e-07,0.0002735670695868109
2021-05-04 12:31:00+00:00,415.86,415.85,415.88,1500,500,415.8725,9.826766460296412e-08,6.011855378806885e-05
2021-05-04 12:32:00+00:00,415.85,415.84,415.88,1500,600,415.86857142857144,6.050659842344204e-08,1.2222705360720454e-05
2021-05-04 12:33:00+00:00,415.87,415.89,415.93,1500,640,415.91803738317753,6.987301997070141e-08,0.0002178407667021709
2021-05-04 12:34:00+00:00,415.95,415.94,415.96,100,1500,415.94125,9.877720509572891e-08,0.00024941869567851604
2021-05-04 12:35:00+00:00,416.0,416.04,416.08,2400,503,416.07306923871863,7.707746773652325e-08,-0.00015296605744408165
2021-05-04 12:36:00+00:00,416.04,416.0,416.04,169,1000,416.00578272027377,5.489447238361629e-08,-8.000542698249902e-05
2021-05-04 12:37:00+00:00,416.0,415.95,415.98,1000,500,415.97,5.749334975249997e-08,8.585732400590018e-07
2021-05-04 12:38:00+00:00,415.98,415.97,415.98,400,1100,415.97266666666667,6.361375237888316e-08,2.5913279181777327e-05
2021-05-04 12:39:00+00:00,415.96,415.94,415.99,1000,1100,415.9638095238095,4.519251235713043e-08,-6.257427092981604e-05
2021-05-04 12:40:00+00:00,415.98,415.94,415.98,1000,600,415.965,8.962237047231832e-08,-0.00039263803339073533
2021-05-04 12:41:00+00:00,415.77,415.79,415.8,500,100,415.79833333333335,9.987684577977415e-08,0.00015962410846537267
2021-05-04 12:42:00+00:00,415.83,415.87,415.91,1003,600,415.8950280723643,5.5942923148678104e-08,-8.740993944467146e-05
2021-05-04 12:43:00+00:00,415.83,415.8,415.83,5,600,415.8002479338843,8.110214719710124e-08,0.00011589954613477893
2021-05-04 12:44:00+00:00,415.86,415.85,415.88,1500,600,415.87142857142857,4.675754623914029e-08,-1.8034373515884994e-05
2021-05-04 12:45:00+00:00,415.83,415.84,415.88,500,1100,415.8525,9.745742398459578e-08,-0.00025161995968303597
2021-05-04 12:46:00+00:00,415.78,415.76,415.78,11,500,415.7604305283757,6.195163043737304e-08,-0.00014056460000699822
2021-05-04 12:47:00+00:00,415.75,415.7,415.73,41,600,415.7019188767551,4.994527459197468e-08,8.142939081356992e-05
2021-05-04 12:48:00+00:00,415.76,415.73,415.76,500,2100,415.7357692307692,3.4457801944630184e-08,4.797531610511996e-05
2021-05-04 12:49:00+00:00,415.79,415.75,415.79,100,550,415.75615384615384,9.707911729664477e-08,0.00019070264475362642
2021-05-04 12:50:00+00:00,415.83,415.83,415.86,100,500,415.835,7.841447412429984e-08,-0.00025469017978052566
2021-05-04 12:51:00+00:00,415.73,415.72,415.74,500,600,415.7290909090909,3.609799962186049e-08,9.934654243570762e-05
2021-05-04 12:52:00+00:00,415.79,415.79,415.8,100,2325,415.79041237113404,3.9392444109151077e-08,9.62994621602764e-05
2021-05-04 12:53:00+00:00,415.82,415.81,415.84,145,1500,415.8126443768997,7.620763873025156e-08,0.0004559033733395612
2021-05-04 12:54:00+00:00,415.96,416.01,416.04,100,500,416.015,8.781231487510412e-08,-0.00016919378698232457
2021-05-04 12:55:00+00:00,415.95,415.92,415.97,500,2100,415.9296153846154,1.1475009362179931e-07,9.709483020903242e-05
2021-05-04 12:56:00+00:00,415.96,415.96,415.99,500,1100,415.969375,8.567235901536389e-08,0.00016026796804258225
2021-05-04 12:57:00+00:00,416.02,416.0,416.04,1100,600,416.02588235294115,3.703240887088854e-08,-0.0001601622985067941
2021-05-04 12:58:00+00:00,416.03,415.97,415.99,1,500,415.97003992015965,4.6845490807426756e-08,-2.4056257242111023e-05
2021-05-04 12:59:00+00:00,415.99,415.96,415.97,4,2000,415.9600199600798,2.2431418083734628e-08,-3.602475853325959e-05
2021-05-04 13:00:00+00:00,415.95,415.92,415.95,1000,198,415.9450417362271,5.165366758356628e-08,0.00013220867212071497
2021-05-04 13:01:00+00:00,415.97,416.0,416.03,1,500,416.0000598802395,4.487376816583995e-08,-0.000496874826927729
2021-05-04 13:02:00+00:00,415.8,415.79,415.81,100,500,415.79333333333335,5.562978505348972e-08,6.0434362731953684e-05
2021-05-04 13:03:00+00:00,415.81,415.81,415.85,600,1300,415.8226315789474,1.0886036764149493e-07,7.14741707483757e-05
2021-05-04 13:04:00+00:00,415.82,415.83,415.87,500,1600,415.8395238095238,6.531955808859144e-08,0.00010399649472470074
2021-05-04 13:05:00+00:00,415.82,415.89,415.92,5,600,415.8902479338843,3.8644977610604163e-08,0.00012275470969513869
2021-05-04 13:06:00+00:00,415.94,415.94,415.95,627,1900,415.9424812030075,8.13895502082119e-08,-0.00028645275502892087
2021-05-04 13:07:00+00:00,415.82,415.82,415.85,75,1000,415.82209302325583,9.393383409417294e-08,-0.0003686562726553655
2021-05-04 13:08:00+00:00,415.66,415.65,415.67,500,600,415.65909090909093,7.202413797342455e-08,0.0003367155055824522
2021-05-04 13:09:00+00:00,415.75,415.79,415.82,1000,2000,415.8,7.719325228233769e-08,-0.00023619235635263802
2021-05-04 13:10:00+00:00,415.72,415.71,415.72,500,700,415.71416666666664,8.272858329735339e-08,-0.00011914490003883671
2021-05-04 13:11:00+00:00,415.7,415.66,415.69,514,900,415.6709052333805,5.435383708140103e-08,0.00026980207826698965
2021-05-04 13:12:00+00:00,415.79,415.77,415.79,113,400,415.7744054580897,4.174537769043476e-08,4.3520095688309723e-05
2021-05-04 13:13:00+00:00,415.75,415.78,415.8,648,300,415.793670886076,5.70944353823969e-08,9.385793088800831e-05
2021-05-04 13:14:00+00:00,415.79,415.83,415.84,90,1800,415.8304761904762,4.8812191842531436e-08,6.41364380171705e-05
2021-05-04 13:15:00+00:00,415.86,415.85,415.86,2198,59,415.8597385910501,3.785879752670706e-08,-0.0002401348449101448
2021-05-04 13:16:00+00:00,415.75,415.75,415.77,2500,300,415.76785714285717,3.719549602960896e-08,4.5401300416303414e-05
2021-05-04 13:17:00+00:00,415.75,415.73,415.77,400,1400,415.7388888888889,3.3265953775178656e-08,3.6342918127374446e-05
2021-05-04 13:18:00+00:00,415.79,415.79,415.82,488,1050,415.79951885565674,1.3825913534481338e-08,1.3537668392293867e-05
2021-05-04 13:19:00+00:00,415.81,415.79,415.81,248,376,415.7979487179487,2.422243683846548e-08,-0.000259117162428546
2021-05-04 13:20:00+00:00,415.69,415.68,415.7,1600,4200,415.68551724137933,3.641228912493404e-08,0.0002785527884596739
2021-05-04 13:21:00+00:00,415.79,415.79,415.8,2005,6,415.7999701640975,3.3838845065941306e-08,-0.00023567529549639588
2021-05-04 13:22:00+00:00,415.72,415.71,415.73,500,500,415.72,4.312300048713612e-08,-5.075595995862603e-05
2021-05-04 13:23:00+00:00,415.7,415.68,415.7,2425,2892,415.68912168516084,2.042636189341307e-08,8.91678253327477e-05
2021-05-04 13:24:00+00:00,415.74,415.71,415.74,1222,1402,415.72397103658534,1.3414760113352777e-08,2.3354087452132077e-05
2021-05-04 13:25:00+00:00,415.74,415.72,415.74,2000,1155,415.7326782884311,7.325753002564813e-09,7.684562260568129e-05
2021-05-04 13:26:00+00:00,415.77,415.75,415.77,3102,68,415.76957097791797,3.5344989530932794e-08,0.0002630635839362405
2021-05-04 13:27:00+00:00,415.86,415.85,415.87,1500,700,415.8636363636364,3.72618177058299e-08,0.00018075252069849057
2021-05-04 13:28:00+00:00,415.95,415.9,415.94,782,1200,415.9157820383451,5.364985626363215e-08,2.727859381179698e-05
2021-05-04 13:29:00+00:00,415.97,415.94,415.97,25,5896,415.9401266677926,4.7774867331064174e-08,0.0002824101965097636
2021-05-04 13:30:00+00:00,416.07,416.07,416.09,6600,135,416.0895991091314,3.7019840797758186e-07,0.0004911196546968366
2021-05-04 13:31:00+00:00,416.28,416.3,416.32,1000,700,416.31176470588235,2.1491967883385202e-07,5.284862073096086e-05
2021-05-04 13:32:00+00:00,416.32,416.33,416.34,300,100,416.3375,3.250423409563327e-07,-0.0010786906644248972
2021-05-04 13:33:00+00:00,415.87,415.84,415.86,1601,100,415.85882422104646,3.974644610104722e-07,0.00017997192788876681
2021-05-04 13:34:00+00:00,415.96,415.96,415.98,2800,300,415.97806451612905,3.87289356539385e-07,0.0005623260262115348
2021-05-04 13:35:00+00:00,416.17,416.15,416.16,200,300,416.154,2.692502465356275e-07,1.5934356253799464e-05
2021-05-04 13:36:00+00:00,416.19,416.2,416.21,300,300,416.205,1.6995001174931255e-07,-0.00011033196931331535
2021-05-04 13:37:00+00:00,416.13,416.12,416.14,801,600,416.1314346895075,1.537046802853132e-07,-0.0001963404491996945
2021-05-04 13:38:00+00:00,416.04,416.03,416.05,2800,300,416.04806451612905,1.1274827720872202e-07,8.349603155477503e-05
2021-05-04 13:39:00+00:00,416.09,416.09,416.1,300,300,416.095,1.7348090574384958e-07,-0.0006432409463085209
2021-05-04 13:40:00+00:00,415.86,415.85,415.86,405,100,415.8580198019802,5.022014822622802e-07,-0.0009230565389670708
2021-05-04 13:41:00+00:00,415.402,415.39,415.41,300,700,415.396,1.6576190959009004e-07,-0.0004626850031589358
2021-05-04 13:42:00+00:00,415.24,415.23,415.25,2200,400,415.24692307692305,1.5280431021902102e-07,-0.00021092140576906004
2021-05-04 13:43:00+00:00,415.13,415.12,415.13,300,200,415.126,1.7146154753957992e-07,-0.0001876838789294233
2021-05-04 13:44:00+00:00,415.07,415.06,415.08,1100,400,415.07466666666664,9.83690663943383e-08,-0.0003414502160928867
2021-05-04 13:45:00+00:00,414.88,414.88,414.9,1200,400,414.895,2.587031152732295e-07,-0.0003968137502199376
2021-05-04 13:46:00+00:00,414.76,414.77,414.78,200,300,414.774,1.5659875203885963e-07,0.00013692432276601885
2021-05-04 13:47:00+00:00,414.83,414.84,414.85,700,100,414.84875,1.2498237851419304e-07,-0.0003401743192495976
2021-05-04 13:48:00+00:00,414.68,414.67,414.68,200,400,414.67333333333335,2.352167364531334e-07,-0.0006139766972110827
2021-05-04 13:49:00+00:00,414.41,414.43,414.44,300,613,414.4332858707557,2.0349758843747518e-07,2.820373248280106e-06
2021-05-04 13:50:00+00:00,414.44,414.44,414.45,1300,500,414.4472222222222,3.3732088534781707e-07,-0.0004099627280022
2021-05-04 13:51:00+00:00,414.14,414.13,414.14,746,100,414.13881796690305,4.09230635035145e-07,-0.0004023281388298994
2021-05-04 13:52:00+00:00,414.12,414.12,414.14,400,800,414.12666666666667,2.9113585422773354e-07,0.00021579553614992086
2021-05-04 13:53:00+00:00,414.2,414.19,414.2,200,500,414.1928571428571,3.901282447761809e-07,-0.0003193007443133
2021-05-04 13:54:00+00:00,414.04,414.04,414.05,1400,300,414.04823529411766,3.3271690500356307e-07,0.000588473677837209
2021-05-04 13:55:00+00:00,414.305,414.29,414.31,1100,500,414.30375,2.792652385528668e-07,-4.414331419300144e-05
2021-05-04 13:56:00+00:00,414.32,414.32,414.33,500,10,414.32980392156867,2.0599261097831485e-07,-0.0002638073851326528
2021-05-04 13:57:00+00:00,414.15,414.14,414.15,201,300,414.1440119760479,3.500444419037747e-07,-0.0007374227544882928
2021-05-04 13:58:00+00:00,413.87,413.85,413.86,325,100,413.85764705882355,7.99299348408101e-08,0.00017572026876022662
2021-05-04 13:59:00+00:00,413.91,413.92,413.93,300,526,413.9236319612591,6.443746096213478e-08,-0.00015006652254900832
2021-05-04 14:00:00+00:00,413.88,413.86,413.88,300,800,413.86545454545455,4.263973571429045e-07,-0.000316306940740807
2021-05-04 14:01:00+00:00,413.72,413.72,413.73,1300,200,413.72866666666664,6.311634400885714e-07,-0.0008734152182988675
2021-05-04 14:02:00+00:00,413.39,413.39,413.4,200,300,413.394,7.339818463475522e-07,0.0009676443906863064
2021-05-04 14:03:00+00:00,413.73,413.72,413.73,200,400,413.72333333333336,2.9374593341306595e-07,-0.0005644889821071475
2021-05-04 14:04:00+00:00,413.53,413.53,413.54,100,300,413.5325,2.9447815518814746e-07,-0.000184814787946741
2021-05-04 14:05:00+00:00,413.45,413.45,413.46,100,900,413.451,2.273545269611636e-07,1.451150641540444e-05
2021-05-04 14:06:00+00:00,413.45,413.44,413.45,300,243,413.4455248618784,4.3485928228629545e-07,0.0009033778619182975
2021-05-04 14:07:00+00:00,413.83,413.84,413.85,300,100,413.8475,2.501883517897004e-07,0.0005275812148552994
2021-05-04 14:08:00+00:00,414.04,414.04,414.05,500,200,414.04714285714283,2.0873590367057083e-07,0.00019838257821458427
2021-05-04 14:09:00+00:00,414.17,414.14,414.15,400,200,414.14666666666665,2.028671828766832e-07,-0.0003445035400757579
2021-05-04 14:10:00+00:00,413.99,413.98,414.0,500,500,413.99,6.419087080113935e-07,-0.0006094485016393536
2021-05-04 14:11:00+00:00,413.76,413.76,413.77,300,100,413.7675,2.451451677059856e-07,-0.00010015964851395331
2021-05-04 14:12:00+00:00,413.71,413.7,413.72,700,300,413.714,4.4906444655901454e-07,-0.0005605510205020092
2021-05-04 14:13:00+00:00,413.49,413.49,413.5,100,400,413.492,1.8386532897590754e-07,0.0003337552300410884
2021-05-04 14:14:00+00:00,413.58,413.59,413.6,100,500,413.59166666666664,2.2186463065437868e-07,0.0008416035820670853
2021-05-04 14:15:00+00:00,413.97,413.94,413.95,221,400,413.9435587761675,2.5506922233701927e-07,-0.0015406367521977327
2021-05-04 14:16:00+00:00,413.34,413.33,413.34,200,700,413.33222222222224,3.330070869314567e-07,0.0010717958023347407
2021-05-04 14:17:00+00:00,413.76,413.76,413.77,100,500,413.76166666666666,1.7641937891353386e-07,0.001203558530369797
2021-05-04 14:18:00+00:00,414.26,414.26,414.27,303,40,414.26883381924193,2.6570691053186234e-07,-0.0003946594901815814
2021-05-04 14:19:00+00:00,414.12,414.13,414.14,500,200,414.13714285714286,1.2618974049283318e-07,0.000665294220633772
2021-05-04 14:20:00+00:00,414.38,414.37,414.39,1500,901,414.3824947938359,2.5957218911193936e-07,-0.00039985787781271487
2021-05-04 14:21:00+00:00,414.22,414.23,414.24,300,200,414.236,2.6944403482699896e-07,-0.00023472924319878352
2021-05-04 14:22:00+00:00,414.1,414.09,414.1,20,1400,414.09014084507044,1.9488594347077903e-07,3.7314732854065724e-05
2021-05-04 14:23:00+00:00,414.12,414.11,414.12,200,300,414.114,2.3824743570041392e-07,0.00010603395937969218
2021-05-04 14:24:00+00:00,414.16,414.15,414.17,400,1200,414.155,8.20661239895257e-08,-0.00012695676364582464
2021-05-04 14:25:00+00:00,414.1,414.09,414.1,500,300,414.09625,1.879412136022168e-07,0.0002473269977809611
2021-05-04 14:26:00+00:00,414.26,414.25,414.27,500,400,414.2611111111111,1.2472279608259543e-07,0.00019659073305744457
2021-05-04 14:27:00+00:00,414.35,414.34,414.36,400,822,414.3465466448445,1.22904331425817e-07,0.00047927734331620897
2021-05-04 14:28:00+00:00,414.51,414.51,414.53,600,2100,414.51444444444445,3.2617122883859806e-07,-0.0006086444048484241
2021-05-04 14:29:00+00:00,414.25,414.23,414.25,32,2900,414.23021828103685,9.828116834278871e-08,0.00016656527910541286
2021-05-04 14:30:00+00:00,414.29,414.32,414.33,300,301,414.32499168053243,3.7162013658820785e-07,-0.0005877085641327051
2021-05-04 14:31:00+00:00,414.09,414.09,414.1,200,300,414.094,2.1295875884898527e-07,-0.0004942139023319525
2021-05-04 14:32:00+00:00,413.85,413.84,413.85,100,300,413.8425,1.901086268601135e-07,-0.0002858648163797106
2021-05-04 14:33:00+00:00,413.74,413.74,413.75,100,300,413.7425,1.7421983320574977e-07,-0.00034935073495478974
2021-05-04 14:34:00+00:00,413.61,413.58,413.6,900,400,413.59384615384613,1.1313212923632624e-07,-6.447297373535221e-05
2021-05-04 14:35:00+00:00,413.585,413.58,413.59,500,100,413.5883333333333,1.969296162584978e-07,0.0005923836389281067
2021-05-04 14:36:00+00:00,413.83,413.82,413.83,300,400,413.82428571428574,8.651844387799601e-08,0.000397565358076335
2021-05-04 14:37:00+00:00,413.99,413.98,414.0,800,400,413.99333333333334,1.271952521030496e-07,5.650546075686158e-05
2021-05-04 14:38:00+00:00,414.03,414.01,414.02,900,1400,414.0139130434783,8.025946174150712e-08,-5.027632947074423e-05
2021-05-04 14:39:00+00:00,413.99,413.99,414.0,300,620,413.9932608695653,3.06746930646909e-07,0.0009128084973279993
2021-05-04 14:40:00+00:00,414.39,414.39,414.41,800,310,414.4044144144144,7.236008315816648e-08,7.642061908730291e-05
2021-05-04 14:41:00+00:00,414.4,414.4,414.42,200,500,414.4057142857143,6.949233540832164e-08,4.042152318661785e-05
2021-05-04 14:42:00+00:00,414.43,414.43,414.44,300,709,414.4329732408325,2.244318004575389e-07,-0.00028574163332639735
2021-05-04 14:43:00+00:00,414.32,414.3,414.31,300,500,414.30375,1.0621684182980808e-07,-0.00034591412070095195
2021-05-04 14:44:00+00:00,414.17,414.17,414.19,800,600,414.18142857142857,2.0277015017715556e-07,-0.0005097813912875448
2021-05-04 14:45:00+00:00,413.94,413.94,413.95,300,400,413.94428571428574,2.3710985650585537e-07,-4.563096893339669e-05
2021-05-04 14:46:00+00:00,413.94,413.93,413.94,100,100,413.935,1.9372354374107816e-07,-6.0396685430008645e-05
2021-05-04 14:47:00+00:00,413.89,413.88,413.89,300,400,413.88428571428574,1.6053359848774015e-07,-0.00036518970815480056
2021-05-04 14:48:00+00:00,413.75,413.73,413.75,500,400,413.74111111111114,2.680544858742365e-07,-0.0006811928311147852
2021-05-04 14:49:00+00:00,413.51,413.5,413.51,600,100,413.50857142857143,1.7604402038853635e-07,0.0003890399902706232
2021-05-04 14:50:00+00:00,413.63,413.62,413.63,300,300,413.625,1.1965263720534998e-07,-0.000783964735519227
2021-05-04 14:51:00+00:00,413.31,413.32,413.33,400,200,413.32666666666665,2.237915111582791e-07,0.00045653336361439756
2021-05-04 14:52:00+00:00,413.5,413.49,413.5,100,200,413.49333333333334,1.4342957725376814e-07,9.930079052233864e-05
2021-05-04 14:53:00+00:00,413.54,413.55,413.56,100,300,413.5525,1.9055601212715584e-07,-0.00031032995731949953
2021-05-04 14:54:00+00:00,413.42,413.42,413.43,200,600,413.4225,1.6240841931601983e-07,0.00045900219530459196
2021-05-04 14:55:00+00:00,413.6,413.59,413.6,200,215,413.5948192771084,2.8704634734143835e-07,-0.00024809792294433475
2021-05-04 14:56:00+00:00,413.53,413.53,413.54,300,400,413.5342857142857,1.9272796229582906e-07,-3.178463834618839e-05
2021-05-04 14:57:00+00:00,413.5,413.46,413.47,200,100,413.46666666666664,8.65859153564499e-08,9.915740391397421e-05
2021-05-04 14:58:00+00:00,413.54,413.48,413.49,302,300,413.48501661129563,7.362685705547246e-08,-0.0004787410003311843
2021-05-04 14:59:00+00:00,413.32,413.32,413.33,500,302,413.3262344139651,7.997307731419489e-08,-0.00012345824082071744
2021-05-04 15:00:00+00:00,413.27,413.27,413.28,300,300,413.275,3.662704952192635e-08,-0.00022624105924373694
2021-05-04 15:01:00+00:00,413.18,413.17,413.18,7225,500,413.1793527508091,3.2959387001646053e-07,0.00024404066806638092
2021-05-04 15:02:00+00:00,413.26,413.24,413.26,200,500,413.2457142857143,2.9281304169633505e-07,0.0007359761261440667
2021-05-04 15:03:00+00:00,413.59,413.59,413.61,1300,500,413.6044444444444,1.6115301545878276e-07,-0.0005362485913760207
2021-05-04 15:04:00+00:00,413.38,413.38,413.39,100,641,413.38134952766535,1.672189095358581e-07,7.08469843375692e-05
2021-05-04 15:05:00+00:00,413.43,413.43,413.44,100,400,413.432,1.776118939058738e-07,-0.0008950277579554689
2021-05-04 15:06:00+00:00,413.06,413.03,413.05,900,200,413.04636363636365,1.3713701646719666e-07,-0.00030028514196012157
2021-05-04 15:07:00+00:00,412.91,412.93,412.94,100,700,412.93125,2.746655073832458e-07,0.0008307688568258698
2021-05-04 15:08:00+00:00,413.24,413.23,413.25,700,400,413.2427272727273,8.835919063827274e-08,0.00011938064033190088
2021-05-04 15:09:00+00:00,413.28,413.27,413.28,300,200,413.276,1.5373825836074724e-07,0.0005436009936443664
2021-05-04 15:10:00+00:00,413.52,413.51,413.53,400,300,413.52142857142854,1.5352433340974698e-07,-0.000586297197327279
2021-05-04 15:11:00+00:00,413.19,413.18,413.19,300,100,413.1875,2.3189946563989405e-07,-0.0007925839095788145
2021-05-04 15:12:00+00:00,412.95,412.94,412.95,300,200,412.946,2.2520258348274452e-07,-0.0005375979542218134
2021-05-04 15:13:00+00:00,412.69,412.68,412.69,600,200,412.6875,2.3609931276211506e-07,-0.000971588899172815
2021-05-04 15:14:00+00:00,412.31,412.29,412.31,400,400,412.3,2.508627533648894e-07,-5.252064280181212e-05
2021-05-04 15:15:00+00:00,412.3,412.29,412.3,300,400,412.2942857142857,3.6945649054655325e-07,-0.0005398335914479357
2021-05-04 15:16:00+00:00,412.04,412.03,412.04,700,400,412.03636363636366,1.8840555842176673e-07,0.0002990451834499197
2021-05-04 15:17:00+00:00,412.2,412.2,412.21,300,400,412.20428571428573,1.8646366271222748e-07,1.0782147781274176e-06
2021-05-04 15:18:00+00:00,412.2,412.18,412.19,100,500,412.1816666666667,8.973475166005844e-08,-0.00041583828371360987
2021-05-04 15:19:00+00:00,412.02,412.01,412.02,6344,573,412.0191716061876,3.9181078291788656e-07,0.0006721935412463687
2021-05-04 15:20:00+00:00,412.32,412.29,412.31,1596,500,412.3052290076336,3.0194211834165166e-07,-0.00044695911883219086
2021-05-04 15:21:00+00:00,412.14,412.13,412.14,300,100,412.1375,3.9205623025291754e-07,0.00087188696105156
2021-05-04 15:22:00+00:00,412.498,412.49,412.5,200,411,412.4932733224223,1.723420088043512e-07,-0.0005504231658589598
2021-05-04 15:23:00+00:00,412.24,412.25,412.26,400,400,412.255,1.6351507093518944e-07,0.0003080595161282229
2021-05-04 15:24:00+00:00,412.36,412.35,412.36,300,100,412.3575,8.680095923431804e-08,-0.0005456066539761828
2021-05-04 15:25:00+00:00,412.155,412.14,412.15,700,100,412.14875,1.281611341210319e-07,-2.1566597653621677e-05
2021-05-04 15:26:00+00:00,412.14,412.13,412.14,200,500,412.1328571428571,2.8867329830872414e-07,0.0010000399520999625
2021-05-04 15:27:00+00:00,412.56,412.55,412.56,700,400,412.55636363636364,9.674460128604123e-08,0.00017053789987175882
2021-05-04 15:28:00+00:00,412.64,412.63,412.65,500,500,412.64,8.657249942245795e-08,-7.482344691556175e-05
2021-05-04 15:29:00+00:00,412.59,412.59,412.6,200,800,412.592,1.311933930971499e-07,0.000791491650087961
2021-05-04 15:30:00+00:00,412.895,412.91,412.92,200,600,412.9125,1.4525652920076984e-07,6.0812127122167325e-05
2021-05-04 15:31:00+00:00,412.96,412.95,412.96,500,300,412.95625,8.49650076297805e-08,0.00036861746923921856
2021-05-04 15:32:00+00:00,413.08,413.09,413.1,400,400,413.095,8.268244043163115e-08,-0.0003577230524266506
2021-05-04 15:33:00+00:00,412.89,412.89,412.9,300,100,412.8975,1.9734286805377722e-07,-0.00042108038734012254
2021-05-04 15:34:00+00:00,412.77,412.75,412.76,1610,400,412.7580099502487,8.476405696006597e-08,0.0001332614806339727
2021-05-04 15:35:00+00:00,412.84,412.83,412.84,400,300,412.8357142857143,9.694086825792044e-08,-4.888172184824846e-05
2021-05-04 15:36:00+00:00,412.805,412.8,412.82,400,615,412.807881773399,1.1590508181910628e-07,0.0005393926722112585
2021-05-04 15:37:00+00:00,413.05,413.05,413.06,100,500,413.0516666666667,1.4794458546495528e-07,0.0001488950894883434
2021-05-04 15:38:00+00:00,413.11,413.08,413.1,801,300,413.0945504087194,1.1086777616780765e-07,-0.0001835329162104271
2021-05-04 15:39:00+00:00,413.03,413.03,413.04,500,300,413.03625,1.0323816458238207e-07,-0.00010212818407717705
2021-05-04 15:40:00+00:00,412.98,412.97,412.98,100,100,412.975,1.0959707140154022e-07,-0.0002518245170538558
2021-05-04 15:41:00+00:00,412.88,412.88,412.89,100,400,412.882,1.0962385824393821e-07,-0.00017907170540487627
2021-05-04 15:42:00+00:00,412.81,412.79,412.81,600,1800,412.795,1.2517288573670427e-07,-0.0005585271605565989
2021-05-04 15:43:00+00:00,412.58,412.58,412.59,100,500,412.58166666666665,1.499385508411615e-07,0.00044115036889635917
2021-05-04 15:44:00+00:00,412.82,412.81,412.82,800,23,412.8197205346294,1.3187919066047684e-07,4.6183581106085114e-05
2021-05-04 15:45:00+00:00,412.77,412.76,412.77,400,177,412.76693240901216,9.898523897712942e-08,-0.00032601360120432243
2021-05-04 15:46:00+00:00,412.63,412.65,412.66,100,3000,412.65032258064514,1.1749529082706895e-07,-0.00019730329453926387
2021-05-04 15:47:00+00:00,412.55,412.56,412.57,100,287,412.56258397932817,8.367485181346644e-08,-0.00016554643512189937
2021-05-04 15:48:00+00:00,412.51,412.48,412.49,358,200,412.48641577060937,1.0533231351595084e-07,-0.0003239294512593638
2021-05-04 15:49:00+00:00,412.35,412.34,412.36,1620,501,412.35527581329563,1.9106722432960132e-07,0.00030555775607443714
2021-05-04 15:50:00+00:00,412.5,412.51,412.52,300,100,412.5175,1.229167521873829e-07,-0.0008828568196144193
2021-05-04 15:51:00+00:00,412.1,412.1,412.11,100,400,412.102,9.88243054315126e-08,3.897178891976161e-05
2021-05-04 15:52:00+00:00,412.16,412.15,412.17,389,600,412.15786653185035,6.738715629135721e-08,0.0001825802771773244
2021-05-04 15:53:00+00:00,412.23,412.21,412.23,300,1364,412.21360576923075,9.377560157236334e-08,-0.0004823122404279401
2021-05-04 15:54:00+00:00,412.03,412.01,412.02,400,200,412.01666666666665,1.7060840949619388e-07,-6.7267833028239465e-06
2021-05-04 15:55:00+00:00,412.02,412.01,412.03,300,500,412.0175,1.3750811993270874e-07,-0.000379168902756466
2021-05-04 15:56:00+00:00,411.84,411.83,411.85,703,501,411.8416777408638,1.0335151397812053e-07,-0.00019909871411361024
2021-05-04 15:57:00+00:00,411.77,411.76,411.77,500,100,411.7683333333333,1.7439365177588496e-07,0.0005314982074078323
2021-05-04 15:58:00+00:00,411.99,411.98,411.99,100,400,411.982,1.2099936294240962e-07,0.00044533255462253507
2021-05-04 15:59:00+00:00,412.16,412.14,412.15,1400,200,412.14875,9.132875929525089e-08,-0.00012211029754150005
2021-05-04 16:00:00+00:00,412.122,412.11,412.13,1700,400,412.12619047619046,2.499435202053234e-07,0.0007214622065421228
2021-05-04 16:01:00+00:00,412.4,412.41,412.42,100,400,412.412,1.705337850874629e-07,0.00039603320213044135
2021-05-04 16:02:00+00:00,412.59,412.55,412.56,878,100,412.55897750511247,9.775488500853432e-08,3.201721628576237e-05
2021-05-04 16:03:00+00:00,412.61,412.6,412.62,300,900,412.605,7.479188881781503e-08,0.00029108951199030564
2021-05-04 16:04:00+00:00,412.71,412.7,412.72,817,400,412.71342645850456,5.094013640623148e-08,-0.0001654234313344105
2021-05-04 16:05:00+00:00,412.64,412.63,412.64,1010,100,412.63909909909904,1.1532509725237855e-07,-0.00035953337003924446
2021-05-04 16:06:00+00:00,412.5,412.5,412.51,392,300,412.50566473988437,1.0419132318301313e-07,0.00046219158370353064
2021-05-04 16:07:00+00:00,412.68,412.67,412.69,501,600,412.67910081743867,5.75782067821425e-08,0.0004910821738786098
2021-05-04 16:08:00+00:00,412.9,412.89,412.9,200,400,412.8933333333333,4.147303372828326e-08,0.00028793860180265085
2021-05-04 16:09:00+00:00,413.02,413.01,413.02,300,300,413.015,5.960876814627274e-08,-0.00026534265308109095
2021-05-04 16:10:00+00:00,412.91,412.91,412.92,200,1200,412.9114285714286,7.558322796744421e-08,0.0007080750725283469
2021-05-04 16:11:00+00:00,413.2,413.19,413.21,1800,435,413.20610738255033,7.454760864731215e-08,-1.3115372538230474e-05
2021-05-04 16:12:00+00:00,413.21,413.21,413.22,300,100,413.2175,5.82140557479265e-08,0.0005516926215050066
2021-05-04 16:13:00+00:00,413.44,413.43,413.45,638,1430,413.43617021276594,8.87004372878537e-08,-0.00022463685811291434
2021-05-04 16:14:00+00:00,413.3,413.29,413.3,200,1100,413.29153846153844,7.371015024432331e-08,5.762537698439374e-05
2021-05-04 16:15:00+00:00,413.36,413.35,413.36,400,300,413.35571428571427,1.0461609125265172e-07,-0.0003983902269976136
2021-05-04 16:16:00+00:00,413.18,413.18,413.2,600,707,413.18918133129307,7.115959543059888e-08,-2.0744664299465754e-05
2021-05-04 16:17:00+00:00,413.18,413.18,413.19,100,1001,413.1809082652134,9.049214018258217e-08,0.00025892951469930203
2021-05-04 16:18:00+00:00,413.308,413.3,413.31,400,500,413.30444444444447,4.3524043593045695e-08,-0.0002532245296192892
2021-05-04 16:19:00+00:00,413.17,413.17,413.18,1600,500,413.17761904761903,1.12018029294819e-07,0.0004922400778650804
2021-05-04 16:20:00+00:00,413.4,413.39,413.4,200,400,413.3933333333333,1.496505433052341e-07,-0.0002311327291161236
2021-05-04 16:21:00+00:00,413.26,413.25,413.26,200,100,413.25666666666666,9.329903170106625e-08,-0.0001716990850892941
2021-05-04 16:22:00+00:00,413.23,413.22,413.23,1700,300,413.2285,5.4720949453525406e-08,-9.397081017548103e-05
2021-05-04 16:23:00+00:00,413.13,413.12,413.14,1500,400,413.1357894736842,6.834742104368675e-08,8.725670029541277e-05
2021-05-04 16:24:00+00:00,413.23,413.21,413.23,500,1700,413.21454545454543,6.033369173306638e-08,-0.00014349398232338384
2021-05-04 16:25:00+00:00,413.149,413.14,413.15,300,300,413.145,1.1339225410823905e-07,0.0006154915982772291
2021-05-04 16:26:00+00:00,413.39,413.38,413.39,700,200,413.3877777777778,7.923941534451686e-08,-5.874486414392255e-05
2021-05-04 16:27:00+00:00,413.4,413.38,413.39,300,400,413.38428571428574,7.017662225682804e-08,-8.994693337927018e-06
2021-05-04 16:28:00+00:00,413.38,413.37,413.39,700,401,413.3827157129882,6.247884838184502e-08,-0.000181089819651592
2021-05-04 16:29:00+00:00,413.31,413.34,413.35,2600,10,413.3499616858237,6.329360970273957e-08,0.00035531112765641026
2021-05-04 16:30:00+00:00,413.46,413.47,413.48,600,215,413.47736196319016,6.903795025326431e-08,-0.0004377497045838785
2021-05-04 16:31:00+00:00,413.28,413.27,413.28,600,100,413.2785714285714,4.8246934316762344e-08,6.861814028824575e-05
2021-05-04 16:32:00+00:00,413.31,413.3,413.31,510,100,413.3083606557377,7.29461523740649e-08,-0.00022709343405002969
2021-05-04 16:33:00+00:00,413.2,413.19,413.21,1900,400,413.20652173913044,1.6608441081677336e-07,-0.0007296576175407354
2021-05-04 16:34:00+00:00,412.91,412.9,412.91,500,100,412.90833333333336,5.880616313708146e-08,0.00023980424429703717
2021-05-04 16:35:00+00:00,413.0,413.0,413.01,198,700,413.00220489977727,1.707372234557706e-07,0.0007481347109037362
2021-05-04 16:36:00+00:00,413.3,413.31,413.32,100,800,413.31111111111113,1.1857889030221707e-07,-0.0004659253412091502
2021-05-04 16:37:00+00:00,413.14,413.12,413.13,100,600,413.12142857142857,5.54492335408374e-08,-0.0003221648446243286
2021-05-04 16:38:00+00:00,412.99,412.99,413.0,200,400,412.99333333333334,7.609946161637448e-08,0.0002923994844670208
2021-05-04 16:39:00+00:00,413.11,413.11,413.12,100,600,413.1114285714286,7.578414555643558e-08,-0.00015514281941819696
2021-05-04 16:40:00+00:00,413.045,413.03,413.04,600,100,413.0385714285714,5.9555110332661445e-08,-0.0002025916770114211
2021-05-04 16:41:00+00:00,412.97,412.97,412.98,1407,100,412.97933642999334,7.337937597890331e-08,-0.00020790334500631058
2021-05-04 16:42:00+00:00,412.87,412.87,412.88,500,315,412.87613496932516,9.101181989133167e-08,-7.136408774344183e-05
2021-05-04 16:43:00+00:00,412.84,412.84,412.85,200,201,412.8449875311721,4.053738160893808e-08,-0.0002459889536425841
2021-05-04 16:44:00+00:00,412.74,412.73,412.74,300,100,412.7375,4.400974213867902e-08,2.2013753918637136e-05
2021-05-04 16:45:00+00:00,412.76,412.76,412.77,800,401,412.7666611157369,6.725085825372333e-08,-4.4894828769570516e-05
2021-05-04 16:46:00+00:00,412.72,412.71,412.72,208,500,412.71293785310735,6.370939913599639e-08,-0.00028083174654225385
2021-05-04 16:47:00+00:00,412.62,412.61,412.62,200,101,412.61664451827244,5.607123035560619e-08,3.849607455674864e-05
2021-05-04 16:48:00+00:00,412.63,412.62,412.64,800,302,412.63451905626135,6.428024801508195e-08,0.0002884121476396384
2021-05-04 16:49:00+00:00,412.75,412.74,412.75,100,403,412.7419880715706,1.203062450177029e-07,0.00015388327843535166
2021-05-04 16:50:00+00:00,412.81,412.8,412.82,596,200,412.81497487437184,1.211204169956942e-07,0.0006528235769971413
2021-05-04 16:51:00+00:00,413.09,413.08,413.1,233,622,413.08545029239764,1.0403620964334062e-07,-0.0006027713261543832
2021-05-04 16:52:00+00:00,412.84,412.85,412.86,200,350,412.8536363636364,1.0751314387045921e-07,0.0006726758052653103
2021-05-04 16:53:00+00:00,413.13,413.11,413.12,300,300,413.115,8.514837810714122e-08,-6.237537211173372e-05
2021-05-04 16:54:00+00:00,413.08,413.08,413.09,600,300,413.08666666666664,7.753457194199558e-08,-0.0004182988139079802
2021-05-04 16:55:00+00:00,412.91,412.9,412.91,600,200,412.9075,1.1645079233681412e-07,-6.793602188037706e-05
2021-05-04 16:56:00+00:00,412.89,412.89,412.9,300,300,412.895,1.003892113984481e-07,0.00031907460657865094
2021-05-04 16:57:00+00:00,413.03,413.02,413.03,200,1000,413.02166666666665,3.5658459913652014e-08,-8.915133163678313e-05
2021-05-04 16:58:00+00:00,413.0,412.99,413.0,300,300,412.995,8.560244624995513e-08,-0.0003379489945279923
2021-05-04 16:59:00+00:00,412.83,412.83,412.84,500,100,412.8383333333333,9.595121681099711e-08,-0.00012380234686182323
2021-05-04 17:00:00+00:00,412.8,412.78,412.8,300,300,412.79,1.2884423947649553e-07,-0.0003036224745232019
2021-05-04 17:01:00+00:00,412.65,412.66,412.67,200,600,412.6625,1.3701651689433908e-07,0.0006289535888603925
2021-05-04 17:02:00+00:00,412.92,412.92,412.93,100,400,412.922,1.654966461052201e-07,0.00012433738815409434
2021-05-04 17:03:00+00:00,412.99,412.98,413.0,500,501,412.98999000999,7.752528365553047e-08,-0.00011279913142681064
2021-05-04 17:04:00+00:00,412.92,412.9,412.91,10,200,412.90047619047624,2.062438050266234e-07,0.0008541014082090737
2021-05-04 17:05:00+00:00,413.28,413.26,413.27,200,300,413.264,1.936707000291059e-07,-0.0005390264319904414
2021-05-04 17:06:00+00:00,413.05,413.06,413.07,300,300,413.065,1.0238051459123276e-07,0.000559506773259999
2021-05-04 17:07:00+00:00,413.3,413.28,413.29,200,200,413.285,9.53013072464677e-08,0.00011982726438963809
2021-05-04 17:08:00+00:00,413.38,413.38,413.39,300,300,413.385,7.358143610961871e-08,-0.00010906046711678385
2021-05-04 17:09:00+00:00,413.29,413.29,413.3,100,301,413.2924937655861,4.195885725971321e-08,5.7800671025454164e-05
2021-05-04 17:10:00+00:00,413.32,413.3,413.32,500,500,413.31,5.1237619831832934e-08,-2.3119862309850525e-05
2021-05-04 17:11:00+00:00,413.308,413.3,413.31,300,400,413.3042857142857,4.293981781199517e-08,-8.037954101158817e-05
2021-05-04 17:12:00+00:00,413.27,413.27,413.28,800,100,413.2788888888889,9.397429382510527e-08,0.0002011017580272334
2021-05-04 17:13:00+00:00,413.35,413.34,413.36,1100,300,413.35571428571427,4.952265646674309e-08,0.00012994490474271814
2021-05-04 17:14:00+00:00,413.42,413.4,413.41,300,300,413.405,9.186098320152658e-08,0.00042437211718948653
2021-05-04 17:15:00+00:00,413.59,413.58,413.59,300,300,413.585,1.68219805172654e-07,-1.818226505245768e-05
2021-05-04 17:16:00+00:00,413.58,413.57,413.58,300,200,413.576,1.6693006003208204e-07,-0.00033923738264063363
2021-05-04 17:17:00+00:00,413.45,413.44,413.45,300,100,413.4475,9.295541672404832e-08,0.00019401320139689204
2021-05-04 17:18:00+00:00,413.499,413.49,413.5,200,800,413.492,5.3424180764478417e-08,-6.009334369949659e-05
2021-05-04 17:19:00+00:00,413.48,413.48,413.49,100,400,413.482,4.042405839442712e-08,-9.578234858054202e-05
2021-05-04 17:20:00+00:00,413.46,413.45,413.46,400,300,413.4557142857143,6.607132134747087e-08,0.00018877792209215372
2021-05-04 17:21:00+00:00,413.54,413.54,413.55,400,300,413.54571428571427,4.029168340724042e-08,-0.0001043264381156428
2021-05-04 17:22:00+00:00,413.49,413.49,413.5,100,500,413.4916666666667,4.966683271153157e-08,-4.836829554977218e-05
2021-05-04 17:23:00+00:00,413.49,413.48,413.49,300,300,413.485,1.0458127044096766e-07,0.0006046329394351346
2021-05-04 17:24:00+00:00,413.72,413.71,413.72,400,100,413.718,5.764753065488791e-08,-0.000386731250785477
2021-05-04 17:25:00+00:00,413.57,413.56,413.57,700,200,413.5677777777778,7.904338623072394e-08,0.00024016176247498855
2021-05-04 17:26:00+00:00,413.66,413.66,413.67,300,302,413.66498338870434,5.41121353220614e-08,0.0001950323766273243
2021-05-04 17:27:00+00:00,413.75,413.74,413.75,400,100,413.748,6.024029081451744e-08,0.0004083229641291819
2021-05-04 17:28:00+00:00,413.92,413.91,413.92,500,650,413.91434782608695,1.5534163090510592e-07,-0.0005406318274755462
2021-05-04 17:29:00+00:00,413.68,413.68,413.7,1100,700,413.6922222222222,1.0579672100358859e-07,-2.8201528120552766e-06
2021-05-04 17:30:00+00:00,413.69,413.68,413.69,400,100,413.688,7.228903679851514e-08,-0.0005304204410777613
2021-05-04 17:31:00+00:00,413.47,413.45,413.47,300,400,413.4585714285714,7.835544890114577e-08,0.0002418563511479288
2021-05-04 17:32:00+00:00,413.54,413.53,413.55,303,400,413.5386201991465,7.263887120860239e-08,-2.677047855248471e-05
2021-05-04 17:33:00+00:00,413.58,413.57,413.59,1500,400,413.5857894736842,8.129918736950291e-08,0.0005420447378337023
2021-05-04 17:34:00+00:00,413.79,413.79,413.8,100,400,413.792,5.953753248201136e-08,5.639044745819888e-05
2021-05-04 17:35:00+00:00,413.84,413.83,413.84,406,200,413.83669966996695,7.804072217859399e-08,0.00010948664817722609
2021-05-04 17:36:00+00:00,413.84,413.84,413.86,700,1300,413.847,6.68541589992419e-08,7.376389586455367e-05
2021-05-04 17:37:00+00:00,413.87,413.86,413.88,700,600,413.8707692307692,4.621525055559714e-08,-0.00022752120678848353
2021-05-04 17:38:00+00:00,413.78,413.78,413.79,800,100,413.7888888888889,2.8884092091498503e-08,-3.5444995811095836e-05
2021-05-04 17:39:00+00:00,413.779,413.77,413.78,200,500,413.77285714285716,3.898384494624532e-08,0.00010919805736375743
2021-05-04 17:40:00+00:00,413.82,413.81,413.83,610,500,413.820990990991,4.974557842937039e-08,-0.00012610181675098975
2021-05-04 17:41:00+00:00,413.77,413.76,413.78,400,400,413.77,5.439954672773516e-08,-0.00018611538464707866
2021-05-04 17:42:00+00:00,413.68,413.68,413.69,198,200,413.68497487437185,7.260583216457462e-08,-0.0002315023580783393
2021-05-04 17:43:00+00:00,413.61,413.6,413.62,800,601,413.61142041399,8.27431769437351e-08,-0.0002521876625510844
2021-05-04 17:44:00+00:00,413.47,413.46,413.47,500,300,413.46625,4.34586453234681e-08,0.00018885344389496517
2021-05-04 17:45:00+00:00,413.56,413.55,413.56,100,600,413.5514285714286,8.174763014320032e-08,-0.00025390864337182517
2021-05-04 17:46:00+00:00,413.47,413.46,413.47,400,293,413.46577200577207,8.507337219235726e-07,-0.0005925589112395491
2021-05-04 17:47:00+00:00,413.22,413.22,413.23,347,400,413.2246452476573,1.6014388784109768e-07,0.00035251942486902443
2021-05-04 17:48:00+00:00,413.37,413.36,413.37,400,200,413.3666666666667,8.01581618019667e-08,0.00026691718712812396
2021-05-04 17:49:00+00:00,413.5,413.49,413.51,300,600,413.49666666666667,3.699444178860962e-08,3.0899117069438375e-06
2021-05-04 17:50:00+00:00,413.48,413.48,413.49,399,100,413.487995991984,7.567947168369317e-08,-0.0003707073716249232
2021-05-04 17:51:00+00:00,413.33,413.31,413.33,400,500,413.31888888888886,5.6217576913548166e-08,-0.00020565179521914168
2021-05-04 17:52:00+00:00,413.24,413.23,413.24,100,300,413.2325,6.44160382077758e-08,0.00023472360275378357
2021-05-04 17:53:00+00:00,413.33,413.33,413.34,300,301,413.3349916805324,3.2064288333502694e-08,-0.00014647551391078206
2021-05-04 17:54:00+00:00,413.27,413.26,413.28,570,700,413.26897637795275,5.366304524298432e-08,-1.2589767367954252e-05
2021-05-04 17:55:00+00:00,413.25,413.25,413.26,346,600,413.2536575052854,8.948301334808361e-08,0.00024067846264785864
2021-05-04 17:56:00+00:00,413.36,413.36,413.37,400,300,413.36571428571426,5.846456659034221e-08,-6.566305865374211e-06
2021-05-04 17:57:00+00:00,413.37,413.35,413.36,400,200,413.3566666666667,5.956401337391499e-08,0.0005345436003758586
2021-05-04 17:58:00+00:00,413.58,413.58,413.59,400,300,413.5857142857143,7.470795271357509e-08,-9.592932942581456e-05
2021-05-04 17:59:00+00:00,413.53,413.54,413.55,500,200,413.54714285714283,5.397892896716763e-08,-6.477109033065087e-05
2021-05-04 18:00:00+00:00,413.51,413.51,413.52,300,401,413.5142796005706,7.903352249754034e-08,-0.0005421105829337414
2021-05-04 18:01:00+00:00,413.29,413.28,413.29,500,100,413.28833333333336,1.2846358208334976e-07,-0.00013810478704634477
2021-05-04 18:02:00+00:00,413.25,413.23,413.25,600,400,413.242,7.669784846343816e-08,0.0002873658833173476
2021-05-04 18:03:00+00:00,413.35,413.36,413.37,400,400,413.365,5.747410395342047e-08,-4.435251377965521e-05
2021-05-04 18:04:00+00:00,413.33,413.33,413.34,196,800,413.331967871486,6.953206126744335e-08,0.0005057562899839496
2021-05-04 18:05:00+00:00,413.59,413.6,413.61,200,531,413.60273597811215,3.578475111898632e-07,0.0001581368713003961
2021-05-04 18:06:00+00:00,413.62,413.62,413.63,300,200,413.626,7.980010123800335e-08,-0.000288831352268093
2021-05-04 18:07:00+00:00,413.49,413.49,413.5,200,403,413.4933167495854,8.298140159444316e-08,0.0005258719395153655
2021-05-04 18:08:00+00:00,413.738,413.73,413.74,300,100,413.7375,5.8706834428206565e-08,1.8258262502568456e-05
2021-05-04 18:09:00+00:00,413.729,413.71,413.73,300,300,413.72,5.037789218786237e-08,-2.5729006588037784e-05
2021-05-04 18:10:00+00:00,413.71,413.71,413.72,200,400,413.7133333333333,6.977462757891188e-08,-2.6588930303272917e-05
2021-05-04 18:11:00+00:00,413.69,413.67,413.69,1000,400,413.6842857142857,5.145313560292752e-08,-0.00020143664616034673
2021-05-04 18:12:00+00:00,413.62,413.61,413.63,400,600,413.618,1.2010246949781043e-07,0.0004916044437817124
2021-05-04 18:13:00+00:00,413.82,413.81,413.82,200,300,413.814,6.686940791198437e-08,0.00030743743513927946
2021-05-04 18:14:00+00:00,413.958,413.94,413.96,300,2400,413.9422222222222,2.205141934386257e-07,0.0007945077741637885
2021-05-04 18:15:00+00:00,414.27,414.27,414.28,326,407,414.2744474761255,6.757418024923549e-08,-0.00028930942829175077
2021-05-04 18:16:00+00:00,414.13,414.12,414.13,500,100,414.12833333333333,4.8308827654308686e-08,-0.00011891790740703456
2021-05-04 18:17:00+00:00,414.12,414.11,414.12,400,200,414.1166666666667,3.372404160916701e-08,0.00016076094433614685
2021-05-04 18:18:00+00:00,414.17,414.16,414.17,300,100,414.1675,6.920600202076382e-08,-0.00031043260508145654
2021-05-04 18:19:00+00:00,414.04,414.03,414.04,400,300,414.0357142857143,5.3545817566714785e-08,-0.00016182011399867857
2021-05-04 18:20:00+00:00,413.98,413.97,413.98,200,400,413.97333333333336,7.992250624476544e-08,-8.347699793109786e-05
2021-05-04 18:21:00+00:00,413.94,413.93,413.95,1000,600,413.9425,5.391074833660984e-08,0.00015561339432390575
2021-05-04 18:22:00+00:00,414.009,414.0,414.01,95,700,414.0011949685535,4.448833910127076e-07,-0.00042155218620532064
2021-05-04 18:23:00+00:00,413.82,413.81,413.82,200,200,413.815,9.011995793634625e-08,-1.531389911901826e-05
2021-05-04 18:24:00+00:00,413.79,413.79,413.8,100,300,413.7925,6.349912179150182e-08,-1.4489340929069172e-05
2021-05-04 18:25:00+00:00,413.83,413.83,413.84,300,600,413.8333333333333,9.451165306290536e-08,-0.0004472782809047393
2021-05-04 18:26:00+00:00,413.64,413.64,413.65,176,300,413.6436974789916,5.089053415731104e-08,-2.2351321419922243e-05
2021-05-04 18:27:00+00:00,413.64,413.64,413.65,400,400,413.645,4.048225833841323e-08,0.00019543489508810907
2021-05-04 18:28:00+00:00,413.709,413.7,413.71,300,200,413.706,3.644404417876275e-08,-0.0003685420740957568
2021-05-04 18:29:00+00:00,413.56,413.54,413.56,300,400,413.54857142857145,6.309857796845749e-08,0.0004641923878296872
2021-05-04 18:30:00+00:00,413.75,413.75,413.76,400,300,413.7557142857143,8.009175314347477e-08,7.975985034147648e-05
2021-05-04 18:31:00+00:00,413.779,413.77,413.78,600,1,413.7799833610648,3.265118383098745e-08,0.0001846710608139901
2021-05-04 18:32:00+00:00,413.84,413.85,413.86,100,301,413.8524937655861,8.678055838733861e-08,0.00033970581625242247
2021-05-04 18:33:00+00:00,413.999,413.99,414.0,200,400,413.99333333333334,2.8367347010738766e-08,-0.00013768381997725232
2021-05-04 18:34:00+00:00,413.93,413.94,413.95,300,200,413.946,5.7470702636467885e-08,-4.106925000302297e-05
2021-05-04 18:35:00+00:00,413.93,413.92,413.93,400,300,413.92571428571426,3.66953246876177e-08,0.00016353456584816684
2021-05-04 18:36:00+00:00,413.98,413.98,413.99,600,303,413.98664451827244,7.171610649629813e-08,0.00022512611120584225
2021-05-04 18:37:00+00:00,414.08,414.07,414.08,900,291,414.07755667506297,3.641870646183733e-08,-0.0003810331364663133
2021-05-04 18:38:00+00:00,413.92,413.91,413.92,200,540,413.91270270270275,3.7149814654202415e-08,6.496138555656117e-05
2021-05-04 18:39:00+00:00,413.95,413.94,413.95,200,300,413.944,3.4031610205228266e-08,-9.701547670215582e-06
2021-05-04 18:40:00+00:00,413.94,413.94,413.95,100,702,413.941246882793,4.123085099143639e-08,-1.7677263977833313e-05
2021-05-04 18:41:00+00:00,413.94,413.94,413.95,1,600,413.9400166389351,8.171551831445931e-08,-0.00026070815986334317
2021-05-04 18:42:00+00:00,413.83,413.82,413.84,1400,300,413.8364705882353,1.137557989161693e-07,0.0005131618117666381
2021-05-04 18:43:00+00:00,414.06,414.06,414.07,400,203,414.0666334991708,5.00745461049944e-08,0.00016080817772556877
2021-05-04 18:44:00+00:00,414.1,414.1,414.11,1100,200,414.10846153846154,2.455598465361958e-08,-2.8944580892642513e-05
2021-05-04 18:45:00+00:00,414.1,414.09,414.11,800,500,414.1023076923077,6.395419335741334e-08,0.0005761459890973875
2021-05-04 18:46:00+00:00,414.335,414.33,414.34,100,400,414.332,3.4234945514420805e-08,-4.654626698941122e-05
2021-05-04 18:47:00+00:00,414.31,414.31,414.32,300,400,414.3142857142857,4.683292423895278e-08,6.034056213355399e-06
2021-05-04 18:48:00+00:00,414.33,414.31,414.32,200,100,414.31666666666666,3.0815819490410703e-08,-0.0002817423092935645
2021-05-04 18:49:00+00:00,414.21,414.2,414.21,287,100,414.2074160206718,4.128062296118104e-08,0.00018645732931443781
2021-05-04 18:50:00+00:00,414.29,414.29,414.3,400,200,414.2966666666667,6.638049297023745e-08,0.00016321884707370948
2021-05-04 18:51:00+00:00,414.34,414.34,414.35,96,812,414.3410572687224,6.11219456253397e-08,-0.00013767865878511198
2021-05-04 18:52:00+00:00,414.28,414.27,414.28,100,100,414.275,5.651851101430666e-08,-2.548520888767669e-06
2021-05-04 18:53:00+00:00,414.29,414.29,414.3,1,602,414.29001658374796,2.5377589928197145e-08,8.437971902086616e-06
2021-05-04 18:54:00+00:00,414.27,414.27,414.28,2200,600,414.27785714285716,3.214935122970719e-08,-0.0002178230245581947
2021-05-04 18:55:00+00:00,414.2,414.19,414.2,400,400,414.195,4.4664861524093e-08,0.00027980980361919094
2021-05-04 18:56:00+00:00,414.315,414.31,414.32,200,400,414.31333333333333,2.779358499647921e-08,0.00011062391890259704
2021-05-04 18:57:00+00:00,414.375,414.36,414.37,100,302,414.3624875621891,2.248163317856072e-08,-0.00021634904932976706
2021-05-04 18:58:00+00:00,414.28,414.27,414.28,200,901,414.27181653042686,4.879587551726892e-08,-6.723362837046665e-05
2021-05-04 18:59:00+00:00,414.23,414.22,414.23,100,300,414.2225,6.947454121371615e-08,-0.0004108554241930573
2021-05-04 19:00:00+00:00,414.07,414.07,414.08,700,400,414.0763636363636,4.269159009215421e-07,-0.0004060583402540896
2021-05-04 19:01:00+00:00,413.92,413.92,413.93,100,500,413.9216666666667,1.6123318908771616e-07,0.00028186708758815016
2021-05-04 19:02:00+00:00,414.0,414.0,414.01,200,1500,414.00117647058823,1.1500168670670498e-07,-0.00034805420975270174
2021-05-04 19:03:00+00:00,413.88,413.87,413.88,800,100,413.87888888888887,1.47340205800026e-07,0.0009200008177785435
2021-05-04 19:04:00+00:00,414.27,414.27,414.28,200,300,414.274,9.285892603731733e-08,-0.000182386799487122
2021-05-04 19:05:00+00:00,414.18,414.18,414.19,400,400,414.185,1.0440853278477586e-07,-0.0005467236818808008
2021-05-04 19:06:00+00:00,413.95,413.93,413.94,100,100,413.935,8.921776115205305e-08,-0.000510518780488245
2021-05-04 19:07:00+00:00,413.75,413.74,413.75,200,100,413.74666666666667,1.0808057645536983e-07,-0.00013091746962712314
2021-05-04 19:08:00+00:00,413.68,413.69,413.7,100,200,413.6933333333333,9.855150153408236e-08,-8.260070880106163e-05
2021-05-04 19:09:00+00:00,413.66,413.66,413.67,500,201,413.66713266761775,7.555494046629721e-08,0.00023317287656943186
2021-05-04 19:10:00+00:00,413.79,413.78,413.8,600,300,413.79333333333335,2.090065485229069e-07,0.000331714936173233
2021-05-04 19:11:00+00:00,413.88,413.85,413.87,1100,300,413.86571428571426,1.7797115539395919e-07,3.1459492693119984e-06
2021-05-04 19:12:00+00:00,413.9,413.89,413.91,1500,300,413.9066666666667,8.635557905852675e-08,-0.0003677961172547928
2021-05-04 19:13:00+00:00,413.72,413.71,413.73,646,400,413.7223518164436,9.140916044750967e-08,-0.00013694681831288857
2021-05-04 19:14:00+00:00,413.68,413.67,413.69,1300,300,413.68625,7.528959982600808e-08,-2.6948335116738775e-06
2021-05-04 19:15:00+00:00,413.69,413.68,413.69,400,100,413.688,1.2936816244865925e-07,5.9098692855474866e-05
2021-05-04 19:16:00+00:00,413.7,413.69,413.71,1600,400,413.706,1.5117592784506196e-07,0.00013831555821730568
2021-05-04 19:17:00+00:00,413.76,413.76,413.78,700,400,413.77272727272725,7.835772187049904e-08,0.00020140256747991359
2021-05-04 19:18:00+00:00,413.82,413.83,413.84,600,200,413.8375,1.1347031850075152e-07,-0.00014097738052565312
2021-05-04 19:19:00+00:00,413.79,413.79,413.8,900,401,413.7969177555727,1.047768198553105e-07,1.6135207379752714e-05
2021-05-04 19:20:00+00:00,413.8,413.79,413.8,500,201,413.79713266761775,1.324688164914864e-07,-0.00041620011975818105
2021-05-04 19:21:00+00:00,413.62,413.61,413.62,300,100,413.6175,1.2032140293821426e-07,0.0004606368953594675
2021-05-04 19:22:00+00:00,413.8,413.79,413.8,200,100,413.7966666666667,1.2997750795581343e-07,-0.00015011052101809863
2021-05-04 19:23:00+00:00,413.75,413.74,413.75,500,200,413.7471428571429,5.9074898662085704e-08,-0.00011280205309316393
2021-05-04 19:24:00+00:00,413.67,413.66,413.68,500,400,413.6711111111111,4.816580700449111e-08,-0.0001634337241817052
2021-05-04 19:25:00+00:00,413.64,413.63,413.64,300,400,413.63428571428574,7.71192086969517e-08,7.293238509942235e-05
2021-05-04 19:26:00+00:00,413.67,413.66,413.67,400,101,413.66798403193616,5.033717326148109e-08,-0.00028847440779034006
2021-05-04 19:27:00+00:00,413.54,413.54,413.55,1600,205,413.54886426592793,6.336857966210614e-08,9.482676879946084e-06
2021-05-04 19:28:00+00:00,413.55,413.54,413.56,1401,501,413.5547318611988,1.0302204221796122e-07,0.0006303230936943738
2021-05-04 19:29:00+00:00,413.81,413.81,413.82,700,302,413.8169860279441,1.1473369954527503e-07,0.00018020518535233343
2021-05-04 19:30:00+00:00,413.88,413.88,413.89,100,500,413.88166666666666,1.0927200395095904e-07,-0.0003952064392761523
2021-05-04 19:31:00+00:00,413.72,413.71,413.72,700,802,413.7146604527296,1.0391599191020097e-07,0.00021696031122564463
2021-05-04 19:32:00+00:00,413.82,413.79,413.81,600,1600,413.79545454545456,1.068075054115624e-07,7.287978326386835e-06
2021-05-04 19:33:00+00:00,413.83,413.82,413.83,801,100,413.8288901220866,1.4105724485727607e-07,0.0009768121234250415
2021-05-04 19:34:00+00:00,414.22,414.21,414.22,500,700,414.21416666666664,1.0650542416045614e-07,0.00027001500124601563
2021-05-04 19:35:00+00:00,414.319,414.31,414.32,100,300,414.3125,1.9170651609778522e-07,0.000536774507365001
2021-05-04 19:36:00+00:00,414.56,414.55,414.57,400,801,414.55666111573686,1.2869257390201313e-07,-0.0004163677582813552
2021-05-04 19:37:00+00:00,414.38,414.37,414.39,700,700,414.38,8.342281242301818e-08,-0.00025614462713086095
2021-05-04 19:38:00+00:00,414.3,414.28,414.29,700,201,414.28776914539407,5.6215556665832035e-08,0.0003319031325621502
2021-05-04 19:39:00+00:00,414.41,414.41,414.42,500,100,414.41833333333335,5.707577297398953e-08,0.00014478240411186505
2021-05-04 19:40:00+00:00,414.47,414.46,414.48,1219,1902,414.46781159884654,1.1014585867552148e-07,-0.00038401994491032987
2021-05-04 19:41:00+00:00,414.32,414.31,414.32,3100,102,414.31968144909433,8.72060516601795e-08,-0.00011866953350803122
2021-05-04 19:42:00+00:00,414.27,414.26,414.27,800,200,414.268,8.926719539182484e-08,-0.00016253620856121476
2021-05-04 19:43:00+00:00,414.2,414.19,414.2,1800,200,414.199,1.1866937125733072e-07,-0.0005265178279701965
2021-05-04 19:44:00+00:00,413.98,413.98,413.99,900,600,413.986,9.960723724644769e-08,6.050104031585235e-05
2021-05-04 19:45:00+00:00,413.99,413.99,414.01,1900,600,414.0052,7.819626794544503e-08,-0.0002878455245264311
2021-05-04 19:46:00+00:00,413.9,413.9,413.91,200,520,413.90277777777777,1.06721785917635e-07,0.0002771087519053417
2021-05-04 19:47:00+00:00,414.0,413.99,414.0,600,500,413.99545454545455,1.2577600364524449e-07,-0.00018957609613778903
2021-05-04 19:48:00+00:00,413.93,413.92,413.93,1500,2,413.9299866844207,9.897257773436622e-08,-4.8318126545265905e-05
2021-05-04 19:49:00+00:00,413.9,413.89,413.91,804,500,413.9023312883436,1.3284311034247244e-07,0.0003764600775773008
2021-05-04 19:50:00+00:00,414.06,414.05,414.07,1000,900,414.06052631578945,6.135534187544048e-07,0.0011278071074982687
2021-05-04 19:51:00+00:00,414.51,414.51,414.52,300,100,414.5175,1.630221725186717e-07,0.0002939977070250954
2021-05-04 19:52:00+00:00,414.66,414.65,414.66,1000,100,414.65909090909093,1.0255384961767768e-07,-0.00034023867721866274
2021-05-04 19:53:00+00:00,414.52,414.5,414.51,1201,400,414.50750156152407,6.610777231436145e-08,-9.148390792479422e-05
2021-05-04 19:54:00+00:00,414.49,414.49,414.5,600,299,414.4966740823137,1.7852192359090188e-07,0.00016165262058209784
2021-05-04 19:55:00+00:00,414.54,414.54,414.55,693,500,414.54580888516347,1.5298876974160207e-07,0.0010265573205008316
2021-05-04 19:56:00+00:00,414.96,414.95,414.97,740,3300,414.9536633663366,8.677901950608559e-08,0.00026704784213160693
2021-05-04 19:57:00+00:00,415.08,415.07,415.08,1000,600,415.07625,6.213204246273122e-08,0.00012814594318677486
2021-05-04 19:58:00+00:00,415.12,415.12,415.13,710,1097,415.1239291643608,1.0563195897064671e-07,0.0005916433502379803
2021-05-04 19:59:00+00:00,415.34,415.34,415.35,300,300,415.345,2.0841892476170843e-07,0.00038211449557756794
2021-05-04 20:00:00+00:00,415.65,415.64,415.66,17093,48500,415.64521183662896,5.099975315831719e-07,-0.0006049869495308169
2021-05-04 20:01:00+00:00,415.27,415.26,415.27,400,400,415.265,4.8990964958281196e-08,2.8205581903639754e-05
2021-05-04 20:02:00+00:00,415.31,415.29,415.3,125,100,415.29555555555555,6.787747113757567e-08,0.00018749899876846499
2021-05-04 20:03:00+00:00,415.35,415.35,415.37,1200,500,415.36411764705883,3.734533710555714e-08,0.00019621320998086667
2021-05-04 20:04:00+00:00,415.45,415.43,415.44,700,300,415.437,4.310059503359415e-08,-2.780697789972475e-05
2021-05-04 20:05:00+00:00,415.43,415.43,415.44,500,200,415.4371428571429,5.37989290089911e-08,-0.00018843905849463827
2021-05-04 20:06:00+00:00,415.36,415.34,415.36,3700,51,415.35972807251403,5.650658910974171e-08,-8.032660341250608e-05
2021-05-04 20:07:00+00:00,415.31,415.31,415.32,450,10,415.3197826086957,2.6322833829704086e-08,-0.00011007843247190507
2021-05-04 20:08:00+00:00,415.3,415.28,415.3,10,100,415.2818181818182,2.2989068638482193e-08,-8.583390944316704e-05
2021-05-04 20:09:00+00:00,415.24,415.23,415.25,1100,1000,415.2404761904762,4.5221722467190336e-08,-0.00017579982901660962
2021-05-04 20:10:00+00:00,415.14,415.14,415.18,2000,1100,415.1658064516129,3.88884856735342e-08,0.0001316723349999993
2021-05-04 20:11:00+00:00,415.22,415.22,415.23,2000,1000,415.2266666666667,1.0034536369818283e-08,3.207888594891628e-05
2021-05-04 20:12:00+00:00,415.23,415.22,415.24,1500,1,415.23998667554963,1.1565230314000858e-08,-1.682162267591103e-06
2021-05-04 20:13:00+00:00,415.23,415.24,415.25,500,140,415.24781249999995,2.481746392799025e-08,-2.42948458861747e-05
2021-05-04 20:14:00+00:00,415.21,415.21,415.24,2200,2000,415.2257142857143,4.921793506805372e-08,-9.440569208518657e-05
2021-05-04 20:15:00+00:00,415.16,415.17,415.21,100,600,415.17571428571426,1.4739792799831179e-08,1.2336403139467933e-05
2021-05-04 20:16:00+00:00,415.2,415.18,415.2,310,100,415.1951219512195,8.731420275135047e-09,-8.592763824544214e-05
2021-05-04 20:17:00+00:00,415.15,415.15,415.2,3407,100,415.19857428001137,2.8341291781739653e-08,6.155414579955831e-05
2021-05-04 20:18:00+00:00,415.2,415.17,415.2,100,199,415.18003344481605,4.687644780807067e-09,2.7254812851262855e-05
2021-05-04 20:19:00+00:00,415.2,415.17,415.19,1000,100,415.1881818181818,7.0358948876576584e-09,-1.584748136251868e-05
2021-05-04 20:20:00+00:00,415.16,415.16,415.19,100,12,415.1867857142857,1.4384839676602207e-08,5.683512305654226e-05
2021-05-04 20:21:00+00:00,415.2,415.2,415.22,100,50,415.2133333333333,8.206256743364604e-11,8.429401753495824e-06
2021-05-04 20:22:00+00:00,415.22,415.2,415.22,101,19,415.21683333333334,6.253191899115194e-10,-1.2349949628953638e-05
2021-05-04 20:23:00+00:00,415.23,415.2,415.23,151,500,415.2069585253456,1.718906289708339e-09,2.0277495688558744e-05
2021-05-04 20:24:00+00:00,415.22,415.22,415.23,13,1028,415.22012487992316,8.021047434900788e-10,6.866985442721685e-06
2021-05-04 20:25:00+00:00,415.23,415.22,415.23,200,472,415.22297619047623,4.115309550714105e-10,1.797227669819712e-05
2021-05-04 20:26:00+00:00,415.23,415.23,415.24,274,4359,415.23059140945395,3.5313899796041505e-10,2.4338140251822793e-05
2021-05-04 20:27:00+00:00,415.25,415.24,415.25,144,2500,415.2405446293495,1.658481915254472e-08,-1.3115996414514441e-06
2021-05-04 20:28:00+00:00,415.26,415.22,415.26,100,99,415.2401005025126,1.1396100958689003e-08,3.843779995182928e-06
2021-05-04 20:29:00+00:00,415.26,415.24,415.26,294,3390,415.2415960912052,7.134929617159635e-09,2.1576509758869378e-05
2021-05-04 20:30:00+00:00,415.25,415.22,415.26,110,34,415.2505555555556,3.497312980390171e-08,-0.00023183555080641405
2021-05-04 20:31:00+00:00,415.14,415.17,415.18,9,600,415.1701477832512,3.039747848429905e-08,-0.0003099106012223185
2021-05-04 20:32:00+00:00,415.0,415.02,415.05,100,100,415.035,4.8075132066521866e-08,0.0002755853930704877
2021-05-04 20:33:00+00:00,415.16,415.14,415.17,100,300,415.1475,4.800551774836368e-08,0.000385173652500459
2021-05-04 20:34:00+00:00,415.29,415.28,415.3,100,1,415.299801980198,1.2626145913824627e-08,-0.0001562749953569753
2021-05-04 20:35:00+00:00,415.25,415.22,415.25,100,100,415.235,1.324073475118648e-08,-7.396844127849356e-05
2021-05-04 20:36:00+00:00,415.24,415.2,415.23,100,600,415.20428571428573,2.072357709612018e-08,0.0002361402436457105
2021-05-04 20:37:00+00:00,415.31,415.27,415.32,183,100,415.302332155477,3.369722659479628e-08,-9.728750099680106e-05
2021-05-04 20:38:00+00:00,415.25,415.25,415.27,200,100,415.2633333333333,1.5086009306804604e-08,6.13319669029444e-05
2021-05-04 20:39:00+00:00,415.29,415.26,415.29,1000,95,415.28739726027396,5.524412724878845e-09,3.837360142511237e-05
2021-05-04 20:40:00+00:00,415.3,415.3,415.32,100,500,415.30333333333334,9.388877254670631e-09,4.031145018723592e-05
2021-05-04 20:41:00+00:00,415.35,415.31,415.35,101,300,415.3200748129676,2.370254471299762e-09,5.376285606040199e-06
2021-05-04 20:42:00+00:00,415.3,415.3,415.33,290,100,415.32230769230773,8.026762588380533e-09,-5.556389014005347e-06
2021-05-04 20:43:00+00:00,415.33,415.31,415.34,100,1500,415.311875,2.8541418055773564e-08,3.971276724823447e-05
2021-05-04 20:44:00+00:00,415.35,415.33,415.34,50,27,415.3364935064935,8.911749496810857e-09,-6.997747858739078e-05
2021-05-04 20:45:00+00:00,415.33,415.3,415.31,2890,1000,415.3074293059126,7.2527833948221175e-09,1.0567776051795263e-05
2021-05-04 20:46:00+00:00,415.31,415.31,415.33,10,100,415.3118181818182,5.3575812571431045e-09,7.661275317705218e-06
2021-05-04 20:47:00+00:00,415.3,415.3,415.33,100,100,415.315,1.883083974352557e-08,-0.00010646301307315476
2021-05-04 20:48:00+00:00,415.29,415.27,415.31,10,500,415.2707843137255,6.9071598780905704e-09,5.8670636235991225e-05
2021-05-04 20:49:00+00:00,415.3,415.28,415.31,510,500,415.29514851485146,2.260792525949818e-09,-3.5903187568409045e-05
2021-05-04 20:50:00+00:00,415.28,415.28,415.31,4,500,415.2802380952381,8.001774338857293e-09,6.304235181242568e-05
2021-05-04 20:51:00+00:00,415.3,415.3,415.31,1792,1000,415.30641833810887,7.000819392564223e-09,-6.330880233096359e-05
2021-05-04 20:52:00+00:00,415.3,415.28,415.31,4,950,415.2801257861635,2.893206089574017e-09,5.297676609683499e-05
2021-05-04 20:53:00+00:00,415.3,415.3,415.31,270,1000,415.3021259842519,4.1692916812194773e-10,-2.3178268661827595e-05
2021-05-04 20:54:00+00:00,415.25,415.28,415.31,500,700,415.2925,1.0282221957864646e-08,0.00016248798117035612
2021-05-04 20:55:00+00:00,415.35,415.35,415.36,500,1,415.3599800399202,5.589766089472078e-09,4.0606385485197904e-06
2021-05-04 20:56:00+00:00,415.36,415.35,415.37,700,500,415.3616666666667,5.912137712520185e-09,6.152120426716756e-05
2021-05-04 20:57:00+00:00,415.4,415.38,415.4,100,177,415.38722021660647,5.801205906358074e-10,2.2063768989166732e-05
2021-05-04 20:58:00+00:00,415.37,415.37,415.4,1000,137,415.3963852242744,1.2656519796714906e-08,-8.243777219751891e-07
2021-05-04 20:59:00+00:00,415.42,415.38,415.43,600,1270,415.39604278074864,3.9086622084037894e-08,5.858334836839063e-05
2021-05-04 21:00:00+00:00,415.44,415.42,415.46,5,524,415.4203780718337,3.430508390025696e-08,0.00021373191956808313
2021-05-04 21:01:00+00:00,415.5,415.5,415.53,44,100,415.50916666666666,2.1756103677280576e-08,-0.00012309872501459207
2021-05-04 21:02:00+00:00,415.5,415.44,415.5,200,466,415.4580180180181,3.995109123047752e-09,-1.4970798112412531e-05
2021-05-04 21:03:00+00:00,415.47,415.45,415.5,92,2466,415.45179827990614,1.0288561184329228e-08,3.3869265170238805e-09
2021-05-04 21:04:00+00:00,415.47,415.45,415.5,92,2464,415.45179968701086,1.2643783860883736e-10,6.9663690043242354e-06
2021-05-04 21:05:00+00:00,415.47,415.45,415.47,92,300,415.454693877551,2.745326608752732e-08,-1.129816949996254e-05
2021-05-04 21:06:00+00:00,415.47,415.45,415.48,400,300,415.46714285714285,1.7084567141619761e-09,3.8978090595609416e-05
2021-05-04 21:07:00+00:00,415.45,415.45,415.48,346,295,415.4661934477379,3.6831667863649082e-09,2.793710326098875e-05
2021-05-04 21:08:00+00:00,415.45,415.45,415.49,376,165,415.4778003696857,4.268994364736535e-09,-7.975927352577017e-05
2021-05-04 21:09:00+00:00,415.45,415.44,415.47,92,500,415.44466216216216,2.726293158199009e-10,5.527482701106479e-06
2021-05-04 21:10:00+00:00,415.44,415.44,415.47,151,500,415.44695852534556,2.2010130521995016e-09,2.576844893020791e-08
2021-05-04 21:11:00+00:00,415.47,415.44,415.47,151,499,415.4469692307693,1.1855056993053422e-09,4.179266823722827e-07
2021-05-04 21:12:00+00:00,415.43,415.44,415.45,100,40,415.44714285714286,8.211261343282834e-12,2.865529853846027e-06
2021-05-04 21:13:00+00:00,415.43,415.44,415.45,200,40,415.4483333333334,3.5597643957893514e-10,-1.8713937430248073e-05
2021-05-04 21:14:00+00:00,415.43,415.44,415.45,20,338,415.44055865921786,2.1676545286271063e-10,-1.1380100785163272e-05
2021-05-04 21:15:00+00:00,415.44,415.43,415.44,200,143,415.4358309037901,3.3713777418332754e-11,5.182817623961e-06
2021-05-04 21:16:00+00:00,415.44,415.43,415.45,200,301,415.43798403193614,5.660840024220458e-10,3.2890939406282627e-05
2021-05-04 21:17:00+00:00,415.45,415.45,415.47,52,579,415.451648177496,3.4672068484516287e-10,-2.395769107055301e-05
2021-05-04 21:18:00+00:00,415.45,415.44,415.45,100,490,415.44169491525423,3.532653924036778e-10,-1.2195870663145314e-05
2021-05-04 21:19:00+00:00,415.43,415.43,415.47,115,579,415.43662824207496,6.489047728878344e-09,-2.4886909810062363e-05
2021-05-04 21:20:00+00:00,415.45,415.42,415.45,100,377,415.4262893081761,1.9545745646003015e-09,3.857605320400914e-05
2021-05-04 21:21:00+00:00,415.45,415.44,415.45,200,664,415.4423148148148,4.017232839954406e-09,-2.4881415465305423e-05
2021-05-04 21:22:00+00:00,415.43,415.41,415.45,200,164,415.431978021978,1.012503769903622e-09,-1.2785138343573976e-05
2021-05-04 21:23:00+00:00,415.45,415.42,415.44,1,2,415.4266666666667,6.240690896374698e-10,-9.352335862855554e-06
2021-05-04 21:24:00+00:00,415.44,415.42,415.44,21,130,415.4227814569536,6.542298519031928e-10,1.7205047455837175e-05
2021-05-04 21:25:00+00:00,415.41,415.41,415.43,280,1,415.4299288256228,2.6227257328535654e-09,-4.904441590625197e-06
2021-05-04 21:26:00+00:00,415.43,415.41,415.43,280,33,415.4278913738019,8.926169687970309e-10,2.7287969452061134e-05
2021-05-04 21:27:00+00:00,415.43,415.41,415.46,280,199,415.4392275574113,0.0,0.0
2021-05-04 21:28:00+00:00,415.43,415.41,415.46,280,199,415.4392275574113,1.2596871431595585e-09,-3.5492071553511195e-05
2021-05-04 21:29:00+00:00,415.43,415.41,415.44,280,300,415.4244827586207,1.1864909534122002e-10,-3.91314385894681e-06
2021-05-04 21:30:00+00:00,415.43,415.42,415.44,50,300,415.42285714285714,5.1069737076711255e-09,7.611953049191378e-05
2021-05-04 21:31:00+00:00,415.45,415.45,415.47,101,350,415.45447893569843,1.3037235699413631e-09,4.989992739590221e-05
2021-05-04 21:32:00+00:00,415.48,415.45,415.48,100,19,415.4752100840336,1.343653209191006e-09,-3.685448488455201e-05
2021-05-04 21:33:00+00:00,415.45,415.45,415.47,97,99,415.45989795918365,8.393108924304465e-10,-1.2628887694821067e-05
2021-05-04 21:34:00+00:00,415.45,415.45,415.47,30,99,415.45465116279064,1.6925943885259687e-13,-5.818059111151186e-07
2021-05-04 21:35:00+00:00,415.45,415.45,415.47,28,99,415.4544094488188,1.260350198809339e-09,3.9378043843907307e-05
2021-05-04 21:36:00+00:00,415.48,415.46,415.48,21,18,415.47076923076924,3.258194338524193e-09,-4.656183682483217e-05
2021-05-04 21:37:00+00:00,415.48,415.45,415.47,23,300,415.4514241486068,7.55195944271646e-10,-2.4765864006237592e-05
2021-05-04 21:38:00+00:00,415.45,415.44,415.45,21,164,415.44113513513514,2.186586214807976e-08,0.00015974553132114266
2021-05-04 21:39:00+00:00,415.5,415.5,415.53,100,300,415.5075,6.065646846190271e-09,0.00013838498703400148
2021-05-04 21:40:00+00:00,415.56,415.56,415.57,189,189,415.565,2.4412935990405795e-09,1.3324607551545853e-05
2021-05-04 21:41:00+00:00,415.57,415.57,415.59,132,4782,415.5705372405372,2.5216565632337896e-10,5.4848460662171306e-08
2021-05-04 21:42:00+00:00,415.59,415.57,415.59,132,4582,415.57056003394143,1.3585387307816862e-08,-3.0422253527451204e-06
2021-05-04 21:43:00+00:00,415.55,415.55,415.57,137,5,415.56929577464786,1.589615890126537e-07,2.4414557347363086e-05
2021-05-04 21:44:00+00:00,415.57,415.57,415.58,4228,250,415.57944171505136,3.526640364466891e-08,-7.370857473332215e-05
2021-05-04 21:45:00+00:00,415.56,415.46,415.56,1000,126,415.5488099467141,5.024318395451428e-09,-7.088242656294597e-05
2021-05-04 21:46:00+00:00,415.51,415.5,415.56,60,126,415.5193548387097,4.712390682502737e-12,-1.9043704917454107e-06
2021-05-04 21:47:00+00:00,415.51,415.5,415.56,56,125,415.5185635359116,1.4712928668794257e-10,-1.4501072573835927e-05
2021-05-04 21:48:00+00:00,415.56,415.51,415.56,10,189,415.5125125628141,1.1331630793249362e-08,3.164766673369179e-05
2021-05-04 21:49:00+00:00,415.55,415.5,415.55,56,53,415.5256880733945,1.252158577967304e-08,3.3741992064406645e-05
2021-05-04 21:50:00+00:00,415.55,415.53,415.55,50,53,415.53970873786403,2.9864513321919056e-10,1.2733469328729541e-05
2021-05-04 21:51:00+00:00,415.55,415.53,415.55,42,9,415.54647058823537,9.219949834934041e-10,-3.242627458233116e-05
2021-05-04 21:52:00+00:00,415.53,415.53,415.55,9,109,415.53152542372874,1.947726800268466e-13,-1.0574949083075325e-07
2021-05-04 21:53:00+00:00,415.55,415.53,415.55,8,100,415.5314814814815,1.0609180323587159e-09,1.9564413268113867e-05
2021-05-04 21:54:00+00:00,415.54,415.53,415.54,173,7,415.5396111111111,4.402149254865277e-11,-7.215215601874547e-06
2021-05-04 21:55:00+00:00,415.51,415.51,415.54,55,7,415.53661290322583,5.839736574515612e-09,-7.163122326625526e-06
2021-05-04 21:56:00+00:00,415.51,415.53,415.57,50,500,415.5336363636364,1.0099141554126101e-10,-5.556541771922774e-06
2021-05-04 21:57:00+00:00,415.54,415.53,415.54,45,294,415.5313274336283,6.601766408132374e-09,-0.00012163492032002399
2021-05-04 21:58:00+00:00,415.5,415.47,415.5,165,294,415.48078431372545,7.778914358509093e-10,9.891201694367524e-06
2021-05-04 21:59:00+00:00,415.5,415.46,415.5,2200,1335,415.48489391796323,4.8358760803152544e-08,0.00017316679463719176
2021-05-04 22:00:00+00:00,415.52,415.52,415.57,1400,500,415.5568421052632,7.450916059100597e-08,3.7005358812791656e-06
2021-05-04 22:01:00+00:00,415.55,415.55,415.56,200,58,415.55775193798445,4.400626530967449e-08,-0.0003675545020304094
2021-05-04 22:02:00+00:00,415.4,415.4,415.41,388,300,415.40563953488373,3.71900650331765e-08,-7.7965966951421e-05
2021-05-04 22:03:00+00:00,415.4,415.37,415.39,200,1030,415.3732520325203,1.8499640667796545e-08,-0.00011616547836013069
2021-05-04 22:04:00+00:00,415.33,415.32,415.33,100,100,415.325,3.364344733417191e-08,8.241923609397794e-05
2021-05-04 22:05:00+00:00,415.3,415.35,415.39,300,1000,415.35923076923075,2.761915082020353e-08,-0.000190608232889522
2021-05-04 22:06:00+00:00,415.31,415.28,415.31,1,500,415.2800598802395,1.0293449788891823e-07,-0.00022489212123444347
2021-05-04 22:07:00+00:00,415.18,415.16,415.2,600,268,415.1876497695853,3.6522662554899046e-08,0.00039320504756235053
2021-05-04 22:08:00+00:00,415.26,415.31,415.35,500,1,415.3499201596806,8.367645523530916e-09,-0.00010413747761717218
2021-05-04 22:09:00+00:00,415.35,415.29,415.34,500,1000,415.3066666666667,8.951325699851076e-09,-5.618338256063726e-05
2021-05-04 22:10:00+00:00,415.28,415.28,415.29,500,1000,415.28333333333336,1.3232131117851088e-08,5.618653931049877e-05
2021-05-04 22:11:00+00:00,415.36,415.29,415.34,500,1000,415.3066666666667,3.396311311234571e-09,0.0
2021-05-04 22:12:00+00:00,415.36,415.29,415.34,500,1000,415.3066666666667,2.0892851602482326e-08,-5.618338256063726e-05
2021-05-04 22:13:00+00:00,415.29,415.24,415.29,502,100,415.2816943521595,1.7247823352694227e-09,7.1271102817238585e-06
2021-05-04 22:14:00+00:00,415.28,415.28,415.31,292,1100,415.2862931034482,4.316314063560173e-09,7.252128076506992e-06
2021-05-04 22:15:00+00:00,415.28,415.28,415.3,87,100,415.28930481283425,1.235170102082057e-08,-1.3257471678018717e-05
2021-05-04 22:16:00+00:00,415.31,415.28,415.31,87,600,415.2837991266375,2.4352563189785946e-11,6.5414369903038505e-06
2021-05-04 22:17:00+00:00,415.31,415.28,415.29,187,100,415.2865156794426,1.2266902105472008e-08,0.00016892189988237938
2021-05-04 22:18:00+00:00,415.31,415.34,415.39,500,1000,415.3566666666667,2.721086904829809e-09,-5.22242531117989e-05
2021-05-04 22:19:00+00:00,415.31,415.31,415.36,499,500,415.334974974975,2.2608883441728476e-08,9.235523293127379e-05
2021-05-04 22:20:00+00:00,415.31,415.34,415.38,500,100,415.37333333333333,1.989568387423876e-08,0.0
2021-05-04 22:21:00+00:00,415.31,415.34,415.38,500,100,415.37333333333333,3.037850277365568e-08,-0.00011627700774807792
2021-05-04 22:22:00+00:00,415.32,415.32,415.36,72,500,415.325034965035,6.2182681697071894e-09,0.00011629052966277698
2021-05-04 22:23:00+00:00,415.3,415.34,415.38,500,100,415.37333333333333,1.0303867131235891e-09,-3.209963727401899e-05
2021-05-04 22:24:00+00:00,415.3,415.34,415.37,500,250,415.36,1.7309760726765823e-08,-0.000178527074018886
2021-05-04 22:25:00+00:00,415.29,415.28,415.29,107,76,415.2858469945355,5.717130829798463e-09,4.210675351545845e-05
2021-05-04 22:26:00+00:00,415.29,415.29,415.31,500,250,415.30333333333334,5.575320165365709e-09,-4.00455818809764e-05
2021-05-04 22:27:00+00:00,415.28,415.26,415.3,500,249,415.2867022696929,1.5590442467391092e-09,5.021739323263219e-06
2021-05-04 22:28:00+00:00,415.28,415.28,415.29,1805,249,415.2887877312561,2.5134237016079023e-09,5.0134057302475554e-05
2021-05-04 22:29:00+00:00,415.29,415.29,415.31,500,10,415.30960784313726,1.5852146772450479e-12,-1.2572038828873033e-06
2021-05-04 22:30:00+00:00,415.29,415.29,415.31,501,24,415.3090857142857,4.061825250298369e-12,9.899640396326959e-07
2021-05-04 22:31:00+00:00,415.3,415.3,415.31,151,8,415.30949685534586,1.1289506897614777e-08,-4.61559069526718e-05
2021-05-04 22:32:00+00:00,415.3,415.29,415.31,10,600,415.29032786885244,4.746011446546309e-11,7.2370201740223905e-06
2021-05-04 22:33:00+00:00,415.28,415.26,415.3,500,100,415.29333333333335,5.0091413431861054e-09,7.760988779326183e-05
2021-05-04 22:34:00+00:00,415.3,415.31,415.33,400,114,415.32556420233465,2.3411893345816888e-08,-0.0002839149661726381
2021-05-04 22:35:00+00:00,415.23,415.19,415.24,600,1100,415.2076470588235,3.493104811922772e-08,1.770906973552755e-05
2021-05-04 22:36:00+00:00,415.21,415.19,415.24,500,500,415.215,9.521296668461057e-09,6.020977084175705e-05
2021-05-04 22:37:00+00:00,415.25,415.22,415.26,500,500,415.24,3.168434992495458e-08,8.027486112438531e-05
2021-05-04 22:38:00+00:00,415.25,415.24,415.28,500,100,415.2733333333333,2.194420488091889e-09,6.516841824022457e-05
2021-05-04 22:39:00+00:00,415.27,415.3,415.34,10,1000,415.300396039604,7.200460697701616e-10,2.0832100152468058e-05
2021-05-04 22:40:00+00:00,415.27,415.29,415.31,500,25,415.30904761904765,2.910977460543314e-08,-1.6969577446124262e-05
2021-05-04 22:41:00+00:00,415.3,415.27,415.31,500,125,415.302,1.1771710657279223e-08,1.4676640361033222e-05
2021-05-04 22:42:00+00:00,415.3,415.27,415.31,500,25,415.30809523809523,1.0474762766111245e-09,-3.1531381750937726e-05
2021-05-04 22:43:00+00:00,415.3,415.27,415.3,500,100,415.295,2.9526289139243166e-08,0.0002527842615975828
2021-05-04 22:44:00+00:00,415.31,415.39,415.4,500,1,415.3999800399202,1.288071176714255e-08,0.00019205920877429783
2021-05-04 22:45:00+00:00,415.45,415.44,415.48,500,3,415.47976143141153,8.765005048499892e-09,6.674392780769978e-05
2021-05-04 22:46:00+00:00,415.5,415.5,415.52,599,1000,415.5074921826141,3.263829628434977e-08,-0.0001223215390906418
2021-05-04 22:47:00+00:00,415.43,415.42,415.48,1000,100,415.4745454545455,2.6096018171435243e-08,4.0116498311260074e-05
2021-05-04 22:48:00+00:00,415.45,415.44,415.48,500,100,415.47333333333336,1.9897650628393463e-08,-2.0057444521270895e-05
2021-05-04 22:49:00+00:00,415.42,415.44,415.47,500,100,415.465,2.9830489992266775e-08,-0.00018453219083836014
2021-05-04 22:50:00+00:00,415.38,415.38,415.43,100,500,415.3883333333333,4.0490745758022625e-08,4.0183342554955814e-05
2021-05-04 22:51:00+00:00,415.43,415.38,415.43,500,499,415.405025025025,2.10980450436279e-08,2.000050025352529e-05
2021-05-04 22:52:00+00:00,415.43,415.38,415.42,500,100,415.41333333333336,3.179960602978072e-09,5.543948925645914e-05
2021-05-04 22:53:00+00:00,415.43,415.4,415.44,1000,100,415.43636363636364,2.1247411716355854e-08,-7.549564532371988e-05
2021-05-04 22:54:00+00:00,415.4,415.38,415.43,500,500,415.405,1.509292525380584e-08,0.00012036446359586783
2021-05-04 22:55:00+00:00,415.4,415.43,415.48,500,500,415.455,2.3673086565502566e-08,-5.2151657018550956e-05
2021-05-04 22:56:00+00:00,415.49,415.4,415.45,1000,500,415.43333333333334,1.3024134549346159e-08,-0.00015044531814167872
2021-05-04 22:57:00+00:00,415.41,415.37,415.4,10,350,415.37083333333334,3.417948720633502e-08,-3.811854868640552e-05
2021-05-04 22:58:00+00:00,415.38,415.33,415.38,500,500,415.355,4.618895472241552e-10,1.3212324103450968e-05
2021-05-04 22:59:00+00:00,415.38,415.33,415.38,500,320,415.360487804878,6.300283390707946e-09,8.656730869249785e-05
2021-05-04 23:00:00+00:00,415.38,415.36,415.4,1025,100,415.39644444444446,2.4019861612111345e-08,-6.847541625609743e-06
2021-05-04 23:01:00+00:00,415.38,415.36,415.4,525,100,415.3936,5.042897297822161e-10,1.8846153211349304e-05
2021-05-04 23:02:00+00:00,415.4,415.4,415.41,100,600,415.4014285714286,2.3782786655208623e-10,1.5038145606105502e-05
2021-05-04 23:03:00+00:00,415.4,415.4,415.43,175,509,415.40767543859647,7.838973742852884e-09,5.2890035801000934e-05
2021-05-04 23:04:00+00:00,415.4,415.41,415.43,500,9,415.4296463654224,4.14268451330337e-08,-0.0003208310485899313
2021-05-04 23:05:00+00:00,415.31,415.26,415.3,1000,100,415.29636363636365,6.518146956487138e-09,0.0001073660847841218
2021-05-04 23:06:00+00:00,415.31,415.34,415.36,25,500,415.3409523809524,2.4762529632510273e-08,0.0002136320972481176
2021-05-04 23:07:00+00:00,415.41,415.39,415.43,1000,8,415.4296825396825,3.1483215814078707e-09,7.329117712950861e-06
2021-05-04 23:08:00+00:00,415.43,415.41,415.46,500,600,415.4327272727273,2.2612576764333603e-09,2.553015183881513e-05
2021-05-04 23:09:00+00:00,415.43,415.41,415.45,500,100,415.4433333333333,2.12818081203505e-12,1.4588285752736851e-06
2021-05-04 23:10:00+00:00,415.43,415.41,415.45,560,100,415.4439393939394,2.7393426869899084e-08,-0.00012983555378875966
2021-05-04 23:11:00+00:00,415.4,415.36,415.42,1000,1000,415.39,1.1210817476225944e-08,0.00010286061948350245
2021-05-04 23:12:00+00:00,415.44,415.41,415.46,500,600,415.4327272727273,1.0234593268091972e-08,9.8012363141331e-05
2021-05-04 23:13:00+00:00,415.48,415.44,415.48,500,98,415.47344481605353,1.8793599707431463e-08,-2.683269449965664e-07
2021-05-04 23:14:00+00:00,415.49,415.44,415.48,500,100,415.47333333333336,2.9529248607911585e-08,-0.00015098372523625336
2021-05-04 23:15:00+00:00,415.44,415.41,415.44,10,487,415.4106036217304,1.220336337349832e-08,0.00011191192790960258
2021-05-04 23:16:00+00:00,415.45,415.45,415.46,122,50,415.45709302325577,3.908802141842409e-10,5.8508719886773974e-06
2021-05-04 23:17:00+00:00,415.45,415.45,415.46,100,5,415.45952380952383,1.3087659779598457e-08,-0.00015931871192553793
2021-05-04 23:18:00+00:00,415.46,415.36,415.4,500,100,415.3933333333333,1.9007233092094052e-08,-2.6939469876974265e-05
2021-05-04 23:19:00+00:00,415.38,415.38,415.39,300,1100,415.38214285714287,2.1297033539178197e-08,2.7074164565377146e-05
2021-05-04 23:20:00+00:00,415.38,415.36,415.4,500,99,415.39338898163606,2.6822225808486436e-08,-0.00010397604530953952
2021-05-04 23:21:00+00:00,415.36,415.35,415.37,1,100,415.350198019802,3.893564414363003e-09,6.215958566313518e-05
2021-05-04 23:22:00+00:00,415.36,415.36,415.4,400,599,415.376016016016,8.620286045546064e-09,3.1477246087208144e-05
2021-05-04 23:23:00+00:00,415.36,415.36,415.4,400,150,415.3890909090909,9.814522767970563e-09,6.409262353312961e-05
2021-05-04 23:24:00+00:00,415.4,415.39,415.42,600,100,415.4157142857143,0.0,0.0
2021-05-04 23:25:00+00:00,415.4,415.39,415.42,600,100,415.4157142857143,2.2203758561582497e-08,-0.0001702253508533147
2021-05-04 23:26:00+00:00,415.37,415.32,415.35,500,100,415.345,8.9651971109796e-09,-1.6415706986294687e-05
2021-05-04 23:27:00+00:00,415.35,415.32,415.36,500,600,415.3381818181818,1.549172141783144e-08,2.8215975391265857e-05
2021-05-04 23:28:00+00:00,415.35,415.34,415.35,500,5,415.34990099009906,5.011501274774128e-09,-2.4117663553036017e-05
2021-05-04 23:29:00+00:00,415.34,415.31,415.34,514,2,415.3398837209302,6.513406427183344e-09,-0.0001376136760352642
2021-05-04 23:30:00+00:00,415.3,415.26,415.31,500,600,415.2827272727273,3.77945099101143e-09,8.951423916858658e-05
2021-05-04 23:31:00+00:00,415.3,415.31,415.32,500,5,415.319900990099,1.5831834703461747e-09,4.8231904577367146e-05
2021-05-04 23:32:00+00:00,415.34,415.33,415.34,295,2,415.33993265993263,3.274249907154256e-08,2.075600853412851e-05
2021-05-04 23:33:00+00:00,415.35,415.33,415.38,295,500,415.34855345911944,1.9618685074813903e-09,4.160330900404574e-05
2021-05-04 23:34:00+00:00,415.35,415.32,415.37,1100,100,415.36583333333334,0.0,0.0
2021-05-04 23:35:00+00:00,415.35,415.32,415.37,1100,100,415.36583333333334,6.493372177310457e-09,-4.843693439493535e-05
2021-05-04 23:36:00+00:00,415.35,415.34,415.38,100,600,415.3457142857143,9.444184212163968e-09,-0.00012611410345475527
2021-05-04 23:37:00+00:00,415.35,415.26,415.3,500,100,415.29333333333335,8.074704578371826e-09,-2.0066137991214816e-06
2021-05-04 23:38:00+00:00,415.35,415.28,415.34,500,1900,415.2925,2.802650140760028e-08,7.73981161295012e-06
2021-05-04 23:39:00+00:00,415.35,415.29,415.33,100,600,415.29571428571427,8.539563877845245e-09,1.8630198803437636e-05
2021-05-04 23:40:00+00:00,415.31,415.28,415.33,30,600,415.2823809523809,1.0904473022774732e-08,5.847416279691764e-05
2021-05-04 23:41:00+00:00,415.31,415.29,415.33,500,30,415.32773584905664,7.447782391001087e-09,7.479430883639004e-05
2021-05-04 23:42:00+00:00,415.34,415.34,415.36,470,30,415.35880000000003,4.5492508673076253e-08,0.00015536768050483651
2021-05-04 23:43:00+00:00,415.4,415.39,415.43,500,100,415.42333333333335,2.3652587808937795e-09,-3.950249081718926e-05
2021-05-04 23:44:00+00:00,415.4,415.4,415.43,30,100,415.4069230769231,9.016145360478117e-10,-4.3064009436211137e-07
2021-05-04 23:45:00+00:00,415.4,415.4,415.43,29,100,415.4067441860465,8.84989595576993e-09,3.9934708617517245e-05
2021-05-04 23:46:00+00:00,415.4,415.39,415.43,500,100,415.42333333333335,1.0689759467804133e-08,8.82633779197839e-06
2021-05-04 23:47:00+00:00,415.41,415.4,415.43,900,100,415.427,5.621679112732156e-09,5.029177685478281e-05
2021-05-04 23:48:00+00:00,415.45,415.42,415.44,900,100,415.438,7.032306200446137e-09,-2.075392816214272e-05
2021-05-04 23:49:00+00:00,415.42,415.42,415.44,898,34,415.4392703862661,4.108206635525845e-09,-3.4554104660133866e-05
2021-05-04 23:50:00+00:00,415.4,415.4,415.44,882,534,415.42491525423725,2.4816886247722806e-08,-1.2308539645733418e-05
2021-05-04 23:51:00+00:00,415.42,415.4,415.42,500,5,415.41980198019803,7.497026739253632e-13,-1.2185397704200795e-06
2021-05-04 23:52:00+00:00,415.41,415.41,415.42,66,5,415.4192957746479,2.6550868828883948e-08,3.236768482528518e-05
2021-05-04 23:53:00+00:00,415.42,415.43,415.44,51,135,415.4327419354839,6.337424885456653e-09,-3.236663719219379e-05
2021-05-04 23:54:00+00:00,415.43,415.41,415.42,66,5,415.4192957746479,5.20186318586488e-09,3.528079053993771e-05
2021-05-04 23:55:00+00:00,415.42,415.41,415.44,400,101,415.43395209580837,1.2726744145189724e-09,-2.226980951403057e-05
2021-05-04 23:56:00+00:00,415.41,415.42,415.43,102,115,415.4247004608295,2.0405745979446573e-08,0.00030090292977025257
2021-05-04 23:57:00+00:00,415.54,415.52,415.55,500,5,415.54970297029706,9.984091360472825e-09,-7.143070974435783e-05
2021-05-04 23:58:00+00:00,415.53,415.52,415.53,1,500,415.5200199600798,1.3102382067210678e-08,5.153167675464587e-05
2021-05-04 23:59:00+00:00,415.52,415.52,415.57,799,1065,415.5414324034335,6.328984736492539e-09,0.00012577983651906877
