ts_recv,price,bid_px_00,ask_px_00,bid_sz_00,ask_sz_00,weighted_mid,rv_60s,ret_60s
2025-03-04 08:01:00+00:00,,,,0,0,,0.0,
2025-03-04 08:02:00+00:00,,,,0,0,,0.0,
2025-03-04 08:03:00+00:00,,,,0,0,,0.0,
2025-03-04 08:04:00+00:00,,,,0,0,,0.0,
2025-03-04 08:05:00+00:00,,,,0,0,,0.0,
2025-03-04 08:06:00+00:00,,,,0,0,,0.0,
2025-03-04 08:07:00+00:00,,,,0,0,,0.0,
2025-03-04 08:08:00+00:00,,,,0,0,,0.0,
2025-03-04 08:09:00+00:00,,,,0,0,,0.0,
2025-03-04 08:10:00+00:00,,,,0,0,,0.0,
2025-03-04 08:11:00+00:00,,,,0,0,,0.0,
2025-03-04 08:12:00+00:00,,,,0,0,,0.0,
2025-03-04 08:13:00+00:00,,,,0,0,,0.0,
2025-03-04 08:14:00+00:00,,,,0,0,,0.0,
2025-03-04 08:15:00+00:00,,,,0,0,,0.0,
2025-03-04 08:16:00+00:00,,,,0,0,,0.0,
2025-03-04 08:17:00+00:00,,,,0,0,,0.0,
2025-03-04 08:18:00+00:00,,,,0,0,,0.0,
2025-03-04 08:19:00+00:00,,,,0,0,,0.0,
2025-03-04 08:20:00+00:00,,,,0,0,,0.0,
2025-03-04 08:21:00+00:00,,,,0,0,,0.0,
2025-03-04 08:22:00+00:00,,,,0,0,,0.0,
2025-03-04 08:23:00+00:00,,,,0,0,,0.0,
2025-03-04 08:24:00+00:00,,,,0,0,,0.0,
2025-03-04 08:25:00+00:00,,,,0,0,,0.0,
2025-03-04 08:26:00+00:00,,,,0,0,,0.0,
2025-03-04 08:27:00+00:00,,,,0,0,,0.0,
2025-03-04 08:28:00+00:00,,,,0,0,,0.0,
2025-03-04 08:29:00+00:00,,,,0,0,,0.0,
2025-03-04 08:30:00+00:00,,,,0,0,,0.0,
2025-03-04 08:31:00+00:00,,,,0,0,,0.0,
2025-03-04 08:32:00+00:00,,,,0,0,,0.0,
2025-03-04 08:33:00+00:00,,,,0,0,,0.0,
2025-03-04 08:34:00+00:00,,,,0,0,,0.0,
2025-03-04 08:35:00+00:00,,,,0,0,,0.0,
2025-03-04 08:36:00+00:00,,,,0,0,,0.0,
2025-03-04 08:37:00+00:00,,,,0,0,,0.0,
2025-03-04 08:38:00+00:00,,,,0,0,,0.0,
2025-03-04 08:39:00+00:00,,,,0,0,,0.0,
2025-03-04 08:40:00+00:00,,,,0,0,,0.0,
2025-03-04 08:41:00+00:00,,,,0,0,,0.0,
2025-03-04 08:42:00+00:00,,,,0,0,,0.0,
2025-03-04 08:43:00+00:00,,,,0,0,,0.0,
2025-03-04 08:44:00+00:00,,,,0,0,,0.0,
2025-03-04 08:45:00+00:00,,,,0,0,,0.0,
2025-03-04 08:46:00+00:00,,,,0,0,,0.0,
2025-03-04 08:47:00+00:00,,,,0,0,,0.0,
2025-03-04 08:48:00+00:00,,,,0,0,,0.0,
2025-03-04 08:49:00+00:00,,,,0,0,,0.0,
2025-03-04 08:50:00+00:00,,,,0,0,,0.0,
2025-03-04 08:51:00+00:00,,,,0,0,,0.0,
2025-03-04 08:52:00+00:00,,,,0,0,,0.0,
2025-03-04 08:53:00+00:00,,,,0,0,,0.0,
2025-03-04 08:54:00+00:00,,,,0,0,,0.0,
2025-03-04 08:55:00+00:00,,,,0,0,,0.0,
2025-03-04 08:56:00+00:00,,,,0,0,,0.0,
2025-03-04 08:57:00+00:00,,,,0,0,,0.0,
2025-03-04 08:58:00+00:00,,,,0,0,,0.0,
2025-03-04 08:59:00+00:00,,,,0,0,,0.0,
2025-03-04 09:00:00+00:00,,,,0,0,,6.524216956677802e-07,
2025-03-04 09:01:00+00:00,584.87,584.78,584.87,500,500,584.825,1.6155768319542163e-07,0.00013231070630270736
2025-03-04 09:02:00+00:00,584.89,584.83,584.91,600,900,584.862,3.035709485065925e-07,0.00012898600131849847
2025-03-04 09:03:00+00:00,585.07,585.01,585.13,400,400,585.07,2.1384643653675346e-07,0.00034038429079386034
2025-03-04 09:04:00+00:00,585.14,585.14,585.19,1,500,585.1400998003992,3.5858523300853513e-07,8.374489081530712e-06
2025-03-04 09:05:00+00:00,585.11,585.09,585.19,21,1000,585.0920568070519,2.1271762503712228e-07,9.097795267454245e-05
2025-03-04 09:06:00+00:00,585.13,585.1,585.19,130,410,585.1216666666667,1.8043036383100155e-07,-0.00032905023772888953
2025-03-04 09:07:00+00:00,585.0,584.97,585.05,330,400,585.0061643835617,9.37490834173637e-08,-4.0085348506524454e-05
2025-03-04 09:08:00+00:00,585.0,584.98,585.0,150,1198,584.9822255192879,1.8684064237510846e-07,0.000211460111507078
2025-03-04 09:09:00+00:00,585.09,585.1,585.19,540,353,585.1544232922732,2.9696685947879864e-07,7.959371450128039e-05
2025-03-04 09:10:00+00:00,585.0,585.08,585.18,400,400,585.13,2.1489818157027644e-07,0.0003034212725345764
2025-03-04 09:11:00+00:00,585.29,585.29,585.37,400,400,585.33,1.0628743507244942e-07,0.0001613012696792815
2025-03-04 09:12:00+00:00,585.35,585.35,585.42,130,430,585.3662499999999,1.7276362088652877e-07,-0.00034924894469212653
2025-03-04 09:13:00+00:00,585.38,585.21,585.3,400,400,585.255,1.89206846372904e-07,-0.0006398353515678634
2025-03-04 09:14:00+00:00,584.83,584.81,584.91,400,400,584.86,1.1700527553296565e-07,-0.0001587378207317247
2025-03-04 09:15:00+00:00,584.68,584.71,584.82,600,630,584.7636585365854,1.1626167321713564e-07,-0.00021746438628655884
2025-03-04 09:16:00+00:00,584.62,584.57,584.66,100,400,584.588,1.1209544887402341e-07,-0.00022426510415984868
2025-03-04 09:17:00+00:00,584.46,584.45,584.55,400,500,584.4944444444444,1.2589733251431223e-07,-0.0003137392877158307
2025-03-04 09:18:00+00:00,584.41,584.31,584.36,26,450,584.3127310924369,1.305640828627448e-07,0.0003542615475804478
2025-03-04 09:19:00+00:00,584.49,584.46,584.56,450,425,584.5114285714286,2.3788989110903407e-07,-0.00012499958609402118
2025-03-04 09:20:00+00:00,584.56,584.47,584.56,450,400,584.5176470588235,1.87309944839889e-07,0.0005047523719083902
2025-03-04 09:21:00+00:00,584.64,584.7,584.78,450,450,584.74,1.8476739216784063e-07,-0.00013925603076336834
2025-03-04 09:22:00+00:00,584.56,584.63,584.71,450,350,584.675,1.1992441721780974e-07,-0.0004591512951502841
2025-03-04 09:23:00+00:00,584.39,584.35,584.45,15,550,584.3526548672567,1.1485793724350218e-07,0.00041727704515515107
2025-03-04 09:24:00+00:00,584.49,584.58,584.68,430,450,584.6288636363636,1.7584868858111247e-07,-0.00013131530728394125
2025-03-04 09:25:00+00:00,584.65,584.55,584.66,630,450,584.6141666666667,1.0948103057539372e-07,-0.00016178793530197133
2025-03-04 09:26:00+00:00,584.43,584.42,584.51,400,450,584.4623529411765,1.2346770789351936e-07,0.00019578196859737496
2025-03-04 09:27:00+00:00,584.43,584.5,584.61,600,450,584.5628571428572,1.4201198682560046e-07,9.458824429109391e-05
2025-03-04 09:28:00+00:00,584.43,584.61,584.69,400,500,584.6455555555556,9.537505018780368e-08,0.00010104748728823054
2025-03-04 09:29:00+00:00,584.78,584.64,584.73,600,450,584.6914285714286,8.004179888319472e-08,3.098537490320297e-05
2025-03-04 09:30:00+00:00,584.71,584.7,584.76,150,450,584.715,1.8238057963934804e-07,-0.0002500594053043148
2025-03-04 09:31:00+00:00,584.58,584.53,584.6,100,250,584.55,1.7324748349130163e-07,0.00013080643636764755
2025-03-04 09:32:00+00:00,584.56,584.59,584.66,440,250,584.6346376811595,1.2632985531381644e-07,8.897820880537921e-06
2025-03-04 09:33:00+00:00,584.66,584.58,584.65,51,250,584.5918604651163,1.073457477327255e-07,-8.642221483035062e-05
2025-03-04 09:34:00+00:00,584.58,584.54,584.6,650,90,584.5927027027027,1.678709068879432e-07,-0.0004141574109020052
2025-03-04 09:35:00+00:00,584.395,584.35,584.43,15,430,584.3526966292135,1.34356906825006e-07,2.3367833608123334e-06
2025-03-04 09:36:00+00:00,584.36,584.35,584.42,21,430,584.3532594235033,1.4045246502514524e-07,-0.0002979281526548361
2025-03-04 09:37:00+00:00,584.2,584.15,584.25,400,950,584.1796296296296,5.64959124120896e-08,0.00014745396239557174
2025-03-04 09:38:00+00:00,584.22,584.23,584.3,450,350,584.269375,1.3447694451959211e-07,0.00011849191391433145
2025-03-04 09:39:00+00:00,584.45,584.28,584.37,450,450,584.325,7.87433459485963e-08,-8.55673543430635e-05
2025-03-04 09:40:00+00:00,584.32,584.25,584.33,450,450,584.29,1.4652590048072927e-07,-0.0005966991863660676
2025-03-04 09:41:00+00:00,583.91,583.9,583.99,305,450,583.936357615894,1.0363222532320314e-07,-0.0001300819943014231
2025-03-04 09:42:00+00:00,583.88,583.86,583.94,2,400,583.8603980099502,2.2194476007584973e-07,0.0003369724130342089
2025-03-04 09:43:00+00:00,584.0,583.99,584.06,500,75,584.0508695652173,2.7286924844141693e-07,0.0005014186478820015
2025-03-04 09:44:00+00:00,584.29,584.29,584.39,110,450,584.3096428571429,1.700440828589576e-07,0.00045271747162733966
2025-03-04 09:45:00+00:00,584.56,584.6,584.68,100,450,584.6145454545455,1.842992400102609e-07,0.00038469619281222833
2025-03-04 09:46:00+00:00,584.81,584.81,584.84,530,10,584.8394444444444,1.248853954573585e-07,0.00016233775161689223
2025-03-04 09:47:00+00:00,584.9,584.86,584.94,430,40,584.9331914893618,1.5836218213439564e-07,-0.00037506081053961804
2025-03-04 09:48:00+00:00,584.72,584.71,584.82,130,900,584.7238834951456,3.116875088847693e-07,-2.565352351124872e-05
2025-03-04 09:49:00+00:00,584.67,584.67,584.76,450,450,584.715,4.621687514875094e-08,-8.953812412615392e-05
2025-03-04 09:50:00+00:00,584.67,584.58,584.7,750,550,584.6492307692308,7.709928514963129e-08,-0.00044068775461536536
2025-03-04 09:51:00+00:00,584.4,584.34,584.43,400,500,584.38,9.786004047485283e-08,-0.0002959345239832434
2025-03-04 09:52:00+00:00,584.25,584.17,584.27,400,450,584.2170588235294,1.3399204128005727e-07,-0.0002921594841260866
2025-03-04 09:53:00+00:00,584.06,584.0,584.13,305,550,584.0463742690059,1.035638614637347e-07,0.0002022816427449392
2025-03-04 09:54:00+00:00,584.13,584.1,584.2,100,55,584.1645161290322,8.343319545776214e-08,9.25343769548892e-05
2025-03-04 09:55:00+00:00,584.2,584.15,584.27,600,450,584.2185714285714,4.0973751863735323e-07,0.00012036156287464905
2025-03-04 09:56:00+00:00,584.3,584.24,584.34,400,400,584.29,1.4963586747533202e-07,-0.00013904394146502241
2025-03-04 09:57:00+00:00,584.26,584.14,584.25,200,450,584.1738461538462,6.614064764283179e-08,-0.0001914222217370698
2025-03-04 09:58:00+00:00,584.26,584.07,584.15,405,850,584.0958167330677,5.117519413988099e-08,0.00014117397632196216
2025-03-04 09:59:00+00:00,584.1,584.11,584.2,1000,350,584.1766666666666,3.831028481289412e-08,-0.00020298408426278058
2025-03-04 10:00:00+00:00,584.09,584.03,584.1,600,850,584.0589655172414,1.2702099940239275e-07,-0.0008499094391170026
2025-03-04 10:01:00+00:00,583.65,583.56,583.65,25,657,583.5632991202345,1.4866316562298239e-07,-0.0003055351844493126
2025-03-04 10:02:00+00:00,583.36,583.35,583.43,150,450,583.37,2.369005402519454e-07,-0.00040098489235851353
2025-03-04 10:03:00+00:00,583.21,583.01,583.11,600,500,583.0645454545455,2.7426325898978233e-07,-7.043016909968891e-05
2025-03-04 10:04:00+00:00,583.05,583.08,583.17,450,550,583.1205,1.5073818517754607e-07,0.0004324637084658356
2025-03-04 10:05:00+00:00,583.53,583.45,583.55,400,450,583.4970588235294,3.1696055599941884e-07,0.0009047999862863421
2025-03-04 10:06:00+00:00,583.87,583.87,583.97,450,650,583.9109090909091,2.801991579262708e-07,-8.966233567353488e-05
2025-03-04 10:07:00+00:00,583.89,583.82,583.92,450,800,583.856,1.7757968352803176e-07,0.0003768170845237506
2025-03-04 10:08:00+00:00,584.06,584.02,584.1,350,400,584.0573333333333,2.7139417713261376e-07,-0.00011239825238840151
2025-03-04 10:09:00+00:00,584.0,583.95,584.04,350,400,583.992,1.2015859973633825e-07,-0.00017431859417915696
2025-03-04 10:10:00+00:00,583.96,583.89,583.96,53,450,583.8973757455268,2.850444268186073e-07,0.0001366706694900799
2025-03-04 10:11:00+00:00,584.0,583.92,584.04,500,400,583.9866666666667,1.92401443372939e-07,-1.3014367176489294e-05
2025-03-04 10:12:00+00:00,583.92,583.96,584.05,950,400,584.0233333333333,2.3439211509222605e-07,0.00026131819445907034
2025-03-04 10:13:00+00:00,584.08,584.07,584.17,450,803,584.1059138068634,3.264887578509031e-07,-4.7720485686908454e-05
2025-03-04 10:14:00+00:00,584.12,584.08,584.15,51,450,584.087125748503,1.6652797434962972e-07,8.196422996942232e-05
2025-03-04 10:15:00+00:00,584.18,584.1,584.2,1150,5,584.199567099567,3.345208196890891e-07,5.538606859145645e-06
2025-03-04 10:16:00+00:00,584.2,584.08,584.19,450,450,584.135,1.036060165535741e-07,0.00033684613331863567
2025-03-04 10:17:00+00:00,584.38,584.26,584.36,400,400,584.31,4.241815492493219e-07,-0.00019110042469927535
2025-03-04 10:18:00+00:00,584.31,584.15,584.26,850,400,584.2248,1.9853259401559703e-07,-0.00046437834639179165
2025-03-04 10:19:00+00:00,584.1,583.94,584.05,51,200,583.9623505976097,9.365378692307956e-08,0.0001018678820134955
2025-03-04 10:20:00+00:00,584.09,584.01,584.09,950,249,584.0733861551292,2.274860155930447e-07,-0.00013335740567066434
2025-03-04 10:21:00+00:00,583.87,583.84,583.93,450,450,583.885,1.483740930854863e-07,1.9460492864498136e-05
2025-03-04 10:22:00+00:00,583.99,583.89,584.01,450,400,583.9535294117647,1.8752569259195716e-07,1.7124900461462644e-05
2025-03-04 10:23:00+00:00,584.02,583.9,584.0,550,450,583.955,1.56552785859303e-07,-4.55154033588423e-05
2025-03-04 10:24:00+00:00,583.92,583.86,583.98,500,450,583.9231578947368,1.2390042936780332e-07,-0.0006035346798093366
2025-03-04 10:25:00+00:00,583.57,583.56,583.63,25,500,583.5633333333334,2.5111840849939753e-07,-1.0940503695544557e-05
2025-03-04 10:26:00+00:00,583.6,583.51,583.61,550,450,583.565,2.756626704718645e-07,-0.00016735649445842604
2025-03-04 10:27:00+00:00,583.61,583.47,583.55,10,400,583.4719512195122,1.4729095059575908e-07,-0.00011646013038024705
2025-03-04 10:28:00+00:00,583.35,583.35,583.45,400,350,583.4033333333333,2.3969273181720093e-07,5.313642004511898e-05
2025-03-04 10:29:00+00:00,583.4,583.39,583.48,400,400,583.435,2.611364912141425e-07,-0.0006814767756430085
2025-03-04 10:30:00+00:00,583.07,583.0,583.08,20,450,583.0034042553191,2.168906335344908e-07,0.0006905172820883543
2025-03-04 10:31:00+00:00,583.44,583.4,583.49,450,450,583.445,2.889137847961617e-07,-0.0002732726625657156
2025-03-04 10:32:00+00:00,583.28,583.23,583.32,450,51,583.3108383233532,2.0861890321818533e-07,-0.00017509991071662512
2025-03-04 10:33:00+00:00,583.25,583.17,583.22,53,450,583.1752683896619,7.234120613035099e-07,-0.00027136979298536534
2025-03-04 10:34:00+00:00,583.02,582.93,583.03,330,130,583.0017391304348,1.6714994783882367e-07,0.00012711961609457312
2025-03-04 10:35:00+00:00,583.11,583.03,583.13,450,250,583.0942857142857,1.7006400186944706e-07,-0.0002131485719045756
2025-03-04 10:36:00+00:00,582.88,582.91,582.99,430,130,582.9714285714285,4.3581884695838675e-07,2.6759524504038623e-05
2025-03-04 10:37:00+00:00,582.9,582.91,583.0,420,430,582.9544705882353,2.391181653040373e-07,-0.00029144653571133716
2025-03-04 10:38:00+00:00,582.9,582.81,582.89,327,430,582.8445574636723,1.7678369563902745e-07,-1.4986461257193717e-05
2025-03-04 10:39:00+00:00,582.71,582.8,582.91,400,1000,582.8314285714285,1.4854506927388463e-07,0.00023918913903653305
2025-03-04 10:40:00+00:00,582.99,582.93,583.03,400,150,583.0027272727273,3.2171139259100856e-07,0.0002793964679748129
2025-03-04 10:41:00+00:00,583.03,583.05,583.16,400,350,583.1086666666666,1.741189614329762e-07,0.00022319013986038527
2025-03-04 10:42:00+00:00,583.27,583.17,583.26,450,450,583.215,1.838681868757191e-07,-5.817415095743517e-05
2025-03-04 10:43:00+00:00,583.18,583.2,583.25,55,450,583.2054455445544,2.681852182788038e-07,-0.0004144260764382679
2025-03-04 10:44:00+00:00,582.91,582.9,582.99,450,450,582.945,1.4694255580113487e-07,3.497289674436743e-05
2025-03-04 10:45:00+00:00,582.96,582.95,583.06,450,1000,582.9841379310345,2.108924157421136e-07,0.00026891153579389204
2025-03-04 10:46:00+00:00,583.0,583.08,583.17,150,450,583.1025,2.4668119785803875e-07,-0.0004529819980630956
2025-03-04 10:47:00+00:00,582.94,582.81,582.9,375,450,582.8509090909091,3.361332026952272e-07,0.0005960263570001789
2025-03-04 10:48:00+00:00,583.21,583.14,583.27,550,150,583.2421428571429,3.13744712251315e-07,-0.0005121892047434962
2025-03-04 10:49:00+00:00,583.0,582.91,582.99,52,500,582.917536231884,2.000331581919207e-07,0.0004023747071573158
2025-03-04 10:50:00+00:00,583.09,583.12,583.22,450,250,583.1842857142857,8.741936098707287e-08,-1.592309878206688e-05
2025-03-04 10:51:00+00:00,583.13,583.13,583.23,450,700,583.1691304347826,2.0033868798584628e-07,0.0003022987196401594
2025-03-04 10:52:00+00:00,583.31,583.25,583.34,350,450,583.289375,1.8579996214877353e-07,0.00016092100180054025
2025-03-04 10:53:00+00:00,583.44,583.36,583.45,800,450,583.4176,1.7832106232877982e-07,0.00023439251068202438
2025-03-04 10:54:00+00:00,583.55,583.48,583.56,700,55,583.5541721854304,1.3089374932536467e-07,-5.589687556861733e-05
2025-03-04 10:55:00+00:00,583.46,583.47,583.56,400,400,583.515,2.3555429780788066e-07,-0.0001849812372574089
2025-03-04 10:56:00+00:00,583.51,583.36,583.46,800,450,583.424,1.1712215451325593e-07,-0.00020872238389990638
2025-03-04 10:57:00+00:00,583.25,583.25,583.34,395,90,583.3232989690723,1.0286969382073245e-07,0.0002042838729765517
2025-03-04 10:58:00+00:00,583.46,583.37,583.47,400,500,583.4144444444445,7.323149413628245e-08,4.8478107719462926e-05
2025-03-04 10:59:00+00:00,583.46,583.37,583.46,400,400,583.415,1.49712897260345e-07,-7.216179199653894e-05
2025-03-04 11:00:00+00:00,583.36,583.31,583.43,1150,350,583.402,1.4357922974838217e-07,3.255119004275109e-05
2025-03-04 11:01:00+00:00,583.27,583.37,583.46,430,350,583.4196153846154,2.0945290942964934e-07,0.00019418543556182222
2025-03-04 11:02:00+00:00,583.57,583.49,583.58,410,450,583.5329069767442,1.1970412440733592e-07,-0.0005418656714094583
2025-03-04 11:03:00+00:00,583.2,583.18,583.27,310,450,583.2167105263158,1.2074941135253326e-07,0.00022442682337775466
2025-03-04 11:04:00+00:00,583.4,583.29,583.38,800,450,583.3476,1.4580238262240532e-07,-0.00048402900885802236
2025-03-04 11:05:00+00:00,583.06,583.05,583.12,153,450,583.0677611940298,2.0550269873905835e-07,0.0003660376431890988
2025-03-04 11:06:00+00:00,583.32,583.24,583.33,800,350,583.3026086956522,1.0444896732208336e-07,0.00024230842204620018
2025-03-04 11:07:00+00:00,583.44,583.37,583.47,400,400,583.42,1.7760240760026935e-07,0.00021984311399192435
2025-03-04 11:08:00+00:00,583.3,583.47,583.56,600,75,583.55,8.266454715403932e-08,0.00023860773781980704
2025-03-04 11:09:00+00:00,583.75,583.68,583.73,4,450,583.6804405286343,9.722960092429455e-08,-0.0003554984473712608
2025-03-04 11:10:00+00:00,583.53,583.43,583.52,500,400,583.48,2.1920412679848167e-07,-4.839119441557571e-05
2025-03-04 11:11:00+00:00,583.45,583.39,583.48,500,400,583.44,9.971579153860718e-08,0.00042129080166408706
2025-03-04 11:12:00+00:00,583.73,583.64,583.73,410,432,583.6838242280286,8.220367234650527e-08,0.00015566598344807225
2025-03-04 11:13:00+00:00,583.78,583.78,583.85,53,450,583.7873757455268,1.3416780600180304e-07,-0.00023969201239137927
2025-03-04 11:14:00+00:00,583.8,583.6,583.67,550,450,583.6385,2.7956724889161253e-07,-0.0004094930424733967
2025-03-04 11:15:00+00:00,583.45,583.32,583.41,150,450,583.3425,1.7001387774001323e-07,-0.0005029099440861939
2025-03-04 11:16:00+00:00,583.15,583.07,583.16,450,450,583.115,7.347796508145057e-08,4.956549672563426e-05
2025-03-04 11:17:00+00:00,583.15,583.1,583.2,350,1050,583.125,8.067719177743425e-08,3.883606791355021e-05
2025-03-04 11:18:00+00:00,583.19,583.16,583.25,450,750,583.19375,1.1214653091030613e-07,-0.0001269597375200826
2025-03-04 11:19:00+00:00,583.1,583.04,583.14,520,450,583.0936082474227,1.2750424658327045e-07,0.00018368583839145636
2025-03-04 11:20:00+00:00,583.14,583.13,583.24,450,250,583.2007142857143,7.863066779224856e-08,-0.0001359492749983815
2025-03-04 11:21:00+00:00,583.31,583.1,583.16,250,450,583.1214285714286,9.368048610174093e-08,2.609066843350938e-05
2025-03-04 11:22:00+00:00,583.09,583.05,583.17,420,154,583.1378048780488,1.5435781470186137e-07,0.0003092526763279757
2025-03-04 11:23:00+00:00,583.31,583.27,583.37,410,450,583.3176744186046,7.767328134300473e-08,9.508156933413225e-05
2025-03-04 11:24:00+00:00,583.38,583.32,583.43,410,450,583.3724418604651,1.7719885096078104e-07,-4.258319159844426e-05
2025-03-04 11:25:00+00:00,583.12,583.27,583.37,400,400,583.32,1.4093670111962132e-07,0.00029397722574131535
2025-03-04 11:26:00+00:00,583.5,583.47,583.56,450,375,583.5190909090909,9.231297096981042e-08,0.00018281890574001203
2025-03-04 11:27:00+00:00,583.57,583.55,583.64,150,450,583.5725,4.1500402901354325e-08,6.456028345436238e-05
2025-03-04 11:28:00+00:00,583.6,583.61,583.7,920,450,583.6704379562044,9.40264954176299e-08,-0.00015974086585601732
2025-03-04 11:29:00+00:00,583.64,583.54,583.63,950,450,583.6010714285715,1.7369202287584884e-07,0.00017497844781932947
2025-03-04 11:30:00+00:00,583.65,583.61,583.68,450,66,583.6710465116279,3.57597532116757e-07,4.6406488921180156e-05
2025-03-04 11:31:00+00:00,583.63,583.6,583.71,350,60,583.6939024390244,6.926983713775314e-08,-0.0002192621590801913
2025-03-04 11:32:00+00:00,583.6,583.56,583.65,875,350,583.6242857142857,9.092909309658649e-08,5.079559363529995e-05
2025-03-04 11:33:00+00:00,583.43,583.54,583.63,550,450,583.5895,2.767226016460202e-07,-0.0005211794055163255
2025-03-04 11:34:00+00:00,583.28,583.24,583.34,700,530,583.2969105691056,9.346202042690165e-08,7.387220832733021e-05
2025-03-04 11:35:00+00:00,583.38,583.29,583.38,430,630,583.3265094339622,9.295183760706216e-08,-0.0004028525388279913
2025-03-04 11:36:00+00:00,583.1,583.08,583.1,100,100,583.09,2.120041093236874e-07,-6.002349491085468e-05
2025-03-04 11:37:00+00:00,583.0,582.99,583.09,630,430,583.0494339622642,2.1642114514900768e-07,-4.2876498533739316e-05
2025-03-04 11:38:00+00:00,583.1,583.0,583.1,450,550,583.045,1.4931244424556565e-07,-0.0002067688695649439
2025-03-04 11:39:00+00:00,582.87,582.89,582.99,500,400,582.9455555555555,7.830042637411417e-08,9.416124064109965e-05
2025-03-04 11:40:00+00:00,583.0,582.97,583.06,900,75,583.0530769230769,1.9382141191948193e-07,0.00032306648709901076
2025-03-04 11:41:00+00:00,583.15,583.12,583.21,410,450,583.1629069767441,9.800629343790186e-08,0.00026120374649929445
2025-03-04 11:42:00+00:00,583.27,583.26,583.38,500,500,583.32,8.322671806189385e-08,-9.075837699834555e-05
2025-03-04 11:43:00+00:00,583.27,583.24,583.32,500,450,583.2821052631579,1.5055575721517607e-07,0.00029650427510774513
2025-03-04 11:44:00+00:00,583.29,583.39,583.48,400,400,583.435,8.603763772858624e-08,7.712875359922045e-05
2025-03-04 11:45:00+00:00,583.5,583.41,583.51,1060,450,583.4801986754967,1.0345025576405515e-07,0.00010998613114621136
2025-03-04 11:46:00+00:00,583.54,583.5,583.56,100,75,583.5342857142857,3.678781614767499e-07,0.00014036811679773997
2025-03-04 11:47:00+00:00,583.63,583.57,583.67,150,450,583.595,1.6934893982510788e-07,-9.824177944439683e-05
2025-03-04 11:48:00+00:00,583.64,583.51,583.61,100,450,583.5281818181818,5.506995986235457e-07,-3.702555650797468e-05
2025-03-04 11:49:00+00:00,583.6,583.52,583.62,450,350,583.57625,1.4991970938418718e-07,-0.00012268553456562525
2025-03-04 11:50:00+00:00,583.43,583.48,583.53,55,150,583.4934146341463,3.787552186309498e-08,0.00013235801484889897
2025-03-04 11:51:00+00:00,583.55,583.5,583.56,130,35,583.5472727272727,1.3431262705180458e-07,0.00023514761939247286
2025-03-04 11:52:00+00:00,583.76,583.63,583.73,350,350,583.68,9.028967416452672e-08,-1.6775313591232965e-05
2025-03-04 11:53:00+00:00,583.72,583.62,583.71,430,430,583.6650000000001,1.0168587685697775e-07,-0.0004725090934120102
2025-03-04 11:54:00+00:00,583.63,583.4,583.46,60,450,583.4070588235294,1.1800994811718843e-07,5.243013684275155e-05
2025-03-04 11:55:00+00:00,583.39,583.39,583.5,150,150,583.445,1.1365167273600802e-07,4.28493075532721e-06
2025-03-04 11:56:00+00:00,583.36,583.38,583.49,650,450,583.445,8.342916747048791e-08,-0.00018095514652582967
2025-03-04 11:57:00+00:00,583.39,583.34,583.43,930,330,583.4064285714285,7.933836450302633e-08,-0.00010861893115432508
2025-03-04 11:58:00+00:00,583.29,583.24,583.29,835,300,583.2767841409691,6.944032450239801e-08,0.0003030325181656579
2025-03-04 11:59:00+00:00,583.29,583.38,583.47,200,56,583.4503125,6.206043344096418e-08,-0.0002903754428226213
2025-03-04 12:00:00+00:00,583.39,583.31,583.4,930,33,583.3969158878505,3.8116496892173e-07,-0.00019952089899688552
2025-03-04 12:01:00+00:00,583.11,583.07,583.16,400,400,583.115,1.7148892133399312e-07,-0.0002906832023276129
2025-03-04 12:02:00+00:00,582.99,582.95,583.04,100,100,582.995,1.4678232563411492e-07,-0.0006060309017602572
2025-03-04 12:03:00+00:00,582.6,582.55,582.66,651,250,582.6294783573805,2.1723880781903014e-07,-0.0002580613907882112
2025-03-04 12:04:00+00:00,582.45,582.46,582.5,430,119,582.4913296903461,1.272082007487402e-07,-5.38503991904804e-05
2025-03-04 12:05:00+00:00,582.45,582.42,582.5,630,31,582.4962481089259,4.790763934882467e-07,-0.00013621073524783256
2025-03-04 12:06:00+00:00,582.38,582.35,582.45,950,450,582.4178571428571,8.388578764768126e-08,0.00031229576018265703
2025-03-04 12:07:00+00:00,582.58,582.52,582.6,650,150,582.585,1.4823934995718998e-07,0.00014047081073531587
2025-03-04 12:08:00+00:00,582.6,582.57,582.65,1010,77,582.644333026679,1.8566670280024395e-07,0.00012025685199246183
2025-03-04 12:09:00+00:00,582.77,582.69,582.78,950,2050,582.7185,1.4946755849042597e-07,-0.0002649668516858661
2025-03-04 12:10:00+00:00,582.5,582.52,582.57,850,150,582.5625,1.2740867639031537e-07,0.0005625039612955351
2025-03-04 12:11:00+00:00,582.83,582.83,582.88,450,1,582.879889135255,1.7347641658834086e-07,-0.00037037843113330027
2025-03-04 12:12:00+00:00,582.77,582.7,582.82,430,52,582.8070539419089,2.1076459783845458e-07,-0.00018481352799937234
2025-03-04 12:13:00+00:00,582.62,582.56,582.64,25,500,582.5638095238095,9.007683322298155e-08,-0.00024712883778188477
2025-03-04 12:14:00+00:00,582.42,582.41,582.44,25,400,582.4117647058823,1.599345359876202e-07,-0.00016658807882163895
2025-03-04 12:15:00+00:00,582.32,582.25,582.31,150,250,582.2725,1.7138828064194569e-07,-0.00016148094910206634
2025-03-04 12:16:00+00:00,582.24,582.21,582.29,430,130,582.2714285714286,3.256502204850327e-07,-0.0006966023228552887
2025-03-04 12:17:00+00:00,581.85,581.81,581.86,55,230,581.8196491228069,5.555126763413738e-08,-3.1811660496150473e-05
2025-03-04 12:18:00+00:00,581.83,581.75,581.83,1030,130,581.8210344827586,1.1798761934690739e-07,-3.74607846176378e-06
2025-03-04 12:19:00+00:00,581.8,581.75,581.83,1030,530,581.8028205128205,1.3278777411416957e-07,-0.0002777066509889181
2025-03-04 12:20:00+00:00,581.72,581.6,581.69,1130,530,581.661265060241,2.0773612102237675e-07,0.0002026285839547004
2025-03-04 12:21:00+00:00,581.74,581.7,581.77,530,230,581.7488157894736,2.877089735994497e-07,8.107143146429685e-05
2025-03-04 12:22:00+00:00,581.7,581.75,581.81,530,55,581.8043589743589,5.59092317958754e-08,-0.00044451931927380617
2025-03-04 12:23:00+00:00,581.55,581.55,581.59,520,25,581.5881651376146,2.7301450982907567e-07,-0.0005973700120640579
2025-03-04 12:24:00+00:00,581.2,581.18,581.21,1,100,581.1802970297028,3.246004052072959e-07,-0.00022498941606619027
2025-03-04 12:25:00+00:00,581.03,581.03,581.07,830,37,581.0682929642445,3.9693781316774605e-07,-0.0005357400790410027
2025-03-04 12:26:00+00:00,580.74,580.75,580.77,10,130,580.7514285714285,7.37005819461674e-07,0.00030654807560859254
2025-03-04 12:27:00+00:00,580.92,580.86,580.95,530,530,580.9050000000001,3.5289730328471017e-07,-0.000757398128778064
2025-03-04 12:28:00+00:00,580.35,580.32,580.4,31,400,580.3257540603249,8.873789168138589e-07,-0.0008384415109852217
2025-03-04 12:29:00+00:00,580.0,580.02,580.11,400,400,580.065,4.008640261374376e-07,-1.5778605856442418e-05
2025-03-04 12:30:00+00:00,580.02,580.0,580.05,2,400,580.0002487562189,2.696133919047749e-07,0.0006403917572519457
2025-03-04 12:31:00+00:00,580.34,580.33,580.38,298,130,580.3648130841121,3.803212994514795e-07,0.0006835616253177967
2025-03-04 12:32:00+00:00,580.74,580.66,580.76,500,530,580.7085436893204,3.8101587293916595e-07,-0.00017820452729400138
2025-03-04 12:33:00+00:00,580.77,580.65,580.69,100,400,580.658,3.0433878999493383e-07,0.000361295526106753
2025-03-04 12:34:00+00:00,580.9,580.85,580.94,430,120,580.9203636363636,1.8216063193009562e-07,-0.00012875695027525502
2025-03-04 12:35:00+00:00,580.8,580.74,580.83,430,450,580.7839772727273,2.195842139809307e-07,4.9574902631466244e-05
2025-03-04 12:36:00+00:00,580.84,580.84,580.9,450,71,580.8918234165068,1.4209798672519928e-07,0.0005158699034202296
2025-03-04 12:37:00+00:00,581.1,581.09,581.17,130,430,581.1085714285714,1.9298840731346236e-07,-0.00039641064757711675
2025-03-04 12:38:00+00:00,580.9,580.83,580.91,955,150,580.8991402714931,2.1917403675003886e-07,0.00014188587105912198
2025-03-04 12:39:00+00:00,581.0,580.88,580.99,750,450,580.94875,1.0678016515801825e-07,-0.00043938239534058177
2025-03-04 12:40:00+00:00,580.66,580.72,580.87,430,47,580.8552201257862,3.969892805380108e-07,0.000671215337431974
2025-03-04 12:41:00+00:00,581.04,581.04,581.14,450,150,581.115,2.604364981861552e-07,-0.0008172344416774724
2025-03-04 12:42:00+00:00,580.73,580.64,580.69,31,430,580.6433622559653,2.062912257189136e-07,1.7062536152856467e-05
2025-03-04 12:43:00+00:00,580.65,580.64,580.7,75,350,580.6505882352941,1.4297303613222263e-07,0.00015392232842503795
2025-03-04 12:44:00+00:00,580.72,580.68,580.79,550,350,580.7472222222223,3.2600732640215735e-07,0.00026674739298626626
2025-03-04 12:45:00+00:00,581.0,580.84,580.94,450,250,580.9042857142857,3.6987216054885947e-07,3.910227088277374e-05
2025-03-04 12:46:00+00:00,580.93,580.91,580.96,950,10,580.9594791666666,2.5555482268690005e-07,0.0003264952939345811
2025-03-04 12:47:00+00:00,581.1,581.06,581.12,133,330,581.0772354211663,2.4615012587498836e-07,1.47933102838671e-05
2025-03-04 12:48:00+00:00,581.09,581.07,581.17,430,530,581.1147916666666,1.8385780995905504e-07,-0.00012234490424778421
2025-03-04 12:49:00+00:00,581.07,581.0,581.09,130,430,581.0208928571428,2.4346049481922367e-07,-0.00020481591422105705
2025-03-04 12:50:00+00:00,580.93,580.9,580.98,450,350,580.945,2.0344846387618326e-07,-5.1262997363354934e-05
2025-03-04 12:51:00+00:00,581.0,580.89,581.0,31,200,580.9047619047619,2.6238135874623703e-07,-0.0002690685236317325
2025-03-04 12:52:00+00:00,580.73,580.71,580.8,930,330,580.7764285714286,3.1286744275622954e-07,-6.067082344962671e-06
2025-03-04 12:53:00+00:00,580.69,580.69,580.78,440,550,580.73,2.030536627678191e-07,-0.0005947669219600327
2025-03-04 12:54:00+00:00,580.35,580.34,580.43,830,520,580.3953333333333,1.4084248579758602e-07,0.00012850594549518313
2025-03-04 12:55:00+00:00,580.39,580.42,580.51,230,530,580.4472368421052,2.637558716742359e-07,-7.29689282327195e-05
2025-03-04 12:56:00+00:00,580.45,580.39,580.48,950,450,580.4510714285715,1.0043776684530447e-07,-0.0003995248203944035
2025-03-04 12:57:00+00:00,580.23,580.19,580.23,5,405,580.1904878048781,2.0032875844469792e-07,0.00013704498228284123
2025-03-04 12:58:00+00:00,580.265,580.23,580.31,430,430,580.27,2.2562578952142418e-07,3.3332940291730395e-05
2025-03-04 12:59:00+00:00,580.27,580.24,580.29,950,12,580.2893762993763,1.700251894259297e-07,-0.00021571211034521198
2025-03-04 13:00:00+00:00,580.2,580.15,580.24,430,130,580.2191071428572,3.7129289514460955e-07,5.451087919050579e-06
2025-03-04 13:01:00+00:00,580.2,580.17,580.26,430,630,580.2065094339622,2.542159369410479e-07,0.00031885567960299177
2025-03-04 13:02:00+00:00,580.28,580.28,580.36,430,53,580.3512215320911,2.6330084391086627e-07,-0.0005463158712253335
2025-03-04 13:03:00+00:00,580.05,580.01,580.08,60,430,580.0185714285714,3.068504119904228e-07,-6.414713846303322e-05
2025-03-04 13:04:00+00:00,580.0,579.95,580.03,130,530,579.9657575757576,8.521969640467561e-07,-0.000707726162265665
2025-03-04 13:05:00+00:00,579.57,579.57,579.64,430,430,579.605,5.464889311956418e-07,0.0006786758273100713
2025-03-04 13:06:00+00:00,580.0,580.0,580.04,300,80,580.0315789473684,2.8369082515141306e-07,0.0006528297690893137
2025-03-04 13:07:00+00:00,580.34,580.29,580.36,530,33,580.3558969804618,3.808848642791925e-07,-0.000604669882370068
2025-03-04 13:08:00+00:00,580.0,580.0,580.07,430,130,580.05375,2.5174698538056845e-07,-0.00028002787473102586
2025-03-04 13:09:00+00:00,579.81,579.79,579.86,530,130,579.8462121212121,1.56780048685316e-07,-3.639885506223628e-05
2025-03-04 13:10:00+00:00,579.88,579.82,579.88,40,530,579.8242105263158,2.141715276016529e-07,-0.00011228624332071391
2025-03-04 13:11:00+00:00,579.73,579.74,579.83,850,400,579.8012,2.594118068267213e-07,0.00033538782331388184
2025-03-04 13:12:00+00:00,579.92,579.86,579.96,750,450,579.9225,1.8843831473183026e-07,-0.0003718508716029634
2025-03-04 13:13:00+00:00,579.74,579.72,579.81,31,250,579.7299288256228,2.6726633635778225e-07,-0.0001459275217882139
2025-03-04 13:14:00+00:00,579.65,579.62,579.66,1500,170,579.6559281437126,7.469028624615591e-08,-9.913305066266975e-05
2025-03-04 13:15:00+00:00,579.58,579.56,579.6,1570,140,579.5967251461989,1.1812800262063994e-07,0.0006636148959791033
2025-03-04 13:16:00+00:00,580.02,579.97,580.0,218,55,579.993956043956,1.5998165313497027e-07,4.504653142078929e-05
2025-03-04 13:17:00+00:00,579.99,579.97,580.04,570,1570,579.988644859813,2.900358959942847e-07,-2.4750223829639317e-05
2025-03-04 13:18:00+00:00,580.0,579.95,580.0,216,1570,579.9560470324749,2.113836472887323e-07,-0.0006572908490141138
2025-03-04 13:19:00+00:00,579.6,579.56,579.59,85,100,579.5737837837837,1.016550606343226e-07,-0.0002511767559723044
2025-03-04 13:20:00+00:00,579.47,579.47,579.5,308,155,579.4899568034557,1.9447456128425398e-07,0.00012010936268969097
2025-03-04 13:21:00+00:00,579.52,579.5,579.56,360,1570,579.5111917098446,1.479148756187273e-07,-0.00030290255762754903
2025-03-04 13:22:00+00:00,579.39,579.37,579.44,1300,281,579.427558507274,2.5084711042398996e-07,0.00026494521660169745
2025-03-04 13:23:00+00:00,579.48,579.5,579.53,5,600,579.5002479338843,1.968889660976613e-07,0.0002280198901709607
2025-03-04 13:24:00+00:00,579.61,579.6,579.66,1342,1660,579.6268221185876,1.388926062438126e-07,-9.42994595010127e-05
2025-03-04 13:25:00+00:00,579.58,579.6,579.66,350,2000,579.6089361702128,1.1995047891298854e-07,0.0001419311965835668
2025-03-04 13:26:00+00:00,579.66,579.64,579.68,1132,190,579.6742511346444,2.0532591277623374e-07,-0.00020715801241943943
2025-03-04 13:27:00+00:00,579.51,579.52,579.59,1800,1900,579.5540540540541,9.528832727524248e-08,-0.0001861867434970188
2025-03-04 13:28:00+00:00,579.44,579.36,579.45,232,1618,579.3712864864864,1.6777694440423114e-07,-0.0002685743423275211
2025-03-04 13:29:00+00:00,579.28,579.26,579.3,1000,650,579.2842424242424,1.9713292469586918e-07,-0.00013942797350063874
2025-03-04 13:30:00+00:00,579.23,579.21,579.26,600,300,579.2433333333333,2.48638740970767e-07,0.0010194597832535734
2025-03-04 13:31:00+00:00,579.81,579.81,579.85,2670,750,579.8412280701755,2.661001289986298e-07,0.0003711174172624787
2025-03-04 13:32:00+00:00,580.05,580.01,580.07,270,1670,580.018350515464,2.540860501218409e-07,-0.0006980367977638124
2025-03-04 13:33:00+00:00,579.67,579.61,579.63,1,1000,579.61001998002,1.4729054889498933e-07,-0.00034598950485953406
2025-03-04 13:34:00+00:00,579.41,579.38,579.42,2070,101,579.4181391064025,3.0364208415178997e-07,0.000807575612997713
2025-03-04 13:35:00+00:00,579.91,579.92,579.94,360,100,579.9356521739131,5.322190277569086e-07,0.0003412035429759541
2025-03-04 13:36:00+00:00,580.07,580.07,580.1,284,5,580.0994809688582,2.3682976083792675e-07,-0.0001896036200943474
2025-03-04 13:37:00+00:00,579.94,579.99,580.05,300,1600,579.9994736842106,2.199633198701606e-07,0.0006936450493677526
2025-03-04 13:38:00+00:00,580.36,580.32,580.38,370,1570,580.331443298969,2.2117091885834664e-07,-0.0005262027962242843
2025-03-04 13:39:00+00:00,580.09,580.0,580.08,108,1600,580.0050585480094,2.638077845801529e-07,0.00017779466100731334
2025-03-04 13:40:00+00:00,580.2,580.13,580.2,600,1500,580.15,2.5300009183915005e-07,-0.00022975196723840074
2025-03-04 13:41:00+00:00,580.04,580.01,580.08,600,1600,580.0290909090909,1.2497879293179666e-07,0.0007087142141759539
2025-03-04 13:42:00+00:00,580.42,580.41,580.48,1100,1600,580.4385185185185,3.16806996656644e-07,0.00013493429663569145
2025-03-04 13:43:00+00:00,580.54,580.47,580.53,470,1070,580.4883116883117,1.926330587590746e-07,-0.0004473347099309688
2025-03-04 13:44:00+00:00,580.24,580.23,580.3,600,1500,580.25,1.0360430969919893e-07,0.00016507856403347176
2025-03-04 13:45:00+00:00,580.3,580.33,580.38,2000,400,580.3716666666667,2.079945019848799e-07,3.394459449568288e-05
2025-03-04 13:46:00+00:00,580.35,580.35,580.42,500,200,580.4,1.9900430610599844e-07,-0.0006046675635300591
2025-03-04 13:47:00+00:00,580.03,580.03,580.08,1800,600,580.0675,1.5430071667243532e-07,0.00021340026805050094
2025-03-04 13:48:00+00:00,580.15,580.14,580.18,300,5,580.179344262295,1.8529110986594445e-07,0.0004191286551273876
2025-03-04 13:49:00+00:00,580.33,580.34,580.41,1800,600,580.3925,1.1405661802370115e-07,-1.864089313774464e-05
2025-03-04 13:50:00+00:00,580.42,580.4,580.46,1000,650,580.4363636363636,2.5151284307131043e-07,-0.00015848336441570687
2025-03-04 13:51:00+00:00,580.34,580.24,580.31,1800,2100,580.2723076923077,7.001651500065592e-08,-0.0004969785109100178
2025-03-04 13:52:00+00:00,580.0,579.99,580.01,7,1600,579.990087118855,1.0837507300438844e-07,0.0002514248371332517
2025-03-04 13:53:00+00:00,580.33,580.34,580.39,100,1500,580.343125,5.104469104551463e-07,0.0003382369744362457
2025-03-04 13:54:00+00:00,580.35,580.32,580.38,1100,1600,580.3444444444444,2.0306249614513282e-07,0.00023997976774925434
2025-03-04 13:55:00+00:00,580.43,580.45,580.51,1100,1600,580.4744444444444,1.7038010802991817e-07,-0.0005530171817262897
2025-03-04 13:56:00+00:00,580.14,580.16,580.21,102,1100,580.1642429284526,1.5209086221233479e-07,-0.0002745659551925961
2025-03-04 13:57:00+00:00,580.0,580.0,580.01,13,30,580.003023255814,2.495806123949893e-07,-0.00047747504429296317
2025-03-04 13:58:00+00:00,579.75,579.7,579.78,80,270,579.7182857142857,1.3569678987624105e-07,0.00032073371512764126
2025-03-04 13:59:00+00:00,579.96,579.93,579.98,1600,200,579.9744444444444,4.088663343517976e-07,-3.223015543662999e-05
2025-03-04 14:00:00+00:00,579.85,579.85,579.92,1400,800,579.8945454545454,2.261818165280176e-07,0.00028729440631547476
2025-03-04 14:01:00+00:00,580.09,580.05,580.08,1100,101,580.0774771024147,2.638000739538818e-07,0.000344188380480448
2025-03-04 14:02:00+00:00,580.19,580.22,580.27,600,500,580.2472727272727,6.000370743910584e-07,0.0011325807950293143
2025-03-04 14:03:00+00:00,580.92,580.83,580.89,71,470,580.8378743068392,2.562390842360384e-07,-6.150522590542273e-05
2025-03-04 14:04:00+00:00,580.89,580.84,580.88,61,460,580.8446833013436,2.1915311550596563e-07,-0.00012647535502952056
2025-03-04 14:05:00+00:00,580.85,580.82,580.86,370,470,580.8376190476191,1.4081340766218796e-07,9.840357675150457e-05
2025-03-04 14:06:00+00:00,580.87,580.86,580.91,1360,200,580.9035897435897,2.2589046031972672e-07,0.00016292215449409397
2025-03-04 14:07:00+00:00,580.94,580.94,580.99,300,900,580.9525,3.1381954340825365e-07,0.0001368804380268429
2025-03-04 14:08:00+00:00,581.02,580.99,581.05,360,560,581.0134782608696,1.0804827654699619e-07,-0.0001798620856803268
2025-03-04 14:09:00+00:00,580.9,580.88,580.94,1500,200,580.9329411764706,1.496946955744236e-07,0.0005258283964275634
2025-03-04 14:10:00+00:00,581.23,581.23,581.24,1800,26,581.2398576122672,1.9000316108484492e-07,7.798747586762467e-05
2025-03-04 14:11:00+00:00,581.25,581.25,581.27,1315,870,581.2620366132722,1.1069924297712648e-07,-0.0003993560725495948
2025-03-04 14:12:00+00:00,581.1,581.02,581.07,1,500,581.0200998003992,1.1202518442245583e-07,0.0002183269503608365
2025-03-04 14:13:00+00:00,581.18,581.13,581.18,150,56,581.1664077669902,1.0173838867695409e-07,-0.00033578056960947844
2025-03-04 14:14:00+00:00,581.0,580.97,581.02,360,860,580.9847540983607,1.0978761131568375e-07,2.6948832018369728e-05
2025-03-04 14:15:00+00:00,581.02,581.0,581.03,1,72,581.0004109589041,1.3231801394586647e-07,-0.0005423884976536453
2025-03-04 14:16:00+00:00,580.71,580.68,580.72,70,1960,580.6813793103447,1.7247425133750843e-07,-0.00042132636390590505
2025-03-04 14:17:00+00:00,580.41,580.4,580.42,101,470,580.4035376532399,1.3353229520446464e-07,-0.0004145557523647092
2025-03-04 14:18:00+00:00,580.22,580.2,580.22,300,110,580.2146341463415,2.515693467590645e-07,0.0003061163316995241
2025-03-04 14:19:00+00:00,580.4,580.37,580.42,450,450,580.395,1.5083169645615672e-07,-0.00022174839731015084
2025-03-04 14:20:00+00:00,580.22,580.25,580.3,360,1000,580.2632352941176,1.6655080527477235e-07,-0.0003446651205132323
2025-03-04 14:21:00+00:00,580.05,580.02,580.05,900,71,580.0478063851699,1.574532382582279e-07,-3.4532331209979894e-05
2025-03-04 14:22:00+00:00,580.03,579.99,580.04,300,700,580.005,7.432199112604626e-08,-0.00016206184419531589
2025-03-04 14:23:00+00:00,579.92,579.92,579.94,1400,103,579.9386294078511,1.8392681563131702e-07,0.00048700956597524936
2025-03-04 14:24:00+00:00,580.2,580.2,580.23,276,153,580.2193006993008,1.4196907438146772e-07,0.00013321423875001237
2025-03-04 14:25:00+00:00,580.33,580.2,580.27,1,1000,580.20006993007,5.425995748727002e-07,-0.00021481237421860921
2025-03-04 14:26:00+00:00,580.18,580.11,580.16,2900,100,580.1583333333333,1.0334482912071727e-06,0.0011537649032020703
2025-03-04 14:27:00+00:00,580.73,580.65,580.71,800,100,580.7033333333334,4.4218729851243604e-07,-0.0013932082513289368
2025-03-04 14:28:00+00:00,580.05,580.1,580.15,300,300,580.125,4.818425888661604e-07,-0.00047075430872745017
2025-03-04 14:29:00+00:00,579.76,579.74,579.79,300,1200,579.75,4.2911239555869744e-07,-0.0002697149883336136
2025-03-04 14:30:00+00:00,579.7,579.71,579.74,2800,1100,579.7315384615384,1.6005129903552796e-06,-0.00018234908456604693
2025-03-04 14:31:00+00:00,579.44,579.39,579.42,800,100,579.4166666666666,8.912793976431174e-07,-0.0012690555766837752
2025-03-04 14:32:00+00:00,578.74,578.74,578.76,100,100,578.75,7.029956098453181e-07,-0.0009224458019455595
2025-03-04 14:33:00+00:00,578.21,578.18,578.2,300,70,578.1962162162163,5.500152127522445e-07,1.4693640202345648e-05
2025-03-04 14:34:00+00:00,578.27,578.25,578.29,351,850,578.2616902581183,1.0367151880563952e-06,0.0006881004147116787
2025-03-04 14:35:00+00:00,578.56,578.55,578.58,300,132,578.5708333333333,8.321816352625596e-07,9.316156881888915e-05
2025-03-04 14:36:00+00:00,578.78,578.74,578.77,250,130,578.7597368421053,1.0714500557385717e-06,0.0013196690905596942
2025-03-04 14:37:00+00:00,579.44,579.46,579.49,550,170,579.4829166666667,7.672077196874429e-07,0.000353423930747665
2025-03-04 14:38:00+00:00,579.79,579.76,579.79,200,130,579.7781818181818,9.785413805847407e-07,0.0006369619393633563
2025-03-04 14:39:00+00:00,580.03,580.01,580.04,420,333,580.0267330677291,7.539149205305347e-07,-0.0015582498361634833
2025-03-04 14:40:00+00:00,579.16,579.15,579.18,100,200,579.16,1.3949549531396496e-06,0.0007492613911777024
2025-03-04 14:41:00+00:00,579.53,579.43,579.47,350,300,579.4515384615385,1.021450193625812e-06,-0.0005792356638592011
2025-03-04 14:42:00+00:00,579.32,579.29,579.32,100,671,579.2938910505836,8.571894212875978e-07,-0.0017003953024360419
2025-03-04 14:43:00+00:00,578.18,578.18,578.21,100,306,578.1873891625615,8.280732701451759e-07,-0.000363661145156402
2025-03-04 14:44:00+00:00,578.05,578.02,578.05,530,100,578.0452380952381,4.174347693006482e-06,0.0007638965716114665
2025-03-04 14:45:00+00:00,578.47,578.46,578.48,100,100,578.47,8.324618162183056e-07,-0.0006837646758658389
2025-03-04 14:46:00+00:00,578.21,578.16,578.18,200,130,578.1721212121212,9.05524818204363e-07,0.0011344869674905222
2025-03-04 14:47:00+00:00,578.7,578.73,578.75,150,100,578.742,7.121375112175248e-07,0.000258847197784684
2025-03-04 14:48:00+00:00,578.87,578.82,578.85,850,300,578.8421739130434,9.794588750915544e-07,6.0903001515733024e-05
2025-03-04 14:49:00+00:00,578.95,578.86,578.9,330,936,578.8704265402844,9.783642198960545e-07,-0.0015124362400579239
2025-03-04 14:50:00+00:00,578.02,578.01,578.04,330,130,578.0315217391304,9.561595848516402e-07,-0.0008414461892329861
2025-03-04 14:51:00+00:00,577.56,577.53,577.56,650,250,577.5516666666666,7.757328501123235e-07,0.00034139131170563
2025-03-04 14:52:00+00:00,577.76,577.74,577.76,300,100,577.755,6.606178304407208e-07,-0.0005847859226080221
2025-03-04 14:53:00+00:00,577.29,577.28,577.32,2703,100,577.3185729575456,1.0154175129313816e-06,-0.0010322936867087629
2025-03-04 14:54:00+00:00,576.82,576.79,576.83,530,400,576.8127956989248,8.831981543120442e-07,0.00035096465147121947
2025-03-04 14:55:00+00:00,577.07,577.07,577.09,100,600,577.0728571428572,8.353789210684632e-07,-0.00010491791783240334
2025-03-04 14:56:00+00:00,576.95,576.92,576.96,230,330,576.9364285714286,7.037323841289627e-07,0.00037315927673042815
2025-03-04 14:57:00+00:00,577.2,577.18,577.22,700,500,577.2033333333334,5.72620583662547e-07,-0.00038902988927691506
2025-03-04 14:58:00+00:00,577.12,577.08,577.11,100,600,577.0842857142857,6.455877576229237e-07,-1.1061007156087932e-05
2025-03-04 14:59:00+00:00,576.81,576.81,576.83,530,130,576.8260606060607,9.70592473184754e-07,-0.002100148476522401
2025-03-04 15:00:00+00:00,575.76,575.69,575.74,780,250,575.7278640776699,1.2138955198085115e-06,-0.0009541500925092095
2025-03-04 15:01:00+00:00,575.23,575.2,575.25,1030,345,575.2374545454545,1.0402934426262262e-06,0.0012725623122977758
2025-03-04 15:02:00+00:00,575.96,575.87,575.92,500,150,575.9084615384616,7.590360564719712e-07,-0.0010073919073961823
2025-03-04 15:03:00+00:00,575.3,575.27,575.3,220,100,575.290625,5.90132912738879e-07,6.589447465343845e-05
2025-03-04 15:04:00+00:00,575.36,575.28,575.32,361,330,575.3008972503618,9.965477360569558e-07,0.0004358101584076568
2025-03-04 15:05:00+00:00,575.49,575.49,575.52,530,180,575.5123943661972,7.172602538530199e-07,-5.87858772743699e-05
2025-03-04 15:06:00+00:00,575.51,575.46,575.48,100,200,575.4666666666667,8.33220309803772e-07,-0.0010802047363653866
2025-03-04 15:07:00+00:00,574.94,574.96,574.99,830,130,574.9859375,8.912772367736699e-07,-0.0005984041404529794
2025-03-04 15:08:00+00:00,574.56,574.51,574.55,401,130,574.5402071563088,1.2780110305033653e-06,0.00015064905178752142
2025-03-04 15:09:00+00:00,574.77,574.75,574.78,350,100,574.7733333333333,7.632346330879234e-07,-0.00023084952272012238
2025-03-04 15:10:00+00:00,574.6,574.57,574.6,530,280,574.5896296296296,6.932561259922533e-07,-0.0007922248761922379
2025-03-04 15:11:00+00:00,574.04,574.04,574.07,504,130,574.0638485804417,8.339663370720514e-07,0.0004076856807644358
2025-03-04 15:12:00+00:00,574.25,574.22,574.26,424,280,574.2440909090909,1.1533781178910003e-06,0.0011405080862108008
2025-03-04 15:13:00+00:00,574.93,574.91,574.95,300,280,574.9306896551724,6.675164431983753e-07,7.922636421353602e-06
2025-03-04 15:14:00+00:00,575.0,574.98,575.02,250,200,575.0022222222223,1.1945253469927696e-06,-0.0005694693057425315
2025-03-04 15:15:00+00:00,574.71,574.69,574.73,385,330,574.7115384615385,5.723739634511885e-07,-0.0006909998754461855
2025-03-04 15:16:00+00:00,574.24,574.22,574.25,300,230,574.2369811320755,5.981275880470013e-07,-0.0010038948242255818
2025-03-04 15:17:00+00:00,573.71,573.66,573.7,230,480,573.6729577464788,4.166759364650054e-07,-0.0004308067869274179
2025-03-04 15:18:00+00:00,573.45,573.41,573.44,564,330,573.4289261744967,6.506413301283663e-07,-0.0011431871768047275
2025-03-04 15:19:00+00:00,572.73,572.69,572.74,330,650,572.706836734694,5.287624343225565e-07,-0.00015460673514688938
2025-03-04 15:20:00+00:00,572.74,572.69,572.72,630,100,572.715890410959,1.1196733948546612e-06,0.0006907912711811015
2025-03-04 15:21:00+00:00,573.04,573.04,573.07,630,100,573.0658904109589,5.227762744351722e-07,-0.0008343285270010492
2025-03-04 15:22:00+00:00,572.62,572.62,572.64,770,42,572.6389655172413,9.831235101669416e-07,0.0005962289289844769
2025-03-04 15:23:00+00:00,572.98,572.96,572.99,320,120,572.9818181818182,9.88233559834097e-07,0.0005061155039320919
2025-03-04 15:24:00+00:00,573.19,573.2,573.22,205,530,573.2055782312925,6.34849167040654e-07,0.0002585555681948737
2025-03-04 15:25:00+00:00,573.37,573.36,573.4,330,884,573.3708731466227,7.547899870433166e-07,-0.0002615909713744591
2025-03-04 15:26:00+00:00,573.28,573.27,573.29,20,150,573.2723529411765,6.126017509295221e-07,0.00098255110175538
2025-03-04 15:27:00+00:00,573.72,573.7,573.73,830,330,573.7214655172414,7.726334125123778e-07,0.0013098945447815868
2025-03-04 15:28:00+00:00,574.69,574.68,574.71,300,437,574.692211668928,6.995980079027168e-07,1.3910293037433519e-06
2025-03-04 15:29:00+00:00,574.56,574.54,574.57,300,180,574.55875,6.874139325096647e-07,-2.6484373465418543e-06
2025-03-04 15:30:00+00:00,574.52,574.52,574.54,230,100,574.5339393939394,1.1447579212427842e-06,0.0006915800475848499
2025-03-04 15:31:00+00:00,575.02,575.0,575.02,130,247,575.006896551724,1.0138093656801305e-06,0.0006032375765658848
2025-03-04 15:32:00+00:00,575.31,575.16,575.2,302,1000,575.1692780337942,9.209183510840085e-07,9.031254249669551e-05
2025-03-04 15:33:00+00:00,575.37,575.35,575.38,330,200,575.368679245283,7.540656857331755e-07,0.0010417757125693594
2025-03-04 15:34:00+00:00,575.9,575.89,575.91,122,100,575.900990990991,4.805195033845763e-07,-0.0008937788733811569
2025-03-04 15:35:00+00:00,575.45,575.44,575.47,330,380,575.453943661972,4.893573577946255e-07,0.0004979608580617523
2025-03-04 15:36:00+00:00,575.67,575.66,575.69,370,268,575.6773981191224,5.111992461161455e-07,-0.0010375185640244533
2025-03-04 15:37:00+00:00,575.26,575.23,575.26,280,130,575.250487804878,7.598806293252868e-07,0.0005807574074445654
2025-03-04 15:38:00+00:00,575.46,575.44,575.47,246,480,575.4501652892562,6.642836436669684e-07,-0.0001466454529752692
2025-03-04 15:39:00+00:00,575.48,575.48,575.49,180,100,575.4864285714286,6.932809934242231e-07,-0.0008705510924715831
2025-03-04 15:40:00+00:00,574.79,574.8,574.83,730,230,574.8228125,5.865901443466476e-07,-0.0007297236600896095
2025-03-04 15:41:00+00:00,574.53,574.52,574.55,200,250,574.5333333333333,1.0019785049216602e-06,0.0016294938363248246
2025-03-04 15:42:00+00:00,575.36,575.35,575.38,580,100,575.3755882352941,6.694229636215265e-07,-0.0009929090874672974
2025-03-04 15:43:00+00:00,574.84,574.88,574.9,100,100,574.89,8.249174892757499e-07,-0.00074542048818238
2025-03-04 15:44:00+00:00,574.39,574.4,574.42,100,300,574.405,9.376987209540192e-07,0.0014881193369986612
2025-03-04 15:45:00+00:00,575.37,575.34,575.37,750,100,575.3664705882353,1.406444682356339e-06,0.0002914502373723149
2025-03-04 15:46:00+00:00,575.42,575.41,575.43,300,100,575.425,8.878996662015418e-07,-0.0018547719264814244
2025-03-04 15:47:00+00:00,574.44,574.42,574.45,130,880,574.4238613861386,6.690742647607037e-07,-0.00011802193941556904
2025-03-04 15:48:00+00:00,574.38,574.34,574.37,130,330,574.3484782608697,1.2075653762928797e-06,0.0016431779123242674
2025-03-04 15:49:00+00:00,575.09,575.07,575.1,100,330,575.076976744186,6.700189029907949e-07,-0.0005562847134698012
2025-03-04 15:50:00+00:00,574.89,574.91,574.94,360,100,574.9334782608696,7.762200392822072e-07,-0.0009479497325737274
2025-03-04 15:51:00+00:00,574.35,574.3,574.33,235,130,574.3193150684932,8.009415359823766e-07,-0.0006425901129756273
2025-03-04 15:52:00+00:00,574.03,574.01,574.04,300,330,574.0242857142857,7.786830300267046e-07,7.330647083980679e-05
2025-03-04 15:53:00+00:00,574.1,574.06,574.1,530,230,574.0878947368421,5.114441655375394e-07,-0.0007882766695560539
2025-03-04 15:54:00+00:00,573.58,573.54,573.58,329,550,573.5549715585893,6.195045295469008e-07,0.0002595975943218143
2025-03-04 15:55:00+00:00,573.76,573.76,573.78,430,100,573.7762264150944,6.758182953346859e-07,-0.00012789648836830647
2025-03-04 15:56:00+00:00,573.63,573.61,573.64,170,250,573.6221428571429,7.51971775698543e-07,0.000488305301699965
2025-03-04 15:57:00+00:00,573.91,573.88,573.92,930,330,573.9095238095238,3.5571893969194685e-07,-0.00043141017442760443
2025-03-04 15:58:00+00:00,573.64,573.61,573.64,202,370,573.6205944055944,5.047900165430442e-07,0.0002476339677552897
2025-03-04 15:59:00+00:00,573.83,573.83,573.85,700,100,573.8475,5.865258328298799e-07,0.0004659954528027921
2025-03-04 16:00:00+00:00,574.04,574.08,574.1,300,100,574.095,6.895135359896202e-07,0.0005439866020573447
2025-03-04 16:01:00+00:00,574.46,574.43,574.45,200,500,574.4357142857143,5.585417685514541e-07,-0.0011954037268248063
2025-03-04 16:02:00+00:00,573.72,573.69,573.72,400,180,573.7106896551725,7.11580760917314e-07,0.00028064821064277545
2025-03-04 16:03:00+00:00,573.9,573.88,573.9,200,230,573.8893023255814,7.709381186545996e-07,0.000996997916423048
2025-03-04 16:04:00+00:00,574.5,574.43,574.48,314,630,574.4466313559323,3.6908664478047636e-07,-0.0009590101945232687
2025-03-04 16:05:00+00:00,573.91,573.88,573.9,430,100,573.8962264150944,2.8132843847621975e-07,-0.00023153297841194131
2025-03-04 16:06:00+00:00,573.85,573.78,573.82,430,380,573.8012345679012,2.59794524433262e-07,-0.0001679345072237437
2025-03-04 16:07:00+00:00,573.71,573.7,573.72,100,600,573.7028571428572,3.0280800560128446e-07,-0.0004880627974134244
2025-03-04 16:08:00+00:00,573.42,573.39,573.42,1351,325,573.4141825775656,4.7577810958008904e-07,-0.0010812381921232461
2025-03-04 16:09:00+00:00,572.77,572.76,572.8,527,290,572.7858017135862,3.1407878164354794e-07,-0.00019957121286240387
2025-03-04 16:10:00+00:00,572.68,572.66,572.68,100,330,572.6646511627906,4.6950479940317234e-07,0.00023162414232302808
2025-03-04 16:11:00+00:00,572.84,572.81,572.85,1980,428,572.8428903654485,7.601295873987698e-07,0.0012140997450391655
2025-03-04 16:12:00+00:00,573.52,573.5,573.54,230,780,573.5091089108911,5.056861349576218e-07,0.0013115488270838416
2025-03-04 16:13:00+00:00,574.26,574.24,574.26,200,100,574.2533333333333,5.958922893826283e-07,0.0004568614978617269
2025-03-04 16:14:00+00:00,574.44,574.43,574.45,730,13,574.4496500672949,6.673473600944492e-07,0.00023352624631933772
2025-03-04 16:15:00+00:00,574.65,574.61,574.64,300,280,574.6255172413794,7.786140704282403e-07,0.0002522241543891912
2025-03-04 16:16:00+00:00,574.85,574.85,574.87,143,288,574.8566357308586,6.002801149112867e-07,-0.00014094253954399782
2025-03-04 16:17:00+00:00,574.68,574.66,574.68,33,100,574.6649624060151,2.884702956852206e-07,-0.0007222121152263838
2025-03-04 16:18:00+00:00,574.32,574.29,574.32,230,43,574.3152747252748,2.9438981317973863e-07,-0.0004929624920320119
2025-03-04 16:19:00+00:00,574.03,574.02,574.04,193,330,574.027380497132,2.7545559919634555e-07,-0.0008204723149801696
2025-03-04 16:20:00+00:00,573.57,573.54,573.57,130,230,573.5508333333333,4.558355000089283e-07,0.0005629819633734545
2025-03-04 16:21:00+00:00,573.85,573.85,573.88,230,216,573.8654708520179,3.814081872193616e-07,8.605766049285535e-05
2025-03-04 16:22:00+00:00,573.89,573.88,573.91,10,880,573.8803370786517,1.6738975623520254e-06,0.00020331925289651664
2025-03-04 16:23:00+00:00,574.05,574.01,574.04,300,130,574.0309302325581,6.476777459601709e-07,-0.0015816180991113926
2025-03-04 16:24:00+00:00,573.1,573.1,573.12,65,330,573.1032911392405,2.889568762154897e-07,0.00027449279588820374
2025-03-04 16:25:00+00:00,573.26,573.24,573.28,340,330,573.2602985074627,4.928830520664464e-07,-0.0007090439779431357
2025-03-04 16:26:00+00:00,572.88,572.89,572.92,280,130,572.910487804878,3.7078261532728654e-07,0.0006662417816190036
2025-03-04 16:27:00+00:00,573.26,573.22,573.26,220,780,573.2288000000001,4.0451508449237684e-07,-0.0006228091416108361
2025-03-04 16:28:00+00:00,572.93,572.92,572.95,430,112,572.9438007380074,2.969858370090945e-07,-0.0001907797543078127
2025-03-04 16:29:00+00:00,572.71,572.7,572.73,662,142,572.7247014925374,1.1560235704675454e-06,0.00034356261935686305
2025-03-04 16:30:00+00:00,572.97,572.96,572.99,60,755,572.9622085889572,1.372335723473461e-06,0.0010343063821420806
2025-03-04 16:31:00+00:00,573.6,573.55,573.59,200,200,573.57,4.0077502346040266e-07,-0.00023957409141783792
2025-03-04 16:32:00+00:00,573.42,573.4,573.44,220,725,573.4093121693122,6.079761653139452e-07,0.0009141109568113759
2025-03-04 16:33:00+00:00,574.04,573.98,574.03,720,145,574.0216184971098,4.3528628357219574e-07,-0.00022695065795874658
2025-03-04 16:34:00+00:00,573.84,573.79,573.83,120,339,573.80045751634,5.347702267526647e-07,-0.0004719804916691883
2025-03-04 16:35:00+00:00,573.6,573.56,573.61,630,661,573.5843996901626,5.365783128958236e-07,0.0001327015364540607
2025-03-04 16:36:00+00:00,573.68,573.62,573.65,202,100,573.6400662251655,7.91536990420866e-07,0.00030134368381329324
2025-03-04 16:37:00+00:00,573.79,573.76,573.79,300,100,573.7825,3.8372644458408944e-07,0.0008471353408907589
2025-03-04 16:38:00+00:00,574.3,574.27,574.31,380,155,574.2984112149533,7.209270695487026e-07,-0.0009276121366434964
2025-03-04 16:39:00+00:00,573.76,573.72,573.74,130,525,573.7239694656489,4.3579156282022384e-07,-0.00019853618549503516
2025-03-04 16:40:00+00:00,573.65,573.64,573.68,730,230,573.6704166666666,5.234074715448925e-07,0.0007006424122681931
2025-03-04 16:41:00+00:00,574.06,574.04,574.06,930,55,574.0588832487308,4.645140030459588e-07,0.0003983547274575283
2025-03-04 16:42:00+00:00,574.31,574.29,574.31,330,100,574.3053488372093,3.938411679837526e-07,0.0008727267040269382
2025-03-04 16:43:00+00:00,574.78,574.74,574.78,230,1145,574.746690909091,4.4526832705585603e-07,0.0002948778780624828
2025-03-04 16:44:00+00:00,575.03,575.0,575.03,220,23,575.0271604938271,5.534491102537079e-07,0.00027282512390858216
2025-03-04 16:45:00+00:00,575.18,575.16,575.2,870,345,575.1886419753087,3.3454680085417923e-07,0.00033399522360055833
2025-03-04 16:46:00+00:00,575.33,575.3,575.32,66,625,575.3019102749638,4.3306620359123555e-07,-0.0004152003124233694
2025-03-04 16:47:00+00:00,575.04,575.03,575.05,300,25,575.0484615384615,3.905904205958212e-07,7.735186768154101e-05
2025-03-04 16:48:00+00:00,575.14,575.09,575.13,780,230,575.120891089109,3.9911139155035875e-07,-0.00026043043559143
2025-03-04 16:49:00+00:00,574.96,574.94,574.97,244,100,574.9612790697674,3.939941225755024e-07,0.0013073126897740206
2025-03-04 16:50:00+00:00,575.7,575.67,575.69,1,150,575.6701324503312,7.123387094180704e-07,0.00017142639005895965
2025-03-04 16:51:00+00:00,575.81,575.77,575.81,780,330,575.7981081081081,3.2654109103697426e-07,-0.0009555772774663129
2025-03-04 16:52:00+00:00,575.28,575.25,575.29,780,300,575.2788888888889,3.3215950406981095e-07,0.0004882973631612497
2025-03-04 16:53:00+00:00,575.53,575.49,575.53,380,730,575.5036936936937,5.65837615518125e-07,0.0012044326631763802
2025-03-04 16:54:00+00:00,576.23,576.21,576.25,130,932,576.2148964218457,2.7840858791366815e-07,-0.0004995199253873261
2025-03-04 16:55:00+00:00,575.93,575.92,575.95,250,150,575.93875,4.433029720254393e-07,0.0003120714511832823
2025-03-04 16:56:00+00:00,576.18,576.16,576.19,230,230,576.175,3.813837956024846e-07,0.00047897085591319666
2025-03-04 16:57:00+00:00,576.44,576.42,576.45,330,1164,576.4266265060241,3.057566399289964e-07,-0.00017854535948436112
2025-03-04 16:58:00+00:00,576.28,576.27,576.3,286,350,576.2834905660377,2.87635535758517e-07,0.00014749006611025628
2025-03-04 16:59:00+00:00,576.39,576.38,576.4,100,450,576.3836363636364,3.2677350563025516e-07,-0.0007662569360709082
2025-03-04 17:00:00+00:00,575.98,575.97,576.0,200,355,575.9808108108108,3.5047115719537895e-07,-4.543909616183672e-05
2025-03-04 17:01:00+00:00,575.89,575.87,575.9,230,430,575.8804545454545,2.934711843548203e-07,-0.000307825138536999
2025-03-04 17:02:00+00:00,575.74,575.72,575.74,10,100,575.7218181818182,3.078738376873261e-07,0.0005335476484547019
2025-03-04 17:03:00+00:00,576.03,576.02,576.04,32,100,576.0248484848485,2.929232745356079e-07,-9.123784028630677e-05
2025-03-04 17:04:00+00:00,576.02,575.99,576.03,281,1530,575.9962065157372,2.109355172965854e-07,0.0004719653500251386
2025-03-04 17:05:00+00:00,576.3,576.25,576.28,400,150,576.2718181818182,3.498315591354595e-07,-4.736246468550753e-05
2025-03-04 17:06:00+00:00,576.27,576.19,576.22,250,230,576.205625,2.6181989148795363e-07,-0.00048581230410305043
2025-03-04 17:07:00+00:00,575.99,575.96,575.98,1,300,575.9600664451827,3.683588490198688e-07,-0.0007603200644724639
2025-03-04 17:08:00+00:00,575.49,575.48,575.5,100,130,575.488695652174,2.83475994288391e-07,0.0002098526442806392
2025-03-04 17:09:00+00:00,575.62,575.65,575.69,280,263,575.6706261510129,2.6457344589119174e-07,-2.2758152011803645e-06
2025-03-04 17:10:00+00:00,575.66,575.63,575.66,225,205,575.6456976744186,3.651122142228145e-07,0.001131405130508023
2025-03-04 17:11:00+00:00,576.32,576.3,576.33,330,780,576.3089189189188,5.207045427005809e-07,0.00045912888190513534
2025-03-04 17:12:00+00:00,576.58,576.55,576.58,450,1710,576.55625,2.35856952632831e-07,-0.0003738895291872657
2025-03-04 17:13:00+00:00,576.36,576.33,576.36,385,100,576.3538144329898,3.3883003742174384e-07,-0.0005503796879273715
2025-03-04 17:14:00+00:00,576.02,576.0,576.02,130,200,576.0078787878787,2.3477575908703942e-07,0.00034729716934744914
2025-03-04 17:15:00+00:00,576.23,576.22,576.24,53,150,576.2252216748768,2.589974448842461e-07,0.000582918820230871
2025-03-04 17:16:00+00:00,576.63,576.64,576.65,9,300,576.640291262136,2.1495089546678519e-07,0.00014645347380826124
2025-03-04 17:17:00+00:00,576.65,576.64,576.67,790,330,576.6611607142858,2.456531344661996e-07,-0.00016980136852684513
2025-03-04 17:18:00+00:00,576.57,576.56,576.57,100,500,576.5616666666666,1.9797566788744972e-07,0.00014092293683409807
2025-03-04 17:19:00+00:00,576.66,576.66,576.69,400,250,576.6784615384615,3.0282453851717577e-07,0.00012047377593304986
2025-03-04 17:20:00+00:00,576.74,576.69,576.71,100,230,576.6960606060607,2.1018932100748195e-07,-8.639888616734925e-05
2025-03-04 17:21:00+00:00,576.69,576.69,576.72,268,280,576.7046715328468,2.982562016928066e-07,0.0013785631896165995
2025-03-04 17:22:00+00:00,577.51,577.49,577.51,100,200,577.4966666666667,2.0310886701592736e-07,-0.0002954176442744316
2025-03-04 17:23:00+00:00,577.29,577.27,577.3,150,260,577.2809756097561,2.268509825051577e-07,-0.00016474002645361363
2025-03-04 17:24:00+00:00,577.24,577.21,577.24,150,900,577.2142857142857,4.427208534010641e-07,-0.00010268328951301697
2025-03-04 17:25:00+00:00,577.15,577.06,577.09,35,700,577.0614285714286,2.008483540938074e-07,0.0006656454723643623
2025-03-04 17:26:00+00:00,577.51,577.5,577.53,289,401,577.5125652173913,3.417137130439399e-07,0.0005918846441959058
2025-03-04 17:27:00+00:00,577.82,577.82,577.85,150,800,577.8247368421053,3.2495033102731093e-07,0.0004923903820501785
2025-03-04 17:28:00+00:00,578.15,578.13,578.15,250,124,578.1433689839572,2.400421321670051e-07,8.072658040481073e-06
2025-03-04 17:29:00+00:00,578.16,578.13,578.17,1055,300,578.1611439114391,1.842229450844127e-07,-0.000499742153322158
2025-03-04 17:30:00+00:00,577.85,577.86,577.88,9,1850,577.8600968262506,2.8089905709238207e-07,-0.0008451102572751834
2025-03-04 17:31:00+00:00,577.4,577.36,577.4,726,132,577.3938461538461,4.908722206145156e-07,-0.00032863240187108733
2025-03-04 17:32:00+00:00,577.19,577.18,577.22,630,230,577.2093023255813,6.519631253355774e-07,0.00016117233354440152
2025-03-04 17:33:00+00:00,577.25,577.25,577.28,700,350,577.27,3.120547795185136e-07,4.212098624845062e-05
2025-03-04 17:34:00+00:00,577.27,577.26,577.28,1100,150,577.2776,2.766872895479292e-07,0.0004244469892789038
2025-03-04 17:35:00+00:00,577.6,577.48,577.51,1849,100,577.5084607491021,2.6041470746241267e-07,-0.00020491989852988723
2025-03-04 17:36:00+00:00,577.42,577.4,577.42,281,7,577.4195138888888,2.769314222785466e-07,0.0007646154220257717
2025-03-04 17:37:00+00:00,577.85,577.84,577.87,180,230,577.8531707317073,3.010667657485789e-07,-0.00022352556050830863
2025-03-04 17:38:00+00:00,577.74,577.73,577.75,300,130,577.7439534883722,3.0948954505883077e-07,-7.467432267549423e-05
2025-03-04 17:39:00+00:00,577.7,577.68,577.71,240,330,577.6926315789475,2.1863158647941184e-07,3.453991941637646e-05
2025-03-04 17:40:00+00:00,577.72,577.69,577.71,130,100,577.7013043478262,2.676351769098611e-06,-0.0009731925314132583
2025-03-04 17:41:00+00:00,577.29,577.28,577.29,169,24,577.288756476684,8.748144773174394e-07,0.0003130919332043902
2025-03-04 17:42:00+00:00,577.44,577.4,577.43,217,200,577.4156115107913,8.292369410265722e-07,-0.0006358033480029501
2025-03-04 17:43:00+00:00,576.98,576.98,577.01,130,830,576.9840625,4.118151374340587e-07,0.0007889488769077246
2025-03-04 17:44:00+00:00,577.43,577.42,577.46,730,330,577.4475471698113,3.7479252371289853e-07,-0.00018709753504864146
2025-03-04 17:45:00+00:00,577.26,577.28,577.32,230,380,577.2950819672132,3.1408922484704207e-07,0.0010320716843039701
2025-03-04 17:46:00+00:00,577.87,577.85,577.89,230,180,577.8724390243902,2.365825150805373e-07,0.00023942547234478972
2025-03-04 17:47:00+00:00,578.02,578.03,578.06,330,393,578.0436929460581,3.5881357891625976e-07,-0.00034039168547450593
2025-03-04 17:48:00+00:00,577.81,577.82,577.85,630,388,577.8385658153242,3.26353140093502e-07,-0.0005446774580202263
2025-03-04 17:49:00+00:00,577.58,577.54,577.57,130,280,577.5495121951219,2.2793263101709788e-07,-6.702573697237035e-05
2025-03-04 17:50:00+00:00,577.49,577.47,577.51,608,56,577.5066265060241,6.342565831862402e-07,-0.0012375502782815406
2025-03-04 17:51:00+00:00,576.78,576.77,576.81,1130,150,576.8053124999999,3.840987324934703e-07,-1.336939576612739e-05
2025-03-04 17:52:00+00:00,576.73,576.74,576.78,550,300,576.7658823529412,4.2665735717939393e-07,-0.0012425966039726344
2025-03-04 17:53:00+00:00,576.01,576.03,576.07,217,230,576.049418344519,5.085611183815409e-07,0.0013715488869536774
2025-03-04 17:54:00+00:00,576.83,576.82,576.85,250,330,576.8329310344827,5.251505406097497e-07,0.00026270068309686145
2025-03-04 17:55:00+00:00,577.05,577.01,577.04,230,530,577.0190789473684,3.7960683085493734e-07,-0.0005047055850010418
2025-03-04 17:56:00+00:00,576.7,576.8,576.83,201,330,576.8113559322034,3.768145788407803e-07,-0.0003133682449998343
2025-03-04 17:57:00+00:00,576.51,576.48,576.52,381,3850,576.4836019853462,3.736253367613273e-07,-0.00012763057842724024
2025-03-04 17:58:00+00:00,576.46,576.48,576.52,522,730,576.496677316294,3.9340034545511255e-07,-0.00028286599602567186
2025-03-04 17:59:00+00:00,576.27,576.25,576.28,330,137,576.271199143469,2.8716642638504085e-07,0.0003870293616636822
2025-03-04 18:00:00+00:00,576.5,576.48,576.52,300,650,576.4926315789473,4.99229482830749e-07,0.00031722339413353673
2025-03-04 18:01:00+00:00,576.65,576.62,576.66,750,230,576.650612244898,4.237484708155879e-07,-0.00033594526901614685
2025-03-04 18:02:00+00:00,576.51,576.5,576.54,971,430,576.5277230549607,3.580406482897905e-07,-0.0002131818767641125
2025-03-04 18:03:00+00:00,576.32,576.37,576.4,919,130,576.3962821734985,3.6072484639419507e-07,0.0012510271983083854
2025-03-04 18:04:00+00:00,577.13,577.11,577.14,296,200,577.1279032258064,3.1265158096562587e-07,-0.0003822744052401905
2025-03-04 18:05:00+00:00,576.86,576.85,576.88,191,250,576.8629931972789,8.260523050950587e-07,0.00036515340302911703
2025-03-04 18:06:00+00:00,577.2,577.21,577.24,350,200,577.2290909090909,3.2364289109422893e-07,-0.00012680886688642978
2025-03-04 18:07:00+00:00,577.06,577.05,577.08,600,100,577.0757142857143,3.243013466351953e-07,9.559112734680575e-05
2025-03-04 18:08:00+00:00,577.08,577.06,577.08,289,233,577.0710727969348,5.24625188067635e-07,0.0021399449960499695
2025-03-04 18:09:00+00:00,578.31,578.28,578.3,456,186,578.2942056074767,3.795259995628708e-07,0.00032803961862937214
2025-03-04 18:10:00+00:00,578.53,578.48,578.52,356,1330,578.4884460260973,5.267271036712494e-07,0.0013143603706489149
2025-03-04 18:11:00+00:00,579.29,579.28,579.29,130,500,579.2820634920635,3.2008515467975077e-07,-2.237959148432278e-05
2025-03-04 18:12:00+00:00,579.23,579.21,579.23,231,100,579.2239577039275,4.44166764425063e-07,0.0003909897272529328
2025-03-04 18:13:00+00:00,579.47,579.46,579.49,980,10,579.4896969696969,4.1358308760575593e-07,0.00010062041021563495
2025-03-04 18:14:00+00:00,579.63,579.61,579.63,230,100,579.6239393939394,3.772606304683577e-07,0.0003940699019064908
2025-03-04 18:15:00+00:00,579.73,579.71,579.75,730,450,579.7347457627119,3.480836842420569e-07,-0.0004991867424545271
2025-03-04 18:16:00+00:00,579.44,579.41,579.44,130,900,579.4137864077669,4.119454849455814e-07,-0.0013510768262855466
2025-03-04 18:17:00+00:00,578.68,578.67,578.69,100,144,578.6781967213116,3.673853696182559e-07,-0.00027827012718939503
2025-03-04 18:18:00+00:00,578.58,578.57,578.59,100,230,578.5760606060607,4.79747088210056e-07,-7.596449242985859e-05
2025-03-04 18:19:00+00:00,578.5,578.56,578.6,260,610,578.5719540229885,4.2290023506235577e-07,0.00025037354765355957
2025-03-04 18:20:00+00:00,578.69,578.67,578.72,380,730,578.687117117117,3.7899308348884923e-07,-0.0002648117279828721
2025-03-04 18:21:00+00:00,578.55,578.53,578.57,330,800,578.5416814159291,4.403698641557871e-07,0.00014536195009640096
2025-03-04 18:22:00+00:00,578.52,578.52,578.55,650,130,578.5449999999998,2.8476624835508095e-07,-0.0009241881820090114
2025-03-04 18:23:00+00:00,578.0,578.01,578.04,430,100,578.0343396226414,6.258601797611394e-07,-0.0002427275961411901
2025-03-04 18:24:00+00:00,577.88,577.86,577.88,200,230,577.8693023255814,3.550527461502644e-07,0.00014548810618708607
2025-03-04 18:25:00+00:00,577.96,577.94,577.97,750,150,577.965,4.4286994652965517e-07,-5.190670634658279e-05
2025-03-04 18:26:00+00:00,577.91,577.89,577.92,630,330,577.9096874999999,4.882125533182854e-07,-0.00037404675221253125
2025-03-04 18:27:00+00:00,577.71,577.69,577.72,700,13,577.7194530154277,3.1405415776653673e-07,-0.00017423233451274722
2025-03-04 18:28:00+00:00,577.59,577.61,577.65,550,350,577.6344444444444,4.356660066715406e-07,-0.00021076763212390937
2025-03-04 18:29:00+00:00,577.48,577.52,577.55,130,350,577.528125,1.9758866664220287e-07,0.00011681613634872967
2025-03-04 18:30:00+00:00,577.5,577.52,577.56,280,280,577.5400000000001,3.251131891966923e-07,-0.0007714341316490403
2025-03-04 18:31:00+00:00,577.13,577.08,577.12,450,700,577.0956521739131,3.3144356003271046e-07,0.0006232665929502001
2025-03-04 18:32:00+00:00,577.49,577.45,577.49,280,930,577.459256198347,4.0180081666827893e-07,0.0005466104749185519
2025-03-04 18:33:00+00:00,577.77,577.77,577.8,180,300,577.78125,4.0761444517019217e-07,0.0004577682098052538
2025-03-04 18:34:00+00:00,578.08,578.09,578.12,350,250,578.1075,3.3770916645679864e-07,0.0004027005035187603
2025-03-04 18:35:00+00:00,578.26,578.26,578.27,14,100,578.2612280701754,3.909426656581765e-07,-0.00037921975025878574
2025-03-04 18:36:00+00:00,578.07,578.05,578.07,100,530,578.0531746031746,2.443249252954558e-07,0.00038687195764386395
2025-03-04 18:37:00+00:00,578.19,578.16,578.2,781,100,578.1954597048808,4.991569776704519e-07,2.1993808416720384e-05
2025-03-04 18:38:00+00:00,578.39,578.38,578.41,480,200,578.4011764705882,3.6452297960566693e-07,0.00019881747036132325
2025-03-04 18:39:00+00:00,578.42,578.38,578.42,130,930,578.3849056603774,2.803011329593955e-07,0.0005093352828788866
2025-03-04 18:40:00+00:00,578.71,578.71,578.73,100,230,578.7160606060606,3.128887602065539e-07,0.00022922338350550575
2025-03-04 18:41:00+00:00,578.82,578.86,578.89,180,580,578.8671052631579,2.1027196764765627e-07,0.0004155106467522707
2025-03-04 18:42:00+00:00,579.13,579.14,579.16,3,404,579.1401474201474,2.0960901973875513e-07,0.00039736925259603595
2025-03-04 18:43:00+00:00,579.38,579.38,579.39,631,500,579.3855791335102,2.632912552987818e-07,-0.00036678540563894746
2025-03-04 18:44:00+00:00,579.17,579.09,579.12,805,67,579.1176949541284,4.3826167070158265e-07,-3.1783265159845975e-05
2025-03-04 18:45:00+00:00,579.1,579.1,579.12,280,107,579.1144702842378,2.3451393541416807e-07,0.00012226256214598052
2025-03-04 18:46:00+00:00,579.14,579.14,579.16,280,101,579.1546981627297,2.5068098225872265e-07,-0.00024975415862649175
2025-03-04 18:47:00+00:00,579.02,579.0,579.03,180,491,579.0080476900149,3.263415193154686e-07,0.0010112289143715536
2025-03-04 18:48:00+00:00,579.58,579.59,579.61,150,300,579.5966666666667,2.2022394415298586e-07,-0.00043766067207662296
2025-03-04 18:49:00+00:00,579.38,579.34,579.37,130,900,579.343786407767,2.1378432654827974e-07,-0.0006007019482896503
2025-03-04 18:50:00+00:00,579.01,579.0,579.03,230,230,579.0150000000001,2.529799504956321e-07,-4.750475268655574e-05
2025-03-04 18:51:00+00:00,578.95,578.93,578.95,65,730,578.9316352201257,1.6234331914087853e-07,0.0006184683058811924
2025-03-04 18:52:00+00:00,579.31,579.29,579.31,205,330,579.2976635514019,2.2265541233803554e-07,0.00047378012559740057
2025-03-04 18:53:00+00:00,579.58,579.55,579.59,830,680,579.5719867549668,2.538098446826573e-07,0.00020806387446614671
2025-03-04 18:54:00+00:00,579.72,579.69,579.73,330,480,579.7062962962963,1.3540815264924886e-07,-1.0300055882428438e-05
2025-03-04 18:55:00+00:00,579.7,579.68,579.71,402,280,579.6976832844575,2.1770489808996025e-07,0.00041174904244689614
2025-03-04 18:56:00+00:00,579.97,579.96,579.99,500,750,579.972,2.549935587924699e-07,0.0008611132421461054
2025-03-04 18:57:00+00:00,580.41,580.38,580.41,280,500,580.3907692307693,1.1376942828290384e-07,6.401864147109748e-05
2025-03-04 18:58:00+00:00,580.47,580.43,580.46,130,530,580.435909090909,2.5167766977602184e-07,0.00012141250919239788
2025-03-04 18:59:00+00:00,580.57,580.55,580.58,135,380,580.5578640776699,1.9381050253620244e-07,-0.00047569306847172754
2025-03-04 19:00:00+00:00,580.28,580.25,580.28,130,130,580.265,2.891093055446982e-07,0.00023851755886750148
2025-03-04 19:01:00+00:00,580.43,580.43,580.46,200,650,580.4370588235294,3.65833446770775e-07,0.000514354201457401
2025-03-04 19:02:00+00:00,580.71,580.69,580.71,450,300,580.7020000000001,1.1464057112305488e-06,0.0009292909558045181
2025-03-04 19:03:00+00:00,581.29,581.24,581.27,130,130,581.255,3.726267650905964e-07,0.000629378950643078
2025-03-04 19:04:00+00:00,581.65,581.63,581.66,550,100,581.6553846153846,2.3308094392944208e-07,-0.000127052156893237
2025-03-04 19:05:00+00:00,581.55,581.52,581.54,100,250,581.5257142857142,4.061862910714891e-07,4.109158059240059e-05
2025-03-04 19:06:00+00:00,581.59,581.59,581.62,394,1100,581.5979116465863,2.3261080103889092e-07,0.0006580531085038643
2025-03-04 19:07:00+00:00,581.93,581.92,581.96,280,480,581.9347368421053,2.8150634250742234e-07,0.0006234923566998951
2025-03-04 19:08:00+00:00,582.34,582.3,582.34,505,200,582.3286524822695,2.7528987029540134e-07,3.5299280658041e-05
2025-03-04 19:09:00+00:00,582.39,582.37,582.39,100,70,582.3817647058823,2.8874523146839514e-07,-0.00042977742204164393
2025-03-04 19:10:00+00:00,582.09,582.07,582.11,392,130,582.1000383141762,2.723646250461936e-07,-0.0008750191855472211
2025-03-04 19:11:00+00:00,581.58,581.59,581.63,650,230,581.6195454545455,3.30700738902367e-07,3.1673978833079985e-06
2025-03-04 19:12:00+00:00,581.6,581.6,581.62,280,11,581.6192439862543,2.312110817889767e-07,9.45691515426006e-05
2025-03-04 19:13:00+00:00,581.64,581.62,581.66,350,250,581.6433333333333,2.8512957773298045e-07,-0.00046315204439517643
2025-03-04 19:14:00+00:00,581.4,581.39,581.41,159,400,581.3956887298748,3.070810563884802e-07,0.0002877381285204539
2025-03-04 19:15:00+00:00,581.54,581.54,581.57,530,130,581.564090909091,2.3255737551210338e-07,-0.00030329852434940463
2025-03-04 19:16:00+00:00,581.375,581.36,581.39,100,780,581.363409090909,2.0519523151621697e-07,0.0006931446210376446
2025-03-04 19:17:00+00:00,581.78,581.77,581.79,100,709,581.7724721878863,3.721272980823733e-07,-0.00019914007311871984
2025-03-04 19:18:00+00:00,581.67,581.64,581.67,130,380,581.6476470588235,2.0035063780153338e-07,-5.204504311129288e-05
2025-03-04 19:19:00+00:00,581.64,581.62,581.66,610,370,581.6448979591837,2.7768539813079383e-07,0.0002057049770802788
2025-03-04 19:20:00+00:00,581.73,581.72,581.75,300,130,581.7409302325582,1.9297291206051586e-07,0.00039854450774834405
2025-03-04 19:21:00+00:00,582.0,582.0,582.03,130,400,582.007358490566,2.0364888811978194e-07,0.000365110588237183
2025-03-04 19:22:00+00:00,582.11,582.15,582.19,339,1085,582.1595224719101,1.6142284173582904e-07,0.0001671851562632387
2025-03-04 19:23:00+00:00,582.28,582.27,582.29,280,200,582.2816666666665,2.6703681075544366e-07,0.0010468231602507316
2025-03-04 19:24:00+00:00,582.89,582.85,582.89,994,300,582.8807264296754,3.084515435722257e-07,-0.0004845572899130346
2025-03-04 19:25:00+00:00,582.63,582.63,582.65,100,230,582.6360606060606,2.010784120914571e-07,0.000399614088531397
2025-03-04 19:26:00+00:00,582.85,582.86,582.88,150,5,582.8793548387097,4.3033812736054827e-07,-0.0019029359360809295
2025-03-04 19:27:00+00:00,581.7,581.7,581.74,350,330,581.7205882352941,2.932256373605799e-07,-0.00027248943050117713
2025-03-04 19:28:00+00:00,581.58,581.55,581.59,130,330,581.561304347826,1.998897728264844e-07,0.0007740408034808688
2025-03-04 19:29:00+00:00,581.97,581.97,582.0,330,100,581.9930232558139,2.5437159079758387e-07,-0.0010912645016361022
2025-03-04 19:30:00+00:00,581.4,581.39,581.42,530,230,581.4109210526315,4.395192271402805e-07,0.0002761775597779348
2025-03-04 19:31:00+00:00,581.63,581.62,581.64,230,132,581.6327071823204,5.465514105090492e-07,-0.0010384547387635168
2025-03-04 19:32:00+00:00,580.91,580.94,580.96,155,68,580.9539013452915,4.954767400756962e-07,0.0007732409014000741
2025-03-04 19:33:00+00:00,581.44,581.45,581.48,322,100,581.4728909952606,4.7209968574000575e-07,-0.0006497486892991233
2025-03-04 19:34:00+00:00,580.98,580.97,581.01,200,280,580.9866666666666,3.3065869102929796e-07,0.0002441894949363199
2025-03-04 19:35:00+00:00,581.1,581.08,581.11,330,300,581.0957142857144,5.045972391243522e-07,0.000393403071243581
2025-03-04 19:36:00+00:00,581.4,581.37,581.4,330,130,581.3915217391304,4.19444932618197e-07,8.700729898070136e-05
2025-03-04 19:37:00+00:00,581.45,581.48,581.5,812,100,581.4978070175439,4.145462452536398e-07,0.0009622385653893506
2025-03-04 19:38:00+00:00,582.0,581.94,581.98,430,430,581.9599999999999,2.3610978220414293e-07,-0.00041139278728996587
2025-03-04 19:39:00+00:00,581.75,581.74,581.78,330,880,581.7509090909091,2.5900763253810296e-07,0.00029024606949046294
2025-03-04 19:40:00+00:00,581.92,581.94,581.97,100,230,581.949090909091,4.216989646624314e-07,0.0002674110891156545
2025-03-04 19:41:00+00:00,582.09,582.09,582.11,361,5,582.1097267759563,3.5489417728977684e-07,-0.0006784728640922832
2025-03-04 19:42:00+00:00,581.72,581.68,581.7,150,130,581.6907142857143,2.9036603659130215e-07,0.00025814637665355633
2025-03-04 19:43:00+00:00,581.87,581.87,581.9,98,230,581.8789634146341,2.771326474127454e-07,0.0005520225514532573
2025-03-04 19:44:00+00:00,582.17,582.16,582.19,100,330,582.1669767441861,1.7456026110974033e-07,7.401476644353089e-05
2025-03-04 19:45:00+00:00,582.19,582.19,582.23,250,780,582.1997087378642,2.0249344410330592e-07,-1.1801349863893584e-05
2025-03-04 19:46:00+00:00,582.19,582.18,582.21,20,1850,582.1803208556149,2.165454139649869e-07,0.0009282426227255058
2025-03-04 19:47:00+00:00,582.76,582.75,582.79,250,400,582.7653846153846,4.6678162220485387e-07,-0.0010951733007473763
2025-03-04 19:48:00+00:00,582.04,582.02,582.06,380,230,582.0449180327869,4.015967072701789e-07,0.0006028152147850019
2025-03-04 19:49:00+00:00,582.48,582.43,582.47,917,310,582.4598940505298,5.013683275024256e-07,-0.0005760398839323999
2025-03-04 19:50:00+00:00,582.14,582.12,582.14,132,905,582.1225458052073,3.0541773781296395e-07,0.0003955926349421546
2025-03-04 19:51:00+00:00,582.37,582.34,582.36,100,850,582.3421052631579,3.0356012999154317e-07,0.00058062005455084
2025-03-04 19:52:00+00:00,582.67,582.65,582.69,450,800,582.6644,2.042784882872024e-07,7.176645355810862e-05
2025-03-04 19:53:00+00:00,582.72,582.72,582.73,47,150,582.722385786802,2.016744904885302e-07,-0.00025368323944474636
2025-03-04 19:54:00+00:00,582.53,582.56,582.6,600,193,582.59026481715,2.453512593957029e-07,-0.00047469951352108186
2025-03-04 19:55:00+00:00,582.27,582.25,582.29,400,850,582.2628,1.8313974865444852e-07,0.0007210870813436632
2025-03-04 19:56:00+00:00,582.71,582.7,582.73,150,1150,582.7034615384615,1.576964174033975e-07,-8.989094593880864e-05
2025-03-04 19:57:00+00:00,582.65,582.65,582.67,100,100,582.66,1.5796774666117976e-07,-0.0002491675116325087
2025-03-04 19:58:00+00:00,582.54,582.5,582.52,250,516,582.5065274151436,2.185241491316001e-07,0.0007796806565223413
2025-03-04 19:59:00+00:00,582.99,582.98,583.0,100,3770,582.9805167958657,1.3513050993817037e-07,-0.000126556203049355
2025-03-04 20:00:00+00:00,582.89,582.86,582.89,351,600,582.871072555205,2.0796321271733613e-07,0.0003479986562036075
2025-03-04 20:01:00+00:00,583.1,583.08,583.1,350,200,583.0927272727273,1.5798480355168656e-07,0.0008272183069464312
2025-03-04 20:02:00+00:00,583.57,583.57,583.6,280,330,583.5837704918032,1.610829318352653e-07,-0.0007332849353491877
2025-03-04 20:03:00+00:00,583.17,583.13,583.16,250,250,583.145,2.833560996139602e-07,-0.0010720886478556846
2025-03-04 20:04:00+00:00,582.46,582.45,582.47,203,1200,582.4528937990021,2.9128977604170863e-07,-7.36107765006988e-05
2025-03-04 20:05:00+00:00,582.51,582.5,582.53,144,330,582.5091139240507,2.280000999414455e-07,0.0001025662036540087
2025-03-04 20:06:00+00:00,582.54,582.52,582.56,650,150,582.5524999999999,3.535365242489074e-07,0.0005644739539698573
2025-03-04 20:07:00+00:00,582.87,582.83,582.87,250,1950,582.8345454545455,2.7968892840239413e-07,0.0003306481170994857
2025-03-04 20:08:00+00:00,583.09,583.09,583.13,956,1400,583.1062308998303,2.3392007633047197e-07,0.00041169733924517615
2025-03-04 20:09:00+00:00,583.3,583.3,583.33,105,350,583.306923076923,1.036421049157061e-07,-0.0005036893105679896
2025-03-04 20:10:00+00:00,583.04,583.04,583.07,100,1250,583.0422222222222,1.8566493054309233e-07,0.0009346064575204149
2025-03-04 20:11:00+00:00,583.62,583.59,583.62,300,343,583.6039968895801,3.398080240994978e-07,-0.00036337993384616407
2025-03-04 20:12:00+00:00,583.37,583.37,583.41,450,100,583.4027272727272,2.0552798398551135e-07,2.6070229584673754e-05
2025-03-04 20:13:00+00:00,583.37,583.36,583.39,152,750,583.3650554323725,1.8324577353098203e-07,0.00012255263851046472
2025-03-04 20:14:00+00:00,583.49,583.49,583.51,200,1100,583.493076923077,1.9639805857508064e-07,5.425791393864898e-05
2025-03-04 20:15:00+00:00,583.47,583.48,583.5,200,70,583.4948148148148,2.2522518976428358e-07,-0.00011986025411536705
2025-03-04 20:16:00+00:00,583.37,583.37,583.41,250,505,583.3832450331125,2.2667801234979375e-07,-0.0004000858606852953
2025-03-04 20:17:00+00:00,583.17,583.18,583.21,410,660,583.1914953271029,2.0320041039859907e-07,0.0012363242587776213
2025-03-04 20:18:00+00:00,583.89,583.89,583.93,650,300,583.9173684210526,1.7297038869614046e-07,-0.00027496547731564736
2025-03-04 20:19:00+00:00,583.67,583.67,583.69,100,500,583.6733333333333,2.2823252616251693e-07,0.00040791329711376
2025-03-04 20:20:00+00:00,584.0,583.98,584.0,250,89,583.9947492625369,2.653412281500651e-07,0.00010222955315564164
2025-03-04 20:21:00+00:00,584.0,583.99,584.01,400,400,584.0,2.2520728930153928e-07,0.0010176611723371476
2025-03-04 20:22:00+00:00,584.62,584.6,584.63,162,380,584.6089667896679,2.8460401831345906e-07,0.00020196169929920238
2025-03-04 20:23:00+00:00,584.72,584.71,584.73,250,170,584.7219047619047,3.697851083870105e-07,0.00033210121529125836
2025-03-04 20:24:00+00:00,584.94,584.95,584.98,380,100,584.97375,2.409202970664223e-07,0.0006066071008055118
2025-03-04 20:25:00+00:00,585.29,585.26,585.29,250,780,585.2672815533981,3.19312464941585e-07,-0.0007461014157366108
2025-03-04 20:26:00+00:00,584.8,584.81,584.83,356,150,584.824071146245,1.7533130662360648e-07,-6.064870855659876e-05
2025-03-04 20:27:00+00:00,584.84,584.81,584.84,42,517,584.8122540250447,2.658251385335451e-07,-0.0002111497178189925
2025-03-04 20:28:00+00:00,584.71,584.7,584.72,100,23,584.7162601626017,5.322982024054227e-07,-0.0008101826673180268
2025-03-04 20:29:00+00:00,584.23,584.22,584.26,317,230,584.243180987203,4.946822723915263e-07,-0.0005096503818519116
2025-03-04 20:30:00+00:00,583.85,583.84,583.86,525,197,583.8545429362881,5.398729032787722e-07,-0.0018256366900126775
2025-03-04 20:31:00+00:00,582.845,582.85,582.87,947,64,582.8687339268051,8.804028397098691e-07,-0.0013415350669687687
2025-03-04 20:32:00+00:00,582.12,582.13,582.16,405,130,582.1527102803738,1.262917738537275e-06,-0.0009153799154054676
2025-03-04 20:33:00+00:00,581.55,581.56,581.59,145,300,581.5697752808989,1.1750209634604345e-06,-0.0015592813224667434
2025-03-04 20:34:00+00:00,580.68,580.7,580.73,645,123,580.7251953125001,9.378276492530337e-07,0.0006005845163075119
2025-03-04 20:35:00+00:00,581.08,581.06,581.09,425,230,581.0794656488549,1.058499897657188e-06,0.0008123030600619696
2025-03-04 20:36:00+00:00,581.45,581.42,581.47,1073,700,581.4502594472646,6.859299571547891e-07,-0.0009604724115251928
2025-03-04 20:37:00+00:00,580.88,580.85,580.89,325,380,580.8684397163121,4.653708639258184e-07,-0.0005144176613428586
2025-03-04 20:38:00+00:00,580.64,580.61,580.64,200,380,580.6203448275863,9.76735401552385e-07,-0.0006390398414216625
2025-03-04 20:39:00+00:00,580.27,580.29,580.33,100,700,580.295,8.749437710610178e-07,-0.0002627111327880849
2025-03-04 20:40:00+00:00,580.07,580.03,580.07,337,250,580.0529642248723,1.0489455296503342e-06,-0.0014476643718760451
2025-03-04 20:41:00+00:00,579.27,579.26,579.29,155,330,579.269587628866,9.85698257106275e-07,-7.816969985885436e-05
2025-03-04 20:42:00+00:00,579.15,579.14,579.17,155,330,579.1495876288659,1.176062222042618e-06,0.0006407322890145117
2025-03-04 20:43:00+00:00,579.58,579.51,579.54,126,320,579.5184753363228,9.040565197093433e-07,0.0008034493345305815
2025-03-04 20:44:00+00:00,580.02,580.0,580.03,155,430,580.0079487179488,6.721809501090957e-07,-1.8524457100155267e-05
2025-03-04 20:45:00+00:00,580.0,580.0,580.02,100,100,580.01,7.084608595286285e-07,-0.00032639155729929925
2025-03-04 20:46:00+00:00,579.81,579.78,579.81,937,100,579.8071070395371,5.243257602619746e-07,-0.00041841732145175836
2025-03-04 20:47:00+00:00,579.47,579.45,579.5,858,800,579.4758745476478,5.096189179752992e-07,-0.0008618548698527961
2025-03-04 20:48:00+00:00,579.01,578.98,579.03,351,770,578.9956556645852,6.647504492109704e-07,-0.0002515269362377559
2025-03-04 20:49:00+00:00,578.89,578.9,578.93,100,615,578.9041958041958,5.546827037965544e-07,-0.0008440622867164072
2025-03-04 20:50:00+00:00,578.37,578.31,578.38,100,200,578.3333333333334,1.8815662029265572e-06,-0.0035110596320345744
2025-03-04 20:51:00+00:00,576.35,576.32,576.36,350,600,576.3347368421053,1.322619327198214e-06,-0.0013987082707294096
2025-03-04 20:52:00+00:00,575.59,575.57,575.61,425,300,575.5934482758621,9.95202870703312e-07,-0.0015017884851185048
2025-03-04 20:53:00+00:00,574.88,574.85,574.89,200,200,574.87,9.00528962483217e-07,0.0022143753262704458
2025-03-04 20:54:00+00:00,576.03,576.0,576.03,100,200,576.01,7.950389510482485e-07,0.0009189873000889914
2025-03-04 20:55:00+00:00,576.64,576.64,576.65,200,100,576.6466666666666,7.995541430988168e-07,0.0005878157734080514
2025-03-04 20:56:00+00:00,576.94,576.93,576.96,250,8,576.9590697674419,6.247855671681039e-07,-0.00020931572681792687
2025-03-04 20:57:00+00:00,576.78,576.76,576.78,341,166,576.7734516765287,5.535243937187697e-07,0.0004347155155679516
2025-03-04 20:58:00+00:00,577.06,577.05,577.06,300,125,577.0570588235294,6.333881931140405e-07,-0.0006289434503414792
2025-03-04 20:59:00+00:00,576.55,576.54,576.57,300,300,576.555,9.748409690718418e-07,-2.1181718365959057e-05
2025-03-04 21:00:00+00:00,576.87,576.87,576.89,18276,1209,576.8887590454195,3.179802877714463e-06,0.0015015026460671876
2025-03-04 21:01:00+00:00,577.51,577.5,577.51,100,500,577.5016666666667,5.937057439946742e-07,-0.0002498435385761555
2025-03-04 21:02:00+00:00,577.4,577.35,577.39,300,560,577.3639534883721,2.75493559567974e-07,-0.00036436602876954716
2025-03-04 21:03:00+00:00,577.16,577.12,577.17,800,550,577.1496296296297,3.082159432442937e-07,0.00046834288945318825
2025-03-04 21:04:00+00:00,577.42,577.4,577.45,360,560,577.4195652173913,2.529970728355728e-07,0.0005729886855119215
2025-03-04 21:05:00+00:00,577.65,577.76,577.8,170,2600,577.7624548736462,2.354055896063885e-07,-5.5454088792150635e-05
2025-03-04 21:06:00+00:00,577.63,577.69,577.74,150,550,577.7007142857144,2.723105975745468e-07,0.0004302561984887987
2025-03-04 21:07:00+00:00,578.0,577.96,578.0,100,1799,577.9621063717747,2.0997851648009202e-07,0.000334616174358926
2025-03-04 21:08:00+00:00,578.19,578.15,578.2,400,1650,578.159756097561,2.3125517727057488e-07,0.0001361734839202544
2025-03-04 21:09:00+00:00,578.26,578.25,578.27,65,550,578.2521138211382,7.524248893089638e-07,0.0002418397277890172
2025-03-04 21:10:00+00:00,578.39,578.36,578.39,100,100,578.375,4.985584917744158e-07,-0.0004838369505154594
2025-03-04 21:11:00+00:00,578.1,578.09,578.15,650,550,578.1225,4.3956011975579417e-07,0.0014571433089394237
2025-03-04 21:12:00+00:00,578.93,578.89,578.94,100,650,578.8966666666666,5.945906958306122e-07,0.0001408002478919812
2025-03-04 21:13:00+00:00,579.03,579.03,579.04,100,500,579.0316666666666,9.206637141171093e-07,0.0006623941464651839
2025-03-04 21:14:00+00:00,579.4,579.39,579.44,100,500,579.3983333333333,5.963094464365938e-07,-0.0007954254943904893
2025-03-04 21:15:00+00:00,578.95,578.89,578.92,100,550,578.8946153846153,3.001395889067171e-07,-0.00044046783672146983
2025-03-04 21:16:00+00:00,578.7,578.68,578.74,155,275,578.7016279069768,1.4823182032980412e-07,0.0004905741001812736
2025-03-04 21:17:00+00:00,578.96,578.95,578.99,330,130,578.9786956521739,2.4771725537826193e-07,0.00010767047594750778
2025-03-04 21:18:00+00:00,579.07,579.0,579.08,560,550,579.0403603603604,1.0208206761624741e-06,0.0015850065290372584
2025-03-04 21:19:00+00:00,580.0,579.82,579.92,570,1100,579.8541317365269,6.938649025852646e-07,3.265254696316333e-05
2025-03-04 21:20:00+00:00,580.05,579.99,580.06,170,3125,579.9936115326252,7.283985236078919e-07,0.0001881807237165134
2025-03-04 21:21:00+00:00,580.16,580.15,580.18,1800,103,580.1783762480294,1.0260819303380804e-06,0.0003911906517368724
2025-03-04 21:22:00+00:00,580.37,580.35,580.39,9,1200,580.3502977667493,4.069283944928488e-07,0.00046526856335393774
2025-03-04 21:23:00+00:00,580.63,580.56,580.63,130,630,580.5719736842104,4.916495188967033e-07,0.0011228258705131555
2025-03-04 21:24:00+00:00,581.16,581.2,581.24,130,130,581.22,6.401612665286043e-07,0.0004228984471013053
2025-03-04 21:25:00+00:00,581.49,581.41,581.49,550,600,581.4482608695652,2.9656197590580287e-07,1.1024079675792109e-06
2025-03-04 21:26:00+00:00,581.5,581.45,581.51,130,530,581.4618181818182,4.003069415574144e-07,-0.0004927613605176795
2025-03-04 21:27:00+00:00,581.24,581.18,581.25,120,120,581.2149999999999,2.216815018500976e-07,0.0002431678411445315
2025-03-04 21:28:00+00:00,581.32,581.29,581.38,620,390,581.3452475247524,4.7485971020859506e-07,0.0006740877901185716
2025-03-04 21:29:00+00:00,581.72,581.7,581.75,130,130,581.725,3.863305330449419e-07,-0.001314306961865741
2025-03-04 21:30:00+00:00,580.93,580.93,581.02,100,130,580.9691304347825,5.346371369126092e-07,-0.0010052029961798992
2025-03-04 21:31:00+00:00,580.35,580.39,580.47,100,100,580.43,4.4186044597121125e-07,0.0009173998609108835
2025-03-04 21:32:00+00:00,580.86,580.84,580.93,270,120,580.9023076923077,3.150850059126581e-07,-0.0007742323498726167
2025-03-04 21:33:00+00:00,580.41,580.41,580.48,300,130,580.4588372093023,2.0788165325509003e-07,0.00030394064202399207
2025-03-04 21:34:00+00:00,580.65,580.58,580.68,530,130,580.660303030303,3.4834702978840624e-07,-0.0007363125383477165
2025-03-04 21:35:00+00:00,580.2,580.16,580.24,530,630,580.196551724138,3.724731605130521e-07,-0.00021531601313251603
2025-03-04 21:36:00+00:00,580.11,580.08,580.11,530,259,580.1001520912548,2.1986772916680277e-07,-8.475369492666474e-06
2025-03-04 21:37:00+00:00,580.08,580.03,580.09,530,130,580.0781818181817,4.163862379443689e-07,0.0006040385957828409
2025-03-04 21:38:00+00:00,580.4,580.4,580.46,43,130,580.4149132947977,2.7706484713272437e-07,-3.1473981757068614e-05
2025-03-04 21:39:00+00:00,580.34,580.33,580.43,530,130,580.410303030303,7.43817904286412e-07,-0.0015197091618039948
2025-03-04 21:40:00+00:00,579.5,579.5,579.61,100,560,579.5166666666667,4.83834673741915e-07,-0.0003790613266957399
2025-03-04 21:41:00+00:00,579.3,579.21,579.34,550,1050,579.2546875,3.3384540039056486e-07,0.0007817200800954716
2025-03-04 21:42:00+00:00,579.81,579.74,579.84,150,550,579.7614285714286,1.9039081411168327e-07,0.0002045176217804201
2025-03-04 21:43:00+00:00,579.92,579.83,579.96,1150,1350,579.8898,1.971912197389391e-07,-0.0001965923984272866
2025-03-04 21:44:00+00:00,579.8,579.76,579.86,75,550,579.772,2.0334738473814264e-07,-5.346984817999889e-05
2025-03-04 21:45:00+00:00,579.71,579.68,579.79,500,500,579.735,1.8103899667698663e-07,0.0005519763340144923
2025-03-04 21:46:00+00:00,580.05,580.05,580.08,100,500,580.055,3.78107455549443e-07,0.0007338989481791014
2025-03-04 21:47:00+00:00,580.5,580.48,580.5,2,55,580.480701754386,1.9104862122253e-07,-0.00037446278643848974
2025-03-04 21:48:00+00:00,580.25,580.25,580.33,24,500,580.2536641221374,1.7689671980042394e-07,0.0002007829537646888
2025-03-04 21:49:00+00:00,580.27,580.32,580.38,500,1,580.379880239521,1.691320482392337e-07,0.00010399859095833186
2025-03-04 21:50:00+00:00,580.48,580.4,580.48,505,500,580.4401990049752,1.4017969348020863e-07,-5.2027762768580565e-05
2025-03-04 21:51:00+00:00,580.38,580.38,580.44,100,100,580.41,1.270481798496391e-07,-0.00018952120053072896
2025-03-04 21:52:00+00:00,580.22,580.25,580.33,500,500,580.29,9.243115428955482e-08,0.00014934803837096666
2025-03-04 21:53:00+00:00,580.4,580.37,580.4,500,100,580.395,1.5360156204218036e-07,-0.0004061713468753725
2025-03-04 21:54:00+00:00,580.15,580.14,580.18,1,500,580.1400798403193,8.28989456171009e-08,-0.00016613741871296384
2025-03-04 21:55:00+00:00,580.1,580.05,580.15,500,500,580.1,2.3950629703269904e-07,0.00042315769676837256
2025-03-04 21:56:00+00:00,580.35,580.27,580.35,500,510,580.309603960396,1.7290223166953607e-07,-0.00010339479579513089
2025-03-04 21:57:00+00:00,580.31,580.22,580.28,500,3,580.2796421471172,1.2375192607381697e-07,7.570183655869478e-05
2025-03-04 21:58:00+00:00,580.32,580.28,580.33,30,8,580.3194736842105,1.5378736098972608e-07,0.0002589537276713738
2025-03-04 21:59:00+00:00,580.46,580.39,580.46,500,292,580.4341919191919,9.075657637584504e-08,-0.00020247816920737627
2025-03-04 22:00:00+00:00,580.36,580.31,580.46,25,300,580.3215384615384,1.0445549568761416e-07,-1.0976139976026644e-05
2025-03-04 22:01:00+00:00,580.39,580.31,580.4,1,302,580.310297029703,4.2536224522175255e-08,-0.00017277143729876876
2025-03-04 22:02:00+00:00,580.25,580.21,580.3,2,5000,580.2100359856058,8.50398891704397e-09,0.000139080662813873
2025-03-04 22:03:00+00:00,580.3,580.29,580.3,130,1646,580.2907319819819,2.2192870501716154e-07,-0.00023267250160374786
2025-03-04 22:04:00+00:00,580.26,580.15,580.27,5,100,580.1557142857142,3.657498057579022e-08,0.00019124586420571354
2025-03-04 22:05:00+00:00,580.27,580.15,580.29,5,1,580.2666666666667,4.081095554210759e-08,-0.0001512574819695356
2025-03-04 22:06:00+00:00,580.12,580.12,580.25,497,700,580.1739766081871,5.628581130606824e-08,3.333161964702569e-05
2025-03-04 22:07:00+00:00,580.15,580.11,580.2,500,10,580.1982352941176,1.4665110609568454e-07,-4.92337366493345e-05
2025-03-04 22:08:00+00:00,580.06,580.07,580.17,302,1,580.1696699669967,8.580608309420553e-09,8.6321776847198e-05
2025-03-04 22:09:00+00:00,580.2,580.17,580.22,200,1,580.219751243781,1.8068221472025645e-08,-7.321108324442882e-05
2025-03-04 22:10:00+00:00,580.18,580.17,580.25,500,5000,580.1772727272727,6.586862020653234e-08,-5.1543394796293995e-05
2025-03-04 22:11:00+00:00,580.1,580.1,580.15,18,1,580.1473684210526,1.738933015655091e-07,-2.9360657080701458e-05
2025-03-04 22:12:00+00:00,580.13,580.13,580.15,43,3112,580.1302725832013,2.082178443467286e-08,-9.887767745819787e-05
2025-03-04 22:13:00+00:00,580.09,580.05,580.1,85,100,580.0729729729729,2.2641707287746343e-09,-3.860131167532366e-05
2025-03-04 22:14:00+00:00,580.09,580.05,580.1,60,5100,580.0505813953488,7.878075754539468e-09,0.00013653464119012249
2025-03-04 22:15:00+00:00,580.11,580.05,580.13,360,1,580.1297783933518,1.336840107044708e-07,-1.7207313529166157e-05
2025-03-04 22:16:00+00:00,580.15,580.05,580.12,342,1,580.1197959183673,1.6084745446783618e-08,-3.3953637600947495e-05
2025-03-04 22:17:00+00:00,580.14,580.1,580.14,10,4041,580.1000987410516,3.9632665372724637e-08,-6.76280270787144e-05
2025-03-04 22:18:00+00:00,580.1,580.06,580.1,102,4600,580.0608677158656,5.244757947796091e-09,2.6309092640008913e-05
2025-03-04 22:19:00+00:00,580.07,580.06,580.1,131,5000,580.0610212434223,1.894406262028265e-09,-5.005617531650408e-05
2025-03-04 22:20:00+00:00,580.05,580.04,580.05,100,41,580.0470921985815,6.836086329257585e-08,7.20922368029342e-05
2025-03-04 22:21:00+00:00,580.06,580.05,580.18,114,501,580.0740975609755,6.939412866892544e-08,-5.188785137566487e-05
2025-03-04 22:22:00+00:00,580.04,580.03,580.14,1100,3100,580.0588095238095,3.8650858400146716e-08,-4.227814339019531e-05
2025-03-04 22:23:00+00:00,580.11,580.0,580.12,200,500,580.0342857142857,2.545361119914997e-08,-4.984632920757015e-05
2025-03-04 22:24:00+00:00,580.1,580.0,580.08,36,500,580.0053731343284,3.821227646155122e-09,-1.1642038136194799e-05
2025-03-04 22:25:00+00:00,579.96,579.96,580.0,700,25,579.9986206896551,1.0646329163069806e-08,1.608817200748902e-05
2025-03-04 22:26:00+00:00,580.03,580.0,580.02,98,300,580.0049246231156,1.2454261521801646e-08,-9.627470215822775e-06
2025-03-04 22:27:00+00:00,579.96,580.0,580.03,100,1167,580.002367797948,1.376309801404344e-08,8.091525263598243e-05
2025-03-04 22:28:00+00:00,580.04,580.04,580.05,6631,500,580.0492988360678,5.678775239154321e-08,0.00011221779356662687
2025-03-04 22:29:00+00:00,580.14,580.04,580.12,6631,500,580.114390688543,5.126680381223551e-08,4.527299699152998e-05
2025-03-04 22:30:00+00:00,580.14,580.14,580.15,35,500,580.1406542056075,1.1444790076274465e-08,-6.384615094223722e-05
2025-03-04 22:31:00+00:00,580.14,580.04,580.14,6631,453,580.1336053077357,1.8785259587166868e-08,2.3884391238127023e-06
2025-03-04 22:32:00+00:00,580.1,580.09,580.12,100,100,580.105,1.4139690855719211e-09,-6.013346021127575e-07
2025-03-04 22:33:00+00:00,580.12,580.09,580.12,189,198,580.1046511627907,6.850070848465298e-10,-4.316201686038745e-05
2025-03-04 22:34:00+00:00,580.07,580.07,580.1,91,193,580.0796126760564,3.693241892958623e-09,-3.9862245171384814e-07
2025-03-04 22:35:00+00:00,580.12,580.07,580.1,91,200,580.079381443299,5.769629170129376e-10,2.3046081499611404e-05
2025-03-04 22:36:00+00:00,580.08,580.07,580.12,91,109,580.09275,1.8800657988020973e-09,3.0404787681348466e-05
2025-03-04 22:37:00+00:00,580.14,580.11,580.14,5,382,580.1103875968993,2.43750376876302e-08,0.00022207512937133522
2025-03-04 22:38:00+00:00,580.25,580.2,580.24,250,5,580.2392156862745,1.7474837421381458e-08,-9.152186499572501e-05
2025-03-04 22:39:00+00:00,580.2,580.15,580.2,91,35,580.1861111111112,3.2903388901396275e-09,-1.0533018619862666e-05
2025-03-04 22:40:00+00:00,580.2,580.15,580.2,15,10,580.18,2.7978184696465897e-09,-1.6129129175590506e-05
2025-03-04 22:41:00+00:00,580.3,580.15,580.3,15,94,580.1706422018349,5.162317636835024e-08,0.00011959369760550231
2025-03-04 22:42:00+00:00,580.25,580.24,580.25,1,370,580.2400269541779,5.103431887969035e-08,0.00020686771075029142
2025-03-04 22:43:00+00:00,580.3,580.36,580.39,1,500,580.3600598802395,2.7736639385176844e-08,2.0782498168836483e-05
2025-03-04 22:44:00+00:00,580.42,580.36,580.42,100,395,580.3721212121212,4.87557874061822e-09,-2.938041579692019e-05
2025-03-04 22:45:00+00:00,580.42,580.35,580.42,26,333,580.355069637883,7.673617572525564e-08,0.00012623943389677983
2025-03-04 22:46:00+00:00,580.52,580.41,580.52,100,500,580.4283333333333,3.6512733586115746e-08,4.436867764678887e-05
2025-03-04 22:47:00+00:00,580.49,580.37,580.48,1100,339,580.454086170952,7.458965546392835e-09,-3.098784668298382e-05
2025-03-04 22:48:00+00:00,580.49,580.37,580.49,1100,897,580.4360991487232,6.747744745780193e-08,-0.0001713324949269568
2025-03-04 22:49:00+00:00,580.33,580.26,580.4,605,500,580.3366515837104,1.865589042146954e-08,0.00017815241558061246
2025-03-04 22:50:00+00:00,580.4,580.44,580.48,1,1000,580.4400399600399,2.8625867111145134e-08,3.837273188622703e-05
2025-03-04 22:51:00+00:00,580.45,580.46,580.47,300,997,580.4623130300694,8.044276955377838e-10,4.9879802403118845e-05
2025-03-04 22:52:00+00:00,580.49,580.49,580.5,29,200,580.4912663755458,3.155342389197523e-10,-7.116085827485463e-06
2025-03-04 22:53:00+00:00,580.49,580.47,580.49,335,56,580.4871355498722,3.0291240132493092e-09,7.367050832796096e-05
2025-03-04 22:54:00+00:00,580.5,580.5,580.53,300,1,580.5299003322259,2.1867512858850075e-09,5.0545829312520496e-05
2025-03-04 22:55:00+00:00,580.56,580.5,580.56,235,3,580.5592436974789,2.3818366872743116e-08,-0.00011895542090223366
2025-03-04 22:56:00+00:00,580.35,580.31,580.6,25,600,580.3215999999999,2.2312856226691335e-07,-4.607404064371767e-05
2025-03-04 22:57:00+00:00,580.57,580.46,580.57,5,92,580.4656701030929,7.305235467709288e-08,0.0001324241512605795
2025-03-04 22:58:00+00:00,580.64,580.54,580.64,1,327,580.5403048780488,8.648343340070121e-08,0.0002520384844002521
2025-03-04 22:59:00+00:00,580.6,580.56,580.69,600,16,580.6866233766235,1.1676825905532239e-08,6.296467281741158e-05
2025-03-04 23:00:00+00:00,580.75,580.72,580.75,101,850,580.7231861198738,2.0967352881297056e-07,-0.0006663004493745461
2025-03-04 23:01:00+00:00,580.3,580.31,580.38,300,500,580.33625,4.281396474898619e-07,-0.00012616578183732852
2025-03-04 23:02:00+00:00,580.3,580.26,580.28,41,501,580.2615129151292,1.526086147361571e-07,0.0005979505119579898
2025-03-04 23:03:00+00:00,580.63,580.58,580.68,500,501,580.6299500499501,1.73497275618053e-07,0.0006011257261211433
2025-03-04 23:04:00+00:00,580.97,580.91,580.98,500,214,580.9590196078432,8.37939730592018e-08,0.0004313945232199412
2025-03-04 23:05:00+00:00,581.2,581.12,581.21,1000,3,581.2097308075772,2.1068948055762234e-07,-0.0004868733412702886
2025-03-04 23:06:00+00:00,581.0,580.9,581.01,600,500,580.96,1.1116251646022874e-07,-0.0001204971367584351
2025-03-04 23:07:00+00:00,580.86,580.85,580.89,100,500,580.8566666666667,1.4066327892820213e-07,0.0003591720005171606
2025-03-04 23:08:00+00:00,581.11,581.06,581.08,180,500,581.0652941176471,2.4433426602775445e-07,-2.0506362308214676e-06
2025-03-04 23:09:00+00:00,581.07,581.0,581.07,500,63,581.0621669626998,1.3022770417501234e-07,0.00011914480506569625
2025-03-04 23:10:00+00:00,581.07,581.06,581.17,100,50,581.1333333333332,1.667235906607274e-07,9.763950849017711e-05
2025-03-04 23:11:00+00:00,581.24,581.19,581.25,1,800,581.1900749063672,6.340701893963646e-08,-6.90905581844925e-05
2025-03-04 23:12:00+00:00,581.1,581.11,581.15,500,1,581.1499201596806,2.234269651914995e-08,-3.295350863352642e-05
2025-03-04 23:13:00+00:00,581.17,581.13,581.15,20,500,581.1307692307693,6.941475203578873e-08,-1.8390750832986136e-05
2025-03-04 23:14:00+00:00,581.16,581.12,581.16,1,445,581.1200896860986,5.536858279486479e-08,-7.757742505010157e-05
2025-03-04 23:15:00+00:00,581.0,581.01,581.13,101,500,581.030166389351,1.2865307580277173e-07,-6.0233188487024414e-05
2025-03-04 23:16:00+00:00,580.91,581.01,581.07,500,500,581.04,1.32939235014122e-07,-0.00029251011951036965
2025-03-04 23:17:00+00:00,580.88,580.87,580.89,1,500,580.8700399201597,4.543668754403838e-08,0.0002124346658667342
2025-03-04 23:18:00+00:00,580.96,580.97,581.01,849,1100,580.9874243201642,1.0915600312397702e-07,-0.0003501534442523768
2025-03-04 23:19:00+00:00,580.83,580.69,580.83,1250,500,580.79,1.2363125912288237e-07,3.583190277178794e-05
2025-03-04 23:20:00+00:00,580.84,580.8,580.84,100,270,580.8108108108108,1.7606001920981977e-08,-6.354926751361845e-05
2025-03-04 23:21:00+00:00,580.79,580.77,580.82,110,1300,580.7739007092198,2.0257968830008354e-07,0.00017448681129539345
2025-03-04 23:22:00+00:00,580.85,580.78,580.88,200,10,580.8752380952382,1.9469994146622528e-08,-0.0002181528294014079
2025-03-04 23:23:00+00:00,580.75,580.73,580.8,500,500,580.765,4.8971203623518916e-08,-0.00025176271922966453
2025-03-04 23:24:00+00:00,580.61,580.6,580.67,20,500,580.6026923076923,6.069237902618946e-08,-2.82151244745954e-05
2025-03-04 23:25:00+00:00,580.6,580.58,580.66,40,500,580.585925925926,2.3275286477188413e-07,0.00037733273283291346
2025-03-04 23:26:00+00:00,580.84,580.72,580.77,500,100,580.7616666666667,1.9867815134292663e-07,0.0001271055335470006
2025-03-04 23:27:00+00:00,580.76,580.83,580.88,500,10,580.8790196078431,4.5959772114995565e-08,8.81018011247292e-05
2025-03-04 23:28:00+00:00,580.96,580.88,580.97,100,500,580.895,7.413777403889095e-08,0.000379420354718496
2025-03-04 23:29:00+00:00,581.17,581.14,581.17,500,266,581.1595822454308,5.568163384744236e-08,0.0003646951640368101
2025-03-04 23:30:00+00:00,581.32,581.32,581.39,495,323,581.362359413203,4.8592484148544676e-08,0.00011634841111018979
2025-03-04 23:31:00+00:00,581.51,581.39,581.49,500,500,581.44,3.399091953600243e-08,-0.00021498718676371542
2025-03-04 23:32:00+00:00,581.29,581.26,581.33,25,500,581.2633333333333,3.587005684533726e-08,6.804423744077859e-05
2025-03-04 23:33:00+00:00,581.4,581.3,581.39,500,510,581.3445544554455,3.078410977000428e-08,-1.431803345997018e-06
2025-03-04 23:34:00+00:00,581.35,581.34,581.4,100,1512,581.3437220843673,1.0892369908974598e-08,-0.00013746181049523187
2025-03-04 23:35:00+00:00,581.3,581.26,581.34,25,500,581.2638095238095,8.863115871175822e-08,0.00021709673666725493
2025-03-04 23:36:00+00:00,581.35,581.33,581.4,500,100,581.3883333333333,3.226522815111323e-07,-9.460087032786557e-05
2025-03-04 23:37:00+00:00,581.4,581.28,581.39,500,500,581.335,6.951187112125564e-08,4.515468705657e-05
2025-03-04 23:38:00+00:00,581.35,581.35,581.4,299,7,581.3988562091504,9.389812270277547e-08,-0.00027333478108504394
2025-03-04 23:39:00+00:00,581.3,581.2,581.29,12,500,581.202109375,4.1239242578728115e-08,-7.999642629308301e-05
2025-03-04 23:40:00+00:00,581.22,581.15,581.26,142,1000,581.1636777583187,1.7597593852677598e-07,0.0002982991246718303
2025-03-04 23:41:00+00:00,581.35,581.25,581.33,500,5,581.3292079207921,2.0713600224597206e-07,-4.861153337243351e-05
2025-03-04 23:42:00+00:00,581.33,581.3,581.35,12,500,581.301171875,1.4543981521354553e-07,0.00010026158183396028
2025-03-04 23:43:00+00:00,581.29,581.28,581.38,10,530,581.2818518518518,1.193148574289911e-07,-0.00027354784025157564
2025-03-04 23:44:00+00:00,581.2,581.15,581.21,142,1000,581.1574605954467,1.5662609027301007e-07,-0.00022739495148593747
2025-03-04 23:45:00+00:00,580.97,581.0,581.07,1000,10,581.0693069306931,3.505817083127087e-07,2.0757099018053893e-05
2025-03-04 23:46:00+00:00,581.1,581.06,581.1,100,99,581.0801005025126,8.387198085709052e-08,1.3915265655306541e-06
2025-03-04 23:47:00+00:00,581.15,581.03,581.16,500,1000,581.0733333333334,8.777530326614653e-08,-0.00027313332211420516
2025-03-04 23:48:00+00:00,580.9,580.9,580.96,192,1000,580.9096644295303,1.0576441823761982e-07,-0.00019077250522370193
2025-03-04 23:49:00+00:00,580.81,580.77,580.87,4,500,580.7707936507936,9.161873694948218e-08,0.00025497623985137885
2025-03-04 23:50:00+00:00,580.86,580.89,580.96,500,10,580.9586274509804,9.97314934226436e-08,0.00011567247249599788
2025-03-04 23:51:00+00:00,581.0,581.0,581.06,20,25,581.0266666666666,5.5713225273294273e-08,-0.00017762545873722946
2025-03-04 23:52:00+00:00,580.92,580.92,580.93,9,17,580.9234615384614,5.3306303990025385e-08,2.1848502483878818e-05
2025-03-04 23:53:00+00:00,580.94,580.89,580.95,10,3,580.9361538461538,4.790080519433044e-08,-1.0923434853427061e-05
2025-03-04 23:54:00+00:00,580.88,580.86,580.94,500,73,580.9298080279233,1.4597178201585212e-07,-0.00018874629218412764
2025-03-04 23:55:00+00:00,580.85,580.82,580.91,801,500,580.8754112221368,5.6189342483109395e-08,0.00020354692545465625
2025-03-04 23:56:00+00:00,580.88,580.9,580.94,95,4,580.9383838383839,2.3023685170241768e-07,-0.00011316380113646218
2025-03-04 23:57:00+00:00,580.87,580.87,580.98,32,500,580.8766165413533,1.7910944919748058e-07,0.00021933086499803522
2025-03-04 23:58:00+00:00,581.0,581.0,581.05,1,500,581.0000998003992,2.5123895131244367e-08,-3.5785749545325096e-05
2025-03-04 23:59:00+00:00,580.95,580.93,581.05,1301,1400,580.9878008145131,2.0358986302369492e-07,0.00044060725682282254
