ts_recv,price,bid_px_00,ask_px_00,bid_sz_00,ask_sz_00,weighted_mid,rv_60s,ret_60s
2021-08-20 08:01:00+00:00,437.52,437.53,437.57,100,500,437.5366666666667,1.128146436043605e-07,0.0004342493200570896
2021-08-20 08:02:00+00:00,437.75,437.71,437.75,100,500,437.71666666666664,7.109309064171828e-08,4.1883062489533884e-05
2021-08-20 08:03:00+00:00,437.75,437.74,437.75,200,500,437.74285714285713,1.457679633746431e-07,0.0004568870004226788
2021-08-20 08:04:00+00:00,437.96,437.93,437.97,100,500,437.93666666666667,7.75926815958621e-08,5.7084793752659735e-05
2021-08-20 08:05:00+00:00,438.0,437.95,437.99,100,100,437.97,9.95991608461925e-08,0.0001435192886660719
2021-08-20 08:06:00+00:00,438.05,437.97,438.02,1000,1100,437.99380952380955,1.0279857001160157e-07,-0.0004060360768761706
2021-08-20 08:07:00+00:00,437.9,437.84,437.87,500,500,437.855,7.544320457485509e-08,-3.417014314011091e-05
2021-08-20 08:08:00+00:00,437.85,437.84,437.87,1,500,437.8400598802395,2.0088927853354177e-08,9.457413741031928e-08
2021-08-20 08:09:00+00:00,437.87,437.84,437.87,1,499,437.84005999999994,3.6966359954660176e-08,-0.00015978509421188392
2021-08-20 08:10:00+00:00,437.79,437.77,437.78,2,500,437.7700398406374,4.5971338568372174e-08,5.449587447969861e-10
2021-08-20 08:11:00+00:00,437.78,437.77,437.83,2,1000,437.770119760479,2.1650793862325704e-08,0.00014677849542632515
2021-08-20 08:12:00+00:00,437.78,437.78,437.85,1000,1000,437.815,4.0784782929663044e-08,-7.233853508492594e-05
2021-08-20 08:13:00+00:00,437.78,437.79,437.83,100,1010,437.79360360360363,4.261323297662842e-08,-0.0001431757781207299
2021-08-20 08:14:00+00:00,437.76,437.74,437.75,1,500,437.74001996007985,6.153389048565542e-08,-3.811994788138762e-05
2021-08-20 08:15:00+00:00,437.65,437.71,437.73,1000,500,437.72333333333336,5.977141522677081e-08,3.807580130521515e-06
2021-08-20 08:16:00+00:00,437.71,437.71,437.75,100,500,437.71666666666664,5.777478064035245e-08,0.00016134559369462842
2021-08-20 08:17:00+00:00,437.83,437.79,437.84,100,100,437.815,6.91761127470344e-08,-6.614578054164877e-05
2021-08-20 08:18:00+00:00,437.76,437.75,437.77,500,12,437.76953125,3.809110297442081e-08,1.901701180040405e-05
2021-08-20 08:19:00+00:00,437.7,437.78,437.8,600,1,437.79996672212985,6.456485956038012e-08,-9.515926672565289e-05
2021-08-20 08:20:00+00:00,437.77,437.7,437.75,1000,500,437.73333333333335,9.48724001986455e-08,-0.000601583917148929
2021-08-20 08:21:00+00:00,437.5,437.48,437.52,500,100,437.5133333333333,9.431384946382909e-08,-0.0003102253542284217
2021-08-20 08:22:00+00:00,437.4,437.3,437.34,600,100,437.3342857142857,1.3195213222087712e-07,6.711261913228128e-05
2021-08-20 08:23:00+00:00,437.35,437.36,437.4,100,1000,437.3636363636364,9.008156373343027e-08,-0.00037400567810541574
2021-08-20 08:24:00+00:00,437.25,437.2,437.22,1,100,437.200198019802,1.1652537544859785e-07,-8.40039841629725e-05
2021-08-20 08:25:00+00:00,437.1,437.13,437.17,500,100,437.16333333333336,1.6241747558623105e-07,3.0499660691241104e-05
2021-08-20 08:26:00+00:00,437.1,437.16,437.2,100,500,437.1666666666667,8.24263122134885e-08,0.0002935502809695567
2021-08-20 08:27:00+00:00,437.24,437.28,437.33,500,500,437.305,6.583963799716728e-08,0.0002467253944238301
2021-08-20 08:28:00+00:00,437.4,437.41,437.45,39,500,437.4128942486085,1.295364054878647e-07,0.00011531229506034357
2021-08-20 08:29:00+00:00,437.5,437.44,437.48,100,500,437.44666666666666,6.7333130823416e-08,2.1770532061538006e-06
2021-08-20 08:30:00+00:00,437.5,437.45,437.49,100,1100,437.4533333333333,5.3835911675545537e-08,-0.00022505238522874116
2021-08-20 08:31:00+00:00,437.39,437.33,437.38,500,500,437.355,6.689518757391557e-08,-0.00010765206091767343
2021-08-20 08:32:00+00:00,437.4,437.29,437.33,100,500,437.2966666666667,8.648956762668987e-08,0.00013243581864852416
2021-08-20 08:33:00+00:00,437.4,437.37,437.4,100,500,437.375,6.989188031230118e-08,0.00016004511748080041
2021-08-20 08:34:00+00:00,437.4,437.44,437.48,100,500,437.44666666666666,4.1117864938204405e-08,8.38197418353559e-05
2021-08-20 08:35:00+00:00,437.4,437.45,437.5,1000,500,437.48333333333335,7.18959500497945e-08,0.00014259046603126713
2021-08-20 08:36:00+00:00,437.56,437.54,437.58,100,500,437.5466666666667,5.4706327942734444e-08,-0.00019916286298249375
2021-08-20 08:37:00+00:00,437.47,437.45,437.48,200,500,437.4585714285714,5.097562331967559e-08,0.00012587462827640117
2021-08-20 08:38:00+00:00,437.47,437.51,437.55,100,500,437.51666666666665,5.805468439307635e-08,0.00020508503587812754
2021-08-20 08:39:00+00:00,437.6,437.6,437.63,101,500,437.6050415973378,7.901665047657754e-08,-0.00018426867199550223
2021-08-20 08:40:00+00:00,437.55,437.52,437.55,100,1000,437.52272727272725,7.802386265853594e-08,0.0001689955500148166
2021-08-20 08:41:00+00:00,437.59,437.58,437.62,500,100,437.61333333333334,4.123220132601669e-08,-6.66519397619636e-05
2021-08-20 08:42:00+00:00,437.57,437.53,437.58,500,100,437.57166666666666,9.800827689128705e-08,0.00024567638135830627
2021-08-20 08:43:00+00:00,437.65,437.68,437.69,500,100,437.68833333333333,1.197214724960944e-07,0.0005255040840805858
2021-08-20 08:44:00+00:00,437.86,437.86,437.9,100,600,437.86571428571426,6.142030712968419e-08,-0.00031589804485754325
2021-08-20 08:45:00+00:00,437.9,437.73,437.78,500,1000,437.74666666666667,1.1629749425866375e-07,-8.998843994645345e-05
2021-08-20 08:46:00+00:00,437.76,437.7,437.75,600,500,437.72727272727275,1.2603031559158335e-07,0.00019660782277597377
2021-08-20 08:47:00+00:00,437.81,437.78,437.82,500,100,437.81333333333333,8.895333646756361e-08,7.613594835031989e-06
2021-08-20 08:48:00+00:00,437.82,437.81,437.85,100,500,437.81666666666666,9.597141171459084e-08,4.676886933530078e-05
2021-08-20 08:49:00+00:00,437.84,437.83,437.84,500,100,437.8383333333333,1.1892911836808941e-07,3.589070952680906e-05
2021-08-20 08:50:00+00:00,437.9,437.83,437.87,500,100,437.86333333333334,7.027920672297056e-08,-8.265442511135035e-05
2021-08-20 08:51:00+00:00,437.92,437.81,437.82,100,3,437.81970873786406,1.330214667118545e-07,0.00020175872701666542
2021-08-20 08:52:00+00:00,437.82,437.88,437.93,500,500,437.905,6.081932910453419e-08,-0.0001027620145921393
2021-08-20 08:53:00+00:00,437.82,437.84,437.88,100,600,437.8457142857143,8.257505315210916e-08,0.0001979323680323386
2021-08-20 08:54:00+00:00,437.82,437.95,437.97,10,100,437.95181818181817,5.390559788601817e-08,-3.805638433940217e-06
2021-08-20 08:55:00+00:00,437.95,437.91,437.95,700,100,437.945,5.919305914075272e-08,-4.424071515818362e-05
2021-08-20 08:56:00+00:00,437.93,437.91,437.96,500,1100,437.925625,2.3606560539295415e-08,-0.00010703872375583678
2021-08-20 08:57:00+00:00,437.93,437.86,437.91,600,1000,437.87875,7.41062838558963e-08,0.0002520702673791675
2021-08-20 08:58:00+00:00,437.97,437.96,437.99,500,15,437.9891262135922,3.2812144937836596e-08,-0.00028720548691774095
2021-08-20 08:59:00+00:00,437.89,437.79,437.87,800,100,437.8611111111111,6.241515339666711e-08,-0.0001631298306822293
2021-08-20 09:00:00+00:00,437.8,437.75,437.79,5,500,437.75039603960397,9.532826987052535e-08,0.0001493128690983614
2021-08-20 09:01:00+00:00,437.73,437.83,437.88,600,500,437.85727272727274,5.813477633052695e-08,-2.993226656811121e-05
2021-08-20 09:02:00+00:00,437.73,437.8,437.85,500,600,437.82272727272726,9.279152898719494e-08,-0.00029119949449307736
2021-08-20 09:03:00+00:00,437.73,437.72,437.77,100,100,437.745,4.8390958490392616e-08,6.282602901430678e-05
2021-08-20 09:04:00+00:00,437.73,437.76,437.81,100,1100,437.76416666666665,4.744769885540324e-08,0.00046939121869171707
2021-08-20 09:05:00+00:00,437.84,437.94,437.95,100,11,437.949009009009,5.1482852831175575e-08,1.2124602424501418e-05
2021-08-20 09:06:00+00:00,437.93,437.93,437.98,498,500,437.95494989979966,7.255418423620159e-08,-5.0750130188292886e-06
2021-08-20 09:07:00+00:00,438.0,437.93,437.98,500,600,437.95272727272726,2.4115105378069832e-08,-4.9040162076408045e-05
2021-08-20 09:08:00+00:00,437.89,437.9,437.95,500,600,437.9227272727273,3.890356399802486e-08,-0.00024261799083757918
2021-08-20 09:09:00+00:00,437.8,437.82,437.88,100,1000,437.82545454545453,6.644275669614568e-08,0.00015988123108545693
2021-08-20 09:10:00+00:00,437.89,437.87,437.92,100,104,437.8945098039216,4.2146495453634114e-08,-0.00014834624702331212
2021-08-20 09:11:00+00:00,437.89,437.83,437.85,1,500,437.8300399201597,4.1405229742283343e-08,-0.0002589435240983873
2021-08-20 09:12:00+00:00,437.75,437.73,437.78,500,1000,437.74666666666667,6.003476208348107e-08,-0.00022845828732431794
2021-08-20 09:13:00+00:00,437.65,437.61,437.65,100,500,437.6166666666667,1.3934601812613787e-07,-0.00019042541036673466
2021-08-20 09:14:00+00:00,437.5,437.5,437.55,1000,500,437.53333333333336,8.575456039222857e-08,0.00016379704403468587
2021-08-20 09:15:00+00:00,437.51,437.58,437.63,500,500,437.605,8.753155445692612e-08,-0.00020185631638891532
2021-08-20 09:16:00+00:00,437.55,437.5,437.55,500,1000,437.51666666666665,5.067043428548387e-08,0.0003657003542723025
2021-08-20 09:17:00+00:00,437.63,437.66,437.71,500,1000,437.6766666666667,3.166653785576575e-08,4.5695833301495625e-05
2021-08-20 09:18:00+00:00,437.68,437.69,437.73,100,500,437.69666666666666,3.458421015583502e-08,6.854061793171162e-05
2021-08-20 09:19:00+00:00,437.68,437.72,437.77,100,500,437.72833333333335,5.1909897089855104e-08,0.00013845640492404776
2021-08-20 09:20:00+00:00,437.74,437.76,437.81,600,500,437.78727272727275,1.0500359336752951e-07,0.00023465111739606748
2021-08-20 09:21:00+00:00,437.81,437.86,437.9,500,100,437.8933333333333,6.727741215818467e-08,0.0002510223108100895
2021-08-20 09:22:00+00:00,437.9,437.96,438.0,500,1,437.99992015968064,9.256385936907663e-08,-0.00010774633688559465
2021-08-20 09:23:00+00:00,438.03,437.93,437.98,500,600,437.95272727272726,7.35107072458928e-08,0.00023352458131631337
2021-08-20 09:24:00+00:00,438.03,438.06,438.1,500,60,438.0957142857143,6.866015124244522e-08,-2.1197599127331657e-05
2021-08-20 09:25:00+00:00,438.03,438.04,438.08,100,600,438.04571428571427,4.9128332482724574e-08,0.00019241305538897358
2021-08-20 09:26:00+00:00,438.1,438.11,438.16,500,500,438.135,8.736563315774041e-08,0.00010651328753263911
2021-08-20 09:27:00+00:00,438.17,438.17,438.21,100,500,438.1766666666667,8.793622473189277e-08,1.901820422500755e-05
2021-08-20 09:28:00+00:00,438.19,438.16,438.21,500,500,438.185,6.496412330708058e-08,0.00011410705523928755
2021-08-20 09:29:00+00:00,438.23,438.22,438.25,100,1,438.24970297029705,4.4510934864334104e-08,2.091723998920436e-05
2021-08-20 09:30:00+00:00,438.23,438.26,438.29,500,100,438.285,1.3117238786971988e-07,-0.00030614592702316035
2021-08-20 09:31:00+00:00,438.17,438.11,438.15,500,100,438.1433333333333,1.0601790815151563e-07,-0.0002662953748298058
2021-08-20 09:32:00+00:00,438.0,437.96,438.0,500,100,437.99333333333334,4.53540014541024e-08,7.610465912710751e-05
2021-08-20 09:33:00+00:00,438.0,438.02,438.06,100,500,438.02666666666664,1.0189531319287738e-07,0.00025698002229113115
2021-08-20 09:34:00+00:00,438.0,438.12,438.14,100,4,438.1392307692308,4.4556372593428416e-08,0.00032083685069794754
2021-08-20 09:35:00+00:00,438.14,438.26,438.3,500,510,438.279801980198,5.858654626568213e-08,0.0003046714736385514
2021-08-20 09:36:00+00:00,438.33,438.38,438.42,500,100,438.41333333333336,1.0218389028523401e-07,4.942063805835062e-05
2021-08-20 09:37:00+00:00,438.46,438.42,438.46,100,600,438.42571428571426,5.5927154124960426e-08,-0.00011404199026088246
2021-08-20 09:38:00+00:00,438.41,438.38,438.43,100,500,438.3883333333333,3.857919413981787e-08,9.504583109976039e-05
2021-08-20 09:39:00+00:00,438.42,438.41,438.46,500,1000,438.4266666666667,7.100652735928972e-08,0.00022571239583957237
2021-08-20 09:40:00+00:00,438.51,438.51,438.56,500,1100,438.525625,1.5042609435623863e-07,0.00014223798210211136
2021-08-20 09:41:00+00:00,438.6,438.53,438.58,1000,500,438.56333333333333,8.436222069966133e-08,-5.624108882751333e-05
2021-08-20 09:42:00+00:00,438.52,438.53,438.58,500,500,438.555,5.5161930734625037e-08,4.940373492234862e-05
2021-08-20 09:43:00+00:00,438.6,438.57,438.59,100,500,438.5733333333333,2.266163298511868e-08,0.00022800597375649545
2021-08-20 09:44:00+00:00,438.7,438.67,438.7,100,100,438.685,1.1854953282613963e-07,-0.00020515859899461475
2021-08-20 09:45:00+00:00,438.65,438.57,438.62,600,100,438.61285714285714,8.344952743283237e-08,-0.0002035721207166441
2021-08-20 09:46:00+00:00,438.55,438.5,438.54,100,600,438.5057142857143,8.374682768128334e-08,0.00015610373758501161
2021-08-20 09:47:00+00:00,438.57,438.57,438.62,100,1100,438.57416666666666,5.625703905379327e-08,0.00011427724528312311
2021-08-20 09:48:00+00:00,438.58,438.59,438.63,600,100,438.6242857142857,6.14247049064063e-08,-0.00020355852877651515
2021-08-20 09:49:00+00:00,438.6,438.51,438.56,500,500,438.535,5.470330069502055e-08,3.2212283152199817e-05
2021-08-20 09:50:00+00:00,438.55,438.54,438.59,600,500,438.5672727272727,8.674782427353285e-08,-0.00015757927534609806
2021-08-20 09:51:00+00:00,438.55,438.48,438.51,1,500,438.48005988023954,5.142326919481914e-08,-0.0003117282898293938
2021-08-20 09:52:00+00:00,438.37,438.31,438.36,1000,500,438.3433333333333,1.0318715875246937e-07,-9.87052255677634e-05
2021-08-20 09:53:00+00:00,438.37,438.3,438.34,1,600,438.3000665557405,4.955020884896772e-08,-0.00028154202677521667
2021-08-20 09:54:00+00:00,438.18,438.16,438.18,1000,200,438.1766666666667,6.591314597171326e-08,0.0
2021-08-20 09:55:00+00:00,438.18,438.18,438.23,100,100,438.205,4.213992578450452e-08,-0.0003423276760515792
2021-08-20 09:56:00+00:00,438.08,438.03,438.08,100,1179,438.03390930414383,6.79920339339991e-08,0.00015219773529762115
2021-08-20 09:57:00+00:00,438.08,438.06,438.12,500,100,438.11,1.0566906859250095e-07,0.0003043491493441852
2021-08-20 09:58:00+00:00,438.27,438.22,438.26,100,500,438.2266666666667,8.785314148752145e-08,-0.00017875072260942204
2021-08-20 09:59:00+00:00,438.27,438.13,438.19,1000,1000,438.16,5.8448119444945405e-08,9.776204014544376e-05
2021-08-20 10:00:00+00:00,438.19,438.17,438.24,131,500,438.1845324881141,1.4217379773013106e-07,-0.0002632053849520588
2021-08-20 10:01:00+00:00,438.15,438.03,438.08,1100,100,438.0758333333333,6.909499908733198e-08,1.9022581707606179e-06
2021-08-20 10:02:00+00:00,438.09,438.07,438.11,100,500,438.07666666666665,6.496639513381596e-08,-2.7574916123818127e-06
2021-08-20 10:03:00+00:00,438.06,438.04,438.08,100,100,438.06,1.3173618047549558e-07,-0.00012793893863982664
2021-08-20 10:04:00+00:00,438.01,438.01,438.02,1000,10,438.01990099009896,7.921969661406313e-08,-0.00013536441810790834
2021-08-20 10:05:00+00:00,438.0,437.96,437.99,2,500,437.96011952191236,6.179562687205971e-08,-0.00010302198739375878
2021-08-20 10:06:00+00:00,437.88,437.92,437.95,100,50,437.94,1.8449366656403163e-07,-0.00021678534605418243
2021-08-20 10:07:00+00:00,437.85,437.82,437.84,2,600,437.8200664451827,3.98192725518091e-08,-1.911363278317424e-05
2021-08-20 10:08:00+00:00,437.8,437.81,437.83,30,100,437.8146153846154,1.6976891828742788e-07,0.00016468284982007475
2021-08-20 10:09:00+00:00,437.85,437.86,437.91,1100,1101,437.88498864152655,1.2703416729759457e-07,0.00034530121755382837
2021-08-20 10:10:00+00:00,438.05,438.03,438.06,100,500,438.035,2.178482001516609e-07,-7.990229091292544e-05
2021-08-20 10:11:00+00:00,438.05,437.99,438.02,500,100,438.015,1.233574231286545e-07,-0.0002815829528158842
2021-08-20 10:12:00+00:00,437.99,437.88,437.94,100,500,437.89,9.283450488736705e-08,-0.0001522498724907395
2021-08-20 10:13:00+00:00,437.86,437.82,437.86,100,500,437.82666666666665,6.091825436413333e-08,0.00026647784807720676
2021-08-20 10:14:00+00:00,437.93,437.95,438.01,100,500,437.96,1.3842720397086431e-07,0.0002664068565514377
2021-08-20 10:15:00+00:00,438.02,438.01,438.06,1000,500,438.04333333333335,7.885585602002366e-08,0.0002235319184555884
2021-08-20 10:16:00+00:00,438.11,438.13,438.19,500,1000,438.15,2.7702908107340912e-08,-1.4264806155628307e-05
2021-08-20 10:17:00+00:00,438.11,438.11,438.14,1000,100,438.1372727272727,5.445017529125259e-08,-1.9020012857473567e-05
2021-08-20 10:18:00+00:00,438.15,438.12,438.16,100,500,438.12666666666667,3.34640829229714e-08,8.749372327643279e-05
2021-08-20 10:19:00+00:00,438.18,438.15,438.2,100,100,438.175,8.312571732263174e-08,0.00034233679093476077
2021-08-20 10:20:00+00:00,438.25,438.31,438.36,500,500,438.335,6.092060332340423e-08,2.4444259754563546e-05
2021-08-20 10:21:00+00:00,438.31,438.32,438.36,100,600,438.3257142857143,7.941361122347566e-08,-0.00025776952915290696
2021-08-20 10:22:00+00:00,438.25,438.21,438.25,1000,100,438.24636363636364,6.955223996685791e-08,-3.339025482695934e-05
2021-08-20 10:23:00+00:00,438.21,438.17,438.2,100,50,438.19,9.255981936136307e-08,-0.0002771088527041554
2021-08-20 10:24:00+00:00,438.12,438.07,438.11,100,500,438.07666666666665,8.798633019270427e-08,8.750370939636376e-05
2021-08-20 10:25:00+00:00,438.11,438.06,438.11,1000,500,438.0933333333333,1.306854027689271e-07,0.00017404106227814076
2021-08-20 10:26:00+00:00,438.12,438.16,438.21,1000,600,438.19125,7.917542081756105e-08,1.1669873288377985e-05
2021-08-20 10:27:00+00:00,438.12,438.16,438.21,1000,500,438.1933333333333,6.544309803593916e-08,0.00012195067843778773
2021-08-20 10:28:00+00:00,438.24,438.24,438.25,500,1,438.24998003992016,1.540627867371787e-08,-6.385353342641675e-05
2021-08-20 10:29:00+00:00,438.23,438.22,438.24,50,500,438.2218181818182,1.861519174069233e-08,-1.555874567482629e-05
2021-08-20 10:30:00+00:00,438.2,438.21,438.24,100,500,438.215,2.393461993094046e-08,-1.4493687690575463e-05
2021-08-20 10:31:00+00:00,438.2,438.2,438.21,3200,500,438.20864864864865,8.12743153494105e-08,-1.2129644934466555e-05
2021-08-20 10:32:00+00:00,438.19,438.18,438.21,100,100,438.195,5.3460790471833785e-08,0.0
2021-08-20 10:33:00+00:00,438.2,438.14,438.19,500,500,438.165,4.3078023131284926e-08,-1.9017046880787092e-05
2021-08-20 10:34:00+00:00,438.2,438.17,438.22,500,500,438.195,6.696693191849043e-08,-0.0001683040655416912
2021-08-20 10:35:00+00:00,438.2,438.09,438.14,1000,600,438.12125,4.034614895450552e-08,-0.00022349216493533497
2021-08-20 10:36:00+00:00,438.01,437.99,438.04,1000,500,438.0233333333333,5.3179278181540474e-08,3.8049723378508205e-05
2021-08-20 10:37:00+00:00,438.01,437.99,438.04,500,500,438.015,1.319268652071298e-08,3.8048275652124985e-05
2021-08-20 10:38:00+00:00,438.01,438.05,438.09,100,500,438.0566666666667,7.168762643447615e-08,-3.71409511780163e-05
2021-08-20 10:39:00+00:00,438.01,438.04,438.08,4,100,438.04153846153844,1.6817098450618883e-08,3.714233067952932e-05
2021-08-20 10:40:00+00:00,438.02,438.05,438.09,100,500,438.0566666666667,1.042875751237079e-08,7.989833887545039e-05
2021-08-20 10:41:00+00:00,438.09,438.09,438.1,100,500,438.09166666666664,1.9712913062549086e-08,0.00016866079524202604
2021-08-20 10:42:00+00:00,438.17,438.13,438.17,800,100,438.16555555555556,4.209833153987004e-08,-0.00014580992978296958
2021-08-20 10:43:00+00:00,438.1,438.1,438.11,100,500,438.1016666666667,1.3923018227527285e-08,6.467296403789291e-05
2021-08-20 10:44:00+00:00,438.1,438.11,438.15,100,100,438.13,1.3721408085200318e-08,7.608091966626596e-05
2021-08-20 10:45:00+00:00,438.13,438.13,438.18,1000,500,438.16333333333336,6.918655378218151e-08,0.00016874847417480687
2021-08-20 10:46:00+00:00,438.13,438.24,438.28,100,500,438.24666666666667,4.1174476473559036e-08,5.9466886279224695e-05
2021-08-20 10:47:00+00:00,438.27,438.23,438.3,1000,1100,438.2633333333333,2.4316498326187654e-08,-6.464910746195596e-05
2021-08-20 10:48:00+00:00,438.26,438.23,438.26,100,500,438.235,4.20467314744334e-08,0.0001140940363046905
2021-08-20 10:49:00+00:00,438.28,438.28,438.31,100,500,438.285,1.8666899151230293e-08,-0.00011408102034071721
2021-08-20 10:50:00+00:00,438.28,438.21,438.26,500,500,438.235,4.4218953201812206e-08,9.507836358713107e-05
2021-08-20 10:51:00+00:00,438.25,438.27,438.31,100,500,438.27666666666664,1.7483547766379073e-09,6.0844367713031033e-05
2021-08-20 10:52:00+00:00,438.3,438.3,438.32,100,500,438.30333333333334,2.7704580060175527e-08,-0.00019770679698960514
2021-08-20 10:53:00+00:00,438.25,438.2,438.25,500,999,438.21667778519014,4.094928172968735e-08,-9.4486995534937e-05
2021-08-20 10:54:00+00:00,438.25,438.15,438.2,511,500,438.1752720079129,3.65530213101265e-08,-0.00020221438065237685
2021-08-20 10:55:00+00:00,438.1,438.08,438.12,100,500,438.08666666666664,5.389283309952299e-08,7.323512851331593e-05
2021-08-20 10:56:00+00:00,438.12,438.09,438.12,100,500,438.095,4.1399647255890027e-08,-8.493482294813504e-05
2021-08-20 10:57:00+00:00,438.14,438.08,438.1,50,600,438.08153846153846,4.8671029650004136e-08,3.591629491972448e-05
2021-08-20 10:58:00+00:00,438.11,438.07,438.12,600,500,438.09727272727275,4.529965294298218e-08,-2.4209373731265416e-05
2021-08-20 10:59:00+00:00,438.11,438.08,438.12,100,500,438.08666666666664,2.1343988052324006e-08,7.608844520889946e-06
2021-08-20 11:00:00+00:00,438.08,438.08,438.1,497,500,438.0899699097292,8.80572587867438e-08,-0.0001743103845410765
2021-08-20 11:01:00+00:00,438.03,438.01,438.05,100,1000,438.01363636363635,2.8592407618368263e-08,-3.104114198260177e-05
2021-08-20 11:02:00+00:00,437.99,438.0,438.02,1,500,438.0000399201597,1.0922436576111074e-08,-0.00017649634666572211
2021-08-20 11:03:00+00:00,437.93,437.94,437.95,100,527,437.94159489633176,1.962652329079143e-08,-6.153306107647971e-06
2021-08-20 11:04:00+00:00,437.93,437.92,437.93,2,500,437.9200398406374,5.253655201132057e-08,-7.620837352606546e-05
2021-08-20 11:05:00+00:00,437.9,437.89,437.94,100,600,437.89714285714285,1.0340976568022248e-07,0.0001560525554558101
2021-08-20 11:06:00+00:00,437.93,437.93,437.97,500,1100,437.9425,8.149201046499567e-08,-3.4181662431076454e-05
2021-08-20 11:07:00+00:00,437.94,437.94,437.97,1,1000,437.94002997002997,4.3895624537667164e-08,-0.0002053488180758789
2021-08-20 11:08:00+00:00,437.84,437.83,437.87,505,500,437.8500995024875,4.132582270954986e-08,-0.00013698802001282928
2021-08-20 11:09:00+00:00,437.82,437.79,437.81,3,500,437.79011928429424,1.656595775370668e-07,-0.0003392231562512338
2021-08-20 11:10:00+00:00,437.65,437.64,437.66,96,100,437.6497959183674,8.49950874893562e-08,0.0004190398199011014
2021-08-20 11:11:00+00:00,437.78,437.78,437.84,500,600,437.80727272727273,6.392317368376309e-08,4.9487047717011734e-05
2021-08-20 11:12:00+00:00,437.88,437.84,437.88,100,500,437.8466666666667,4.2721061112995074e-08,-0.00023980997914041513
2021-08-20 11:13:00+00:00,437.74,437.71,437.75,101,100,437.7300995024876,1.316607999841366e-07,-5.9286978893347e-05
2021-08-20 11:14:00+00:00,437.65,437.71,437.75,100,600,437.7157142857143,3.47404112891611e-08,-0.00013622387144551773
2021-08-20 11:15:00+00:00,437.64,437.63,437.66,100,15,437.65608695652173,6.150451212416889e-08,3.50540421214518e-05
2021-08-20 11:16:00+00:00,437.64,437.66,437.7,200,500,437.6714285714286,3.379692865568508e-08,-0.00011421273122969033
2021-08-20 11:17:00+00:00,437.62,437.62,437.64,100,1300,437.62142857142857,2.212359593446114e-08,0.00013977325547176456
2021-08-20 11:18:00+00:00,437.68,437.68,437.69,15,600,437.680243902439,3.390497712483058e-08,0.00011589365598130286
2021-08-20 11:19:00+00:00,437.7,437.72,437.75,60,75,437.73333333333335,2.4904479738475034e-08,-6.635916626773763e-05
2021-08-20 11:20:00+00:00,437.69,437.7,437.71,100,5,437.70952380952383,5.523721046403996e-08,0.0002799795810730643
2021-08-20 11:21:00+00:00,437.75,437.82,437.85,59,200,437.82683397683394,5.20467922640358e-08,0.0001328516633796184
2021-08-20 11:22:00+00:00,437.9,437.87,437.9,180,100,437.88928571428573,5.675008545692789e-08,0.00017421332781464294
2021-08-20 11:23:00+00:00,437.97,437.93,437.97,818,200,437.96214145383107,1.567428406689563e-08,6.0295066076188064e-05
2021-08-20 11:24:00+00:00,437.97,437.96,437.99,120,10,437.9876923076923,5.3148445187235005e-08,-3.713286137796423e-05
2021-08-20 11:25:00+00:00,438.0,437.96,438.0,200,500,437.9714285714286,2.511457660834379e-08,3.669515297799464e-05
2021-08-20 11:26:00+00:00,437.98,437.98,438.01,599,1500,437.98856121962837,3.880093259620996e-08,0.0002492460781795547
2021-08-20 11:27:00+00:00,438.09,438.08,438.13,500,1000,438.0966666666667,3.356497088732794e-08,0.00027805708629879966
2021-08-20 11:28:00+00:00,438.2,438.18,438.22,634,25,438.21848254931723,7.594915653952994e-08,5.740016754374189e-05
2021-08-20 11:29:00+00:00,438.3,438.25,438.3,700,1000,438.2705882352941,5.5546690092947805e-08,9.749661873437176e-05
2021-08-20 11:30:00+00:00,438.26,438.27,438.3,600,500,438.28636363636366,6.420921990756323e-08,6.153441951939342e-05
2021-08-20 11:31:00+00:00,438.3,438.31,438.35,100,1100,438.31333333333333,2.1213581221512317e-08,-0.00011516006162159975
2021-08-20 11:32:00+00:00,438.27,438.26,438.28,100,1000,438.26181818181817,3.937940746690832e-08,1.086540801775726e-06
2021-08-20 11:33:00+00:00,438.26,438.26,438.28,100,500,438.2633333333333,1.5974968695486754e-08,0.00010322126401507425
2021-08-20 11:34:00+00:00,438.32,438.32,438.36,200,1100,438.32615384615383,2.2438721402848122e-08,-0.00011070171776006443
2021-08-20 11:35:00+00:00,438.25,438.26,438.29,1,600,438.2600499168053,2.1260251036114203e-08,1.8005884101945924e-05
2021-08-20 11:36:00+00:00,438.27,438.27,438.29,100,500,438.2733333333333,1.9699143286563928e-08,-2.57251529137692e-05
2021-08-20 11:37:00+00:00,438.26,438.25,438.28,300,100,438.2725,2.388935337280657e-08,-5.378696562075014e-05
2021-08-20 11:38:00+00:00,438.25,438.23,438.26,69,600,438.2330941704036,1.3688927810721498e-08,-1.697589704585667e-06
2021-08-20 11:39:00+00:00,438.21,438.23,438.26,51,500,438.23277676951,2.9746435657343754e-08,0.0002083053274675173
2021-08-20 11:40:00+00:00,438.29,438.32,438.36,100,1000,438.32363636363635,1.567647179626398e-07,0.0005278184832000488
2021-08-20 11:41:00+00:00,438.56,438.55,438.58,100,1,438.57970297029703,4.777294305831394e-08,-9.418994376941825e-05
2021-08-20 11:42:00+00:00,438.5,438.49,438.54,540,600,438.5136842105263,2.877520944278094e-08,-3.0752074648421335e-05
2021-08-20 11:43:00+00:00,438.53,438.5,438.53,3,200,438.50044334975365,4.3507530275000526e-08,-0.0003183824545525127
2021-08-20 11:44:00+00:00,438.37,438.36,438.39,4,700,438.3601704545454,3.247107880809705e-08,-6.18518976404081e-05
2021-08-20 11:45:00+00:00,438.37,438.31,438.36,531,600,438.333474801061,2.1871947688228688e-08,0.00012895478485797085
2021-08-20 11:46:00+00:00,438.38,438.38,438.4,46,100,438.38630136986296,1.455204528550495e-08,-0.00020525112324676353
2021-08-20 11:47:00+00:00,438.31,438.3,438.31,1,500,438.30001996007985,2.471058312678257e-08,-0.0001483457839809299
2021-08-20 11:48:00+00:00,438.25,438.23,438.25,100,300,438.235,2.6254645012124577e-08,0.000228188072609381
2021-08-20 11:49:00+00:00,438.27,438.3,438.34,100,600,438.30571428571426,5.445626331096953e-08,0.0
2021-08-20 11:50:00+00:00,438.37,438.33,438.36,100,500,438.335,7.533438490264582e-08,-0.0002022114675678255
2021-08-20 11:51:00+00:00,438.25,438.21,438.25,1000,100,438.24636363636364,1.2465904846688263e-08,-0.00020684564247652748
2021-08-20 11:52:00+00:00,438.16,438.15,438.19,100,600,438.1557142857143,4.601620021975306e-08,-6.264855623117072e-05
2021-08-20 11:53:00+00:00,438.15,438.12,438.17,100,505,438.12826446280985,2.6929052144507658e-08,7.22187741653002e-06
2021-08-20 11:54:00+00:00,438.14,438.12,438.16,200,500,438.13142857142856,4.941349111923986e-08,-5.6135198232110106e-05
2021-08-20 11:55:00+00:00,438.13,438.1,438.11,59,600,438.1008952959029,3.3877517959831076e-08,5.4161150920384316e-05
2021-08-20 11:56:00+00:00,438.15,438.12,438.16,216,102,438.1471698113208,3.267000448980378e-08,-0.000153657675383001
2021-08-20 11:57:00+00:00,438.11,438.06,438.08,116,600,438.0632402234637,9.267630494308576e-09,-2.693543653398134e-05
2021-08-20 11:58:00+00:00,438.05,438.05,438.06,101,600,438.0514407988588,7.187580624072682e-08,-0.00011416975901046289
2021-08-20 11:59:00+00:00,438.03,437.99,438.03,200,651,437.9994007050529,5.026102584921647e-08,-5.8708223391268355e-05
2021-08-20 12:00:00+00:00,437.98,437.97,438.0,100,200,437.98,5.5219178615166026e-08,-0.00010027131514489529
2021-08-20 12:01:00+00:00,437.9,437.94,437.98,251,600,437.95179788484137,1.0028080327049782e-07,0.00039550020344547576
2021-08-20 12:02:00+00:00,438.1,438.12,438.16,110,602,438.12617977528083,6.29746446586071e-08,0.00012839387817975556
2021-08-20 12:03:00+00:00,438.19,438.13,438.18,1000,700,438.1594117647059,4.272190287895687e-08,0.00028623404435390576
2021-08-20 12:04:00+00:00,438.25,438.26,438.28,200,500,438.2657142857143,5.577432972162345e-08,-9.512391194943515e-05
2021-08-20 12:05:00+00:00,438.25,438.24,438.25,100,202,438.2433112582781,5.3871278644732894e-08,1.203164851970584e-05
2021-08-20 12:06:00+00:00,438.2,438.25,438.28,5,600,438.25024793388434,9.136861180976713e-08,-1.3604600628824848e-05
2021-08-20 12:07:00+00:00,438.23,438.2,438.23,100,500,438.205,2.757933854373039e-08,-3.5211940583312895e-05
2021-08-20 12:08:00+00:00,438.23,438.22,438.23,199,1000,438.2216597164304,4.1204061705587484e-08,-0.0002459484953530877
2021-08-20 12:09:00+00:00,438.17,438.12,438.13,34,500,438.1206367041199,4.954801895918443e-08,-2.527282045683421e-05
2021-08-20 12:10:00+00:00,438.12,438.1,438.13,600,500,438.11636363636364,2.7231445051897603e-08,3.804219640413109e-05
2021-08-20 12:11:00+00:00,438.13,438.12,438.15,200,500,438.12857142857143,2.905789689627867e-08,0.00011239312278576996
2021-08-20 12:12:00+00:00,438.19,438.17,438.21,104,600,438.17590909090904,6.460649725554618e-08,3.5245128213068355e-05
2021-08-20 12:13:00+00:00,438.22,438.19,438.22,35,600,438.1916535433071,1.4311913576036627e-08,-4.043049517299391e-05
2021-08-20 12:14:00+00:00,438.18,438.16,438.19,500,100,438.185,5.387103666296435e-08,-0.0001627304845428501
2021-08-20 12:15:00+00:00,438.07,438.1,438.12,66,500,438.10233215547703,2.6602330616112213e-08,4.178144533661943e-05
2021-08-20 12:16:00+00:00,438.15,438.12,438.13,68,1000,438.1206367041199,4.952409064295089e-08,3.117572466249108e-05
2021-08-20 12:17:00+00:00,438.12,438.12,438.15,100,500,438.125,4.144080477041013e-08,0.00012914786457063343
2021-08-20 12:18:00+00:00,438.16,438.19,438.23,23,500,438.19175908221797,5.795771648825114e-08,3.222444726769247e-05
2021-08-20 12:19:00+00:00,438.21,438.18,438.21,500,100,438.205,3.2007601421565723e-08,-7.984849554432127e-05
2021-08-20 12:20:00+00:00,438.16,438.14,438.17,100,500,438.145,3.4763493903515036e-08,0.00012930295402457936
2021-08-20 12:21:00+00:00,438.23,438.21,438.25,500,100,438.24333333333334,3.822905963770247e-08,0.00024720844616177295
2021-08-20 12:22:00+00:00,438.32,438.32,438.35,100,100,438.335,3.948689874738981e-08,5.333772329585429e-05
2021-08-20 12:23:00+00:00,438.33,438.33,438.36,543,31,438.35837979094083,1.0881590076447958e-07,-4.8585610291640435e-06
2021-08-20 12:24:00+00:00,438.38,438.33,438.36,100,1000,438.33272727272725,1.1522833837670811e-07,6.178384209953869e-05
2021-08-20 12:25:00+00:00,438.37,438.33,438.38,100,100,438.355,6.389290236998893e-08,-0.0001216591263354383
2021-08-20 12:26:00+00:00,438.34,438.32,438.36,500,500,438.34,3.344630585104759e-08,0.0001887328559015966
2021-08-20 12:27:00+00:00,438.4,438.41,438.44,50,500,438.4127272727273,4.060745925838861e-08,-4.069367001313662e-05
2021-08-20 12:28:00+00:00,438.42,438.39,438.41,194,600,438.3948866498741,1.6592824479006613e-08,-4.2730433886695174e-05
2021-08-20 12:29:00+00:00,438.35,438.33,438.35,500,100,438.3466666666667,2.0706894936958654e-08,1.1522248743789376e-05
2021-08-20 12:30:00+00:00,438.37,438.37,438.39,683,500,438.3815469146238,7.543879122443026e-08,-0.0002121968415043085
2021-08-20 12:31:00+00:00,438.31,438.27,438.3,500,1000,438.28,3.315735947000101e-08,6.607761779231502e-05
2021-08-20 12:32:00+00:00,438.23,438.3,438.32,24,500,438.3009160305343,3.3557953947322327e-08,3.361069284468776e-05
2021-08-20 12:33:00+00:00,438.35,438.33,438.36,100,1500,438.331875,7.260406928355809e-08,0.00035702125090986137
2021-08-20 12:34:00+00:00,438.49,438.42,438.47,1300,600,438.45421052631576,5.034151074781079e-08,8.516871608410526e-05
2021-08-20 12:35:00+00:00,438.5,438.51,438.54,550,500,438.5257142857143,4.9472788841539225e-08,8.57852718632035e-05
2021-08-20 12:36:00+00:00,438.56,438.53,438.57,500,100,438.56333333333333,6.29107660673311e-08,0.0005460388083460277
2021-08-20 12:37:00+00:00,438.82,438.8,438.85,500,500,438.825,1.6643626102554333e-07,0.00046241352543741066
2021-08-20 12:38:00+00:00,439.0,438.94,438.97,100,500,438.945,7.764722459184677e-08,-0.0001399470534330094
2021-08-20 12:39:00+00:00,438.94,438.93,438.96,500,500,438.945,2.411390236586643e-08,4.744916759058526e-05
2021-08-20 12:40:00+00:00,438.96,438.95,438.98,507,500,438.96510427010924,2.9264709500058292e-08,1.8746508877454104e-05
2021-08-20 12:41:00+00:00,438.95,438.95,438.99,500,500,438.97,4.435992280684489e-08,-6.154711871575458e-05
2021-08-20 12:42:00+00:00,438.92,438.92,438.95,500,70,438.94631578947366,3.256566751552981e-08,0.00011091153695819145
2021-08-20 12:43:00+00:00,438.99,438.97,439.01,1000,1500,438.986,1.4113971688367782e-07,0.0002098950036852898
2021-08-20 12:44:00+00:00,439.07,439.07,439.11,900,1200,439.08714285714285,4.855426111056317e-08,1.3055196423250592e-05
2021-08-20 12:45:00+00:00,439.06,439.09,439.12,106,1000,439.0928752260398,6.536904608196309e-08,-7.454527353101259e-05
2021-08-20 12:46:00+00:00,439.08,439.06,439.07,29,2000,439.06014292755054,3.810146078216472e-08,7.939019975045092e-05
2021-08-20 12:47:00+00:00,439.04,439.07,439.11,500,1500,439.08,3.1797686450330027e-08,6.832234482279098e-05
2021-08-20 12:48:00+00:00,439.05,439.1,439.15,1000,1000,439.125,4.892329468173292e-08,0.00017310027492811741
2021-08-20 12:49:00+00:00,439.23,439.2,439.22,80,1500,439.20101265822785,4.159687264924501e-08,0.00012861386960438814
2021-08-20 12:50:00+00:00,439.26,439.25,439.28,500,1500,439.2575,3.047648808685813e-08,0.00010055899723004913
2021-08-20 12:51:00+00:00,439.31,439.3,439.31,301,1500,439.30167129372575,5.00791813607183e-08,-0.00011650192519485625
2021-08-20 12:52:00+00:00,439.3,439.25,439.28,10,100,439.2527272727273,3.958831849839365e-08,-1.2502668479963397e-05
2021-08-20 12:53:00+00:00,439.21,439.22,439.25,500,100,439.245,1.9722517266522833e-08,6.511172580214719e-05
2021-08-20 12:54:00+00:00,439.27,439.27,439.28,900,1600,439.2736,5.1133228769800336e-08,-4.7259622555473335e-05
2021-08-20 12:55:00+00:00,439.23,439.25,439.26,238,600,439.2528400954654,1.1326023281212072e-07,0.00038936770958475364
2021-08-20 12:56:00+00:00,439.49,439.37,439.41,500,500,439.39,9.177046224614389e-08,8.210542164821533e-05
2021-08-20 12:57:00+00:00,439.39,439.39,439.42,1092,500,439.41057788944727,7.107385629109457e-08,-1.891217289307079e-05
2021-08-20 12:58:00+00:00,439.43,439.43,439.46,1000,2,439.45994011976046,2.5432412193474486e-08,1.8943597491105635e-05
2021-08-20 12:59:00+00:00,439.44,439.44,439.46,1100,2,439.45996370235935,8.203217503203184e-08,0.0005197712407232213
2021-08-20 13:00:00+00:00,439.69,439.67,439.7,500,316,439.6883823529411,1.6000672529791003e-07,0.00011762115861024824
2021-08-20 13:01:00+00:00,439.78,439.74,439.75,1,100,439.740099009901,6.338153163491232e-08,-0.00014746744299343195
2021-08-20 13:02:00+00:00,439.64,439.68,439.7,106,102,439.6901923076923,4.715421116494121e-08,-0.00010329350167614937
2021-08-20 13:03:00+00:00,439.6,439.6,439.63,556,110,439.6250450450451,7.174362251905699e-08,-0.000251253724396272
2021-08-20 13:04:00+00:00,439.5,439.5,439.51,166,1700,439.5008896034298,7.407172218624128e-08,0.0005654533547199136
2021-08-20 13:05:00+00:00,439.73,439.76,439.78,300,306,439.769900990099,7.081775405154861e-08,0.00030775300605445643
2021-08-20 13:06:00+00:00,439.89,439.89,439.91,200,702,439.8944345898004,7.008273630172504e-08,0.0004287987620397171
2021-08-20 13:07:00+00:00,440.08,440.05,440.08,600,500,440.06636363636363,1.3121061480393064e-07,4.325026657014952e-05
2021-08-20 13:08:00+00:00,440.1,440.1,440.12,100,1202,440.10153609831036,4.4347016168918214e-08,9.570387823965021e-05
2021-08-20 13:09:00+00:00,440.14,440.14,440.16,1500,58,440.15925545571247,3.355120810894727e-08,0.00024229756576410466
2021-08-20 13:10:00+00:00,440.27,440.25,440.27,185,304,440.2575664621677,5.5654595297220484e-08,-0.00019864457641294297
2021-08-20 13:11:00+00:00,440.21,440.2,440.21,80,600,440.2011764705882,3.691107308254993e-08,1.643707111309567e-06
2021-08-20 13:12:00+00:00,440.17,440.17,440.2,290,151,440.18972789115645,4.826738337192825e-08,-9.655959245635781e-05
2021-08-20 13:13:00+00:00,440.13,440.13,440.14,139,3000,440.13044281618346,3.1283700409096976e-08,0.000322761549752304
2021-08-20 13:14:00+00:00,440.25,440.25,440.28,300,100,440.2725,7.991801307144627e-08,0.0002388141710008007
2021-08-20 13:15:00+00:00,440.38,440.37,440.4,1100,210,440.39519083969464,8.245021568465885e-08,0.0004670764384957504
2021-08-20 13:16:00+00:00,440.57,440.57,440.6,340,400,440.58378378378376,9.337500461584435e-08,-4.688048852974358e-05
2021-08-20 13:17:00+00:00,440.59,440.56,440.59,307,920,440.5675061124695,4.310172145595654e-08,7.162534703941681e-05
2021-08-20 13:18:00+00:00,440.57,440.59,440.6,2100,1498,440.59583657587547,4.113571339850817e-08,-0.00014805919173710436
2021-08-20 13:19:00+00:00,440.52,440.52,440.54,510,100,440.53672131147545,1.0443152838630616e-07,-0.0003346248891197279
2021-08-20 13:20:00+00:00,440.38,440.37,440.4,107,1275,440.3723227206947,6.2385418781867e-08,0.00022445704605722483
2021-08-20 13:21:00+00:00,440.48,440.47,440.5,713,1600,440.4792477302205,2.5718166998289215e-08,-7.888180944293222e-05
2021-08-20 13:22:00+00:00,440.45,440.44,440.45,128,97,440.44568888888887,3.527011140712563e-08,-0.0004015086070857654
2021-08-20 13:23:00+00:00,440.28,440.24,440.28,1500,100,440.2775,1.8807781674366742e-08,-0.00025801691626947676
2021-08-20 13:24:00+00:00,440.17,440.15,440.17,600,281,440.1636208853576,4.031305420545372e-08,0.0001395355909674656
2021-08-20 13:25:00+00:00,440.22,440.22,440.28,1600,100,440.27647058823527,9.284503089858659e-08,0.0005330422626366182
2021-08-20 13:26:00+00:00,440.45,440.44,440.46,4000,2300,440.4526984126984,2.8141112175543025e-08,8.895445874435026e-05
2021-08-20 13:27:00+00:00,440.49,440.49,440.5,58,1400,440.49039780521264,3.8237521026197145e-08,3.518608553809699e-05
2021-08-20 13:28:00+00:00,440.53,440.49,440.53,500,300,440.515,8.660106553780699e-08,-0.00031630291831052926
2021-08-20 13:29:00+00:00,440.38,440.34,440.37,500,300,440.35875,5.721340213609572e-08,-0.00042616001816675464
2021-08-20 13:30:00+00:00,440.17,440.21,440.24,300,1200,440.216,4.549755952835903e-07,-0.0008685860373468524
2021-08-20 13:31:00+00:00,439.77,439.76,439.77,400,100,439.768,2.753352162998084e-07,1.7914614811598284e-05
2021-08-20 13:32:00+00:00,439.8,439.8,439.81,200,1500,439.80117647058825,1.8671985037977165e-07,0.0007456824829210618
2021-08-20 13:33:00+00:00,440.13,440.12,440.13,100,100,440.125,1.5201747443404822e-07,0.0004992183540688533
2021-08-20 13:34:00+00:00,440.35,440.34,440.35,100,346,440.3422421524663,3.084642379302715e-07,0.0003469444914045994
2021-08-20 13:35:00+00:00,440.51,440.49,440.51,200,800,440.494,2.7171797831759085e-07,0.0006749246712471901
2021-08-20 13:36:00+00:00,440.82,440.83,440.84,300,400,440.8342857142857,4.005097452013022e-07,-0.0006101927196853207
2021-08-20 13:37:00+00:00,440.51,440.51,440.52,100,200,440.5133333333333,1.5754989575432868e-07,0.000733958837772386
2021-08-20 13:38:00+00:00,440.869,440.85,440.86,400,200,440.8566666666667,1.0945308668121671e-07,-0.0002721973128076982
2021-08-20 13:39:00+00:00,440.73,440.73,440.74,100,400,440.732,1.2045396877625947e-07,0.00017773273534449352
2021-08-20 13:40:00+00:00,440.82,440.82,440.84,300,549,440.8270671378092,1.451678535916509e-07,-0.0005783611010428125
2021-08-20 13:41:00+00:00,440.59,440.59,440.6,100,100,440.595,1.938092052387411e-07,0.00010770438396079385
2021-08-20 13:42:00+00:00,440.62,440.59,440.61,202,1000,440.59336106489184,2.2665686592869685e-07,5.1065857934684544e-05
2021-08-20 13:43:00+00:00,440.62,440.63,440.65,400,400,440.64,1.4095129023672204e-07,0.0003663585580386819
2021-08-20 13:44:00+00:00,440.79,440.78,440.8,300,400,440.7885714285714,1.3574202726516723e-07,0.0004418372439882745
2021-08-20 13:45:00+00:00,441.055,441.05,441.07,900,600,441.062,5.417868614550243e-07,0.0008391722230942644
2021-08-20 13:46:00+00:00,441.34,441.33,441.34,300,400,441.3342857142857,2.0419475090481897e-07,0.0008998220156268832
2021-08-20 13:47:00+00:00,441.77,441.75,441.77,500,900,441.75714285714287,1.8569174819457242e-07,0.00027102916801458043
2021-08-20 13:48:00+00:00,441.83,441.84,441.85,300,100,441.8475,1.1381256006194067e-07,-5.6224879053545784e-05
2021-08-20 13:49:00+00:00,441.84,441.84,441.85,6635,100,441.8498515219005,9.825447603600372e-08,-0.0004552083054611966
2021-08-20 13:50:00+00:00,441.65,441.64,441.65,100,1300,441.6407142857143,1.4824690363479826e-07,-0.00021240831131075222
2021-08-20 13:51:00+00:00,441.57,441.57,441.58,100,400,441.572,1.414954991571418e-07,0.0002913955279091329
2021-08-20 13:52:00+00:00,441.69,441.68,441.69,700,100,441.68875,9.813943998488788e-08,0.00024103662467922504
2021-08-20 13:53:00+00:00,441.781,441.77,441.78,100,400,441.772,7.010011716212817e-08,-0.00016628215731517848
2021-08-20 13:54:00+00:00,441.68,441.69,441.7,100,400,441.692,1.0338881415282629e-07,-0.0001730268870845375
2021-08-20 13:55:00+00:00,441.65,441.64,441.65,500,300,441.64625,1.0659925676526474e-07,0.0006925867341787129
2021-08-20 13:56:00+00:00,441.9,441.9,441.91,100,800,441.9011111111111,6.29936853084367e-08,9.263646472934539e-05
2021-08-20 13:57:00+00:00,441.99,441.98,441.99,500,600,441.98454545454547,9.103595453733268e-08,-0.00036061060146430624
2021-08-20 13:58:00+00:00,441.82,441.81,441.82,304,200,441.81603174603174,9.569581988103754e-08,-0.00011645884455557809
2021-08-20 13:59:00+00:00,441.77,441.77,441.78,100,500,441.77166666666665,6.171850391349307e-08,0.0001049486369024688
2021-08-20 14:00:00+00:00,441.84,441.84,441.85,200,300,441.844,1.1472833264804517e-07,3.755120853154992e-05
2021-08-20 14:01:00+00:00,441.81,441.81,441.82,400,1100,441.81266666666664,1.0422095968116854e-07,0.00028856762950169035
2021-08-20 14:02:00+00:00,441.99,441.99,442.0,500,400,441.99555555555554,1.5062806325075707e-07,0.0003422216691366664
2021-08-20 14:03:00+00:00,442.11,442.13,442.15,700,850,442.1390322580645,1.5901293595846132e-07,0.00024031434922711092
2021-08-20 14:04:00+00:00,442.25,442.24,442.26,700,900,442.24875,1.125988584533401e-07,0.000573247907756258
2021-08-20 14:05:00+00:00,442.48,442.47,442.48,800,200,442.478,9.605728451695905e-08,-0.00021244090074945543
2021-08-20 14:06:00+00:00,442.39,442.39,442.4,600,700,442.3946153846154,3.4666587821750323e-08,9.44806209444149e-05
2021-08-20 14:07:00+00:00,442.42,442.41,442.42,1002,800,442.41556048834633,1.248279763536599e-07,-4.625246851996945e-05
2021-08-20 14:08:00+00:00,442.4,442.4,442.41,100,1100,442.4008333333333,5.8298253221117066e-08,7.889172199804229e-05
2021-08-20 14:09:00+00:00,442.45,442.44,442.45,400,500,442.44444444444446,6.857882556813812e-08,7.367816932468685e-05
2021-08-20 14:10:00+00:00,442.47,442.48,442.49,400,1900,442.4817391304348,6.310652639766176e-08,-5.6769951207513714e-05
2021-08-20 14:11:00+00:00,442.46,442.45,442.47,500,2900,442.4529411764706,1.0829409525066853e-07,-0.00021180968125233957
2021-08-20 14:12:00+00:00,442.33,442.32,442.34,227,1700,442.32235599377265,8.30321895654208e-08,-0.0001678037652758091
2021-08-20 14:13:00+00:00,442.28,442.27,442.28,2470,300,442.27891696750896,5.6934541985526264e-08,-0.0005055759445298236
2021-08-20 14:14:00+00:00,442.06,442.05,442.07,400,3800,442.0519047619048,1.7077437207728033e-08,-7.1121134716301e-05
2021-08-20 14:15:00+00:00,442.01,442.01,442.02,200,500,442.0128571428571,4.9998174928412026e-08,-0.00013568302136701682
2021-08-20 14:16:00+00:00,441.969,441.95,441.96,2300,400,441.95851851851853,8.29497510625477e-08,-0.00014651074834226563
2021-08-20 14:17:00+00:00,441.9,441.89,441.9,800,100,441.8988888888889,1.1548651033311142e-07,0.0007264164943221463
2021-08-20 14:18:00+00:00,442.23,442.23,442.24,800,300,442.23727272727274,9.475686312684767e-08,0.0006518109392730231
2021-08-20 14:19:00+00:00,442.51,442.51,442.52,400,1000,442.5128571428571,6.28113854052252e-08,0.00020057258249117638
2021-08-20 14:20:00+00:00,442.62,442.62,442.63,800,113,442.62876232201535,8.113653258377843e-08,0.0007220028096854847
2021-08-20 14:21:00+00:00,442.91,442.91,442.92,800,300,442.91727272727275,2.0928739747565108e-07,-0.0003793377086028782
2021-08-20 14:22:00+00:00,442.76,442.75,442.77,1000,800,442.7611111111111,4.64369956893835e-08,0.00020177190864800743
2021-08-20 14:23:00+00:00,442.84,442.83,442.84,802,500,442.83615975422424,3.518553518701785e-08,0.00011402262075099756
2021-08-20 14:24:00+00:00,442.89,442.88,442.9,1000,800,442.8911111111111,3.4412988694957547e-08,-3.7603545564479646e-05
2021-08-20 14:25:00+00:00,442.87,442.87,442.88,600,100,442.87857142857143,5.0111514135297026e-08,-0.00023117571128206116
2021-08-20 14:26:00+00:00,442.77,442.76,442.77,800,100,442.7688888888889,6.623658376474682e-08,-0.000347332605360684
2021-08-20 14:27:00+00:00,442.6,442.59,442.6,173,1200,442.59126001456667,9.352371033482507e-08,-0.00036416688615958925
2021-08-20 14:28:00+00:00,442.45,442.45,442.46,600,400,442.456,1.390709954993054e-07,0.00011294623141067106
2021-08-20 14:29:00+00:00,442.501,442.49,442.5,600,200,442.4975,7.899091990860473e-08,0.00012805929898829227
2021-08-20 14:30:00+00:00,442.55,442.55,442.56,300,1300,442.551875,1.0971404947811721e-07,0.0003069263677994982
2021-08-20 14:31:00+00:00,442.68,442.68,442.69,300,500,442.68375,9.623484125831182e-08,-0.00034699018952688565
2021-08-20 14:32:00+00:00,442.55,442.54,442.56,800,700,442.55066666666664,1.4683379204111619e-07,0.00040736853733980283
2021-08-20 14:33:00+00:00,442.71,442.69,442.7,101,700,442.6912609238452,8.15131685268667e-08,0.00016093602651756633
2021-08-20 14:34:00+00:00,442.81,442.79,442.8,400,500,442.7944444444444,6.191074568825896e-08,6.58696439748141e-06
2021-08-20 14:35:00+00:00,442.82,442.81,442.82,700,200,442.8177777777778,6.639924388610383e-08,0.00034423078107526095
2021-08-20 14:36:00+00:00,442.95,442.94,442.95,1000,100,442.9490909090909,1.0669694544490713e-07,-0.0002811732930523281
2021-08-20 14:37:00+00:00,442.83,442.83,442.84,700,100,442.83875,1.0349761726686122e-07,-7.627450673841629e-05
2021-08-20 14:38:00+00:00,442.8,442.79,442.8,100,500,442.7916666666667,1.0900277749598457e-07,4.843417385824722e-05
2021-08-20 14:39:00+00:00,442.81,442.8,442.81,100,600,442.8014285714286,1.7760116762259566e-07,-0.0004512849386762996
2021-08-20 14:40:00+00:00,442.6,442.6,442.61,1100,500,442.606875,7.185337187984922e-08,-0.0003533135517909125
2021-08-20 14:41:00+00:00,442.41,442.4,442.41,510,600,442.4045945945946,1.20443368437378e-07,4.191479954052113e-05
2021-08-20 14:42:00+00:00,442.48,442.47,442.48,600,500,442.47545454545457,4.273100010000716e-08,0.0002759960168912112
2021-08-20 14:43:00+00:00,442.6,442.58,442.59,800,100,442.5888888888889,5.780896735993494e-08,-0.0002733679321366145
2021-08-20 14:44:00+00:00,442.47,442.46,442.47,525,200,442.46724137931034,8.690643643359115e-08,-0.00033299366754813153
2021-08-20 14:45:00+00:00,442.32,442.31,442.33,800,500,442.3223076923077,1.0494762479302836e-07,8.572063738476743e-05
2021-08-20 14:46:00+00:00,442.37,442.35,442.36,200,400,442.35333333333335,1.1084490906452726e-07,-6.593329998971775e-06
2021-08-20 14:47:00+00:00,442.36,442.36,442.37,600,100,442.36857142857144,6.590672623292607e-08,0.00019140523705840629
2021-08-20 14:48:00+00:00,442.411,442.44,442.45,301,300,442.4450083194675,7.427533655057611e-08,-3.923360613888871e-05
2021-08-20 14:49:00+00:00,442.42,442.41,442.42,700,100,442.41875,6.451946094008483e-08,-0.00012200442083754037
2021-08-20 14:50:00+00:00,442.38,442.37,442.38,600,300,442.37666666666667,7.405619754706143e-08,-0.0002204004129211512
2021-08-20 14:51:00+00:00,442.26,442.26,442.27,100,1500,442.260625,5.6024705963509264e-08,-0.00047731086398172806
2021-08-20 14:52:00+00:00,442.07,442.07,442.08,200,1400,442.07125,5.051044501257844e-08,0.0003572707419217114
2021-08-20 14:53:00+00:00,442.21,442.22,442.23,200,300,442.224,3.476691058200272e-08,0.00029274324425254683
2021-08-20 14:54:00+00:00,442.36,442.35,442.37,2301,600,442.36586349534645,6.495325756416173e-08,0.00019363923520843151
2021-08-20 14:55:00+00:00,442.44,442.44,442.45,700,200,442.4477777777778,7.90901723118662e-08,8.778463886915944e-06
2021-08-20 14:56:00+00:00,442.45,442.44,442.45,300,400,442.44428571428574,7.556848958696885e-08,-0.00029256618211181973
2021-08-20 14:57:00+00:00,442.33,442.33,442.34,100,1500,442.330625,7.181323104525555e-08,0.00021352277408803744
2021-08-20 14:58:00+00:00,442.41,442.4,442.42,1600,500,442.4152380952381,5.839757208764327e-08,-0.00011539664921444981
2021-08-20 14:59:00+00:00,442.35,442.33,442.35,1300,833,442.3421894045945,3.2943668270553157e-08,-0.00038515314511711196
2021-08-20 15:00:00+00:00,442.19,442.18,442.19,600,100,442.18857142857144,8.170195859753702e-08,0.0003054595339224697
2021-08-20 15:01:00+00:00,442.31,442.3,442.32,1800,700,442.3144,4.274788957745942e-08,-0.0003106386685566287
2021-08-20 15:02:00+00:00,442.19,442.19,442.2,800,500,442.19615384615383,6.02515093166338e-08,2.590083189990544e-05
2021-08-20 15:03:00+00:00,442.21,442.18,442.2,1885,500,442.1958071278826,4.995316037456876e-08,7.758451232220409e-05
2021-08-20 15:04:00+00:00,442.23,442.22,442.23,1400,400,442.22777777777776,7.180951311551021e-08,-0.00038516736313376487
2021-08-20 15:05:00+00:00,442.08,442.06,442.07,100,500,442.06166666666667,7.957334340073372e-08,0.00024883406161291255
2021-08-20 15:06:00+00:00,442.18,442.17,442.18,100,300,442.1725,5.314251370046382e-08,-5.653912696057528e-05
2021-08-20 15:07:00+00:00,442.13,442.11,442.12,600,300,442.1166666666667,8.839226517089496e-08,0.00020606535790035352
2021-08-20 15:08:00+00:00,442.23,442.22,442.23,400,700,442.2236363636364,3.880993449131902e-08,0.00024433813885949007
2021-08-20 15:09:00+00:00,442.345,442.34,442.35,800,500,442.34615384615387,3.599014532034349e-08,5.080131815216049e-05
2021-08-20 15:10:00+00:00,442.36,442.36,442.37,545,800,442.3640520446097,5.068814333745047e-08,0.0001560424826871909
2021-08-20 15:11:00+00:00,442.43,442.43,442.44,900,525,442.43631578947367,4.880551263809596e-08,-4.739585787594258e-05
2021-08-20 15:12:00+00:00,442.42,442.41,442.42,600,361,442.416243496358,5.326663216545914e-08,0.00011445409301802378
2021-08-20 15:13:00+00:00,442.47,442.47,442.48,600,3470,442.4714742014742,4.4352487707134165e-08,5.574803695340691e-05
2021-08-20 15:14:00+00:00,442.49,442.49,442.5,200,800,442.492,3.1276498222566875e-08,-2.762136135647797e-05
2021-08-20 15:15:00+00:00,442.465,442.46,442.47,1,800,442.4600124843945,3.970421375112715e-08,-5.989717331866817e-05
2021-08-20 15:16:00+00:00,442.46,442.46,442.47,300,400,442.4642857142857,3.537685175240001e-08,-0.000152586384985276
2021-08-20 15:17:00+00:00,442.39,442.38,442.39,500,400,442.3855555555556,3.938252053264485e-08,-0.00010216092958703626
2021-08-20 15:18:00+00:00,442.35,442.34,442.35,524,100,442.3483974358975,4.243025063269295e-08,6.277886309669078e-05
2021-08-20 15:19:00+00:00,442.38,442.37,442.38,2100,100,442.37954545454545,3.471278910338345e-08,-7.365394282421445e-05
2021-08-20 15:20:00+00:00,442.34,442.33,442.34,829,700,442.3354218443427,3.7416023813231727e-08,0.00017455019605416844
2021-08-20 15:21:00+00:00,442.4,442.4,442.41,200,600,442.4025,2.952188294507824e-08,-6.40780160364729e-05
2021-08-20 15:22:00+00:00,442.37,442.36,442.37,401,500,442.36445061043287,2.1215827678344828e-08,-6.389360051040072e-07
2021-08-20 15:23:00+00:00,442.38,442.39,442.4,100,3720,442.3902617801047,3.397564317618347e-08,0.00019912249899389778
2021-08-20 15:24:00+00:00,442.46,442.45,442.46,100,1500,442.450625,2.1603774777075328e-08,-0.00010939536823895146
2021-08-20 15:25:00+00:00,442.43,442.43,442.44,900,200,442.4381818181818,3.3747120906526804e-08,0.0002092243086824208
2021-08-20 15:26:00+00:00,442.52,442.52,442.53,800,200,442.528,2.7405951832083833e-08,5.1011752476348704e-05
2021-08-20 15:27:00+00:00,442.525,442.51,442.53,1200,1100,442.5204347826087,3.8152575022404575e-08,-0.0003732715797859498
2021-08-20 15:28:00+00:00,442.38,442.36,442.37,100,500,442.3616666666667,5.437953523087148e-08,-0.00044976944245256334
2021-08-20 15:29:00+00:00,442.18,442.17,442.18,1201,200,442.17857244825126,3.7320391076339236e-08,4.409218375989177e-05
2021-08-20 15:30:00+00:00,442.19,442.18,442.19,1500,100,442.189375,7.63924196416447e-08,0.0003422203417302594
2021-08-20 15:31:00+00:00,442.36,442.35,442.36,100,600,442.3514285714286,4.408464234575602e-08,9.20036982314798e-05
2021-08-20 15:32:00+00:00,442.39,442.38,442.39,1113,305,442.38784908321577,3.221515773158284e-08,7.50923930878944e-05
2021-08-20 15:33:00+00:00,442.43,442.41,442.42,900,300,442.4175,4.107620953260886e-08,0.00032793461207569763
2021-08-20 15:34:00+00:00,442.56,442.56,442.57,500,412,442.56548245614033,3.5616036993865835e-08,0.0003003947998387879
2021-08-20 15:35:00+00:00,442.68,442.67,442.68,100,1300,442.67071428571427,3.459995941254743e-08,5.37828359339354e-05
2021-08-20 15:36:00+00:00,442.72,442.72,442.73,98,800,442.7210913140312,2.42146532564389e-08,-0.0003161080411263617
2021-08-20 15:37:00+00:00,442.6,442.59,442.61,1000,2600,442.59555555555556,4.571603025896263e-08,-0.0001335539217738324
2021-08-20 15:38:00+00:00,442.53,442.53,442.54,800,300,442.53727272727275,5.525573449696793e-08,-0.00019395670797939246
2021-08-20 15:39:00+00:00,442.43,442.43,442.44,1000,100,442.4390909090909,8.44478419255089e-08,-0.0002013643461822312
2021-08-20 15:40:00+00:00,442.35,442.34,442.35,100,700,442.34125,8.050243635182209e-08,0.00012754260722447341
2021-08-20 15:41:00+00:00,442.41,442.4,442.41,802,100,442.4088913525499,6.852696306857847e-08,-0.0002315551471504529
2021-08-20 15:42:00+00:00,442.32,442.31,442.33,1800,600,442.325,6.706029675380525e-08,0.00010698913595974524
2021-08-20 15:43:00+00:00,442.35,442.34,442.35,600,90,442.3486956521739,5.684809327922974e-08,-1.6551265323960784e-05
2021-08-20 15:44:00+00:00,442.34,442.34,442.36,900,800,442.35058823529414,6.885363752540932e-08,4.80398334996579e-05
2021-08-20 15:45:00+00:00,442.41,442.41,442.42,300,1900,442.41136363636366,7.229862502877178e-08,-2.651845314827206e-05
2021-08-20 15:46:00+00:00,442.36,442.35,442.37,800,3598,442.3536380172806,5.258608757911808e-08,-0.00011194561920935264
2021-08-20 15:47:00+00:00,442.295,442.3,442.31,100,900,442.301,3.6383565811850395e-08,-0.00011838336679159678
2021-08-20 15:48:00+00:00,442.25,442.25,442.26,600,372,442.2561728395062,3.078248725412646e-08,-2.6266118260509508e-05
2021-08-20 15:49:00+00:00,442.22,442.21,442.23,700,1100,442.21777777777777,3.3490091554469425e-08,0.00013430333229869085
2021-08-20 15:50:00+00:00,442.29,442.3,442.31,100,700,442.30125,1.0134611659042538e-07,0.0002449336418239856
2021-08-20 15:51:00+00:00,442.4,442.4,442.41,100,800,442.4011111111111,3.780979016064061e-08,-0.00033098308434253987
2021-08-20 15:52:00+00:00,442.255,442.24,442.26,700,900,442.24875,4.5841290448772217e-08,-0.0002613209466989508
2021-08-20 15:53:00+00:00,442.15,442.14,442.15,400,600,442.144,8.206604640642663e-08,0.00021090461683215267
2021-08-20 15:54:00+00:00,442.23,442.23,442.24,1000,600,442.23625,6.066571213103762e-08,-0.00011501857800066961
2021-08-20 15:55:00+00:00,442.2,442.18,442.19,600,300,442.18666666666667,6.470346644380154e-08,-0.0002213655602159026
2021-08-20 15:56:00+00:00,442.09,442.08,442.1,700,800,442.08933333333334,5.784353508116572e-08,-0.00015591612843279812
2021-08-20 15:57:00+00:00,442.04,442.05,442.06,1100,100,442.05916666666667,5.516248725333386e-08,0.00041422521570422255
2021-08-20 15:58:00+00:00,442.2,442.18,442.2,700,900,442.18875,9.027196727921451e-08,0.00034901119775665457
2021-08-20 15:59:00+00:00,442.355,442.35,442.36,700,100,442.35875,3.124927856290754e-08,0.00017323508429267775
2021-08-20 16:00:00+00:00,442.43,442.43,442.44,700,90,442.4388607594937,4.816370258855442e-08,-0.0001711126912311567
2021-08-20 16:01:00+00:00,442.355,442.35,442.36,600,999,442.35375234521575,3.9696460432605985e-08,0.00021686424831512952
2021-08-20 16:02:00+00:00,442.45,442.44,442.45,200,500,442.4428571428571,4.1857068316346964e-08,0.00035839169306162155
2021-08-20 16:03:00+00:00,442.61,442.61,442.62,600,100,442.61857142857144,4.1971993535981744e-08,6.907058109661968e-05
2021-08-20 16:04:00+00:00,442.63,442.64,442.65,400,800,442.6433333333333,4.698133075396939e-08,0.0005237780279461202
2021-08-20 16:05:00+00:00,442.861,442.86,442.87,800,700,442.86533333333335,3.8539984588316846e-08,-6.426556616234702e-05
2021-08-20 16:06:00+00:00,442.84,442.84,442.86,1000,800,442.8511111111111,4.9867531875238674e-08,-0.00017273687194940823
2021-08-20 16:07:00+00:00,442.77,442.77,442.78,500,700,442.77416666666664,2.5258161340423665e-08,-1.0138221093525246e-05
2021-08-20 16:08:00+00:00,442.755,442.77,442.79,700,1000,442.7782352941176,2.2692602954186628e-08,-4.852822610423857e-08
2021-08-20 16:09:00+00:00,442.761,442.76,442.77,400,600,442.764,5.1136115285362616e-08,-0.00032197787023779956
2021-08-20 16:10:00+00:00,442.61,442.61,442.62,200,800,442.612,5.8729349837594484e-08,-0.0001893674879437368
2021-08-20 16:11:00+00:00,442.55,442.54,442.56,500,700,442.54833333333335,3.4241209036016965e-08,-5.619046721128118e-05
2021-08-20 16:12:00+00:00,442.52,442.52,442.53,600,800,442.5242857142857,6.095882142489045e-08,-0.000224371711571969
2021-08-20 16:13:00+00:00,442.41,442.41,442.42,700,100,442.41875,3.991390989079539e-08,-0.00015300675663931784
2021-08-20 16:14:00+00:00,442.35,442.35,442.36,200,700,442.3522222222222,3.334067604192443e-08,0.0002890183462307405
2021-08-20 16:15:00+00:00,442.471,442.47,442.48,400,500,442.47444444444443,6.048272558516173e-08,0.0002976768933637963
2021-08-20 16:16:00+00:00,442.6,442.6,442.61,800,100,442.6088888888889,4.361150376689046e-08,6.240101907328821e-05
2021-08-20 16:17:00+00:00,442.63,442.62,442.64,1200,1600,442.62857142857143,3.456255665729807e-08,9.639280066275902e-05
2021-08-20 16:18:00+00:00,442.67,442.66,442.67,513,800,442.66390708301594,3.437544684409416e-08,-0.00016552224939392346
2021-08-20 16:19:00+00:00,442.61,442.59,442.6,800,300,442.59727272727275,2.8274236525990478e-08,5.4840889531559966e-05
2021-08-20 16:20:00+00:00,442.63,442.62,442.63,600,700,442.62461538461537,3.273293882375464e-08,-1.9381888968439398e-05
2021-08-20 16:21:00+00:00,442.64,442.64,442.65,895,100,442.64899497487437,5.2480929691834004e-08,-3.4840512500355914e-05
2021-08-20 16:22:00+00:00,442.6,442.59,442.6,1200,100,442.59923076923076,2.17646526738077e-08,0.00011522741599123698
2021-08-20 16:23:00+00:00,442.66,442.65,442.66,400,600,442.654,2.055320514411993e-08,4.3474511000507476e-05
2021-08-20 16:24:00+00:00,442.67,442.66,442.68,600,1487,442.66574988021085,3.0006042243628676e-08,0.00030482450377955495
2021-08-20 16:25:00+00:00,442.8,442.79,442.81,1400,500,442.8047368421053,3.1066675461391494e-08,-0.00012253669146666812
2021-08-20 16:26:00+00:00,442.76,442.75,442.77,1000,2300,442.7560606060606,1.9113635685362665e-08,2.1257326581203273e-05
2021-08-20 16:27:00+00:00,442.76,442.74,442.76,700,900,442.74875,4.86222771430435e-08,0.0004044646702239252
2021-08-20 16:28:00+00:00,442.94,442.94,442.95,100,628,442.94137362637366,2.3619555418841735e-08,7.174316195701635e-05
2021-08-20 16:29:00+00:00,442.96,442.95,442.97,700,1600,442.95608695652174,6.547086865180954e-08,0.0006330432795236263
2021-08-20 16:30:00+00:00,443.25,443.23,443.24,1000,100,443.2390909090909,5.326544981100102e-08,9.891866282973893e-06
2021-08-20 16:31:00+00:00,443.26,443.25,443.27,1700,700,443.26416666666665,3.237664011654158e-08,3.507081535936152e-05
2021-08-20 16:32:00+00:00,443.28,443.26,443.27,750,100,443.26882352941175,1.9008742273083553e-08,-0.00011581287245587824
2021-08-20 16:33:00+00:00,443.24,443.24,443.25,600,600,443.245,2.5371339633900302e-08,4.041854793968014e-06
2021-08-20 16:34:00+00:00,443.22,443.22,443.23,100,700,443.22125,1.9146187105190922e-08,-0.00011279743870440395
2021-08-20 16:35:00+00:00,443.17,443.17,443.18,300,1000,443.1723076923077,2.3866012146004714e-08,0.00016019550721901865
2021-08-20 16:36:00+00:00,443.24,443.23,443.25,900,1000,443.2394736842105,1.4977948032044117e-08,0.00019597537763904604
2021-08-20 16:37:00+00:00,443.34,443.33,443.34,603,800,443.3342979330007,7.419749220754032e-09,-4.355586556448188e-05
2021-08-20 16:38:00+00:00,443.31,443.3,443.31,501,1000,443.30333777481684,1.3524336132401297e-08,3.590715523005272e-05
2021-08-20 16:39:00+00:00,443.33,443.32,443.33,600,910,443.32397350993375,1.621144212818484e-08,-0.00012200648058979802
2021-08-20 16:40:00+00:00,443.28,443.27,443.28,300,600,443.2733333333333,1.7269011831170747e-08,-1.0444745104698505e-05
2021-08-20 16:41:00+00:00,443.271,443.27,443.28,100,1225,443.2707547169811,3.656826889323115e-08,-7.143220605743128e-05
2021-08-20 16:42:00+00:00,443.23,443.23,443.24,200,2500,443.2307407407407,1.8940127249593948e-08,-0.00015265426504584845
2021-08-20 16:43:00+00:00,443.185,443.18,443.19,100,1600,443.1805882352941,3.1263883812642444e-08,0.00039426114469631734
2021-08-20 16:44:00+00:00,443.35,443.34,443.36,1000,1000,443.35,1.6586471289645704e-08,4.569148034172521e-05
2021-08-20 16:45:00+00:00,443.35,443.34,443.35,500,600,443.3445454545455,2.6355515201685684e-08,-3.4207508780803586e-05
2021-08-20 16:46:00+00:00,443.35,443.35,443.37,1300,2900,443.3561904761905,1.6876581901154715e-08,0.00017837313959012668
2021-08-20 16:47:00+00:00,443.445,443.44,443.45,300,800,443.44272727272727,1.805311346262472e-08,9.34063365098936e-06
2021-08-20 16:48:00+00:00,443.439,443.43,443.44,601,744,443.434468401487,8.197124249064399e-09,4.322614391805146e-05
2021-08-20 16:49:00+00:00,443.46,443.45,443.46,600,900,443.454,1.1997870619855155e-08,0.00012992031553982208
2021-08-20 16:50:00+00:00,443.5,443.5,443.51,100,1500,443.500625,2.3406861492683478e-08,-0.00019286030351151062
2021-08-20 16:51:00+00:00,443.42,443.42,443.43,1100,100,443.4291666666667,1.9791156052837487e-08,-7.302452550161931e-05
2021-08-20 16:52:00+00:00,443.395,443.39,443.4,800,500,443.3961538461538,1.7650353417406712e-08,0.00031704574751656445
2021-08-20 16:53:00+00:00,443.5,443.53,443.54,1500,479,443.5375795856493,2.0226879071909227e-08,-0.00016284836442670425
2021-08-20 16:54:00+00:00,443.46,443.45,443.47,2300,600,443.4658620689655,1.6163303199093147e-08,9.380142545811765e-06
2021-08-20 16:55:00+00:00,443.46,443.46,443.47,100,700,443.46125,2.1559515569846455e-08,-6.390631171482308e-05
2021-08-20 16:56:00+00:00,443.44,443.43,443.45,900,1000,443.43947368421055,1.9274622847399816e-08,-0.00010122197810302769
2021-08-20 16:57:00+00:00,443.38,443.37,443.38,543,465,443.3753869047619,2.5586327340082752e-08,-0.0002104876395605526
2021-08-20 16:58:00+00:00,443.3,443.29,443.31,700,716,443.29988700564974,2.611782242969095e-08,-5.4784014024700234e-05
2021-08-20 16:59:00+00:00,443.28,443.27,443.28,600,500,443.2754545454545,1.79462077245537e-08,-8.897301145727177e-05
2021-08-20 17:00:00+00:00,443.22,443.21,443.22,724,700,443.21508426966295,9.724827617654828e-08,-2.2027535169333312e-05
2021-08-20 17:01:00+00:00,443.235,443.23,443.24,900,5,443.23994475138124,2.9948315302268355e-08,6.137480879631063e-05
2021-08-20 17:02:00+00:00,443.25,443.25,443.26,100,1000,443.2509090909091,3.073723762621141e-08,0.0001954405940391979
2021-08-20 17:03:00+00:00,443.34,443.34,443.35,600,700,443.3446153846154,2.344662916639635e-08,-5.309007844023217e-05
2021-08-20 17:04:00+00:00,443.31,443.3,443.32,2100,807,443.31444788441695,1.0096003331757124e-08,-5.850466245904684e-07
2021-08-20 17:05:00+00:00,443.32,443.31,443.33,1100,700,443.3222222222222,1.5752518431301733e-08,6.767184418943195e-05
2021-08-20 17:06:00+00:00,443.35,443.34,443.35,700,400,443.34636363636366,3.859129853067491e-08,-5.503755024260926e-05
2021-08-20 17:07:00+00:00,443.34,443.34,443.35,900,300,443.3475,2.400251771556032e-08,0.0001544951232204106
2021-08-20 17:08:00+00:00,443.38,443.37,443.38,100,700,443.37125,1.5725769192745474e-08,-9.209220339023716e-05
2021-08-20 17:09:00+00:00,443.36,443.34,443.35,1300,100,443.3492857142857,2.0894986633347504e-08,-5.8097729950912225e-05
2021-08-20 17:10:00+00:00,443.32,443.32,443.33,200,600,443.3225,6.510347139276851e-09,0.00014170360118015424
2021-08-20 17:11:00+00:00,443.38,443.38,443.39,300,600,443.3833333333333,1.749504637255107e-08,7.257666235260807e-05
2021-08-20 17:12:00+00:00,443.425,443.43,443.44,4,810,443.43004914004916,1.4241239141135604e-08,-5.2203858992738716e-05
2021-08-20 17:13:00+00:00,443.4,443.39,443.41,700,1800,443.3956,1.522060149054979e-08,5.2206584377767484e-06
2021-08-20 17:14:00+00:00,443.4,443.4,443.41,600,500,443.4054545454545,1.3706155376605354e-08,0.00023653934084211237
2021-08-20 17:15:00+00:00,443.5,443.5,443.51,100,1700,443.50055555555554,1.7240040308501314e-08,3.808912571612311e-05
2021-08-20 17:16:00+00:00,443.53,443.51,443.52,1200,6,443.5199502487563,1.3358139650317472e-08,-0.00020316344526016827
2021-08-20 17:17:00+00:00,443.42,443.43,443.44,600,2100,443.4322222222222,1.9942232784831975e-08,-3.527275383463646e-05
2021-08-20 17:18:00+00:00,443.41,443.4,443.42,1500,518,443.41486620416254,1.3205341200540416e-08,-2.0893768928997858e-05
2021-08-20 17:19:00+00:00,443.4,443.39,443.4,200,800,443.392,1.8587965805181992e-08,2.8556238519827915e-05
2021-08-20 17:20:00+00:00,443.419,443.41,443.42,800,400,443.4166666666667,3.1132231978825994e-08,9.252159511863312e-07
2021-08-20 17:21:00+00:00,443.42,443.4,443.42,1800,600,443.415,1.1564582006574913e-08,-7.517372648147003e-06
2021-08-20 17:22:00+00:00,443.41,443.4,443.42,1650,800,443.41346938775513,1.5069587457477194e-08,-6.469923491481122e-05
2021-08-20 17:23:00+00:00,443.38,443.37,443.38,2186,100,443.37956255468066,1.1560908591686427e-08,-9.373664931122683e-05
2021-08-20 17:24:00+00:00,443.31,443.31,443.32,800,600,443.3157142857143,1.702026351007299e-08,6.860741054026676e-05
2021-08-20 17:25:00+00:00,443.37,443.37,443.38,800,200,443.378,2.7072523162275932e-08,-0.0001996996517238392
2021-08-20 17:26:00+00:00,443.29,443.28,443.29,1400,500,443.28736842105263,2.6673290235512247e-08,6.50132619222088e-05
2021-08-20 17:27:00+00:00,443.32,443.31,443.32,700,100,443.31875,1.6869672269551754e-08,2.3810538293478345e-05
2021-08-20 17:28:00+00:00,443.335,443.32,443.33,500,500,443.325,1.4497477997000555e-08,-0.00018038725297786495
2021-08-20 17:29:00+00:00,443.24,443.24,443.25,506,600,443.24457504520797,2.6261272853104367e-08,-6.874195739536848e-05
2021-08-20 17:30:00+00:00,443.21,443.21,443.22,413,2700,443.21132669450697,2.339042558268989e-08,6.155176154853947e-05
2021-08-20 17:31:00+00:00,443.25,443.24,443.25,699,3098,443.2418409270477,2.6283210212936538e-08,0.00018146256241702297
2021-08-20 17:32:00+00:00,443.33,443.32,443.33,600,1600,443.32272727272726,2.1438611351332577e-08,-0.00014662019934197357
2021-08-20 17:33:00+00:00,443.26,443.26,443.28,900,1100,443.269,1.49676222313738e-08,-0.00018456534700728167
2021-08-20 17:34:00+00:00,443.17,443.16,443.17,1900,337,443.16849351810464,1.4127450360936135e-08,-2.5865138936209675e-05
2021-08-20 17:35:00+00:00,443.16,443.15,443.16,1400,100,443.15933333333334,1.3681773736186735e-08,-0.00012639289191529457
2021-08-20 17:36:00+00:00,443.105,443.09,443.1,501,600,443.09455040871933,1.9926046475982807e-08,-0.00030173571684000144
2021-08-20 17:37:00+00:00,442.98,442.97,442.98,200,800,442.972,2.0833573370919962e-08,7.02047547720408e-05
2021-08-20 17:38:00+00:00,443.01,443.01,443.03,1100,800,443.0215789473684,2.2397098291268303e-08,0.0002045469146927381
2021-08-20 17:39:00+00:00,443.1,443.09,443.1,800,100,443.0988888888889,3.4418867104902396e-08,-0.00032847386242595977
2021-08-20 17:40:00+00:00,442.95,442.94,442.96,400,4700,442.941568627451,1.8952222937459986e-08,-8.243619831616034e-05
2021-08-20 17:41:00+00:00,442.92,442.91,442.92,320,700,442.913137254902,3.2873581321310907e-08,0.00025365270846977594
2021-08-20 17:42:00+00:00,443.03,443.02,443.03,1000,600,443.02625,1.9213364611192278e-08,9.693568153812393e-05
2021-08-20 17:43:00+00:00,443.07,443.06,443.08,500,1500,443.065,2.15233624447534e-08,-0.0001459936962290298
2021-08-20 17:44:00+00:00,443.02,443.01,443.02,602,598,443.01501666666667,2.7421824718990744e-08,2.3599183263112167e-05
2021-08-20 17:45:00+00:00,443.01,443.01,443.03,900,1295,443.0182004555808,1.8656355098889792e-08,-2.203515628562691e-05
2021-08-20 17:46:00+00:00,443.03,443.0,443.01,1000,1100,443.0047619047619,1.1267287942863697e-08,-8.838022482238195e-05
2021-08-20 17:47:00+00:00,442.97,442.95,442.97,900,779,442.96072066706375,2.1165905511738117e-08,-9.035587142003365e-05
2021-08-20 17:48:00+00:00,442.935,442.92,442.93,800,200,442.928,2.1910395536661635e-08,-0.00012309001176558088
2021-08-20 17:49:00+00:00,442.85,442.84,442.85,555,617,442.8447354948805,1.9413076732995417e-08,-7.263016266267908e-05
2021-08-20 17:50:00+00:00,442.84,442.83,442.84,900,100,442.839,2.6677346350528137e-08,0.00015822767441231456
2021-08-20 17:51:00+00:00,442.91,442.89,442.91,1100,900,442.901,1.516082262155678e-08,0.0001572476394895439
2021-08-20 17:52:00+00:00,442.98,442.97,442.98,1000,100,442.9790909090909,1.3455857689007479e-08,-6.405860673552866e-05
2021-08-20 17:53:00+00:00,442.95,442.95,442.96,100,1800,442.9505263157895,2.321500360603012e-08,-0.00021611152540190748
2021-08-20 17:54:00+00:00,442.85,442.84,442.86,900,1303,442.84817067635043,4.049278535821245e-08,0.00013492051612806755
2021-08-20 17:55:00+00:00,442.91,442.91,442.92,1000,207,442.9182850041425,4.164510759922084e-08,-0.0002477627075948563
2021-08-20 17:56:00+00:00,442.79,442.8,442.81,100,1100,442.80083333333334,3.5792575935451006e-08,-0.00013447331115379324
2021-08-20 17:57:00+00:00,442.75,442.74,442.75,600,700,442.7446153846154,4.502964068292529e-08,5.7321396794041135e-05
2021-08-20 17:58:00+00:00,442.77,442.77,442.78,100,1000,442.7709090909091,1.6354114735887023e-08,-7.371935694666654e-05
2021-08-20 17:59:00+00:00,442.74,442.73,442.75,902,1500,442.73751040799334,2.0434638754462292e-08,9.841516812891804e-05
2021-08-20 18:00:00+00:00,442.79,442.78,442.79,500,2400,442.781724137931,9.558858349790878e-08,0.00020094783017432505
2021-08-20 18:01:00+00:00,442.86,442.84,442.85,953,300,442.8476057462091,2.78073096955081e-08,7.005196389742174e-05
2021-08-20 18:02:00+00:00,442.9,442.89,442.9,600,600,442.895,3.862872708376342e-08,0.00019511575519892688
2021-08-20 18:03:00+00:00,443.01,443.01,443.02,1100,200,443.01846153846157,5.385836516226337e-08,0.00015801775955437414
2021-08-20 18:04:00+00:00,443.05,443.05,443.06,600,300,443.0566666666667,4.2187359452682615e-08,-6.29021634753757e-05
2021-08-20 18:05:00+00:00,443.03,443.02,443.04,905,3400,443.0242044134727,2.1496711609379293e-08,0.00024252543823322092
2021-08-20 18:06:00+00:00,443.12,443.12,443.14,10400,2300,443.1363779527559,1.4186226350840347e-08,7.129012722373318e-07
2021-08-20 18:07:00+00:00,443.14,443.13,443.14,1100,1099,443.1350022737608,9.944211561178583e-09,0.00011868114144886199
2021-08-20 18:08:00+00:00,443.19,443.18,443.19,200,900,443.1818181818182,1.7814504059014948e-08,-0.00012748463415301892
2021-08-20 18:09:00+00:00,443.13,443.14,443.15,500,510,443.1449504950495,2.1456767069269322e-08,5.419386118621361e-05
2021-08-20 18:10:00+00:00,443.17,443.16,443.17,800,200,443.168,1.7089610798248198e-08,2.5126213644366402e-05
2021-08-20 18:11:00+00:00,443.17,443.16,443.17,300,1000,443.1623076923077,2.0198540942130124e-08,-5.4002136541719814e-05
2021-08-20 18:12:00+00:00,443.15,443.14,443.15,500,500,443.145,1.2044659370219784e-08,-0.00011369770990243833
2021-08-20 18:13:00+00:00,443.11,443.11,443.12,1400,600,443.117,1.637605655282755e-08,0.00012015980876434185
2021-08-20 18:14:00+00:00,443.15,443.14,443.16,701,1000,443.14824221046445,3.685369133314771e-08,-0.00021793055821694995
2021-08-20 18:15:00+00:00,443.06,443.05,443.06,400,1000,443.05285714285714,3.761678658743367e-08,-0.00019843434362432077
2021-08-20 18:16:00+00:00,442.961,442.96,442.97,900,100,442.969,1.5429120146228877e-08,0.00021186835265862847
2021-08-20 18:17:00+00:00,443.06,443.06,443.08,1100,400,443.07466666666664,2.7298133452351232e-08,7.877079639295737e-05
2021-08-20 18:18:00+00:00,443.09,443.08,443.09,700,400,443.0863636363636,2.2067183926466917e-08,7.475044724758462e-05
2021-08-20 18:19:00+00:00,443.13,443.12,443.13,821,500,443.12621498864496,1.3303813736143028e-08,-0.00014763020946673144
2021-08-20 18:20:00+00:00,443.06,443.05,443.06,2500,200,443.05925925925925,3.6528717211232e-08,-0.0003658648790576535
2021-08-20 18:21:00+00:00,442.91,442.9,442.91,200,700,442.90222222222224,5.113616237476097e-08,-7.781948706686581e-05
2021-08-20 18:22:00+00:00,442.869,442.87,442.88,100,1100,442.87083333333334,2.3123080189690537e-08,-5.924348787089695e-05
2021-08-20 18:23:00+00:00,442.84,442.83,442.84,1100,244,442.83818452380956,4.985511235115127e-08,-0.00030274372481109424
2021-08-20 18:24:00+00:00,442.68,442.67,442.69,1000,1003,442.6799850224663,3.9423417874441384e-08,-0.00030274092884652326
2021-08-20 18:25:00+00:00,442.6,442.62,442.64,600,2400,442.624,7.095642913656805e-08,0.00040470980257101274
2021-08-20 18:26:00+00:00,442.75,442.74,442.76,700,1300,442.747,4.5720333350486205e-08,0.00018544450810842328
2021-08-20 18:27:00+00:00,442.83,442.82,442.83,1000,100,442.8290909090909,2.998678983998812e-08,-0.00029004159746148783
2021-08-20 18:28:00+00:00,442.69,442.7,442.71,600,400,442.706,3.28132908138818e-08,-7.247998930037802e-05
2021-08-20 18:29:00+00:00,442.66,442.67,442.69,1800,700,442.6844,4.522999334295365e-08,-6.49468000993858e-05
2021-08-20 18:30:00+00:00,442.65,442.65,442.66,400,1600,442.652,4.501122501824825e-08,-0.00010997495375897337
2021-08-20 18:31:00+00:00,442.6,442.59,442.6,401,1000,442.5928622412562,4.877755211095011e-08,3.4064082470752766e-05
2021-08-20 18:32:00+00:00,442.61,442.6,442.62,2000,1000,442.61333333333334,3.2381945111826683e-08,1.2847212531363894e-05
2021-08-20 18:33:00+00:00,442.61,442.62,442.63,200,600,442.6225,3.7933241021646027e-08,9.413784793244062e-06
2021-08-20 18:34:00+00:00,442.63,442.62,442.64,1600,519,442.63510146295425,2.6455560625451614e-08,-6.669567385375608e-06
2021-08-20 18:35:00+00:00,442.61,442.6,442.62,1601,600,442.61454793275783,3.546564539575019e-08,5.298530595454487e-05
2021-08-20 18:36:00+00:00,442.63,442.62,442.64,800,1800,442.62615384615384,2.1023177661590673e-08,0.0002008671805950879
2021-08-20 18:37:00+00:00,442.725,442.72,442.74,900,1515,442.7274534161491,3.0116589579819664e-08,2.017413468724527e-06
2021-08-20 18:38:00+00:00,442.72,442.72,442.73,411,900,442.7231350114417,1.5541143472670096e-08,9.781744074310872e-05
2021-08-20 18:39:00+00:00,442.78,442.77,442.78,100,1200,442.77076923076925,4.0485836181922994e-08,-0.0001731519169673179
2021-08-20 18:40:00+00:00,442.7,442.7,442.71,300,1400,442.70176470588234,4.699220747634967e-08,3.262847461882323e-05
2021-08-20 18:41:00+00:00,442.74,442.72,442.73,800,300,442.72727272727275,3.380107666684894e-08,0.0002494741967382641
2021-08-20 18:42:00+00:00,442.81,442.8,442.82,1200,2400,442.8066666666667,2.7458717962709058e-08,4.216618867403099e-05
2021-08-20 18:43:00+00:00,442.84,442.83,442.85,700,799,442.83933955970645,2.1113159348358787e-08,-0.00023744166662953425
2021-08-20 18:44:00+00:00,442.73,442.72,442.73,465,900,442.72340659340654,4.281968038327321e-08,-0.00012657511213554073
2021-08-20 18:45:00+00:00,442.67,442.66,442.67,100,2300,442.66041666666666,8.029506362562504e-08,-0.0003015401823684982
2021-08-20 18:46:00+00:00,442.53,442.54,442.56,600,2200,442.5442857142857,5.628093112661013e-08,5.4399359928680724e-05
2021-08-20 18:47:00+00:00,442.56,442.53,442.55,700,1100,442.53777777777776,3.109345697349011e-08,-3.83057172063106e-05
2021-08-20 18:48:00+00:00,442.56,442.55,442.57,900,2400,442.55545454545455,1.899473605289389e-08,0.00014762068883311663
2021-08-20 18:49:00+00:00,442.61,442.59,442.6,88,900,442.5908906882591,1.9667430265595398e-08,-0.0001397829075792112
2021-08-20 18:50:00+00:00,442.555,442.55,442.56,19,1200,442.5501558654635,2.7820000102942148e-08,0.00016383990492707667
2021-08-20 18:51:00+00:00,442.64,442.63,442.64,200,765,442.63207253886014,2.8627926536480844e-08,0.0002348067675821408
2021-08-20 18:52:00+00:00,442.73,442.72,442.73,524,400,442.725670995671,2.1497740723109944e-08,-2.338601286921982e-05
2021-08-20 18:53:00+00:00,442.715,442.71,442.72,100,3600,442.71027027027026,1.0987283516476742e-08,-9.913519015114503e-05
2021-08-20 18:54:00+00:00,442.68,442.66,442.67,95,3000,442.6603069466882,1.5983988021171697e-08,7.653006740770962e-05
2021-08-20 18:55:00+00:00,442.705,442.7,442.71,1000,1,442.70999000999,3.379895732185759e-08,8.392391600242632e-05
2021-08-20 18:56:00+00:00,442.74,442.73,442.74,100,1700,442.73055555555555,1.917297089321205e-08,7.528751765217834e-05
2021-08-20 18:57:00+00:00,442.78,442.78,442.79,767,1000,442.7843406904357,1.7207793785503883e-08,-1.8641219967419076e-05
2021-08-20 18:58:00+00:00,442.77,442.77,442.78,700,500,442.7758333333333,2.3789853209783283e-08,6.937868435752392e-06
2021-08-20 18:59:00+00:00,442.8,442.8,442.81,700,700,442.805,2.7165076280348874e-08,0.0001244417544299381
2021-08-20 19:00:00+00:00,442.83,442.83,442.84,100,800,442.8311111111111,4.6703975229409994e-08,3.384280911888915e-05
2021-08-20 19:01:00+00:00,442.85,442.85,442.86,99,1500,442.85061913696063,2.0519783424712502e-08,2.9249163134403844e-05
2021-08-20 19:02:00+00:00,442.875,442.86,442.88,1600,502,442.8752235965747,3.67358597195224e-08,0.00032829369113329676
2021-08-20 19:03:00+00:00,443.015,443.0,443.02,900,2100,443.006,3.3781504181036304e-08,-0.00022197627288866872
2021-08-20 19:04:00+00:00,442.91,442.9,442.91,600,500,442.9054545454545,2.2050466113298815e-08,-9.177529714299304e-05
2021-08-20 19:05:00+00:00,442.86,442.85,442.87,601,900,442.85800799467023,3.625246871791499e-08,-8.166243668839002e-05
2021-08-20 19:06:00+00:00,442.82,442.83,442.84,500,400,442.8355555555556,3.010067917433162e-08,-0.00019795998568816753
2021-08-20 19:07:00+00:00,442.74,442.73,442.74,300,400,442.7342857142857,3.350826444002539e-08,2.2039020016517696e-05
2021-08-20 19:08:00+00:00,442.75,442.74,442.76,700,1100,442.7477777777778,2.6796009879581482e-08,0.0002211284347504172
2021-08-20 19:09:00+00:00,442.85,442.84,442.85,500,600,442.8445454545455,3.231693028103079e-08,0.0001274218210673972
2021-08-20 19:10:00+00:00,442.91,442.89,442.9,500,500,442.895,2.9429614419729957e-08,5.7281742970705096e-05
2021-08-20 19:11:00+00:00,442.94,442.93,442.94,600,1100,442.9335294117647,2.6674133557575555e-08,0.00021364448220251298
2021-08-20 19:12:00+00:00,443.02,443.02,443.03,600,500,443.0254545454545,2.5978465056054316e-08,0.0002108293103981751
2021-08-20 19:13:00+00:00,443.11,443.11,443.12,9169,1901,443.11828274616084,2.2123030614968818e-08,3.848156635632982e-05
2021-08-20 19:14:00+00:00,443.13,443.13,443.14,200,700,443.1322222222222,1.4134922190106293e-08,-1.6070057243577907e-05
2021-08-20 19:15:00+00:00,443.15,443.15,443.16,301,570,443.1534557979335,3.084230417917479e-08,0.0001760896272267054
2021-08-20 19:16:00+00:00,443.22,443.22,443.23,600,1903,443.2223971234519,1.3586780521283502e-08,-6.098807519039351e-05
2021-08-20 19:17:00+00:00,443.19,443.17,443.19,900,1100,443.179,1.7284348499473196e-08,-8.935654318120712e-05
2021-08-20 19:18:00+00:00,443.14,443.13,443.14,10000,2875,443.13776699029125,2.0607596113297044e-08,-9.70295892690487e-05
2021-08-20 19:19:00+00:00,443.1,443.09,443.11,660,1800,443.09536585365856,1.1138213136997448e-08,-1.8802513944926602e-05
2021-08-20 19:20:00+00:00,443.081,443.08,443.09,10000,1400,443.0887719298246,3.1256799071696394e-08,0.0002398241626635489
2021-08-20 19:21:00+00:00,443.19,443.18,443.19,1100,400,443.18733333333336,1.7907975034979787e-08,7.15192940732301e-05
2021-08-20 19:22:00+00:00,443.23,443.22,443.23,500,500,443.225,1.6630535096074685e-08,0.0001736577588440369
2021-08-20 19:23:00+00:00,443.31,443.3,443.31,10500,100,443.30990566037735,2.7272139390978248e-08,4.130467990259845e-05
2021-08-20 19:24:00+00:00,443.32,443.32,443.33,400,1425,443.3221917808219,2.042184546440971e-08,6.989900845533192e-05
2021-08-20 19:25:00+00:00,443.36,443.35,443.36,1400,540,443.3572164948454,1.78185591603004e-08,-0.00012322376152995584
2021-08-20 19:26:00+00:00,443.3,443.29,443.31,800,1150,443.29820512820515,2.952780175788422e-08,8.741298178627233e-06
2021-08-20 19:27:00+00:00,443.31,443.3,443.31,100,1100,443.30083333333334,9.823237831410203e-09,-9.754644364523557e-05
2021-08-20 19:28:00+00:00,443.24,443.24,443.26,800,2000,443.2457142857143,2.494818210148045e-08,0.0002696637536538926
2021-08-20 19:29:00+00:00,443.38,443.37,443.38,600,625,443.37489795918367,1.2878320059005907e-08,-1.7898925198323035e-05
2021-08-20 19:30:00+00:00,443.365,443.36,443.37,2085,639,443.36765418502205,2.0345648340967368e-08,-0.00036890299799052784
2021-08-20 19:31:00+00:00,443.209,443.2,443.21,200,1700,443.20105263157893,3.406240428914615e-08,0.00022750861148312929
2021-08-20 19:32:00+00:00,443.31,443.3,443.31,10501,1200,443.30897444662844,3.146074102381492e-08,-0.00025903765069024143
2021-08-20 19:33:00+00:00,443.195,443.19,443.2,400,1100,443.19266666666664,4.019481220063352e-08,0.00040497465823419176
2021-08-20 19:34:00+00:00,443.379,443.37,443.38,601,700,443.3746195234435,1.3624306353649515e-08,0.00024515777454436893
2021-08-20 19:35:00+00:00,443.47,443.47,443.48,6,1750,443.47003416856495,3.196376947106635e-08,-2.6958787175179744e-05
2021-08-20 19:36:00+00:00,443.46,443.45,443.46,10000,1000,443.4590909090909,2.134694299595281e-08,-4.766560160684996e-06
2021-08-20 19:37:00+00:00,443.46,443.45,443.47,867,2176,443.4556983240223,1.8062316123006334e-08,0.00012555375759748522
2021-08-20 19:38:00+00:00,443.52,443.52,443.53,500,1030,443.5232679738562,1.1182292752579457e-08,2.842303274719349e-05
2021-08-20 19:39:00+00:00,443.53,443.52,443.54,1800,620,443.5348760330578,3.38482097147649e-08,-9.257496113501684e-05
2021-08-20 19:40:00+00:00,443.5,443.49,443.51,600,1750,443.49510638297875,2.6459141238468442e-08,-1.6535360869207594e-05
2021-08-20 19:41:00+00:00,443.48,443.48,443.49,600,500,443.48545454545456,2.0482903744402287e-08,-0.0002828306155143734
2021-08-20 19:42:00+00:00,443.35,443.34,443.35,220,1200,443.34154929577466,2.608149467331927e-08,0.00023581237135417155
2021-08-20 19:43:00+00:00,443.46,443.46,443.47,500,610,443.4645045045045,1.4690598468442926e-08,0.00015554025385688952
2021-08-20 19:44:00+00:00,443.53,443.52,443.54,700,5000,443.52245614035087,1.2419046860757596e-08,0.00019061063602121564
2021-08-20 19:45:00+00:00,443.605,443.6,443.61,6000,1770,443.60772200772203,2.5612387704387608e-08,-6.958325939587784e-05
2021-08-20 19:46:00+00:00,443.59,443.58,443.59,2300,2900,443.5844230769231,1.3745086665500965e-08,3.254109117256654e-05
2021-08-20 19:47:00+00:00,443.61,443.6,443.61,1508,98,443.6093897882939,1.880063198030886e-08,0.00014531603637935042
2021-08-20 19:48:00+00:00,443.67,443.67,443.68,1386,3300,443.67295774647886,2.1963511637544633e-08,1.2321544220039726e-05
2021-08-20 19:49:00+00:00,443.68,443.68,443.69,100,6300,443.68015625,8.220086592340495e-08,-0.00043824542035220126
2021-08-20 19:50:00+00:00,443.49,443.49,443.5,200,132,443.4960240963855,3.23612988168979e-07,3.939517132822701e-05
2021-08-20 19:51:00+00:00,443.535,443.53,443.54,3900,200,443.539512195122,5.392548307655634e-08,-3.897431483546043e-05
2021-08-20 19:52:00+00:00,443.48,443.47,443.48,700,2220,443.47239726027397,2.5225675467223737e-08,5.102407675350307e-05
2021-08-20 19:53:00+00:00,443.51,443.52,443.53,300,900,443.5225,3.263980511984765e-08,-0.00010403692664895381
2021-08-20 19:54:00+00:00,443.46,443.45,443.46,200,790,443.4520202020202,2.983840685797182e-08,-1.9409859165597787e-05
2021-08-20 19:55:00+00:00,443.45,443.45,443.46,700,800,443.45466666666664,8.69482189721223e-08,-7.626597847532057e-05
2021-08-20 19:56:00+00:00,443.4,443.39,443.4,10290,2400,443.39810874704494,2.2551764935407293e-08,0.0002611366976874585
2021-08-20 19:57:00+00:00,443.52,443.51,443.53,2200,1500,443.52189189189187,2.973096712615079e-08,0.00026895252585990015
2021-08-20 19:58:00+00:00,443.65,443.64,443.66,1750,3800,443.6463063063063,6.485709972649456e-08,-0.0004739973445568868
2021-08-20 19:59:00+00:00,443.44,443.44,443.45,1100,628,443.44636574074076,1.6785984598527845e-07,-0.0003060941423856933
2021-08-20 20:00:00+00:00,443.33,443.32,443.33,700,7800,443.32082352941177,1.328084967633387e-07,-0.00021746705690683932
2021-08-20 20:01:00+00:00,443.22,443.2,443.22,600,1700,443.20521739130436,2.66143080663433e-08,2.384939060351421e-05
2021-08-20 20:02:00+00:00,443.21,443.21,443.22,900,100,443.219,1.6555452456953774e-08,5.888436938783492e-05
2021-08-20 20:03:00+00:00,443.25,443.23,443.24,1100,400,443.2373333333333,1.1546434328251885e-08,-8.80222486061566e-05
2021-08-20 20:04:00+00:00,443.23,443.2,443.22,700,4100,443.2029166666667,2.3855830025306195e-08,3.9228901666854554e-05
2021-08-20 20:05:00+00:00,443.24,443.22,443.23,25,800,443.22030303030306,2.0025968599787762e-08,-7.266768238645138e-05
2021-08-20 20:06:00+00:00,443.19,443.18,443.2,800,400,443.1933333333333,5.747446977995224e-08,-4.802035864837073e-05
2021-08-20 20:07:00+00:00,443.18,443.15,443.18,2040,1400,443.1677906976745,1.8112585891077243e-08,-0.00010038568794890068
2021-08-20 20:08:00+00:00,443.12,443.12,443.14,250,1900,443.12232558139533,9.164704805842118e-09,-1.7089479015575115e-05
2021-08-20 20:09:00+00:00,443.14,443.11,443.12,500,552,443.114752851711,1.4219858407176234e-08,-5.8881890571793605e-05
2021-08-20 20:10:00+00:00,443.09,443.07,443.09,1900,100,443.089,6.4153290019684025e-09,-8.782308298860286e-05
2021-08-20 20:11:00+00:00,443.04,443.04,443.05,23210,600,443.0497480050399,1.0498607253738208e-08,-9.708420704890308e-05
2021-08-20 20:12:00+00:00,443.0,443.0,443.01,6188,2600,443.00704142011836,3.362425054421454e-08,0.00020705479097626878
2021-08-20 20:13:00+00:00,443.11,443.08,443.1,300,1025,443.0845283018868,1.799151089723738e-08,0.00013016849003988362
2021-08-20 20:14:00+00:00,443.155,443.15,443.16,2385,1600,443.1559849435383,2.317331780398525e-08,-0.00014514255509712193
2021-08-20 20:15:00+00:00,443.06,443.07,443.1,1600,600,443.09181818181816,2.682702695854277e-08,0.00012002437418057177
2021-08-20 20:16:00+00:00,443.13,443.13,443.15,600,200,443.145,9.75296555776601e-09,5.3707025917004714e-05
2021-08-20 20:17:00+00:00,443.18,443.15,443.18,100,500,443.155,9.315358480906092e-09,-4.2198345413857474e-05
2021-08-20 20:18:00+00:00,443.14,443.15,443.16,10,1000,443.15009900990094,3.0962127387096626e-09,4.436053181344768e-05
2021-08-20 20:19:00+00:00,443.17,443.16,443.17,3700,92,443.1697573839662,4.075941184628834e-09,6.045353088635075e-05
2021-08-20 20:20:00+00:00,443.2,443.19,443.2,2070,1091,443.19654856058213,5.33935487493408e-09,9.375623304541669e-05
2021-08-20 20:21:00+00:00,443.25,443.25,443.26,3339,500,443.2586975774941,5.645018812151743e-09,-8.46208162075257e-06
2021-08-20 20:22:00+00:00,443.24,443.23,443.24,1540,2000,443.2343502824859,3.66713195787567e-09,7.898460904653959e-05
2021-08-20 20:23:00+00:00,443.25,443.25,443.26,3020,1000,443.25751243781093,3.898333047764526e-09,-5.2110963646878616e-05
2021-08-20 20:24:00+00:00,443.25,443.24,443.25,2000,1195,443.2462597809077,2.661167403784057e-09,5.094262114258008e-05
2021-08-20 20:25:00+00:00,443.25,443.24,443.27,2486,100,443.26883990719256,2.7753728899603925e-09,-3.828489388180145e-06
2021-08-20 20:26:00+00:00,443.25,443.25,443.27,600,100,443.26714285714286,4.398650567019655e-09,-3.303393310061242e-05
2021-08-20 20:27:00+00:00,443.25,443.25,443.28,100,1100,443.2525,1.2681581033564486e-08,-7.569642941462895e-06
2021-08-20 20:28:00+00:00,443.32,443.23,443.26,1940,1200,443.2485350318471,7.366585042108373e-10,2.5284874136666247e-06
2021-08-20 20:29:00+00:00,443.25,443.25,443.26,3,210,443.2501408450704,4.834395779291137e-10,-4.730935817542914e-06
2021-08-20 20:30:00+00:00,443.25,443.24,443.25,223,50,443.2481684981685,6.300001201663346e-10,4.1320009007694836e-06
2021-08-20 20:31:00+00:00,443.24,443.23,443.26,1405,1100,443.24682634730533,9.164435043252879e-09,3.760105282935022e-05
2021-08-20 20:32:00+00:00,443.23,443.25,443.27,500,100,443.26666666666665,3.3123324550102407e-09,-5.883237638559802e-05
2021-08-20 20:33:00+00:00,443.23,443.22,443.24,2003,1888,443.2302955538422,7.717101187875671e-09,2.8284333697392583e-05
2021-08-20 20:34:00+00:00,443.25,443.25,443.26,400,1100,443.25266666666664,3.665947716890697e-12,-1.0846381071072386e-07
2021-08-20 20:35:00+00:00,443.26,443.25,443.26,400,900,443.25307692307695,3.41163303547008e-09,3.806702436537357e-05
2021-08-20 20:36:00+00:00,443.28,443.26,443.27,200,1,443.2699502487562,1.0385633572681227e-08,-1.724131411162677e-05
2021-08-20 20:37:00+00:00,443.28,443.26,443.29,100,100,443.275,9.66953750182809e-09,6.414126691800526e-05
2021-08-20 20:38:00+00:00,443.26,443.29,443.3,200,2506,443.2907390983001,1.1034810112167127e-08,-6.30918074661091e-05
2021-08-20 20:39:00+00:00,443.28,443.26,443.29,115,1130,443.2627710843374,3.205941928373625e-09,-5.656673236154042e-06
2021-08-20 20:40:00+00:00,443.27,443.26,443.27,65,2400,443.2602636916836,8.242812288501383e-09,3.4856709017816456e-05
2021-08-20 20:41:00+00:00,443.25,443.25,443.29,600,1130,443.26387283236994,7.413025590575041e-09,-3.442494088434778e-05
2021-08-20 20:42:00+00:00,443.27,443.25,443.27,600,2100,443.25444444444446,4.8895392015998945e-09,7.485851228450358e-05
2021-08-20 20:43:00+00:00,443.3,443.28,443.31,600,600,443.295,1.622861070868112e-08,-5.331988031742618e-05
2021-08-20 20:44:00+00:00,443.3,443.26,443.28,100,100,443.27,1.2364550566334829e-08,-3.007113890018953e-05
2021-08-20 20:45:00+00:00,443.27,443.25,443.26,601,300,443.2566703662597,3.091879753946783e-09,4.4502500369247855e-05
2021-08-20 20:46:00+00:00,443.28,443.28,443.3,600,1,443.29996672212985,3.79219558137037e-09,3.632858355318014e-05
2021-08-20 20:47:00+00:00,443.3,443.29,443.3,100,5,443.2995238095238,7.223769131686147e-09,6.654748275680689e-05
2021-08-20 20:48:00+00:00,443.33,443.28,443.34,130,100,443.31391304347824,2.9302345803039573e-09,-2.9520205452659987e-05
2021-08-20 20:49:00+00:00,443.3,443.3,443.31,820,100,443.3089130434783,1.049721088192619e-08,-6.955324463908674e-05
2021-08-20 20:50:00+00:00,443.31,443.26,443.29,910,600,443.2780794701987,3.9737729604741374e-09,-1.071941834496215e-05
2021-08-20 20:51:00+00:00,443.31,443.27,443.29,100,501,443.2733277870217,1.5771492097949248e-09,5.514802932160556e-05
2021-08-20 20:52:00+00:00,443.29,443.29,443.3,199,57,443.2977734375,5.344814181652039e-09,6.22858483374511e-05
2021-08-20 20:53:00+00:00,443.3,443.31,443.33,100,30,443.3253846153846,2.327782683799434e-08,0.0001246485700516775
2021-08-20 20:54:00+00:00,443.38,443.38,443.39,155,2250,443.3806444906445,8.67264842364035e-09,4.292683712470158e-05
2021-08-20 20:55:00+00:00,443.39,443.39,443.4,1500,50,443.3996774193548,1.166305831579437e-09,1.7739251038539905e-05
2021-08-20 20:56:00+00:00,443.4,443.4,443.41,307,100,443.407542997543,1.0102110604176083e-08,5.567195191980012e-05
2021-08-20 20:57:00+00:00,443.43,443.43,443.44,121,422,443.4322283609576,2.080365816647345e-09,9.140124948037176e-05
2021-08-20 20:58:00+00:00,443.47,443.45,443.48,1100,350,443.47275862068966,1.831952400106022e-09,-1.2663153345138234e-05
2021-08-20 20:59:00+00:00,443.46,443.45,443.47,600,110,443.4669014084507,1.559004713212861e-08,-0.00010308074591169891
2021-08-20 21:00:00+00:00,443.45,443.32,443.44,100,100,443.38,2.830023856442586e-08,-5.002604733184146e-05
2021-08-20 21:01:00+00:00,443.41,443.31,443.41,249,30,443.399247311828,3.4378998751452693e-09,2.209887505943975e-05
2021-08-20 21:02:00+00:00,443.41,443.32,443.41,2800,30,443.4090459363958,3.918823510840072e-09,-6.260050727302513e-05
2021-08-20 21:03:00+00:00,443.39,443.32,443.39,2800,398,443.3812883051907,4.8277054730794275e-09,-6.729088816770368e-05
2021-08-20 21:04:00+00:00,443.38,443.35,443.39,15,398,443.3514527845037,7.066515592347211e-08,0.00019970699168592176
2021-08-20 21:05:00+00:00,443.42,443.42,443.44,2927,1,443.43999316939886,1.0577755882257952e-08,-2.3047356825900422e-05
2021-08-20 21:06:00+00:00,443.43,443.35,443.4,3515,400,443.3948914431673,6.309517805961419e-09,-8.97198633842411e-05
2021-08-20 21:07:00+00:00,443.43,443.35,443.39,3505,1,443.3899885909869,1.9175028602165397e-09,-3.229101660062739e-05
2021-08-20 21:08:00+00:00,443.4,443.37,443.4,100,429,443.37567107750476,4.828874407569083e-12,2.2454753989542553e-06
2021-08-20 21:09:00+00:00,443.4,443.37,443.38,100,50,443.37666666666667,2.236657702327785e-11,6.0890090096688e-06
2021-08-20 21:10:00+00:00,443.38,443.37,443.38,340,23,443.37936639118465,5.76874227996565e-08,0.00012547631448933672
2021-08-20 21:11:00+00:00,443.42,443.36,443.45,500,100,443.435,3.1027754480530725e-09,2.2360107427843445e-05
2021-08-20 21:12:00+00:00,443.42,443.36,443.45,501,30,443.44491525423723,3.77815168230164e-08,-0.00010223995785918483
2021-08-20 21:13:00+00:00,443.47,443.37,443.47,42,150,443.391875,3.1425549799872335e-08,-2.611068069791056e-05
2021-08-20 21:14:00+00:00,443.46,443.38,443.46,9,81,443.388,2.4821205246348025e-09,2.2553609930975327e-05
2021-08-20 21:15:00+00:00,443.46,443.38,443.46,9,31,443.398,9.311295812495648e-09,0.00010744528762196559
2021-08-20 21:16:00+00:00,443.4,443.38,443.46,96,21,443.445641025641,1.5453656734244095e-08,-9.751144591463312e-05
2021-08-20 21:17:00+00:00,443.42,443.38,443.42,126,99,443.40240000000006,5.368308461170555e-09,-7.187170188160952e-05
2021-08-20 21:18:00+00:00,443.37,443.37,443.42,1,93,443.37053191489366,1.0396484592055563e-12,-1.0196315310961879e-06
2021-08-20 21:19:00+00:00,443.37,443.37,443.41,1,500,443.37007984031936,3.7201020748171433e-09,6.993008065525608e-05
2021-08-20 21:20:00+00:00,443.36,443.36,443.42,202,93,443.4010847457627,2.4506582696788994e-08,0.00015261822445333806
2021-08-20 21:21:00+00:00,443.47,443.43,443.47,3115,100,443.46875583203735,2.099984310575939e-08,3.7021578004114986e-05
2021-08-20 21:22:00+00:00,443.48,443.44,443.49,234,25,443.48517374517377,2.0340731629775177e-08,-0.0001823917363571459
2021-08-20 21:23:00+00:00,443.44,443.39,443.44,40,100,443.4042857142857,2.0274153380772893e-09,1.5706401445880758e-05
2021-08-20 21:24:00+00:00,443.44,443.4,443.43,300,500,443.41125,1.7594670120957798e-08,8.74660821439388e-05
2021-08-20 21:25:00+00:00,443.44,443.44,443.47,100,199,443.45003344481603,5.503584460720914e-09,4.7068388667748096e-05
2021-08-20 21:26:00+00:00,443.49,443.45,443.49,300,274,443.4709059233449,1.7184544102246281e-09,3.993668494572944e-05
2021-08-20 21:27:00+00:00,443.49,443.47,443.49,3203,238,443.48861668119736,1.3308048164416238e-08,1.4393421978731169e-05
2021-08-20 21:28:00+00:00,443.55,443.45,443.52,300,50,443.51,3.884531439957296e-09,-1.8790140437485725e-05
2021-08-20 21:29:00+00:00,443.45,443.46,443.52,40,50,443.4866666666667,5.2983927754248395e-08,0.00018889066594240944
2021-08-20 21:30:00+00:00,443.58,443.53,443.58,296,70,443.57043715846993,1.613868699630966e-08,1.429033118549583e-05
2021-08-20 21:31:00+00:00,443.52,443.52,443.58,5283,300,443.576775926921,1.7957030448933692e-08,3.2047429512349623e-06
2021-08-20 21:32:00+00:00,443.55,443.55,443.58,4693,300,443.57819747646704,1.6849607804965924e-09,-4.1048412470656714e-05
2021-08-20 21:33:00+00:00,443.55,443.55,443.56,4666,5,443.559989295654,7.671127528796557e-20,-2.769680040870526e-10
2021-08-20 21:34:00+00:00,443.55,443.55,443.56,4613,5,443.5599891728021,3.465322052725832e-10,-2.3838501165385217e-05
2021-08-20 21:35:00+00:00,443.55,443.52,443.55,5283,105,443.5494153674833,2.8113663581278333e-08,-2.5626427634928284e-05
2021-08-20 21:36:00+00:00,443.52,443.46,443.54,40,1,443.5380487804878,7.726247234141768e-09,-3.238633078039843e-05
2021-08-20 21:37:00+00:00,443.5,443.5,443.55,90,100,443.5236842105263,1.5157502892294165e-08,-8.306682726000325e-06
2021-08-20 21:38:00+00:00,443.5,443.5,443.54,10,10,443.5200000000001,0.0,0.0
2021-08-20 21:39:00+00:00,443.5,443.5,443.54,10,10,443.5200000000001,1.0829025563849098e-10,1.0406260406048418e-05
2021-08-20 21:40:00+00:00,443.5,443.5,443.54,16,10,443.52461538461534,6.974660514719211e-09,-0.00011186613525904221
2021-08-20 21:41:00+00:00,443.5,443.46,443.55,20,100,443.475,5.508842866647577e-08,5.200433465057941e-05
2021-08-20 21:42:00+00:00,443.41,443.41,443.5,500,11,443.4980626223092,2.7200667299773576e-08,-4.3380331322451227e-05
2021-08-20 21:43:00+00:00,443.53,443.42,443.49,500,250,443.46666666666664,2.247620466288301e-09,2.4257430042418093e-06
2021-08-20 21:44:00+00:00,443.42,443.38,443.48,992,1,443.4798992950655,6.140008122308735e-09,2.077574712266994e-08
2021-08-20 21:45:00+00:00,443.55,443.38,443.48,1092,1,443.4799085086917,4.5297434758673254e-08,-0.00019633133508045741
2021-08-20 21:46:00+00:00,443.4,443.38,443.4,1092,609,443.39283950617283,3.830540370845997e-08,1.5902837351866594e-05
2021-08-20 21:47:00+00:00,443.4,443.38,443.4,1092,6,443.3998907103825,3.146898515673261e-08,9.028786071740846e-05
2021-08-20 21:48:00+00:00,443.38,443.38,443.44,792,1,443.4399243379571,2.5537220252315756e-08,-0.00014518016400444367
2021-08-20 21:49:00+00:00,443.38,443.36,443.38,1047,300,443.3755456570156,1.7040653043177222e-08,0.00016732065477054192
2021-08-20 21:50:00+00:00,443.38,443.39,443.45,445,2,443.4497315436242,2.1346649531175036e-09,3.0201219747283403e-07
2021-08-20 21:51:00+00:00,443.49,443.39,443.45,445,1,443.44986547085205,1.1705869073656778e-09,3.4213840874208756e-05
2021-08-20 21:52:00+00:00,443.49,443.45,443.49,100,166,443.46503759398496,8.585602092994223e-10,0.0
2021-08-20 21:53:00+00:00,443.49,443.45,443.49,100,166,443.46503759398496,1.7981713787206465e-10,-1.3409591264168519e-05
2021-08-20 21:54:00+00:00,443.49,443.45,443.46,100,10,443.4590909090909,1.4539768837943818e-10,1.340977108377217e-05
2021-08-20 21:55:00+00:00,443.45,443.45,443.49,100,166,443.46503759398496,4.781683043907806e-09,6.9724752181477e-05
2021-08-20 21:56:00+00:00,443.5,443.49,443.5,199,135,443.4959580838323,7.849802300498968e-09,-4.194505134258453e-05
2021-08-20 21:57:00+00:00,443.54,443.45,443.54,100,229,443.47735562310027,2.166247064477965e-09,2.918166269050282e-05
2021-08-20 21:58:00+00:00,443.54,443.49,443.52,1,100,443.49029702970296,2.3125026241848942e-08,-3.271562914486381e-05
2021-08-20 21:59:00+00:00,443.54,443.45,443.54,100,249,443.475787965616,1.2315441046020271e-09,4.084658937419938e-05
2021-08-20 22:00:00+00:00,443.54,443.45,443.54,100,105,443.4939024390244,1.1319696198117744e-09,3.9623928795862184e-05
2021-08-20 22:01:00+00:00,443.54,443.51,443.54,3,58,443.511475409836,6.198871586250239e-12,-2.433691779990532e-06
2021-08-20 22:02:00+00:00,443.54,443.51,443.55,3,300,443.51039603960396,0.0,0.0
2021-08-20 22:03:00+00:00,443.54,443.51,443.55,3,300,443.51039603960396,2.337133321568585e-09,-4.598773734754147e-05
2021-08-20 22:04:00+00:00,443.54,443.48,443.5,1,1,443.49,0.0,0.0
2021-08-20 22:05:00+00:00,443.54,443.48,443.5,1,1,443.49,3.6683026268713008e-09,7.87067586129897e-05
2021-08-20 22:06:00+00:00,443.54,443.5,443.54,99,60,443.5249056603773,2.442801431730026e-09,-5.051725414151331e-05
2021-08-20 22:07:00+00:00,443.5,443.5,443.54,4,60,443.5025,1.8346576404927716e-11,-3.1316371134071375e-06
2021-08-20 22:08:00+00:00,443.54,443.5,443.54,1,35,443.50111111111113,6.155343392578422e-09,7.845599653677482e-05
2021-08-20 22:09:00+00:00,443.48,443.48,443.54,478,35,443.5359064327485,1.9975676855238015e-09,-6.250816261910153e-05
2021-08-20 22:10:00+00:00,443.48,443.49,443.53,100,120,443.5081818181818,1.0152087409648994e-09,-4.4193391177671515e-05
2021-08-20 22:11:00+00:00,443.5,443.48,443.49,478,79,443.4885816876122,3.6441367463898575e-12,1.8498204403805119e-06
2021-08-20 22:12:00+00:00,443.48,443.48,443.49,456,29,443.4894020618557,5.29616167275428e-15,-1.278258169312707e-07
2021-08-20 22:13:00+00:00,443.48,443.48,443.49,414,29,443.48934537246055,1.1484298753695971e-08,6.342239177881126e-05
2021-08-20 22:14:00+00:00,443.48,443.49,443.54,100,82,443.5174725274725,5.453620927099975e-12,-2.3352988945957165e-06
2021-08-20 22:15:00+00:00,443.49,443.49,443.54,92,82,443.5164367816092,5.099967728835105e-09,9.107686958165218e-06
2021-08-20 22:16:00+00:00,443.5,443.52,443.54,2,82,443.5204761904762,6.446446169136174e-10,3.3339988145586474e-05
2021-08-20 22:17:00+00:00,443.54,443.48,443.54,385,33,443.5352631578947,9.713756252292508e-12,2.901329865467872e-06
2021-08-20 22:18:00+00:00,443.54,443.48,443.54,377,23,443.53655000000003,1.0515026330717025e-08,-0.00012816763286593869
2021-08-20 22:19:00+00:00,443.48,443.45,443.48,100,1,443.479702970297,7.500993783971191e-11,-8.660827780282432e-06
2021-08-20 22:20:00+00:00,443.48,443.45,443.48,100,16,443.4758620689655,0.0,0.0
2021-08-20 22:21:00+00:00,443.46,443.45,443.48,100,16,443.4758620689655,7.974875353952594e-11,4.705214334599361e-06
2021-08-20 22:22:00+00:00,443.47,443.47,443.48,62,16,443.4779487179487,0.0,0.0
2021-08-20 22:23:00+00:00,443.47,443.47,443.48,62,16,443.4779487179487,3.061647691655654e-14,1.7497564663848664e-07
2021-08-20 22:24:00+00:00,443.47,443.47,443.48,61,15,443.4780263157895,2.9423071754853907e-09,5.473000940448003e-05
2021-08-20 22:25:00+00:00,443.48,443.5,443.54,27,443,443.5022978723404,6.093957390447854e-09,-7.231494649961867e-05
2021-08-20 22:26:00+00:00,443.5,443.47,443.5,11,1449,443.4702260273973,1.2927936637765955e-10,1.2545253233353648e-05
2021-08-20 22:27:00+00:00,443.49,443.47,443.49,11,27,443.47578947368424,1.5721987838751884e-10,-1.2532943773568839e-05
2021-08-20 22:28:00+00:00,443.5,443.47,443.5,11,1415,443.47023141654984,3.6518724533867436e-10,-1.910987298070488e-05
2021-08-20 22:29:00+00:00,443.45,443.45,443.5,435,1415,443.46175675675676,6.504674528549289e-14,-1.3362928408255925e-07
2021-08-20 22:30:00+00:00,443.45,443.45,443.5,430,1408,443.46169749727966,3.993837415462666e-09,6.319681411026679e-05
2021-08-20 22:31:00+00:00,443.45,443.45,443.49,430,3,443.4897228637414,4.2476278323358664e-09,-6.514276709168598e-07
2021-08-20 22:32:00+00:00,443.46,443.46,443.49,156,3,443.4894339622642,0.0,0.0
2021-08-20 22:33:00+00:00,443.46,443.46,443.49,156,3,443.4894339622642,3.5743812738263256e-09,-4.0431437988597274e-05
2021-08-20 22:34:00+00:00,443.5,443.47,443.5,74,1403,443.47150304671635,3.1225548800021144e-10,1.7227286023935307e-05
2021-08-20 22:35:00+00:00,443.47,443.47,443.48,64,6,443.47914285714285,7.886299214948881e-10,2.7228524737132886e-06
2021-08-20 22:36:00+00:00,443.5,443.48,443.5,25,1402,443.480350385424,1.0457272216587205e-13,-3.325668727072184e-07
2021-08-20 22:37:00+00:00,443.48,443.48,443.5,14,1366,443.4802028985508,3.910115870007654e-14,2.0764557095986902e-07
2021-08-20 22:38:00+00:00,443.5,443.48,443.5,20,1336,443.48029498525074,9.990791009626442e-10,-4.60479743336073e-07
2021-08-20 22:39:00+00:00,443.5,443.48,443.5,6,1316,443.4800907715583,8.006953178534793e-10,9.331919681443424e-10
2021-08-20 22:40:00+00:00,443.5,443.48,443.5,6,1310,443.48009118541034,5.032795912801597e-10,-2.240940322550955e-05
2021-08-20 22:41:00+00:00,443.47,443.47,443.5,6,1170,443.4701530612245,3.603296915167464e-10,1.898294008939594e-05
2021-08-20 22:42:00+00:00,443.5,443.47,443.48,6,1,443.47857142857146,1.962655760798624e-09,2.0884672583099118e-05
2021-08-20 22:43:00+00:00,443.48,443.48,443.5,752,1168,443.48783333333336,1.844493210026723e-12,1.358121205941032e-06
2021-08-20 22:44:00+00:00,443.49,443.48,443.5,852,1168,443.48843564356434,1.8887132875312857e-10,2.084664724177898e-05
2021-08-20 22:45:00+00:00,443.49,443.49,443.5,414,125,443.49768089053805,2.6199355379676923e-10,-2.1359295574008286e-05
2021-08-20 22:46:00+00:00,443.49,443.48,443.49,852,186,443.48820809248554,1.3221622823830593e-13,3.636154950470427e-07
2021-08-20 22:47:00+00:00,443.49,443.48,443.49,852,166,443.4883693516699,1.2596115656559297e-11,-3.549100682787021e-06
2021-08-20 22:48:00+00:00,443.48,443.48,443.49,352,166,443.48679536679543,4.391369465606909e-12,1.637028956613662e-06
2021-08-20 22:49:00+00:00,443.49,443.48,443.49,352,116,443.48752136752137,7.447362723813538e-12,-3.786067326982945e-06
2021-08-20 22:50:00+00:00,443.48,443.48,443.49,163,116,443.4858422939068,0.0,0.0
2021-08-20 22:51:00+00:00,443.48,443.48,443.49,163,116,443.4858422939068,1.1372565851592758e-15,-3.3723235093319204e-08
2021-08-20 22:52:00+00:00,443.48,443.48,443.49,162,116,443.48582733812947,4.645609243894763e-12,-2.5347862617763894e-06
2021-08-20 22:53:00+00:00,443.48,443.48,443.49,103,116,443.484703196347,0.0,0.0
2021-08-20 22:54:00+00:00,443.48,443.48,443.49,103,116,443.484703196347,2.2313342568870496e-10,-1.6498500755246504e-05
2021-08-20 22:55:00+00:00,443.48,443.46,443.48,153,23,443.4773863636364,5.137753265057899e-12,2.0518129850710665e-06
2021-08-20 22:56:00+00:00,443.46,443.46,443.48,247,23,443.4782962962963,8.393245074091297e-10,-2.7600711815622958e-05
2021-08-20 22:57:00+00:00,443.46,443.46,443.47,476,310,443.4660559796438,1.1830561598692665e-10,-1.9638573800273562e-05
2021-08-20 22:58:00+00:00,443.46,443.45,443.47,180,310,443.4573469387755,2.0632442292417705e-10,1.1817311964978927e-05
2021-08-20 22:59:00+00:00,443.47,443.45,443.47,180,106,443.4625874125874,1.8805143020514885e-10,1.2771174263015439e-05
2021-08-20 23:00:00+00:00,443.47,443.46,443.47,434,92,443.4682509505704,5.300417129609219e-10,3.8018867201117246e-05
2021-08-20 23:01:00+00:00,443.49,443.47,443.49,34,11,443.48511111111117,5.819884324456164e-12,-2.7559487154604767e-06
2021-08-20 23:02:00+00:00,443.47,443.47,443.49,25,11,443.4838888888889,5.042682214869359e-09,0.00013041973730443246
2021-08-20 23:03:00+00:00,443.54,443.48,443.54,500,206,443.52249291784705,3.149035438851933e-09,-9.319653403483397e-05
2021-08-20 23:04:00+00:00,443.54,443.5,443.54,5,506,443.50039138943254,6.268850345458642e-10,3.363807040024369e-06
2021-08-20 23:05:00+00:00,443.49,443.5,443.54,25,506,443.5018832391714,1.6607035175554332e-09,-2.842538274649975e-06
2021-08-20 23:06:00+00:00,443.5,443.5,443.54,8,506,443.5006225680934,5.529623504042625e-10,-2.7615200723252187e-05
2021-08-20 23:07:00+00:00,443.49,443.48,443.49,500,97,443.48837520938025,3.778659881211185e-17,-6.147080511276215e-09
2021-08-20 23:08:00+00:00,443.48,443.48,443.49,499,97,443.4883724832215,0.0,0.0
2021-08-20 23:09:00+00:00,443.48,443.48,443.49,499,97,443.4883724832215,6.832063541338832e-13,8.265629765080718e-07
2021-08-20 23:10:00+00:00,443.49,443.48,443.49,499,72,443.4887390542907,7.586998256840692e-09,8.710337683948133e-05
2021-08-20 23:11:00+00:00,443.52,443.52,443.53,28,10,443.52736842105264,3.030167384727344e-09,-6.739226167173928e-05
2021-08-20 23:12:00+00:00,443.52,443.48,443.5,499,72,443.49747810858145,0.0,0.0
2021-08-20 23:13:00+00:00,443.52,443.48,443.5,499,72,443.49747810858145,1.991459968480082e-10,-1.411190975197929e-05
2021-08-20 23:14:00+00:00,443.52,443.49,443.5,10,72,443.49121951219513,8.126635837155048e-09,9.014785542182935e-05
2021-08-20 23:15:00+00:00,443.53,443.53,443.54,68,499,443.5311992945326,1.1871604275179923e-12,1.2071289365866988e-06
2021-08-20 23:16:00+00:00,443.54,443.53,443.54,68,324,443.5317346938776,5.510853111711677e-09,3.766287858586459e-05
2021-08-20 23:17:00+00:00,443.54,443.54,443.55,2109,390,443.5484393757503,3.908078804894161e-09,5.733667336849102e-05
2021-08-20 23:18:00+00:00,443.55,443.55,443.59,370,250,443.5738709677419,1.2156971473693208e-08,-3.902472572503424e-05
2021-08-20 23:19:00+00:00,443.62,443.55,443.62,109,1054,443.5565606190886,1.0887366416528796e-09,1.2580757498881212e-05
2021-08-20 23:20:00+00:00,443.56,443.56,443.62,39,1054,443.5621408966148,1.2973889214022771e-08,6.111681066922614e-05
2021-08-20 23:21:00+00:00,443.56,443.56,443.59,39,1,443.58925,1.2928003734192964e-08,-6.552950013594128e-05
2021-08-20 23:22:00+00:00,443.56,443.56,443.62,3,987,443.56018181818183,0.0,0.0
2021-08-20 23:23:00+00:00,443.56,443.56,443.62,3,987,443.56018181818183,0.0,0.0
2021-08-20 23:24:00+00:00,443.56,443.56,443.62,3,987,443.56018181818183,6.314189604672569e-08,3.5299711242942067e-06
2021-08-20 23:25:00+00:00,443.62,443.56,443.62,3,100,443.56174757281553,9.635559129708623e-09,8.623923815309631e-05
2021-08-20 23:26:00+00:00,443.59,443.59,443.62,50,100,443.6,5.083469771967215e-10,2.1964810062113926e-05
2021-08-20 23:27:00+00:00,443.61,443.6,443.62,95,100,443.6097435897436,5.92428672118024e-09,-0.0001010602442566011
2021-08-20 23:28:00+00:00,443.61,443.56,443.6,14,100,443.5649122807018,3.0702418923089886e-11,5.250863051031729e-06
2021-08-20 23:29:00+00:00,443.61,443.56,443.62,14,102,443.56724137931036,5.526053354195754e-10,-4.185980731929995e-06
2021-08-20 23:30:00+00:00,443.56,443.55,443.59,250,400,443.56538461538463,8.424338309467434e-10,3.815238409043964e-05
2021-08-20 23:31:00+00:00,443.59,443.55,443.59,420,100,443.58230769230767,5.482529430612881e-09,2.1482016349549937e-05
2021-08-20 23:32:00+00:00,443.6,443.59,443.6,63,280,443.59183673469386,1.3274690812198263e-08,2.16036547329157e-05
2021-08-20 23:33:00+00:00,443.65,443.59,443.65,63,268,443.60141993957706,7.355234488845054e-09,5.869613209341651e-05
2021-08-20 23:34:00+00:00,443.64,443.6,443.62,54,5,443.61830508474577,1.1572875471298589e-08,-1.7047840809802928e-05
2021-08-20 23:35:00+00:00,443.65,443.6,443.62,189,1,443.6198947368422,2.640033829909397e-09,-4.995444310684771e-05
2021-08-20 23:36:00+00:00,443.6,443.59,443.6,1000,293,443.5977339520495,2.6496898428954277e-09,-5.951477362386992e-05
2021-08-20 23:37:00+00:00,443.59,443.57,443.59,50,700,443.5713333333333,5.375762005505547e-10,5.501373486094252e-06
2021-08-20 23:38:00+00:00,443.55,443.57,443.59,150,645,443.57377358490567,1.7264570558546049e-10,-6.164980956069321e-06
2021-08-20 23:39:00+00:00,443.59,443.55,443.59,405,365,443.5710389610389,3.257299684972132e-10,1.954059139763764e-05
2021-08-20 23:40:00+00:00,443.59,443.55,443.58,405,4,443.579706601467,7.297236748752395e-10,-2.5837492701796805e-05
2021-08-20 23:41:00+00:00,443.58,443.56,443.57,235,50,443.56824561403505,7.023235028803105e-10,2.980270895402981e-06
2021-08-20 23:42:00+00:00,443.56,443.56,443.57,177,8,443.56956756756756,2.902034093197836e-10,1.0226170642724242e-05
2021-08-20 23:43:00+00:00,443.59,443.56,443.58,177,74,443.5741035856574,6.688574909455424e-10,-1.808326617669387e-05
2021-08-20 23:44:00+00:00,443.59,443.56,443.59,133,523,443.56608231707315,1.9852427775629254e-09,7.1307660161057385e-06
2021-08-20 23:45:00+00:00,443.58,443.55,443.57,357,14,443.56924528301886,1.4118730084396423e-08,-4.265536417447091e-05
2021-08-20 23:46:00+00:00,443.59,443.55,443.65,1,307,443.5503246753247,1.678052668269527e-08,-3.3499103745393555e-06
2021-08-20 23:47:00+00:00,443.65,443.51,443.6,249,328,443.54883882149045,1.6307887078441288e-09,5.783789717694887e-05
2021-08-20 23:48:00+00:00,443.58,443.56,443.58,100,38,443.5744927536232,7.3181802854415875e-09,-1.1702356460085994e-05
2021-08-20 23:49:00+00:00,443.6,443.51,443.58,449,81,443.5693018867924,2.050435131250149e-09,3.9147839583142385e-05
2021-08-20 23:50:00+00:00,443.6,443.52,443.59,200,10,443.58666666666664,2.8888044838920934e-08,-4.495039061758188e-05
2021-08-20 23:51:00+00:00,443.59,443.53,443.59,101,64,443.56672727272723,5.821032063562261e-09,8.262306233186578e-06
2021-08-20 23:52:00+00:00,443.58,443.55,443.58,104,49,443.5703921568628,7.418491532505977e-09,-4.239429774399728e-05
2021-08-20 23:53:00+00:00,443.6,443.55,443.6,4,122,443.5515873015873,3.6196935995740406e-08,0.00023730002707500475
2021-08-20 23:54:00+00:00,443.65,443.65,443.67,52,100,443.65684210526314,1.6728549292150589e-09,-6.0638795343903595e-05
2021-08-20 23:55:00+00:00,443.62,443.62,443.63,1146,7,443.6299392888118,3.5526446988896927e-19,-5.960406612715019e-10
2021-08-20 23:56:00+00:00,443.62,443.62,443.63,1141,7,443.6299390243903,4.510506739070956e-10,1.1770856223058956e-07
2021-08-20 23:57:00+00:00,443.64,443.62,443.63,1141,1,443.6299912434326,5.015394026068513e-10,-1.0441883174894251e-05
2021-08-20 23:58:00+00:00,443.63,443.62,443.63,433,375,443.6253589108911,5.2315028149184625e-09,7.787303225792463e-05
2021-08-20 23:59:00+00:00,443.63,443.63,443.66,316,1,443.65990536277604,3.5028221855901656e-08,-4.249132641176434e-05
