ts_recv,price,bid_px_00,ask_px_00,bid_sz_00,ask_sz_00,weighted_mid,rv_60s,ret_60s
2025-02-13 08:01:00+00:00,,,,0,0,,0.0,
2025-02-13 08:02:00+00:00,,,,0,0,,0.0,
2025-02-13 08:03:00+00:00,,,,0,0,,0.0,
2025-02-13 08:04:00+00:00,,,,0,0,,0.0,
2025-02-13 08:05:00+00:00,,,,0,0,,0.0,
2025-02-13 08:06:00+00:00,,,,0,0,,0.0,
2025-02-13 08:07:00+00:00,,,,0,0,,0.0,
2025-02-13 08:08:00+00:00,,,,0,0,,0.0,
2025-02-13 08:09:00+00:00,,,,0,0,,0.0,
2025-02-13 08:10:00+00:00,,,,0,0,,0.0,
2025-02-13 08:11:00+00:00,,,,0,0,,0.0,
2025-02-13 08:12:00+00:00,,,,0,0,,0.0,
2025-02-13 08:13:00+00:00,,,,0,0,,0.0,
2025-02-13 08:14:00+00:00,,,,0,0,,0.0,
2025-02-13 08:15:00+00:00,,,,0,0,,0.0,
2025-02-13 08:16:00+00:00,,,,0,0,,0.0,
2025-02-13 08:17:00+00:00,,,,0,0,,0.0,
2025-02-13 08:18:00+00:00,,,,0,0,,0.0,
2025-02-13 08:19:00+00:00,,,,0,0,,0.0,
2025-02-13 08:20:00+00:00,,,,0,0,,0.0,
2025-02-13 08:21:00+00:00,,,,0,0,,0.0,
2025-02-13 08:22:00+00:00,,,,0,0,,0.0,
2025-02-13 08:23:00+00:00,,,,0,0,,0.0,
2025-02-13 08:24:00+00:00,,,,0,0,,0.0,
2025-02-13 08:25:00+00:00,,,,0,0,,0.0,
2025-02-13 08:26:00+00:00,,,,0,0,,0.0,
2025-02-13 08:27:00+00:00,,,,0,0,,0.0,
2025-02-13 08:28:00+00:00,,,,0,0,,0.0,
2025-02-13 08:29:00+00:00,,,,0,0,,0.0,
2025-02-13 08:30:00+00:00,,,,0,0,,0.0,
2025-02-13 08:31:00+00:00,,,,0,0,,0.0,
2025-02-13 08:32:00+00:00,,,,0,0,,0.0,
2025-02-13 08:33:00+00:00,,,,0,0,,0.0,
2025-02-13 08:34:00+00:00,,,,0,0,,0.0,
2025-02-13 08:35:00+00:00,,,,0,0,,0.0,
2025-02-13 08:36:00+00:00,,,,0,0,,0.0,
2025-02-13 08:37:00+00:00,,,,0,0,,0.0,
2025-02-13 08:38:00+00:00,,,,0,0,,0.0,
2025-02-13 08:39:00+00:00,,,,0,0,,0.0,
2025-02-13 08:40:00+00:00,,,,0,0,,0.0,
2025-02-13 08:41:00+00:00,,,,0,0,,0.0,
2025-02-13 08:42:00+00:00,,,,0,0,,0.0,
2025-02-13 08:43:00+00:00,,,,0,0,,0.0,
2025-02-13 08:44:00+00:00,,,,0,0,,0.0,
2025-02-13 08:45:00+00:00,,,,0,0,,0.0,
2025-02-13 08:46:00+00:00,,,,0,0,,0.0,
2025-02-13 08:47:00+00:00,,,,0,0,,0.0,
2025-02-13 08:48:00+00:00,,,,0,0,,0.0,
2025-02-13 08:49:00+00:00,,,,0,0,,0.0,
2025-02-13 08:50:00+00:00,,,,0,0,,0.0,
2025-02-13 08:51:00+00:00,,,,0,0,,0.0,
2025-02-13 08:52:00+00:00,,,,0,0,,0.0,
2025-02-13 08:53:00+00:00,,,,0,0,,0.0,
2025-02-13 08:54:00+00:00,,,,0,0,,0.0,
2025-02-13 08:55:00+00:00,,,,0,0,,0.0,
2025-02-13 08:56:00+00:00,,,,0,0,,0.0,
2025-02-13 08:57:00+00:00,,,,0,0,,0.0,
2025-02-13 08:58:00+00:00,,,,0,0,,0.0,
2025-02-13 08:59:00+00:00,,,,0,0,,0.0,
2025-02-13 09:00:00+00:00,,,,0,0,,1.5740515578705378e-07,
2025-02-13 09:01:00+00:00,601.7,601.65,601.7,100,97,601.67538071066,1.5554910324863846e-07,0.0002742367078301111
2025-02-13 09:02:00+00:00,601.87,601.8,601.92,500,600,601.8545454545455,7.110840968549353e-08,7.526731988449775e-05
2025-02-13 09:03:00+00:00,601.93,601.88,601.94,1,200,601.8802985074627,2.1447738802290922e-07,0.00014072813605525702
2025-02-13 09:04:00+00:00,602.0,601.89,602.01,500,300,601.965,1.0147346554596171e-07,5.942078155585229e-05
2025-02-13 09:05:00+00:00,602.07,601.97,602.07,400,399,602.0200625782228,6.9722198719353e-08,-1.753563342676845e-05
2025-02-13 09:06:00+00:00,601.98,601.99,602.01,5,400,601.9902469135802,1.1865712658470734e-07,-0.0001708405597363738
2025-02-13 09:07:00+00:00,601.94,601.88,601.94,56,400,601.8873684210527,8.63067306498525e-08,0.0002526012797714472
2025-02-13 09:08:00+00:00,602.04,601.98,602.04,400,4,602.0394059405941,3.448223287034135e-08,8.10540579809782e-06
2025-02-13 09:09:00+00:00,602.04,602.01,602.05,600,100,602.0442857142857,1.2803664453412746e-07,9.966044263487461e-05
2025-02-13 09:10:00+00:00,602.09,602.03,602.11,430,410,602.0709523809523,1.9901450084971174e-07,-6.64336742806082e-05
2025-02-13 09:11:00+00:00,601.97,602.0,602.08,450,110,602.0642857142857,4.240026798347598e-08,0.00026341683210473477
2025-02-13 09:12:00+00:00,602.25,602.21,602.27,164,600,602.2228795811519,5.958433707580373e-08,0.0003406054897661104
2025-02-13 09:13:00+00:00,602.44,602.4,602.46,350,400,602.428,2.410411134716928e-08,-0.0001827691660379882
2025-02-13 09:14:00+00:00,602.36,602.28,602.36,450,498,602.3179746835442,7.93673451488911e-08,9.822734340847461e-05
2025-02-13 09:15:00+00:00,602.4,602.34,602.41,450,400,602.3770588235294,5.9228703150839775e-08,0.00011883538617363243
2025-02-13 09:16:00+00:00,602.45,602.42,602.51,430,110,602.4916666666667,1.4915936766278827e-07,0.0004051544340175628
2025-02-13 09:17:00+00:00,602.69,602.62,602.7,530,13,602.6980847145488,8.295081029449678e-08,-0.00014578308960166986
2025-02-13 09:18:00+00:00,602.67,602.63,602.7,530,3,602.6996060037524,1.1517006133451708e-07,7.670381430990858e-05
2025-02-13 09:19:00+00:00,602.68,602.62,602.7,420,400,602.6609756097561,6.772962215740662e-08,0.00036325005997039916
2025-02-13 09:20:00+00:00,602.83,602.82,602.91,230,400,602.8528571428573,3.7459543126692964e-08,1.4896896046723285e-05
2025-02-13 09:21:00+00:00,602.85,602.8,602.88,930,2,602.8798283261802,5.836713317623318e-08,-0.00020957657635622962
2025-02-13 09:22:00+00:00,602.75,602.71,602.81,650,400,602.7719047619048,5.6958480767881464e-08,7.468317435344041e-05
2025-02-13 09:23:00+00:00,602.76,602.75,602.83,450,410,602.7918604651163,1.1842411653089309e-07,-6.2434943074451965e-06
2025-02-13 09:24:00+00:00,602.85,602.8,602.89,450,400,602.8476470588236,8.398578064422607e-08,0.00017678670267651242
2025-02-13 09:25:00+00:00,602.95,602.86,602.94,450,440,602.9004494382023,6.38667939840926e-08,0.00021560645653617705
2025-02-13 09:26:00+00:00,603.04,602.96,603.05,430,301,603.0129411764706,3.2233490126484755e-08,-5.390711841801732e-05
2025-02-13 09:27:00+00:00,603.0,602.96,603.05,1111,450,603.0240550928892,6.978417407309965e-08,2.6557622259781866e-05
2025-02-13 09:28:00+00:00,602.99,602.96,603.04,911,440,603.0139452257587,2.7196478814758803e-08,1.0786172517152082e-05
2025-02-13 09:29:00+00:00,603.04,602.98,603.06,450,400,603.0223529411765,4.233291589100496e-08,8.548725312040872e-05
2025-02-13 09:30:00+00:00,603.05,603.05,603.07,313,400,603.0587798036465,1.5792500265289287e-08,-0.0001344424849661907
2025-02-13 09:31:00+00:00,603.02,602.98,603.02,80,243,602.989907120743,8.391013477487888e-08,7.577388446322608e-05
2025-02-13 09:32:00+00:00,602.97,602.99,603.07,430,308,603.0366124661247,9.424072191250185e-08,6.91932977308074e-05
2025-02-13 09:33:00+00:00,603.17,603.04,603.12,430,408,603.0810501193317,6.448700136372115e-08,4.420891997236609e-05
2025-02-13 09:34:00+00:00,603.06,603.06,603.15,430,430,603.105,1.817852705606041e-08,-1.4761010146635556e-05
2025-02-13 09:35:00+00:00,603.06,603.05,603.14,420,420,603.0949999999999,8.03410375763829e-08,-0.00011790552185486636
2025-02-13 09:36:00+00:00,603.06,603.02,603.11,333,430,603.0592791612057,1.0907128024662739e-07,-8.096649090272301e-05
2025-02-13 09:37:00+00:00,603.0,602.94,603.02,330,400,602.9761643835617,3.699322345150232e-08,0.00011399053508576173
2025-02-13 09:38:00+00:00,603.06,603.0,603.08,550,430,603.0448979591837,2.041403905471061e-08,0.00017916280803054185
2025-02-13 09:39:00+00:00,603.13,603.1,603.16,450,60,603.1529411764706,3.195782606955237e-08,-5.3020777693091325e-05
2025-02-13 09:40:00+00:00,603.11,603.07,603.15,530,302,603.1209615384615,4.8962780743393446e-08,2.749967652837526e-05
2025-02-13 09:41:00+00:00,603.19,603.09,603.17,630,430,603.1375471698113,2.585584828807878e-08,2.2154019693187976e-05
2025-02-13 09:42:00+00:00,603.19,603.13,603.19,130,430,603.1439285714285,7.640798354371803e-08,0.00019395427985813285
2025-02-13 09:43:00+00:00,603.3,603.25,603.33,121,420,603.2678927911276,4.902314804046802e-08,3.6728535887986524e-05
2025-02-13 09:44:00+00:00,603.33,603.25,603.33,401,430,603.2886040914561,3.0945385149145016e-08,-0.0002054606679078308
2025-02-13 09:45:00+00:00,603.25,603.12,603.21,630,600,603.1660975609757,8.304204378962331e-08,0.0001918371546543174
2025-02-13 09:46:00+00:00,603.32,603.23,603.33,430,430,603.2800000000001,6.818418788587012e-08,-9.443521275520617e-06
2025-02-13 09:47:00+00:00,603.25,603.25,603.28,4900,730,603.276110124334,6.802627437380947e-08,0.00014922343233592095
2025-02-13 09:48:00+00:00,603.25,603.32,603.37,400,1,603.3698753117208,3.536758925920219e-08,-9.59155368477349e-05
2025-02-13 09:49:00+00:00,603.33,603.27,603.35,950,600,603.3190322580646,4.055638233072972e-08,6.91837542132756e-05
2025-02-13 09:50:00+00:00,603.37,603.3,603.38,450,450,603.34,4.918015161092065e-08,2.047392255977165e-05
2025-02-13 09:51:00+00:00,603.42,603.33,603.41,450,500,603.3678947368421,4.239089806349299e-08,-2.0473503386853054e-05
2025-02-13 09:52:00+00:00,603.39,603.31,603.39,400,400,603.35,5.5420544367957805e-09,9.793802782986916e-06
2025-02-13 09:53:00+00:00,603.39,603.35,603.4,52,200,603.3603174603174,3.8009885365863e-08,-0.00014527929756624758
2025-02-13 09:54:00+00:00,603.29,603.26,603.29,130,400,603.267358490566,4.3279557785580736e-08,0.00010625285269183493
2025-02-13 09:55:00+00:00,603.38,603.29,603.37,450,400,603.3323529411765,4.681586392009272e-08,-0.00012655204184608415
2025-02-13 09:56:00+00:00,603.27,603.25,603.28,150,600,603.256,5.4505516469644885e-08,1.6831736698641464e-05
2025-02-13 09:57:00+00:00,603.36,603.25,603.32,150,500,603.2661538461539,9.295781615897011e-09,3.6038638252078314e-05
2025-02-13 09:58:00+00:00,603.27,603.25,603.33,450,500,603.2878947368421,6.024257710436699e-09,6.01816631551344e-06
2025-02-13 09:59:00+00:00,603.27,603.27,603.3,508,500,603.285119047619,5.438739201569554e-09,5.030665108352039e-05
2025-02-13 10:00:00+00:00,603.36,603.3,603.35,350,550,603.3194444444445,1.75149728860232e-08,2.5046831543917847e-05
2025-02-13 10:01:00+00:00,603.35,603.3,603.39,300,430,603.3369863013698,1.2537639648647804e-08,5.891983813155477e-05
2025-02-13 10:02:00+00:00,603.36,603.31,603.37,31,430,603.3140347071584,4.022110700611935e-08,-9.671789483234328e-05
2025-02-13 10:03:00+00:00,603.36,603.31,603.36,31,340,603.3141778975742,3.125684890972161e-08,9.032493877958458e-06
2025-02-13 10:04:00+00:00,603.36,603.31,603.36,31,130,603.3196273291925,8.509706375286656e-09,-9.05445914868297e-05
2025-02-13 10:05:00+00:00,603.31,603.25,603.33,120,520,603.265,3.52777137105352e-08,-5.920165385808751e-06
2025-02-13 10:06:00+00:00,603.3,603.25,603.33,120,720,603.2614285714285,1.333925096800984e-07,-0.00042414947111546475
2025-02-13 10:07:00+00:00,603.06,603.0,603.05,40,320,603.0055555555556,7.444940174115712e-08,0.00017044250559683505
2025-02-13 10:08:00+00:00,603.0,603.02,603.13,730,130,603.1133720930233,4.802704963217905e-08,0.00017416234179590262
2025-02-13 10:09:00+00:00,603.13,603.12,603.23,730,630,603.1790441176471,5.4157874814278376e-08,3.374936075473123e-05
2025-02-13 10:10:00+00:00,603.13,603.17,603.28,630,530,603.2297413793103,7.086446055583192e-08,0.00010985765211168896
2025-02-13 10:11:00+00:00,603.31,603.27,603.31,600,750,603.2877777777778,6.923849421852173e-09,-9.895636421641818e-05
2025-02-13 10:12:00+00:00,603.27,603.24,603.28,4,530,603.2402996254682,2.1488494091173626e-08,0.00021776900727621396
2025-02-13 10:13:00+00:00,603.39,603.34,603.47,730,130,603.4503488372094,9.100973676214507e-08,-6.194032620754353e-05
2025-02-13 10:14:00+00:00,603.39,603.33,603.4,31,130,603.3434782608696,5.169147366199729e-08,-4.2915122377973347e-07
2025-02-13 10:15:00+00:00,603.38,603.33,603.39,31,430,603.3340347071585,5.071691443160601e-08,1.1145586928940077e-06
2025-02-13 10:16:00+00:00,603.38,603.33,603.4,31,430,603.3347071583515,2.037959512705012e-08,0.00011655932827170368
2025-02-13 10:17:00+00:00,603.44,603.4,603.44,80,556,603.4050314465409,5.8362912910326825e-09,-5.92400301492324e-05
2025-02-13 10:18:00+00:00,603.37,603.36,603.4,130,430,603.3692857142858,1.3811963972658212e-08,-4.1631299792399545e-05
2025-02-13 10:19:00+00:00,603.38,603.3,603.38,530,430,603.3441666666666,3.0913793799067766e-08,-5.505031381614067e-05
2025-02-13 10:20:00+00:00,603.38,603.3,603.34,230,1030,603.3073015873016,1.103098527800325e-08,3.141798031047749e-05
2025-02-13 10:21:00+00:00,603.3,603.3,603.37,55,432,603.3079055441477,1.2664350462521711e-08,5.633918044511965e-05
2025-02-13 10:22:00+00:00,603.37,603.33,603.4,400,426,603.3638983050847,4.319732213896766e-08,-0.00014053071863562305
2025-02-13 10:23:00+00:00,603.3,603.21,603.3,430,130,603.2791071428571,8.007701055609199e-09,-0.0001605835729261429
2025-02-13 10:24:00+00:00,603.23,603.15,603.22,32,430,603.1548484848485,8.260888507332612e-08,4.494051485015582e-05
2025-02-13 10:25:00+00:00,603.26,603.17,603.26,330,425,603.2093377483443,2.809877905696106e-08,1.7675873015265964e-05
2025-02-13 10:26:00+00:00,603.26,603.18,603.26,430,430,603.2199999999999,3.572998794165621e-08,-3.315539935655476e-05
2025-02-13 10:27:00+00:00,603.26,603.16,603.24,430,430,603.2,3.6325184798593127e-08,7.852854948975363e-06
2025-02-13 10:28:00+00:00,603.26,603.17,603.25,330,430,603.2047368421053,4.39558848377588e-08,-2.739886215363807e-05
2025-02-13 10:29:00+00:00,603.18,603.16,603.24,450,450,603.2,3.8352830689630196e-08,-4.567684134482164e-06
2025-02-13 10:30:00+00:00,603.26,603.18,603.24,53,530,603.1854545454545,4.5184610572003115e-08,-5.1889018647388596e-05
2025-02-13 10:31:00+00:00,603.18,603.15,603.22,32,430,603.1548484848485,3.4313494001770586e-08,1.399568976045984e-06
2025-02-13 10:32:00+00:00,603.16,603.1,603.2,330,530,603.1383720930232,7.789133633566253e-08,-5.451134099676569e-05
2025-02-13 10:33:00+00:00,603.14,603.07,603.15,430,230,603.1221212121212,2.4753111397824666e-08,0.00021353532602819136
2025-02-13 10:34:00+00:00,603.23,603.21,603.31,450,650,603.2509090909091,4.0953982561139076e-08,0.00011453096555635867
2025-02-13 10:35:00+00:00,603.35,603.28,603.36,430,430,603.32,9.769336788739912e-08,0.00035897856422550944
2025-02-13 10:36:00+00:00,603.57,603.49,603.57,430,430,603.5300000000001,5.702123807249637e-08,-1.918516254428848e-05
2025-02-13 10:37:00+00:00,603.52,603.48,603.56,550,450,603.524,3.635533501660852e-08,-0.00016617843775923458
2025-02-13 10:38:00+00:00,603.48,603.42,603.5,31,430,603.4253796095444,3.8257765122434184e-08,0.0001618193316692551
2025-02-13 10:39:00+00:00,603.5,603.48,603.56,450,400,603.5223529411765,5.715216790721232e-08,5.605958214904838e-05
2025-02-13 10:40:00+00:00,603.5,603.5,603.59,550,331,603.5561861520999,4.66605310491429e-08,5.569948621197973e-05
2025-02-13 10:41:00+00:00,603.58,603.58,603.59,50,1,603.5898039215687,1.8554945373970532e-09,-1.8337435975346317e-05
2025-02-13 10:42:00+00:00,603.6,603.54,603.6,200,148,603.5744827586207,2.1505599451603102e-08,-3.514746860699969e-05
2025-02-13 10:43:00+00:00,603.6,603.53,603.6,230,55,603.5864912280701,4.173568735270431e-09,4.098482103032097e-05
2025-02-13 10:44:00+00:00,603.6,603.55,603.6,100,55,603.5822580645162,5.377208842059472e-09,-7.506502598952913e-06
2025-02-13 10:45:00+00:00,603.58,603.57,603.63,34,400,603.5747004608296,1.6388846639814042e-08,-8.258834379737401e-05
2025-02-13 10:46:00+00:00,603.56,603.5,603.57,130,430,603.51625,8.90271836776575e-09,-7.337275001251253e-05
2025-02-13 10:47:00+00:00,603.49,603.48,603.53,31,400,603.483596287703,2.4396356422980725e-08,-4.5314053060074855e-05
2025-02-13 10:48:00+00:00,603.48,603.44,603.51,130,430,603.45625,2.1100772073350828e-08,0.00010564146116665007
2025-02-13 10:49:00+00:00,603.5,603.47,603.57,530,530,603.5200000000001,2.6722185275798046e-08,3.31389183456654e-05
2025-02-13 10:50:00+00:00,603.5,603.5,603.58,430,430,603.5400000000001,2.114855663627037e-08,-5.454708605001635e-05
2025-02-13 10:51:00+00:00,603.57,603.5,603.57,45,400,603.5070786516854,1.6292358465765798e-08,4.4117215787453645e-05
2025-02-13 10:52:00+00:00,603.48,603.47,603.55,430,110,603.5337037037036,2.1154832052898792e-08,-0.00011321319876733682
2025-02-13 10:53:00+00:00,603.49,603.46,603.52,62,630,603.4653757225434,2.3007195113455082e-08,-1.5812654037827834e-05
2025-02-13 10:54:00+00:00,603.43,603.42,603.5,430,530,603.4558333333333,3.072842906226518e-08,0.00010869931894252893
2025-02-13 10:55:00+00:00,603.43,603.46,603.54,430,130,603.5214285714286,2.569875168712534e-08,4.096834603495303e-05
2025-02-13 10:56:00+00:00,603.55,603.5,603.57,450,450,603.535,6.772037272962267e-08,7.26475573851193e-05
2025-02-13 10:57:00+00:00,603.59,603.54,603.62,230,430,603.5678787878787,4.6702572141640744e-08,-0.00013596806692828256
2025-02-13 10:58:00+00:00,603.59,603.5,603.57,51,450,603.507125748503,2.558593025924339e-08,-6.285092959379401e-05
2025-02-13 10:59:00+00:00,603.5,603.44,603.53,430,330,603.4909210526315,1.1703682307113581e-08,2.9782711606474166e-05
2025-02-13 11:00:00+00:00,603.45,603.47,603.54,114,430,603.4846691176472,8.128799168323275e-08,-0.00011263351718215908
2025-02-13 11:01:00+00:00,603.43,603.38,603.47,430,430,603.425,1.9518644081935347e-08,4.177576701702712e-05
2025-02-13 11:02:00+00:00,603.44,603.4,603.5,430,430,603.45,2.247536591576071e-08,7.215512869329643e-05
2025-02-13 11:03:00+00:00,603.48,603.42,603.53,750,950,603.4685294117647,4.7452855872942704e-08,-3.4383408141436256e-05
2025-02-13 11:04:00+00:00,603.48,603.45,603.51,150,350,603.468,2.5720858363463036e-08,-8.28544347020177e-07
2025-02-13 11:05:00+00:00,603.5,603.45,603.52,150,450,603.4675,1.8459340823890018e-08,0.00012464031312786616
2025-02-13 11:06:00+00:00,603.55,603.5,603.57,401,450,603.5329847238543,2.089320141102449e-08,-1.0528884912819336e-05
2025-02-13 11:07:00+00:00,603.6,603.53,603.59,51,430,603.5363617463618,8.057910078371878e-09,-7.030756988757325e-05
2025-02-13 11:08:00+00:00,603.53,603.48,603.54,130,430,603.4939285714286,1.4742468718449818e-08,-3.4969525134487256e-06
2025-02-13 11:09:00+00:00,603.52,603.48,603.54,130,530,603.4918181818182,6.393149657223773e-08,8.605223238711268e-05
2025-02-13 11:10:00+00:00,603.48,603.49,603.56,430,130,603.54375,5.991677974484754e-08,-6.213302681024047e-06
2025-02-13 11:11:00+00:00,603.52,603.5,603.58,430,430,603.5400000000001,1.838415523848057e-08,8.811929714358513e-06
2025-02-13 11:12:00+00:00,603.51,603.52,603.6,338,730,603.5453183520599,1.954044187963091e-08,0.00010143139647578181
2025-02-13 11:13:00+00:00,603.61,603.56,603.64,430,430,603.6,2.894756701344102e-09,-5.362786500284766e-05
2025-02-13 11:14:00+00:00,603.62,603.53,603.61,530,430,603.5741666666667,3.98353209784778e-08,0.00012190893040942008
2025-02-13 11:15:00+00:00,603.62,603.6,603.65,530,25,603.6477477477478,2.905064548577741e-08,-0.00011844283030060243
2025-02-13 11:16:00+00:00,603.62,603.56,603.63,130,430,603.57625,4.3101053195896615e-08,5.8283558090010956e-05
2025-02-13 11:17:00+00:00,603.62,603.56,603.63,430,130,603.6137499999999,1.703106873229496e-08,2.1165891534336012e-05
2025-02-13 11:18:00+00:00,603.69,603.59,603.66,430,450,603.6242045454546,5.565112898884749e-09,5.478272999837053e-05
2025-02-13 11:19:00+00:00,603.69,603.61,603.69,650,450,603.6572727272727,2.5231456539461698e-08,0.00011426562031746634
2025-02-13 11:20:00+00:00,603.75,603.71,603.78,130,430,603.72625,4.888714923737517e-08,0.0003204291556597738
2025-02-13 11:21:00+00:00,603.9,603.84,603.91,230,400,603.8655555555555,6.727187445434134e-08,-4.893894710589208e-07
2025-02-13 11:22:00+00:00,603.9,603.86,603.92,100,1,603.919405940594,4.0987606577419855e-08,0.0
2025-02-13 11:23:00+00:00,603.9,603.86,603.92,100,1,603.919405940594,1.2385260972159562e-08,-0.00010604078343146028
2025-02-13 11:24:00+00:00,603.91,603.83,603.91,130,280,603.8553658536586,2.080389021286497e-08,-3.667676749485871e-05
2025-02-13 11:25:00+00:00,603.83,603.83,603.87,35,400,603.8332183908046,6.478490070172457e-09,-1.0018671692257897e-07
2025-02-13 11:26:00+00:00,603.84,603.83,603.89,35,630,603.8331578947369,2.380108547864128e-08,0.00014647120862809615
2025-02-13 11:27:00+00:00,603.93,603.88,603.95,230,157,603.9216020671835,1.6470081808787018e-08,-4.404887503994814e-05
2025-02-13 11:28:00+00:00,603.91,603.86,603.93,130,130,603.8950000000001,1.3474904321853218e-08,-3.577102269047838e-05
2025-02-13 11:29:00+00:00,603.91,603.84,603.92,430,600,603.8733980582524,2.4764523786685927e-08,-1.252700473886037e-05
2025-02-13 11:30:00+00:00,603.9,603.83,603.91,430,530,603.8658333333333,2.4486516897988167e-08,-7.36196594716132e-05
2025-02-13 11:31:00+00:00,603.82,603.82,603.87,32,1130,603.8213769363167,1.4567032714807112e-08,0.00010986737527063362
2025-02-13 11:32:00+00:00,603.82,603.87,603.95,430,557,603.9048530901723,8.84780652565135e-09,-6.866707990804688e-05
2025-02-13 11:33:00+00:00,603.88,603.83,603.91,130,130,603.87,1.7882927699293165e-08,3.933120392796141e-05
2025-02-13 11:34:00+00:00,603.88,603.83,603.91,430,430,603.87,2.1236311580656364e-08,-6.899939832605284e-06
2025-02-13 11:35:00+00:00,603.86,603.83,603.91,430,530,603.8658333333333,3.34793685781248e-08,7.934985558333274e-05
2025-02-13 11:36:00+00:00,603.86,603.86,603.93,430,130,603.9137499999999,6.786136653427232e-09,2.870250405573316e-06
2025-02-13 11:37:00+00:00,603.9,603.9,603.95,211,457,603.9157934131737,1.661397378451923e-09,2.4580401686957742e-05
2025-02-13 11:38:00+00:00,603.95,603.93,603.95,2,120,603.9303278688524,1.1187989988267977e-09,-2.747017613302649e-05
2025-02-13 11:39:00+00:00,603.9,603.9,603.95,187,520,603.913224893918,3.008095214198845e-09,-7.583806954103434e-05
2025-02-13 11:40:00+00:00,603.88,603.86,603.93,55,430,603.86793814433,6.074716632514309e-08,-1.2894589506373677e-05
2025-02-13 11:41:00+00:00,603.85,603.82,603.88,430,131,603.8659893048128,1.2390177135348143e-08,5.77095288718521e-05
2025-02-13 11:42:00+00:00,603.86,603.86,603.93,430,430,603.895,2.782074192759712e-08,3.608649323161295e-05
2025-02-13 11:43:00+00:00,603.89,603.86,603.93,430,100,603.9167924528301,8.969839022590802e-09,-0.00010735904664538332
2025-02-13 11:44:00+00:00,603.89,603.85,603.88,30,430,603.8519565217392,5.141961980345052e-09,2.4562470961164706e-05
2025-02-13 11:45:00+00:00,603.86,603.83,603.88,362,130,603.8667886178862,9.688047700433513e-09,3.609314723229673e-05
2025-02-13 11:46:00+00:00,603.9,603.84,603.9,430,129,603.8861538461538,4.1703773729780173e-07,-0.0007428258831662093
2025-02-13 11:47:00+00:00,603.53,603.4,603.5,450,450,603.45,8.957478505681615e-07,-0.000700152459233716
2025-02-13 11:48:00+00:00,603.03,603.0,603.02,20,100,603.0033333333333,3.689270839708164e-07,0.00020483145041816364
2025-02-13 11:49:00+00:00,603.18,603.06,603.15,450,340,603.1112658227848,2.3269280176082235e-07,0.00037965093471115097
2025-02-13 11:50:00+00:00,603.36,603.33,603.42,450,430,603.3760227272727,2.259016458991836e-07,-0.0003534969814279476
2025-02-13 11:51:00+00:00,603.13,603.12,603.21,310,450,603.1567105263158,1.282418915075276e-07,-0.0003206085410435433
2025-02-13 11:52:00+00:00,602.97,602.94,603.04,400,400,602.99,3.420009854684096e-07,0.00011405440971423708
2025-02-13 11:53:00+00:00,602.94,602.97,603.04,450,58,603.0320078740158,1.7124749842144548e-07,0.0001944379240244043
2025-02-13 11:54:00+00:00,603.09,603.09,603.18,450,51,603.1708383233533,2.63697754998114e-07,-0.00023001147123469234
2025-02-13 11:55:00+00:00,602.99,602.94,603.03,350,450,602.979375,7.712221423747763e-08,-0.00014791850238360382
2025-02-13 11:56:00+00:00,602.97,602.92,602.95,25,800,602.920909090909,1.4633353804838086e-07,-4.7192492203196323e-05
2025-02-13 11:57:00+00:00,602.9,602.81,602.9,450,34,602.8936776859504,2.0900646711859908e-07,0.0001730097232441885
2025-02-13 11:58:00+00:00,603.07,602.95,603.05,550,450,603.005,9.549252454404136e-08,0.00039819375359595455
2025-02-13 11:59:00+00:00,603.24,603.19,603.24,430,35,603.2362365591399,7.728168745649362e-08,9.075519087997641e-05
2025-02-13 12:00:00+00:00,603.29,603.22,603.32,530,930,603.256301369863,1.6019281150492488e-07,-0.00021528569029050093
2025-02-13 12:01:00+00:00,603.22,603.16,603.23,15,450,603.1622580645162,1.0251137953706435e-07,0.00036856307903931906
2025-02-13 12:02:00+00:00,603.24,603.36,603.4,25,22,603.3812765957447,3.9715680081076915e-08,-1.6498798602881948e-06
2025-02-13 12:03:00+00:00,603.4,603.37,603.44,125,520,603.3835658914729,5.8512492512161674e-08,3.229786464897799e-05
2025-02-13 12:04:00+00:00,603.35,603.38,603.44,250,330,603.4058620689656,4.8797116194134877e-08,-8.81909091717814e-05
2025-02-13 12:05:00+00:00,603.38,603.34,603.4,51,260,603.3498392282958,8.124427014402155e-08,-2.459473315630234e-05
2025-02-13 12:06:00+00:00,603.37,603.3,603.38,350,450,603.335,6.19476082539924e-08,-0.0001770908409186589
2025-02-13 12:07:00+00:00,603.23,603.2,603.23,279,430,603.2118053596615,4.155375370463383e-08,-0.00018602811653156692
2025-02-13 12:08:00+00:00,603.09,603.08,603.17,420,220,603.1390625,1.3654863414008494e-07,0.000194732353264504
2025-02-13 12:09:00+00:00,603.27,603.23,603.3,32,630,603.2333836858006,1.1820720328970441e-07,-0.0001397349334258946
2025-02-13 12:10:00+00:00,603.23,603.11,603.17,430,230,603.149090909091,7.970852900742749e-08,-0.00021725201199918054
2025-02-13 12:11:00+00:00,602.99,603.0,603.05,130,230,603.0180555555555,9.11857652848591e-08,1.98077724780088e-05
2025-02-13 12:12:00+00:00,603.0,602.99,603.08,430,430,603.0350000000001,4.809074098790229e-08,-0.00018969858778827842
2025-02-13 12:13:00+00:00,602.93,602.87,602.94,430,230,602.9156060606061,3.495193567697995e-08,-0.00016963025379457264
2025-02-13 12:14:00+00:00,602.84,602.81,602.87,55,700,602.814370860927,4.016290594367862e-08,3.693791333980734e-05
2025-02-13 12:15:00+00:00,602.89,602.83,602.87,40,530,602.8328070175439,3.1333243469103484e-08,3.16689920021318e-05
2025-02-13 12:16:00+00:00,602.83,602.81,602.9,55,531,602.8184470989761,1.0892364119971576e-07,0.000323973267616795
2025-02-13 12:17:00+00:00,602.93,603.01,603.06,450,25,603.0573684210526,5.553364555718003e-08,-0.00011607661056300955
2025-02-13 12:18:00+00:00,602.96,602.93,603.0,450,60,602.9917647058824,8.129556967128319e-08,-8.871034866442251e-05
2025-02-13 12:19:00+00:00,602.9,602.85,602.96,430,530,602.8992708333334,8.449005562462502e-08,-0.00017428469455149642
2025-02-13 12:20:00+00:00,602.77,602.76,602.84,430,130,602.8214285714286,1.290434824846341e-07,0.000286883041090924
2025-02-13 12:21:00+00:00,602.81,602.92,603.0,1,35,602.9222222222221,1.1442463383868271e-07,-3.952518666661131e-05
2025-02-13 12:22:00+00:00,603.0,602.97,603.04,1,130,602.970534351145,3.460338657019492e-08,0.00013406952102990033
2025-02-13 12:23:00+00:00,603.06,602.97,603.06,500,23,603.0560420650096,7.953864127398738e-08,-0.00010579779611374907
2025-02-13 12:24:00+00:00,603.0,602.95,603.05,301,420,602.9917475728156,5.669111079259596e-08,1.761878064554523e-05
2025-02-13 12:25:00+00:00,602.95,602.89,603.0,600,10,602.9981967213115,1.227686437113962e-07,0.0003549949972794231
2025-02-13 12:26:00+00:00,603.24,603.21,603.26,20,100,603.2183333333334,6.494443562284396e-08,3.8454923003250485e-05
2025-02-13 12:27:00+00:00,603.23,603.16,603.25,301,950,603.181654676259,1.7686319094006823e-08,-9.192852481831881e-05
2025-02-13 12:28:00+00:00,603.23,603.16,603.2,1,1,603.1800000000001,1.5530972292476562e-08,-9.815701648996367e-05
2025-02-13 12:29:00+00:00,603.15,603.07,603.15,400,230,603.1207936507936,5.687741700271433e-08,3.1844946167591814e-05
2025-02-13 12:30:00+00:00,603.19,603.12,603.2,100,300,603.14,8.942400752790539e-08,0.0002614969961294289
2025-02-13 12:31:00+00:00,603.27,603.21,603.31,400,56,603.2977192982455,2.8881075224375527e-08,-6.78192096960073e-05
2025-02-13 12:32:00+00:00,603.31,603.25,603.3,55,130,603.2648648648649,8.63360398112209e-09,5.6549607179157135e-06
2025-02-13 12:33:00+00:00,603.24,603.24,603.33,134,530,603.2581626506025,3.8920470101472414e-08,5.836124621572125e-05
2025-02-13 12:34:00+00:00,603.3,603.25,603.34,430,422,603.2954225352113,2.3478078173743483e-08,-8.988192200187761e-06
2025-02-13 12:35:00+00:00,603.32,603.26,603.32,31,31,603.2900000000001,5.353425841910541e-08,0.0
2025-02-13 12:36:00+00:00,603.31,603.25,603.33,430,430,603.2900000000001,5.7133759962689145e-09,-4.9343629960119095e-05
2025-02-13 12:37:00+00:00,603.26,603.26,603.31,2,430,603.2602314814815,1.3575468035924382e-08,-6.047387108853997e-07
2025-02-13 12:38:00+00:00,603.24,603.24,603.26,149,1,603.2598666666668,1.834796911778305e-08,5.483450242760313e-07
2025-02-13 12:39:00+00:00,603.26,603.24,603.32,179,530,603.260197461213,4.190048103922084e-09,-8.959137879349655e-07
2025-02-13 12:40:00+00:00,603.26,603.24,603.29,149,230,603.2596569920844,1.3658836377852604e-08,0.0001128464402087026
2025-02-13 12:41:00+00:00,603.25,603.28,603.33,400,19,603.3277326968974,1.8339807610769364e-08,-5.7222863920625144e-05
2025-02-13 12:42:00+00:00,603.29,603.26,603.32,45,430,603.2656842105264,2.40215699687971e-08,-0.00014365005336591796
2025-02-13 12:43:00+00:00,603.18,603.2,603.24,45,230,603.2065454545454,3.781509243648657e-09,2.637135780947375e-05
2025-02-13 12:44:00+00:00,603.22,603.22,603.27,100,630,603.2268493150685,2.3625159342233613e-08,9.791809014503272e-06
2025-02-13 12:45:00+00:00,603.31,603.22,603.29,99,730,603.2283594692401,8.116060739479761e-09,-0.0001282561280291361
2025-02-13 12:46:00+00:00,603.18,603.15,603.2,42,330,603.1556451612903,1.4772126262331161e-08,-1.430179881589666e-05
2025-02-13 12:47:00+00:00,603.13,603.12,603.17,130,220,603.1385714285715,2.5337593872045533e-08,-6.866241340042212e-05
2025-02-13 12:48:00+00:00,603.11,603.1,603.12,10,200,603.1009523809523,5.654462208552286e-08,-0.0001915775721963442
2025-02-13 12:49:00+00:00,603.0,602.95,603.03,430,420,602.9904705882353,6.150169265522931e-08,2.3621479773749954e-05
2025-02-13 12:50:00+00:00,603.01,602.99,603.03,350,1100,602.9996551724138,1.3238690746349417e-07,-0.0004924088409116179
2025-02-13 12:51:00+00:00,602.72,602.7,602.74,657,500,602.7227139152981,7.521339773387113e-08,0.00029965107566498617
2025-02-13 12:52:00+00:00,602.85,602.87,602.92,1500,1100,602.8988461538462,1.1084607137586546e-07,0.0002914336379482574
2025-02-13 12:53:00+00:00,603.01,603.02,603.06,510,1125,603.0324770642202,4.128942684260002e-08,2.6883869534088944e-05
2025-02-13 12:54:00+00:00,603.08,603.02,603.06,12,600,603.0207843137255,1.484450198761481e-07,0.00011797791851386741
2025-02-13 12:55:00+00:00,603.13,603.12,603.15,520,71,603.1463959390863,9.217230726049744e-08,-4.4684830786345664e-05
2025-02-13 12:56:00+00:00,603.16,603.07,603.12,530,1710,603.0818303571428,4.422239369435106e-08,-0.00018118293801594465
2025-02-13 12:57:00+00:00,603.0,603.01,603.03,10,1170,603.0101694915254,7.87928367340424e-08,0.0002433770499152832
2025-02-13 12:58:00+00:00,603.12,603.11,603.16,1100,72,603.1569283276451,9.905510130906212e-08,-4.681491256075532e-05
2025-02-13 12:59:00+00:00,603.14,603.09,603.14,500,1170,603.1049700598803,8.463817792172916e-08,2.884188396157228e-05
2025-02-13 13:00:00+00:00,603.18,603.12,603.17,600,1100,603.1376470588235,8.881048513998543e-08,-6.832935760303638e-05
2025-02-13 13:01:00+00:00,603.08,603.06,603.11,200,700,603.0711111111111,1.0601825152727957e-07,-0.00012390070334888925
2025-02-13 13:02:00+00:00,603.04,603.03,603.06,1,200,603.0301492537313,9.075472644983668e-08,0.00015161711856404025
2025-02-13 13:03:00+00:00,603.1,603.09,603.14,600,700,603.113076923077,8.382641747694591e-08,-5.1755388630336796e-05
2025-02-13 13:04:00+00:00,603.08,603.06,603.11,1701,1100,603.0903641556587,4.743998381044933e-08,-5.149114075886363e-05
2025-02-13 13:05:00+00:00,603.04,603.03,603.08,1700,1200,603.0593103448276,4.039696958046593e-08,-0.0001263768360802997
2025-02-13 13:06:00+00:00,602.97,602.97,603.03,1100,300,603.0171428571429,4.581319857623049e-08,4.3490958944847335e-05
2025-02-13 13:07:00+00:00,603.03,602.98,603.01,1600,37,603.0093219303604,2.0428912741804842e-08,-9.69344303930475e-05
2025-02-13 13:08:00+00:00,602.96,602.95,602.98,120,1170,602.9527906976743,1.0370637555278944e-08,2.8386850914330353e-07
2025-02-13 13:09:00+00:00,602.95,602.94,602.98,1,160,602.940248447205,7.315840135822823e-08,8.634959742037651e-05
2025-02-13 13:10:00+00:00,603.03,603.0,603.04,101,1200,603.0031053036126,1.1601997678588955e-08,-9.524711802710861e-05
2025-02-13 13:11:00+00:00,602.95,602.94,602.95,1131,100,602.9491876523152,3.614486781712148e-08,0.00013992363932580076
2025-02-13 13:12:00+00:00,603.06,603.03,603.07,1,1070,603.0300373482726,5.030130435514811e-08,9.299490851644165e-05
2025-02-13 13:13:00+00:00,603.09,603.06,603.11,1170,1070,603.0861160714285,1.2242003393135237e-07,-4.68083624179938e-05
2025-02-13 13:14:00+00:00,603.06,603.01,603.06,570,1570,603.0233177570093,6.249831620584199e-08,-0.0003110639499193102
2025-02-13 13:15:00+00:00,602.9,602.87,602.9,5,500,602.870297029703,5.522056000650764e-08,-8.027978118052559e-05
2025-02-13 13:16:00+00:00,602.84,602.85,602.89,460,1160,602.8613580246913,9.581034063678861e-08,0.00017800415988711293
2025-02-13 13:17:00+00:00,602.85,602.89,602.95,862,1470,602.9121783876501,7.027790537494521e-08,0.00011302277683578055
2025-02-13 13:18:00+00:00,602.85,602.95,603.0,1600,571,602.9868493781668,1.1208794792796723e-07,5.0897310132080875e-05
2025-02-13 13:19:00+00:00,603.01,603.01,603.05,460,1060,603.0221052631579,5.483538181484682e-08,0.00011459440848970992
2025-02-13 13:20:00+00:00,603.1,603.09,603.13,410,1101,603.1008537392456,9.630548182460146e-08,5.423381601099564e-05
2025-02-13 13:21:00+00:00,603.1,603.11,603.13,1200,9,603.1298511166253,6.272534304446714e-08,4.680249098520939e-05
2025-02-13 13:22:00+00:00,603.16,603.14,603.18,800,970,603.1580790960451,7.647136950664169e-08,-0.00015401628932010247
2025-02-13 13:23:00+00:00,603.12,603.06,603.1,170,470,603.070625,5.762213283311197e-08,0.0001361209414296738
2025-02-13 13:24:00+00:00,603.12,603.11,603.16,900,1000,603.1336842105263,7.253122110812314e-08,-8.159872279334124e-05
2025-02-13 13:25:00+00:00,603.1,603.08,603.1,600,24,603.0992307692308,5.989520481922231e-08,5.2443145617697695e-05
2025-02-13 13:26:00+00:00,603.09,603.11,603.13,1500,24,603.1296850393701,3.2922333056286066e-08,8.870182408182714e-05
2025-02-13 13:27:00+00:00,603.08,603.14,603.19,1020,161,603.183183742591,5.193014965918588e-08,-0.000123373166409535
2025-02-13 13:28:00+00:00,603.12,603.08,603.11,1400,60,603.1087671232877,6.176003511735021e-08,-0.00014115324513908067
2025-02-13 13:29:00+00:00,603.02,603.0,603.06,1705,1000,603.037818853974,1.9676268187304677e-07,0.00026059596986161004
2025-02-13 13:30:00+00:00,603.37,603.18,603.37,1,242,603.1807818930041,1.3905214428225833e-05,-1.184641418006116e-05
2025-02-13 13:31:00+00:00,603.21,603.18,603.21,500,885,603.1908303249097,4.1869549421951586e-07,-0.0003652398198819018
2025-02-13 13:32:00+00:00,602.91,602.9,602.96,5,800,602.9003726708074,5.119727455633617e-07,0.0006240460185906738
2025-02-13 13:33:00+00:00,603.27,603.2,603.28,1000,500,603.2533333333333,4.2246567662334953e-07,0.0011019523651485397
2025-02-13 13:34:00+00:00,604.06,604.05,604.13,530,500,604.0911650485438,5.283784631975872e-07,0.00010044333792258442
2025-02-13 13:35:00+00:00,604.01,604.05,604.11,550,150,604.0971428571429,2.0199167095514738e-07,0.00014180422710508012
2025-02-13 13:36:00+00:00,604.15,604.14,604.2,150,1150,604.146923076923,1.8511504145460657e-07,0.00026356567432683775
2025-02-13 13:37:00+00:00,604.28,604.27,604.33,650,150,604.31875,1.3892814270241702e-07,0.00023994704616936424
2025-02-13 13:38:00+00:00,604.44,604.45,604.5,550,1150,604.4661764705883,1.3340285172329492e-07,0.00017003660842229706
2025-02-13 13:39:00+00:00,604.54,604.52,604.57,250,100,604.5557142857143,1.8140720358121289e-07,-0.00026153161437691974
2025-02-13 13:40:00+00:00,604.34,604.33,604.38,150,1100,604.336,3.04417192513409e-07,0.00028049880249381154
2025-02-13 13:41:00+00:00,604.49,604.55,604.56,600,25,604.5595999999999,1.82987435531961e-07,-1.99436926228147e-05
2025-02-13 13:42:00+00:00,604.56,604.54,604.59,95,570,604.5471428571428,1.328232739590153e-07,0.00016186850605981462
2025-02-13 13:43:00+00:00,604.66,604.63,604.68,560,135,604.6702877697842,8.536874392537759e-08,-0.00021997163723130875
2025-02-13 13:44:00+00:00,604.52,604.51,604.55,105,2000,604.5119952494061,7.864852018003058e-08,-0.0001120069339443086
2025-02-13 13:45:00+00:00,604.54,604.42,604.46,510,500,604.4401980198021,1.7193026874040714e-07,-0.00014874183504864913
2025-02-13 13:46:00+00:00,604.35,604.31,604.36,1070,500,604.344076433121,5.763161052515422e-08,-0.00037309095857085417
2025-02-13 13:47:00+00:00,604.11,604.13,604.18,1400,570,604.1655329949238,7.056316446773511e-08,-4.796198328627099e-05
2025-02-13 13:48:00+00:00,604.13,604.09,604.12,400,500,604.1033333333334,8.92546007845948e-08,0.00034154086826543306
2025-02-13 13:49:00+00:00,604.32,604.3,604.32,100,500,604.3033333333333,3.8940383304713046e-07,0.00010406365371395943
2025-02-13 13:50:00+00:00,604.42,604.29,604.35,110,1070,604.2955932203389,1.7877646710859398e-07,-0.00012931667623250487
2025-02-13 13:51:00+00:00,604.31,604.28,604.33,470,1670,604.2909813084112,1.1505219704355056e-07,0.00018764749945998638
2025-02-13 13:52:00+00:00,604.41,604.34,604.39,1600,500,604.3780952380953,1.207459118703744e-07,-0.00030508782018034974
2025-02-13 13:53:00+00:00,604.18,604.19,604.22,1400,1,604.2199785867238,6.708815020414583e-08,-0.00014469823940677085
2025-02-13 13:54:00+00:00,604.1,604.11,604.16,460,560,604.1325490196078,8.207596139283278e-08,5.05757034903187e-05
2025-02-13 13:55:00+00:00,604.19,604.15,604.2,1570,550,604.1870283018868,1.1996168722166802e-07,7.348438107301902e-05
2025-02-13 13:56:00+00:00,604.2,604.17,604.22,1500,1300,604.1967857142857,8.016948674616261e-08,0.00016926789835691736
2025-02-13 13:57:00+00:00,604.31,604.25,604.32,600,500,604.2881818181818,5.769910365454362e-08,0.0002846971136780674
2025-02-13 13:58:00+00:00,604.44,604.43,604.47,470,1300,604.4406214689265,6.690472865428704e-08,0.00010351594985058554
2025-02-13 13:59:00+00:00,604.54,604.54,604.58,685,1000,604.5562611275965,4.714795156547444e-08,0.00010341529503876679
2025-02-13 14:00:00+00:00,604.62,604.58,604.63,1352,1560,604.6032142857143,5.520157929600042e-08,-0.00020718861368784758
2025-02-13 14:01:00+00:00,604.48,604.47,604.5,200,6703,604.4708691873099,7.458561821400082e-08,-4.683593045107237e-05
2025-02-13 14:02:00+00:00,604.49,604.46,604.5,500,5715,604.4632180209172,5.870508485106155e-08,-1.2357664007756064e-05
2025-02-13 14:03:00+00:00,604.42,604.41,604.45,400,500,604.4277777777778,7.14679914044733e-08,4.7024302925802175e-05
2025-02-13 14:04:00+00:00,604.45,604.47,604.5,100,600,604.4742857142858,6.355538447346277e-08,1.772496525909162e-05
2025-02-13 14:05:00+00:00,604.5,604.47,604.52,500,1200,604.484705882353,8.232928715046815e-08,-0.0002217810802698228
2025-02-13 14:06:00+00:00,604.4,604.35,604.4,21,1100,604.3509366636931,5.402231144927808e-08,-4.073936636039832e-06
2025-02-13 14:07:00+00:00,604.32,604.31,604.35,2000,90,604.3482775119617,6.72857893866485e-08,5.213056831365748e-05
2025-02-13 14:08:00+00:00,604.32,604.35,604.38,470,71,604.3760628465803,4.227286196192397e-08,6.632266109019014e-05
2025-02-13 14:09:00+00:00,604.43,604.42,604.45,1,470,604.4200636942675,2.1847419575373615e-07,-1.2757275203445495e-05
2025-02-13 14:10:00+00:00,604.4,604.38,604.43,1200,600,604.4133333333333,6.763744272613142e-08,-6.038888337411841e-05
2025-02-13 14:11:00+00:00,604.38,604.35,604.4,1500,1401,604.3758531540848,5.021090449146219e-08,4.8639242707260166e-05
2025-02-13 14:12:00+00:00,604.37,604.4,604.44,1,470,604.4000849256901,5.557044698721849e-08,0.00018985682568928297
2025-02-13 14:13:00+00:00,604.51,604.5,604.54,200,200,604.52,3.7709706400471987e-08,-5.263379510711541e-05
2025-02-13 14:14:00+00:00,604.51,604.44,604.49,171,460,604.4535499207608,3.1096127353969365e-08,6.233413971856727e-05
2025-02-13 14:15:00+00:00,604.51,604.49,604.53,600,160,604.5215789473684,1.0660818029669854e-07,-0.00022139376962893031
2025-02-13 14:16:00+00:00,604.35,604.37,604.42,370,470,604.3920238095238,8.88933271406475e-08,-2.663116847534397e-05
2025-02-13 14:17:00+00:00,604.37,604.34,604.41,1100,570,604.3861077844311,3.622777233718607e-08,5.5685853875830915e-05
2025-02-13 14:18:00+00:00,604.39,604.38,604.41,71,1,604.4095833333333,8.255828926356949e-08,3.71858600787256e-05
2025-02-13 14:19:00+00:00,604.42,604.4,604.45,102,1500,604.4031835205992,5.0724872502771134e-08,0.00010541142913078616
2025-02-13 14:20:00+00:00,604.52,604.48,604.51,125,1000,604.4833333333333,4.840678130838281e-08,9.128740297903448e-06
2025-02-13 14:21:00+00:00,604.5,604.5,604.52,100,1349,604.5013802622499,1.6849076674732343e-08,6.509025350931452e-05
2025-02-13 14:22:00+00:00,604.54,604.53,604.55,100,88,604.5406382978723,2.2547318098506678e-08,5.674451063364394e-05
2025-02-13 14:23:00+00:00,604.58,604.55,604.58,2050,294,604.5762372013652,2.7916184665687212e-08,5.786689657938382e-05
2025-02-13 14:24:00+00:00,604.62,604.62,604.64,500,1,604.6399600798403,6.284203625334366e-08,5.5399822322499404e-05
2025-02-13 14:25:00+00:00,604.64,604.62,604.67,100,1049,604.6243516100957,5.35187733841694e-08,4.511934460205147e-05
2025-02-13 14:26:00+00:00,604.72,604.64,604.68,2300,449,604.6734667151691,2.62031580120691e-08,-0.00020079351102131326
2025-02-13 14:27:00+00:00,604.56,604.52,604.56,50,1614,604.5212019230769,3.237255872957621e-08,-0.00021130054259155262
2025-02-13 14:28:00+00:00,604.43,604.42,604.44,6,2049,604.4200583941605,4.133335708338026e-08,5.710605309294792e-06
2025-02-13 14:29:00+00:00,604.44,604.41,604.42,100,2049,604.4104653327129,1.1281451842510738e-07,0.00020474004218895558
2025-02-13 14:30:00+00:00,604.58,604.48,604.56,6179,6900,604.517794938451,2.071045238714714e-07,-1.5540783585121787e-05
2025-02-13 14:31:00+00:00,604.58,604.57,604.59,1100,100,604.5883333333334,2.2022431328676885e-07,0.00036130474768913956
2025-02-13 14:32:00+00:00,604.75,604.77,604.8,650,100,604.7959999999999,1.404231654710356e-07,5.1570629779007504e-05
2025-02-13 14:33:00+00:00,604.76,604.79,604.82,500,623,604.8033570792519,1.2897924486754985e-07,0.00010267469523594919
2025-02-13 14:34:00+00:00,604.85,604.84,604.87,800,250,604.8628571428571,1.1313419955857191e-07,-0.00045648202445824904
2025-02-13 14:35:00+00:00,604.58,604.53,604.56,300,1050,604.5366666666666,1.673344579979449e-07,-0.0001650274881347391
2025-02-13 14:36:00+00:00,604.49,604.5,604.52,100,770,604.5022988505747,8.756240735269542e-08,-1.0284929969905932e-06
2025-02-13 14:37:00+00:00,604.46,604.46,604.48,170,372,604.4662730627307,7.558010331476024e-08,-0.0006992499469403723
2025-02-13 14:38:00+00:00,604.05,604.03,604.06,419,650,604.0417586529467,1.6553565175386878e-07,-0.001161690591523934
2025-02-13 14:39:00+00:00,603.35,603.29,603.32,100,850,603.2931578947369,1.5223725326280405e-07,0.0006233302988629674
2025-02-13 14:40:00+00:00,603.77,603.75,603.76,451,5,603.7598903508772,1.6839794157703783e-07,0.0001155300844570828
2025-02-13 14:41:00+00:00,603.84,603.82,603.84,1210,200,603.8371631205674,1.6604485684005703e-07,-0.0002138553418704614
2025-02-13 14:42:00+00:00,603.69,603.65,603.68,490,300,603.6686075949367,1.1115650952036543e-07,0.000609814808871123
2025-02-13 14:43:00+00:00,604.04,604.03,604.04,100,55,604.0364516129032,1.253430574036515e-07,0.0003405413535295665
2025-02-13 14:44:00+00:00,604.25,604.25,604.26,13,1900,604.2500679560899,1.315549305687956e-07,0.0003208611651968063
2025-02-13 14:45:00+00:00,604.44,604.43,604.45,160,1460,604.4319753086419,1.282794167697782e-07,-3.6248099264724054e-05
2025-02-13 14:46:00+00:00,604.41,604.39,604.41,300,500,604.3975,9.684357383589905e-08,0.0002842061181891342
2025-02-13 14:47:00+00:00,604.58,604.57,604.59,500,900,604.5771428571428,1.8627938206824394e-07,-0.0008642895997400535
2025-02-13 14:48:00+00:00,604.08,604.06,604.09,800,102,604.0866075388027,1.4018684563089844e-07,6.296504438196848e-05
2025-02-13 14:49:00+00:00,604.11,604.07,604.09,100,1610,604.0711695906433,1.0406195054141656e-07,-0.00011830177055305313
2025-02-13 14:50:00+00:00,604.06,604.04,604.07,300,970,604.0470866141732,1.1125504095002847e-07,0.00010400438842350646
2025-02-13 14:51:00+00:00,604.13,604.11,604.14,400,1120,604.1178947368421,1.2004475345790963e-07,-7.69517243073281e-05
2025-02-13 14:52:00+00:00,604.06,604.04,604.07,470,570,604.0535576923077,1.1518165019312697e-07,0.0003397081130489532
2025-02-13 14:53:00+00:00,604.29,604.27,604.29,460,1100,604.2758974358974,1.7081123116587674e-07,0.00014392219231162962
2025-02-13 14:54:00+00:00,604.35,604.33,604.35,270,700,604.3355670103093,1.2279481934620205e-07,1.3276129250394675e-05
2025-02-13 14:55:00+00:00,604.34,604.33,604.36,100,670,604.3338961038961,1.1514402688767879e-07,0.00045499095710455073
2025-02-13 14:56:00+00:00,604.61,604.59,604.62,939,472,604.609964564139,9.330064203281563e-08,0.00020291926543669625
2025-02-13 14:57:00+00:00,604.72,604.73,604.74,615,8,604.739871589085,8.342775195945512e-08,0.00011341923435481682
2025-02-13 14:58:00+00:00,604.81,604.78,604.8,552,250,604.7937655860349,7.934723757963686e-08,6.876379485221129e-05
2025-02-13 14:59:00+00:00,604.85,604.83,604.85,470,50,604.848076923077,7.188044449260932e-08,-0.00014109071033507892
2025-02-13 15:00:00+00:00,604.83,604.81,604.84,860,1300,604.8219444444444,1.1731595337168935e-07,0.00034942937477921987
2025-02-13 15:01:00+00:00,604.97,604.95,604.98,460,1924,604.955788590604,1.229974791190177e-07,-0.00021641149186701902
2025-02-13 15:02:00+00:00,604.85,604.86,604.89,820,1920,604.8689781021898,4.692418722768731e-07,0.0011073879815481913
2025-02-13 15:03:00+00:00,605.5,605.5,605.52,170,600,605.5044155844156,1.60998598684322e-07,-0.00016740967032036203
2025-02-13 15:04:00+00:00,605.39,605.38,605.41,471,770,605.3913859790491,1.7769806533340284e-07,-0.0005663762566860964
2025-02-13 15:05:00+00:00,605.06,605.09,605.13,895,1350,605.1059465478842,9.83635198545623e-08,0.00023439412326653475
2025-02-13 15:06:00+00:00,605.22,605.2,605.22,60,500,605.2021428571429,2.2496739513137283e-07,-0.0006254883285417012
2025-02-13 15:07:00+00:00,604.82,604.82,604.85,336,1150,604.8267833109018,3.3881282924621585e-07,5.723268497925815e-05
2025-02-13 15:08:00+00:00,604.87,604.85,604.88,330,1050,604.8571739130435,1.594075486146226e-07,-4.176739122363493e-05
2025-02-13 15:09:00+00:00,604.86,604.84,604.86,100,559,604.8430349013657,1.7976668301864686e-07,9.430968626622516e-05
2025-02-13 15:10:00+00:00,604.9,604.91,604.92,200,300,604.914,1.3320383632711925e-07,0.0003404687537629236
2025-02-13 15:11:00+00:00,605.12,605.11,605.13,200,1520,605.1123255813953,1.79745826984876e-07,0.0005061877801089132
2025-02-13 15:12:00+00:00,605.42,605.41,605.43,661,3,605.4299096385541,3.15695611889379e-07,-0.00030103644843826327
2025-02-13 15:13:00+00:00,605.26,605.23,605.25,100,100,605.24,1.9038887934011407e-07,0.00016954378468270193
2025-02-13 15:14:00+00:00,605.35,605.33,605.35,460,100,605.3464285714285,1.2246305709511097e-07,-0.00011339132321019907
2025-02-13 15:15:00+00:00,605.29,605.27,605.29,270,64,605.2861676646706,6.96789820773966e-08,0.0002309798743462821
2025-02-13 15:16:00+00:00,605.4,605.42,605.44,1000,9,605.43982160555,5.276006773913305e-08,0.00032088151455766933
2025-02-13 15:17:00+00:00,605.61,605.61,605.63,700,174,605.6260183066362,5.3445991009889435e-08,0.0003483261179144659
2025-02-13 15:18:00+00:00,605.83,605.82,605.83,14,1399,605.8200990799717,9.93775647435178e-08,8.555747109229017e-06
2025-02-13 15:19:00+00:00,605.83,605.83,605.85,550,65,605.8478861788618,1.3502079775686336e-07,0.0005236720377623794
2025-02-13 15:20:00+00:00,606.16,606.11,606.12,10,250,606.1103846153846,1.655946101900805e-07,-3.918777325928602e-05
2025-02-13 15:21:00+00:00,606.12,606.12,606.15,1150,1060,606.1356108597284,1.0070475854495505e-07,-2.8831171920651322e-05
2025-02-13 15:22:00+00:00,606.09,606.09,606.12,250,570,606.0991463414634,1.2389568904844681e-07,0.0004239426776571076
2025-02-13 15:23:00+00:00,606.35,606.34,606.36,860,160,606.356862745098,6.364781931159716e-08,-0.00037257922474376315
2025-02-13 15:24:00+00:00,606.18,606.18,606.2,1000,100,606.1981818181819,6.789614037628936e-08,0.00010208671051481488
2025-02-13 15:25:00+00:00,606.2,606.19,606.22,670,1800,606.1981376518219,8.34488137184021e-08,0.00019936436296741356
2025-02-13 15:26:00+00:00,606.33,606.31,606.33,150,700,606.3135294117646,9.679269205058225e-08,-0.0005762145861746282
2025-02-13 15:27:00+00:00,605.98,605.96,605.99,1528,660,605.9809506398537,1.254023550479209e-07,-0.00012465175521236826
2025-02-13 15:28:00+00:00,605.85,605.83,605.86,600,1510,605.8385308056872,1.2080583146813727e-07,0.0002769810505052206
2025-02-13 15:29:00+00:00,606.05,606.04,606.06,500,550,606.0495238095239,1.1933584667655187e-07,3.6364477014716456e-05
2025-02-13 15:30:00+00:00,606.08,606.05,606.08,2220,470,606.0747583643123,7.049349544344092e-08,-4.0237785248420366e-05
2025-02-13 15:31:00+00:00,606.01,606.01,606.02,600,100,606.0185714285715,7.336964313686584e-08,0.00020603704842181436
2025-02-13 15:32:00+00:00,606.18,606.17,606.19,700,100,606.1875000000001,6.947639387681645e-08,0.00012788962707976914
2025-02-13 15:33:00+00:00,606.29,606.28,606.3,250,400,606.2876923076923,6.195005581550206e-08,0.0001731576429131465
2025-02-13 15:34:00+00:00,606.37,606.38,606.39,300,1,606.3899667774086,7.121699837616679e-08,2.9610616642861132e-05
2025-02-13 15:35:00+00:00,606.35,606.35,606.38,1460,660,606.3706603773585,9.367711288234601e-08,0.00010489906264554705
2025-02-13 15:36:00+00:00,606.43,606.42,606.43,100,400,606.4219999999999,6.233875575146966e-08,0.0001704538927584931
2025-02-13 15:37:00+00:00,606.52,606.51,606.54,800,500,606.5284615384616,6.208854031994649e-08,9.809472855559775e-06
2025-02-13 15:38:00+00:00,606.59,606.58,606.6,400,26,606.598779342723,4.260852909955877e-08,0.00016024362905464606
2025-02-13 15:39:00+00:00,606.65,606.64,606.65,250,294,606.6445955882353,6.278888870127907e-07,0.00045978119182987776
2025-02-13 15:40:00+00:00,606.94,606.91,606.94,660,716,606.9243895348837,8.640736705804428e-08,0.0003962617931136947
2025-02-13 15:41:00+00:00,607.15,607.14,607.16,400,300,607.1514285714286,9.879197625429038e-08,-0.00013135064308833488
2025-02-13 15:42:00+00:00,607.07,607.07,607.09,1400,371,607.0858102766798,6.051412945724038e-08,0.0001608531703867211
2025-02-13 15:43:00+00:00,607.2,607.19,607.21,1450,105,607.2086495176849,7.415564808734191e-08,0.0003354358870930607
2025-02-13 15:44:00+00:00,607.39,607.39,607.4,100,938,607.3909633911368,5.302471345756057e-08,-0.0002536617334646385
2025-02-13 15:45:00+00:00,607.25,607.24,607.27,1360,1106,607.2565450121655,7.941913511689193e-08,-1.7334973222427053e-06
2025-02-13 15:46:00+00:00,607.23,607.21,607.23,2370,100,607.2291902834008,6.387972844985448e-08,-8.308928280631456e-05
2025-02-13 15:47:00+00:00,607.2,607.2,607.21,100,100,607.205,3.899969271155903e-08,-0.00017602772276159584
2025-02-13 15:48:00+00:00,607.08,607.04,607.07,400,660,607.051320754717,6.305438604073747e-08,6.922323415770038e-05
2025-02-13 15:49:00+00:00,607.11,607.09,607.12,405,560,607.1025906735752,3.619591895287266e-08,1.4852053660252551e-05
2025-02-13 15:50:00+00:00,607.12,607.08,607.11,600,900,607.092,4.2153197984030865e-08,-0.00014150198717743923
2025-02-13 15:51:00+00:00,607.04,607.02,607.05,912,860,607.035440180587,5.296638161250217e-08,5.820198241024421e-05
2025-02-13 15:52:00+00:00,607.07,607.07,607.08,300,1100,607.0721428571428,4.192300556532192e-08,-0.00037569662215308774
2025-02-13 15:53:00+00:00,606.86,606.83,606.86,800,1605,606.8399792099792,4.6049034311643904e-08,0.0001592940964507683
2025-02-13 15:54:00+00:00,606.93,606.92,606.94,100,1260,606.9214705882353,4.2393185073074224e-08,3.0990908326478106e-05
2025-02-13 15:55:00+00:00,606.95,606.93,606.94,500,744,606.9340192926045,4.424830045808182e-08,-0.0004247368969451104
2025-02-13 15:56:00+00:00,606.71,606.7,606.71,121,700,606.701473812424,7.352027954871506e-08,0.00019811511921918878
2025-02-13 15:57:00+00:00,606.82,606.81,606.84,960,1560,606.8214285714286,4.418423192766527e-08,0.00012487831099461388
2025-02-13 15:58:00+00:00,606.9,606.9,606.92,110,653,606.902883355177,2.277172141422865e-08,0.0001521609262837842
2025-02-13 15:59:00+00:00,607.0,606.99,607.02,400,612,607.0018577075099,5.17632453153977e-08,0.00020756536188382135
2025-02-13 16:00:00+00:00,607.09,607.08,607.1,100,360,607.0843478260871,7.094811829357164e-08,-0.0001793337651477822
2025-02-13 16:01:00+00:00,606.99,606.99,607.0,9,570,606.9901554404145,4.065908126443865e-08,-1.154466792663289e-05
2025-02-13 16:02:00+00:00,607.0,606.98,607.0,270,670,606.9857446808512,4.381305941363871e-08,8.062589914592522e-06
2025-02-13 16:03:00+00:00,607.02,607.02,607.04,2000,200,607.0381818181818,2.8994926262462965e-08,1.8090968626705006e-05
2025-02-13 16:04:00+00:00,607.02,607.01,607.03,1805,200,607.0280049875312,3.034780723110605e-08,5.8729905671794924e-05
2025-02-13 16:05:00+00:00,607.06,607.06,607.07,65,785,607.0607647058823,2.5351931461741524e-08,0.0001136537597594689
2025-02-13 16:06:00+00:00,607.12,607.12,607.13,2100,100,607.1295454545455,4.3569638356480065e-08,0.00040146961278653137
2025-02-13 16:07:00+00:00,607.34,607.33,607.35,270,700,607.3355670103093,2.677822073540382e-08,7.180871958745172e-05
2025-02-13 16:08:00+00:00,607.41,607.4,607.42,2312,600,607.415879120879,2.818204704544267e-08,-0.00023771468422539854
2025-02-13 16:09:00+00:00,607.26,607.23,607.25,2562,100,607.2492486851991,4.1413576056002755e-08,-7.105641399229867e-05
2025-02-13 16:10:00+00:00,607.23,607.21,607.23,112,1301,607.2115852795471,3.6943883511903166e-08,0.0001881789615674201
2025-02-13 16:11:00+00:00,607.34,607.32,607.34,820,400,607.3334426229509,1.4891577838108948e-08,0.0002133916705464589
2025-02-13 16:12:00+00:00,607.47,607.46,607.47,617,770,607.4644484498918,2.1074660263506963e-08,-8.642939282299533e-05
2025-02-13 16:13:00+00:00,607.43,607.41,607.44,770,1400,607.4206451612904,3.167959091741047e-08,-6.355657742196374e-05
2025-02-13 16:14:00+00:00,607.38,607.36,607.38,1270,2,607.3799685534591,2.9217363044632038e-08,1.948580146127199e-06
2025-02-13 16:15:00+00:00,607.38,607.37,607.39,1164,100,607.388417721519,4.1365980475938596e-08,-5.676254942388326e-05
2025-02-13 16:16:00+00:00,607.34,607.33,607.35,355,400,607.3394039735099,2.7461621026396345e-08,-0.00028355349464137536
2025-02-13 16:17:00+00:00,607.15,607.15,607.16,500,100,607.1583333333333,3.4953403241613437e-08,-0.0001358013832073457
2025-02-13 16:18:00+00:00,607.1,607.1,607.11,400,329,607.10548696845,3.602091499195346e-08,0.000236181981408512
2025-02-13 16:19:00+00:00,607.23,607.23,607.25,100,810,607.2321978021979,1.7103083034774512e-08,0.0002106908751724479
2025-02-13 16:20:00+00:00,607.35,607.34,607.36,687,1501,607.3462797074955,1.958152742454431e-08,-0.000148094847837843
2025-02-13 16:21:00+00:00,607.26,607.26,607.27,2,102,607.2601923076923,3.397117926093088e-08,-0.0002916995872793704
2025-02-13 16:22:00+00:00,607.09,607.08,607.1,95,1439,607.0812385919166,3.065871893339548e-08,4.679493909720556e-05
2025-02-13 16:23:00+00:00,607.12,607.12,607.13,900,514,607.1263649222064,2.373747512910912e-08,4.8353869432693486e-05
2025-02-13 16:24:00+00:00,607.15,607.15,607.16,200,14,607.1593457943926,2.6678887962935335e-08,0.00025417808107985884
2025-02-13 16:25:00+00:00,607.29,607.27,607.29,1206,360,607.2854022988505,4.535230410374106e-08,-0.0006061936534158541
2025-02-13 16:26:00+00:00,606.95,606.95,606.97,300,400,606.9585714285714,4.848273478474989e-08,-0.00019185310221070395
2025-02-13 16:27:00+00:00,606.81,606.82,606.83,800,100,606.828888888889,4.830671163128457e-08,-5.834462260434492e-06
2025-02-13 16:28:00+00:00,606.8,606.8,606.82,288,1770,606.8027988338192,4.000484089766123e-08,-0.0002541332772337812
2025-02-13 16:29:00+00:00,606.65,606.65,606.66,790,100,606.6588764044943,3.604073939609735e-08,6.447906403872494e-05
2025-02-13 16:30:00+00:00,606.69,606.68,606.7,800,270,606.6949532710281,5.221021760702403e-08,-0.00013331387643222836
2025-02-13 16:31:00+00:00,606.6,606.6,606.62,900,260,606.6155172413793,6.953279053870457e-08,-0.00032001549052917966
2025-02-13 16:32:00+00:00,606.42,606.42,606.44,950,100,606.4380952380952,1.0034229855440596e-07,0.0001881096386036063
2025-02-13 16:33:00+00:00,606.52,606.51,606.53,700,360,606.5232075471698,7.974030647228894e-08,-3.256443348265137e-05
2025-02-13 16:34:00+00:00,606.53,606.53,606.56,963,100,606.5571777986829,4.866869175061256e-08,0.00043879554128012366
2025-02-13 16:35:00+00:00,606.78,606.78,606.79,20,100,606.7816666666666,3.7007158678402616e-08,1.7232148345591725e-05
2025-02-13 16:36:00+00:00,606.79,606.78,606.79,300,1660,606.7815306122448,6.737399624336427e-08,7.032661431471965e-05
2025-02-13 16:37:00+00:00,606.84,606.83,606.85,850,100,606.8478947368421,7.092039284349769e-08,-6.617654515339577e-05
2025-02-13 16:38:00+00:00,606.79,606.79,606.82,650,1207,606.8005008077545,5.102378055292315e-08,-0.00020930996292134463
2025-02-13 16:39:00+00:00,606.66,606.65,606.67,300,354,606.6591743119266,3.085692155433825e-08,-0.00015627382386951272
2025-02-13 16:40:00+00:00,606.6,606.6,606.61,1300,20,606.6098484848485,3.0338183800439695e-08,0.00030324264807268797
2025-02-13 16:41:00+00:00,606.76,606.75,606.77,1170,89,606.7685861795076,2.993960616184556e-08,-6.04303741371659e-05
2025-02-13 16:42:00+00:00,606.71,606.71,606.73,260,160,606.7223809523811,2.5317511880146322e-08,-7.32533650849021e-07
2025-02-13 16:43:00+00:00,606.73,606.73,606.74,960,25,606.7397461928934,3.8304665127326244e-08,-0.00025564300934166617
2025-02-13 16:44:00+00:00,606.58,606.56,606.58,1000,267,606.5757853196527,2.8486006088888597e-08,0.00016668271684738833
2025-02-13 16:45:00+00:00,606.66,606.65,606.67,700,215,606.6653005464481,2.8373153315184332e-08,7.637097759349842e-05
2025-02-13 16:46:00+00:00,606.71,606.68,606.71,820,1200,606.6921782178217,2.6898603408558988e-08,-9.13822861514646e-05
2025-02-13 16:47:00+00:00,606.68,606.65,606.66,4,166,606.6502352941176,3.748078015028604e-08,5.162998740382285e-05
2025-02-13 16:48:00+00:00,606.67,606.67,606.68,30,701,606.6704103967169,1.9172624123459702e-08,-1.915492140558417e-05
2025-02-13 16:49:00+00:00,606.67,606.67,606.68,10,670,606.6701470588234,1.8942636313251372e-08,7.162087395573558e-05
2025-02-13 16:50:00+00:00,606.73,606.71,606.74,601,1100,606.7205996472663,2.8027162995967202e-08,0.00017106062560490187
2025-02-13 16:51:00+00:00,606.82,606.82,606.83,1060,200,606.8284126984128,3.1967983565139956e-08,-0.00022557790227539787
2025-02-13 16:52:00+00:00,606.67,606.67,606.68,197,850,606.6718815663801,4.415839610669356e-08,-0.00028928179216303196
2025-02-13 16:53:00+00:00,606.49,606.48,606.5,1160,100,606.4984126984127,2.966693861449044e-08,-0.00020422993574298332
2025-02-13 16:54:00+00:00,606.38,606.36,606.39,800,670,606.3763265306122,4.32855394817764e-08,-9.241141850069301e-05
2025-02-13 16:55:00+00:00,606.35,606.33,606.35,230,110,606.3435294117646,4.303572255110904e-08,-0.00028428904190125337
2025-02-13 16:56:00+00:00,606.16,606.14,606.17,300,1101,606.1464239828694,6.362894741960187e-08,-0.00028145000971591116
2025-02-13 16:57:00+00:00,606.0,605.99,606.01,1210,100,606.0084732824428,1.380532713816642e-07,-1.5071681089717792e-05
2025-02-13 16:58:00+00:00,606.0,606.0,606.02,570,770,606.0085074626865,5.2696100240488565e-08,9.657819259878409e-07
2025-02-13 16:59:00+00:00,605.98,605.98,606.0,670,174,605.9958767772512,6.714037329308714e-08,0.00019896705389155223
2025-02-13 17:00:00+00:00,606.1,606.09,606.12,900,900,606.105,7.80211137439138e-08,-0.00044395678408648553
2025-02-13 17:01:00+00:00,605.8,605.79,605.81,1178,200,605.8070972423802,7.939436713958786e-08,0.000664255340231179
2025-02-13 17:02:00+00:00,606.23,606.22,606.24,600,260,606.2339534883721,5.605306425777224e-08,0.00010713240266269075
2025-02-13 17:03:00+00:00,606.32,606.3,606.33,30,1550,606.3005696202531,4.278346690430708e-08,0.00017658979921053586
2025-02-13 17:04:00+00:00,606.41,606.39,606.41,724,200,606.405670995671,2.7805608353580035e-08,0.00010198747518663787
2025-02-13 17:05:00+00:00,606.46,606.45,606.47,2,1828,606.4500218579235,3.924992979511364e-08,-3.884393145503484e-05
2025-02-13 17:06:00+00:00,606.47,606.45,606.48,2080,670,606.4726909090909,2.8491938697820022e-08,8.60452838040704e-05
2025-02-13 17:07:00+00:00,606.5,606.47,606.49,780,100,606.4877272727272,2.5326312046788665e-08,0.00018997632476347448
2025-02-13 17:08:00+00:00,606.62,606.59,606.6,100,403,606.5919880715707,2.59763536877516e-08,-0.00012263799154021982
2025-02-13 17:09:00+00:00,606.53,606.53,606.54,100,280,606.5326315789473,4.520274519262363e-08,-0.00015339180817930398
2025-02-13 17:10:00+00:00,606.45,606.45,606.47,1370,100,606.4686394557823,6.053534468012992e-08,9.942931510931174e-05
2025-02-13 17:11:00+00:00,606.5,606.5,606.53,270,760,606.5078640776699,5.230757555303877e-08,-0.00037921115537042915
2025-02-13 17:12:00+00:00,606.26,606.25,606.27,200,200,606.26,5.917935509609089e-08,-0.0002057285222747396
2025-02-13 17:13:00+00:00,606.16,606.13,606.16,370,610,606.1413265306122,4.6693464038393564e-08,6.117848639908274e-05
2025-02-13 17:14:00+00:00,606.18,606.17,606.18,4,581,606.1700683760682,3.350252179965957e-08,7.892058674818792e-05
2025-02-13 17:15:00+00:00,606.23,606.22,606.24,1500,200,606.2376470588235,4.441162043903143e-08,3.299603566353504e-05
2025-02-13 17:16:00+00:00,606.28,606.26,606.29,620,1075,606.2709734513274,2.4738841747003984e-08,-0.00012142855167873723
2025-02-13 17:17:00+00:00,606.19,606.18,606.19,300,499,606.1837546933666,1.4705960187789798e-08,4.281978155051824e-05
2025-02-13 17:18:00+00:00,606.22,606.19,606.21,853,102,606.2078638743455,4.629602414654875e-08,0.00026745976334296984
2025-02-13 17:19:00+00:00,606.37,606.37,606.38,71,200,606.3726199261993,3.167765424412408e-08,-0.00035490031029661306
2025-02-13 17:20:00+00:00,606.16,606.14,606.16,489,106,606.1564369747898,3.875392703687289e-08,6.357561814085422e-05
2025-02-13 17:21:00+00:00,606.22,606.21,606.22,100,47,606.2168027210884,2.8275522696889546e-08,0.0004052707723152249
2025-02-13 17:22:00+00:00,606.44,606.44,606.45,402,100,606.4480079681275,2.105866142487618e-08,4.1552602954686435e-05
2025-02-13 17:23:00+00:00,606.48,606.47,606.48,233,600,606.4727971188476,2.6628404275087636e-08,6.462057406930732e-05
2025-02-13 17:24:00+00:00,606.51,606.5,606.52,100,460,606.5035714285714,4.202808587568887e-08,4.1117410432667256e-05
2025-02-13 17:25:00+00:00,606.54,606.51,606.54,180,1900,606.5125961538462,3.268078531297965e-08,3.903727195830875e-05
2025-02-13 17:26:00+00:00,606.55,606.55,606.56,62,528,606.5510508474575,1.513376101960263e-08,1.1237005334230332e-05
2025-02-13 17:27:00+00:00,606.53,606.54,606.56,150,274,606.547075471698,2.0917481264229e-08,2.612470973284431e-05
2025-02-13 17:28:00+00:00,606.58,606.56,606.59,261,860,606.5669848349687,2.4074502289379597e-08,-3.812385306456445e-05
2025-02-13 17:29:00+00:00,606.55,606.54,606.56,310,511,606.5475517661388,2.3108127241506975e-08,-3.6269051219339765e-05
2025-02-13 17:30:00+00:00,606.53,606.53,606.54,78,2555,606.5302962400303,4.832340807747848e-08,-0.0003225925264059848
2025-02-13 17:31:00+00:00,606.32,606.32,606.34,300,100,606.335,4.542608340125651e-08,0.0003177233218889519
2025-02-13 17:32:00+00:00,606.54,606.51,606.53,650,541,606.5209151973131,2.6718017044202444e-08,-9.471710651287601e-05
2025-02-13 17:33:00+00:00,606.47,606.47,606.48,1,575,606.4700173611111,2.1609106439192842e-08,0.00012218415776010794
2025-02-13 17:34:00+00:00,606.56,606.54,606.56,100,1150,606.5416,1.4785762546583579e-08,5.4814733581043384e-06
2025-02-13 17:35:00+00:00,606.56,606.55,606.58,300,725,606.5587804878048,1.5723924692372667e-08,2.6504036414021215e-05
2025-02-13 17:36:00+00:00,606.56,606.54,606.57,2100,500,606.5642307692308,2.7794632742521556e-08,-6.982920041787022e-05
2025-02-13 17:37:00+00:00,606.52,606.52,606.54,22,1150,606.5203754266212,2.3523872092659338e-08,0.0001447713185311894
2025-02-13 17:38:00+00:00,606.62,606.62,606.63,200,510,606.6228169014084,3.142588533336361e-08,-0.00016955453210365512
2025-02-13 17:39:00+00:00,606.5,606.48,606.51,938,1010,606.4944455852157,1.8584498622302622e-08,-1.0100224914433298e-05
2025-02-13 17:40:00+00:00,606.49,606.49,606.51,200,550,606.4953333333333,2.474582358178211e-08,9.954713239257451e-05
2025-02-13 17:41:00+00:00,606.57,606.56,606.58,12,610,606.56038585209,7.493607927674373e-09,-3.992635173455383e-05
2025-02-13 17:42:00+00:00,606.53,606.53,606.54,100,5,606.5395238095239,1.6177237927387508e-08,-5.756970583481458e-05
2025-02-13 17:43:00+00:00,606.5,606.5,606.51,1,146,606.5000680272109,3.549701939518933e-08,-0.00018361132353406084
2025-02-13 17:44:00+00:00,606.37,606.37,606.39,1700,12,606.3898598130841,1.4769246908809595e-08,0.00020173564668857225
2025-02-13 17:45:00+00:00,606.51,606.49,606.51,570,360,606.5022580645161,2.1237713506031666e-08,0.00029525990761403165
2025-02-13 17:46:00+00:00,606.72,606.71,606.73,570,501,606.7206442577032,4.5860477674882876e-08,0.0003624188896453884
2025-02-13 17:47:00+00:00,606.93,606.92,606.94,1250,98,606.9385459940654,5.3102730191990886e-08,-5.6402819517131775e-06
2025-02-13 17:48:00+00:00,606.92,606.9,606.91,100,100,606.905,3.1381122338690406e-08,-0.0001774829391704147
2025-02-13 17:49:00+00:00,606.82,606.8,606.82,501,10,606.8196086105676,2.9588383182816285e-08,0.00014475189522311638
2025-02-13 17:50:00+00:00,606.85,606.87,606.89,2050,50,606.8895238095238,3.9350148027836394e-08,-0.00019300250731324464
2025-02-13 17:51:00+00:00,606.78,606.77,606.78,8,1118,606.7700710479573,2.8758813240762054e-08,-0.0003437603279322632
2025-02-13 17:52:00+00:00,606.59,606.56,606.58,125,984,606.5622542831379,3.6641247409978677e-08,0.00012490169843681898
2025-02-13 17:53:00+00:00,606.63,606.6,606.63,1150,743,606.6182250396197,2.833920246102186e-08,-0.00019750090229420092
2025-02-13 17:54:00+00:00,606.51,606.51,606.53,88,562,606.5127076923077,2.062009771051907e-08,6.995559632372306e-05
2025-02-13 17:55:00+00:00,606.57,606.56,606.58,120,727,606.5628335301062,2.3404043417474346e-08,-6.764666733793945e-05
2025-02-13 17:56:00+00:00,606.5,606.49,606.51,1,650,606.4900307219663,4.496684939184143e-08,-0.00047946088461536807
2025-02-13 17:57:00+00:00,606.23,606.21,606.24,575,860,606.2220209059234,4.287155308104223e-08,-0.0002971851782537227
2025-02-13 17:58:00+00:00,606.05,606.04,606.05,353,1000,606.0426090169992,8.139038731277483e-08,-0.00011090579264605438
2025-02-13 17:59:00+00:00,606.0,605.98,606.0,83,1500,605.9810486418194,5.903292343765043e-08,0.0003157262086388446
2025-02-13 18:00:00+00:00,606.19,606.17,606.19,100,1820,606.1710416666666,1.2190559228634175e-07,-0.0002979696211805605
2025-02-13 18:01:00+00:00,605.98,605.98,606.0,950,701,605.9915081768625,5.012736480206459e-08,0.0002677892977573926
2025-02-13 18:02:00+00:00,606.15,606.15,606.16,400,213,606.1565252854813,1.1741032733797472e-07,-0.00013018860804270282
2025-02-13 18:03:00+00:00,606.08,606.07,606.09,353,100,606.0855849889625,8.492234755495772e-08,-0.0002380610377183956
2025-02-13 18:04:00+00:00,605.97,605.95,605.97,50,160,605.9547619047619,4.1722283534561675e-08,0.00014463883625404073
2025-02-13 18:05:00+00:00,606.01,606.02,606.05,1000,600,606.03875,7.918421895862698e-08,-1.5188548959099712e-05
2025-02-13 18:06:00+00:00,606.01,606.01,606.03,750,100,606.0276470588235,4.473719134111839e-08,-1.596988850960379e-05
2025-02-13 18:07:00+00:00,605.99,605.98,606.0,300,2,605.9998675496688,4.9480708478737587e-08,6.058527810348657e-05
2025-02-13 18:08:00+00:00,606.01,606.01,606.03,100,482,606.0134364261169,3.952102189653624e-08,-0.0001514709619757637
2025-02-13 18:09:00+00:00,605.96,605.94,605.97,230,680,605.9475824175825,2.94895989078125e-08,0.00013041927341039816
2025-02-13 18:10:00+00:00,606.0,605.98,606.01,450,300,605.998,7.671486121440071e-08,6.914271383040571e-05
2025-02-13 18:11:00+00:00,606.05,606.06,606.09,600,500,606.0763636363637,5.3616307037548935e-08,-7.909457144106291e-05
2025-02-13 18:12:00+00:00,606.02,606.03,606.05,200,150,606.0414285714286,3.424082612383783e-08,0.00023478902765550203
2025-02-13 18:13:00+00:00,606.16,606.14,606.16,250,100,606.1542857142857,4.88554723916511e-08,0.00015307022838007
2025-02-13 18:14:00+00:00,606.26,606.23,606.26,280,158,606.2491780821919,2.373528742497634e-08,-4.4667717899016246e-05
2025-02-13 18:15:00+00:00,606.21,606.21,606.23,374,8,606.2295811518325,2.5804107169933915e-08,-4.122939717976504e-05
2025-02-13 18:16:00+00:00,606.2,606.18,606.21,300,380,606.1932352941177,4.9591400442189784e-08,-0.00018400527207385053
2025-02-13 18:17:00+00:00,606.08,606.06,606.09,250,260,606.0747058823529,5.052587808623858e-08,1.5018521432930143e-05
2025-02-13 18:18:00+00:00,606.1,606.09,606.12,156,350,606.0992490118576,4.590440001484658e-08,-3.774765020869708e-05
2025-02-13 18:19:00+00:00,606.04,606.03,606.06,600,300,606.05,9.331514250806462e-07,-0.0011980018989535823
2025-02-13 18:20:00+00:00,605.34,605.33,605.34,1,300,605.3300332225914,2.9088688181177297e-07,0.0005895355884359965
2025-02-13 18:21:00+00:00,605.69,605.69,605.72,150,350,605.699,1.3540853278906033e-07,0.0003994210364874906
2025-02-13 18:22:00+00:00,605.96,605.94,605.97,250,350,605.9525,9.248106070417503e-08,-0.0002522317204911584
2025-02-13 18:23:00+00:00,605.82,605.78,605.81,400,250,605.7984615384615,1.1457636565399808e-07,0.00018440248380069413
2025-02-13 18:24:00+00:00,605.89,605.88,605.91,1098,550,605.8999878640776,8.341820248478113e-08,0.00019734777965085826
2025-02-13 18:25:00+00:00,606.04,606.03,606.05,70,200,606.0351851851852,9.263943605533831e-08,0.00010869647300948415
2025-02-13 18:26:00+00:00,606.11,606.11,606.13,422,100,606.1261685823755,1.221765532935467e-07,0.0003047621876963724
2025-02-13 18:27:00+00:00,606.26,606.26,606.29,360,360,606.275,1.0787058718788822e-07,-0.0001669435596396429
2025-02-13 18:28:00+00:00,606.18,606.16,606.19,154,1700,606.1624919093852,6.566883402084942e-08,0.0003200390645621276
2025-02-13 18:29:00+00:00,606.38,606.35,606.38,750,350,606.3704545454545,8.665385197367876e-08,-0.0003005132546501921
2025-02-13 18:30:00+00:00,606.2,606.18,606.2,300,620,606.1865217391304,1.0073433320020607e-07,0.00011149692943090983
2025-02-13 18:31:00+00:00,606.27,606.23,606.26,650,150,606.254375,8.831579532479471e-08,5.307689607336741e-05
2025-02-13 18:32:00+00:00,606.3,606.27,606.3,1000,556,606.2892802056555,7.68250891280365e-08,-7.769723659833971e-05
2025-02-13 18:33:00+00:00,606.25,606.21,606.25,1160,2220,606.223727810651,9.722458295177436e-08,-2.5463725292440564e-05
2025-02-13 18:34:00+00:00,606.22,606.2,606.23,550,372,606.2178958785249,7.995724907993459e-08,0.00016125798291000137
2025-02-13 18:35:00+00:00,606.29,606.26,606.29,500,250,606.28,1.0146361917558748e-07,7.038616793475505e-05
2025-02-13 18:36:00+00:00,606.35,606.34,606.38,570,1220,606.3527374301675,7.292811314137385e-08,3.703934843901635e-05
2025-02-13 18:37:00+00:00,606.41,606.39,606.42,250,1200,606.3951724137931,1.385821726410014e-07,0.00014217174216546447
2025-02-13 18:38:00+00:00,606.45,606.43,606.45,500,300,606.4425,3.684205274438261e-08,-2.318714137861111e-05
2025-02-13 18:39:00+00:00,606.46,606.44,606.47,701,1600,606.4491395045633,7.106108875956056e-08,0.0004301794914622903
2025-02-13 18:40:00+00:00,606.74,606.74,606.76,620,150,606.7561038961039,1.229712708833108e-06,-0.0011688877442428414
2025-02-13 18:41:00+00:00,605.89,605.88,605.93,250,950,605.8904166666666,8.01921908362168e-07,0.0003695847742144487
2025-02-13 18:42:00+00:00,606.23,606.22,606.24,100,100,606.23,3.4864219425145734e-07,-0.0003363313956789016
2025-02-13 18:43:00+00:00,606.02,606.01,606.04,800,59,606.0379394644935,6.239632372834367e-07,-0.0002154477337672489
2025-02-13 18:44:00+00:00,605.81,605.77,605.8,630,130,605.7948684210526,8.972771910421961e-07,0.0006783825901317542
2025-02-13 18:45:00+00:00,606.35,606.3,606.33,750,200,606.3236842105263,3.750868759679216e-07,-3.5573374042474626e-05
2025-02-13 18:46:00+00:00,606.3,606.28,606.31,100,100,606.295,2.885814024715059e-07,0.00015056426254722588
2025-02-13 18:47:00+00:00,606.42,606.4,606.43,100,350,606.4066666666666,1.2384626427552212e-07,0.00025467209024787607
2025-02-13 18:48:00+00:00,606.53,606.53,606.55,56,100,606.5371794871794,1.2838335082080335e-07,0.00017948723455063487
2025-02-13 18:49:00+00:00,606.65,606.62,606.65,150,1000,606.6239130434783,1.1944484797869106e-07,-8.29053124365986e-05
2025-02-13 18:50:00+00:00,606.62,606.6,606.63,1300,150,606.6268965517241,1.0408110384320963e-07,5.403568736594977e-05
2025-02-13 18:51:00+00:00,606.65,606.61,606.64,600,150,606.634,1.383512045425875e-07,-0.0003432620972206868
2025-02-13 18:52:00+00:00,606.46,606.39,606.43,650,900,606.4067741935484,1.527984101652506e-06,-0.00024212457775063534
2025-02-13 18:53:00+00:00,606.26,606.19,606.22,51,150,606.1976119402985,4.0908458349590323e-07,0.00016988709003284974
2025-02-13 18:54:00+00:00,606.36,606.37,606.41,750,750,606.39,1.6647916044130953e-07,0.00039995171754036996
2025-02-13 18:55:00+00:00,606.61,606.57,606.61,550,500,606.5909523809523,1.4911539888312572e-07,-0.0003350299781528232
2025-02-13 18:56:00+00:00,606.39,606.37,606.41,950,250,606.4016666666666,6.666658938689833e-08,0.0002087623799800209
2025-02-13 18:57:00+00:00,606.56,606.56,606.58,25,391,606.5612019230769,1.993953915000132e-07,0.0007023349048926875
2025-02-13 18:58:00+00:00,606.98,606.94,606.97,150,300,606.95,9.829394845751418e-08,0.00025093434784517754
2025-02-13 18:59:00+00:00,607.14,607.13,607.15,550,100,607.146923076923,6.239161247385973e-08,0.00014819936910615006
2025-02-13 19:00:00+00:00,607.2,607.19,607.21,100,85,607.2008108108108,1.4011644798738177e-07,0.00010023711202888919
2025-02-13 19:01:00+00:00,607.26,607.23,607.27,550,250,607.2575,7.392973697439176e-08,2.942232626867991e-06
2025-02-13 19:02:00+00:00,607.3,607.27,607.31,780,230,607.3008910891089,8.769119221541932e-08,-0.00025278023714558895
2025-02-13 19:03:00+00:00,607.11,607.1,607.13,100,350,607.1066666666667,8.005957282072143e-08,0.0004545715278925222
2025-02-13 19:04:00+00:00,607.39,607.38,607.41,300,800,607.3881818181818,1.787592156385317e-07,0.00043563084977638056
2025-02-13 19:05:00+00:00,607.68,607.67,607.7,1100,300,607.6935714285714,7.950383588319532e-08,-0.00013810757959942244
2025-02-13 19:06:00+00:00,607.55,607.55,607.58,500,551,607.5642721217888,5.428360783407515e-08,0.0002584534443108577
2025-02-13 19:07:00+00:00,607.72,607.71,607.73,1,1070,607.7100186741363,5.220439598930004e-08,0.0002303196465058832
2025-02-13 19:08:00+00:00,607.87,607.85,607.87,250,200,607.8611111111111,1.1773317546182258e-07,0.00022919205306992652
2025-02-13 19:09:00+00:00,608.02,608.02,608.05,355,205,608.0390178571428,5.380735388839418e-08,3.322737572908352e-05
2025-02-13 19:10:00+00:00,608.03,608.03,608.05,1,570,608.0300350262696,9.398398145709094e-08,-0.0002706124245367425
2025-02-13 19:11:00+00:00,607.88,607.85,607.87,51,150,607.8550746268656,9.083070468697309e-08,-5.3707069038733124e-05
2025-02-13 19:12:00+00:00,607.84,607.84,607.86,1110,12,607.8597860962566,9.613641846229472e-08,0.0001624375257218702
2025-02-13 19:13:00+00:00,607.93,607.92,607.95,152,1000,607.9239583333333,4.320920601890692e-08,-2.426251215703612e-05
2025-02-13 19:14:00+00:00,607.91,607.9,607.92,500,100,607.9166666666666,5.5550940756294675e-08,0.00019613681118313409
2025-02-13 19:15:00+00:00,608.03,608.01,608.03,120,700,608.0129268292683,6.354054917921582e-08,0.00011609177054472397
2025-02-13 19:16:00+00:00,608.11,608.1,608.11,200,14,608.1093457943925,5.2003699354793065e-08,0.00038936715431248103
2025-02-13 19:17:00+00:00,608.35,608.33,608.35,1050,700,608.342,5.583433131405871e-08,-0.00010283242480002563
2025-02-13 19:18:00+00:00,608.3,608.28,608.31,600,550,608.295652173913,4.2089452255303286e-08,-1.5571779931944363e-05
2025-02-13 19:19:00+00:00,608.26,608.26,608.28,465,100,608.2764601769911,3.1968959705983105e-08,-8.533127911980465e-05
2025-02-13 19:20:00+00:00,608.23,608.24,608.26,400,800,608.2466666666667,3.6336614144881716e-08,7.741147005058124e-05
2025-02-13 19:21:00+00:00,608.28,608.26,608.27,100,400,608.262,4.5045824880995265e-08,5.4528698783640195e-05
2025-02-13 19:22:00+00:00,608.31,608.3,608.31,89,575,608.3013403614457,4.6864876834447034e-08,-0.0001020601626540163
2025-02-13 19:23:00+00:00,608.25,608.23,608.26,260,760,608.2376470588235,3.631408477091323e-08,3.5589202650676555e-05
2025-02-13 19:24:00+00:00,608.26,608.27,608.29,106,350,608.274649122807,6.016165176390528e-08,-0.00020648615816076799
2025-02-13 19:25:00+00:00,608.15,608.13,608.16,216,1254,608.1344081632653,7.380414361874102e-08,0.00022793605616011625
2025-02-13 19:26:00+00:00,608.29,608.27,608.29,48,650,608.2713753581662,3.857157511873375e-08,-8.130979958220763e-05
2025-02-13 19:27:00+00:00,608.22,608.2,608.22,400,310,608.2112676056338,3.1930338296113187e-08,-9.460531613258993e-05
2025-02-13 19:28:00+00:00,608.17,608.16,608.19,350,500,608.1723529411764,3.388672542919597e-08,0.0001677916931526191
2025-02-13 19:29:00+00:00,608.29,608.26,608.29,350,750,608.2695454545454,2.9879052761027845e-08,1.1926530776973365e-05
2025-02-13 19:30:00+00:00,608.28,608.26,608.29,150,1050,608.26375,4.5554621425905154e-08,4.6360472732098756e-05
2025-02-13 19:31:00+00:00,608.32,608.3,608.32,253,150,608.3125558312655,2.03916562844303e-08,8.912085089707311e-05
2025-02-13 19:32:00+00:00,608.36,608.35,608.37,2709,600,608.3663735267453,3.540495185329818e-08,-3.6370932812168633e-06
2025-02-13 19:33:00+00:00,608.37,608.35,608.38,500,909,608.3606458481192,4.232004366094213e-08,0.0004296819137445951
2025-02-13 19:34:00+00:00,608.62,608.6,608.62,150,300,608.6066666666667,5.517915519880391e-08,-8.240119147906455e-05
2025-02-13 19:35:00+00:00,608.56,608.55,608.57,400,100,608.566,3.564978455642816e-08,0.0001124751497616483
2025-02-13 19:36:00+00:00,608.64,608.63,608.65,500,100,608.6466666666666,3.788571910698904e-08,0.00015185769156356166
2025-02-13 19:37:00+00:00,608.72,608.7,608.72,300,160,608.7130434782608,3.675241588778058e-08,0.0002611418499951501
2025-02-13 19:38:00+00:00,608.87,608.87,608.89,800,200,608.886,2.2778024832471466e-08,-2.0993372984001724e-05
2025-02-13 19:39:00+00:00,608.85,608.84,608.87,311,1070,608.846755973932,4.4799035188139257e-08,-0.00024128075905982538
2025-02-13 19:40:00+00:00,608.73,608.72,608.75,610,937,608.7318293471235,5.0594898782337125e-08,-8.973174417759022e-05
2025-02-13 19:41:00+00:00,608.66,608.66,608.69,810,1170,608.6722727272728,5.539519183159327e-08,-0.0001863332298839282
2025-02-13 19:42:00+00:00,608.59,608.57,608.6,710,910,608.5831481481482,5.483878292097727e-08,2.953777330372276e-05
2025-02-13 19:43:00+00:00,608.58,608.57,608.58,500,100,608.5783333333334,2.7515673559147933e-08,-2.4013048670723514e-05
2025-02-13 19:44:00+00:00,608.58,608.54,608.57,1000,820,608.5564835164836,3.541106770196573e-08,-8.639972389312689e-06
2025-02-13 19:45:00+00:00,608.53,608.52,608.55,850,650,608.537,5.291458868164976e-08,-3.5054685684876574e-05
2025-02-13 19:46:00+00:00,608.52,608.5,608.53,455,1000,608.5093814432989,2.676462977862634e-08,8.38014390946995e-05
2025-02-13 19:47:00+00:00,608.59,608.58,608.6,460,600,608.5886792452831,1.140071109715272e-08,0.00014050054174008508
2025-02-13 19:48:00+00:00,608.7,608.67,608.7,360,960,608.6781818181818,2.2449136985529526e-08,-2.7451303060699317e-05
2025-02-13 19:49:00+00:00,608.67,608.64,608.66,350,100,608.6555555555556,2.1126118761469346e-08,0.00010102509173615104
2025-02-13 19:50:00+00:00,608.72,608.72,608.73,1100,727,608.7260207991242,2.8151102356278897e-08,0.0002584210724847491
2025-02-13 19:51:00+00:00,608.88,608.87,608.89,1202,1600,608.87857958601,1.2540533195555136e-08,0.00020113046230108012
2025-02-13 19:52:00+00:00,609.0,608.99,609.0,850,100,608.998947368421,4.4904929645035916e-08,0.0003802111705104583
2025-02-13 19:53:00+00:00,609.19,609.19,609.21,760,200,609.2058333333334,4.9981862547696056e-08,-0.00018867615190909515
2025-02-13 19:54:00+00:00,609.12,609.1,609.12,750,300,609.1142857142858,2.9017327862984645e-08,5.439706754306606e-05
2025-02-13 19:55:00+00:00,609.15,609.15,609.16,400,100,609.158,3.559092395809148e-08,3.1756621504897e-05
2025-02-13 19:56:00+00:00,609.16,609.15,609.17,270,600,609.1562068965518,4.137088119768528e-08,-0.0001913541805136365
2025-02-13 19:57:00+00:00,609.05,609.04,609.06,100,1068,609.0417123287671,4.356929070047947e-08,-0.0002486796413464498
2025-02-13 19:58:00+00:00,608.9,608.89,608.91,1500,1082,608.9016189000774,8.817184036409957e-08,-7.175288880989505e-05
2025-02-13 19:59:00+00:00,608.86,608.85,608.86,449,100,608.8581785063752,3.66401137944063e-08,7.214852112014114e-05
2025-02-13 20:00:00+00:00,608.9,608.89,608.9,1800,100,608.8994736842105,5.1667729686672166e-08,2.584384634696235e-05
2025-02-13 20:01:00+00:00,608.91,608.9,608.92,360,211,608.9126094570928,2.7967204694175294e-08,0.0002980761529609577
2025-02-13 20:02:00+00:00,609.09,609.07,609.09,760,100,609.0876744186047,2.2486598971233576e-08,9.216737839601308e-08
2025-02-13 20:03:00+00:00,609.06,609.06,609.08,1600,200,609.0777777777778,1.4932494049090284e-08,0.0001448550931275605
2025-02-13 20:04:00+00:00,609.19,609.18,609.19,100,116,609.1846296296296,9.498355653793393e-09,-0.0001516304691857595
2025-02-13 20:05:00+00:00,609.1,609.09,609.1,7,400,609.090171990172,3.255829044136807e-08,-5.22001388389981e-05
2025-02-13 20:06:00+00:00,609.06,609.05,609.07,1250,200,609.0672413793104,1.1895820895123842e-08,0.00010926543333211747
2025-02-13 20:07:00+00:00,609.12,609.12,609.13,798,400,609.1266611018364,2.3157885773026115e-08,4.698463638619366e-05
2025-02-13 20:08:00+00:00,609.15,609.15,609.16,1504,1500,609.1550066577896,1.4429491084547385e-08,0.00024694064114449965
2025-02-13 20:09:00+00:00,609.32,609.31,609.32,66,700,609.3108616187989,1.9967731462544957e-08,-6.0350358933702886e-05
2025-02-13 20:10:00+00:00,609.28,609.26,609.28,1083,1270,609.2692052698683,3.469973785398265e-08,-5.48786068403917e-05
2025-02-13 20:11:00+00:00,609.25,609.23,609.25,1600,1610,609.2399688473521,3.441938647538279e-08,-0.00016731783412982093
2025-02-13 20:12:00+00:00,609.16,609.15,609.17,1200,105,609.1683908045977,2.0847560630100267e-08,0.0003582854983299466
2025-02-13 20:13:00+00:00,609.36,609.35,609.36,800,100,609.3588888888889,3.7986379769292566e-08,-0.0001797460919040761
2025-02-13 20:14:00+00:00,609.25,609.24,609.26,100,1100,609.2416666666667,9.738861914785171e-09,6.185460190555325e-05
2025-02-13 20:15:00+00:00,609.29,609.28,609.29,551,100,609.2884639016896,6.189885236679552e-09,5.621443624193034e-05
2025-02-13 20:16:00+00:00,609.33,609.32,609.34,300,3600,609.3215384615385,2.4164656597114408e-08,4.027113308135988e-05
2025-02-13 20:17:00+00:00,609.37,609.35,609.37,170,370,609.3562962962964,3.910419233115129e-08,0.00026103143264499806
2025-02-13 20:18:00+00:00,609.49,609.47,609.5,810,572,609.4875832127352,2.2205780192142737e-08,0.00019520702694775238
2025-02-13 20:19:00+00:00,609.63,609.62,609.64,600,802,609.6285592011412,3.362933926773274e-08,4.557990817355417e-05
2025-02-13 20:20:00+00:00,609.65,609.63,609.66,1400,2400,609.641052631579,3.140783064587568e-08,-6.238684041603992e-05
2025-02-13 20:21:00+00:00,609.61,609.6,609.61,530,400,609.6056989247312,3.166647128119187e-08,-0.00018431262307760932
2025-02-13 20:22:00+00:00,609.5,609.49,609.51,1000,1884,609.4969348127601,3.605580492776782e-08,2.076729925781784e-05
2025-02-13 20:23:00+00:00,609.5,609.5,609.51,1135,1205,609.5048504273504,1.4820868548446366e-08,-6.548750556878424e-05
2025-02-13 20:24:00+00:00,609.47,609.46,609.48,2067,732,609.4747695605574,2.5320928242571882e-08,-0.00019985115054554914
2025-02-13 20:25:00+00:00,609.35,609.34,609.36,300,1100,609.3442857142857,3.486350826982523e-08,-9.04468473412745e-05
2025-02-13 20:26:00+00:00,609.3,609.29,609.31,889,312,609.3048043297251,3.5240445342431726e-08,-5.984558553151498e-05
2025-02-13 20:27:00+00:00,609.28,609.24,609.27,1300,2046,609.2516557083085,3.164228404335771e-08,0.00017651394086892758
2025-02-13 20:28:00+00:00,609.365,609.36,609.37,500,200,609.3671428571429,1.0776228750226428e-08,0.0001512663503753231
2025-02-13 20:29:00+00:00,609.41,609.4,609.42,1070,857,609.411105345096,2.9888164823812256e-08,0.0002031961936503901
2025-02-13 20:30:00+00:00,609.58,609.57,609.58,1937,700,609.5773454683354,1.4207963725658263e-07,-0.00033906251160575884
2025-02-13 20:31:00+00:00,609.37,609.36,609.39,1170,500,609.3810179640718,5.002747476944301e-08,-5.9475084004834144e-05
2025-02-13 20:32:00+00:00,609.35,609.34,609.36,1200,400,609.355,2.6990157478794928e-08,0.00010357934707250216
2025-02-13 20:33:00+00:00,609.4,609.39,609.41,1300,423,609.4050899593732,2.3870973855513845e-08,-0.0002494893701788792
2025-02-13 20:34:00+00:00,609.26,609.24,609.26,784,100,609.2577375565611,2.4658360382920752e-08,3.7097133875452215e-05
2025-02-13 20:35:00+00:00,609.27,609.27,609.29,700,112,609.2872413793103,2.1073889489253064e-08,-1.2983515205289287e-05
2025-02-13 20:36:00+00:00,609.24,609.23,609.26,853,670,609.2468023637557,2.4353502649359715e-08,1.2375782441953476e-05
2025-02-13 20:37:00+00:00,609.27,609.26,609.28,1761,337,609.2767874165871,2.064398156762335e-08,0.00017111577146855517
2025-02-13 20:38:00+00:00,609.36,609.36,609.38,612,728,609.3691343283582,2.1400941613587873e-08,0.0001141385512277715
2025-02-13 20:39:00+00:00,609.45,609.43,609.45,700,100,609.4475000000001,2.027373451762261e-08,4.767927313387155e-05
2025-02-13 20:40:00+00:00,609.47,609.47,609.48,1215,1105,609.4752370689655,1.679073417332912e-08,-8.572912001891808e-05
2025-02-13 20:41:00+00:00,609.43,609.42,609.44,1800,100,609.438947368421,1.68271542634984e-08,-0.00016488553242766102
2025-02-13 20:42:00+00:00,609.315,609.31,609.32,1400,300,609.3182352941177,2.2362983240675e-08,-0.00012768946501773293
2025-02-13 20:43:00+00:00,609.25,609.24,609.26,340,1400,609.2439080459769,2.0565151563766175e-08,-0.00018122764138095437
2025-02-13 20:44:00+00:00,609.15,609.14,609.16,300,1272,609.143816793893,2.4135585943730118e-08,7.562247625880758e-07
2025-02-13 20:45:00+00:00,609.12,609.11,609.14,976,1170,609.1236439888164,3.1527736784140365e-08,0.00016650089013126035
2025-02-13 20:46:00+00:00,609.23,609.23,609.25,111,670,609.2328425096031,4.452117262631243e-08,-1.0041572108487884e-05
2025-02-13 20:47:00+00:00,609.22,609.2,609.23,400,500,609.2133333333334,1.860218395407477e-08,-3.239684873379556e-05
2025-02-13 20:48:00+00:00,609.21,609.19,609.22,1370,1004,609.2073125526538,2.810161232746626e-08,0.0003697980050936245
2025-02-13 20:49:00+00:00,609.44,609.42,609.45,700,2000,609.4277777777778,2.706630900348731e-08,5.348117795733742e-06
2025-02-13 20:50:00+00:00,609.41,609.41,609.43,100,300,609.415,4.813365792004689e-08,-0.0001775668381522877
2025-02-13 20:51:00+00:00,609.31,609.3,609.32,1105,360,609.3150853242322,2.4780074709620504e-08,-6.039670634183647e-05
2025-02-13 20:52:00+00:00,609.29,609.29,609.3,300,350,609.2946153846154,3.1874257085994865e-08,4.157106432978175e-05
2025-02-13 20:53:00+00:00,609.33,609.32,609.34,700,713,609.3299079971691,2.9862166554009886e-08,4.928559229600005e-05
2025-02-13 20:54:00+00:00,609.33,609.33,609.35,560,372,609.342017167382,1.0610058889455476e-07,0.00012453816032143017
2025-02-13 20:55:00+00:00,609.39,609.39,609.41,550,200,609.4046666666667,2.838833673925748e-07,0.0003124067171014211
2025-02-13 20:56:00+00:00,609.61,609.6,609.62,321,1500,609.6035255354201,3.408598095015098e-08,3.4691749007498274e-05
2025-02-13 20:57:00+00:00,609.64,609.64,609.66,600,421,609.6517531831537,3.9226674567852654e-08,0.00024328823029695634
2025-02-13 20:58:00+00:00,609.8,609.79,609.8,500,500,609.795,6.889054262275445e-08,0.00012820888922204787
2025-02-13 20:59:00+00:00,609.86,609.85,609.86,180,100,609.8564285714285,1.956506678890666e-07,-0.00022320633280314972
2025-02-13 21:00:00+00:00,609.69,609.67,609.69,300,25127,609.6702359696386,1.0100631260177959e-07,-0.00045388777340737985
2025-02-13 21:01:00+00:00,609.42,609.43,609.45,4400,1000,609.4462962962963,3.5021572702645054e-08,-4.825983092981989e-05
2025-02-13 21:02:00+00:00,609.38,609.39,609.42,1100,1100,609.405,2.4346592968937272e-08,-4.7940150310066265e-05
2025-02-13 21:03:00+00:00,609.4,609.4,609.41,500,346,609.4059101654847,2.1473411669637638e-08,3.148394483631911e-05
2025-02-13 21:04:00+00:00,609.4,609.4,609.41,612,1200,609.4033774834437,1.6568144658330454e-08,-0.0001831897688205908
2025-02-13 21:05:00+00:00,609.32,609.28,609.31,600,900,609.292,2.6738081096263362e-08,0.00011923133920932472
2025-02-13 21:06:00+00:00,609.37,609.35,609.37,600,10,609.3696721311476,2.9864226073522044e-08,-3.480063465732819e-05
2025-02-13 21:07:00+00:00,609.32,609.33,609.37,1670,1170,609.3535211267606,2.195021184009503e-08,0.00027162579150807886
2025-02-13 21:08:00+00:00,609.48,609.49,609.53,1195,900,609.512816229117,3.860739129412694e-08,0.0002205186429369288
2025-02-13 21:09:00+00:00,609.64,609.61,609.65,2200,200,609.6466666666666,2.9045937870155998e-08,-6.352945344234584e-07
2025-02-13 21:10:00+00:00,609.61,609.61,609.66,1700,790,609.6441365461847,2.85061927438459e-08,-8.929423294157246e-05
2025-02-13 21:11:00+00:00,609.58,609.58,609.61,275,600,609.5894285714286,1.828072566924069e-08,-0.0001255569618495711
2025-02-13 21:12:00+00:00,609.55,609.5,609.53,600,600,609.515,1.1140397702618419e-08,-0.00012528488521268422
2025-02-13 21:13:00+00:00,609.42,609.41,609.44,2101,100,609.4386369831896,7.581390546159873e-09,1.6722390713930224e-05
2025-02-13 21:14:00+00:00,609.44,609.44,609.45,3737,496,609.4488282541934,6.65675718155083e-09,-1.448563650308099e-05
2025-02-13 21:15:00+00:00,609.48,609.43,609.46,1100,1897,609.441011011011,2.587181859577701e-09,-1.790018854885833e-05
2025-02-13 21:16:00+00:00,609.42,609.42,609.44,400,600,609.428,4.9378178883577695e-09,1.8236190661991003e-06
2025-02-13 21:17:00+00:00,609.43,609.39,609.44,2544,620,609.4302022756005,9.79790666265832e-09,9.55539754543544e-05
2025-02-13 21:18:00+00:00,609.48,609.48,609.5,500,690,609.4884033613445,1.5031573758630396e-08,-1.3830771718348345e-05
2025-02-13 21:19:00+00:00,609.45,609.44,609.5,2201,1100,609.4800060587701,1.909171047778886e-08,-0.00018052804132262512
2025-02-13 21:20:00+00:00,609.39,609.36,609.39,300,602,609.369977827051,1.5309675091098508e-08,-0.0001141046814062685
2025-02-13 21:21:00+00:00,609.29,609.28,609.31,570,500,609.2959813084111,1.930317634953281e-08,7.585881006355599e-05
2025-02-13 21:22:00+00:00,609.33,609.32,609.35,1070,170,609.3458870967742,5.3935538818898105e-09,5.473615470097393e-05
2025-02-13 21:23:00+00:00,609.35,609.38,609.4,1,1000,609.38001998002,9.955758575177558e-09,3.307288113085782e-05
2025-02-13 21:24:00+00:00,609.38,609.41,609.42,5,570,609.4100869565216,8.16508771605993e-09,-1.8710173884106673e-05
2025-02-13 21:25:00+00:00,609.38,609.38,609.39,500,70,609.3887719298245,1.5120226024962824e-08,6.456433538515327e-05
2025-02-13 21:26:00+00:00,609.4,609.41,609.43,560,71,609.4277496038035,2.5003108477684796e-09,6.646227449835784e-05
2025-02-13 21:27:00+00:00,609.44,609.46,609.47,500,80,609.4686206896552,1.0097943393922184e-08,1.920015336764891e-05
2025-02-13 21:28:00+00:00,609.49,609.46,609.49,2226,1060,609.4803225806452,4.482497127702695e-09,-9.96741119650979e-05
2025-02-13 21:29:00+00:00,609.4,609.4,609.43,1040,570,609.4193788819875,9.91951854773341e-09,-1.693463358065639e-05
2025-02-13 21:30:00+00:00,609.43,609.39,609.44,670,1070,609.4092528735632,1.0148189805345764e-08,-1.7399208293578106e-05
2025-02-13 21:31:00+00:00,609.36,609.37,609.4,570,74,609.3965527950311,5.553373629768004e-09,5.9527106139212194e-05
2025-02-13 21:32:00+00:00,609.44,609.42,609.44,570,170,609.4354054054055,1.0482050131412232e-08,-4.08991544406101e-05
2025-02-13 21:33:00+00:00,609.4,609.39,609.43,570,570,609.41,3.0318396722411215e-09,9.706996177527571e-05
2025-02-13 21:34:00+00:00,609.45,609.45,609.47,567,25,609.4691554054054,9.530054980195975e-09,-2.2441986239574163e-05
2025-02-13 21:35:00+00:00,609.44,609.44,609.48,500,570,609.4586915887851,5.255106759664669e-09,7.130095410978754e-06
2025-02-13 21:36:00+00:00,609.45,609.45,609.46,500,9,609.4598231827111,8.130653239814567e-09,1.6412737747328876e-05
2025-02-13 21:37:00+00:00,609.46,609.44,609.47,1170,75,609.4681927710843,6.769222462086686e-11,8.152895980551023e-08
2025-02-13 21:38:00+00:00,609.45,609.45,609.47,800,5,609.4698757763975,3.6011851784717152e-09,9.568652778324527e-05
2025-02-13 21:39:00+00:00,609.51,609.5,609.54,1600,670,609.5281938325991,2.7775746706343837e-09,-2.4724816951038342e-05
2025-02-13 21:40:00+00:00,609.51,609.5,609.52,500,262,609.51312335958,5.731688397473203e-09,-2.994449833615409e-05
2025-02-13 21:41:00+00:00,609.5,609.49,609.5,570,600,609.4948717948718,9.561495673081653e-09,0.00012218970653754546
2025-02-13 21:42:00+00:00,609.57,609.54,609.58,570,570,609.5600000000001,2.2359102884058917e-09,3.8273540825528585e-06
2025-02-13 21:43:00+00:00,609.57,609.54,609.58,2170,570,609.5716788321168,5.763093205828253e-09,4.334308221976002e-05
2025-02-13 21:44:00+00:00,609.59,609.58,609.6,1000,105,609.5980995475113,1.1583395487382209e-08,-1.4067855516386452e-05
2025-02-13 21:45:00+00:00,609.59,609.58,609.59,500,25,609.5895238095238,1.3207721078812391e-08,-7.172522166976059e-06
2025-02-13 21:46:00+00:00,609.59,609.57,609.59,1000,320,609.5851515151516,6.01585964165515e-09,0.00012302306135758556
2025-02-13 21:47:00+00:00,609.67,609.61,609.67,2544,500,609.6601445466491,1.7283486423468e-08,8.184154749679706e-06
2025-02-13 21:48:00+00:00,609.66,609.66,609.67,401,381,609.6651278772379,5.22817175180046e-09,3.375654100334913e-05
2025-02-13 21:49:00+00:00,609.7,609.65,609.7,1000,400,609.6857142857143,1.0740620245780132e-08,-3.851516003572364e-05
2025-02-13 21:50:00+00:00,609.7,609.66,609.7,25,423,609.6622321428571,8.882577629226147e-10,-2.8265065389665445e-05
2025-02-13 21:51:00+00:00,609.65,609.63,609.67,500,500,609.65,9.672362576106753e-09,-2.463725614076928e-05
2025-02-13 21:52:00+00:00,609.61,609.61,609.65,500,501,609.62998001998,6.018985534094545e-09,-4.904643905423445e-05
2025-02-13 21:53:00+00:00,609.61,609.6,609.64,1,500,609.6000798403194,2.506662739510194e-08,1.3148616676561531e-05
2025-02-13 21:54:00+00:00,609.59,609.57,609.61,500,500,609.59,1.7669128865900046e-08,-0.00011068600234054315
2025-02-13 21:55:00+00:00,609.59,609.54,609.56,16,500,609.5406201550388,5.4393601906551535e-09,7.185484964145061e-06
2025-02-13 21:56:00+00:00,609.53,609.53,609.57,525,500,609.550487804878,3.3258275105243673e-09,-4.8551943817920495e-05
2025-02-13 21:57:00+00:00,609.54,609.51,609.55,600,500,609.5318181818182,9.751377857368738e-09,4.025232805493495e-05
2025-02-13 21:58:00+00:00,609.57,609.52,609.56,497,500,609.5399398194584,9.22938262747802e-09,1.60969490194951e-05
2025-02-13 21:59:00+00:00,609.54,609.51,609.55,1600,10,609.549751552795,4.275442728221495e-08,-0.00023222851149218293
2025-02-13 22:00:00+00:00,609.41,609.4,609.45,100,10,609.4454545454546,4.668671333630881e-08,-0.0001427787645124079
2025-02-13 22:01:00+00:00,609.32,609.32,609.34,187,2966,609.3211861718999,3.6876093107758424e-10,-1.2136542268947892e-06
2025-02-13 22:02:00+00:00,609.34,609.32,609.34,67,2933,609.3204466666667,1.363638245772779e-09,1.5353683899155257e-05
2025-02-13 22:03:00+00:00,609.31,609.31,609.33,200,2,609.3298019801981,2.3020718373852908e-09,-3.269876056644083e-05
2025-02-13 22:04:00+00:00,609.31,609.3,609.31,1211,15,609.3098776508972,1.0801092947989816e-08,-9.677926150719607e-05
2025-02-13 22:05:00+00:00,609.26,609.25,609.27,1,21,609.2509090909091,4.4092279046940844e-10,2.1387416639040424e-05
2025-02-13 22:06:00+00:00,609.27,609.24,609.27,79,20,609.2639393939395,1.0195590083812936e-08,9.93084385809695e-05
2025-02-13 22:07:00+00:00,609.3,609.28,609.33,8,1,609.3244444444445,2.0954849284703806e-09,-4.577646697234705e-05
2025-02-13 22:08:00+00:00,609.3,609.28,609.34,8,21,609.2965517241379,4.890174725102433e-09,-1.0912274979624215e-05
2025-02-13 22:09:00+00:00,609.35,609.35,609.4,150,12,609.3962962962963,3.1342046068140775e-08,0.00019095521987555486
2025-02-13 22:10:00+00:00,609.4,609.35,609.41,150,10,609.40625,5.2933892834142485e-09,-8.412550953595943e-05
2025-02-13 22:11:00+00:00,609.36,609.35,609.36,150,151,609.3549833887043,1.7612639617403408e-08,2.5128501802029746e-05
2025-02-13 22:12:00+00:00,609.35,609.35,609.39,103,100,609.3702955665025,2.0202699852529476e-09,4.494741355465237e-05
2025-02-13 22:13:00+00:00,609.35,609.35,609.4,103,5,609.3976851851852,1.771063820854706e-08,-6.802675409389725e-05
2025-02-13 22:14:00+00:00,609.37,609.35,609.38,103,393,609.3562298387097,7.500332383449583e-09,7.928960675185337e-05
2025-02-13 22:15:00+00:00,609.39,609.35,609.41,100,10,609.4045454545454,1.0900361778888198e-10,1.6916372651776257e-05
2025-02-13 22:16:00+00:00,609.41,609.41,609.42,100,106,609.414854368932,2.4157984640427564e-08,1.8068734903176065e-05
2025-02-13 22:17:00+00:00,609.4,609.4,609.44,183,100,609.4258657243817,8.639165475256748e-11,-9.625000695900887e-06
2025-02-13 22:18:00+00:00,609.4,609.4,609.44,100,100,609.42,2.073294008442533e-10,0.0
2025-02-13 22:19:00+00:00,609.4,609.4,609.44,100,100,609.42,1.3007626886125577e-08,-0.00011405098371397582
2025-02-13 22:20:00+00:00,609.39,609.35,609.4,1,100,609.350495049505,6.351054811731863e-09,7.696105151944188e-05
2025-02-13 22:21:00+00:00,609.36,609.38,609.4,100,15,609.3973913043478,0.0,0.0
2025-02-13 22:22:00+00:00,609.4,609.38,609.4,101,11,609.3980357142856,3.999025900597769e-10,-2.144562474015732e-05
2025-02-13 22:23:00+00:00,609.42,609.38,609.4,101,577,609.3829793510325,2.0307922054144435e-09,4.2624386896727984e-05
2025-02-13 22:24:00+00:00,609.38,609.41,609.44,1,100,609.410297029703,7.313788875597046e-10,3.057306680975813e-05
2025-02-13 22:25:00+00:00,609.42,609.42,609.44,100,124,609.4289285714286,6.307853892955383e-11,7.972968154135174e-06
2025-02-13 22:26:00+00:00,609.42,609.42,609.45,199,234,609.4337875288684,4.664760733750287e-10,1.2221879292173554e-05
2025-02-13 22:27:00+00:00,609.42,609.43,609.45,300,234,609.4412359550562,5.591216662154773e-12,-2.68000580383454e-06
2025-02-13 22:28:00+00:00,609.43,609.43,609.44,290,12,609.4396026490067,3.702647914504126e-12,1.333102295220101e-06
2025-02-13 22:29:00+00:00,609.43,609.43,609.45,276,254,609.4404150943398,4.017936050801681e-10,-2.270303483109526e-05
2025-02-13 22:30:00+00:00,609.43,609.42,609.43,100,52,609.4265789473684,5.11112080943619e-15,7.149210312640264e-08
2025-02-13 22:31:00+00:00,609.43,609.42,609.43,100,51,609.4266225165562,3.185648944377325e-10,1.7920685919214918e-05
2025-02-13 22:32:00+00:00,609.44,609.42,609.44,100,14,609.4375438596492,0.0,0.0
2025-02-13 22:33:00+00:00,609.44,609.42,609.44,100,14,609.4375438596492,2.5324188444922713e-10,-1.6541765737176917e-05
2025-02-13 22:34:00+00:00,609.45,609.42,609.45,100,302,609.4274626865672,0.0,0.0
2025-02-13 22:35:00+00:00,609.42,609.42,609.45,100,302,609.4274626865672,2.0506845449301524e-12,1.5271140378914083e-06
2025-02-13 22:36:00+00:00,609.45,609.42,609.45,101,260,609.4283933518005,1.6980892502468876e-12,1.1580479450934433e-06
2025-02-13 22:37:00+00:00,609.45,609.42,609.45,101,232,609.4290990990992,1.0397781246434582e-09,1.7954874867553983e-05
2025-02-13 22:38:00+00:00,609.44,609.44,609.45,1,241,609.4400413223142,8.21336739765247e-13,-3.068042531140236e-08
2025-02-13 22:39:00+00:00,609.44,609.44,609.45,1,441,609.4400226244345,5.607954362357032e-10,-2.3698007024730572e-05
2025-02-13 22:40:00+00:00,609.44,609.42,609.45,101,442,609.4255801104972,5.023630520179754e-09,8.806635503066929e-05
2025-02-13 22:41:00+00:00,609.48,609.45,609.48,351,9,609.47925,5.603865640876425e-09,3.0859465669497155e-06
2025-02-13 22:42:00+00:00,609.48,609.45,609.49,351,100,609.4811308203991,1.1604817570210376e-11,-2.019046957069115e-06
2025-02-13 22:43:00+00:00,609.45,609.44,609.48,800,2,609.4799002493766,1.0721160575229631e-10,2.7543123100048916e-06
2025-02-13 22:44:00+00:00,609.49,609.44,609.49,711,144,609.4815789473685,0.0,0.0
2025-02-13 22:45:00+00:00,609.49,609.44,609.49,711,144,609.4815789473685,1.0029362507856985e-07,-0.0003635531491389399
2025-02-13 22:46:00+00:00,609.34,609.24,609.34,20,80,609.26,6.32826610211153e-09,9.83151650979508e-05
2025-02-13 22:47:00+00:00,609.3,609.3,609.32,198,1,609.3198994974875,6.54015928050296e-09,3.2988422877799906e-05
2025-02-13 22:48:00+00:00,609.34,609.3,609.36,200,100,609.34,0.0,0.0
2025-02-13 22:49:00+00:00,609.34,609.3,609.36,200,100,609.34,7.234844408807899e-10,1.6411199002197563e-05
2025-02-13 22:50:00+00:00,609.35,609.33,609.37,100,100,609.35,6.834066187368428e-09,-0.0001261733337658555
2025-02-13 22:51:00+00:00,609.28,609.25,609.28,497,148,609.2731162790698,3.5374651500819917e-09,-4.6147250417849506e-05
2025-02-13 22:52:00+00:00,609.25,609.24,609.25,100,100,609.245,1.4572945747937526e-11,0.0
2025-02-13 22:53:00+00:00,609.25,609.24,609.25,100,100,609.245,2.9799231231602427e-09,-8.206879005934198e-06
2025-02-13 22:54:00+00:00,609.25,609.22,609.25,200,100,609.24,1.9876675784843324e-08,0.00014646846851951167
2025-02-13 22:55:00+00:00,609.25,609.25,609.34,736,100,609.3292344497609,1.9739081427246468e-08,5.26829971325693e-05
2025-02-13 22:56:00+00:00,609.37,609.27,609.37,200,100,609.3366666666667,4.683865583572447e-09,-9.65531231165162e-05
2025-02-13 22:57:00+00:00,609.37,609.27,609.4,200,600,609.3025,6.847567780146211e-09,1.934296065697616e-05
2025-02-13 22:58:00+00:00,609.34,609.3,609.4,100,600,609.3142857142857,3.914818669765371e-08,-8.695957985549452e-05
2025-02-13 22:59:00+00:00,609.39,609.26,609.39,1,99,609.2613,5.1968127120105536e-08,-1.8398696592814012e-05
2025-02-13 23:00:00+00:00,609.3,609.25,609.36,1,1216,609.2500903861956,3.3777109588382196e-07,0.0005816233166651141
2025-02-13 23:01:00+00:00,609.64,609.55,609.63,500,500,609.59,3.387022968784592e-08,-9.676750149634206e-05
2025-02-13 23:02:00+00:00,609.58,609.54,609.6,20,5700,609.5402097902098,2.469010612644438e-08,1.4900709306209237e-05
2025-02-13 23:03:00+00:00,609.54,609.55,609.6,50,501,609.5545372050816,3.4140904395947117e-08,-7.412358306624345e-05
2025-02-13 23:04:00+00:00,609.5,609.49,609.55,250,525,609.5093548387097,7.57461077579099e-09,-0.00020050878726729504
2025-02-13 23:05:00+00:00,609.44,609.38,609.44,75,555,609.3871428571429,3.592833154951065e-08,0.00023169257481936434
2025-02-13 23:06:00+00:00,609.5,609.47,609.54,500,100,609.5283333333333,4.316108227858981e-08,-7.10932223548788e-05
2025-02-13 23:07:00+00:00,609.5,609.45,609.53,100,500,609.4633333333334,3.48729610146261e-08,5.469098227628422e-06
2025-02-13 23:08:00+00:00,609.46,609.39,609.47,100,500,609.4033333333333,3.287222331749094e-08,-0.00016873926194194144
2025-02-13 23:09:00+00:00,609.38,609.38,609.4,73,193,609.3854887218044,2.5961590687670795e-08,0.00013893017397248464
2025-02-13 23:10:00+00:00,609.5,609.44,609.5,100,99,609.4701507537688,1.0352750727677761e-08,-4.201239255385847e-05
2025-02-13 23:11:00+00:00,609.45,609.39,609.45,1000,100,609.4445454545455,2.147220687605004e-08,8.777160946138451e-05
2025-02-13 23:12:00+00:00,609.5,609.47,609.5,1000,70,609.4980373831776,2.406859523479287e-08,0.00014964687850138603
2025-02-13 23:13:00+00:00,609.56,609.56,609.59,500,27,609.5884629981025,8.649932221003622e-09,6.411935842010053e-05
2025-02-13 23:14:00+00:00,609.63,609.57,609.64,500,100,609.6283333333333,2.7886680684048173e-09,-1.419027492288727e-05
2025-02-13 23:15:00+00:00,609.64,609.58,609.62,500,4,609.6196825396826,1.840841334411723e-08,3.2156400399552254e-05
2025-02-13 23:16:00+00:00,609.61,609.6,609.64,1100,20,609.6392857142857,9.221248163571418e-08,-0.00015817315860089387
2025-02-13 23:17:00+00:00,609.56,609.54,609.59,80,1100,609.5433898305084,3.302654098940112e-08,-1.2890222180539368e-05
2025-02-13 23:18:00+00:00,609.54,609.53,609.59,100,1100,609.535,1.639856384857704e-08,1.5707823317612224e-06
2025-02-13 23:19:00+00:00,609.6,609.53,609.6,100,1075,609.5359574468085,1.4401056408297256e-09,6.469746767656659e-06
2025-02-13 23:20:00+00:00,609.54,609.54,609.55,100,6,609.5494339622641,1.8014846123441036e-08,0.00017262961435471347
2025-02-13 23:21:00+00:00,609.67,609.62,609.67,100,99,609.6451256281407,2.8203462739840898e-08,6.189345624907361e-07
2025-02-13 23:22:00+00:00,609.62,609.61,609.67,100,69,609.6455029585799,2.7521368464079138e-08,0.00011516746501638586
2025-02-13 23:23:00+00:00,609.73,609.69,609.72,600,100,609.7157142857143,1.878665345568269e-08,0.00012218840641953221
2025-02-13 23:24:00+00:00,609.78,609.75,609.79,600,500,609.7718181818182,1.7908012701059228e-08,-0.00010613481518850776
2025-02-13 23:25:00+00:00,609.72,609.72,609.73,475,410,609.7253672316384,6.628145432920781e-09,5.3858380754556734e-05
2025-02-13 23:26:00+00:00,609.73,609.7,609.77,500,100,609.7583333333333,6.493314294386793e-10,1.1897995589649213e-05
2025-02-13 23:27:00+00:00,609.75,609.74,609.77,580,100,609.7655882352941,2.9480690528232053e-09,5.477206343895702e-05
2025-02-13 23:28:00+00:00,609.77,609.76,609.8,1000,26,609.7989863547758,2.7370623364613097e-08,-0.00012132908783279994
2025-02-13 23:29:00+00:00,609.73,609.7,609.78,500,1100,609.725,2.411530144584601e-08,-2.8245884984401393e-05
2025-02-13 23:30:00+00:00,609.73,609.69,609.73,580,725,609.7077777777779,1.637069612423321e-08,-2.981289065373538e-05
2025-02-13 23:31:00+00:00,609.72,609.66,609.73,1080,1474,609.6896006264683,1.847483504576963e-08,-0.00010322295105080759
2025-02-13 23:32:00+00:00,609.64,609.59,609.67,1100,1300,609.6266666666667,9.728787120169541e-09,-0.00012896933498374175
2025-02-13 23:33:00+00:00,609.54,609.5,609.57,3501,1600,609.5480435208783,7.62587603361434e-09,-1.1259752530690115e-05
2025-02-13 23:34:00+00:00,609.52,609.5,609.56,3501,1600,609.5411801607527,1.112850492533931e-07,-0.00020327983984169684
2025-02-13 23:35:00+00:00,609.48,609.41,609.49,50,500,609.4172727272727,3.435573047430871e-08,-2.9834760181257636e-06
2025-02-13 23:36:00+00:00,609.44,609.41,609.47,50,500,609.4154545454545,1.0896623800267792e-08,9.021490112948172e-06
2025-02-13 23:37:00+00:00,609.41,609.42,609.44,25,500,609.4209523809524,1.589781522406547e-08,0.00011919642377544726
2025-02-13 23:38:00+00:00,609.52,609.44,609.52,1100,542,609.49359317905,1.9106824273761473e-08,3.996848564824518e-05
2025-02-13 23:39:00+00:00,609.52,609.44,609.52,1600,42,609.5179537149817,2.6798594721392398e-08,-6.877185272424757e-05
2025-02-13 23:40:00+00:00,609.52,609.43,609.52,1600,1342,609.4789462950374,1.589519385400526e-08,5.479483793546791e-05
2025-02-13 23:41:00+00:00,609.52,609.47,609.52,500,134,609.5094321766561,1.844988092325207e-08,9.835902054167178e-06
2025-02-13 23:42:00+00:00,609.51,609.46,609.52,1600,132,609.515427251732,2.6782725558727364e-08,-0.00011142766081284616
2025-02-13 23:43:00+00:00,609.45,609.41,609.45,226,15,609.4475103734441,1.6365355710986587e-08,8.165158275597051e-05
2025-02-13 23:44:00+00:00,609.47,609.47,609.5,500,50,609.4972727272727,1.871722008536411e-08,1.3301158061862495e-05
2025-02-13 23:45:00+00:00,609.5,609.45,609.52,500,132,609.5053797468355,3.613409325158834e-10,7.449601005182771e-06
2025-02-13 23:46:00+00:00,609.5,609.49,609.51,500,2,609.5099203187251,6.210713063750307e-09,-8.072581858087347e-06
2025-02-13 23:47:00+00:00,609.58,609.5,609.56,100,1100,609.505,2.8143819952717694e-08,-5.195472829044867e-05
2025-02-13 23:48:00+00:00,609.48,609.46,609.54,100,500,609.4733333333334,1.7636337468870398e-08,8.664342285280568e-05
2025-02-13 23:49:00+00:00,609.53,609.52,609.58,100,3337,609.5217457084667,9.252586542882903e-09,5.631925468985166e-05
2025-02-13 23:50:00+00:00,609.53,609.56,609.58,80,3337,609.5604682470002,9.474395793264987e-15,-1.0626356561349581e-07
2025-02-13 23:51:00+00:00,609.56,609.56,609.58,79,3837,609.5604034729314,5.98237067197599e-08,-0.00010452320570975004
2025-02-13 23:52:00+00:00,609.5,609.49,609.55,63,502,609.4966902654867,2.193782141174612e-08,8.585664728322229e-05
2025-02-13 23:53:00+00:00,609.49,609.5,609.53,100,2,609.5294117647059,1.2285511351283892e-08,-7.005805439064261e-05
2025-02-13 23:54:00+00:00,609.49,609.45,609.53,100,500,609.4633333333334,4.7052065699898806e-08,-5.411339519523217e-05
2025-02-13 23:55:00+00:00,609.47,609.46,609.54,100,500,609.4733333333334,2.5826724813119966e-08,0.0001421236066594389
2025-02-13 23:56:00+00:00,609.5,609.51,609.56,100,1,609.559504950495,1.2561878093368274e-08,-0.00019131924194404348
2025-02-13 23:57:00+00:00,609.56,609.44,609.48,100,500,609.4466666666667,7.960207954674787e-09,9.166835308715982e-05
2025-02-13 23:58:00+00:00,609.48,609.48,609.5,24,1,609.4992,3.886050090000333e-09,3.3579480771539494e-05
2025-02-13 23:59:00+00:00,609.5,609.5,609.52,118,2,609.5196666666667,1.974308274516667e-08,4.277762741811131e-07
