ts_recv,price,bid_px_00,ask_px_00,bid_sz_00,ask_sz_00,weighted_mid,rv_60s,ret_60s
2021-01-08 08:01:00+00:00,,,,0,0,,0.0,
2021-01-08 08:02:00+00:00,,,,0,0,,0.0,
2021-01-08 08:03:00+00:00,,,,0,0,,0.0,
2021-01-08 08:04:00+00:00,,,,0,0,,0.0,
2021-01-08 08:05:00+00:00,,,,0,0,,0.0,
2021-01-08 08:06:00+00:00,,,,0,0,,0.0,
2021-01-08 08:07:00+00:00,,,,0,0,,0.0,
2021-01-08 08:08:00+00:00,,,,0,0,,0.0,
2021-01-08 08:09:00+00:00,,,,0,0,,0.0,
2021-01-08 08:10:00+00:00,,,,0,0,,0.0,
2021-01-08 08:11:00+00:00,,,,0,0,,0.0,
2021-01-08 08:12:00+00:00,,,,0,0,,0.0,
2021-01-08 08:13:00+00:00,,,,0,0,,0.0,
2021-01-08 08:14:00+00:00,,,,0,0,,0.0,
2021-01-08 08:15:00+00:00,,,,0,0,,0.0,
2021-01-08 08:16:00+00:00,,,,0,0,,0.0,
2021-01-08 08:17:00+00:00,,,,0,0,,0.0,
2021-01-08 08:18:00+00:00,,,,0,0,,0.0,
2021-01-08 08:19:00+00:00,,,,0,0,,0.0,
2021-01-08 08:20:00+00:00,,,,0,0,,0.0,
2021-01-08 08:21:00+00:00,,,,0,0,,0.0,
2021-01-08 08:22:00+00:00,,,,0,0,,0.0,
2021-01-08 08:23:00+00:00,,,,0,0,,0.0,
2021-01-08 08:24:00+00:00,,,,0,0,,0.0,
2021-01-08 08:25:00+00:00,,,,0,0,,0.0,
2021-01-08 08:26:00+00:00,,,,0,0,,0.0,
2021-01-08 08:27:00+00:00,,,,0,0,,0.0,
2021-01-08 08:28:00+00:00,,,,0,0,,0.0,
2021-01-08 08:29:00+00:00,,,,0,0,,0.0,
2021-01-08 08:30:00+00:00,,,,0,0,,0.0,
2021-01-08 08:31:00+00:00,,,,0,0,,0.0,
2021-01-08 08:32:00+00:00,,,,0,0,,0.0,
2021-01-08 08:33:00+00:00,,,,0,0,,0.0,
2021-01-08 08:34:00+00:00,,,,0,0,,0.0,
2021-01-08 08:35:00+00:00,,,,0,0,,0.0,
2021-01-08 08:36:00+00:00,,,,0,0,,0.0,
2021-01-08 08:37:00+00:00,,,,0,0,,0.0,
2021-01-08 08:38:00+00:00,,,,0,0,,0.0,
2021-01-08 08:39:00+00:00,,,,0,0,,0.0,
2021-01-08 08:40:00+00:00,,,,0,0,,0.0,
2021-01-08 08:41:00+00:00,,,,0,0,,0.0,
2021-01-08 08:42:00+00:00,,,,0,0,,0.0,
2021-01-08 08:43:00+00:00,,,,0,0,,0.0,
2021-01-08 08:44:00+00:00,,,,0,0,,0.0,
2021-01-08 08:45:00+00:00,,,,0,0,,0.0,
2021-01-08 08:46:00+00:00,,,,0,0,,0.0,
2021-01-08 08:47:00+00:00,,,,0,0,,0.0,
2021-01-08 08:48:00+00:00,,,,0,0,,0.0,
2021-01-08 08:49:00+00:00,,,,0,0,,0.0,
2021-01-08 08:50:00+00:00,,,,0,0,,0.0,
2021-01-08 08:51:00+00:00,,,,0,0,,0.0,
2021-01-08 08:52:00+00:00,,,,0,0,,0.0,
2021-01-08 08:53:00+00:00,,,,0,0,,0.0,
2021-01-08 08:54:00+00:00,,,,0,0,,0.0,
2021-01-08 08:55:00+00:00,,,,0,0,,0.0,
2021-01-08 08:56:00+00:00,,,,0,0,,0.0,
2021-01-08 08:57:00+00:00,,,,0,0,,0.0,
2021-01-08 08:58:00+00:00,,,,0,0,,0.0,
2021-01-08 08:59:00+00:00,,,,0,0,,0.0,
2021-01-08 09:00:00+00:00,,,,0,0,,6.686919592081585e-08,
2021-01-08 09:01:00+00:00,380.14,380.11,380.15,500,500,380.13,4.703847292237342e-08,-2.29735708041634e-05
2021-01-08 09:02:00+00:00,380.12,380.12,380.17,513,500,380.14532082922017,2.483570162115619e-08,-0.00010653922648040659
2021-01-08 09:03:00+00:00,380.13,380.08,380.13,500,800,380.09923076923076,2.894340352930843e-08,-9.30976209511103e-05
2021-01-08 09:04:00+00:00,380.08,380.03,380.07,500,800,380.0453846153846,1.074341373851683e-07,-0.00029483658159579207
2021-01-08 09:05:00+00:00,379.9,379.9,379.95,1000,500,379.93333333333334,6.206944543696423e-08,0.00023036349009575297
2021-01-08 09:06:00+00:00,380.01,380.01,380.05,298,800,380.0208561020037,5.0130425317715765e-08,-0.0002303104349800078
2021-01-08 09:07:00+00:00,380.04,379.9,379.96,1000,800,379.93333333333334,4.6552451016319017e-08,1.4870286491053264e-06
2021-01-08 09:08:00+00:00,379.96,379.9,379.95,1000,500,379.93333333333334,7.643257783277039e-08,-2.3420666396045675e-05
2021-01-08 09:09:00+00:00,379.95,379.91,379.95,300,500,379.925,7.700456148087084e-08,5.3654314363660305e-05
2021-01-08 09:10:00+00:00,379.89,379.93,379.97,500,800,379.9453846153846,2.8871299281808553e-08,3.7950997084923443e-05
2021-01-08 09:11:00+00:00,379.97,379.95,379.96,1000,20,379.9598039215686,2.991024161867507e-08,0.00015184784768251802
2021-01-08 09:12:00+00:00,380.0,379.98,380.04,500,300,380.0175,3.131858133259348e-08,-0.0001796475972006828
2021-01-08 09:13:00+00:00,379.95,379.93,379.98,500,800,379.9492307692308,5.478305376124895e-08,-6.377370255949977e-05
2021-01-08 09:14:00+00:00,379.95,379.9,379.95,500,500,379.925,1.9675120423901716e-08,0.00014679010533447112
2021-01-08 09:15:00+00:00,379.93,379.95,380.0,1000,500,379.98333333333335,5.568975181252392e-08,0.00032693962245056163
2021-01-08 09:16:00+00:00,380.08,380.08,380.14,500,800,380.1030769230769,9.776598179247751e-08,1.3154260007031127e-05
2021-01-08 09:17:00+00:00,380.09,380.1,380.14,500,300,380.125,4.487505486570188e-08,0.00011615306989098961
2021-01-08 09:18:00+00:00,380.09,380.13,380.17,800,25,380.1687878787879,2.8426039985978116e-08,-6.150587220743464e-05
2021-01-08 09:19:00+00:00,380.09,380.1,380.15,1000,800,380.1277777777778,4.0158167784795704e-08,-6.4080512104380816e-06
2021-01-08 09:20:00+00:00,380.17,380.12,380.17,300,500,380.13875,3.720580223814806e-08,0.00011200364151342512
2021-01-08 09:21:00+00:00,380.18,380.16,380.2,300,800,380.1709090909091,4.401443387144195e-08,-0.0002372898620522923
2021-01-08 09:22:00+00:00,380.1,380.05,380.1,800,503,380.0806983883346,7.022165130548387e-08,-0.00034387010150427333
2021-01-08 09:23:00+00:00,380.02,379.92,379.96,1000,300,379.95076923076925,7.409827960417439e-08,0.00019739439399923953
2021-01-08 09:24:00+00:00,380.02,379.98,380.04,800,300,380.02363636363634,5.5923277243461194e-08,-0.0004339718694312822
2021-01-08 09:25:00+00:00,379.89,379.86,379.9,1,500,379.8600798403194,5.0367810788798476e-08,-0.00022397678733487858
2021-01-08 09:26:00+00:00,379.84,379.76,379.81,300,500,379.77875,1.962662421388921e-07,-0.0002631824101122504
2021-01-08 09:27:00+00:00,379.68,379.65,379.7,2,500,379.65019920318724,1.230269431769799e-07,-0.0001054846775160323
2021-01-08 09:28:00+00:00,379.65,379.63,379.67,300,500,379.645,4.418663195985498e-08,-0.00015804654470741308
2021-01-08 09:29:00+00:00,379.61,379.56,379.6,300,500,379.575,3.566152287979571e-08,0.0
2021-01-08 09:30:00+00:00,379.53,379.55,379.59,500,300,379.575,1.2314662403684405e-07,0.0002756118938691543
2021-01-08 09:31:00+00:00,379.68,379.66,379.68,300,20,379.67875,3.028937519393287e-08,0.0001820867188631059
2021-01-08 09:32:00+00:00,379.68,379.72,379.76,1300,300,379.7525,1.0883647903800891e-07,-0.0002476906291447589
2021-01-08 09:33:00+00:00,379.66,379.6,379.66,600,199,379.64505632040056,2.9015944115292224e-08,0.0001632453783328991
2021-01-08 09:34:00+00:00,379.66,379.7,379.75,500,1000,379.71666666666664,8.169195904581627e-08,-4.389237589386141e-06
2021-01-08 09:35:00+00:00,379.72,379.7,379.75,800,500,379.7307692307692,3.692266192325978e-08,-5.1658176830948754e-05
2021-01-08 09:36:00+00:00,379.72,379.68,379.72,500,800,379.6953846153846,6.014441304281884e-08,-0.00025600205096321105
2021-01-08 09:37:00+00:00,379.72,379.57,379.62,500,800,379.58923076923077,1.1368597132734604e-07,-0.0005154972482865894
2021-01-08 09:38:00+00:00,379.42,379.4,379.42,100,800,379.40222222222224,9.219551541980798e-08,0.0006556361647591658
2021-01-08 09:39:00+00:00,379.7,379.64,379.67,300,500,379.65125,6.472213476887561e-08,0.00018108724783605368
2021-01-08 09:40:00+00:00,379.7,379.69,379.75,300,800,379.7063636363636,1.0329594927119449e-07,-2.6074449855251203e-05
2021-01-08 09:41:00+00:00,379.71,379.71,379.72,5,500,379.710099009901,4.041847845901207e-08,-0.0002368519449688078
2021-01-08 09:42:00+00:00,379.66,379.62,379.63,5,1300,379.62003831417627,9.941198003022175e-08,0.00010088400900110095
2021-01-08 09:43:00+00:00,379.64,379.64,379.68,795,505,379.66446153846147,6.135234811429344e-08,-0.00012660194286939763
2021-01-08 09:44:00+00:00,379.67,379.61,379.65,5,500,379.610396039604,7.723520971965169e-08,0.00023933475306225915
2021-01-08 09:45:00+00:00,379.67,379.69,379.72,300,500,379.70125,5.734898527088675e-08,7.900948443007039e-05
2021-01-08 09:46:00+00:00,379.76,379.72,379.75,300,500,379.73125,6.98877914327183e-08,0.000168894752234916
2021-01-08 09:47:00+00:00,379.74,379.78,379.82,500,800,379.7953846153846,4.6566582861716166e-08,0.000131649835741543
2021-01-08 09:48:00+00:00,379.87,379.83,379.87,500,800,379.8453846153846,3.751912755067507e-08,0.0
2021-01-08 09:49:00+00:00,379.87,379.83,379.87,500,800,379.8453846153846,1.8790244397665716e-08,1.2150692893397874e-05
2021-01-08 09:50:00+00:00,379.87,379.83,379.87,500,500,379.85,3.711205445286172e-08,8.775393795779074e-05
2021-01-08 09:51:00+00:00,379.88,379.85,379.9,1000,500,379.8833333333333,2.8848466881754046e-08,9.652086166811458e-05
2021-01-08 09:52:00+00:00,379.95,379.9,379.94,1300,300,379.9325,4.916966585813034e-08,0.00016271368134912478
2021-01-08 09:53:00+00:00,379.95,379.96,379.99,800,300,379.9818181818182,1.0350099469432251e-07,0.00037681228766928143
2021-01-08 09:54:00+00:00,380.08,380.08,380.12,500,800,380.0953846153846,8.255406585485896e-08,0.00019730351857938366
2021-01-08 09:55:00+00:00,380.18,380.18,380.22,500,500,380.2,1.2514379186314503e-07,5.499497871941372e-05
2021-01-08 09:56:00+00:00,380.24,380.21,380.25,300,800,380.2209090909091,7.133484280041274e-08,-0.0003967676055112168
2021-01-08 09:57:00+00:00,380.08,380.07,380.08,5,1000,380.0700497512438,1.8290113294509852e-08,0.00016987824590186662
2021-01-08 09:58:00+00:00,380.12,380.11,380.15,800,500,380.13461538461536,6.225878799960315e-08,0.0001841452926596432
2021-01-08 09:59:00+00:00,380.2,380.18,380.22,800,500,380.2046153846154,2.8588030006924677e-08,9.384853219485123e-05
2021-01-08 10:00:00+00:00,380.2,380.24,380.27,5,500,380.24029702970296,4.376708996845774e-08,-0.0001651509063965717
2021-01-08 10:01:00+00:00,380.2,380.14,380.2,500,300,380.1775,2.914654494107027e-08,6.247081955135236e-05
2021-01-08 10:02:00+00:00,380.2,380.19,380.22,300,500,380.20125,4.9756177226079234e-08,-0.0001786334649522825
2021-01-08 10:03:00+00:00,380.14,380.1,380.15,1000,500,380.1333333333333,8.95479749508519e-08,0.0005962820063136753
2021-01-08 10:04:00+00:00,380.34,380.33,380.37,500,500,380.35,8.548125458893888e-08,-1.4156628942663119e-05
2021-01-08 10:05:00+00:00,380.38,380.33,380.37,800,500,380.3546153846154,6.004052319433456e-08,0.00011932184742580176
2021-01-08 10:06:00+00:00,380.4,380.37,380.42,1000,500,380.4033333333333,4.983365735158927e-08,-0.00020221629054428814
2021-01-08 10:07:00+00:00,380.4,380.32,380.35,25,500,380.32142857142856,4.213406844193267e-08,-4.753043970717741e-05
2021-01-08 10:08:00+00:00,380.33,380.28,380.32,1000,500,380.3066666666667,3.200533876509e-08,-1.3147342264763218e-05
2021-01-08 10:09:00+00:00,380.26,380.28,380.32,500,500,380.3,3.4481195255140103e-08,-0.00011832763607677599
2021-01-08 10:10:00+00:00,380.25,380.24,380.27,300,500,380.25125,8.30719315142542e-09,5.259628407250361e-05
2021-01-08 10:11:00+00:00,380.24,380.24,380.27,100,500,380.245,3.409386815165674e-08,-6.245480244548851e-05
2021-01-08 10:12:00+00:00,380.24,380.24,380.27,300,500,380.25125,1.4387356163264657e-08,-5.6469234249179046e-05
2021-01-08 10:13:00+00:00,380.27,380.21,380.23,800,9,380.22977750309025,1.393415438594268e-08,1.2723573511008723e-05
2021-01-08 10:14:00+00:00,380.23,380.21,380.25,800,500,380.2346153846154,3.8755388617504737e-08,-2.528803066925711e-05
2021-01-08 10:15:00+00:00,380.26,380.21,380.24,300,300,380.225,2.113377536711875e-08,7.890065093030252e-05
2021-01-08 10:16:00+00:00,380.26,380.24,380.28,300,500,380.255,1.575672084958299e-08,-6.574535509062951e-05
2021-01-08 10:17:00+00:00,380.26,380.18,380.23,526,300,380.2118401937046,4.287726856612729e-08,-0.00026299871130641694
2021-01-08 10:18:00+00:00,380.18,380.07,380.12,500,300,380.10125,5.476383932532354e-08,1.7537859855032423e-05
2021-01-08 10:19:00+00:00,380.14,380.11,380.15,1000,500,380.13666666666666,2.4807490205015613e-09,5.898994859121487e-05
2021-01-08 10:20:00+00:00,380.14,380.13,380.17,800,300,380.15909090909093,2.918000447998763e-08,0.00016356967552733082
2021-01-08 10:21:00+00:00,380.18,380.19,380.23,501,300,380.2150187265917,2.8736740031629558e-08,0.00015774128370749096
2021-01-08 10:22:00+00:00,380.18,380.26,380.3,800,500,380.2846153846154,1.0567128901247275e-08,7.321136419657925e-05
2021-01-08 10:23:00+00:00,380.29,380.28,380.32,800,300,380.3090909090909,4.484241991350765e-08,-0.000312932484698325
2021-01-08 10:24:00+00:00,380.29,380.2,380.24,300,300,380.22,3.379948628529825e-08,0.00017075711104275193
2021-01-08 10:25:00+00:00,380.29,380.24,380.28,300,500,380.255,3.376714128955649e-08,0.00011834163916324414
2021-01-08 10:26:00+00:00,380.33,380.28,380.32,800,300,380.3090909090909,8.106144916267251e-09,-5.311075414660138e-05
2021-01-08 10:27:00+00:00,380.33,380.26,380.28,800,8,380.27980198019804,4.28792825081865e-09,-6.574210033327699e-05
2021-01-08 10:28:00+00:00,380.33,380.23,380.28,500,508,380.25480158730153,2.510380459874126e-08,6.626717820057415e-05
2021-01-08 10:29:00+00:00,380.28,380.26,380.3,500,500,380.28,1.0569771042501749e-08,-5.4983409353837054e-05
2021-01-08 10:30:00+00:00,380.28,380.23,380.27,800,300,380.2590909090909,5.5102461451542204e-08,0.00012073108048338277
2021-01-08 10:31:00+00:00,380.28,380.29,380.33,300,500,380.305,2.100061288834336e-08,-6.244987575765304e-05
2021-01-08 10:32:00+00:00,380.28,380.27,380.3,300,500,380.28125,1.4645678954017683e-08,-6.574081682919619e-06
2021-01-08 10:33:00+00:00,380.3,380.26,380.29,500,300,380.27875,4.541213301354157e-08,-0.00020469434353331817
2021-01-08 10:34:00+00:00,380.3,380.19,380.23,300,800,380.2009090909091,1.519751099436465e-08,7.173240941993342e-05
2021-01-08 10:35:00+00:00,380.3,380.22,380.25,300,800,380.22818181818184,3.1598525264403844e-08,9.563635233300616e-06
2021-01-08 10:36:00+00:00,380.3,380.21,380.24,800,300,380.2318181818182,5.4984721474955566e-08,0.0003924828029235883
2021-01-08 10:37:00+00:00,380.4,380.36,380.4,500,450,380.38105263157894,5.0481757172154365e-08,0.00011654624618895326
2021-01-08 10:38:00+00:00,380.41,380.41,380.44,400,300,380.4271428571429,3.3554386090464576e-08,-0.0003164473777329535
2021-01-08 10:39:00+00:00,380.32,380.32,380.33,300,500,380.32375,1.671759680264292e-08,0.00014527001638220405
2021-01-08 10:40:00+00:00,380.32,380.36,380.38,10,800,380.3602469135802,3.792571927378584e-08,-0.00019783064657985516
2021-01-08 10:41:00+00:00,380.32,380.29,380.33,300,500,380.305,2.9365585908289794e-08,-0.00014462837082718227
2021-01-08 10:42:00+00:00,380.32,380.21,380.25,500,500,380.23,3.1029503674819996e-08,-0.00020322627691859996
2021-01-08 10:43:00+00:00,380.16,380.13,380.18,500,600,380.15272727272725,8.442464852807005e-08,-0.00044121023129450876
2021-01-08 10:44:00+00:00,380.15,379.96,379.99,500,300,379.97875,8.45117075926598e-08,0.00018421779807087368
2021-01-08 10:45:00+00:00,379.96,380.04,380.07,300,300,380.055,7.714662871862182e-08,1.076399229305025e-05
2021-01-08 10:46:00+00:00,379.96,380.01,380.04,500,300,380.02875,3.837754419793888e-08,-7.654312128502205e-05
2021-01-08 10:47:00+00:00,380.07,380.01,380.06,500,500,380.035,3.1366106652093666e-08,0.00027528191094217114
2021-01-08 10:48:00+00:00,380.12,380.11,380.15,800,500,380.13461538461536,7.903286487203594e-09,6.438646596507169e-05
2021-01-08 10:49:00+00:00,380.12,380.13,380.17,800,300,380.15909090909093,4.74253503285183e-08,0.00012076283852446856
2021-01-08 10:50:00+00:00,380.12,380.19,380.22,300,300,380.205,3.9827534809165295e-08,-8.328840143245753e-05
2021-01-08 10:51:00+00:00,380.12,380.14,380.2,500,800,380.1630769230769,2.9416117402447486e-08,-0.00011069512152350747
2021-01-08 10:52:00+00:00,380.17,380.12,380.15,300,500,380.13125,2.21843771609876e-08,0.00012824517847453976
2021-01-08 10:53:00+00:00,380.17,380.15,380.19,300,300,380.17,1.887858261198918e-08,-5.26066600030628e-05
2021-01-08 10:54:00+00:00,380.17,380.13,380.19,500,500,380.16,3.683935714746312e-08,-2.391337618590228e-06
2021-01-08 10:55:00+00:00,380.17,380.16,380.2,1300,800,380.1847619047619,4.087286200618689e-08,0.00031804866383677854
2021-01-08 10:56:00+00:00,380.17,380.26,380.3,500,500,380.28,4.6128007299679635e-08,-0.0002751009377705005
2021-01-08 10:57:00+00:00,380.17,380.15,380.2,500,800,380.16923076923075,1.0870961072763683e-08,3.552116746829981e-05
2021-01-08 10:58:00+00:00,380.15,380.09,380.15,1,500,380.090119760479,9.487515956081251e-08,-0.00045737498904052654
2021-01-08 10:59:00+00:00,380.1,379.99,380.04,500,800,380.0092307692308,2.40733611699537e-08,0.00016833885995559683
2021-01-08 11:00:00+00:00,380.1,380.09,380.12,300,66,380.11459016393445,7.372084680550254e-08,-0.000111304829771397
2021-01-08 11:01:00+00:00,380.05,380.01,380.06,500,500,380.035,1.1130892967965069e-07,0.00010997589301431354
2021-01-08 11:02:00+00:00,380.03,380.04,380.05,1000,2,380.0499800399202,2.2148052504141964e-08,-0.0001143488591422992
2021-01-08 11:03:00+00:00,380.05,379.99,380.03,500,500,380.01,3.899707833828631e-08,-0.0003420737563646359
2021-01-08 11:04:00+00:00,379.91,379.9,379.93,100,500,379.905,4.1383958084674054e-08,0.00028853367187964274
2021-01-08 11:05:00+00:00,379.9,379.99,380.03,800,500,380.0146153846154,9.332672077960025e-08,0.00026811174634921997
2021-01-08 11:06:00+00:00,379.9,380.09,380.12,500,66,380.11650176678444,1.4943354466917273e-07,-0.0001453548228704804
2021-01-08 11:07:00+00:00,380.12,380.04,380.07,500,300,380.05875,2.8220066141431978e-08,0.00020338961797627952
2021-01-08 11:08:00+00:00,380.07,380.11,380.14,1300,66,380.1385505124451,6.216040038943552e-08,-0.0002479748450461283
2021-01-08 11:09:00+00:00,380.06,380.04,380.07,50,300,380.0442857142857,3.9446633185731536e-08,2.8192203164412177e-05
2021-01-08 11:10:00+00:00,380.06,380.03,380.07,500,300,380.055,6.083291936375955e-08,0.00018519586739973448
2021-01-08 11:11:00+00:00,380.14,380.11,380.15,500,800,380.12538461538463,1.712569203120852e-08,1.7987766969262964e-05
2021-01-08 11:12:00+00:00,380.15,380.11,380.15,500,400,380.1322222222222,2.262520762036052e-08,4.347902338075471e-05
2021-01-08 11:13:00+00:00,380.18,380.13,380.17,500,300,380.155,3.6015588695711514e-08,0.0001594924698278266
2021-01-08 11:14:00+00:00,380.18,380.18,380.21,500,66,380.20650176678447,3.2987868153683476e-08,0.0002514907358244223
2021-01-08 11:15:00+00:00,380.29,380.28,380.33,500,500,380.305,1.3051464240165826e-08,-7.450160616706558e-05
2021-01-08 11:16:00+00:00,380.29,380.24,380.3,500,500,380.27,7.559980294299624e-09,-4.3827739452773073e-05
2021-01-08 11:17:00+00:00,380.3,380.24,380.28,500,500,380.26,1.4437712829111658e-08,7.650267998449145e-05
2021-01-08 11:18:00+00:00,380.3,380.26,380.3,800,300,380.28909090909093,2.851374007155843e-09,-9.402735080332736e-05
2021-01-08 11:19:00+00:00,380.3,380.26,380.28,500,500,380.27,1.2457492564084286e-08,1.4244889372072578e-05
2021-01-08 11:20:00+00:00,380.28,380.31,380.36,300,800,380.32363636363635,4.941837533747981e-08,0.00035173418100176157
2021-01-08 11:21:00+00:00,380.39,380.36,380.4,1300,300,380.3925,1.8125411556037128e-08,3.3871896487402964e-05
2021-01-08 11:22:00+00:00,380.39,380.39,380.43,500,800,380.4053846153846,5.977751017997388e-08,-4.628440689558033e-05
2021-01-08 11:23:00+00:00,380.5,380.36,380.41,1000,500,380.3933333333333,3.009823874929776e-08,-9.860334558242645e-05
2021-01-08 11:24:00+00:00,380.5,380.35,380.38,10,1100,380.35027027027024,3.80669465219769e-08,0.00010069970049975119
2021-01-08 11:25:00+00:00,380.5,380.38,380.42,300,1100,380.3885714285714,3.23506777548711e-08,0.00012205564235068245
2021-01-08 11:26:00+00:00,380.46,380.41,380.46,500,500,380.435,2.5400335990975467e-08,-6.571424816326221e-05
2021-01-08 11:27:00+00:00,380.46,380.39,380.43,500,500,380.41,4.11028699891922e-08,0.00026765379936954936
2021-01-08 11:28:00+00:00,380.5,380.49,380.52,800,300,380.51181818181817,5.260514802908654e-08,0.0001866115630195786
2021-01-08 11:29:00+00:00,380.59,380.54,380.58,500,500,380.56,4.1914031235738084e-08,-0.000179226958405998
2021-01-08 11:30:00+00:00,380.58,380.49,380.52,800,300,380.51181818181817,3.262896641973239e-08,-0.00021998180969129422
2021-01-08 11:31:00+00:00,380.58,380.42,380.46,300,800,380.4309090909091,1.8736605387685022e-08,-1.537427639419775e-05
2021-01-08 11:32:00+00:00,380.58,380.41,380.43,500,164,380.42506024096383,8.279422215215504e-09,3.3793756013533738e-06
2021-01-08 11:33:00+00:00,380.43,380.41,380.43,1001,112,380.42798742138365,2.350032212391299e-08,-0.00024006516514285536
2021-01-08 11:34:00+00:00,380.38,380.31,380.35,501,300,380.3350187265917,4.012409175561345e-08,-0.00022114617782043045
2021-01-08 11:35:00+00:00,380.28,380.24,380.28,800,800,380.26,9.136801026417302e-08,0.0004676935803153981
2021-01-08 11:36:00+00:00,380.46,380.4,380.44,500,300,380.425,3.394476377911772e-08,-0.00032967189432087096
2021-01-08 11:37:00+00:00,380.46,380.3,380.33,100,800,380.30333333333334,2.447116396287149e-08,0.00015484715417213302
2021-01-08 11:38:00+00:00,380.36,380.35,380.39,300,1000,380.35923076923075,8.43374379721776e-09,-2.85113560538619e-07
2021-01-08 11:39:00+00:00,380.34,380.34,380.39,793,1000,380.36211377579474,2.925128751216784e-08,0.00010417797463246892
2021-01-08 11:40:00+00:00,380.44,380.4,380.44,50,1100,380.4017391304348,6.904547336995407e-08,-9.657981721844511e-05
2021-01-08 11:41:00+00:00,380.44,380.34,380.38,500,300,380.365,4.695866828458501e-08,0.00010954390300543793
2021-01-08 11:42:00+00:00,380.44,380.39,380.44,500,1000,380.4066666666667,3.223874228107281e-08,7.549275876161943e-05
2021-01-08 11:43:00+00:00,380.5,380.42,380.46,500,800,380.43538461538463,8.065170838443478e-09,9.114610931582057e-05
2021-01-08 11:44:00+00:00,380.5,380.47,380.49,3,1000,380.4700598205384,1.0067219132205902e-08,-0.00016661798277006756
2021-01-08 11:45:00+00:00,380.47,380.39,380.44,500,1000,380.4066666666667,2.5556084700093296e-08,0.0001007693520966857
2021-01-08 11:46:00+00:00,380.47,380.42,380.46,500,800,380.43538461538463,2.7051612554822596e-08,-0.00015669908821347445
2021-01-08 11:47:00+00:00,380.47,380.37,380.41,500,800,380.3853846153846,1.4115990273091233e-08,-2.4014107150360786e-05
2021-01-08 11:48:00+00:00,380.47,380.37,380.38,500,300,380.37625,9.219935646446713e-09,-0.00017041397450934248
2021-01-08 11:49:00+00:00,380.37,380.3,380.32,400,300,380.31142857142856,1.1822228757444944e-08,0.0001079942002419898
2021-01-08 11:50:00+00:00,380.32,380.34,380.36,500,300,380.3525,6.737155433810123e-09,1.3145700370031932e-05
2021-01-08 11:51:00+00:00,380.32,380.35,380.38,100,300,380.3575,2.107815280166848e-08,0.00013600565055438274
2021-01-08 11:52:00+00:00,380.32,380.4,380.44,300,1000,380.40923076923076,1.3010553303461928e-08,-3.740910598304392e-05
2021-01-08 11:53:00+00:00,380.4,380.37,380.4,500,100,380.395,1.0524045109946339e-08,6.333129796898262e-05
2021-01-08 11:54:00+00:00,380.4,380.39,380.43,800,300,380.4190909090909,5.855859946623594e-08,-1.0753690308007435e-05
2021-01-08 11:55:00+00:00,380.37,380.4,380.45,300,500,380.41875,5.684756161774213e-08,-0.00017042936541200593
2021-01-08 11:56:00+00:00,380.37,380.35,380.4,1,300,380.3501661129568,5.0477849236461786e-08,-0.00024363368604207736
2021-01-08 11:57:00+00:00,380.3,380.25,380.3,300,500,380.26875,4.579826629557119e-08,-0.0002035992970043088
2021-01-08 11:58:00+00:00,380.21,380.18,380.21,1,800,380.18003745318356,1.581535587968014e-08,9.185162908931233e-05
2021-01-08 11:59:00+00:00,380.22,380.2,380.23,300,300,380.215,9.171890225039421e-09,-0.00013748202273100585
2021-01-08 12:00:00+00:00,380.18,380.16,380.19,100,500,380.165,8.401915050298125e-08,3.574394797678515e-05
2021-01-08 12:01:00+00:00,380.18,380.17,380.18,600,350,380.1763157894737,4.744782084111975e-08,1.0318315349699958e-05
2021-01-08 12:02:00+00:00,380.17,380.18,380.21,3,500,380.1801789264414,2.4034974719125878e-08,0.00014404070978990546
2021-01-08 12:03:00+00:00,380.18,380.23,380.26,100,500,380.235,7.85955333740507e-09,-7.753825560696814e-05
2021-01-08 12:04:00+00:00,380.23,380.2,380.24,80,500,380.2055172413793,2.8094747481816537e-08,0.00015644896226718608
2021-01-08 12:05:00+00:00,380.28,380.24,380.28,80,300,380.24842105263156,3.968615860066582e-09,-1.5096684524706916e-05
2021-01-08 12:06:00+00:00,380.26,380.24,380.26,520,20,380.2592592592592,4.794784752747111e-08,-5.0647706243078794e-05
2021-01-08 12:07:00+00:00,380.24,380.22,380.26,500,800,380.2353846153846,3.549965102156807e-08,6.574794866387457e-05
2021-01-08 12:08:00+00:00,380.27,380.22,380.29,500,500,380.255,4.6068029528648494e-08,-7.450944297615614e-05
2021-01-08 12:09:00+00:00,380.24,380.25,380.31,300,1000,380.26384615384615,2.1063909513066203e-08,0.0002717441433066625
2021-01-08 12:10:00+00:00,380.32,380.33,380.34,1600,1,380.3399937539038,4.786435602276627e-08,0.00018203979719189078
2021-01-08 12:11:00+00:00,380.42,380.39,380.44,500,800,380.40923076923076,1.5162920898045744e-08,0.00012688764326673763
2021-01-08 12:12:00+00:00,380.42,380.45,380.48,100,300,380.4575,1.4723373465407134e-08,4.181568482364284e-06
2021-01-08 12:13:00+00:00,380.45,380.45,380.47,15,18,380.4590909090909,4.119626996562411e-09,4.797846888804358e-05
2021-01-08 12:14:00+00:00,380.49,380.46,380.49,540,394,380.4773447537473,4.527518768347687e-09,6.455051396914158e-05
2021-01-08 12:15:00+00:00,380.52,380.5,380.54,50,1000,380.50190476190477,2.9063437144581904e-08,-0.00011337845204206776
2021-01-08 12:16:00+00:00,380.48,380.44,380.47,501,300,380.4587640449438,1.6029879783433247e-08,0.00014781090717508327
2021-01-08 12:17:00+00:00,380.48,380.49,380.53,500,300,380.515,2.4087094672054042e-08,0.00023366807909086518
2021-01-08 12:18:00+00:00,380.59,380.59,380.62,519,600,380.60391420911526,5.408743214222056e-09,-0.00011373821313742649
2021-01-08 12:19:00+00:00,380.59,380.56,380.57,100,1500,380.560625,1.1366676170012793e-08,2.7980845994424186e-05
2021-01-08 12:20:00+00:00,380.56,380.56,380.59,301,500,380.5712734082397,9.028823807178432e-09,-0.00011499974821393977
2021-01-08 12:21:00+00:00,380.53,380.5,380.54,1101,500,380.5275078076203,5.427072847826653e-09,-7.055035413361388e-05
2021-01-08 12:22:00+00:00,380.49,380.45,380.51,1020,8485,380.456438716465,2.2647375240139407e-08,-3.1304695085943024e-05
2021-01-08 12:23:00+00:00,380.47,380.47,380.5,500,300,380.48875,6.922851682819336e-09,3.11123759650922e-05
2021-01-08 12:24:00+00:00,380.5,380.5,380.51,530,8485,380.50058790904046,1.3364821886319821e-08,-1.2754986029595017e-06
2021-01-08 12:25:00+00:00,380.51,380.5,380.51,62,5982,380.50010258107216,3.198044298117772e-08,1.3234005564299878e-05
2021-01-08 12:26:00+00:00,380.51,380.5,380.53,62,300,380.5051381215469,8.955064446081817e-09,-0.0001711885465423002
2021-01-08 12:27:00+00:00,380.44,380.42,380.46,500,500,380.44,2.5889633835423015e-08,5.205020554566175e-07
2021-01-08 12:28:00+00:00,380.48,380.42,380.46,510,500,380.440198019802,2.650888110081227e-08,-0.0002206479194128974
2021-01-08 12:29:00+00:00,380.36,380.35,380.36,501,300,380.3562546816479,5.685131399640702e-09,0.0001478753606909411
2021-01-08 12:30:00+00:00,380.38,380.4,380.42,500,300,380.4125,4.85301004481884e-08,5.476511243274196e-05
2021-01-08 12:31:00+00:00,380.44,380.4,380.45,1000,500,380.43333333333334,2.2860959721100005e-08,-0.00016060958569652506
2021-01-08 12:32:00+00:00,380.42,380.35,380.42,1001,1000,380.3850174912544,3.881665738686696e-08,0.00014896714386214427
2021-01-08 12:33:00+00:00,380.35,380.41,380.47,300,500,380.4325,2.1439281146117506e-08,-2.0405870663320336e-05
2021-01-08 12:34:00+00:00,380.4,380.42,380.44,30,500,380.42113207547175,4.309450006002722e-08,-0.00011187771475285047
2021-01-08 12:35:00+00:00,380.37,380.35,380.39,2000,800,380.37857142857143,6.389870532892555e-08,-1.8152341965116392e-05
2021-01-08 12:36:00+00:00,380.35,380.35,380.38,300,500,380.36125,8.74947966016303e-08,-8.325190712599184e-05
2021-01-08 12:37:00+00:00,380.39,380.31,380.36,800,1500,380.3273913043478,5.6074379642251735e-08,-9.921609364405004e-05
2021-01-08 12:38:00+00:00,380.31,380.3,380.34,30,500,380.3022641509434,1.0059023316363277e-09,2.43499235463851e-06
2021-01-08 12:39:00+00:00,380.31,380.3,380.34,130,1500,380.3031901840491,2.246923589924266e-08,-0.00013960093665221773
2021-01-08 12:40:00+00:00,380.26,380.25,380.27,5,500,380.250198019802,4.245223764389356e-08,0.00036825566399700804
2021-01-08 12:41:00+00:00,380.3,380.39,380.4,30,2300,380.3901287553648,4.1272057598624676e-08,-5.291608231439149e-05
2021-01-08 12:42:00+00:00,380.38,380.35,380.39,500,500,380.37,1.5403209743505572e-08,-1.3145095564826015e-05
2021-01-08 12:43:00+00:00,380.34,380.35,380.39,800,500,380.37461538461537,5.3032091047098824e-08,-0.0003417769773770285
2021-01-08 12:44:00+00:00,380.25,380.21,380.27,1500,500,380.255,1.761355964275187e-08,4.632201716869844e-06
2021-01-08 12:45:00+00:00,380.25,380.23,380.24,1000,479,380.2367613252198,1.7302469730174534e-08,-4.0793860030086115e-05
2021-01-08 12:46:00+00:00,380.24,380.21,380.24,300,500,380.22125,4.413286004419604e-08,-9.862678637784228e-06
2021-01-08 12:47:00+00:00,380.2,380.18,380.23,1500,500,380.2175,4.1016408456255474e-08,-4.5505480936514076e-05
2021-01-08 12:48:00+00:00,380.25,380.2,380.22,10,1000,380.200198019802,5.2404105997838396e-08,5.5476832701906176e-05
2021-01-08 12:49:00+00:00,380.2,380.22,380.26,10,300,380.2212903225807,4.0163889057988606e-08,7.628901342582317e-05
2021-01-08 12:50:00+00:00,380.27,380.25,380.28,5,500,380.25029702970295,8.551089245389013e-09,-2.7079609886904166e-05
2021-01-08 12:51:00+00:00,380.23,380.21,380.25,520,1500,380.220297029703,1.4302371780504752e-08,-7.396644224699767e-05
2021-01-08 12:52:00+00:00,380.23,380.21,380.24,20,300,380.211875,2.8522661913530057e-08,3.087693072600928e-05
2021-01-08 12:53:00+00:00,380.21,380.21,380.25,258,500,380.2236147757256,9.248672252400992e-09,2.1176725032878707e-05
2021-01-08 12:54:00+00:00,380.25,380.23,380.24,20,100,380.2316666666667,8.916494578589519e-09,-0.00010240965535768254
2021-01-08 12:55:00+00:00,380.2,380.19,380.2,300,800,380.19272727272727,1.8127896059897473e-08,-5.880412946679403e-05
2021-01-08 12:56:00+00:00,380.22,380.17,380.2,10,800,380.1703703703704,4.376946545314861e-08,9.513950031725393e-05
2021-01-08 12:57:00+00:00,380.2,380.18,380.23,405,800,380.19680497925316,8.932452233040947e-09,3.881355822499266e-05
2021-01-08 12:58:00+00:00,380.2,380.21,380.24,604,1000,380.2212967581047,1.541822676406025e-08,3.919554906306466e-05
2021-01-08 12:59:00+00:00,380.25,380.23,380.25,239,532,380.2361997405966,3.6953101020451922e-09,-3.8221173943475684e-05
2021-01-08 13:00:00+00:00,380.23,380.22,380.23,300,1500,380.2216666666667,5.2125110538564096e-08,-3.546575502422211e-05
2021-01-08 13:01:00+00:00,380.2,380.2,380.23,300,800,380.2081818181818,2.0211504341662793e-08,7.05355200143476e-05
2021-01-08 13:02:00+00:00,380.24,380.23,380.26,100,500,380.235,3.9671438262443854e-08,-2.1241924275661184e-05
2021-01-08 13:03:00+00:00,380.25,380.22,380.25,300,1000,380.2269230769231,1.2638774377697207e-07,0.00019214042605364412
2021-01-08 13:04:00+00:00,380.26,380.29,380.3,500,1,380.2999800399202,5.8150072750890146e-08,0.00015484587877701017
2021-01-08 13:05:00+00:00,380.33,380.34,380.36,500,30,380.35886792452834,2.8509766729317407e-08,6.870373659029205e-05
2021-01-08 13:06:00+00:00,380.4,380.36,380.41,500,500,380.385,9.087705398101862e-09,3.950374267769341e-05
2021-01-08 13:07:00+00:00,380.4,380.39,380.4,2,1400,380.39001426533525,2.7289900537165987e-08,-0.00012713994764834702
2021-01-08 13:08:00+00:00,380.38,380.34,380.35,136,1000,380.3411971830986,6.490694391144e-08,-0.0002672857823057262
2021-01-08 13:09:00+00:00,380.32,380.24,380.29,1500,1300,380.26678571428573,5.64338049282785e-08,1.820664542573347e-05
2021-01-08 13:10:00+00:00,380.29,380.25,380.28,300,1000,380.2569230769231,2.539755845103773e-08,0.00026904886170076026
2021-01-08 13:11:00+00:00,380.33,380.29,380.34,500,1000,380.3066666666667,4.154317083837952e-08,-7.821457913637087e-05
2021-01-08 13:12:00+00:00,380.35,380.29,380.33,500,500,380.31,3.9468883937491864e-08,8.487101557097532e-07
2021-01-08 13:13:00+00:00,380.35,380.32,380.35,500,530,380.3345631067961,1.2141005655136803e-08,6.33265315310716e-05
2021-01-08 13:14:00+00:00,380.37,380.34,380.39,500,1300,380.3538888888889,8.754386336294517e-09,6.864951791962781e-05
2021-01-08 13:15:00+00:00,380.39,380.37,380.4,500,1000,380.38,3.9219781462142946e-08,-7.748484202774186e-05
2021-01-08 13:16:00+00:00,380.38,380.34,380.38,500,400,380.3622222222222,2.7676701980714752e-08,1.3793999245281796e-05
2021-01-08 13:17:00+00:00,380.39,380.34,380.38,500,1100,380.3525,2.265198615501045e-08,1.136819998803773e-06
2021-01-08 13:18:00+00:00,380.38,380.34,380.38,1100,881,380.36221100454316,3.200121285142355e-08,-8.109485990426268e-05
2021-01-08 13:19:00+00:00,380.35,380.32,380.35,300,1379,380.3253603335319,5.751764087907946e-08,0.00011902286194875877
2021-01-08 13:20:00+00:00,380.38,380.37,380.38,100,1493,380.3706277463905,9.668608728218902e-09,-4.042509593737975e-08
2021-01-08 13:21:00+00:00,380.38,380.37,380.38,100,1029,380.37088573959255,8.366462076336985e-09,-7.565693353883685e-05
2021-01-08 13:22:00+00:00,380.35,380.34,380.35,101,1300,380.3407209136331,1.0415119137727963e-08,5.6524514636668854e-05
2021-01-08 13:23:00+00:00,380.35,380.36,380.38,100,500,380.36333333333334,1.2850435646588628e-08,-5.900046513818147e-05
2021-01-08 13:24:00+00:00,380.31,380.33,380.36,285,500,380.3408917197452,3.015243815952161e-10,-2.948207959208027e-06
2021-01-08 13:25:00+00:00,380.34,380.33,380.34,2000,47,380.339770395701,5.539771094686819e-08,0.00012914372098604687
2021-01-08 13:26:00+00:00,380.39,380.36,380.4,1300,500,380.3888888888889,1.2405086145406426e-08,-8.490778974190594e-05
2021-01-08 13:27:00+00:00,380.36,380.35,380.36,580,300,380.356590909091,3.3639560795027104e-08,-9.399559596501295e-05
2021-01-08 13:28:00+00:00,380.31,380.31,380.35,394,1060,380.32083906464925,1.554080705413726e-07,-0.0003033873176092605
2021-01-08 13:29:00+00:00,380.23,380.2,380.26,100,1000,380.20545454545453,8.380046947191636e-07,-8.448382772308083e-05
2021-01-08 13:30:00+00:00,380.15,380.11,380.3,5,10,380.17333333333335,1.2410714699798676e-06,-0.0008993391485587754
2021-01-08 13:31:00+00:00,379.89,379.8,379.85,600,180,379.83846153846156,2.403606382000651e-07,9.277298450682814e-05
2021-01-08 13:32:00+00:00,379.83,379.84,379.88,400,200,379.8666666666667,1.9785935332013074e-07,0.00012911798626080717
2021-01-08 13:33:00+00:00,379.92,379.91,379.96,200,400,379.9266666666667,2.236866402646215e-07,-0.00010277968922933756
2021-01-08 13:34:00+00:00,379.87,379.85,379.89,600,300,379.87666666666667,1.230923280661503e-07,8.839776132663069e-05
2021-01-08 13:35:00+00:00,379.95,379.91,379.94,5,900,379.9101657458564,5.223743694380878e-08,0.00027046674116992797
2021-01-08 13:36:00+00:00,380.04,380.01,380.04,100,834,380.0132119914347,2.5664861441554813e-07,0.0006645705661265655
2021-01-08 13:37:00+00:00,380.25,380.24,380.27,1000,49,380.26859866539564,1.513733920739131e-07,-6.717793618371548e-05
2021-01-08 13:38:00+00:00,380.25,380.23,380.27,600,9,380.2694088669951,9.25838548143816e-08,9.643032470707524e-05
2021-01-08 13:39:00+00:00,380.3,380.26,380.31,1500,1000,380.29,8.149985258063915e-08,0.0004767635447733287
2021-01-08 13:40:00+00:00,380.48,380.45,380.48,3923,500,380.4766086366719,6.303203927878348e-08,0.000142016428045455
2021-01-08 13:41:00+00:00,380.51,380.5,380.52,195,400,380.50655462184875,1.4425047898592366e-07,-3.201211913195223e-05
2021-01-08 13:42:00+00:00,380.52,380.48,380.5,595,10,380.49966942148757,9.175337779377813e-08,0.0004238444592956636
2021-01-08 13:43:00+00:00,380.7,380.66,380.7,500,4911,380.66369617445946,1.17985479234178e-07,0.00011090669596547365
2021-01-08 13:44:00+00:00,380.73,380.7,380.73,62,500,380.70330960854096,6.710323878974794e-08,0.00015368548631045087
2021-01-08 13:45:00+00:00,380.76,380.74,380.77,61,400,380.74396963123644,8.385599706531653e-08,-0.00036238772729502156
2021-01-08 13:46:00+00:00,380.52,380.48,380.53,2000,900,380.5144827586207,2.0632529172429333e-07,-0.0003200923346262652
2021-01-08 13:47:00+00:00,380.46,380.49,380.53,600,1400,380.502,7.705351702145412e-08,-0.0001269790683720018
2021-01-08 13:48:00+00:00,380.43,380.41,380.47,1080,61,380.4667922874672,7.773143209190038e-08,1.9103955954946628e-05
2021-01-08 13:49:00+00:00,380.5,380.46,380.49,2,61,380.46095238095234,8.930140003672909e-08,-2.6978905982688595e-05
2021-01-08 13:50:00+00:00,380.45,380.43,380.46,137,2100,380.43183728207424,5.384281277750616e-08,0.00019386608065241617
2021-01-08 13:51:00+00:00,380.53,380.52,380.55,500,100,380.545,7.880653322197209e-08,-1.9188221435428865e-05
2021-01-08 13:52:00+00:00,380.5,380.51,380.55,1300,400,380.54058823529414,8.144628294680094e-08,-0.0002684316831980116
2021-01-08 13:53:00+00:00,380.4,380.4,380.44,300,500,380.415,8.944708336728353e-08,-0.00038748414149381016
2021-01-08 13:54:00+00:00,380.26,380.26,380.28,34,1135,380.26058169375534,7.960158359395584e-08,-0.00044187616754121084
2021-01-08 13:55:00+00:00,380.09,380.09,380.11,234,500,380.09637602179833,1.3740816785936731e-07,-2.0931477070829096e-05
2021-01-08 13:56:00+00:00,380.07,380.06,380.1,203,690,380.0690929451288,8.232690832764652e-08,0.00023742661654990727
2021-01-08 13:57:00+00:00,380.21,380.17,380.19,200,1500,380.1723529411765,2.755688064877331e-08,-7.304456818102434e-05
2021-01-08 13:58:00+00:00,380.16,380.15,380.16,100,645,380.1513422818792,7.055544480468713e-08,-0.00011515224763836152
2021-01-08 13:59:00+00:00,380.13,380.11,380.13,108,6950,380.1103060357042,8.920467603712437e-08,-3.237490672780563e-05
2021-01-08 14:00:00+00:00,380.1,380.06,380.1,400,100,380.092,9.157947768309247e-08,2.2801137250505477e-05
2021-01-08 14:01:00+00:00,380.11,380.08,380.12,1200,100,380.11692307692306,5.4260547757480716e-08,0.000114784524614997
2021-01-08 14:02:00+00:00,380.2,380.14,380.18,200,100,380.1666666666667,9.675683047048034e-08,5.794998226171799e-06
2021-01-08 14:03:00+00:00,380.16,380.13,380.15,900,15,380.14967213114755,1.2072829480731843e-07,0.0001797895782011949
2021-01-08 14:04:00+00:00,380.22,380.21,380.25,700,75,380.24612903225807,7.855428819301089e-08,0.0001358723575830556
2021-01-08 14:05:00+00:00,380.29,380.27,380.29,70,488,380.2725089605735,8.270951003044172e-08,0.00027390280296057945
2021-01-08 14:06:00+00:00,380.36,380.37,380.41,200,1000,380.37666666666667,6.451635844070863e-08,0.00020980235793111035
2021-01-08 14:07:00+00:00,380.45,380.41,380.46,700,200,380.4488888888889,4.2433398702412786e-08,-4.315546201227871e-05
2021-01-08 14:08:00+00:00,380.46,380.44,380.46,2,770,380.4400518134715,8.055208997605607e-09,5.217296114423675e-05
2021-01-08 14:09:00+00:00,380.45,380.44,380.46,1000,5,380.4599004975124,4.732079317927872e-08,3.6103321548575096e-05
2021-01-08 14:10:00+00:00,380.44,380.46,380.49,500,600,380.4736363636364,1.953188380639127e-08,0.0001518954331358735
2021-01-08 14:11:00+00:00,380.51,380.53,380.56,1,1000,380.53002997002994,5.6630395441071954e-08,-6.507190445448341e-05
2021-01-08 14:12:00+00:00,380.51,380.5,380.54,100,500,380.50666666666666,5.788724203753146e-08,-9.466721225115382e-05
2021-01-08 14:13:00+00:00,380.5,380.47,380.49,50,1500,380.47064516129035,6.133434222060316e-09,7.663355709164321e-05
2021-01-08 14:14:00+00:00,380.5,380.5,380.54,100,550,380.50615384615384,3.5352963903343516e-08,0.000143596703213289
2021-01-08 14:15:00+00:00,380.59,380.55,380.57,500,10,380.56960784313725,3.021388941837178e-08,-0.000195584387948311
2021-01-08 14:16:00+00:00,380.55,380.48,380.52,301,1000,380.4892544196772,2.7630692004053118e-08,6.568021797170864e-05
2021-01-08 14:17:00+00:00,380.55,380.51,380.54,100,200,380.52,3.7722770149882195e-08,4.317570446787933e-05
2021-01-08 14:18:00+00:00,380.52,380.5,380.53,500,71,380.5262697022767,2.3747453839786325e-08,-5.5772712833856986e-05
2021-01-08 14:19:00+00:00,380.52,380.5,380.52,26,2500,380.5002058590657,4.2389720051728965e-08,-0.0001544737341322433
2021-01-08 14:20:00+00:00,380.47,380.43,380.47,400,970,380.4416788321168,8.199944893398979e-08,0.00020756800454657665
2021-01-08 14:21:00+00:00,380.48,380.52,380.54,2,500,380.52007968127486,3.6918546946756315e-08,9.227784537935158e-05
2021-01-08 14:22:00+00:00,380.58,380.55,380.59,400,2504,380.55550964187336,4.3954040450430334e-08,0.0001251240644690732
2021-01-08 14:23:00+00:00,380.58,380.57,380.61,400,83,380.60312629399584,3.334535840052357e-08,-0.00013625397370475856
2021-01-08 14:24:00+00:00,380.56,380.54,380.55,200,2900,380.54064516129034,1.7586014841272492e-08,-2.6381558315469178e-05
2021-01-08 14:25:00+00:00,380.54,380.54,380.55,350,2500,380.54122807017546,4.641255209072749e-08,-7.686433437392726e-05
2021-01-08 14:26:00+00:00,380.52,380.51,380.54,6,177,380.51098360655743,2.6741171927120607e-08,0.0001655155667776853
2021-01-08 14:27:00+00:00,380.58,380.57,380.6,1000,10,380.599702970297,6.351518947271904e-08,-9.985929002709337e-05
2021-01-08 14:28:00+00:00,380.54,380.52,380.55,15,1500,380.520297029703,9.830014718710135e-08,0.0004599954493584857
2021-01-08 14:29:00+00:00,380.72,380.71,380.74,100,500,380.715,4.815578373279711e-08,-0.0003166998375974117
2021-01-08 14:30:00+00:00,380.58,380.58,380.6,122,1500,380.58150431565963,4.820617385135418e-07,0.0003816115769692541
2021-01-08 14:31:00+00:00,380.7,380.72,380.75,500,100,380.745,1.4327222894818795e-07,0.0008229223025491006
2021-01-08 14:32:00+00:00,381.02,381.01,381.03,300,1400,381.0135294117647,5.991572141503726e-07,-0.00172303460727663
2021-01-08 14:33:00+00:00,380.35,380.36,380.38,100,500,380.36333333333334,7.153885806581651e-07,0.0007849214282995565
2021-01-08 14:34:00+00:00,380.71,380.72,380.74,300,200,380.732,6.347744880319841e-07,-2.276556026048482e-05
2021-01-08 14:35:00+00:00,380.67,380.68,380.7,200,500,380.6857142857143,5.707890374525197e-07,0.00030646644192455774
2021-01-08 14:36:00+00:00,380.8,380.82,380.83,300,100,380.8275,3.1652369055441263e-07,0.00013130252100834738
2021-01-08 14:37:00+00:00,380.83,380.8,380.82,301,300,380.8100166389351,2.5115760776840127e-07,8.927399238545242e-05
2021-01-08 14:38:00+00:00,380.88,380.89,380.9,500,100,380.8983333333333,2.2341754828522752e-07,-0.00011552073597220769
2021-01-08 14:39:00+00:00,380.85,380.84,380.86,200,1000,380.8433333333333,3.7738637119222093e-07,-0.0008271190001050144
2021-01-08 14:40:00+00:00,380.52,380.52,380.54,100,200,380.52666666666664,3.2064616010286627e-07,0.0006175678339137569
2021-01-08 14:41:00+00:00,380.78,380.77,380.8,200,300,380.782,1.1073736183281245e-07,0.000592799363678731
2021-01-08 14:42:00+00:00,381.0,380.99,381.01,237,700,380.99505869797224,7.517785650286204e-08,0.00014248753234102907
2021-01-08 14:43:00+00:00,381.05,381.05,381.07,202,200,381.0600497512438,1.4902105404430658e-07,0.0001926003300232182
2021-01-08 14:44:00+00:00,381.1,381.11,381.13,300,500,381.1175,1.6000723568213907e-07,-0.00022754845596673068
2021-01-08 14:45:00+00:00,381.02,381.0,381.02,10,300,381.0006451612903,2.0627804272307538e-07,-0.00025370052839690516
2021-01-08 14:46:00+00:00,380.93,380.9,380.92,202,100,380.9133774834437,1.6050031282417802e-07,-0.0007022287559393936
2021-01-08 14:47:00+00:00,380.66,380.66,380.68,500,100,380.6766666666667,2.1984095055207823e-07,-0.00143171444521073
2021-01-08 14:48:00+00:00,380.14,380.13,380.15,1200,300,380.146,2.0405309249895285e-07,0.001275921261189028
2021-01-08 14:49:00+00:00,380.61,380.58,380.6,400,300,380.5914285714286,1.7381579219342433e-07,-0.00020481879508038592
2021-01-08 14:50:00+00:00,380.53,380.55,380.56,400,200,380.5566666666667,1.3641047112548227e-07,-0.00032729939772135896
2021-01-08 14:51:00+00:00,380.38,380.37,380.4,100,900,380.373,2.4663770554563584e-07,0.00027164388363121184
2021-01-08 14:52:00+00:00,380.5,380.48,380.5,200,400,380.4866666666667,1.258225354861783e-07,-0.0001284847847733417
2021-01-08 14:53:00+00:00,380.45,380.43,380.45,50,300,380.43285714285713,1.5034129363740014e-07,0.000715518575738372
2021-01-08 14:54:00+00:00,380.69,380.68,380.7,100,310,380.68487804878043,4.514318506052824e-07,-0.0007617013080251089
2021-01-08 14:55:00+00:00,380.47,380.42,380.44,300,200,380.432,2.3017869870118944e-07,-0.00014238024725976572
2021-01-08 14:56:00+00:00,380.38,380.38,380.39,100,100,380.385,1.6758621069564102e-07,-8.018244793073226e-05
2021-01-08 14:57:00+00:00,380.34,380.33,380.34,100,200,380.3333333333333,1.5925763007129732e-07,0.000643350554136779
2021-01-08 14:58:00+00:00,380.61,380.6,380.61,200,500,380.60285714285715,8.121570032221664e-08,-0.00013583846105813535
2021-01-08 14:59:00+00:00,380.55,380.54,380.56,300,1001,380.5446118370485,1.1583316605672925e-07,-0.00015650016135282385
2021-01-08 15:00:00+00:00,380.5,380.52,380.54,200,100,380.53333333333336,2.1921262931482036e-07,0.0005194213859158747
2021-01-08 15:01:00+00:00,380.71,380.7,380.72,300,700,380.706,1.6434474784012988e-07,0.0003290306763013007
2021-01-08 15:02:00+00:00,380.75,380.75,380.77,300,400,380.75857142857143,1.3174298073024746e-07,0.0001281734655915745
2021-01-08 15:03:00+00:00,380.81,380.8,380.82,300,400,380.80857142857144,1.3761302745777959e-07,0.0001453488372094025
2021-01-08 15:04:00+00:00,380.925,380.91,380.93,100,100,380.92,6.764848331478276e-08,7.96958431583672e-05
2021-01-08 15:05:00+00:00,380.95,380.95,380.97,2901,1800,380.96234205488196,1.1210757979286689e-07,-2.627300485835704e-05
2021-01-08 15:06:00+00:00,380.92,380.91,380.93,339,300,380.92061032863853,1.2101311192820462e-07,-0.00040999867356139585
2021-01-08 15:07:00+00:00,380.77,380.76,380.77,100,100,380.765,2.0592965218177764e-07,-2.4507025136677463e-05
2021-01-08 15:08:00+00:00,380.76,380.75,380.77,1200,100,380.76846153846157,1.3042791679280515e-07,0.000175831130490689
2021-01-08 15:09:00+00:00,380.84,380.83,380.85,436,400,380.84043062200953,8.50600548229755e-08,-0.00019114968193345572
2021-01-08 15:10:00+00:00,380.78,380.76,380.77,105,200,380.76344262295083,1.5716469810172665e-07,-2.3608904664129682e-05
2021-01-08 15:11:00+00:00,380.76,380.76,380.77,100,100,380.765,7.866867726197832e-08,-0.00011818701124755027
2021-01-08 15:12:00+00:00,380.71,380.7,380.72,525,297,380.7127737226278,8.664368089193996e-08,0.00038305873494315357
2021-01-08 15:13:00+00:00,380.85,380.85,380.87,50,34,380.8619047619048,1.0922873659836153e-07,2.4068757876971603e-05
2021-01-08 15:14:00+00:00,380.88,380.87,380.89,100,400,380.874,1.1916443604614996e-07,-0.0004739243165183815
2021-01-08 15:15:00+00:00,380.68,380.64,380.66,300,200,380.652,1.326107416655392e-07,3.8713153052816196e-05
2021-01-08 15:16:00+00:00,380.7,380.69,380.7,100,100,380.695,8.670564488251824e-08,0.00021871109281890178
2021-01-08 15:17:00+00:00,380.79,380.79,380.81,400,500,380.7988888888889,8.752733467716997e-08,0.00012554461381575344
2021-01-08 15:18:00+00:00,380.83,380.83,380.84,400,15,380.8396385542169,9.486120019585148e-08,7.578697838828141e-05
2021-01-08 15:19:00+00:00,380.85,380.84,380.86,50,100,380.8466666666667,8.717594889995385e-08,-5.291791990491568e-05
2021-01-08 15:20:00+00:00,380.84,380.83,380.84,150,200,380.8342857142857,1.4255081630521343e-07,-0.0007418210040113227
2021-01-08 15:21:00+00:00,380.57,380.58,380.61,800,1100,380.59263157894736,1.998540356629527e-07,-0.0005491993251941496
2021-01-08 15:22:00+00:00,380.35,380.32,380.34,600,100,380.33714285714285,3.395163771879485e-07,-0.0003958394498562168
2021-01-08 15:23:00+00:00,380.2,380.19,380.2,300,200,380.196,2.360895272157983e-07,-0.00025717834441441045
2021-01-08 15:24:00+00:00,380.12,380.14,380.15,400,100,380.148,1.6229392213775285e-07,0.00013154548404337163
2021-01-08 15:25:00+00:00,380.14,380.13,380.15,200,100,380.1433333333333,2.4430450281475205e-07,3.5161286651153034e-05
2021-01-08 15:26:00+00:00,380.17,380.15,380.17,800,100,380.16777777777776,2.773528285318989e-07,-0.0013604164685361297
2021-01-08 15:27:00+00:00,379.64,379.68,379.69,300,100,379.6875,4.5532908975415586e-07,-0.0011190968955785419
2021-01-08 15:28:00+00:00,379.24,379.23,379.25,200,300,379.238,3.3743280478853847e-07,-0.00023959079700108799
2021-01-08 15:29:00+00:00,379.11,379.11,379.13,500,100,379.12666666666667,2.835462179220223e-07,-0.0005237594625248088
2021-01-08 15:30:00+00:00,378.92,378.91,378.93,100,600,378.91285714285715,4.493281873893765e-07,0.0012089224002511667
2021-01-08 15:31:00+00:00,379.41,379.4,379.41,100,100,379.405,2.4078018259061605e-07,0.00017572221831718693
2021-01-08 15:32:00+00:00,379.46,379.41,379.43,300,100,379.425,3.81025590300107e-07,-0.0003953055272496453
2021-01-08 15:33:00+00:00,379.3,379.3,379.32,200,200,379.31,1.314703856228472e-07,5.5657594478786265e-05
2021-01-08 15:34:00+00:00,379.3,379.32,379.34,200,700,379.32444444444445,1.5323185105060754e-07,0.0002167596194404542
2021-01-08 15:35:00+00:00,379.42,379.42,379.44,300,200,379.432,1.716470485506786e-07,-0.00026005517386806787
2021-01-08 15:36:00+00:00,379.31,379.3,379.31,100,500,379.3016666666667,2.035957281103496e-07,0.0010510368003486814
2021-01-08 15:37:00+00:00,379.698,379.69,379.72,800,100,379.71666666666664,1.4537806097389945e-07,4.02875228517896e-05
2021-01-08 15:38:00+00:00,379.72,379.71,379.73,400,203,379.7232669983416,1.0625344538670791e-07,0.00030558119701007413
2021-01-08 15:39:00+00:00,379.83,379.83,379.85,200,200,379.84,8.0871797015528e-08,-0.0005265402619012427
2021-01-08 15:40:00+00:00,379.65,379.64,379.66,600,300,379.6533333333333,1.2494288046728952e-07,0.0004467006492048231
2021-01-08 15:41:00+00:00,379.83,379.82,379.84,436,100,379.8362686567164,8.105995409843893e-08,0.0004901944614799092
2021-01-08 15:42:00+00:00,379.99,379.99,380.0,200,1194,379.9914347202296,2.2390828255277723e-07,0.0008409854268118799
2021-01-08 15:43:00+00:00,380.3,380.3,380.32,3,100,380.3005825242718,6.123135610980065e-08,-8.764702788932599e-05
2021-01-08 15:44:00+00:00,380.25,380.27,380.3,300,1200,380.276,6.938802405449672e-08,-3.944461975380342e-05
2021-01-08 15:45:00+00:00,380.265,380.26,380.27,200,13,380.2693896713615,2.2238747982799314e-07,0.00026562524563633616
2021-01-08 15:46:00+00:00,380.37,380.35,380.38,201,910,380.3554275427543,1.176359165111649e-07,-8.59031827574741e-05
2021-01-08 15:47:00+00:00,380.33,380.32,380.34,300,200,380.332,9.001247524213336e-08,6.134969325155559e-05
2021-01-08 15:48:00+00:00,380.35,380.35,380.37,200,210,380.359756097561,1.2732493330562042e-07,0.0002197667371584
2021-01-08 15:49:00+00:00,380.425,380.42,380.44,200,192,380.43020408163267,1.1334383701538179e-07,0.00022275137374561105
2021-01-08 15:50:00+00:00,380.53,380.53,380.55,100,800,380.53222222222223,7.583118646187031e-08,-5.711063962621221e-05
2021-01-08 15:51:00+00:00,380.51,380.5,380.51,200,497,380.5028694404591,7.097952193466351e-08,-5.135347012763525e-05
2021-01-08 15:52:00+00:00,380.48,380.47,380.49,200,100,380.48333333333335,7.584507578189006e-08,0.0002201728568818062
2021-01-08 15:53:00+00:00,380.59,380.56,380.58,200,600,380.565,8.914205474262424e-08,-0.00015109014826542033
2021-01-08 15:54:00+00:00,380.5,380.5,380.52,200,200,380.51,4.665844344062671e-08,0.0002727736549585913
2021-01-08 15:55:00+00:00,380.61,380.61,380.63,200,1500,380.6123529411765,8.873853979259265e-08,2.50653813862467e-05
2021-01-08 15:56:00+00:00,380.65,380.64,380.66,200,400,380.64666666666665,7.644503807402487e-08,0.000218939108655114
2021-01-08 15:57:00+00:00,380.68,380.71,380.73,600,50,380.72846153846154,7.530186069529849e-08,-0.00012257906349588676
2021-01-08 15:58:00+00:00,380.67,380.65,380.66,400,500,380.65444444444444,1.0921630113411066e-07,-0.0005867002924745401
2021-01-08 15:59:00+00:00,380.43,380.43,380.44,100,100,380.435,6.90908663353548e-08,0.0002926461697523308
2021-01-08 16:00:00+00:00,380.545,380.54,380.56,200,200,380.55,1.8203113259028932e-07,0.00017868967909429045
2021-01-08 16:01:00+00:00,380.61,380.6,380.63,200,1200,380.6042857142857,1.4121469049393834e-07,-1.3375446883179265e-05
2021-01-08 16:02:00+00:00,380.62,380.6,380.63,1000,1100,380.6142857142857,1.2637493676160673e-07,0.00011404679901882986
2021-01-08 16:03:00+00:00,380.65,380.63,380.64,100,200,380.6333333333333,1.341725901187758e-07,9.893359802992663e-05
2021-01-08 16:04:00+00:00,380.71,380.69,380.72,100,400,380.696,9.198012740677107e-08,3.118034182181262e-05
2021-01-08 16:05:00+00:00,380.73,380.69,380.72,225,400,380.7008,5.177536067369365e-08,6.869866542746905e-05
2021-01-08 16:06:00+00:00,380.73,380.72,380.74,500,100,380.7366666666667,1.1669126065231348e-07,2.5750325870266266e-05
2021-01-08 16:07:00+00:00,380.73,380.72,380.74,200,102,380.7332450331126,6.786181564854031e-08,-0.00020966775315389707
2021-01-08 16:08:00+00:00,380.67,380.65,380.67,400,88,380.66639344262296,6.104667419264892e-08,-0.00018684786812805942
2021-01-08 16:09:00+00:00,380.59,380.58,380.6,100,126,380.58884955752205,1.7225936706994667e-07,-0.0007186658897303522
2021-01-08 16:10:00+00:00,380.34,380.34,380.37,1295,301,380.3643421052632,1.7123191739978962e-07,-5.784673420128339e-05
2021-01-08 16:11:00+00:00,380.3,380.29,380.3,200,100,380.2966666666667,9.51804819707553e-08,-0.0003656325443016639
2021-01-08 16:12:00+00:00,380.17,380.16,380.19,800,43,380.1884697508897,9.240396940748017e-08,-0.0002579607232049419
2021-01-08 16:13:00+00:00,380.06,380.07,380.08,400,140,380.0774074074074,7.434540543079169e-08,0.0003388423952173092
2021-01-08 16:14:00+00:00,380.17,380.18,380.2,100,800,380.1822222222222,7.218346344021256e-08,6.904533319307404e-05
2021-01-08 16:15:00+00:00,380.21,380.2,380.22,200,300,380.208,1.3378491187969162e-07,-0.00023013522088055627
2021-01-08 16:16:00+00:00,380.12,380.12,380.13,100,100,380.125,2.2792888431054028e-07,-0.0009306179895363087
2021-01-08 16:17:00+00:00,379.78,379.76,379.78,200,200,379.77,2.13064241250451e-07,9.21610448429977e-05
2021-01-08 16:18:00+00:00,379.84,379.83,379.85,200,200,379.84,1.8814304800667076e-07,0.00023696370505921216
2021-01-08 16:19:00+00:00,379.9,379.91,379.93,100,600,379.91285714285715,1.923257513420505e-07,-9.244285151177589e-05
2021-01-08 16:20:00+00:00,379.85,379.83,379.85,500,200,379.8442857142857,1.2415777811301564e-07,7.051348418629644e-05
2021-01-08 16:21:00+00:00,379.9,379.87,379.89,300,200,379.882,1.551059469337642e-07,0.0002118426297568199
2021-01-08 16:22:00+00:00,379.97,379.97,379.99,200,800,379.974,1.4033062552231744e-07,-0.000709647826691806
2021-01-08 16:23:00+00:00,379.7,379.71,379.73,200,600,379.715,1.3416587865680572e-07,0.0003183971033235977
2021-01-08 16:24:00+00:00,379.79,379.79,379.8,100,300,379.7925,1.2688901516490455e-07,0.0003878687911793577
2021-01-08 16:25:00+00:00,379.98,379.98,379.99,200,290,379.9840816326531,1.4485074995385727e-07,-0.00014662977110713182
2021-01-08 16:26:00+00:00,379.9,379.92,379.93,500,100,379.92833333333334,5.075863219542214e-08,-4.089992574030088e-05
2021-01-08 16:27:00+00:00,379.9,379.89,379.9,101,200,379.89335548172755,6.658268353616882e-08,-6.4799818374483564e-06
2021-01-08 16:28:00+00:00,379.89,379.88,379.9,201,300,379.8880239520958,1.0606422967485464e-07,4.0719421915191845e-05
2021-01-08 16:29:00+00:00,379.92,379.9,379.92,201,205,379.9099014778325,1.034169889770569e-07,0.00020671090668478165
2021-01-08 16:30:00+00:00,379.99,379.97,379.99,100,300,379.975,1.4675739700863884e-07,-0.000535546046433244
2021-01-08 16:31:00+00:00,379.82,379.8,379.82,100,200,379.8066666666667,1.3074309506719192e-07,7.154655927421594e-05
2021-01-08 16:32:00+00:00,379.82,379.8,379.81,100,100,379.805,1.1760495220855848e-07,-1.550206960110323e-05
2021-01-08 16:33:00+00:00,379.82,379.82,379.83,200,128,379.8260975609756,8.973891412156058e-08,1.636556843820358e-05
2021-01-08 16:34:00+00:00,379.81,379.79,379.82,200,200,379.805,1.1839712806018978e-07,-0.00013540604888906405
2021-01-08 16:35:00+00:00,379.76,379.75,379.77,100,200,379.75666666666666,1.256024804072469e-07,0.0001485906459366415
2021-01-08 16:36:00+00:00,379.81,379.79,379.82,300,200,379.808,6.679370495222153e-08,0.00021318312666340766
2021-01-08 16:37:00+00:00,379.93,379.92,379.94,200,100,379.93333333333334,1.0766950290329782e-07,-0.00027894517862880885
2021-01-08 16:38:00+00:00,379.79,379.78,379.8,200,100,379.79333333333335,7.082756056419952e-08,1.579820427077827e-05
2021-01-08 16:39:00+00:00,379.8,379.78,379.8,200,100,379.79333333333335,6.102998804925133e-08,-0.00012568631533071972
2021-01-08 16:40:00+00:00,379.75,379.74,379.75,200,95,379.74677966101694,4.718010878557079e-08,1.7735854093148262e-05
2021-01-08 16:41:00+00:00,379.76,379.75,379.76,200,95,379.75677966101694,1.0437276373634772e-07,-5.399237921555056e-05
2021-01-08 16:42:00+00:00,379.72,379.73,379.74,3,100,379.73029126213595,9.739269076497571e-08,-0.00026466420897464094
2021-01-08 16:43:00+00:00,379.642,379.63,379.65,200,300,379.638,1.1275686338142596e-07,0.0003740603008492993
2021-01-08 16:44:00+00:00,379.78,379.76,379.78,500,93,379.7768634064081,1.0744765102831445e-07,7.636080215700503e-05
2021-01-08 16:45:00+00:00,379.83,379.8,379.82,100,100,379.81,1.3689663681581538e-07,0.00020405207935647596
2021-01-08 16:46:00+00:00,379.88,379.88,379.89,300,200,379.886,1.5320585037959394e-07,0.00016640483758623148
2021-01-08 16:47:00+00:00,379.96,379.94,379.96,200,500,379.9457142857143,1.0984568392145791e-07,-0.00024314250406698434
2021-01-08 16:48:00+00:00,379.85,379.84,379.85,50,100,379.8433333333333,5.220090610020241e-08,-0.0002286119996066649
2021-01-08 16:49:00+00:00,379.75,379.75,379.77,1881,400,379.76649276633054,1.2053728378430493e-07,8.948100409900128e-05
2021-01-08 16:50:00+00:00,379.801,379.8,379.82,105,700,379.80260869565217,6.769514600612337e-08,-0.0004576337701124311
2021-01-08 16:51:00+00:00,379.62,379.62,379.63,500,147,379.6277279752705,7.272286322578055e-08,-1.0975695420079035e-05
2021-01-08 16:52:00+00:00,379.6,379.58,379.61,1900,300,379.6059090909091,5.4848023823418655e-08,4.358966880957382e-05
2021-01-08 16:53:00+00:00,379.64,379.64,379.66,100,400,379.644,2.5470883120366544e-08,2.2973092653755245e-05
2021-01-08 16:54:00+00:00,379.61,379.61,379.63,890,100,379.62797979797983,4.0362727752888694e-08,0.00020530921025851967
2021-01-08 16:55:00+00:00,379.74,379.73,379.75,1800,400,379.74636363636364,1.3325745139299497e-07,0.00045897790886662015
2021-01-08 16:56:00+00:00,379.91,379.89,379.91,300,100,379.905,1.6858167533460753e-07,-5.264543300864677e-05
2021-01-08 16:57:00+00:00,379.86,379.87,379.89,435,100,379.886261682243,6.838498775093336e-08,0.0003271709863263972
2021-01-08 16:58:00+00:00,379.99,379.98,380.0,300,1100,379.9842857142857,1.0517871707252801e-07,0.0003220515056847617
2021-01-08 16:59:00+00:00,380.12,380.11,380.12,4,400,380.11009900990103,1.1760024968406596e-07,0.0002804530146527373
2021-01-08 17:00:00+00:00,380.24,380.23,380.25,300,1002,380.23460829493087,4.847557415986274e-08,-7.173053523734652e-05
2021-01-08 17:01:00+00:00,380.21,380.2,380.22,200,243,380.2090293453724,4.6857852986217256e-08,-2.5141045032262e-05
2021-01-08 17:02:00+00:00,380.235,380.23,380.25,1800,3,380.2499667221297,6.003154483362703e-08,2.814764198189046e-05
2021-01-08 17:03:00+00:00,380.2,380.19,380.21,300,400,380.1985714285714,5.7684028897993736e-08,-0.0005449031761406431
2021-01-08 17:04:00+00:00,379.99,379.99,380.0,100,1,379.999900990099,1.756759927052753e-07,-0.0008493431119008799
2021-01-08 17:05:00+00:00,379.66,379.68,379.7,100,300,379.685,1.6798504977777945e-07,0.0004165345557274325
2021-01-08 17:06:00+00:00,379.82,379.82,379.84,300,201,379.83197604790416,7.797738338902885e-08,0.0004330023533551941
2021-01-08 17:07:00+00:00,379.98,379.98,379.99,3,100,379.98029126213595,8.557397444081717e-08,7.061044103684466e-05
2021-01-08 17:08:00+00:00,380.02,380.01,380.02,200,100,380.01666666666665,8.472138836613932e-08,0.00023086478179767944
2021-01-08 17:09:00+00:00,380.12,380.11,380.13,400,200,380.12333333333333,6.390259048083934e-08,9.62012517993216e-05
2021-01-08 17:10:00+00:00,380.15,380.14,380.16,100,62,380.15234567901234,4.5083758302914405e-08,9.998064558569553e-05
2021-01-08 17:11:00+00:00,380.2,380.19,380.2,100,200,380.1933333333333,5.782893371955015e-08,9.913492578217387e-05
2021-01-08 17:12:00+00:00,380.22,380.21,380.23,300,400,380.2185714285714,7.297340196236532e-08,0.00031388157129463856
2021-01-08 17:13:00+00:00,380.35,380.34,380.37,700,350,380.36,3.95697733643447e-08,0.00022895376672726897
2021-01-08 17:14:00+00:00,380.43,380.42,380.44,1,306,380.4200651465798,2.5484529973753955e-08,0.00018955938372400283
2021-01-08 17:15:00+00:00,380.51,380.49,380.51,600,189,380.5052091254753,3.13862780479845e-08,-0.00015035043963473882
2021-01-08 17:16:00+00:00,380.45,380.44,380.46,1000,400,380.45428571428573,5.8261308958555694e-08,0.00032783808732017583
2021-01-08 17:17:00+00:00,380.55,380.56,380.58,600,343,380.57272534464477,4.559607529275429e-08,0.00015925468288258138
2021-01-08 17:18:00+00:00,380.64,380.62,380.64,100,100,380.63,4.740133544778214e-08,-0.00015888306456657286
2021-01-08 17:19:00+00:00,380.57,380.56,380.58,100,250,380.5657142857143,3.03746173732072e-08,-0.0001711149800253109
2021-01-08 17:20:00+00:00,380.5,380.5,380.51,445,100,380.50816513761464,5.062075335860494e-08,-0.00026561551824721974
2021-01-08 17:21:00+00:00,380.41,380.41,380.43,200,200,380.42,3.949631766448471e-08,-3.066893324699116e-05
2021-01-08 17:22:00+00:00,380.4,380.39,380.41,100,300,380.395,4.3412516055570196e-08,-3.417500230018522e-05
2021-01-08 17:23:00+00:00,380.4,380.38,380.4,1100,200,380.3969230769231,2.659992223510724e-08,8.018255332808977e-05
2021-01-08 17:24:00+00:00,380.41,380.41,380.42,100,200,380.41333333333336,3.4004151023717726e-08,-0.0002611006172682506
2021-01-08 17:25:00+00:00,380.31,380.31,380.33,400,100,380.326,5.573344383726098e-08,4.1879143486411863e-07
2021-01-08 17:26:00+00:00,380.31,380.31,380.33,100,1205,380.3115325670498,3.866123357723778e-08,0.00010517643346719119
2021-01-08 17:27:00+00:00,380.32,380.33,380.35,200,1000,380.3333333333333,4.915592610496057e-08,7.887402941109123e-05
2021-01-08 17:28:00+00:00,380.38,380.37,380.38,100,1300,380.3707142857143,4.85081026886205e-08,-0.00018402488717517151
2021-01-08 17:29:00+00:00,380.32,380.32,380.34,100,200,380.32666666666665,4.646170146138514e-08,0.00016652935298955285
2021-01-08 17:30:00+00:00,380.38,380.37,380.4,100,1000,380.3727272727273,4.71803371284317e-08,-2.6289730355011365e-05
2021-01-08 17:31:00+00:00,380.37,380.35,380.37,150,300,380.3566666666667,9.315204706828781e-08,-5.258084304615718e-05
2021-01-08 17:32:00+00:00,380.35,380.34,380.36,50,100,380.3466666666667,1.3618064362327056e-07,1.251990665140923e-06
2021-01-08 17:33:00+00:00,380.33,380.34,380.36,200,405,380.3466115702479,4.592005828686227e-08,-5.026698742471858e-05
2021-01-08 17:34:00+00:00,380.3,380.3,380.32,246,1200,380.30340248962654,3.692098035569051e-08,9.722146561785827e-05
2021-01-08 17:35:00+00:00,380.388,380.36,380.38,200,100,380.37333333333333,9.440117979780404e-08,0.0002084463982903184
2021-01-08 17:36:00+00:00,380.46,380.47,380.49,200,3,380.48970443349754,9.636235472991112e-08,-5.507345421962295e-05
2021-01-08 17:37:00+00:00,380.43,380.41,380.42,400,100,380.418,4.6529358765423686e-08,-0.00010860891446218268
2021-01-08 17:38:00+00:00,380.39,380.37,380.39,501,100,380.38667221297834,2.7343400901398404e-08,-5.560141847160693e-06
2021-01-08 17:39:00+00:00,380.38,380.37,380.38,200,101,380.3766445182724,1.615249751829739e-08,5.9411682484133976e-05
2021-01-08 17:40:00+00:00,380.41,380.39,380.41,200,100,380.4033333333333,5.387529382375299e-08,8.550121416628365e-05
2021-01-08 17:41:00+00:00,380.43,380.42,380.44,200,200,380.43,4.175233933430694e-08,-0.00034274605351114484
2021-01-08 17:42:00+00:00,380.3,380.3,380.32,211,1100,380.30321891685736,5.579568304840057e-08,0.0001343186728510748
2021-01-08 17:43:00+00:00,380.35,380.34,380.36,100,200,380.3466666666667,2.4318076886690567e-08,0.00010738130071641372
2021-01-08 17:44:00+00:00,380.41,380.39,380.4,200,201,380.3949875311721,5.6438260200529454e-08,-0.00026551718078127173
2021-01-08 17:45:00+00:00,380.3,380.28,380.31,1200,300,380.304,1.2205368529231143e-07,-5.843408343220169e-05
2021-01-08 17:46:00+00:00,380.28,380.25,380.27,300,200,380.262,1.363395084222436e-07,-0.0004951917244749859
2021-01-08 17:47:00+00:00,380.08,380.07,380.09,700,299,380.08401401401403,1.5532561581880034e-07,-0.0007674382651575717
2021-01-08 17:48:00+00:00,379.795,379.79,379.81,50,700,379.79133333333334,1.3762362163454194e-07,-0.00039083312272092385
2021-01-08 17:49:00+00:00,379.66,379.64,379.65,200,600,379.6425,1.1379709880705154e-07,0.00014514216174643657
2021-01-08 17:50:00+00:00,379.71,379.7,379.71,300,100,379.7075,4.79877397952748e-08,0.0003111058420266488
2021-01-08 17:51:00+00:00,379.81,379.81,379.82,400,31,379.81928074245934,5.6778357100192396e-08,0.0003773545628527053
2021-01-08 17:52:00+00:00,379.96,379.94,379.96,1200,100,379.95846153846156,4.9360684426766896e-08,-9.593865684520697e-05
2021-01-08 17:53:00+00:00,379.9,379.9,379.92,110,100,379.91047619047623,5.217506069962543e-08,-0.00017076144820660222
2021-01-08 17:54:00+00:00,379.83,379.85,379.87,5,300,379.8503278688525,7.274398555140857e-08,0.00014446513287702523
2021-01-08 17:55:00+00:00,379.9,379.9,379.92,100,100,379.91,9.55115430690689e-08,0.00011844754747758479
2021-01-08 17:56:00+00:00,380.0,379.94,379.96,100,700,379.9425,5.626270883753601e-08,-0.00031621166241513343
2021-01-08 17:57:00+00:00,379.83,379.83,379.85,200,300,379.838,6.25040688956948e-08,3.890672617412605e-07
2021-01-08 17:58:00+00:00,379.842,379.83,379.85,200,300,379.838,4.965740351020084e-08,-0.0002808199943834522
2021-01-08 17:59:00+00:00,379.74,379.71,379.73,100,600,379.71285714285716,4.2227599484322885e-08,8.075842696619873e-05
2021-01-08 18:00:00+00:00,379.77,379.75,379.77,200,300,379.758,6.002283795741071e-08,-0.0002914090505332645
2021-01-08 18:01:00+00:00,379.67,379.64,379.66,100,300,379.645,1.5115350517562996e-07,-0.0004415949315892398
2021-01-08 18:02:00+00:00,379.51,379.49,379.51,700,200,379.50555555555553,1.1132145588893502e-07,0.0001167887399262657
2021-01-08 18:03:00+00:00,379.55,379.53,379.54,1,200,379.5300497512437,9.94566703661778e-08,-5.2696756514536425e-05
2021-01-08 18:04:00+00:00,379.52,379.52,379.53,100,1,379.52990099009895,8.467676779645196e-08,0.00018152061576492962
2021-01-08 18:05:00+00:00,379.6,379.59,379.62,800,100,379.6166666666667,1.59626257279987e-07,0.00025895594454805604
2021-01-08 18:06:00+00:00,379.68,379.68,379.7,100,306,379.68492610837444,6.180475272945721e-08,-0.00013063908819710424
2021-01-08 18:07:00+00:00,379.64,379.62,379.64,100,110,379.6295238095238,9.4388776995542e-08,9.291928961041585e-05
2021-01-08 18:08:00+00:00,379.68,379.66,379.68,100,600,379.66285714285715,7.216835056868311e-08,-2.5084912428696704e-05
2021-01-08 18:09:00+00:00,379.66,379.65,379.67,400,43,379.66805869074494,6.310860973072218e-08,0.00023705836903853417
2021-01-08 18:10:00+00:00,379.72,379.73,379.74,200,200,379.735,5.684487075067207e-08,0.00026333576187420604
2021-01-08 18:11:00+00:00,379.83,379.83,379.84,100,200,379.8333333333333,9.651548159406502e-08,-7.074608299095786e-05
2021-01-08 18:12:00+00:00,379.83,379.82,379.85,212,100,379.84038461538466,4.049990256562663e-08,6.197491966020152e-05
2021-01-08 18:13:00+00:00,379.83,379.83,379.85,100,100,379.84,5.40859474672475e-08,-0.000347874768683476
2021-01-08 18:14:00+00:00,379.7,379.68,379.69,200,100,379.68666666666667,1.2496008687680456e-07,-0.00023666417412215868
2021-01-08 18:15:00+00:00,379.6,379.61,379.63,100,300,379.615,7.449771318560714e-08,-0.00042936256395320616
2021-01-08 18:16:00+00:00,379.42,379.41,379.43,211,400,379.4169067103109,1.5696368447789424e-07,-0.0005138456505616729
2021-01-08 18:17:00+00:00,379.23,379.23,379.25,10,100,379.2318181818182,6.470971286824472e-08,-0.0003516275436913352
2021-01-08 18:18:00+00:00,379.14,379.12,379.13,200,100,379.12666666666667,7.700269814644663e-08,-0.00042202254303758124
2021-01-08 18:19:00+00:00,378.97,378.96,378.98,100,200,378.96666666666664,8.528748800260564e-08,-0.00047503425559214385
2021-01-08 18:20:00+00:00,378.8,378.79,378.81,200,300,378.798,1.3376754312877245e-07,-0.00026834240262529896
2021-01-08 18:21:00+00:00,378.7,378.69,378.71,100,200,378.69666666666666,5.868849673233948e-08,-0.00021687269572778778
2021-01-08 18:22:00+00:00,378.61,378.6,378.61,101,248,378.60289398280804,1.440236733739794e-07,-0.0006238181610179749
2021-01-08 18:23:00+00:00,378.36,378.35,378.37,200,100,378.36333333333334,2.672526458374806e-07,-0.0014829260287720913
2021-01-08 18:24:00+00:00,377.83,377.82,377.84,100,200,377.82666666666665,4.386007162238077e-07,0.0010968487486007206
2021-01-08 18:25:00+00:00,378.23,378.2,378.22,300,200,378.212,3.3773509574729164e-07,0.000731496659792219
2021-01-08 18:26:00+00:00,378.5,378.49,378.51,200,200,378.5,2.838200564804166e-07,3.54886698279433e-05
2021-01-08 18:27:00+00:00,378.53,378.51,378.52,101,100,378.51502487562186,2.703276707728347e-07,-1.787449419532461e-05
2021-01-08 18:28:00+00:00,378.495,378.49,378.51,100,300,378.495,1.2682829984494049e-07,3.08231543535431e-05
2021-01-08 18:29:00+00:00,378.54,378.53,378.55,100,500,378.53333333333336,1.413877628433944e-07,0.000424591590067136
2021-01-08 18:30:00+00:00,378.67,378.65,378.67,101,1200,378.6515526518063,1.980329061428499e-07,-0.0001559318879452709
2021-01-08 18:31:00+00:00,378.6,378.6,378.62,600,200,378.615,1.700744661787441e-07,-0.00040938504203891224
2021-01-08 18:32:00+00:00,378.51,378.46,378.47,120,100,378.4654545454545,2.0670920509012344e-07,-0.0001779960252197288
2021-01-08 18:33:00+00:00,378.36,378.34,378.36,300,100,378.355,2.9469206082785174e-07,-0.00017684297314823905
2021-01-08 18:34:00+00:00,378.33,378.3,378.32,1130,300,378.31580419580416,1.5484270584653875e-07,-0.0007490486591392731
2021-01-08 18:35:00+00:00,378.07,378.04,378.06,234,200,378.0507834101382,2.065051776937081e-07,0.00037864073267379617
2021-01-08 18:36:00+00:00,378.21,378.2,378.22,700,200,378.21555555555557,2.8807186069246186e-07,-0.0009032854466402007
2021-01-08 18:37:00+00:00,377.832,377.82,377.85,1400,110,377.8478145695364,3.722117505078105e-07,-0.0010026987650399999
2021-01-08 18:38:00+00:00,377.52,377.51,377.54,300,100,377.5325,5.713734285122958e-07,0.0010817732250087975
2021-01-08 18:39:00+00:00,377.9,377.88,377.89,600,500,377.88545454545454,2.3946962866913796e-07,-7.498070349531982e-05
2021-01-08 18:40:00+00:00,377.86,377.85,377.87,100,200,377.8566666666667,5.045986301243493e-07,-0.0007763290223548047
2021-01-08 18:41:00+00:00,377.52,377.5,377.53,200,1200,377.5042857142857,5.095745296647758e-07,-0.0005625190764597665
2021-01-08 18:42:00+00:00,377.42,377.44,377.47,310,200,377.4582352941177,4.676324434778964e-07,-0.00038312672217744037
2021-01-08 18:43:00+00:00,377.21,377.18,377.2,1,200,377.18009950248756,2.1575330129865968e-07,-5.668924647284079e-05
2021-01-08 18:44:00+00:00,377.2,377.19,377.21,100,200,377.19666666666666,4.7244908058088733e-07,0.0014007644550495524
2021-01-08 18:45:00+00:00,377.695,377.66,377.68,1000,200,377.6766666666667,5.571837484362659e-07,0.0007192593834668415
2021-01-08 18:46:00+00:00,377.98,377.97,378.0,300,775,377.97837209302327,5.181762651484091e-07,-0.0006270255969310634
2021-01-08 18:47:00+00:00,377.75,377.72,377.74,200,200,377.73,2.1458997203800872e-07,-0.00033885920929321856
2021-01-08 18:48:00+00:00,377.62,377.6,377.62,200,200,377.61,2.4722964417838223e-07,0.0009344486185671741
2021-01-08 18:49:00+00:00,377.96,377.95,377.98,100,1700,377.95166666666665,1.7329274257663314e-07,5.197033722126321e-05
2021-01-08 18:50:00+00:00,377.97,377.96,377.97,200,100,377.96666666666664,1.5348222739300833e-07,0.0006115001716651136
2021-01-08 18:51:00+00:00,378.19,378.18,378.2,433,800,378.1870235198702,1.450831698326082e-07,-4.7386123076753606e-05
2021-01-08 18:52:00+00:00,378.2,378.19,378.21,300,200,378.202,1.3857011494936161e-07,-7.287173872005948e-05
2021-01-08 18:53:00+00:00,378.14,378.12,378.15,200,500,378.12857142857143,1.592074022163483e-07,-0.00021799884453810314
2021-01-08 18:54:00+00:00,378.1,378.08,378.1,200,700,378.08444444444444,1.4844500188627573e-07,0.00031814403385488355
2021-01-08 18:55:00+00:00,378.21,378.2,378.21,900,100,378.209,3.147861241112444e-07,0.000466676890371831
2021-01-08 18:56:00+00:00,378.38,378.38,378.4,100,701,378.3824968789014,9.853644212061926e-08,4.1444353747310814e-05
2021-01-08 18:57:00+00:00,378.4,378.39,378.4,200,100,378.39666666666665,7.33211076195035e-08,3.123213161715377e-05
2021-01-08 18:58:00+00:00,378.4,378.4,378.41,100,700,378.40125,1.501984934050889e-07,-0.0009381358843583154
2021-01-08 18:59:00+00:00,378.05,378.05,378.07,300,600,378.0566666666667,2.3732537345222458e-07,0.0004232188438189066
2021-01-08 19:00:00+00:00,378.24,378.23,378.26,400,700,378.2409090909091,2.768077067654574e-07,0.0010774295043824988
2021-01-08 19:01:00+00:00,378.6,378.6,378.63,200,200,378.615,1.9890271633141413e-07,0.0001335125288584038
2021-01-08 19:02:00+00:00,378.68,378.67,378.69,515,200,378.6844055944056,1.6794875069501413e-07,0.00031528036300843
2021-01-08 19:03:00+00:00,378.79,378.75,378.76,100,200,378.75333333333333,4.167770126746804e-07,-6.803820527689908e-05
2021-01-08 19:04:00+00:00,378.71,378.69,378.7,400,200,378.69666666666666,1.804525385084215e-07,-0.0003608202059315335
2021-01-08 19:05:00+00:00,378.63,378.64,378.67,800,300,378.6618181818182,3.926318183936728e-07,0.00032355957873342334
2021-01-08 19:06:00+00:00,378.75,378.72,378.74,201,100,378.7333554817276,2.293724106297264e-07,0.0005566272561252639
2021-01-08 19:07:00+00:00,378.94,378.93,378.96,800,200,378.954,1.2519341826455519e-07,0.00012314296018089976
2021-01-08 19:08:00+00:00,378.99,379.0,379.02,300,100,379.015,1.3753433609804075e-07,-0.00039576792169071506
2021-01-08 19:09:00+00:00,378.88,378.87,378.88,50,200,378.872,1.0246102118026954e-07,9.599700879370232e-05
2021-01-08 19:10:00+00:00,378.92,378.9,378.92,200,200,378.91,3.3276508805198914e-07,0.0012711406392653668
2021-01-08 19:11:00+00:00,379.4,379.38,379.41,200,300,379.392,1.6243551074320297e-07,-0.00044283010612111706
2021-01-08 19:12:00+00:00,379.16,379.15,379.17,200,100,379.16333333333336,1.8899591512902995e-07,-0.0006460800084385765
2021-01-08 19:13:00+00:00,379.01,378.98,379.01,210,900,378.9856756756757,1.9907488551460924e-07,-0.00017104978811133265
2021-01-08 19:14:00+00:00,378.91,378.89,378.91,200,193,378.90017811704837,1.5094019542322382e-07,-0.00015882314267423592
2021-01-08 19:15:00+00:00,378.83,378.81,378.83,220,300,378.8184615384615,2.3817794944578344e-07,0.0004883328054059444
2021-01-08 19:16:00+00:00,379.02,379.0,379.02,700,200,379.0155555555556,1.1798559636372869e-07,-0.0004481910741785944
2021-01-08 19:17:00+00:00,378.88,378.89,378.91,300,600,378.89666666666665,1.3623256519811585e-07,0.000382403754280336
2021-01-08 19:18:00+00:00,379.02,379.02,379.03,100,101,379.02497512437805,1.5561188578144685e-07,0.0004010554089708407
2021-01-08 19:19:00+00:00,379.14,379.15,379.16,100,505,379.15165289256197,7.271212828009133e-08,-6.329915179137391e-05
2021-01-08 19:20:00+00:00,379.11,379.12,379.14,100,1,379.13980198019806,2.1302634357464125e-07,-0.00035520105786601697
2021-01-08 19:21:00+00:00,379.0,378.99,379.01,200,400,378.99666666666667,2.820822971346217e-07,0.00012313321254553422
2021-01-08 19:22:00+00:00,379.05,379.05,379.07,111,200,379.05713826366554,2.0306651360897024e-07,8.794146616031284e-06
2021-01-08 19:23:00+00:00,379.06,379.04,379.06,200,100,379.05333333333334,9.991562776626498e-08,-0.0002330428359115233
2021-01-08 19:24:00+00:00,378.97,378.95,378.97,100,200,378.95666666666665,1.609645892131822e-07,0.0003239903887739537
2021-01-08 19:25:00+00:00,379.08,379.07,379.09,100,100,379.08,4.283765620748925e-07,-0.00033707535832583346
2021-01-08 19:26:00+00:00,378.96,378.94,378.96,200,332,378.94751879699254,9.841466791017512e-08,-0.00017152658662089593
2021-01-08 19:27:00+00:00,378.86,378.91,378.94,700,400,378.9290909090909,3.2645505382665813e-07,0.001042532694617071
2021-01-08 19:28:00+00:00,379.28,379.27,379.3,100,300,379.2775,2.1678441257967174e-07,0.0003779090206006419
2021-01-08 19:29:00+00:00,379.43,379.43,379.46,200,700,379.43666666666667,1.2036950324286553e-07,0.0002349975284459127
2021-01-08 19:30:00+00:00,379.51,379.51,379.52,200,601,379.5124968789014,4.846275948001003e-07,0.00021300077098040937
2021-01-08 19:31:00+00:00,379.59,379.57,379.59,200,400,379.57666666666665,1.1087406334341604e-07,-0.0002248019810674462
2021-01-08 19:32:00+00:00,379.52,379.48,379.49,154,300,379.48339207048457,1.1840449052514618e-07,-0.0003197121887636989
2021-01-08 19:33:00+00:00,379.37,379.4,379.42,200,200,379.41,1.3690134893121887e-07,0.00011871964505827393
2021-01-08 19:34:00+00:00,379.42,379.42,379.44,200,300,379.428,1.1861443529689396e-07,-0.0002683770805116392
2021-01-08 19:35:00+00:00,379.35,379.32,379.33,200,200,379.325,1.1259520964910516e-07,5.825933062730826e-05
2021-01-08 19:36:00+00:00,379.34,379.34,379.36,200,201,379.34997506234413,6.702594435252613e-08,0.0002759722510294882
2021-01-08 19:37:00+00:00,379.45,379.48,379.5,300,800,379.48545454545456,7.461694766241054e-08,4.977877725753643e-05
2021-01-08 19:38:00+00:00,379.48,379.47,379.49,300,200,379.482,4.453340567672091e-08,0.00018036588508119067
2021-01-08 19:39:00+00:00,379.55,379.54,379.55,100,150,379.544,4.8762200282752675e-08,-0.00017740586949943626
2021-01-08 19:40:00+00:00,379.47,379.46,379.48,600,100,379.47714285714284,8.84822994191329e-08,-0.000734344667656428
2021-01-08 19:41:00+00:00,379.172,379.17,379.19,200,400,379.1766666666667,1.0490918092567074e-07,-0.00018460012974752527
2021-01-08 19:42:00+00:00,379.15,379.12,379.14,200,100,379.1333333333333,1.3073044579372787e-07,4.044368480649041e-05
2021-01-08 19:43:00+00:00,379.16,379.16,379.18,500,100,379.1766666666667,2.2933687414132372e-07,-0.0006317843048240235
2021-01-08 19:44:00+00:00,378.89,378.89,378.9,100,800,378.8911111111111,2.250430135770558e-07,0.00022222916401837267
2021-01-08 19:45:00+00:00,378.99,378.98,379.0,200,100,378.99333333333334,1.558292446661098e-07,-0.0002286841674165041
2021-01-08 19:46:00+00:00,378.91,378.91,378.92,500,100,378.91833333333335,9.424407747779164e-08,0.0006232489368631633
2021-01-08 19:47:00+00:00,379.15,379.14,379.16,600,100,379.15714285714284,1.8516829753784763e-07,1.7947097987747185e-05
2021-01-08 19:48:00+00:00,379.17,379.1,379.13,900,100,379.127,1.5834577100330073e-07,0.0005337834697936028
2021-01-08 19:49:00+00:00,379.41,379.38,379.4,300,100,379.395,3.384088792831772e-07,0.0005491898351550617
2021-01-08 19:50:00+00:00,379.58,379.57,379.58,301,100,379.577506234414,3.3416503734444926e-07,0.0010867990146354867
2021-01-08 19:51:00+00:00,379.955,379.95,379.97,100,100,379.96,9.838836454056636e-08,9.322896460406405e-05
2021-01-08 19:52:00+00:00,380.01,380.0,380.01,100,234,380.00299401197606,1.0167299902855053e-07,-0.00030217856565772916
2021-01-08 19:53:00+00:00,379.91,379.91,379.92,100,200,379.91333333333336,9.480472386883359e-08,4.011206307619197e-05
2021-01-08 19:54:00+00:00,379.92,379.92,379.93,100,100,379.925,1.3037357996717407e-07,-0.000331208199241928
2021-01-08 19:55:00+00:00,379.79,379.78,379.8,200,300,379.788,1.0721653677923967e-07,0.00011774259158103817
2021-01-08 19:56:00+00:00,379.84,379.82,379.84,200,100,379.8333333333333,1.5812520375621457e-07,0.0005689796395975666
2021-01-08 19:57:00+00:00,380.03,380.02,380.04,169,234,380.0283870967742,7.121734534268795e-08,-0.00013839772085044721
2021-01-08 19:58:00+00:00,379.98,379.99,380.0,230,721,379.9924185068349,7.605481541298016e-08,-0.00010208922586651958
2021-01-08 19:59:00+00:00,379.96,379.96,379.97,125,200,379.96384615384613,6.222450939513729e-08,7.830052803070586e-05
2021-01-08 20:00:00+00:00,379.99,379.98,379.99,201,100,379.9866777408638,1.2548762781060538e-07,0.0005192568703358269
2021-01-08 20:01:00+00:00,380.17,380.16,380.18,200,100,380.17333333333335,1.335860229025975e-07,0.0006067848952042709
2021-01-08 20:02:00+00:00,380.42,380.41,380.42,100,244,380.4129069767442,7.921794864783134e-08,4.7773602375844604e-05
2021-01-08 20:03:00+00:00,380.41,380.41,380.42,225,200,380.4152941176471,7.514573532660117e-08,-0.00040383055524095823
2021-01-08 20:04:00+00:00,380.265,380.26,380.27,200,310,380.2639215686274,7.553483801373022e-08,6.513603722058114e-05
2021-01-08 20:05:00+00:00,380.3,380.29,380.3,300,1000,380.2923076923077,6.210808092161105e-08,9.354938859540418e-05
2021-01-08 20:06:00+00:00,380.32,380.29,380.31,200,200,380.3,5.230088504342463e-08,-7.650218918908713e-06
2021-01-08 20:07:00+00:00,380.33,380.33,380.34,400,1800,380.33181818181816,1.3840512958079931e-07,0.0002524145909656994
2021-01-08 20:08:00+00:00,380.45,380.44,380.46,200,400,380.44666666666666,8.565484285894936e-08,0.00021219335995170674
2021-01-08 20:09:00+00:00,380.51,380.51,380.52,200,100,380.51666666666665,7.168142365521975e-08,0.00012906631269027358
2021-01-08 20:10:00+00:00,380.56,380.54,380.56,215,400,380.5469918699187,1.5579719459121062e-07,-0.0003394187836545104
2021-01-08 20:11:00+00:00,380.44,380.43,380.44,500,300,380.43625,2.1886422631297824e-07,0.00025936018645889014
2021-01-08 20:12:00+00:00,380.51,380.51,380.53,400,100,380.526,1.9767704299167716e-07,7.883906843808575e-06
2021-01-08 20:13:00+00:00,380.53,380.53,380.54,200,200,380.535,1.6057195434326837e-07,-0.00026053642993217885
2021-01-08 20:14:00+00:00,380.43,380.43,380.44,100,60,380.43625000000003,8.591721095048462e-08,0.00013705857190049464
2021-01-08 20:15:00+00:00,380.49,380.47,380.48,300,100,380.4775,1.6371797159660862e-07,0.00022427928377810602
2021-01-08 20:16:00+00:00,380.56,380.56,380.58,400,600,380.568,8.341484897538217e-08,-0.00036787569305152257
2021-01-08 20:17:00+00:00,380.45,380.45,380.47,900,100,380.468,2.0624562883789606e-07,-0.0004096313755729275
2021-01-08 20:18:00+00:00,380.22,380.21,380.22,100,100,380.215,1.8619114023713128e-07,0.0004641469491870609
2021-01-08 20:19:00+00:00,380.43,380.42,380.44,100,100,380.43,7.031462122742936e-08,1.577104646144356e-05
2021-01-08 20:20:00+00:00,380.45,380.45,380.46,800,300,380.4572727272727,4.4550237402010607e-07,-0.0005151793928241943
2021-01-08 20:21:00+00:00,380.22,380.22,380.24,200,200,380.23,2.5327137797144224e-07,0.00013545484433263866
2021-01-08 20:22:00+00:00,380.29,380.27,380.29,700,200,380.28555555555556,2.878535467688e-07,-0.000134685223104003
2021-01-08 20:23:00+00:00,380.25,380.22,380.25,600,200,380.2425,1.2496527738213625e-07,-0.00017782586589920601
2021-01-08 20:24:00+00:00,380.18,380.15,380.17,300,300,380.16,7.116615163591182e-08,-0.00021480676159080225
2021-01-08 20:25:00+00:00,380.13,380.12,380.14,200,400,380.12666666666667,1.380528728952578e-07,-1.4407046674436153e-05
2021-01-08 20:26:00+00:00,380.09,380.09,380.1,144,200,380.0941860465116,1.0410284581223945e-07,1.2528047165449863e-05
2021-01-08 20:27:00+00:00,380.1,380.1,380.12,400,343,380.1107671601615,1.704281769351954e-07,0.0006253292650248987
2021-01-08 20:28:00+00:00,380.33,380.33,380.34,200,100,380.33666666666664,9.235318728359632e-08,0.0004128730747432474
2021-01-08 20:29:00+00:00,380.48,380.47,380.49,100,724,380.472427184466,7.993127985233825e-08,-6.747895544467752e-05
2021-01-08 20:30:00+00:00,380.48,380.47,380.48,200,100,380.4766666666667,9.571575190616897e-08,-7.775402568732659e-05
2021-01-08 20:31:00+00:00,380.44,380.43,380.44,475,600,380.43441860465117,1.5131232502577745e-07,-0.00028146955583674416
2021-01-08 20:32:00+00:00,380.33,380.34,380.35,157,500,380.3423896499239,6.914138295105669e-08,0.00042234319613254634
2021-01-08 20:33:00+00:00,380.5,380.5,380.51,100,100,380.505,9.456940405533244e-08,0.0001253641747747114
2021-01-08 20:34:00+00:00,380.58,380.58,380.59,200,100,380.58666666666664,8.807437904360266e-08,0.0006372933476788134
2021-01-08 20:35:00+00:00,380.79,380.79,380.8,100,500,380.7916666666667,2.1141618625088023e-07,-0.00023859009510818208
2021-01-08 20:36:00+00:00,380.7,380.69,380.71,300,800,380.69545454545454,1.1167792576544038e-07,-0.0001317745316607999
2021-01-08 20:37:00+00:00,380.67,380.66,380.68,400,300,380.6714285714286,7.49409176943823e-08,0.0006703493256647874
2021-01-08 20:38:00+00:00,380.88,380.88,380.89,100,100,380.885,5.828762410272648e-08,-0.0002844128624621689
2021-01-08 20:39:00+00:00,380.78,380.79,380.8,600,300,380.7966666666667,9.673536438588118e-08,0.00026511068371037894
2021-01-08 20:40:00+00:00,380.88,380.87,380.88,300,300,380.875,7.1421200608102e-08,0.00013577070503245636
2021-01-08 20:41:00+00:00,380.94,380.94,380.95,700,200,380.9477777777778,6.794248777091656e-08,-0.0004935082662635981
2021-01-08 20:42:00+00:00,380.76,380.76,380.77,200,458,380.76303951367777,8.94384356108167e-08,6.528331080946081e-05
2021-01-08 20:43:00+00:00,380.79,380.78,380.79,500,300,380.78625,1.0343984219764161e-07,0.00010879841529476408
2021-01-08 20:44:00+00:00,380.82,380.81,380.83,300,200,380.822,6.232893696068106e-08,0.00026784006122060333
2021-01-08 20:45:00+00:00,380.91,380.9,380.91,300,1000,380.9023076923077,7.409245750164754e-08,0.00027966352314834353
2021-01-08 20:46:00+00:00,381.03,381.02,381.03,200,200,381.025,6.9565480138058e-08,0.00013913875543858367
2021-01-08 20:47:00+00:00,381.09,381.09,381.1,1304,1600,381.0944903581267,1.165624194641052e-07,0.00018274565385900665
2021-01-08 20:48:00+00:00,381.14,381.14,381.16,1368,500,381.1546466809422,1.6153501789472017e-07,2.3256938698645868e-05
2021-01-08 20:49:00+00:00,381.14,381.14,381.16,324,410,381.14882833787465,9.89808140141363e-08,-0.00014256218904262763
2021-01-08 20:50:00+00:00,381.1,381.09,381.12,300,100,381.1125,5.298160042754119e-07,0.0003840342695728971
2021-01-08 20:51:00+00:00,381.25,381.24,381.25,101,200,381.2433554817276,1.3833538269932028e-07,-0.00054640422306107
2021-01-08 20:52:00+00:00,381.05,381.05,381.06,100,600,381.0514285714286,6.64835731030794e-08,0.00036412812760455715
2021-01-08 20:53:00+00:00,381.17,381.16,381.17,300,100,381.1675,5.9138516454576823e-08,0.0001843434786492626
2021-01-08 20:54:00+00:00,381.28,381.26,381.27,600,100,381.2685714285714,1.8709378737542948e-07,0.00021379959572032092
2021-01-08 20:55:00+00:00,381.35,381.34,381.36,504,100,381.3566887417219,1.6927352007911935e-07,-0.00021209268334987375
2021-01-08 20:56:00+00:00,381.25,381.24,381.25,800,100,381.24888888888887,5.042563695744323e-08,-4.866869180131239e-05
2021-01-08 20:57:00+00:00,381.24,381.23,381.24,557,400,381.2358202716823,8.43494988144615e-08,0.0002049520238667224
2021-01-08 20:58:00+00:00,381.33,381.33,381.34,300,1400,381.33176470588234,1.1000001727695653e-07,0.0002927613864402989
2021-01-08 20:59:00+00:00,381.42,381.41,381.42,500,400,381.41555555555556,5.670704376430805e-07,-0.000420356897187224
2021-01-08 21:00:00+00:00,381.24,381.24,381.25,100,16120,381.2400616522811,2.4606110414060244e-07,0.0006813095131041891
2021-01-08 21:01:00+00:00,381.51,381.51,381.53,1100,100,381.5283333333333,1.2128680090689333e-07,0.00031007850860098607
2021-01-08 21:02:00+00:00,381.65,381.65,381.67,100,100,381.66,4.671238007378847e-08,-1.8756609494796628e-05
2021-01-08 21:03:00+00:00,381.62,381.63,381.65,100,11,381.64801801801804,8.255940584649531e-08,0.0004093801125391039
2021-01-08 21:04:00+00:00,381.8,381.79,381.81,205,500,381.79581560283685,9.493121904362195e-08,-0.00013378919003426137
2021-01-08 21:05:00+00:00,381.75,381.73,381.77,300,1000,381.73923076923074,2.9558449767010683e-07,-0.00033985515230983143
2021-01-08 21:06:00+00:00,381.58,381.59,381.62,2020,410,381.61493827160496,3.7347341182669295e-08,-0.00028306354551999036
2021-01-08 21:07:00+00:00,381.5,381.49,381.51,540,100,381.506875,6.099446670486191e-08,7.967805894137925e-05
2021-01-08 21:08:00+00:00,381.54,381.51,381.54,1000,50,381.5385714285714,4.5833794375540176e-08,-8.45860406823995e-05
2021-01-08 21:09:00+00:00,381.51,381.5,381.53,100,500,381.505,7.577495854313945e-08,0.00017533686817183813
2021-01-08 21:10:00+00:00,381.55,381.56,381.58,88,60,381.5718918918919,5.59525446197059e-08,7.064006161616732e-05
2021-01-08 21:11:00+00:00,381.6,381.59,381.62,500,15,381.61912621359227,3.120921236803875e-08,0.00020393277811225907
2021-01-08 21:12:00+00:00,381.68,381.66,381.71,1000,1500,381.68,8.356442774311383e-08,0.0002442704293312836
2021-01-08 21:13:00+00:00,381.76,381.76,381.77,1240,600,381.7667391304348,4.887442954891121e-08,-1.2832310541055492e-05
2021-01-08 21:14:00+00:00,381.76,381.75,381.79,200,1000,381.75666666666666,5.387615553977891e-08,0.0001399317711985315
2021-01-08 21:15:00+00:00,381.84,381.77,381.86,700,400,381.8272727272727,2.5469889506011307e-07,-0.0002664545302026866
2021-01-08 21:16:00+00:00,381.72,381.71,381.72,2600,1290,381.7166838046273,7.327459910522334e-09,7.170357350827494e-05
2021-01-08 21:17:00+00:00,381.72,381.71,381.75,2291,400,381.7440542549238,5.24772498812169e-09,-0.00011242582774795284
2021-01-08 21:18:00+00:00,381.7,381.7,381.72,100,1660,381.70113636363635,6.228624740790412e-09,-2.6398641686964375e-05
2021-01-08 21:19:00+00:00,381.7,381.67,381.72,1208,1660,381.69105997210596,2.250890423824817e-08,-5.580827070250649e-05
2021-01-08 21:20:00+00:00,381.67,381.66,381.68,3030,500,381.67716713881015,5.3712287681600266e-08,0.00010219397892630155
2021-01-08 21:21:00+00:00,381.67,381.68,381.71,100,157,381.691673151751,8.568137217519401e-09,1.1115712539089273e-05
2021-01-08 21:22:00+00:00,381.68,381.67,381.72,4919,800,381.7130057702396,8.318262909234798e-09,-4.1619467753051254e-05
2021-01-08 21:23:00+00:00,381.67,381.67,381.7,2824,300,381.697119078105,1.488398427034849e-08,-7.506074906282745e-05
2021-01-08 21:24:00+00:00,381.67,381.66,381.67,1659,300,381.6684686064319,2.8500002330051792e-08,-0.00022617993465434694
2021-01-08 21:25:00+00:00,381.6,381.58,381.6,12,100,381.58214285714286,1.3208415288820426e-07,4.619043939091405e-05
2021-01-08 21:26:00+00:00,381.6,381.6,381.62,20,33,381.6075471698113,1.2341776368348393e-08,0.000110533475853547
2021-01-08 21:27:00+00:00,381.58,381.58,381.65,2308,300,381.6419478527607,4.0525774152173614e-08,-0.00012863027814380423
2021-01-08 21:28:00+00:00,381.56,381.59,381.65,15,300,381.5928571428571,1.8140635457160827e-08,9.580979357126651e-05
2021-01-08 21:29:00+00:00,381.67,381.61,381.67,100,300,381.625,1.110318540742213e-08,5.80141370325471e-05
2021-01-08 21:30:00+00:00,381.65,381.64,381.67,188,300,381.65155737704924,1.1489244495381904e-07,-5.981923532261124e-05
2021-01-08 21:31:00+00:00,381.62,381.61,381.64,500,310,381.6285185185185,1.4673817109163482e-07,0.0001051254223065623
2021-01-08 21:32:00+00:00,381.66,381.64,381.67,500,20,381.6688461538461,1.307371428420909e-07,-6.247864892938715e-05
2021-01-08 21:33:00+00:00,381.65,381.64,381.65,100,100,381.645,9.731247089918424e-08,-5.240472166534449e-05
2021-01-08 21:34:00+00:00,381.6,381.6,381.65,100,100,381.625,1.0671341803973496e-08,-0.00011918268401545085
2021-01-08 21:35:00+00:00,381.58,381.56,381.57,202,400,381.5633554817276,2.279465459023791e-08,5.4717641975621234e-05
2021-01-08 21:36:00+00:00,381.6,381.6,381.65,5,500,381.60049504950496,1.3965254101129434e-08,0.00017116923039961485
2021-01-08 21:37:00+00:00,381.65,381.64,381.67,500,100,381.665,5.578903833371347e-09,3.381598990381818e-05
2021-01-08 21:38:00+00:00,381.67,381.67,381.69,500,660,381.6786206896552,1.5773253102899706e-08,7.04825917570151e-05
2021-01-08 21:39:00+00:00,381.7,381.7,381.71,185,150,381.70552238805965,2.487351414121676e-09,-2.1017217695651347e-05
2021-01-08 21:40:00+00:00,381.7,381.69,381.7,600,200,381.6975,6.318712338679695e-09,0.00011638662118196308
2021-01-08 21:41:00+00:00,381.74,381.72,381.75,600,221,381.7419244823386,4.8172946807753265e-09,6.667693676742914e-06
2021-01-08 21:42:00+00:00,381.74,381.72,381.75,1000,226,381.7444698205546,3.528559754672942e-09,-2.0440777810382116e-05
2021-01-08 21:43:00+00:00,381.75,381.72,381.74,1000,100,381.73818181818183,8.611715843958613e-09,3.4928091791064375e-05
2021-01-08 21:44:00+00:00,381.75,381.72,381.76,600,200,381.75,1.9607093904395203e-09,4.2701689228819006e-05
2021-01-08 21:45:00+00:00,381.75,381.76,381.78,230,500,381.7663013698631,6.06612633342685e-09,-3.518136842628472e-06
2021-01-08 21:46:00+00:00,381.8,381.76,381.8,99,690,381.7650190114068,3.4662150660761552e-09,-2.2283029462499826e-05
2021-01-08 21:47:00+00:00,381.75,381.74,381.75,400,3,381.74992555831267,5.4853945890367335e-09,-2.4112250402552604e-05
2021-01-08 21:48:00+00:00,381.72,381.74,381.75,100,38,381.74724637681163,1.9346320340001688e-08,-4.7370461729867586e-05
2021-01-08 21:49:00+00:00,381.74,381.7,381.74,500,589,381.71836547291093,4.8527277338696004e-08,0.00026110689901126527
2021-01-08 21:50:00+00:00,381.8,381.79,381.83,500,15,381.8288349514563,1.3031078909197892e-07,0.00028864417116447605
2021-01-08 21:51:00+00:00,381.93,381.91,381.94,120,5,381.93880000000007,1.2682449855828985e-07,-0.00020344695298868398
2021-01-08 21:52:00+00:00,381.84,381.83,381.89,840,500,381.8676119402985,1.4490701855891207e-08,2.2774330867836312e-05
2021-01-08 21:53:00+00:00,381.84,381.87,381.89,2,1000,381.8700399201597,3.366196872539164e-08,4.270899647673687e-05
2021-01-08 21:54:00+00:00,381.89,381.88,381.9,100,215,381.8863492063492,6.026597984025222e-08,-0.00016956383609745274
2021-01-08 21:55:00+00:00,381.82,381.82,381.84,52,600,381.82159509202455,8.447420195375203e-09,-0.0002312174975989123
2021-01-08 21:56:00+00:00,381.75,381.75,381.77,63,4,381.76880597014923,2.1786905347425404e-08,0.00011357512459575503
2021-01-08 21:57:00+00:00,381.77,381.74,381.78,983,2,381.7799187817259,3.400978137357845e-08,-4.220035564694857e-05
2021-01-08 21:58:00+00:00,381.74,381.75,381.78,1100,600,381.76941176470586,1.7984230175213167e-08,-0.00011278157192784466
2021-01-08 21:59:00+00:00,381.72,381.71,381.74,200,600,381.7175,1.7042216176149214e-08,8.32057313167045e-05
2021-01-08 22:00:00+00:00,381.73,381.7,381.75,200,3,381.7492610837439,7.372678596018506e-08,-2.4190844530980193e-05
2021-01-08 22:01:00+00:00,381.75,381.7,381.75,610,152,381.7400262467192,1.8181448917023303e-08,8.47254388749441e-05
2021-01-08 22:02:00+00:00,381.76,381.72,381.81,334,240,381.7723693379791,5.3239968903738834e-08,-5.859339170588562e-05
2021-01-08 22:03:00+00:00,381.75,381.72,381.78,200,200,381.75,3.8120916736038006e-10,2.6195153896457768e-05
2021-01-08 22:04:00+00:00,381.75,381.74,381.78,200,200,381.76,3.04969262458884e-10,-1.7346169265075595e-05
2021-01-08 22:05:00+00:00,381.78,381.74,381.78,100,199,381.75337792642136,1.1529809855490738e-08,6.986928352747945e-05
2021-01-08 22:06:00+00:00,381.78,381.78,381.79,2,392,381.78005076142125,4.52901901015694e-09,-0.00012944846139251176
2021-01-08 22:07:00+00:00,381.72,381.72,381.77,27,100,381.73062992125983,6.307403588024737e-10,8.414416714952466e-06
2021-01-08 22:08:00+00:00,381.72,381.72,381.76,127,240,381.7338419618529,1.9299405784916527e-08,9.057364782338873e-05
2021-01-08 22:09:00+00:00,381.75,381.75,381.78,159,100,381.76841698841696,5.71040968484245e-08,-0.00011372598278147628
2021-01-08 22:10:00+00:00,381.78,381.67,381.78,100,100,381.725,1.9467897210694684e-08,0.00027346108563186533
2021-01-08 22:11:00+00:00,381.81,381.81,381.83,5534,175,381.8293869329129,4.175016701928244e-08,-2.8949054100668725e-05
2021-01-08 22:12:00+00:00,381.85,381.81,381.86,100,500,381.8183333333333,4.8535312164596e-10,2.4826379037223845e-05
2021-01-08 22:13:00+00:00,381.86,381.82,381.86,100,412,381.8278125,5.4265973938680285e-09,-2.1444961872729706e-05
2021-01-08 22:14:00+00:00,381.8,381.8,381.85,188,291,381.819624217119,1.524305848071669e-09,-9.089032477538339e-06
2021-01-08 22:15:00+00:00,381.8,381.8,381.82,168,40,381.8161538461539,5.5359300433830265e-09,7.447646594860302e-05
2021-01-08 22:16:00+00:00,381.82,381.82,381.85,100,22,381.8445901639344,1.536191466745733e-09,-2.9480136398585266e-05
2021-01-08 22:17:00+00:00,381.82,381.82,381.84,200,100,381.8333333333333,6.491843428750556e-09,-0.00012708592149890396
2021-01-08 22:18:00+00:00,381.8,381.78,381.8,200,632,381.78480769230765,1.1493142431840751e-07,0.00015547505874091705
2021-01-08 22:19:00+00:00,381.88,381.82,381.85,700,169,381.84416570771003,1.3209650745564883e-08,6.579074822998798e-05
2021-01-08 22:20:00+00:00,381.85,381.85,381.87,4575,169,381.86928752107923,7.887056421960917e-10,9.388777928664993e-06
2021-01-08 22:21:00+00:00,381.87,381.87,381.88,131,325,381.87287280701753,3.063102658318975e-11,-6.897586173226777e-06
2021-01-08 22:22:00+00:00,381.87,381.87,381.88,8,327,381.87023880597013,4.746268211916623e-09,-4.6650829877648015e-05
2021-01-08 22:23:00+00:00,381.85,381.85,381.86,8,25,381.85242424242426,3.047134770557334e-09,-5.9446445080379995e-05
2021-01-08 22:24:00+00:00,381.82,381.82,381.83,600,17,381.8297244732577,1.6130074908297163e-08,0.00011631862345073962
2021-01-08 22:25:00+00:00,381.89,381.83,381.9,483,283,381.874138381201,2.0940145304514523e-08,8.466718163058218e-05
2021-01-08 22:26:00+00:00,381.82,381.85,381.91,80,5,381.9064705882353,2.4226092967791635e-10,-1.5564733524153773e-05
2021-01-08 22:27:00+00:00,381.82,381.85,381.91,80,15,381.9005263157895,2.341091706996148e-08,-5.557590596949602e-05
2021-01-08 22:28:00+00:00,381.9,381.82,381.9,1083,378,381.87930184804924,1.9202068972853763e-08,-2.4262513453887635e-05
2021-01-08 22:29:00+00:00,381.89,381.87,381.89,1,547,381.8700364963504,4.272316269527775e-09,2.5369281246412356e-05
2021-01-08 22:30:00+00:00,381.88,381.82,381.88,1083,5,381.8797242647058,2.412201710062264e-08,-9.280029330793749e-05
2021-01-08 22:31:00+00:00,381.88,381.83,381.88,20,50,381.8442857142857,4.1709334806617135e-09,-2.6936933903543014e-05
2021-01-08 22:32:00+00:00,381.83,381.83,381.88,20,230,381.834,2.175461239636592e-08,5.227995451151379e-05
2021-01-08 22:33:00+00:00,381.87,381.85,381.87,105,425,381.85396226415094,7.184539353223781e-08,-0.0003503731678147215
2021-01-08 22:34:00+00:00,381.75,381.72,381.75,100,16150,381.7201846153846,6.642594979027848e-10,2.5766061526377726e-05
2021-01-08 22:35:00+00:00,381.75,381.73,381.75,5,15850,381.73000630715865,1.3724788955832599e-09,1.251465597817969e-11
2021-01-08 22:36:00+00:00,381.75,381.73,381.75,5,15838,381.7300063119359,5.155280290179268e-10,-1.942136908461567e-05
2021-01-08 22:37:00+00:00,381.71,381.71,381.73,850,500,381.7225925925926,3.1487678573903486e-14,1.2888535572130877e-07
2021-01-08 22:38:00+00:00,381.73,381.71,381.73,847,493,381.72264179104474,6.264991052498355e-12,-2.502996414799341e-06
2021-01-08 22:39:00+00:00,381.73,381.72,381.73,100,493,381.7216863406409,1.0077562779642334e-10,1.2470502649408743e-05
2021-01-08 22:40:00+00:00,381.73,381.71,381.73,847,183,381.72644660194175,8.253022545575974e-10,-3.755937537175402e-05
2021-01-08 22:41:00+00:00,381.72,381.71,381.75,847,15216,381.7121091950445,3.3692687415495265e-09,5.804025273103974e-05
2021-01-08 22:42:00+00:00,381.75,381.71,381.74,846,200,381.7342638623327,3.369255003914139e-09,-5.74277326942374e-05
2021-01-08 22:43:00+00:00,381.75,381.71,381.75,946,15213,381.71234172906736,2.8491195456124566e-09,7.246016157025359e-05
2021-01-08 22:44:00+00:00,381.75,381.74,381.75,1,14991,381.7400006670224,0.0,0.0
2021-01-08 22:45:00+00:00,381.75,381.74,381.75,1,14991,381.7400006670224,6.667124225073264e-10,-3.41357207259696e-05
2021-01-08 22:46:00+00:00,381.74,381.72,381.73,100,160,381.7238461538462,2.61756248588429e-10,-1.7252188968086557e-05
2021-01-08 22:47:00+00:00,381.75,381.72,381.75,190,14651,381.7203840711543,1.358858095203531e-09,5.143321722789196e-05
2021-01-08 22:48:00+00:00,381.75,381.74,381.75,25,14527,381.74001717976915,1.5586613167661775e-13,5.282316490884398e-07
2021-01-08 22:49:00+00:00,381.75,381.74,381.75,325,14527,381.7402188257474,3.864866132822446e-10,-1.981501083481163e-05
2021-01-08 22:50:00+00:00,381.74,381.73,381.74,103,285,381.7326546391753,7.102284430548244e-11,-1.1727246854942308e-05
2021-01-08 22:51:00+00:00,381.72,381.72,381.74,193,279,381.7281779661017,1.4655786493507435e-10,1.0723604592532965e-05
2021-01-08 22:52:00+00:00,381.72,381.72,381.74,443,279,381.73227146814406,1.6950317289404615e-10,1.678948281425008e-05
2021-01-08 22:53:00+00:00,381.74,381.73,381.74,500,56,381.7389928057554,1.0043095615364216e-12,2.1805847350009344e-07
2021-01-08 22:54:00+00:00,381.73,381.73,381.74,397,56,381.7387637969095,1.0621102481154442e-09,3.615822331548557e-06
2021-01-08 22:55:00+00:00,381.75,381.74,381.75,196,13406,381.74014409645645,9.157030323994464e-13,9.748710738666233e-07
2021-01-08 22:56:00+00:00,381.75,381.74,381.75,696,12786,381.7405162438807,7.116267974099408e-13,-3.926940962406533e-07
2021-01-08 22:57:00+00:00,381.75,381.74,381.75,296,7784,381.74036633663366,1.785285303369242e-17,5.975396621948903e-09
2021-01-08 22:58:00+00:00,381.75,381.74,381.75,296,7734,381.7403686176837,1.4212781684073077e-11,5.784050821855402e-06
2021-01-08 22:59:00+00:00,381.75,381.74,381.75,496,1429,381.7425766233766,7.445544841664852e-08,-8.638795667215149e-05
2021-01-08 23:00:00+00:00,381.68,381.68,381.71,295,4,381.7095986622073,4.9178760719707275e-08,9.829784595849489e-06
2021-01-08 23:01:00+00:00,381.68,381.68,381.75,91,100,381.7133507853403,2.4119101320072466e-09,4.9111201695817286e-05
2021-01-08 23:02:00+00:00,381.68,381.68,381.75,291,100,381.73209718670074,4.844102060228562e-09,-5.7563223193835e-05
2021-01-08 23:03:00+00:00,381.68,381.71,381.72,1,80,381.71012345679014,1.91060937763067e-09,-4.030968459922679e-05
2021-01-08 23:04:00+00:00,381.68,381.69,381.72,15,80,381.69473684210527,0.0,0.0
2021-01-08 23:05:00+00:00,381.68,381.69,381.72,15,80,381.69473684210527,2.5755065586818814e-09,7.767477908604548e-05
2021-01-08 23:06:00+00:00,381.72,381.72,381.75,120,701,381.72438489646777,3.036910621941077e-09,-5.299329256069907e-05
2021-01-08 23:07:00+00:00,381.74,381.7,381.75,98,1081,381.7041560644614,3.278694077765599e-08,0.0001781907422495621
2021-01-08 23:08:00+00:00,381.75,381.75,381.78,1133,400,381.77217221135027,2.915147129034566e-10,-1.2836777186664428e-05
2021-01-08 23:09:00+00:00,381.75,381.75,381.77,661,100,381.7673718791064,1.6665663013127969e-09,5.339073165910868e-05
2021-01-08 23:10:00+00:00,381.78,381.78,381.8,62,100,381.7876543209877,1.5722336154092285e-08,0.0002410230627327703
2021-01-08 23:11:00+00:00,381.88,381.86,381.88,2836,47,381.8796739507457,6.811504821587671e-10,-5.205309321576479e-06
2021-01-08 23:12:00+00:00,381.88,381.86,381.88,2209,289,381.87768614891917,8.377241918617882e-10,1.931344807415414e-06
2021-01-08 23:13:00+00:00,381.88,381.86,381.88,2209,189,381.87842368640537,7.379228665674455e-10,-1.7743144773429975e-06
2021-01-08 23:14:00+00:00,381.86,381.86,381.88,1370,174,381.87774611398964,9.14288294446544e-11,-1.3495212668024337e-05
2021-01-08 23:15:00+00:00,381.86,381.86,381.88,340,200,381.87259259259264,2.768439118786136e-09,-5.261595878425229e-05
2021-01-08 23:16:00+00:00,381.86,381.84,381.86,100,60,381.85249999999996,1.913243660785488e-09,4.3674495230350274e-05
2021-01-08 23:17:00+00:00,381.86,381.86,381.87,290,26,381.8691772151899,1.2778110815456582e-10,1.5248114164645443e-05
2021-01-08 23:18:00+00:00,381.87,381.87,381.88,174,174,381.875,4.0168354261559804e-10,-2.427175045127683e-05
2021-01-08 23:19:00+00:00,381.87,381.86,381.87,290,216,381.86573122529643,0.0,0.0
2021-01-08 23:20:00+00:00,381.87,381.86,381.87,290,216,381.86573122529643,4.4150867375809886e-11,-7.652523631773711e-06
2021-01-08 23:21:00+00:00,381.87,381.86,381.87,100,256,381.8628089887641,2.7601857633537454e-08,-0.0002114372527155517
2021-01-08 23:22:00+00:00,381.8,381.78,381.8,138,1196,381.7820689655172,2.1334691443616516e-11,-2.8238413262160478e-06
2021-01-08 23:23:00+00:00,381.8,381.78,381.8,38,729,381.78099087353326,1.2661628942855753e-09,3.327766165517332e-05
2021-01-08 23:24:00+00:00,381.78,381.78,381.8,63,29,381.79369565217394,4.304766529761959e-09,8.894681796922654e-05
2021-01-08 23:25:00+00:00,381.8,381.8,381.86,171,200,381.82765498652293,1.4739053396342115e-10,1.6495667002791592e-05
2021-01-08 23:26:00+00:00,381.8,381.82,381.85,100,115,381.83395348837206,5.0586302916258415e-09,9.382336371466238e-05
2021-01-08 23:27:00+00:00,381.86,381.86,381.87,1324,30,381.8697784342688,2.5101256901869216e-13,-2.8372575777702025e-07
2021-01-08 23:28:00+00:00,381.86,381.86,381.87,1319,45,381.86967008797654,1.3690235683611725e-09,5.0395365708499895e-05
2021-01-08 23:29:00+00:00,381.88,381.88,381.89,386,47,381.88891454965363,2.406738582726787e-09,5.468985757550726e-05
2021-01-08 23:30:00+00:00,381.9,381.9,381.91,98,2,381.9098,7.614358777258318e-15,-1.4770570533340077e-07
2021-01-08 23:31:00+00:00,381.9,381.9,381.91,76,2,381.90974358974364,1.1124163485194302e-13,3.335290614803199e-07
2021-01-08 23:32:00+00:00,381.88,381.88,381.91,463,2,381.909870967742,6.044270620623702e-14,-3.422482937054383e-07
2021-01-08 23:33:00+00:00,381.9,381.9,381.91,75,2,381.9097402597403,7.998610367876759e-13,1.1825776267126997e-06
2021-01-08 23:34:00+00:00,381.91,381.91,381.92,18,920,381.9101918976546,4.536379133933177e-10,-2.2511599973018548e-05
2021-01-08 23:35:00+00:00,381.9,381.9,381.92,81,935,381.901594488189,6.839536523102589e-12,-3.27992306192737e-06
2021-01-08 23:36:00+00:00,381.9,381.9,381.92,16,920,381.90034188034184,8.743640216576114e-10,5.022757792660926e-05
2021-01-08 23:37:00+00:00,381.92,381.91,381.92,400,20,381.9195238095238,4.6774873244240203e-11,-2.1262445087932846e-06
2021-01-08 23:38:00+00:00,381.88,381.88,381.92,601,20,381.9187117552335,1.0421798918131762e-08,1.2046736719284468e-07
2021-01-08 23:39:00+00:00,381.9,381.9,381.92,302,20,381.9187577639752,3.1060015597176125e-11,-5.979078162576812e-07
2021-01-08 23:40:00+00:00,381.9,381.9,381.92,252,20,381.9185294117647,1.1860136501911974e-08,-2.438761824918867e-05
2021-01-08 23:41:00+00:00,381.94,381.9,381.95,202,894,381.90921532846716,3.4994855839967574e-08,1.2504799209445139e-06
2021-01-08 23:42:00+00:00,381.96,381.9,381.95,202,840,381.90969289827257,5.396054404797333e-11,-2.5382617507840877e-07
2021-01-08 23:43:00+00:00,381.95,381.9,381.95,152,640,381.909595959596,1.3370883355930616e-11,4.934159711256214e-06
2021-01-08 23:44:00+00:00,381.95,381.9,381.95,152,510,381.91148036253776,5.089465500817268e-09,7.134048991153108e-05
2021-01-08 23:45:00+00:00,381.95,381.9,381.94,152,5,381.9387261146497,3.901409444582035e-12,1.9751985835814168e-06
2021-01-08 23:46:00+00:00,381.94,381.9,381.94,152,2,381.9394805194805,6.767962647789491e-09,2.0070935044858018e-05
2021-01-08 23:47:00+00:00,381.94,381.94,381.95,288,115,381.9471464019851,5.44229597576683e-09,-0.00011386618899156264
2021-01-08 23:48:00+00:00,381.9,381.9,381.94,52,517,381.9036555360281,5.627059946479169e-10,2.562710982423333e-05
2021-01-08 23:49:00+00:00,381.88,381.88,381.92,153,30,381.9134426229508,1.8999711865351618e-08,-3.225433101061714e-05
2021-01-08 23:50:00+00:00,381.94,381.9,381.91,380,3000,381.90112426035506,1.5184735544106874e-09,-5.552483924664564e-05
2021-01-08 23:51:00+00:00,381.88,381.87,381.88,860,7,381.8799192618224,1.7400620598335915e-11,-5.260329124179286e-06
2021-01-08 23:52:00+00:00,381.86,381.86,381.88,60,7,381.87791044776117,1.1104999360028566e-10,-3.4741465715359965e-07
2021-01-08 23:53:00+00:00,381.8,381.78,381.8,63,2674,381.78046035805625,6.555176928334517e-08,-0.00027900831787175395
2021-01-08 23:54:00+00:00,381.77,381.77,381.8,93,2174,381.7712307013675,1.311810489711381e-08,3.8891694321474546e-05
2021-01-08 23:55:00+00:00,381.71,381.71,381.79,194,10,381.78607843137263,1.959949463316803e-08,1.822387496686062e-06
2021-01-08 23:56:00+00:00,381.7,381.68,381.79,331,10,381.7867741935484,5.4219182916074744e-08,-0.00011189528391764014
2021-01-08 23:57:00+00:00,381.62,381.62,381.79,27,10,381.744054054054,8.525304752293802e-09,0.00010396746795238165
2021-01-08 23:58:00+00:00,381.79,381.65,381.79,171,8,381.78374301675984,7.140026120770988e-08,-0.00030798523515429554
2021-01-08 23:59:00+00:00,381.8,381.66,381.8,100,2173,381.6661592608887,7.699112043541012e-09,8.92672999581734e-05
