ts_recv,price,bid_px_00,ask_px_00,bid_sz_00,ask_sz_00,weighted_mid,rv_60s,ret_60s
2023-02-07 08:01:00+00:00,,,,0,0,,0.0,
2023-02-07 08:02:00+00:00,,,,0,0,,0.0,
2023-02-07 08:03:00+00:00,,,,0,0,,0.0,
2023-02-07 08:04:00+00:00,,,,0,0,,0.0,
2023-02-07 08:05:00+00:00,,,,0,0,,0.0,
2023-02-07 08:06:00+00:00,,,,0,0,,0.0,
2023-02-07 08:07:00+00:00,,,,0,0,,0.0,
2023-02-07 08:08:00+00:00,,,,0,0,,0.0,
2023-02-07 08:09:00+00:00,,,,0,0,,0.0,
2023-02-07 08:10:00+00:00,,,,0,0,,0.0,
2023-02-07 08:11:00+00:00,,,,0,0,,0.0,
2023-02-07 08:12:00+00:00,,,,0,0,,0.0,
2023-02-07 08:13:00+00:00,,,,0,0,,0.0,
2023-02-07 08:14:00+00:00,,,,0,0,,0.0,
2023-02-07 08:15:00+00:00,,,,0,0,,0.0,
2023-02-07 08:16:00+00:00,,,,0,0,,0.0,
2023-02-07 08:17:00+00:00,,,,0,0,,0.0,
2023-02-07 08:18:00+00:00,,,,0,0,,0.0,
2023-02-07 08:19:00+00:00,,,,0,0,,0.0,
2023-02-07 08:20:00+00:00,,,,0,0,,0.0,
2023-02-07 08:21:00+00:00,,,,0,0,,0.0,
2023-02-07 08:22:00+00:00,,,,0,0,,0.0,
2023-02-07 08:23:00+00:00,,,,0,0,,0.0,
2023-02-07 08:24:00+00:00,,,,0,0,,0.0,
2023-02-07 08:25:00+00:00,,,,0,0,,0.0,
2023-02-07 08:26:00+00:00,,,,0,0,,0.0,
2023-02-07 08:27:00+00:00,,,,0,0,,0.0,
2023-02-07 08:28:00+00:00,,,,0,0,,0.0,
2023-02-07 08:29:00+00:00,,,,0,0,,0.0,
2023-02-07 08:30:00+00:00,,,,0,0,,0.0,
2023-02-07 08:31:00+00:00,,,,0,0,,0.0,
2023-02-07 08:32:00+00:00,,,,0,0,,0.0,
2023-02-07 08:33:00+00:00,,,,0,0,,0.0,
2023-02-07 08:34:00+00:00,,,,0,0,,0.0,
2023-02-07 08:35:00+00:00,,,,0,0,,0.0,
2023-02-07 08:36:00+00:00,,,,0,0,,0.0,
2023-02-07 08:37:00+00:00,,,,0,0,,0.0,
2023-02-07 08:38:00+00:00,,,,0,0,,0.0,
2023-02-07 08:39:00+00:00,,,,0,0,,0.0,
2023-02-07 08:40:00+00:00,,,,0,0,,0.0,
2023-02-07 08:41:00+00:00,,,,0,0,,0.0,
2023-02-07 08:42:00+00:00,,,,0,0,,0.0,
2023-02-07 08:43:00+00:00,,,,0,0,,0.0,
2023-02-07 08:44:00+00:00,,,,0,0,,0.0,
2023-02-07 08:45:00+00:00,,,,0,0,,0.0,
2023-02-07 08:46:00+00:00,,,,0,0,,0.0,
2023-02-07 08:47:00+00:00,,,,0,0,,0.0,
2023-02-07 08:48:00+00:00,,,,0,0,,0.0,
2023-02-07 08:49:00+00:00,,,,0,0,,0.0,
2023-02-07 08:50:00+00:00,,,,0,0,,0.0,
2023-02-07 08:51:00+00:00,,,,0,0,,0.0,
2023-02-07 08:52:00+00:00,,,,0,0,,0.0,
2023-02-07 08:53:00+00:00,,,,0,0,,0.0,
2023-02-07 08:54:00+00:00,,,,0,0,,0.0,
2023-02-07 08:55:00+00:00,,,,0,0,,0.0,
2023-02-07 08:56:00+00:00,,,,0,0,,0.0,
2023-02-07 08:57:00+00:00,,,,0,0,,0.0,
2023-02-07 08:58:00+00:00,,,,0,0,,0.0,
2023-02-07 08:59:00+00:00,,,,0,0,,0.0,
2023-02-07 09:00:00+00:00,,,,0,0,,5.068884405212142e-08,
2023-02-07 09:01:00+00:00,410.1,410.1,410.13,140,1300,410.10291666666666,1.842997843340077e-07,0.0003413514893957359
2023-02-07 09:02:00+00:00,410.25,410.2,410.27,1700,400,410.25666666666666,1.491563222357511e-07,-0.0002681389935037526
2023-02-07 09:03:00+00:00,410.15,410.1,410.15,400,400,410.125,5.477701567492521e-08,0.0003145382505334027
2023-02-07 09:04:00+00:00,410.24,410.25,410.27,100,400,410.254,6.921503710578717e-08,-0.00013138262972844927
2023-02-07 09:05:00+00:00,410.24,410.2,410.24,1,400,410.2000997506234,7.070614905680008e-08,-0.0002439050487128558
2023-02-07 09:06:00+00:00,410.15,410.1,410.12,1,400,410.1000498753117,6.341006153757234e-08,0.00021933702450338544
2023-02-07 09:07:00+00:00,410.26,410.16,410.22,400,400,410.19,1.0512375474485909e-07,0.0001218947317096486
2023-02-07 09:08:00+00:00,410.2,410.22,410.26,400,400,410.24,6.070991051787487e-08,0.00030876235049404066
2023-02-07 09:09:00+00:00,410.29,410.34,410.38,400,400,410.36,1.5573167705489715e-08,1.4150924732669878e-05
2023-02-07 09:10:00+00:00,410.38,410.34,410.38,1700,394,410.37247373447946,8.571921377636065e-08,0.0003593219633943878
2023-02-07 09:11:00+00:00,410.49,410.49,410.52,1700,4,410.5199295774648,1.1629103442375967e-07,0.0003412024908984179
2023-02-07 09:12:00+00:00,410.6,410.6,410.68,1300,500,410.65777777777777,8.94172136672983e-08,0.0003084465656910673
2023-02-07 09:13:00+00:00,410.81,410.75,410.83,1300,1401,410.78850425768235,8.856324358750547e-08,-0.0001622902398649151
2023-02-07 09:14:00+00:00,410.8,410.7,410.74,400,400,410.72,7.435730729235886e-08,0.00018260615504472888
2023-02-07 09:15:00+00:00,410.83,410.78,410.82,50,400,410.78444444444443,2.6229516280979927e-07,0.00012081583727119316
2023-02-07 09:16:00+00:00,410.87,410.85,410.87,43,412,410.8518901098901,1.0201724446199016e-07,-3.9088044741619754e-05
2023-02-07 09:17:00+00:00,410.81,410.78,410.84,1700,400,410.8285714285714,6.453150597427513e-08,-0.0001657080498910224
2023-02-07 09:18:00+00:00,410.8,410.76,410.8,5,400,410.7604938271605,6.219964139876872e-08,0.00031518671981700663
2023-02-07 09:19:00+00:00,410.85,410.88,410.89,400,1,410.88997506234415,3.646514561259965e-08,-6.917087557045676e-05
2023-02-07 09:20:00+00:00,410.88,410.82,410.85,400,400,410.835,1.5193130522965954e-07,0.00019096832172538214
2023-02-07 09:21:00+00:00,410.85,410.91,410.95,1300,400,410.9405882352941,1.0508337095758055e-07,-0.0002063138382626395
2023-02-07 09:22:00+00:00,410.9,410.86,410.89,1300,400,410.8829411764706,8.778385501847967e-08,8.465904100352084e-05
2023-02-07 09:23:00+00:00,410.95,410.86,410.9,400,400,410.88,5.89327566302254e-08,-0.00039982894274792624
2023-02-07 09:24:00+00:00,410.7,410.7,410.76,300,500,410.7225,1.0609628246078137e-07,0.00024173240396785367
2023-02-07 09:25:00+00:00,410.8,410.81,410.85,400,400,410.83,6.183007078021313e-08,-2.4341264528660034e-05
2023-02-07 09:26:00+00:00,410.82,410.8,410.83,400,400,410.815,6.185622231036134e-08,0.00019210330420982302
2023-02-07 09:27:00+00:00,410.9,410.85,410.9,1300,180,410.8939189189189,5.492217970452787e-08,-0.0001285193218404368
2023-02-07 09:28:00+00:00,410.84,410.83,410.86,500,400,410.8466666666667,8.86790203838822e-08,-1.2981498659914159e-05
2023-02-07 09:29:00+00:00,410.85,410.83,410.85,500,3200,410.8327027027027,3.072710027021521e-08,-4.188133102578373e-05
2023-02-07 09:30:00+00:00,410.85,410.8,410.83,500,400,410.81666666666666,2.2953756172951164e-08,-3.957032975254737e-05
2023-02-07 09:31:00+00:00,410.82,410.76,410.82,400,317,410.79347280334724,2.1550368328496466e-08,7.87803747543947e-05
2023-02-07 09:32:00+00:00,410.82,410.83,410.85,400,1310,410.8346783625731,7.00653540594598e-08,0.0002064737773843639
2023-02-07 09:33:00+00:00,410.9,410.87,410.92,500,5,410.9195049504951,4.0489724021183035e-08,7.302462955727229e-05
2023-02-07 09:34:00+00:00,410.94,410.93,410.95,400,10,410.94951219512194,4.073415461953236e-08,-0.000363821322778346
2023-02-07 09:35:00+00:00,410.79,410.78,410.82,400,400,410.8,6.657923177968957e-08,0.0003402047165554922
2023-02-07 09:36:00+00:00,410.92,410.93,410.94,400,10,410.939756097561,3.26070967406516e-08,-4.92072464151061e-05
2023-02-07 09:37:00+00:00,410.94,410.88,410.95,1700,1310,410.9195348837209,2.61558195958918e-08,9.911496221581828e-05
2023-02-07 09:38:00+00:00,410.98,410.96,410.98,1,400,410.96004987531177,6.41410234441754e-08,-0.00011960291831114578
2023-02-07 09:39:00+00:00,410.9,410.9,410.92,500,400,410.9111111111111,6.532405866694798e-08,-0.00020956140825267866
2023-02-07 09:40:00+00:00,410.84,410.81,410.84,400,400,410.825,6.323221739969759e-08,-0.00018183287905393364
2023-02-07 09:41:00+00:00,410.79,410.76,410.82,400,400,410.79,3.57662400155284e-08,0.00013073999637347455
2023-02-07 09:42:00+00:00,410.77,410.8,410.82,100,400,410.804,2.134046225949389e-08,9.304247821906309e-05
2023-02-07 09:43:00+00:00,410.85,410.82,410.85,2000,700,410.84222222222223,2.198535462354055e-08,0.00011611018106205684
2023-02-07 09:44:00+00:00,410.82,410.86,410.89,400,1,410.88992518703236,4.685691921400964e-08,1.2350784617920496e-05
2023-02-07 09:45:00+00:00,410.89,410.87,410.92,400,400,410.895,4.605099951590374e-08,2.0758129849918205e-05
2023-02-07 09:46:00+00:00,410.86,410.85,410.92,1300,400,410.9035294117647,1.1894919683983892e-08,-7.82708856346126e-05
2023-02-07 09:47:00+00:00,410.86,410.83,410.89,900,297,410.8751127819549,1.840382287584327e-08,-8.851341678328684e-05
2023-02-07 09:48:00+00:00,410.88,410.81,410.86,400,400,410.835,1.803857577468276e-08,9.7362688183944e-05
2023-02-07 09:49:00+00:00,410.89,410.86,410.89,400,400,410.875,2.8754141858857675e-08,0.00017972900236351563
2023-02-07 09:50:00+00:00,410.9,410.92,410.95,500,20,410.94884615384615,4.1086578974649115e-08,-0.00017969670565398665
2023-02-07 09:51:00+00:00,410.89,410.86,410.93,400,1400,410.87555555555554,7.465357472774162e-09,-1.7384501716732892e-05
2023-02-07 09:52:00+00:00,410.87,410.85,410.9,500,900,410.86785714285713,7.383795366621936e-09,5.93014978940154e-05
2023-02-07 09:53:00+00:00,410.87,410.87,410.91,500,400,410.89222222222224,2.1075456425470107e-08,-4.8674564565587275e-05
2023-02-07 09:54:00+00:00,410.94,410.86,410.89,400,400,410.875,3.576743646125589e-08,0.00021738203384291666
2023-02-07 09:55:00+00:00,410.97,410.92,410.98,900,400,410.96153846153845,3.2958886704769305e-08,-0.0001335205116205218
2023-02-07 09:56:00+00:00,410.98,410.9,410.92,500,400,410.9111111111111,2.7341244629356427e-08,-0.0003001492634174818
2023-02-07 09:57:00+00:00,410.79,410.77,410.8,400,400,410.785,3.857004596993716e-08,2.8401022436730372e-05
2023-02-07 09:58:00+00:00,410.81,410.77,410.82,400,400,410.795,2.384023650995896e-08,6.761956152567805e-06
2023-02-07 09:59:00+00:00,410.76,410.77,410.82,500,400,410.79777777777775,1.9994298212903673e-08,5.409528343225389e-05
2023-02-07 10:00:00+00:00,410.82,410.8,410.84,400,400,410.82,2.1150423720919985e-08,8.519546273322298e-05
2023-02-07 10:01:00+00:00,410.89,410.83,410.87,500,400,410.8522222222222,2.146138188653254e-08,-6.084871791756097e-05
2023-02-07 10:02:00+00:00,410.85,410.81,410.85,400,375,410.8306451612903,3.079168154929447e-08,-0.00019454564426257814
2023-02-07 10:03:00+00:00,410.76,410.75,410.78,2,800,410.75007481296757,3.9571144621138733e-08,0.00017564795158575564
2023-02-07 10:04:00+00:00,410.75,410.78,410.83,1700,500,410.81863636363636,1.72213749561065e-08,-0.0002298912749499893
2023-02-07 10:05:00+00:00,410.75,410.7,410.75,500,400,410.72777777777776,1.937654034206319e-08,-0.00010415116798090374
2023-02-07 10:06:00+00:00,410.69,410.67,410.7,400,400,410.685,4.2605701823506495e-09,-8.517486618730974e-05
2023-02-07 10:07:00+00:00,410.66,410.65,410.66,1,500,410.6500199600799,2.9481857266845474e-08,-0.00014611547663234692
2023-02-07 10:08:00+00:00,410.65,410.59,410.62,1,1700,410.5900176366843,1.2246526437615615e-08,-4.857113631617782e-05
2023-02-07 10:09:00+00:00,410.59,410.57,410.6,1,400,410.5700748129676,1.6114046171833133e-08,3.6352349934709594e-05
2023-02-07 10:10:00+00:00,410.56,410.57,410.6,400,400,410.585,8.139965588218117e-09,-8.519022139374943e-05
2023-02-07 10:11:00+00:00,410.56,410.55,410.56,2,900,410.550022172949,1.953981508477771e-08,0.0
2023-02-07 10:12:00+00:00,410.55,410.52,410.53,4,500,410.52007936507937,8.142995676190467e-09,-6.094792740873878e-05
2023-02-07 10:13:00+00:00,410.55,410.51,410.54,400,400,410.525,1.9592769449120832e-08,0.00017145025366205324
2023-02-07 10:14:00+00:00,410.55,410.58,410.63,400,900,410.5953846153846,7.359480100677294e-08,6.424838535989963e-05
2023-02-07 10:15:00+00:00,410.62,410.61,410.66,400,1300,410.62176470588236,4.2047016827816606e-08,-0.0002616777081739796
2023-02-07 10:16:00+00:00,410.62,410.5,410.52,1007,400,410.5143141435678,1.6098772817558187e-08,1.3891144957201007e-05
2023-02-07 10:17:00+00:00,410.55,410.52,410.55,1,1800,410.52001665741255,2.2172112982823897e-08,0.0001461155124073965
2023-02-07 10:18:00+00:00,410.55,410.56,410.6,400,400,410.58,1.391200938304434e-08,3.3827485237836186e-05
2023-02-07 10:19:00+00:00,410.55,410.56,410.61,400,500,410.58222222222224,4.2164580253136576e-08,-0.00010689123748930385
2023-02-07 10:20:00+00:00,410.56,410.53,410.57,400,400,410.55,1.814376122151835e-08,0.00012928248222365823
2023-02-07 10:21:00+00:00,410.56,410.58,410.64,500,800,410.6030769230769,1.9529589285912876e-08,0.00012645564498003914
2023-02-07 10:22:00+00:00,410.56,410.62,410.68,500,400,410.6533333333333,1.2289750021940692e-08,-6.7642614305363225e-06
2023-02-07 10:23:00+00:00,410.63,410.63,410.67,500,400,410.65222222222224,3.845901184339668e-09,-5.4114457489040646e-05
2023-02-07 10:24:00+00:00,410.67,410.61,410.65,400,400,410.63,4.6467536077258445e-08,0.00024496075614099944
2023-02-07 10:25:00+00:00,410.73,410.7,410.74,1300,400,410.73058823529414,2.6870882789329207e-08,0.00014446684380930996
2023-02-07 10:26:00+00:00,410.73,410.76,410.79,400,1,410.78992518703245,4.846816462467155e-09,0.00010972716272683591
2023-02-07 10:27:00+00:00,410.86,410.81,410.86,100,100,410.835,5.165510959671242e-08,0.00018249411250481629
2023-02-07 10:28:00+00:00,410.89,410.89,410.93,399,400,410.9099749687109,3.8792765955613356e-08,0.0002312551095804416
2023-02-07 10:29:00+00:00,410.99,410.99,411.02,400,400,411.005,2.1186131775160948e-08,1.2165302125222155e-05
2023-02-07 10:30:00+00:00,410.98,410.98,411.02,400,400,411.0,2.191079818614445e-08,-0.00015138858475993722
2023-02-07 10:31:00+00:00,410.97,410.91,410.97,400,400,410.94,4.655814441419545e-08,0.00017574549888732527
2023-02-07 10:32:00+00:00,411.08,411.0,411.04,400,400,411.02,1.951556505663468e-08,3.892754610479443e-05
2023-02-07 10:33:00+00:00,411.0,411.02,411.04,400,100,411.036,9.31333064036176e-09,-3.9216234816952245e-05
2023-02-07 10:34:00+00:00,411.01,411.0,411.02,500,3,411.01988071570577,1.4823394601600593e-08,-0.0001646004943335333
2023-02-07 10:35:00+00:00,410.95,410.95,410.99,112,1900,410.95222664015904,2.9037215124668493e-08,-0.00011248665212737485
2023-02-07 10:36:00+00:00,410.95,410.91,410.97,400,1400,410.92333333333335,3.968607135027094e-08,5.840751899466312e-05
2023-02-07 10:37:00+00:00,410.91,410.91,410.95,400,400,410.93,1.8620552277812676e-08,-0.0001488181591848825
2023-02-07 10:38:00+00:00,410.87,410.84,410.87,10000,400,410.86884615384616,7.525409186331314e-09,-4.663285102690651e-05
2023-02-07 10:39:00+00:00,410.85,410.84,410.85,10000,324,410.8496861681519,7.59958466190275e-09,-2.4387450187068893e-06
2023-02-07 10:40:00+00:00,410.84,410.84,410.85,3300,500,410.8486842105263,5.0109862856177454e-08,-9.415683197488978e-05
2023-02-07 10:41:00+00:00,410.8,410.79,410.83,400,400,410.81,7.741617398712541e-09,-1.8932785905367844e-05
2023-02-07 10:42:00+00:00,410.8,410.78,410.82,500,400,410.8022222222222,3.7290551187971625e-08,-0.0001775250493013525
2023-02-07 10:43:00+00:00,410.71,410.71,410.74,2343,1300,410.7292945374691,4.1146932232420616e-08,-8.349669216489719e-05
2023-02-07 10:44:00+00:00,410.65,410.67,410.72,400,400,410.695,1.3100210359405644e-08,-3.652345414473235e-05
2023-02-07 10:45:00+00:00,410.68,410.66,410.7,400,400,410.68,1.7503353129489452e-08,-8.522450569792284e-05
2023-02-07 10:46:00+00:00,410.62,410.62,410.67,400,400,410.645,2.993658702901815e-08,-5.276252399677439e-05
2023-02-07 10:47:00+00:00,410.62,410.62,410.65,50,400,410.62333333333333,3.36817415571097e-09,-5.41182646429661e-06
2023-02-07 10:48:00+00:00,410.62,410.62,410.63,50,400,410.62111111111113,1.5008216476700693e-08,1.767489059556482e-05
2023-02-07 10:49:00+00:00,410.65,410.6,410.65,400,305,410.62836879432626,2.36125980062761e-08,-0.0001902495947256888
2023-02-07 10:50:00+00:00,410.57,410.55,410.57,5,339,410.5502906976745,5.6476522425338994e-08,-7.300122387376984e-05
2023-02-07 10:51:00+00:00,410.55,410.52,410.57,5,900,410.5202762430939,3.9843902610849474e-08,-4.397839014658178e-05
2023-02-07 10:52:00+00:00,410.49,410.48,410.52,500,400,410.5022222222222,5.3137522863454225e-08,4.6170507897791424e-05
2023-02-07 10:53:00+00:00,410.52,410.52,410.53,120,401,410.52230326295586,3.9567140105123854e-08,-8.023952521363231e-05
2023-02-07 10:54:00+00:00,410.5,410.45,410.5,1300,400,410.48823529411766,5.805166142856688e-09,-9.773136347801525e-05
2023-02-07 10:55:00+00:00,410.44,410.44,410.48,341,1300,410.44831200487505,4.4324658225351334e-08,-5.6323121468193627e-05
2023-02-07 10:56:00+00:00,410.42,410.4,410.45,400,400,410.425,4.978139953159495e-08,4.872997502580745e-05
2023-02-07 10:57:00+00:00,410.43,410.42,410.47,400,400,410.445,3.531917171280604e-08,-0.0001337578710339793
2023-02-07 10:58:00+00:00,410.43,410.39,410.43,1,400,410.39009975062345,3.195733003107033e-08,-0.0003320288839030461
2023-02-07 10:59:00+00:00,410.25,410.23,410.27,590,400,410.2538383838384,2.782258590510758e-08,-0.00011607976127603337
2023-02-07 11:00:00+00:00,410.22,410.19,410.22,400,340,410.2062162162162,1.385923382786551e-07,-0.0001126658114606327
2023-02-07 11:01:00+00:00,410.09,410.14,410.18,400,400,410.16,1.1372936122856379e-07,-0.00012190364735720216
2023-02-07 11:02:00+00:00,410.14,410.11,410.16,500,1300,410.12388888888887,2.283033445983228e-08,0.0002560288703030711
2023-02-07 11:03:00+00:00,410.19,410.19,410.24,400,400,410.215,5.7386315071102506e-08,4.8754921200044876e-05
2023-02-07 11:04:00+00:00,410.23,410.22,410.25,400,400,410.235,4.7142550927208635e-08,0.0003061653813105636
2023-02-07 11:05:00+00:00,410.38,410.33,410.38,500,317,410.3605997552019,1.495636716431748e-08,3.267779306392882e-05
2023-02-07 11:06:00+00:00,410.36,410.36,410.42,396,1300,410.3740094339623,4.8889180349487124e-08,0.00047734703200230655
2023-02-07 11:07:00+00:00,410.59,410.53,410.59,400,400,410.56,5.928868172417148e-08,-3.629162626750393e-05
2023-02-07 11:08:00+00:00,410.55,410.51,410.57,400,500,410.5366666666667,1.2126306756725213e-08,-0.00015814004708847307
2023-02-07 11:09:00+00:00,410.54,410.5,410.55,1700,1700,410.525,3.0807348157289854e-08,9.164044889975465e-05
2023-02-07 11:10:00+00:00,410.55,410.51,410.54,400,400,410.525,4.076511017196078e-08,-0.000189249858531082
2023-02-07 11:11:00+00:00,410.49,410.43,410.47,400,400,410.45,1.3479310435671061e-08,-4.729385968049726e-05
2023-02-07 11:12:00+00:00,410.45,410.41,410.44,400,400,410.425,5.268296917202807e-08,-9.870955890667332e-05
2023-02-07 11:13:00+00:00,410.46,410.39,410.42,1,400,410.3900748129676,1.56309763689002e-08,-7.328348031154786e-05
2023-02-07 11:14:00+00:00,410.37,410.35,410.37,400,400,410.36,6.536156021540813e-09,-9.476773781291747e-05
2023-02-07 11:15:00+00:00,410.34,410.31,410.36,400,1400,410.3211111111111,4.871403176134714e-08,-2.7079062739909787e-06
2023-02-07 11:16:00+00:00,410.29,410.29,410.35,400,400,410.32,3.3384130757970945e-08,-2.2937621139251796e-05
2023-02-07 11:17:00+00:00,410.3,410.28,410.32,1300,400,410.3105882352941,6.798933577326694e-08,-0.0002844170970756066
2023-02-07 11:18:00+00:00,410.18,410.19,410.24,400,1300,410.20176470588234,2.592423228706592e-08,0.0002221171830667501
2023-02-07 11:19:00+00:00,410.27,410.27,410.3,400,400,410.285,3.913349782557151e-08,-7.311990445668659e-05
2023-02-07 11:20:00+00:00,410.26,410.23,410.28,400,400,410.255,2.86077078591807e-08,-0.0003284179335723003
2023-02-07 11:21:00+00:00,410.2,410.12,410.16,4,600,410.1202649006623,3.7308830253821594e-08,-1.929841298964341e-05
2023-02-07 11:22:00+00:00,410.14,410.11,410.14,34,100,410.1176119402985,4.100683833373947e-08,-0.00016793328111708306
2023-02-07 11:23:00+00:00,410.06,410.0,410.06,1379,524,410.04347871781397,2.803579132274308e-08,-3.287143562469286e-05
2023-02-07 11:24:00+00:00,410.06,410.01,410.05,400,400,410.03,3.0839541399227e-08,0.00012194229690520864
2023-02-07 11:25:00+00:00,410.09,410.06,410.1,400,400,410.08,3.72834736105399e-08,0.0
2023-02-07 11:26:00+00:00,410.09,410.06,410.1,400,400,410.08,5.09150276616325e-08,0.00018289114319158806
2023-02-07 11:27:00+00:00,410.19,410.14,410.17,400,400,410.155,1.3357062954032207e-08,-6.095256671256877e-05
2023-02-07 11:28:00+00:00,410.11,410.11,410.15,400,400,410.13,2.6552237736949096e-08,0.0002911558888789578
2023-02-07 11:29:00+00:00,410.27,410.24,410.28,400,1300,410.2494117647059,5.13104711560041e-08,0.00014362377358212441
2023-02-07 11:30:00+00:00,410.3,410.3,410.31,500,100,410.30833333333334,6.506116711701063e-08,-7.717773219328983e-05
2023-02-07 11:31:00+00:00,410.38,410.27,410.29,200,400,410.27666666666664,6.390722946977288e-08,-0.00033740981097873934
2023-02-07 11:32:00+00:00,410.19,410.05,410.11,800,500,410.0869230769231,1.9626107416526972e-07,0.0001627858612949229
2023-02-07 11:33:00+00:00,410.18,410.21,410.26,400,1300,410.2217647058824,4.146575482641799e-07,0.00010985313512978934
2023-02-07 11:34:00+00:00,410.27,410.25,410.27,1,320,410.2500623052959,9.5771877298342e-08,-0.0002032800145369551
2023-02-07 11:35:00+00:00,410.19,410.15,410.21,500,1300,410.1666666666667,1.5060319749258191e-07,-0.00021129622104842927
2023-02-07 11:36:00+00:00,409.96,410.09,410.13,400,400,410.11,4.613644659690502e-08,0.0003657822863831761
2023-02-07 11:37:00+00:00,410.22,410.21,410.25,400,400,410.23,4.449928761358846e-08,-0.0001615818304018246
2023-02-07 11:38:00+00:00,410.19,410.15,410.18,400,475,410.16371428571426,1.0299784302300521e-07,-0.000500416638780754
2023-02-07 11:39:00+00:00,409.96,409.92,409.96,4,500,409.92031746031745,9.231196671287263e-08,0.0004184288839768069
2023-02-07 11:40:00+00:00,410.11,410.08,410.15,1300,400,410.1335294117647,2.7741999939508038e-08,-4.876502572348507e-05
2023-02-07 11:41:00+00:00,410.12,410.09,410.13,400,400,410.11,3.043739195084666e-08,-1.4630221160216728e-05
2023-02-07 11:42:00+00:00,410.1,410.1,410.12,100,400,410.104,2.8165200727966084e-08,-3.41376821489936e-05
2023-02-07 11:43:00+00:00,410.08,410.05,410.13,1300,1300,410.09,1.012423039430531e-07,0.0003779658123828078
2023-02-07 11:44:00+00:00,410.22,410.22,410.27,400,400,410.245,1.299863479367006e-07,-0.0004033846986504219
2023-02-07 11:45:00+00:00,410.06,410.06,410.1,381,400,410.07951344430217,5.463138476590112e-08,-0.0001817048690785361
2023-02-07 11:46:00+00:00,410.01,410.0,410.03,100,500,410.005,6.831436595196829e-08,0.0002404305133105744
2023-02-07 11:47:00+00:00,410.08,410.05,410.12,1305,400,410.10357771260993,3.1923863154256864e-08,0.00018959995705736254
2023-02-07 11:48:00+00:00,410.2,410.13,410.18,400,400,410.155,2.82160950319733e-08,-0.00010076844062467671
2023-02-07 11:49:00+00:00,410.14,410.11,410.17,400,400,410.14,6.990304866731446e-08,-3.6572877553986416e-05
2023-02-07 11:50:00+00:00,410.09,410.1,410.15,400,400,410.125,2.08393557217127e-08,-6.0957025297070366e-05
2023-02-07 11:51:00+00:00,410.11,410.07,410.13,400,400,410.1,4.061404007580407e-08,0.00015327272093901279
2023-02-07 11:52:00+00:00,410.15,410.15,410.18,300,400,410.16285714285715,4.2563264623656363e-08,0.0001350150319465726
2023-02-07 11:53:00+00:00,410.24,410.18,410.23,1300,400,410.2182352941176,2.3499545479826684e-08,-0.00013383598304672617
2023-02-07 11:54:00+00:00,410.17,410.15,410.17,300,150,410.16333333333336,5.559271201605583e-08,0.0001137758128875177
2023-02-07 11:55:00+00:00,410.25,410.19,410.23,400,400,410.21,2.7097719463173284e-08,9.751103093535995e-05
2023-02-07 11:56:00+00:00,410.24,410.23,410.28,500,400,410.2577777777778,2.5269129160019295e-08,2.4375380865304663e-05
2023-02-07 11:57:00+00:00,410.19,410.24,410.28,400,400,410.26,1.6053375317895745e-08,-0.00013304123677004842
2023-02-07 11:58:00+00:00,410.21,410.2,410.23,82,372,410.2054185022027,3.7675304615519833e-08,0.00020559110244078305
2023-02-07 11:59:00+00:00,410.25,410.27,410.29,400,5,410.28975308641975,3.570894899620784e-08,-9.201566974492703e-05
2023-02-07 12:00:00+00:00,410.25,410.2,410.24,300,500,410.215,8.126571113755387e-08,6.968457263845096e-05
2023-02-07 12:01:00+00:00,410.3,410.28,410.3,25,100,410.284,1.643832894364611e-07,0.00033972127060466484
2023-02-07 12:02:00+00:00,410.39,410.38,410.42,1301,1,410.4199692780338,8.146066124737252e-08,9.741447699251893e-05
2023-02-07 12:03:00+00:00,410.45,410.42,410.45,1,476,410.4200628930818,5.050855416475165e-08,-2.424140207901715e-05
2023-02-07 12:04:00+00:00,410.49,410.44,410.47,200,400,410.45,6.344761487361463e-08,0.0002360354097818984
2023-02-07 12:05:00+00:00,410.54,410.51,410.55,1300,400,410.54058823529414,2.6559285815342137e-08,0.000153744356654828
2023-02-07 12:06:00+00:00,410.62,410.61,410.64,500,401,410.6266481687014,4.31395835275924e-08,-2.4010995663958923e-05
2023-02-07 12:07:00+00:00,410.61,410.6,410.61,1,70,410.6001408450704,8.483448552868914e-09,-3.622187327700921e-05
2023-02-07 12:08:00+00:00,410.59,410.59,410.62,400,1,410.61992518703244,6.37956470545703e-08,0.0002249932649582842
2023-02-07 12:09:00+00:00,410.67,410.66,410.69,402,3,410.6897777777778,1.1919823963028157e-07,-0.00014012828978671177
2023-02-07 12:10:00+00:00,410.65,410.62,410.65,2,1300,410.62004608294933,3.480493988858746e-08,-0.00014624132439844395
2023-02-07 12:11:00+00:00,410.58,410.56,410.58,1,400,410.5600498753117,7.652145749060566e-08,-0.00014602096049609603
2023-02-07 12:12:00+00:00,410.54,410.5,410.54,1,401,410.50009950248756,3.019729066849972e-08,-4.246416879238879e-07
2023-02-07 12:13:00+00:00,410.49,410.47,410.5,400,1,410.49992518703243,6.743452737260472e-08,-0.00011482601699552841
2023-02-07 12:14:00+00:00,410.44,410.44,410.48,188,400,410.4527891156462,4.414946842792699e-08,7.843084178160709e-05
2023-02-07 12:15:00+00:00,410.48,410.46,410.49,1,900,410.4600332963374,9.118882383245815e-08,0.0002923827474015095
2023-02-07 12:16:00+00:00,410.6,410.58,410.6,400,1,410.59995012468823,1.1817349797002069e-07,9.985265644596453e-05
2023-02-07 12:17:00+00:00,410.66,410.64,410.66,100,380,410.64416666666665,4.740164015418084e-08,-0.0003557195564246607
2023-02-07 12:18:00+00:00,410.48,410.47,410.5,400,1,410.49992518703243,3.679291674642338e-08,0.00015852576084607328
2023-02-07 12:19:00+00:00,410.56,410.54,410.59,501,1,410.58990039840637,1.1010872712557562e-07,8.549033100324621e-05
2023-02-07 12:20:00+00:00,410.63,410.6,410.63,1,301,410.60009933774836,4.850947928124946e-08,4.828505720300136e-05
2023-02-07 12:21:00+00:00,410.61,410.59,410.61,400,400,410.6,6.769861600445939e-08,0.0001706561437213594
2023-02-07 12:22:00+00:00,410.72,410.67,410.71,400,400,410.69,8.30004939224428e-08,5.1074069872925065e-05
2023-02-07 12:23:00+00:00,410.76,410.72,410.75,400,400,410.735,5.1821059606892344e-08,-5.910275064391346e-05
2023-02-07 12:24:00+00:00,410.69,410.67,410.69,400,79,410.6867014613779,8.38401645421832e-08,0.00011760434036522938
2023-02-07 12:25:00+00:00,410.71,410.72,410.76,400,5,410.7595061728395,7.732139241418181e-08,-0.00021668472372693426
2023-02-07 12:26:00+00:00,410.66,410.63,410.66,400,350,410.646,6.139213247588572e-08,-0.0002703058108443068
2023-02-07 12:27:00+00:00,410.58,410.51,410.56,400,400,410.535,3.929838109319955e-08,-7.307537725165236e-05
2023-02-07 12:28:00+00:00,410.5,410.49,410.52,1,1,410.505,6.143992544371164e-08,8.507859108286553e-05
2023-02-07 12:29:00+00:00,410.53,410.51,410.54,400,1,410.53992518703245,4.8701558283186255e-08,2.018714490281681e-05
2023-02-07 12:30:00+00:00,410.56,410.54,410.56,1300,1,410.5599846272099,3.913960678040104e-08,-3.218334796772915e-05
2023-02-07 12:31:00+00:00,410.52,410.5,410.56,1301,400,410.5458906525574,5.971560925288415e-08,5.548315680226068e-05
2023-02-07 12:32:00+00:00,410.56,410.53,410.58,500,400,410.5577777777778,1.7914873651229103e-08,-8.389670421282691e-05
2023-02-07 12:33:00+00:00,410.51,410.52,410.54,1,5,410.5233333333333,8.861937622739589e-08,-9.337674675402585e-05
2023-02-07 12:34:00+00:00,410.53,410.47,410.5,400,400,410.485,6.053711839886271e-09,-6.084266172956543e-05
2023-02-07 12:35:00+00:00,410.47,410.45,410.47,1,399,410.45005,4.102494340217262e-08,-0.0002925373191010605
2023-02-07 12:36:00+00:00,410.31,410.33,410.34,500,1,410.33998003992014,1.4890075933264376e-08,-4.678725431384034e-05
2023-02-07 12:37:00+00:00,410.31,410.31,410.33,465,400,410.32075144508667,4.935183930801878e-08,4.685479752208899e-05
2023-02-07 12:38:00+00:00,410.32,410.31,410.34,1300,1,410.3399769408148,5.3081289163899724e-08,9.398730485177254e-05
2023-02-07 12:39:00+00:00,410.34,410.33,410.38,500,15,410.3785436893204,5.7525620518612095e-08,0.00016323230823522827
2023-02-07 12:40:00+00:00,410.44,410.44,410.45,495,400,410.445530726257,5.7154088188285907e-08,0.00013264684563041307
2023-02-07 12:41:00+00:00,410.46,410.48,410.5,800,1,410.49997503121097,2.6737930938378838e-08,4.872572672454112e-05
2023-02-07 12:42:00+00:00,410.51,410.51,410.52,500,1,410.5199800399202,6.587393432701524e-09,-3.236892148417159e-05
2023-02-07 12:43:00+00:00,410.52,410.5,410.52,201,400,410.50668885191345,2.591342916035014e-08,-0.00023573065887128042
2023-02-07 12:44:00+00:00,410.4,410.4,410.45,99,400,410.40991983967933,6.639028988964339e-08,-0.0002655450914097468
2023-02-07 12:45:00+00:00,410.32,410.3,410.33,1,31,410.30093750000003,5.271724500851812e-08,0.00014425311489629777
2023-02-07 12:46:00+00:00,410.38,410.36,410.4,501,1,410.39992031872504,6.04685623234439e-08,0.0001419574822074665
2023-02-07 12:47:00+00:00,410.38,410.41,410.44,155,400,410.4183783783784,2.3667314176338155e-08,6.0749910855140143e-05
2023-02-07 12:48:00+00:00,410.45,410.44,410.45,200,3,410.4498522167488,7.81589799380837e-08,-0.00012988701926885948
2023-02-07 12:49:00+00:00,410.34,410.39,410.44,500,1300,410.4038888888889,1.6573083631366867e-07,-0.0002681592517158604
2023-02-07 12:50:00+00:00,410.23,410.26,410.28,400,1,410.2799501246883,5.8856308011227925e-08,2.431281942438801e-07
2023-02-07 12:51:00+00:00,410.31,410.28,410.3,1,900,410.28002219755825,2.393935188170912e-08,-5.4863259952298016e-05
2023-02-07 12:52:00+00:00,410.28,410.25,410.28,302,400,410.262905982906,4.8069005670220534e-08,-0.0001889297444903626
2023-02-07 12:53:00+00:00,410.2,410.18,410.19,1,2000,410.1800049975012,5.344862640120829e-08,7.942359755697126e-05
2023-02-07 12:54:00+00:00,410.22,410.21,410.23,60,400,410.21260869565214,1.6126999881591723e-07,0.000456632700725379
2023-02-07 12:55:00+00:00,410.36,410.35,410.38,1300,1,410.37997694081474,4.260664372730029e-08,1.6426610290443122e-05
2023-02-07 12:56:00+00:00,410.4,410.38,410.41,1371,100,410.4079605710401,4.892923966180305e-08,0.00012995240493163251
2023-02-07 12:57:00+00:00,410.44,410.43,410.47,1300,1000,410.4526086956522,2.2314086771154943e-08,-4.867714266920675e-05
2023-02-07 12:58:00+00:00,410.44,410.44,410.46,1,1000,410.44001998002,4.632644217260111e-08,9.528908697675753e-05
2023-02-07 12:59:00+00:00,410.44,410.44,410.48,900,20,410.4791304347826,5.305239821252908e-08,9.950933678126717e-05
2023-02-07 13:00:00+00:00,410.5,410.49,410.52,1300,1,410.51997694081473,7.805053257910202e-08,-0.0003894522554178659
2023-02-07 13:01:00+00:00,410.38,410.36,410.37,4,400,410.36009900990103,1.5804814576289522e-07,-0.00014639812901107163
2023-02-07 13:02:00+00:00,410.3,410.27,410.32,1300,401,410.3082128159906,4.797661769013619e-08,2.4284678635577706e-05
2023-02-07 13:03:00+00:00,410.32,410.3,410.35,1317,900,410.329702300406,5.7395297704716084e-08,0.00021925632847197285
2023-02-07 13:04:00+00:00,410.39,410.38,410.4,400,1,410.3999501246883,9.957541983542804e-08,-4.864318938613277e-05
2023-02-07 13:05:00+00:00,410.36,410.35,410.38,2300,1,410.37998696219034,8.062412791845436e-08,-2.1643405559435003e-05
2023-02-07 13:06:00+00:00,410.39,410.36,410.41,400,1401,410.37110494169906,7.289045303241794e-08,0.00032627798762763227
2023-02-07 13:07:00+00:00,410.52,410.48,410.53,1301,500,410.51611882287614,9.428437552484388e-08,-0.00010420768998609109
2023-02-07 13:08:00+00:00,410.48,410.44,410.49,400,500,410.46222222222224,6.173266143245764e-08,-0.00027280295866394244
2023-02-07 13:09:00+00:00,410.37,410.35,410.37,5,400,410.35024691358024,5.849284561200833e-08,-0.00017143078317327642
2023-02-07 13:10:00+00:00,410.26,410.24,410.28,400,1,410.2799002493765,6.61527595459597e-08,-0.00024312913107493728
2023-02-07 13:11:00+00:00,410.19,410.18,410.21,2,400,410.1801492537314,4.014772783628969e-08,0.00014501037167802266
2023-02-07 13:12:00+00:00,410.19,410.21,410.24,400,5,410.2396296296296,1.1608543589564359e-07,-0.00022823155752671465
2023-02-07 13:13:00+00:00,410.11,410.11,410.15,900,100,410.146,1.1755959112902538e-07,0.00018030195269069793
2023-02-07 13:14:00+00:00,410.24,410.19,410.22,1300,1,410.2199769408147,1.4239722066609997e-07,5.434116183300475e-05
2023-02-07 13:15:00+00:00,410.29,410.22,410.26,501,400,410.24224195338513,1.458634094118029e-07,7.307942910594889e-05
2023-02-07 13:16:00+00:00,410.34,410.25,410.3,400,1000,410.26428571428573,1.0609173441657742e-07,-2.972973529713485e-05
2023-02-07 13:17:00+00:00,410.3,410.24,410.27,1,400,410.2400748129676,1.4706563878245165e-07,2.4314000238501166e-05
2023-02-07 13:18:00+00:00,410.24,410.22,410.28,500,1300,410.2366666666667,8.072038037954101e-08,-0.00021127907241280663
2023-02-07 13:19:00+00:00,410.18,410.18,410.2,400,1,410.19995012468826,1.1714121560801864e-07,-2.0340687214903674e-05
2023-02-07 13:20:00+00:00,410.16,410.17,410.18,100,101,410.1749751243781,4.764905740337211e-08,3.740436854959839e-05
2023-02-07 13:21:00+00:00,410.2,410.19,410.21,5,310,410.19031746031743,1.894951914410009e-07,-0.0006232663565390872
2023-02-07 13:22:00+00:00,409.9,409.93,409.95,243,800,409.9346596356663,3.661480590428505e-08,-0.00011904944278828822
2023-02-07 13:23:00+00:00,409.9,409.89,409.92,643,1300,409.8999279464746,1.2939045526244064e-07,-0.0002726314984209388
2023-02-07 13:24:00+00:00,409.75,409.76,409.79,400,500,409.7733333333333,1.1505984749684082e-07,-3.7992693585620074e-05
2023-02-07 13:25:00+00:00,409.76,409.75,409.78,400,505,409.7632596685083,7.972526649102064e-08,-0.00028917286187035707
2023-02-07 13:26:00+00:00,409.66,409.64,409.66,1,1400,409.6400142755175,1.0618659052969239e-07,-6.004132131287587e-05
2023-02-07 13:27:00+00:00,409.62,409.61,409.64,400,1800,409.61545454545455,7.416288671925036e-08,6.004492648958859e-05
2023-02-07 13:28:00+00:00,409.64,409.64,409.66,1,400,409.6400498753117,8.931437347208185e-08,0.00013640280199944677
2023-02-07 13:29:00+00:00,409.66,409.67,409.72,1400,1300,409.6959259259259,1.531066780098746e-07,0.0003608141177875446
2023-02-07 13:30:00+00:00,409.8,409.78,409.84,1,1000,409.78005994005997,1.283842962981808e-07,-0.0001853687465581677
2023-02-07 13:31:00+00:00,409.7,409.7,409.71,241,900,409.7021121822962,1.4474320211099878e-07,-0.00015320330485291134
2023-02-07 13:32:00+00:00,409.7,409.69,409.73,900,400,409.7176923076923,1.1379452393324488e-07,-0.0005125639179408559
2023-02-07 13:33:00+00:00,409.5,409.5,409.52,400,1,409.5199501246883,1.0936061455286462e-07,-7.983567001379477e-05
2023-02-07 13:34:00+00:00,409.43,409.48,409.53,400,1300,409.49176470588236,1.1967830097841088e-07,0.0002176468054113645
2023-02-07 13:35:00+00:00,409.54,409.55,409.57,25,400,409.55117647058825,1.3352621668980308e-07,-0.0001743439085309939
2023-02-07 13:36:00+00:00,409.51,409.48,409.5,1,400,409.4800498753117,9.84786677162304e-08,2.4389299263294362e-05
2023-02-07 13:37:00+00:00,409.54,409.49,409.5,1,1000,409.49000999001,6.707847221144342e-08,5.186942165091857e-05
2023-02-07 13:38:00+00:00,409.5,409.5,409.54,600,900,409.516,9.314343076889921e-08,-0.00034448687610244555
2023-02-07 13:39:00+00:00,409.4,409.4,409.43,400,400,409.415,5.952166797812666e-08,0.00019769970201499731
2023-02-07 13:40:00+00:00,409.46,409.46,409.48,1,10400,409.46000192289205,8.952632126107488e-08,0.00029807412976490255
2023-02-07 13:41:00+00:00,409.58,409.59,409.61,400,400,409.6,5.6032120597580514e-08,4.032839950585121e-05
2023-02-07 13:42:00+00:00,409.59,409.58,409.59,149,5,409.5896753246753,6.990566040439195e-08,-0.00014545365365248308
2023-02-07 13:43:00+00:00,409.54,409.53,409.55,4,400,409.530198019802,7.767919982738501e-08,-6.760239812531044e-05
2023-02-07 13:44:00+00:00,409.5,409.5,409.53,35,400,409.5024137931034,9.914410355803339e-08,9.400505713541563e-05
2023-02-07 13:45:00+00:00,409.54,409.54,409.55,100,1000,409.5409090909091,8.360924514122566e-08,-0.00026030372063023943
2023-02-07 13:46:00+00:00,409.44,409.42,409.45,1,500,409.42005988023953,6.058735107125041e-08,-0.00017325388822964083
2023-02-07 13:47:00+00:00,409.38,409.36,409.38,81,400,409.363367983368,5.5050268335419574e-08,0.00022794780620083444
2023-02-07 13:48:00+00:00,409.45,409.4,409.43,1800,400,409.42454545454547,6.334193216690834e-08,-0.00021485781647101465
2023-02-07 13:49:00+00:00,409.37,409.37,409.39,500,400,409.3811111111111,8.284815352424694e-08,4.1546383308332935e-05
2023-02-07 13:50:00+00:00,409.36,409.35,409.38,1500,1,409.3799800133244,6.889712259706208e-08,-0.00017273266566641965
2023-02-07 13:51:00+00:00,409.3,409.32,409.33,25,400,409.3205882352941,8.280886761671878e-08,3.936115488345493e-05
2023-02-07 13:52:00+00:00,409.31,409.32,409.35,100,500,409.325,8.647692341830345e-08,0.00033116357852103206
2023-02-07 13:53:00+00:00,409.47,409.45,409.48,100,1000,409.45272727272726,1.0149768579078434e-07,-0.0001372284504814747
2023-02-07 13:54:00+00:00,409.41,409.4,409.41,200,1400,409.40125,3.082652037835311e-08,-0.00015856347250653435
2023-02-07 13:55:00+00:00,409.36,409.34,409.36,500,1799,409.34434971726836,5.477458807450529e-08,-6.26205808691438e-05
2023-02-07 13:56:00+00:00,409.3,409.29,409.32,400,1,409.3199251870324,4.219885874660807e-08,0.00011913407714536639
2023-02-07 13:57:00+00:00,409.37,409.36,409.38,116,151,409.36868913857677,7.714726152097836e-08,0.00022793844253099493
2023-02-07 13:58:00+00:00,409.46,409.46,409.48,1300,1,409.47998462720983,1.4485695774876775e-08,-6.771286428475243e-05
2023-02-07 13:59:00+00:00,409.42,409.42,409.44,500,401,409.43109877913435,6.194055873416301e-08,0.00012769830791947712
2023-02-07 14:00:00+00:00,409.47,409.47,409.49,967,201,409.4865582191781,1.1011797123332333e-07,-0.00014375541835065508
2023-02-07 14:01:00+00:00,409.44,409.4,409.42,400,1,409.4199501246883,8.912604251490615e-08,-0.00036069380491199343
2023-02-07 14:02:00+00:00,409.23,409.28,409.32,1,1801,409.2800221975582,8.552105185570777e-08,0.00014638122904897521
2023-02-07 14:03:00+00:00,409.33,409.31,409.34,400,1,409.3399251870324,7.621143730505659e-08,6.092163107318527e-08
2023-02-07 14:04:00+00:00,409.34,409.32,409.34,900,1,409.33997780244175,9.26037864998895e-08,-5.09581720304908e-05
2023-02-07 14:05:00+00:00,409.3,409.3,409.33,678,1,409.32995581737845,4.002960230612498e-08,5.1131431183959464e-05
2023-02-07 14:06:00+00:00,409.36,409.34,409.36,1,1000,409.34001998002,6.391508253434223e-08,-0.00025247413396489726
2023-02-07 14:07:00+00:00,409.24,409.22,409.24,1,100,409.22019801980196,1.7676282834240072e-07,-0.000333953367844142
2023-02-07 14:08:00+00:00,409.12,409.1,409.12,1,1000,409.10001998001997,5.513561081299158e-08,0.00010893639308529046
2023-02-07 14:09:00+00:00,409.12,409.14,409.17,25,1300,409.1405660377358,8.648382089500818e-08,-3.118213368680234e-05
2023-02-07 14:10:00+00:00,409.13,409.13,409.14,244,1101,409.1318141263941,9.413619419048302e-08,-0.00018774909147090124
2023-02-07 14:11:00+00:00,409.08,409.03,409.07,500,100,409.06333333333333,9.632525358533657e-08,0.00013225385119142175
2023-02-07 14:12:00+00:00,409.12,409.1,409.11,101,10,409.1090990990991,3.967631458329426e-08,-0.0002205040425863336
2023-02-07 14:13:00+00:00,409.02,409.0,409.02,2017,50,409.01951620706336,4.2410494221900516e-08,-9.16217029545141e-06
2023-02-07 14:14:00+00:00,409.0,409.0,409.02,1800,378,409.0165289256198,2.991837950624195e-08,-5.254888676198277e-05
2023-02-07 14:15:00+00:00,408.99,408.99,409.0,537,435,408.99552469135807,3.557133258114049e-08,6.468799969394645e-05
2023-02-07 14:16:00+00:00,409.04,409.02,409.04,6,236,409.0204958677686,3.334551131234697e-08,-0.00019579743345488065
2023-02-07 14:17:00+00:00,408.96,408.94,408.96,501,100,408.95667221297833,3.104686819485208e-08,-0.00019739625113057713
2023-02-07 14:18:00+00:00,408.85,408.83,408.85,1400,3300,408.8359574468085,4.0635776697960974e-08,0.00021912703093263097
2023-02-07 14:19:00+00:00,408.98,408.94,408.98,900,1395,408.95568627450984,6.991846236656682e-08,0.0002716992615212632
2023-02-07 14:20:00+00:00,409.07,409.05,409.07,100,176,409.0572463768116,2.934111622283081e-08,-0.0001462985105732395
2023-02-07 14:21:00+00:00,409.0,408.98,409.01,1,500,408.98005988023954,7.936635877521222e-08,0.0001209644977979707
2023-02-07 14:22:00+00:00,408.96,409.02,409.05,400,5,409.04962962962964,5.735545364443921e-08,7.672796501489998e-06
2023-02-07 14:23:00+00:00,409.09,409.06,409.1,900,100,409.096,6.140617566520496e-08,0.0003109781095280706
2023-02-07 14:24:00+00:00,409.17,409.16,409.18,973,1,409.1799794661191,5.521446357106499e-08,-2.5380477317815675e-05
2023-02-07 14:25:00+00:00,409.17,409.16,409.2,473,1500,409.1695894576786,9.985574212074637e-08,-0.00014214799285394708
2023-02-07 14:26:00+00:00,409.11,409.11,409.12,233,1000,409.1118896999189,4.8460189632298775e-08,0.00018669255181102962
2023-02-07 14:27:00+00:00,409.19,409.17,409.19,73,400,409.1730866807611,1.0624414122784559e-07,-0.0003555318485034542
2023-02-07 14:28:00+00:00,409.06,409.04,409.07,100,1190,409.0423255813954,1.365810565152494e-07,0.000238712748477532
2023-02-07 14:29:00+00:00,409.12,409.11,409.14,973,1,409.1399691991786,1.2640056752657843e-07,-0.0006668288668294498
2023-02-07 14:30:00+00:00,408.88,408.83,408.87,1300,11100,408.8341935483871,6.471715972842208e-07,-0.00014124949004667986
2023-02-07 14:31:00+00:00,408.83,408.85,408.88,300,1800,408.8542857142857,7.634896353571171e-07,0.00042685427427158196
2023-02-07 14:32:00+00:00,408.99,408.97,408.99,100,500,408.97333333333336,7.425535688866951e-07,0.00012088670672882884
2023-02-07 14:33:00+00:00,409.01,408.99,409.0,100,100,408.995,5.090157614096494e-07,-0.000187805416069331
2023-02-07 14:34:00+00:00,408.98,408.97,408.98,200,120,408.97625,4.6247961215460397e-07,-0.0001988707108951937
2023-02-07 14:35:00+00:00,408.86,408.84,408.86,201,100,408.8533554817276,3.601520730794338e-07,-0.0001347261396146271
2023-02-07 14:36:00+00:00,408.78,408.79,408.81,100,100,408.8,2.957456453236733e-07,-0.0004906151108694523
2023-02-07 14:37:00+00:00,408.59,408.6,408.62,100,200,408.6066666666667,4.1722885709747276e-07,0.0011840051960678721
2023-02-07 14:38:00+00:00,409.09,409.0,409.02,11,800,409.00027127003693,4.011857006361199e-07,3.462857794689356e-05
2023-02-07 14:39:00+00:00,409.14,409.13,409.15,300,520,409.1373170731707,1.3945872507588419e-07,0.00017721070352649804
2023-02-07 14:40:00+00:00,409.21,409.21,409.23,200,200,409.22,3.6602874506242887e-07,-8.464074474312522e-05
2023-02-07 14:41:00+00:00,409.18,409.16,409.19,400,800,409.17,2.887784720124037e-07,-0.000239189955273722
2023-02-07 14:42:00+00:00,409.06,409.04,409.06,312,400,409.04876404494377,3.633837617775141e-07,0.00016038231804116343
2023-02-07 14:43:00+00:00,409.13,409.11,409.13,500,500,409.12,3.2534634867976064e-07,0.0004995914607244245
2023-02-07 14:44:00+00:00,409.33,409.32,409.33,500,100,409.3283333333333,2.4085122701717533e-07,0.00017304806868168043
2023-02-07 14:45:00+00:00,409.4,409.38,409.4,300,700,409.386,2.409828102817916e-07,-0.0007368536755155697
2023-02-07 14:46:00+00:00,409.1,409.09,409.1,200,680,409.09227272727276,3.9626429096744755e-07,0.0003471463175386269
2023-02-07 14:47:00+00:00,409.21,409.2,409.21,100,200,409.2033333333333,2.1591893673854314e-07,-0.0007485739211723352
2023-02-07 14:48:00+00:00,408.95,408.94,408.95,100,400,408.942,2.871209881776092e-07,-0.0001324322856575133
2023-02-07 14:49:00+00:00,408.84,408.84,408.86,400,204,408.85324503311256,2.519804830180772e-07,0.0004752778535848101
2023-02-07 14:50:00+00:00,409.08,409.07,409.08,100,397,409.07201207243463,2.9767439808577385e-07,0.0008922316361452687
2023-02-07 14:51:00+00:00,409.44,409.43,409.44,200,200,409.435,2.279173726713948e-07,-0.0005557012673628181
2023-02-07 14:52:00+00:00,409.21,409.2,409.21,200,101,409.2066445182724,2.0840713326236517e-07,8.966449148006816e-05
2023-02-07 14:53:00+00:00,409.23,409.22,409.23,210,1039,409.2216813450761,2.324785242087573e-07,-0.00041849119507220145
2023-02-07 14:54:00+00:00,409.07,409.06,409.07,300,100,409.0675,2.957805283201297e-07,0.00033548334168287397
2023-02-07 14:55:00+00:00,409.2,409.21,409.23,400,279,409.22178203240054,3.31971861909298e-07,7.500944012073241e-05
2023-02-07 14:56:00+00:00,409.26,409.25,409.27,100,300,409.255,2.8239385175223405e-07,-0.00037374514876065135
2023-02-07 14:57:00+00:00,409.1,409.08,409.09,100,100,409.085,2.485126787788889e-07,0.0003168477757049537
2023-02-07 14:58:00+00:00,409.2,409.2,409.22,200,400,409.20666666666665,2.4606666416488137e-07,-0.00019060651972047093
2023-02-07 14:59:00+00:00,409.15,409.13,409.15,300,800,409.13545454545454,2.245741850184034e-07,-0.0003259592913064102
2023-02-07 15:00:00+00:00,409.01,409.0,409.02,71,214,409.00498245614034,5.938427424000491e-07,-0.00041773833280778216
2023-02-07 15:01:00+00:00,408.79,408.79,408.81,300,300,408.8,2.117025009500154e-07,1.1550356838085918e-05
2023-02-07 15:02:00+00:00,408.85,408.84,408.86,715,200,408.85562841530054,3.0226529917144425e-07,0.0005058390716188299
2023-02-07 15:03:00+00:00,409.06,409.06,409.08,800,113,409.0775246440307,2.372509897066693e-07,-0.0005061951885629856
2023-02-07 15:04:00+00:00,408.86,408.83,408.84,300,4,408.8398684210526,2.2862700035067323e-07,0.0003817833204715626
2023-02-07 15:05:00+00:00,409.0,408.98,408.99,500,100,408.98833333333334,2.1171820545428854e-07,0.0003300611520189456
2023-02-07 15:06:00+00:00,409.14,409.12,409.13,200,100,409.12666666666667,2.3055972153017715e-07,0.00017948881255325233
2023-02-07 15:07:00+00:00,409.21,409.21,409.22,100,190,409.21344827586205,2.0781609219194614e-07,-0.0005420379456928526
2023-02-07 15:08:00+00:00,408.97,408.96,408.98,100,300,408.965,1.7209947312764398e-07,-0.00020816066964512991
2023-02-07 15:09:00+00:00,408.93,408.91,408.92,900,1,408.91998890122085,2.705017781388265e-07,-0.0003663772376619745
2023-02-07 15:10:00+00:00,408.68,408.68,408.69,100,157,408.68389105058367,3.351304607526655e-07,0.00013043892557851322
2023-02-07 15:11:00+00:00,408.78,408.78,408.8,400,300,408.7914285714286,1.3433870393650017e-07,-0.0005610934057926897
2023-02-07 15:12:00+00:00,408.59,408.59,408.61,300,801,408.5954495912806,2.5612029456743865e-07,0.00023157361926084974
2023-02-07 15:13:00+00:00,408.67,408.66,408.67,400,200,408.6666666666667,1.7137581336787397e-07,-0.0002241493323948962
2023-02-07 15:14:00+00:00,408.54,408.59,408.6,100,289,408.59257069408744,1.4853393862807976e-07,0.00033784972551531567
2023-02-07 15:15:00+00:00,408.74,408.74,408.75,100,100,408.745,2.3533795815250155e-07,-0.0004386723495903855
2023-02-07 15:16:00+00:00,408.52,408.56,408.58,900,300,408.575,1.7342452741477487e-07,0.00036133694670281713
2023-02-07 15:17:00+00:00,408.71,408.68,408.7,400,205,408.69322314049583,2.0202506847623617e-07,-0.00014273479874393757
2023-02-07 15:18:00+00:00,408.61,408.61,408.63,200,600,408.615,1.2017402964412636e-07,0.00047053588809475855
2023-02-07 15:19:00+00:00,408.83,408.81,408.82,300,100,408.8175,1.573518179771013e-07,0.0004800036087631021
2023-02-07 15:20:00+00:00,409.02,409.02,409.03,100,300,409.0225,1.8535113058278027e-07,-2.4872430889555375e-05
2023-02-07 15:21:00+00:00,409.0,409.0,409.02,300,200,409.012,1.2869532482526622e-07,-6.506553783069968e-05
2023-02-07 15:22:00+00:00,408.97,408.96,408.98,400,300,408.9714285714286,1.4070910684260167e-07,-0.00019984951907614512
2023-02-07 15:23:00+00:00,408.9,408.88,408.89,200,100,408.88666666666666,1.0661132437600049e-07,0.00023149577005709965
2023-02-07 15:24:00+00:00,408.99,408.99,409.0,100,150,408.994,2.7251014395667436e-07,-0.000277710486763838
2023-02-07 15:25:00+00:00,408.87,408.86,408.87,100,195,408.8633898305085,1.9284948445522377e-07,-0.00010656160937461134
2023-02-07 15:26:00+00:00,408.83,408.83,408.85,400,402,408.8399750623442,1.448553632797631e-07,-0.0001144221180683358
2023-02-07 15:27:00+00:00,408.77,408.76,408.77,100,100,408.765,2.394929829892565e-07,-0.00034374851079388424
2023-02-07 15:28:00+00:00,408.65,408.63,408.65,200,300,408.638,1.7752755080962478e-07,-0.00037366108089820216
2023-02-07 15:29:00+00:00,408.5,408.49,408.5,100,200,408.49333333333334,1.3189976339051866e-07,0.0003051288754210013
2023-02-07 15:30:00+00:00,408.64,408.63,408.64,400,300,408.6357142857143,3.6843348759001506e-07,0.0005049160420118604
2023-02-07 15:31:00+00:00,408.82,408.81,408.82,100,200,408.81333333333333,1.395299794066001e-07,-0.00016787023353115327
2023-02-07 15:32:00+00:00,408.76,408.76,408.77,200,106,408.7665359477124,1.4023448764295116e-07,0.0002736010447659254
2023-02-07 15:33:00+00:00,408.89,408.89,408.9,100,200,408.8933333333333,1.1084891975056696e-07,4.891570194032191e-05
2023-02-07 15:34:00+00:00,408.9,408.88,408.9,400,304,408.8913636363637,1.45329043629789e-07,-0.00029356993562812406
2023-02-07 15:35:00+00:00,408.77,408.75,408.76,320,4,408.7598765432099,1.6624044496619403e-07,-0.0001703583956678134
2023-02-07 15:36:00+00:00,408.7,408.7,408.71,300,126,408.70704225352114,1.4833529424666393e-07,0.00023245338873678634
2023-02-07 15:37:00+00:00,408.78,408.77,408.78,200,200,408.775,1.029516653759125e-07,0.0003874552558447153
2023-02-07 15:38:00+00:00,408.95,408.93,408.94,200,100,408.93666666666667,1.2108098358860435e-07,7.914509307216377e-05
2023-02-07 15:39:00+00:00,408.98,408.98,409.0,300,727,408.98584225900686,1.0476374764455269e-07,0.00013726216352738518
2023-02-07 15:40:00+00:00,409.04,409.03,409.04,200,300,409.034,1.2296583844625858e-07,-0.00017693728609780024
2023-02-07 15:41:00+00:00,408.98,408.96,408.98,300,214,408.97167315175096,1.1922735284905558e-07,0.00031857880398078464
2023-02-07 15:42:00+00:00,409.08,409.08,409.1,200,394,409.086734006734,8.491412103823147e-08,-0.0002540855307102685
2023-02-07 15:43:00+00:00,409.0,409.01,409.02,200,100,409.01666666666665,5.4003744217516654e-08,-0.00013534990132557656
2023-02-07 15:44:00+00:00,408.96,408.97,408.98,299,200,408.97599198396796,1.52331500114338e-07,0.00044627846553568773
2023-02-07 15:45:00+00:00,409.13,409.11,409.13,200,605,409.1149689440994,1.1895809880625763e-07,-0.00011390219249030054
2023-02-07 15:46:00+00:00,409.09,409.07,409.09,300,1900,409.07272727272726,1.0192202537704385e-07,-2.6391763270128266e-05
2023-02-07 15:47:00+00:00,409.04,409.06,409.07,200,100,409.06666666666666,9.774814999004666e-08,0.000196270272022403
2023-02-07 15:48:00+00:00,409.14,409.13,409.15,1078,300,409.14564586357034,7.256050012901127e-08,-0.00040423773429942855
2023-02-07 15:49:00+00:00,408.97,408.98,408.99,300,400,408.9842857142857,1.0943916504794837e-07,0.00032771874399228906
2023-02-07 15:50:00+00:00,409.12,409.11,409.12,99,218,409.1131230283911,1.3770088346684583e-07,0.0006267024537620625
2023-02-07 15:51:00+00:00,409.37,409.36,409.37,300,200,409.366,1.0981167414316064e-07,2.1792897613170936e-05
2023-02-07 15:52:00+00:00,409.33,409.32,409.33,400,200,409.32666666666665,8.49296417170682e-08,-0.00030543698058638213
2023-02-07 15:53:00+00:00,409.26,409.25,409.27,400,400,409.26,1.3038889585140343e-07,-0.00024468215220962986
2023-02-07 15:54:00+00:00,409.17,409.15,409.16,100,600,409.1514285714286,1.2665911615615854e-07,-0.0001588652944507496
2023-02-07 15:55:00+00:00,409.08,409.07,409.09,200,723,409.07433369447455,7.10557340420983e-08,-0.00014959959121441102
2023-02-07 15:56:00+00:00,409.03,409.04,409.05,400,626,409.0438986354776,1.3465662137799e-07,-0.0002626444107273196
2023-02-07 15:57:00+00:00,408.93,408.92,408.93,5,541,408.9200915750916,9.385694145298735e-08,-0.00036873911681356564
2023-02-07 15:58:00+00:00,408.77,408.77,408.79,300,527,408.7772551390568,8.720786623785789e-08,-0.00018887370953124538
2023-02-07 15:59:00+00:00,408.66,408.66,408.67,138,400,408.66256505576206,9.082231442442808e-08,0.0001487210505304315
2023-02-07 16:00:00+00:00,408.75,408.74,408.75,100,300,408.7425,1.0816099307653721e-07,0.0004235775837932998
2023-02-07 16:01:00+00:00,408.95,408.94,408.96,400,300,408.95142857142855,6.589815258130964e-08,4.531831702325739e-05
2023-02-07 16:02:00+00:00,408.95,408.95,408.96,200,100,408.95666666666665,8.312478562801638e-08,-9.481355429052929e-05
2023-02-07 16:03:00+00:00,408.88,408.88,408.9,300,502,408.8874812967581,1.0549750546222953e-07,-7.398926416224416e-05
2023-02-07 16:04:00+00:00,408.88,408.87,408.88,100,500,408.87166666666667,9.201029139747156e-08,-0.00017420001840873223
2023-02-07 16:05:00+00:00,408.78,408.77,408.79,280,2693,408.77188361923976,1.0097753055529968e-07,0.0007060093836943615
2023-02-07 16:06:00+00:00,409.08,409.08,409.09,300,1000,409.08230769230767,6.898743767384489e-08,5.65530156990679e-05
2023-02-07 16:07:00+00:00,409.09,409.08,409.09,310,100,409.08756097560973,1.1209454134199706e-07,0.0004905207328094185
2023-02-07 16:08:00+00:00,409.29,409.29,409.3,1100,300,409.29785714285714,4.534792892666497e-07,0.000771082091200137
2023-02-07 16:09:00+00:00,409.64,409.62,409.64,800,462,409.63267828843107,2.0928557028569245e-07,0.00019925193560088594
2023-02-07 16:10:00+00:00,409.7,409.69,409.71,901,800,409.7005937683715,8.11804845511342e-08,-4.414464293100995e-05
2023-02-07 16:11:00+00:00,409.7,409.69,409.7,100,546,409.6915479876161,1.664763405097125e-07,-0.00021247310075256376
2023-02-07 16:12:00+00:00,409.64,409.63,409.65,800,200,409.646,1.5566139288631415e-07,0.0004110360336790908
2023-02-07 16:13:00+00:00,409.78,409.77,409.79,300,289,409.78018675721563,9.005031306602978e-08,0.00016230335718026012
2023-02-07 16:14:00+00:00,409.83,409.81,409.83,379,100,409.82582463465553,6.656373059687337e-08,-0.00024580268643170644
2023-02-07 16:15:00+00:00,409.77,409.76,409.78,314,314,409.77,9.582091401572718e-08,0.0004167452455172693
2023-02-07 16:16:00+00:00,409.91,409.9,409.91,200,500,409.90285714285716,8.685169472966126e-08,-0.00024192204011441731
2023-02-07 16:17:00+00:00,409.82,409.79,409.8,100,100,409.795,7.954525681078711e-08,-3.545980786312519e-05
2023-02-07 16:18:00+00:00,409.79,409.78,409.8,403,400,409.7900373599004,7.167639341421404e-08,-0.00028247025879235554
2023-02-07 16:19:00+00:00,409.68,409.68,409.69,108,704,409.68133004926113,6.084507730084617e-08,-0.00012710228253842715
2023-02-07 16:20:00+00:00,409.63,409.63,409.64,430,100,409.6381132075471,8.087580273276094e-08,0.0001583358949019953
2023-02-07 16:21:00+00:00,409.7,409.68,409.69,237,62,409.6879264214047,7.76754111463833e-08,-0.0003490011641248403
2023-02-07 16:22:00+00:00,409.55,409.54,409.55,1,200,409.54004975124377,5.913025842334462e-08,0.00018219345136438747
2023-02-07 16:23:00+00:00,409.63,409.62,409.64,201,1054,409.62320318725097,7.502078910071174e-08,-0.00035631840019134664
2023-02-07 16:24:00+00:00,409.48,409.47,409.49,548,313,409.4827293844367,6.839652895803874e-08,0.000190259367388812
2023-02-07 16:25:00+00:00,409.555,409.55,409.56,100,400,409.552,7.323133111761087e-08,0.00014045696306319577
2023-02-07 16:26:00+00:00,409.61,409.6,409.62,300,414,409.6084033613446,8.999296534375736e-08,8.249661940529229e-05
2023-02-07 16:27:00+00:00,409.65,409.64,409.66,600,391,409.65210898082745,9.013958029054218e-08,0.0001771245014972056
2023-02-07 16:28:00+00:00,409.72,409.71,409.72,100,137,409.71421940928263,9.298239060224984e-08,0.00044478969474903707
2023-02-07 16:29:00+00:00,409.9,409.9,409.91,100,200,409.9033333333333,6.908396699415072e-08,-0.0002070214920985025
2023-02-07 16:30:00+00:00,409.82,409.81,409.83,303,316,409.81978998384494,1.0313278326671802e-07,5.908822085243237e-05
2023-02-07 16:31:00+00:00,409.85,409.83,409.85,300,290,409.84016949152544,9.54697430834157e-08,0.00010201179828417395
2023-02-07 16:32:00+00:00,409.89,409.88,409.9,400,1000,409.8857142857143,2.265400706404158e-07,0.0008200679841066094
2023-02-07 16:33:00+00:00,410.2,410.19,410.21,399,655,410.19757115749525,2.0607726636039355e-07,0.00037361028393112505
2023-02-07 16:34:00+00:00,410.37,410.36,410.37,1,83,410.36011904761915,1.2690366882875254e-07,-3.078055643590538e-06
2023-02-07 16:35:00+00:00,410.36,410.37,410.38,421,13,410.3797004608295,1.6717841939870034e-07,0.00022174894120952082
2023-02-07 16:36:00+00:00,410.44,410.43,410.45,100,318,410.4347846889952,1.1421912750185386e-07,-0.000342183975380439
2023-02-07 16:37:00+00:00,410.33,410.33,410.35,310,750,410.33584905660376,6.335562565756718e-08,0.00013490671266636056
2023-02-07 16:38:00+00:00,410.38,410.37,410.38,300,100,410.3775,6.628445531866108e-08,-0.00016888102620649104
2023-02-07 16:39:00+00:00,410.33,410.33,410.34,200,600,410.3325,5.530565900636615e-08,-1.4168436209827107e-06
2023-02-07 16:40:00+00:00,410.3,410.3,410.31,100,600,410.3014285714286,6.710537366869931e-08,0.00028024111200553037
2023-02-07 16:41:00+00:00,410.42,410.41,410.43,640,300,410.4236170212766,6.071136453050893e-08,-0.0002355282126251801
2023-02-07 16:42:00+00:00,410.32,410.32,410.34,1107,700,410.33225235196454,7.828416187025362e-08,-6.461128212409406e-05
2023-02-07 16:43:00+00:00,410.29,410.29,410.3,400,307,410.295657708628,1.199958314593457e-07,0.00010577001516387519
2023-02-07 16:44:00+00:00,410.349,410.32,410.34,459,400,410.33068684516877,8.444140245070787e-08,0.00011029022603681327
2023-02-07 16:45:00+00:00,410.4,410.39,410.41,1253,800,410.4022065270336,9.028237189730439e-08,9.021605439651914e-05
2023-02-07 16:46:00+00:00,410.42,410.42,410.43,100,200,410.42333333333335,1.8939602194199734e-07,0.00018476669651357192
2023-02-07 16:47:00+00:00,410.5,410.49,410.51,1400,813,410.50265250790784,2.3811194229731773e-07,0.0002668037032353965
2023-02-07 16:48:00+00:00,410.59,410.57,410.59,301,600,410.5766814650388,1.1674767204651157e-07,-0.00011655052204195826
2023-02-07 16:49:00+00:00,410.56,410.55,410.57,300,900,410.555,1.1653269492856457e-07,-6.576303386796045e-05
2023-02-07 16:50:00+00:00,410.52,410.52,410.53,736,100,410.5288038277511,8.173851220886355e-08,9.743312433752038e-06
2023-02-07 16:51:00+00:00,410.54,410.54,410.55,700,100,410.54875,6.794611047592192e-08,0.0001737540454651576
2023-02-07 16:52:00+00:00,410.615,410.61,410.62,93,100,410.61481865284975,1.4193856954163883e-07,-3.7342512014593154e-05
2023-02-07 16:53:00+00:00,410.59,410.58,410.6,201,450,410.5861751152073,7.287916933522303e-08,-0.00020457966185905008
2023-02-07 16:54:00+00:00,410.52,410.52,410.53,100,100,410.525,6.809644191042357e-08,-0.00036701955759532723
2023-02-07 16:55:00+00:00,410.36,410.36,410.37,100,300,410.3625,9.417147126015937e-08,-0.00012184324460440266
2023-02-07 16:56:00+00:00,410.29,410.29,410.31,448,302,410.3019466666667,8.915799313253012e-08,1.9843558181742438e-05
2023-02-07 16:57:00+00:00,410.34,410.33,410.35,500,418,410.34089324618736,7.026888797351039e-08,0.00028537628604108356
2023-02-07 16:58:00+00:00,410.43,410.42,410.44,400,500,410.4288888888889,7.619398597688835e-08,-0.00038471698150088773
2023-02-07 16:59:00+00:00,410.27,410.28,410.29,242,200,410.2854751131222,7.576744860671847e-08,-0.00011280759463938583
2023-02-07 17:00:00+00:00,410.24,410.23,410.25,500,313,410.2423001230012,7.335933399724496e-08,0.00012359542580164806
2023-02-07 17:01:00+00:00,410.29,410.27,410.3,293,393,410.28281341107873,1.236361418671878e-07,-0.00014970462856067623
2023-02-07 17:02:00+00:00,410.25,410.24,410.26,174,200,410.2493048128342,1.0212348896780017e-07,0.0004108849730546371
2023-02-07 17:03:00+00:00,410.39,410.39,410.41,200,1401,410.39249843847597,8.135068470430978e-08,-5.061217607860158e-05
2023-02-07 17:04:00+00:00,410.39,410.37,410.39,277,200,410.3816142557652,7.179365960454234e-08,0.00023863241754740194
2023-02-07 17:05:00+00:00,410.47,410.46,410.48,301,232,410.4712945590995,9.858183101637108e-08,0.00011114273549894804
2023-02-07 17:06:00+00:00,410.53,410.52,410.53,384,78,410.52831168831165,1.159771015497613e-07,-0.00012154966123922861
2023-02-07 17:07:00+00:00,410.47,410.44,410.46,1193,200,410.4571284996411,9.282800570441022e-08,-5.2797446058572284e-05
2023-02-07 17:08:00+00:00,410.44,410.45,410.46,35,300,410.45104477611943,5.7799714599529016e-08,5.5906071713796024e-05
2023-02-07 17:09:00+00:00,410.46,410.45,410.46,353,600,410.45370409234,1.2959837516337733e-07,-9.019814075017507e-05
2023-02-07 17:10:00+00:00,410.45,410.45,410.47,200,1200,410.45285714285717,1.3721863477563376e-07,0.00036716671480063745
2023-02-07 17:11:00+00:00,410.57,410.56,410.58,287,300,410.56977853492333,8.095145090815421e-08,-0.00022968990779270726
2023-02-07 17:12:00+00:00,410.51,410.49,410.51,200,1425,410.49246153846155,7.373863520741193e-08,-0.0001415680749371484
2023-02-07 17:13:00+00:00,410.42,410.42,410.44,290,200,410.4318367346939,7.983083291328741e-08,-0.00018218703156291927
2023-02-07 17:14:00+00:00,410.38,410.34,410.36,1289,200,410.357313633311,5.522261548262346e-08,0.00024369271045476815
2023-02-07 17:15:00+00:00,410.45,410.46,410.47,100,1800,410.4605263157895,8.678201561396122e-08,-8.589010030879418e-05
2023-02-07 17:16:00+00:00,410.41,410.4,410.41,602,100,410.4085754985755,4.7234144315539034e-08,-0.0001342615554041915
2023-02-07 17:17:00+00:00,410.36,410.36,410.37,102,200,410.3633774834437,7.918486455070506e-08,0.0003104547562191584
2023-02-07 17:18:00+00:00,410.49,410.48,410.5,389,300,410.4912917271408,7.129893846421321e-08,0.00010792018124949898
2023-02-07 17:19:00+00:00,410.54,410.53,410.55,592,100,410.5471098265896,1.0545435688623491e-07,-0.00029309302057034525
2023-02-07 17:20:00+00:00,410.44,410.4,410.41,51,200,410.40203187250995,1.6992478815343944e-07,-0.0006591909027751086
2023-02-07 17:21:00+00:00,410.15,410.15,410.16,104,100,410.15509803921566,1.303864523148873e-07,-9.795463032391538e-05
2023-02-07 17:22:00+00:00,410.1,410.1,410.12,774,1700,410.1062570735651,1.0705305250643674e-07,8.549791310752397e-05
2023-02-07 17:23:00+00:00,410.13,410.11,410.13,187,689,410.11426940639274,1.3458407147791177e-07,-0.0008919986458354456
2023-02-07 17:24:00+00:00,409.79,409.79,409.81,200,291,409.79814663951123,9.903187493781675e-08,0.0003357451357284269
2023-02-07 17:25:00+00:00,409.91,409.91,409.92,105,200,409.9134426229508,1.0113012363109122e-07,6.283595035294631e-05
2023-02-07 17:26:00+00:00,409.92,409.92,409.94,1192,300,409.9359785522788,9.123044574817948e-08,-0.00011532434066274799
2023-02-07 17:27:00+00:00,409.86,409.84,409.85,125,195,409.84390625,1.465459642852381e-07,-4.114572169955366e-05
2023-02-07 17:28:00+00:00,409.88,409.88,409.9,200,636,409.8847846889952,1.2612719200681812e-07,-0.0002144427482336786
2023-02-07 17:29:00+00:00,409.79,409.78,409.79,627,1280,409.7832878867331,4.2435189753782574e-08,0.00019844719686989976
2023-02-07 17:30:00+00:00,409.87,409.85,409.87,285,100,409.86480519480523,1.3716836044204946e-07,0.00041477071718754033
2023-02-07 17:31:00+00:00,410.03,410.03,410.05,100,1183,410.0315588464536,8.71440878720062e-08,9.23315939667102e-05
2023-02-07 17:32:00+00:00,410.09,410.06,410.08,301,397,410.0686246418338,9.376590222192469e-08,-9.90175106470037e-05
2023-02-07 17:33:00+00:00,410.035,409.99,410.01,201,286,409.9982546201232,1.0969004089725656e-07,-0.0003408385311124418
2023-02-07 17:34:00+00:00,409.9,409.88,409.9,386,100,409.89588477366254,1.158467787328695e-07,2.1419827062496566e-05
2023-02-07 17:35:00+00:00,409.91,409.88,409.9,54,268,409.8833540372671,8.543137053031365e-08,-6.93403143778859e-05
2023-02-07 17:36:00+00:00,409.88,409.86,409.88,100,200,409.8666666666667,1.0487376302152653e-07,0.0004588055656158385
2023-02-07 17:37:00+00:00,410.05,410.04,410.05,100,100,410.045,5.5694556365892644e-08,-0.0003889190994431635
2023-02-07 17:38:00+00:00,409.91,409.91,409.92,100,200,409.91333333333336,9.459499837615759e-08,0.00035619874104431126
2023-02-07 17:39:00+00:00,410.04,410.03,410.06,268,669,410.03858057630737,5.0710658876151055e-08,-6.137096209635207e-05
2023-02-07 17:40:00+00:00,410.02,410.01,410.03,100,63,410.0222699386503,7.244104445427217e-08,0.00041008643054163407
2023-02-07 17:41:00+00:00,410.2,410.19,410.21,500,100,410.20666666666665,2.7097855888006885e-06,0.002995948447793495
2023-02-07 17:42:00+00:00,411.41,411.42,411.43,100,500,411.4216666666667,4.2420381627183775e-06,-0.003199294662437291
2023-02-07 17:43:00+00:00,410.04,410.02,410.07,813,618,410.0484067085954,2.6249449478379203e-06,0.0014637957002099355
2023-02-07 17:44:00+00:00,410.78,410.77,410.79,50,1,410.7896078431373,2.6396582340000053e-06,0.001736348474551619
2023-02-07 17:45:00+00:00,411.38,411.4,411.42,63,25,411.41431818181826,3.3871373872599785e-06,0.002585559052070918
2023-02-07 17:46:00+00:00,412.51,412.43,412.47,186,500,412.44084548104956,2.80572126980132e-06,0.0006095154783436474
2023-02-07 17:47:00+00:00,412.59,412.57,412.62,683,100,412.61361430395914,2.197883277170287e-06,0.0003828861721943966
2023-02-07 17:48:00+00:00,412.82,412.8,412.84,1,72,412.8005479452055,1.6972503563649075e-06,0.0002296777060128985
2023-02-07 17:49:00+00:00,413.03,413.02,413.03,100,58,413.0263291139241,1.3172290836231941e-06,0.0008239355101806733
2023-02-07 17:50:00+00:00,413.34,413.37,413.38,100,10,413.3790909090909,1.238958600179341e-06,-0.0007862424209738039
2023-02-07 17:51:00+00:00,413.03,413.03,413.07,164,163,413.0500611620795,1.2245428502058145e-06,0.00045668476829674454
2023-02-07 17:52:00+00:00,413.21,413.21,413.23,171,100,413.2226199261993,1.4030703771188908e-06,0.0013786001581177487
2023-02-07 17:53:00+00:00,413.8,413.81,413.83,100,153,413.8179051383399,8.104044820892311e-07,0.0015458759789179766
2023-02-07 17:54:00+00:00,414.32,414.31,414.34,157,200,414.32319327731096,8.111292371481701e-07,-0.00028581238183744695
2023-02-07 17:55:00+00:00,414.26,414.23,414.27,662,112,414.2642118863049,4.791773415939369e-07,0.00030270636186391364
2023-02-07 17:56:00+00:00,414.42,414.39,414.42,261,61,414.41431677018636,6.771041513988105e-07,0.000522767636921051
2023-02-07 17:57:00+00:00,414.65,414.63,414.66,68,268,414.6360714285714,8.04892511922219e-07,0.0006306650454630525
2023-02-07 17:58:00+00:00,414.86,414.82,414.84,500,4,414.83984126984126,7.696396322650827e-07,-0.0008250100133142535
2023-02-07 17:59:00+00:00,414.53,414.53,414.55,1100,93,414.5484409052808,7.317227271757852e-07,-0.0006568972769684933
2023-02-07 18:00:00+00:00,414.32,414.32,414.33,500,311,414.32616522811344,2.427839736176612e-06,0.001347609484741108
2023-02-07 18:01:00+00:00,414.83,414.79,414.81,200,749,414.7942149631191,1.1580906458583006e-06,-0.001226868260791547
2023-02-07 18:02:00+00:00,414.31,414.26,414.28,326,300,414.27041533546327,1.1284151853315164e-06,-0.0006876916384473963
2023-02-07 18:03:00+00:00,414.01,414.01,414.02,200,100,414.01666666666665,9.917715582283854e-07,0.0005608272416648408
2023-02-07 18:04:00+00:00,414.26,414.25,414.27,284,300,414.2597260273972,8.653399343413898e-07,-0.001669088880248526
2023-02-07 18:05:00+00:00,413.58,413.6,413.62,100,140,413.60833333333335,1.0402273777515917e-06,0.00025362484634317006
2023-02-07 18:06:00+00:00,413.69,413.68,413.7,194,200,413.689847715736,9.627931596720014e-07,0.00016799579222448457
2023-02-07 18:07:00+00:00,413.75,413.75,413.76,102,100,413.7550495049504,7.85607522115571e-07,0.0004206707805884946
2023-02-07 18:08:00+00:00,413.92,413.91,413.92,31,24,413.9156363636364,9.445878390935549e-07,4.616847250904499e-05
2023-02-07 18:09:00+00:00,413.84,413.83,413.84,1,189,413.8300526315789,1.0592218160137921e-06,-0.0010100256934741925
2023-02-07 18:10:00+00:00,413.55,413.57,413.58,12,100,413.57107142857143,7.108470091076678e-07,0.0006300512210730691
2023-02-07 18:11:00+00:00,413.8,413.79,413.8,44,41,413.7951764705882,9.023060605607541e-07,-0.0013664125455553622
2023-02-07 18:12:00+00:00,413.22,413.21,413.23,257,100,413.2243977591036,1.4534827233953554e-06,0.0004590773448567287
2023-02-07 18:13:00+00:00,413.39,413.4,413.42,100,200,413.4066666666667,8.595393098452271e-07,-0.0006897153429696878
2023-02-07 18:14:00+00:00,413.15,413.14,413.16,54,100,413.147012987013,1.5245041616728397e-06,-0.0008990761128444547
2023-02-07 18:15:00+00:00,412.72,412.71,412.73,100,249,412.7157306590257,2.7216432823468037e-06,-0.0020841328215093213
2023-02-07 18:16:00+00:00,411.78,411.77,411.78,600,100,411.7785714285714,1.8286213792611349e-06,-9.175374166325856e-05
2023-02-07 18:17:00+00:00,411.73,411.73,411.74,90,3,411.73967741935485,1.413384387988897e-06,0.00024280504853413376
2023-02-07 18:18:00+00:00,412.0,412.01,412.02,4,54,412.0106896551725,1.4340171439556223e-06,-0.00043582687102428075
2023-02-07 18:19:00+00:00,411.8,411.79,411.81,100,85,411.8008108108108,1.2978573677786227e-06,0.0015754714836124784
2023-02-07 18:20:00+00:00,412.38,412.35,412.37,133,265,412.35668341708543,1.4924382438944749e-06,-0.0004580614396286764
2023-02-07 18:21:00+00:00,412.27,412.26,412.28,300,379,412.2688365243004,1.1386890108445786e-06,-0.0015803706998014366
2023-02-07 18:22:00+00:00,411.58,411.54,411.55,100,100,411.545,8.401281300415539e-07,0.0005968391148511998
2023-02-07 18:23:00+00:00,411.75,411.75,411.76,200,100,411.75666666666666,8.698794149611276e-07,-0.0012880580983030132
2023-02-07 18:24:00+00:00,411.32,411.32,411.34,100,381,411.324158004158,7.511608453660333e-07,0.0001126028720088712
2023-02-07 18:25:00+00:00,411.36,411.36,411.38,200,296,411.36806451612904,8.001560459261574e-07,0.000388915609001117
2023-02-07 18:26:00+00:00,411.46,411.48,411.5,100,294,411.48507614213196,6.438215610587349e-07,0.0008808897853467279
2023-02-07 18:27:00+00:00,411.88,411.85,411.86,301,100,411.8575062344139,1.6564513187493255e-06,-0.0025149511319630946
2023-02-07 18:28:00+00:00,410.765,410.78,410.8,100,385,410.78412371134016,9.357979484986157e-07,-0.00019121066787675112
2023-02-07 18:29:00+00:00,410.73,410.73,410.75,200,297,410.7380482897384,1.2284141519701356e-06,-0.002316291264276904
2023-02-07 18:30:00+00:00,409.77,409.77,409.78,381,100,409.777920997921,2.9414268555506443e-06,-0.0024368643909804533
2023-02-07 18:31:00+00:00,408.84,408.81,408.83,270,100,408.82459459459454,9.139243304668708e-07,0.0013297463105490515
2023-02-07 18:32:00+00:00,409.28,409.27,409.28,200,200,409.275,1.7478265254098284e-06,-0.0027856380536307457
2023-02-07 18:33:00+00:00,408.23,408.2,408.22,857,100,408.21791013584124,1.3407761895396996e-06,-9.973669984919553e-05
2023-02-07 18:34:00+00:00,408.21,408.23,408.25,300,300,408.24,9.769206818570447e-07,-0.0010206998456455674
2023-02-07 18:35:00+00:00,407.66,407.66,407.69,285,300,407.67461538461544,1.1853252965826218e-06,0.0007298953745307202
2023-02-07 18:36:00+00:00,408.0,407.96,407.97,61,3,407.96953125000005,1.04951173580483e-06,0.0005528656383633201
2023-02-07 18:37:00+00:00,408.29,408.32,408.33,242,100,408.3270760233918,9.77090994613266e-07,0.0013590250292612183
2023-02-07 18:38:00+00:00,408.92,408.91,408.93,300,112,408.92456310679614,6.28151962598428e-07,-0.0008207459194792266
2023-02-07 18:39:00+00:00,408.57,408.57,408.58,400,100,408.578,6.696426169313962e-07,0.0002173084799992342
2023-02-07 18:40:00+00:00,408.62,408.62,408.63,300,100,408.6275,1.0952261615590335e-06,0.0012759586277595325
2023-02-07 18:41:00+00:00,409.15,409.16,409.17,100,500,409.1616666666667,7.934607732189885e-07,0.0012099731117085621
2023-02-07 18:42:00+00:00,409.56,409.55,409.57,400,200,409.56333333333333,1.002321593647259e-06,-0.0009091420206309708
2023-02-07 18:43:00+00:00,409.22,409.22,409.24,100,301,409.2249875311721,7.493770331724879e-07,-0.0006784081830014665
2023-02-07 18:44:00+00:00,408.96,408.96,408.98,100,286,408.96518134715024,9.69097086515709e-07,-0.0008876499284744543
2023-02-07 18:45:00+00:00,408.55,408.55,408.57,201,319,408.5577307692308,6.396911756092348e-07,-0.0006104561230005912
2023-02-07 18:46:00+00:00,408.38,408.36,408.37,300,177,408.3662893081761,8.687656602578236e-07,-0.0005169422537724122
2023-02-07 18:47:00+00:00,408.14,408.11,408.14,600,198,408.13255639097747,8.037352989338879e-07,-9.375596096605765e-05
2023-02-07 18:48:00+00:00,408.07,408.05,408.08,315,804,408.0584450402145,7.395504182326038e-07,-0.0007348919884300198
2023-02-07 18:49:00+00:00,407.77,407.75,407.76,500,6,407.7598814229249,3.4757895561745395e-07,0.00038769421202888843
2023-02-07 18:50:00+00:00,407.89,407.87,407.89,200,200,407.88,5.871075014804004e-07,0.0007956324262237136
2023-02-07 18:51:00+00:00,408.26,408.24,408.26,300,600,408.24666666666667,9.86003831401158e-07,0.0007407018006506672
2023-02-07 18:52:00+00:00,408.52,408.52,408.53,200,4,408.52980392156866,5.318223678630863e-07,-0.0005875883353585465
2023-02-07 18:53:00+00:00,408.31,408.3,408.31,694,100,408.3087405541562,6.092420311165298e-07,0.00018319076608630525
2023-02-07 18:54:00+00:00,408.43,408.42,408.44,697,100,408.4374905897114,7.324193616602668e-07,0.0007987852207496093
2023-02-07 18:55:00+00:00,408.74,408.72,408.75,600,288,408.74027027027023,8.286630064011351e-07,0.0006988445769662288
2023-02-07 18:56:00+00:00,408.98,408.98,409.0,300,5,408.9996721311475,5.123459051281176e-07,4.8897962177552046e-05
2023-02-07 18:57:00+00:00,409.0,408.98,409.0,200,100,408.99333333333334,5.842885459082144e-07,-0.0005733587823140152
2023-02-07 18:58:00+00:00,408.81,408.79,408.81,100,200,408.7966666666667,3.4684198147670436e-07,-0.0002457219564822033
2023-02-07 18:59:00+00:00,408.7,408.68,408.7,100,881,408.6820387359837,3.9355420575190726e-07,0.0005477463605909616
2023-02-07 19:00:00+00:00,408.92,408.92,408.94,100,88,408.9306382978723,6.258051813169221e-07,0.0007764504389633498
2023-02-07 19:01:00+00:00,409.24,409.21,409.24,348,100,409.23330357142856,7.901143163799538e-07,0.0010082215144386897
2023-02-07 19:02:00+00:00,409.62,409.61,409.63,300,391,409.6186830680174,5.195486122176295e-07,0.00029524059294772087
2023-02-07 19:03:00+00:00,409.76,409.72,409.74,284,100,409.7347916666667,5.921174975824733e-07,0.0011188053082700211
2023-02-07 19:04:00+00:00,410.24,410.22,410.24,800,732,410.2304438642298,2.7286524338842563e-07,-7.534463110536738e-05
2023-02-07 19:05:00+00:00,410.22,410.2,410.22,100,300,410.205,1.9294543409438806e-07,-0.00024175051752883814
2023-02-07 19:06:00+00:00,410.13,410.12,410.14,374,100,410.1357805907173,1.8757569459424524e-07,0.0002721089198032267
2023-02-07 19:07:00+00:00,410.54,410.53,410.54,500,263,410.53655307994757,2.631755191737181e-06,0.003307522412441477
2023-02-07 19:08:00+00:00,411.56,411.53,411.55,300,281,411.5403270223752,5.834590788508714e-07,-0.00044189978393704976
2023-02-07 19:09:00+00:00,411.35,411.34,411.35,1288,201,411.3486501007388,6.539375670188557e-07,-0.00011342532161695562
2023-02-07 19:10:00+00:00,411.37,411.34,411.36,700,389,411.35285583103763,7.718012665983367e-07,0.0006345241424887682
2023-02-07 19:11:00+00:00,411.62,411.61,411.63,200,477,411.61590841949777,4.7025508885972796e-07,-0.00010133927164068801
2023-02-07 19:12:00+00:00,411.54,411.54,411.55,200,300,411.544,6.620540403416134e-07,0.0010012672029269254
2023-02-07 19:13:00+00:00,411.96,411.95,411.96,417,100,411.95806576402316,6.140171539117541e-07,-0.0003834063082512884
2023-02-07 19:14:00+00:00,411.81,411.8,411.81,600,100,411.80857142857144,5.291310611567338e-07,-0.00012538759832736446
2023-02-07 19:15:00+00:00,411.73,411.73,411.74,45,100,411.73310344827587,9.015031042441583e-07,0.0007857291991015813
2023-02-07 19:16:00+00:00,412.09,412.08,412.09,2,404,412.08004926108373,5.955158101763512e-07,0.00023010273906587386
2023-02-07 19:17:00+00:00,412.14,412.13,412.15,300,100,412.145,3.626296200913417e-07,-0.0006733505146960805
2023-02-07 19:18:00+00:00,411.92,411.91,411.93,200,306,411.91790513833996,3.282197560490878e-07,0.0006376993756580518
2023-02-07 19:19:00+00:00,412.14,412.12,412.14,300,300,412.13,2.958379136792964e-07,0.00021126950717764714
2023-02-07 19:20:00+00:00,412.27,412.27,412.29,317,281,412.2806020066889,5.209248377554502e-07,-0.0010116438438559916
2023-02-07 19:21:00+00:00,411.82,411.81,411.83,1600,400,411.826,3.2035893409577353e-07,-0.0004479459676388631
2023-02-07 19:22:00+00:00,411.71,411.7,411.72,920,200,411.7164285714286,5.142941707233076e-07,0.0009578503298397489
2023-02-07 19:23:00+00:00,412.07,412.06,412.08,701,400,412.07273387829247,3.6327891688078805e-07,0.0006270156724379472
2023-02-07 19:24:00+00:00,412.319,412.3,412.31,100,100,412.305,3.519991764341855e-07,-8.78760567946113e-06
2023-02-07 19:25:00+00:00,412.25,412.25,412.26,100,100,412.255,5.677964759002484e-07,-0.000129188819195325
2023-02-07 19:26:00+00:00,412.26,412.22,412.24,100,300,412.225,2.736243657644012e-07,-0.0001748912121231072
2023-02-07 19:27:00+00:00,412.15,412.14,412.15,87,300,412.1422480620155,3.158765653223316e-07,-0.0005857759864222878
2023-02-07 19:28:00+00:00,411.93,411.92,411.94,1296,200,411.93732620320856,3.8382152107413335e-07,0.0001507452934623732
2023-02-07 19:29:00+00:00,412.0,411.99,412.01,100,300,411.995,3.0548470403552506e-07,0.000222573447120622
2023-02-07 19:30:00+00:00,412.09,412.08,412.1,700,200,412.09555555555556,7.425211327669751e-07,-1.2213890619894308e-05
2023-02-07 19:31:00+00:00,412.08,412.07,412.08,100,100,412.075,3.650762525673367e-07,0.00026289074665020173
2023-02-07 19:32:00+00:00,412.16,412.16,412.18,184,200,412.1695833333333,7.922533030004115e-07,0.0018960482820484792
2023-02-07 19:33:00+00:00,413.0,412.99,413.0,393,100,412.99797160243406,5.478416133596741e-07,0.0009322913091607266
2023-02-07 19:34:00+00:00,413.36,413.37,413.39,400,101,413.38596806387227,4.011475031121052e-07,-0.0004139558657376696
2023-02-07 19:35:00+00:00,413.19,413.17,413.19,300,385,413.1787591240876,3.4056271781256864e-07,0.00015423475782694318
2023-02-07 19:36:00+00:00,413.25,413.24,413.26,600,300,413.25333333333333,3.411452772791424e-07,-0.00043355252942611777
2023-02-07 19:37:00+00:00,413.09,413.09,413.1,100,181,413.0935587188612,3.685667870894092e-07,1.1180760225659725e-05
2023-02-07 19:38:00+00:00,413.11,413.11,413.13,697,300,413.1239819458375,2.2974873730702117e-07,5.1412528476291186e-05
2023-02-07 19:39:00+00:00,413.06,413.06,413.09,707,400,413.0791598915989,2.3319982642897542e-07,-9.49372831724471e-05
2023-02-07 19:40:00+00:00,413.05,413.03,413.05,705,300,413.04402985074626,3.668301863085249e-07,-0.0005246832343021035
2023-02-07 19:41:00+00:00,412.83,412.81,412.83,100,100,412.82,3.0677307358620775e-07,0.00030559771016447357
2023-02-07 19:42:00+00:00,412.97,412.97,412.99,100,200,412.9766666666667,3.976042779946946e-07,0.0011976456507176714
2023-02-07 19:43:00+00:00,413.47,413.47,413.49,300,900,413.475,3.4197045716511944e-07,-0.00010158079058875114
2023-02-07 19:44:00+00:00,413.445,413.41,413.42,1,400,413.4100249376559,4.128710669105545e-07,-0.0011419300615376216
2023-02-07 19:45:00+00:00,412.92,412.91,412.93,694,100,412.92748110831235,3.9717456400202974e-07,0.0006168511941033739
2023-02-07 19:46:00+00:00,413.18,413.17,413.19,300,100,413.185,2.9483870738836416e-07,0.0003155104299950029
2023-02-07 19:47:00+00:00,413.32,413.31,413.33,200,883,413.3136934441366,2.8675796302665155e-07,-0.0003629017624928732
2023-02-07 19:48:00+00:00,413.21,413.21,413.22,100,600,413.2114285714286,2.9488891187477056e-07,-0.00021693465721528415
2023-02-07 19:49:00+00:00,413.12,413.13,413.15,897,301,413.1449749582638,2.1451915970050282e-07,0.00016810712165771236
2023-02-07 19:50:00+00:00,413.19,413.18,413.19,100,200,413.18333333333334,3.0432239501522274e-07,6.100837180467167e-05
2023-02-07 19:51:00+00:00,413.19,413.17,413.18,82,200,413.1729078014185,3.416119862952579e-07,-2.503571570211527e-05
2023-02-07 19:52:00+00:00,413.18,413.17,413.18,100,100,413.175,3.9050508198309166e-07,0.0007560167908564619
2023-02-07 19:53:00+00:00,413.49,413.48,413.5,300,879,413.4850890585242,2.2550770474899383e-07,0.0001699131625385597
2023-02-07 19:54:00+00:00,413.57,413.56,413.57,100,299,413.5625062656642,2.379725430934968e-07,0.00012254940657929758
2023-02-07 19:55:00+00:00,413.6,413.6,413.63,184,894,413.60512059369205,2.1243251096213533e-07,0.00017653590906663297
2023-02-07 19:56:00+00:00,413.69,413.68,413.7,300,405,413.6885106382979,2.571380805124232e-07,-0.0005865855387496843
2023-02-07 19:57:00+00:00,413.44,413.45,413.46,100,100,413.455,2.078980467217439e-07,-0.00018047325135761572
2023-02-07 19:58:00+00:00,413.37,413.37,413.38,100,100,413.375,1.2002837349031817e-07,0.00014017595464466126
2023-02-07 19:59:00+00:00,413.43,413.42,413.43,100,200,413.42333333333335,1.2949916192342795e-07,0.00039507208049793796
2023-02-07 20:00:00+00:00,413.55,413.54,413.56,600,255,413.5540350877193,1.4941259250908753e-06,0.0016745026348727876
2023-02-07 20:01:00+00:00,414.3,414.27,414.29,800,300,414.2845454545455,2.1829884629086353e-07,-0.00015084011992538837
2023-02-07 20:02:00+00:00,414.25,414.24,414.25,7,100,414.2406542056075,3.0383621631246043e-07,-0.00010879992948653605
2023-02-07 20:03:00+00:00,414.18,414.18,414.2,308,300,414.19013157894733,2.5132380032586244e-07,-0.0011467964617671855
2023-02-07 20:04:00+00:00,413.72,413.74,413.75,1792,100,413.74947145877377,3.988470386443697e-07,-0.000989981461669287
2023-02-07 20:05:00+00:00,413.24,413.24,413.26,720,300,413.2541176470588,4.130164558949369e-07,0.00047649871496524554
2023-02-07 20:06:00+00:00,413.51,413.5,413.52,885,300,413.5149367088608,2.697840392779039e-07,-0.0005560087102012279
2023-02-07 20:07:00+00:00,413.27,413.26,413.28,600,399,413.272012012012,2.483709414036737e-07,-6.65444668275228e-05
2023-02-07 20:08:00+00:00,413.22,413.22,413.23,600,300,413.2266666666667,3.205745350910551e-07,-0.000785386962576573
2023-02-07 20:09:00+00:00,412.93,412.91,412.92,300,322,412.9148231511254,3.3887753297230353e-07,-0.00022129257871417174
2023-02-07 20:10:00+00:00,412.85,412.86,412.87,100,100,412.865,2.8339995572852494e-07,0.0009772398406358018
2023-02-07 20:11:00+00:00,413.205,413.17,413.19,400,403,413.17996264009963,3.2680609616870035e-07,0.0002573648879071744
2023-02-07 20:12:00+00:00,413.3,413.29,413.31,100,400,413.294,2.9100277512226715e-07,-0.00019808106433982786
2023-02-07 20:13:00+00:00,413.23,413.22,413.24,305,305,413.22999999999996,3.4468376855483305e-07,0.000328287422173279
2023-02-07 20:14:00+00:00,413.37,413.38,413.39,300,91,413.38767263427115,1.1146086026652717e-07,-0.00025221444738199317
2023-02-07 20:15:00+00:00,413.27,413.27,413.29,10,492,413.2703984063745,3.092515733717253e-07,0.0010262495573409858
2023-02-07 20:16:00+00:00,413.68,413.68,413.7,300,200,413.692,2.3678352747972112e-07,-0.00030218320828834244
2023-02-07 20:17:00+00:00,413.58,413.57,413.59,449,303,413.58194148936167,2.590099639719054e-07,0.00035322433376405726
2023-02-07 20:18:00+00:00,413.74,413.73,413.74,283,100,413.7373890339425,2.0050399238732146e-07,-0.00015063725168584785
2023-02-07 20:19:00+00:00,413.66,413.66,413.68,2100,100,413.6790909090909,1.4371386617274385e-07,0.00041197653043223426
2023-02-07 20:20:00+00:00,413.83,413.83,413.84,200,100,413.83666666666664,2.1815955099709984e-07,8.054902213494586e-05
2023-02-07 20:21:00+00:00,413.87,413.85,413.87,400,300,413.8614285714286,1.9128373808055107e-07,0.000692665796807157
2023-02-07 20:22:00+00:00,414.16,414.15,414.17,300,287,414.16022146507663,2.5087573029922593e-07,0.000424885496959293
2023-02-07 20:23:00+00:00,414.32,414.31,414.32,200,316,414.3138759689923,1.5572470022366482e-07,-0.0006037120830068021
2023-02-07 20:24:00+00:00,414.08,414.08,414.09,101,313,414.08243961352656,2.070827544175908e-07,9.370203292480284e-05
2023-02-07 20:25:00+00:00,414.16,414.16,414.18,415,924,414.16619865571323,1.6493530293839532e-07,-0.0002559336043655991
2023-02-07 20:26:00+00:00,414.03,414.03,414.04,100,300,414.0325,1.833719158949321e-07,0.0004926195239385311
2023-02-07 20:27:00+00:00,414.22,414.2,414.22,301,454,414.2079735099338,1.059591936605696e-07,0.0004311757951620532
2023-02-07 20:28:00+00:00,414.39,414.38,414.4,400,409,414.3898887515451,2.2117901945737449e-07,0.0003510594824733815
2023-02-07 20:29:00+00:00,414.53,414.52,414.54,500,200,414.5342857142857,2.2411016833378624e-07,0.0003551243591679576
2023-02-07 20:30:00+00:00,414.67,414.67,414.68,100,100,414.675,1.8002111502298364e-07,-0.00021013630219390844
2023-02-07 20:31:00+00:00,414.6,414.59,414.61,915,200,414.60641255605384,1.7439351795497675e-07,-2.7508352525407176e-05
2023-02-07 20:32:00+00:00,414.6,414.59,414.61,900,500,414.60285714285715,1.586439644778138e-07,0.0002002016488897862
2023-02-07 20:33:00+00:00,414.67,414.68,414.7,600,724,414.6890634441088,1.465709688090027e-07,0.00019350512529148212
2023-02-07 20:34:00+00:00,414.74,414.71,414.73,1403,300,414.72647680563716,1.307708319485409e-07,-0.0002329477066085328
2023-02-07 20:35:00+00:00,414.65,414.65,414.66,100,100,414.655,2.7627995512531024e-07,-0.0010226650527369596
2023-02-07 20:36:00+00:00,414.23,414.22,414.23,200,301,414.22399201596807,1.8326215132579765e-07,0.0006890886291071041
2023-02-07 20:37:00+00:00,414.5,414.51,414.53,200,1033,414.5132441200325,9.644700258491313e-08,-1.0111688616420977e-05
2023-02-07 20:38:00+00:00,414.51,414.49,414.51,300,606,414.4966225165563,1.0406054662117213e-07,-0.00011755798243928695
2023-02-07 20:39:00+00:00,414.48,414.47,414.48,160,300,414.4734782608696,1.502579051304874e-07,0.0008448392013149508
2023-02-07 20:40:00+00:00,414.8,414.81,414.82,300,100,414.8175,1.2768127952422644e-07,7.888097636388203e-05
2023-02-07 20:41:00+00:00,414.85,414.85,414.86,200,300,414.854,1.547534785829369e-07,1.4648810140016622e-05
2023-02-07 20:42:00+00:00,414.772,414.78,414.79,100,125,414.78444444444443,2.2055756334265838e-07,0.000253268467637513
2023-02-07 20:43:00+00:00,414.9,414.9,414.92,200,400,414.9066666666667,7.709783753147094e-08,-0.00016175181448074838
2023-02-07 20:44:00+00:00,414.9,414.89,414.91,300,300,414.9,7.210253475175724e-08,0.00017975967749661592
2023-02-07 20:45:00+00:00,414.96,414.95,414.96,300,100,414.9575,1.3166742176264862e-07,0.0002270259146162079
2023-02-07 20:46:00+00:00,415.06,415.05,415.07,632,5700,415.0519962097284,2.4132852698289084e-07,0.001144968176737926
2023-02-07 20:47:00+00:00,415.53,415.52,415.53,403,100,415.5280119284294,1.3338444605639474e-07,-0.00012339889597268172
2023-02-07 20:48:00+00:00,415.46,415.45,415.46,100,139,415.4541841004184,2.0152850930518393e-07,-0.0007737278613471066
2023-02-07 20:49:00+00:00,415.175,415.17,415.18,300,100,415.1775,1.2798001482920167e-07,0.00048746547588218725
2023-02-07 20:50:00+00:00,415.37,415.36,415.37,215,127,415.36628654970764,6.052566232445129e-07,0.0008721514562783916
2023-02-07 20:51:00+00:00,415.74,415.73,415.75,300,1222,415.73394218134035,1.4345076603973016e-07,0.0005478813388117842
2023-02-07 20:52:00+00:00,415.95,415.94,415.96,540,836,415.9478488372093,1.9838694278458586e-07,-0.00020887951329862098
2023-02-07 20:53:00+00:00,415.88,415.86,415.88,400,310,415.87126760563376,6.703439551278254e-07,0.0011174059903387157
2023-02-07 20:54:00+00:00,416.36,416.36,416.37,800,101,416.36887902330744,3.1799667552885616e-07,0.0003103462922851019
2023-02-07 20:55:00+00:00,416.435,416.44,416.45,100,500,416.44166666666666,4.011154877281452e-07,-0.0018414180139073588
2023-02-07 20:56:00+00:00,415.64,415.63,415.64,500,100,415.6383333333333,4.747701662127638e-07,-0.0008929239845835157
2023-02-07 20:57:00+00:00,415.29,415.29,415.3,300,100,415.2975,1.788329153478288e-07,-0.00010020040848823797
2023-02-07 20:58:00+00:00,415.27,415.26,415.28,1200,350,415.2754838709677,1.6736623126972767e-07,0.0006928596056283709
2023-02-07 20:59:00+00:00,415.565,415.56,415.57,500,400,415.56555555555553,3.86143143537183e-07,-0.0008848899301932001
2023-02-07 21:00:00+00:00,415.18,415.18,415.19,100,362478,415.18000275802723,2.467812572982031e-07,-0.0010201746855609262
2023-02-07 21:01:00+00:00,414.76,414.75,414.78,600,700,414.76384615384615,1.2111844463257006e-07,3.4261359722620455e-05
2023-02-07 21:02:00+00:00,414.75,414.77,414.78,100,2000,414.7704761904762,1.0530248080510219e-07,-1.1844020599727223e-05
2023-02-07 21:03:00+00:00,414.79,414.77,414.79,1100,951,414.7807264748903,8.618089577146626e-08,-0.00038078068871416626
2023-02-07 21:04:00+00:00,414.62,414.61,414.62,105,500,414.6117355371901,1.1400791739103402e-07,-0.00026934089698338326
2023-02-07 21:05:00+00:00,414.55,414.52,414.56,1000,1000,414.54,1.382556667680128e-07,-0.0004811558462446408
2023-02-07 21:06:00+00:00,414.32,414.31,414.32,100,500,414.31166666666667,4.628483074812963e-08,5.791861968895695e-05
2023-02-07 21:07:00+00:00,414.34,414.33,414.36,1105,2100,414.34034321372854,6.313413869223733e-08,0.00028813212030875945
2023-02-07 21:08:00+00:00,414.46,414.45,414.48,1730,1000,414.46901098901094,3.908517763687706e-08,2.4525235919892197e-05
2023-02-07 21:09:00+00:00,414.47,414.45,414.47,501,1000,414.4566755496336,9.642343159043496e-08,-0.00020618123688487255
2023-02-07 21:10:00+00:00,414.38,414.37,414.38,100,2100,414.37045454545455,1.0976783024000841e-07,-0.00040919957656027073
2023-02-07 21:11:00+00:00,414.24,414.2,414.22,566,1100,414.2067947178872,9.544267953204674e-08,-1.253488429331373e-05
2023-02-07 21:12:00+00:00,414.2,414.2,414.22,100,500,414.2033333333333,7.531487416014057e-08,-1.2137101088494084e-05
2023-02-07 21:13:00+00:00,414.16,414.17,414.2,1100,1,414.1999727520436,9.474285798133886e-08,0.00027002761258398955
2023-02-07 21:14:00+00:00,414.35,414.31,414.33,100,1000,414.3118181818182,1.0830901664405937e-07,0.00018636450489628587
2023-02-07 21:15:00+00:00,414.39,414.37,414.39,600,23,414.3892616372392,6.497858011612576e-08,-0.00027021994810327854
2023-02-07 21:16:00+00:00,414.27,414.27,414.29,227,600,414.27548972188634,3.883435381660531e-08,-9.835766519084022e-05
2023-02-07 21:17:00+00:00,414.26,414.23,414.26,1100,189,414.2556012412723,2.9180677327321775e-08,-1.7346551611452377e-05
2023-02-07 21:18:00+00:00,414.23,414.21,414.25,1100,1201,414.229122120817,3.2555121022149096e-08,3.229584418029674e-05
2023-02-07 21:19:00+00:00,414.25,414.24,414.25,100,300,414.2425,3.404647216034059e-08,-0.0002045232495994087
2023-02-07 21:20:00+00:00,414.15,414.14,414.18,1060,500,414.1671794871795,5.137535713377743e-08,0.0001653288333482994
2023-02-07 21:21:00+00:00,414.26,414.24,414.27,500,500,414.255,2.3600136536370663e-08,0.00025641134900977747
2023-02-07 21:22:00+00:00,414.34,414.33,414.34,147,350,414.3329577464788,1.1052341168340603e-08,4.2447950266311096e-05
2023-02-07 21:23:00+00:00,414.35,414.35,414.37,4,1600,414.3500498753117,1.7775586964658745e-08,9.425087681136368e-05
2023-02-07 21:24:00+00:00,414.39,414.38,414.39,2100,207,414.3891027308193,2.5278856738232857e-08,-2.5438658055820795e-05
2023-02-07 21:25:00+00:00,414.35,414.36,414.4,500,1201,414.37175778953565,2.4947851783335065e-08,-1.7772750874223142e-05
2023-02-07 21:26:00+00:00,414.37,414.37,414.39,70,1100,414.37119658119656,7.154430156176098e-09,3.8071893021962566e-05
2023-02-07 21:27:00+00:00,414.39,414.37,414.39,925,165,414.3869724770642,1.401809066714639e-08,-1.1353684802095643e-05
2023-02-07 21:28:00+00:00,414.4,414.37,414.4,1100,1590,414.3822676579926,1.6116193757082607e-08,3.3742616657894686e-05
2023-02-07 21:29:00+00:00,414.4,414.4,414.44,500,401,414.42219755826864,1.1418235039861057e-08,-1.5508869322000685e-05
2023-02-07 21:30:00+00:00,414.38,414.38,414.39,500,9,414.3898231827112,2.145714274653029e-08,5.472339333678633e-05
2023-02-07 21:31:00+00:00,414.42,414.4,414.43,500,700,414.4125,2.1746007892560866e-08,-0.00010146786004183728
2023-02-07 21:32:00+00:00,414.38,414.37,414.38,50,1060,414.37045045045045,2.8700691652690315e-09,-9.535641277258478e-06
2023-02-07 21:33:00+00:00,414.4,414.36,414.4,97,500,414.36649916247904,4.187962734409806e-09,6.848254054370173e-05
2023-02-07 21:34:00+00:00,414.4,414.38,414.41,600,610,414.39487603305787,3.1996245861015767e-08,3.470898660484778e-05
2023-02-07 21:35:00+00:00,414.41,414.4,414.41,200,16,414.4092592592592,1.3058051913659262e-08,-0.0001335900512297039
2023-02-07 21:36:00+00:00,414.33,414.32,414.37,1000,475,414.3538983050847,3.411052378933359e-08,-0.0001451616729823968
2023-02-07 21:37:00+00:00,414.3,414.28,414.3,1100,400,414.29466666666667,1.391075691435825e-08,-4.353363835607471e-05
2023-02-07 21:38:00+00:00,414.29,414.26,414.29,1100,1000,414.2757142857143,1.2166552937198395e-08,-9.477425650872284e-05
2023-02-07 21:39:00+00:00,414.23,414.23,414.27,500,2600,414.23645161290324,4.471782318161811e-08,3.269181393350529e-05
2023-02-07 21:40:00+00:00,414.27,414.24,414.25,1600,1,414.2499937539038,4.176629132123215e-09,-3.0914312847074576e-05
2023-02-07 21:41:00+00:00,414.26,414.26,414.27,100,2100,414.26045454545454,1.660256896006473e-08,-1.064540402295755e-05
2023-02-07 21:42:00+00:00,414.23,414.23,414.25,200,1240,414.23277777777776,1.3315783065385436e-08,0.00011036410725773216
2023-02-07 21:43:00+00:00,414.28,414.27,414.28,1100,195,414.2784942084941,5.783136629214097e-09,-6.650311964739863e-05
2023-02-07 21:44:00+00:00,414.27,414.25,414.27,25,505,414.25094339622643,4.212048055318315e-09,5.807253829370751e-05
2023-02-07 21:45:00+00:00,414.27,414.26,414.29,1600,1100,414.27777777777777,4.612269122934271e-08,9.051958240302582e-06
2023-02-07 21:46:00+00:00,414.3,414.27,414.3,1300,600,414.29052631578946,5.663624277398369e-09,7.694094857635392e-05
2023-02-07 21:47:00+00:00,414.3,414.29,414.32,1100,500,414.310625,3.939962728431539e-09,-6.240107020183405e-05
2023-02-07 21:48:00+00:00,414.29,414.28,414.3,188,600,414.284771573604,1.0983054369019546e-08,1.4442103083878166e-05
2023-02-07 21:49:00+00:00,414.3,414.27,414.3,1100,490,414.29075471698116,7.615951935232391e-09,-9.341085122926973e-05
2023-02-07 21:50:00+00:00,414.27,414.25,414.27,126,1100,414.2520554649266,3.906412084653065e-09,6.235738324100737e-05
2023-02-07 21:51:00+00:00,414.28,414.27,414.28,602,161,414.2778899082569,1.2151249983893274e-08,4.4160215628696875e-06
2023-02-07 21:52:00+00:00,414.27,414.26,414.28,386,35,414.2783372921615,1.6169902962886456e-09,1.8211239904530885e-05
2023-02-07 21:53:00+00:00,414.3,414.28,414.3,285,500,414.2872611464968,3.9200290101105375e-09,-1.8676260891026253e-05
2023-02-07 21:54:00+00:00,414.28,414.27,414.28,200,10,414.2795238095238,9.683754830757838e-09,-5.933374863908991e-05
2023-02-07 21:55:00+00:00,414.26,414.25,414.28,217,1100,414.2549430523918,7.898648680751172e-09,-5.216526542628497e-05
2023-02-07 21:56:00+00:00,414.25,414.23,414.25,100,500,414.23333333333335,1.0202603065220938e-09,2.4212671489332038e-05
2023-02-07 21:57:00+00:00,414.25,414.23,414.25,1200,596,414.2433630289533,8.06892689013303e-09,0.0001364848931610929
2023-02-07 21:58:00+00:00,414.27,414.29,414.3,100,1,414.299900990099,3.743966502020648e-08,0.00015210426464906668
2023-02-07 21:59:00+00:00,414.35,414.36,414.39,110,1021,414.3629177718833,1.7472828207363177e-08,-1.8701353503569607e-06
2023-02-07 22:00:00+00:00,414.33,414.33,414.39,900,121,414.382889324192,1.1057761400450538e-08,1.1667655701375068e-05
2023-02-07 22:01:00+00:00,414.37,414.33,414.37,1150,94,414.36697749196145,3.3503549376022633e-08,-6.975749607229798e-05
2023-02-07 22:02:00+00:00,414.34,414.32,414.34,1200,628,414.3331291028446,4.316505181220392e-09,-9.136674330978423e-05
2023-02-07 22:03:00+00:00,414.33,414.3,414.33,6,829,414.30021556886226,6.340025772617025e-13,9.604824118270017e-07
2023-02-07 22:04:00+00:00,414.32,414.3,414.32,15,474,414.3006134969325,4.690097036267139e-10,4.6453567066340185e-06
2023-02-07 22:05:00+00:00,414.33,414.3,414.33,100,1082,414.302538071066,1.2879433553966186e-09,4.5130990693920126e-05
2023-02-07 22:06:00+00:00,414.32,414.31,414.33,1100,858,414.3212359550562,2.0450394640510657e-10,-4.0592052322763195e-06
2023-02-07 22:07:00+00:00,414.33,414.31,414.33,600,656,414.31955414012737,2.569537048579533e-09,-6.55378786629246e-06
2023-02-07 22:08:00+00:00,414.32,414.31,414.32,649,150,414.31812265331666,2.9610604622068046e-08,0.00012372359762613527
2023-02-07 22:09:00+00:00,414.35,414.35,414.39,100,121,414.36809954751135,8.080602913510016e-09,1.886142263507473e-05
2023-02-07 22:10:00+00:00,414.39,414.36,414.39,200,177,414.3759151193634,1.4972287286208766e-09,-2.6940142770048858e-05
2023-02-07 22:11:00+00:00,414.38,414.35,414.39,104,178,414.36475177304965,2.822964741208899e-09,6.020105846493706e-05
2023-02-07 22:12:00+00:00,414.35,414.35,414.39,131,1,414.38969696969696,3.809513786060659e-08,-4.5469925965990754e-05
2023-02-07 22:13:00+00:00,414.42,414.37,414.42,2,115,414.3708547008547,1.5716152346310872e-08,0.00023869991481073605
2023-02-07 22:14:00+00:00,414.46,414.46,414.47,16662,401,414.4697649885718,5.7372967271129535e-08,-0.00016646752943361154
2023-02-07 22:15:00+00:00,414.45,414.4,414.42,1,25,414.40076923076924,5.1449164244035144e-09,-1.2164052084484567e-06
2023-02-07 22:16:00+00:00,414.47,414.4,414.47,1,263,414.40026515151516,1.8829381099932367e-08,7.445898994817846e-05
2023-02-07 22:17:00+00:00,414.4,414.36,414.44,801,100,414.43112097669257,7.161859278318527e-09,-9.213893897408454e-06
2023-02-07 22:18:00+00:00,414.43,414.4,414.44,501,233,414.4273024523161,1.0158208687659864e-08,7.135762414534064e-05
2023-02-07 22:19:00+00:00,414.42,414.42,414.46,177,15,414.456875,3.6021037654136738e-09,-5.370791686010179e-05
2023-02-07 22:20:00+00:00,414.45,414.42,414.45,76,80,414.4346153846154,5.273618832133946e-10,-2.781631887482927e-05
2023-02-07 22:21:00+00:00,414.47,414.42,414.48,76,1401,414.4230873392011,1.2555737648415076e-08,0.00011508577347085769
2023-02-07 22:22:00+00:00,414.48,414.47,414.49,105,2582,414.4707815407518,1.361338117971605e-08,-0.00011839912948574671
2023-02-07 22:23:00+00:00,414.42,414.42,414.49,67,2678,414.42170856102007,1.0294956718465696e-07,0.0002160686178873661
2023-02-07 22:24:00+00:00,414.5,414.5,414.52,337,262,414.51125208681134,9.29810467334951e-10,2.8667314989627712e-05
2023-02-07 22:25:00+00:00,414.53,414.5,414.53,337,100,414.52313501144164,1.0879539618113634e-09,-1.2361816074224485e-05
2023-02-07 22:26:00+00:00,414.52,414.5,414.52,335,37,414.5180107526881,2.311052181497412e-09,2.088187667115271e-05
2023-02-07 22:27:00+00:00,414.5,414.5,414.54,155,96,414.52470119521917,1.2025527098683815e-09,2.6627028793413388e-05
2023-02-07 22:28:00+00:00,414.54,414.53,414.54,198,34,414.5385344827586,5.845167776305416e-10,-7.998768056016736e-06
2023-02-07 22:29:00+00:00,414.5,414.52,414.54,100,39,414.53438848920865,1.609099807033353e-10,1.196399967939854e-05
2023-02-07 22:30:00+00:00,414.54,414.53,414.55,2000,2279,414.5393479784997,1.1654825851650256e-11,-3.4311524261809723e-06
2023-02-07 22:31:00+00:00,414.55,414.53,414.55,1492,2273,414.5379256308101,2.721392470483782e-13,5.216696723486791e-07
2023-02-07 22:32:00+00:00,414.55,414.53,414.55,1492,2173,414.5381418826739,8.874537693181578e-11,9.35970122184493e-06
2023-02-07 22:33:00+00:00,414.54,414.54,414.55,500,1973,414.542021835827,1.9657874645882926e-09,1.4465318171508201e-05
2023-02-07 22:34:00+00:00,414.55,414.53,414.55,1082,419,414.5444170552965,5.321672886087786e-10,5.806839594280078e-06
2023-02-07 22:35:00+00:00,414.58,414.55,414.59,1,93,414.55042553191487,3.204703701820974e-08,-0.000120807267932177
2023-02-07 22:36:00+00:00,414.57,414.5,414.57,1,202,414.5003448275862,1.8833882959693726e-08,9.776768134672764e-05
2023-02-07 22:37:00+00:00,414.59,414.54,414.59,2,113,414.5408695652174,1.0769139410284949e-08,-2.807160764950467e-06
2023-02-07 22:38:00+00:00,414.59,414.5,414.59,30,38,414.5397058823529,1.93093152679055e-08,2.851812566362355e-05
2023-02-07 22:39:00+00:00,414.58,414.5,414.57,106,38,414.5515277777778,1.1684834203654062e-09,3.7549588587149074e-05
2023-02-07 22:40:00+00:00,414.57,414.55,414.57,200,34,414.567094017094,8.211534482271857e-09,-1.82421766864449e-05
2023-02-07 22:41:00+00:00,414.53,414.53,414.58,1147,795,414.5595314109166,9.884451368741492e-09,-9.207664793842163e-06
2023-02-07 22:42:00+00:00,414.58,414.55,414.57,4,10,414.55571428571426,1.1241935171357713e-09,3.358946210507696e-05
2023-02-07 22:43:00+00:00,414.57,414.53,414.58,1098,789,414.55909379968205,2.269826652819086e-09,-4.129947068465256e-05
2023-02-07 22:44:00+00:00,414.55,414.55,414.57,72,500,414.5525174825175,1.0491154055507288e-13,4.812384588603891e-07
2023-02-07 22:45:00+00:00,414.57,414.55,414.57,72,458,414.5527169811321,7.497926237652312e-10,2.7437350955450412e-05
2023-02-07 22:46:00+00:00,414.57,414.55,414.57,1066,447,414.56409120951747,1.2796433637176193e-11,-3.1436141685325936e-06
2023-02-07 22:47:00+00:00,414.55,414.55,414.57,766,432,414.5627879799666,4.7481771178404655e-11,-7.795670475152505e-06
2023-02-07 22:48:00+00:00,414.57,414.55,414.57,506,553,414.5595561850802,1.6790776062477183e-09,-1.7223285752709927e-05
2023-02-07 22:49:00+00:00,414.57,414.55,414.57,72,524,414.55241610738256,2.2494143105146693e-09,-2.117885074381931e-05
2023-02-07 22:50:00+00:00,414.53,414.53,414.55,60,28,414.5436363636363,1.0897750198057692e-09,-1.4079009118317387e-05
2023-02-07 22:51:00+00:00,414.53,414.53,414.55,78,122,414.5378,1.0330383555991841e-08,-1.2937827119419154e-05
2023-02-07 22:52:00+00:00,414.56,414.53,414.57,53,817,414.53243678160914,5.024876239628584e-09,1.4928651786760838e-05
2023-02-07 22:53:00+00:00,414.52,414.52,414.57,485,817,414.5386251920122,2.7876212295119867e-08,1.0848757202142068e-05
2023-02-07 22:54:00+00:00,414.52,414.5,414.55,1254,200,414.5431224209078,2.6351854167555017e-09,-5.8603293035308646e-05
2023-02-07 22:55:00+00:00,414.52,414.5,414.52,1254,78,414.5188288288288,2.13731688699109e-09,-3.051486994976038e-06
2023-02-07 22:56:00+00:00,414.52,414.5,414.53,435,308,414.51756393001347,2.926364513564777e-09,-3.571302867644288e-05
2023-02-07 22:57:00+00:00,414.54,414.5,414.55,35,599,414.50276025236593,5.758166267400884e-09,-0.00012693768689187035
2023-02-07 22:58:00+00:00,414.48,414.45,414.48,201,407,414.4599177631579,1.1185143379185332e-08,3.358466633662793e-05
2023-02-07 22:59:00+00:00,414.46,414.46,414.49,94,600,414.4640634005764,3.747415110590186e-08,7.629383816931679e-05
2023-02-07 23:00:00+00:00,414.44,414.45,414.5,400,31,414.496403712297,1.0290448419000687e-07,4.6600111817785006e-05
2023-02-07 23:01:00+00:00,414.5,414.46,414.54,1100,500,414.515,5.168459315455401e-08,7.6547381934855e-05
2023-02-07 23:02:00+00:00,414.55,414.52,414.55,200,215,414.53445783132526,5.056557621659646e-08,0.0003182672038730683
2023-02-07 23:03:00+00:00,414.67,414.61,414.64,100,500,414.615,8.121711116122001e-08,-9.927365446027459e-05
2023-02-07 23:04:00+00:00,414.64,414.61,414.65,1100,500,414.6375,5.992344939067973e-09,5.101768690618513e-06
2023-02-07 23:05:00+00:00,414.65,414.63,414.65,500,540,414.6396153846154,1.2532031385327471e-08,0.00012670403928982665
2023-02-07 23:06:00+00:00,414.67,414.67,414.72,490,616,414.6921518987342,1.4252484498389496e-08,-1.479259235881436e-06
2023-02-07 23:07:00+00:00,414.71,414.69,414.7,200,1100,414.69153846153847,6.899785301280279e-09,-5.215958597259984e-07
2023-02-07 23:08:00+00:00,414.71,414.67,414.72,458,616,414.69132216014896,4.4701243533104404e-08,0.00018000504159965125
2023-02-07 23:09:00+00:00,414.81,414.76,414.81,510,4500,414.7650898203593,7.55719184560626e-08,0.00032164237479825886
2023-02-07 23:10:00+00:00,414.91,414.89,414.92,600,1100,414.9005882352941,2.3135045798620712e-08,-2.1725723664101082e-05
2023-02-07 23:11:00+00:00,414.91,414.89,414.91,20,1088,414.89036101083036,5.961849234165195e-08,-0.0001052894198155796
2023-02-07 23:12:00+00:00,414.85,414.82,414.85,1100,138,414.8466558966074,2.293058224055259e-08,-0.0002269622802016924
2023-02-07 23:13:00+00:00,414.77,414.75,414.78,101,1100,414.7525228975854,5.649185906201278e-08,5.526456523630152e-05
2023-02-07 23:14:00+00:00,414.8,414.76,414.8,500,795,414.77544401544395,3.920666080135686e-09,-5.005090420284741e-05
2023-02-07 23:15:00+00:00,414.77,414.75,414.77,152,497,414.75468412942985,1.217650708735499e-08,-0.00015589802971727185
2023-02-07 23:16:00+00:00,414.7,414.69,414.72,1,500,414.6900598802395,1.0187987432430889e-08,-2.1365273753848335e-05
2023-02-07 23:17:00+00:00,414.7,414.68,414.7,70,1132,414.68116472545756,8.657714544680777e-09,-2.6793534005919994e-06
2023-02-07 23:18:00+00:00,414.69,414.68,414.69,5,927,414.6800536480687,1.36092645098693e-08,-7.565055254565856e-06
2023-02-07 23:19:00+00:00,414.66,414.66,414.7,1100,1501,414.67691657054985,2.6580924913461037e-08,0.00015389661650822006
2023-02-07 23:20:00+00:00,414.75,414.73,414.77,25,500,414.7319047619048,3.09823631665254e-08,4.342127151257813e-05
2023-02-07 23:21:00+00:00,414.75,414.73,414.75,1600,70,414.7491616766467,1.8534453066586393e-08,-9.338786226187334e-05
2023-02-07 23:22:00+00:00,414.74,414.72,414.73,1,1100,414.72000908265215,2.2703755171996105e-08,-0.00024091703118767072
2023-02-07 23:23:00+00:00,414.64,414.62,414.64,5,1037,414.6200959692898,3.9491084007613125e-08,-7.258685621469585e-05
2023-02-07 23:24:00+00:00,414.59,414.55,414.6,1100,500,414.584375,3.2744944396852513e-08,0.00014467609375889978
2023-02-07 23:25:00+00:00,414.61,414.61,414.64,5,1100,414.6101357466063,3.3544436285123796e-08,-0.0001886944044675598
2023-02-07 23:26:00+00:00,414.57,414.57,414.61,550,1100,414.5833333333333,3.083431034205926e-08,-0.00011845368811291834
2023-02-07 23:27:00+00:00,414.52,414.51,414.54,800,1100,414.52263157894737,5.179797319963435e-09,1.7907025932961673e-05
2023-02-07 23:28:00+00:00,414.52,414.53,414.56,2,1100,414.5300544464609,1.3322962987805599e-08,1.5047614289054323e-05
2023-02-07 23:29:00+00:00,414.56,414.53,414.57,112,600,414.5362921348314,1.4711603387547481e-08,0.00019791077417963265
2023-02-07 23:30:00+00:00,414.6,414.6,414.62,1100,100,414.61833333333334,4.393845515709339e-08,3.4217801490044053e-06
2023-02-07 23:31:00+00:00,414.6,414.59,414.62,600,5,414.6197520661157,3.194504711522615e-08,7.299724395104512e-05
2023-02-07 23:32:00+00:00,414.69,414.65,414.67,1,1100,414.65001816530423,3.706936308252174e-08,-4.345391176874269e-05
2023-02-07 23:33:00+00:00,414.63,414.63,414.65,9,105,414.63157894736844,3.1952406158589096e-08,0.00011730473738746916
2023-02-07 23:34:00+00:00,414.7,414.68,414.69,75,1100,414.68063829787235,4.090214705726097e-09,4.015863811646092e-05
2023-02-07 23:35:00+00:00,414.69,414.69,414.7,2961,1100,414.6972913075597,4.1386831592797286e-08,3.233791757839555e-05
2023-02-07 23:36:00+00:00,414.71,414.71,414.73,40,1100,414.710701754386,6.295105570019439e-09,-2.4715320622870074e-05
2023-02-07 23:37:00+00:00,414.7,414.7,414.71,37,1100,414.70032541776607,6.5402406993359104e-09,1.3089613792871546e-07
2023-02-07 23:38:00+00:00,414.68,414.66,414.7,1854,1100,414.68510494245083,1.1510607825645908e-08,-0.00015111502744569183
2023-02-07 23:39:00+00:00,414.62,414.62,414.68,476,1125,414.63783885071825,2.0125124295192894e-08,1.9881857350911858e-05
2023-02-07 23:40:00+00:00,414.7,414.7,414.71,300,2700,414.701,2.1772991644669152e-08,0.00013374258863207977
2023-02-07 23:41:00+00:00,414.7,414.7,414.71,197,1100,414.70151888974556,3.944131520551732e-09,8.05826346095273e-07
2023-02-07 23:42:00+00:00,414.71,414.69,414.71,1100,753,414.7018726389639,1.6911869884910584e-08,0.00015051585403380585
2023-02-07 23:43:00+00:00,414.78,414.76,414.78,100,366,414.7642918454936,6.998772782344795e-09,-1.026094664913213e-05
2023-02-07 23:44:00+00:00,414.76,414.76,414.78,1,555,414.760035971223,8.03148079261397e-09,2.4132695481071664e-05
2023-02-07 23:45:00+00:00,414.77,414.77,414.78,1,220,414.77004524886877,8.01028042418396e-08,-0.000434018808673442
2023-02-07 23:46:00+00:00,414.6,414.59,414.62,1,1100,414.5900272479564,3.87942106453212e-08,-7.233591255317862e-05
2023-02-07 23:47:00+00:00,414.58,414.56,414.58,3,1597,414.56003749999996,4.024479320106719e-08,-0.00010576760865310675
2023-02-07 23:48:00+00:00,414.47,414.5,414.53,1,580,414.5000516351119,5.804579357583418e-08,-0.00013624184808014306
2023-02-07 23:49:00+00:00,414.42,414.45,414.48,1,500,414.45005988023956,2.165105822554113e-08,0.0002095535872512766
2023-02-07 23:50:00+00:00,414.51,414.52,414.55,1100,101,414.5474771024147,7.593993936394374e-08,-0.00013654406921925766
2023-02-07 23:51:00+00:00,414.47,414.45,414.49,1100,1,414.4899636693915,2.3424209757061977e-08,-0.00013671088554456645
2023-02-07 23:52:00+00:00,414.45,414.43,414.45,173,876,414.43329837940894,2.5317161747364687e-08,0.0001310988933238555
2023-02-07 23:53:00+00:00,414.48,414.48,414.49,1935,601,414.48763012618303,3.216776365330757e-08,-5.650755046993083e-06
2023-02-07 23:54:00+00:00,414.48,414.48,414.49,202,780,414.4820570264766,2.6300861778215217e-08,0.00010385260096978932
2023-02-07 23:55:00+00:00,414.49,414.51,414.53,1100,100,414.5283333333333,5.827797418575269e-08,-6.8438419428829e-05
2023-02-07 23:56:00+00:00,414.48,414.46,414.5,1100,1,414.4999636693915,1.6512511483845628e-08,-9.733046656945632e-05
2023-02-07 23:57:00+00:00,414.44,414.45,414.48,200,1100,414.4546153846154,1.683259720487179e-08,-2.327715903027716e-05
2023-02-07 23:58:00+00:00,414.4,414.42,414.45,1103,1,414.44997282608693,3.002403794118325e-08,3.398025046208453e-05
2023-02-07 23:59:00+00:00,414.49,414.46,414.49,242,1548,414.46405586592175,2.819453649335743e-08,9.878814217723075e-05
