ts_recv,price,bid_px_00,ask_px_00,bid_sz_00,ask_sz_00,weighted_mid,rv_60s,ret_60s
2024-11-06 08:01:00+00:00,,,,0,0,,0.0,
2024-11-06 08:02:00+00:00,,,,0,0,,0.0,
2024-11-06 08:03:00+00:00,,,,0,0,,0.0,
2024-11-06 08:04:00+00:00,,,,0,0,,0.0,
2024-11-06 08:05:00+00:00,,,,0,0,,0.0,
2024-11-06 08:06:00+00:00,,,,0,0,,0.0,
2024-11-06 08:07:00+00:00,,,,0,0,,0.0,
2024-11-06 08:08:00+00:00,,,,0,0,,0.0,
2024-11-06 08:09:00+00:00,,,,0,0,,0.0,
2024-11-06 08:10:00+00:00,,,,0,0,,0.0,
2024-11-06 08:11:00+00:00,,,,0,0,,0.0,
2024-11-06 08:12:00+00:00,,,,0,0,,0.0,
2024-11-06 08:13:00+00:00,,,,0,0,,0.0,
2024-11-06 08:14:00+00:00,,,,0,0,,0.0,
2024-11-06 08:15:00+00:00,,,,0,0,,0.0,
2024-11-06 08:16:00+00:00,,,,0,0,,0.0,
2024-11-06 08:17:00+00:00,,,,0,0,,0.0,
2024-11-06 08:18:00+00:00,,,,0,0,,0.0,
2024-11-06 08:19:00+00:00,,,,0,0,,0.0,
2024-11-06 08:20:00+00:00,,,,0,0,,0.0,
2024-11-06 08:21:00+00:00,,,,0,0,,0.0,
2024-11-06 08:22:00+00:00,,,,0,0,,0.0,
2024-11-06 08:23:00+00:00,,,,0,0,,0.0,
2024-11-06 08:24:00+00:00,,,,0,0,,0.0,
2024-11-06 08:25:00+00:00,,,,0,0,,0.0,
2024-11-06 08:26:00+00:00,,,,0,0,,0.0,
2024-11-06 08:27:00+00:00,,,,0,0,,0.0,
2024-11-06 08:28:00+00:00,,,,0,0,,0.0,
2024-11-06 08:29:00+00:00,,,,0,0,,0.0,
2024-11-06 08:30:00+00:00,,,,0,0,,0.0,
2024-11-06 08:31:00+00:00,,,,0,0,,0.0,
2024-11-06 08:32:00+00:00,,,,0,0,,0.0,
2024-11-06 08:33:00+00:00,,,,0,0,,0.0,
2024-11-06 08:34:00+00:00,,,,0,0,,0.0,
2024-11-06 08:35:00+00:00,,,,0,0,,0.0,
2024-11-06 08:36:00+00:00,,,,0,0,,0.0,
2024-11-06 08:37:00+00:00,,,,0,0,,0.0,
2024-11-06 08:38:00+00:00,,,,0,0,,0.0,
2024-11-06 08:39:00+00:00,,,,0,0,,0.0,
2024-11-06 08:40:00+00:00,,,,0,0,,0.0,
2024-11-06 08:41:00+00:00,,,,0,0,,0.0,
2024-11-06 08:42:00+00:00,,,,0,0,,0.0,
2024-11-06 08:43:00+00:00,,,,0,0,,0.0,
2024-11-06 08:44:00+00:00,,,,0,0,,0.0,
2024-11-06 08:45:00+00:00,,,,0,0,,0.0,
2024-11-06 08:46:00+00:00,,,,0,0,,0.0,
2024-11-06 08:47:00+00:00,,,,0,0,,0.0,
2024-11-06 08:48:00+00:00,,,,0,0,,0.0,
2024-11-06 08:49:00+00:00,,,,0,0,,0.0,
2024-11-06 08:50:00+00:00,,,,0,0,,0.0,
2024-11-06 08:51:00+00:00,,,,0,0,,0.0,
2024-11-06 08:52:00+00:00,,,,0,0,,0.0,
2024-11-06 08:53:00+00:00,,,,0,0,,0.0,
2024-11-06 08:54:00+00:00,,,,0,0,,0.0,
2024-11-06 08:55:00+00:00,,,,0,0,,0.0,
2024-11-06 08:56:00+00:00,,,,0,0,,0.0,
2024-11-06 08:57:00+00:00,,,,0,0,,0.0,
2024-11-06 08:58:00+00:00,,,,0,0,,0.0,
2024-11-06 08:59:00+00:00,,,,0,0,,0.0,
2024-11-06 09:00:00+00:00,,,,0,0,,2.377935471260703e-07,
2024-11-06 09:01:00+00:00,589.5,589.43,589.53,450,900,589.4633333333334,2.5876130116755283e-07,0.00032254740774928514
2024-11-06 09:02:00+00:00,589.69,589.68,589.77,430,430,589.725,2.1458103243192237e-07,0.00010882867504946603
2024-11-06 09:03:00+00:00,589.69,589.72,589.79,430,430,589.755,1.8832445110507527e-07,-0.00036904850033914194
2024-11-06 09:04:00+00:00,589.56,589.53,589.6,430,430,589.565,1.598424433235595e-07,-0.00013151766851215996
2024-11-06 09:05:00+00:00,589.4,589.4,589.46,247,497,589.4199193548387,2.7235123515707486e-07,-0.0003981737521834283
2024-11-06 09:06:00+00:00,589.16,589.18,589.25,320,420,589.2102702702703,1.1075942097541231e-07,0.00018937436440502609
2024-11-06 09:07:00+00:00,589.3,589.32,589.33,500,146,589.3277399380804,2.0088290960865898e-07,-4.5965663095559606e-05
2024-11-06 09:08:00+00:00,589.27,589.27,589.32,49,430,589.275114822547,2.3087258515171618e-07,-0.0002673305189100361
2024-11-06 09:09:00+00:00,589.17,589.07,589.15,530,430,589.1141666666667,2.525769771033418e-07,2.4292002978931748e-05
2024-11-06 09:10:00+00:00,589.2,589.11,589.21,430,230,589.1751515151516,2.2330191656546316e-07,-0.00013350705167791688
2024-11-06 09:11:00+00:00,589.13,589.02,589.08,430,430,589.05,1.8991190959674985e-07,-5.576359395442765e-05
2024-11-06 09:12:00+00:00,589.01,589.0,589.01,5,430,589.0001149425287,2.0967217982992766e-07,-0.00014352105048387465
2024-11-06 09:13:00+00:00,589.01,588.91,588.97,430,430,588.94,1.5869980185851732e-07,-7.982359933955685e-05
2024-11-06 09:14:00+00:00,588.78,588.87,588.95,100,430,588.8850943396227,1.757459678075351e-07,0.00017621870323414335
2024-11-06 09:15:00+00:00,589.04,589.03,589.11,420,130,589.0910909090909,2.1806320710103962e-07,4.799871287630708e-05
2024-11-06 09:16:00+00:00,589.05,589.0,589.06,500,9,589.0589390962672,1.2875782949070054e-07,-0.00014668420365226975
2024-11-06 09:17:00+00:00,588.89,588.9,588.97,400,400,588.935,1.3286689229664682e-07,-3.102285610190325e-05
2024-11-06 09:18:00+00:00,588.96,588.89,588.97,400,330,588.9338356164383,2.1150214405942363e-07,-0.000165288781883155
2024-11-06 09:19:00+00:00,588.81,588.81,588.87,59,400,588.8177124183005,1.1854390704755027e-07,-5.2703591804426075e-05
2024-11-06 09:20:00+00:00,588.75,588.74,588.84,400,429,588.7882509047045,1.4281450781324278e-07,-0.00022043983230990438
2024-11-06 09:21:00+00:00,588.61,588.63,588.7,530,430,588.6686458333334,1.0312317409161475e-07,0.00018651269047209595
2024-11-06 09:22:00+00:00,588.76,588.74,588.8,430,330,588.773947368421,1.6238685298598098e-07,0.0005546865754249009
2024-11-06 09:23:00+00:00,589.07,589.07,589.1,401,51,589.0966150442478,1.718825142649654e-07,1.2452428992393294e-05
2024-11-06 09:24:00+00:00,589.06,589.06,589.13,500,430,589.0976344086022,1.427904423918066e-07,-0.00034092532549945265
2024-11-06 09:25:00+00:00,588.9,588.85,588.9,500,20,588.8980769230769,1.4126754007243253e-07,2.9680233581297344e-05
2024-11-06 09:26:00+00:00,588.9,588.86,588.91,230,430,588.8774242424242,5.3629175004420264e-08,-9.433535085312528e-06
2024-11-06 09:27:00+00:00,588.93,588.86,588.92,203,430,588.8792417061611,1.0687476043639213e-07,0.0
2024-11-06 09:28:00+00:00,588.85,588.84,588.91,400,350,588.8773333333334,1.1297246290842269e-07,-0.00014433444838757303
2024-11-06 09:29:00+00:00,588.83,588.79,588.86,400,400,588.825,5.8466356957356093e-08,0.00023318930464522047
2024-11-06 09:30:00+00:00,588.95,588.9,588.99,1000,400,588.9642857142857,1.5938546489662152e-07,0.00010882873004280924
2024-11-06 09:31:00+00:00,588.98,588.97,589.03,900,31,589.0280021482276,7.009879787594498e-08,0.00016874933584309915
2024-11-06 09:32:00+00:00,589.12,589.09,589.14,900,31,589.1383351235231,2.1657737879978208e-07,0.00032963837737076673
2024-11-06 09:33:00+00:00,589.26,589.27,589.36,400,430,589.3133734939759,1.4223092656231515e-07,0.0002884680648882476
2024-11-06 09:34:00+00:00,589.56,589.45,589.54,500,450,589.4973684210527,1.8075140765974438e-07,-0.00026824034334749225
2024-11-06 09:35:00+00:00,589.36,589.33,589.38,1,400,589.3301246882794,1.9779046376454317e-07,4.144242586812119e-05
2024-11-06 09:36:00+00:00,589.36,589.29,589.39,600,305,589.3562983425414,1.2886186236203285e-07,2.3121572687578862e-05
2024-11-06 09:37:00+00:00,589.36,589.34,589.37,400,1,589.3699251870324,1.126061677925411e-07,0.00029083286909581396
2024-11-06 09:38:00+00:00,589.57,589.5,589.55,320,430,589.5213333333334,1.7317401107442963e-07,-0.00048432037853229915
2024-11-06 09:39:00+00:00,589.3,589.23,589.3,200,420,589.2525806451613,6.868024923510878e-08,-0.00033337524307386346
2024-11-06 09:40:00+00:00,589.01,589.02,589.06,500,14,589.0589105058366,9.971775848011482e-08,4.2578544895199855e-05
2024-11-06 09:41:00+00:00,589.11,589.08,589.3,400,500,589.1777777777778,1.5867074056925375e-07,6.201346115353168e-05
2024-11-06 09:42:00+00:00,589.14,589.07,589.15,48,400,589.0785714285714,1.545536770277944e-07,0.00022108176050639194
2024-11-06 09:43:00+00:00,589.19,589.19,589.29,420,400,589.2412195121951,1.3654659413418007e-07,-9.540839345500984e-05
2024-11-06 09:44:00+00:00,589.19,589.15,589.24,400,400,589.195,8.387967491687381e-08,-0.00010692555096381007
2024-11-06 09:45:00+00:00,589.23,589.1,589.22,400,1100,589.132,1.1183127681280309e-07,0.0002673529410039954
2024-11-06 09:46:00+00:00,589.25,589.23,589.29,330,35,589.2842465753424,1.46348806565822e-07,6.279300875888794e-05
2024-11-06 09:47:00+00:00,589.29,589.29,589.37,405,430,589.3288023952096,1.8327931338436204e-07,-6.0388224118468337e-05
2024-11-06 09:48:00+00:00,589.3,589.24,589.32,430,430,589.2800000000001,1.524462618227859e-07,6.631520353073128e-05
2024-11-06 09:49:00+00:00,589.34,589.28,589.37,430,430,589.325,5.4010982336532854e-08,-6.074588607540843e-05
2024-11-06 09:50:00+00:00,589.3,589.25,589.3,282,37,589.2942006269592,1.4181054201478356e-07,0.00022374563414917503
2024-11-06 09:51:00+00:00,589.47,589.37,589.48,430,1030,589.402397260274,8.481659138119137e-08,2.1902039304855236e-05
2024-11-06 09:52:00+00:00,589.44,589.41,589.48,430,330,589.4496052631579,1.4348152321206545e-07,-8.580221297638246e-05
2024-11-06 09:53:00+00:00,589.44,589.34,589.43,500,430,589.3883870967742,2.2472417355804006e-07,0.0005035124968091331
2024-11-06 09:54:00+00:00,589.54,589.68,589.75,430,130,589.73375,2.189165853091773e-07,-5.874543556150247e-05
2024-11-06 09:55:00+00:00,589.69,589.6,589.68,50,430,589.6083333333333,6.728192912944486e-08,-0.00010955830963377267
2024-11-06 09:56:00+00:00,589.57,589.56,589.62,56,200,589.5731249999999,1.7215458260329875e-07,0.0003108953448851537
2024-11-06 09:57:00+00:00,589.75,589.7,589.81,430,630,589.7446226415095,1.0937075923805323e-07,7.100359137623968e-05
2024-11-06 09:58:00+00:00,589.83,589.77,589.83,430,430,589.8,5.415383583166136e-08,4.2332697524072316e-05
2024-11-06 09:59:00+00:00,589.84,589.8,589.87,330,430,589.8303947368421,7.845773488719237e-08,0.0005278005440405575
2024-11-06 10:00:00+00:00,590.13,590.11,590.18,450,450,590.145,1.8617851463305577e-07,-0.00019143435640656126
2024-11-06 10:01:00+00:00,589.98,590.0,590.06,430,430,590.03,1.0684625254364969e-07,0.00019883008198662289
2024-11-06 10:02:00+00:00,590.14,590.14,590.2,430,47,590.1940880503145,2.2168147469896173e-07,-9.609482664263425e-05
2024-11-06 10:03:00+00:00,590.1,590.08,590.13,430,430,590.105,2.0289056549417874e-07,-8.473211940440706e-05
2024-11-06 10:04:00+00:00,590.04,590.01,590.08,420,420,590.045,2.1006955560717963e-07,-0.0005066518120161456
2024-11-06 10:05:00+00:00,589.81,589.8,589.87,430,230,589.845606060606,2.2828151413034478e-07,-0.00033243568261986933
2024-11-06 10:06:00+00:00,589.53,589.54,589.6,430,330,589.573947368421,1.495085493231009e-07,-0.00026112690767698954
2024-11-06 10:07:00+00:00,589.39,589.37,589.42,330,430,589.3917105263157,1.9162201271944333e-07,0.0004138937940487697
2024-11-06 10:08:00+00:00,589.63,589.6,589.67,430,430,589.635,1.19345776637215e-07,-0.0001761384365315255
2024-11-06 10:09:00+00:00,589.53,589.53,589.59,430,330,589.563947368421,4.138947335190384e-08,1.3096616329422162e-05
2024-11-06 10:10:00+00:00,589.6,589.56,589.6,36,430,589.5630901287553,2.0210463616252463e-07,-0.00020942958093872477
2024-11-06 10:11:00+00:00,589.4,589.39,589.45,330,430,589.416052631579,9.500644407342923e-08,0.0001343871488381776
2024-11-06 10:12:00+00:00,589.44,589.46,589.52,430,430,589.49,1.7059398304473466e-07,0.0005095758065993827
2024-11-06 10:13:00+00:00,589.81,589.74,589.82,730,430,589.7903448275863,1.393699261489022e-07,-0.00017788747505398383
2024-11-06 10:14:00+00:00,589.7,589.66,589.7,900,6,589.6997350993377,1.2983119218070908e-07,-0.00011075800136695069
2024-11-06 10:15:00+00:00,589.63,589.59,589.67,430,130,589.6514285714286,1.3976439109061553e-07,0.00021430484091244928
2024-11-06 10:16:00+00:00,589.71,589.71,589.78,430,330,589.749605263158,1.0853014573002734e-07,0.0002948184159228262
2024-11-06 10:17:00+00:00,589.91,589.93,589.99,430,430,589.9599999999999,1.2121080705796096e-07,-0.00045434936581112417
2024-11-06 10:18:00+00:00,589.66,589.66,589.72,321,420,589.685991902834,1.4436315824066712e-07,0.00026800833455675743
2024-11-06 10:19:00+00:00,589.83,589.78,589.86,430,430,589.82,4.626777082104377e-08,-3.5693315892926236e-06
2024-11-06 10:20:00+00:00,589.82,589.81,589.86,336,32,589.8556521739131,1.0679663510953056e-07,4.5955308239697956e-05
2024-11-06 10:21:00+00:00,589.86,589.81,589.86,430,430,589.8349999999999,1.6370165706080695e-07,-7.629122905183916e-05
2024-11-06 10:22:00+00:00,589.78,589.76,589.83,400,400,589.795,1.142777498616912e-07,7.369142669255702e-05
2024-11-06 10:23:00+00:00,589.83,589.82,589.87,100,400,589.83,8.792744172057656e-08,-0.0001008118376700784
2024-11-06 10:24:00+00:00,589.79,589.75,589.8,48,430,589.7550209205021,1.6803309312999073e-07,-1.4916796422514977e-05
2024-11-06 10:25:00+00:00,589.69,589.74,589.81,435,444,589.7746416382253,1.571135070011933e-07,0.00022007993444361773
2024-11-06 10:26:00+00:00,589.88,589.91,589.97,430,430,589.94,9.520917765152805e-08,0.00014593359358161528
2024-11-06 10:27:00+00:00,590.01,589.93,590.03,320,420,589.9732432432431,5.103994194806429e-08,-0.0002893426728053372
2024-11-06 10:28:00+00:00,589.8,589.79,589.86,822,320,589.8403852889667,7.53796682750768e-08,0.0003384464985822788
2024-11-06 10:29:00+00:00,590.01,589.98,590.04,420,400,590.0107317073171,1.1831956707393697e-07,0.0001525372021287108
2024-11-06 10:30:00+00:00,590.08,590.08,590.14,430,430,590.11,8.241647718372749e-08,0.00014847917781257713
2024-11-06 10:31:00+00:00,590.15,590.15,590.2,600,30,590.197619047619,7.441124009226697e-08,4.287048999795928e-06
2024-11-06 10:32:00+00:00,590.22,590.2,590.27,32,230,590.2085496183207,2.6818306260181215e-08,2.2558363884872534e-05
2024-11-06 10:33:00+00:00,590.29,590.22,590.26,2,430,590.2201851851852,5.109096203858774e-08,-0.00011119392560210439
2024-11-06 10:34:00+00:00,590.15,590.13,590.17,346,430,590.1478350515464,1.16059789921563e-07,2.271163525247033e-05
2024-11-06 10:35:00+00:00,590.21,590.16,590.18,33,500,590.1612382739212,1.105599558881986e-08,0.00011638669003777302
2024-11-06 10:36:00+00:00,590.2,590.2,590.23,400,1,590.2299251870324,4.430785247563605e-08,-9.878110702765674e-05
2024-11-06 10:37:00+00:00,590.19,590.17,590.2,24,420,590.1716216216216,5.3470821543970014e-08,7.062242189448398e-05
2024-11-06 10:38:00+00:00,590.18,590.19,590.23,420,301,590.2133009708739,6.793059524596094e-08,8.537777934858326e-06
2024-11-06 10:39:00+00:00,590.19,590.15,590.23,231,420,590.1783870967741,4.9505660418832644e-08,-0.00023937728913725476
2024-11-06 10:40:00+00:00,590.07,590.07,590.13,69,420,590.0784662576687,8.449270422745344e-08,-0.0005127043802354292
2024-11-06 10:41:00+00:00,589.75,589.76,589.82,430,242,589.7983928571429,1.0813468597629587e-07,0.00033992630966639403
2024-11-06 10:42:00+00:00,589.99,589.98,590.06,430,130,590.0414285714286,1.2201952959715446e-07,-8.284681727277476e-05
2024-11-06 10:43:00+00:00,589.98,589.92,589.96,45,430,589.9237894736842,8.905217652044989e-08,-1.8853969261933834e-05
2024-11-06 10:44:00+00:00,589.9,589.89,589.94,430,430,589.9150000000001,1.0340865213404338e-07,4.796940633888802e-05
2024-11-06 10:45:00+00:00,589.93,589.91,589.98,430,130,589.96375,9.385260252794821e-08,7.713458205071966e-05
2024-11-06 10:46:00+00:00,589.96,590.0,590.05,430,34,590.0463362068965,1.227713883307789e-07,-0.00015018390720022978
2024-11-06 10:47:00+00:00,589.9,589.9,589.91,4,400,589.900099009901,7.600609706020413e-08,2.8307434437158108e-05
2024-11-06 10:48:00+00:00,589.9,589.85,589.92,420,21,589.9166666666666,1.8315957094164662e-07,0.00037313549943140956
2024-11-06 10:49:00+00:00,590.1,590.08,590.14,420,22,590.1370135746606,1.3502111380593373e-07,-0.0003859193318481724
2024-11-06 10:50:00+00:00,589.88,589.88,589.94,400,193,589.9204721753795,6.500086447148442e-08,-0.00016255499539075124
2024-11-06 10:51:00+00:00,589.83,589.8,589.84,211,420,589.8133755942947,3.928369049792538e-08,3.110626937719019e-05
2024-11-06 10:52:00+00:00,589.81,589.81,589.87,227,400,589.8317224880383,6.693823561630625e-08,7.404541955513544e-05
2024-11-06 10:53:00+00:00,589.86,589.85,589.93,200,430,589.8753968253968,4.5472839352148897e-08,-0.00019471133181880873
2024-11-06 10:54:00+00:00,589.75,589.77,589.8,430,526,589.7834937238493,1.0708282664998897e-07,-0.0004672089465651563
2024-11-06 10:55:00+00:00,589.48,589.41,589.51,1000,530,589.4753594771242,1.2356214751414046e-07,4.679476868196808e-05
2024-11-06 10:56:00+00:00,589.5,589.5,589.57,430,430,589.5350000000001,5.525451164632872e-08,7.016398847126126e-05
2024-11-06 10:57:00+00:00,589.57,589.52,589.57,430,430,589.5450000000001,9.44187266476617e-08,0.00010567757515156373
2024-11-06 10:58:00+00:00,589.59,589.59,589.67,110,430,589.6062962962964,1.8174093155088323e-07,-0.000184181437867581
2024-11-06 10:59:00+00:00,589.49,589.49,589.51,296,400,589.4985057471264,8.414844880829844e-08,0.00017456897864320808
2024-11-06 11:00:00+00:00,589.53,589.56,589.64,430,430,589.6,7.550427685915787e-08,-1.8514460452534465e-05
2024-11-06 11:01:00+00:00,589.6,589.55,589.6,920,2,589.5998915401301,9.967707190732321e-08,-0.00023277823876421966
2024-11-06 11:02:00+00:00,589.45,589.45,589.48,303,430,589.4624010914052,1.1088290052032871e-07,-0.00033309751302679214
2024-11-06 11:03:00+00:00,589.25,589.21,589.3,230,430,589.2413636363638,2.1720424758156135e-07,0.00011670742627356567
2024-11-06 11:04:00+00:00,589.31,589.31,589.36,424,430,589.3348243559719,7.643659010470273e-08,-1.4880972829534045e-06
2024-11-06 11:05:00+00:00,589.34,589.31,589.35,430,430,589.33,8.13705230761699e-08,-0.0001509286353148509
2024-11-06 11:06:00+00:00,589.29,589.21,589.28,430,430,589.245,1.1721230050511326e-07,0.0001781941297762657
2024-11-06 11:07:00+00:00,589.35,589.33,589.39,330,330,589.36,7.511557098335492e-08,5.079066964097656e-05
2024-11-06 11:08:00+00:00,589.37,589.36,589.38,400,2,589.3799004975125,8.929321028670342e-08,0.00020329773455141087
2024-11-06 11:09:00+00:00,589.43,589.42,589.48,720,420,589.4578947368421,4.7941746390199775e-08,0.0001697738189032627
2024-11-06 11:10:00+00:00,589.6,589.58,589.61,310,2,589.6098076923078,3.571247100838676e-08,-0.00019502418271832855
2024-11-06 11:11:00+00:00,589.49,589.48,589.5,12,120,589.4818181818182,6.868002828965934e-08,-9.120410981999783e-07
2024-11-06 11:12:00+00:00,589.48,589.48,589.55,420,320,589.5197297297296,2.1320066433450843e-07,0.0001962548407661302
2024-11-06 11:13:00+00:00,589.6,589.56,589.64,420,420,589.6,9.602626697844818e-08,2.5440976933577275e-05
2024-11-06 11:14:00+00:00,589.55,589.58,589.65,420,420,589.615,1.890921187884133e-08,8.480109902242461e-05
2024-11-06 11:15:00+00:00,589.62,589.63,589.7,420,420,589.6650000000001,9.563598376327771e-08,0.0002045331851237009
2024-11-06 11:16:00+00:00,589.68,589.74,589.81,430,230,589.785606060606,1.0776693599571135e-07,0.00012926747017316664
2024-11-06 11:17:00+00:00,589.95,589.85,589.9,420,420,589.875,8.459955601391923e-08,-0.0001891559596594039
2024-11-06 11:18:00+00:00,589.78,589.71,589.75,23,320,589.7126822157435,8.776322957567623e-08,0.00025441655102742544
2024-11-06 11:19:00+00:00,589.9,589.86,589.95,430,530,589.9003125,1.0388980449247089e-07,1.2584073781907179e-05
2024-11-06 11:20:00+00:00,589.9,589.86,589.92,420,130,589.9058181818182,1.2344794107682642e-07,-0.00019958349738724568
2024-11-06 11:21:00+00:00,589.81,589.76,589.82,420,420,589.79,1.0614181747613318e-07,0.00010890847392186487
2024-11-06 11:22:00+00:00,589.83,589.83,589.88,393,420,589.8541697416974,8.995543433337907e-08,4.2758727840874755e-05
2024-11-06 11:23:00+00:00,589.9,589.87,589.91,130,420,589.8794545454546,3.681296922413694e-08,1.6817765848609056e-05
2024-11-06 11:24:00+00:00,589.87,589.85,589.91,420,220,589.889375,5.88450388827758e-08,0.00017164235243272152
2024-11-06 11:25:00+00:00,590.0,589.95,590.0,520,120,589.990625,7.75736839575604e-08,-0.0003566793963889481
2024-11-06 11:26:00+00:00,589.81,589.76,589.82,420,220,589.799375,1.4661447382315793e-07,8.439880518484877e-05
2024-11-06 11:27:00+00:00,589.8,589.82,589.9,420,1020,589.8433333333334,3.214533430030431e-08,-9.466670465152482e-05
2024-11-06 11:28:00+00:00,589.74,589.74,589.79,429,430,589.7649708963911,1.6324453966376728e-07,-0.000439366483321435
2024-11-06 11:29:00+00:00,589.65,589.54,589.64,420,220,589.6056249999999,1.6319599465220458e-07,8.299800925937184e-05
2024-11-06 11:30:00+00:00,589.61,589.55,589.61,130,429,589.5639534883721,2.121202874792293e-07,-0.0002695697001233732
2024-11-06 11:31:00+00:00,589.38,589.38,589.45,7,400,589.3812039312039,7.680160778813994e-08,0.0001464754003333013
2024-11-06 11:32:00+00:00,589.48,589.47,589.52,320,430,589.4913333333334,3.935758889262664e-08,-9.404022468395556e-05
2024-11-06 11:33:00+00:00,589.47,589.41,589.47,430,430,589.44,6.714068172842447e-08,-3.6487753950043e-05
2024-11-06 11:34:00+00:00,589.39,589.39,589.42,400,22,589.4184360189572,1.0694792734379896e-07,-0.00023150730322274438
2024-11-06 11:35:00+00:00,589.3,589.27,589.32,100,530,589.2779365079365,1.237920892757159e-07,0.000277283121043137
2024-11-06 11:36:00+00:00,589.48,589.38,589.45,520,430,589.4183157894737,8.547192519865117e-08,-0.0002969541278132759
2024-11-06 11:37:00+00:00,589.25,589.21,589.27,400,40,589.2645454545454,1.892197785181584e-07,-0.00015345062324378933
2024-11-06 11:38:00+00:00,589.2,589.15,589.2,100,430,589.1594339622642,7.672887723573458e-08,-0.00010435783817386302
2024-11-06 11:39:00+00:00,589.08,589.07,589.13,200,225,589.0982352941177,6.075816668102145e-08,-0.00048206572728826114
2024-11-06 11:40:00+00:00,588.82,588.8,588.89,3084,100,588.8871733668342,2.1001481372326857e-07,-0.0003327810460831415
2024-11-06 11:41:00+00:00,588.6,588.59,588.65,420,420,588.62,1.574632414939328e-07,2.6426512587551798e-05
2024-11-06 11:42:00+00:00,588.66,588.56,588.66,400,400,588.61,1.004779515457772e-07,0.00016024233001710186
2024-11-06 11:43:00+00:00,588.75,588.75,588.82,600,430,588.7907766990292,1.0196616465110288e-07,0.000370493901599378
2024-11-06 11:44:00+00:00,588.96,588.93,589.01,460,630,588.9637614678899,1.3659081970669956e-07,-0.0005121766739782929
2024-11-06 11:45:00+00:00,588.7,588.63,588.68,30,420,588.6333333333333,1.5247546712917922e-07,0.00045488238484958643
2024-11-06 11:46:00+00:00,588.89,588.9,588.97,400,430,588.933734939759,2.747382995531245e-07,-0.00010864338458238532
2024-11-06 11:47:00+00:00,588.84,588.8,588.87,21,430,588.8032594235033,1.5257503639990487e-07,-0.00027607515371597113
2024-11-06 11:48:00+00:00,588.67,588.66,588.72,400,400,588.69,1.1152857228009985e-07,4.7532785001580535e-05
2024-11-06 11:49:00+00:00,588.73,588.7,588.75,400,38,588.7456621004567,1.0033104775833324e-07,-0.0002887571552325774
2024-11-06 11:50:00+00:00,588.51,588.51,588.56,280,35,588.5544444444445,7.452983638402139e-08,2.7306355463219134e-05
2024-11-06 11:51:00+00:00,588.54,588.53,588.59,430,130,588.5760714285714,1.9688269739907586e-07,-0.0005399165380880477
2024-11-06 11:52:00+00:00,588.28,588.24,588.3,430,400,588.2710843373494,5.195955947436368e-07,-0.0002735161955479404
2024-11-06 11:53:00+00:00,588.03,588.05,588.12,430,430,588.0849999999999,7.97387779706454e-07,-0.0007614147721294318
2024-11-06 11:54:00+00:00,587.58,587.66,587.71,430,430,587.685,3.0559294787007523e-07,0.0001620775393673668
2024-11-06 11:55:00+00:00,587.79,587.75,587.82,430,430,587.7850000000001,3.8088298531562484e-07,1.0563696712262427e-05
2024-11-06 11:56:00+00:00,587.77,587.73,587.8,400,520,587.7604347826086,4.41351737252918e-07,7.476154370289478e-05
2024-11-06 11:57:00+00:00,587.78,587.75,587.83,430,430,587.7900000000001,2.954964155149751e-07,0.00031473557958117127
2024-11-06 11:58:00+00:00,588.05,587.99,588.08,430,430,588.0350000000001,3.7554880384604165e-07,-0.00013605904962765702
2024-11-06 11:59:00+00:00,587.9,587.84,587.89,1,430,587.8401160092808,1.923950949474625e-07,-0.00018076970539881998
2024-11-06 12:00:00+00:00,587.8,587.76,587.81,400,7,587.80914004914,3.916325888398721e-07,-0.00021201033957107818
2024-11-06 12:01:00+00:00,587.69,587.62,587.69,430,330,587.6596052631579,4.0143171070400643e-07,0.00043543697300507667
2024-11-06 12:02:00+00:00,587.95,587.89,587.96,430,430,587.925,1.4655371576072506e-07,0.0003214053904003755
2024-11-06 12:03:00+00:00,588.08,588.02,588.09,630,33,588.086515837104,1.8401978691008322e-07,0.00034183465917903
2024-11-06 12:04:00+00:00,588.28,588.31,588.37,430,630,588.3343396226416,1.5707424145451202e-07,0.00039944587508400353
2024-11-06 12:05:00+00:00,588.55,588.53,588.57,31,131,588.5376543209876,1.2514500865087807e-07,8.495454931312096e-06
2024-11-06 12:06:00+00:00,588.56,588.52,588.59,320,520,588.5466666666666,2.249861216575229e-07,0.00021279328155965338
2024-11-06 12:07:00+00:00,588.69,588.65,588.7,352,230,588.6802405498282,1.4508840895781862e-07,-0.00041010947692354804
2024-11-06 12:08:00+00:00,588.44,588.36,588.45,400,130,588.427924528302,1.3733098165788592e-07,0.0003396996718671996
2024-11-06 12:09:00+00:00,588.64,588.59,588.66,6,400,588.5910344827586,2.823631416788774e-07,0.00025223931104023656
2024-11-06 12:10:00+00:00,588.7,588.77,588.84,420,170,588.8198305084746,1.086941024849425e-07,0.00030322262497195496
2024-11-06 12:11:00+00:00,589.0,588.97,589.0,520,719,588.9825907990314,1.337559952999013e-07,4.1222948274910465e-05
2024-11-06 12:12:00+00:00,588.99,588.95,589.0,120,30,588.99,9.133165317702259e-08,-8.472214725607774e-05
2024-11-06 12:13:00+00:00,588.97,588.93,589.0,120,262,588.9519895287957,1.5233721493862842e-07,0.00011868863670749796
2024-11-06 12:14:00+00:00,589.02,588.99,589.06,400,325,589.0286206896552,1.0677807345855952e-07,0.00035717111507538313
2024-11-06 12:15:00+00:00,589.25,589.21,589.27,110,520,589.2204761904762,2.1332430153879476e-07,3.972439887123258e-05
2024-11-06 12:16:00+00:00,589.29,589.26,589.31,400,100,589.3,1.4314283657374053e-07,0.000522404083920236
2024-11-06 12:17:00+00:00,589.67,589.54,589.56,24,400,589.5411320754718,2.2188869361753914e-07,6.966553576237544e-06
2024-11-06 12:18:00+00:00,589.56,589.52,589.56,200,4,589.5592156862745,2.252142725968431e-07,-0.0005837678178046701
2024-11-06 12:19:00+00:00,589.2,589.2,589.27,500,130,589.2555555555556,8.99277423181479e-08,0.0003097934416504966
2024-11-06 12:20:00+00:00,589.42,589.38,589.49,400,230,589.4498412698413,1.2413618258562208e-07,-0.000193444258214992
2024-11-06 12:21:00+00:00,589.31,589.28,589.31,1,430,589.2800696055684,2.598939557233137e-07,-0.0005261837648369294
2024-11-06 12:22:00+00:00,589.0,588.94,589.0,5,400,588.9407407407408,8.255379391483638e-08,-9.088405272805744e-07
2024-11-06 12:23:00+00:00,588.97,588.96,589.04,400,400,589.0,1.032466916197897e-07,1.7887650271219968e-05
2024-11-06 12:24:00+00:00,589.02,588.96,589.06,105,420,588.98,1.480128872235088e-07,-0.00028717048150483926
2024-11-06 12:25:00+00:00,588.82,588.79,588.84,400,1,588.8398753117207,1.1810400834599753e-07,0.00019280879712368915
2024-11-06 12:26:00+00:00,588.93,588.9,588.95,400,420,588.9243902439024,1.6170709617686676e-07,5.052617628686917e-05
2024-11-06 12:27:00+00:00,588.98,588.88,588.96,191,420,588.9050081833061,6.899022603278754e-08,0.00011618350660524968
2024-11-06 12:28:00+00:00,589.05,589.01,589.07,420,420,589.04,1.9020631526925508e-07,-0.0002536093129119621
2024-11-06 12:29:00+00:00,588.9,588.89,588.95,320,420,588.915945945946,1.600125523530514e-07,0.00037969145660743386
2024-11-06 12:30:00+00:00,589.09,589.04,589.07,320,39,589.0667409470752,1.995486214681795e-07,5.722821968534575e-06
2024-11-06 12:31:00+00:00,589.2,589.19,589.24,320,420,589.2116216216216,1.9862400769242616e-07,0.0001456340493617425
2024-11-06 12:32:00+00:00,589.21,589.16,589.22,320,420,589.185945945946,1.0363386552843671e-07,6.062724504296568e-05
2024-11-06 12:33:00+00:00,589.23,589.16,589.24,238,420,589.1889361702127,1.2848252573485844e-07,0.0005073159823170137
2024-11-06 12:34:00+00:00,589.49,589.49,589.54,518,220,589.5250948509484,9.254768167577088e-08,0.00015561930638119392
2024-11-06 12:35:00+00:00,589.65,589.61,589.65,21,420,589.6119047619047,1.092592529944965e-07,-5.9879555854291944e-05
2024-11-06 12:36:00+00:00,589.56,589.55,589.58,2088,230,589.5770232959447,7.37012625317608e-08,-4.573349136716143e-05
2024-11-06 12:37:00+00:00,589.55,589.51,589.57,430,430,589.5400000000001,1.0251797035937054e-07,-0.00014558409344622714
2024-11-06 12:38:00+00:00,589.57,589.53,589.63,400,321,589.5854785020805,1.1762960136262924e-07,-7.414267254912676e-05
2024-11-06 12:39:00+00:00,589.42,589.41,589.45,150,420,589.4205263157894,9.848441948017474e-08,-4.0479840890284e-05
2024-11-06 12:40:00+00:00,589.38,589.35,589.4,22,306,589.3533536585365,1.209888122741919e-07,-7.352151069717205e-05
2024-11-06 12:41:00+00:00,589.41,589.35,589.41,120,120,589.38,1.1789584630753307e-07,0.00013519058721822574
2024-11-06 12:42:00+00:00,589.46,589.43,589.47,27,332,589.4330083565459,1.1866053147211901e-07,1.644690069846355e-05
2024-11-06 12:43:00+00:00,589.4,589.4,589.45,22,54,589.4144736842105,3.994401496806607e-08,9.523504420783091e-05
2024-11-06 12:44:00+00:00,589.52,589.51,589.55,400,5,589.5495061728394,7.016621782688754e-08,0.0004908415442215208
2024-11-06 12:45:00+00:00,589.76,589.75,589.8,29,420,589.7532293986637,7.413083668531316e-08,0.00018305727977740993
2024-11-06 12:46:00+00:00,589.83,589.88,589.9,420,100,589.8961538461539,3.714327658531198e-08,0.0002312189570394807
2024-11-06 12:47:00+00:00,589.99,590.02,590.06,430,480,590.038901098901,8.257713400286192e-08,0.00030046994231169855
2024-11-06 12:48:00+00:00,590.21,590.19,590.22,200,36,590.2154237288136,2.3053558050129184e-07,-0.0003978857199995467
2024-11-06 12:49:00+00:00,589.97,589.96,590.05,420,220,590.0190624999999,1.0034729666342639e-07,-0.00015686064604292227
2024-11-06 12:50:00+00:00,589.88,589.88,589.9,7,50,589.8824561403509,1.7695336631039402e-07,-6.349763408131093e-05
2024-11-06 12:51:00+00:00,589.94,589.8,589.84,420,50,589.835744680851,8.348363422479838e-08,-0.00023926460724055243
2024-11-06 12:52:00+00:00,589.74,589.7,589.74,45,420,589.7038709677421,2.5309951878994087e-07,0.00011459110024070185
2024-11-06 12:53:00+00:00,589.8,589.77,589.8,15,420,589.7710344827586,8.368248575064685e-08,0.00013626685045364795
2024-11-06 12:54:00+00:00,589.86,589.85,589.88,47,420,589.8530192719486,1.2573926925194975e-07,7.352219903955515e-05
2024-11-06 12:55:00+00:00,589.94,589.89,589.94,552,400,589.9189915966386,7.197753250156486e-08,0.00020804325439827132
2024-11-06 12:56:00+00:00,590.03,590.0,590.05,251,450,590.0179029957204,8.561965226316377e-08,-6.847757587580272e-05
2024-11-06 12:57:00+00:00,590.0,589.95,590.0,550,450,589.9775,1.1270431025993665e-07,-0.0005458108640282733
2024-11-06 12:58:00+00:00,589.67,589.62,589.67,1100,450,589.6554838709677,2.2971372364488124e-07,0.00027510053949764135
2024-11-06 12:59:00+00:00,589.8,589.78,589.84,950,562,589.8176984126984,1.296912267385263e-07,-0.00023338432265440634
2024-11-06 13:00:00+00:00,589.7,589.68,589.73,31,830,589.681800232288,1.3924709017608156e-07,0.00011855990053222243
2024-11-06 13:01:00+00:00,589.75,589.7,589.75,23,32,589.7209090909091,2.318254542285625e-07,-0.0005785614941115069
2024-11-06 13:02:00+00:00,589.46,589.41,589.44,100,400,589.416,2.3521090660875528e-07,-0.00022205497889382642
2024-11-06 13:03:00+00:00,589.2,589.22,589.28,1000,352,589.2643786982248,1.598846633007352e-07,0.00021243288033612195
2024-11-06 13:04:00+00:00,589.4,589.4,589.45,100,350,589.4111111111112,1.1062189460117708e-07,-0.0001069402122829688
2024-11-06 13:05:00+00:00,589.34,589.28,589.35,1400,450,589.3329729729729,2.2944375988195656e-07,7.84130084721113e-05
2024-11-06 13:06:00+00:00,589.4,589.33,589.39,552,450,589.3630538922156,1.0335096988505883e-07,6.577709801280918e-05
2024-11-06 13:07:00+00:00,589.43,589.41,589.45,550,53,589.4464842454395,1.363311056232603e-07,6.801082715446327e-05
2024-11-06 13:08:00+00:00,589.5,589.46,589.5,51,350,589.4650872817955,1.4369379236627208e-07,-0.0001300606784321312
2024-11-06 13:09:00+00:00,589.4,589.36,589.41,450,450,589.385,1.2906604548715107e-07,-2.760482510688611e-05
2024-11-06 13:10:00+00:00,589.41,589.37,589.4,112,100,589.3858490566038,8.712558643116558e-08,-0.00016453408139616155
2024-11-06 13:11:00+00:00,589.29,589.26,589.3,151,1050,589.2650291423814,1.1706484517833646e-07,-4.3460009480078554e-05
2024-11-06 13:12:00+00:00,589.24,589.24,589.26,100,109,589.2495693779905,1.3523362575562488e-07,-0.0003411083518164437
2024-11-06 13:13:00+00:00,589.07,589.04,589.11,500,1000,589.0633333333334,2.3568619468378503e-07,-0.00017693549825903432
2024-11-06 13:14:00+00:00,588.97,588.9,588.95,510,65,588.944347826087,1.216336690736741e-07,3.767866273496345e-05
2024-11-06 13:15:00+00:00,588.96,588.97,589.0,550,29,588.9984974093264,1.9298818763039924e-07,0.00035394462138049754
2024-11-06 13:16:00+00:00,589.18,589.14,589.19,1050,950,589.16625,7.756173897807573e-08,-0.0001236401055101366
2024-11-06 13:17:00+00:00,589.12,589.07,589.12,400,222,589.102154340836,8.426964134694157e-08,-6.539534807670222e-06
2024-11-06 13:18:00+00:00,589.1,589.07,589.1,50,3,589.0983018867925,9.969958895131859e-08,0.00016261207754775242
2024-11-06 13:19:00+00:00,589.07,589.17,589.21,50,33,589.1940963855421,1.665211410733939e-07,0.0001557663779965246
2024-11-06 13:20:00+00:00,589.36,589.34,589.4,810,400,589.3801652892562,1.6246367709992745e-07,0.001018505762375943
2024-11-06 13:21:00+00:00,589.9,589.89,589.93,103,830,589.8944158628082,2.440763734786678e-07,-0.0002204009376826077
2024-11-06 13:22:00+00:00,589.8,589.73,589.79,330,430,589.7560526315789,4.4465914901523203e-07,0.0004051630625152569
2024-11-06 13:23:00+00:00,590.01,589.97,590.02,330,330,589.995,1.429840281723234e-07,-0.000320851054898208
2024-11-06 13:24:00+00:00,589.84,589.8,589.84,55,174,589.8096069868996,1.1106397981640883e-07,-0.00018662837941729737
2024-11-06 13:25:00+00:00,589.66,589.6,589.67,550,450,589.6385,1.2341305969534223e-07,-0.00011208190362799186
2024-11-06 13:26:00+00:00,589.62,589.62,589.64,130,500,589.624126984127,2.5727112642180767e-07,5.7500700842982866e-05
2024-11-06 13:27:00+00:00,589.72,589.66,589.7,31,330,589.6634349030471,8.077864851482548e-08,0.0002332529008375328
2024-11-06 13:28:00+00:00,589.8,589.78,589.85,430,450,589.8142045454546,8.856481051389143e-08,-0.00010432530269732787
2024-11-06 13:29:00+00:00,589.8,589.7,589.75,60,850,589.7032967032967,5.5243361074524136e-08,4.474669133558429e-05
2024-11-06 13:30:00+00:00,589.8,589.77,589.82,550,850,589.7896428571429,1.1283765242428348e-07,-0.00035566981487622495
2024-11-06 13:31:00+00:00,589.54,589.54,589.59,450,950,589.5560714285714,7.978744288206368e-08,-4.539771393319292e-05
2024-11-06 13:32:00+00:00,589.54,589.51,589.54,65,7,589.5370833333333,8.531775123393919e-08,0.0005109985565108222
2024-11-06 13:33:00+00:00,589.8,589.84,589.85,1,350,589.8400284900285,7.279302389242859e-08,-0.00010944762855624734
2024-11-06 13:34:00+00:00,589.8,589.76,589.8,150,350,589.772,9.325298523716343e-08,-9.958552470257231e-05
2024-11-06 13:35:00+00:00,589.71,589.68,589.73,450,550,589.7025,1.453715679213791e-07,-0.0008235744579074833
2024-11-06 13:36:00+00:00,589.25,589.22,589.27,450,300,589.25,1.1546250198262803e-07,0.00010775489924874648
2024-11-06 13:37:00+00:00,589.33,589.29,589.36,950,917,589.3256186395287,9.991995899260651e-08,0.00037360431186561627
2024-11-06 13:38:00+00:00,589.51,589.5,589.51,18,80,589.5018367346938,9.061371422332161e-08,-0.00011080051278755665
2024-11-06 13:39:00+00:00,589.39,589.41,589.44,900,2,589.4399334811529,7.496376229178495e-08,0.00014805094798320262
2024-11-06 13:40:00+00:00,589.53,589.5,589.53,83,52,589.5184444444444,1.2804059402194973e-07,-0.0001269026472457968
2024-11-06 13:41:00+00:00,589.47,589.45,589.47,8,59,589.4523880597015,5.999693724043467e-08,-2.0937494256023648e-05
2024-11-06 13:42:00+00:00,589.46,589.44,589.46,1,430,589.4400464037124,5.223280049429048e-08,-0.00013664085075038024
2024-11-06 13:43:00+00:00,589.35,589.33,589.36,1430,24,589.3595048143054,1.1133398023791398e-07,-0.0003346798485099889
2024-11-06 13:44:00+00:00,589.14,589.12,589.13,1,1700,589.1200058788947,9.423214268613875e-08,-0.000117645303622127
2024-11-06 13:45:00+00:00,589.07,589.06,589.11,650,450,589.0895454545455,9.533179215382855e-08,-0.00023271618232711955
2024-11-06 13:46:00+00:00,588.97,588.95,589.0,74,358,588.9585648148148,1.413953593617122e-07,-0.00010332596224660318
2024-11-06 13:47:00+00:00,588.9,588.88,588.93,400,500,588.9022222222222,2.294978821438128e-07,-5.4471985742932105e-05
2024-11-06 13:48:00+00:00,588.89,588.86,588.91,53,854,588.8629217199559,1.7524407052459553e-07,1.1021316694614924e-05
2024-11-06 13:49:00+00:00,588.87,588.84,588.87,950,9,588.8697184567258,9.420017618777439e-08,-0.0005552979405442082
2024-11-06 13:50:00+00:00,588.55,588.53,588.61,2030,750,588.5884172661871,7.084203884124866e-08,0.00026943399089618403
2024-11-06 13:51:00+00:00,588.71,588.7,588.71,115,1350,588.7007849829353,4.800056034409987e-08,-1.3739697937942275e-05
2024-11-06 13:52:00+00:00,588.7,588.68,588.73,56,1050,588.6825316455696,2.1876695740131192e-07,0.00026729467089769976
2024-11-06 13:53:00+00:00,588.85,588.83,588.87,52,59,588.8487387387388,9.777246288416718e-08,-0.00016782612110011197
2024-11-06 13:54:00+00:00,588.8,588.74,588.78,60,150,588.7514285714285,8.810898005589331e-08,1.745335760583444e-06
2024-11-06 13:55:00+00:00,588.77,588.75,588.77,300,2550,588.7521052631579,1.0641841384197317e-07,-8.762014424812392e-05
2024-11-06 13:56:00+00:00,588.7,588.7,588.73,10,500,588.700588235294,5.9461281507539124e-08,0.00023754801075814846
2024-11-06 13:57:00+00:00,588.82,588.85,588.9,1000,5,588.8997512437811,1.0380097986081069e-07,0.00027734371864762686
2024-11-06 13:58:00+00:00,589.0,589.0,589.02,126,800,589.0027213822895,1.258222515299143e-07,-0.0006003855731985253
2024-11-06 13:59:00+00:00,588.6,588.6,588.66,516,2,588.6597683397683,7.900935368282134e-08,-1.7390079278034598e-05
2024-11-06 14:00:00+00:00,588.7,588.64,588.68,2,500,588.6401593625498,1.3295584397467258e-07,-0.000186142799659339
2024-11-06 14:01:00+00:00,588.5,588.48,588.5,12,400,588.4805825242719,1.1572611742768446e-07,-0.0006455935150516678
2024-11-06 14:02:00+00:00,588.17,588.17,588.23,400,900,588.1884615384615,1.1674864072567099e-07,-5.370917431846145e-05
2024-11-06 14:03:00+00:00,588.1,588.09,588.12,400,10,588.1192682926829,1.2379462575304712e-07,0.0002532690984171637
2024-11-06 14:04:00+00:00,588.2,588.18,588.25,607,900,588.208195089582,1.7660448820749116e-07,-0.0002824933842769939
2024-11-06 14:05:00+00:00,588.09,588.09,588.16,400,800,588.1133333333333,1.0168449040122548e-07,9.680605708362044e-05
2024-11-06 14:06:00+00:00,588.2,588.19,588.24,400,4,588.2395049504951,8.902757435417587e-08,1.946584145029462e-05
2024-11-06 14:07:00+00:00,588.18,588.18,588.22,6,6,588.1999999999999,1.6713272719838113e-07,0.00014587783463015924
2024-11-06 14:08:00+00:00,588.25,588.25,588.28,1000,200,588.275,9.986812416375338e-08,0.0005762797149542198
2024-11-06 14:09:00+00:00,588.62,588.56,588.62,400,400,588.59,2.008643284499524e-07,4.213759919480253e-05
2024-11-06 14:10:00+00:00,588.62,588.55,588.62,610,9,588.6189822294023,1.5967621749715257e-07,-0.00033365803226159674
2024-11-06 14:11:00+00:00,588.42,588.37,588.41,40,430,588.3734042553192,1.5156244394023975e-07,-0.0003498871328159181
2024-11-06 14:12:00+00:00,588.25,588.19,588.22,1,400,588.1900748129676,8.741580644747522e-08,0.00013944327376957943
2024-11-06 14:13:00+00:00,588.29,588.29,588.34,450,150,588.3275,9.147425892152681e-08,0.00018350268377509416
2024-11-06 14:14:00+00:00,588.41,588.37,588.42,850,450,588.4026923076923,1.5199360314747955e-07,3.2785856485917364e-05
2024-11-06 14:15:00+00:00,588.44,588.41,588.43,550,10,588.4296428571428,9.858508281021311e-08,0.00023837818321537085
2024-11-06 14:16:00+00:00,588.57,588.58,588.6,550,12,588.5995729537367,1.51503887713647e-07,0.0005288455279390814
2024-11-06 14:17:00+00:00,588.92,588.87,588.92,550,500,588.8961904761904,1.3712856866154224e-07,-0.00015677366181743313
2024-11-06 14:18:00+00:00,588.77,588.75,588.77,34,990,588.7506640625,1.1309912727760117e-07,0.00015779512934277484
2024-11-06 14:19:00+00:00,588.87,588.84,588.88,150,1050,588.845,3.9962788628295116e-08,-0.00021321903873872117
2024-11-06 14:20:00+00:00,588.78,588.75,588.78,53,472,588.7530285714287,7.250157031977149e-08,6.407447247447351e-05
2024-11-06 14:21:00+00:00,588.79,588.75,588.78,221,1000,588.7554299754299,8.87104874600482e-08,-0.0002355601922210404
2024-11-06 14:22:00+00:00,588.65,588.63,588.68,748,800,588.6541602067183,6.431886518062094e-08,-0.0003049652989846052
2024-11-06 14:23:00+00:00,588.49,588.49,588.53,450,800,588.5044,1.389160977618624e-07,2.923244306196615e-05
2024-11-06 14:24:00+00:00,588.48,588.43,588.45,50,500,588.4318181818181,1.6713917735651834e-07,-0.00030111383597153374
2024-11-06 14:25:00+00:00,588.32,588.31,588.32,250,500,588.3133333333334,2.3761042103438465e-07,0.0005901667343586325
2024-11-06 14:26:00+00:00,588.66,588.66,588.68,3,1000,588.6600598205384,1.0290109337110414e-07,0.0002838915946425935
2024-11-06 14:27:00+00:00,588.85,588.81,588.84,201,100,588.8300332225914,1.5457960602996172e-07,8.121998842702816e-05
2024-11-06 14:28:00+00:00,588.89,588.87,588.89,100,500,588.8733333333333,2.093101660287379e-07,-0.0003139178211682969
2024-11-06 14:29:00+00:00,588.68,588.69,588.71,400,2,588.7099004975124,3.781863974840216e-07,0.0007328079544102195
2024-11-06 14:30:00+00:00,589.23,589.2,589.23,4300,383,589.2275464445868,1.5384738693967563e-06,-0.001965986732092029
2024-11-06 14:31:00+00:00,587.94,587.94,587.96,494,3,587.959879275654,5.428561557069729e-07,0.0004865121102528569
2024-11-06 14:32:00+00:00,588.28,588.23,588.27,200,200,588.25,5.265600728992723e-07,9.499124686151994e-05
2024-11-06 14:33:00+00:00,588.3,588.26,588.29,100,900,588.263,5.809000403359944e-07,0.001116758505770754
2024-11-06 14:34:00+00:00,589.02,588.99,589.03,200,900,588.9972727272727,3.517160018725992e-07,-0.0012360421953681033
2024-11-06 14:35:00+00:00,588.24,588.25,588.29,21,800,588.2510231425092,9.008422378556529e-07,0.0006629244897200515
2024-11-06 14:36:00+00:00,588.57,588.54,588.55,131,82,588.5461502347417,4.948535521128948e-07,-0.00013554030250695348
2024-11-06 14:37:00+00:00,588.54,588.54,588.57,150,500,588.5469230769231,3.4994104978137256e-07,-0.0002253530408068416
2024-11-06 14:38:00+00:00,588.38,588.36,588.39,46,623,588.3620627802691,3.9653446968389057e-07,0.00026193859362666494
2024-11-06 14:39:00+00:00,588.61,588.59,588.61,452,161,588.6047471451876,3.3109707423594936e-07,-2.241434940042364e-05
2024-11-06 14:40:00+00:00,588.55,588.54,588.56,100,884,588.5420325203252,6.291152657752296e-07,8.520833911540571e-05
2024-11-06 14:41:00+00:00,588.57,588.56,588.6,522,404,588.5825485961122,3.558028713316461e-07,-5.098955618798584e-05
2024-11-06 14:42:00+00:00,588.68,588.67,588.7,520,20,588.698888888889,3.111841041270446e-07,0.0003284116154287364
2024-11-06 14:43:00+00:00,588.76,588.73,588.76,920,20,588.7593617021275,3.726321447799696e-07,-0.000964072640194491
2024-11-06 14:44:00+00:00,588.23,588.23,588.25,900,430,588.2435338345865,3.053489821949113e-07,-0.0005895980766855713
2024-11-06 14:45:00+00:00,587.93,587.91,587.94,500,5,587.939702970297,4.2754868713787975e-07,-9.345156050011294e-05
2024-11-06 14:46:00+00:00,587.81,587.78,587.82,920,100,587.8160784313726,5.640362853559998e-07,-0.0012960856055193037
2024-11-06 14:47:00+00:00,587.02,587.03,587.05,620,100,587.0472222222222,5.183030979696669e-07,-0.0006089228349135389
2024-11-06 14:48:00+00:00,586.66,586.65,586.67,700,117,586.667135862913,3.1104340167729036e-07,3.1887723130896717e-06
2024-11-06 14:49:00+00:00,586.68,586.71,586.74,400,206,586.7298019801981,4.7091144036966377e-07,-0.0003697279303758183
2024-11-06 14:50:00+00:00,586.47,586.45,586.5,1030,530,586.4830128205128,5.82560223319947e-07,-0.0001830274052943004
2024-11-06 14:51:00+00:00,586.24,586.23,586.26,820,82,586.2572727272728,3.511092369605821e-07,-0.0004366034115794726
2024-11-06 14:52:00+00:00,586.2,586.18,586.21,850,100,586.2068421052631,3.890834328079349e-07,0.00011278601822461987
2024-11-06 14:53:00+00:00,586.14,586.15,586.17,620,91,586.1674402250352,5.655314247771653e-07,0.0004449709961822368
2024-11-06 14:54:00+00:00,586.37,586.38,586.42,140,230,586.3951351351351,3.535415540934624e-07,-0.0008177268520469516
2024-11-06 14:55:00+00:00,585.94,585.93,585.95,100,100,585.94,4.218108868247467e-07,-0.000128864901365211
2024-11-06 14:56:00+00:00,585.87,585.87,585.9,1130,100,585.8975609756097,2.7483756250941407e-07,-0.00017086470224991768
2024-11-06 14:57:00+00:00,585.82,585.82,585.86,740,130,585.8540229885058,3.8126931883781806e-07,-0.00014955443118835898
2024-11-06 14:58:00+00:00,585.68,585.68,585.69,420,100,585.6880769230769,4.117291973104489e-07,0.00022613824173300934
2024-11-06 14:59:00+00:00,585.82,585.8,585.83,30,230,585.8034615384615,4.739584016736639e-07,0.0004019202324796467
2024-11-06 15:00:00+00:00,586.13,586.11,586.14,400,620,586.1217647058824,4.6456081675171296e-07,0.0006904801701728136
2024-11-06 15:01:00+00:00,586.49,586.47,586.5,330,130,586.4915217391303,3.848460655420112e-07,0.0011609760996755814
2024-11-06 15:02:00+00:00,587.14,587.13,587.16,630,132,587.1548031496062,4.549358913950594e-07,-4.900050537992584e-06
2024-11-06 15:03:00+00:00,587.15,587.14,587.17,720,100,587.1663414634146,2.909298146172252e-07,-7.612317967631288e-05
2024-11-06 15:04:00+00:00,587.11,587.11,587.14,750,330,587.1308333333334,4.5402424312755863e-07,-0.0007193577610451474
2024-11-06 15:05:00+00:00,586.68,586.65,586.68,700,150,586.6747058823529,3.796383794075471e-07,-0.0004303538121561701
2024-11-06 15:06:00+00:00,586.36,586.32,586.35,330,200,586.3386792452831,3.0992934660892757e-07,0.0004016519926928197
2024-11-06 15:07:00+00:00,586.62,586.6,586.63,423,100,586.6242638623327,3.8392993634907816e-07,-5.8086037988180905e-05
2024-11-06 15:08:00+00:00,586.66,586.64,586.67,233,220,586.6554304635761,2.6134689982709985e-07,0.000263937173283324
2024-11-06 15:09:00+00:00,586.73,586.72,586.74,27,230,586.7221011673153,2.4498256403896023e-07,0.00042163744645606904
2024-11-06 15:10:00+00:00,587.02,587.0,587.03,1152,100,587.0276038338658,3.6090585462419845e-07,0.0008868961201671244
2024-11-06 15:11:00+00:00,587.5,587.49,587.53,930,530,587.5154794520548,2.1620164701579913e-07,-0.00039604470669962755
2024-11-06 15:12:00+00:00,587.31,587.31,587.34,400,220,587.3293548387096,2.3763790219544966e-07,-3.149976332617044e-05
2024-11-06 15:13:00+00:00,587.27,587.23,587.26,230,500,587.2394520547945,1.512953758262455e-07,7.28987080433896e-05
2024-11-06 15:14:00+00:00,587.29,587.29,587.32,132,800,587.2942489270387,1.2859091109604336e-07,0.0001096253569929928
2024-11-06 15:15:00+00:00,587.39,587.39,587.41,130,400,587.3949056603774,3.467177091380132e-07,-0.0001646862534107063
2024-11-06 15:16:00+00:00,587.32,587.31,587.34,120,200,587.32125,2.9208958841034596e-07,0.0008782705542511593
2024-11-06 15:17:00+00:00,587.87,587.87,587.89,130,100,587.8813043478261,1.9760908762310576e-07,0.00028729321303067046
2024-11-06 15:18:00+00:00,588.03,588.02,588.04,200,100,588.0333333333333,1.5326062654335814e-07,-0.00027053240650964927
2024-11-06 15:19:00+00:00,587.91,587.9,587.92,720,1,587.919972260749,2.3263900178131944e-07,0.00028421647408527484
2024-11-06 15:20:00+00:00,588.02,588.0,588.04,520,950,588.014149659864,2.444686886831624e-07,0.0003880584093705064
2024-11-06 15:21:00+00:00,588.24,588.22,588.25,740,306,588.2412237093691,2.2566955807794267e-07,-0.00013383639962960547
2024-11-06 15:22:00+00:00,588.21,588.18,588.21,240,220,588.195652173913,2.4693701911713714e-07,0.00027188286377266557
2024-11-06 15:23:00+00:00,588.33,588.32,588.34,100,100,588.33,1.4003594232931852e-07,0.0003202577652765548
2024-11-06 15:24:00+00:00,588.48,588.46,588.49,1130,300,588.4837062937063,1.0128258322594297e-07,-2.8447419571975274e-05
2024-11-06 15:25:00+00:00,588.42,588.39,588.41,700,100,588.4075,2.905295831739821e-07,-8.673597992547855e-05
2024-11-06 15:26:00+00:00,588.41,588.38,588.4,2,100,588.3803921568627,1.559161920354428e-07,0.0003048838365511397
2024-11-06 15:27:00+00:00,588.58,588.57,588.59,230,500,588.576301369863,1.1129756318169054e-07,0.00016802382767622248
2024-11-06 15:28:00+00:00,588.69,588.68,588.7,111,200,588.6871382636656,1.8950100678075166e-07,0.00046486481477092667
2024-11-06 15:29:00+00:00,589.01,589.0,589.02,150,120,589.0111111111111,1.5208415897923382e-07,-0.0002021899864353971
2024-11-06 15:30:00+00:00,588.82,588.79,588.82,157,200,588.8031932773109,2.3725682067328608e-07,-0.00019298985784210743
2024-11-06 15:31:00+00:00,588.7,588.66,588.7,120,750,588.6655172413793,2.842667133485778e-07,0.0003593340530754219
2024-11-06 15:32:00+00:00,588.93,588.91,588.94,392,450,588.9239667458432,1.7227566183867256e-07,-0.0002752637692211568
2024-11-06 15:33:00+00:00,588.79,588.77,588.8,550,230,588.7911538461539,1.9971855548997742e-07,-0.0006788929340336702
2024-11-06 15:34:00+00:00,588.38,588.36,588.39,630,155,588.384076433121,2.283522986118529e-07,-0.00012475451385329794
2024-11-06 15:35:00+00:00,588.38,588.34,588.37,520,220,588.3610810810811,2.1826013493001958e-07,0.0002904857371932579
2024-11-06 15:36:00+00:00,588.5,588.46,588.49,33,202,588.4642127659575,2.803681847937401e-07,-0.0006070719718473949
2024-11-06 15:37:00+00:00,588.14,588.1,588.14,320,440,588.1168421052631,2.0820200393688452e-07,-0.000650049794643337
2024-11-06 15:38:00+00:00,587.77,587.75,587.77,100,100,587.76,1.8072839785624333e-07,4.211045067759045e-06
2024-11-06 15:39:00+00:00,587.78,587.74,587.77,640,220,587.7623255813953,2.1626334870736542e-07,-0.00027809749443519216
2024-11-06 15:40:00+00:00,587.72,587.71,587.73,100,100,587.72,3.944004994441987e-07,0.00018971974303583217
2024-11-06 15:41:00+00:00,587.76,587.72,587.74,100,200,587.7266666666667,2.1705341365299204e-07,0.000504707153359929
2024-11-06 15:42:00+00:00,588.1,588.05,588.09,240,140,588.0752631578947,2.3192622088361327e-07,-0.0006737372006283548
2024-11-06 15:43:00+00:00,587.64,587.63,587.67,340,820,587.641724137931,1.8552308159297734e-07,-0.00031562104842963734
2024-11-06 15:44:00+00:00,587.535,587.46,587.5,320,120,587.4890909090909,2.5894184598571605e-07,2.0653337764020563e-05
2024-11-06 15:45:00+00:00,587.45,587.39,587.42,150,827,587.3946059365404,3.489336246140121e-07,-0.00026960104323148215
2024-11-06 15:46:00+00:00,587.32,587.31,587.34,100,1030,587.3126548672566,2.7080383849401176e-07,-1.341097005103098e-05
2024-11-06 15:47:00+00:00,587.26,587.22,587.25,930,130,587.246320754717,1.6499350101358844e-07,0.0003282418660626174
2024-11-06 15:48:00+00:00,587.41,587.4,587.43,620,200,587.4226829268292,1.614130717694717e-07,-7.105243551175366e-05
2024-11-06 15:49:00+00:00,587.36,587.33,587.36,300,405,587.3427659574469,2.19403303899271e-07,0.00026516240306095895
2024-11-06 15:50:00+00:00,587.61,587.57,587.61,640,310,587.5969473684212,3.6258177679784965e-07,-0.0006874438693245111
2024-11-06 15:51:00+00:00,587.16,587.13,587.16,430,130,587.1530357142856,1.860414490841783e-07,-2.569293825205321e-05
2024-11-06 15:52:00+00:00,587.15,587.13,587.16,1450,230,587.1558928571428,1.8828465471769261e-07,-0.0007228153535112636
2024-11-06 15:53:00+00:00,586.76,586.74,586.77,820,320,586.7615789473684,2.6733352465036727e-07,-0.00040287823243390086
2024-11-06 15:54:00+00:00,586.48,586.47,586.49,430,100,586.4862264150944,2.0420911851895687e-07,0.0005592035820298769
2024-11-06 15:55:00+00:00,586.81,586.8,586.82,161,1,586.81987654321,2.0682200852064352e-07,0.00012616270877963132
2024-11-06 15:56:00+00:00,586.89,586.85,586.88,100,530,586.8547619047619,2.0010657863488165e-07,0.00032307797821906625
2024-11-06 15:57:00+00:00,587.1,587.09,587.11,120,300,587.0957142857143,1.8181382376789477e-07,4.868397650792389e-06
2024-11-06 15:58:00+00:00,587.08,587.08,587.09,156,303,587.0833986928105,9.243901379385081e-08,-0.0001993335184331535
2024-11-06 15:59:00+00:00,586.95,586.95,586.97,100,300,586.955,1.7561316747923504e-07,0.00012361432734375732
2024-11-06 16:00:00+00:00,586.99,586.98,586.99,1,201,586.9800495049506,1.5550494882825307e-07,-0.00041750498557635574
2024-11-06 16:01:00+00:00,586.77,586.76,586.78,520,100,586.7767741935484,1.776686461908161e-07,-0.00031115147326399306
2024-11-06 16:02:00+00:00,586.58,586.57,586.59,134,72,586.5830097087379,1.4098436713775074e-07,-0.00021907371226081995
2024-11-06 16:03:00+00:00,586.47,586.44,586.47,115,465,586.4459482758621,2.031626121827087e-07,0.00031541609527274694
2024-11-06 16:04:00+00:00,586.67,586.61,586.63,430,27,586.628818380744,1.3843988762033035e-07,-7.395967437229256e-05
2024-11-06 16:05:00+00:00,586.62,586.62,586.64,100,230,586.6260606060606,1.1853129362119474e-07,0.0004802474247627142
2024-11-06 16:06:00+00:00,586.91,586.88,586.9,400,98,586.8960642570281,1.30831026371994e-07,-0.0002600694739650633
2024-11-06 16:07:00+00:00,586.79,586.75,586.78,324,620,586.7602966101695,1.065613921337586e-07,-0.00010260492097191598
2024-11-06 16:08:00+00:00,586.7,586.64,586.68,638,640,586.6599687010954,1.1629175603203918e-07,0.0006516408969026166
2024-11-06 16:09:00+00:00,587.07,587.07,587.08,300,203,587.0759642147118,1.534958261235149e-07,-3.228155449841452e-05
2024-11-06 16:10:00+00:00,587.02,587.03,587.06,400,100,587.054,9.346330725093453e-08,0.0006208149391218054
2024-11-06 16:11:00+00:00,587.43,587.43,587.45,550,400,587.4415789473684,1.228541650851648e-07,0.00015717575704599085
2024-11-06 16:12:00+00:00,587.52,587.5,587.53,1005,130,587.526563876652,1.0515886520141282e-07,1.3220821617032641e-05
2024-11-06 16:13:00+00:00,587.52,587.5,587.52,800,100,587.5177777777777,5.75230699149585e-08,0.00029991278143981503
2024-11-06 16:14:00+00:00,587.69,587.69,587.71,112,509,587.6936070853462,7.720929206066183e-08,0.0003339603833893978
2024-11-06 16:15:00+00:00,587.88,587.88,587.9,181,373,587.8865342960289,1.3233192371498833e-07,3.881854949994157e-05
2024-11-06 16:16:00+00:00,587.91,587.91,587.94,255,821,587.9171096654276,1.0013359819514943e-07,7.592301862735518e-05
2024-11-06 16:17:00+00:00,587.96,587.95,587.96,100,300,587.9525,1.1587157328748732e-07,-0.0005192429284446298
2024-11-06 16:18:00+00:00,587.66,587.65,587.68,250,1054,587.6557515337423,8.939601310407082e-08,-0.00028725917997218797
2024-11-06 16:19:00+00:00,587.5,587.49,587.51,500,267,587.503037809648,1.1121317316378343e-07,0.00041947628723448815
2024-11-06 16:20:00+00:00,587.75,587.73,587.74,500,200,587.7371428571429,1.056883084755771e-07,-0.0005233010960250528
2024-11-06 16:21:00+00:00,587.42,587.41,587.42,49,179,587.412149122807,2.7484325053539584e-07,-0.00013835939642414807
2024-11-06 16:22:00+00:00,587.32,587.3,587.32,130,177,587.3084690553746,1.6132746199378107e-07,-0.00012744726822999652
2024-11-06 16:23:00+00:00,587.25,587.22,587.24,831,100,587.2378517722879,1.3468704197885304e-07,0.00037882756137253004
2024-11-06 16:24:00+00:00,587.48,587.47,587.48,300,272,587.4752447552447,7.009335216345912e-08,0.00021655578280799226
2024-11-06 16:25:00+00:00,587.63,587.6,587.64,620,779,587.6177269478198,1.0144699579661759e-07,0.00040894543646796677
2024-11-06 16:26:00+00:00,587.83,587.81,587.84,520,230,587.8308,7.227063890645179e-08,0.0002034069909107039
2024-11-06 16:27:00+00:00,587.97,587.96,587.97,6,110,587.9605172413794,1.374410068374459e-07,0.00036563778738085695
2024-11-06 16:28:00+00:00,588.17,588.15,588.18,1961,430,588.1746047678795,1.1466392889855078e-07,-3.91546688768285e-05
2024-11-06 16:29:00+00:00,588.19,588.16,588.18,600,100,588.1771428571428,1.2225304934200027e-07,-5.7655288427271856e-05
2024-11-06 16:30:00+00:00,588.15,588.13,588.15,118,750,588.1327188940093,9.742721119108687e-08,0.0002028205414699169
2024-11-06 16:31:00+00:00,588.25,588.24,588.26,650,275,588.2540540540541,5.0676194834288396e-08,0.00032825170551276095
2024-11-06 16:32:00+00:00,588.45,588.44,588.47,1000,423,588.4610822206606,1.464515550322353e-07,-0.00016427430410015376
2024-11-06 16:33:00+00:00,588.35,588.35,588.36,414,805,588.3533962264152,8.952086784019818e-08,2.86819070278721e-05
2024-11-06 16:34:00+00:00,588.36,588.35,588.36,300,381,588.3544052863435,1.0877164579096326e-07,-0.00017960302125152872
2024-11-06 16:35:00+00:00,588.3,588.3,588.31,6,120,588.3004761904762,7.592437337896502e-08,0.00038451227353397677
2024-11-06 16:36:00+00:00,588.48,588.47,588.49,1150,232,588.4866425470333,4.861592520815701e-08,0.00018355057808250308
2024-11-06 16:37:00+00:00,588.61,588.59,588.61,150,100,588.602,4.3821625741674896e-08,-0.00024502823055871925
2024-11-06 16:38:00+00:00,588.45,588.44,588.47,1168,787,588.4579232736575,5.424700556370993e-08,0.00017960534987548904
2024-11-06 16:39:00+00:00,588.55,588.54,588.56,101,150,588.548047808765,7.208151040817193e-08,0.0003536305143410079
2024-11-06 16:40:00+00:00,588.77,588.77,588.78,230,119,588.7765902578797,1.048593390027418e-07,-0.00033688292746214543
2024-11-06 16:41:00+00:00,588.56,588.56,588.57,41,500,588.5607578558225,7.458253873102965e-08,0.00032682090342217585
2024-11-06 16:42:00+00:00,588.73,588.71,588.74,950,400,588.7311111111111,7.788780314163523e-08,4.2511735341754786e-05
2024-11-06 16:43:00+00:00,588.78,588.76,588.78,300,100,588.775,1.0423199502123163e-07,-0.0001718058082226248
2024-11-06 16:44:00+00:00,588.68,588.66,588.68,130,300,588.6660465116279,5.0259854333742517e-08,-0.00021764512520505708
2024-11-06 16:45:00+00:00,588.6,588.59,588.6,800,200,588.598,1.2317009713350332e-07,-0.00012969468092771663
2024-11-06 16:46:00+00:00,588.55,588.54,588.56,1030,100,588.5582300884955,1.0354305439391836e-07,-9.045443591593205e-05
2024-11-06 16:47:00+00:00,588.43,588.41,588.44,330,140,588.4310638297871,7.728566585831005e-08,0.00030296106456972893
2024-11-06 16:48:00+00:00,588.59,588.56,588.59,124,220,588.5708139534884,8.011441104829348e-08,-2.6929402723419038e-05
2024-11-06 16:49:00+00:00,588.61,588.6,588.63,1300,200,588.626,6.997013097217925e-08,-7.944094193546025e-05
2024-11-06 16:50:00+00:00,588.56,588.55,588.56,516,200,588.5572067039105,6.603214785878079e-08,0.00028733008338344135
2024-11-06 16:51:00+00:00,588.72,588.71,588.73,5,222,588.7104405286344,5.019260838883121e-08,3.5039759440191887e-05
2024-11-06 16:52:00+00:00,588.75,588.74,588.77,200,200,588.755,5.390937566711096e-08,-0.0001935669716093269
2024-11-06 16:53:00+00:00,588.61,588.61,588.62,100,300,588.6125,8.756639199248566e-08,-0.0003092171681277067
2024-11-06 16:54:00+00:00,588.44,588.41,588.44,420,340,588.4265789473684,4.7919104509857725e-08,0.00032837929072382366
2024-11-06 16:55:00+00:00,588.63,588.62,588.64,7,521,588.6202651515151,5.4565460890913906e-08,0.00011752617136329135
2024-11-06 16:56:00+00:00,588.71,588.71,588.72,41,200,588.7117012448132,4.643918315819564e-08,2.8957078057390007e-05
2024-11-06 16:57:00+00:00,588.71,588.71,588.72,220,302,588.714214559387,7.10710204778213e-08,-0.00013724638444856385
2024-11-06 16:58:00+00:00,588.62,588.62,588.64,400,132,588.6350375939849,4.637216834036538e-08,5.1302643848893936e-05
2024-11-06 16:59:00+00:00,588.66,588.66,588.68,600,100,588.6771428571428,3.5595028476395435e-08,0.0001951614163939741
2024-11-06 17:00:00+00:00,588.77,588.76,588.79,642,450,588.7776373626373,1.0103195933071084e-07,-0.0005329520652794795
2024-11-06 17:01:00+00:00,588.52,588.51,588.53,500,100,588.5266666666666,1.1119834892732716e-07,-3.9284974400422e-05
2024-11-06 17:02:00+00:00,588.44,588.42,588.45,600,430,588.4374757281553,4.832015824619838e-08,0.000232593765246758
2024-11-06 17:03:00+00:00,588.61,588.6,588.61,142,19,588.6088198757764,7.561380527481241e-08,0.0001515433807215416
2024-11-06 17:04:00+00:00,588.67,588.66,588.68,330,262,588.6711486486486,2.773015164230587e-08,-4.204189834700056e-05
2024-11-06 17:05:00+00:00,588.64,588.64,588.65,500,200,588.6471428571429,4.3133988657095587e-08,-4.603305383754641e-05
2024-11-06 17:06:00+00:00,588.59,588.59,588.61,483,450,588.6003536977493,4.38154071033944e-08,3.111918679010728e-05
2024-11-06 17:07:00+00:00,588.62,588.61,588.63,630,500,588.6211504424779,3.7921488672907566e-08,0.00010912779684768559
2024-11-06 17:08:00+00:00,588.7,588.7,588.71,200,321,588.7038387715932,1.8822358705584837e-08,5.2181050349986435e-05
2024-11-06 17:09:00+00:00,588.72,588.71,588.73,100,800,588.7122222222222,3.8893166141746725e-08,-0.000168821332138136
2024-11-06 17:10:00+00:00,588.63,588.61,588.63,1114,305,588.6257011980268,8.612098242852925e-08,0.00028614733707166273
2024-11-06 17:11:00+00:00,588.84,588.82,588.84,950,100,588.8380952380952,7.061456190724619e-08,0.00018848915235469832
2024-11-06 17:12:00+00:00,588.92,588.9,588.92,300,530,588.9072289156627,7.014339208868135e-08,0.0002502376002342377
2024-11-06 17:13:00+00:00,589.05,589.03,589.06,430,250,589.0489705882353,2.7219714576941397e-08,-7.153882183030813e-05
2024-11-06 17:14:00+00:00,589.02,589.01,589.03,744,400,589.023006993007,3.194533781750576e-08,5.81541465349833e-05
2024-11-06 17:15:00+00:00,589.06,589.04,589.06,366,699,589.0468732394365,3.93531907903809e-08,-0.00040871333837633195
2024-11-06 17:16:00+00:00,588.77,588.76,588.77,200,100,588.7666666666667,5.4177609591143084e-08,-0.0001307222551323317
2024-11-06 17:17:00+00:00,588.71,588.7,588.72,101,630,588.7027633378932,5.3598230526494857e-08,-0.0001625791050029468
2024-11-06 17:18:00+00:00,588.64,588.62,588.64,202,420,588.6264951768488,7.460131969443266e-08,-0.0002964545792097928
2024-11-06 17:19:00+00:00,588.48,588.47,588.49,4,291,588.4702711864408,6.338018238880326e-08,6.70224450369794e-05
2024-11-06 17:20:00+00:00,588.5,588.48,588.51,317,930,588.4876263031275,5.36806529087751e-08,-0.00017674853848048677
2024-11-06 17:21:00+00:00,588.36,588.36,588.38,395,300,588.3713669064748,7.237948425667143e-08,4.153620314228945e-05
2024-11-06 17:22:00+00:00,588.44,588.42,588.43,4,100,588.4203846153846,3.564176332654037e-08,0.00022817127989283037
2024-11-06 17:23:00+00:00,588.56,588.53,588.55,247,250,588.5399396378269,3.7280125703242875e-08,-0.0002547597357058784
2024-11-06 17:24:00+00:00,588.4,588.38,588.42,620,1281,588.3930457653867,7.33214695769236e-08,0.0002980358563484664
2024-11-06 17:25:00+00:00,588.58,588.57,588.58,100,200,588.5733333333334,8.222716998399729e-08,-9.038773315128701e-05
2024-11-06 17:26:00+00:00,588.52,588.51,588.54,400,1030,588.5183916083917,6.28674294507783e-08,-4.574197077145126e-05
2024-11-06 17:27:00+00:00,588.52,588.49,588.51,230,200,588.5006976744186,4.273091354473933e-08,0.00031711602574935327
2024-11-06 17:28:00+00:00,588.68,588.67,588.7,654,730,588.6841763005781,4.241226888826942e-08,0.0001953921635171607
2024-11-06 17:29:00+00:00,588.8,588.79,588.8,107,500,588.79176276771,3.041889433252119e-08,-9.612343676290713e-05
2024-11-06 17:30:00+00:00,588.76,588.74,588.75,100,100,588.745,4.886305154291719e-08,-0.0002973271540507305
2024-11-06 17:31:00+00:00,588.57,588.56,588.58,120,600,588.5633333333333,5.457857711969996e-08,0.0001424867759824977
2024-11-06 17:32:00+00:00,588.65,588.65,588.68,135,627,588.6553149606299,5.2415388370402685e-08,0.0002311841487177002
2024-11-06 17:33:00+00:00,588.78,588.77,588.79,400,100,588.786,5.090854762753967e-08,-4.85684999435021e-05
2024-11-06 17:34:00+00:00,588.78,588.76,588.78,300,930,588.7648780487805,4.298994918930455e-08,-2.147741672620107e-06
2024-11-06 17:35:00+00:00,588.77,588.76,588.77,102,600,588.761452991453,4.365269158633352e-08,-1.1025635405781387e-05
2024-11-06 17:36:00+00:00,588.76,588.73,588.77,340,727,588.7427460168698,5.7719024693911344e-08,0.00010684135319261046
2024-11-06 17:37:00+00:00,588.83,588.8,588.83,630,530,588.8162931034483,3.42721233762988e-08,1.9407023944761903e-05
2024-11-06 17:38:00+00:00,588.82,588.81,588.84,650,800,588.8234482758621,3.5695600059102275e-08,-0.0001766097166129299
2024-11-06 17:39:00+00:00,588.74,588.71,588.74,335,130,588.7316129032258,7.389694768233029e-08,-6.0389480672662366e-05
2024-11-06 17:40:00+00:00,588.71,588.7,588.73,430,330,588.7169736842105,4.10329114884595e-08,0.0002772622822122539
2024-11-06 17:41:00+00:00,588.85,588.83,588.85,23,530,588.8308318264014,3.9254024572992923e-08,-0.0001384634946708374
2024-11-06 17:42:00+00:00,588.79,588.77,588.78,1,500,588.7700199600799,3.56120077507478e-08,0.00031875686261551017
2024-11-06 17:43:00+00:00,588.96,588.93,588.97,350,951,588.9407609531129,2.7768976096213325e-08,-7.60469927822971e-05
2024-11-06 17:44:00+00:00,588.92,588.91,588.93,153,700,588.9135873388042,4.878688003324762e-08,-1.908485299817464e-05
2024-11-06 17:45:00+00:00,588.91,588.9,588.91,100,500,588.9016666666666,3.734688129208493e-08,0.000356030010669528
2024-11-06 17:46:00+00:00,589.1,589.09,589.11,200,520,589.0955555555555,5.294942128923901e-08,6.139190441656339e-05
2024-11-06 17:47:00+00:00,589.16,589.14,589.16,200,501,589.1457061340942,1.944153810010189e-07,0.0001465611817856871
2024-11-06 17:48:00+00:00,589.24,589.22,589.24,446,300,589.2319571045576,4.2511133404690096e-08,0.00027632579812464364
2024-11-06 17:49:00+00:00,589.42,589.41,589.43,740,441,589.4225317527519,4.221023504275527e-08,-7.449659704616973e-05
2024-11-06 17:50:00+00:00,589.37,589.35,589.38,422,831,589.3601037509976,3.8925199792329707e-08,-0.0001876015631065986
2024-11-06 17:51:00+00:00,589.23,589.23,589.25,98,800,589.2321826280623,8.697776189605035e-08,-0.0002585391576434004
2024-11-06 17:52:00+00:00,589.09,589.06,589.08,100,900,589.062,4.661391884007876e-08,0.0002557799308569031
2024-11-06 17:53:00+00:00,589.25,589.24,589.25,14,130,589.2409722222222,2.4482020732120544e-08,0.00022227105344074793
2024-11-06 17:54:00+00:00,589.38,589.37,589.38,106,600,589.3715014164306,3.0901729597290065e-08,-0.00014475628706089871
2024-11-06 17:55:00+00:00,589.28,589.28,589.3,100,447,589.2836563071297,2.4178903927850174e-08,-3.7091084439500044e-05
2024-11-06 17:56:00+00:00,589.26,589.25,589.27,158,800,589.2532985386222,1.9450791873024364e-08,5.276820085597933e-05
2024-11-06 17:57:00+00:00,589.31,589.31,589.33,8,640,589.3102469135802,3.6297506789672485e-08,3.056897835174155e-05
2024-11-06 17:58:00+00:00,589.32,589.31,589.32,110,1,589.3199099099099,3.552931448049837e-08,-4.290431763531721e-06
2024-11-06 17:59:00+00:00,589.33,589.31,589.32,100,501,589.3116638935109,3.478652459661313e-08,-4.8335858110371e-05
2024-11-06 18:00:00+00:00,589.27,589.26,589.27,104,500,589.2617218543047,4.02157511345345e-08,-0.00010924546704771387
2024-11-06 18:01:00+00:00,589.23,589.21,589.23,202,300,589.2180478087649,5.566897492719903e-08,0.00010581520893815366
2024-11-06 18:02:00+00:00,589.3,589.28,589.32,1,100,589.2803960396039,4.965812150852995e-07,0.0003623351554020715
2024-11-06 18:03:00+00:00,589.52,589.5,589.54,420,300,589.5233333333333,8.406516173793654e-08,8.299620598450907e-05
2024-11-06 18:04:00+00:00,589.56,589.53,589.57,303,670,589.5424563206578,7.042119801770073e-08,-1.816703491541727e-05
2024-11-06 18:05:00+00:00,589.55,589.54,589.56,101,3,589.559423076923,6.338469381204901e-08,-8.988589895919663e-05
2024-11-06 18:06:00+00:00,589.46,589.46,589.49,718,440,589.4786010362694,4.815097833549572e-08,-7.821970689769753e-05
2024-11-06 18:07:00+00:00,589.43,589.4,589.42,240,500,589.4064864864864,6.633260414198212e-08,3.091267957322508e-05
2024-11-06 18:08:00+00:00,589.45,589.43,589.46,204,430,589.4396529968454,3.500625032017393e-08,0.00020319220259557014
2024-11-06 18:09:00+00:00,589.6,589.57,589.59,28,520,589.5710218978103,4.092994214327062e-08,0.0002209783811906174
2024-11-06 18:10:00+00:00,589.7,589.69,589.71,100,830,589.6921505376345,5.294022776144391e-08,0.00032905555397699793
2024-11-06 18:11:00+00:00,589.88,589.88,589.89,22,500,589.8804214559387,4.685681660614291e-08,-7.334164476746619e-05
2024-11-06 18:12:00+00:00,589.87,589.85,589.87,120,400,589.8546153846154,3.31608904062763e-08,0.00013594558234975018
2024-11-06 18:13:00+00:00,589.95,589.92,589.95,200,1050,589.9248,2.9875341019981554e-08,4.1301683968431036e-06
2024-11-06 18:14:00+00:00,589.93,589.92,589.93,100,1000,589.920909090909,8.220348853372125e-08,-7.296159992020712e-05
2024-11-06 18:15:00+00:00,589.89,589.89,589.91,279,203,589.9015767634854,4.03699937534059e-08,-0.00015041242169455682
2024-11-06 18:16:00+00:00,589.81,589.8,589.81,12,200,589.8005660377357,6.766417681569258e-08,8.769432744504257e-05
2024-11-06 18:17:00+00:00,589.87,589.87,589.88,600,600,589.875,1.4672853570584243e-08,-6.356916334648854e-05
2024-11-06 18:18:00+00:00,589.85,589.82,589.84,540,100,589.8368750000001,2.5377175439907894e-08,0.000301585561341966
2024-11-06 18:19:00+00:00,590.0,589.98,590.0,73,270,589.9842565597668,3.6390886502584215e-08,0.00015645083091464507
2024-11-06 18:20:00+00:00,590.09,590.07,590.09,826,1100,590.0785773624092,3.597666874003455e-08,-0.0002814183812974713
2024-11-06 18:21:00+00:00,589.95,589.91,589.94,621,602,589.9252330335241,5.995116635053752e-08,-0.00012989949114072807
2024-11-06 18:22:00+00:00,589.84,589.84,589.86,82,1150,589.8413311688312,1.2176277070507585e-07,-0.000264583394907536
2024-11-06 18:23:00+00:00,589.69,589.68,589.69,300,49,589.6885959885387,6.549457012035714e-08,0.00031029827466877435
2024-11-06 18:24:00+00:00,589.88,589.88,589.89,200,503,589.8828449502134,3.7633405801419545e-08,3.123503200419542e-05
2024-11-06 18:25:00+00:00,589.89,589.89,589.9,200,500,589.8928571428571,1.6279415978027995e-08,-6.567701891435629e-05
2024-11-06 18:26:00+00:00,589.86,589.84,589.86,102,622,589.8428176795582,2.616394056809691e-08,0.00023331140938620543
2024-11-06 18:27:00+00:00,589.99,589.98,590.0,15,408,589.9807092198581,2.267158320729733e-08,0.00022506709386482804
2024-11-06 18:28:00+00:00,590.13,590.1,590.11,200,698,590.1022271714922,3.432772185506777e-08,4.046330888152205e-05
2024-11-06 18:29:00+00:00,590.14,590.13,590.15,100,400,590.134,3.041699241924203e-08,5.191284025252152e-05
2024-11-06 18:30:00+00:00,590.18,590.18,590.2,386,300,590.1912536443148,4.465710304707606e-08,0.00012860660241198474
2024-11-06 18:31:00+00:00,590.22,590.2,590.22,225,701,590.2048596112311,5.517147150390655e-08,-0.00014329276605151708
2024-11-06 18:32:00+00:00,590.18,590.17,590.18,101,500,590.1716805324459,2.2673934778285242e-08,0.00027335210666756815
2024-11-06 18:33:00+00:00,590.3,590.3,590.32,241,300,590.308909426987,2.7802899396174275e-08,-1.4760653646805899e-05
2024-11-06 18:34:00+00:00,590.32,590.3,590.33,498,900,590.3106866952791,4.17566758370914e-08,0.0001380356192333121
2024-11-06 18:35:00+00:00,590.42,590.39,590.41,498,100,590.4066555183946,2.6985359022351706e-08,-0.00010233699608819258
2024-11-06 18:36:00+00:00,590.35,590.33,590.35,250,199,590.3411358574612,3.1735759157104124e-08,-4.795165085147435e-05
2024-11-06 18:37:00+00:00,590.35,590.33,590.35,150,200,590.3385714285714,2.392090738216378e-08,-0.00020562577672955662
2024-11-06 18:38:00+00:00,590.22,590.21,590.23,150,300,590.2166666666667,4.678157438406978e-08,8.795652103943397e-05
2024-11-06 18:39:00+00:00,590.24,590.23,590.24,300,234,590.2356179775281,2.308225897651316e-08,-1.2263614741825357e-05
2024-11-06 18:40:00+00:00,590.23,590.21,590.23,357,2,590.2298885793873,2.8118079763479436e-08,-3.302033551300099e-05
2024-11-06 18:41:00+00:00,590.21,590.2,590.22,639,602,590.2102981466559,1.9315807433923306e-08,0.00013076466921102536
2024-11-06 18:42:00+00:00,590.31,590.3,590.32,316,810,590.3056127886323,4.2744738532120834e-08,0.0002569247392953944
2024-11-06 18:43:00+00:00,590.45,590.44,590.45,152,100,590.4460317460318,2.4114672035287034e-08,-7.651789283658061e-05
2024-11-06 18:44:00+00:00,590.39,590.38,590.4,230,100,590.3939393939394,2.700911938808011e-08,-0.0001445249881116828
2024-11-06 18:45:00+00:00,590.31,590.3,590.32,777,230,590.3154319761668,1.626284680430483e-08,0.00016402835151163586
2024-11-06 18:46:00+00:00,590.41,590.4,590.42,84,500,590.4028767123289,5.6903128625829987e-08,0.0002512936199658977
2024-11-06 18:47:00+00:00,590.56,590.54,590.57,1003,821,590.5564967105263,3.80492571863901e-08,-2.752594595101243e-05
2024-11-06 18:48:00+00:00,590.55,590.54,590.55,230,630,590.5426744186046,3.3830967105333556e-08,0.00019579546201198283
2024-11-06 18:49:00+00:00,590.65,590.65,590.67,450,600,590.6585714285715,1.5092733009836682e-08,-3.309056258882226e-05
2024-11-06 18:50:00+00:00,590.64,590.64,590.65,3,1000,590.6400299102692,1.5891124226618156e-08,-3.6300307972303436e-05
2024-11-06 18:51:00+00:00,590.62,590.6,590.61,418,500,590.6045533769063,2.7697167130926118e-08,-0.00013967449655949427
2024-11-06 18:52:00+00:00,590.54,590.53,590.54,100,100,590.535,4.0945010113626e-08,-0.00018576651279500478
2024-11-06 18:53:00+00:00,590.44,590.4,590.42,1456,100,590.4187146529563,8.936374627662666e-08,-0.00038328910219642687
2024-11-06 18:54:00+00:00,590.21,590.2,590.23,1054,1000,590.2153943524829,2.9141696248082943e-08,0.0001939876263232776
2024-11-06 18:55:00+00:00,590.31,590.31,590.33,87,900,590.311762917933,3.7295964265634846e-08,0.00020592097963323397
2024-11-06 18:56:00+00:00,590.45,590.41,590.43,500,393,590.4211982082867,3.302623777989421e-08,-0.0002502505046177994
2024-11-06 18:57:00+00:00,590.29,590.3,590.31,100,200,590.3033333333333,2.4734190060141648e-08,8.32375220549686e-05
2024-11-06 18:58:00+00:00,590.35,590.32,590.35,1315,330,590.3439817629179,3.6381822290473224e-08,-0.00034515210750163394
2024-11-06 18:59:00+00:00,590.14,590.12,590.14,100,754,590.1223419203747,2.1376646485573833e-08,0.00022556882491220343
2024-11-06 19:00:00+00:00,590.26,590.26,590.28,100,623,590.2627662517289,5.9279820531327225e-08,1.7335166256460255e-05
2024-11-06 19:01:00+00:00,590.27,590.26,590.28,601,102,590.2770981507823,4.886037842010936e-08,0.00031624124626294936
2024-11-06 19:02:00+00:00,590.48,590.47,590.5,750,311,590.4912064090481,5.413749562103551e-08,0.00012959837728598878
2024-11-06 19:03:00+00:00,590.54,590.54,590.56,100,500,590.5433333333333,3.1570667817042914e-08,-0.00016554880955144124
2024-11-06 19:04:00+00:00,590.43,590.42,590.45,203,230,590.4340646651269,5.3833600197672816e-08,-0.00023132882351994954
2024-11-06 19:05:00+00:00,590.33,590.32,590.34,500,48,590.3382481751825,5.211322794789666e-08,-0.00011842869439704362
2024-11-06 19:06:00+00:00,590.24,590.23,590.25,130,201,590.2378549848943,8.628068067665835e-08,-0.00043344433195746657
2024-11-06 19:07:00+00:00,590.0,589.98,590.01,201,230,589.9939907192575,1.2410013184933506e-07,2.718905388165993e-06
2024-11-06 19:08:00+00:00,590.02,589.98,590.0,102,530,589.9832278481013,8.133752090817594e-08,0.0003619479561529637
2024-11-06 19:09:00+00:00,590.19,590.18,590.21,317,405,590.1931717451523,5.1118719877172235e-08,-6.361998234272193e-05
2024-11-06 19:10:00+00:00,590.18,590.14,590.17,100,850,590.1431578947369,4.222600646746675e-08,-0.00022133892621267748
2024-11-06 19:11:00+00:00,590.01,590.0,590.02,560,200,590.0147368421053,4.0122213704220173e-08,-2.7610279508261115e-06
2024-11-06 19:12:00+00:00,590.01,590.0,590.02,530,100,590.0168253968253,3.690552795379531e-08,0.00033635385250385674
2024-11-06 19:13:00+00:00,590.24,590.23,590.25,530,205,590.2444217687075,1.5673634805711108e-08,0.00015634165290578927
2024-11-06 19:14:00+00:00,590.32,590.31,590.32,590,350,590.3162765957447,5.1594008422320286e-08,9.468350745533982e-05
2024-11-06 19:15:00+00:00,590.38,590.36,590.39,1200,151,590.3866469282013,3.645313039687467e-08,-4.3562687627729524e-05
2024-11-06 19:16:00+00:00,590.37,590.36,590.37,4,100,590.3603846153846,2.9208306717393153e-08,0.00014639637002478167
2024-11-06 19:17:00+00:00,590.45,590.45,590.46,200,100,590.4566666666667,7.629741860194946e-08,-0.0002444050250653973
2024-11-06 19:18:00+00:00,590.29,590.28,590.3,250,200,590.2911111111111,2.7976336753212454e-08,-9.070852449566402e-05
2024-11-06 19:19:00+00:00,590.23,590.24,590.27,150,703,590.2452754982415,3.991407083656365e-08,0.00025491693389723125
2024-11-06 19:20:00+00:00,590.39,590.38,590.41,208,768,590.386393442623,1.8978034920815377e-08,0.000114679564493958
2024-11-06 19:21:00+00:00,590.48,590.46,590.48,996,100,590.4781751824818,3.13433487892177e-08,-7.285649512467351e-05
2024-11-06 19:22:00+00:00,590.42,590.42,590.44,250,153,590.4324069478909,3.195379121331068e-08,-0.00016225995279539607
2024-11-06 19:23:00+00:00,590.31,590.31,590.33,121,406,590.3145920303605,1.866692453645069e-08,3.83961788605891e-05
2024-11-06 19:24:00+00:00,590.35,590.33,590.35,587,100,590.3470887918486,2.1315487181577664e-08,4.100908802873171e-05
2024-11-06 19:25:00+00:00,590.37,590.35,590.38,430,350,590.3665384615385,2.265900797984166e-08,0.00021337089636364048
2024-11-06 19:26:00+00:00,590.47,590.45,590.48,700,251,590.4720820189274,1.125406249528309e-08,1.3952268807404522e-05
2024-11-06 19:27:00+00:00,590.49,590.49,590.51,300,100,590.505,2.2614544958229316e-08,0.0001838209823801229
2024-11-06 19:28:00+00:00,590.56,590.55,590.57,219,250,590.5593390191898,2.5836565776224403e-08,-0.0001704861962292803
2024-11-06 19:29:00+00:00,590.53,590.52,590.55,901,350,590.5416067146282,2.936210050695545e-08,3.198111012014948e-05
2024-11-06 19:30:00+00:00,590.53,590.54,590.56,600,150,590.5559999999999,2.8626267492287946e-08,0.0001374007819729961
2024-11-06 19:31:00+00:00,590.61,590.61,590.63,700,320,590.6237254901961,3.8652306109042964e-08,0.00011857502861034597
2024-11-06 19:32:00+00:00,590.67,590.66,590.69,823,100,590.6867497291443,5.637841009817502e-08,8.044719529864963e-06
2024-11-06 19:33:00+00:00,590.67,590.66,590.68,570,102,590.6769642857142,3.3953945500591337e-08,2.4508527018296533e-05
2024-11-06 19:34:00+00:00,590.68,590.67,590.69,100,900,590.672,4.111009435722146e-08,-0.0003376160950502305
2024-11-06 19:35:00+00:00,590.51,590.5,590.53,350,1500,590.5056756756757,4.984499593977509e-08,-6.371611008693101e-05
2024-11-06 19:36:00+00:00,590.47,590.46,590.49,480,530,590.4742574257426,3.991312605322365e-08,0.00017126662551869565
2024-11-06 19:37:00+00:00,590.57,590.55,590.58,50,670,590.5520833333333,2.093483846967245e-08,0.0001624788713843195
2024-11-06 19:38:00+00:00,590.66,590.65,590.67,234,700,590.6550107066381,2.8190751117198285e-08,-4.63175679541461e-05
2024-11-06 19:39:00+00:00,590.64,590.64,590.65,100,1396,590.6406684491978,4.392681350644415e-08,-0.0002820170640076558
2024-11-06 19:40:00+00:00,590.48,590.47,590.49,100,230,590.4760606060606,4.033109056758196e-08,-0.00015586015784829765
2024-11-06 19:41:00+00:00,590.37,590.37,590.38,100,100,590.375,2.7207138068005676e-08,0.0001014145924089771
2024-11-06 19:42:00+00:00,590.39,590.39,590.42,630,350,590.4092857142857,3.716363623966824e-08,-0.00032158411335392323
2024-11-06 19:43:00+00:00,590.24,590.22,590.25,1442,650,590.2406787762907,3.476545224185472e-08,-8.87916906782138e-05
2024-11-06 19:44:00+00:00,590.2,590.19,590.21,330,100,590.2053488372094,2.4252054940723548e-08,0.00017922312553242392
2024-11-06 19:45:00+00:00,590.31,590.29,590.32,850,671,590.3067652859961,2.9664144933085565e-08,0.00029926758975307166
2024-11-06 19:46:00+00:00,590.46,590.46,590.48,300,100,590.475,6.173454994144207e-08,8.01153007290445e-06
2024-11-06 19:47:00+00:00,590.48,590.48,590.49,100,100,590.485,3.759268289676779e-08,0.00012630850190986642
2024-11-06 19:48:00+00:00,590.56,590.55,590.57,213,20,590.5682832618025,3.974041855638029e-08,-6.035391060366102e-05
2024-11-06 19:49:00+00:00,590.52,590.51,590.53,156,971,590.5127684117124,3.937667011850837e-08,-2.9449446121154743e-05
2024-11-06 19:50:00+00:00,590.49,590.49,590.5,1,702,590.490014224751,3.570282197940343e-08,-0.0002738695383072143
2024-11-06 19:51:00+00:00,590.33,590.33,590.34,100,200,590.3333333333334,3.6444949001150694e-08,-8.373573003594981e-05
2024-11-06 19:52:00+00:00,590.28,590.26,590.29,600,800,590.2728571428571,3.736326288287947e-08,-5.509640678158512e-05
2024-11-06 19:53:00+00:00,590.24,590.24,590.25,100,9,590.2491743119266,4.178343903316135e-08,-3.444963897525355e-05
2024-11-06 19:54:00+00:00,590.24,590.22,590.24,550,100,590.2369230769231,3.333870968687474e-08,0.00012600437903098616
2024-11-06 19:55:00+00:00,590.3,590.28,590.3,767,700,590.290456714383,4.1264713083301816e-08,-1.5470524880600856e-05
2024-11-06 19:56:00+00:00,590.28,590.27,590.28,2,200,590.270099009901,3.632364148781775e-08,0.00011542030599276387
2024-11-06 19:57:00+00:00,590.36,590.36,590.37,128,800,590.3613793103448,2.9515893840766326e-08,0.00013667799467542707
2024-11-06 19:58:00+00:00,590.43,590.43,590.45,650,700,590.4396296296296,3.7380055797896303e-08,7.338450302274424e-05
2024-11-06 19:59:00+00:00,590.48,590.48,590.49,975,1164,590.4845582047685,2.821716283641909e-08,7.673209315606222e-05
2024-11-06 20:00:00+00:00,590.53,590.53,590.55,212,700,590.534649122807,5.1436529896946565e-08,-0.00014793458174999774
2024-11-06 20:01:00+00:00,590.46,590.45,590.47,420,200,590.4635483870968,3.482182266417408e-08,0.00033943236559030865
2024-11-06 20:02:00+00:00,590.65,590.64,590.65,300,105,590.6474074074074,5.4684492706985386e-08,-7.630466625718757e-05
2024-11-06 20:03:00+00:00,590.6,590.6,590.62,350,100,590.6155555555556,4.441289419589562e-08,0.0001702906086329392
2024-11-06 20:04:00+00:00,590.71,590.68,590.72,930,1130,590.6980582524271,3.4844825815202745e-08,-0.00021350939027109384
2024-11-06 20:05:00+00:00,590.57,590.57,590.58,221,832,590.5720987654321,3.161033022169708e-08,0.0002762458024010428
2024-11-06 20:06:00+00:00,590.74,590.73,590.74,883,100,590.7389827060019,4.3470938569679724e-08,0.00017679216046695423
2024-11-06 20:07:00+00:00,590.87,590.86,590.88,420,110,590.8758490566038,4.3697690093239904e-08,7.885863592771436e-05
2024-11-06 20:08:00+00:00,590.9,590.88,590.91,670,903,590.89277813096,4.573137935242333e-08,3.69327819207399e-05
2024-11-06 20:09:00+00:00,590.92,590.91,590.93,1,1000,590.91001998002,2.7735613623385892e-08,9.357569926149445e-05
2024-11-06 20:10:00+00:00,590.97,590.96,590.98,415,803,590.9668144499179,3.486817804670913e-08,-3.974695296338204e-05
2024-11-06 20:11:00+00:00,590.94,590.94,590.96,130,500,590.9441269841269,4.963114330438409e-08,0.00028862108255989227
2024-11-06 20:12:00+00:00,591.13,591.11,591.13,200,230,591.1193023255814,6.648439300787739e-08,0.00017628390364343716
2024-11-06 20:13:00+00:00,591.22,591.2,591.23,450,301,591.2179760319574,7.323526546130942e-08,0.00014659036450237473
2024-11-06 20:14:00+00:00,591.32,591.32,591.34,200,100,591.3333333333334,4.849705186314376e-08,0.0002819021660478427
2024-11-06 20:15:00+00:00,591.47,591.45,591.47,260,700,591.4554166666668,5.545281198023854e-08,4.7061807872061934e-05
2024-11-06 20:16:00+00:00,591.5,591.49,591.51,400,4,591.509801980198,7.673721367684493e-08,3.857682111907401e-05
2024-11-06 20:17:00+00:00,591.55,591.54,591.56,100,130,591.5486956521738,3.089122401211884e-08,-0.00020403801214041728
2024-11-06 20:18:00+00:00,591.4,591.39,591.41,130,110,591.4008333333334,7.522902697198531e-08,9.63167702205947e-05
2024-11-06 20:19:00+00:00,591.46,591.45,591.47,100,501,591.4533277870216,4.3710114301429766e-08,-5.275300624629775e-05
2024-11-06 20:20:00+00:00,591.43,591.41,591.43,100,596,591.4128735632183,8.093794693465764e-08,0.00013532943127714248
2024-11-06 20:21:00+00:00,591.51,591.5,591.51,100,900,591.501,5.4090967703398074e-08,-0.0005902145583088769
2024-11-06 20:22:00+00:00,591.19,591.2,591.22,250,100,591.2142857142857,7.04103907853399e-08,9.050954936729028e-05
2024-11-06 20:23:00+00:00,591.21,591.19,591.21,201,200,591.2000249376559,5.7680055899718885e-08,-0.00038559958786343884
2024-11-06 20:24:00+00:00,590.97,590.95,590.98,420,420,590.965,9.53311925263514e-08,2.5952303227771978e-05
2024-11-06 20:25:00+00:00,591.01,590.99,591.01,21,133,590.9927272727273,5.912814729176152e-08,0.0004685683587926093
2024-11-06 20:26:00+00:00,591.27,591.26,591.28,498,611,591.2689810640217,5.0804499897739145e-08,-0.0001113087155182324
2024-11-06 20:27:00+00:00,591.2,591.2,591.22,12,1000,591.2002371541502,3.378725524757614e-08,-4.10709311248203e-05
2024-11-06 20:28:00+00:00,591.18,591.18,591.19,8,1000,591.1800793650793,2.6038495604977054e-08,-0.0001448756992952216
2024-11-06 20:29:00+00:00,591.09,591.07,591.09,450,1859,591.0738977912516,4.1198665727504806e-08,2.6605531781465075e-05
2024-11-06 20:30:00+00:00,591.11,591.09,591.12,250,951,591.0962447960034,7.060893692234438e-08,0.00018420948754060973
2024-11-06 20:31:00+00:00,591.22,591.22,591.23,100,645,591.2213422818792,4.767414987541246e-08,0.0001313660376507375
2024-11-06 20:32:00+00:00,591.3,591.29,591.31,200,1000,591.2933333333333,3.9143694275080817e-08,0.00020004314940380574
2024-11-06 20:33:00+00:00,591.42,591.41,591.43,130,900,591.4125242718446,9.148081527584875e-08,-0.0003684214761476845
2024-11-06 20:34:00+00:00,591.18,591.15,591.18,468,1000,591.1595640326975,4.004114201109338e-08,8.479765409852291e-05
2024-11-06 20:35:00+00:00,591.26,591.24,591.25,301,300,591.2450083194675,7.968616179374397e-08,-6.667445987051934e-05
2024-11-06 20:36:00+00:00,591.23,591.21,591.24,450,1000,591.2193103448276,3.076310623867353e-08,-3.457066644818596e-05
2024-11-06 20:37:00+00:00,591.2,591.19,591.2,100,300,591.1925000000001,6.80846299563648e-08,-0.0004012050035545611
2024-11-06 20:38:00+00:00,590.96,590.98,590.99,100,850,590.9810526315789,7.35976268860959e-08,-3.353783276771605e-05
2024-11-06 20:39:00+00:00,590.9,590.88,590.9,279,670,590.8858798735511,5.1286042517536456e-08,-0.00014514191951053856
2024-11-06 20:40:00+00:00,590.83,590.81,590.84,320,950,590.8175590551182,9.077038240340682e-08,0.00013227843383689653
2024-11-06 20:41:00+00:00,590.93,590.92,590.93,1000,750,590.9257142857143,5.9339288194869014e-08,1.7691770135108698e-05
2024-11-06 20:42:00+00:00,590.94,590.93,590.94,407,100,590.9380276134123,7.041264891462443e-08,4.9559506281493526e-05
2024-11-06 20:43:00+00:00,590.96,590.95,590.96,224,200,590.955283018868,4.211886328093896e-08,0.0005744373606353381
2024-11-06 20:44:00+00:00,591.3,591.3,591.31,1384,7,591.3099496764917,5.150169260014681e-08,0.0002029236561127412
2024-11-06 20:45:00+00:00,591.41,591.4,591.41,15,1106,591.4001338090991,6.940612778708785e-08,-0.00023823961616631362
2024-11-06 20:46:00+00:00,591.3,591.29,591.31,1100,500,591.3037499999999,5.810686225095927e-08,0.0005068621825112807
2024-11-06 20:47:00+00:00,591.59,591.58,591.59,969,100,591.589064546305,1.4555850276792185e-07,0.0001271516437137965
2024-11-06 20:48:00+00:00,591.65,591.64,591.66,211,100,591.6535691318328,5.311183834043338e-08,0.0003895803241444895
2024-11-06 20:49:00+00:00,591.89,591.89,591.9,697,1100,591.8938786867001,4.3182550399143384e-08,-9.301538039951929e-05
2024-11-06 20:50:00+00:00,591.81,591.81,591.83,200,500,591.8157142857143,1.8895569985467383e-07,-0.0006615595996716239
2024-11-06 20:51:00+00:00,591.44,591.44,591.45,112,250,591.443093922652,3.838216630818179e-07,-0.0008835655256193009
2024-11-06 20:52:00+00:00,590.91,590.9,590.93,730,250,590.9223469387754,2.064632805032335e-07,-0.00011531488453775385
2024-11-06 20:53:00+00:00,590.86,590.85,590.86,740,301,590.8571085494717,7.73213318963156e-08,0.00038355136657375333
2024-11-06 20:54:00+00:00,591.07,591.06,591.08,100,1470,591.0612738853503,1.9775964900631833e-07,-0.00026843777897345156
2024-11-06 20:55:00+00:00,590.94,590.93,590.96,160,560,590.9366666666667,2.738030842293518e-07,0.0003540980762131163
2024-11-06 20:56:00+00:00,591.1,591.09,591.1,300,333,591.0947393364928,9.031918414256307e-08,0.00012329162294144602
2024-11-06 20:57:00+00:00,591.2,591.19,591.2,2095,928,591.1969302017864,1.1672412556072179e-07,-3.694332799186739e-05
2024-11-06 20:58:00+00:00,591.18,591.17,591.19,535,1381,591.1755845511482,1.8052118569167195e-07,-0.0006832034908509366
2024-11-06 20:59:00+00:00,590.77,590.76,590.77,320,200,590.7661538461539,8.511218073467967e-07,0.00045397857035034406
2024-11-06 21:00:00+00:00,591.04,591.01,591.04,1000,223413,591.010133682095,2.622364022736769e-07,0.00031769707417961257
2024-11-06 21:01:00+00:00,591.24,591.22,591.27,360,1550,591.2294240837696,7.723101006785833e-08,0.00016430942465528453
2024-11-06 21:02:00+00:00,591.33,591.3,591.33,570,270,591.3203571428572,4.775368042601561e-08,-2.0578775254187498e-05
2024-11-06 21:03:00+00:00,591.37,591.3,591.32,750,50,591.31875,3.911824580747447e-08,-0.00012125578577071305
2024-11-06 21:04:00+00:00,591.25,591.24,591.28,550,550,591.26,2.7569161582065853e-08,-2.4446228527708058e-05
2024-11-06 21:05:00+00:00,591.22,591.22,591.25,350,760,591.2294594594595,5.419591259099731e-08,4.209721000192346e-05
2024-11-06 21:06:00+00:00,591.25,591.24,591.29,570,1060,591.2574846625766,2.678426756070293e-08,-0.00016487683472166115
2024-11-06 21:07:00+00:00,591.14,591.14,591.18,570,570,591.16,1.5584958124129175e-08,-0.00010219794211940858
2024-11-06 21:08:00+00:00,591.12,591.09,591.14,560,1560,591.1032075471699,8.971842848339471e-09,-5.0097083699518485e-05
2024-11-06 21:09:00+00:00,591.05,591.06,591.07,300,1,591.0699667774087,4.2151963556646214e-08,-2.2514965963393863e-05
2024-11-06 21:10:00+00:00,591.04,591.04,591.08,133,850,591.045412004069,1.9591731125941178e-08,-6.316389955518531e-06
2024-11-06 21:11:00+00:00,591.06,591.05,591.07,550,160,591.0654929577465,1.4559896887396985e-08,2.8943120460533933e-05
2024-11-06 21:12:00+00:00,591.09,591.07,591.08,4,1050,591.0700379506641,2.513977735667776e-08,-3.300281855000975e-05
2024-11-06 21:13:00+00:00,591.07,591.05,591.07,15,550,591.0505309734513,1.520770920833783e-08,6.295732781325114e-05
2024-11-06 21:14:00+00:00,591.08,591.07,591.12,550,1000,591.0877419354839,2.4744566325454164e-08,-0.0002606012963080051
2024-11-06 21:15:00+00:00,590.95,590.91,590.95,300,550,590.9241176470588,2.1840350236476208e-08,6.892992175688839e-05
2024-11-06 21:16:00+00:00,590.94,590.94,590.97,3095,500,590.9658275382477,1.6274456922672153e-08,-0.00020228934002375354
2024-11-06 21:17:00+00:00,590.85,590.83,590.85,560,500,590.8405660377358,2.230594045411502e-08,0.0002020747016604485
2024-11-06 21:18:00+00:00,590.97,590.95,590.99,300,550,590.9641176470589,8.216904165118372e-09,0.00012521695408529432
2024-11-06 21:19:00+00:00,591.03,591.03,591.05,300,75,591.046,2.61025820926981e-08,0.00010457533494001581
2024-11-06 21:20:00+00:00,591.1,591.11,591.13,5,1050,591.1100947867299,6.567848040043176e-09,-8.877489925085413e-05
2024-11-06 21:21:00+00:00,591.03,591.03,591.06,464,40,591.057619047619,1.7483989819214525e-08,0.0001353505942938149
2024-11-06 21:22:00+00:00,591.13,591.13,591.17,396,1700,591.1375572519084,8.039339134126915e-09,-5.493535183498377e-05
2024-11-06 21:23:00+00:00,591.12,591.1,591.12,400,1155,591.1051446945338,2.6740307645799315e-08,0.0002422906426233773
2024-11-06 21:24:00+00:00,591.25,591.24,591.25,501,98,591.2483639398998,2.0512428994783078e-08,-0.00013737219028520098
2024-11-06 21:25:00+00:00,591.13,591.15,591.18,800,600,591.1671428571428,7.648750538931568e-09,-0.0001778563954597523
2024-11-06 21:26:00+00:00,591.05,591.05,591.08,400,600,591.062,1.1468458139342802e-08,6.310735909553777e-05
2024-11-06 21:27:00+00:00,591.1,591.08,591.1,800,29,591.0993003618818,2.7283384220432622e-08,0.00010456914632039904
2024-11-06 21:28:00+00:00,591.17,591.14,591.18,1700,600,591.1695652173913,2.6366552770147194e-08,5.7325978065847494e-05
2024-11-06 21:29:00+00:00,591.26,591.2,591.22,100,500,591.2033333333334,1.2758725658784264e-08,0.0001084244623177355
2024-11-06 21:30:00+00:00,591.26,591.23,591.26,970,30,591.2591,2.4664331956207667e-08,-0.00011162035683520699
2024-11-06 21:31:00+00:00,591.21,591.18,591.22,570,1170,591.1931034482759,7.851721085668026e-09,-3.0498058465999733e-05
2024-11-06 21:32:00+00:00,591.15,591.15,591.2,870,1362,591.1694892473118,1.2306877588315408e-08,5.636550648890903e-06
2024-11-06 21:33:00+00:00,591.2,591.15,591.19,1360,1170,591.1715019762845,2.0460440230680454e-08,3.43940515845631e-05
2024-11-06 21:34:00+00:00,591.18,591.18,591.2,19309,1300,591.1987384152555,1.393330058641994e-08,-7.380623421537891e-06
2024-11-06 21:35:00+00:00,591.21,591.16,591.21,1100,500,591.194375,2.161761652726723e-08,-9.603002093416801e-05
2024-11-06 21:36:00+00:00,591.12,591.12,591.17,1141,2100,591.1376025917926,1.523716766491294e-08,4.63469217442114e-05
2024-11-06 21:37:00+00:00,591.17,591.14,591.19,1200,1200,591.165,9.614952565930325e-09,-3.201201137414955e-05
2024-11-06 21:38:00+00:00,591.13,591.12,591.17,1200,1101,591.146075619296,3.997338944462066e-08,9.483751231376125e-05
2024-11-06 21:39:00+00:00,591.21,591.17,591.21,1300,318,591.2021384425217,2.885688405656447e-08,-1.2674488773734005e-05
2024-11-06 21:40:00+00:00,591.2,591.17,591.2,1100,239,591.194645257655,1.0099514636375805e-08,-5.832757374524267e-05
2024-11-06 21:41:00+00:00,591.16,591.16,591.18,9,1100,591.1601623083859,1.2971288263730772e-08,-9.093269253912517e-06
2024-11-06 21:42:00+00:00,591.13,591.15,591.17,101,321,591.1547867298578,3.929824549272504e-08,7.406638615892192e-05
2024-11-06 21:43:00+00:00,591.19,591.2,591.23,1200,1,591.2299750208159,1.1989842150275824e-08,0.00010864373684582596
2024-11-06 21:44:00+00:00,591.27,591.26,591.29,103,1000,591.2628014505893,3.0469950691572535e-08,-0.00014936108690466465
2024-11-06 21:45:00+00:00,591.2,591.15,591.21,600,1170,591.1703389830509,1.58248575010979e-08,0.00028106864124488595
2024-11-06 21:46:00+00:00,591.35,591.3,591.35,1300,299,591.340650406504,1.1081904093676056e-08,-3.1018862281073645e-05
2024-11-06 21:47:00+00:00,591.33,591.32,591.35,90,1100,591.3222689075631,1.6878741203703495e-08,0.0001482564113799434
2024-11-06 21:48:00+00:00,591.37,591.37,591.41,1600,1,591.4099750156153,2.9225830016125312e-08,-1.7122449485151847e-05
2024-11-06 21:49:00+00:00,591.4,591.38,591.4,1049,8,591.399848628193,3.868276728230617e-08,0.00019711742087347162
2024-11-06 21:50:00+00:00,591.5,591.48,591.52,1100,108,591.5164238410596,1.3910722614269668e-08,-4.4502636950327634e-05
2024-11-06 21:51:00+00:00,591.54,591.49,591.53,1,300,591.4901328903654,2.6408486021324745e-09,6.757982068616997e-05
2024-11-06 21:52:00+00:00,591.57,591.53,591.57,2,1100,591.5300725952814,5.25073382948051e-08,4.3705393593107544e-07
2024-11-06 21:53:00+00:00,591.57,591.53,591.58,2,300,591.5303311258278,4.398469801794274e-08,0.0003543250506445883
2024-11-06 21:54:00+00:00,591.73,591.72,591.74,2100,3,591.7399714693295,4.00683028761436e-08,-0.00023608157922561102
2024-11-06 21:55:00+00:00,591.63,591.6,591.62,5,1100,591.6000904977375,2.7912903355635692e-08,6.64347980023905e-05
2024-11-06 21:56:00+00:00,591.65,591.63,591.67,344,1100,591.6395290858726,1.7502362356503558e-08,0.00020150937904972466
2024-11-06 21:57:00+00:00,591.72,591.74,591.77,500,300,591.75875,6.224072997940767e-08,0.00015420568730117878
2024-11-06 21:58:00+00:00,591.86,591.84,591.87,1300,2599,591.8500025647602,1.9143686447343618e-08,-5.07388909122275e-05
2024-11-06 21:59:00+00:00,591.87,591.79,591.81,1100,500,591.8037499999999,2.7792870702556302e-08,-2.9922276901017675e-05
2024-11-06 22:00:00+00:00,591.79,591.8,591.84,60,1000,591.8022641509434,1.0705267628051243e-07,-7.141600075499799e-05
2024-11-06 22:01:00+00:00,591.8,591.71,591.81,500,500,591.76,3.2104920977994084e-09,7.111165220297089e-05
2024-11-06 22:02:00+00:00,591.71,591.71,591.81,500,43,591.8020810313076,3.1592497492759156e-09,-4.5725419760445085e-05
2024-11-06 22:03:00+00:00,591.8,591.72,591.8,500,227,591.7750206327373,3.8405871228407367e-10,-6.987817880999003e-06
2024-11-06 22:04:00+00:00,591.8,591.71,591.8,501,100,591.7850249584027,6.5059585486045e-08,-0.00011125713765647305
2024-11-06 22:05:00+00:00,591.75,591.7,591.75,400,3562,591.705047955578,2.345879084960498e-08,5.842421543977849e-05
2024-11-06 22:06:00+00:00,591.72,591.7,591.74,4443,43,591.7396165849309,2.541711581225713e-08,8.456956722202591e-05
2024-11-06 22:07:00+00:00,591.74,591.75,591.79,2914,25,591.7896597482136,7.091060090276076e-09,1.7193083226230144e-05
2024-11-06 22:08:00+00:00,591.79,591.75,591.8,301,1,591.799834437086,2.461497076046524e-09,-3.0199096423544347e-05
2024-11-06 22:09:00+00:00,591.8,591.8,591.81,1,500,591.8000199600798,4.920567639538913e-09,9.56267508669395e-05
2024-11-06 22:10:00+00:00,591.84,591.83,591.84,2624,444,591.8385528031291,4.433691826447379e-09,-3.1277487753889055e-05
2024-11-06 22:11:00+00:00,591.83,591.82,591.83,2,479,591.8200415800416,3.036463405242361e-09,4.3915239297476205e-05
2024-11-06 22:12:00+00:00,591.85,591.85,591.86,692,2128,591.8524539007092,5.796398639678629e-09,-0.00012420846052751955
2024-11-06 22:13:00+00:00,591.76,591.75,591.84,293,878,591.7725192143467,5.886925046119874e-09,0.0001462190316234846
2024-11-06 22:14:00+00:00,591.86,591.84,591.86,100,5,591.8590476190476,1.4464953595228094e-09,2.9768992617418277e-05
2024-11-06 22:15:00+00:00,591.87,591.87,591.88,100,50,591.8766666666667,3.2222661214589753e-08,-5.2314178629608854e-05
2024-11-06 22:16:00+00:00,591.85,591.75,591.85,490,22,591.845703125,1.0203467081442215e-08,-0.00012308272537631115
2024-11-06 22:17:00+00:00,591.75,591.75,591.83,200,500,591.7728571428571,1.4630185824267013e-09,-1.1760774215274772e-05
2024-11-06 22:18:00+00:00,591.74,591.74,591.83,202,500,591.7658974358975,2.0598435109910237e-08,-0.00013931673116041043
2024-11-06 22:19:00+00:00,591.68,591.68,591.7,38,182,591.6834545454545,5.7003852733712844e-09,0.000109891638513826
2024-11-06 22:20:00+00:00,591.75,591.7,591.75,318,10,591.748475609756,9.66485510225623e-10,-2.98623702184031e-05
2024-11-06 22:21:00+00:00,591.75,591.7,591.74,603,180,591.7308045977012,2.343749503606559e-08,-0.00027513287534841613
2024-11-06 22:22:00+00:00,591.6,591.56,591.6,50,200,591.568,8.243402642557197e-09,-1.0125547272199498e-05
2024-11-06 22:23:00+00:00,591.6,591.56,591.6,10,100,591.5636363636363,3.560966211667883e-09,2.532235913155212e-05
2024-11-06 22:24:00+00:00,591.59,591.55,591.59,529,255,591.5769897959184,8.486957878702255e-10,1.5158890634303646e-05
2024-11-06 22:25:00+00:00,591.56,591.56,591.6,488,264,591.5859574468085,3.1300351979289147e-10,4.221887520916567e-06
2024-11-06 22:26:00+00:00,591.58,591.57,591.6,438,274,591.5884550561798,7.115518133865226e-10,1.774027828060909e-05
2024-11-06 22:27:00+00:00,591.6,591.57,591.6,386,14,591.5989500000001,6.131834864922438e-09,7.892306450552056e-05
2024-11-06 22:28:00+00:00,591.6,591.6,591.65,1047,100,591.6456408020923,9.2045462350547e-10,-3.691887707479857e-05
2024-11-06 22:29:00+00:00,591.65,591.57,591.65,386,188,591.6237979094077,2.7506865216138294e-12,1.4484844117479412e-06
2024-11-06 22:30:00+00:00,591.65,591.57,591.65,386,179,591.6246548672566,1.3010279669546828e-08,-0.0001268593515594274
2024-11-06 22:31:00+00:00,591.55,591.54,591.55,3737,155,591.5496017471736,8.126481323989031e-14,1.2348850231269637e-07
2024-11-06 22:32:00+00:00,591.55,591.54,591.55,3689,124,591.5496747967479,1.5846762076541694e-10,-1.7197432526483425e-05
2024-11-06 22:33:00+00:00,591.55,591.53,591.55,143,158,591.5395016611295,1.4744306830579204e-11,-1.7048911219452734e-06
2024-11-06 22:34:00+00:00,591.55,591.53,591.55,93,126,591.5384931506849,5.324965687443882e-11,4.339567525324384e-06
2024-11-06 22:35:00+00:00,591.55,591.53,591.55,193,156,591.5410601719198,8.501123207182312e-11,-1.5252993301739792e-06
2024-11-06 22:36:00+00:00,591.55,591.53,591.55,193,187,591.5401578947369,2.0584301424005996e-11,2.609036860334868e-06
2024-11-06 22:37:00+00:00,591.53,591.53,591.55,141,100,591.5417012448132,4.6948173064563555e-08,-0.00015965226228664697
2024-11-06 22:38:00+00:00,591.41,591.4,591.55,46,100,591.4472602739726,3.3555237151132904e-08,6.173764410966065e-05
2024-11-06 22:39:00+00:00,591.31,591.35,591.55,202,100,591.483774834437,7.081141704752821e-08,-0.0002507596916313526
2024-11-06 22:40:00+00:00,591.25,591.24,591.45,10,12,591.3354545454546,1.0025504489546906e-07,-0.00015621864318726697
2024-11-06 22:41:00+00:00,591.17,591.13,591.28,500,300,591.22375,1.327320939126296e-07,1.13424705423526e-05
2024-11-06 22:42:00+00:00,591.15,591.15,591.25,460,1,591.2497830802604,1.6736346736538167e-08,3.916804178683009e-05
2024-11-06 22:43:00+00:00,591.27,591.27,591.28,125,300,591.2729411764706,6.743650445022833e-09,-3.316208432979639e-05
2024-11-06 22:44:00+00:00,591.23,591.22,591.26,500,100,591.2533333333333,1.280352022960981e-09,3.9707419816625844e-05
2024-11-06 22:45:00+00:00,591.29,591.25,591.3,348,301,591.2768104776579,3.0358745727872105e-10,-1.7404945465426813e-05
2024-11-06 22:46:00+00:00,591.29,591.26,591.3,59,303,591.2665193370166,3.7584467039155985e-08,3.970120259078058e-05
2024-11-06 22:47:00+00:00,591.27,591.27,591.3,999,500,591.2899933288859,7.570215951721435e-09,1.7101950185782755e-05
2024-11-06 22:48:00+00:00,591.34,591.3,591.34,1,378,591.3001055408971,6.1011197237858974e-09,3.5433921083516395e-05
2024-11-06 22:49:00+00:00,591.34,591.27,591.34,1000,371,591.3210576221735,1.4785274153832376e-08,6.667068212395932e-06
2024-11-06 22:50:00+00:00,591.34,591.27,591.38,1000,1000,591.325,6.208910535279219e-08,0.0003358389973291409
2024-11-06 22:51:00+00:00,591.4,591.4,591.54,1800,239,591.5235899950957,1.1128187449283243e-08,-5.693755203539652e-05
2024-11-06 22:52:00+00:00,591.39,591.4,591.49,1000,1,591.4899100899102,5.2322417476308154e-11,-7.231499818627363e-06
2024-11-06 22:53:00+00:00,591.39,591.4,591.49,1000,51,591.4856327307326,3.899782341490878e-09,-4.912136228774067e-06
2024-11-06 22:54:00+00:00,591.48,591.41,591.49,500,50,591.4827272727273,5.452760792363768e-11,1.5369694956746116e-06
2024-11-06 22:55:00+00:00,591.41,591.42,591.49,500,50,591.4836363636364,3.2854622906436743e-09,-7.626069277066883e-05
2024-11-06 22:56:00+00:00,591.42,591.42,591.49,234,650,591.4385294117648,4.3311365991655076e-11,-9.757920352959637e-06
2024-11-06 22:57:00+00:00,591.42,591.42,591.49,150,673,591.4327582017011,3.974428092363804e-09,7.300366279983095e-05
2024-11-06 22:58:00+00:00,591.45,591.45,591.49,319,173,591.4759349593496,6.831677177682357e-09,9.704261930387759e-05
2024-11-06 22:59:00+00:00,591.49,591.49,591.55,325,125,591.5333333333333,6.663577826524562e-08,2.1151642630279355e-05
2024-11-06 23:00:00+00:00,591.45,591.39,591.55,3751,100,591.5458452350039,7.224315506960878e-08,-0.00024963244752240765
2024-11-06 23:01:00+00:00,591.45,591.38,591.49,147,1000,591.3940976460332,5.691451294978895e-08,6.691393474667073e-05
2024-11-06 23:02:00+00:00,591.38,591.39,591.46,500,233,591.4377489768076,4.327940506045667e-08,-0.00010594378961570339
2024-11-06 23:03:00+00:00,591.3,591.33,591.42,502,500,591.3750898203592,5.805236163297103e-08,0.0001591512764960168
2024-11-06 23:04:00+00:00,591.41,591.39,591.47,500,5,591.4692079207921,9.428736339866152e-09,-9.750204825764719e-05
2024-11-06 23:05:00+00:00,591.41,591.41,591.45,20,500,591.4115384615385,8.223399835208223e-08,9.321462559142013e-05
2024-11-06 23:06:00+00:00,591.48,591.4,591.48,20,4,591.4666666666667,2.169728991043557e-08,-0.00014701549319762197
2024-11-06 23:07:00+00:00,591.38,591.36,591.38,1300,19,591.3797119029567,2.98640785588174e-08,-0.00022497179358949015
2024-11-06 23:08:00+00:00,591.3,591.24,591.3,500,3999,591.2466681484775,1.3367793148696303e-08,0.00012619758693643846
2024-11-06 23:09:00+00:00,591.33,591.32,591.33,500,3400,591.3212820512821,9.689591304745025e-09,-1.3464580797428738e-05
2024-11-06 23:10:00+00:00,591.3,591.31,591.34,560,4500,591.3133201581027,7.89178248316735e-09,0.00011016389812001925
2024-11-06 23:11:00+00:00,591.34,591.34,591.38,450,18,591.3784615384616,3.318901473619018e-09,4.138724364555202e-06
2024-11-06 23:12:00+00:00,591.38,591.38,591.4,1,21,591.3809090909091,1.4390631975634787e-09,5.200975426289389e-05
2024-11-06 23:13:00+00:00,591.4,591.37,591.42,5,1,591.4116666666666,4.87514913060998e-09,-7.042051348515876e-05
2024-11-06 23:14:00+00:00,591.44,591.37,591.39,5,5216,591.3700191534189,1.3984927761614479e-09,-4.634437099171329e-05
2024-11-06 23:15:00+00:00,591.37,591.34,591.37,60,629,591.3426124818578,1.571527925994515e-08,1.3824337269818798e-05
2024-11-06 23:16:00+00:00,591.34,591.35,591.4,8,500,591.3507874015748,2.3665889439550173e-09,3.90187521235319e-05
2024-11-06 23:17:00+00:00,591.4,591.35,591.4,440,482,591.3738611713666,4.7779908599547726e-08,-0.0003423090082763647
2024-11-06 23:18:00+00:00,591.2,591.17,591.2,5,100,591.1714285714285,1.2784583165824518e-08,-0.00016991379220454572
2024-11-06 23:19:00+00:00,591.12,591.07,591.12,10,500,591.0709803921569,1.8141476152689186e-08,-4.4542849527595685e-05
2024-11-06 23:20:00+00:00,591.05,591.04,591.05,87,100,591.0446524064172,7.467704955608801e-09,-0.00011784626784727692
2024-11-06 23:21:00+00:00,591.0,590.96,591.0,60,100,590.975,4.262615010427002e-08,3.807267650901558e-05
2024-11-06 23:22:00+00:00,591.0,590.99,591.0,300,100,590.9975,5.607605380073195e-09,7.58170589685303e-05
2024-11-06 23:23:00+00:00,591.05,591.03,591.05,160,100,591.0423076923076,1.1922074747773887e-09,-1.3014817369594311e-05
2024-11-06 23:24:00+00:00,591.05,591.01,591.05,160,100,591.0346153846153,3.416987341242403e-09,-7.72019584840411e-05
2024-11-06 23:25:00+00:00,591.0,590.95,591.0,400,113,590.9889863547758,2.981054140060789e-08,7.866152982938246e-05
2024-11-06 23:26:00+00:00,591.06,591.0,591.06,810,560,591.0354744525547,4.2867595090502734e-08,3.193925855593527e-05
2024-11-06 23:27:00+00:00,591.03,591.0,591.06,510,53,591.0543516873889,2.0522640533662076e-08,-1.0235607908581912e-05
2024-11-06 23:28:00+00:00,591.03,591.02,591.08,500,560,591.0483018867924,1.3884962890818227e-08,0.00012751136571509392
2024-11-06 23:29:00+00:00,591.08,591.07,591.13,500,59,591.1236672629695,2.7285253334978727e-08,0.00011067674962905727
2024-11-06 23:30:00+00:00,591.15,591.18,591.2,500,600,591.189090909091,1.0685016219714117e-08,-4.581816365201163e-06
2024-11-06 23:31:00+00:00,591.16,591.14,591.19,500,39,591.1863821892393,3.6803147958122396e-08,-0.00014035015154256758
2024-11-06 23:32:00+00:00,591.15,591.1,591.13,5,39,591.1034090909092,1.4259396643330508e-08,-3.25738292843436e-05
2024-11-06 23:33:00+00:00,591.06,591.06,591.1,500,328,591.084154589372,2.5492640599018077e-08,-7.327933408673992e-05
2024-11-06 23:34:00+00:00,591.07,591.04,591.06,10,228,591.0408403361345,3.108434805479071e-08,5.6431315700100626e-05
2024-11-06 23:35:00+00:00,591.04,591.06,591.1,1100,2000,591.0741935483871,1.3664142956571057e-08,-3.247231666803074e-05
2024-11-06 23:36:00+00:00,591.06,591.05,591.06,2,2,591.055,4.665853783326954e-09,2.051755538690081e-05
2024-11-06 23:37:00+00:00,591.08,591.04,591.08,1100,522,591.0671270036992,6.360998875677482e-10,-3.164472428984766e-06
2024-11-06 23:38:00+00:00,591.09,591.06,591.09,1100,1724,591.0716855524079,2.0906885399306875e-08,3.9446862014180795e-05
2024-11-06 23:39:00+00:00,591.09,591.07,591.09,1600,123,591.0885722576901,7.467044377452254e-10,2.0094101875089976e-05
2024-11-06 23:40:00+00:00,591.12,591.09,591.12,1100,2058,591.1004496516782,1.6110561380775398e-09,-1.446428150519985e-05
2024-11-06 23:41:00+00:00,591.12,591.09,591.12,1100,1993,591.1006692531523,1.4310200042143414e-09,-6.380664007044068e-06
2024-11-06 23:42:00+00:00,591.09,591.05,591.09,1100,54,591.0881282495667,5.7921388818151034e-08,-0.00017126329053895883
2024-11-06 23:43:00+00:00,590.95,590.91,590.99,1600,60,590.9871084337349,6.821010242319758e-08,-0.0002983383023904551
2024-11-06 23:44:00+00:00,590.81,590.81,590.83,30,1000,590.8105825242719,1.9627052431753943e-08,0.00011185334919416867
2024-11-06 23:45:00+00:00,590.84,590.87,590.93,500,10,590.9288235294118,4.371212242788514e-08,0.00014103337978044195
2024-11-06 23:46:00+00:00,590.94,590.95,590.98,250,500,590.96,1.5010210933397837e-08,-4.1242164673604975e-05
2024-11-06 23:47:00+00:00,590.94,590.9,590.94,1100,127,590.935859820701,3.869601999461792e-08,0.00018870977071450135
2024-11-06 23:48:00+00:00,590.94,590.98,591.05,1200,25,591.0485714285714,1.0970733431269077e-08,-4.920357539073272e-05
2024-11-06 23:49:00+00:00,590.94,590.99,591.04,1100,860,591.0180612244898,1.5408499279232496e-08,-0.0001322316858097805
2024-11-06 23:50:00+00:00,590.96,590.93,590.94,1100,10,590.93990990991,4.141783040437311e-09,-8.854523936230319e-05
2024-11-06 23:51:00+00:00,590.87,590.87,590.9,500,353,590.8875849941384,3.375560454120567e-08,-0.00010840447567972422
2024-11-06 23:52:00+00:00,590.84,590.81,590.83,1100,526,590.8235301353014,2.7913839131475395e-08,0.0001505861905639616
2024-11-06 23:53:00+00:00,590.93,590.9,590.92,100,60,590.9125,2.6487449003751057e-09,-3.840852652703397e-05
2024-11-06 23:54:00+00:00,590.9,590.88,590.89,100,2,590.8898039215686,2.573022498728109e-08,3.401070015174312e-05
2024-11-06 23:55:00+00:00,590.89,590.89,590.91,397,2,590.9098997493734,4.187084581761709e-08,5.939907667484867e-05
2024-11-06 23:56:00+00:00,590.92,590.89,590.97,1100,500,590.945,1.1584138374021378e-08,-1.9356041872753416e-05
2024-11-06 23:57:00+00:00,590.91,590.93,590.95,13,60,590.9335616438356,8.947764213405801e-09,-4.092954843915031e-05
2024-11-06 23:58:00+00:00,590.9,590.9,590.91,75,5,590.909375,1.3368292727647236e-08,-7.188657021361955e-05
2024-11-06 23:59:00+00:00,590.84,590.81,590.87,1100,60,590.8668965517242,9.478355304486224e-09,-7.990246745914753e-06
