ts_recv,price,bid_px_00,ask_px_00,bid_sz_00,ask_sz_00,weighted_mid,rv_60s,ret_60s
2021-04-16 08:01:00+00:00,415.46,415.38,415.41,100,100,415.395,2.0378398150522417e-08,-0.0002648081946098335
2021-04-16 08:02:00+00:00,415.36,415.26,415.29,500,100,415.285,5.647069286373824e-08,0.0001886254820986366
2021-04-16 08:03:00+00:00,415.27,415.33,415.37,500,100,415.36333333333334,4.8499324565249154e-08,3.2100410082724906e-05
2021-04-16 08:04:00+00:00,415.38,415.37,415.43,100,1100,415.375,1.818872075811351e-08,9.05661069527941e-05
2021-04-16 08:05:00+00:00,415.44,415.38,415.42,600,100,415.4142857142857,9.425527401723596e-09,9.810934130793925e-05
2021-04-16 08:06:00+00:00,415.44,415.43,415.46,500,99,415.45504173622703,5.2571638044639086e-08,7.210952031733164e-05
2021-04-16 08:07:00+00:00,415.5,415.46,415.49,500,100,415.485,3.234540100198522e-08,0.0
2021-04-16 08:08:00+00:00,415.48,415.46,415.49,500,100,415.485,1.687840746344399e-08,3.6102386367753425e-05
2021-04-16 08:09:00+00:00,415.46,415.48,415.52,500,500,415.5,6.896426694680073e-09,0.0
2021-04-16 08:10:00+00:00,415.46,415.48,415.51,500,100,415.505,1.3176843445078978e-08,1.2033694344104617e-05
2021-04-16 08:11:00+00:00,415.51,415.5,415.51,100,100,415.505,1.9396491258514712e-08,-5.7390774710674997e-05
2021-04-16 08:12:00+00:00,415.5,415.48,415.51,20,1100,415.48053571428574,2.319654989523905e-09,3.733700161667741e-05
2021-04-16 08:13:00+00:00,415.48,415.49,415.53,100,1000,415.49363636363637,1.768277693439835e-08,8.02252725653485e-05
2021-04-16 08:14:00+00:00,415.48,415.53,415.54,500,100,415.53833333333336,6.231208647111849e-09,-8.751145853147513e-05
2021-04-16 08:15:00+00:00,415.48,415.49,415.53,100,1000,415.49363636363637,9.949191879784679e-09,9.947223182127374e-05
2021-04-16 08:16:00+00:00,415.51,415.51,415.54,496,100,415.534966442953,1.7288534138492663e-08,0.00016859816459868782
2021-04-16 08:17:00+00:00,415.58,415.58,415.63,503,1000,415.59673320026616,5.385736492387656e-08,-0.0002680153157890164
2021-04-16 08:18:00+00:00,415.58,415.49,415.53,100,1000,415.49363636363637,3.084470070900528e-08,-8.751911745763508e-06
2021-04-16 08:19:00+00:00,415.49,415.48,415.5,100,100,415.49,2.185491335651045e-08,-1.7503976684651867e-05
2021-04-16 08:20:00+00:00,415.51,415.48,415.51,100,1100,415.4825,3.2904336598577666e-08,-0.00017066676002286396
2021-04-16 08:21:00+00:00,415.43,415.41,415.46,100,1100,415.4141666666667,1.69460896497401e-08,-1.6413066551868027e-05
2021-04-16 08:22:00+00:00,415.43,415.39,415.43,500,500,415.41,1.750977152021386e-08,0.00012036446359586783
2021-04-16 08:23:00+00:00,415.43,415.44,415.47,100,100,415.455,7.42709479953045e-08,0.00016999434355113863
2021-04-16 08:24:00+00:00,415.43,415.51,415.56,500,1100,415.525625,2.1972348998400506e-08,-0.0001699654503859449
2021-04-16 08:25:00+00:00,415.43,415.45,415.48,100,500,415.455,4.180710185277206e-08,-0.0001203499777352457
2021-04-16 08:26:00+00:00,415.46,415.39,415.42,100,100,415.405,2.4218661827544593e-08,6.935285759568366e-05
2021-04-16 08:27:00+00:00,415.46,415.41,415.45,500,100,415.4433333333333,1.4240608534674939e-08,2.8656218227229857e-06
2021-04-16 08:28:00+00:00,415.46,415.41,415.44,500,100,415.435,2.9554994244710637e-09,6.820160394127583e-05
2021-04-16 08:29:00+00:00,415.46,415.41,415.45,500,100,415.4433333333333,1.5225917189877543e-08,-0.00012034756376400058
2021-04-16 08:30:00+00:00,415.46,415.38,415.42,500,100,415.41333333333336,3.044231503157072e-08,-0.00013470383165958832
2021-04-16 08:31:00+00:00,415.46,415.33,415.38,605,500,415.3573755656109,1.3578121989958312e-08,-3.180128660573711e-05
2021-04-16 08:32:00+00:00,415.36,415.35,415.38,100,500,415.355,3.9690091256269705e-08,2.6082786765080357e-05
2021-04-16 08:33:00+00:00,415.36,415.35,415.38,100,500,415.355,6.388737355024372e-09,-5.983013631394307e-05
2021-04-16 08:34:00+00:00,415.36,415.33,415.36,5,1000,415.33014925373135,1.2792030405703304e-08,-4.8417707233183727e-05
2021-04-16 08:35:00+00:00,415.34,415.31,415.33,1,500,415.3100399201597,1.3169254841924892e-08,3.2008407926165106e-05
2021-04-16 08:36:00+00:00,415.31,415.32,415.36,100,1100,415.3233333333333,4.145821046757223e-08,-5.594115161500213e-05
2021-04-16 08:37:00+00:00,415.36,415.3,415.33,2,600,415.3000996677741,3.8146344741782877e-08,7.940584490406799e-05
2021-04-16 08:38:00+00:00,415.36,415.33,415.37,100,1200,415.33307692307693,2.218079033886658e-08,0.00010731178955647458
2021-04-16 08:39:00+00:00,415.36,415.36,415.41,600,1100,415.3776470588235,1.0000641700792424e-08,5.664583044184823e-06
2021-04-16 08:40:00+00:00,415.37,415.37,415.4,50,100,415.38,1.9123122568734e-08,-8.254059965751015e-05
2021-04-16 08:41:00+00:00,415.36,415.34,415.35,100,75,415.3457142857143,2.6008936090930973e-08,0.00011464918495884824
2021-04-16 08:42:00+00:00,415.35,415.36,415.4,500,100,415.3933333333333,2.0861745058781655e-08,0.00012036784413171908
2021-04-16 08:43:00+00:00,415.35,415.41,415.45,500,100,415.4433333333333,3.341123542202407e-08,-0.00011232980029374229
2021-04-16 08:44:00+00:00,415.35,415.39,415.43,100,500,415.39666666666665,1.4177060877664621e-08,-2.2927024426744325e-06
2021-04-16 08:45:00+00:00,415.43,415.39,415.43,100,600,415.3957142857143,2.0172653508733338e-08,7.200535117979356e-05
2021-04-16 08:46:00+00:00,415.43,415.41,415.46,500,1100,415.425625,1.2557450269597537e-08,0.00014292570421003958
2021-04-16 08:47:00+00:00,415.43,415.46,415.49,500,100,415.485,8.612572769979086e-10,-2.8696768651359505e-05
2021-04-16 08:48:00+00:00,415.5,415.47,415.51,100,1200,415.4730769230769,9.078630693806675e-09,5.448575105049258e-05
2021-04-16 08:49:00+00:00,415.5,415.49,415.53,100,600,415.4957142857143,7.248146098621778e-09,3.739079309728055e-05
2021-04-16 08:50:00+00:00,415.49,415.48,415.52,1000,100,415.5163636363636,4.973063368507942e-08,5.715850052201432e-05
2021-04-16 08:51:00+00:00,415.49,415.5,415.54,100,100,415.52,1.5210171257038805e-08,-2.25612764268579e-05
2021-04-16 08:52:00+00:00,415.49,415.51,415.56,500,1100,415.525625,3.1558941404005906e-08,-2.9554312187762832e-05
2021-04-16 08:53:00+00:00,415.49,415.48,415.52,501,100,415.51334442595675,1.4454479214983757e-08,8.802541293695398e-05
2021-04-16 08:54:00+00:00,415.49,415.51,415.55,500,1,415.54992015968065,3.8996912639342365e-09,-3.5904614480219976e-05
2021-04-16 08:55:00+00:00,415.49,415.51,415.54,500,100,415.535,3.2119726494677403e-08,1.9920993938660203e-05
2021-04-16 08:56:00+00:00,415.53,415.51,415.55,500,101,415.54327787021634,2.267030984760685e-09,-3.997466553862239e-05
2021-04-16 08:57:00+00:00,415.53,415.51,415.53,500,100,415.52666666666664,1.6914409625776208e-09,5.605756511495308e-05
2021-04-16 08:58:00+00:00,415.53,415.53,415.55,500,1,415.54996007984033,7.3086862418163295e-09,6.79141885515655e-05
2021-04-16 08:59:00+00:00,415.55,415.56,415.6,500,600,415.5781818181818,2.4403261624642635e-09,6.453221798330411e-05
2021-04-16 09:00:00+00:00,415.6,415.58,415.63,500,500,415.605,1.9098568890857783e-08,-2.0051090177775066e-05
2021-04-16 09:01:00+00:00,415.6,415.59,415.63,100,500,415.5966666666667,3.2948372392279004e-09,2.0051492231942802e-05
2021-04-16 09:02:00+00:00,415.6,415.59,415.62,100,100,415.605,4.002382932148236e-08,-4.812261642672677e-05
2021-04-16 09:03:00+00:00,415.6,415.56,415.59,500,100,415.585,4.300493365508306e-09,-0.00010026027567555662
2021-04-16 09:04:00+00:00,415.6,415.51,415.55,500,100,415.54333333333335,2.5401346311958232e-08,7.219463674057458e-05
2021-04-16 09:05:00+00:00,415.55,415.54,415.58,500,100,415.5733333333333,5.3459606413201575e-08,-0.0001203157084189721
2021-04-16 09:06:00+00:00,415.55,415.49,415.53,500,100,415.5233333333333,9.118467049099379e-09,5.042407795574633e-05
2021-04-16 09:07:00+00:00,415.55,415.51,415.55,600,100,415.5442857142857,1.2214100600492993e-08,6.990258330152876e-05
2021-04-16 09:08:00+00:00,415.55,415.57,415.61,100,1100,415.5733333333333,9.397302823919334e-09,0.00012031570841886108
2021-04-16 09:09:00+00:00,415.55,415.59,415.63,500,100,415.62333333333333,1.1881439438971917e-08,0.0
2021-04-16 09:10:00+00:00,415.55,415.59,415.63,500,100,415.62333333333333,2.3215785660544465e-08,-0.00015804279798969922
2021-04-16 09:11:00+00:00,415.59,415.55,415.59,100,1100,415.55333333333334,2.6103260156672603e-09,4.812810001575407e-05
2021-04-16 09:12:00+00:00,415.59,415.56,415.61,600,1100,415.5776470588235,6.009823201495848e-09,-9.650892475954187e-06
2021-04-16 09:13:00+00:00,415.59,415.57,415.61,100,1000,415.57363636363635,2.4377201726691243e-08,0.00015625405283947735
2021-04-16 09:14:00+00:00,415.59,415.62,415.65,100,200,415.63,4.6169026386617035e-08,8.436400631550711e-05
2021-04-16 09:15:00+00:00,415.59,415.67,415.7,100,100,415.685,2.432987233469481e-08,9.950988647111636e-05
2021-04-16 09:16:00+00:00,415.74,415.69,415.72,500,100,415.715,4.640624472503004e-08,8.59105053074849e-06
2021-04-16 09:17:00+00:00,415.74,415.69,415.73,500,200,415.7185714285714,4.475770118504927e-08,-4.397245562703933e-05
2021-04-16 09:18:00+00:00,415.71,415.7,415.71,3,1100,415.70002719854944,3.691596305529343e-08,-0.00023782203858258022
2021-04-16 09:19:00+00:00,415.68,415.6,415.64,5,1100,415.6001809954751,1.4680160299352176e-11,0.0
2021-04-16 09:20:00+00:00,415.68,415.6,415.63,5,200,415.60073170731704,4.2017334807420385e-08,-8.765266171917308e-05
2021-04-16 09:21:00+00:00,415.54,415.55,415.58,100,100,415.565,1.8840385162398986e-08,0.0
2021-04-16 09:22:00+00:00,415.54,415.55,415.58,100,100,415.565,2.609607678520357e-08,1.943600417964042e-05
2021-04-16 09:23:00+00:00,415.54,415.57,415.61,100,1200,415.57307692307694,2.7016923961361638e-08,0.00012322451586110894
2021-04-16 09:24:00+00:00,415.61,415.59,415.63,600,100,415.6242857142857,1.6560253053948996e-08,0.00015847623019693557
2021-04-16 09:25:00+00:00,415.61,415.66,415.7,1100,97,415.69675856307435,4.913623137125105e-08,3.722175194931232e-05
2021-04-16 09:26:00+00:00,415.74,415.69,415.74,500,1100,415.705625,3.2856332008671334e-08,4.8110967947545547e-05
2021-04-16 09:27:00+00:00,415.74,415.71,415.76,500,1100,415.725625,1.3680175385892569e-08,8.268674802036635e-05
2021-04-16 09:28:00+00:00,415.74,415.74,415.78,500,500,415.76,5.7541308580832116e-08,-8.2679911487471e-05
2021-04-16 09:29:00+00:00,415.74,415.71,415.76,500,1100,415.725625,2.6421495335450032e-08,7.831323407558877e-05
2021-04-16 09:30:00+00:00,415.68,415.74,415.78,500,600,415.7581818181818,4.6662909316159385e-09,3.2798786007592895e-05
2021-04-16 09:31:00+00:00,415.68,415.77,415.79,100,1000,415.77181818181816,2.9293685360259907e-08,0.0002441607321033157
2021-04-16 09:32:00+00:00,415.91,415.87,415.91,100,1100,415.87333333333333,2.3842150417198158e-08,-4.007630528546358e-06
2021-04-16 09:33:00+00:00,415.87,415.87,415.89,100,1100,415.87166666666667,2.3380350783317436e-08,-4.522915436944164e-05
2021-04-16 09:34:00+00:00,415.86,415.85,415.86,200,500,415.85285714285715,1.5859723081153627e-08,-9.704668890442303e-05
2021-04-16 09:35:00+00:00,415.83,415.81,415.84,100,1100,415.8125,3.477074533137257e-08,0.0001462999148253985
2021-04-16 09:36:00+00:00,415.83,415.84,415.88,500,100,415.87333333333333,3.627354583058541e-08,5.2099196870880604e-05
2021-04-16 09:37:00+00:00,415.83,415.87,415.91,100,700,415.875,4.140472383887182e-08,-2.404453047044619e-05
2021-04-16 09:38:00+00:00,415.83,415.87,415.9,100,100,415.885,5.669619540456322e-08,0.00012022554311896805
2021-04-16 09:39:00+00:00,415.83,415.94,415.97,500,100,415.965,3.022939930719559e-08,2.0035181779176625e-05
2021-04-16 09:40:00+00:00,415.97,415.91,415.95,500,100,415.9433333333333,4.349866961053479e-08,-4.808347290896631e-05
2021-04-16 09:41:00+00:00,415.97,415.89,415.93,500,100,415.92333333333335,3.889953942020772e-08,0.0001482645038748398
2021-04-16 09:42:00+00:00,415.99,415.96,415.99,500,100,415.985,2.8451543418627908e-08,9.787440824604587e-05
2021-04-16 09:43:00+00:00,416.03,416.03,416.08,600,500,416.05727272727273,2.0712575767887587e-08,4.235086201176408e-05
2021-04-16 09:44:00+00:00,416.03,416.01,416.05,500,100,416.04333333333335,4.468188971699277e-08,-3.110535714379026e-05
2021-04-16 09:45:00+00:00,416.07,416.03,416.05,2,100,416.0303921568627,4.25930602549828e-08,2.3254067635702924e-05
2021-04-16 09:46:00+00:00,416.03,416.04,416.08,1,600,416.0400665557404,5.4819722919405965e-08,-0.0002325093907610265
2021-04-16 09:47:00+00:00,415.95,415.91,415.94,600,100,415.9357142857143,9.664484020916149e-08,-0.0002003478037873041
2021-04-16 09:48:00+00:00,415.86,415.86,415.91,500,1200,415.87470588235294,5.393248222626687e-08,0.00022844226422336078
2021-04-16 09:49:00+00:00,415.96,415.94,415.97,100,100,415.955,4.454269583793616e-08,0.0003966295390609442
2021-04-16 09:50:00+00:00,416.1,416.09,416.12,100,1,416.119702970297,9.267001575136326e-08,0.00020893742471739252
2021-04-16 09:51:00+00:00,416.25,416.21,416.24,500,100,416.235,7.401091651588593e-08,-0.00013021360575937724
2021-04-16 09:52:00+00:00,416.21,416.13,416.18,500,600,416.15272727272725,7.961279772876653e-08,6.553538036735418e-05
2021-04-16 09:53:00+00:00,416.21,416.16,416.2,500,500,416.18,5.1221667445341876e-08,-6.521903297329601e-05
2021-04-16 09:54:00+00:00,416.16,416.13,416.17,500,100,416.16333333333336,2.938100493936608e-08,-2.261747490639454e-05
2021-04-16 09:55:00+00:00,416.15,416.11,416.15,500,98,416.1434448160535,3.748019577092708e-08,-1.8576600053443748e-05
2021-04-16 09:56:00+00:00,416.09,416.11,416.14,600,100,416.1357142857143,5.431443742782163e-08,0.00011843663639954372
2021-04-16 09:57:00+00:00,416.12,416.16,416.21,500,1000,416.1766666666667,4.0419895131683974e-08,-0.00022731227794381414
2021-04-16 09:58:00+00:00,416.12,416.09,416.13,1,100,416.09039603960395,3.8646764061445033e-08,-0.00010738472772975349
2021-04-16 09:59:00+00:00,416.03,416.04,416.08,100,600,416.04571428571427,4.6401607947228115e-08,0.00011445628685491371
2021-04-16 10:00:00+00:00,416.1,416.06,416.1,500,100,416.0933333333333,2.5893769302511927e-08,-1.4565496668894617e-05
2021-04-16 10:01:00+00:00,416.06,416.06,416.09,1000,100,416.0872727272727,2.3207085010913204e-08,-3.350113029898516e-05
2021-04-16 10:02:00+00:00,416.08,416.07,416.1,25,100,416.076,3.705113450266577e-08,-4.4062745349293664e-05
2021-04-16 10:03:00+00:00,416.08,416.04,416.07,100,100,416.055,3.078187463201893e-08,-0.00012017641898309783
2021-04-16 10:04:00+00:00,416.0,416.01,416.06,500,1200,416.0247058823529,1.778825333374788e-08,2.2321160288329978e-05
2021-04-16 10:05:00+00:00,416.0,415.98,416.02,600,100,416.01428571428573,7.402517791098526e-09,9.786751828566587e-05
2021-04-16 10:06:00+00:00,416.0,416.03,416.08,600,600,416.055,2.794391714929057e-08,0.0001922822703728233
2021-04-16 10:07:00+00:00,416.13,416.13,416.16,500,100,416.155,1.855297933801478e-08,-9.440617656697459e-05
2021-04-16 10:08:00+00:00,416.12,416.09,416.13,100,600,416.0957142857143,2.381223286338344e-08,-5.722126662721649e-06
2021-04-16 10:09:00+00:00,416.12,416.06,416.1,500,100,416.0933333333333,2.4440866465985796e-08,-0.00014019290543776375
2021-04-16 10:10:00+00:00,416.12,416.01,416.04,500,100,416.035,3.4788336524069655e-08,-0.0001922915139351833
2021-04-16 10:11:00+00:00,416.0,415.95,415.98,100,500,415.955,5.448826885087393e-08,0.00012020531067058471
2021-04-16 10:12:00+00:00,416.0,415.99,416.02,100,100,416.005,6.758218101004286e-09,-5.852284081320214e-05
2021-04-16 10:13:00+00:00,416.0,415.98,415.99,7,100,415.9806542056075,3.8102116944078296e-08,7.040210610020914e-05
2021-04-16 10:14:00+00:00,416.0,415.98,416.01,500,1,416.0099401197605,2.7512645459872933e-08,1.0445891086119374e-05
2021-04-16 10:15:00+00:00,416.01,415.98,416.02,600,100,416.01428571428573,3.3072122230143667e-09,-9.04272975973397e-05
2021-04-16 10:16:00+00:00,416.0,415.98,416.02,600,100,416.01428571428573,3.462763036616755e-08,4.006634987541169e-05
2021-04-16 10:17:00+00:00,416.0,415.96,416.0,500,100,415.99333333333334,1.5044814235536533e-08,-2.0032372313627533e-05
2021-04-16 10:18:00+00:00,416.0,415.97,416.0,100,100,415.985,8.056088404390717e-09,2.5756423222667024e-05
2021-04-16 10:19:00+00:00,416.0,415.99,416.03,100,600,415.9957142857143,2.4357138978032835e-08,8.241843150846861e-05
2021-04-16 10:20:00+00:00,416.07,416.02,416.04,100,100,416.03,3.251450650738308e-08,1.201836406039547e-05
2021-04-16 10:21:00+00:00,416.03,416.03,416.04,500,100,416.03833333333336,7.083891189690583e-09,9.764803442013914e-05
2021-04-16 10:22:00+00:00,416.04,416.06,416.11,500,1100,416.075625,1.60394721543877e-08,-4.957031549246427e-05
2021-04-16 10:23:00+00:00,416.04,416.03,416.06,500,100,416.055,3.1993830432202036e-08,-0.0001001470158192852
2021-04-16 10:24:00+00:00,416.0,415.98,416.01,500,100,416.005,1.003927545598744e-08,-6.542901757000674e-05
2021-04-16 10:25:00+00:00,415.96,415.96,415.99,672,100,415.9861139896373,2.400334563187459e-08,8.94725627713644e-05
2021-04-16 10:26:00+00:00,415.96,416.02,416.06,100,1100,416.0233333333333,1.0792487431880937e-08,5.3582731737833456e-05
2021-04-16 10:27:00+00:00,415.96,416.03,416.08,500,1100,416.045625,2.6101468469605462e-08,0.00010218719373322749
2021-04-16 10:28:00+00:00,416.07,416.07,416.08,975,500,416.0766101694915,7.869384112720243e-10,-3.297601860974275e-05
2021-04-16 10:29:00+00:00,416.07,416.07,416.08,475,500,416.0748717948718,1.3779469515108874e-08,1.9422956537340497e-05
2021-04-16 10:30:00+00:00,416.07,416.08,416.11,100,1100,416.0825,8.976828294330164e-10,-2.9328246915039102e-05
2021-04-16 10:31:00+00:00,416.07,416.07,416.1,1,100,416.07029702970294,6.374715113019107e-08,3.5337707118276995e-05
2021-04-16 10:32:00+00:00,416.07,416.06,416.09,500,100,416.085,2.114379516839278e-08,-0.00012016775418477454
2021-04-16 10:33:00+00:00,416.07,416.03,416.06,500,100,416.055,1.619345298432551e-08,4.807287848374031e-05
2021-04-16 10:34:00+00:00,416.07,416.04,416.07,100,100,416.055,1.852199992920733e-08,0.0
2021-04-16 10:35:00+00:00,416.07,416.04,416.07,100,100,416.055,3.329280851584364e-08,0.0001079668786112542
2021-04-16 10:36:00+00:00,416.07,416.06,416.1,500,1,416.0999201596806,2.4598930802408878e-09,9.593887839720594e-08
2021-04-16 10:37:00+00:00,416.1,416.11,416.13,499,368,416.12151095732406,1.1518346174054658e-08,8.431064588432235e-05
2021-04-16 10:38:00+00:00,416.14,416.11,416.14,500,99,416.1350417362271,2.2087905106008723e-08,-4.816161634324523e-05
2021-04-16 10:39:00+00:00,416.18,416.09,416.12,500,100,416.115,5.005180146028966e-09,2.8037121148294375e-05
2021-04-16 10:40:00+00:00,416.18,416.11,416.13,500,100,416.12666666666667,1.2163215296678723e-08,-8.01038145437083e-06
2021-04-16 10:41:00+00:00,416.09,416.09,416.13,500,100,416.12333333333333,1.2066291489913718e-08,-0.00016821935804289812
2021-04-16 10:42:00+00:00,416.09,416.05,416.09,100,1100,416.05333333333334,2.0087730375987845e-08,2.8041276759260825e-05
2021-04-16 10:43:00+00:00,416.09,416.06,416.1,500,100,416.0933333333333,2.009157687026514e-08,-2.2480932172497248e-05
2021-04-16 10:44:00+00:00,416.07,416.04,416.09,501,1100,416.05564647095565,2.4739957634002276e-08,2.250143362148016e-05
2021-04-16 10:45:00+00:00,416.07,416.04,416.07,501,100,416.06500831946755,9.74039539799889e-09,6.807833703725841e-05
2021-04-16 10:46:00+00:00,416.07,416.06,416.1,500,100,416.0933333333333,1.932879269795321e-08,-5.6029144054114965e-05
2021-04-16 10:47:00+00:00,416.07,416.07,416.09,1,1000,416.07001998002,3.016954113059494e-08,0.000156175684042692
2021-04-16 10:48:00+00:00,416.07,416.12,416.15,100,100,416.135,2.031683559114447e-08,4.7354542042743475e-05
2021-04-16 10:49:00+00:00,416.13,416.14,416.19,500,1200,416.1547058823529,5.920264436217557e-08,-0.00011793903002699224
2021-04-16 10:50:00+00:00,416.19,416.09,416.14,500,1100,416.105625,3.63145186453327e-08,7.059505624318341e-05
2021-04-16 10:51:00+00:00,416.19,416.11,416.14,500,100,416.135,6.106155836412372e-08,-7.609709989941926e-05
2021-04-16 10:52:00+00:00,416.1,416.1,416.14,100,1100,416.10333333333335,6.5474267509579994e-09,0.00013373032351160496
2021-04-16 10:53:00+00:00,416.15,416.15,416.16,4397,500,416.1589789667143,8.027987488077236e-09,-0.00011762744823973215
2021-04-16 10:54:00+00:00,416.15,416.11,416.14,1,600,416.11004991680534,4.158993206553133e-08,3.197732451898361e-05
2021-04-16 10:55:00+00:00,416.16,416.09,416.13,500,100,416.12333333333333,9.399849122076266e-09,-0.00010401583631780564
2021-04-16 10:56:00+00:00,416.16,416.08,416.11,1,600,416.0800499168053,1.2669613192836448e-08,2.3945954996662522e-08
2021-04-16 10:57:00+00:00,416.11,416.08,416.11,1,500,416.0800598802395,3.001188508340265e-08,-5.386660784090225e-05
2021-04-16 10:58:00+00:00,416.04,416.04,416.09,600,1100,416.05764705882353,2.362003591171504e-11,-4.860044846677347e-06
2021-04-16 10:59:00+00:00,416.04,416.04,416.09,500,1100,416.055625,3.746675830435351e-09,-6.13942050460281e-05
2021-04-16 11:00:00+00:00,416.04,416.03,416.06,3,1100,416.0300815956482,7.026995083363491e-08,-5.455939318532721e-05
2021-04-16 11:01:00+00:00,416.0,416.0,416.04,249,1100,416.0073832468495,1.5077972513192112e-08,1.229966908411484e-05
2021-04-16 11:02:00+00:00,416.04,416.01,416.04,100,1100,416.0125,9.557213224823575e-09,-2.203459431304733e-05
2021-04-16 11:03:00+00:00,416.05,416.0,416.04,100,1100,416.00333333333333,3.200764214804288e-08,4.807653784810739e-05
2021-04-16 11:04:00+00:00,416.03,416.02,416.06,100,1100,416.0233333333333,1.5990868434848314e-08,0.00011030824696778296
2021-04-16 11:05:00+00:00,416.04,416.04,416.07,565,15,416.06922413793103,7.817702819799219e-09,-6.776869883906578e-05
2021-04-16 11:06:00+00:00,416.05,416.04,416.06,65,1200,416.0410276679842,6.999125769445815e-09,-5.5573103858619355e-05
2021-04-16 11:07:00+00:00,416.02,415.99,416.02,1000,75,416.0179069767442,5.0613239759562176e-09,-6.566722487644228e-05
2021-04-16 11:08:00+00:00,416.0,416.01,416.05,500,100,416.04333333333335,3.22443519274329e-08,0.00018149141678391878
2021-04-16 11:09:00+00:00,416.06,416.03,416.07,50,15,416.06076923076927,1.1949259188231385e-08,9.644011111697992e-06
2021-04-16 11:10:00+00:00,416.09,416.07,416.09,2,400,416.07009950248755,2.9529312741067653e-09,2.2396434979476965e-05
2021-04-16 11:11:00+00:00,416.07,416.06,416.1,734,1,416.0999455782313,3.7199395566447895e-08,9.046125814360373e-05
2021-04-16 11:12:00+00:00,416.12,416.11,416.12,235,98,416.117057057057,6.444606140939547e-09,6.765529868046904e-05
2021-04-16 11:13:00+00:00,416.13,416.11,416.15,735,100,416.1452095808383,3.471814368518972e-09,-3.675152007487359e-05
2021-04-16 11:14:00+00:00,416.13,416.11,416.13,236,1,416.12991561181434,2.495757574896889e-08,0.00027025633692034923
2021-04-16 11:15:00+00:00,416.2,416.21,416.25,429,101,416.24237735849056,3.365423214626218e-08,1.8198721456030853e-05
2021-04-16 11:16:00+00:00,416.22,416.22,416.25,190,1,416.24984293193717,4.914763493332986e-09,0.00011975630785943103
2021-04-16 11:17:00+00:00,416.26,416.26,416.3,600,3,416.2998009950249,2.5214286574884694e-08,-0.00011466743369459298
2021-04-16 11:18:00+00:00,416.26,416.24,416.28,260,602,416.25206496519723,1.0568189257053476e-08,0.00022498223648415028
2021-04-16 11:19:00+00:00,416.33,416.34,416.38,100,700,416.345,2.1914383030642303e-08,-3.5049695208844156e-05
2021-04-16 11:20:00+00:00,416.34,416.33,416.34,240,1100,416.3317910447761,1.2026337306279023e-08,-2.0890230044812164e-05
2021-04-16 11:21:00+00:00,416.33,416.32,416.33,160,600,416.3221052631579,1.5615655375953524e-08,-5.389127724020337e-05
2021-04-16 11:22:00+00:00,416.29,416.29,416.3,839,1,416.29998809523806,5.678689495398527e-09,-3.600311233875608e-05
2021-04-16 11:23:00+00:00,416.29,416.27,416.3,100,100,416.285,9.115280545175984e-09,2.2306146715944664e-05
2021-04-16 11:24:00+00:00,416.29,416.26,416.3,600,100,416.2942857142857,1.7625315850610135e-09,-5.33001012656964e-05
2021-04-16 11:25:00+00:00,416.28,416.27,416.29,82,700,416.2720971867008,8.777055858355137e-09,-7.991411890062583e-05
2021-04-16 11:26:00+00:00,416.27,416.23,416.27,340,1200,416.2388311688312,1.2241076304285531e-08,-4.154515628496114e-05
2021-04-16 11:27:00+00:00,416.27,416.22,416.26,4,100,416.22153846153844,2.9145724763082215e-09,2.933903542490235e-05
2021-04-16 11:28:00+00:00,416.23,416.23,416.25,100,100,416.24,1.9601100609484043e-08,2.5131374656206518e-05
2021-04-16 11:29:00+00:00,416.26,416.24,416.26,160,600,416.2442105263158,1.860281071208481e-08,0.00011024651520363804
2021-04-16 11:30:00+00:00,416.3,416.28,416.31,1,299,416.28009999999995,2.6351516854452252e-08,-9.620754554617861e-05
2021-04-16 11:31:00+00:00,416.27,416.24,416.26,101,100,416.2500497512438,1.3407291042659725e-08,-1.1952249334701293e-07
2021-04-16 11:32:00+00:00,416.24,416.24,416.27,62,600,416.2428096676737,8.990694269737622e-09,-6.406406406400666e-05
2021-04-16 11:33:00+00:00,416.22,416.21,416.24,100,125,416.22333333333336,2.807085303498851e-09,3.079157747110095e-05
2021-04-16 11:34:00+00:00,416.24,416.23,416.27,109,600,416.236149506347,1.6124666873607712e-08,0.00014785549361429062
2021-04-16 11:35:00+00:00,416.27,416.27,416.31,225,100,416.29769230769233,1.066456333536012e-09,1.2406590909064263e-05
2021-04-16 11:36:00+00:00,416.27,416.29,416.31,180,100,416.30285714285714,5.734704595824913e-09,-5.376122694555896e-05
2021-04-16 11:37:00+00:00,416.3,416.28,416.3,500,100,416.2966666666667,9.516897930018196e-09,0.0001262962353232311
2021-04-16 11:38:00+00:00,416.3,416.33,416.35,216,1200,416.3330508474576,1.463142886732138e-08,-3.474252162694036e-05
2021-04-16 11:39:00+00:00,416.33,416.3,416.35,710,1200,416.31858638743455,3.441521537573183e-08,0.0001034791158520676
2021-04-16 11:40:00+00:00,416.37,416.34,416.37,260,100,416.3616666666667,1.8537100426152683e-08,-0.00015068172759602483
2021-04-16 11:41:00+00:00,416.31,416.29,416.31,5000,200,416.3092307692308,8.062972653081275e-09,-8.900712657544663e-05
2021-04-16 11:42:00+00:00,416.29,416.26,416.29,100,1500,416.261875,5.820328844138406e-09,2.5541651881288985e-05
2021-04-16 11:43:00+00:00,416.29,416.27,416.29,134,935,416.2725070159027,1.2833030177996226e-08,0.0001261024526302279
2021-04-16 11:44:00+00:00,416.29,416.3,416.35,600,600,416.325,1.7438781396997164e-08,1.420668279306092e-05
2021-04-16 11:45:00+00:00,416.34,416.33,416.34,151,1500,416.3309145972138,2.6000251758095582e-09,-1.8639583383328606e-05
2021-04-16 11:46:00+00:00,416.32,416.31,416.35,294,600,416.3231543624161,2.6097129872191536e-09,-3.557528362541085e-05
2021-04-16 11:47:00+00:00,416.31,416.3,416.31,5037,1000,416.30834354811986,1.3367972609470143e-08,8.204604209716138e-05
2021-04-16 11:48:00+00:00,416.35,416.34,416.36,200,173,416.3507238605898,4.386875781820585e-09,8.316826610643702e-05
2021-04-16 11:49:00+00:00,416.37,416.35,416.38,1209,234,416.3751351351351,6.371626438354917e-09,9.22939068452866e-05
2021-04-16 11:50:00+00:00,416.4,416.38,416.42,600,200,416.41,1.990973653875096e-08,2.551006621076546e-05
2021-04-16 11:51:00+00:00,416.42,416.41,416.43,500,100,416.4266666666667,4.475220853665516e-09,-3.335109158675298e-05
2021-04-16 11:52:00+00:00,416.41,416.41,416.42,30,101,416.4122900763359,2.8399390707937776e-09,-4.0504893291548605e-05
2021-04-16 11:53:00+00:00,416.4,416.4,416.42,900,1,416.41997780244174,4.117063263846952e-09,8.387186438163496e-05
2021-04-16 11:54:00+00:00,416.44,416.43,416.44,232,6450,416.4303472014367,1.1705739498474087e-08,-1.9358548686843058e-05
2021-04-16 11:55:00+00:00,416.44,416.42,416.44,600,4650,416.4222857142857,4.42775199008897e-09,6.595296807221374e-05
2021-04-16 11:56:00+00:00,416.44,416.44,416.45,39,1,416.44974999999994,1.399914457644992e-08,-0.00011900418791255252
2021-04-16 11:57:00+00:00,416.41,416.4,416.41,35,1800,416.4001907356948,4.37801842658423e-09,-2.1717645735108704e-06
2021-04-16 11:58:00+00:00,416.4,416.39,416.4,1900,146,416.3992864125122,2.0603533267752882e-08,8.109798490352205e-05
2021-04-16 11:59:00+00:00,416.5,416.43,416.44,220,500,416.43305555555554,5.548213463451179e-09,0.00013346877088493692
2021-04-16 12:00:00+00:00,416.48,416.47,416.49,320,100,416.48523809523806,1.5862252966122305e-07,0.00015934080925483762
2021-04-16 12:01:00+00:00,416.58,416.51,416.54,100,600,416.51428571428573,6.477766557667029e-08,5.637595328522593e-05
2021-04-16 12:02:00+00:00,416.57,416.54,416.58,1005,500,416.5667109634551,2.6498681310711966e-08,3.107430343818329e-05
2021-04-16 12:03:00+00:00,416.59,416.54,416.58,1600,500,416.5704761904762,2.4474531478860417e-08,7.353537960552714e-05
2021-04-16 12:04:00+00:00,416.6,416.59,416.64,2150,1200,416.62208955223883,3.3503262948259e-08,-0.00010968968758018338
2021-04-16 12:05:00+00:00,416.59,416.56,416.61,600,500,416.5872727272727,9.350576267968722e-09,-9.839046089088477e-06
2021-04-16 12:06:00+00:00,416.59,416.56,416.59,500,723,416.5722649223222,1.9256475411998744e-08,9.936068689775368e-05
2021-04-16 12:07:00+00:00,416.58,416.58,416.62,1061,700,416.6040999432141,5.5566462414305655e-09,-1.6754801423823906e-05
2021-04-16 12:08:00+00:00,416.6,416.58,416.62,1001,500,416.60667554963356,3.091295669358507e-08,-1.6023626181027595e-05
2021-04-16 12:09:00+00:00,416.6,416.58,416.6,1,500,416.5800399201597,5.282010071279624e-09,-1.8314222238968725e-05
2021-04-16 12:10:00+00:00,416.61,416.59,416.62,500,100,416.615,3.176325556785977e-08,4.2318837889965266e-05
2021-04-16 12:11:00+00:00,416.61,416.6,416.62,100,100,416.61,7.115114135159503e-08,0.0001514960132937837
2021-04-16 12:12:00+00:00,416.64,416.66,416.69,500,100,416.685,2.6167111542593342e-08,6.915002606300291e-05
2021-04-16 12:13:00+00:00,416.73,416.69,416.72,666,100,416.7160835509139,1.0075436528787005e-07,7.475178337812416e-05
2021-04-16 12:14:00+00:00,416.75,416.71,416.75,1000,1100,416.7290476190476,2.8154397684351266e-08,0.00010574138820773626
2021-04-16 12:15:00+00:00,416.73,416.75,416.78,100,600,416.7542857142857,2.2190708223272346e-08,-0.00013199611146574863
2021-04-16 12:16:00+00:00,416.73,416.71,416.73,635,412,416.7221298949379,1.0900371024323728e-08,-3.757235499468603e-05
2021-04-16 12:17:00+00:00,416.7,416.68,416.71,1501,200,416.7064726631393,4.296931453965273e-09,-6.15468603163416e-05
2021-04-16 12:18:00+00:00,416.68,416.68,416.69,9,100,416.6808256880734,7.191929473520046e-10,-1.3688503291531262e-05
2021-04-16 12:19:00+00:00,416.68,416.67,416.68,105,100,416.67512195121947,1.0313806325760237e-08,-2.018596100716863e-05
2021-04-16 12:20:00+00:00,416.64,416.66,416.68,601,100,416.6771469329529,1.3420165889392977e-08,-8.145190153052706e-05
2021-04-16 12:21:00+00:00,416.64,416.63,416.67,922,200,416.6628698752228,4.8804267454293734e-08,-0.00019867056307809605
2021-04-16 12:22:00+00:00,416.55,416.55,416.58,600,100,416.5757142857143,2.144974914299131e-08,4.432010193622382e-05
2021-04-16 12:23:00+00:00,416.55,416.57,416.58,3500,1500,416.577,4.18461018691874e-08,0.0002533603416667862
2021-04-16 12:24:00+00:00,416.65,416.67,416.7,77,500,416.6740034662045,2.9516084770946563e-08,-4.77370245977049e-06
2021-04-16 12:25:00+00:00,416.69,416.67,416.69,112,1000,416.67201438848923,3.6211825656925965e-08,-0.0002688310820528894
2021-04-16 12:26:00+00:00,416.6,416.55,416.58,500,1000,416.56,6.830143215024783e-08,0.00012991561133768315
2021-04-16 12:27:00+00:00,416.63,416.6,416.64,600,1100,416.61411764705883,4.720456682316476e-08,1.4119427767855797e-05
2021-04-16 12:28:00+00:00,416.64,416.6,416.64,500,1000,416.61333333333334,3.8076006083289674e-08,-4.950554462102019e-05
2021-04-16 12:29:00+00:00,416.64,416.59,416.62,500,500,416.605,4.0341936420489665e-08,1.360137017503149e-05
2021-04-16 12:30:00+00:00,416.64,416.58,416.6,5,100,416.5809523809524,2.1951262237212854e-08,-5.4773941331687226e-05
2021-04-16 12:31:00+00:00,416.59,416.58,416.6,250,3100,416.5814925373134,4.4812525300749725e-08,3.365761492735153e-05
2021-04-16 12:32:00+00:00,416.6,416.58,416.61,614,520,416.5962433862434,3.165324501802176e-08,0.00020124112101949088
2021-04-16 12:33:00+00:00,416.68,416.66,416.69,195,500,416.668417266187,3.781724893445473e-09,2.5166445367208468e-05
2021-04-16 12:34:00+00:00,416.68,416.69,416.7,90,1500,416.69056603773583,7.53546723047057e-09,-9.723362909763722e-05
2021-04-16 12:35:00+00:00,416.67,416.65,416.66,5,501,416.65009881422924,8.50668493314907e-08,-0.00013352720685733122
2021-04-16 12:36:00+00:00,416.57,416.58,416.61,185,200,416.5944155844156,1.7434812860045693e-08,-9.443643821971381e-05
2021-04-16 12:37:00+00:00,416.56,416.55,416.56,104,1100,416.5508637873754,1.8942779979795156e-08,-0.00011209812350443382
2021-04-16 12:38:00+00:00,416.52,416.5,416.52,721,1000,416.5083788495061,3.3440141575124104e-08,6.391504191949338e-05
2021-04-16 12:39:00+00:00,416.54,416.53,416.56,100,100,416.545,3.3988256577283164e-08,0.00020327938258435374
2021-04-16 12:40:00+00:00,416.57,416.6,416.63,1143,600,416.61967297762476,2.692681419196057e-08,-0.00014131958058283267
2021-04-16 12:41:00+00:00,416.6,416.56,416.59,30,1100,416.560796460177,3.34156716033333e-08,-2.5309748206248095e-05
2021-04-16 12:42:00+00:00,416.55,416.55,416.56,13,1000,416.5501283316881,3.1587444725783264e-08,-4.403622083104519e-05
2021-04-16 12:43:00+00:00,416.51,416.53,416.57,68,500,416.53478873239436,2.0522736100970516e-08,-5.1293465780588576e-05
2021-04-16 12:44:00+00:00,416.54,416.51,416.53,14,500,416.5105447470817,2.1994425781254887e-09,-1.2599848039362982e-06
2021-04-16 12:45:00+00:00,416.52,416.51,416.52,4,2001,416.5100199501247,9.010957403148369e-09,-2.2305370561692683e-06
2021-04-16 12:46:00+00:00,416.51,416.5,416.52,500,600,416.5090909090909,1.2913222562231545e-08,-2.3124224276638294e-05
2021-04-16 12:47:00+00:00,416.49,416.49,416.5,35,2,416.49945945945944,6.991880468622689e-08,0.00043980712404101396
2021-04-16 12:48:00+00:00,416.67,416.68,416.7,76,500,416.6826388888889,1.0554207880977468e-08,-2.352236299285604e-05
2021-04-16 12:49:00+00:00,416.68,416.66,416.69,374,500,416.67283752860413,5.190855421883653e-09,-7.701744127974752e-05
2021-04-16 12:50:00+00:00,416.64,416.6,416.64,1600,1000,416.62461538461537,4.493376426113154e-08,2.652084269727517e-05
2021-04-16 12:51:00+00:00,416.57,416.64,416.65,106,2000,416.64050332383664,7.800770582067422e-09,-9.551408844454823e-05
2021-04-16 12:52:00+00:00,416.6,416.6,416.65,1000,500,416.6333333333333,1.8238331907167566e-08,-5.710971501693418e-05
2021-04-16 12:53:00+00:00,416.6,416.58,416.59,1108,242,416.58820740740737,1.519753545926216e-08,0.0002507023712123857
2021-04-16 12:54:00+00:00,416.7,416.69,416.7,108,300,416.6926470588235,3.023540507402574e-10,2.112946492438539e-06
2021-04-16 12:55:00+00:00,416.7,416.69,416.7,109,200,416.6935275080906,3.551345415850505e-08,0.0002544996294695512
2021-04-16 12:56:00+00:00,416.78,416.78,416.8,840,13,416.79969519343496,1.982666777459332e-08,-6.033594370991047e-05
2021-04-16 12:57:00+00:00,416.77,416.77,416.8,89,514,416.77442786069656,8.901940251620382e-09,-2.9325438769101098e-05
2021-04-16 12:58:00+00:00,416.78,416.75,416.78,783,1000,416.7631744251262,1.2841727782120919e-08,5.915327411232241e-06
2021-04-16 12:59:00+00:00,416.76,416.76,416.8,213,611,416.77033980582524,3.563795969995417e-08,0.00020402292247090337
2021-04-16 13:00:00+00:00,416.85,416.85,416.87,500,1500,416.855,4.1728341788750034e-08,-0.00021032828432110406
2021-04-16 13:01:00+00:00,416.79,416.76,416.79,32,1100,416.7608480565371,9.747378614256019e-09,1.1954174651940264e-05
2021-04-16 13:02:00+00:00,416.78,416.76,416.79,100,10,416.7872727272727,1.7644066712584275e-08,0.000136749398341518
2021-04-16 13:03:00+00:00,416.82,416.8,416.84,1500,1000,416.824,1.9472473982942394e-08,-7.34213327083788e-05
2021-04-16 13:04:00+00:00,416.79,416.79,416.8,72,140,416.79339622641515,1.924740435856086e-08,1.3049513906571164e-05
2021-04-16 13:05:00+00:00,416.8,416.78,416.8,1617,100,416.7988351776354,2.2036594666537522e-08,-0.00032446150569920285
2021-04-16 13:06:00+00:00,416.66,416.66,416.68,900,100,416.678,1.7474222910465765e-08,2.83762271557908e-05
2021-04-16 13:07:00+00:00,416.68,416.67,416.68,237,200,416.6754233409611,3.478794213321733e-08,6.744845437856029e-05
2021-04-16 13:08:00+00:00,416.71,416.7,416.71,2120,3890,416.703527454243,1.967678969077126e-08,0.00021747713465947172
2021-04-16 13:09:00+00:00,416.77,416.78,416.8,1100,248,416.7963204747774,5.756859646884648e-08,-0.0002935088251625473
2021-04-16 13:10:00+00:00,416.69,416.66,416.69,545,1011,416.6705077120823,4.3877495991169975e-08,-0.00028747385459659824
2021-04-16 13:11:00+00:00,416.56,416.54,416.57,67,1100,416.54172236503854,5.960641099137951e-08,0.00011514545055435477
2021-04-16 13:12:00+00:00,416.6,416.58,416.62,1500,500,416.61,2.1429681158992612e-08,-6.871850143141955e-05
2021-04-16 13:13:00+00:00,416.57,416.57,416.58,318,2000,416.5713718723037,2.4606941891664193e-08,-2.4455063329487103e-05
2021-04-16 13:14:00+00:00,416.57,416.56,416.57,163,1713,416.5608688699361,2.197817523625159e-08,-0.00016059796546563643
2021-04-16 13:15:00+00:00,416.5,416.48,416.5,1000,200,416.49666666666667,3.6877613509328045e-08,0.0004280849389561858
2021-04-16 13:16:00+00:00,416.56,416.67,416.69,80,1100,416.6713559322034,1.2203948481788813e-08,8.862486584271245e-05
2021-04-16 13:17:00+00:00,416.7,416.69,416.72,500,1000,416.7,5.045990072417594e-08,0.00012771265104150054
2021-04-16 13:18:00+00:00,416.75,416.76,416.79,100,1000,416.76272727272726,1.7535136905393506e-08,8.699546465540386e-05
2021-04-16 13:19:00+00:00,416.8,416.79,416.8,221,25,416.7989837398374,1.3917526386094424e-08,-1.4660218695672356e-06
2021-04-16 13:20:00+00:00,416.79,416.78,416.8,1400,124,416.79837270341204,2.731937777941943e-08,-0.0001741039710122516
2021-04-16 13:21:00+00:00,416.76,416.71,416.74,1100,1000,416.7257142857143,4.901064847473621e-08,0.00014375839742553076
2021-04-16 13:22:00+00:00,416.79,416.78,416.8,200,1500,416.7823529411765,3.1887382214823095e-08,-3.767156501977009e-05
2021-04-16 13:23:00+00:00,416.77,416.77,416.78,4,3000,416.77001331557926,7.468537309809108e-10,4.4916783270565475e-06
2021-04-16 13:24:00+00:00,416.78,416.78,416.8,1500,100,416.79875,3.865731388272743e-08,0.000258840716555353
2021-04-16 13:25:00+00:00,416.84,416.86,416.88,1000,12,416.8797628458498,4.314648567939275e-08,2.852337555481199e-06
2021-04-16 13:26:00+00:00,416.87,416.88,416.9,100,2001,416.8809519276535,4.037810807947899e-08,-4.6687842977233274e-05
2021-04-16 13:27:00+00:00,416.8,416.87,416.88,192,15,416.8792753623188,3.1615629166114504e-08,5.554637421023578e-05
2021-04-16 13:28:00+00:00,416.86,416.87,416.89,355,200,416.88279279279277,2.0416974586724936e-07,0.0005628461453386358
2021-04-16 13:29:00+00:00,417.12,417.11,417.13,1300,10,417.12984732824424,1.5132134051942792e-07,0.0002635139238738038
2021-04-16 13:30:00+00:00,417.24,417.24,417.26,1100,3000,417.24536585365854,2.1658418513301762e-07,-0.00018412302196235686
2021-04-16 13:31:00+00:00,417.17,417.16,417.18,1500,1100,417.1715384615385,1.1284390671705191e-07,-0.0007548343645122912
2021-04-16 13:32:00+00:00,416.81,416.8,416.81,415,400,416.80509202453993,1.2424339983339707e-07,-3.298647554494938e-05
2021-04-16 13:33:00+00:00,416.81,416.81,416.82,200,700,416.8122222222222,1.0622102968168193e-07,-0.0001458861773817599
2021-04-16 13:34:00+00:00,416.76,416.74,416.75,300,400,416.7442857142857,9.965112199584897e-08,6.939573021114143e-06
2021-04-16 13:35:00+00:00,416.78,416.77,416.78,3200,196,416.77942285041223,1.2521639993953913e-07,0.0004850845498771683
2021-04-16 13:36:00+00:00,416.95,416.94,416.96,500,600,416.9490909090909,9.750978591562204e-08,-0.0001008567900991908
2021-04-16 13:37:00+00:00,416.9,416.89,416.9,531,500,416.89515033947623,7.251276623329702e-08,3.7495870848225366e-05
2021-04-16 13:38:00+00:00,416.94,416.94,416.95,800,500,416.94615384615383,7.562697159672512e-08,-0.00015641354640005822
2021-04-16 13:39:00+00:00,416.88,416.87,416.88,600,400,416.876,5.500961185059795e-08,-8.456350210173103e-05
2021-04-16 13:40:00+00:00,416.86,416.86,416.87,300,400,416.8642857142857,6.384082510203536e-08,-0.00019964637252467554
2021-04-16 13:41:00+00:00,416.769,416.76,416.77,1600,400,416.768,5.008276608071623e-08,1.905911839883423e-05
2021-04-16 13:42:00+00:00,416.73,416.73,416.75,400,300,416.74142857142857,7.300262016208128e-08,-0.00019607098216511964
2021-04-16 13:43:00+00:00,416.69,416.7,416.71,1300,100,416.7092857142857,5.5674897358555754e-08,0.00014155999405529585
2021-04-16 13:44:00+00:00,416.74,416.73,416.74,400,621,416.73391772771794,7.121902480267715e-08,-5.01057507151792e-05
2021-04-16 13:45:00+00:00,416.72,416.71,416.73,500,600,416.71909090909094,8.2695143222187e-08,-0.0004953725468183068
2021-04-16 13:46:00+00:00,416.53,416.53,416.54,100,626,416.5313774104683,6.127414357360884e-08,0.00018083741200314307
2021-04-16 13:47:00+00:00,416.6,416.59,416.6,200,500,416.59285714285716,8.242368757098651e-08,-6.811771077630535e-05
2021-04-16 13:48:00+00:00,416.55,416.54,416.55,100,600,416.5414285714286,4.25664846406055e-08,3.0158736899821292e-05
2021-04-16 13:49:00+00:00,416.58,416.58,416.59,200,700,416.58222222222224,7.370785026486732e-08,0.00021019071300254488
2021-04-16 13:50:00+00:00,416.67,416.65,416.67,500,600,416.65909090909093,1.0072266375176292e-07,-0.0005248817437562003
2021-04-16 13:51:00+00:00,416.445,416.44,416.45,120,600,416.44166666666666,8.579931420048214e-08,-0.00038085024625955644
2021-04-16 13:52:00+00:00,416.29,416.28,416.3,500,1400,416.28526315789475,8.616605939694287e-08,-0.00033950067621824065
2021-04-16 13:53:00+00:00,416.15,416.14,416.15,315,200,416.1461165048544,9.566733093845587e-08,-4.872564211499952e-05
2021-04-16 13:54:00+00:00,416.12,416.12,416.13,1100,600,416.1264705882353,5.621325318578882e-08,-0.00019052680516362663
2021-04-16 13:55:00+00:00,416.03,416.03,416.04,1000,500,416.0366666666667,6.613522628196924e-08,-0.00014450662858600527
2021-04-16 13:56:00+00:00,415.99,415.98,416.0,1600,603,415.9945256468452,1.0214516933221696e-07,0.0002547078890606791
2021-04-16 13:57:00+00:00,416.09,416.08,416.09,400,600,416.084,3.5390638701691146e-08,-5.7279205685656365e-05
2021-04-16 13:58:00+00:00,416.05,416.05,416.06,200,2900,416.05064516129033,3.643283967305799e-08,-4.930176377060391e-05
2021-04-16 13:59:00+00:00,416.05,416.04,416.06,800,900,416.0494117647059,3.43648519490839e-08,0.0001342306696741069
2021-04-16 14:00:00+00:00,416.1,416.09,416.11,200,124,416.10234567901233,6.38433264359625e-08,-0.0004053493294111643
2021-04-16 14:01:00+00:00,415.93,415.91,415.93,977,300,415.92530148786216,1.441272461221206e-07,-0.00015493935994015384
2021-04-16 14:02:00+00:00,415.88,415.87,415.88,300,400,415.8742857142857,1.3099756334041452e-07,0.0004745753202131109
2021-04-16 14:03:00+00:00,416.06,416.06,416.07,200,601,416.06249687890136,8.969122098792082e-08,0.00033290829227761165
2021-04-16 14:04:00+00:00,416.21,416.2,416.21,500,175,416.2074074074074,5.170559975470144e-08,0.000359757874738742
2021-04-16 14:05:00+00:00,416.33,416.32,416.33,900,504,416.32641025641027,6.456936784014275e-08,0.00010357568560470654
2021-04-16 14:06:00+00:00,416.39,416.39,416.4,400,1700,416.39190476190475,3.6867427660214863e-08,0.00027589243339987135
2021-04-16 14:07:00+00:00,416.51,416.5,416.51,200,1000,416.50166666666667,2.7801442481814238e-08,0.0001568406397323141
2021-04-16 14:08:00+00:00,416.6,416.59,416.6,1000,607,416.59622277535783,3.914556012163446e-08,0.00045064681037509935
2021-04-16 14:09:00+00:00,416.78,416.78,416.79,100,726,416.78121065375296,5.529547945302796e-08,-0.00011395145014614361
2021-04-16 14:10:00+00:00,416.71,416.71,416.72,300,1400,416.71176470588233,3.565819232949061e-08,-0.0001293388841324683
2021-04-16 14:11:00+00:00,416.66,416.66,416.67,600,700,416.6646153846154,2.2680067854515243e-08,2.1500129000706636e-05
2021-04-16 14:12:00+00:00,416.68,416.68,416.69,1900,600,416.6876,1.963142240615407e-08,4.499930251089523e-06
2021-04-16 14:13:00+00:00,416.68,416.68,416.69,1900,500,416.6879166666667,3.249849151763245e-08,-3.999920001551693e-06
2021-04-16 14:14:00+00:00,416.665,416.67,416.68,200,600,416.6725,3.048602202528118e-08,-0.00011599814402973863
2021-04-16 14:15:00+00:00,416.62,416.62,416.63,800,500,416.62615384615384,5.117494018422227e-08,0.00017078630940003947
2021-04-16 14:16:00+00:00,416.69,416.69,416.7,200,900,416.6918181818182,4.629459409240205e-08,-5.16886497259339e-06
2021-04-16 14:17:00+00:00,416.69,416.68,416.7,1800,1200,416.692,2.353552673801379e-08,7.71641687997704e-05
2021-04-16 14:18:00+00:00,416.725,416.72,416.73,800,200,416.728,4.654304432350213e-08,6.349862665766537e-05
2021-04-16 14:19:00+00:00,416.775,416.77,416.78,500,800,416.77384615384614,2.941025393927752e-08,0.0005128553819311321
2021-04-16 14:20:00+00:00,416.97,416.96,416.98,1000,2035,416.966589785832,2.9651367216337872e-08,-0.00011914573996751887
2021-04-16 14:21:00+00:00,416.9,416.9,416.91,200,800,416.902,3.672370540540371e-08,-0.0001205057854131164
2021-04-16 14:22:00+00:00,416.86,416.85,416.86,1645,197,416.85893051031496,2.5147629180745464e-08,1.9199057041952017e-06
2021-04-16 14:23:00+00:00,416.87,416.86,416.87,1320,506,416.8672289156627,3.587669956940726e-08,-0.00013543805072024906
2021-04-16 14:24:00+00:00,416.8,416.8,416.81,1600,200,416.8088888888889,4.342588243905198e-08,-0.0001869243639166518
2021-04-16 14:25:00+00:00,416.739,416.73,416.74,500,800,416.7338461538462,4.282957224883168e-08,0.0002536243062405408
2021-04-16 14:26:00+00:00,416.82,416.82,416.83,400,900,416.82307692307694,2.236888064570599e-08,-0.00015379163007289698
2021-04-16 14:27:00+00:00,416.77,416.77,416.78,500,1300,416.7727777777778,2.9177225686886638e-08,-5.5772240247220495e-05
2021-04-16 14:28:00+00:00,416.74,416.73,416.74,600,200,416.7375,7.614079237584357e-08,-0.0003343121747459987
2021-04-16 14:29:00+00:00,416.61,416.61,416.62,700,1200,416.61368421052634,7.007090104291873e-08,-0.00047789617668059226
2021-04-16 14:30:00+00:00,416.41,416.41,416.42,200,800,416.412,1.353895947515466e-07,3.04427922324102e-05
2021-04-16 14:31:00+00:00,416.45,416.44,416.46,1900,600,416.4552,5.760294847364608e-08,0.000622178366530779
2021-04-16 14:32:00+00:00,416.67,416.66,416.67,500,600,416.6645454545455,1.1317499731535981e-07,-0.0003338038585980474
2021-04-16 14:33:00+00:00,416.53,416.53,416.55,400,1300,416.53470588235297,1.1229820879869354e-07,-0.0002149716281101277
2021-04-16 14:34:00+00:00,416.458,416.46,416.47,800,400,416.46666666666664,7.903400851636679e-08,-0.00018009109334937712
2021-04-16 14:35:00+00:00,416.37,416.38,416.4,600,600,416.39,6.61828952461775e-08,-7.663437542981821e-05
2021-04-16 14:36:00+00:00,416.34,416.34,416.35,400,500,416.34444444444443,6.972740863449327e-08,1.5912131408946095e-05
2021-04-16 14:37:00+00:00,416.37,416.37,416.38,100,700,416.37125,7.177930724441717e-08,0.00031960815270348775
2021-04-16 14:38:00+00:00,416.49,416.48,416.49,1000,200,416.48833333333334,6.001780011478857e-08,4.154818127521942e-05
2021-04-16 14:39:00+00:00,416.51,416.51,416.52,400,900,416.51307692307694,4.5745555157072385e-08,0.0002697039978616367
2021-04-16 14:40:00+00:00,416.63,416.63,416.65,400,2501,416.63275766976903,5.7149352413551036e-08,8.600997715735303e-05
2021-04-16 14:41:00+00:00,416.65,416.64,416.66,1300,800,416.65238095238095,5.586564413522437e-08,-3.117740591040974e-05
2021-04-16 14:42:00+00:00,416.65,416.64,416.65,301,1500,416.6416712937257,6.303258237452242e-08,0.00015490023255204655
2021-04-16 14:43:00+00:00,416.71,416.7,416.72,1700,700,416.71416666666664,2.5649487596344818e-08,0.00010409414099576964
2021-04-16 14:44:00+00:00,416.75,416.74,416.75,1500,100,416.749375,4.272963657529268e-08,-6.409121769579418e-05
2021-04-16 14:45:00+00:00,416.72,416.71,416.73,547,2600,416.7134763266603,6.041226096127194e-08,0.0001462661564111123
2021-04-16 14:46:00+00:00,416.77,416.76,416.77,400,600,416.764,3.4324478745900506e-08,0.00017061889337632863
2021-04-16 14:47:00+00:00,416.85,416.85,416.86,200,500,416.85285714285715,2.4743282047412956e-08,0.00012127867707611983
2021-04-16 14:48:00+00:00,416.9,416.9,416.91,1700,500,416.9077272727273,3.052877273798327e-08,-1.499142490490879e-05
2021-04-16 14:49:00+00:00,416.9,416.89,416.9,500,500,416.895,2.6621845712428432e-08,4.497494895350229e-05
2021-04-16 14:50:00+00:00,416.91,416.9,416.91,400,900,416.9030769230769,2.9001576714456897e-08,-0.00033821154391566743
2021-04-16 14:51:00+00:00,416.79,416.79,416.8,400,700,416.7936363636364,4.4433896376550455e-08,-0.00014093370115542125
2021-04-16 14:52:00+00:00,416.73,416.71,416.73,1728,800,416.7236708860759,4.1615048323886924e-08,-3.170102569194366e-05
2021-04-16 14:53:00+00:00,416.7,416.72,416.73,900,500,416.7264285714286,3.598000586472085e-08,0.00020441736757459417
2021-04-16 14:54:00+00:00,416.79,416.78,416.8,1500,407,416.7957315154693,2.8807172558558036e-08,3.06459070027465e-05
2021-04-16 14:55:00+00:00,416.815,416.81,416.82,200,600,416.8125,4.347483472315422e-08,-5.961436853285651e-05
2021-04-16 14:56:00+00:00,416.8,416.77,416.78,130,1100,416.77105691056914,4.658683283462192e-08,0.00010040705777081271
2021-04-16 14:57:00+00:00,416.8,416.81,416.83,2100,500,416.82615384615383,2.393831459045023e-08,-7.762866866156681e-05
2021-04-16 14:58:00+00:00,416.79,416.78,416.8,500,500,416.79,2.8038030772762222e-08,-5.484128589094972e-05
2021-04-16 14:59:00+00:00,416.75,416.76,416.77,2200,600,416.76785714285717,3.2564790269156405e-08,-0.0003697202701670177
2021-04-16 15:00:00+00:00,416.612,416.6,416.61,457,1099,416.60293701799486,7.657971350584365e-08,4.384331115581119e-05
2021-04-16 15:01:00+00:00,416.631,416.63,416.64,100,800,416.6311111111111,6.466065799649094e-08,-0.00020991386068014428
2021-04-16 15:02:00+00:00,416.54,416.53,416.55,1302,600,416.543690851735,6.007318804164667e-08,1.4082668607473536e-05
2021-04-16 15:03:00+00:00,416.53,416.54,416.55,800,500,416.54615384615386,4.1773619151907486e-08,-7.137766393550127e-05
2021-04-16 15:04:00+00:00,416.52,416.51,416.53,500,1100,416.51625,4.428978263557534e-08,0.00023094001733192648
2021-04-16 15:05:00+00:00,416.635,416.63,416.64,500,200,416.63714285714286,4.527224621187871e-08,0.0002429401872530157
2021-04-16 15:06:00+00:00,416.71,416.71,416.72,700,900,416.714375,4.0177164727919795e-08,0.00019173554360052414
2021-04-16 15:07:00+00:00,416.8,416.81,416.82,100,801,416.81110987791345,2.68154385686496e-08,0.00016128387294567226
2021-04-16 15:08:00+00:00,416.86,416.86,416.87,500,700,416.8641666666667,4.687680792019054e-08,0.00025508062226875516
2021-04-16 15:09:00+00:00,416.97,416.97,416.98,400,1400,416.97222222222223,6.276186230620313e-08,-0.0002454249854306756
2021-04-16 15:10:00+00:00,416.87,416.86,416.87,915,700,416.86566563467494,5.970435024399042e-08,-0.00011854090837559728
2021-04-16 15:11:00+00:00,416.83,416.83,416.84,3000,200,416.839375,2.400303868825959e-08,-5.105620498402352e-05
2021-04-16 15:12:00+00:00,416.8,416.8,416.81,2300,100,416.8095833333333,3.619225609060204e-08,-6.243255705373763e-05
2021-04-16 15:13:00+00:00,416.76,416.76,416.77,1700,700,416.76708333333335,2.4561362964182564e-08,1.634519764226461e-05
2021-04-16 15:14:00+00:00,416.78,416.78,416.79,1099,600,416.7864685108887,5.100904938420022e-08,-0.00050835646147529
2021-04-16 15:15:00+00:00,416.555,416.56,416.57,700,900,416.564375,9.021851955865143e-08,5.131508597600032e-06
2021-04-16 15:16:00+00:00,416.56,416.56,416.57,500,500,416.565,4.883721693974696e-08,0.0005042824647452093
2021-04-16 15:17:00+00:00,416.77,416.76,416.78,600,969,416.7676481835564,2.962705116062161e-08,9.829112451797961e-05
2021-04-16 15:18:00+00:00,416.81,416.8,416.81,114,1500,416.80070631970256,3.9114649503071595e-08,-0.0002552490465793644
2021-04-16 15:19:00+00:00,416.72,416.71,416.73,800,800,416.72,2.8853088328494993e-08,-5.721170588401936e-05
2021-04-16 15:20:00+00:00,416.69,416.68,416.7,700,1544,416.68623885918004,2.7985105926386328e-08,0.00018910859794019075
2021-04-16 15:21:00+00:00,416.765,416.76,416.77,600,900,416.764,4.1169382054583305e-08,1.5296367112727083e-05
2021-04-16 15:22:00+00:00,416.78,416.77,416.78,400,700,416.77363636363634,2.1483010042728697e-08,-8.7686923654684e-05
2021-04-16 15:23:00+00:00,416.73,416.72,416.73,1500,500,416.7275,3.42726914752845e-08,-0.00022469017842152716
2021-04-16 15:24:00+00:00,416.64,416.64,416.65,693,100,416.6487389659521,4.883872761741128e-08,-7.466596151040061e-05
2021-04-16 15:25:00+00:00,416.6,416.6,416.61,500,800,416.6038461538462,4.4115713352094934e-08,-0.00027853953492651407
2021-04-16 15:26:00+00:00,416.45,416.45,416.46,886,600,416.4559623149395,8.85198235124403e-08,8.131882367479193e-07
2021-04-16 15:27:00+00:00,416.49,416.48,416.49,500,400,416.48555555555555,3.5769064041995154e-08,-0.00023310889041938676
2021-04-16 15:28:00+00:00,416.41,416.41,416.42,100,600,416.4114285714286,5.140394012238729e-08,-8.249533745818827e-05
2021-04-16 15:29:00+00:00,416.37,416.36,416.37,300,995,416.3623166023166,2.6639244445978288e-08,-0.00011904446999699836
2021-04-16 15:30:00+00:00,416.32,416.31,416.32,500,1397,416.3126357406431,6.58232222449678e-08,0.00023062516368521635
2021-04-16 15:31:00+00:00,416.42,416.41,416.42,401,700,416.41364214350597,2.9065803176689108e-08,8.29302108873442e-05
2021-04-16 15:32:00+00:00,416.44,416.44,416.45,400,700,416.44363636363636,6.154754625591619e-08,-0.00018991942613766355
2021-04-16 15:33:00+00:00,416.36,416.37,416.38,400,1300,416.3723529411765,3.7471432171655274e-08,0.00026032805365661105
2021-04-16 15:34:00+00:00,416.47,416.46,416.47,500,300,416.46625,2.81350022426597e-08,-9.753396946698967e-05
2021-04-16 15:35:00+00:00,416.44,416.43,416.45,1000,1000,416.44,2.804394756799661e-08,5.895776274478237e-05
2021-04-16 15:36:00+00:00,416.48,416.47,416.48,1000,200,416.47833333333335,4.807539849925298e-08,-0.0002004814604198435
2021-04-16 15:37:00+00:00,416.39,416.37,416.38,1000,1100,416.3747619047619,2.615997908474538e-08,0.00024016852968822278
2021-04-16 15:38:00+00:00,416.47,416.47,416.48,1300,500,416.4772222222222,3.13295752615922e-08,0.0001757842048197844
2021-04-16 15:39:00+00:00,416.54,416.53,416.54,400,1400,416.53222222222223,1.607579822432004e-08,-0.00017496187501342408
2021-04-16 15:40:00+00:00,416.47,416.46,416.47,800,1496,416.4634843205574,2.8784327181858553e-08,-0.00026858307215416044
2021-04-16 15:41:00+00:00,416.37,416.35,416.36,803,907,416.35469590643277,2.7983637032740326e-08,-1.7320703637135892e-05
2021-04-16 15:42:00+00:00,416.35,416.35,416.36,947,600,416.3561215255333,2.884669700857445e-08,-8.974022136476467e-05
2021-04-16 15:43:00+00:00,416.31,416.3,416.32,600,3000,416.30333333333334,4.432978440735635e-08,-0.00013662019301519113
2021-04-16 15:44:00+00:00,416.26,416.26,416.27,300,2000,416.26130434782607,6.425236433087367e-08,0.00017223712947878056
2021-04-16 15:45:00+00:00,416.34,416.33,416.34,800,696,416.33534759358287,4.2103130236165403e-08,-3.362692844433024e-05
2021-04-16 15:46:00+00:00,416.32,416.32,416.33,700,600,416.3253846153846,1.774500801308297e-08,9.993793366636083e-05
2021-04-16 15:47:00+00:00,416.36,416.35,416.36,610,941,416.35393294648617,2.35126742600688e-08,2.026429008727959e-05
2021-04-16 15:48:00+00:00,416.37,416.37,416.38,600,500,416.37545454545455,2.409611296513486e-08,0.00011814514599373105
2021-04-16 15:49:00+00:00,416.42,416.42,416.43,400,800,416.42333333333335,3.043205858316408e-08,1.7579108736009985e-05
2021-04-16 15:50:00+00:00,416.42,416.41,416.43,1100,800,416.4215789473684,1.4896694348630254e-08,4.66936867467016e-05
2021-04-16 15:51:00+00:00,416.45,416.44,416.45,500,201,416.44713266761767,1.1752347097733581e-08,-6.536810916746294e-05
2021-04-16 15:52:00+00:00,416.41,416.4,416.41,800,400,416.4066666666667,1.8844844933432208e-08,-8.36180229496497e-05
2021-04-16 15:53:00+00:00,416.38,416.38,416.39,1500,400,416.3878947368421,1.210538932596484e-08,0.00010412709989449098
2021-04-16 15:54:00+00:00,416.43,416.43,416.44,1900,100,416.4395,2.2600676276838813e-08,0.00014692996469123365
2021-04-16 15:55:00+00:00,416.48,416.47,416.49,8000,300,416.4892771084337,1.8163169348053448e-08,-1.3049089370165134e-06
2021-04-16 15:56:00+00:00,416.49,416.49,416.5,1100,601,416.49646678424455,3.9811302582382276e-08,-0.0002352958348850187
2021-04-16 15:57:00+00:00,416.4,416.38,416.4,1621,800,416.39339116067737,1.6839449894413426e-08,-2.575376037095012e-05
2021-04-16 15:58:00+00:00,416.38,416.38,416.39,800,600,416.3857142857143,2.3243302963321815e-08,3.511674602596493e-05
2021-04-16 15:59:00+00:00,416.4,416.39,416.4,400,500,416.39444444444445,1.5892154418528816e-08,2.1712681031571535e-05
2021-04-16 16:00:00+00:00,416.4,416.39,416.4,828,200,416.39805447470815,3.3907389652657126e-08,0.00026725063100951907
2021-04-16 16:01:00+00:00,416.53,416.52,416.53,600,600,416.525,3.8473120881481534e-08,0.00018725614412962166
2021-04-16 16:02:00+00:00,416.6,416.58,416.59,200,1200,416.58142857142855,2.093904607369236e-08,7.594885142281349e-05
2021-04-16 16:03:00+00:00,416.63,416.62,416.63,500,288,416.626345177665,2.356564010984497e-08,-6.276522618853253e-05
2021-04-16 16:04:00+00:00,416.6,416.59,416.6,900,200,416.59818181818184,9.407515336167356e-09,-9.48307463802811e-05
2021-04-16 16:05:00+00:00,416.54,416.55,416.56,525,700,416.5542857142857,3.025920692076433e-08,-0.0001765043004028355
2021-04-16 16:06:00+00:00,416.49,416.48,416.49,400,300,416.48571428571427,2.158513557204443e-08,4.462566344276553e-05
2021-04-16 16:07:00+00:00,416.5,416.5,416.51,100,500,416.50166666666667,2.4449305150018992e-08,0.00012318587225967903
2021-04-16 16:08:00+00:00,416.57,416.54,416.56,1200,1400,416.54923076923075,1.0307529973076432e-08,5.648592582541134e-05
2021-04-16 16:09:00+00:00,416.58,416.57,416.58,1000,900,416.5752631578947,1.5676137618570044e-08,8.936375627932591e-05
2021-04-16 16:10:00+00:00,416.62,416.61,416.62,900,1000,416.6147368421053,1.340331239359583e-08,1.7145012516373015e-06
2021-04-16 16:11:00+00:00,416.62,416.62,416.63,300,700,416.623,2.097061599905857e-08,-0.0001848803528806675
2021-04-16 16:12:00+00:00,416.55,416.55,416.56,500,500,416.555,2.0952257411345984e-08,0.0001074712661770505
2021-04-16 16:13:00+00:00,416.58,416.57,416.59,1580,1300,416.5809722222222,2.25784657707304e-08,0.00017585477539427963
2021-04-16 16:14:00+00:00,416.66,416.65,416.66,600,400,416.656,1.6303237307840992e-08,5.541960055999162e-05
2021-04-16 16:15:00+00:00,416.69,416.67,416.68,600,400,416.676,1.4928802810292613e-08,-0.00010489197720708887
2021-04-16 16:16:00+00:00,416.64,416.63,416.64,700,800,416.63466666666665,7.044306876385198e-09,0.00014016852757969822
2021-04-16 16:17:00+00:00,416.71,416.7,416.71,1944,100,416.7095107632094,1.83303863497878e-08,0.0001491280814267526
2021-04-16 16:18:00+00:00,416.76,416.75,416.76,1028,100,416.7591134751773,9.247412815720143e-09,-0.00012019312029054596
2021-04-16 16:19:00+00:00,416.71,416.7,416.72,800,1400,416.7072727272727,4.7694324446179225e-08,-8.311218745438165e-05
2021-04-16 16:20:00+00:00,416.67,416.66,416.68,1400,1600,416.6693333333333,2.658348561730423e-08,5.1664892431357856e-05
2021-04-16 16:21:00+00:00,416.69,416.69,416.7,505,600,416.69457013574663,1.5017714370207533e-08,8.24305218756205e-05
2021-04-16 16:22:00+00:00,416.73,416.73,416.74,600,900,416.734,2.572581565652026e-08,-0.00019529233335047191
2021-04-16 16:23:00+00:00,416.64,416.63,416.64,2000,500,416.638,2.588759826259718e-08,0.00017714843254457158
2021-04-16 16:24:00+00:00,416.73,416.72,416.73,600,800,416.7242857142857,1.7632443566443735e-08,0.00020626475472007577
2021-04-16 16:25:00+00:00,416.81,416.8,416.81,629,475,416.8056974637681,1.6066190749899263e-08,-6.0031789417047676e-05
2021-04-16 16:26:00+00:00,416.78,416.77,416.78,600,716,416.7745592705167,1.7127908365351482e-08,-0.00010327179595503999
2021-04-16 16:27:00+00:00,416.74,416.72,416.73,604,800,416.72430199430204,9.041936990376065e-09,8.072992515861799e-05
2021-04-16 16:28:00+00:00,416.77,416.76,416.77,1600,200,416.7688888888889,1.6904545461796105e-08,-4.666034545663944e-05
2021-04-16 16:29:00+00:00,416.75,416.73,416.74,1000,600,416.73625,8.335407153131272e-09,4.188420802853088e-06
2021-04-16 16:30:00+00:00,416.75,416.74,416.75,1100,200,416.7484615384615,8.086622452864e-09,2.8552036455797847e-05
2021-04-16 16:31:00+00:00,416.77,416.76,416.77,1189,810,416.76594797398695,9.694201707900707e-09,6.770548443069124e-05
2021-04-16 16:32:00+00:00,416.77,416.77,416.78,700,700,416.775,3.066112241022307e-08,-0.0002460227981125884
2021-04-16 16:33:00+00:00,416.7,416.69,416.7,100,1000,416.6909090909091,2.7889639153572653e-08,0.00013838155909895455
2021-04-16 16:34:00+00:00,416.75,416.74,416.75,1300,300,416.748125,8.909602913398226e-09,6.978891775921703e-05
2021-04-16 16:35:00+00:00,416.78,416.77,416.78,1128,376,416.7775,9.552280676903056e-09,4.3918195625325396e-05
2021-04-16 16:36:00+00:00,416.8,416.79,416.8,900,749,416.7954578532444,1.1908343615696943e-08,1.6955147437158757e-06
2021-04-16 16:37:00+00:00,416.8,416.79,416.8,1300,300,416.798125,9.800126040103879e-09,-5.008963519181897e-05
2021-04-16 16:38:00+00:00,416.78,416.77,416.78,1200,800,416.776,7.682598661041727e-09,-3.944962258484175e-05
2021-04-16 16:39:00+00:00,416.75,416.75,416.76,4000,300,416.7593023255814,1.4118267568037182e-08,1.2895682276248266e-05
2021-04-16 16:40:00+00:00,416.76,416.76,416.77,2100,1400,416.766,1.7287845779398643e-08,-7.672187152629739e-05
2021-04-16 16:41:00+00:00,416.73,416.73,416.74,100,1156,416.73079617834395,8.62838004628299e-09,-2.9547904163984562e-05
2021-04-16 16:42:00+00:00,416.73,416.72,416.73,768,771,416.7249902534113,1.1231219137623222e-08,0.00018065015814383578
2021-04-16 16:43:00+00:00,416.79,416.79,416.8,600,900,416.794,1.5931914378383338e-08,-6.998458129248153e-05
2021-04-16 16:44:00+00:00,416.75,416.75,416.76,1400,600,416.757,1.461785547984803e-08,0.00011241297695341324
2021-04-16 16:45:00+00:00,416.81,416.81,416.82,414,1000,416.812927864215,2.758909644462099e-08,-3.933410102063828e-05
2021-04-16 16:46:00+00:00,416.79,416.78,416.79,600,900,416.784,2.084562935500631e-08,-5.46011025933657e-05
2021-04-16 16:47:00+00:00,416.78,416.77,416.79,600,2300,416.7741379310345,1.3914647392686775e-08,-0.0001281487325089925
2021-04-16 16:48:00+00:00,416.72,416.72,416.73,200,1200,416.7214285714286,1.5115717010864134e-08,0.0001296336330645076
2021-04-16 16:49:00+00:00,416.77,416.77,416.78,500,530,416.77485436893204,8.761228233522287e-09,-7.368934699114593e-05
2021-04-16 16:50:00+00:00,416.75,416.74,416.75,1200,4,416.74996677740864,2.062471670490758e-08,-0.0003098843844472343
2021-04-16 16:51:00+00:00,416.61,416.6,416.61,401,800,416.6033388842631,2.512814452138145e-08,-0.0002612720512473743
2021-04-16 16:52:00+00:00,416.49,416.49,416.5,500,400,416.49555555555554,3.1867392933431244e-08,2.2748417105367125e-05
2021-04-16 16:53:00+00:00,416.51,416.5,416.51,700,900,416.504375,2.4969138355470003e-08,8.878070371509672e-05
2021-04-16 16:54:00+00:00,416.53,416.52,416.53,700,700,416.525,1.2851935911424015e-08,-2.1476387217944648e-05
2021-04-16 16:55:00+00:00,416.54,416.54,416.55,319,800,416.5428507596068,1.6609333199907237e-08,7.284349231584386e-05
2021-04-16 16:56:00+00:00,416.58,416.57,416.58,1900,178,416.5791434071222,1.0299581169028718e-08,5.4429902763164506e-05
2021-04-16 16:57:00+00:00,416.6,416.59,416.6,600,598,416.59500834724537,1.1593277190213475e-08,-0.0001780172444287853
2021-04-16 16:58:00+00:00,416.52,416.52,416.53,396,880,416.52310344827583,1.6507937082999767e-08,0.00014725125682812923
2021-04-16 16:59:00+00:00,416.58,416.58,416.59,500,400,416.5855555555556,1.685390171990005e-08,3.371618053571446e-05
2021-04-16 17:00:00+00:00,416.6,416.6,416.61,400,1200,416.6025,3.4405137824853347e-08,-0.0001520562554857552
2021-04-16 17:01:00+00:00,416.55,416.53,416.54,700,500,416.53583333333336,1.9555659265772082e-08,4.510521154332814e-05
2021-04-16 17:02:00+00:00,416.55,416.54,416.55,500,499,416.545005005005,1.3527399086919782e-08,5.8678874095274836e-06
2021-04-16 17:03:00+00:00,416.55,416.55,416.56,1221,600,416.55670510708404,1.0976278904781461e-08,-7.21712128224361e-05
2021-04-16 17:04:00+00:00,416.52,416.52,416.53,500,600,416.52454545454543,1.795799094620278e-08,-8.974464504563073e-05
2021-04-16 17:05:00+00:00,416.49,416.49,416.5,200,3000,416.490625,1.8903279435819763e-08,0.0001069028972970898
2021-04-16 17:06:00+00:00,416.53,416.53,416.54,800,700,416.5353333333333,1.5831346055463587e-08,5.150030518885629e-05
2021-04-16 17:07:00+00:00,416.56,416.55,416.56,455,501,416.55475941422594,2.0210354070592924e-08,0.0002601907921830904
2021-04-16 17:08:00+00:00,416.648,416.64,416.65,1100,507,416.6468450528936,2.0679485552757537e-08,-0.00019741994328315027
2021-04-16 17:09:00+00:00,416.58,416.58,416.59,200,2200,416.5808333333333,2.786231548141263e-08,-0.00011440048752120457
2021-04-16 17:10:00+00:00,416.53,416.52,416.53,700,900,416.524375,2.252846880453216e-08,7.459187008951318e-06
2021-04-16 17:11:00+00:00,416.52,416.51,416.52,700,700,416.515,1.717730953191126e-08,-0.00012629212918513488
2021-04-16 17:12:00+00:00,416.48,416.48,416.49,288,1900,416.4813162705667,2.597948271438224e-08,-1.9879717382709217e-05
2021-04-16 17:13:00+00:00,416.47,416.46,416.47,600,800,416.4642857142857,1.5136899031763222e-08,0.00011860918207240445
2021-04-16 17:14:00+00:00,416.53,416.52,416.53,428,800,416.5234853420195,1.9107280039077885e-08,-0.00011750383389874663
2021-04-16 17:15:00+00:00,416.48,416.47,416.49,1300,500,416.4844444444444,1.689255947589587e-08,8.027926512688133e-05
2021-04-16 17:16:00+00:00,416.5,416.5,416.51,500,500,416.505,2.1660215311084516e-08,5.992012565170235e-05
2021-04-16 17:17:00+00:00,416.54,416.54,416.55,500,971,416.54339904826656,1.6972802436380408e-08,9.73002470940898e-05
2021-04-16 17:18:00+00:00,416.59,416.57,416.58,700,900,416.574375,6.991270633616963e-09,7.551672695504941e-05
2021-04-16 17:19:00+00:00,416.6,416.59,416.61,1628,800,416.6034102141681,1.097910793502069e-08,7.624875608236437e-06
2021-04-16 17:20:00+00:00,416.62,416.6,416.61,910,300,416.6075206611571,9.91265639576707e-09,-6.189929408040307e-06
2021-04-16 17:21:00+00:00,416.61,416.61,416.62,700,600,416.61538461538464,1.3442232620647717e-08,-5.2365336641546634e-05
2021-04-16 17:22:00+00:00,416.58,416.57,416.59,900,2500,416.57529411764705,1.7307389563731048e-08,-8.920629109643308e-05
2021-04-16 17:23:00+00:00,416.55,416.55,416.56,500,698,416.5541736227045,1.2178158590222961e-08,-9.3922252351053e-05
2021-04-16 17:24:00+00:00,416.52,416.51,416.52,2700,274,416.5190786819099,1.0733931479231839e-08,1.3818858859426797e-06
2021-04-16 17:25:00+00:00,416.515,416.51,416.52,100,700,416.51125,3.049905976193657e-08,0.00010346499508773199
2021-04-16 17:26:00+00:00,416.545,416.54,416.55,800,200,416.548,1.8448969050762055e-08,-4.424074648212706e-05
2021-04-16 17:27:00+00:00,416.54,416.53,416.54,800,700,416.5353333333333,1.5059143431948665e-08,0.00011072214916274525
2021-04-16 17:28:00+00:00,416.58,416.58,416.59,500,600,416.58454545454543,1.1099658882117924e-08,6.985782160584542e-05
2021-04-16 17:29:00+00:00,416.61,416.6,416.61,1028,100,416.6091134751773,1.040919181579214e-08,-0.00013056496271079965
2021-04-16 17:30:00+00:00,416.555,416.55,416.56,728,600,416.5554819277108,1.7653625716058823e-08,7.754548034344388e-05
2021-04-16 17:31:00+00:00,416.58,416.58,416.59,1215,200,416.58858657243815,1.6187320349897483e-08,-0.0001969170003874865
2021-04-16 17:32:00+00:00,416.53,416.5,416.51,1300,600,416.50684210526316,8.172335934774368e-09,7.2023124542131e-05
2021-04-16 17:33:00+00:00,416.535,416.53,416.54,712,800,416.534708994709,1.1370096050344432e-08,-2.8612168678776584e-07
2021-04-16 17:34:00+00:00,416.53,416.52,416.53,1400,100,416.52933333333334,7.596299144582744e-09,1.9096964564813135e-05
2021-04-16 17:35:00+00:00,416.54,416.54,416.55,800,500,416.54615384615386,1.069224831742368e-08,1.5337904028633886e-05
2021-04-16 17:36:00+00:00,416.55,416.54,416.55,1700,200,416.54894736842107,8.246681860625611e-09,6.988642122829347e-05
2021-04-16 17:37:00+00:00,416.57,416.57,416.59,1000,900,416.5805263157895,1.0615776558649496e-08,2.423372836601878e-05
2021-04-16 17:38:00+00:00,416.6,416.61,416.62,1000,800,416.61555555555555,1.781962631437033e-08,0.00012956137738684426
2021-04-16 17:39:00+00:00,416.65,416.63,416.65,500,3400,416.6325641025641,1.7402943743860905e-08,-8.468092357571955e-05
2021-04-16 17:40:00+00:00,416.61,416.6,416.61,1000,268,416.6078864353313,1.575304868536999e-08,-0.00010150417996723782
2021-04-16 17:41:00+00:00,416.57,416.56,416.57,700,1300,416.5635,1.8666921176265322e-08,0.00010808364496694978
2021-04-16 17:42:00+00:00,416.61,416.61,416.62,700,1300,416.6135,9.593211448391953e-09,-3.899694479003735e-06
2021-04-16 17:43:00+00:00,416.61,416.6,416.61,1328,600,416.606887966805,5.443439880552566e-09,0.00012385948619830778
2021-04-16 17:44:00+00:00,416.66,416.66,416.67,600,999,416.6637523452158,5.182350491413864e-09,6.995796003361754e-05
2021-04-16 17:45:00+00:00,416.69,416.68,416.69,1040,100,416.6891228070175,2.159886930539277e-08,0.00018264619483510103
2021-04-16 17:46:00+00:00,416.769,416.76,416.77,544,900,416.7637673130194,1.5405365888855158e-08,-0.00012483774449068008
2021-04-16 17:47:00+00:00,416.71,416.71,416.72,2400,600,416.718,1.2402553231578186e-08,-7.235122162896346e-05
2021-04-16 17:48:00+00:00,416.68,416.66,416.67,700,2500,416.6621875,2.2909320845301678e-08,-0.0002278245938779344
2021-04-16 17:49:00+00:00,416.59,416.58,416.59,2600,900,416.5874285714286,1.2713904273282872e-08,0.00014260532043453011
2021-04-16 17:50:00+00:00,416.64,416.64,416.65,1000,1001,416.6449975012494,9.355823293351555e-09,-2.4380640360366357e-05
2021-04-16 17:51:00+00:00,416.64,416.63,416.64,900,1700,416.6334615384615,9.923228063493584e-09,-5.885477978528897e-06
2021-04-16 17:52:00+00:00,416.64,416.63,416.64,800,1100,416.63421052631577,6.496290345966805e-09,-4.8204229046944214e-05
2021-04-16 17:53:00+00:00,416.62,416.61,416.63,1028,3400,416.61464317976515,7.584350367720887e-09,-0.00018727016195985158
2021-04-16 17:54:00+00:00,416.54,416.53,416.54,2254,100,416.539575191164,8.593810953642648e-09,6.342101431577873e-05
2021-04-16 17:55:00+00:00,416.56,416.56,416.57,824,2000,416.56291784702546,1.1945279862352885e-08,8.015455575050012e-06
2021-04-16 17:56:00+00:00,416.56,416.56,416.57,2500,1000,416.56714285714287,8.720493410062845e-09,-5.2924265419362904e-05
2021-04-16 17:57:00+00:00,416.55,416.54,416.55,2600,709,416.5478573587186,1.100964427614128e-08,-6.767531737073007e-05
2021-04-16 17:58:00+00:00,416.52,416.51,416.52,933,1400,416.51399914273463,4.866219452653349e-09,-8.07017383475106e-06
2021-04-16 17:59:00+00:00,416.52,416.51,416.52,600,1800,416.5125,6.772746944041792e-09,-4.428878306239614e-05
2021-04-16 18:00:00+00:00,416.495,416.49,416.5,813,1533,416.4934654731458,6.544401059272995e-08,0.00010826596576252179
2021-04-16 18:01:00+00:00,416.54,416.53,416.55,4640,1530,416.5450405186386,3.192684612403871e-08,0.00029120423526807215
2021-04-16 18:02:00+00:00,416.66,416.65,416.66,1000,800,416.65555555555557,3.018737614329637e-08,0.00025666224176412733
2021-04-16 18:03:00+00:00,416.76,416.75,416.76,1100,900,416.7555,4.1953274005970464e-08,-1.9129378710291967e-05
2021-04-16 18:04:00+00:00,416.75,416.75,416.76,800,1200,416.754,2.3520800202009912e-08,0.00024970400961810135
2021-04-16 18:05:00+00:00,416.88,416.88,416.89,2500,1381,416.8864416387529,2.9674427343869667e-08,0.00023427362161654308
2021-04-16 18:06:00+00:00,416.96,416.96,416.97,1000,1900,416.96344827586205,2.3502172296563628e-08,-6.88652552343072e-05
2021-04-16 18:07:00+00:00,416.93,416.93,416.94,821,2500,416.93247214694367,1.6733687697143402e-08,-3.779407606929741e-05
2021-04-16 18:08:00+00:00,416.918,416.91,416.92,1000,500,416.9166666666667,1.643084845044909e-08,2.958225064952913e-05
2021-04-16 18:09:00+00:00,416.91,416.9,416.91,717,300,416.90705014749267,1.7501394666947776e-08,-1.1554758192255932e-05
2021-04-16 18:10:00+00:00,416.92,416.92,416.93,1266,2500,416.9233616569304,8.252387328027228e-09,0.00014679438548759194
2021-04-16 18:11:00+00:00,417.015,417.01,417.02,3900,281,417.01932791198277,1.455135383176065e-08,5.9919977791977885e-05
2021-04-16 18:12:00+00:00,417.01,417.0,417.01,1400,61,417.009582477755,3.456353850216794e-08,0.0002321612039135612
2021-04-16 18:13:00+00:00,417.1,417.1,417.11,1200,804,417.1059880239521,3.256128670109186e-08,-8.818676261479474e-05
2021-04-16 18:14:00+00:00,417.07,417.07,417.08,996,1100,417.07475190839693,8.849897533014526e-09,-0.0001354306073625411
2021-04-16 18:15:00+00:00,417.02,417.01,417.02,1552,1800,417.0146300715991,2.0839871051077098e-08,0.00020548558388533422
2021-04-16 18:16:00+00:00,417.09,417.09,417.1,1744,100,417.09945770065076,1.461351005446429e-08,-3.409809699761457e-05
2021-04-16 18:17:00+00:00,417.085,417.08,417.09,800,300,417.0872727272727,2.3117496612241215e-08,-0.00017807745611120307
2021-04-16 18:18:00+00:00,417.02,417.01,417.02,500,1200,417.0129411764706,1.7261596023977454e-08,-9.344656036724963e-05
2021-04-16 18:19:00+00:00,416.98,416.97,416.98,700,1000,416.97411764705885,1.4477477482772125e-08,-3.254756655546309e-05
2021-04-16 18:20:00+00:00,416.96,416.96,416.97,306,1500,416.9616943521595,1.2860067711922939e-08,0.0001451450687586231
2021-04-16 18:21:00+00:00,417.02,417.01,417.02,1500,100,417.019375,9.469858864920188e-09,-0.00026223161124616645
2021-04-16 18:22:00+00:00,416.91,416.9,416.91,3000,87,416.9097181729835,1.1910943046150076e-08,6.823178930703833e-05
2021-04-16 18:23:00+00:00,416.94,416.93,416.94,1300,700,416.9365,1.841502084017978e-08,0.00023657311308422635
2021-04-16 18:24:00+00:00,417.03,417.03,417.04,1500,100,417.039375,2.428599356408142e-08,6.757633128096074e-05
2021-04-16 18:25:00+00:00,417.07,417.06,417.07,1200,600,417.06666666666666,1.9292743096941257e-08,-7.231796080364727e-05
2021-04-16 18:26:00+00:00,417.03,417.03,417.04,1700,1300,417.03566666666666,1.019289499230715e-08,0.0001850299997463445
2021-04-16 18:27:00+00:00,417.11,417.1,417.12,1801,1200,417.1120026657781,1.7063742272797996e-08,-0.00011360804978011174
2021-04-16 18:28:00+00:00,417.07,417.07,417.08,100,1900,417.0705,1.2296767963617132e-08,-7.602558938679671e-05
2021-04-16 18:29:00+00:00,417.03,417.03,417.04,1302,1400,417.03481865284976,6.919735088025585e-09,0.00010978358449342807
2021-04-16 18:30:00+00:00,417.07,417.07,417.08,11501,3477,417.077678595273,1.662749352113955e-08,0.0001942017517109207
2021-04-16 18:31:00+00:00,417.16,417.16,417.17,2000,642,417.16757002271004,9.839647290132821e-09,0.00011106759672552258
2021-04-16 18:32:00+00:00,417.2,417.2,417.21,2100,2525,417.20454054054056,1.3087975865065135e-08,-1.564654907593166e-05
2021-04-16 18:33:00+00:00,417.2,417.19,417.2,1500,1096,417.1957781201849,1.2714952498292912e-08,-7.40167949087045e-06
2021-04-16 18:34:00+00:00,417.19,417.19,417.2,1800,810,417.1968965517241,6.558780456925237e-09,4.327241721324704e-05
2021-04-16 18:35:00+00:00,417.21,417.2,417.21,5276,100,417.2098139880952,1.3211397661024556e-08,-5.9093995400050225e-05
2021-04-16 18:36:00+00:00,417.19,417.19,417.2,700,2500,417.1921875,1.5693187303452727e-08,-0.000128779490033204
2021-04-16 18:37:00+00:00,417.13,417.13,417.14,3800,2000,417.1365517241379,6.2899883219196625e-09,-2.8214244135460476e-05
2021-04-16 18:38:00+00:00,417.129,417.12,417.13,1700,3545,417.1232411820782,5.317505910891358e-09,-5.5361247636165345e-06
2021-04-16 18:39:00+00:00,417.12,417.12,417.13,300,3400,417.12081081081084,6.209616326155056e-09,7.825733752442332e-05
2021-04-16 18:40:00+00:00,417.152,417.15,417.16,1300,1500,417.15464285714285,1.0948419159603107e-08,2.2712895752841078e-05
2021-04-16 18:41:00+00:00,417.16,417.16,417.17,1201,800,417.1660019990005,1.1577247137281883e-08,-6.65301964410947e-05
2021-04-16 18:42:00+00:00,417.14,417.13,417.14,2100,700,417.1375,1.5122480275674998e-08,0.00021357742181549177
2021-04-16 18:43:00+00:00,417.23,417.22,417.23,1300,600,417.22684210526313,1.2816698639960988e-08,0.00016929075227234414
2021-04-16 18:44:00+00:00,417.3,417.29,417.3,1500,400,417.2978947368421,1.1545193932671802e-08,-7.369736776752234e-05
2021-04-16 18:45:00+00:00,417.27,417.26,417.27,800,700,417.26533333333333,2.0249880816563386e-08,-5.63484619886534e-06
2021-04-16 18:46:00+00:00,417.26,417.26,417.27,1100,818,417.2657351407716,1.9175828466405207e-08,7.531094243562464e-05
2021-04-16 18:47:00+00:00,417.28,417.27,417.28,300,1000,417.2723076923077,1.6494789583234014e-08,5.1746258463714057e-05
2021-04-16 18:48:00+00:00,417.33,417.31,417.32,1700,900,417.31653846153847,1.1582780260992285e-08,-4.67271803621383e-05
2021-04-16 18:49:00+00:00,417.29,417.29,417.3,1100,800,417.29578947368424,8.19752225807684e-09,0.00016884043297560325
2021-04-16 18:50:00+00:00,417.36,417.35,417.36,3300,200,417.35942857142857,1.1343042106501552e-08,-6.273957734670432e-06
2021-04-16 18:51:00+00:00,417.36,417.36,417.37,796,1400,417.3636247723133,1.9928020503913567e-08,0.00021313009287693419
2021-04-16 18:52:00+00:00,417.459,417.45,417.46,701,1833,417.45276637726914,1.3234202410800952e-08,3.8529150782284916e-05
2021-04-16 18:53:00+00:00,417.46,417.46,417.47,1600,944,417.4662893081761,4.338617135693034e-09,3.277443965976623e-05
2021-04-16 18:54:00+00:00,417.48,417.47,417.48,2423,1113,417.47685237556567,5.852502991685134e-09,-0.00011022812826311235
2021-04-16 18:55:00+00:00,417.43,417.43,417.44,1600,831,417.43658165364053,4.487481801205512e-09,-6.81008992656773e-05
2021-04-16 18:56:00+00:00,417.41,417.4,417.41,3800,496,417.4088454376164,8.061538558282082e-09,-5.076981094376265e-05
2021-04-16 18:57:00+00:00,417.39,417.38,417.39,2600,800,417.3876470588235,2.0857394562091877e-08,-2.5056531294254114e-06
2021-04-16 18:58:00+00:00,417.39,417.38,417.39,1706,800,417.3868076616121,1.2350283144644687e-08,3.7060573844893696e-05
2021-04-16 18:59:00+00:00,417.4,417.4,417.41,821,2300,417.402630567126,1.3304631165074428e-08,8.327077059289145e-05
2021-04-16 19:00:00+00:00,417.44,417.44,417.45,2500,800,417.44757575757575,1.507464042666421e-08,0.00012483649770222982
2021-04-16 19:01:00+00:00,417.49,417.48,417.49,1400,200,417.48875,2.825851642398832e-08,5.8179294380567015e-05
2021-04-16 19:02:00+00:00,417.52,417.51,417.52,1800,800,417.5169230769231,1.56908477887754e-08,5.87896773174279e-06
2021-04-16 19:03:00+00:00,417.52,417.51,417.52,1200,1300,417.5148,2.250226695693082e-08,-0.0003076641692086879
2021-04-16 19:04:00+00:00,417.39,417.38,417.4,1700,1010,417.39254612546125,3.0260908089119313e-08,-0.00022062497175523443
2021-04-16 19:05:00+00:00,417.295,417.29,417.3,1400,621,417.2969272637309,3.068373202747948e-08,-1.7305979486792467e-05
2021-04-16 19:06:00+00:00,417.28,417.28,417.3,4100,700,417.2970833333333,1.7892827666155624e-08,6.429976806443527e-05
2021-04-16 19:07:00+00:00,417.31,417.3,417.31,3400,600,417.3085,1.524386320635173e-08,5.572288268740344e-05
2021-04-16 19:08:00+00:00,417.33,417.33,417.34,3600,100,417.33972972972975,1.3167956222705276e-08,-3.132209955847287e-06
2021-04-16 19:09:00+00:00,417.33,417.33,417.34,800,900,417.3347058823529,2.033142790524627e-08,-9.697352397275427e-05
2021-04-16 19:10:00+00:00,417.29,417.29,417.3,1300,900,417.2959090909091,2.2115527914891472e-08,-0.00019083507029726832
2021-04-16 19:11:00+00:00,417.23,417.23,417.24,1532,300,417.23836244541485,3.19019455691668e-08,-5.267051923718569e-06
2021-04-16 19:12:00+00:00,417.2,417.22,417.23,500,3000,417.2214285714286,2.8223683739169062e-08,0.00019530589313188074
2021-04-16 19:13:00+00:00,417.29,417.27,417.28,1400,1100,417.2756,2.8480793824131657e-08,9.624442132771804e-05
2021-04-16 19:14:00+00:00,417.335,417.33,417.35,2006,1500,417.3414432401598,2.3566618647555834e-08,9.459903461750407e-05
2021-04-16 19:15:00+00:00,417.38,417.38,417.39,1200,1300,417.3848,2.121391440139314e-08,-5.1019113845973685e-05
2021-04-16 19:16:00+00:00,417.36,417.35,417.36,800,2900,417.3521621621622,7.808527632641385e-09,9.772205129254807e-05
2021-04-16 19:17:00+00:00,417.395,417.39,417.4,2300,1217,417.39653966448674,2.225279282845949e-08,5.158449811748511e-07
2021-04-16 19:18:00+00:00,417.39,417.39,417.4,1700,900,417.39653846153846,1.3730619530180583e-08,-0.0001685054524690477
2021-04-16 19:19:00+00:00,417.32,417.32,417.33,555,1300,417.32299191374665,1.7775355316679165e-08,5.9442969767342646e-05
2021-04-16 19:20:00+00:00,417.33,417.34,417.35,1600,900,417.3464,2.6719477604528396e-08,-1.2477862062820755e-05
2021-04-16 19:21:00+00:00,417.35,417.34,417.35,1216,1200,417.34503311258277,2.899767314284414e-08,-0.00016873336218425905
2021-04-16 19:22:00+00:00,417.27,417.27,417.28,700,1600,417.2730434782609,4.6405451926036186e-08,0.0003328326478988508
2021-04-16 19:23:00+00:00,417.41,417.41,417.42,1100,2632,417.41294748124335,3.646972943693894e-08,0.00019255506558635282
2021-04-16 19:24:00+00:00,417.49,417.48,417.49,300,3000,417.4809090909091,4.672560029160587e-08,2.1623588966068752e-05
2021-04-16 19:25:00+00:00,417.48,417.47,417.48,2900,100,417.4796666666667,3.0275616038281114e-08,3.923934409444385e-05
2021-04-16 19:26:00+00:00,417.51,417.51,417.52,2500,619,417.51801538954794,2.7655442190765194e-08,-0.0002199830370491762
2021-04-16 19:27:00+00:00,417.42,417.42,417.43,1400,1100,417.4256,3.1461549335659595e-08,-4.637433672183278e-06
2021-04-16 19:28:00+00:00,417.45,417.44,417.45,1000,2490,417.4428653295129,1.826370219811999e-08,0.00011121278767833864
2021-04-16 19:29:00+00:00,417.475,417.47,417.48,1200,1300,417.4748,2.1294270076088902e-08,7.907808769225255e-05
2021-04-16 19:30:00+00:00,417.505,417.5,417.51,1700,600,417.50739130434783,2.6100979881661596e-08,6.983746602839958e-05
2021-04-16 19:31:00+00:00,417.53,417.53,417.54,896,3710,417.5319452887538,3.010172129496891e-08,-0.00020754614794671333
2021-04-16 19:32:00+00:00,417.45,417.44,417.45,1200,425,417.44738461538464,3.2166151684680505e-08,-1.7206180123685577e-05
2021-04-16 19:33:00+00:00,417.46,417.46,417.47,200,2000,417.46090909090907,1.883724089409141e-08,-1.4734281327699605e-05
2021-04-16 19:34:00+00:00,417.44,417.43,417.44,900,1200,417.4342857142857,4.2073048894431896e-08,9.682072500671879e-05
2021-04-16 19:35:00+00:00,417.47,417.46,417.47,1600,1200,417.4657142857143,1.6248693095841206e-08,4.326078583138937e-06
2021-04-16 19:36:00+00:00,417.47,417.46,417.47,1500,297,417.468347245409,3.774698050865333e-08,0.00022233070507571284
2021-04-16 19:37:00+00:00,417.57,417.57,417.58,1000,2400,417.5729411764706,6.90066967177701e-08,0.00023007311003064856
2021-04-16 19:38:00+00:00,417.65,417.64,417.65,1200,1165,417.64507399577167,4.1391608652164433e-08,0.0001945500394366917
2021-04-16 19:39:00+00:00,417.74,417.73,417.74,1300,800,417.7361904761905,1.394241899765453e-08,-2.718696681114352e-07
2021-04-16 19:40:00+00:00,417.74,417.74,417.75,1127,790,417.7458789775692,3.4222425592233056e-08,0.00010757326349364327
2021-04-16 19:41:00+00:00,417.791,417.79,417.8,1018,1802,417.793609929078,3.299517472029116e-08,-0.0005213102648289336
2021-04-16 19:42:00+00:00,417.58,417.57,417.58,900,1400,417.5739130434783,3.7444007921419645e-08,1.7108329738224626e-05
2021-04-16 19:43:00+00:00,417.59,417.59,417.6,2400,1158,417.59674536256324,3.3781969197183756e-08,0.00023785277673771255
2021-04-16 19:44:00+00:00,417.68,417.67,417.68,1300,114,417.6791937765205,4.437344434720789e-08,-0.00013022859967881661
2021-04-16 19:45:00+00:00,417.62,417.62,417.64,1600,1628,417.62991325898383,3.084635894812279e-08,-0.0003409428915537305
2021-04-16 19:46:00+00:00,417.49,417.49,417.5,1100,1200,417.49478260869563,5.870118752962537e-08,-8.919932344431114e-05
2021-04-16 19:47:00+00:00,417.44,417.43,417.44,1408,225,417.43862216778933,3.763067232760949e-08,-0.00014345731763487635
2021-04-16 19:48:00+00:00,417.38,417.38,417.39,1335,1000,417.38571734475374,2.789129114884956e-08,0.00021189227320239645
2021-04-16 19:49:00+00:00,417.49,417.48,417.49,944,1926,417.48328919860626,8.595257043685808e-08,7.213952582718619e-05
2021-04-16 19:50:00+00:00,417.5,417.5,417.51,190,640,417.50228915662655,2.947561729145687e-07,0.0006161027667048735
2021-04-16 19:51:00+00:00,417.769,417.76,417.77,1000,1800,417.7635714285714,1.2717993170447462e-07,-0.0005616675970799845
2021-04-16 19:52:00+00:00,417.5,417.51,417.52,1600,600,417.5172727272727,6.622825379358604e-08,-0.0001061832917800265
2021-04-16 19:53:00+00:00,417.48,417.48,417.49,800,1510,417.4834632034632,5.98561052824568e-08,-0.0005160163205629731
2021-04-16 19:54:00+00:00,417.28,417.29,417.3,700,1000,417.29411764705884,7.901292316053812e-08,0.0001388001278159745
2021-04-16 19:55:00+00:00,417.32,417.32,417.33,937,1000,417.32483737738767,1.0823143136794211e-07,-0.0002448990187351452
2021-04-16 19:56:00+00:00,417.21,417.22,417.23,1300,1500,417.22464285714284,8.264911735780649e-08,-0.0002763941130867753
2021-04-16 19:57:00+00:00,417.11,417.12,417.13,2503,800,417.1275779594309,1.4423501478543999e-07,0.000386404752932501
2021-04-16 19:58:00+00:00,417.3,417.29,417.31,4290,800,417.3068565815324,1.0254589687587751e-07,0.00016000428557738644
2021-04-16 19:59:00+00:00,417.34,417.33,417.35,1100,1200,417.3395652173913,3.983280663054916e-07,-0.00027773632910976787
2021-04-16 20:00:00+00:00,417.3,417.31,417.32,64700,100,417.31998456790126,1.6315534402863322e-07,-0.00028080072981484516
2021-04-16 20:01:00+00:00,417.1,417.08,417.11,1700,625,417.101935483871,7.326483581042401e-08,-9.324340719019109e-05
2021-04-16 20:02:00+00:00,417.06,417.05,417.08,1000,2000,417.06,7.80761734489851e-08,3.361282868619142e-05
2021-04-16 20:03:00+00:00,417.08,417.06,417.08,500,416,417.07091703056767,4.697941453916655e-08,5.436572103922899e-05
2021-04-16 20:04:00+00:00,417.1,417.08,417.1,2000,1600,417.0911111111111,4.044090620760198e-08,-3.5811200022273226e-05
2021-04-16 20:05:00+00:00,417.07,417.06,417.1,3100,1900,417.0848,1.1783812523474326e-07,-0.00015376768234354188
2021-04-16 20:06:00+00:00,417.02,417.02,417.03,107,1500,417.02066583696325,2.3167291086190197e-08,-0.00014799161234924085
2021-04-16 20:07:00+00:00,416.99,416.95,416.97,810,2000,416.95576512455517,6.072243924895985e-08,8.996240297021174e-05
2021-04-16 20:08:00+00:00,416.99,416.98,417.0,1000,215,416.9964609053498,3.5220155779509274e-08,-0.0002204108317847009
2021-04-16 20:09:00+00:00,416.92,416.9,416.92,1389,4716,416.90455036855036,6.00577317058048e-09,6.233059588622858e-05
2021-04-16 20:10:00+00:00,416.93,416.93,416.94,51,900,416.9305362776025,1.7366747006497866e-08,0.00010095098833051708
2021-04-16 20:11:00+00:00,416.98,416.95,416.98,4900,1597,416.9726258273049,7.567358885130328e-09,7.87472951571111e-05
2021-04-16 20:12:00+00:00,417.01,417.0,417.02,1030,2942,417.0051863041289,1.187195961825757e-08,-0.00018980885861363817
2021-04-16 20:13:00+00:00,416.93,416.92,416.93,1197,700,416.9263099630996,2.40203289810138e-08,-0.00038702155319569886
2021-04-16 20:14:00+00:00,416.77,416.79,416.81,300,100,416.805,4.527904066884064e-08,0.0001696440134411059
2021-04-16 20:15:00+00:00,416.84,416.8,416.86,4100,500,416.85347826086957,2.9111442391473608e-08,-8.206372710550802e-05
2021-04-16 20:16:00+00:00,416.83,416.8,416.83,25,594,416.801211631664,1.1723989289917953e-08,-5.19946217172329e-05
2021-04-16 20:17:00+00:00,416.78,416.77,416.78,4318,100,416.7797736532367,1.3272515191323711e-08,2.178081126058551e-05
2021-04-16 20:18:00+00:00,416.77,416.76,416.79,628,25,416.7888514548239,1.2491054898333378e-08,-6.848864105923891e-05
2021-04-16 20:19:00+00:00,416.77,416.76,416.77,309,9764,416.7603067606473,1.1491416682974025e-08,0.00011702549489767122
2021-04-16 20:20:00+00:00,416.8,416.8,416.81,9835,1050,416.8090353697749,1.4345695840445523e-08,-0.00011784670125603025
2021-04-16 20:21:00+00:00,416.75,416.75,416.77,10688,100,416.7698146088246,2.2819721879194033e-08,6.734891517501396e-05
2021-04-16 20:22:00+00:00,416.79,416.76,416.79,2116,149,416.7880264900662,5.379489322661747e-09,3.8001429028655664e-05
2021-04-16 20:23:00+00:00,416.8,416.8,416.81,819,1300,416.80386503067484,2.173744022258006e-09,7.29126839356109e-05
2021-04-16 20:24:00+00:00,416.83,416.83,416.84,500,675,416.83425531914895,1.5580532056258065e-09,4.683603767219324e-05
2021-04-16 20:25:00+00:00,416.86,416.85,416.86,620,1021,416.8537781840341,8.616448930222784e-09,0.00011401159418311657
2021-04-16 20:26:00+00:00,416.9,416.9,416.91,300,2000,416.9013043478261,1.9968402214318518e-09,4.6689426826285185e-05
2021-04-16 20:27:00+00:00,416.92,416.92,416.93,50,600,416.9207692307692,3.278577065977547e-09,8.443113397316182e-06
2021-04-16 20:28:00+00:00,416.91,416.91,416.93,1126,450,416.9242893401015,8.283905196906102e-10,-3.431191105807141e-05
2021-04-16 20:29:00+00:00,416.91,416.9,416.91,1857,3,416.9099838709677,3.3974930320335665e-09,-5.463371364200498e-07
2021-04-16 20:30:00+00:00,416.9,416.9,416.91,200,5,416.909756097561,1.8648012857688125e-08,-6.432531401312502e-06
2021-04-16 20:31:00+00:00,416.91,416.9,416.91,1209,500,416.9070743124634,1.2473023656012859e-08,3.897158521226629e-06
2021-04-16 20:32:00+00:00,416.9,416.89,416.91,2501,174,416.9086990654206,2.4555485558574783e-09,-6.164195057145605e-05
2021-04-16 20:33:00+00:00,416.89,416.88,416.89,300,700,416.883,5.415350744943042e-09,4.797509133291911e-06
2021-04-16 20:34:00+00:00,416.89,416.88,416.89,100,100,416.885,4.368496877289015e-09,7.196229175909785e-05
2021-04-16 20:35:00+00:00,416.91,416.89,416.93,705,100,416.92503105590066,9.375024623536069e-09,2.9982130650196837e-05
2021-04-16 20:36:00+00:00,416.93,416.91,416.93,100,100,416.92,8.887404718138893e-09,3.797622688184177e-05
2021-04-16 20:37:00+00:00,416.93,416.93,416.95,300,150,416.9433333333333,7.511832153048562e-10,-1.300954348126826e-05
2021-04-16 20:38:00+00:00,416.93,416.93,416.95,261,399,416.9379090909091,1.3313799303236054e-10,-1.6970770518764944e-05
2021-04-16 20:39:00+00:00,416.93,416.93,416.94,100,1100,416.93083333333334,7.988972593910714e-09,-7.51385236258395e-05
2021-04-16 20:40:00+00:00,416.85,416.85,416.9,1494,318,416.8912251655629,6.060875673390249e-09,-0.00012902745051102116
2021-04-16 20:41:00+00:00,416.85,416.82,416.85,600,600,416.835,2.00416252679796e-08,1.8277860028170778e-05
2021-04-16 20:42:00+00:00,416.84,416.82,416.86,500,100,416.85333333333335,1.191073690645452e-08,2.1990148413530974e-05
2021-04-16 20:43:00+00:00,416.87,416.86,416.89,100,1100,416.8625,1.4109474803916209e-08,0.00010023860214269931
2021-04-16 20:44:00+00:00,416.91,416.9,416.93,100,623,416.9041493775933,9.420572892739523e-09,-9.109787396877067e-06
2021-04-16 20:45:00+00:00,416.91,416.9,416.92,25,1000,416.900487804878,8.898635349171174e-09,-5.3140910583615586e-05
2021-04-16 20:46:00+00:00,416.88,416.86,416.88,1100,100,416.87833333333333,3.0664271176744617e-09,2.606675808691783e-05
2021-04-16 20:47:00+00:00,416.88,416.88,416.89,1150,100,416.8892,2.27074702619948e-10,-1.6476840861812114e-05
2021-04-16 20:48:00+00:00,416.85,416.84,416.85,50,182,416.84215517241375,9.38718284234606e-09,-0.0001083953971980911
2021-04-16 20:49:00+00:00,416.84,416.82,416.85,500,375,416.83714285714285,5.513389782822964e-09,1.7111383826540205e-05
2021-04-16 20:50:00+00:00,416.85,416.83,416.85,1000,401,416.84427551748746,3.226433450373753e-10,-4.296863567065934e-06
2021-04-16 20:51:00+00:00,416.83,416.83,416.85,500,301,416.84248439450687,9.379800850086797e-09,-0.0001159385627411691
2021-04-16 20:52:00+00:00,416.83,416.79,416.84,100,1163,416.7939588281869,1.539155543136071e-08,8.483880261644927e-06
2021-04-16 20:53:00+00:00,416.82,416.79,416.82,100,290,416.79769230769233,3.90232811148197e-09,3.6384162975577894e-05
2021-04-16 20:54:00+00:00,416.82,416.81,416.84,100,1060,416.8125862068965,7.215010102666448e-09,-4.8294743755783465e-05
2021-04-16 20:55:00+00:00,416.82,416.79,416.82,100,1000,416.7927272727273,3.977748295371779e-09,0.00010699172171557692
2021-04-16 20:56:00+00:00,416.84,416.83,416.84,500,183,416.83732064421673,3.662501983522715e-10,-4.498396783181313e-06
2021-04-16 20:57:00+00:00,416.85,416.83,416.85,495,823,416.8375113808801,5.014004112562745e-09,4.291331020467304e-05
2021-04-16 20:58:00+00:00,416.85,416.85,416.87,200,1000,416.85333333333335,1.1652218290298997e-08,-7.9842403192254e-05
2021-04-16 20:59:00+00:00,416.84,416.81,416.85,198,590,416.8200507614213,1.8698477928193328e-08,9.914637407737459e-06
2021-04-16 21:00:00+00:00,416.82,416.81,416.87,198,100,416.84986577181206,1.0884041316905254e-08,2.6130911376487376e-05
2021-04-16 21:01:00+00:00,416.85,416.82,416.85,100,99,416.8350753768844,7.591664024617424e-11,5.536483904444722e-06
2021-04-16 21:02:00+00:00,416.84,416.82,416.84,93,14,416.83738317757,9.334237931011185e-11,-1.977850817080906e-05
2021-04-16 21:03:00+00:00,416.81,416.81,416.85,100,109,416.8291387559809,2.7175300170706134e-09,-3.517896542237775e-05
2021-04-16 21:04:00+00:00,416.8,416.8,416.82,262,100,416.81447513812157,2.1441599278321977e-10,-1.8076514098908092e-06
2021-04-16 21:05:00+00:00,416.82,416.8,416.82,212,97,416.8137216828479,5.957601486866683e-09,0.00011035899518940795
2021-04-16 21:06:00+00:00,416.86,416.85,416.86,1741,50,416.859720826354,1.8263390039864845e-09,6.21149212554073e-05
2021-04-16 21:07:00+00:00,416.88,416.88,416.89,128,100,416.8856140350877,9.04247700319864e-11,8.782570345200469e-06
2021-04-16 21:08:00+00:00,416.89,416.88,416.89,128,10,416.88927536231887,6.265794922087926e-09,4.684704986601673e-05
2021-04-16 21:09:00+00:00,416.9,416.89,416.93,488,550,416.90880539499034,8.394222870612442e-09,-6.118125097842597e-05
2021-04-16 21:10:00+00:00,416.92,416.88,416.92,118,1313,416.88329839273234,1.6460134400408646e-09,4.0135993893297695e-05
2021-04-16 21:11:00+00:00,416.88,416.9,416.92,2,1313,416.9000304182509,3.4596793007613407e-09,1.5658707488430679e-06
2021-04-16 21:12:00+00:00,416.88,416.88,416.91,196,50,416.9039024390244,2.6337006800734144e-10,2.199578206552033e-05
2021-04-16 21:13:00+00:00,416.88,416.88,416.91,10174,50,416.909853286385,8.503602794642207e-10,-4.523296092129314e-06
2021-04-16 21:14:00+00:00,416.9,416.9,416.91,196,50,416.9079674796748,7.204179949793098e-09,0.00011923408481240294
2021-04-16 21:15:00+00:00,416.99,416.92,416.96,8110,500,416.9576771196283,1.4879619157620698e-08,3.582327431361776e-05
2021-04-16 21:16:00+00:00,416.95,416.95,416.99,943,725,416.9726139088729,2.241298633939192e-08,1.6831906543002262e-05
2021-04-16 21:17:00+00:00,416.93,416.92,416.98,8110,50,416.9796323529412,2.2639517280999565e-09,-1.9103298234401933e-05
2021-04-16 21:18:00+00:00,417.0,416.93,416.98,1500,300,416.9716666666667,4.090010033794834e-09,-6.395318626772895e-05
2021-04-16 21:19:00+00:00,416.93,416.93,416.95,1450,500,416.9448717948718,4.343497792981393e-10,-1.2218253301110593e-05
2021-04-16 21:20:00+00:00,416.93,416.93,416.94,1050,10,416.93990566037735,2.2446823395814192e-10,1.0650526166999796e-05
2021-04-16 21:21:00+00:00,416.93,416.93,416.95,1015,400,416.9443462897527,7.048762279905473e-09,8.049200640369847e-05
2021-04-16 21:22:00+00:00,416.95,416.95,416.98,4000,300,416.9779069767442,4.241487324916941e-09,-4.3086152752391804e-05
2021-04-16 21:23:00+00:00,416.98,416.93,416.96,1015,2,416.9599410029498,2.261017071689369e-09,5.706147476747248e-07
2021-04-16 21:24:00+00:00,416.93,416.93,416.99,1012,1000,416.96017892644136,1.717389606944046e-09,2.038422604488943e-05
2021-04-16 21:25:00+00:00,416.99,416.93,416.99,1473,812,416.9686783369803,4.7416021248950925e-09,-6.882690157450355e-05
2021-04-16 21:26:00+00:00,416.94,416.93,416.94,1473,3,416.93997967479675,2.633307981295922e-16,1.6227470478469286e-08
2021-04-16 21:27:00+00:00,416.94,416.93,416.94,1473,2,416.93998644067796,1.2372015160903568e-08,9.264503757000497e-05
2021-04-16 21:28:00+00:00,416.96,416.93,416.98,1473,42,416.9786138613862,1.89551796809133e-09,-4.461588857984644e-05
2021-04-16 21:29:00+00:00,416.98,416.96,416.97,1,1000,416.96000999000995,2.14375058678269e-09,-4.72015767035705e-05
2021-04-16 21:30:00+00:00,416.93,416.93,416.95,1068,1000,416.94032882011606,1.3395202030544196e-10,-9.273368892448453e-06
2021-04-16 21:31:00+00:00,416.94,416.93,416.94,1065,583,416.9364623786408,8.110773378395037e-11,-8.641028665823391e-06
2021-04-16 21:32:00+00:00,416.94,416.93,416.94,165,412,416.93285961871754,1.8807371100402422e-08,-7.970105574861552e-05
2021-04-16 21:33:00+00:00,416.93,416.87,416.9,400,5,416.89962962962966,0.0,0.0
2021-04-16 21:34:00+00:00,416.93,416.87,416.9,400,5,416.89962962962966,9.718625893701573e-10,-3.128368485028066e-05
2021-04-16 21:35:00+00:00,416.87,416.87,416.93,384,1005,416.8865874730021,5.931965530674821e-09,6.301394826402351e-05
2021-04-16 21:36:00+00:00,416.87,416.87,416.88,384,5,416.8798714652956,6.273640337830136e-09,-8.284005718806053e-05
2021-04-16 21:37:00+00:00,416.9,416.87,416.9,383,998,416.878320057929,1.1236588993799366e-14,1.309198316423732e-07
2021-04-16 21:38:00+00:00,416.9,416.87,416.9,383,989,416.8783746355685,2.601149097607392e-11,-6.113055101564235e-06
2021-04-16 21:39:00+00:00,416.87,416.87,416.9,228,946,416.8758262350937,1.0121709655622467e-09,-3.11023628103424e-05
2021-04-16 21:40:00+00:00,416.87,416.86,416.87,250,624,416.8628604118993,7.995338522019482e-12,2.3675415090629315e-06
2021-04-16 21:41:00+00:00,416.87,416.86,416.87,247,395,416.86384735202495,1.2406919679441642e-10,7.099130046706037e-06
2021-04-16 21:42:00+00:00,416.85,416.85,416.87,100,19,416.8668067226891,2.908778985363827e-09,-5.249795634465482e-05
2021-04-16 21:43:00+00:00,416.85,416.84,416.87,200,1019,416.8449220672682,1.6130624775042786e-12,1.6821014994228278e-06
2021-04-16 21:44:00+00:00,416.87,416.84,416.87,200,867,416.8456232427366,3.814107224996172e-15,-1.6941801517234012e-08
2021-04-16 21:45:00+00:00,416.87,416.84,416.87,199,864,416.8456161806208,2.4008842469011153e-10,1.5676791467633677e-05
2021-04-16 21:46:00+00:00,416.87,416.85,416.87,104,863,416.85215098241986,4.879062199354744e-10,-2.654812994107303e-05
2021-04-16 21:47:00+00:00,416.85,416.84,416.85,99,814,416.84108433734934,2.6978990680249902e-09,-7.317900386882847e-06
2021-04-16 21:48:00+00:00,416.85,416.81,416.85,1900,811,416.838033935817,1.9653800152268533e-09,-1.6522357043857738e-05
2021-04-16 21:49:00+00:00,416.81,416.83,416.85,25,411,416.83114678899085,7.222945527740055e-10,-2.195002023519521e-05
2021-04-16 21:50:00+00:00,416.85,416.82,416.85,100,1402,416.8219973368842,5.861529051006486e-12,-1.483919122025057e-07
2021-04-16 21:51:00+00:00,416.82,416.82,416.85,66,957,416.82193548387096,2.681551698978776e-11,-3.1580557506849516e-06
2021-04-16 21:52:00+00:00,416.83,416.82,416.83,66,1000,416.8206191369606,1.16293355145969e-14,8.854654409695684e-08
2021-04-16 21:53:00+00:00,416.83,416.82,416.83,70,997,416.8206560449859,5.501382858546675e-09,1.443803719403114e-05
2021-04-16 21:54:00+00:00,416.8,416.8,416.83,7956,992,416.8266741171212,5.2563937877503366e-14,-2.2200418503537378e-07
2021-04-16 21:55:00+00:00,416.8,416.8,416.83,7706,991,416.8265815798551,1.0906215490801873e-08,0.00011182515586982689
2021-04-16 21:56:00+00:00,416.81,416.81,416.89,188,50,416.8731932773109,1.1394416545544045e-08,-0.00013573718306891802
2021-04-16 21:57:00+00:00,416.85,416.81,416.85,188,950,416.8166080843585,2.405978480048088e-09,-8.784141091067177e-06
2021-04-16 21:58:00+00:00,416.82,416.81,416.82,188,450,416.812946708464,4.041100050215396e-08,0.00013579691333975852
2021-04-16 21:59:00+00:00,416.8,416.8,416.87,7704,50,416.86954862006706,3.631075712577502e-08,-7.285381716115591e-05
2021-04-16 22:00:00+00:00,416.78,416.78,416.87,96,50,416.83917808219184,3.6040967543685594e-09,6.542938414977328e-05
2021-04-16 22:01:00+00:00,416.78,416.81,416.88,250,60,416.86645161290323,3.856643668132657e-09,-7.421776792804202e-05
2021-04-16 22:02:00+00:00,416.9,416.83,416.9,96,1123,416.8355127153404,4.186913545580508e-08,2.3559935977912616e-05
2021-04-16 22:03:00+00:00,416.99,416.84,416.99,1,100,416.84148514851483,5.6779007246393415e-08,0.00035932067337607343
2021-04-16 22:04:00+00:00,417.0,416.85,417.0,3000,101,416.9951144792003,3.8794483074065304e-08,-0.00020660539475825246
2021-04-16 22:05:00+00:00,417.0,416.87,416.99,50,104,416.9089610389611,2.3812740854971106e-09,3.8471135278550506e-05
2021-04-16 22:06:00+00:00,417.0,416.87,416.98,50,50,416.925,4.350603579188952e-09,6.595910535467375e-05
2021-04-16 22:07:00+00:00,417.0,416.87,416.98,150,50,416.9525,1.6648118584714894e-07,0.00040111613867677143
2021-04-16 22:08:00+00:00,417.05,417.05,417.12,1375,5,417.1197463768116,3.030924887168205e-07,-5.912062888369096e-05
2021-04-16 22:09:00+00:00,417.05,417.05,417.1,9175,1000,417.095085995086,3.3416809292405404e-08,0.0001439382964445457
2021-04-16 22:10:00+00:00,417.14,417.14,417.16,31,10,417.15512195121954,9.555289743954447e-08,-0.000328610972276544
2021-04-16 22:11:00+00:00,417.09,417.01,417.09,100,895,417.018040201005,1.0477400600012502e-08,0.00012726286392905628
2021-04-16 22:12:00+00:00,417.04,417.04,417.08,7,2,417.0711111111111,3.8855604305026385e-08,0.00018776571406498022
2021-04-16 22:13:00+00:00,417.1,417.1,417.15,8562,100,417.1494227661048,2.5583993529021735e-09,-4.796057614642191e-05
2021-04-16 22:14:00+00:00,417.11,417.1,417.13,7556,150,417.1294160394498,2.211908331628808e-13,3.0092661296166057e-07
2021-04-16 22:15:00+00:00,417.1,417.1,417.13,6444,100,417.12954156479213,2.810960107082892e-15,-5.483656939642145e-08
2021-04-16 22:16:00+00:00,417.1,417.1,417.13,6133,100,417.12951869083906,3.1339313660396072e-15,-7.91263655708363e-08
2021-04-16 22:17:00+00:00,417.1,417.1,417.13,5733,100,417.1294856848963,0.0,0.0
2021-04-16 22:18:00+00:00,417.1,417.1,417.13,5733,100,417.1294856848963,1.1189679988074074e-18,-1.0578128373239792e-09
2021-04-16 22:19:00+00:00,417.1,417.1,417.13,5728,100,417.12948524365135,2.4445144486452875e-09,-5.584541080150274e-05
2021-04-16 22:20:00+00:00,417.1,417.1,417.13,26,100,417.1061904761905,8.933394704245554e-10,-3.542583426874302e-05
2021-04-16 22:21:00+00:00,416.98,416.95,417.11,350,46,417.0914141414142,6.387479592051172e-08,-0.00025224025548220563
2021-04-16 22:22:00+00:00,417.1,416.95,417.1,350,1100,416.9862068965517,4.167595217847679e-08,0.00020414688873082731
2021-04-16 22:23:00+00:00,416.98,416.95,417.08,350,25,417.0713333333333,0.0,0.0
2021-04-16 22:24:00+00:00,416.98,416.95,417.08,350,25,417.0713333333333,2.264495960167071e-08,-0.0001504824228993895
2021-04-16 22:25:00+00:00,416.97,416.98,417.08,10,25,417.00857142857143,3.0734306750728163e-09,-5.481216556024737e-05
2021-04-16 22:26:00+00:00,416.97,416.98,417.0,10,25,416.98571428571427,4.54600285092209e-09,5.3444790845791346e-05
2021-04-16 22:27:00+00:00,417.0,417.0,417.04,25,100,417.008,1.556900835380127e-12,-1.2477583241077284e-06
2021-04-16 22:28:00+00:00,417.0,417.0,417.04,23,100,417.00747967479674,2.0107485287379952e-13,4.4841370727688457e-07
2021-04-16 22:29:00+00:00,417.04,417.0,417.04,23,97,417.00766666666664,0.0,0.0
2021-04-16 22:30:00+00:00,417.04,417.0,417.04,23,97,417.00766666666664,5.408104392523724e-09,7.353981501556639e-05
2021-04-16 22:31:00+00:00,417.04,417.0,417.08,23,25,417.03833333333336,0.0,0.0
2021-04-16 22:32:00+00:00,417.04,417.0,417.08,23,25,417.03833333333336,9.494545987099871e-09,-7.657169804542452e-05
2021-04-16 22:33:00+00:00,417.08,417.0,417.08,26,299,417.0064,3.3520990996643625e-11,-5.544158760084628e-06
2021-04-16 22:34:00+00:00,417.05,417.0,417.05,26,292,417.0040880503144,2.809278105524223e-13,-4.6029864897434436e-07
2021-04-16 22:35:00+00:00,417.05,417.0,417.05,24,284,417.00389610389607,9.873087232697272e-10,-3.1203443603633474e-05
2021-04-16 22:36:00+00:00,417.0,416.98,417.05,51,277,416.9908841463415,5.020721785988095e-13,9.912015552782094e-07
2021-04-16 22:37:00+00:00,417.05,416.98,417.05,51,265,416.99129746835445,0.0,0.0
2021-04-16 22:38:00+00:00,417.05,416.98,417.05,51,265,416.99129746835445,3.083417686316867e-10,1.3290815229716202e-05
2021-04-16 22:39:00+00:00,417.05,416.98,417.05,51,161,416.9968396226415,0.0,0.0
2021-04-16 22:40:00+00:00,417.05,416.98,417.05,51,161,416.9968396226415,0.0,0.0
2021-04-16 22:41:00+00:00,417.05,416.98,417.05,51,161,416.9968396226415,1.7324758300518781e-09,3.9945889971138016e-05
2021-04-16 22:42:00+00:00,417.05,416.98,417.05,156,170,417.0134969325154,0.0,0.0
2021-04-16 22:43:00+00:00,417.05,416.98,417.05,156,170,417.0134969325154,0.0,0.0
2021-04-16 22:44:00+00:00,417.05,416.98,417.05,156,170,417.0134969325154,0.0,0.0
2021-04-16 22:45:00+00:00,417.0,416.98,417.05,156,170,417.0134969325154,7.425095419718119e-09,4.2571925405798794e-05
2021-04-16 22:46:00+00:00,417.0,417.0,417.05,15,9,417.03125,3.4775748108732514e-09,4.593939486619014e-05
2021-04-16 22:47:00+00:00,417.05,417.05,417.09,1,97,417.0504081632653,2.2317359392002533e-08,-7.195187438080453e-06
2021-04-16 22:48:00+00:00,417.05,416.98,417.05,156,6,417.04740740740743,5.229345322596135e-10,-1.8547714534244975e-05
2021-04-16 22:49:00+00:00,417.05,416.98,417.05,156,27,417.0396721311476,2.9576154328971555e-10,-1.719771913044621e-05
2021-04-16 22:50:00+00:00,417.05,416.98,417.05,156,52,417.0325,1.7210714864574077e-09,-4.087320423584728e-05
2021-04-16 22:51:00+00:00,417.05,416.98,417.02,156,20,417.01545454545453,1.8429785034540926e-08,0.00013575634436202577
2021-04-16 22:52:00+00:00,417.05,417.05,417.1,79,100,417.0720670391061,6.017302076650918e-10,-3.476132658697395e-05
2021-04-16 22:53:00+00:00,417.05,416.98,417.07,156,25,417.05756906077346,1.3720256996212974e-08,-0.0001366090125314301
2021-04-16 22:54:00+00:00,417.05,417.0,417.05,1,83,417.0005952380953,0.0,0.0
2021-04-16 22:55:00+00:00,417.05,417.0,417.05,1,83,417.0005952380953,2.102530821091403e-10,1.4500106279236036e-05
2021-04-16 22:56:00+00:00,417.05,416.98,417.05,51,83,417.0066417910448,3.4030209368902593e-10,1.9243999537899015e-05
2021-04-16 22:57:00+00:00,417.05,416.98,417.05,52,53,417.01466666666676,0.0,0.0
2021-04-16 22:58:00+00:00,417.05,416.98,417.05,52,53,417.01466666666676,0.0,0.0
2021-04-16 22:59:00+00:00,417.05,416.98,417.05,52,53,417.01466666666676,3.347204925741629e-12,2.4450167455114524e-06
2021-04-16 23:00:00+00:00,417.05,416.98,417.05,52,50,417.01568627450985,0.0,0.0
2021-04-16 23:01:00+00:00,417.05,416.98,417.05,52,50,417.01568627450985,0.0,0.0
2021-04-16 23:02:00+00:00,417.05,416.98,417.05,52,50,417.01568627450985,3.450125683967954e-09,3.4928725249905312e-06
2021-04-16 23:03:00+00:00,417.05,416.98,417.05,52,46,417.0171428571429,1.5835121303753266e-09,3.979336791948285e-05
2021-04-16 23:04:00+00:00,417.05,416.98,417.05,152,46,417.0337373737373,3.9183798061856995e-14,-1.9794897843095072e-07
2021-04-16 23:05:00+00:00,417.05,416.98,417.05,151,46,417.03365482233505,0.0,0.0
2021-04-16 23:06:00+00:00,417.05,416.98,417.05,151,46,417.03365482233505,0.0,0.0
2021-04-16 23:07:00+00:00,417.05,416.98,417.05,151,46,417.03365482233505,1.4183783735746292e-09,2.9971259331906808e-05
2021-04-16 23:08:00+00:00,417.05,417.0,417.05,24,2,417.04615384615386,4.49862370177967e-09,-6.70717802192522e-05
2021-04-16 23:09:00+00:00,417.05,417.0,417.05,24,42,417.0181818181818,1.5816925932745554e-09,3.977049903225449e-05
2021-04-16 23:10:00+00:00,417.0,416.98,417.05,151,42,417.0347668393783,3.2676067146738456e-11,6.33176952868908e-06
2021-04-16 23:11:00+00:00,417.05,417.03,417.05,20,34,417.03740740740733,4.2624255598979416e-13,-6.528725419174819e-07
2021-04-16 23:12:00+00:00,417.05,416.98,417.05,151,34,417.0371351351351,1.1862085402956993e-08,-0.00010891320123362913
2021-04-16 23:13:00+00:00,417.05,416.99,417.05,1,34,416.99171428571424,5.5103461313708145e-09,0.0
2021-04-16 23:14:00+00:00,417.0,416.99,417.05,1,34,416.99171428571424,1.2027448490411878e-08,0.00010966972458437141
2021-04-16 23:15:00+00:00,417.0,416.98,417.05,151,33,417.0374456521739,2.14618939947914e-08,-0.00014658395220579212
2021-04-16 23:16:00+00:00,416.97,416.97,416.98,293,171,416.9763146551724,1.9204151953840105e-10,-1.3857904586855874e-05
2021-04-16 23:17:00+00:00,416.97,416.97,416.98,293,5171,416.9705362371889,2.8175038589740525e-09,-7.23540068199302e-05
2021-04-16 23:18:00+00:00,416.97,416.95,416.97,100,4040,416.9504830917874,5.887070803500341e-10,2.4264968271570098e-05
2021-04-16 23:19:00+00:00,416.97,416.95,416.97,100,4034,416.9504837929366,3.5321010705491314e-15,-4.205599613005262e-08
2021-04-16 23:20:00+00:00,416.95,416.95,416.97,95,3980,416.95046625766867,2.891145489947191e-10,-1.7107366252266942e-05
2021-04-16 23:21:00+00:00,416.95,416.94,416.95,50,100,416.9433333333333,2.242940749459609e-14,-2.1177990805476554e-07
2021-04-16 23:22:00+00:00,416.94,416.94,416.95,49,102,416.94324503311253,0.0,0.0
2021-04-16 23:23:00+00:00,416.95,416.94,416.95,49,102,416.94324503311253,1.0395417399018383e-09,-3.2241925189135934e-05
2021-04-16 23:24:00+00:00,416.94,416.91,416.95,100,102,416.9298019801981,4.5719412268505986e-10,2.1382098182476383e-05
2021-04-16 23:25:00+00:00,416.94,416.9,416.95,350,102,416.93871681415925,1.3925615906219753e-09,-3.7317041557738406e-05
2021-04-16 23:26:00+00:00,416.94,416.91,416.95,50,102,416.92315789473685,0.0,0.0
2021-04-16 23:27:00+00:00,416.94,416.91,416.95,50,102,416.92315789473685,1.4750000039650716e-09,1.6252107778669256e-05
2021-04-16 23:28:00+00:00,416.95,416.92,416.95,50,101,416.9299337748344,1.6784893969346333e-10,1.5884003579103023e-07
2021-04-16 23:29:00+00:00,416.95,416.92,416.95,50,100,416.93,1.4402198083379068e-10,-1.6821947714684704e-05
2021-04-16 23:30:00+00:00,416.92,416.92,416.95,22,199,416.92298642533933,0.0,0.0
2021-04-16 23:31:00+00:00,416.92,416.92,416.95,22,199,416.92298642533933,0.0,0.0
2021-04-16 23:32:00+00:00,416.92,416.92,416.95,22,199,416.92298642533933,8.336103049826927e-10,2.8442411533102785e-05
2021-04-16 23:33:00+00:00,416.92,416.91,416.95,300,183,416.93484472049687,3.5449696216275825e-09,5.953964747651419e-05
2021-04-16 23:34:00+00:00,416.95,416.91,416.96,300,2,416.9596688741722,2.225266644862895e-09,-4.7411160891575044e-05
2021-04-16 23:35:00+00:00,416.95,416.91,416.94,300,1,416.93990033222593,0.0,0.0
2021-04-16 23:36:00+00:00,416.95,416.91,416.94,300,1,416.93990033222593,5.564913929635193e-10,2.32734457947803e-05
2021-04-16 23:37:00+00:00,416.95,416.91,416.95,300,3,416.949603960396,5.827106909885033e-10,2.4139401214373635e-05
2021-04-16 23:38:00+00:00,416.95,416.91,416.96,300,2,416.9596688741722,0.0,0.0
2021-04-16 23:39:00+00:00,416.95,416.91,416.96,300,2,416.9596688741722,2.422418204733133e-09,-6.121456548968673e-05
2021-04-16 23:40:00+00:00,416.95,416.91,416.95,300,197,416.93414486921534,6.844137219839551e-13,8.272930085428953e-07
2021-04-16 23:41:00+00:00,416.95,416.91,416.95,300,190,416.9344897959184,6.648907241602584e-09,-8.154083174460869e-05
2021-04-16 23:42:00+00:00,416.91,416.9,416.91,10,193,416.90049261083743,1.3939526799453176e-14,-9.130567990567329e-08
2021-04-16 23:43:00+00:00,416.91,416.9,416.91,9,189,416.9004545454545,0.0,0.0
2021-04-16 23:44:00+00:00,416.91,416.9,416.91,9,189,416.9004545454545,2.2054674911560506e-11,4.9809849205217915e-06
2021-04-16 23:45:00+00:00,416.91,416.9,416.91,61,170,416.9026406926407,3.7260986573583786e-08,-0.00019753429820168478
2021-04-16 23:46:00+00:00,416.85,416.82,416.85,1,167,416.82017857142864,2.6300739479223347e-08,0.00010834465298925622
2021-04-16 23:47:00+00:00,416.88,416.81,416.88,385,102,416.8653388090349,1.1107130487213638e-10,1.0808647616267208e-05
2021-04-16 23:48:00+00:00,416.88,416.81,416.87,385,1,416.86984455958554,4.027058384010681e-14,1.7330526502767896e-07
2021-04-16 23:49:00+00:00,416.88,416.82,416.87,600,1,416.86991680532446,5.619804593043686e-11,-4.161938947144783e-06
2021-04-16 23:50:00+00:00,416.88,416.85,416.88,300,195,416.8681818181818,1.1313443018044874e-10,1.2357659749939742e-05
2021-04-16 23:51:00+00:00,416.88,416.85,416.88,350,100,416.87333333333333,9.533487747360876e-11,-1.2002193551463591e-05
2021-04-16 23:52:00+00:00,416.88,416.85,416.88,300,191,416.8683299389002,2.263846570692827e-11,5.320639986372555e-06
2021-04-16 23:53:00+00:00,416.88,416.85,416.88,400,184,416.87054794520554,1.570351830561712e-10,6.625940205395864e-06
2021-04-16 23:54:00+00:00,416.88,416.85,416.88,446,128,416.87331010452965,5.793352850456534e-11,-4.007836977959478e-06
2021-04-16 23:55:00+00:00,416.88,416.87,416.88,20,102,416.8716393442623,2.425311502569607e-10,-4.169998625958016e-06
2021-04-16 23:56:00+00:00,416.86,416.86,416.88,100,102,416.86990099009904,3.9489954501552325e-09,-5.801979065245266e-05
2021-04-16 23:57:00+00:00,416.85,416.82,416.85,600,100,416.8457142857143,6.224845226708233e-12,3.0843888796372454e-06
2021-04-16 23:58:00+00:00,416.85,416.82,416.85,900,100,416.847,1.2406872161428876e-09,-4.729268961867206e-05
2021-04-16 23:59:00+00:00,416.82,416.82,416.83,438,165,416.827263681592,1.0844779965300832e-08,-0.00011205762712718226
