ts_recv,price,bid_px_00,ask_px_00,bid_sz_00,ask_sz_00,weighted_mid,rv_60s,ret_60s
2022-04-18 08:01:00+00:00,435.9,435.89,435.93,125,500,435.898,1.9688643239972063e-07,0.0007539990242364514
2022-04-18 08:02:00+00:00,436.0,436.21,436.25,100,200,436.22333333333336,7.727242984493182e-08,4.202708072242878e-05
2022-04-18 08:03:00+00:00,436.24,436.19,436.3,200,200,436.245,3.1481725749258795e-08,0.00041261217893606705
2022-04-18 08:04:00+00:00,436.39,436.37,436.48,200,200,436.425,5.83257192377439e-08,3.527762984245619e-05
2022-04-18 08:05:00+00:00,436.48,436.42,436.48,201,100,436.46006644518275,1.1607100775104948e-07,-8.74662788507008e-05
2022-04-18 08:06:00+00:00,436.38,436.38,436.48,200,700,436.40222222222224,4.579259872819838e-08,-3.498080373043333e-05
2022-04-18 08:07:00+00:00,436.44,436.36,436.44,31,61,436.38695652173914,9.292537403620849e-08,-0.00040550369137892783
2022-04-18 08:08:00+00:00,436.23,436.17,436.25,200,200,436.21,6.385238013182315e-08,0.00024070974989109928
2022-04-18 08:09:00+00:00,436.3,436.25,436.38,200,200,436.315,2.9832478763922117e-09,7.094044658595422e-06
2022-04-18 08:10:00+00:00,436.3,436.28,436.32,200,10,436.3180952380952,1.132731092812509e-08,-8.349085638692522e-05
2022-04-18 08:11:00+00:00,436.31,436.27,436.35,100,200,436.2966666666667,1.6439474526542896e-08,-2.6588582130671057e-05
2022-04-18 08:12:00+00:00,436.27,436.27,436.31,1,600,436.2700665557404,2.581999530253257e-08,0.000148729943423076
2022-04-18 08:13:00+00:00,436.3,436.31,436.35,995,600,436.33495297805644,2.5643273493777385e-08,-0.00016598313275151266
2022-04-18 08:14:00+00:00,436.24,436.24,436.32,196,500,436.26252873563215,1.4128584631700382e-08,4.027567278441779e-05
2022-04-18 08:15:00+00:00,436.24,436.28,436.3,1,200,436.2800995024876,5.304493667870173e-09,5.134430274944535e-05
2022-04-18 08:16:00+00:00,436.36,436.29,436.34,252,600,436.30478873239434,1.2730190935863403e-08,-0.00010786846249433157
2022-04-18 08:17:00+00:00,436.25,436.25,436.3,61,500,436.2554367201426,8.093201193681458e-09,0.00011361068696369436
2022-04-18 08:18:00+00:00,436.29,436.28,436.33,200,200,436.305,1.2884582999784781e-08,3.460824566170473e-05
2022-04-18 08:19:00+00:00,436.31,436.28,436.36,201,200,436.3200997506234,6.612670995198828e-08,0.00018312300859446573
2022-04-18 08:20:00+00:00,436.43,436.37,436.43,200,200,436.4,2.3150618758490996e-08,-2.253347994707333e-05
2022-04-18 08:21:00+00:00,436.37,436.39,436.49,1,600,436.39016638935107,8.246268083832261e-08,0.00018362493998114182
2022-04-18 08:22:00+00:00,436.51,436.47,436.53,1,200,436.4702985074627,4.0128156036946754e-08,-0.0001823845481079278
2022-04-18 08:23:00+00:00,436.46,436.39,436.46,1,100,436.3906930693069,3.540653315555917e-08,2.4600666999052834e-05
2022-04-18 08:24:00+00:00,436.35,436.35,436.43,115,200,436.3792063492064,4.5016200468064936e-08,-9.49322543791764e-05
2022-04-18 08:25:00+00:00,436.34,436.32,436.38,200,100,436.36,2.792314532854263e-08,0.00021473636297231202
2022-04-18 08:26:00+00:00,436.4,436.45,436.49,51,500,436.4537023593466,9.741531435511734e-09,-5.9594068084867224e-05
2022-04-18 08:27:00+00:00,436.46,436.37,436.46,200,112,436.4276923076923,8.841474361777016e-09,-4.4064044446567863e-07
2022-04-18 08:28:00+00:00,436.46,436.42,436.49,60,500,436.4275,3.3257739583910415e-09,8.183326145649872e-05
2022-04-18 08:29:00+00:00,436.46,436.46,436.49,60,500,436.4632142857143,1.003148436856916e-08,-0.00016769872749589076
2022-04-18 08:30:00+00:00,436.4,436.39,436.4,1,500,436.3900199600798,2.045940821412945e-08,-0.00011439344943120489
2022-04-18 08:31:00+00:00,436.39,436.34,436.39,1,500,436.34009980039923,8.107150497591913e-09,6.319250646980024e-06
2022-04-18 08:32:00+00:00,436.34,436.31,436.34,4,500,436.31023809523805,1.6554825751136286e-08,1.6369827134710135e-05
2022-04-18 08:33:00+00:00,436.34,436.32,436.38,200,200,436.35,1.0736489057565633e-08,-9.112387936738298e-05
2022-04-18 08:34:00+00:00,436.36,436.31,436.34,4,500,436.31023809523805,5.675316390026238e-09,4.330479370784346e-05
2022-04-18 08:35:00+00:00,436.32,436.32,436.33,200,19,436.32913242009136,1.1302995075822365e-09,2.255298537923167e-06
2022-04-18 08:36:00+00:00,436.36,436.33,436.4,1,600,436.3301164725458,3.74568902135673e-09,9.555246320402944e-06
2022-04-18 08:37:00+00:00,436.32,436.32,436.37,200,500,436.3342857142857,9.324229848071094e-09,-0.000138256909701151
2022-04-18 08:38:00+00:00,436.3,436.27,436.32,43,500,436.2739594843462,1.8642220777193562e-08,0.00014585985226256426
2022-04-18 08:39:00+00:00,436.31,436.31,436.34,195,17,436.3375943396226,8.943505779966412e-12,2.6707538267611852e-06
2022-04-18 08:40:00+00:00,436.34,436.3,436.34,500,16,436.3387596899225,3.825543531061562e-08,-0.0001002549319570889
2022-04-18 08:41:00+00:00,436.3,436.27,436.33,143,200,436.2950145772595,5.445125834848646e-09,9.351327625961581e-05
2022-04-18 08:42:00+00:00,436.33,436.28,436.34,200,15,436.33581395348835,4.229301832440542e-09,-0.00012776259927627098
2022-04-18 08:43:00+00:00,436.31,436.28,436.32,1,600,436.28006655574035,1.8488987399296076e-08,0.00012551806663751996
2022-04-18 08:44:00+00:00,436.3,436.3,436.34,101,15,436.33482758620687,8.271946394917909e-09,0.00010025292412829678
2022-04-18 08:45:00+00:00,436.34,436.34,436.4,90,50,436.37857142857143,1.5585979921871387e-08,7.856873946332499e-06
2022-04-18 08:46:00+00:00,436.32,436.31,436.4,200,50,436.382,1.812278584870638e-08,-0.00013168840246668978
2022-04-18 08:47:00+00:00,436.32,436.31,436.39,111,500,436.3245335515548,2.541015525251492e-08,-2.789308926498535e-05
2022-04-18 08:48:00+00:00,436.3,436.29,436.37,194,500,436.31236311239195,1.67857007134788e-08,6.334197686008736e-05
2022-04-18 08:49:00+00:00,436.34,436.3,436.38,200,200,436.34,3.1513607694970635e-09,-1.52786053688736e-05
2022-04-18 08:50:00+00:00,436.34,436.31,436.38,100,200,436.3333333333333,2.3959359342217538e-08,-1.4452955628962982e-06
2022-04-18 08:51:00+00:00,436.38,436.31,436.38,96,200,436.3327027027027,3.468558808552491e-08,-2.1023615422777198e-05
2022-04-18 08:52:00+00:00,436.37,436.3,436.34,10,7,436.3235294117647,1.0969918795713423e-08,-0.00019124849214913198
2022-04-18 08:53:00+00:00,436.28,436.24,436.29,1,600,436.2400831946755,1.926986002941285e-08,4.8930342660735704e-05
2022-04-18 08:54:00+00:00,436.28,436.25,436.29,200,500,436.26142857142855,1.5369571801009128e-08,-0.00013886349619873783
2022-04-18 08:55:00+00:00,436.22,436.2,436.24,11,508,436.20084778420045,1.3762153065447943e-08,-0.0001012861798829201
2022-04-18 08:56:00+00:00,436.16,436.15,436.19,100,500,436.1566666666667,2.6447951064552196e-08,5.3497596429474825e-05
2022-04-18 08:57:00+00:00,436.15,436.15,436.21,200,200,436.18,3.841203397202687e-08,-6.550375663993968e-06
2022-04-18 08:58:00+00:00,436.21,436.17,436.22,100,600,436.1771428571429,1.9303758207079347e-08,-1.705703053844765e-05
2022-04-18 08:59:00+00:00,436.17,436.14,436.21,200,200,436.175,6.7266923820074585e-09,-0.0001446737584048785
2022-04-18 09:00:00+00:00,436.13,436.1,436.14,100,506,436.10660066006596,7.551929827219727e-08,-0.0001524876247369633
2022-04-18 09:01:00+00:00,436.1,436.04,436.09,1,500,436.0400998003992,8.338394881030385e-09,1.919420112628245e-05
2022-04-18 09:02:00+00:00,436.02,436.02,436.12,199,500,436.04846924177394,3.882293165606488e-09,-8.273597964703061e-05
2022-04-18 09:03:00+00:00,436.06,436.01,436.06,10,199,436.01239234449764,1.3057876970494177e-08,-2.21042586401321e-06
2022-04-18 09:04:00+00:00,436.06,436.01,436.04,10,200,436.01142857142855,3.1399975014727135e-08,0.00011904449861521726
2022-04-18 09:05:00+00:00,436.03,436.04,436.11,100,200,436.06333333333333,6.441893671750719e-09,-1.9110373875363962e-05
2022-04-18 09:06:00+00:00,436.03,436.04,436.1,200,600,436.055,2.4286445531856705e-08,-3.822147817689192e-06
2022-04-18 09:07:00+00:00,436.1,436.04,436.11,100,200,436.06333333333333,6.019082734341874e-09,1.6983204476961333e-05
2022-04-18 09:08:00+00:00,436.11,436.05,436.11,30,197,436.05792951541855,4.6927424627409106e-08,6.491221796611768e-05
2022-04-18 09:09:00+00:00,436.06,436.08,436.14,100,200,436.1,1.738894584328328e-08,-4.36713240647979e-05
2022-04-18 09:10:00+00:00,436.1,436.06,436.12,100,500,436.07,6.974757999467341e-09,-6.852165826798373e-05
2022-04-18 09:11:00+00:00,436.06,436.04,436.1,1,500,436.04011976047906,5.211027438991464e-10,-7.919211228224476e-06
2022-04-18 09:12:00+00:00,436.04,436.03,436.04,2,1,436.0366666666667,9.213133322616186e-09,-1.5062166252910458e-05
2022-04-18 09:13:00+00:00,436.04,436.03,436.04,2,200,436.030099009901,1.990797094528354e-08,-0.00020335852656450104
2022-04-18 09:14:00+00:00,435.99,435.93,435.97,200,500,435.94142857142856,2.937777521611714e-08,-3.386212870448713e-05
2022-04-18 09:15:00+00:00,435.92,435.91,435.96,100,200,435.9266666666667,1.31623040617895e-08,0.0001563977280893969
2022-04-18 09:16:00+00:00,436.0,435.94,436.0,500,47,435.99484460694697,4.375407896653191e-09,4.240583716774715e-05
2022-04-18 09:17:00+00:00,436.0,436.0,436.04,100,200,436.0133333333333,1.8343767329195296e-08,-1.3335684705739759e-05
2022-04-18 09:18:00+00:00,436.05,436.0,436.05,100,565,436.0075187969925,7.804682418185024e-08,-8.582190668771084e-05
2022-04-18 09:19:00+00:00,435.97,435.97,436.02,1,500,435.97009980039917,4.6644254884851194e-08,-0.00021813376752832792
2022-04-18 09:20:00+00:00,435.85,435.84,435.91,200,200,435.875,1.701730653876442e-07,-0.0006710639518210382
2022-04-18 09:21:00+00:00,435.65,435.57,435.62,200,500,435.5842857142857,7.203852894026964e-08,-0.0002582748388650913
2022-04-18 09:22:00+00:00,435.52,435.45,435.52,200,500,435.47,6.56013936110866e-08,-0.00010333662479622419
2022-04-18 09:23:00+00:00,435.5,435.39,435.46,200,200,435.425,4.921654745943744e-08,0.00033887165755142057
2022-04-18 09:24:00+00:00,435.61,435.55,435.61,4,176,435.5513333333334,1.878366439804562e-07,-0.00040763172561819605
2022-04-18 09:25:00+00:00,435.32,435.35,435.44,200,200,435.395,2.6772705565889913e-07,0.0002614521330202013
2022-04-18 09:26:00+00:00,435.5,435.47,435.51,100,3,435.5088349514563,1.5974098388881326e-08,-8.905634749600821e-05
2022-04-18 09:27:00+00:00,435.49,435.48,435.49,1,199,435.48005000000006,1.3660348858542194e-08,0.00014119991996563996
2022-04-18 09:28:00+00:00,435.49,435.53,435.55,2,24,435.53153846153845,4.5066469748337286e-08,4.238852260107784e-05
2022-04-18 09:29:00+00:00,435.57,435.52,435.62,200,500,435.54857142857145,2.3316316880059275e-08,-0.00011434273952015683
2022-04-18 09:30:00+00:00,435.51,435.5,435.52,5,500,435.500198019802,7.814295892480201e-08,0.00011481277253255762
2022-04-18 09:31:00+00:00,435.5,435.55,435.59,1,200,435.5501990049751,5.743808513199811e-08,-4.5690479666404826e-07
2022-04-18 09:32:00+00:00,435.55,435.51,435.59,200,200,435.55,2.905876342051132e-08,-0.0001127514886720693
2022-04-18 09:33:00+00:00,435.56,435.51,435.6,200,500,435.5357142857143,4.4241383463477766e-08,0.00014700587967308998
2022-04-18 09:34:00+00:00,435.53,435.53,435.6,199,200,435.56491228070183,5.1781143015067725e-08,0.0001012423614596969
2022-04-18 09:35:00+00:00,435.56,435.52,435.61,200,2,435.60910891089105,1.3948457381695036e-08,-7.065869440692207e-05
2022-04-18 09:36:00+00:00,435.6,435.55,435.6,201,155,435.57823033707865,6.357624395013291e-09,-9.432858915836562e-05
2022-04-18 09:37:00+00:00,435.55,435.54,435.58,200,6,435.5788349514563,2.2924836268373875e-08,7.432049943378871e-05
2022-04-18 09:38:00+00:00,435.57,435.55,435.57,200,5,435.56951219512194,1.8331059865024903e-08,0.0001156621630888921
2022-04-18 09:39:00+00:00,435.61,435.56,435.67,600,502,435.61989110707805,8.326557528339204e-08,-0.00010305109567876336
2022-04-18 09:40:00+00:00,435.62,435.53,435.61,2,200,435.5307920792079,1.0308990993095072e-08,-0.00010294364772711617
2022-04-18 09:41:00+00:00,435.57,435.53,435.57,2,497,435.53016032064124,1.3299932526207547e-08,7.999372381717329e-05
2022-04-18 09:42:00+00:00,435.57,435.54,435.6,200,600,435.555,2.5057662003935868e-08,0.00019446006910572855
2022-04-18 09:43:00+00:00,435.62,435.62,435.65,99,1,435.6497,1.7745050114325596e-08,-0.00021245772201183843
2022-04-18 09:44:00+00:00,435.61,435.54,435.6,200,500,435.5571428571429,1.2040646166604738e-08,3.01974369500968e-05
2022-04-18 09:45:00+00:00,435.6,435.57,435.59,3,200,435.57029556650247,1.9898126976998226e-08,0.0001823033545746977
2022-04-18 09:46:00+00:00,435.62,435.59,435.64,200,200,435.615,2.2943854011645105e-08,-0.00027447384994283563
2022-04-18 09:47:00+00:00,435.58,435.53,435.6,2,1100,435.5301270417422,2.0993016228144327e-08,-6.878133766063943e-05
2022-04-18 09:48:00+00:00,435.53,435.5,435.54,3,700,435.5001706970128,1.9174582487795025e-08,0.0002751532859228689
2022-04-18 09:49:00+00:00,435.56,435.56,435.64,600,200,435.62,2.206540885150512e-08,-3.443368073086095e-05
2022-04-18 09:50:00+00:00,435.56,435.58,435.64,1,200,435.58029850746266,2.4485106600903498e-08,-3.3863807305078986e-05
2022-04-18 09:51:00+00:00,435.6,435.59,435.64,1,200,435.5902487562189,3.7386735692303313e-10,-2.2839712889188846e-05
2022-04-18 09:52:00+00:00,435.64,435.58,435.64,1,199,435.58029999999997,3.4499625943770576e-08,-4.515049616959921e-06
2022-04-18 09:53:00+00:00,435.56,435.57,435.62,200,1000,435.5783333333333,1.5932229291162533e-08,4.98797695926978e-05
2022-04-18 09:54:00+00:00,435.6,435.6,435.63,1,500,435.60005988023954,2.420343109481929e-08,0.00011396144507291872
2022-04-18 09:55:00+00:00,435.6,435.59,435.65,200,1,435.6497014925373,1.8292130660274902e-08,-8.746465374365187e-05
2022-04-18 09:56:00+00:00,435.63,435.6,435.65,302,1000,435.61159754224275,8.189728534328899e-10,2.8617701749666935e-05
2022-04-18 09:57:00+00:00,435.63,435.6,435.64,302,200,435.6240637450199,1.8502866081427204e-08,7.198136727848414e-05
2022-04-18 09:58:00+00:00,435.59,435.59,435.66,200,14,435.65542056074764,1.899215230888575e-08,3.289453627131067e-05
2022-04-18 09:59:00+00:00,435.66,435.62,435.67,200,1,435.6697512437811,6.784086560790884e-09,-5.6811940031264996e-05
2022-04-18 10:00:00+00:00,435.67,435.62,435.67,200,200,435.645,2.927462933142522e-08,-2.065902282810672e-05
2022-04-18 10:01:00+00:00,435.64,435.6,435.65,300,1100,435.61071428571427,2.279799511828325e-08,9.858544385910051e-05
2022-04-18 10:02:00+00:00,435.67,435.6,435.68,300,4,435.678947368421,1.4992911124981533e-08,0.0001287516143364531
2022-04-18 10:03:00+00:00,435.74,435.71,435.74,500,99,435.73504173622706,4.962685326014669e-08,0.00018849465737025284
2022-04-18 10:04:00+00:00,435.74,435.76,435.84,501,200,435.81717546362336,2.8642866572475162e-08,-7.04339720757341e-05
2022-04-18 10:05:00+00:00,435.8,435.78,435.85,102,1000,435.7864791288566,3.88326718472049e-08,-4.413866719055193e-05
2022-04-18 10:06:00+00:00,435.78,435.72,435.78,200,54,435.7672440944882,3.817745332599356e-08,0.0
2022-04-18 10:07:00+00:00,435.72,435.72,435.78,200,54,435.7672440944882,2.944766553660027e-08,0.00021690618713332555
2022-04-18 10:08:00+00:00,435.82,435.86,435.92,20,500,435.8623076923077,1.1352109888645416e-08,-4.0757660618284675e-05
2022-04-18 10:09:00+00:00,435.86,435.82,435.85,200,50,435.844,8.867984934043934e-09,9.407035544817255e-05
2022-04-18 10:10:00+00:00,435.85,435.86,435.91,101,1,435.9095098039216,7.046205813294435e-08,5.6327331305228157e-05
2022-04-18 10:11:00+00:00,435.86,435.82,435.91,200,1,435.909552238806,4.4783851221191545e-09,-3.338361990756766e-05
2022-04-18 10:12:00+00:00,435.86,435.88,435.91,1,1,435.895,3.948735605578364e-08,-0.00017169272416517334
2022-04-18 10:13:00+00:00,435.9,435.82,435.9,1,499,435.82016,2.9794376845215383e-08,-1.3812945409696908e-07
2022-04-18 10:14:00+00:00,435.86,435.82,435.87,1,500,435.8200998003992,4.307985909106665e-09,4.950803464121023e-05
2022-04-18 10:15:00+00:00,435.87,435.87,435.9,5,999,435.87014940239044,8.585988823235647e-09,3.5486418539010245e-05
2022-04-18 10:16:00+00:00,435.83,435.84,435.9,200,500,435.85714285714283,6.043548434253522e-08,6.272674872009887e-05
2022-04-18 10:17:00+00:00,435.83,435.85,435.91,200,148,435.88448275862066,1.5678585568837563e-08,-0.0001247646116632195
2022-04-18 10:18:00+00:00,435.84,435.83,435.87,1,500,435.83007984031934,4.845161338395785e-13,-1.8314563243748694e-07
2022-04-18 10:19:00+00:00,435.84,435.83,435.85,1,1000,435.83001998002,4.15743574065341e-13,9.182474403068852e-08
2022-04-18 10:20:00+00:00,435.84,435.83,435.85,3,997,435.83006,1.129844364810368e-08,-2.285340208252329e-05
2022-04-18 10:21:00+00:00,435.81,435.82,435.87,1,500,435.8200998003992,1.7717136496791143e-08,0.0
2022-04-18 10:22:00+00:00,435.83,435.82,435.87,1,500,435.8200998003992,7.568094181171947e-09,-6.533366181393774e-08
2022-04-18 10:23:00+00:00,435.83,435.82,435.87,1,700,435.82007132667616,2.5892212492884454e-08,0.00019679411127593305
2022-04-18 10:24:00+00:00,435.88,435.88,435.91,298,48,435.90583815028907,3.87327300845783e-08,-0.0001964624875807619
2022-04-18 10:25:00+00:00,435.89,435.82,435.86,1,200,435.8201990049751,4.9033747239025177e-08,0.00038961249481461735
2022-04-18 10:26:00+00:00,436.01,435.97,436.04,200,500,435.99,2.560745030165827e-08,-4.5491609998449256e-05
2022-04-18 10:27:00+00:00,436.01,435.96,436.02,102,500,435.9701661129568,5.172565587528147e-09,1.6002801861869642e-05
2022-04-18 10:28:00+00:00,435.96,435.96,436.02,200,500,435.97714285714284,2.050107756644933e-07,0.0003897359510018905
2022-04-18 10:29:00+00:00,436.27,436.12,436.22,200,500,436.1485714285714,4.182563989298272e-08,9.92542178177569e-05
2022-04-18 10:30:00+00:00,436.15,436.19,436.26,1,200,436.1903482587064,5.478629327772237e-08,-2.3416452379798613e-05
2022-04-18 10:31:00+00:00,436.19,436.16,436.19,100,49,436.1801342281879,1.7561079353291827e-08,-0.00011758565633479545
2022-04-18 10:32:00+00:00,436.15,436.11,436.19,200,649,436.1288457008245,1.5060823487769364e-08,-2.9225573790592208e-05
2022-04-18 10:33:00+00:00,436.11,436.11,436.18,105,1100,436.1160995850623,1.151702387050104e-08,-8.309027851316486e-06
2022-04-18 10:34:00+00:00,436.11,436.11,436.18,44,1200,436.1124758842444,1.248564747994766e-08,-2.7808481088187342e-05
2022-04-18 10:35:00+00:00,436.11,436.1,436.17,1,200,436.10034825870645,2.92292825349152e-08,-3.422463016322652e-07
2022-04-18 10:36:00+00:00,436.11,436.1,436.14,1,200,436.10019900497514,1.1941933911590961e-10,-3.8760575105101225e-07
2022-04-18 10:37:00+00:00,436.1,436.1,436.13,1,1000,436.10002997003,5.015034327547618e-09,-6.87915568409192e-05
2022-04-18 10:38:00+00:00,436.07,436.07,436.1,1,1000,436.07002997002996,5.269364673510793e-10,-2.2955005668845452e-05
2022-04-18 10:39:00+00:00,436.07,436.06,436.08,1,1000,436.06001998002,1.385702506735599e-10,4.581942625314639e-08
2022-04-18 10:40:00+00:00,436.07,436.06,436.1,1,1000,436.06003996003994,5.789479903290468e-09,-7.609689983489876e-05
2022-04-18 10:41:00+00:00,436.05,436.02,436.05,8,27,436.0268571428571,5.5124032939084785e-09,3.0325419743348903e-05
2022-04-18 10:42:00+00:00,436.05,436.04,436.08,1,500,436.0400798403193,2.860496927624021e-08,0.00014888576230065453
2022-04-18 10:43:00+00:00,436.05,436.07,436.15,200,1200,436.08142857142855,4.870886640909575e-08,5.732564405347418e-05
2022-04-18 10:44:00+00:00,436.06,436.09,436.17,200,200,436.13,4.227238416151105e-08,-1.1464471602495863e-05
2022-04-18 10:45:00+00:00,436.19,436.08,436.17,500,500,436.125,6.129380453394476e-09,-2.307287278113801e-05
2022-04-18 10:46:00+00:00,436.09,436.09,436.14,199,200,436.11493734335835,2.318800190642676e-08,9.186261054416889e-05
2022-04-18 10:47:00+00:00,436.12,436.12,436.19,200,200,436.155,2.334886886286775e-08,8.36433870561315e-05
2022-04-18 10:48:00+00:00,436.17,436.17,436.21,145,125,436.19148148148145,3.1330128385437755e-08,-0.00016189242537756332
2022-04-18 10:49:00+00:00,436.17,436.12,436.15,3,101,436.1208653846154,5.36994684307638e-09,1.514522879686453e-05
2022-04-18 10:50:00+00:00,436.15,436.12,436.2,103,1000,436.1274705349048,3.6742442886250395e-08,0.0001437382405127252
2022-04-18 10:51:00+00:00,436.13,436.19,436.21,1,125,436.1901587301587,7.677787890040459e-09,-6.904313073152757e-05
2022-04-18 10:52:00+00:00,436.19,436.16,436.19,1,700,436.1600427960057,5.379836289436894e-09,-5.283862361149527e-05
2022-04-18 10:53:00+00:00,436.15,436.12,436.17,103,200,436.13699669967,2.3514572061890297e-08,4.510043207872627e-05
2022-04-18 10:54:00+00:00,436.15,436.15,436.18,200,700,436.1566666666667,7.250485517486527e-10,-3.322832077268245e-07
2022-04-18 10:55:00+00:00,436.18,436.15,436.18,300,1080,436.1565217391304,1.3913462955767416e-08,-3.788029825746442e-05
2022-04-18 10:56:00+00:00,436.15,436.11,436.17,200,200,436.14,1.1785743453682524e-08,4.549144185395093e-05
2022-04-18 10:57:00+00:00,436.17,436.12,436.16,200,200,436.14,2.394136203371674e-08,2.3018718602774157e-05
2022-04-18 10:58:00+00:00,436.16,436.11,436.17,501,1,436.16988047808763,2.691078120491388e-08,-3.411624404547897e-05
2022-04-18 10:59:00+00:00,436.14,436.12,436.19,200,200,436.155,1.5379692892136394e-07,-0.00021175935246320332
2022-04-18 11:00:00+00:00,436.05,436.05,436.1,200,600,436.0625,2.3480969227164602e-07,0.0008879210639836099
2022-04-18 11:01:00+00:00,436.44,436.37,436.45,200,603,436.38992528019924,9.2421355075427e-08,-0.0002860106582845967
2022-04-18 11:02:00+00:00,436.36,436.31,436.4,200,1000,436.325,3.785736502156991e-08,1.3706278936265193e-05
2022-04-18 11:03:00+00:00,436.36,436.33,436.38,1,50,436.3309803921569,8.693587466369944e-08,0.0002040185360276947
2022-04-18 11:04:00+00:00,436.45,436.41,436.45,200,600,436.42,1.3697480438182262e-07,2.291370697959927e-05
2022-04-18 11:05:00+00:00,436.41,436.4,436.47,150,200,436.43,3.633311383100926e-08,0.0002291318195357661
2022-04-18 11:06:00+00:00,436.65,436.63,436.7,200,550,436.64866666666666,2.1636579951082268e-07,0.0005661532017109394
2022-04-18 11:07:00+00:00,436.8,436.74,436.8,500,200,436.78285714285715,5.256839419087961e-08,-5.5602072321914164e-05
2022-04-18 11:08:00+00:00,436.75,436.73,436.82,200,200,436.775,3.5753747705622e-08,-2.180594669964897e-05
2022-04-18 11:09:00+00:00,436.77,436.72,436.81,350,1000,436.74333333333334,1.0633950555560755e-07,-9.740561762150435e-05
2022-04-18 11:10:00+00:00,436.78,436.7,436.77,10,200,436.7033333333333,1.1165820204440525e-07,0.00024360703333936584
2022-04-18 11:11:00+00:00,436.82,436.75,436.83,501,200,436.8071754636233,1.3212938302237458e-07,0.00048722765634701126
2022-04-18 11:12:00+00:00,436.97,436.99,437.04,200,200,437.015,9.964603753458496e-08,0.00035340360725921727
2022-04-18 11:13:00+00:00,437.18,437.12,437.19,700,200,437.1744444444444,5.282120233217903e-08,0.000142328132426206
2022-04-18 11:14:00+00:00,437.24,437.22,437.24,600,22,437.23929260450166,3.766328126121287e-08,2.7453538000710154e-06
2022-04-18 11:15:00+00:00,437.17,437.17,437.24,700,22,437.23786703601104,8.596538422873843e-08,0.00021071588472776348
2022-04-18 11:16:00+00:00,437.33,437.32,437.38,600,500,437.3527272727273,7.758867159852116e-08,-0.0003277464005060349
2022-04-18 11:17:00+00:00,437.18,437.16,437.2,200,100,437.18666666666667,3.865878557104437e-08,0.00029735582054946086
2022-04-18 11:18:00+00:00,437.31,437.3,437.34,100,200,437.31333333333333,2.0365105454619505e-08,5.589643914283293e-05
2022-04-18 11:19:00+00:00,437.35,437.33,437.38,200,600,437.3425,3.490837262634592e-08,-0.00016801573543168136
2022-04-18 11:20:00+00:00,437.34,437.26,437.34,200,100,437.31333333333333,7.123191946815995e-08,-0.00010458837846694102
2022-04-18 11:21:00+00:00,437.19,437.2,437.23,300,111,437.221897810219,4.726994739525818e-08,3.377885810773584e-05
2022-04-18 11:22:00+00:00,437.2,437.21,437.25,200,100,437.2366666666667,2.872826317417832e-08,-0.00020837939280271556
2022-04-18 11:23:00+00:00,437.15,437.13,437.2,200,100,437.1766666666667,1.3616149417468583e-08,5.614707534484786e-05
2022-04-18 11:24:00+00:00,437.18,437.17,437.18,1,99,437.17010000000005,2.628713054344645e-09,-5.2304486164111985e-05
2022-04-18 11:25:00+00:00,437.13,437.13,437.16,135,100,437.14723404255324,1.8972519464936033e-09,-6.184649162987998e-05
2022-04-18 11:26:00+00:00,437.16,437.12,437.14,1,100,437.120198019802,1.5916265789524972e-08,-8.052251980450453e-05
2022-04-18 11:27:00+00:00,437.11,437.06,437.11,200,200,437.085,3.7226280681484107e-09,-5.9419158794149496e-05
2022-04-18 11:28:00+00:00,437.07,437.05,437.07,251,305,437.05902877697844,8.28707555788123e-09,0.0001165082252341243
2022-04-18 11:29:00+00:00,437.1,437.1,437.12,99,100,437.10994974874376,1.7797802603374607e-08,-3.4625004389998715e-05
2022-04-18 11:30:00+00:00,437.1,437.08,437.1,300,100,437.095,9.958956866888513e-08,0.00012189671777051991
2022-04-18 11:31:00+00:00,437.15,437.11,437.16,100,200,437.12666666666667,1.242872224567904e-08,-0.00021589816591716104
2022-04-18 11:32:00+00:00,437.06,437.05,437.07,251,1100,437.0537157660992,4.385320521511902e-08,-6.57030590596186e-05
2022-04-18 11:33:00+00:00,437.03,437.01,437.04,120,100,437.02636363636367,2.0856399421453674e-08,4.8624220582382804e-05
2022-04-18 11:34:00+00:00,437.02,437.04,437.06,100,1100,437.0416666666667,1.3618622031771036e-08,0.00012506477497309376
2022-04-18 11:35:00+00:00,437.11,437.1,437.11,100,500,437.1016666666667,1.580289991015447e-08,-0.00017102514133582325
2022-04-18 11:36:00+00:00,437.07,437.02,437.06,200,1100,437.0261538461538,1.9558670660737567e-08,-4.320363601784116e-05
2022-04-18 11:37:00+00:00,437.02,436.98,437.02,300,140,437.0072727272728,2.6125591125790944e-08,-0.00021114689166823464
2022-04-18 11:38:00+00:00,436.95,436.9,436.93,100,100,436.915,3.895765712854144e-08,-6.950059773302986e-05
2022-04-18 11:39:00+00:00,436.88,436.87,436.89,200,1610,436.8722099447514,2.924277247340321e-08,-7.303272104441927e-05
2022-04-18 11:40:00+00:00,436.89,436.85,436.88,10,100,436.8527272727273,3.2310411756395067e-08,-8.636153644459021e-05
2022-04-18 11:41:00+00:00,436.8,436.8,436.83,100,100,436.815,7.382839482459167e-08,-0.00012159199557515432
2022-04-18 11:42:00+00:00,436.75,436.74,436.77,125,200,436.7515384615385,2.4754188485672613e-08,-4.610313486974604e-05
2022-04-18 11:43:00+00:00,436.75,436.74,436.75,250,1178,436.7417507002801,2.756647047368732e-08,-2.4840737134601554e-05
2022-04-18 11:44:00+00:00,436.74,436.73,436.74,100,1009,436.7309017132552,7.529334740456522e-08,0.00037574233034809446
2022-04-18 11:45:00+00:00,436.88,436.88,436.91,100,100,436.895,3.478218711136796e-08,-0.00016403636266526522
2022-04-18 11:46:00+00:00,436.91,436.82,436.86,100,1100,436.8233333333333,1.8729850337683156e-08,-1.9957607693354973e-05
2022-04-18 11:47:00+00:00,436.84,436.81,436.84,200,1100,436.81461538461537,4.1930976488877055e-08,-4.050301219138408e-05
2022-04-18 11:48:00+00:00,436.8,436.79,436.82,300,1100,436.7964285714286,8.264848378728433e-09,-7.493689589932462e-05
2022-04-18 11:49:00+00:00,436.78,436.76,436.77,101,140,436.7641908713693,2.030300743915231e-08,-0.00014042755746468405
2022-04-18 11:50:00+00:00,436.7,436.68,436.71,200,100,436.7,3.0561435020116148e-09,-3.1320636736387186e-06
2022-04-18 11:51:00+00:00,436.7,436.69,436.71,135,100,436.70148936170216,3.393863311182176e-08,8.818526896736678e-05
2022-04-18 11:52:00+00:00,436.73,436.72,436.75,200,100,436.74,7.228457725709856e-08,-0.00024041763978577269
2022-04-18 11:53:00+00:00,436.64,436.62,436.65,100,600,436.6242857142857,7.117648967943208e-08,8.677956476366155e-05
2022-04-18 11:54:00+00:00,436.68,436.68,436.71,300,100,436.7025,3.9941184242638496e-08,2.044364727393777e-05
2022-04-18 11:55:00+00:00,436.67,436.68,436.7,20,200,436.6818181818182,7.287370028870226e-08,-0.00020453835744771443
2022-04-18 11:56:00+00:00,436.6,436.57,436.6,300,100,436.5925,4.2037835338678824e-08,-2.158323132683826e-05
2022-04-18 11:57:00+00:00,436.56,436.58,436.62,100,1200,436.58307692307693,1.6730262464326057e-08,3.385431218361212e-05
2022-04-18 11:58:00+00:00,436.58,436.57,436.61,300,100,436.6,4.713289914977712e-08,-0.00012488336493587937
2022-04-18 11:59:00+00:00,436.62,436.53,436.55,200,100,436.54333333333335,1.4083615492248241e-08,9.232309194895372e-05
2022-04-18 12:00:00+00:00,436.55,436.58,436.62,100,1000,436.58363636363634,5.708990083271734e-08,0.00012910157795453792
2022-04-18 12:01:00+00:00,436.63,436.62,436.66,100,100,436.64,2.1147929121465093e-08,-6.094562037617379e-05
2022-04-18 12:02:00+00:00,436.67,436.61,436.63,102,500,436.61338870431894,4.1815916811471945e-08,0.00036285987007733667
2022-04-18 12:03:00+00:00,436.79,436.77,436.79,20,200,436.7718181818182,4.166710162972151e-08,-0.00017035070857940315
2022-04-18 12:04:00+00:00,436.69,436.67,436.69,200,1300,436.67266666666666,9.295868495024329e-08,6.937556670560951e-05
2022-04-18 12:05:00+00:00,436.72,436.7,436.73,110,100,436.7157142857143,5.3279842042154706e-08,5.126554997114674e-05
2022-04-18 12:06:00+00:00,436.72,436.75,436.76,2,100,436.7501960784313,2.8752789498441996e-08,0.00019439260641584966
2022-04-18 12:07:00+00:00,436.82,436.81,436.84,500,100,436.835,2.015082170677172e-08,-8.00078948716143e-05
2022-04-18 12:08:00+00:00,436.8,436.79,436.81,101,100,436.80004975124376,1.0166052074124085e-07,-0.0006296925822247834
2022-04-18 12:09:00+00:00,436.51,436.5,436.52,12,100,436.5021428571428,6.290537947029963e-08,0.00013744917244151722
2022-04-18 12:10:00+00:00,436.59,436.55,436.59,700,100,436.585,5.0523655417109704e-08,6.871514138140355e-05
2022-04-18 12:11:00+00:00,436.63,436.57,436.61,200,100,436.5966666666667,2.9133711143078008e-08,-0.00011070012100666826
2022-04-18 12:12:00+00:00,436.59,436.54,436.58,200,100,436.56666666666666,1.4153100292510657e-07,-0.0002746698475513121
2022-04-18 12:13:00+00:00,436.43,436.44,436.46,51,100,436.44675496688734,3.3544429021470624e-08,8.762817612328888e-05
2022-04-18 12:14:00+00:00,436.48,436.47,436.5,100,100,436.485,2.1797243208925264e-08,-0.00019495943810865501
2022-04-18 12:15:00+00:00,436.39,436.39,436.4,1329,13,436.39990312965716,9.63295390291187e-08,-0.00027761951546800834
2022-04-18 12:16:00+00:00,436.32,436.29,436.32,120,1100,436.29295081967217,4.5869866365135466e-08,0.0002697325309302112
2022-04-18 12:17:00+00:00,436.42,436.39,436.42,300,600,436.4,3.575900898195639e-08,0.00037482302297231485
2022-04-18 12:18:00+00:00,436.55,436.54,436.58,100,100,436.56,3.042197373873183e-08,-4.05266348092459e-05
2022-04-18 12:19:00+00:00,436.56,436.54,436.57,100,1200,436.5423076923077,1.4065014416497841e-08,-4.908168799133694e-05
2022-04-18 12:20:00+00:00,436.55,436.5,436.53,229,100,436.5208814589665,3.797377672431808e-08,0.0002124867528898733
2022-04-18 12:21:00+00:00,436.6,436.64,436.65,600,1000,436.64375,5.601533189741859e-08,-9.230822618988554e-05
2022-04-18 12:22:00+00:00,436.6,436.55,436.62,500,1000,436.5733333333333,2.1988761192506828e-08,9.773081269282002e-05
2022-04-18 12:23:00+00:00,436.6,436.6,436.62,200,50,436.616,3.5019757326312234e-08,3.2962962563720666e-05
2022-04-18 12:24:00+00:00,436.6,436.63,436.65,100,5000,436.63039215686274,1.3740507818314054e-08,-6.917362713287911e-05
2022-04-18 12:25:00+00:00,436.62,436.6,436.63,7,605,436.60034313725487,2.0206949114904917e-08,9.525994622094913e-05
2022-04-18 12:26:00+00:00,436.64,436.64,436.65,100,462,436.6417793594306,2.107223566847294e-08,2.5930678566377097e-05
2022-04-18 12:27:00+00:00,436.65,436.65,436.68,128,1110,436.6531017770598,7.713677115027483e-08,-1.4737351840543589e-05
2022-04-18 12:28:00+00:00,436.66,436.62,436.66,200,78,436.6487769784173,3.714435029075513e-08,0.000123745297001987
2022-04-18 12:29:00+00:00,436.7,436.68,436.72,429,400,436.70069963811824,1.589023681681621e-08,0.0001192697242105023
2022-04-18 12:30:00+00:00,436.76,436.73,436.76,300,95,436.75278481012657,3.425979321085421e-08,-0.00021104497714463655
2022-04-18 12:31:00+00:00,436.66,436.65,436.67,113,100,436.6606103286385,3.79406551712705e-08,0.00016243309156416252
2022-04-18 12:32:00+00:00,436.73,436.68,436.72,1100,300,436.7114285714286,7.062655036222986e-08,-0.000460343805185226
2022-04-18 12:33:00+00:00,436.56,436.53,436.56,10,600,436.53049180327866,4.843613729026746e-08,0.00016405653127482545
2022-04-18 12:34:00+00:00,436.59,436.6,436.63,100,300,436.6075,5.820803417654892e-08,0.0001478673235901784
2022-04-18 12:35:00+00:00,436.62,436.67,436.68,100,200,436.67333333333335,1.8077803915560426e-07,0.0007600872410031823
2022-04-18 12:36:00+00:00,437.02,437.0,437.04,100,300,437.01,9.064799869399596e-08,-0.0001620516202126554
2022-04-18 12:37:00+00:00,436.92,436.92,436.94,190,300,436.9277551020408,2.8746115769112568e-08,-1.7597593161666758e-05
2022-04-18 12:38:00+00:00,436.93,436.9,436.93,102,267,436.90829268292674,4.4129363097329774e-08,0.00022300137340058868
2022-04-18 12:39:00+00:00,437.0,437.01,437.04,100,300,437.0175,3.067562172340652e-08,-0.00011929532877164029
2022-04-18 12:40:00+00:00,436.95,436.95,436.98,105,100,436.9653658536585,1.4464659847132625e-08,-5.4096458792618485e-05
2022-04-18 12:41:00+00:00,436.95,436.94,436.96,104,1100,436.9417275747508,8.034533018037082e-08,0.00020812636142730767
2022-04-18 12:42:00+00:00,437.05,437.03,437.06,100,1000,437.0327272727273,6.404909196574215e-08,-0.00045229265851987055
2022-04-18 12:43:00+00:00,436.81,436.83,436.86,100,600,436.8342857142857,5.184027828775343e-08,-1.1445969301915326e-05
2022-04-18 12:44:00+00:00,436.79,436.81,436.84,200,100,436.83,5.124816468156551e-08,-0.00017169150470430772
2022-04-18 12:45:00+00:00,436.74,436.74,436.77,100,100,436.755,4.5216984469901145e-08,9.540054874390691e-05
2022-04-18 12:46:00+00:00,436.75,436.76,436.8,1100,100,436.7966666666667,2.3022446217013612e-08,-9.47180969473882e-05
2022-04-18 12:47:00+00:00,436.75,436.74,436.77,104,100,436.75529411764705,3.2220803666978884e-08,1.5907845495322093e-05
2022-04-18 12:48:00+00:00,436.77,436.76,436.78,101,800,436.76224195338517,1.4098215813731047e-08,6.654791067317589e-06
2022-04-18 12:49:00+00:00,436.74,436.75,436.78,204,200,436.7651485148515,2.954050975996208e-08,7.216269870058412e-05
2022-04-18 12:50:00+00:00,436.79,436.79,436.81,50,100,436.7966666666667,2.6712999834588298e-08,0.00016352819716702882
2022-04-18 12:51:00+00:00,436.8,436.8,436.82,200,200,436.81,2.5164969441219102e-08,-0.00023717108345511217
2022-04-18 12:52:00+00:00,436.77,436.75,436.77,105,40,436.76448275862066,3.425537572971134e-08,-7.895046411021678e-05
2022-04-18 12:53:00+00:00,436.73,436.71,436.74,200,100,436.73,1.1511912427604962e-08,-5.9468932767758886e-05
2022-04-18 12:54:00+00:00,436.71,436.7,436.71,315,467,436.70402813299233,3.3957075830943184e-08,-0.00022676258200704513
2022-04-18 12:55:00+00:00,436.6,436.59,436.62,100,100,436.605,5.121361912990127e-08,0.00016030893034324478
2022-04-18 12:56:00+00:00,436.66,436.67,436.7,1100,301,436.6935546038544,5.969988081305415e-08,0.00031680690544799717
2022-04-18 12:57:00+00:00,436.8,436.81,436.82,50,100,436.81333333333333,3.105378896186952e-08,-0.000401391898904202
2022-04-18 12:58:00+00:00,436.64,436.62,436.65,300,200,436.638,3.102507139241863e-08,-6.401240559961163e-05
2022-04-18 12:59:00+00:00,436.62,436.6,436.63,101,400,436.6060479041916,3.04987479104372e-08,-0.00014517092451993285
2022-04-18 13:00:00+00:00,436.54,436.54,436.57,100,200,436.55,4.6468319660688196e-08,-0.0002210930017456647
2022-04-18 13:01:00+00:00,436.49,436.45,436.48,2,400,436.4501492537313,2.8249663683295768e-08,-7.557392310841848e-06
2022-04-18 13:02:00+00:00,436.44,436.45,436.48,500,300,436.46875,1.2144160522776296e-07,0.0004960111504825893
2022-04-18 13:03:00+00:00,436.7,436.65,436.69,100,200,436.66333333333336,3.671020031360462e-08,0.00039313277200569985
2022-04-18 13:04:00+00:00,436.82,436.81,436.86,100,525,436.818,8.624015784429995e-08,0.0003123114480949596
2022-04-18 13:05:00+00:00,437.0,436.96,436.99,100,1300,436.96214285714285,4.7905307431672845e-08,-5.4760036615753016e-05
2022-04-18 13:06:00+00:00,436.94,436.94,436.95,600,100,436.9485714285714,2.9719617035885677e-08,0.00011557452554367131
2022-04-18 13:07:00+00:00,436.96,436.99,437.0,100,25,436.998,3.172356949288644e-08,-0.00021662951928080876
2022-04-18 13:08:00+00:00,436.93,436.87,436.93,500,1300,436.88666666666666,1.0688193266635606e-07,0.00011825651746000254
2022-04-18 13:09:00+00:00,436.93,436.94,436.97,113,100,436.95591549295773,4.9180892232464904e-08,-8.173447085924046e-05
2022-04-18 13:10:00+00:00,436.93,436.91,436.95,300,200,436.934,1.239526778881502e-08,9.734628093371889e-05
2022-04-18 13:11:00+00:00,436.97,436.96,436.97,20,90,436.9618181818182,7.530702742681237e-09,5.221500729324369e-05
2022-04-18 13:12:00+00:00,436.98,436.96,437.0,173,310,436.9743271221532,3.607369616313129e-08,2.1253429892675868e-05
2022-04-18 13:13:00+00:00,436.99,436.99,437.0,100,155,436.99392156862746,5.414732508095658e-08,3.6689715148030544e-05
2022-04-18 13:14:00+00:00,437.0,437.0,437.01,1100,5,437.0099547511312,5.660796652169575e-08,0.0002733491981574687
2022-04-18 13:15:00+00:00,437.13,437.12,437.13,1598,199,437.12889259877574,9.414187307726034e-08,0.0002787579441705379
2022-04-18 13:16:00+00:00,437.25,437.25,437.28,11,350,437.2509141274238,6.487197358800845e-08,-0.0003573788815498524
2022-04-18 13:17:00+00:00,437.11,437.08,437.1,100,4,437.09923076923076,4.444762741259835e-08,-2.2878321647157307e-06
2022-04-18 13:18:00+00:00,437.06,437.07,437.1,1000,250,437.094,4.328700882985738e-08,6.179217973478757e-05
2022-04-18 13:19:00+00:00,437.12,437.12,437.13,101,900,437.121008991009,6.166106934784543e-08,-0.00012417868300274026
2022-04-18 13:20:00+00:00,437.07,437.04,437.07,300,98,437.0626130653267,3.452247597685248e-08,-5.625354347083e-05
2022-04-18 13:21:00+00:00,437.04,437.04,437.08,100,1768,437.0421413276232,2.0588878130322174e-08,0.00012228858387230979
2022-04-18 13:22:00+00:00,437.13,437.09,437.11,100,258,437.0955865921787,3.159150080866702e-08,-0.00011192042887786524
2022-04-18 13:23:00+00:00,437.06,437.05,437.09,1800,100,437.0878947368421,3.280403709363052e-08,0.0001969706749778144
2022-04-18 13:24:00+00:00,437.14,437.13,437.16,101,1000,437.1327520435968,7.635268311750317e-08,-0.0001614084538751337
2022-04-18 13:25:00+00:00,437.13,437.06,437.15,5,200,437.0621951219512,9.142251496745305e-08,-0.00023052314448757105
2022-04-18 13:26:00+00:00,436.95,436.93,437.0,1001,500,436.97668221185876,5.402591388482244e-08,-0.0001861848265247712
2022-04-18 13:27:00+00:00,436.87,436.88,436.89,1,400,436.8800249376559,8.373409073424046e-08,-5.932958314203152e-05
2022-04-18 13:28:00+00:00,436.85,436.84,436.9,20,100,436.85,8.228194411257762e-08,0.00021937145309736117
2022-04-18 13:29:00+00:00,436.91,436.93,436.97,200,200,436.95,1.3439022405812813e-07,-0.000273301202070253
2022-04-18 13:30:00+00:00,436.8,436.81,436.84,1600,600,436.83181818181816,1.0814337661568076e-06,0.0022077642960551813
2022-04-18 13:31:00+00:00,437.86,437.84,437.86,100,100,437.85,9.269666780146001e-07,0.0013590835893511066
2022-04-18 13:32:00+00:00,438.4,438.4,438.42,300,108,438.41470588235296,3.736935688204322e-07,0.00013686443577642926
2022-04-18 13:33:00+00:00,438.42,438.45,438.46,500,100,438.4583333333333,2.7769120445969264e-07,0.00030742768084546235
2022-04-18 13:34:00+00:00,438.61,438.61,438.62,100,100,438.615,4.08785927749321e-07,-0.00023437125185310492
2022-04-18 13:35:00+00:00,438.46,438.45,438.47,262,110,438.4640860215054,3.0900986856841314e-07,0.0005256772227821838
2022-04-18 13:36:00+00:00,438.72,438.72,438.74,200,100,438.73333333333335,3.2412678357398304e-07,0.0005116954257906592
2022-04-18 13:37:00+00:00,438.93,438.92,438.93,200,100,438.9266666666667,2.8166790484447546e-07,-4.621963997719636e-05
2022-04-18 13:38:00+00:00,438.93,438.91,438.92,200,100,438.9166666666667,4.006461377132598e-07,0.0002011778774864137
2022-04-18 13:39:00+00:00,439.0,439.0,439.01,200,200,439.005,1.8941229188512738e-07,-0.0005922483798589395
2022-04-18 13:40:00+00:00,438.67,438.66,438.67,2,100,438.66019607843134,3.719240253438878e-07,-0.0006609761934609493
2022-04-18 13:41:00+00:00,438.46,438.45,438.47,109,100,438.4604306220096,3.9767181689190215e-07,0.0004105324377643438
2022-04-18 13:42:00+00:00,438.64,438.64,438.65,100,100,438.645,2.90068856986223e-07,0.00027357598002897277
2022-04-18 13:43:00+00:00,438.77,438.76,438.77,200,100,438.76666666666665,3.43389692475295e-07,0.0010748610501669642
2022-04-18 13:44:00+00:00,439.19,439.18,439.2,110,100,439.1904761904762,5.580231806699379e-07,-0.00040284177700378176
2022-04-18 13:45:00+00:00,439.09,439.08,439.09,100,103,439.08492610837436,8.396702373525768e-07,-0.00045398889652747965
2022-04-18 13:46:00+00:00,438.85,438.85,438.87,100,524,438.85320512820516,4.5419845849056e-07,-0.0006388012948194133
2022-04-18 13:47:00+00:00,438.56,438.55,438.57,100,600,438.55285714285714,3.913046413569964e-07,0.00037247299570775105
2022-04-18 13:48:00+00:00,438.72,438.74,438.76,100,100,438.75,3.342951491464398e-07,0.0005469788166490019
2022-04-18 13:49:00+00:00,438.95,438.97,438.99,100,108,438.97961538461544,3.7864722866504333e-07,-0.0002809586003705844
2022-04-18 13:50:00+00:00,438.89,438.88,438.9,600,100,438.89714285714285,3.5060002449065623e-07,-0.0003418024381908191
2022-04-18 13:51:00+00:00,438.72,438.68,438.7,100,100,438.69,4.490786432372715e-07,-0.0001287269020047166
2022-04-18 13:52:00+00:00,438.58,438.52,438.53,100,100,438.525,4.323275784652025e-07,-0.0012109174365213526
2022-04-18 13:53:00+00:00,438.12,438.11,438.13,100,100,438.12,2.2910970549051319e-07,-0.00042766748117184505
2022-04-18 13:54:00+00:00,437.95,437.96,437.97,100,100,437.965,1.4008551889888113e-07,0.0
2022-04-18 13:55:00+00:00,437.95,437.94,437.95,100,100,437.945,4.297319950797697e-07,-0.0007763886510248064
2022-04-18 13:56:00+00:00,437.56,437.56,437.57,100,100,437.565,2.461118714115532e-07,0.00014952665655720843
2022-04-18 13:57:00+00:00,437.65,437.63,437.65,709,100,437.6475278121137,3.6464457174026034e-07,0.00039887857014631045
2022-04-18 13:58:00+00:00,437.77,437.75,437.77,100,100,437.76,3.0432367823817795e-07,-0.00034260263804031243
2022-04-18 13:59:00+00:00,437.66,437.67,437.69,100,100,437.68,1.3634252439352736e-07,0.00022848003655662197
2022-04-18 14:00:00+00:00,437.76,437.76,437.79,100,200,437.77,6.353232615015521e-07,-0.0011764034035748328
2022-04-18 14:01:00+00:00,437.28,437.26,437.27,200,100,437.26666666666665,5.272754048017293e-07,0.001520891176009398
2022-04-18 14:02:00+00:00,437.95,437.94,437.96,109,100,437.95043062200955,4.5669974886768953e-07,0.00015978790980963886
2022-04-18 14:03:00+00:00,438.0,438.0,438.02,2180,210,438.0182426778243,2.3661594040349513e-07,0.0003091008239468618
2022-04-18 14:04:00+00:00,438.11,438.09,438.1,100,100,438.095,4.506642001818265e-07,8.036442919312492e-05
2022-04-18 14:05:00+00:00,438.2,438.19,438.21,107,100,438.2003381642512,2.7128933304161103e-07,-0.0003094599742479165
2022-04-18 14:06:00+00:00,437.98,437.95,437.97,109,100,437.9604306220096,2.4692761812803924e-07,6.504127226580891e-06
2022-04-18 14:07:00+00:00,438.06,438.04,438.06,100,107,438.0496618357488,2.688901936364196e-07,-0.00028806592124208663
2022-04-18 14:08:00+00:00,437.89,437.86,437.88,100,100,437.87,2.2045376387463387e-07,-4.947781871333934e-05
2022-04-18 14:09:00+00:00,437.85,437.84,437.85,100,100,437.845,2.806489550183521e-07,-0.0013805538201212553
2022-04-18 14:10:00+00:00,437.31,437.31,437.33,100,308,437.3149019607843,3.0531590947160933e-07,0.00022251527932204418
2022-04-18 14:11:00+00:00,437.36,437.35,437.37,109,100,437.3604306220096,2.547149044436714e-07,0.000812037611616967
2022-04-18 14:12:00+00:00,437.72,437.71,437.72,500,1000,437.7133333333333,3.717215824873673e-07,0.0008728038877570121
2022-04-18 14:13:00+00:00,438.14,438.15,438.16,109,100,438.1552153110048,2.1430058890480313e-07,0.00040524437852562656
2022-04-18 14:14:00+00:00,438.31,438.3,438.32,100,108,438.30961538461537,1.6923792385367782e-07,-3.923417718232347e-05
2022-04-18 14:15:00+00:00,438.28,438.28,438.29,100,200,438.28333333333336,1.20574671590247e-07,-2.7412585068997686e-05
2022-04-18 14:16:00+00:00,438.27,438.26,438.28,600,116,438.27675977653627,4.7546895614324553e-07,0.00038789464477217983
2022-04-18 14:17:00+00:00,438.39,438.39,438.41,600,100,438.40714285714284,2.545954698245178e-07,-0.0004751767657568129
2022-04-18 14:18:00+00:00,438.23,438.23,438.24,8,108,438.23068965517245,1.4819479421649247e-07,3.991959743498974e-05
2022-04-18 14:19:00+00:00,438.28,438.28,438.29,100,100,438.285,1.9186425598208224e-07,0.0003441920167330803
2022-04-18 14:20:00+00:00,438.42,438.39,438.4,100,286,438.39259067357506,1.4847159241697366e-07,2.6612326829766886e-05
2022-04-18 14:21:00+00:00,438.42,438.44,438.46,100,107,438.4496618357488,1.5893928857147e-07,-1.0633628149236962e-05
2022-04-18 14:22:00+00:00,438.4,438.39,438.4,100,100,438.395,2.0491162281725366e-07,0.0007164827506942473
2022-04-18 14:23:00+00:00,438.72,438.73,438.75,100,3305,438.7305873715125,1.4525685550029897e-07,0.0002237065045307407
2022-04-18 14:24:00+00:00,438.83,438.81,438.83,111,200,438.8171382636656,2.2045801216343696e-07,0.0011448792015993359
2022-04-18 14:25:00+00:00,439.3,439.29,439.31,200,100,439.30333333333334,1.6329684462498345e-07,0.0001471552776295404
2022-04-18 14:26:00+00:00,439.4,439.37,439.39,2,100,439.37039215686275,3.7106221154343047e-07,-0.0006127685769908853
2022-04-18 14:27:00+00:00,439.12,439.09,439.11,500,100,439.1066666666667,1.744215939757399e-07,-0.0005235777448302503
2022-04-18 14:28:00+00:00,438.869,438.87,438.89,109,200,438.87705501618126,1.5993126185231684e-07,-0.0002895352416717456
2022-04-18 14:29:00+00:00,438.74,438.75,438.76,100,46,438.7568493150685,1.2715537551238472e-07,-6.138376028930193e-05
2022-04-18 14:30:00+00:00,438.74,438.75,438.77,100,208,438.7564935064935,1.5520951965083473e-07,4.984685144182599e-05
2022-04-18 14:31:00+00:00,438.73,438.71,438.73,600,100,438.72714285714284,1.3944359051793188e-07,0.00015204132623303224
2022-04-18 14:32:00+00:00,438.84,438.82,438.83,100,100,438.825,1.8348704554236048e-07,-4.5661688552356416e-05
2022-04-18 14:33:00+00:00,438.8,438.8,438.81,100,100,438.805,1.3338928162193057e-07,0.00015801309333252078
2022-04-18 14:34:00+00:00,438.87,438.86,438.88,200,500,438.86571428571426,1.0095838221530944e-07,0.0005331613479322428
2022-04-18 14:35:00+00:00,439.13,439.12,439.13,510,246,439.12674603174605,1.201780773742528e-07,-0.0004294103801346649
2022-04-18 14:36:00+00:00,438.97,438.95,438.96,2,100,438.95019607843136,1.292741679900359e-07,-0.00023376290585896964
2022-04-18 14:37:00+00:00,438.79,438.79,438.81,600,100,438.8071428571429,1.0221899834710593e-07,0.0002786071936629053
2022-04-18 14:38:00+00:00,438.93,438.92,438.94,111,100,438.9305213270142,1.612415156359983e-07,0.00019164508644453626
2022-04-18 14:39:00+00:00,439.02,439.01,439.02,100,100,439.015,1.0254561649246942e-07,0.00032219362608088
2022-04-18 14:40:00+00:00,439.18,439.17,439.19,100,300,439.175,2.1628519971616465e-07,-7.801177092192635e-05
2022-04-18 14:41:00+00:00,439.16,439.15,439.17,108,100,439.1603846153846,1.1657722758216245e-07,0.0003738681618550288
2022-04-18 14:42:00+00:00,439.28,439.27,439.29,100,200,439.27666666666664,9.90053988343941e-08,0.00022783845266527436
2022-04-18 14:43:00+00:00,439.38,439.37,439.38,100,100,439.375,1.2915215682421266e-07,-0.00033000671392968695
2022-04-18 14:44:00+00:00,439.24,439.23,439.25,100,107,439.2396618357488,1.4285411740937832e-07,-7.588865616359186e-06
2022-04-18 14:45:00+00:00,439.25,439.24,439.25,100,200,439.24333333333334,1.895377878128162e-07,-0.0004705132388765909
2022-04-18 14:46:00+00:00,438.99,438.98,439.0,107,100,438.9903381642512,1.177602258467158e-07,1.8404209279676564e-05
2022-04-18 14:47:00+00:00,439.05,439.06,439.07,100,200,439.06333333333333,8.426192910501035e-08,0.00033843685419410185
2022-04-18 14:48:00+00:00,439.18,439.17,439.19,200,201,439.1799750623441,1.5572111495943802e-07,-0.00022097957296352
2022-04-18 14:49:00+00:00,439.1,439.08,439.09,200,100,439.08666666666664,6.291709480024627e-08,9.573442426891177e-05
2022-04-18 14:50:00+00:00,439.14,439.13,439.15,109,100,439.1404306220096,8.095284342919595e-08,-0.0004004972740515589
2022-04-18 14:51:00+00:00,438.97,438.96,438.98,100,600,438.96285714285716,1.6203893003398674e-07,-0.0006052576337187698
2022-04-18 14:52:00+00:00,438.68,438.68,438.7,100,221,438.68623052959504,1.198998758309626e-07,-1.162326187087448e-05
2022-04-18 14:53:00+00:00,438.68,438.7,438.71,101,200,438.70335548172756,1.1149017626692648e-07,-0.00037021417966753845
2022-04-18 14:54:00+00:00,438.53,438.52,438.54,209,200,438.5302200488997,9.239250642010385e-08,9.6705182637713e-05
2022-04-18 14:55:00+00:00,438.57,438.56,438.58,100,700,438.5625,2.1519520397739077e-07,-0.0001384385113137876
2022-04-18 14:56:00+00:00,438.47,438.49,438.5,200,100,438.49666666666667,1.0642173901662074e-07,-0.0004984476450791142
2022-04-18 14:57:00+00:00,438.28,438.28,438.29,100,100,438.285,9.828952096766462e-08,0.00020018036330937683
2022-04-18 14:58:00+00:00,438.38,438.38,438.39,100,100,438.385,7.111943593777387e-08,0.00021454200901960263
2022-04-18 14:59:00+00:00,438.47,438.47,438.48,200,217,438.4747961630695,7.01498062658134e-08,0.0003342104124945955
2022-04-18 15:00:00+00:00,438.59,438.57,438.58,2,600,438.5700332225913,2.0980405252131418e-07,-0.00015740582307133266
2022-04-18 15:01:00+00:00,438.53,438.54,438.55,100,100,438.545,2.79948143297141e-07,-9.121070813722376e-05
2022-04-18 15:02:00+00:00,438.53,438.52,438.54,200,50,438.536,1.4068029873907787e-07,0.00013682854243390885
2022-04-18 15:03:00+00:00,438.58,438.58,438.6,108,100,438.5903846153846,8.822558398739554e-08,0.00037622701309958373
2022-04-18 15:04:00+00:00,438.73,438.72,438.74,100,200,438.7266666666667,1.243417104616171e-07,0.00030770633419185955
2022-04-18 15:05:00+00:00,438.88,438.87,438.88,201,200,438.87501246882795,1.0490335614460438e-07,-1.8988375316664197e-05
2022-04-18 15:06:00+00:00,438.88,438.86,438.88,200,100,438.87333333333333,9.239844387004185e-08,8.82719613966021e-05
2022-04-18 15:07:00+00:00,438.88,438.86,438.88,101,600,438.86288159771755,1.2132091587499225e-07,-0.0005249665468530784
2022-04-18 15:08:00+00:00,438.67,438.68,438.69,100,23,438.6881300813008,1.291776373495426e-07,0.00027738192211312906
2022-04-18 15:09:00+00:00,438.78,438.8,438.82,100,200,438.8066666666667,1.5367891882050925e-07,-0.0003112645344338638
2022-04-18 15:10:00+00:00,438.59,438.57,438.59,108,100,438.5803846153846,2.093971242148024e-07,1.1130200399556145e-05
2022-04-18 15:11:00+00:00,438.65,438.64,438.65,700,100,438.64875,1.0316778095644174e-07,5.0521673480741214e-05
2022-04-18 15:12:00+00:00,438.68,438.67,438.69,100,133,438.6785836909871,1.283765729003955e-07,-8.798235610019134e-05
2022-04-18 15:13:00+00:00,438.64,438.63,438.65,200,100,438.6433333333333,1.1003015624390405e-07,-7.15946001972334e-05
2022-04-18 15:14:00+00:00,438.61,438.6,438.61,100,100,438.605,9.488159738730025e-08,-0.00022082892272612398
2022-04-18 15:15:00+00:00,438.5,438.49,438.51,536,100,438.5068553459119,1.9937395469766924e-07,-0.00047747254784580306
2022-04-18 15:16:00+00:00,438.3,438.29,438.31,809,207,438.30592519685035,1.0465892542168679e-07,-6.89050049427209e-05
2022-04-18 15:17:00+00:00,438.27,438.25,438.27,201,300,438.2580239520958,1.3914116252450964e-07,-0.0004895470186551121
2022-04-18 15:18:00+00:00,438.08,438.05,438.07,104,380,438.0542975206612,1.4372928929642833e-07,-3.941265774576319e-05
2022-04-18 15:19:00+00:00,438.05,438.06,438.08,126,100,438.0711504424778,6.62828813527323e-08,0.00010909728151320408
2022-04-18 15:20:00+00:00,438.08,438.07,438.08,200,100,438.07666666666665,1.2252689362905416e-07,-0.0002639347247930246
2022-04-18 15:21:00+00:00,437.97,437.98,438.0,200,109,437.9929449838188,1.1932795894294315e-07,-6.967250754552623e-06
2022-04-18 15:22:00+00:00,437.97,437.96,437.97,200,100,437.96666666666664,9.998548124384959e-08,-0.00040630879141001497
2022-04-18 15:23:00+00:00,437.77,437.78,437.8,137,200,437.78813056379823,1.1946968633382833e-07,-0.00017142863636676609
2022-04-18 15:24:00+00:00,437.69,437.69,437.7,100,107,437.6948309178744,2.0446579366007222e-07,-0.0006625315559209977
2022-04-18 15:25:00+00:00,437.43,437.38,437.4,212,200,437.3902912621359,1.3010260061569971e-07,4.1101270856103156e-05
2022-04-18 15:26:00+00:00,437.46,437.45,437.46,100,525,437.4516,1.0384919842926535e-07,-0.0002049304582107947
2022-04-18 15:27:00+00:00,437.34,437.33,437.34,88,85,437.33508670520234,1.4066217022601385e-07,-0.0005182689816014552
2022-04-18 15:28:00+00:00,437.11,437.11,437.13,111,100,437.12052132701416,1.2341227863974132e-07,0.0002745199713278801
2022-04-18 15:29:00+00:00,437.26,437.24,437.25,201,48,437.24807228915665,6.94445790408189e-08,0.00018296308719722987
2022-04-18 15:30:00+00:00,437.33,437.32,437.33,200,214,437.32483091787435,1.216496059440898e-07,9.858370806004046e-05
2022-04-18 15:31:00+00:00,437.36,437.35,437.37,200,511,437.35562587904354,1.3426754570157125e-07,-0.0001252485965225203
2022-04-18 15:32:00+00:00,437.32,437.31,437.33,200,109,437.3229449838188,1.3417605714575848e-07,-0.00041446097206809807
2022-04-18 15:33:00+00:00,437.14,437.12,437.14,115,500,437.1237398373983,9.363477709332682e-08,-0.0004127264633918548
2022-04-18 15:34:00+00:00,436.95,436.94,436.96,200,100,436.9533333333333,7.128288366225052e-08,0.0003736408121226553
2022-04-18 15:35:00+00:00,437.11,437.1,437.12,595,117,437.11671348314604,1.1239566697430876e-07,-0.0001676065352828049
2022-04-18 15:36:00+00:00,437.1,437.1,437.11,100,100,437.105,1.0804134151853913e-07,-0.00011440513145155595
2022-04-18 15:37:00+00:00,436.99,436.98,437.0,200,208,436.98980392156864,7.342293903558085e-08,-7.954790636455211e-05
2022-04-18 15:38:00+00:00,436.96,436.95,436.96,200,100,436.95666666666665,1.3683196322070864e-07,-5.8098677667706156e-05
2022-04-18 15:39:00+00:00,436.94,436.93,436.94,100,300,436.9325,8.570911582969639e-08,-0.0003407820790444216
2022-04-18 15:40:00+00:00,436.82,436.8,436.82,100,108,436.80961538461537,1.2097469723984653e-07,-0.0003646782164454798
2022-04-18 15:41:00+00:00,436.63,436.63,436.64,100,109,436.6347846889952,7.966520178972572e-08,0.0003624559495911672
2022-04-18 15:42:00+00:00,436.79,436.78,436.8,100,202,436.7866225165563,1.1943252369512487e-07,0.0002644164332581411
2022-04-18 15:43:00+00:00,436.9,436.89,436.9,100,100,436.895,8.377472066815115e-08,0.00011221771126090907
2022-04-18 15:44:00+00:00,436.96,436.97,436.98,51,200,436.97203187250994,6.17733980580556e-08,-0.00010882253478972093
2022-04-18 15:45:00+00:00,436.9,436.89,436.91,200,600,436.895,1.2594704035647228e-07,-8.063171124783608e-05
2022-04-18 15:46:00+00:00,436.84,436.86,436.87,100,100,436.865,7.651154177953742e-08,-0.00011394936148445556
2022-04-18 15:47:00+00:00,436.82,436.81,436.83,101,101,436.82,1.0351075146365644e-07,-0.0004063622752866758
2022-04-18 15:48:00+00:00,436.63,436.62,436.65,202,195,436.63526448362717,1.9857584339557244e-07,-0.0006414635243506828
2022-04-18 15:49:00+00:00,436.35,436.35,436.38,500,111,436.3745499181669,1.1264477928697391e-07,-0.0001716478440207947
2022-04-18 15:50:00+00:00,436.29,436.28,436.3,133,200,436.28798798798795,1.0066235488693067e-07,0.00019485524637774532
2022-04-18 15:51:00+00:00,436.38,436.34,436.38,500,121,436.3722061191627,1.1630213038123598e-07,9.370124384155964e-05
2022-04-18 15:52:00+00:00,436.42,436.4,436.43,144,209,436.4122379603399,1.106478194654356e-07,0.0005840901044353863
2022-04-18 15:53:00+00:00,436.68,436.68,436.7,200,109,436.69294498381873,9.984984937174875e-08,-0.00011013760229605651
2022-04-18 15:54:00+00:00,436.63,436.61,436.63,111,100,436.62052132701416,7.663553829379767e-08,0.0002737297695414309
2022-04-18 15:55:00+00:00,436.749,436.73,436.75,101,103,436.7399019607843,1.3233371807053684e-07,-0.00011104988822185913
2022-04-18 15:56:00+00:00,436.69,436.68,436.7,100,208,436.6864935064935,9.601440897606652e-08,0.0004084705656957066
2022-04-18 15:57:00+00:00,436.89,436.86,436.89,15,1600,436.8602786377709,8.627618120258632e-08,0.0002947238058714774
2022-04-18 15:58:00+00:00,437.01,437.01,437.03,100,220,437.01625,9.413317560381904e-08,0.00011447975658218645
2022-04-18 15:59:00+00:00,437.08,437.08,437.09,1,711,437.0800140449439,6.714425254414706e-08,0.0002565512913732526
2022-04-18 16:00:00+00:00,437.16,437.17,437.18,200,102,437.1766225165563,1.228938404645754e-07,-0.00016179739636290602
2022-04-18 16:01:00+00:00,437.05,437.04,437.07,210,698,437.0469383259912,1.101595350505412e-07,-7.128634496811337e-05
2022-04-18 16:02:00+00:00,437.06,437.03,437.06,422,109,437.0538418079096,1.0818950156673657e-07,-0.0003281204975692509
2022-04-18 16:03:00+00:00,436.93,436.91,436.92,8,8,436.915,1.260881939741459e-07,-0.00015154165792596874
2022-04-18 16:04:00+00:00,436.85,436.84,436.86,100,210,436.8464516129032,1.089956698565096e-07,6.995944085219641e-05
2022-04-18 16:05:00+00:00,436.88,436.87,436.89,101,500,436.87336106489187,7.810671050731193e-08,-0.00011390415685996746
2022-04-18 16:06:00+00:00,436.82,436.81,436.83,100,200,436.81666666666666,9.692100778823344e-08,0.00038402768294609757
2022-04-18 16:07:00+00:00,436.99,436.99,437.01,108,520,436.9934394904459,1.3765968683182603e-07,5.085260753112664e-05
2022-04-18 16:08:00+00:00,437.02,437.01,437.02,200,98,437.01671140939595,1.2131441853183902e-07,-0.00035181858746269334
2022-04-18 16:09:00+00:00,436.84,436.82,436.84,500,100,436.83666666666664,1.0784617371324874e-07,-0.00043205937812051953
2022-04-18 16:10:00+00:00,436.66,436.64,436.66,507,20,436.6592409867173,1.8587689123997898e-07,-0.0007723235954806285
2022-04-18 16:11:00+00:00,436.365,436.35,436.37,109,200,436.3570550161813,1.4355535163695172e-07,-0.00017087290106176933
2022-04-18 16:12:00+00:00,436.27,436.26,436.28,102,9,436.2783783783783,1.2782530189000793e-07,0.00036258958924140217
2022-04-18 16:13:00+00:00,436.41,436.41,436.44,108,500,436.41532894736844,1.2423392402486152e-07,-0.00017000867946137532
2022-04-18 16:14:00+00:00,436.33,436.33,436.35,479,743,436.3378396072014,1.62805919811939e-07,-0.00024562747857204137
2022-04-18 16:15:00+00:00,436.23,436.21,436.23,200,344,436.21735294117644,1.4781708993168114e-07,-0.0004680172306751329
2022-04-18 16:16:00+00:00,436.05,436.03,436.06,324,222,436.0478021978021,1.465109799049844e-07,0.0002522198804546516
2022-04-18 16:17:00+00:00,436.14,436.11,436.14,112,500,436.11549019607844,9.293483806387242e-08,-0.0002949987272129473
2022-04-18 16:18:00+00:00,436.04,436.03,436.06,500,211,436.0510970464134,1.31709577534297e-07,-2.7441648010384512e-05
2022-04-18 16:19:00+00:00,436.0,435.98,436.01,620,200,436.00268292682927,7.396660483388085e-08,2.0636903835580256e-05
2022-04-18 16:20:00+00:00,436.02,436.0,436.02,911,100,436.018021760633,9.452030356702494e-08,0.00016051403551808896
2022-04-18 16:21:00+00:00,436.1,436.09,436.1,100,997,436.09091157702824,8.917561342555996e-08,-0.0003129502382318572
2022-04-18 16:22:00+00:00,435.95,435.94,435.96,100,285,435.9451948051948,6.773832153140791e-08,4.81521019146669e-06
2022-04-18 16:23:00+00:00,435.931,435.93,435.95,703,300,435.94401794616147,7.188574742007131e-08,0.00017818931901247836
2022-04-18 16:24:00+00:00,436.06,436.04,436.06,100,200,436.0466666666667,9.289803707046072e-08,0.00027869592121598785
2022-04-18 16:25:00+00:00,436.16,436.16,436.17,108,100,436.16519230769234,1.1179783257414183e-07,-0.00029111708762996624
2022-04-18 16:26:00+00:00,436.015,436.0,436.03,602,110,436.02536516853934,1.4726998997141424e-07,-0.0003508198959918385
2022-04-18 16:27:00+00:00,435.85,435.84,435.86,100,109,435.8495693779904,1.0856834669970609e-07,0.0002487929209284978
2022-04-18 16:28:00+00:00,435.99,435.96,435.98,100,213,435.96638977635774,8.102477239076301e-08,0.0002073739000301167
2022-04-18 16:29:00+00:00,436.08,436.06,436.08,100,100,436.07,7.993580276046376e-08,-0.0003324712549674924
2022-04-18 16:30:00+00:00,435.92,435.91,435.92,101,121,435.9145495495495,1.8264059146969065e-07,0.00018351973062125104
2022-04-18 16:31:00+00:00,436.009,435.99,436.01,11,300,435.99070739549836,6.557161575217023e-08,5.252910253106258e-05
2022-04-18 16:32:00+00:00,436.04,436.03,436.06,500,310,436.0485185185185,2.0308151054080083e-07,-0.0001567194416201012
2022-04-18 16:33:00+00:00,435.94,435.92,435.94,100,300,435.925,8.728689145159476e-08,-0.00040164468787129426
2022-04-18 16:34:00+00:00,435.79,435.77,435.79,100,101,435.77995024875617,1.283952385669971e-07,0.0004279426055102675
2022-04-18 16:35:00+00:00,435.92,435.94,435.96,100,109,435.9495693779904,8.913805155918545e-08,0.00024530229734098796
2022-04-18 16:36:00+00:00,436.09,436.07,436.09,100,600,436.0728571428571,6.626287350175494e-08,-0.00011657060739023173
2022-04-18 16:37:00+00:00,436.03,436.02,436.04,200,100,436.03333333333336,9.071040947328119e-08,2.8668245331431308e-05
2022-04-18 16:38:00+00:00,436.03,436.02,436.04,106,100,436.03029126213596,1.507888857703565e-07,-0.00022933938789326813
2022-04-18 16:39:00+00:00,435.94,435.92,435.94,602,100,435.937150997151,1.0895002266033719e-07,4.358447933761056e-05
2022-04-18 16:40:00+00:00,435.96,435.95,435.96,300,100,435.9575,1.7875094261419385e-07,-0.0004738133368710207
2022-04-18 16:41:00+00:00,435.74,435.74,435.76,200,100,435.75333333333333,1.4706243078050152e-07,0.00024301726934927714
2022-04-18 16:42:00+00:00,435.86,435.86,435.88,100,100,435.87,1.3700205154373686e-07,0.0006872123868666424
2022-04-18 16:43:00+00:00,436.16,436.15,436.18,709,111,436.1759390243903,1.4385721336522303e-07,4.039649707787696e-05
2022-04-18 16:44:00+00:00,436.16,436.17,436.19,209,500,436.1758956276446,7.246276857572801e-08,0.0001266433613766882
2022-04-18 16:45:00+00:00,436.21,436.22,436.24,200,510,436.2256338028169,1.1535451898442818e-07,0.00031952209357877237
2022-04-18 16:46:00+00:00,436.37,436.37,436.38,200,116,436.376329113924,1.1284296896706343e-07,1.2324888687631486e-05
2022-04-18 16:47:00+00:00,436.38,436.36,436.38,100,100,436.37,8.124775008681354e-08,-0.00015400353132533073
2022-04-18 16:48:00+00:00,436.31,436.3,436.31,137,100,436.3057805907173,8.901040911027588e-08,-0.00042184143321277734
2022-04-18 16:49:00+00:00,436.13,436.1,436.11,2,100,436.1001960784314,9.366132296129676e-08,0.0001175215167537047
2022-04-18 16:50:00+00:00,436.17,436.16,436.18,100,200,436.1666666666667,7.510420846636853e-08,0.0005982807071938101
2022-04-18 16:51:00+00:00,436.439,436.43,436.44,100,500,436.4316666666667,5.0653665149460843e-08,-6.05560683727413e-05
2022-04-18 16:52:00+00:00,436.43,436.43,436.44,100,400,436.432,4.927820211962757e-08,-7.638164854495422e-06
2022-04-18 16:53:00+00:00,436.4,436.4,436.42,40,602,436.401246105919,7.660005013241013e-08,0.00040869072456950484
2022-04-18 16:54:00+00:00,436.56,436.55,436.57,102,700,436.5525436408978,7.792334452362581e-08,7.52145341846866e-05
2022-04-18 16:55:00+00:00,436.6,436.59,436.61,100,102,436.599900990099,7.458695712698948e-08,-3.708199592744599e-05
2022-04-18 16:56:00+00:00,436.58,436.57,436.6,210,100,436.59032258064514,6.218473276624783e-08,-3.817405843653532e-06
2022-04-18 16:57:00+00:00,436.58,436.59,436.61,109,100,436.6004306220095,4.5615126361211426e-08,5.80358553148308e-05
2022-04-18 16:58:00+00:00,436.63,436.63,436.65,600,1,436.6499667221298,9.490252725543792e-08,2.1142427258480367e-05
2022-04-18 16:59:00+00:00,436.61,436.61,436.63,100,109,436.6195693779904,8.515600315938718e-08,-0.00013620325387975196
2022-04-18 17:00:00+00:00,436.56,436.55,436.57,100,600,436.55285714285714,2.3909318361727665e-07,-7.569000670148984e-05
2022-04-18 17:01:00+00:00,436.54,436.52,436.54,208,100,436.53350649350654,1.3168532380876086e-07,0.00017437142189580257
2022-04-18 17:02:00+00:00,436.6,436.59,436.61,108,100,436.60038461538466,6.195590283051314e-08,-0.00032673114544667925
2022-04-18 17:03:00+00:00,436.48,436.48,436.51,500,100,436.505,8.488992457464572e-08,0.00022880155797011525
2022-04-18 17:04:00+00:00,436.52,436.51,436.53,100,108,436.5196153846154,9.83246108008721e-08,-0.00010484560391044173
2022-04-18 17:05:00+00:00,436.54,436.52,436.55,209,609,436.5276650366748,8.496522553071321e-08,0.000251983580315418
2022-04-18 17:06:00+00:00,436.64,436.64,436.66,100,109,436.6495693779905,9.69983917525023e-08,-0.0002502784130218316
2022-04-18 17:07:00+00:00,436.529,436.54,436.56,100,108,436.54961538461544,1.272498915194718e-07,0.0008115002890580758
2022-04-18 17:08:00+00:00,436.88,436.87,436.88,100,9,436.87917431192665,1.1781665312965613e-07,0.0003820827070049049
2022-04-18 17:09:00+00:00,437.07,437.04,437.05,100,83,437.04546448087433,3.436595131772249e-08,0.00019477362704400925
2022-04-18 17:10:00+00:00,437.13,437.13,437.14,601,3112,437.13161863722064,1.3003999790225717e-07,0.0006594863894247016
2022-04-18 17:11:00+00:00,437.4,437.39,437.4,100,209,437.3932362459547,5.9410995070461524e-08,-2.5900882657636792e-05
2022-04-18 17:12:00+00:00,437.381,437.38,437.4,300,300,437.39,7.375033926836579e-08,-0.00023682153301740616
2022-04-18 17:13:00+00:00,437.3,437.3,437.31,610,614,437.30498366013074,9.94900451058333e-08,-0.0002095798818260164
2022-04-18 17:14:00+00:00,437.2,437.19,437.2,100,205,437.19327868852463,9.673592562532094e-08,-3.8564334933099964e-05
2022-04-18 17:15:00+00:00,437.21,437.17,437.19,500,109,437.186420361248,5.751135181522086e-08,-0.000245801349420649
2022-04-18 17:16:00+00:00,437.08,437.08,437.1,105,111,437.08972222222224,5.3698880359307444e-08,-5.001744634491878e-05
2022-04-18 17:17:00+00:00,437.07,437.09,437.11,100,602,437.092849002849,1.3325360532239102e-07,-0.000526244256572661
2022-04-18 17:18:00+00:00,436.82,436.81,436.83,124,100,436.82107142857143,1.3183712168132785e-07,-0.0004818387606702057
2022-04-18 17:19:00+00:00,436.63,436.62,436.64,500,150,436.6353846153846,1.3879916083901427e-07,-9.14414242872974e-05
2022-04-18 17:20:00+00:00,436.58,436.55,436.57,510,100,436.5667213114753,1.3178979140999788e-07,-0.0001060716864150768
2022-04-18 17:21:00+00:00,436.56,436.54,436.57,110,100,436.55571428571426,1.2775832199226776e-07,0.00013721534671629065
2022-04-18 17:22:00+00:00,436.62,436.61,436.63,109,200,436.61705501618115,9.601792526868278e-08,0.0005570424822589626
2022-04-18 17:23:00+00:00,436.8,436.8,436.81,100,502,436.80166112956806,9.152052302781048e-08,0.0001745532169026287
2022-04-18 17:24:00+00:00,436.91,436.9,436.92,200,109,436.91294498381876,1.2961430861354198e-07,9.794545426689005e-05
2022-04-18 17:25:00+00:00,436.97,436.95,436.97,108,102,436.9602857142857,5.237148240835697e-08,9.709239434596562e-05
2022-04-18 17:26:00+00:00,436.99,436.98,437.01,100,612,436.9842134831461,5.023385007639131e-08,-0.00015612134060616345
2022-04-18 17:27:00+00:00,436.93,436.93,436.94,210,100,436.9367741935484,8.11997996276237e-08,0.00041934169260482435
2022-04-18 17:28:00+00:00,437.12,437.11,437.13,100,209,437.11647249190935,9.681301803428663e-08,-8.94835382682091e-05
2022-04-18 17:29:00+00:00,437.091,437.08,437.1,105,100,437.090243902439,7.836418325604616e-08,0.0004441169836733039
2022-04-18 17:30:00+00:00,437.28,437.26,437.28,100,129,437.26873362445417,8.353698865849016e-08,0.00010313649282722714
2022-04-18 17:31:00+00:00,437.32,437.32,437.34,100,208,437.3264935064935,2.2962731468527046e-07,0.0008085423986561313
2022-04-18 17:32:00+00:00,437.67,437.67,437.69,800,138,437.68705756929637,4.813126409233004e-07,0.0011990296321329197
2022-04-18 17:33:00+00:00,438.22,438.21,438.23,102,100,438.22009900990093,2.6960669855436944e-07,0.0003796904880186691
2022-04-18 17:34:00+00:00,438.35,438.34,438.36,300,602,438.34665188470063,1.3538718065474147e-07,0.0005160474371628254
2022-04-18 17:35:00+00:00,438.6,438.58,438.6,124,200,438.5876543209876,3.2212488183076346e-07,0.0005740785225418765
2022-04-18 17:36:00+00:00,438.83,438.82,438.84,130,500,438.824126984127,1.2050097084497654e-07,3.4441456995271125e-05
2022-04-18 17:37:00+00:00,438.86,438.86,438.88,100,146,438.8681300813008,5.908640945033543e-08,-0.00010655551926586071
2022-04-18 17:38:00+00:00,438.81,438.81,438.82,101,600,438.81144079885877,1.3687888188213075e-07,-0.00017587639421701162
2022-04-18 17:39:00+00:00,438.73,438.7,438.71,501,128,438.70796502384735,1.482729616948925e-07,0.00040108067530075786
2022-04-18 17:40:00+00:00,438.91,438.9,438.92,100,200,438.9066666666667,1.1284442072412652e-07,0.00022240573026621746
2022-04-18 17:41:00+00:00,439.02,439.01,439.03,104,606,439.0129295774648,1.0914766924517931e-07,-0.0003628246069012908
2022-04-18 17:42:00+00:00,438.84,438.85,438.87,100,215,438.8563492063492,1.250610907801008e-07,0.00018609314531592425
2022-04-18 17:43:00+00:00,438.96,438.95,438.97,200,208,438.95980392156855,7.414861527953214e-08,0.000156801567148257
2022-04-18 17:44:00+00:00,438.98,438.97,438.99,1111,100,438.9883484723369,9.431710521533147e-08,0.00019240270593634534
2022-04-18 17:45:00+00:00,439.08,439.08,439.1,100,809,439.08220022002195,8.112133101813922e-08,-0.00018968946366437756
2022-04-18 17:46:00+00:00,438.97,438.95,438.97,1000,166,438.9671526586621,8.35074615264948e-08,-0.0003075170842824493
2022-04-18 17:47:00+00:00,438.86,438.85,438.86,100,100,438.855,7.574566817442969e-08,0.0001492972258307912
2022-04-18 17:48:00+00:00,438.9,438.89,438.91,116,100,438.90074074074073,1.1306361157044011e-07,8.828787570558383e-05
2022-04-18 17:49:00+00:00,438.99,438.98,438.99,100,200,438.98333333333335,2.2402067760320817e-07,0.0006471062557484863
2022-04-18 17:50:00+00:00,439.26,439.25,439.26,110,4,439.259649122807,1.1448551828013101e-07,-0.0004818783389994863
2022-04-18 17:51:00+00:00,439.08,439.07,439.09,109,200,439.07705501618125,8.795689496499918e-08,5.3146056752328974e-05
2022-04-18 17:52:00+00:00,439.08,439.07,439.09,206,300,439.0781422924901,1.6248049593300428e-07,0.00045083298331416444
2022-04-18 17:53:00+00:00,439.26,439.25,439.26,100,100,439.255,5.836901362962877e-08,6.781262717692194e-05
2022-04-18 17:54:00+00:00,439.299,439.3,439.32,400,155,439.3144144144144,8.017040855603153e-08,5.0521095820377226e-05
2022-04-18 17:55:00+00:00,439.3,439.31,439.32,110,104,439.3151401869159,2.8315156253164774e-07,0.0009383171940460233
2022-04-18 17:56:00+00:00,439.7,439.69,439.71,100,107,439.6996618357488,1.255037509672172e-07,-3.140475641283391e-05
2022-04-18 17:57:00+00:00,439.71,439.71,439.73,100,782,439.7122675736961,8.805183113968224e-08,-6.443592037230772e-05
2022-04-18 17:58:00+00:00,439.68,439.65,439.66,100,100,439.655,1.6810107786989306e-07,-0.0005488246428685395
2022-04-18 17:59:00+00:00,439.45,439.44,439.45,200,163,439.4455096418733,7.636533242050165e-07,-0.0007062490840202829
2022-04-18 18:00:00+00:00,439.15,439.14,439.16,600,320,439.1530434782609,3.5203739431461513e-07,0.00016057268979685624
2022-04-18 18:01:00+00:00,439.21,439.2,439.22,100,300,439.205,1.6300794814035336e-07,0.0007463603391941742
2022-04-18 18:02:00+00:00,439.52,439.52,439.53,200,600,439.5225,2.5988656175222677e-07,-0.00046681050909735955
2022-04-18 18:03:00+00:00,439.34,439.31,439.33,500,109,439.3264203612479,1.0710902222577358e-07,-0.0003341721142544607
2022-04-18 18:04:00+00:00,439.16,439.16,439.18,100,109,439.16956937799046,8.560813233530343e-08,0.00014877320133210858
2022-04-18 18:05:00+00:00,439.24,439.22,439.23,100,100,439.225,9.040958234497379e-08,-0.00011762607808096792
2022-04-18 18:06:00+00:00,439.2,439.17,439.19,100,112,439.17943396226417,2.3468924327062546e-07,-0.0002567224966867343
2022-04-18 18:07:00+00:00,439.109,439.09,439.11,500,109,439.10642036124796,1.6754327210434134e-07,-0.00014919501169841087
2022-04-18 18:08:00+00:00,438.99,438.99,439.01,500,100,439.00666666666666,1.1557406705840373e-07,1.8394784140340903e-08
2022-04-18 18:09:00+00:00,439.01,438.99,439.02,561,100,439.0154614220877,8.924515995026265e-08,-0.00011738453240695002
2022-04-18 18:10:00+00:00,438.96,438.97,439.0,310,110,438.9921428571429,9.459593178308728e-08,-0.0003107445491890015
2022-04-18 18:11:00+00:00,438.83,438.82,438.84,100,211,438.8264308681673,7.079649298342238e-08,-0.00016439925906397423
2022-04-18 18:12:00+00:00,438.76,438.76,438.78,500,200,438.7742857142857,2.013616476270937e-07,0.00039941175015445474
2022-04-18 18:13:00+00:00,438.92,438.92,438.94,210,200,438.93024390243903,1.2237039947686094e-07,7.633581423571734e-05
2022-04-18 18:14:00+00:00,438.97,438.97,438.99,300,100,438.985,9.8904511866287e-08,5.7918932774292387e-05
2022-04-18 18:15:00+00:00,438.99,438.99,439.0,138,811,438.9914541622761,9.242099226153656e-07,0.0003397783593195314
2022-04-18 18:16:00+00:00,439.12,439.11,439.13,510,100,439.12672131147536,1.9068456906803952e-07,-0.0012266201173780633
2022-04-18 18:17:00+00:00,438.61,438.59,438.63,110,510,438.5970967741936,3.418125181094651e-07,-0.0005684159424176327
2022-04-18 18:18:00+00:00,438.36,438.35,438.37,2,118,438.35033333333337,1.1523855129765696e-07,7.08524576629177e-05
2022-04-18 18:19:00+00:00,438.37,438.36,438.39,1510,108,438.3879975278121,1.7243885601894025e-07,0.0005082123085828893
2022-04-18 18:20:00+00:00,438.62,438.61,438.64,500,211,438.6310970464135,1.4992493854371116e-07,6.12409398441649e-05
2022-04-18 18:21:00+00:00,438.61,438.61,438.64,500,112,438.63450980392156,9.570011066549402e-08,-5.66078078693133e-05
2022-04-18 18:22:00+00:00,438.57,438.58,438.61,200,210,438.59463414634143,8.181737008563126e-08,0.00022287781407803742
2022-04-18 18:23:00+00:00,438.68,438.68,438.7,700,200,438.69555555555553,1.3224742111016407e-07,0.00040018730968394145
2022-04-18 18:24:00+00:00,438.86,438.84,438.87,212,324,438.8518656716418,4.002758472250365e-07,0.0014212645082269937
2022-04-18 18:25:00+00:00,439.51,439.5,439.53,611,102,439.5257082748947,7.612600168471402e-07,-0.00015733427013120416
2022-04-18 18:26:00+00:00,439.46,439.42,439.44,100,111,439.42947867298574,2.773377437434805e-07,-0.0002641628974345833
2022-04-18 18:27:00+00:00,439.34,439.32,439.35,22,502,439.3212595419847,1.9118157265522626e-07,-0.0005495688019930833
2022-04-18 18:28:00+00:00,439.03,439.02,439.05,177,500,439.0278434268833,2.2173255486562518e-07,-0.0004206205856638334
2022-04-18 18:29:00+00:00,438.91,438.91,438.93,501,200,438.92429386590584,1.1068091914833694e-07,7.902783853119821e-05
2022-04-18 18:30:00+00:00,438.94,438.93,438.95,100,410,438.93392156862745,1.613830004456958e-07,0.00028911997106462195
2022-04-18 18:31:00+00:00,439.07,439.05,439.07,109,112,439.05986425339364,1.1582670099066502e-07,-0.00017256197960313635
2022-04-18 18:32:00+00:00,438.98,438.98,438.99,202,200,438.98502487562183,1.0235480801959584e-07,0.0001884247922152582
2022-04-18 18:33:00+00:00,439.06,439.06,439.08,109,300,439.0653300733496,2.4550192030108003e-07,0.00034220738049395294
2022-04-18 18:34:00+00:00,439.19,439.18,439.21,1010,112,439.20700534759357,2.1490584397703834e-07,4.322951102730954e-05
2022-04-18 18:35:00+00:00,439.24,439.24,439.27,210,200,439.2553658536586,2.149010156152119e-07,8.144338407678475e-06
2022-04-18 18:36:00+00:00,439.23,439.23,439.25,100,500,439.23333333333335,1.325908548461939e-07,1.5845124745617056e-06
2022-04-18 18:37:00+00:00,439.25,439.23,439.26,100,1909,439.23149328023896,7.515828747698412e-08,0.0005203928453101359
2022-04-18 18:38:00+00:00,439.44,439.43,439.46,211,207,439.44514354066985,6.164359793959252e-07,-0.0006090146865451729
2022-04-18 18:39:00+00:00,439.18,439.19,439.22,110,210,439.2003125,1.0427278900280613e-07,-0.00016855127347004117
2022-04-18 18:40:00+00:00,439.1,439.11,439.14,510,108,439.13475728155345,1.934271821241404e-07,-0.0001697191758015526
2022-04-18 18:41:00+00:00,439.06,439.04,439.07,512,212,439.0612154696133,3.041866229370586e-07,-0.0001416530131637117
2022-04-18 18:42:00+00:00,438.999,438.99,439.01,500,100,439.00666666666666,1.49772350757335e-07,-0.00022502202180019193
2022-04-18 18:43:00+00:00,438.86,438.86,438.88,88,600,438.8625581395349,4.854152735048597e-08,7.460927664815209e-05
2022-04-18 18:44:00+00:00,438.91,438.9,438.93,100,911,438.9029673590504,9.15498412781447e-08,-0.00019007578924057356
2022-04-18 18:45:00+00:00,438.85,438.85,438.88,200,8,438.87884615384615,1.3999184231103535e-07,-0.00010319390474233803
2022-04-18 18:46:00+00:00,438.79,438.77,438.79,10,3,438.7853846153847,1.759843904759407e-07,-0.0007674802687914761
2022-04-18 18:47:00+00:00,438.46,438.45,438.47,20,205,438.45177777777775,1.0550660050972862e-07,0.00022418206471463975
2022-04-18 18:48:00+00:00,438.55,438.55,438.57,100,290,438.5551282051282,1.2182988047594783e-07,0.0001672922811328803
2022-04-18 18:49:00+00:00,438.63,438.62,438.63,10,300,438.6203225806451,1.070355506373233e-07,0.00017389498941255965
2022-04-18 18:50:00+00:00,438.72,438.69,438.73,111,1204,438.69337642585555,1.542943149944668e-07,0.00024399243065298393
2022-04-18 18:51:00+00:00,438.79,438.79,438.83,147,545,438.7984971098266,1.569172693129039e-07,0.00036397915312869067
2022-04-18 18:52:00+00:00,438.95,438.97,438.99,300,100,438.985,1.4457557014799281e-07,0.00021984589140955357
2022-04-18 18:53:00+00:00,439.04,439.03,439.04,100,300,439.0325,1.1664873745376188e-07,-6.572210497235442e-05
2022-04-18 18:54:00+00:00,439.03,439.01,439.04,634,238,439.0318119266055,1.078402449125814e-07,-0.0002953257741286075
2022-04-18 18:55:00+00:00,438.92,438.88,438.91,600,109,438.90538787023974,1.6950319674387426e-07,-0.0009149223316136101
2022-04-18 18:56:00+00:00,438.52,438.49,438.51,40,100,438.4957142857143,1.5022248777100862e-07,0.0003030473781822085
2022-04-18 18:57:00+00:00,438.61,438.61,438.62,1,200,438.61004975124376,2.2286249189081297e-07,0.0005555216246539985
2022-04-18 18:58:00+00:00,438.86,438.84,438.88,210,800,438.8483168316832,1.193124221777397e-07,-0.0005113182102144398
2022-04-18 18:59:00+00:00,438.65,438.67,438.69,210,100,438.6835483870968,1.5161968144716398e-07,-0.0005194447157789162
2022-04-18 19:00:00+00:00,438.37,438.36,438.39,700,200,438.3833333333333,1.4843572602924686e-07,4.73399341873737e-05
2022-04-18 19:01:00+00:00,438.47,438.44,438.46,110,100,438.4504761904762,1.0665876701731967e-07,-0.00013514351328802743
2022-04-18 19:02:00+00:00,438.4,438.37,438.39,101,9,438.38836363636364,1.9707726197122876e-07,-0.0004432065197839119
2022-04-18 19:03:00+00:00,438.19,438.19,438.21,100,105,438.19975609756096,1.631023819635339e-07,5.061080803936413e-05
2022-04-18 19:04:00+00:00,438.22,438.23,438.25,500,300,438.2425,9.944383090342628e-08,-0.00027151239163536456
2022-04-18 19:05:00+00:00,438.09,438.07,438.1,300,550,438.0805882352941,1.486494210395241e-07,0.00045338755106061335
2022-04-18 19:06:00+00:00,438.29,438.28,438.3,601,100,438.2971469329529,1.4918303287071472e-07,-5.0472738610807255e-05
2022-04-18 19:07:00+00:00,438.29,438.27,438.28,111,100,438.275260663507,1.1274050254007183e-07,-0.00024613284432861704
2022-04-18 19:08:00+00:00,438.17,438.15,438.17,602,100,438.16715099715105,2.4847498872262974e-07,-0.000292110737815765
2022-04-18 19:09:00+00:00,438.06,437.99,438.03,812,300,438.0192086330935,8.6992334162081e-08,-0.00010461241478343375
2022-04-18 19:10:00+00:00,438.01,437.99,438.0,100,100,437.995,1.9621035426496747e-07,0.0006329610140243247
2022-04-18 19:11:00+00:00,438.279,438.26,438.28,112,100,438.2705660377359,1.1704611199772342e-07,-0.0003359402063743966
2022-04-18 19:12:00+00:00,438.13,438.14,438.17,200,510,438.1484507042254,1.0768497610816494e-07,-0.0004992730419872693
2022-04-18 19:13:00+00:00,437.91,437.88,437.91,500,210,437.9011267605634,2.2146235846506665e-07,-0.0004056614508780587
2022-04-18 19:14:00+00:00,437.709,437.69,437.71,101,10,437.7081981981982,2.3599752941273796e-07,6.840951332898193e-05
2022-04-18 19:15:00+00:00,437.77,437.77,437.79,300,176,437.78260504201677,2.733004021322938e-07,0.0002767592392143303
2022-04-18 19:16:00+00:00,437.84,437.83,437.86,800,12,437.8595566502463,9.66330460804116e-08,-4.9580262841297795e-05
2022-04-18 19:17:00+00:00,437.86,437.85,437.87,108,500,437.85355263157896,9.689673632376599e-08,-0.000403339226402899
2022-04-18 19:18:00+00:00,437.69,437.68,437.7,200,500,437.6857142857143,1.5020907505792961e-07,0.0003394008881829613
2022-04-18 19:19:00+00:00,437.82,437.8,437.82,250,1000,437.804,1.395645070389948e-07,-0.0005778480787258511
2022-04-18 19:20:00+00:00,437.58,437.57,437.6,212,513,437.5787724137931,2.7389331571191386e-07,0.00013289100003976984
2022-04-18 19:21:00+00:00,437.67,437.65,437.68,200,1111,437.6545766590388,1.0715367232120537e-07,0.00016353221397036322
2022-04-18 19:22:00+00:00,437.75,437.75,437.76,1,200,437.75004975124375,1.1725250775322434e-07,-0.00033781139428257223
2022-04-18 19:23:00+00:00,437.59,437.57,437.6,111,116,437.5846696035242,2.6869998662028945e-07,-0.0006765451335776218
2022-04-18 19:24:00+00:00,437.28,437.26,437.28,106,86,437.2710416666667,1.0910448272824868e-07,3.5574980624231145e-05
2022-04-18 19:25:00+00:00,437.28,437.27,437.3,211,500,437.2789029535865,1.8883667885382815e-07,-7.013103832054224e-05
2022-04-18 19:26:00+00:00,437.25,437.24,437.25,100,122,437.2445045045045,7.991243898227541e-08,-3.154959712647898e-05
2022-04-18 19:27:00+00:00,437.25,437.24,437.26,1200,700,437.2526315789474,8.337358729026075e-08,-0.00013153246377539674
2022-04-18 19:28:00+00:00,437.17,437.17,437.18,100,200,437.17333333333335,2.3137714192235562e-07,-0.00016269400925561506
2022-04-18 19:29:00+00:00,437.12,437.1,437.13,219,600,437.10802197802195,1.2012448357493013e-07,-2.8592086965151253e-05
2022-04-18 19:30:00+00:00,437.08,437.07,437.08,100,324,437.07235849056605,2.134600638827881e-07,-0.0008705402963091746
2022-04-18 19:31:00+00:00,436.71,436.7,436.72,211,100,436.71356913183286,8.73382613678684e-08,0.0003423794654584533
2022-04-18 19:32:00+00:00,436.89,436.88,436.89,301,498,436.8837672090113,2.7030515269991405e-07,-0.0006896718114649536
2022-04-18 19:33:00+00:00,436.59,436.54,436.56,561,100,436.5569742813919,9.819253697482459e-08,-0.00010523104330995015
2022-04-18 19:34:00+00:00,436.5,436.49,436.51,500,100,436.50666666666666,3.005285916617218e-07,-0.0004609038952650968
2022-04-18 19:35:00+00:00,436.31,436.29,436.32,819,107,436.3165334773218,1.0578672026161164e-07,-3.819899383850078e-05
2022-04-18 19:36:00+00:00,436.29,436.3,436.32,111,100,436.31052132701416,2.0076480297694057e-07,-0.00039346466649092804
2022-04-18 19:37:00+00:00,436.13,436.11,436.14,218,1511,436.1137825332562,9.322394499194281e-08,-0.00010408796212868499
2022-04-18 19:38:00+00:00,436.09,436.07,436.1,715,100,436.0963190184049,1.4054598774793764e-07,-9.79804333846035e-05
2022-04-18 19:39:00+00:00,436.03,436.03,436.06,107,521,436.0351114649681,6.287918178888364e-08,0.00023007652124640288
2022-04-18 19:40:00+00:00,436.15,436.15,436.16,100,500,436.15166666666664,1.6892940089080402e-07,-0.000207744979423774
2022-04-18 19:41:00+00:00,436.06,436.05,436.07,702,100,436.067506234414,2.241204143588898e-07,0.0001780804573490169
2022-04-18 19:42:00+00:00,436.13,436.13,436.15,300,100,436.145,1.612976267726916e-07,0.0007041427767990882
2022-04-18 19:43:00+00:00,436.43,436.42,436.44,500,1002,436.4266577896139,2.267978537039504e-07,0.00017423908329772253
2022-04-18 19:44:00+00:00,436.49,436.48,436.49,200,300,436.484,6.325128393575192e-08,-0.00037240380974956633
2022-04-18 19:45:00+00:00,436.34,436.33,436.36,1400,664,436.3503488372093,2.645120101570816e-07,-0.00044955208901831245
2022-04-18 19:46:00+00:00,436.18,436.18,436.2,102,139,436.1884647302905,1.2686774468532665e-07,-0.0005270527605734099
2022-04-18 19:47:00+00:00,435.9,435.9,435.91,500,8811,435.9005369992482,1.7512836120271996e-07,0.0005344218870517725
2022-04-18 19:48:00+00:00,436.13,436.13,436.15,152,524,436.1344970414201,1.8786551256482862e-07,-0.000687517299904794
2022-04-18 19:49:00+00:00,435.94,435.92,435.95,300,413,435.93262272089765,1.8018345562917854e-07,0.00012183996234993444
2022-04-18 19:50:00+00:00,435.87,435.86,435.88,17,200,435.86156682027655,4.844554180448474e-07,0.00029058430385942025
2022-04-18 19:51:00+00:00,436.01,436.02,436.04,210,110,436.03312500000004,1.5331925507486508e-07,-0.0002216464882517366
2022-04-18 19:52:00+00:00,435.93,435.92,435.93,1,100,435.920099009901,3.3085934859558397e-07,0.000898404568835165
2022-04-18 19:53:00+00:00,436.35,436.34,436.35,100,100,436.345,1.4561424282013192e-07,0.0006297598145883487
2022-04-18 19:54:00+00:00,436.57,436.57,436.58,100,110,436.5747619047619,1.4530888794531496e-07,-0.00025088434234543655
2022-04-18 19:55:00+00:00,436.49,436.48,436.49,210,150,436.4858333333334,3.2342165626238046e-07,0.0011545682527231982
2022-04-18 19:56:00+00:00,437.07,437.06,437.09,400,970,437.06875912408753,1.3186575575437338e-07,0.0006072060725967887
2022-04-18 19:57:00+00:00,437.23,437.23,437.24,500,2,437.2399601593625,1.0239802736815805e-07,-3.4419890222237015e-05
2022-04-18 19:58:00+00:00,437.25,437.24,437.25,818,310,437.24725177304964,1.7341879419302075e-07,0.00041284268494501397
2022-04-18 19:59:00+00:00,437.45,437.44,437.45,702,1700,437.4429225645295,3.104835027869477e-07,0.0011196496223551122
2022-04-18 20:00:00+00:00,437.99,437.99,438.0,1770,1402,437.995580075662,1.0053988632604715e-06,0.0006945978078198856
2022-04-18 20:01:00+00:00,438.18,438.17,438.21,2500,300,438.2057142857143,5.895180058316161e-08,-9.160494048920942e-05
2022-04-18 20:02:00+00:00,438.16,438.17,438.18,2400,110,438.17956175298804,5.431766875409355e-08,-0.0002608122539290436
2022-04-18 20:03:00+00:00,438.09,438.07,438.08,1200,946,438.07559179869526,9.011456191481559e-08,0.0005252069192820397
2022-04-18 20:04:00+00:00,438.31,438.29,438.33,1100,351,438.32032391454175,8.405159167911352e-07,0.001074709805810814
2022-04-18 20:05:00+00:00,438.74,438.73,438.78,1300,524,438.7656359649123,1.2464724798219758e-07,-0.0002537807009013182
2022-04-18 20:06:00+00:00,438.7,438.69,438.72,482,3000,438.6941527857553,1.1933981110655484e-06,0.0011724169375166849
2022-04-18 20:07:00+00:00,439.16,439.14,439.19,700,600,439.16692307692307,1.8130677312215562e-07,-7.097236277009422e-06
2022-04-18 20:08:00+00:00,439.17,439.14,439.18,700,400,439.16545454545457,4.465025493304071e-08,-1.5390311807861323e-05
2022-04-18 20:09:00+00:00,439.18,439.15,439.18,200,2181,439.15251994960096,2.7679221765701737e-08,-0.00013326750608855242
2022-04-18 20:10:00+00:00,439.1,439.1,439.11,4,289,439.10013651877136,1.332707093015154e-08,0.00013975943917698963
2022-04-18 20:11:00+00:00,439.18,439.14,439.18,700,500,439.16333333333336,8.827870071685456e-08,-0.0001258723592472144
2022-04-18 20:12:00+00:00,439.11,439.09,439.11,700,161,439.10626016260164,6.233074871477242e-08,-0.00021683296895746995
2022-04-18 20:13:00+00:00,439.01,439.0,439.01,250,500,439.00333333333333,1.5300691744086808e-07,0.00024058441981744672
2022-04-18 20:14:00+00:00,439.13,439.12,439.13,800,374,439.1268143100511,1.8587713966164916e-07,-1.0775971104326487e-05
2022-04-18 20:15:00+00:00,439.14,439.12,439.14,800,779,439.1301329955668,1.1555593197830673e-07,0.0008709324349263081
2022-04-18 20:16:00+00:00,439.49,439.49,439.5,800,1130,439.4941450777202,1.0240898823670597e-07,-0.00013528186515432417
2022-04-18 20:17:00+00:00,439.46,439.43,439.46,195,995,439.4349159663866,5.548344273137648e-09,3.7741406411218037e-06
2022-04-18 20:18:00+00:00,439.43,439.42,439.46,704,1195,439.4348288572933,2.5680017081149013e-08,-0.0001070037991139916
2022-04-18 20:19:00+00:00,439.36,439.37,439.39,700,16,439.3895530726257,9.244053563754683e-09,9.414186139533598e-07
2022-04-18 20:20:00+00:00,439.4,439.37,439.39,600,1,439.38996672212977,5.085088682531911e-08,8.460852051417334e-05
2022-04-18 20:21:00+00:00,439.44,439.42,439.43,500,200,439.4271428571429,2.8568240048354846e-08,-1.1197840189547392e-05
2022-04-18 20:22:00+00:00,439.45,439.4,439.46,400,1500,439.41263157894736,4.922911979645775e-08,-7.332861333064766e-05
2022-04-18 20:23:00+00:00,439.41,439.39,439.44,500,500,439.415,1.7114108094444834e-08,8.905627070010524e-06
2022-04-18 20:24:00+00:00,439.4,439.38,439.4,400,175,439.3939130434783,2.02643194101923e-08,2.0355537738270257e-05
2022-04-18 20:25:00+00:00,439.45,439.4,439.41,200,500,439.40285714285716,1.710060912897317e-08,-5.427299460458723e-05
2022-04-18 20:26:00+00:00,439.2,439.2,439.24,500,500,439.22,1.5866776173862007e-07,-0.0003852425692716377
2022-04-18 20:27:00+00:00,439.28,439.2,439.21,7550,200,439.20974193548386,6.290393919988468e-08,-7.904414939874371e-05
2022-04-18 20:28:00+00:00,439.15,439.15,439.2,201,500,439.1643366619116,1.2887548708605148e-08,2.995808597638927e-05
2022-04-18 20:29:00+00:00,439.17,439.17,439.19,1000,100,439.1881818181818,2.3374167263386607e-08,6.776169204170124e-05
2022-04-18 20:30:00+00:00,439.22,439.2,439.22,1700,195,439.2179419525066,7.312830205266084e-09,-7.337511452509826e-05
2022-04-18 20:31:00+00:00,439.18,439.15,439.17,3000,500,439.16714285714284,1.3463944187047458e-08,-0.00013757316347484672
2022-04-18 20:32:00+00:00,439.11,439.1,439.14,100,100,439.12,8.121921762246376e-09,1.5715524814829962e-07
2022-04-18 20:33:00+00:00,439.13,439.12,439.14,96,262,439.12536312849164,1.0855611622553097e-07,1.5701520803546032e-05
2022-04-18 20:34:00+00:00,439.1,439.1,439.14,1000,240,439.1322580645161,9.493021646596035e-09,-2.7914288442731916e-05
2022-04-18 20:35:00+00:00,439.11,439.11,439.14,100,200,439.12,6.456202471834448e-09,4.341907254712396e-05
2022-04-18 20:36:00+00:00,439.14,439.14,439.15,249,1000,439.1419935948759,1.1295762344643155e-08,9.890674778856301e-05
2022-04-18 20:37:00+00:00,439.17,439.16,439.19,300,100,439.1825,2.4859880415582784e-09,-6.641126790507546e-05
2022-04-18 20:38:00+00:00,439.16,439.15,439.17,100,500,439.1533333333333,5.7625334820928296e-09,7.699261420257564e-05
2022-04-18 20:39:00+00:00,439.16,439.15,439.19,1301,100,439.18714489650245,9.404365178303463e-09,-7.539601456807432e-05
2022-04-18 20:40:00+00:00,439.17,439.15,439.17,101,400,439.1540319361277,1.4607052467920687e-08,0.00010449195620498841
2022-04-18 20:41:00+00:00,439.19,439.18,439.2,498,2,439.19991999999996,2.162552606749788e-09,3.8626453307433195e-05
2022-04-18 20:42:00+00:00,439.21,439.21,439.22,221,100,439.2168847352025,1.542553069613816e-09,-7.395825796008282e-06
2022-04-18 20:43:00+00:00,439.21,439.2,439.23,500,600,439.21363636363634,7.035264408989239e-10,-2.2247335129121915e-05
2022-04-18 20:44:00+00:00,439.2,439.2,439.21,189,300,439.2038650306749,1.5551119332748597e-09,6.300816788495922e-05
2022-04-18 20:45:00+00:00,439.24,439.23,439.25,70,340,439.23341463414636,9.03181437689743e-10,-2.8232331738875516e-05
2022-04-18 20:46:00+00:00,439.2,439.21,439.22,5300,500,439.2191379310345,3.4265534580754593e-09,2.4504986543272267e-05
2022-04-18 20:47:00+00:00,439.23,439.23,439.24,500,100,439.23833333333334,3.415775329584851e-09,6.492390034051887e-05
2022-04-18 20:48:00+00:00,439.26,439.25,439.26,1000,188,439.2584175084175,8.250735115504202e-09,-3.492382781777881e-05
2022-04-18 20:49:00+00:00,439.23,439.23,439.25,175,900,439.23325581395346,4.565944829678048e-08,-0.00040826351625866675
2022-04-18 20:50:00+00:00,439.06,439.06,439.07,300,500,439.06375,2.2474638996309732e-09,-6.713488810350388e-05
2022-04-18 20:51:00+00:00,439.06,439.05,439.1,1000,500,439.0833333333333,1.5255147953685086e-08,0.00017160819755712708
2022-04-18 20:52:00+00:00,439.09,439.1,439.11,100,4,439.1096153846154,8.475641617304067e-09,-0.00011187999081796463
2022-04-18 20:53:00+00:00,439.07,439.06,439.08,100,4000,439.06048780487805,6.22385487412055e-09,-2.386814834409723e-05
2022-04-18 20:54:00+00:00,439.03,439.05,439.07,1,2425,439.0500082440231,1.778552067761919e-08,9.173715834531748e-06
2022-04-18 20:55:00+00:00,439.06,439.05,439.09,101,400,439.0580638722555,1.8809137081496207e-08,2.1957114275661382e-06
2022-04-18 20:56:00+00:00,439.04,439.03,439.06,500,100,439.055,1.3164297682953353e-08,-3.371327099810362e-05
2022-04-18 20:57:00+00:00,439.03,439.04,439.06,1,100,439.04019801980195,5.331456007645641e-10,-4.51028864367764e-07
2022-04-18 20:58:00+00:00,439.02,439.03,439.05,500,500,439.04,2.0109119531589013e-09,-4.3448361419784476e-07
2022-04-18 20:59:00+00:00,439.05,439.03,439.05,400,463,439.0392699884125,1.212912141777191e-08,-3.752714590754547e-05
2022-04-18 21:00:00+00:00,439.03,439.02,439.03,100,200,439.0233333333333,4.2395350192038585e-12,2.059013117783337e-06
2022-04-18 21:01:00+00:00,439.03,439.02,439.03,100,136,439.0242372881356,1.0270438472317687e-08,0.00013555677980781056
2022-04-18 21:02:00+00:00,439.08,439.08,439.09,300,500,439.08375,1.1534456460164922e-11,-2.4125739894742537e-07
2022-04-18 21:03:00+00:00,439.09,439.08,439.09,172,300,439.08364406779657,4.889905343372081e-09,0.00012420811187596748
2022-04-18 21:04:00+00:00,439.15,439.1,439.17,600,500,439.1381818181818,9.748397963043228e-09,0.00011577807206730739
2022-04-18 21:05:00+00:00,439.18,439.16,439.19,110,5,439.188695652174,3.90150441473079e-09,-7.747094839438695e-05
2022-04-18 21:06:00+00:00,439.16,439.11,439.17,300,100,439.155,4.440777293028576e-09,-5.4274576075097336e-05
2022-04-18 21:07:00+00:00,439.15,439.13,439.17,3,100,439.1311650485437,7.97901455392913e-10,4.478908889882227e-05
2022-04-18 21:08:00+00:00,439.17,439.15,439.17,1,23,439.1508333333333,5.91531446756435e-11,6.513389348983267e-06
2022-04-18 21:09:00+00:00,439.17,439.15,439.17,41,181,439.1536936936937,2.754082039257787e-09,-3.0806659998994235e-05
2022-04-18 21:10:00+00:00,439.16,439.14,439.17,1,181,439.1401648351648,6.240767308859237e-08,-5.9581967808974845e-05
2022-04-18 21:11:00+00:00,439.11,439.06,439.15,300,200,439.114,6.258264525719656e-08,-0.00011158833469204765
2022-04-18 21:12:00+00:00,439.06,439.03,439.1,200,200,439.065,3.3436469124462616e-09,5.3833404248582184e-05
2022-04-18 21:13:00+00:00,439.09,439.06,439.1,504,200,439.0886363636364,1.493017417475403e-09,-4.485875530924055e-06
2022-04-18 21:14:00+00:00,439.09,439.08,439.1,100,200,439.08666666666664,5.445592412378358e-09,-2.6850779745846154e-05
2022-04-18 21:15:00+00:00,439.09,439.07,439.09,99,307,439.0748768472906,3.5826385031194274e-09,-0.00012381210830914036
2022-04-18 21:16:00+00:00,439.02,439.01,439.02,1,1608,439.0100062150404,3.639320982390829e-08,4.370845689427583e-05
2022-04-18 21:17:00+00:00,439.0,439.01,439.04,100,1,439.03970297029707,3.3219080637988863e-09,-2.0772980319105905e-05
2022-04-18 21:18:00+00:00,439.04,439.03,439.04,120,1939,439.03058280718795,1.4151064984228435e-09,-2.3549395312794097e-05
2022-04-18 21:19:00+00:00,439.03,439.02,439.03,100,4000,439.020243902439,9.15042009155955e-16,5.425397908709328e-10
2022-04-18 21:20:00+00:00,439.03,439.02,439.03,100,3996,439.020244140625,2.958845628753502e-17,5.835417482558114e-09
2022-04-18 21:21:00+00:00,439.03,439.02,439.03,101,3993,439.0202467024914,8.212150426683544e-09,6.451804055229715e-05
2022-04-18 21:22:00+00:00,439.08,439.04,439.1,100,600,439.04857142857145,2.7035047961373116e-08,4.121466113948813e-05
2022-04-18 21:23:00+00:00,439.08,439.04,439.08,200,100,439.06666666666666,7.115470467114568e-08,-5.3212680776737464e-05
2022-04-18 21:24:00+00:00,439.04,439.04,439.08,99,1100,439.04330275229364,3.103291545114551e-08,0.00020031565714595523
2022-04-18 21:25:00+00:00,439.09,439.12,439.15,50,300,439.1242857142857,1.9348964895065333e-09,-3.2198446962006244e-06
2022-04-18 21:26:00+00:00,439.14,439.12,439.13,6000,100,439.1298360655738,7.0144464157746556e-12,-9.662310165303722e-07
2022-04-18 21:27:00+00:00,439.12,439.12,439.13,800,50,439.1294117647059,1.6918516972551776e-09,-5.72912104876977e-05
2022-04-18 21:28:00+00:00,439.11,439.09,439.11,100,2800,439.0906896551724,1.5613458246641134e-08,-7.582002243333719e-05
2022-04-18 21:29:00+00:00,439.08,439.07,439.08,200,1882,439.0709606147935,6.32432453597565e-09,-7.935428362126906e-05
2022-04-18 21:30:00+00:00,439.08,439.03,439.07,250,100,439.05857142857144,8.403181717013192e-09,3.161823403941e-05
2022-04-18 21:31:00+00:00,439.05,439.04,439.07,50,100,439.05,1.6944798150909522e-10,1.2781029020247914e-05
2022-04-18 21:32:00+00:00,439.05,439.05,439.07,39,100,439.0556115107913,2.959426119664622e-11,5.440060771411126e-06
2022-04-18 21:33:00+00:00,439.05,439.04,439.07,150,100,439.058,8.299963702650861e-11,9.11041365836418e-06
2022-04-18 21:34:00+00:00,439.05,439.05,439.07,150,100,439.062,3.627198362920078e-11,-7.696658660516498e-06
2022-04-18 21:35:00+00:00,439.07,439.05,439.07,125,165,439.0586206896552,2.521349300538017e-09,2.6981412780235914e-05
2022-04-18 21:36:00+00:00,439.07,439.07,439.08,49,1000,439.07046711153475,8.551296507287675e-16,0.0
2022-04-18 21:37:00+00:00,439.07,439.07,439.08,49,1000,439.07046711153475,1.048977384092952e-09,4.597688887053586e-05
2022-04-18 21:38:00+00:00,439.1,439.09,439.1,7,100,439.09065420560745,1.931815729360191e-09,4.968537230043424e-05
2022-04-18 21:39:00+00:00,439.15,439.11,439.14,7,78,439.11247058823534,4.5552046754189905e-09,6.749225641078382e-05
2022-04-18 21:40:00+00:00,439.14,439.14,439.19,22,500,439.14210727969345,5.634999250933096e-10,-2.674438455851913e-05
2022-04-18 21:41:00+00:00,439.14,439.12,439.14,100,93,439.1303626943005,2.582123574237674e-10,2.804871925943253e-05
2022-04-18 21:42:00+00:00,439.15,439.13,439.15,97,56,439.142679738562,7.059948496805987e-13,1.0724222245794834e-06
2022-04-18 21:43:00+00:00,439.13,439.13,439.15,96,50,439.14315068493147,3.854273534470852e-10,1.4517774919786675e-05
2022-04-18 21:44:00+00:00,439.14,439.14,439.15,1005,50,439.1495260663507,3.822594485165288e-10,4.33224896045914e-06
2022-04-18 21:45:00+00:00,439.16,439.15,439.16,1,6,439.1514285714285,4.424591008242258e-10,6.79682724125108e-06
2022-04-18 21:46:00+00:00,439.15,439.15,439.16,79,100,439.1544134078212,5.647301864610868e-10,2.8920247125974186e-06
2022-04-18 21:47:00+00:00,439.17,439.15,439.17,79,199,439.15568345323743,3.359329855832907e-10,2.461553764043778e-05
2022-04-18 21:48:00+00:00,439.17,439.15,439.17,79,54,439.1618796992481,1.2660808209828192e-09,-1.4060575638019657e-05
2022-04-18 21:49:00+00:00,439.17,439.16,439.17,100,3039,439.16031857279387,8.611614346661111e-10,-2.29335353075788e-05
2022-04-18 21:50:00+00:00,439.16,439.15,439.16,76,3000,439.1502470741222,5.178816810227072e-08,2.2640593955181032e-07
2022-04-18 21:51:00+00:00,439.16,439.15,439.16,100,2786,439.1503465003465,2.507478392857033e-09,2.8988757112102803e-05
2022-04-18 21:52:00+00:00,439.15,439.15,439.2,300,320,439.1741935483871,3.4224990974900115e-08,0.00010695987580744415
2022-04-18 21:53:00+00:00,439.22,439.21,439.22,2,400,439.2100497512438,5.195457322681833e-14,1.535923721540655e-08
2022-04-18 21:54:00+00:00,439.23,439.21,439.23,1,219,439.21009090909087,1.93824060358085e-12,-1.2234927437848597e-07
2022-04-18 21:55:00+00:00,439.22,439.21,439.22,1,3622,439.2100027601435,6.7966508157238795e-09,1.276459677956865e-07
2022-04-18 21:56:00+00:00,439.24,439.21,439.25,1,1612,439.2100247985121,4.28420225211939e-09,5.3017132937149825e-05
2022-04-18 21:57:00+00:00,439.24,439.23,439.24,100,199,439.2333444816054,2.3217709412794586e-09,-5.2921708722508676e-05
2022-04-18 21:58:00+00:00,439.23,439.21,439.23,1,200,439.21009950248754,2.7063985174033317e-10,-1.6601347676559186e-05
2022-04-18 21:59:00+00:00,439.23,439.2,439.22,49,300,439.2028080229226,2.265647431955142e-08,-0.00011739001204180699
2022-04-18 22:00:00+00:00,439.15,439.11,439.22,300,500,439.15125,5.7277899652874926e-08,-0.00023340477796662817
2022-04-18 22:01:00+00:00,439.03,439.03,439.06,300,500,439.04125,5.2622912296304995e-08,-2.4484752547349053e-05
2022-04-18 22:02:00+00:00,439.07,439.03,439.06,100,500,439.035,2.204721074679549e-08,0.00011429948701890957
2022-04-18 22:03:00+00:00,439.09,439.09,439.12,200,100,439.11,5.688680516054197e-08,0.0001237067725059493
2022-04-18 22:04:00+00:00,439.15,439.12,439.15,600,200,439.1425,5.063302906772631e-09,3.9805783684121465e-05
2022-04-18 22:05:00+00:00,439.15,439.14,439.16,1020,1,439.15998041136146,7.990430913554793e-11,-2.8730943513188834e-08
2022-04-18 22:06:00+00:00,439.14,439.14,439.16,620,1,439.15996779388087,2.8689082093299762e-08,-9.859989614202647e-05
2022-04-18 22:07:00+00:00,439.14,439.07,439.14,1000,500,439.1166666666667,8.697219773778597e-09,7.253619429570257e-05
2022-04-18 22:08:00+00:00,439.14,439.11,439.15,26,1,439.14851851851853,1.1056853636045319e-08,-0.0002633764450613585
2022-04-18 22:09:00+00:00,439.05,439.01,439.04,1600,500,439.03285714285715,1.1401754484769561e-08,-0.00011080404518681863
2022-04-18 22:10:00+00:00,439.0,438.97,439.0,450,500,438.9842105263158,1.03578699533345e-08,-0.00012339989652743188
2022-04-18 22:11:00+00:00,438.95,438.93,438.94,2,499,438.9300399201597,1.3309184726664416e-08,9.578613753857823e-05
2022-04-18 22:12:00+00:00,438.96,438.95,438.99,600,43,438.9873250388802,5.6231622191778446e-08,-0.00010682461070998794
2022-04-18 22:13:00+00:00,438.95,438.92,438.95,700,3346,438.9251903114187,1.1752729720357783e-08,0.0001450343874278559
2022-04-18 22:14:00+00:00,438.99,438.98,439.0,100,126,438.98884955752214,4.365960141943526e-08,0.0003091101224099724
2022-04-18 22:15:00+00:00,439.08,439.07,439.13,1000,100,439.12454545454545,4.739247238271106e-08,-3.530742887303262e-05
2022-04-18 22:16:00+00:00,439.1,439.1,439.13,550,2500,439.1054098360656,5.030359600919077e-08,-0.00013445657083954732
2022-04-18 22:17:00+00:00,439.05,439.0,439.06,500,100,439.05,4.3300478901732036e-08,-0.00014642003026021921
2022-04-18 22:18:00+00:00,439.05,438.98,439.02,100,600,438.98571428571427,9.018791092032773e-09,0.00011537812963191563
2022-04-18 22:19:00+00:00,439.05,439.0,439.04,5000,500,439.03636363636366,4.757833303156727e-09,-2.1002313212559187e-05
2022-04-18 22:20:00+00:00,439.05,439.0,439.07,5875,600,439.0635135135135,1.6540706020250954e-08,0.00010831167349523163
2022-04-18 22:21:00+00:00,439.05,439.02,439.08,1000,97,439.0746946216955,2.7488258429481718e-09,-2.5420467596015683e-05
2022-04-18 22:22:00+00:00,439.07,439.0,439.07,5875,598,439.0635331376487,9.082890217122391e-09,-1.9434858521960585e-05
2022-04-18 22:23:00+00:00,439.07,439.03,439.08,100,100,439.055,1.0200082654138827e-08,0.00010159379384799827
2022-04-18 22:24:00+00:00,439.07,439.07,439.1,600,8,439.0996052631579,3.854630558762903e-08,0.00019610362096500467
2022-04-18 22:25:00+00:00,439.19,439.15,439.2,500,200,439.1857142857143,9.202666311075169e-08,3.342948873807927e-05
2022-04-18 22:26:00+00:00,439.2,439.2,439.24,1,100,439.20039603960396,9.556482612253284e-09,-6.744966704053112e-07
2022-04-18 22:27:00+00:00,439.22,439.2,439.22,1,500,439.20003992015967,3.41781105582171e-08,8.325787331120438e-05
2022-04-18 22:28:00+00:00,439.25,439.23,439.27,100,500,439.2366666666667,1.7615344574422493e-08,3.035569283071915e-05
2022-04-18 22:29:00+00:00,439.25,439.24,439.26,100,100,439.25,6.095490591477271e-09,5.691519635742104e-05
2022-04-18 22:30:00+00:00,439.25,439.24,439.28,2,100,439.24078431372544,1.6370773486396777e-08,-2.1889214308457028e-05
2022-04-18 22:31:00+00:00,439.26,439.25,439.27,1000,300,439.2653846153846,9.238507121941188e-09,7.429085872989738e-05
2022-04-18 22:32:00+00:00,439.28,439.28,439.3,497,55,439.2980072463768,3.974401223095297e-08,6.659422090438127e-05
2022-04-18 22:33:00+00:00,439.37,439.3,439.36,500,600,439.3272727272727,5.377643837478095e-08,0.00033344324989914575
2022-04-18 22:34:00+00:00,439.47,439.43,439.48,500,116,439.4705844155844,9.609487938538472e-09,-9.95814642438253e-05
2022-04-18 22:35:00+00:00,439.5,439.35,439.42,700,600,439.3876923076923,6.849528845488191e-08,4.892275752843567e-05
2022-04-18 22:36:00+00:00,439.47,439.45,439.47,40,494,439.45149812734076,2.817458929583614e-08,-8.98805158455751e-05
2022-04-18 22:37:00+00:00,439.42,439.41,439.43,100,900,439.412,9.714365234582425e-09,-7.69623538231512e-05
2022-04-18 22:38:00+00:00,439.42,439.36,439.38,100,10,439.3781818181818,1.0545739693445629e-09,-3.379431538230726e-05
2022-04-18 22:39:00+00:00,439.36,439.33,439.38,500,10,439.37901960784313,8.369726629417028e-09,-0.00011916725772276315
2022-04-18 22:40:00+00:00,439.32,439.31,439.35,5,200,439.3109756097561,1.3375928834611155e-08,0.0001253189344119221
2022-04-18 22:41:00+00:00,439.35,439.35,439.37,650,161,439.36602959309494,3.370794023245336e-09,-1.9985112281739603e-06
2022-04-18 22:42:00+00:00,439.35,439.33,439.37,600,160,439.3615789473684,4.811246210903581e-09,-0.00014828557733093106
2022-04-18 22:43:00+00:00,439.3,439.25,439.31,500,100,439.3,2.038766816515887e-09,-4.274789328451156e-05
2022-04-18 22:44:00+00:00,439.25,439.25,439.29,569,160,439.2812208504801,9.375863162736427e-09,7.160212077694794e-06
2022-04-18 22:45:00+00:00,439.31,439.26,439.3,100,110,439.2790476190477,1.5375066676999744e-08,-2.2947511164050916e-05
2022-04-18 22:46:00+00:00,439.3,439.26,439.28,10,4,439.27428571428567,1.5658019283135688e-08,2.669919936071352e-05
2022-04-18 22:47:00+00:00,439.28,439.28,439.3,86,200,439.286013986014,1.0069072729810458e-08,-1.1620891497421404e-05
2022-04-18 22:48:00+00:00,439.28,439.28,439.32,10,500,439.2807843137255,3.4482325054604355e-08,3.6394617849655475e-05
2022-04-18 22:49:00+00:00,439.28,439.29,439.34,16,100,439.29689655172416,1.0849080700740584e-08,-5.899463385850012e-05
2022-04-18 22:50:00+00:00,439.32,439.27,439.32,10,500,439.2709803921569,7.276700249109403e-09,0.00012070698137245373
2022-04-18 22:51:00+00:00,439.34,439.32,439.35,77,500,439.32400346620454,4.82032113794326e-09,-4.230634777946385e-06
2022-04-18 22:52:00+00:00,439.35,439.32,439.35,77,1000,439.3221448467967,1.8495723013726192e-08,-0.00011735491166864342
2022-04-18 22:53:00+00:00,439.31,439.27,439.3,10,500,439.2705882352941,4.3767248040848364e-10,2.7818360609277448e-05
2022-04-18 22:54:00+00:00,439.28,439.28,439.3,98,600,439.28280802292267,1.2708488304088772e-09,-5.363449391693198e-05
2022-04-18 22:55:00+00:00,439.25,439.25,439.27,430,500,439.25924731182795,2.300563685564728e-09,1.8042393288286718e-06
2022-04-18 22:56:00+00:00,439.28,439.26,439.27,2,500,439.2600398406375,1.6440186811126558e-10,-1.4351975574644626e-07
2022-04-18 22:57:00+00:00,439.28,439.25,439.26,430,1,439.25997679814384,1.2284766706378074e-10,9.267452349082106e-06
2022-04-18 22:58:00+00:00,439.26,439.26,439.27,340,500,439.26404761904763,6.111574930410354e-09,-7.010723207190317e-05
2022-04-18 22:59:00+00:00,439.25,439.23,439.25,100,515,439.23325203252034,2.091911809959299e-08,-0.00018005323023184694
2022-04-18 23:00:00+00:00,439.21,439.15,439.2,50,550,439.15416666666664,2.4793964248710157e-08,0.00028390824144031157
2022-04-18 23:01:00+00:00,439.26,439.26,439.3,98,110,439.27884615384613,7.947566772259484e-09,3.440694293788127e-05
2022-04-18 23:02:00+00:00,439.29,439.29,439.3,400,610,439.2939603960396,2.4581736806191202e-08,0.00021293168673675034
2022-04-18 23:03:00+00:00,439.39,439.38,439.39,300,100,439.3875,1.3157106940699568e-08,7.286858151323017e-06
2022-04-18 23:04:00+00:00,439.4,439.39,439.4,20,265,439.39070175438593,7.0923048739937355e-09,-2.218839268697259e-05
2022-04-18 23:05:00+00:00,439.39,439.38,439.4,25,500,439.3809523809524,2.8570458919860295e-08,-4.768613850658632e-05
2022-04-18 23:06:00+00:00,439.35,439.34,439.38,100,100,439.36,1.134191397929982e-08,-1.1380189366305693e-05
2022-04-18 23:07:00+00:00,439.31,439.28,439.35,500,100,439.3383333333333,4.3699658380380663e-08,-0.00011793761172806949
2022-04-18 23:08:00+00:00,439.28,439.3,439.35,68,1000,439.30318352059925,1.2802765778279128e-08,-9.77337883970586e-05
2022-04-18 23:09:00+00:00,439.27,439.26,439.27,10,392,439.2602487562189,1.8087717975567288e-12,-1.1992386661496823e-07
2022-04-18 23:10:00+00:00,439.27,439.26,439.27,10,500,439.2601960784314,4.883297765497189e-14,-2.209818491527571e-07
2022-04-18 23:11:00+00:00,439.27,439.26,439.27,10,1000,439.260099009901,1.9640752602525426e-08,-0.0001430275200727804
2022-04-18 23:12:00+00:00,439.23,439.17,439.22,600,500,439.1972727272727,1.881620269625553e-08,-5.1164115459134685e-05
2022-04-18 23:13:00+00:00,439.15,439.15,439.2,500,508,439.17480158730154,3.0612460778729584e-08,3.966674512678736e-05
2022-04-18 23:14:00+00:00,439.22,439.17,439.24,400,100,439.226,2.0074227708236647e-08,1.77092794093614e-05
2022-04-18 23:15:00+00:00,439.22,439.17,439.18,300,100,439.1775,2.992137344148138e-08,-3.0358227079529954e-05
2022-04-18 23:16:00+00:00,439.2,439.18,439.22,100,500,439.18666666666667,3.697534846882942e-09,7.175798790592935e-05
2022-04-18 23:17:00+00:00,439.23,439.18,439.25,600,500,439.2181818181818,2.1854116863101796e-08,0.0001283271929461982
2022-04-18 23:18:00+00:00,439.23,439.27,439.32,50,500,439.27454545454543,2.130460917031706e-08,-0.0001505727864276052
2022-04-18 23:19:00+00:00,439.27,439.2,439.25,101,500,439.2084026622296,1.2805605040658083e-09,-6.00959994978556e-06
2022-04-18 23:20:00+00:00,439.27,439.2,439.24,101,600,439.20576319543505,9.18360581684508e-09,7.351434220925768e-05
2022-04-18 23:21:00+00:00,439.21,439.2,439.27,1191,1000,439.2380511182109,2.7536837342113467e-09,-4.109643544059072e-05
2022-04-18 23:22:00+00:00,439.21,439.21,439.27,100,500,439.22,4.22387322579021e-09,9.107053412860111e-05
2022-04-18 23:23:00+00:00,439.21,439.25,439.27,500,500,439.26,1.4142010537975741e-08,-9.865076112858251e-05
2022-04-18 23:24:00+00:00,439.25,439.21,439.25,100,500,439.21666666666664,3.2933298599859975e-08,-6.932899582690055e-05
2022-04-18 23:25:00+00:00,439.2,439.18,439.22,92,500,439.1862162162162,3.266508414610743e-09,3.713972731622661e-05
2022-04-18 23:26:00+00:00,439.2,439.2,439.23,92,1000,439.2025274725275,1.725960850700302e-08,-0.00015754494764030902
2022-04-18 23:27:00+00:00,439.12,439.13,439.15,200,1000,439.1333333333333,4.0383500616621336e-10,1.0626992561046933e-05
2022-04-18 23:28:00+00:00,439.12,439.12,439.15,750,500,439.138,7.602545962288236e-13,8.706897176580242e-07
2022-04-18 23:29:00+00:00,439.15,439.12,439.15,750,474,439.13838235294116,3.568253434271658e-09,-8.533360675799795e-05
2022-04-18 23:30:00+00:00,439.11,439.1,439.12,100,500,439.10333333333335,8.514255802631544e-09,-0.00011496558137935597
2022-04-18 23:31:00+00:00,439.06,439.05,439.06,44,985,439.0504275996113,2.293176374160145e-09,-1.9491339431909616e-05
2022-04-18 23:32:00+00:00,439.05,439.04,439.05,115,500,439.0418699186992,1.0478532279616242e-08,5.64792327713004e-05
2022-04-18 23:33:00+00:00,439.08,439.06,439.1,100,500,439.06666666666666,1.022824681032233e-08,4.5060508296002055e-05
2022-04-18 23:34:00+00:00,439.1,439.07,439.11,700,502,439.0932945091514,1.3380208413107358e-08,-9.17129509914183e-06
2022-04-18 23:35:00+00:00,439.09,439.08,439.09,32,100,439.0824242424242,2.1498809377364872e-08,-9.255478340330914e-05
2022-04-18 23:36:00+00:00,439.06,439.04,439.06,49,500,439.0417850637523,1.5943801819463572e-09,-3.6248842653408e-05
2022-04-18 23:37:00+00:00,439.03,439.01,439.06,465,1000,439.0258703071672,9.42674473219551e-10,-7.719600116806724e-06
2022-04-18 23:38:00+00:00,439.04,439.02,439.03,165,500,439.02248120300754,1.8193191843400232e-08,0.00010890116377959558
2022-04-18 23:39:00+00:00,439.02,439.07,439.08,15,500,439.0702912621359,1.3684026946535446e-09,4.03323527382593e-05
2022-04-18 23:40:00+00:00,439.02,439.07,439.1,15,10,439.088,5.675545135262195e-09,9.53128900553768e-05
2022-04-18 23:41:00+00:00,439.14,439.1,439.14,100,34,439.1298507462687,4.819471402825192e-09,-2.265901245235291e-05
2022-04-18 23:42:00+00:00,439.12,439.1,439.12,400,2,439.11990049751245,1.687014615143499e-09,4.14024181365491e-05
2022-04-18 23:43:00+00:00,439.14,439.11,439.14,600,41,439.13808112324494,2.234988687085314e-09,1.8230788038975376e-05
2022-04-18 23:44:00+00:00,439.16,439.12,439.15,100,15,439.14608695652174,6.975099939607166e-09,6.332671721676064e-06
2022-04-18 23:45:00+00:00,439.15,439.13,439.15,50,3,439.1488679245283,8.795479426068686e-09,-3.420655677233153e-05
2022-04-18 23:46:00+00:00,439.15,439.13,439.18,50,600,439.13384615384615,6.464688267852488e-08,0.0004884323569358529
2022-04-18 23:47:00+00:00,439.34,439.34,439.35,500,100,439.34833333333336,3.704554403248262e-08,0.00022933414813053332
2022-04-18 23:48:00+00:00,439.44,439.44,439.45,500,50,439.4490909090909,3.3199913325702763e-07,0.0005151224305610658
2022-04-18 23:49:00+00:00,439.66,439.64,439.69,500,205,439.6754609929078,3.490505351636809e-08,-3.614375304827888e-05
2022-04-18 23:50:00+00:00,439.69,439.64,439.66,500,11,439.6595694716243,2.8462192404773297e-08,8.98263818598366e-05
2022-04-18 23:51:00+00:00,439.65,439.64,439.69,501,100,439.6816805324459,1.0374381194757536e-08,-8.892996027176636e-05
2022-04-18 23:52:00+00:00,439.61,439.64,439.66,500,1,439.65996007984035,7.726413548598604e-08,0.0004170165934846981
2022-04-18 23:53:00+00:00,439.88,439.84,439.89,500,101,439.8815973377703,2.80820803813152e-07,0.0005841900217868901
2022-04-18 23:54:00+00:00,440.13,440.06,440.11,500,121,440.1002576489533,3.6898816011264095e-08,-5.7608771072192866e-05
2022-04-18 23:55:00+00:00,440.08,440.04,440.08,500,73,440.0749040139616,8.247556182164736e-08,0.00019070415120903128
2022-04-18 23:56:00+00:00,440.12,440.11,440.16,500,12,440.158828125,6.585726864746359e-08,2.549562916653869e-05
2022-04-18 23:57:00+00:00,440.16,440.13,440.2,1375,1490,440.163595113438,1.8368722565180737e-08,-2.6078154745534654e-05
2022-04-18 23:58:00+00:00,440.15,440.13,440.16,1000,30,440.15912621359223,2.60036388642401e-08,-0.00015310465496687353
2022-04-18 23:59:00+00:00,440.11,440.09,440.12,5,122,440.09118110236216,4.1072464813115685e-08,0.00020324583670228158
