ts_recv,price,bid_px_00,ask_px_00,bid_sz_00,ask_sz_00,weighted_mid,rv_60s,ret_60s
2024-05-03 08:01:00+00:00,506.3,506.24,506.33,500,1700,506.26045454545454,2.883857345834248e-08,0.0001876339360662449
2024-05-03 08:02:00+00:00,506.45,506.37,506.43,400,400,506.4,3.32735455901092e-08,2.9620853080558618e-05
2024-05-03 08:03:00+00:00,506.37,506.39,506.44,400,400,506.415,3.200686627818275e-08,-4.272951180639417e-05
2024-05-03 08:04:00+00:00,506.41,506.36,506.41,800,399,506.39336113427856,2.4944509946835777e-08,0.00015508856800372506
2024-05-03 08:05:00+00:00,506.47,506.47,506.5,27,400,506.4718969555035,1.8113244885376464e-08,-1.1643203776778854e-05
2024-05-03 08:06:00+00:00,506.47,506.46,506.49,400,400,506.475,1.5429894790847315e-08,-5.437376159200813e-05
2024-05-03 08:07:00+00:00,506.44,506.42,506.48,400,900,506.4384615384615,1.7424608472127188e-08,-4.203092074306358e-05
2024-05-03 08:08:00+00:00,506.43,506.41,506.44,100,400,506.416,1.483544798960903e-08,9.367755141509448e-05
2024-05-03 08:09:00+00:00,506.43,506.43,506.48,400,400,506.455,8.24173790150232e-09,4.0248844174639586e-05
2024-05-03 08:10:00+00:00,506.5,506.46,506.51,400,400,506.485,3.2011790468771206e-09,5.5941110463919586e-05
2024-05-03 08:11:00+00:00,506.51,506.51,506.54,50,400,506.5133333333333,9.165121191804847e-09,-5.5937981231157785e-05
2024-05-03 08:12:00+00:00,506.51,506.46,506.51,400,400,506.485,1.0446273566655217e-08,-8.392246652810798e-05
2024-05-03 08:13:00+00:00,506.43,506.42,506.46,514,400,506.4424945295405,2.5208758210186594e-08,-0.00014314464193576626
2024-05-03 08:14:00+00:00,506.34,506.34,506.4,400,400,506.37,9.089988019311599e-09,-3.94968106325333e-05
2024-05-03 08:15:00+00:00,506.35,506.33,506.37,400,400,506.35,1.9008961327481045e-08,-9.854892737559684e-05
2024-05-03 08:16:00+00:00,506.31,506.3,506.34,1,400,506.3000997506234,6.38474949780242e-09,0.00011040931930317299
2024-05-03 08:17:00+00:00,506.31,506.35,506.38,100,400,506.356,1.6416174881068583e-08,-5.134727345978973e-05
2024-05-03 08:18:00+00:00,506.35,506.31,506.35,400,400,506.33,4.266551828020022e-09,8.031652611273365e-05
2024-05-03 08:19:00+00:00,506.31,506.36,506.4,400,1100,506.3706666666667,1.0489514609742759e-08,0.00016851950349949796
2024-05-03 08:20:00+00:00,506.46,506.45,506.48,100,400,506.456,2.2477239342428908e-08,-0.00015796041512006198
2024-05-03 08:21:00+00:00,506.39,506.37,506.4,100,400,506.376,1.6847091971360967e-08,4.435743096342648e-05
2024-05-03 08:22:00+00:00,506.37,506.38,506.44,400,900,506.39846153846156,1.0797276954598339e-08,1.2911693133110802e-05
2024-05-03 08:23:00+00:00,506.37,506.38,506.43,400,400,506.405,8.611363179609298e-09,-7.052514432892565e-06
2024-05-03 08:24:00+00:00,506.43,506.39,506.45,400,1700,506.4014285714286,1.0112678113801192e-08,7.052564171106113e-06
2024-05-03 08:25:00+00:00,506.43,506.38,506.43,400,400,506.405,5.842071586702199e-09,9.873520206160613e-05
2024-05-03 08:26:00+00:00,506.43,506.43,506.48,400,400,506.455,7.852005802483676e-09,0.00015796072701435016
2024-05-03 08:27:00+00:00,506.45,506.51,506.56,400,400,506.535,9.640549991975419e-09,-7.050704435851429e-06
2024-05-03 08:28:00+00:00,506.54,506.51,506.56,300,400,506.5314285714286,7.124720929028203e-09,0.00021434292611921535
2024-05-03 08:29:00+00:00,506.6,506.58,506.66,1200,400,506.64,1.420396367636327e-08,-7.865692852637718e-05
2024-05-03 08:30:00+00:00,506.6,506.6,506.63,2,400,506.6001492537314,2.509062476679805e-08,-1.6815151555604757e-05
2024-05-03 08:31:00+00:00,506.56,506.59,506.63,17,400,506.5916306954436,2.311796542952057e-08,-9.204789936934077e-05
2024-05-03 08:32:00+00:00,506.55,506.51,506.58,400,400,506.545,2.3615083627638603e-08,0.0001656099436158076
2024-05-03 08:33:00+00:00,506.61,506.6,506.66,400,400,506.63,6.435566526743002e-09,2.193145980156075e-06
2024-05-03 08:34:00+00:00,506.63,506.6,506.66,400,400,506.63,1.9105450801859707e-08,0.00017779191875866296
2024-05-03 08:35:00+00:00,506.7,506.7,506.74,403,400,506.7200747198007,9.049841909460287e-09,-6.921912422774845e-05
2024-05-03 08:36:00+00:00,506.7,506.66,506.71,400,400,506.685,8.921505436530011e-09,8.091812467303505e-05
2024-05-03 08:37:00+00:00,506.69,506.71,506.75,400,600,506.726,1.3483582428764232e-08,3.702573927899522e-05
2024-05-03 08:38:00+00:00,506.71,506.68,506.76,1700,400,506.7447619047619,1.5808478836785865e-08,0.0001780740562544736
2024-05-03 08:39:00+00:00,506.8,506.77,506.84,800,1200,506.798,2.167695598451663e-08,-0.00016277486756044457
2024-05-03 08:40:00+00:00,506.71,506.7,506.77,1200,400,506.7525,1.1709162866313524e-08,-5.097820599464509e-05
2024-05-03 08:41:00+00:00,506.71,506.72,506.76,100,500,506.7266666666667,8.676900459845105e-09,-3.683774289886532e-05
2024-05-03 08:42:00+00:00,506.72,506.7,506.73,100,1700,506.70166666666665,1.7215584240837344e-08,-0.0001999836855414161
2024-05-03 08:43:00+00:00,506.62,506.57,506.63,900,1700,506.59076923076924,1.556636695657471e-08,-1.3159453093880558e-06
2024-05-03 08:44:00+00:00,506.63,506.6,506.63,100,400,506.606,1.915430748883522e-08,5.724369628468118e-05
2024-05-03 08:45:00+00:00,506.64,506.61,506.66,400,400,506.635,9.906519850030535e-09,8.210973381550524e-05
2024-05-03 08:46:00+00:00,506.6,506.67,506.69,197,400,506.6765996649916,9.393884721879499e-09,8.492589684716556e-05
2024-05-03 08:47:00+00:00,506.72,506.7,506.75,400,110,506.7392156862745,1.549528047056509e-08,0.00016847654082940977
2024-05-03 08:48:00+00:00,506.75,506.77,506.84,400,400,506.805,8.660979838209035e-09,-6.906009214591169e-05
2024-05-03 08:49:00+00:00,506.82,506.76,506.83,500,1200,506.7805882352941,3.2813476499951806e-09,-2.6310423532072136e-05
2024-05-03 08:50:00+00:00,506.82,506.73,506.79,400,500,506.75666666666666,1.4063471662126128e-08,9.044446052342003e-05
2024-05-03 08:51:00+00:00,506.82,506.75,506.82,1200,400,506.8025,1.4346579176815439e-08,-0.00013318797756523004
2024-05-03 08:52:00+00:00,506.82,506.7,506.77,400,400,506.735,6.2630994098865055e-09,-1.9734180588537598e-06
2024-05-03 08:53:00+00:00,506.75,506.69,506.77,1200,800,506.738,1.2789064762513045e-08,8.091030007850719e-05
2024-05-03 08:54:00+00:00,506.79,506.75,506.8,400,400,506.775,2.0543641815720733e-08,-3.946524591780243e-05
2024-05-03 08:55:00+00:00,506.75,506.76,506.8,400,400,506.78,1.454438927140912e-08,-7.969258395990053e-05
2024-05-03 08:56:00+00:00,506.75,506.68,506.74,900,1200,506.7057142857143,2.0316823089636698e-08,-5.1614548623235557e-05
2024-05-03 08:57:00+00:00,506.67,506.67,506.73,400,400,506.7,1.3761456414277782e-08,-1.6552035679850974e-05
2024-05-03 08:58:00+00:00,506.71,506.68,506.71,1,400,506.6800748129676,1.4005723907575923e-08,1.300989327734925e-05
2024-05-03 08:59:00+00:00,506.66,506.66,506.71,50,400,506.66555555555556,4.005826662544477e-09,-6.578687683389539e-06
2024-05-03 09:00:00+00:00,506.66,506.66,506.71,350,400,506.68333333333334,1.1547983740673167e-08,-2.6995482226621625e-05
2024-05-03 09:01:00+00:00,506.66,506.66,506.7,350,1100,506.6696551724138,1.4625365688179845e-08,-5.0137606723787975e-05
2024-05-03 09:02:00+00:00,506.64,506.64,506.66,108,400,506.6442519685039,1.3568626711783652e-08,1.4764432698655128e-06
2024-05-03 09:03:00+00:00,506.61,506.62,506.67,400,400,506.645,4.234328194695978e-09,3.9475372302089085e-05
2024-05-03 09:04:00+00:00,506.61,506.65,506.68,400,400,506.665,9.045536600490817e-09,9.868453514583209e-06
2024-05-03 09:05:00+00:00,506.65,506.65,506.72,400,800,506.67333333333335,2.9107096974807872e-08,4.250984178755246e-05
2024-05-03 09:06:00+00:00,506.67,506.65,506.71,900,400,506.69153846153847,5.560847568016618e-09,-4.645520943558079e-05
2024-05-03 09:07:00+00:00,506.68,506.66,506.7,100,400,506.668,8.459000739309413e-09,-6.315772853227042e-05
2024-05-03 09:08:00+00:00,506.64,506.63,506.66,100,400,506.636,1.423971920912253e-09,3.719192338391686e-05
2024-05-03 09:09:00+00:00,506.64,506.63,506.68,395,400,506.6548427672956,5.129987817099801e-09,1.3169486712483192e-05
2024-05-03 09:10:00+00:00,506.64,506.65,506.71,95,400,506.6615151515152,1.770198432967902e-08,0.00017342458802693805
2024-05-03 09:11:00+00:00,506.64,506.7,506.75,400,5,506.7493827160494,1.2647692909673015e-08,-4.8115926493452754e-05
2024-05-03 09:12:00+00:00,506.75,506.7,506.75,400,400,506.725,8.1616210206696e-09,-8.273338975406386e-05
2024-05-03 09:13:00+00:00,506.69,506.64,506.7,800,400,506.68,5.085076630343634e-09,-3.567698212192383e-05
2024-05-03 09:14:00+00:00,506.69,506.65,506.68,400,400,506.665,6.4721111575141276e-09,-7.894762811722078e-05
2024-05-03 09:15:00+00:00,506.62,506.61,506.64,400,400,506.625,7.397796841095271e-09,-2.3968136477425794e-05
2024-05-03 09:16:00+00:00,506.61,506.6,506.63,300,400,506.61285714285714,1.1748753382083975e-08,0.00014193236687720656
2024-05-03 09:17:00+00:00,506.59,506.63,506.7,400,400,506.665,1.0385554504081208e-08,-7.354060663244955e-05
2024-05-03 09:18:00+00:00,506.59,506.63,506.7,400,1200,506.6475,7.370695634541796e-09,3.454078032572028e-05
2024-05-03 09:19:00+00:00,506.63,506.63,506.7,400,400,506.665,1.524597891957494e-08,-0.00020420107657237452
2024-05-03 09:20:00+00:00,506.59,506.52,506.58,900,400,506.5615384615385,9.663831881527618e-09,-6.884019457487067e-05
2024-05-03 09:21:00+00:00,506.57,506.52,506.56,100,500,506.52666666666664,1.3759032165422791e-08,-9.213072033054104e-05
2024-05-03 09:22:00+00:00,506.5,506.46,506.5,400,400,506.48,1.0596841811211166e-08,-7.897646501220379e-07
2024-05-03 09:23:00+00:00,506.46,506.46,506.52,350,400,506.488,7.589047931139111e-09,8.687418012520709e-06
2024-05-03 09:24:00+00:00,506.49,506.49,506.5,100,400,506.492,2.4300845615025733e-08,-5.342291412890887e-05
2024-05-03 09:25:00+00:00,506.53,506.45,506.48,105,400,506.4562376237624,2.5781045155905904e-09,3.8946090506142284e-05
2024-05-03 09:26:00+00:00,506.53,506.47,506.51,100,500,506.4766666666667,1.9378942818868287e-08,-3.2907076995547513e-06
2024-05-03 09:27:00+00:00,506.47,506.46,506.5,400,400,506.48,1.2482445852942172e-08,-0.00010555612510299017
2024-05-03 09:28:00+00:00,506.45,506.4,506.47,400,900,506.4215384615385,1.3412012737203421e-08,0.00012531366389811893
2024-05-03 09:29:00+00:00,506.47,506.46,506.51,400,400,506.485,3.2668337757229752e-09,0.0
2024-05-03 09:30:00+00:00,506.47,506.46,506.51,400,400,506.485,3.975493587408919e-08,-2.2609974437926006e-05
2024-05-03 09:31:00+00:00,506.46,506.46,506.52,350,400,506.488,1.5162201497880333e-08,5.222703730023426e-05
2024-05-03 09:32:00+00:00,506.46,506.47,506.53,400,400,506.5,2.414812419317458e-09,5.9230009871624745e-05
2024-05-03 09:33:00+00:00,506.53,506.5,506.56,400,400,506.53,6.190139688168762e-09,6.219010667574132e-05
2024-05-03 09:34:00+00:00,506.54,506.54,506.61,399,900,506.5615011547344,4.235940331173728e-09,-1.2833890296826134e-05
2024-05-03 09:35:00+00:00,506.54,506.53,506.58,400,400,506.555,1.937672115966401e-08,2.975947916339372e-05
2024-05-03 09:36:00+00:00,506.54,506.57,506.6,1,400,506.5700748129676,3.4912464610959813e-08,0.00026964058970402327
2024-05-03 09:37:00+00:00,506.62,506.68,506.75,400,400,506.715,1.584111568159156e-08,8.551956424507345e-05
2024-05-03 09:38:00+00:00,506.72,506.72,506.78,400,400,506.75,2.9168775338896227e-08,2.9600394671813746e-05
2024-05-03 09:39:00+00:00,506.78,506.73,506.8,400,400,506.765,6.170126816843598e-09,-6.299384709496092e-05
2024-05-03 09:40:00+00:00,506.74,506.69,506.76,800,500,506.7330769230769,5.274807208642149e-09,-0.00013434473922691037
2024-05-03 09:41:00+00:00,506.69,506.63,506.7,400,400,506.665,1.7044105548903982e-08,0.00011842144217588668
2024-05-03 09:42:00+00:00,506.69,506.7,506.75,400,400,506.725,4.603741949768112e-09,5.427006759095576e-05
2024-05-03 09:43:00+00:00,506.69,506.7,506.77,1200,400,506.7525,6.431237511074528e-09,2.4666873868373074e-05
2024-05-03 09:44:00+00:00,506.69,506.73,506.78,400,400,506.755,1.0926257070891545e-08,2.9599518514444867e-05
2024-05-03 09:45:00+00:00,506.69,506.74,506.82,1300,800,506.7895238095238,1.8800472781950477e-08,5.767940572010133e-05
2024-05-03 09:46:00+00:00,506.69,506.76,506.84,800,500,506.8092307692308,9.404166071528249e-09,-9.106749315479501e-05
2024-05-03 09:47:00+00:00,506.69,506.72,506.79,800,500,506.76307692307694,2.360681916583522e-09,-5.540443721230304e-05
2024-05-03 09:48:00+00:00,506.69,506.7,506.77,400,400,506.735,1.444096169998196e-08,-9.867090293713687e-06
2024-05-03 09:49:00+00:00,506.77,506.7,506.76,400,400,506.73,4.502681402678986e-09,-2.9601562962611183e-05
2024-05-03 09:50:00+00:00,506.73,506.68,506.75,400,400,506.715,2.148326734989465e-08,9.374105759651918e-05
2024-05-03 09:51:00+00:00,506.73,506.71,506.78,1200,400,506.7625,2.9577313406079096e-09,-0.00012333193557134692
2024-05-03 09:52:00+00:00,506.74,506.67,506.73,400,400,506.7,1.40343144976459e-08,6.907440299985801e-05
2024-05-03 09:53:00+00:00,506.7,506.71,506.76,400,400,506.735,2.038957584039179e-08,0.00012333862867186518
2024-05-03 09:54:00+00:00,506.7,506.78,506.85,400,1200,506.7975,1.222793171699946e-08,0.00012152962295775005
2024-05-03 09:55:00+00:00,506.85,506.81,506.86,800,400,506.8433333333333,1.3652738587114514e-08,-0.00023466341097377885
2024-05-03 09:56:00+00:00,506.85,506.74,506.8,1,400,506.74014962593515,1.2718454754666993e-08,0.00010824161871791915
2024-05-03 09:57:00+00:00,506.85,506.77,506.82,400,400,506.795,5.027454294945356e-09,3.6935685753913816e-05
2024-05-03 09:58:00+00:00,506.81,506.81,506.85,41,400,506.8137188208617,6.8742950846797984e-09,6.172125571324294e-05
2024-05-03 09:59:00+00:00,506.81,506.82,506.87,400,400,506.845,5.707837203741037e-09,9.864948850246691e-06
2024-05-03 10:00:00+00:00,506.81,506.82,506.87,1100,400,506.8566666666667,2.1341678910166535e-08,0.0001380615259365392
2024-05-03 10:01:00+00:00,506.88,506.88,506.92,2200,1,506.9199818264425,2.1727683628316645e-09,-7.8444026777591e-06
2024-05-03 10:02:00+00:00,506.92,506.91,506.94,100,400,506.916,1.872964621572447e-08,0.0001468940869158164
2024-05-03 10:03:00+00:00,506.97,506.99,507.0,5,103,506.99046296296297,4.3383139586932676e-09,8.268003538569602e-05
2024-05-03 10:04:00+00:00,507.0,507.0,507.04,1700,400,507.03238095238095,1.0307028792595948e-08,-9.3447586704265e-05
2024-05-03 10:05:00+00:00,507.0,506.96,507.01,400,400,506.985,8.766750100373378e-08,0.0004240756629880771
2024-05-03 10:06:00+00:00,507.21,507.16,507.21,400,100,507.2,2.4550457439905312e-08,-6.703470031543812e-05
2024-05-03 10:07:00+00:00,507.15,507.1,507.17,1700,400,507.1566666666667,1.5307975630757427e-08,-0.00013999361155903056
2024-05-03 10:08:00+00:00,507.1,507.06,507.11,400,400,507.085,2.3347188598567738e-08,8.885329443386603e-05
2024-05-03 10:09:00+00:00,507.13,507.11,507.18,301,400,507.14005706134094,1.506833397690724e-08,1.303309654532292e-05
2024-05-03 10:10:00+00:00,507.13,507.1,507.17,800,400,507.14666666666665,3.701813409234996e-09,3.614996319289965e-05
2024-05-03 10:11:00+00:00,507.13,507.13,507.18,400,500,507.15222222222224,2.9530746384145373e-08,-8.33510342250765e-05
2024-05-03 10:12:00+00:00,507.11,507.09,507.18,800,1400,507.1227272727273,1.2128426610799897e-08,-2.509702689856841e-05
2024-05-03 10:13:00+00:00,507.1,507.09,507.13,400,400,507.11,1.8323397858533652e-08,0.00010845773106438195
2024-05-03 10:14:00+00:00,507.09,507.14,507.19,400,400,507.165,1.7555302941556432e-09,-2.957617343479768e-05
2024-05-03 10:15:00+00:00,507.17,507.13,507.17,400,400,507.15,8.482191877603376e-09,-8.067639294040418e-05
2024-05-03 10:16:00+00:00,507.09,507.09,507.13,365,400,507.10908496732026,9.183873745470172e-09,-4.74946476690663e-05
2024-05-03 10:17:00+00:00,507.08,507.05,507.12,400,400,507.085,7.1750206127887265e-09,0.0
2024-05-03 10:18:00+00:00,507.08,507.05,507.12,400,400,507.085,7.11730857290044e-09,6.894791418865509e-05
2024-05-03 10:19:00+00:00,507.12,507.09,507.15,399,400,507.1199624530663,7.863551838402061e-09,0.0001262769200092162
2024-05-03 10:20:00+00:00,507.12,507.18,507.2,100,400,507.184,3.2065980916503166e-08,4.6881955617195104e-05
2024-05-03 10:21:00+00:00,507.19,507.19,507.23,400,500,507.2077777777778,1.060376633351304e-08,-6.132048739571072e-05
2024-05-03 10:22:00+00:00,507.17,507.14,507.19,1101,400,507.17667554963356,1.3688870091327474e-08,-0.00011326384507037712
2024-05-03 10:23:00+00:00,507.07,507.07,507.13,400,400,507.1,1.1952611857793915e-08,-2.8061979052140806e-05
2024-05-03 10:24:00+00:00,507.12,507.08,507.13,400,400,507.105,1.3939702066357776e-08,-8.87390185464465e-05
2024-05-03 10:25:00+00:00,507.09,507.03,507.09,400,400,507.06,3.095511146255234e-09,2.958229795280154e-05
2024-05-03 10:26:00+00:00,507.09,507.03,507.09,1200,400,507.075,7.1141939763455055e-09,4.800165598162209e-05
2024-05-03 10:27:00+00:00,507.11,507.07,507.11,1101,400,507.09934043970685,6.4560147965558505e-09,-2.8279349948312493e-05
2024-05-03 10:28:00+00:00,507.07,507.07,507.1,400,400,507.085,5.9921873412083615e-09,1.7748503702508245e-05
2024-05-03 10:29:00+00:00,507.06,507.07,507.1,400,100,507.094,1.1502096864891193e-08,3.155233546436875e-05
2024-05-03 10:30:00+00:00,507.1,507.09,507.13,400,400,507.11,3.725619282815299e-09,9.85979373311352e-05
2024-05-03 10:31:00+00:00,507.14,507.12,507.2,400,400,507.16,1.3053866419245068e-08,-0.00012022953260526492
2024-05-03 10:32:00+00:00,507.14,507.06,507.1,900,10,507.09956043956043,6.7484748281606164e-09,-7.695615326974714e-05
2024-05-03 10:33:00+00:00,507.14,507.03,507.09,400,400,507.06,2.08361276027934e-08,9.764563389325076e-05
2024-05-03 10:34:00+00:00,507.11,507.09,507.17,400,810,507.1164462809917,1.5863368784489453e-08,-5.212931607334603e-05
2024-05-03 10:35:00+00:00,507.08,507.04,507.11,800,500,507.08307692307693,2.7629261009214517e-08,-0.00012157446078153722
2024-05-03 10:36:00+00:00,507.0,507.0,507.05,300,400,507.02142857142854,1.2827104387476224e-08,-4.2263640589901286e-05
2024-05-03 10:37:00+00:00,506.99,506.97,507.03,400,400,507.0,2.9725895059258492e-08,-0.00016765285996056534
2024-05-03 10:38:00+00:00,506.92,506.88,506.95,400,400,506.915,7.073694467233326e-09,2.3015035393925132e-05
2024-05-03 10:39:00+00:00,506.92,506.88,506.95,800,400,506.9266666666667,5.2672069306844186e-09,4.3398782203940556e-05
2024-05-03 10:40:00+00:00,506.92,506.89,506.97,1100,400,506.94866666666667,7.382939382618199e-09,2.6301150806151696e-06
2024-05-03 10:41:00+00:00,506.89,506.91,506.97,800,400,506.95,7.079376959818041e-09,-6.575270408037959e-06
2024-05-03 10:42:00+00:00,506.89,506.9,506.96,400,400,506.93,1.1452694879609113e-08,-7.232845006699407e-05
2024-05-03 10:43:00+00:00,506.89,506.88,506.94,401,400,506.9100374531835,7.280319649303404e-09,3.945473555466705e-05
2024-05-03 10:44:00+00:00,506.91,506.92,506.97,100,400,506.93,1.5981166119537994e-08,5.548103288410822e-05
2024-05-03 10:45:00+00:00,506.92,506.92,506.99,400,400,506.955,7.015985018904461e-09,-0.00011319689124977828
2024-05-03 10:46:00+00:00,506.92,506.9,506.95,6,400,506.90073891625616,2.76349578465316e-08,0.00012129259487281274
2024-05-03 10:47:00+00:00,506.88,506.94,507.02,500,1300,506.96222222222224,5.715612254840531e-09,4.492993122440225e-05
2024-05-03 10:48:00+00:00,507.01,506.95,507.02,400,400,506.985,4.7379559885668773e-08,-0.00019041680037579223
2024-05-03 10:49:00+00:00,506.95,506.87,506.93,400,900,506.8884615384615,6.9789609021215586e-09,-4.4312585836592255e-05
2024-05-03 10:50:00+00:00,506.9,506.86,506.89,100,400,506.866,8.259121773870435e-09,-7.102468897102199e-05
2024-05-03 10:51:00+00:00,506.85,506.81,506.85,400,400,506.83,4.551966275597826e-09,-6.554977272088536e-08
2024-05-03 10:52:00+00:00,506.82,506.82,506.83,300,1,506.8299667774087,4.26089617078373e-09,8.885272289171908e-05
2024-05-03 10:53:00+00:00,506.86,506.84,506.91,400,400,506.875,4.809838722519983e-09,7.89149198521244e-05
2024-05-03 10:54:00+00:00,506.93,506.87,506.93,1200,400,506.915,8.141638868697122e-09,-2.9590759792141874e-05
2024-05-03 10:55:00+00:00,506.93,506.86,506.93,1100,400,506.91133333333335,3.087908571607148e-08,3.4523574669709234e-05
2024-05-03 10:56:00+00:00,506.93,506.88,506.93,1200,400,506.9175,2.641804986677289e-08,-0.00015249186862320574
2024-05-03 10:57:00+00:00,506.92,506.84,506.89,2,500,506.84019920318724,1.3279444197274941e-08,-2.012311415566792e-05
2024-05-03 10:58:00+00:00,506.8,506.81,506.85,400,400,506.83,1.6877715489910707e-08,-0.0001568670964524621
2024-05-03 10:59:00+00:00,506.83,506.75,506.8,4,400,506.750495049505,1.1398146233879927e-08,-3.9076390445647036e-07
2024-05-03 11:00:00+00:00,506.75,506.71,506.75,2,400,506.71019900497515,4.0053079306764017e-08,0.000131910780973854
2024-05-03 11:01:00+00:00,506.8,506.8,506.84,300,400,506.81714285714287,2.0461581736078527e-08,-0.0001316046789838765
2024-05-03 11:02:00+00:00,506.7,506.75,506.78,6,400,506.75044334975365,1.985129609486076e-08,-7.323134475234472e-05
2024-05-03 11:03:00+00:00,506.8,506.7,506.77,400,1700,506.7133333333333,4.625098737131858e-08,-0.00016445853671365196
2024-05-03 11:04:00+00:00,506.62,506.6,506.66,400,400,506.63,2.5596676672098022e-08,3.0366570050288644e-05
2024-05-03 11:05:00+00:00,506.65,506.63,506.68,400,500,506.65222222222224,3.06806089984582e-08,0.0002147970044448222
2024-05-03 11:06:00+00:00,506.77,506.75,506.77,100,375,506.7542105263158,6.136822563876346e-09,-8.308813677970761e-06
2024-05-03 11:07:00+00:00,506.78,506.73,506.78,400,1700,506.7395238095238,2.0427409288236943e-09,-9.866798223978623e-05
2024-05-03 11:08:00+00:00,506.78,506.69,506.72,400,800,506.7,5.0404230510112845e-09,1.5181187473789493e-06
2024-05-03 11:09:00+00:00,506.71,506.7,506.71,100,1200,506.70076923076925,8.938367018749801e-10,-4.068783839594747e-05
2024-05-03 11:10:00+00:00,506.68,506.65,506.68,500,50,506.67727272727274,1.621379738831186e-08,-9.341553450448181e-05
2024-05-03 11:11:00+00:00,506.65,506.63,506.66,500,800,506.64153846153846,1.756098848852696e-08,5.364659455353582e-05
2024-05-03 11:12:00+00:00,506.65,506.65,506.69,400,400,506.67,2.18961392333459e-08,-0.00019628656189674132
2024-05-03 11:13:00+00:00,506.6,506.56,506.61,10,900,506.56054945054944,2.7219616062283552e-08,0.0001568431444902707
2024-05-03 11:14:00+00:00,506.58,506.61,506.67,400,400,506.64,3.631425916795719e-08,0.00013526502145655428
2024-05-03 11:15:00+00:00,506.67,506.68,506.73,400,301,506.70853067047074,2.0389791262386917e-08,4.222253083718819e-05
2024-05-03 11:16:00+00:00,506.72,506.7,506.73,400,1,506.72992518703245,1.9719788254824617e-08,-4.918830681499564e-05
2024-05-03 11:17:00+00:00,506.67,506.69,506.72,400,400,506.705,9.14500151957821e-09,8.87302865382189e-05
2024-05-03 11:18:00+00:00,506.74,506.73,506.75,500,1,506.7499600798403,2.2962835448438038e-08,0.00018754795786213307
2024-05-03 11:19:00+00:00,506.85,506.84,506.85,100,100,506.845,1.0640854225776454e-08,1.9729897700049293e-06
2024-05-03 11:20:00+00:00,506.84,506.85,506.88,400,400,506.865,8.669835950995552e-09,-8.08924209720896e-05
2024-05-03 11:21:00+00:00,506.84,506.78,506.83,400,400,506.805,1.2932463359807206e-08,1.849823896771241e-05
2024-05-03 11:22:00+00:00,506.8,506.79,506.82,1300,300,506.814375,1.1263401901237979e-08,0.00010782920323415546
2024-05-03 11:23:00+00:00,506.82,506.83,506.87,400,10,506.86902439024385,4.702525948623158e-09,-2.569577073585627e-05
2024-05-03 11:24:00+00:00,506.85,506.85,506.88,100,400,506.856,3.1133609012692292e-09,-1.6002239756618408e-06
2024-05-03 11:25:00+00:00,506.88,506.83,506.88,400,394,506.8551889168766,7.983722557599822e-09,0.00018705753674130854
2024-05-03 11:26:00+00:00,506.92,506.93,506.99,400,800,506.95,1.141132012607996e-08,6.575270407926936e-06
2024-05-03 11:27:00+00:00,506.96,506.94,506.99,400,1100,506.9533333333333,1.4322294255034841e-08,0.00016951256397623737
2024-05-03 11:28:00+00:00,507.0,507.01,507.04,400,10,507.03926829268295,6.084672595654844e-09,-8.730742459450713e-05
2024-05-03 11:29:00+00:00,507.01,506.97,507.02,400,400,506.995,9.467987384829496e-09,0.00018728019938718532
2024-05-03 11:30:00+00:00,507.08,507.07,507.09,400,1,507.0899501246883,1.7258717268490692e-08,-8.86432962775574e-05
2024-05-03 11:31:00+00:00,507.07,507.02,507.07,400,400,507.045,4.256686752627727e-09,2.6765728034838787e-05
2024-05-03 11:32:00+00:00,507.1,507.04,507.06,1300,100,507.05857142857144,2.491138843311182e-08,1.3981689805042663e-05
2024-05-03 11:33:00+00:00,507.05,507.04,507.07,1100,186,507.0656609642301,1.2736639741714293e-08,2.7842629429786214e-05
2024-05-03 11:34:00+00:00,507.07,507.04,507.08,900,5,507.07977900552487,1.6501967239911763e-08,-0.00018836623820850384
2024-05-03 11:35:00+00:00,507.0,506.94,507.0,1125,400,506.984262295082,3.915358447754594e-08,-0.00019438080567146798
2024-05-03 11:36:00+00:00,506.9,506.85,506.9,1000,400,506.8857142857143,2.6326773716713747e-08,-6.059410405279131e-05
2024-05-03 11:37:00+00:00,506.9,506.84,506.9,400,330,506.8728767123287,2.3802800361872358e-08,0.00019729508439292331
2024-05-03 11:38:00+00:00,506.95,506.92,506.98,400,400,506.95,4.0637850829954035e-09,-0.00011638113836531794
2024-05-03 11:39:00+00:00,506.9,506.89,506.92,100,400,506.896,5.1176685345862516e-08,-0.00021897983018215328
2024-05-03 11:40:00+00:00,506.8,506.75,506.82,400,400,506.785,1.948825753465047e-08,0.00012825951833628224
2024-05-03 11:41:00+00:00,506.8,506.9,506.92,1,310,506.9000643086817,4.1511090409997076e-08,2.959455460183058e-05
2024-05-03 11:42:00+00:00,506.88,506.85,506.88,400,400,506.865,4.581460988070838e-08,-3.6170051854633734e-05
2024-05-03 11:43:00+00:00,506.85,506.84,506.85,100,50,506.8466666666667,1.5378655963668478e-08,1.3153221881667676e-05
2024-05-03 11:44:00+00:00,506.87,506.85,506.86,85,50,506.85629629629636,2.357181593676312e-08,-0.00012697751031010007
2024-05-03 11:45:00+00:00,506.84,506.81,506.83,100,400,506.814,1.3604192791556239e-08,0.0001684557939289899
2024-05-03 11:46:00+00:00,506.86,506.83,506.88,400,51,506.8743458980044,4.6174104489415465e-08,-8.617368720909013e-05
2024-05-03 11:47:00+00:00,506.82,506.82,506.86,400,1100,506.8306666666667,1.1268260892208802e-08,-0.00012909355280121826
2024-05-03 11:48:00+00:00,506.8,506.75,506.84,1700,1100,506.8046428571429,3.748940266001742e-08,-0.00012497568612124255
2024-05-03 11:49:00+00:00,506.72,506.7,506.74,20,400,506.70190476190476,2.128811709635466e-08,-7.127337205492523e-05
2024-05-03 11:50:00+00:00,506.66,506.66,506.68,163,400,506.6657904085257,2.134258374556129e-08,0.0001612692094494772
2024-05-03 11:51:00+00:00,506.66,506.74,506.77,400,1200,506.7475,2.1134660564363386e-08,-0.00017218256906992302
2024-05-03 11:52:00+00:00,506.74,506.66,506.68,5,400,506.66024691358024,9.235238172302174e-08,-0.0003820711178601499
2024-05-03 11:53:00+00:00,506.46,506.45,506.5,400,800,506.46666666666664,2.1272707697554754e-08,0.00016171797137976007
2024-05-03 11:54:00+00:00,506.56,506.54,506.58,300,2100,506.545,9.563542628335413e-09,5.934606600321857e-05
2024-05-03 11:55:00+00:00,506.56,506.58,506.6,400,990,506.5857553956834,1.5751232068275343e-08,0.00012113994248030835
2024-05-03 11:56:00+00:00,506.57,506.61,506.67,400,400,506.64,2.4288736390915246e-08,0.00017369335228178961
2024-05-03 11:57:00+00:00,506.75,506.72,506.76,100,400,506.728,2.8115608802992805e-08,-0.0001637959615415907
2024-05-03 11:58:00+00:00,506.66,506.62,506.67,400,400,506.645,3.213428570088542e-09,9.967285400591663e-06
2024-05-03 11:59:00+00:00,506.67,506.65,506.67,1,400,506.65004987531177,1.3497048096754552e-08,-3.957342018756638e-05
2024-05-03 12:00:00+00:00,506.65,506.62,506.65,400,400,506.635,4.150173464959616e-08,0.00023539715227949287
2024-05-03 12:01:00+00:00,506.73,506.69,506.75,400,5,506.7492592592593,2.848260332492497e-08,-0.00010115310150482504
2024-05-03 12:02:00+00:00,506.7,506.69,506.7,400,100,506.698,3.919305561735409e-08,0.0002684044539351671
2024-05-03 12:03:00+00:00,506.8,506.79,506.85,1100,400,506.834,5.153767869396858e-08,0.00022492571532284344
2024-05-03 12:04:00+00:00,506.93,506.94,506.98,100,400,506.948,5.146678861590053e-08,-1.592828646634903e-05
2024-05-03 12:05:00+00:00,506.99,506.91,506.94,400,301,506.9271184022825,1.904227424766951e-08,-9.906936550097001e-05
2024-05-03 12:06:00+00:00,506.87,506.86,506.89,100,1,506.88970297029704,3.9842522758684666e-08,4.223431781835707e-05
2024-05-03 12:07:00+00:00,506.9,506.9,506.92,500,400,506.9111111111111,9.498821990299141e-08,0.00022326321261045834
2024-05-03 12:08:00+00:00,507.02,507.0,507.03,1700,400,507.0242857142857,4.119671805824891e-08,-7.9010736372509e-05
2024-05-03 12:09:00+00:00,506.98,506.95,506.99,1500,400,506.9815789473684,4.064884220379631e-08,-0.00033342293206484186
2024-05-03 12:10:00+00:00,506.88,506.8,506.83,410,400,506.81518518518516,1.9158559574639977e-08,0.00010284322302522853
2024-05-03 12:11:00+00:00,506.88,506.85,506.88,1500,1100,506.8673076923077,1.0899060665726395e-07,5.9945896931035136e-05
2024-05-03 12:12:00+00:00,506.85,506.87,506.91,900,400,506.8976923076923,3.566066996730056e-08,8.346396708791559e-05
2024-05-03 12:13:00+00:00,506.93,506.91,506.95,500,400,506.9322222222222,5.747020388305376e-08,2.6993747832770865e-05
2024-05-03 12:14:00+00:00,506.96,506.94,506.98,400,1100,506.9506666666667,7.583602340437879e-08,8.060153282607452e-05
2024-05-03 12:15:00+00:00,506.96,506.97,507.0,1800,400,506.99454545454546,4.928572073115005e-08,-8.213545710178405e-05
2024-05-03 12:16:00+00:00,506.95,506.94,506.98,800,400,506.96666666666664,3.109869581977131e-08,-0.00013653934091251152
2024-05-03 12:17:00+00:00,506.97,506.86,506.89,1500,400,506.8836842105263,5.425896109186752e-08,0.00017993313425868074
2024-05-03 12:18:00+00:00,506.95,506.94,506.98,801,308,506.9688908926961,5.3548164623060386e-08,4.459909147902508e-05
2024-05-03 12:19:00+00:00,506.95,506.96,506.97,800,100,506.9688888888889,4.940130099253215e-08,0.0001473818356543255
2024-05-03 12:20:00+00:00,507.08,507.05,507.09,500,400,507.0722222222222,8.24775025421187e-08,2.7888362883476958e-05
2024-05-03 12:21:00+00:00,507.09,507.05,507.09,400,40,507.0863636363636,5.861944746382695e-08,7.933975591201126e-05
2024-05-03 12:22:00+00:00,507.12,507.1,507.15,500,440,507.12659574468086,1.1657350747558173e-07,-0.00013335884132337217
2024-05-03 12:23:00+00:00,507.06,507.05,507.07,1500,800,507.06304347826085,3.5008956904605696e-08,-0.00026363397619399986
2024-05-03 12:24:00+00:00,506.92,506.88,506.93,800,3200,506.89,4.455164678580063e-08,-0.00010413360581762454
2024-05-03 12:25:00+00:00,506.9,506.91,506.94,1900,800,506.93111111111114,6.91381414927331e-08,0.00016450360384734353
2024-05-03 12:26:00+00:00,506.95,506.94,506.99,400,500,506.96222222222224,9.05725240168802e-08,-9.839584602433504e-05
2024-05-03 12:27:00+00:00,506.93,506.9,506.93,100,400,506.906,9.277798604068047e-08,4.98119967013988e-05
2024-05-03 12:28:00+00:00,506.93,506.9,506.95,1600,900,506.932,7.962513178954884e-08,9.996045207927295e-05
2024-05-03 12:29:00+00:00,507.02,506.98,507.02,30,1450,506.9808108108108,1.254587371082018e-06,0.00028840972299337686
2024-05-03 12:30:00+00:00,506.67,506.59,507.16,1,10,506.6418181818181,1.7403352853221935e-05,0.006461598437007998
2024-05-03 12:31:00+00:00,510.39,510.42,510.54,500,8050,510.4270175438597,1.2866395365412324e-06,-0.0003036804106542057
2024-05-03 12:32:00+00:00,510.31,510.33,510.38,500,500,510.355,9.492618106321488e-07,-0.0002157435768411764
2024-05-03 12:33:00+00:00,510.12,510.17,510.2,300,10,510.19903225806456,5.996162108800262e-07,0.001067826053887666
2024-05-03 12:34:00+00:00,510.64,510.63,510.68,300,500,510.64875,2.703140982027683e-07,-0.0002734711767549136
2024-05-03 12:35:00+00:00,510.55,510.53,510.57,500,1000,510.54333333333335,2.989484363869904e-07,0.0006822774355508265
2024-05-03 12:36:00+00:00,510.86,510.87,510.91,800,1500,510.8839130434783,5.399416595657314e-07,0.0007666309992955256
2024-05-03 12:37:00+00:00,511.31,511.25,511.3,1000,600,511.28125,4.499607171053961e-07,-0.0008214596555737863
2024-05-03 12:38:00+00:00,510.88,510.82,510.87,500,1300,510.8338888888889,2.753171395438067e-07,-0.00028948621934443697
2024-05-03 12:39:00+00:00,510.73,510.73,510.76,360,570,510.74161290322587,1.438631013597449e-07,0.00014695129240749338
2024-05-03 12:40:00+00:00,510.8,510.78,510.81,375,540,510.7922950819672,2.606522043898179e-07,-3.5308251322474504e-05
2024-05-03 12:41:00+00:00,510.75,510.72,510.76,500,500,510.74,3.0682060255728516e-07,-8.158079042563937e-05
2024-05-03 12:42:00+00:00,510.7,510.67,510.71,520,560,510.6892592592593,1.859236226151472e-07,0.00032161416087572725
2024-05-03 12:43:00+00:00,510.93,510.87,510.92,860,560,510.90028169014084,3.5623305660227725e-07,-0.0004615953116220428
2024-05-03 12:44:00+00:00,510.7,510.63,510.67,400,500,510.6477777777778,3.8657768990675834e-07,-0.0004667282622712321
2024-05-03 12:45:00+00:00,510.4,510.4,510.44,144,560,510.4081818181818,4.286386436586058e-07,0.00019314008766513346
2024-05-03 12:46:00+00:00,510.54,510.49,510.54,860,500,510.52161764705886,2.997489224771946e-07,-0.00036623768091958997
2024-05-03 12:47:00+00:00,510.4,510.4,510.44,560,560,510.42,3.062181554083889e-07,0.0007272671661848751
2024-05-03 12:48:00+00:00,510.71,510.67,510.71,570,570,510.69000000000005,2.6584915963442644e-07,0.00014345288543093915
2024-05-03 12:49:00+00:00,510.81,510.77,510.81,150,550,510.7785714285714,1.782025799250981e-07,-0.00027968507460596204
2024-05-03 12:50:00+00:00,510.6,510.63,510.67,560,550,510.65018018018014,1.4944074832303969e-07,9.797668619149213e-05
2024-05-03 12:51:00+00:00,510.68,510.68,510.73,870,1370,510.6994196428571,1.4919847995877126e-07,-0.0005726060517244891
2024-05-03 12:52:00+00:00,510.39,510.36,510.41,1871,1360,510.38895388424635,1.0538326593506793e-07,-9.407187047594245e-05
2024-05-03 12:53:00+00:00,510.3,510.32,510.36,570,570,510.3400000000001,1.9105456592622343e-07,0.00021493431928365503
2024-05-03 12:54:00+00:00,510.47,510.45,510.5,560,560,510.475,1.1084133008893944e-07,-7.917772706045323e-05
2024-05-03 12:55:00+00:00,510.37,510.39,510.43,900,560,510.4146575342465,1.6078355155333394e-07,0.00031658481448082476
2024-05-03 12:56:00+00:00,510.56,510.56,510.6,1360,5,510.5998534798535,1.7051906152787088e-07,-0.00010886642810403746
2024-05-03 12:57:00+00:00,510.54,510.52,510.55,10,500,510.5205882352941,1.9819493427880111e-07,0.0001513153520620314
2024-05-03 12:58:00+00:00,510.64,510.56,510.6,950,60,510.5976237623762,8.640327509450719e-08,0.00019147162756438796
2024-05-03 12:59:00+00:00,510.74,510.68,510.72,550,860,510.69560283687946,1.933368132167798e-07,-0.00010918197524822926
2024-05-03 13:00:00+00:00,510.6,510.64,510.67,400,560,510.6525,2.80779657708106e-07,-0.00018209887150721915
2024-05-03 13:01:00+00:00,510.61,510.55,510.61,1000,750,510.5842857142857,1.2909070504898555e-07,0.0004096447842480977
2024-05-03 13:02:00+00:00,510.77,510.74,510.77,400,600,510.752,8.904210813608567e-08,0.0004286135523061674
2024-05-03 13:03:00+00:00,510.96,510.94,510.98,1450,360,510.97204419889505,1.0643057282126921e-07,-0.00020667667862406258
2024-05-03 13:04:00+00:00,510.88,510.86,510.89,450,1000,510.86931034482757,9.700731287019477e-08,-0.00018852247116296628
2024-05-03 13:05:00+00:00,510.78,510.76,510.8,350,1350,510.76823529411763,1.237867988712432e-07,-0.0002731154544191039
2024-05-03 13:06:00+00:00,510.62,510.62,510.65,450,550,510.6335,1.1205732897900596e-07,-2.5526887133198173e-05
2024-05-03 13:07:00+00:00,510.66,510.6,510.62,250,450,510.60714285714283,1.1280675219194398e-07,-0.00025254703077259855
2024-05-03 13:08:00+00:00,510.47,510.47,510.5,450,450,510.485,5.98601435221036e-08,-0.00010230085850893023
2024-05-03 13:09:00+00:00,510.45,510.41,510.44,450,850,510.4203846153846,1.154746695091767e-07,-2.6174818654411958e-05
2024-05-03 13:10:00+00:00,510.43,510.4,510.43,1440,87,510.42829076620825,7.185406227423285e-08,9.376411914008287e-06
2024-05-03 13:11:00+00:00,510.43,510.4,510.43,851,250,510.42318801089914,7.789757201446896e-08,0.0002855619045145641
2024-05-03 13:12:00+00:00,510.61,510.58,510.61,260,460,510.59083333333336,6.764294347993783e-08,-0.0002469482636076048
2024-05-03 13:13:00+00:00,510.5,510.47,510.5,450,550,510.4835,7.774903077753099e-08,-0.00014383440953957827
2024-05-03 13:14:00+00:00,510.4,510.37,510.41,360,860,510.38180327868855,7.644063650404057e-08,2.6892611576734282e-05
2024-05-03 13:15:00+00:00,510.39,510.38,510.42,750,450,510.405,4.668498316891639e-08,-0.0002029511786049154
2024-05-03 13:16:00+00:00,510.27,510.25,510.28,450,450,510.265,4.9263856110765636e-08,7.480166949069833e-05
2024-05-03 13:17:00+00:00,510.32,510.32,510.35,270,1370,510.32493902439023,8.294795528538931e-08,-9.320968310411182e-05
2024-05-03 13:18:00+00:00,510.3,510.29,510.31,570,1071,510.29694698354666,1.4147729975237044e-07,6.258263547076481e-05
2024-05-03 13:19:00+00:00,510.32,510.28,510.31,350,550,510.2916666666667,7.888314800354151e-08,0.00014375025807145114
2024-05-03 13:20:00+00:00,510.37,510.37,510.41,1150,850,510.393,7.695096218926711e-08,-5.812628294166178e-05
2024-05-03 13:21:00+00:00,510.36,510.34,510.37,800,400,510.36,8.425567907408804e-08,-0.00015995823832992695
2024-05-03 13:22:00+00:00,510.27,510.26,510.3,500,1050,510.27290322580643,7.462303527119891e-08,1.635335121630277e-05
2024-05-03 13:23:00+00:00,510.3,510.3,510.33,200,805,510.3059701492537,4.969791491558845e-08,-2.621325098939309e-05
2024-05-03 13:24:00+00:00,510.26,510.24,510.28,1300,600,510.26736842105265,6.528030044509668e-08,6.649882883902336e-06
2024-05-03 13:25:00+00:00,510.29,510.27,510.3,1,300,510.27009966777405,8.5419391795654e-08,-7.402553395374767e-06
2024-05-03 13:26:00+00:00,510.23,510.27,510.29,500,500,510.28,9.767962818008726e-08,0.0001921844545873519
2024-05-03 13:27:00+00:00,510.33,510.37,510.4,400,15,510.39891566265055,1.358638663631578e-07,0.00046163805334353825
2024-05-03 13:28:00+00:00,510.59,510.57,510.6,1850,503,510.59358691032725,9.985202848838036e-08,8.061042873674928e-05
2024-05-03 13:29:00+00:00,510.65,510.63,510.67,335,1500,510.6373024523161,2.0524373456357686e-07,0.0010160345443406271
2024-05-03 13:30:00+00:00,511.13,511.13,511.16,390,2,511.1598469387756,6.387951166320015e-07,0.00013350361220676454
2024-05-03 13:31:00+00:00,511.23,511.23,511.25,100,100,511.24,3.339063556631453e-07,-0.0007593122444879974
2024-05-03 13:32:00+00:00,510.89,510.89,510.91,387,700,510.89712051517944,4.205806018473695e-07,-0.0007145094354396031
2024-05-03 13:33:00+00:00,510.41,510.39,510.4,100,200,510.3933333333333,2.9997400171591994e-07,-0.00019916091222227372
2024-05-03 13:34:00+00:00,510.37,510.37,510.39,100,200,510.37666666666667,1.3649790394899825e-07,-0.00022859083546689085
2024-05-03 13:35:00+00:00,510.18,510.16,510.18,400,700,510.16727272727275,4.4418964261960675e-07,-0.0006263668150092716
2024-05-03 13:36:00+00:00,509.94,509.93,509.95,230,500,509.93630136986303,1.9982221499858039e-07,0.0002511761626207143
2024-05-03 13:37:00+00:00,510.1,510.09,510.11,600,240,510.1042857142857,2.3528231534409383e-07,-0.0003542653624322156
2024-05-03 13:38:00+00:00,509.81,509.8,509.81,469,950,509.80330514446797,2.8414343038817726e-07,0.00036754878374756217
2024-05-03 13:39:00+00:00,510.08,510.07,510.08,330,400,510.0745205479452,1.7569951606267523e-07,0.0002361897232834309
2024-05-03 13:40:00+00:00,510.22,510.21,510.23,330,330,510.2199999999999,2.3608855664066263e-07,0.0009439435411755515
2024-05-03 13:41:00+00:00,510.65,510.64,510.65,487,877,510.64357038123165,2.3409526989114748e-07,0.00020609694563034076
2024-05-03 13:42:00+00:00,510.78,510.78,510.8,180,530,510.78507042253517,1.8015289932977112e-07,0.0003499284197496788
2024-05-03 13:43:00+00:00,510.9,510.88,510.9,968,600,510.89234693877546,1.7065179398175563e-07,-0.00010940786509316958
2024-05-03 13:44:00+00:00,510.91,510.88,510.9,800,300,510.89454545454544,1.0364120070927357e-07,0.00028772641328478343
2024-05-03 13:45:00+00:00,511.04,511.04,511.07,198,100,511.059932885906,4.3973434493601473e-07,0.00010713258415528948
2024-05-03 13:46:00+00:00,511.1,511.1,511.11,100,100,511.105,4.1795551616547297e-07,0.0007072394484581856
2024-05-03 13:47:00+00:00,511.48,511.47,511.49,300,1200,511.474,1.8071825408279439e-07,-0.0002961084011532389
2024-05-03 13:48:00+00:00,511.35,511.35,511.37,330,430,511.3586842105263,1.4915632626209932e-07,0.0002814335172121041
2024-05-03 13:49:00+00:00,511.47,511.43,511.45,516,230,511.4438337801609,2.1864911915023058e-07,-9.793227125765025e-05
2024-05-03 13:50:00+00:00,511.39,511.38,511.39,540,100,511.38843749999995,1.5739907812072036e-07,-0.0001408335530183047
2024-05-03 13:51:00+00:00,511.35,511.33,511.34,140,440,511.33241379310346,2.628775569287636e-07,-0.00020275544000480927
2024-05-03 13:52:00+00:00,511.22,511.2,511.22,440,630,511.2082242990655,1.9688475734343533e-07,0.0002601987215251622
2024-05-03 13:53:00+00:00,511.4,511.38,511.39,230,330,511.3841071428571,1.8639926146025083e-07,0.0007224787862674109
2024-05-03 13:54:00+00:00,511.71,511.7,511.71,440,405,511.70520710059174,8.369212914700541e-08,-9.819905703145615e-05
2024-05-03 13:55:00+00:00,511.68,511.67,511.68,341,100,511.67773242630386,1.9170963084078843e-07,2.164579774532882e-06
2024-05-03 13:56:00+00:00,511.68,511.67,511.68,1448,200,511.678786407767,8.18655894662621e-08,0.0003639130883290598
2024-05-03 13:57:00+00:00,511.87,511.87,511.88,185,730,511.87202185792347,1.1187664483767695e-07,-0.00010697413739091388
2024-05-03 13:58:00+00:00,511.82,511.79,511.82,800,1400,511.8009090909091,5.2539104784361103e-08,0.00014110955528789937
2024-05-03 13:59:00+00:00,511.895,511.88,511.89,360,100,511.8878260869565,1.7637305554299023e-07,-0.0006718037768612684
2024-05-03 14:00:00+00:00,511.56,511.53,511.63,100,200,511.56333333333333,5.457773782879341e-06,-0.0014542526320276972
2024-05-03 14:01:00+00:00,510.72,510.73,510.75,100,200,510.7366666666667,1.0820130083494986e-06,-0.0009026690652929048
2024-05-03 14:02:00+00:00,510.33,510.28,510.3,300,200,510.292,9.165771373314325e-07,0.0007138098410583993
2024-05-03 14:03:00+00:00,510.72,510.7,510.72,700,100,510.7175,8.307728089253228e-07,-0.0009237943120564696
2024-05-03 14:04:00+00:00,510.23,510.19,510.2,200,200,510.195,7.120274344838629e-07,-0.0007594576982061785
2024-05-03 14:05:00+00:00,509.92,509.9,509.92,700,200,509.91555555555556,6.966309467842521e-07,0.0008453549608213873
2024-05-03 14:06:00+00:00,510.19,510.19,510.2,300,200,510.196,3.7570961499401206e-07,0.0006702255250099487
2024-05-03 14:07:00+00:00,510.58,510.53,510.54,100,300,510.5325,6.079976783747353e-07,-0.0010490707703306734
2024-05-03 14:08:00+00:00,510.09,510.06,510.07,431,230,510.06652042360054,5.577900139903741e-07,-0.000666048120980256
2024-05-03 14:09:00+00:00,509.7,509.69,509.7,256,430,509.6937317784257,4.035307028588566e-07,0.0007139594416505357
2024-05-03 14:10:00+00:00,510.13,510.12,510.14,1140,230,510.1366423357664,5.01847680235171e-07,7.348212356306227e-05
2024-05-03 14:11:00+00:00,510.14,510.12,510.13,149,340,510.1230470347648,4.12649770633031e-07,-0.00044890353928461746
2024-05-03 14:12:00+00:00,509.89,509.89,509.9,300,330,509.8947619047618,5.305084137365694e-07,-0.0009609444711373705
2024-05-03 14:13:00+00:00,509.42,509.4,509.41,894,300,509.407487437186,4.0621330552747913e-07,0.00015110378937865931
2024-05-03 14:14:00+00:00,509.51,509.51,509.52,230,100,509.5169696969696,2.1006445949941512e-07,0.0001892763032178557
2024-05-03 14:15:00+00:00,509.59,509.65,509.66,330,330,509.6550000000001,3.231387505026559e-07,0.0004407737524694255
2024-05-03 14:16:00+00:00,509.85,509.86,509.88,330,930,509.86523809523806,4.4288446874289735e-07,-0.000527483350474145
2024-05-03 14:17:00+00:00,509.55,509.55,509.56,230,130,509.5563888888889,3.0897728057618584e-07,0.0009304353280863431
2024-05-03 14:18:00+00:00,510.05,510.02,510.04,430,430,510.03000000000003,2.604520858288614e-07,-0.0005203402308430194
2024-05-03 14:19:00+00:00,509.66,509.65,509.67,331,460,509.6583691529709,3.3166463975351976e-07,-0.00036591485513393085
2024-05-03 14:20:00+00:00,509.63,509.62,509.63,100,2230,509.6204291845494,4.015782200515863e-07,-0.0008843394106725633
2024-05-03 14:21:00+00:00,509.2,509.2,509.22,290,540,509.20698795180726,2.8790799672221584e-07,0.0005343855171540124
2024-05-03 14:22:00+00:00,509.45,509.43,509.44,340,240,509.4358620689655,2.9235236435995374e-07,-0.00018433595719991036
2024-05-03 14:23:00+00:00,509.31,509.3,509.31,230,230,509.30499999999995,2.6173686608287267e-07,-0.00015192373996941733
2024-05-03 14:24:00+00:00,509.26,509.25,509.26,200,501,509.25285306704706,2.864611834280564e-07,0.0005910183558750504
2024-05-03 14:25:00+00:00,509.54,509.51,509.53,430,230,509.52303030303034,3.4678592393763506e-07,-0.0013756731942058398
2024-05-03 14:26:00+00:00,508.84,508.83,508.84,400,440,508.8347619047619,3.3043565590663395e-07,0.00019083291838928318
2024-05-03 14:27:00+00:00,508.93,508.92,508.93,100,440,508.92185185185195,2.3334805412970135e-07,0.0006564976778720144
2024-05-03 14:28:00+00:00,509.3,509.28,509.29,230,330,509.2841071428571,2.4511270859177616e-07,0.0012183117942552446
2024-05-03 14:29:00+00:00,509.86,509.88,509.89,930,100,509.88902912621353,2.488714734911539e-07,-0.0004192640934531644
2024-05-03 14:30:00+00:00,509.66,509.67,509.68,330,100,509.6776744186046,2.805412080451389e-07,0.00040363463721804216
2024-05-03 14:31:00+00:00,509.91,509.9,509.91,630,230,509.90732558139536,2.5004497939007613e-07,-0.0004057567161029896
2024-05-03 14:32:00+00:00,509.71,509.68,509.7,1030,430,509.6941095890411,3.488465759543192e-07,-0.0005143258323735411
2024-05-03 14:33:00+00:00,509.39,509.38,509.39,100,430,509.38188679245286,3.5795846856809215e-07,-0.0003860727525162311
2024-05-03 14:34:00+00:00,509.19,509.2,509.21,230,330,509.20410714285714,3.063597985664962e-07,-0.00013849263502707654
2024-05-03 14:35:00+00:00,509.15,509.18,509.19,100,640,509.1813513513514,4.430193164909883e-07,-2.3260437423733293e-05
2024-05-03 14:36:00+00:00,509.15,509.13,509.14,100,430,509.13188679245286,2.4576627188324465e-07,0.0007658498262550495
2024-05-03 14:37:00+00:00,509.51,509.55,509.56,100,502,509.55166112956806,1.860874351765688e-07,9.892311090187178e-05
2024-05-03 14:38:00+00:00,509.6,509.59,509.6,400,100,509.598,2.722765537958334e-07,-0.00028301223738158576
2024-05-03 14:39:00+00:00,509.44,509.44,509.45,330,1030,509.4424264705882,2.260345099333321e-07,0.0002417834005927766
2024-05-03 14:40:00+00:00,509.6,509.57,509.59,340,440,509.57871794871795,1.8975167635948412e-07,-6.21901275987824e-06
2024-05-03 14:41:00+00:00,509.635,509.63,509.64,478,230,509.6367514124293,3.913405333800089e-07,0.0002753950858933596
2024-05-03 14:42:00+00:00,509.7,509.7,509.71,440,444,509.70497737556553,4.0055715614041703e-07,-0.0004633603373248585
2024-05-03 14:43:00+00:00,509.48,509.46,509.48,900,460,509.4732352941176,1.9881061227086964e-07,0.0008112732592211458
2024-05-03 14:44:00+00:00,509.9,509.89,509.9,140,330,509.8929787234042,2.1490231625543537e-07,0.0007712770576364658
2024-05-03 14:45:00+00:00,510.27,510.27,510.28,340,240,510.2758620689655,1.8713372771688192e-07,-0.00018779040989302942
2024-05-03 14:46:00+00:00,510.16,510.15,510.16,100,384,510.15206611570244,1.0253021661468746e-07,0.00015969473709231963
2024-05-03 14:47:00+00:00,510.23,510.22,510.23,430,340,510.2255844155844,1.1739828285649331e-07,-1.4325591085717626e-05
2024-05-03 14:48:00+00:00,510.22,510.22,510.23,160,1160,510.2212121212122,2.040306418541769e-07,-0.00016467964952060488
2024-05-03 14:49:00+00:00,510.14,510.13,510.15,1240,340,510.1456962025316,1.7259822030254757e-07,-0.00013354095480544448
2024-05-03 14:50:00+00:00,510.07,510.07,510.08,240,340,510.0741379310345,2.8995945010630136e-07,-0.0008523452433465417
2024-05-03 14:51:00+00:00,509.6,509.59,509.61,439,430,509.60010356731874,1.690966274120984e-07,-1.2028898971672142e-05
2024-05-03 14:52:00+00:00,509.64,509.62,509.64,540,440,509.63102040816324,2.493966194391999e-07,-0.00061096313550979
2024-05-03 14:53:00+00:00,509.29,509.3,509.31,240,440,509.3035294117647,1.9792327486090087e-07,-4.018907173342079e-05
2024-05-03 14:54:00+00:00,509.28,509.27,509.29,600,435,509.28159420289853,1.726375610518632e-07,-8.606917663644964e-05
2024-05-03 14:55:00+00:00,509.29,509.29,509.3,240,340,509.29413793103447,2.4733972339302386e-07,0.0005221739195218067
2024-05-03 14:56:00+00:00,509.48,509.49,509.5,240,240,509.495,2.1702100906378923e-07,-0.0004758064645783433
2024-05-03 14:57:00+00:00,509.24,509.29,509.31,640,345,509.30299492385797,2.0843846043325982e-07,0.0002770691553823923
2024-05-03 14:58:00+00:00,509.36,509.38,509.39,449,430,509.38510807736066,1.3739343504844256e-07,-0.00017323067290886396
2024-05-03 14:59:00+00:00,509.36,509.36,509.38,940,430,509.3737226277372,1.4431362573652307e-07,-0.0003472035223275327
2024-05-03 15:00:00+00:00,509.17,509.15,509.16,301,230,509.1556685499059,1.882297568283471e-07,0.0004896206951654491
2024-05-03 15:01:00+00:00,509.41,509.42,509.43,430,100,509.4281132075472,1.9680915503199747e-07,-0.0003554723692521522
2024-05-03 15:02:00+00:00,509.27,509.27,509.28,440,430,509.27505747126435,1.8774183124856845e-07,-0.00029008004604269555
2024-05-03 15:03:00+00:00,509.08,509.07,509.09,640,541,509.0808382726503,1.810681400286921e-07,0.0002956731659515821
2024-05-03 15:04:00+00:00,509.22,509.22,509.23,140,440,509.22241379310344,9.220197950565e-08,-0.00024342357461182296
2024-05-03 15:05:00+00:00,509.11,509.1,509.11,240,340,509.10413793103453,1.1749187204513507e-07,0.00046040063482655214
2024-05-03 15:06:00+00:00,509.33,509.3,509.32,550,1500,509.30536585365854,2.1944734197588718e-07,-8.54232550140388e-06
2024-05-03 15:07:00+00:00,509.34,509.35,509.37,540,740,509.35843750000004,1.5846853978300886e-07,0.00036994914968335735
2024-05-03 15:08:00+00:00,509.5,509.52,509.53,240,340,509.5241379310345,1.1960836554276613e-07,-0.0006256471132490837
2024-05-03 15:09:00+00:00,509.2,509.2,509.21,430,300,509.2058904109589,3.064189291098999e-07,-0.0007646597932463584
2024-05-03 15:10:00+00:00,508.83,508.83,508.84,400,440,508.8347619047619,2.6884072156508817e-07,7.290394524561705e-05
2024-05-03 15:11:00+00:00,508.88,508.88,508.89,540,340,508.88613636363635,1.942465243615477e-07,0.00023512717476181777
2024-05-03 15:12:00+00:00,508.97,508.95,508.96,640,1,508.9599843993759,1.288017457445096e-07,-0.00014978505382579055
2024-05-03 15:13:00+00:00,508.88,508.91,508.92,340,340,508.915,1.0340655952839858e-07,-0.0002400063046233969
2024-05-03 15:14:00+00:00,508.79,508.81,508.82,340,340,508.81499999999994,1.266388664772185e-07,0.000173102851369622
2024-05-03 15:15:00+00:00,508.86,508.84,508.85,342,240,508.8458762886598,2.0768017340713807e-07,0.0002555975070481775
2024-05-03 15:16:00+00:00,508.96,508.96,508.97,300,560,508.96348837209297,1.4664432009851816e-07,0.0007392848231511095
2024-05-03 15:17:00+00:00,509.37,509.36,509.37,250,300,509.36454545454546,1.4371243156105592e-07,-3.409590645930827e-05
2024-05-03 15:18:00+00:00,509.34,509.34,509.35,450,750,509.34375,9.694647462321615e-08,0.00019854148858367004
2024-05-03 15:19:00+00:00,509.42,509.42,509.43,300,1882,509.4213748854262,1.1255012673050214e-07,-0.00017098001936766138
2024-05-03 15:20:00+00:00,509.35,509.35,509.37,330,400,509.3590410958904,1.1083034765272673e-07,-0.0001993677285566653
2024-05-03 15:21:00+00:00,509.26,509.27,509.28,200,1200,509.27142857142854,1.2170181816892732e-07,-5.413700211820416e-05
2024-05-03 15:22:00+00:00,509.22,509.21,509.22,400,300,509.2157142857143,1.9018807041797074e-07,0.0009262955817641583
2024-05-03 15:23:00+00:00,509.7,509.7,509.71,340,440,509.704358974359,1.1726448079696662e-07,-0.0003410081105689189
2024-05-03 15:24:00+00:00,509.515,509.5,509.52,440,640,509.50814814814817,7.790885313293708e-08,-0.00023391455050869592
2024-05-03 15:25:00+00:00,509.41,509.41,509.42,330,330,509.415,9.018617960374577e-08,0.0003005617561331331
2024-05-03 15:26:00+00:00,509.58,509.58,509.59,400,550,509.5842105263158,1.2528135969575805e-07,-0.00022639911050270634
2024-05-03 15:27:00+00:00,509.46,509.45,509.47,550,540,509.4600917431193,8.967935866637601e-08,0.0002805230307956208
2024-05-03 15:28:00+00:00,509.61,509.61,509.62,300,440,509.61405405405407,8.599945711075029e-08,0.0004307141865960151
2024-05-03 15:29:00+00:00,509.81,509.81,509.82,240,400,509.81374999999997,4.832734053125342e-08,-0.00015685950394461745
2024-05-03 15:30:00+00:00,509.74,509.74,509.75,100,100,509.745,7.44094913421906e-08,0.00021145741561046094
2024-05-03 15:31:00+00:00,509.85,509.83,509.85,340,900,509.8354838709677,5.974938671672088e-08,-1.5929721158047805e-05
2024-05-03 15:32:00+00:00,509.86,509.85,509.86,160,1160,509.8512121212121,1.1162994852904821e-07,0.0005731094012122462
2024-05-03 15:33:00+00:00,510.13,510.12,510.14,640,1240,510.1268085106383,8.34314690981357e-08,9.362605348650632e-05
2024-05-03 15:34:00+00:00,510.14,510.13,510.14,440,340,510.13564102564106,9.825139679657139e-08,0.00025576824993778224
2024-05-03 15:35:00+00:00,510.33,510.31,510.32,241,740,510.3124566768604,1.3045172144567923e-07,-5.862850086069127e-05
2024-05-03 15:36:00+00:00,510.26,510.24,510.26,650,350,510.253,6.154774784654112e-08,0.00015574204672730296
2024-05-03 15:37:00+00:00,510.35,510.36,510.37,350,1160,510.3623178807947,8.021367813155806e-08,-9.635878698743827e-05
2024-05-03 15:38:00+00:00,510.32,510.29,510.3,377,350,510.29518569463545,6.605884775039932e-08,-0.0002582827406701904
2024-05-03 15:39:00+00:00,510.16,510.15,510.16,520,328,510.1561320754717,6.8672252878003e-08,0.0003159106987593585
2024-05-03 15:40:00+00:00,510.35,510.35,510.36,240,1140,510.3517391304348,8.866337651776098e-08,0.0002817406792265942
2024-05-03 15:41:00+00:00,510.48,510.47,510.48,640,440,510.47592592592594,6.43155109228461e-08,0.00015017203858302963
2024-05-03 15:42:00+00:00,510.53,510.55,510.56,140,340,510.55291666666665,9.415851437680889e-08,-6.126331604705548e-05
2024-05-03 15:43:00+00:00,510.53,510.51,510.53,370,1350,510.51430232558135,9.029257954908484e-08,0.00019955200450416655
2024-05-03 15:44:00+00:00,510.63,510.59,510.61,850,540,510.6022302158273,1.3643496988397127e-07,-0.0007189931616204959
2024-05-03 15:45:00+00:00,510.27,510.25,510.27,540,1450,510.2554271356784,1.1560432523332167e-07,0.0003843225507744741
2024-05-03 15:46:00+00:00,510.46,510.45,510.47,372,1850,510.45334833483355,6.754983923956114e-08,2.9946829167570854e-06
2024-05-03 15:47:00+00:00,510.45,510.43,510.44,432,450,510.4348979591836,1.2013701470189037e-07,-0.00039760626181784
2024-05-03 15:48:00+00:00,510.25,510.24,510.25,442,300,510.2459568733154,7.403695539431929e-08,-0.00034793679122335774
2024-05-03 15:49:00+00:00,510.07,510.05,510.06,440,200,510.05687500000005,6.201417568975116e-08,0.0002540131470549767
2024-05-03 15:50:00+00:00,510.2,510.2,510.21,352,340,510.2050867052023,8.926468013732154e-08,0.0003163799578997928
2024-05-03 15:51:00+00:00,510.37,510.37,510.38,440,300,510.37594594594594,7.88659498562619e-08,0.00021325025249607776
2024-05-03 15:52:00+00:00,510.48,510.48,510.49,300,500,510.48375,4.667049297116948e-08,7.283055294116103e-05
2024-05-03 15:53:00+00:00,510.51,510.51,510.52,360,1306,510.5121608643457,7.224559238044178e-08,0.00032483775220648603
2024-05-03 15:54:00+00:00,510.69,510.67,510.68,530,445,510.67543589743593,8.147764030172059e-08,3.368692911842608e-05
2024-05-03 15:55:00+00:00,510.69,510.7,510.71,340,605,510.7035978835979,8.029423005493928e-08,5.01510294650398e-05
2024-05-03 15:56:00+00:00,510.73,510.71,510.72,250,450,510.7135714285714,3.50994680537733e-08,-6.256818091521232e-06
2024-05-03 15:57:00+00:00,510.71,510.7,510.72,1750,550,510.71521739130435,5.023739906872009e-08,0.00018245557359564124
2024-05-03 15:58:00+00:00,510.82,510.83,510.84,530,1550,510.83254807692305,6.16288988416486e-08,-0.00012386834324285
2024-05-03 15:59:00+00:00,510.74,510.74,510.75,424,540,510.74439834024895,6.30247305570145e-08,-0.0005161632239226721
2024-05-03 16:00:00+00:00,510.48,510.48,510.49,200,340,510.4837037037037,1.8894248828916807e-07,0.00045674164765951986
2024-05-03 16:01:00+00:00,510.73,510.72,510.73,40,440,510.7208333333334,8.889858187708255e-08,7.548803035017926e-05
2024-05-03 16:02:00+00:00,510.75,510.74,510.75,130,340,510.7427659574468,5.627754358781818e-08,7.665043843907426e-05
2024-05-03 16:03:00+00:00,510.81,510.81,510.82,340,440,510.8143589743589,5.5838972845068233e-08,-3.7318451184154e-05
2024-05-03 16:04:00+00:00,510.77,510.77,510.78,340,100,510.77772727272725,8.48250081430267e-08,-0.000155971981786851
2024-05-03 16:05:00+00:00,510.69,510.68,510.69,750,6,510.68992063492067,4.325537419859194e-08,0.00017374086823318535
2024-05-03 16:06:00+00:00,510.83,510.82,510.84,340,901,510.8254794520548,6.745174126621838e-08,0.0001371858292005257
2024-05-03 16:07:00+00:00,510.85,510.84,510.85,100,840,510.84106382978723,2.8542021294148664e-08,-5.893441829118995e-05
2024-05-03 16:08:00+00:00,510.82,510.81,510.82,561,1060,510.8134608266502,5.155532291184709e-08,-3.787145076394882e-05
2024-05-03 16:09:00+00:00,510.8,510.8,510.81,300,265,510.8053097345133,3.4985168899661684e-08,0.0002698531138440874
2024-05-03 16:10:00+00:00,510.95,510.94,510.95,340,540,510.94386363636363,7.104492987268787e-08,-9.670006836703937e-05
2024-05-03 16:11:00+00:00,510.855,510.89,510.9,300,440,510.89405405405404,8.61847280808326e-08,3.480331820293614e-05
2024-05-03 16:12:00+00:00,510.92,510.9,510.91,100,540,510.9015625,4.674420072170788e-08,-0.00022362042436008256
2024-05-03 16:13:00+00:00,510.8,510.8,510.81,340,340,510.805,4.3055835397948297e-08,-0.0002974632614175521
2024-05-03 16:14:00+00:00,510.61,510.61,510.62,440,240,510.6164705882353,5.0590542068346313e-08,-0.0001562878166302406
2024-05-03 16:15:00+00:00,510.57,510.57,510.58,440,340,510.575641025641,7.135895271261771e-08,0.0002958319119801267
2024-05-03 16:16:00+00:00,510.71,510.71,510.72,850,350,510.71708333333333,4.352663974379632e-08,0.00010806955776465621
2024-05-03 16:17:00+00:00,510.77,510.77,510.78,100,537,510.7715698587127,6.729614663582972e-08,-0.00019292075906895967
2024-05-03 16:18:00+00:00,510.67,510.67,510.68,440,100,510.6781481481482,8.424144160012e-08,-5.6619396706536484e-05
2024-05-03 16:19:00+00:00,510.65,510.64,510.66,540,1000,510.647012987013,6.733442255714007e-08,-9.528176396822463e-05
2024-05-03 16:20:00+00:00,510.56,510.59,510.6,440,406,510.59520094562646,4.7159039419475036e-08,2.301166690310552e-06
2024-05-03 16:21:00+00:00,510.57,510.59,510.6,501,221,510.59693905817176,9.335785439147561e-08,3.607604306399281e-05
2024-05-03 16:22:00+00:00,510.61,510.59,510.6,340,440,510.59435897435895,6.365511751452746e-08,0.0002987928396944728
2024-05-03 16:23:00+00:00,510.77,510.77,510.78,100,602,510.77142450142446,6.286077860960933e-08,0.0002551327432716022
2024-05-03 16:24:00+00:00,510.87,510.86,510.87,100,440,510.8618518518519,5.028367109569753e-08,-0.00011894895124497928
2024-05-03 16:25:00+00:00,510.84,510.86,510.87,450,350,510.865625,4.007519223681399e-08,0.00034684691992370453
2024-05-03 16:26:00+00:00,511.02,511.0,511.01,450,165,511.0073170731707,7.699214772743148e-08,-1.404013863492981e-05
2024-05-03 16:27:00+00:00,510.99,510.99,511.0,400,1973,510.9916856300042,4.681966657400117e-08,-2.494460066027049e-05
2024-05-03 16:28:00+00:00,511.02,511.02,511.04,1540,740,511.0335087719298,6.488876220362017e-08,-0.00017723964953930693
2024-05-03 16:29:00+00:00,510.9,510.88,510.89,1050,400,510.88724137931035,5.1390164813552625e-08,2.001840780319064e-05
2024-05-03 16:30:00+00:00,510.89,510.91,510.92,360,100,510.91782608695655,4.6080455648473445e-08,0.0002240667176622857
2024-05-03 16:31:00+00:00,511.03,511.03,511.04,440,104,511.0380882352941,8.297732320047255e-08,-0.00018505700390303303
2024-05-03 16:32:00+00:00,510.93,510.92,510.93,1630,300,510.92844559585495,5.022305929253654e-08,-0.00012924234882027985
2024-05-03 16:33:00+00:00,510.86,510.87,510.88,300,450,510.874,5.1086606815929586e-08,0.00021063046656433215
2024-05-03 16:34:00+00:00,510.97,510.97,510.98,350,603,510.9736726128017,4.401981220357403e-08,-3.451255096442729e-05
2024-05-03 16:35:00+00:00,510.96,510.95,510.97,540,1141,510.9564247471743,2.544750592393589e-08,0.0001525937961561752
2024-05-03 16:36:00+00:00,511.04,511.03,511.04,100,1744,511.03054229934924,3.16913956481665e-08,-5.6171893730860845e-06
2024-05-03 16:37:00+00:00,511.025,511.01,511.03,640,540,511.0208474576271,4.048958593087828e-08,4.149622883709014e-05
2024-05-03 16:38:00+00:00,511.06,511.05,511.06,440,478,511.0547930283224,8.68638179771205e-08,0.0003149580961590015
2024-05-03 16:39:00+00:00,511.23,511.22,511.24,340,440,511.228717948718,5.0216254155505236e-08,0.00014979298427242327
2024-05-03 16:40:00+00:00,511.29,511.31,511.32,262,320,511.31450171821314,3.656194048992463e-08,-0.0002464788419359598
2024-05-03 16:41:00+00:00,511.19,511.16,511.17,100,540,511.16156250000006,4.191233294076115e-08,4.382888376097682e-05
2024-05-03 16:42:00+00:00,511.19,511.18,511.19,450,55,511.1889108910891,5.482521591601663e-08,1.1728313826342429e-05
2024-05-03 16:43:00+00:00,511.19,511.16,511.18,460,1150,511.16571428571433,5.579625298080805e-08,-1.710370250906923e-05
2024-05-03 16:44:00+00:00,511.19,511.18,511.19,345,409,511.18457559681696,2.9032567047969868e-08,-5.647430520927532e-05
2024-05-03 16:45:00+00:00,511.17,511.15,511.16,585,340,511.1563243243244,4.0915094200762746e-08,0.00015235290158988057
2024-05-03 16:46:00+00:00,511.24,511.25,511.26,640,140,511.25820512820513,2.889845934133506e-08,0.0001375181832818928
2024-05-03 16:47:00+00:00,511.29,511.28,511.29,200,600,511.2825,6.324601355275973e-08,-0.0005112452474791418
2024-05-03 16:48:00+00:00,511.06,511.06,511.07,240,640,511.0627272727273,4.0567727617220394e-08,0.00012629066350888785
2024-05-03 16:49:00+00:00,511.12,511.1,511.11,640,300,511.1068085106383,6.239930768580256e-08,-0.00015809577396019847
2024-05-03 16:50:00+00:00,511.04,511.03,511.04,640,100,511.0386486486487,8.119559376933566e-08,-2.9022964216141034e-05
2024-05-03 16:51:00+00:00,511.01,511.0,511.01,340,540,511.0038636363637,4.6048077980874805e-08,-0.00022989915194571164
2024-05-03 16:52:00+00:00,510.89,510.9,510.91,457,100,510.9082046678636,6.298153126044337e-08,-2.129423033891964e-05
2024-05-03 16:53:00+00:00,510.89,510.88,510.89,640,440,510.88592592592596,8.200858542762208e-08,-0.0004913955114315138
2024-05-03 16:54:00+00:00,510.64,510.64,510.65,100,840,510.6410638297872,3.980205765919018e-08,4.04200712900149e-08
2024-05-03 16:55:00+00:00,510.62,510.6,510.61,605,8,510.60986949429036,6.211300351398602e-08,4.1131404414862516e-05
2024-05-03 16:56:00+00:00,510.66,510.68,510.69,440,330,510.6857142857143,5.477652457673029e-08,-0.00023136183297089996
2024-05-03 16:57:00+00:00,510.53,510.54,510.55,340,330,510.5450746268657,6.096931892895326e-08,-0.00013270944832977083
2024-05-03 16:58:00+00:00,510.465,510.46,510.47,600,206,510.4674441687345,6.188286724665527e-08,0.00022867321479846936
2024-05-03 16:59:00+00:00,510.59,510.58,510.59,340,340,510.585,5.029237662163553e-08,0.00024111139754579014
2024-05-03 17:00:00+00:00,510.7,510.69,510.7,560,360,510.69608695652175,6.818730665372006e-08,5.23275991288763e-05
2024-05-03 17:01:00+00:00,510.72,510.73,510.74,340,440,510.73435897435905,4.230305951957527e-08,-9.789812720906177e-05
2024-05-03 17:02:00+00:00,510.68,510.68,510.69,330,300,510.6852380952381,5.247954195131173e-08,0.0002447511661909374
2024-05-03 17:03:00+00:00,510.81,510.8,510.81,540,100,510.8084375,6.12359900080377e-08,1.3415987517584327e-05
2024-05-03 17:04:00+00:00,510.81,510.81,510.83,541,800,510.8180686055183,5.7452059302451146e-08,-4.215805147089746e-06
2024-05-03 17:05:00+00:00,510.82,510.81,510.82,540,440,510.8155102040816,3.938196903423188e-08,4.10144041538274e-05
2024-05-03 17:06:00+00:00,510.77,510.82,510.83,455,340,510.8257232704402,4.086177718613673e-08,0.00029113776012557047
2024-05-03 17:07:00+00:00,511.0,510.98,510.99,540,440,510.9855102040816,5.6062539834782143e-08,0.00018195901422379812
2024-05-03 17:08:00+00:00,511.06,511.07,511.08,248,549,511.07311166875786,3.757774994034351e-08,5.140820924665057e-05
2024-05-03 17:09:00+00:00,511.11,511.1,511.11,330,406,511.1044836956522,3.0563953328351306e-08,-0.0002106499891691982
2024-05-03 17:10:00+00:00,511.0,511.0,511.01,100,440,511.0018518518518,2.992891344249681e-08,2.9665068946416184e-05
2024-05-03 17:11:00+00:00,511.01,511.03,511.04,240,360,511.03400000000005,4.010339138944068e-08,0.000296650284691502
2024-05-03 17:12:00+00:00,511.17,511.15,511.16,340,340,511.15500000000003,3.8966913779963174e-08,0.0001439392324120714
2024-05-03 17:13:00+00:00,511.24,511.23,511.24,440,340,511.2356410256411,3.188289517285698e-08,7.731724735449141e-05
2024-05-03 17:14:00+00:00,511.27,511.27,511.29,650,600,511.2804,5.460971235383866e-08,0.0001597837162570226
2024-05-03 17:15:00+00:00,511.36,511.35,511.36,1150,360,511.3576158940397,4.048414824537921e-08,-0.00018641769594951452
2024-05-03 17:16:00+00:00,511.25,511.25,511.27,956,560,511.2626121372032,4.2967534408230767e-08,1.0823403566728729e-06
2024-05-03 17:17:00+00:00,511.26,511.26,511.27,362,316,511.2653392330384,2.6662736298318466e-08,0.00014606056865074102
2024-05-03 17:18:00+00:00,511.36,511.35,511.36,360,450,511.3544444444444,3.8196448611422776e-08,0.000175994089467002
2024-05-03 17:19:00+00:00,511.44,511.43,511.44,450,150,511.4375,2.0038689970782923e-07,-0.00047778439539858386
2024-05-03 17:20:00+00:00,511.17,511.17,511.19,1140,451,511.1843306096795,6.88068902975926e-08,-0.00024073234035859592
2024-05-03 17:21:00+00:00,511.06,511.06,511.07,340,278,511.06550161812294,4.1343428503017285e-08,0.00015599194954063478
2024-05-03 17:22:00+00:00,511.16,511.16,511.17,450,500,511.16473684210524,5.933330062803355e-08,3.368393097225031e-05
2024-05-03 17:23:00+00:00,511.16,511.16,511.17,440,340,511.16564102564104,3.610314654198573e-08,-0.00013185631330892011
2024-05-03 17:24:00+00:00,511.1,511.08,511.09,405,140,511.08743119266046,3.3193651715294565e-08,1.0714738262196377e-05
2024-05-03 17:25:00+00:00,511.09,511.09,511.1,300,340,511.09468749999996,4.27364528372709e-08,6.724207555852679e-05
2024-05-03 17:26:00+00:00,511.13,511.13,511.14,400,240,511.13625,2.7084913753299672e-08,0.00015821404561200403
2024-05-03 17:27:00+00:00,511.22,511.22,511.23,251,440,511.2236324167873,3.3382747986203204e-08,-6.253156724311815e-05
2024-05-03 17:28:00+00:00,511.16,511.17,511.19,441,1150,511.1755436832181,6.168598600879146e-08,0.0001436680199196072
2024-05-03 17:29:00+00:00,511.25,511.26,511.28,1250,301,511.2761186331399,6.216529136837083e-08,-0.00027166896935593154
2024-05-03 17:30:00+00:00,511.11,511.11,511.12,350,545,511.11391061452514,3.0354122569975876e-08,0.00010014051085982523
2024-05-03 17:31:00+00:00,511.17,511.17,511.19,750,400,511.18304347826086,8.285790450927383e-08,-0.0002569985778587691
2024-05-03 17:32:00+00:00,511.04,511.03,511.04,200,750,511.0321052631579,8.30816974745783e-08,-0.0003485917963371721
2024-05-03 17:33:00+00:00,510.82,510.83,510.84,340,440,510.83435897435896,4.2056979891886995e-08,0.00010040743698214172
2024-05-03 17:34:00+00:00,510.91,510.91,510.92,340,300,510.9153125000001,3.563577311797282e-08,0.00040333128645220206
2024-05-03 17:35:00+00:00,511.13,511.11,511.12,1540,350,511.1181481481482,3.312459729781571e-08,-8.455592643574761e-05
2024-05-03 17:36:00+00:00,511.09,511.09,511.1,1460,360,511.098021978022,3.625837129968115e-08,3.195924324095323e-05
2024-05-03 17:37:00+00:00,511.09,511.1,511.12,440,960,511.1062857142858,2.349032277567891e-08,7.507524662941911e-05
2024-05-03 17:38:00+00:00,511.16,511.15,511.16,260,460,511.1536111111111,2.411542240687264e-08,0.00020236507679460836
2024-05-03 17:39:00+00:00,511.23,511.22,511.23,960,100,511.22905660377364,2.2076368042482077e-08,0.0001808870976900412
2024-05-03 17:40:00+00:00,511.34,511.33,511.34,3200,200,511.33941176470586,3.936094505059531e-08,5.432452827136558e-05
2024-05-03 17:41:00+00:00,511.36,511.36,511.37,1160,460,511.3671604938271,2.7969460173986154e-08,0.00032926028845259303
2024-05-03 17:42:00+00:00,511.52,511.52,511.53,400,700,511.52363636363634,2.5765839072581726e-08,-0.00027578482168000296
2024-05-03 17:43:00+00:00,511.39,511.39,511.4,350,750,511.3931818181818,1.2471860109943058e-07,-0.0005439852250581634
2024-05-03 17:44:00+00:00,511.1,511.1,511.11,100,340,511.10227272727275,5.275884193945067e-08,2.8318336671828703e-05
2024-05-03 17:45:00+00:00,511.11,511.1,511.11,550,109,511.1083459787557,5.150034212418369e-08,4.7720089227043516e-05
2024-05-03 17:46:00+00:00,511.14,511.13,511.14,300,400,511.13428571428574,3.126080556137054e-08,0.00022219458376238066
2024-05-03 17:47:00+00:00,511.25,511.25,511.26,440,350,511.2555696202532,3.671534874275166e-08,0.00013111664635068188
2024-05-03 17:48:00+00:00,511.33,511.31,511.33,833,560,511.32195979899495,1.833320305382407e-08,2.1323308208920366e-05
2024-05-03 17:49:00+00:00,511.35,511.35,511.36,350,1056,511.3524893314367,4.1680714626972136e-08,-4.2714195232274044e-05
2024-05-03 17:50:00+00:00,511.3,511.3,511.31,344,400,511.304623655914,1.9060616870281832e-08,3.430771979995306e-05
2024-05-03 17:51:00+00:00,511.32,511.32,511.33,360,460,511.3243902439024,2.9809865877126976e-08,6.2905006774638395e-06
2024-05-03 17:52:00+00:00,511.32,511.3,511.31,500,359,511.3058207217695,3.152053090702635e-08,-3.828518395854186e-05
2024-05-03 17:53:00+00:00,511.3,511.29,511.31,450,1084,511.2958670143416,4.123884902932466e-08,0.0002401034725587614
2024-05-03 17:54:00+00:00,511.42,511.42,511.43,350,650,511.4235,2.7436783738900314e-08,-1.2185199801173496e-05
2024-05-03 17:55:00+00:00,511.42,511.42,511.43,200,1262,511.42136798905614,2.8179331471306433e-08,-0.00013010143315406175
2024-05-03 17:56:00+00:00,511.37,511.37,511.38,500,406,511.3755187637969,3.135420598223936e-08,7.082258338853009e-05
2024-05-03 17:57:00+00:00,511.41,511.39,511.41,365,671,511.3970463320464,6.662823219966283e-08,0.00021364365138976105
2024-05-03 17:58:00+00:00,511.51,511.5,511.51,560,458,511.50550098231827,6.672154655451544e-08,7.304458964574323e-06
2024-05-03 17:59:00+00:00,511.51,511.5,511.51,470,360,511.50566265060235,5.205895372007949e-08,-0.00039930653729636223
2024-05-03 18:00:00+00:00,511.31,511.29,511.31,450,1050,511.296,4.022897752657152e-08,0.000386906658477848
2024-05-03 18:01:00+00:00,511.5,511.49,511.5,850,3,511.49996483001166,2.9143500760629448e-08,-6.593206811333907e-05
2024-05-03 18:02:00+00:00,511.45,511.44,511.46,1027,750,511.451558806978,2.307611757701617e-08,5.87469033090926e-05
2024-05-03 18:03:00+00:00,511.49,511.49,511.5,550,300,511.4964705882353,3.659605949069042e-08,1.841669200008944e-05
2024-05-03 18:04:00+00:00,511.5,511.5,511.51,450,550,511.5045,2.536701482570578e-08,2.0856571687710712e-05
2024-05-03 18:05:00+00:00,511.5,511.49,511.5,101,450,511.491833030853,4.485419740670491e-08,-8.013288006747388e-05
2024-05-03 18:06:00+00:00,511.48,511.49,511.5,450,550,511.4945,6.547017426994559e-08,0.00028356639772297854
2024-05-03 18:07:00+00:00,511.62,511.61,511.62,450,450,511.615,3.996365739127244e-08,0.000200492435482591
2024-05-03 18:08:00+00:00,511.74,511.74,511.75,550,550,511.745,5.5381876638075576e-08,0.00010422332452852956
2024-05-03 18:09:00+00:00,511.77,511.77,511.78,750,450,511.77625,2.4966884746818392e-08,3.605109959137209e-05
2024-05-03 18:10:00+00:00,511.79,511.79,511.8,235,496,511.79321477428175,5.441430222457267e-08,-1.4968104434243124e-05
2024-05-03 18:11:00+00:00,511.8,511.79,511.8,850,848,511.7950058892815,3.93269711421614e-08,0.00021350085980986755
2024-05-03 18:12:00+00:00,511.93,511.93,511.94,660,501,511.935684754522,4.212876420449884e-08,-0.00019469620131962184
2024-05-03 18:13:00+00:00,511.79,511.78,511.8,1570,470,511.79539215686276,5.1150336540799606e-08,-0.00030884200016323415
2024-05-03 18:14:00+00:00,511.64,511.63,511.64,600,350,511.63631578947366,3.753616216267761e-08,5.5769630391777625e-05
2024-05-03 18:15:00+00:00,511.655,511.64,511.66,900,440,511.65343283582087,5.1427137596196516e-08,0.00014648540167483404
2024-05-03 18:16:00+00:00,511.74,511.74,511.75,240,340,511.74413793103446,1.7565862959865613e-08,0.00010222235614376629
2024-05-03 18:17:00+00:00,511.81,511.79,511.8,250,750,511.7925,1.9093526018221088e-08,0.00012724868080238316
2024-05-03 18:18:00+00:00,511.86,511.85,511.86,1350,100,511.8593103448276,3.846566010324014e-08,-3.652917813479206e-05
2024-05-03 18:19:00+00:00,511.84,511.83,511.85,500,700,511.8383333333333,2.5903472196895193e-08,0.0002096804764786242
2024-05-03 18:20:00+00:00,511.94,511.94,511.95,150,564,511.9421008403361,1.9540962069864496e-08,-5.868324103619482e-05
2024-05-03 18:21:00+00:00,511.92,511.91,511.92,550,450,511.9155,2.1825432138937164e-08,-4.816873276558553e-05
2024-05-03 18:22:00+00:00,511.88,511.86,511.88,455,500,511.86952879581156,2.8155088262471384e-08,4.139853789464354e-05
2024-05-03 18:23:00+00:00,511.9,511.9,511.91,100,1750,511.90054054054053,2.7588040305909927e-08,-0.00030896627389243037
2024-05-03 18:24:00+00:00,511.75,511.76,511.77,100,565,511.7615037593985,1.5419017347882436e-08,0.0001638402175245801
2024-05-03 18:25:00+00:00,511.84,511.82,511.84,1371,450,511.83505766062603,2.2528494072258492e-08,0.0001504307601276622
2024-05-03 18:26:00+00:00,511.9,511.91,511.92,450,110,511.9180357142857,1.6562785292339553e-08,-5.449293536552435e-05
2024-05-03 18:27:00+00:00,511.89,511.88,511.89,440,440,511.88500000000005,1.7737979861475735e-08,5.8235313989962734e-05
2024-05-03 18:28:00+00:00,511.94,511.94,511.95,250,1289,511.941624431449,1.8200558242333324e-08,-2.0260879936451204e-05
2024-05-03 18:29:00+00:00,511.91,511.9,511.91,443,340,511.9056577266922,4.6877660193067676e-08,-0.00029730262679295016
2024-05-03 18:30:00+00:00,511.75,511.73,511.75,1200,650,511.74297297297295,3.2580270595788157e-08,5.853206566119873e-05
2024-05-03 18:31:00+00:00,511.8,511.78,511.8,660,360,511.79294117647055,2.0676524302090252e-08,0.00013712398111920265
2024-05-03 18:32:00+00:00,511.85,511.85,511.86,1371,454,511.85751232876714,3.158983948720148e-08,0.00015556209226907924
2024-05-03 18:33:00+00:00,511.94,511.92,511.93,1916,200,511.92905482041584,4.8313518771433904e-08,-0.00020540140283409336
2024-05-03 18:34:00+00:00,511.83,511.82,511.84,700,700,511.83,2.3129955226782634e-08,9.669186237304395e-05
2024-05-03 18:35:00+00:00,511.84,511.85,511.86,260,560,511.8531707317073,2.990043178641475e-08,9.440250106695913e-05
2024-05-03 18:36:00+00:00,511.92,511.93,511.94,850,250,511.9377272727273,1.8051547515923083e-08,-9.309763066012167e-07
2024-05-03 18:37:00+00:00,511.92,511.91,511.92,260,735,511.9126130653267,2.644857296185452e-08,-0.000265220076781425
2024-05-03 18:38:00+00:00,511.79,511.78,511.79,1014,360,511.78737991266377,3.212124723850437e-08,-1.2212722010462862e-05
2024-05-03 18:39:00+00:00,511.8,511.8,511.81,260,560,511.80317073170727,6.847938454008646e-08,-0.00042786320466836614
2024-05-03 18:40:00+00:00,511.54,511.53,511.54,490,295,511.5362420382166,7.0125163717448e-08,-3.0809756035310443e-06
2024-05-03 18:41:00+00:00,511.57,511.56,511.57,400,450,511.56470588235294,5.0613742784892535e-08,0.00038853580565367807
2024-05-03 18:42:00+00:00,511.77,511.76,511.77,650,300,511.76684210526315,2.7838964487829346e-08,0.0001408890338376878
2024-05-03 18:43:00+00:00,511.83,511.83,511.84,450,350,511.835625,2.5102250696612038e-08,-0.00017504045785943223
2024-05-03 18:44:00+00:00,511.74,511.74,511.75,340,140,511.74708333333336,2.765937365439603e-08,-0.00025317728178897436
2024-05-03 18:45:00+00:00,511.62,511.61,511.63,440,1340,511.61494382022477,3.0859667751629386e-08,5.7339560127767086e-05
2024-05-03 18:46:00+00:00,511.65,511.64,511.65,360,250,511.6459016393443,2.993003614182607e-08,-7.35172054625588e-05
2024-05-03 18:47:00+00:00,511.59,511.58,511.59,550,340,511.58617977528087,3.6734410683853435e-08,-4.5933077284843193e-05
2024-05-03 18:48:00+00:00,511.57,511.58,511.59,360,360,511.5849999999999,2.831796397826199e-08,-0.00018653474518659507
2024-05-03 18:49:00+00:00,511.49,511.49,511.5,200,365,511.4935398230088,6.28999751686662e-08,0.00029851574098671563
2024-05-03 18:50:00+00:00,511.65,511.65,511.66,400,360,511.65526315789475,3.973512567096208e-08,4.504865254473245e-05
2024-05-03 18:51:00+00:00,511.665,511.66,511.67,350,450,511.664375,2.9028441427569627e-08,-1.666991442583754e-05
2024-05-03 18:52:00+00:00,511.66,511.66,511.67,440,543,511.6644760935911,4.4697344312183353e-08,0.00017465379651171453
2024-05-03 18:53:00+00:00,511.74,511.73,511.75,771,400,511.7431682322801,1.9381251045446332e-08,1.7495787833166077e-05
2024-05-03 18:54:00+00:00,511.74,511.75,511.76,100,550,511.7515384615385,4.202303429586462e-08,-0.0002965490856239317
2024-05-03 18:55:00+00:00,511.61,511.59,511.6,466,160,511.59744408945687,2.2868403678632415e-07,-0.00011397678597580008
2024-05-03 18:56:00+00:00,511.52,511.51,511.52,370,670,511.51355769230764,3.7933328292221184e-08,-9.726151710875985e-05
2024-05-03 18:57:00+00:00,511.49,511.49,511.5,100,530,511.49158730158734,3.675638671878265e-08,0.00024144852953789098
2024-05-03 18:58:00+00:00,511.61,511.61,511.62,440,440,511.61499999999995,3.969362096480997e-08,-4.704930796806117e-05
2024-05-03 18:59:00+00:00,511.58,511.6,511.61,250,1350,511.6015625,4.99157540272261e-08,-0.00010367371801278669
2024-05-03 19:00:00+00:00,511.54,511.53,511.54,440,540,511.53448979591843,4.75269483837606e-08,-0.00023214892334455506
2024-05-03 19:01:00+00:00,511.43,511.42,511.44,643,1650,511.42560837331007,5.5388086016429435e-08,-0.00015050679761430263
2024-05-03 19:02:00+00:00,511.37,511.33,511.35,652,550,511.3408485856905,4.465080873892524e-08,0.00013444918004346107
2024-05-03 19:03:00+00:00,511.42,511.41,511.42,350,450,511.414375,4.311144840160272e-08,0.0002621643406153229
2024-05-03 19:04:00+00:00,511.55,511.54,511.55,344,440,511.5443877551021,5.0970791105576274e-08,0.00036325300414641326
2024-05-03 19:05:00+00:00,511.73,511.71,511.72,372,460,511.7144711538461,3.6887517199602885e-08,-4.009686996875317e-07
2024-05-03 19:06:00+00:00,511.74,511.74,511.75,350,250,511.74583333333334,2.4464230047608943e-08,0.00017333732717661476
2024-05-03 19:07:00+00:00,511.82,511.81,511.83,400,650,511.8176190476191,3.0376757517934316e-08,-0.00010079126193773824
2024-05-03 19:08:00+00:00,511.79,511.78,511.79,458,400,511.785337995338,3.980076872501315e-08,-9.286797097884936e-06
2024-05-03 19:09:00+00:00,511.77,511.76,511.77,301,350,511.764623655914,2.987692643759122e-08,-4.465363303407521e-05
2024-05-03 19:10:00+00:00,511.75,511.74,511.75,160,467,511.7425518341308,2.4804605204255728e-08,9.569218328886464e-05
2024-05-03 19:11:00+00:00,511.79,511.78,511.8,370,709,511.78685820203896,5.230689488035594e-08,-0.0002321178807972446
2024-05-03 19:12:00+00:00,511.68,511.66,511.67,101,660,511.6613272010513,4.5209784889346726e-08,-0.0003424503762738951
2024-05-03 19:13:00+00:00,511.5,511.5,511.51,100,540,511.5015625,3.931941646281345e-08,-6.098511881280633e-05
2024-05-03 19:14:00+00:00,511.48,511.48,511.5,1500,500,511.495,3.248478729629299e-08,0.0001689583303463582
2024-05-03 19:15:00+00:00,511.55,511.54,511.55,550,450,511.5455,7.228376297209925e-08,0.0002548046536900994
2024-05-03 19:16:00+00:00,511.69,511.68,511.69,101,704,511.6812546583851,3.955155855734446e-08,-3.976335450073254e-05
2024-05-03 19:17:00+00:00,511.67,511.66,511.67,350,250,511.66583333333335,4.2322895391612347e-08,-0.0003696463065531175
2024-05-03 19:18:00+00:00,511.47,511.47,511.48,350,650,511.4735,2.7902160070793633e-08,-6.537746551116275e-05
2024-05-03 19:19:00+00:00,511.44,511.44,511.45,250,650,511.4427777777778,3.3518495112615146e-08,6.985588167918166e-07
2024-05-03 19:20:00+00:00,511.44,511.44,511.45,337,402,511.4445602165088,7.862861283327143e-08,-0.00018450319424545558
2024-05-03 19:21:00+00:00,511.34,511.33,511.34,1035,350,511.33747292418775,3.6787625155969406e-08,0.0003895650538496831
2024-05-03 19:22:00+00:00,511.52,511.52,511.53,250,350,511.52416666666664,3.8918406662013835e-08,-0.0002487189495220532
2024-05-03 19:23:00+00:00,511.42,511.41,511.43,600,950,511.4177419354839,3.5225412930149404e-08,4.983983304818196e-05
2024-05-03 19:24:00+00:00,511.45,511.45,511.46,250,1264,511.45165125495373,2.265720599800819e-08,-1.5573993110917783e-05
2024-05-03 19:25:00+00:00,511.43,511.43,511.44,960,560,511.43631578947367,3.2240957278694056e-08,0.00015438535889100713
2024-05-03 19:26:00+00:00,511.51,511.51,511.52,200,450,511.51307692307694,4.585695135914775e-08,0.00019225508594566953
2024-05-03 19:27:00+00:00,511.6,511.6,511.62,850,445,511.6131274131274,6.021947705520234e-08,-0.00014144742948429823
2024-05-03 19:28:00+00:00,511.57,511.56,511.57,450,189,511.5670422535211,2.273909181936275e-08,6.143514893519608e-05
2024-05-03 19:29:00+00:00,511.58,511.57,511.58,250,476,511.5734435261708,1.4842954719823762e-08,0.00013572974640974067
2024-05-03 19:30:00+00:00,511.64,511.64,511.65,100,1050,511.6408695652174,4.237024106217168e-08,-0.00032730338838804496
2024-05-03 19:31:00+00:00,511.47,511.47,511.48,100,525,511.4716,2.7362829778273205e-08,4.229464404170713e-05
2024-05-03 19:32:00+00:00,511.48,511.49,511.5,350,530,511.4939772727273,3.0752340107596854e-08,-0.0002783807387202186
2024-05-03 19:33:00+00:00,511.355,511.35,511.36,442,850,511.3534210526316,8.358346519211724e-08,-0.00018792001043332895
2024-05-03 19:34:00+00:00,511.26,511.27,511.28,440,440,511.275,3.1770930681750096e-08,-6.763064745662906e-05
2024-05-03 19:35:00+00:00,511.22,511.22,511.24,1050,650,511.2323529411765,7.214107832888074e-08,0.00030338045184774565
2024-05-03 19:36:00+00:00,511.38,511.38,511.39,550,103,511.38842266462484,7.942893634315278e-08,0.0005012732886802151
2024-05-03 19:37:00+00:00,511.63,511.61,511.62,350,1201,511.6122566086396,4.887541493630623e-08,0.00011792682546363231
2024-05-03 19:38:00+00:00,511.71,511.71,511.72,550,260,511.71679012345675,3.006600402070381e-08,-0.00011938909404340947
2024-05-03 19:39:00+00:00,511.63,511.62,511.63,360,1560,511.621875,3.2333045800077954e-08,-9.060582724695898e-05
2024-05-03 19:40:00+00:00,511.58,511.58,511.59,750,400,511.58652173913043,1.1398760113167934e-08,9.355462133409098e-05
2024-05-03 19:41:00+00:00,511.64,511.63,511.65,450,1361,511.63496963003865,3.47773653211423e-08,-0.0001382939870074873
2024-05-03 19:42:00+00:00,511.57,511.56,511.57,240,554,511.56302267002513,3.604067463618879e-08,-0.0001691641561452073
2024-05-03 19:43:00+00:00,511.48,511.48,511.49,540,408,511.4856962025316,3.630607470998493e-08,-0.00010196240757631703
2024-05-03 19:44:00+00:00,511.43,511.42,511.43,452,340,511.4257070707071,5.234854824066145e-08,0.00019311188874038265
2024-05-03 19:45:00+00:00,511.51,511.5,511.51,567,3,511.509947368421,4.37514496956521e-08,-7.806514089292449e-05
2024-05-03 19:46:00+00:00,511.48,511.48,511.49,425,468,511.48475923852186,3.98686957484698e-08,-2.4135903255118052e-05
2024-05-03 19:47:00+00:00,511.49,511.48,511.5,250,1275,511.4832786885246,5.812950576213317e-08,-0.00017229244793570686
2024-05-03 19:48:00+00:00,511.37,511.37,511.38,250,950,511.3720833333333,5.040448074977192e-08,0.00013274108298610976
2024-05-03 19:49:00+00:00,511.45,511.45,511.46,50,1440,511.4503355704698,5.7349365286597065e-08,-0.0005173555474534686
2024-05-03 19:50:00+00:00,511.17,511.16,511.18,182,400,511.16625429553267,1.41511755311207e-07,0.00038207703831716344
2024-05-03 19:51:00+00:00,511.365,511.36,511.37,319,1370,511.3618886915335,8.927559486102761e-08,4.985897978926346e-06
2024-05-03 19:52:00+00:00,511.4,511.4,511.41,262,760,511.4025636007828,7.274544442710532e-08,0.0005844271519790389
2024-05-03 19:53:00+00:00,511.69,511.69,511.71,1776,460,511.70588550983894,7.819765389660294e-08,-0.0002526041864375772
2024-05-03 19:54:00+00:00,511.44,511.43,511.44,620,600,511.43508196721314,1.7405646954643804e-07,-6.96802771263938e-05
2024-05-03 19:55:00+00:00,511.52,511.51,511.52,1385,459,511.5175108459869,1.8059680144593662e-07,-0.0003725911653920111
2024-05-03 19:56:00+00:00,511.32,511.31,511.32,940,600,511.3161038961039,5.923526713085085e-08,-7.990618734587951e-05
2024-05-03 19:57:00+00:00,511.28,511.27,511.28,796,1700,511.27318910256406,4.692546269734525e-08,-3.734516820719236e-05
2024-05-03 19:58:00+00:00,511.27,511.27,511.28,10100,2083,511.2782902404991,6.149459143398736e-08,-0.00019302749436556077
2024-05-03 19:59:00+00:00,511.17,511.16,511.17,715,796,511.1647319655857,2.0072650240376524e-07,0.00024485151081132805
2024-05-03 20:00:00+00:00,511.29,511.28,511.29,999,185403,511.2800535938455,2.796745959457124e-07,0.00039609369440207765
2024-05-03 20:01:00+00:00,511.5,511.48,511.51,905,2200,511.48874396135267,7.269443340687017e-08,0.000378833033077397
2024-05-03 20:02:00+00:00,511.7,511.67,511.7,1100,1690,511.68182795698925,3.391726817622334e-08,-1.7492943310548625e-06
2024-05-03 20:03:00+00:00,511.7,511.69,511.7,900,6785,511.6911711125569,2.0180415605022776e-08,0.00012603709099945348
2024-05-03 20:04:00+00:00,511.76,511.73,511.77,3000,2107,511.7534971607598,1.7093532801281188e-08,-9.038705928121615e-05
2024-05-03 20:05:00+00:00,511.69,511.69,511.71,1200,101,511.70844734819366,3.123973043874273e-08,0.00013466762873060034
2024-05-03 20:06:00+00:00,511.76,511.77,511.8,1400,2072,511.7820967741935,1.921575190878102e-08,4.0958953646308416e-05
2024-05-03 20:07:00+00:00,511.79,511.79,511.8,2368,100,511.7995948136143,1.0282456724052939e-08,-1.6867842210777084e-05
2024-05-03 20:08:00+00:00,511.81,511.79,511.8,200,1100,511.79153846153844,6.343244544465709e-09,8.85716406178183e-05
2024-05-03 20:09:00+00:00,511.84,511.83,511.84,145,400,511.8326605504587,4.097535153852251e-09,9.465732299451801e-05
2024-05-03 20:10:00+00:00,511.88,511.87,511.89,900,401,511.88383551114526,3.9495811811522415e-08,0.00014820027522732815
2024-05-03 20:11:00+00:00,511.96,511.95,511.96,4613,1124,511.9580407878682,7.413889974152891e-09,2.5254120704421013e-05
2024-05-03 20:12:00+00:00,511.99,511.99,512.0,438,871,511.99334606569903,3.641871534763565e-08,-0.0002423310357834163
2024-05-03 20:13:00+00:00,511.85,511.84,511.86,600,900,511.848,2.2742475711046498e-08,0.00033216031652649747
2024-05-03 20:14:00+00:00,512.0,512.0,512.02,4300,201,512.0191068651411,2.852076023334338e-08,-8.614300628573268e-05
2024-05-03 20:15:00+00:00,511.99,511.96,511.99,1400,1900,511.9727272727273,3.0405715949078176e-08,0.00015213719984452645
2024-05-03 20:16:00+00:00,512.06,512.05,512.07,186,1101,512.0528904428904,3.8199625374794266e-08,-0.00013723707678414687
2024-05-03 20:17:00+00:00,511.99,511.98,512.0,700,2200,511.9848275862069,1.4596781989398435e-09,5.687250920338727e-05
2024-05-03 20:18:00+00:00,512.01,512.01,512.02,336,1600,512.01173553719,4.5374102886759334e-09,-9.978728765391853e-05
2024-05-03 20:19:00+00:00,511.96,511.93,511.97,2600,2100,511.95212765957444,1.995648338667501e-08,5.6492511519179445e-05
2024-05-03 20:20:00+00:00,511.99,511.98,511.99,2200,100,511.9895652173913,7.146856609614942e-09,2.0357898745437808e-05
2024-05-03 20:21:00+00:00,512.0,511.99,512.0,1700,2,511.9999882491187,3.775254515212078e-09,-1.229131760371871e-06
2024-05-03 20:22:00+00:00,511.99,511.98,512.0,6100,252,511.99920654911836,1.1548834621787602e-09,-8.513552987476913e-06
2024-05-03 20:23:00+00:00,512.01,511.99,512.02,200,1700,511.99315789473684,2.7522335783951602e-08,6.452792445910127e-05
2024-05-03 20:24:00+00:00,512.04,512.01,512.04,2900,1260,512.0309134615385,5.6741808069297476e-09,-7.129572001185469e-05
2024-05-03 20:25:00+00:00,512.0,511.99,512.0,200,1105,511.9915325670498,8.477794107671419e-09,-0.0001123701533916055
2024-05-03 20:26:00+00:00,511.93,511.9,511.92,1356,600,511.91386503067486,5.1714989894319776e-09,-6.250805767993306e-06
2024-05-03 20:27:00+00:00,511.93,511.92,511.95,1400,1100,511.9368,8.68627272069838e-09,-8.539100541327116e-06
2024-05-03 20:28:00+00:00,511.94,511.92,511.95,600,2200,511.9264285714286,1.2427164933930473e-08,5.190477984418074e-05
2024-05-03 20:29:00+00:00,511.96,511.95,511.97,300,1700,511.953,2.650563321242449e-08,-0.00017049556167403335
2024-05-03 20:30:00+00:00,511.85,511.85,511.87,2200,600,511.86571428571426,4.80840216518823e-09,5.878918055812754e-05
2024-05-03 20:31:00+00:00,511.86,511.87,511.91,2000,1100,511.8958064516129,4.340625499015234e-09,-2.2150327333547715e-05
2024-05-03 20:32:00+00:00,511.9,511.87,511.9,1400,1503,511.8844677919393,6.9011066226670964e-09,0.00010266669133973672
2024-05-03 20:33:00+00:00,511.94,511.92,511.94,600,105,511.9370212765957,4.151109435649283e-08,-3.753515210624947e-05
2024-05-03 20:34:00+00:00,511.91,511.91,511.92,4980,1400,511.91780564263325,2.4651704867689564e-09,7.945180604984614e-06
2024-05-03 20:35:00+00:00,511.91,511.91,511.93,4821,3300,511.921872922054,8.302155224841587e-09,-8.309781427751073e-05
2024-05-03 20:36:00+00:00,511.91,511.87,511.91,700,2300,511.8793333333333,1.9807227760722606e-08,8.846235496018373e-05
2024-05-03 20:37:00+00:00,511.93,511.92,511.95,200,1100,511.9246153846154,1.4210921519131998e-08,-1.3899282045648498e-05
2024-05-03 20:38:00+00:00,511.92,511.9,511.93,700,1900,511.9080769230769,1.0238140900291435e-08,7.495937504176098e-05
2024-05-03 20:39:00+00:00,511.97,511.94,511.98,2500,3800,511.955873015873,6.631902332249556e-09,5.933516095435465e-05
2024-05-03 20:40:00+00:00,511.99,511.96,511.99,1600,300,511.98526315789474,5.134807813510806e-09,-4.4295274391759065e-05
2024-05-03 20:41:00+00:00,511.97,511.94,511.97,1100,300,511.9635714285714,1.1940195761372261e-08,-4.161682259362642e-06
2024-05-03 20:42:00+00:00,511.96,511.96,511.98,101,1901,511.96100899100895,6.563208635072222e-10,8.675563682114529e-06
2024-05-03 20:43:00+00:00,511.95,511.95,511.98,132,2400,511.9515639810427,5.814655603472133e-09,-6.554226111288308e-05
2024-05-03 20:44:00+00:00,511.95,511.93,511.95,158,1200,511.9323269513991,3.758261225725734e-09,3.280874196498473e-05
2024-05-03 20:45:00+00:00,511.95,511.92,511.95,16600,500,511.94912280701755,1.8433762797294225e-08,-0.00017137851018789174
2024-05-03 20:46:00+00:00,511.85,511.84,511.88,2800,1800,511.86434782608694,9.986033927008645e-09,9.302180681847183e-05
2024-05-03 20:47:00+00:00,511.87,511.89,511.92,1900,1100,511.909,2.0758516128802817e-09,-8.790624896226618e-05
2024-05-03 20:48:00+00:00,511.9,511.85,511.87,700,300,511.864,3.158907327999817e-09,-5.2278733622457274e-05
2024-05-03 20:49:00+00:00,511.83,511.85,511.88,500,1300,511.85833333333335,1.2873433352910022e-08,-4.2700650096150206e-05
2024-05-03 20:50:00+00:00,511.8,511.8,511.82,1000,300,511.81538461538463,7.261516716896957e-09,-1.0210488748496616e-05
2024-05-03 20:51:00+00:00,511.85,511.81,511.83,4,500,511.8101587301587,1.1138543115651117e-08,-1.7574307272782974e-06
2024-05-03 20:52:00+00:00,511.81,511.79,511.83,1300,1400,511.80925925925925,2.128973249748803e-09,1.8543511218327424e-05
2024-05-03 20:53:00+00:00,511.81,511.8,511.82,2300,100,511.81916666666666,4.375235455370678e-09,5.18345843805168e-05
2024-05-03 20:54:00+00:00,511.82,511.82,511.85,2303,1230,511.83955561845454,1.0784216497106046e-08,6.052351640928322e-05
2024-05-03 20:55:00+00:00,511.85,511.87,511.89,501,1100,511.87625858838226,4.8513766640814356e-09,3.3398650722382683e-05
2024-05-03 20:56:00+00:00,511.88,511.87,511.9,1100,313,511.8933545647559,6.258851519403688e-09,9.174071496209635e-05
2024-05-03 20:57:00+00:00,511.92,511.92,511.95,2100,1501,511.9374951402388,3.650053113194219e-10,6.262815955837553e-06
2024-05-03 20:58:00+00:00,511.94,511.93,511.95,2100,1506,511.94164725457574,9.862225014479922e-09,-6.753076721222051e-05
2024-05-03 20:59:00+00:00,511.91,511.91,511.93,1600,100,511.9288235294118,7.18415031912409e-09,8.562181004867497e-06
2024-05-03 21:00:00+00:00,511.9,511.9,511.94,500,1000,511.91333333333336,2.4620808641296913e-09,8.185211346489751e-07
2024-05-03 21:01:00+00:00,511.95,511.91,511.95,100,966,511.9137523452158,4.095148900627051e-09,1.4680716006409966e-05
2024-05-03 21:02:00+00:00,511.95,511.91,511.95,100,255,511.9212676056338,1.1518215369234108e-09,3.398776752194799e-05
2024-05-03 21:03:00+00:00,511.95,511.93,511.95,195,255,511.93866666666673,3.510311287479374e-10,-1.0417914646176918e-05
2024-05-03 21:04:00+00:00,511.95,511.93,511.94,1,2,511.93333333333334,2.502475822854248e-09,1.2829125079605319e-05
2024-05-03 21:05:00+00:00,511.93,511.93,511.94,100,1,511.93990099009903,6.04904005867767e-09,4.51574057438453e-05
2024-05-03 21:06:00+00:00,511.97,511.93,512.0,200,724,511.9451515151515,1.3086134822854242e-09,-2.4464737300111672e-05
2024-05-03 21:07:00+00:00,511.97,511.95,511.99,5,400,511.9504938271605,3.978898983908394e-09,-5.9511605704720694e-05
2024-05-03 21:08:00+00:00,511.94,511.92,511.94,5,3722,511.92002683123155,8.471520693738851e-10,1.9481888275052484e-05
2024-05-03 21:09:00+00:00,511.92,511.92,511.94,2,2,511.93,6.622247675599234e-10,1.837348972322239e-05
2024-05-03 21:10:00+00:00,511.91,511.91,511.94,99,2,511.93940594059404,1.4498715710172943e-09,-3.5659489979411596e-05
2024-05-03 21:11:00+00:00,511.91,511.91,511.93,126,100,511.9211504424778,3.1986869564824438e-09,-8.036762001728537e-05
2024-05-03 21:12:00+00:00,511.9,511.88,511.9,2,4672,511.88000855798026,1.6163306038628265e-08,-0.00019182303375875343
2024-05-03 21:13:00+00:00,511.8,511.78,511.8,10,100,511.7818181818182,8.388311188419387e-09,-9.616730471917467e-05
2024-05-03 21:14:00+00:00,511.73,511.71,511.74,1503,492,511.7326015037594,1.3284667703864502e-07,-1.4854444952305812e-05
2024-05-03 21:15:00+00:00,511.6,511.6,511.75,500,100,511.725,6.309508808429655e-08,0.00013562146828216548
2024-05-03 21:16:00+00:00,511.75,511.75,511.8,793,100,511.7944008958567,5.2741944517344e-10,-3.184619848739523e-05
2024-05-03 21:17:00+00:00,511.77,511.77,511.8,37,100,511.77810218978107,2.529227382083266e-08,3.1184546330553786e-05
2024-05-03 21:18:00+00:00,511.85,511.75,511.8,742,100,511.79406175771976,1.2886241500598452e-12,-1.1845786866970798e-06
2024-05-03 21:19:00+00:00,511.75,511.75,511.8,664,100,511.79345549738224,6.225659499385731e-09,-1.0254039312207475e-05
2024-05-03 21:20:00+00:00,511.75,511.75,511.8,322,100,511.7881516587678,4.5185957651247607e-10,-2.136590827195306e-05
2024-05-03 21:21:00+00:00,511.75,511.77,511.8,32,100,511.77727272727276,1.9850344747523805e-07,-4.440852288456476e-06
2024-05-03 21:22:00+00:00,511.63,511.65,511.8,500,100,511.775,1.0031589813859826e-07,-8.657501967279657e-05
2024-05-03 21:23:00+00:00,511.64,511.73,511.8,1,100,511.73069306930694,3.4193989399355447e-09,6.372430543688523e-05
2024-05-03 21:24:00+00:00,511.76,511.76,511.8,9,100,511.76330275229355,5.976545907811656e-14,0.0
2024-05-03 21:25:00+00:00,511.8,511.76,511.8,9,100,511.76330275229355,5.305331876810309e-10,-2.3033306051911673e-05
2024-05-03 21:26:00+00:00,511.72,511.72,511.8,65,100,511.75151515151515,2.124550692259903e-12,-1.4575838542807418e-06
2024-05-03 21:27:00+00:00,511.72,511.72,511.8,65,104,511.75076923076927,4.037891288645503e-08,-1.3938165923210732e-05
2024-05-03 21:28:00+00:00,511.78,511.78,511.8,550,200,511.79466666666667,1.835874379685387e-08,0.00020393342866587005
2024-05-03 21:29:00+00:00,511.83,511.83,511.85,899,100,511.847997997998,1.871109597628465e-08,-1.8969908543997605e-06
2024-05-03 21:30:00+00:00,511.83,511.82,511.85,1000,110,511.84702702702697,2.2142852919013887e-08,-0.00020867948356340094
2024-05-03 21:31:00+00:00,511.78,511.74,511.78,1,185,511.7402150537635,2.2159616396012887e-15,0.0
2024-05-03 21:32:00+00:00,511.76,511.74,511.78,1,185,511.7402150537635,0.0,0.0
2024-05-03 21:33:00+00:00,511.76,511.74,511.78,1,185,511.7402150537635,8.08841881817078e-09,7.084753827291124e-05
2024-05-03 21:34:00+00:00,511.72,511.72,511.8,24,10,511.7764705882353,4.6165276879373035e-08,-6.48466822000815e-05
2024-05-03 21:35:00+00:00,511.72,511.72,511.85,24,110,511.7432835820896,5.9515780483496555e-08,0.0002579624194254393
2024-05-03 21:36:00+00:00,511.72,511.72,511.94,24,10,511.8752941176471,1.2531966008043305e-07,-0.00023532178511831425
2024-05-03 21:37:00+00:00,511.72,511.72,511.9,24,100,511.7548387096774,1.6005104371245437e-07,-4.061447797087947e-05
2024-05-03 21:38:00+00:00,511.73,511.72,511.85,24,198,511.7340540540541,9.992505465408738e-09,9.509703753796117e-05
2024-05-03 21:39:00+00:00,511.78,511.78,511.85,8,198,511.7827184466019,4.752492135220306e-12,-3.054677373715009e-06
2024-05-03 21:40:00+00:00,511.78,511.78,511.85,5,298,511.7811551155116,1.8963764182585327e-09,4.2677870601304235e-05
2024-05-03 21:41:00+00:00,511.8,511.8,511.85,19,298,511.8029968454258,4.961460558123747e-10,1.869072417215456e-05
2024-05-03 21:42:00+00:00,511.8,511.8,511.85,100,298,511.81256281407036,1.0621919666099462e-09,2.1182444583267568e-05
2024-05-03 21:43:00+00:00,511.85,511.8,511.85,88,100,511.8234042553192,5.975307560518787e-10,2.4444442232374186e-05
2024-05-03 21:44:00+00:00,511.85,511.83,511.85,42,100,511.8359154929577,1.6357001322694304e-10,7.092041566236773e-06
2024-05-03 21:45:00+00:00,511.85,511.83,511.85,42,46,511.8395454545455,2.560555662864116e-09,-1.4470797123022905e-05
2024-05-03 21:46:00+00:00,511.87,511.83,511.89,37,1001,511.8321387283237,4.930350123633971e-10,2.2204391735947127e-05
2024-05-03 21:47:00+00:00,511.87,511.83,511.88,37,100,511.843503649635,2.298949517885723e-10,1.5162287155590093e-05
2024-05-03 21:48:00+00:00,511.83,511.83,511.88,74,100,511.85126436781604,4.5955897464526055e-09,-1.9358036801753187e-05
2024-05-03 21:49:00+00:00,511.82,511.82,511.88,84,152,511.8413559322034,8.473073057048105e-13,-1.3017256679237477e-06
2024-05-03 21:50:00+00:00,511.88,511.82,511.88,80,151,511.8407792207792,9.495789234436604e-11,1.0269388268202562e-05
2024-05-03 21:51:00+00:00,511.88,511.82,511.88,80,105,511.84594594594597,3.6541269303381773e-10,-1.91157707936096e-05
2024-05-03 21:52:00+00:00,511.88,511.82,511.88,80,217,511.83616161616163,8.039402734145593e-08,-2.087368958358926e-05
2024-05-03 21:53:00+00:00,511.7,511.8,511.88,100,214,511.8254777070064,5.899204054516554e-10,-3.1666329090129786e-05
2024-05-03 21:54:00+00:00,511.8,511.71,511.88,400,285,511.80927007299266,6.335001730944151e-08,-0.0001346348781106066
2024-05-03 21:55:00+00:00,511.7,511.74,511.88,1,385,511.74036269430053,3.125973108226689e-08,0.00018281416991028365
2024-05-03 21:56:00+00:00,511.87,511.75,511.87,100,43,511.8339160839161,2.6086007773166488e-08,0.00023867692155721265
2024-05-03 21:57:00+00:00,511.95,511.95,511.98,200,787,511.9560790273556,2.345319217230378e-08,0.00035914893237598555
2024-05-03 21:58:00+00:00,512.13,512.13,512.14,379,2,512.1399475065617,5.700989953452395e-14,-2.3582204256022976e-07
2024-05-03 21:59:00+00:00,512.13,512.13,512.14,397,7,512.1398267326732,6.270000742386639e-10,3.976137049344075e-05
2024-05-03 22:00:00+00:00,512.17,512.13,512.17,397,129,512.1601901140684,9.17430401944813e-09,-0.00013403719519500257
2024-05-03 22:01:00+00:00,512.09,512.09,512.1,189,1037,512.091541598695,6.301436180650482e-12,3.5158263922419053e-07
2024-05-03 22:02:00+00:00,512.09,512.09,512.1,214,1029,512.0917216411907,7.502527783269439e-12,2.7588067208483835e-07
2024-05-03 22:03:00+00:00,512.09,512.09,512.1,212,926,512.091862917399,1.9486400628422706e-09,4.826288242165688e-05
2024-05-03 22:04:00+00:00,512.15,512.09,512.12,233,30,512.1165779467681,4.7405752156999595e-09,4.0156697244997375e-05
2024-05-03 22:05:00+00:00,512.13,512.13,512.14,100,40,512.1371428571429,5.042728285671737e-08,0.00019340057722638804
2024-05-03 22:06:00+00:00,512.24,512.2,512.24,19,2,512.2361904761905,3.897600950880147e-08,0.00013716997319801472
2024-05-03 22:07:00+00:00,512.31,512.31,512.32,100,115,512.3146511627907,4.618483756377969e-07,0.00022696058410520692
2024-05-03 22:08:00+00:00,512.5,512.25,512.44,20,2,512.4227272727273,4.423898335524326e-08,0.00014722349768803156
2024-05-03 22:09:00+00:00,512.5,512.46,512.5,2500,120,512.4981679389313,1.9770153680504645e-09,-3.548970688693753e-05
2024-05-03 22:10:00+00:00,512.48,512.46,512.48,976,1,512.479979529171,2.6700728310212307e-11,-8.206116846598555e-06
2024-05-03 22:11:00+00:00,512.46,512.46,512.48,377,101,512.4757740585775,5.182996380294451e-09,-6.527651003118695e-05
2024-05-03 22:12:00+00:00,512.41,512.42,512.47,50,62,512.4423214285714,8.702060570391985e-09,-5.600777146730351e-06
2024-05-03 22:13:00+00:00,512.41,512.41,512.44,1342,25,512.4394513533285,5.334434443996157e-15,7.637156307360726e-08
2024-05-03 22:14:00+00:00,512.41,512.41,512.44,1447,25,512.4394904891304,4.4908049491220765e-10,-1.0121463478451886e-07
2024-05-03 22:15:00+00:00,512.41,512.41,512.44,1311,25,512.4394386227546,5.1521871790086936e-14,1.3812432686499676e-07
2024-05-03 22:16:00+00:00,512.44,512.41,512.44,1703,20,512.4396517701683,1.5752503669388012e-08,-3.831494454697992e-05
2024-05-03 22:17:00+00:00,512.41,512.37,512.42,2000,5,512.4198753117206,3.896075260817903e-10,-1.9467163992370473e-05
2024-05-03 22:18:00+00:00,512.37,512.37,512.41,1994,5,512.4098999499749,3.798109118749187e-09,-3.433239222938589e-05
2024-05-03 22:19:00+00:00,512.41,512.38,512.4,40,25,512.3923076923077,3.2485068682504554e-09,-2.7612342019533997e-06
2024-05-03 22:20:00+00:00,512.4,512.39,512.44,1,55,512.3908928571428,2.03648612538628e-09,4.512744315143813e-05
2024-05-03 22:21:00+00:00,512.39,512.38,512.44,72,55,512.4140157480316,3.5954254282648976e-09,-8.113517950825155e-07
2024-05-03 22:22:00+00:00,512.4,512.38,512.44,70,55,512.4136000000001,2.219159673943972e-09,4.853416306183078e-06
2024-05-03 22:23:00+00:00,512.4,512.4,512.44,37,55,512.4160869565218,2.338119314253404e-10,-4.853392750581165e-06
2024-05-03 22:24:00+00:00,512.39,512.38,512.44,70,55,512.4136000000001,4.326421114289807e-09,-6.57274545656783e-05
2024-05-03 22:25:00+00:00,512.38,512.37,512.38,1993,16,512.3799203583873,1.3537275348091853e-08,9.715956838207696e-05
2024-05-03 22:26:00+00:00,512.41,512.4,512.43,100,1,512.429702970297,1.3415472322406346e-11,-3.6627137920408614e-06
2024-05-03 22:27:00+00:00,512.41,512.38,512.43,22,1,512.4278260869564,1.4032109895630018e-08,4.18371683608143e-06
2024-05-03 22:28:00+00:00,512.41,512.37,512.43,1995,1,512.4299699398797,4.4798409773006395e-09,-7.848406531452135e-05
2024-05-03 22:29:00+00:00,512.37,512.37,512.39,1994,25,512.3897523526498,2.444940492857254e-09,-1.9995896705427008e-05
2024-05-03 22:30:00+00:00,512.37,512.37,512.38,1927,100,512.3795066600889,4.478392323091737e-08,-8.686268578328438e-05
2024-05-03 22:31:00+00:00,512.37,512.3,512.37,100,100,512.335,6.208174884157082e-09,-7.828155987554819e-05
2024-05-03 22:32:00+00:00,512.3,512.28,512.3,105,36,512.2948936170212,5.189427941387789e-11,7.2037684175629835e-06
2024-05-03 22:33:00+00:00,512.3,512.28,512.3,105,8,512.2985840707963,3.1832830090084414e-09,-8.132170411678796e-05
2024-05-03 22:34:00+00:00,512.27,512.23,512.3,5,8,512.256923076923,5.395996590380199e-09,7.770689520492091e-05
2024-05-03 22:35:00+00:00,512.3,512.25,512.3,100,7,512.2967289719626,5.376025382862964e-09,-7.332138421267675e-05
2024-05-03 22:36:00+00:00,512.25,512.23,512.3,5,7,512.2591666666667,5.611721056153008e-09,7.692348808707727e-05
2024-05-03 22:37:00+00:00,512.21,512.2,512.3,276,4,512.2985714285713,0.0,0.0
2024-05-03 22:38:00+00:00,512.25,512.2,512.3,276,4,512.2985714285713,0.0,0.0
2024-05-03 22:39:00+00:00,512.25,512.2,512.3,276,4,512.2985714285713,5.38505864201358e-13,7.338295879844026e-07
2024-05-03 22:40:00+00:00,512.25,512.2,512.3,376,4,512.298947368421,1.3239814989019947e-08,-0.00011506439496655751
2024-05-03 22:41:00+00:00,512.25,512.21,512.3,2,4,512.24,1.3251418579873003e-08,0.0001151148060845042
2024-05-03 22:42:00+00:00,512.25,512.2,512.3,383,4,512.2989664082687,1.324836823761284e-08,-0.00011510155619109952
2024-05-03 22:43:00+00:00,512.22,512.21,512.3,2,4,512.24,0.0,0.0
2024-05-03 22:44:00+00:00,512.22,512.21,512.3,2,4,512.24,2.9534119218848637e-09,-5.4345302666236606e-05
2024-05-03 22:45:00+00:00,512.22,512.23,512.25,1,35,512.2305555555555,2.5769604279973252e-09,-2.2188484002372277e-06
2024-05-03 22:46:00+00:00,512.25,512.21,512.25,2,76,512.2110256410257,3.228627434500726e-09,6.275751413475916e-05
2024-05-03 22:47:00+00:00,512.25,512.21,512.25,102,21,512.2431707317073,1.9983169252889814e-11,2.561336077011589e-06
2024-05-03 22:48:00+00:00,512.25,512.21,512.25,100,16,512.2444827586207,1.9922061808991355e-08,-1.1540056063408244e-05
2024-05-03 22:49:00+00:00,512.25,512.21,512.24,100,5,512.2385714285715,6.488405826275961e-09,7.917167367477163e-05
2024-05-03 22:50:00+00:00,512.25,512.25,512.28,100,3,512.2791262135922,5.859580050213239e-09,6.021876754314093e-05
2024-05-03 22:51:00+00:00,512.3,512.29,512.31,800,1,512.3099750312109,1.5334201402207505e-12,-3.37785757587028e-07
2024-05-03 22:52:00+00:00,512.3,512.29,512.31,100,1,512.3098019801979,5.093826584322846e-10,1.3399482973630583e-05
2024-05-03 22:53:00+00:00,512.31,512.29,512.37,100,200,512.3166666666667,2.0725633974264144e-09,6.380462352639782e-05
2024-05-03 22:54:00+00:00,512.31,512.33,512.35,30,1,512.3493548387097,2.340212818518099e-09,-6.735330493068403e-05
2024-05-03 22:55:00+00:00,512.29,512.29,512.37,91,202,512.3148464163822,1.2946480383640557e-07,-0.00013996533628768404
2024-05-03 22:56:00+00:00,512.29,512.24,512.37,5,202,512.2431400966184,1.1889845064591198e-09,1.5560998027464024e-05
2024-05-03 22:57:00+00:00,512.29,512.24,512.34,5,40,512.2511111111111,1.1463821544520882e-08,0.00010706923715297911
2024-05-03 22:58:00+00:00,512.29,512.3,512.34,7,40,512.3059574468085,9.342057817081225e-11,-6.181363085833169e-06
2024-05-03 22:59:00+00:00,512.3,512.3,512.34,3,40,512.3027906976745,2.8982140260517227e-10,8.179604868763235e-06
2024-05-03 23:00:00+00:00,512.35,512.3,512.35,74,456,512.3069811320755,8.002638565313196e-09,-7.150358758800657e-05
2024-05-03 23:01:00+00:00,512.3,512.27,512.35,2,456,512.2703493449782,1.889476615657519e-08,0.00017452333593714897
2024-05-03 23:02:00+00:00,512.35,512.35,512.36,197,5,512.3597524752475,3.829251780311435e-09,5.8450189750036685e-05
2024-05-03 23:03:00+00:00,512.37,512.37,512.39,197,3,512.3897000000001,4.0615345802729475e-09,-1.5055505048211515e-06
2024-05-03 23:04:00+00:00,512.37,512.38,512.39,25,3,512.3889285714286,8.937059610008733e-09,1.991038991122629e-05
2024-05-03 23:05:00+00:00,512.42,512.38,512.4,22,1,512.3991304347826,5.9535195266382066e-09,7.715905343275153e-05
2024-05-03 23:06:00+00:00,512.44,512.38,512.46,22,8,512.4386666666667,1.9932682777620887e-07,0.00015871818155788198
2024-05-03 23:07:00+00:00,512.43,512.5,512.54,1,1,512.52,7.789440020355772e-09,-5.308516195889901e-05
2024-05-03 23:08:00+00:00,512.5,512.45,512.5,95,16,512.4927927927928,6.710642386048893e-08,-0.00021959571343899142
2024-05-03 23:09:00+00:00,512.4,512.38,512.4,22,1727,512.3802515723271,7.34028270697709e-08,4.174199116691035e-05
2024-05-03 23:10:00+00:00,512.4,512.38,512.5,22,100,512.4016393442623,1.78262574776141e-08,7.237303151597096e-05
2024-05-03 23:11:00+00:00,512.4,512.4,512.46,182,100,512.4387234042554,3.0037749130890882e-09,-6.337031682468464e-05
2024-05-03 23:12:00+00:00,512.41,512.4,512.5,100,1500,512.40625,1.0563696402420241e-07,-4.797625581920428e-05
2024-05-03 23:13:00+00:00,512.48,512.36,512.49,20,100,512.3816666666667,3.35067846739968e-08,8.457237280801166e-05
2024-05-03 23:14:00+00:00,512.48,512.37,512.48,1,1,512.425,1.0876228069901006e-08,-0.0001061379813669383
2024-05-03 23:15:00+00:00,512.4,512.37,512.4,1,48,512.370612244898,1.49789747393812e-08,0.0001224135165764917
2024-05-03 23:16:00+00:00,512.4,512.4,512.45,100,50,512.4333333333333,4.6022880598797886e-10,-5.7083914681843595e-06
2024-05-03 23:17:00+00:00,512.45,512.43,512.45,1,48,512.4304081632653,1.6865229921596734e-08,-5.9341059353346104e-05
2024-05-03 23:18:00+00:00,512.47,512.37,512.46,1,2,512.4,1.0976778469396205e-08,0.00010477012202625424
2024-05-03 23:19:00+00:00,512.4,512.4,512.46,17,2,512.4536842105263,3.4763615352443625e-09,-4.678563819693338e-05
2024-05-03 23:20:00+00:00,512.4,512.42,512.43,100,3,512.4297087378641,1.9556072246018793e-12,-1.5999247530151806e-06
2024-05-03 23:21:00+00:00,512.42,512.42,512.43,16,2,512.4288888888889,5.754158232713534e-09,-3.1539236979849505e-06
2024-05-03 23:22:00+00:00,512.43,512.42,512.45,16,50,512.4272727272727,0.0,0.0
2024-05-03 23:23:00+00:00,512.43,512.42,512.45,16,50,512.4272727272727,7.130803682828445e-09,-4.481463179994982e-06
2024-05-03 23:24:00+00:00,512.49,512.42,512.49,15,196,512.4249763033175,1.1536148023835046e-08,-1.9468807686773282e-05
2024-05-03 23:25:00+00:00,512.4,512.37,512.46,1,1,512.415,1.1789338416508554e-08,1.3889527567423343e-05
2024-05-03 23:26:00+00:00,512.42,512.42,512.46,28,501,512.4221172022684,3.4531434237775985e-08,-2.3567746027630676e-05
2024-05-03 23:27:00+00:00,512.45,512.4,512.45,99,394,512.4100405679512,9.626619172241215e-09,-7.677556026752796e-05
2024-05-03 23:28:00+00:00,512.44,512.37,512.44,1,99,512.3706999999999,1.5751902818636366e-08,6.40770489712672e-05
2024-05-03 23:29:00+00:00,512.4,512.4,512.44,58,599,512.4035312024353,3.363715691394452e-11,-1.7254830576574065e-06
2024-05-03 23:30:00+00:00,512.4,512.4,512.41,18,50,512.4026470588235,7.167544737196372e-11,1.4260639720209412e-06
2024-05-03 23:31:00+00:00,512.41,512.4,512.41,76,149,512.4033777777777,3.078820043367362e-08,-0.0001626696671953587
2024-05-03 23:32:00+00:00,512.34,512.32,512.34,5,3949,512.3200252908448,2.777204167881443e-09,4.6126382624578355e-07
2024-05-03 23:33:00+00:00,512.34,512.32,512.34,51,3848,512.3202616055399,1.149955529444009e-13,-3.4468595644376876e-07
2024-05-03 23:34:00+00:00,512.34,512.32,512.34,16,3748,512.3200850159405,2.9085310364417736e-09,-7.821089362802791e-05
2024-05-03 23:35:00+00:00,512.3,512.28,512.34,1,3748,512.2800160042678,2.378531816967503e-09,4.8770193940228523e-05
2024-05-03 23:36:00+00:00,512.3,512.28,512.33,1,1,512.3050000000001,3.750162163525182e-09,-2.728763497683584e-05
2024-05-03 23:37:00+00:00,512.3,512.29,512.3,5,44,512.2910204081633,1.9209412499159016e-09,1.9557424348670693e-05
2024-05-03 23:38:00+00:00,512.32,512.3,512.34,100,3748,512.3010395010394,1.5973543764578232e-08,-3.758205236414902e-05
2024-05-03 23:39:00+00:00,512.3,512.28,512.34,115,3748,512.2817861765467,4.469829289206015e-09,1.749055373778674e-05
2024-05-03 23:40:00+00:00,512.32,512.28,512.32,54,147,512.2907462686567,1.1322550904000428e-08,-1.4893739974763953e-05
2024-05-03 23:41:00+00:00,512.28,512.28,512.34,150,2738,512.2831163434903,4.433635618153639e-09,4.857403204572286e-05
2024-05-03 23:42:00+00:00,512.31,512.3,512.31,268,66,512.3080239520957,2.1864661224135547e-08,-2.034760812685832e-05
2024-05-03 23:43:00+00:00,512.3,512.29,512.3,100,32,512.2975757575757,8.10944833169934e-09,4.97780327448627e-05
2024-05-03 23:44:00+00:00,512.34,512.3,512.33,100,30,512.3230769230769,1.91764869332767e-09,-2.2214530550623834e-05
2024-05-03 23:45:00+00:00,512.32,512.3,512.32,100,71,512.3116959064328,9.189975485710009e-14,4.076726602963987e-07
2024-05-03 23:46:00+00:00,512.32,512.3,512.32,100,68,512.3119047619048,7.293906991562588e-09,6.838868602532244e-07
2024-05-03 23:47:00+00:00,512.3,512.27,512.32,371,68,512.3122551252848,1.030403303989382e-08,-6.0305263002602416e-05
2024-05-03 23:48:00+00:00,512.32,512.25,512.32,56,69,512.28136,1.2717175206082225e-09,3.7289982526278465e-05
2024-05-03 23:49:00+00:00,512.32,512.3,512.32,5,211,512.3004629629629,7.545259637768361e-09,-8.608098135265418e-05
2024-05-03 23:50:00+00:00,512.3,512.25,512.26,14,8,512.2563636363636,9.248479833866196e-09,6.566314451927902e-05
2024-05-03 23:51:00+00:00,512.25,512.27,512.31,1,1,512.29,1.2107217164049344e-09,2.0466627271176208e-05
2024-05-03 23:52:00+00:00,512.3,512.3,512.32,4,111,512.3006956521739,1.8311962612165435e-08,3.271675428617726e-05
2024-05-03 23:53:00+00:00,512.29,512.29,512.32,1098,111,512.3172456575683,3.442516766771968e-09,-1.395876872434254e-05
2024-05-03 23:54:00+00:00,512.3,512.31,512.32,1,105,512.3100943396227,1.0639502504822888e-09,2.1172405087810375e-05
2024-05-03 23:55:00+00:00,512.34,512.32,512.34,100,2025,512.3209411764706,2.0321318148983023e-09,2.1038704230536e-05
2024-05-03 23:56:00+00:00,512.36,512.33,512.36,9,148,512.331719745223,5.772458443402642e-09,-6.971258926902202e-06
2024-05-03 23:57:00+00:00,512.35,512.28,512.33,130,5,512.3281481481482,2.135522999093215e-08,5.260279210683727e-05
2024-05-03 23:58:00+00:00,512.41,512.34,512.41,11,40,512.3550980392157,2.365147553642585e-08,8.724878537758052e-05
2024-05-03 23:59:00+00:00,512.31,512.3,512.4,500,1,512.3998003992016,1.696459689000825e-07,-0.00015987329270150674
