ts_recv,price,bid_px_00,ask_px_00,bid_sz_00,ask_sz_00,weighted_mid,rv_60s,ret_60s
2021-01-06 08:01:00+00:00,,,,0,0,,0.0,
2021-01-06 08:02:00+00:00,,,,0,0,,0.0,
2021-01-06 08:03:00+00:00,,,,0,0,,0.0,
2021-01-06 08:04:00+00:00,,,,0,0,,0.0,
2021-01-06 08:05:00+00:00,,,,0,0,,0.0,
2021-01-06 08:06:00+00:00,,,,0,0,,0.0,
2021-01-06 08:07:00+00:00,,,,0,0,,0.0,
2021-01-06 08:08:00+00:00,,,,0,0,,0.0,
2021-01-06 08:09:00+00:00,,,,0,0,,0.0,
2021-01-06 08:10:00+00:00,,,,0,0,,0.0,
2021-01-06 08:11:00+00:00,,,,0,0,,0.0,
2021-01-06 08:12:00+00:00,,,,0,0,,0.0,
2021-01-06 08:13:00+00:00,,,,0,0,,0.0,
2021-01-06 08:14:00+00:00,,,,0,0,,0.0,
2021-01-06 08:15:00+00:00,,,,0,0,,0.0,
2021-01-06 08:16:00+00:00,,,,0,0,,0.0,
2021-01-06 08:17:00+00:00,,,,0,0,,0.0,
2021-01-06 08:18:00+00:00,,,,0,0,,0.0,
2021-01-06 08:19:00+00:00,,,,0,0,,0.0,
2021-01-06 08:20:00+00:00,,,,0,0,,0.0,
2021-01-06 08:21:00+00:00,,,,0,0,,0.0,
2021-01-06 08:22:00+00:00,,,,0,0,,0.0,
2021-01-06 08:23:00+00:00,,,,0,0,,0.0,
2021-01-06 08:24:00+00:00,,,,0,0,,0.0,
2021-01-06 08:25:00+00:00,,,,0,0,,0.0,
2021-01-06 08:26:00+00:00,,,,0,0,,0.0,
2021-01-06 08:27:00+00:00,,,,0,0,,0.0,
2021-01-06 08:28:00+00:00,,,,0,0,,0.0,
2021-01-06 08:29:00+00:00,,,,0,0,,0.0,
2021-01-06 08:30:00+00:00,,,,0,0,,0.0,
2021-01-06 08:31:00+00:00,,,,0,0,,0.0,
2021-01-06 08:32:00+00:00,,,,0,0,,0.0,
2021-01-06 08:33:00+00:00,,,,0,0,,0.0,
2021-01-06 08:34:00+00:00,,,,0,0,,0.0,
2021-01-06 08:35:00+00:00,,,,0,0,,0.0,
2021-01-06 08:36:00+00:00,,,,0,0,,0.0,
2021-01-06 08:37:00+00:00,,,,0,0,,0.0,
2021-01-06 08:38:00+00:00,,,,0,0,,0.0,
2021-01-06 08:39:00+00:00,,,,0,0,,0.0,
2021-01-06 08:40:00+00:00,,,,0,0,,0.0,
2021-01-06 08:41:00+00:00,,,,0,0,,0.0,
2021-01-06 08:42:00+00:00,,,,0,0,,0.0,
2021-01-06 08:43:00+00:00,,,,0,0,,0.0,
2021-01-06 08:44:00+00:00,,,,0,0,,0.0,
2021-01-06 08:45:00+00:00,,,,0,0,,0.0,
2021-01-06 08:46:00+00:00,,,,0,0,,0.0,
2021-01-06 08:47:00+00:00,,,,0,0,,0.0,
2021-01-06 08:48:00+00:00,,,,0,0,,0.0,
2021-01-06 08:49:00+00:00,,,,0,0,,0.0,
2021-01-06 08:50:00+00:00,,,,0,0,,0.0,
2021-01-06 08:51:00+00:00,,,,0,0,,0.0,
2021-01-06 08:52:00+00:00,,,,0,0,,0.0,
2021-01-06 08:53:00+00:00,,,,0,0,,0.0,
2021-01-06 08:54:00+00:00,,,,0,0,,0.0,
2021-01-06 08:55:00+00:00,,,,0,0,,0.0,
2021-01-06 08:56:00+00:00,,,,0,0,,0.0,
2021-01-06 08:57:00+00:00,,,,0,0,,0.0,
2021-01-06 08:58:00+00:00,,,,0,0,,0.0,
2021-01-06 08:59:00+00:00,,,,0,0,,0.0,
2021-01-06 09:00:00+00:00,,,,0,0,,5.873438478198889e-07,
2021-01-06 09:01:00+00:00,368.39,368.28,368.34,500,500,368.31,5.007178035579707e-07,0.00043387901549785113
2021-01-06 09:02:00+00:00,368.44,368.45,368.49,500,510,368.46980198019804,3.167221118186944e-07,0.00017790210976098564
2021-01-06 09:03:00+00:00,368.57,368.49,368.54,10,1000,368.490495049505,2.4444324280536696e-07,0.0003511167616694344
2021-01-06 09:04:00+00:00,368.62,368.61,368.69,1000,1010,368.6498009950249,1.5663643056260526e-07,0.00020410826976879903
2021-01-06 09:05:00+00:00,368.7,368.72,368.79,1000,510,368.76635761589404,1.7227979313077121e-07,-0.00011751731120401843
2021-01-06 09:06:00+00:00,368.61,368.65,368.7,500,500,368.675,4.627232801358688e-07,0.0006328598938603047
2021-01-06 09:07:00+00:00,368.97,368.89,368.94,10,500,368.89098039215685,2.0255369900928345e-07,-0.00045511879419990464
2021-01-06 09:08:00+00:00,368.75,368.76,368.79,75,1000,368.76209302325583,3.7105722403455527e-07,-0.0001231860797208384
2021-01-06 09:09:00+00:00,368.67,368.68,368.75,500,500,368.715,1.633175173407132e-07,0.0002827168763073207
2021-01-06 09:10:00+00:00,368.85,368.79,368.82,10,500,368.79058823529414,1.510755287097951e-07,-8.380514810091277e-05
2021-01-06 09:11:00+00:00,368.81,368.75,368.82,1000,500,368.7966666666667,1.9608608840238406e-07,0.00016011176834407337
2021-01-06 09:12:00+00:00,368.9,368.83,368.85,500,25,368.8490476190476,3.7885799783971256e-08,0.00016417648829336606
2021-01-06 09:13:00+00:00,368.9,368.9,368.91,100,10,368.90909090909093,1.3123277138020504e-07,0.0003740542180759032
2021-01-06 09:14:00+00:00,369.02,369.01,369.05,500,50,369.04636363636365,1.5062173974527818e-07,0.00011277551422117504
2021-01-06 09:15:00+00:00,369.05,369.03,369.09,500,10,369.08882352941174,2.1765424498991296e-07,0.00045368700377990123
2021-01-06 09:16:00+00:00,369.29,369.21,369.28,1000,500,369.25666666666666,1.495679618786026e-07,2.2231027805075243e-05
2021-01-06 09:17:00+00:00,369.2,369.23,369.29,500,1010,369.2498675496689,2.542154180110635e-07,0.000852042393890251
2021-01-06 09:18:00+00:00,369.54,369.55,369.58,500,5,369.57970297029703,2.667064780292032e-07,0.0005074201464907446
2021-01-06 09:19:00+00:00,369.77,369.76,369.79,500,310,369.77851851851847,4.422615456325991e-07,-0.00029684720045308755
2021-01-06 09:20:00+00:00,369.69,369.66,369.72,500,500,369.69,1.1278880393443074e-07,-1.759331408668352e-05
2021-01-06 09:21:00+00:00,369.64,369.62,369.66,300,500,369.635,8.056496065029179e-08,-9.676492989230123e-05
2021-01-06 09:22:00+00:00,369.69,369.61,369.65,100,500,369.6166666666667,1.3590316563563977e-07,-0.00024964551566564186
2021-01-06 09:23:00+00:00,369.54,369.47,369.54,100,500,369.4816666666667,1.2809124150702376e-07,-2.9522110830848547e-05
2021-01-06 09:24:00+00:00,369.5,369.49,369.55,500,100,369.54,7.979399392499379e-08,-7.596017349675854e-05
2021-01-06 09:25:00+00:00,369.51,369.44,369.51,1000,600,369.48375,8.726807680091688e-08,0.0001054911690359095
2021-01-06 09:26:00+00:00,369.55,369.49,369.55,600,500,369.52272727272725,6.708732750818711e-08,0.00013131188880022293
2021-01-06 09:27:00+00:00,369.56,369.52,369.58,500,500,369.55,9.081195947315494e-08,-0.00018541141193406663
2021-01-06 09:28:00+00:00,369.5,369.49,369.53,500,500,369.51,5.51242288020449e-08,0.00010087267162517399
2021-01-06 09:29:00+00:00,369.51,369.49,369.55,500,600,369.5172727272727,1.0731269275897478e-07,-0.0002886471469033536
2021-01-06 09:30:00+00:00,369.47,369.4,369.47,1000,600,369.44375,1.5852211615668714e-07,-0.0001074536759819722
2021-01-06 09:31:00+00:00,369.45,369.39,369.43,10,600,369.3906557377049,1.11029823750289e-07,0.0002587465327745786
2021-01-06 09:32:00+00:00,369.49,369.48,369.55,500,100,369.53833333333336,2.2212746198981538e-07,-3.847388684430353e-05
2021-01-06 09:33:00+00:00,369.5,369.45,369.5,500,500,369.475,1.2622536856171765e-07,0.0002791122538736701
2021-01-06 09:34:00+00:00,369.59,369.53,369.58,500,500,369.555,8.819749393528148e-08,-0.0001252964259770284
2021-01-06 09:35:00+00:00,369.58,369.51,369.55,500,500,369.53,3.606694170994737e-07,-8.610403827946644e-05
2021-01-06 09:36:00+00:00,369.51,369.46,369.5,500,500,369.48,1.227705438862475e-07,-0.000108254397835017
2021-01-06 09:37:00+00:00,369.46,369.43,369.5,1000,1000,369.465,4.644643585632171e-08,-0.00018734284164589887
2021-01-06 09:38:00+00:00,369.43,369.39,369.43,10,500,369.3907843137255,1.6943345747841617e-07,0.0003904149545650437
2021-01-06 09:39:00+00:00,369.46,369.51,369.58,1000,500,369.5566666666667,1.624991271340226e-07,8.051328087321785e-05
2021-01-06 09:40:00+00:00,369.54,369.54,369.58,500,500,369.56,1.2154032479940227e-07,-0.00028344823077941506
2021-01-06 09:41:00+00:00,369.51,369.47,369.5,500,100,369.495,8.676811254842298e-08,-0.00010746216179557955
2021-01-06 09:42:00+00:00,369.52,369.39,369.43,510,500,369.410198019802,5.741456099132322e-08,0.00028342506120759836
2021-01-06 09:43:00+00:00,369.52,369.49,369.55,500,500,369.52,5.095095525580281e-08,0.0004443966883824757
2021-01-06 09:44:00+00:00,369.67,369.65,369.69,500,10,369.6892156862745,8.807452454538835e-08,-6.895033719311883e-06
2021-01-06 09:45:00+00:00,369.7,369.62,369.68,500,500,369.65,1.208195681140333e-07,0.00026599101942181846
2021-01-06 09:46:00+00:00,369.79,369.76,369.78,500,100,369.77666666666664,2.1041247979266368e-07,0.0003650770042051832
2021-01-06 09:47:00+00:00,369.9,369.89,369.94,500,500,369.915,6.433392826615606e-07,0.0005406574394464236
2021-01-06 09:48:00+00:00,370.09,370.09,370.15,500,500,370.12,1.3643351407752993e-07,0.0002026369826002572
2021-01-06 09:49:00+00:00,370.2,370.17,370.2,500,100,370.195,4.80722465889676e-07,0.0006167920510362634
2021-01-06 09:50:00+00:00,370.42,370.4,370.46,500,300,370.4375,1.7847089155407936e-07,0.00034195110099255466
2021-01-06 09:51:00+00:00,370.6,370.52,370.59,500,500,370.555,1.7658019922529845e-07,-4.66137559647084e-05
2021-01-06 09:52:00+00:00,370.56,370.51,370.56,500,600,370.5327272727273,1.1629961930943367e-07,-7.483083324755224e-05
2021-01-06 09:53:00+00:00,370.46,370.47,370.54,1000,500,370.51666666666665,8.02555650429491e-08,0.00011324144543012338
2021-01-06 09:54:00+00:00,370.55,370.5,370.56,1800,500,370.5469565217391,7.516040213745024e-08,-0.0003516149647954103
2021-01-06 09:55:00+00:00,370.44,370.37,370.44,1000,500,370.4166666666667,6.473645732881559e-08,-0.00013948256467943843
2021-01-06 09:56:00+00:00,370.42,370.34,370.39,500,500,370.365,1.0929654177827522e-07,-1.5617873518003478e-05
2021-01-06 09:57:00+00:00,370.34,370.32,370.36,500,10,370.3592156862745,1.1590448518106538e-07,-0.00047039652017755174
2021-01-06 09:58:00+00:00,370.15,370.16,370.21,500,500,370.185,1.4911890184231226e-07,-0.00016114500951303068
2021-01-06 09:59:00+00:00,370.12,370.1,370.16,800,500,370.1369230769231,1.515171417042639e-07,0.0007669948498130186
2021-01-06 10:00:00+00:00,370.35,370.39,370.45,500,1000,370.41,1.9215441828697502e-07,-0.00029392603451594557
2021-01-06 10:01:00+00:00,370.37,370.3,370.36,3,500,370.30035785288266,9.018016554084251e-08,0.00048512550233281715
2021-01-06 10:02:00+00:00,370.37,370.45,370.51,500,500,370.48,1.0052934465455854e-07,6.748002591216995e-05
2021-01-06 10:03:00+00:00,370.55,370.47,370.5,500,5,370.49970297029705,7.986543240407995e-08,0.0004678299438154454
2021-01-06 10:04:00+00:00,370.7,370.63,370.7,100,1500,370.634375,1.4683005956881068e-07,-0.0004271448290746882
2021-01-06 10:05:00+00:00,370.53,370.47,370.53,500,100,370.52,8.890364423743317e-08,6.133885546621975e-05
2021-01-06 10:06:00+00:00,370.54,370.52,370.57,500,600,370.5427272727273,2.659894559793142e-07,-0.0001794051477317371
2021-01-06 10:07:00+00:00,370.52,370.45,370.52,600,1000,370.47625,1.239988968954136e-07,-0.0005541451551822618
2021-01-06 10:08:00+00:00,370.3,370.25,370.29,550,500,370.2709523809524,1.573893548628438e-07,-0.00013254450730415535
2021-01-06 10:09:00+00:00,370.25,370.2,370.27,1000,1000,370.235,1.488591635288168e-07,0.0004541195735665582
2021-01-06 10:10:00+00:00,370.43,370.35,370.41,1100,500,370.39125,1.8079589485778115e-07,4.908830741068293e-05
2021-01-06 10:11:00+00:00,370.44,370.37,370.44,1100,500,370.418125,1.712348878229901e-07,-0.0003067868616686287
2021-01-06 10:12:00+00:00,370.22,370.27,370.33,1000,100,370.32454545454544,2.226330982613826e-07,-0.00047531740613016016
2021-01-06 10:13:00+00:00,370.16,370.1,370.17,500,1100,370.121875,1.3819279969084201e-07,1.7459239785244662e-05
2021-01-06 10:14:00+00:00,370.15,370.11,370.14,500,500,370.125,1.5990440214104716e-07,0.0004826379294464722
2021-01-06 10:15:00+00:00,370.34,370.23,370.29,500,100,370.28,1.3570927334529986e-07,0.00011170194484133589
2021-01-06 10:16:00+00:00,370.34,370.32,370.38,500,500,370.35,2.4203916997002226e-07,-4.618737436157261e-05
2021-01-06 10:17:00+00:00,370.3,370.29,370.35,500,600,370.3172727272727,9.223150621422502e-08,0.00024134825299659823
2021-01-06 10:18:00+00:00,370.29,370.39,370.45,1000,600,370.4275,5.7863771207875925e-08,-7.853550909420193e-05
2021-01-06 10:19:00+00:00,370.39,370.35,370.42,600,500,370.3881818181818,1.0751737167192873e-07,-6.258789918189844e-05
2021-01-06 10:20:00+00:00,370.39,370.33,370.4,500,500,370.365,1.2262924885784874e-07,0.00012150176177549987
2021-01-06 10:21:00+00:00,370.39,370.41,370.47,1000,600,370.4475,8.845835808411818e-08,-5.3994222618314325e-05
2021-01-06 10:22:00+00:00,370.37,370.37,370.44,400,1000,370.39,6.044589856947823e-08,-0.00029682259175600745
2021-01-06 10:23:00+00:00,370.3,370.28,370.31,1,1000,370.28002997002994,9.34127675554169e-08,0.00036442718466722646
2021-01-06 10:24:00+00:00,370.42,370.4,370.44,300,1000,370.40923076923076,9.094096378922327e-08,-0.0004798058197623689
2021-01-06 10:25:00+00:00,370.3,370.17,370.23,500,100,370.22,1.471899047660608e-07,0.00032411647567531787
2021-01-06 10:26:00+00:00,370.4,370.35,370.42,500,500,370.385,2.297070989786789e-07,0.00020127984525997178
2021-01-06 10:27:00+00:00,370.38,370.4,370.47,500,600,370.4318181818182,7.798279589411618e-08,-0.0006037180195104241
2021-01-06 10:28:00+00:00,370.26,370.17,370.24,600,500,370.2081818181818,1.3071001330585206e-07,-0.00031657380193195195
2021-01-06 10:29:00+00:00,370.08,370.08,370.13,310,100,370.11780487804873,1.5341784072857023e-07,-0.0006106163526468089
2021-01-06 10:30:00+00:00,369.93,369.83,369.89,1000,600,369.8675,3.220296730438235e-07,0.00017573979695284514
2021-01-06 10:31:00+00:00,369.9,369.93,369.98,600,500,369.9572727272727,1.478809013794102e-07,0.00040041359176057334
2021-01-06 10:32:00+00:00,370.09,370.03,370.1,1100,500,370.078125,2.1130901120870245e-07,0.00020895465100645438
2021-01-06 10:33:00+00:00,370.27,370.13,370.16,1100,100,370.1575,1.0454590384206978e-07,-0.0002257153920705024
2021-01-06 10:34:00+00:00,370.09,370.0,370.07,500,500,370.035,2.2968275927761047e-07,0.00019137500013166608
2021-01-06 10:35:00+00:00,370.1,370.1,370.16,719,500,370.13538966365877,1.6577865156492976e-07,0.0004091378346273711
2021-01-06 10:36:00+00:00,370.31,370.23,370.3,1100,100,370.2941666666667,1.8317648073908635e-07,-0.0006790260732508768
2021-01-06 10:37:00+00:00,370.09,370.01,370.07,600,500,370.0427272727273,1.761485921142617e-07,-0.0001244737503696136
2021-01-06 10:38:00+00:00,370.02,369.95,370.0,100,50,369.98333333333335,2.763694225894241e-07,0.0002543743107383811
2021-01-06 10:39:00+00:00,370.21,370.09,370.12,10,500,370.09058823529415,8.931348147469062e-08,-0.00012863196760415363
2021-01-06 10:40:00+00:00,370.0,370.0,370.07,500,500,370.035,1.3147591224982173e-07,0.0003962378501178865
2021-01-06 10:41:00+00:00,370.09,370.13,370.19,600,10,370.1890163934426,1.381088956691662e-07,5.4556009423833984e-05
2021-01-06 10:42:00+00:00,370.19,370.18,370.24,500,500,370.21,1.6336407075859135e-07,0.0004727046811270341
2021-01-06 10:43:00+00:00,370.3,370.33,370.41,500,1100,370.355,1.9250153876252807e-07,0.0005264792040713395
2021-01-06 10:44:00+00:00,370.53,370.56,370.6,500,500,370.58,1.0929859961571894e-07,1.0119272491726505e-05
2021-01-06 10:45:00+00:00,370.55,370.54,370.61,1000,600,370.58375,2.856128864047665e-07,0.0002989754800242217
2021-01-06 10:46:00+00:00,370.72,370.71,370.76,100,500,370.7183333333333,9.988411046464582e-08,0.00012997714364204604
2021-01-06 10:47:00+00:00,370.74,370.69,370.77,1100,500,370.745,2.9806745831890654e-07,0.0003972369960054678
2021-01-06 10:48:00+00:00,370.9,370.84,370.89,300,1000,370.85153846153844,1.8259321339482456e-07,-0.0001431069133082108
2021-01-06 10:49:00+00:00,370.78,370.72,370.79,300,500,370.74625,2.1984466002239789e-07,-0.00027066170205580775
2021-01-06 10:50:00+00:00,370.81,370.72,370.78,800,2600,370.73411764705884,1.0249347462826452e-07,0.0001441678076077313
2021-01-06 10:51:00+00:00,370.75,370.74,370.81,1000,500,370.7866666666667,1.4983574879717487e-07,0.0002337351780432595
2021-01-06 10:52:00+00:00,370.66,370.87,370.91,100,500,370.87666666666667,8.85280620463824e-08,-4.879044631700413e-05
2021-01-06 10:53:00+00:00,370.93,370.85,370.89,200,1000,370.8566666666667,1.0288813116455492e-07,4.429875077516243e-05
2021-01-06 10:54:00+00:00,370.85,370.84,370.91,1000,500,370.88666666666666,9.546686795740102e-08,-4.044489383214778e-05
2021-01-06 10:55:00+00:00,370.85,370.84,370.87,2,500,370.84011952191236,1.381638494397056e-07,-0.0002696435312516954
2021-01-06 10:56:00+00:00,370.74,370.73,370.8,500,500,370.765,1.859046299952016e-07,-0.00031017369727048827
2021-01-06 10:57:00+00:00,370.56,370.63,370.67,500,500,370.65,9.912480816660705e-08,-6.744998583541051e-05
2021-01-06 10:58:00+00:00,370.67,370.57,370.64,500,500,370.605,3.1869794225979884e-07,-0.0005531271922724068
2021-01-06 10:59:00+00:00,370.42,370.36,370.42,1000,500,370.4,1.4311131595735186e-07,7.213193310207089e-05
2021-01-06 11:00:00+00:00,370.48,370.43,370.48,300,980,370.44171875,1.4477740128324964e-07,-8.354760725981514e-05
2021-01-06 11:01:00+00:00,370.38,370.36,370.45,1000,500,370.42,9.292042452429172e-08,0.00021389974539709478
2021-01-06 11:02:00+00:00,370.45,370.46,370.52,500,500,370.49,1.8201278857168895e-07,-0.00036888085148489846
2021-01-06 11:03:00+00:00,370.36,370.35,370.37,100,500,370.35333333333335,5.815586424089026e-08,6.300289813321314e-05
2021-01-06 11:04:00+00:00,370.37,370.37,370.44,500,500,370.405,1.4165638204864377e-07,-0.00044915385506771877
2021-01-06 11:05:00+00:00,370.27,370.21,370.26,5,800,370.2103105590062,2.0146834424297052e-07,-0.000541072339945714
2021-01-06 11:06:00+00:00,369.95,370.0,370.02,500,500,370.01,1.4656695050680096e-07,0.0002355148702544163
2021-01-06 11:07:00+00:00,370.1,370.09,370.1,500,200,370.09714285714284,4.335019761746782e-08,0.00010807973196236276
2021-01-06 11:08:00+00:00,370.14,370.13,370.14,500,200,370.13714285714286,2.8911876500710763e-08,-9.999341841193665e-05
2021-01-06 11:09:00+00:00,370.08,370.03,370.1,1800,500,370.08478260869566,6.040314888445579e-08,-0.000282917624717105
2021-01-06 11:10:00+00:00,369.98,369.96,370.0,1500,180,369.9957142857143,7.270991928348041e-08,0.00031867854832223763
2021-01-06 11:11:00+00:00,370.13,370.08,370.12,500,100,370.11333333333334,1.193167498593051e-07,-0.0004007781400292565
2021-01-06 11:12:00+00:00,370.01,369.95,369.99,300,500,369.965,1.397009661529567e-07,-4.054437581935133e-05
2021-01-06 11:13:00+00:00,369.89,369.89,369.96,500,500,369.925,6.1930218111826e-08,-0.00017938542063422602
2021-01-06 11:14:00+00:00,369.89,369.85,369.91,500,500,369.88,7.041157944552876e-08,3.6866631274445893e-06
2021-01-06 11:15:00+00:00,369.89,369.85,369.91,200,1000,369.86,4.427826436445249e-08,-0.0001274071245169761
2021-01-06 11:16:00+00:00,369.85,369.83,369.85,500,770,369.837874015748,1.8088682115736698e-07,-0.0007423271160242884
2021-01-06 11:17:00+00:00,369.58,369.56,369.57,100,500,369.56166666666667,3.0513866315546253e-07,-0.00031697640587413645
2021-01-06 11:18:00+00:00,369.4,369.42,369.46,50,500,369.4236363636364,7.636185832814237e-08,-3.2223263390918078e-06
2021-01-06 11:19:00+00:00,369.47,369.42,369.47,500,500,369.445,5.322695953297026e-08,0.00012180432811392805
2021-01-06 11:20:00+00:00,369.5,369.45,369.49,500,500,369.47,2.7853989457799777e-08,-5.41286638339189e-05
2021-01-06 11:21:00+00:00,369.49,369.45,369.51,500,500,369.48,7.957950048631744e-08,-0.00013452505019906358
2021-01-06 11:22:00+00:00,369.47,369.39,369.45,510,500,369.42029702970297,1.233687530902493e-07,7.138112652649298e-05
2021-01-06 11:23:00+00:00,369.3,369.4,369.47,500,500,369.435,1.324742019586624e-07,0.0002120287998266246
2021-01-06 11:24:00+00:00,369.49,369.49,369.54,500,500,369.515,8.935718584436627e-07,0.0010451783024021388
2021-01-06 11:25:00+00:00,369.94,369.91,369.94,25,500,369.9114285714286,1.6088812283838794e-07,-9.791406771308964e-05
2021-01-06 11:26:00+00:00,369.93,369.81,369.89,1500,500,369.87,1.854542645187562e-07,0.00039202433254481583
2021-01-06 11:27:00+00:00,370.02,370.02,370.08,500,500,370.05,2.091369019496825e-07,-0.00017566618020647962
2021-01-06 11:28:00+00:00,370.01,369.92,369.99,500,500,369.955,7.696540234752035e-08,0.000229757673230635
2021-01-06 11:29:00+00:00,370.0,369.99,370.05,500,100,370.04,1.0379491780924642e-07,-8.352905337027927e-05
2021-01-06 11:30:00+00:00,370.0,370.0,370.06,841,2000,370.01776135163675,4.672157359838281e-08,-8.943269207140059e-05
2021-01-06 11:31:00+00:00,370.0,369.96,370.0,500,2000,369.968,8.40381011084317e-08,-0.00014595541332407258
2021-01-06 11:32:00+00:00,370.0,369.9,369.97,1000,2000,369.92333333333335,4.982656814570614e-08,0.00018276242866677173
2021-01-06 11:33:00+00:00,369.97,369.97,369.99,500,10,369.98960784313726,5.5128851925528945e-08,-0.0002665681654016039
2021-01-06 11:34:00+00:00,369.97,369.89,369.93,10,500,369.8907843137255,7.882545897178285e-08,0.00026609339955485645
2021-01-06 11:35:00+00:00,369.94,369.94,369.99,500,10,369.98901960784315,1.3264223670329782e-07,-0.0004307313071010288
2021-01-06 11:36:00+00:00,369.83,369.8,369.85,118,500,369.80954692556634,7.36847523832231e-08,-9.474600864567417e-05
2021-01-06 11:37:00+00:00,369.79,369.76,369.83,500,500,369.795,2.3717496442751233e-07,-0.0003372218940144167
2021-01-06 11:38:00+00:00,369.69,369.67,369.7,5,500,369.67029702970297,9.66161593354915e-08,0.0003216884275720755
2021-01-06 11:39:00+00:00,369.67,369.75,369.79,500,10,369.78921568627453,3.4654760927251204e-07,0.0006240969285626896
2021-01-06 11:40:00+00:00,370.06,369.95,370.01,1000,500,369.99,1.508565088640373e-07,0.000216204529484898
2021-01-06 11:41:00+00:00,370.09,370.07,370.14,500,570,370.10271028037386,2.1163190188251535e-07,3.602629919829958e-05
2021-01-06 11:42:00+00:00,370.05,370.09,370.16,500,1000,370.11333333333334,1.853554269646833e-08,-0.0001270355310797333
2021-01-06 11:43:00+00:00,370.09,370.05,370.11,1000,500,370.09,2.5293184574029073e-08,-3.057773428938315e-05
2021-01-06 11:44:00+00:00,370.09,370.02,370.08,500,500,370.05,1.7877798083840855e-08,2.7023010093163435e-05
2021-01-06 11:45:00+00:00,370.09,370.03,370.09,500,500,370.06,6.058410879429652e-08,0.00012165419610021821
2021-01-06 11:46:00+00:00,370.09,370.11,370.12,1,500,370.11001996007985,4.652885810375568e-08,-0.00032428184487620637
2021-01-06 11:47:00+00:00,369.99,369.97,370.01,500,500,369.99,1.149250529516962e-07,8.108327252087655e-05
2021-01-06 11:48:00+00:00,369.99,369.98,370.04,500,500,370.01,8.977020227897797e-08,-0.00024323009567039922
2021-01-06 11:49:00+00:00,370.0,369.9,369.97,500,500,369.935,1.337704004401022e-07,0.0002432892709431922
2021-01-06 11:50:00+00:00,370.0,369.92,370.0,500,500,369.96,1.5508058167655454e-07,-0.00014864061402086737
2021-01-06 11:51:00+00:00,370.0,369.94,369.99,500,500,369.965,7.800631059659867e-08,0.0002476215200926113
2021-01-06 11:52:00+00:00,370.09,370.04,370.09,500,1005,370.056611295681,2.028000238601916e-07,0.0004029194060639618
2021-01-06 11:53:00+00:00,370.19,370.18,370.22,500,200,370.2085714285714,4.1300211384468253e-07,0.0005653227549162754
2021-01-06 11:54:00+00:00,370.44,370.39,370.44,500,500,370.415,1.0089207761092719e-07,-0.00026096855328938684
2021-01-06 11:55:00+00:00,370.39,370.33,370.36,100,500,370.335,1.3096269008050984e-07,0.0002070290875868519
2021-01-06 11:56:00+00:00,370.42,370.41,370.44,100,500,370.415,5.16681556504973e-08,8.409828558031407e-05
2021-01-06 11:57:00+00:00,370.46,370.43,370.46,100,1000,370.4327272727273,1.4194869726588685e-07,0.00029578014767484007
2021-01-06 11:58:00+00:00,370.56,370.53,370.57,100,500,370.5366666666667,7.114844263687576e-08,-1.5421686746841523e-05
2021-01-06 11:59:00+00:00,370.56,370.49,370.55,1600,200,370.54333333333335,1.0222384504051624e-07,-0.00018161382253500946
2021-01-06 12:00:00+00:00,370.45,370.44,370.49,500,101,370.4815973377704,1.6872704385328796e-07,4.282427880442086e-05
2021-01-06 12:01:00+00:00,370.53,370.47,370.53,100,600,370.47857142857146,1.1093694824727785e-07,0.00011182447413560226
2021-01-06 12:02:00+00:00,370.56,370.53,370.56,100,300,370.5375,4.607010739183711e-07,0.0007826837957465305
2021-01-06 12:03:00+00:00,370.85,370.8,370.85,500,1000,370.81666666666666,1.7379440375476772e-07,0.0003741203563312201
2021-01-06 12:04:00+00:00,370.94,370.89,370.95,600,13,370.9487275693312,7.563060316147368e-08,0.00018902927030861605
2021-01-06 12:05:00+00:00,371.01,371.01,371.06,715,1000,371.0308454810496,1.3552621894230008e-07,3.105673421766042e-06
2021-01-06 12:06:00+00:00,371.05,370.99,371.06,1000,500,371.0366666666667,5.028867705680655e-07,0.00012128726214233332
2021-01-06 12:07:00+00:00,371.1,371.04,371.09,500,500,371.065,1.2934731244894747e-07,-4.4915760490926715e-06
2021-01-06 12:08:00+00:00,371.09,371.01,371.09,1000,500,371.06333333333333,1.1082997894287035e-07,-0.0002555219184905422
2021-01-06 12:09:00+00:00,370.98,370.94,370.97,500,40,370.96777777777777,1.5061027876197692e-07,-0.00010383231081800837
2021-01-06 12:10:00+00:00,370.91,370.9,370.95,500,1000,370.9166666666667,5.1731174388049825e-08,-6.664929291844146e-05
2021-01-06 12:11:00+00:00,370.9,370.9,370.96,76,500,370.90791666666667,3.264556652074457e-08,-2.7709979861567646e-05
2021-01-06 12:12:00+00:00,370.88,370.87,370.92,500,1000,370.88666666666666,1.8628439705116716e-07,2.6961808598180426e-05
2021-01-06 12:13:00+00:00,370.99,370.87,370.94,500,500,370.905,8.886881616200293e-08,0.0004448578476969889
2021-01-06 12:14:00+00:00,371.05,371.05,371.08,500,500,371.065,3.307560182853409e-07,0.00032321005421453997
2021-01-06 12:15:00+00:00,371.22,371.11,371.18,500,500,371.145,9.716521221383029e-08,-0.0004987805045226779
2021-01-06 12:16:00+00:00,371.02,370.98,371.04,500,506,371.00982107355867,6.840705841839249e-08,0.0004363162363349993
2021-01-06 12:17:00+00:00,371.12,371.15,371.2,1000,2000,371.1666666666667,1.1337873061148196e-07,-0.0001932084550327895
2021-01-06 12:18:00+00:00,371.19,371.09,371.15,45,500,371.09495412844035,4.222183956432869e-08,0.00016226292762899774
2021-01-06 12:19:00+00:00,371.15,371.15,371.16,535,500,371.15516908212555,1.1962859401965204e-07,0.00034531177761776277
2021-01-06 12:20:00+00:00,371.25,371.25,371.29,500,100,371.28333333333336,1.5231804061736604e-07,0.00025930199704782275
2021-01-06 12:21:00+00:00,371.38,371.36,371.4,500,520,371.37960784313725,1.3606423819653376e-07,-0.0003355268854445814
2021-01-06 12:22:00+00:00,371.28,371.22,371.29,1000,500,371.26666666666665,8.323912005992092e-08,0.00017051796700529032
2021-01-06 12:23:00+00:00,371.36,371.31,371.36,100,500,371.3183333333333,1.3243652252434545e-07,0.00010779884773781667
2021-01-06 12:24:00+00:00,371.38,371.33,371.38,600,500,371.35727272727274,5.672957111091793e-08,-0.00010322464825085476
2021-01-06 12:25:00+00:00,371.29,371.3,371.34,500,500,371.32,1.2479206392091885e-07,-0.0005790154045028917
2021-01-06 12:26:00+00:00,371.18,371.1,371.14,520,500,371.12039215686275,5.5857937925923445e-08,9.880402222206541e-05
2021-01-06 12:27:00+00:00,371.22,371.15,371.2,100,1000,371.1545454545454,1.1701978587469359e-07,5.388777870085626e-05
2021-01-06 12:28:00+00:00,371.17,371.12,371.17,500,100,371.1616666666667,5.6096935641132656e-08,-0.0005163967184110829
2021-01-06 12:29:00+00:00,370.97,370.93,370.98,800,200,370.97,6.541156317411832e-08,-2.44291991267076e-05
2021-01-06 12:30:00+00:00,370.97,370.94,370.97,300,2900,370.9428125,7.10700200004253e-08,0.00020863607326138123
2021-01-06 12:31:00+00:00,371.07,371.07,371.1,100,100,371.085,2.0264028271366982e-07,0.0003452345124139722
2021-01-06 12:32:00+00:00,371.1,371.12,371.17,800,100,371.1644444444444,2.3773264882484288e-07,-0.0005036723911691077
2021-01-06 12:33:00+00:00,370.98,370.94,370.98,35,500,370.9426168224299,1.841167990361436e-07,-0.0004871759691755795
2021-01-06 12:34:00+00:00,370.77,370.75,370.8,300,500,370.76875,1.660467942709911e-07,-0.0004191402119523291
2021-01-06 12:35:00+00:00,370.65,370.63,370.66,500,500,370.645,4.83503012809908e-07,-0.0005635846381215615
2021-01-06 12:36:00+00:00,370.44,370.43,370.47,100,800,370.43444444444447,2.3893298457821143e-07,6.40297391816258e-05
2021-01-06 12:37:00+00:00,370.46,370.47,370.51,500,800,370.4853846153846,2.537844716315595e-07,0.000667528224965297
2021-01-06 12:38:00+00:00,370.75,370.71,370.77,100,300,370.725,1.5496900571523571e-07,-0.000415197785812893
2021-01-06 12:39:00+00:00,370.6,370.54,370.6,800,1300,370.5628571428571,1.990835491733129e-07,-0.00013493399651665072
2021-01-06 12:40:00+00:00,370.54,370.5,370.57,1000,300,370.55384615384617,2.6066498835607533e-07,4.0831693144838255e-05
2021-01-06 12:41:00+00:00,370.57,370.49,370.55,300,500,370.5125,1.2160200730706806e-07,0.000137195807655921
2021-01-06 12:42:00+00:00,370.58,370.53,370.6,1500,1300,370.5675,2.0571515721254082e-07,-0.00014241229629330387
2021-01-06 12:43:00+00:00,370.45,370.51,370.53,334,1000,370.5150074962519,1.8245254545423e-07,-0.0002980742981842921
2021-01-06 12:44:00+00:00,370.45,370.4,370.46,502,500,370.4300598802395,2.647205543000407e-07,0.00024784065891414464
2021-01-06 12:45:00+00:00,370.5,370.47,370.53,1000,1300,370.49608695652176,2.7649478525349436e-07,-0.0003939780218573663
2021-01-06 12:46:00+00:00,370.37,370.36,370.41,1000,500,370.3933333333333,3.0980567797745996e-07,0.0002561909768388215
2021-01-06 12:47:00+00:00,370.37,370.39,370.46,300,500,370.41625,2.75402774180473e-07,0.00024745013879701183
2021-01-06 12:48:00+00:00,370.55,370.52,370.58,500,1300,370.5366666666667,2.758796268351715e-07,-0.0001462198114028368
2021-01-06 12:49:00+00:00,370.48,370.43,370.49,500,800,370.45307692307694,2.2013179288516157e-07,-7.730651871040717e-05
2021-01-06 12:50:00+00:00,370.43,370.4,370.49,2100,800,370.4651724137931,1.9161776870440273e-07,-0.0001099223405801597
2021-01-06 12:51:00+00:00,370.42,370.42,370.48,1500,500,370.465,3.0671540656063427e-07,-8.612336233015938e-05
2021-01-06 12:52:00+00:00,370.32,370.38,370.39,170,502,370.3825297619048,1.459670713137122e-07,-0.00023279737386427968
2021-01-06 12:53:00+00:00,370.3,370.28,370.3,300,100,370.295,1.7959333041106217e-07,-0.00020704213307420893
2021-01-06 12:54:00+00:00,370.24,370.19,370.22,800,100,370.21666666666664,2.539001223299705e-07,-0.00031963120861100425
2021-01-06 12:55:00+00:00,370.0,370.05,370.1,500,1000,370.06666666666666,3.536654312843031e-07,-0.00027598718493082597
2021-01-06 12:56:00+00:00,370.02,369.98,370.03,160,1100,369.9863492063492,8.045394161135303e-08,-2.0215750502816654e-05
2021-01-06 12:57:00+00:00,369.99,369.99,370.01,25,1300,369.99037735849055,2.4929206748397023e-07,1.2493950633185591e-05
2021-01-06 12:58:00+00:00,370.01,369.96,370.01,1500,200,370.0041176470588,7.422598822510735e-08,-0.00015279111245303234
2021-01-06 12:59:00+00:00,369.94,369.93,369.94,1100,100,369.93916666666667,7.847829927188796e-08,3.1899915707844784e-05
2021-01-06 13:00:00+00:00,369.95,369.95,369.97,15,100,369.9526086956522,1.91068717931229e-07,0.0002032566685821191
2021-01-06 13:01:00+00:00,370.05,370.01,370.05,300,976,370.01940438871475,5.111919437556632e-07,0.00033209211567797325
2021-01-06 13:02:00+00:00,370.15,370.12,370.15,800,105,370.14651933701657,1.0293427872273795e-07,-3.329065437362999e-05
2021-01-06 13:03:00+00:00,370.15,370.13,370.14,201,1300,370.13133910726185,1.3223538338652623e-07,0.0005656918601313343
2021-01-06 13:04:00+00:00,370.36,370.34,370.39,200,800,370.35,2.148165715678094e-07,0.00010690854357142676
2021-01-06 13:05:00+00:00,370.35,370.38,370.42,300,300,370.4,4.5842815741605765e-07,-0.0002540354201462369
2021-01-06 13:06:00+00:00,370.34,370.27,370.3,300,1000,370.2769230769231,1.747180962037392e-07,0.0003553716979278754
2021-01-06 13:07:00+00:00,370.38,370.42,370.47,1300,800,370.4509523809524,1.7807740078984656e-07,-0.0003487009203454461
2021-01-06 13:08:00+00:00,370.23,370.26,370.31,800,1400,370.2781818181818,7.39500389693025e-08,-0.00011172417320748362
2021-01-06 13:09:00+00:00,370.27,370.25,370.28,7,100,370.2519626168224,1.1085246834781351e-07,0.0003390593321648261
2021-01-06 13:10:00+00:00,370.4,370.37,370.43,1300,1300,370.4,7.934277286761195e-08,0.0003577431134449416
2021-01-06 13:11:00+00:00,370.5,370.49,370.53,300,800,370.5009090909091,3.492844038839621e-07,-0.0005532914091387342
2021-01-06 13:12:00+00:00,370.39,370.3,370.35,1000,500,370.3333333333333,1.2263419751752904e-07,-0.0001729590987095131
2021-01-06 13:13:00+00:00,370.25,370.21,370.26,1300,800,370.24095238095236,9.556565486062658e-08,-0.00031277162900578137
2021-01-06 13:14:00+00:00,370.15,370.11,370.16,1300,2300,370.12805555555553,1.4606878055843257e-07,-6.795408268944758e-05
2021-01-06 13:15:00+00:00,370.19,370.09,370.19,1,9,370.1,5.758704199662603e-07,0.0003503041802013218
2021-01-06 13:16:00+00:00,370.18,370.13,370.22,500,500,370.175,2.0978193947369726e-07,-0.00042783601510332225
2021-01-06 13:17:00+00:00,370.07,370.02,370.09,800,800,370.055,1.429125420739876e-07,0.0006316351243171869
2021-01-06 13:18:00+00:00,370.31,370.3,370.32,800,100,370.3177777777778,1.1891353370416065e-07,-0.0003608906661761724
2021-01-06 13:19:00+00:00,370.27,370.16,370.2,119,300,370.17136038186163,7.319884432366742e-08,-0.0003878814501904193
2021-01-06 13:20:00+00:00,370.06,370.01,370.03,400,50,370.02777777777777,2.1102894122552824e-07,0.0006501013437429926
2021-01-06 13:21:00+00:00,370.26,370.26,370.3,783,1900,370.27167349981363,1.3279771871213899e-07,-5.493741861506418e-05
2021-01-06 13:22:00+00:00,370.25,370.23,370.26,27,100,370.23637795275596,2.3141955950621262e-07,0.000943984196769998
2021-01-06 13:23:00+00:00,370.52,370.58,370.62,1000,100,370.61636363636364,6.276415845519355e-07,-1.5567376383529563e-06
2021-01-06 13:24:00+00:00,370.6,370.59,370.62,300,1000,370.5969230769231,1.1236856016521181e-07,-3.217262794330544e-05
2021-01-06 13:25:00+00:00,370.59,370.57,370.61,7,300,370.57091205211725,2.635792178153807e-07,2.023827192143557e-05
2021-01-06 13:26:00+00:00,370.59,370.58,370.61,100,1000,370.58272727272725,1.1522159682186088e-07,9.781633465344441e-05
2021-01-06 13:27:00+00:00,370.61,370.59,370.64,300,800,370.6036363636364,1.4598262180177451e-07,2.409033683581363e-05
2021-01-06 13:28:00+00:00,370.59,370.63,370.69,172,500,370.6453571428571,1.0897497338699705e-07,-0.0002758058122099838
2021-01-06 13:29:00+00:00,370.59,370.52,370.56,500,1500,370.53,1.512532836361219e-07,6.286970453062146e-05
2021-01-06 13:30:00+00:00,370.59,370.55,370.6,2100,10,370.59976303317535,9.572760636795393e-08,0.00010746319867349641
2021-01-06 13:31:00+00:00,370.6,370.57,370.6,100,30,370.5930769230769,1.4839881033392625e-07,-0.00036674874592990125
2021-01-06 13:32:00+00:00,370.45,370.46,370.49,100,1030,370.4626548672566,1.0576850818174266e-07,7.538589017896946e-05
2021-01-06 13:33:00+00:00,370.48,370.49,370.51,45,500,370.4916513761468,1.5439483692931385e-07,-0.00017508741548999396
2021-01-06 13:34:00+00:00,370.45,370.42,370.46,100,600,370.42571428571426,9.614938835403452e-09,-3.4187293130871765e-06
2021-01-06 13:35:00+00:00,370.42,370.4,370.44,100,600,370.4057142857143,7.691519437442749e-08,-9.846631989696153e-05
2021-01-06 13:36:00+00:00,370.37,370.36,370.4,35,1100,370.3612334801762,7.898792125001155e-08,-2.995495630775391e-05
2021-01-06 13:37:00+00:00,370.4,370.36,370.4,573,1100,370.3736999402271,8.451063952564908e-08,-0.00013556987206686522
2021-01-06 13:38:00+00:00,370.32,370.32,370.37,100,1100,370.32416666666666,5.523301105989188e-08,-3.375398297000842e-05
2021-01-06 13:39:00+00:00,370.33,370.31,370.36,100,1100,370.31416666666667,1.320633878651353e-07,0.00027229132020800684
2021-01-06 13:40:00+00:00,370.44,370.39,370.42,400,500,370.4033333333333,1.9749950923801198e-07,-0.0005965795364537563
2021-01-06 13:41:00+00:00,370.2,370.19,370.23,67,600,370.1940179910045,9.643097028143404e-08,0.0004074993018146067
2021-01-06 13:42:00+00:00,370.3,370.31,370.35,680,100,370.3448717948718,1.5343202390638957e-07,-0.0001581120999849528
2021-01-06 13:43:00+00:00,370.31,370.28,370.32,160,100,370.3046153846154,7.858226213291223e-08,0.0003205201096165844
2021-01-06 13:44:00+00:00,370.45,370.39,370.44,600,1000,370.40875,9.608265699713515e-08,5.251670352146576e-06
2021-01-06 13:45:00+00:00,370.45,370.39,370.43,735,1000,370.4069452449568,8.912160559745283e-08,-0.0004075119187005871
2021-01-06 13:46:00+00:00,370.32,370.24,370.28,500,1500,370.25,4.2033660675636494e-08,-0.00033186497990567165
2021-01-06 13:47:00+00:00,370.19,370.13,370.18,16,1500,370.1305277044855,1.4667433472181628e-07,0.000147444558074028
2021-01-06 13:48:00+00:00,370.17,370.17,370.19,500,65,370.1876991150442,1.0687243859953599e-07,0.000262842026324428
2021-01-06 13:49:00+00:00,370.23,370.26,370.31,1000,500,370.29333333333335,5.340716896534824e-08,-0.00022876632287049947
2021-01-06 13:50:00+00:00,370.21,370.2,370.21,30,500,370.2005660377358,1.2870349136552078e-07,0.0001106393993490773
2021-01-06 13:51:00+00:00,370.24,370.22,370.27,500,1000,370.2366666666667,8.211019587029714e-08,-0.00028697504667563045
2021-01-06 13:52:00+00:00,370.11,370.12,370.16,1000,500,370.14666666666665,1.1027064510232113e-07,0.00014754826837659607
2021-01-06 13:53:00+00:00,370.18,370.15,370.19,1023,10,370.18961277831556,9.008940549627357e-08,0.0002813077895482685
2021-01-06 13:54:00+00:00,370.29,370.29,370.32,300,1000,370.29692307692306,1.4100239207193562e-07,-0.0005500599857124477
2021-01-06 13:55:00+00:00,370.09,370.03,370.08,500,1500,370.0425,1.2033563328893294e-07,-0.00016230164126873614
2021-01-06 13:56:00+00:00,370.04,370.01,370.05,500,500,370.03,5.00874868457406e-07,-0.0012921004838226668
2021-01-06 13:57:00+00:00,369.55,369.54,369.55,500,186,369.54728862973764,2.4378782191996976e-07,-0.0005715837517702438
2021-01-06 13:58:00+00:00,369.31,369.29,369.31,10,1000,369.29019801980195,3.64358148653195e-07,-0.00029761819349882757
2021-01-06 13:59:00+00:00,369.23,369.21,369.26,1000,1000,369.235,1.3951707520610808e-07,0.0005157031963090031
2021-01-06 14:00:00+00:00,369.41,369.43,369.48,500,1100,369.445625,1.1922333751747738e-07,1.3141706232344674e-05
2021-01-06 14:01:00+00:00,369.45,369.41,369.45,500,1500,369.42,1.493335537212324e-07,0.0007687601847190528
2021-01-06 14:02:00+00:00,369.7,369.69,369.73,500,500,369.71,8.231442947415826e-08,-0.0001622893619322996
2021-01-06 14:03:00+00:00,369.66,369.64,369.68,500,1000,369.6533333333333,1.0346285376113108e-07,-1.757977470928651e-06
2021-01-06 14:04:00+00:00,369.68,369.64,369.68,500,939,369.6538985406532,2.2595592173194284e-07,0.00017083713617838114
2021-01-06 14:05:00+00:00,369.73,369.68,369.73,1000,1100,369.7038095238095,1.9810114876172756e-07,-0.0004733407715453719
2021-01-06 14:06:00+00:00,369.55,369.51,369.57,500,1600,369.5242857142857,6.851441413546675e-08,-0.0002458027489317116
2021-01-06 14:07:00+00:00,369.48,369.45,369.49,1100,100,369.4866666666667,3.530722875489904e-07,0.0001812702698711366
2021-01-06 14:08:00+00:00,369.46,369.49,369.53,500,500,369.51,1.974598529517542e-07,0.0004096293653821359
2021-01-06 14:09:00+00:00,369.64,369.61,369.66,500,100,369.65166666666664,1.9196045747856337e-07,-9.423318611134768e-05
2021-01-06 14:10:00+00:00,369.67,369.61,369.65,610,500,369.631981981982,1.582898653100338e-07,0.00021106645574930916
2021-01-06 14:11:00+00:00,369.7,369.69,369.73,500,600,369.7081818181818,1.2314615845788116e-07,-2.1459855874761402e-05
2021-01-06 14:12:00+00:00,369.73,369.72,369.75,1000,150,369.74608695652176,1.6216213474876855e-07,-0.0006449272171132892
2021-01-06 14:13:00+00:00,369.48,369.44,369.48,600,491,369.46199816681946,1.2773931045264953e-07,4.1009691409410465e-06
2021-01-06 14:14:00+00:00,369.46,369.45,369.48,400,500,369.4633333333333,4.780586484918106e-08,-5.7776389369434966e-05
2021-01-06 14:15:00+00:00,369.45,369.44,369.45,123,496,369.4419870759289,1.3439082384054493e-07,-0.00012488145672739925
2021-01-06 14:16:00+00:00,369.38,369.38,369.4,1910,500,369.3958506224066,3.810748210717399e-07,0.0004759556556030997
2021-01-06 14:17:00+00:00,369.56,369.56,369.61,1500,1100,369.58884615384613,1.861694596652855e-07,0.00040168387834249586
2021-01-06 14:18:00+00:00,369.71,369.69,369.73,500,625,369.7077777777778,1.706635114226735e-07,-0.00036545927746300944
2021-01-06 14:19:00+00:00,369.55,369.57,369.6,1000,500,369.59,2.2169023000890992e-07,-7.41372079494651e-05
2021-01-06 14:20:00+00:00,369.58,369.54,369.58,100,2000,369.5419047619048,7.16824735988999e-08,0.00023070055346496865
2021-01-06 14:21:00+00:00,369.58,369.59,369.63,1000,600,369.615,1.412327021343752e-07,-0.00024734299516915303
2021-01-06 14:22:00+00:00,369.56,369.54,369.58,600,1500,369.5514285714286,7.922010798126633e-08,-7.728623633440623e-05
2021-01-06 14:23:00+00:00,369.55,369.51,369.55,2402,100,369.5484012789768,1.1484793088697434e-07,0.00010015197241353135
2021-01-06 14:24:00+00:00,369.54,369.54,369.56,1113,10,369.55982190561,1.0839521449453753e-07,0.00024217787013403047
2021-01-06 14:25:00+00:00,369.69,369.69,369.73,1490,400,369.7215343915344,3.4475258706245203e-07,0.0005929847130714538
2021-01-06 14:26:00+00:00,369.86,369.81,369.84,500,200,369.83142857142855,1.481213207819341e-07,-0.00015234926863771925
2021-01-06 14:27:00+00:00,369.83,369.78,369.83,500,1400,369.79315789473685,1.6212925398151295e-07,-0.00028317674735822695
2021-01-06 14:28:00+00:00,369.7,369.7,369.72,300,500,369.7075,1.8809202980592222e-07,-0.0005792867785118228
2021-01-06 14:29:00+00:00,369.48,369.48,369.53,500,1,369.52990019960083,1.461403690268942e-07,0.00033543066344732253
2021-01-06 14:30:00+00:00,369.7,369.7,369.74,1100,6300,369.7059459459459,1.5303397322279909e-06,0.0012586729762233961
2021-01-06 14:31:00+00:00,369.98,369.97,370.02,1500,1600,369.9941935483871,8.278802060555733e-07,-0.0012194340688662653
2021-01-06 14:32:00+00:00,369.65,369.63,369.66,200,814,369.6359171597633,8.830912316176094e-07,-0.000769800054147507
2021-01-06 14:33:00+00:00,369.32,369.33,369.35,100,100,369.34,1.5608918932382605e-06,0.0011587148830585203
2021-01-06 14:34:00+00:00,369.79,369.74,369.76,100,200,369.74666666666667,6.596856797262761e-07,-0.0011213158179402827
2021-01-06 14:35:00+00:00,369.34,369.34,369.37,800,400,369.36,1.5629470411145732e-06,0.0019493177387912564
2021-01-06 14:36:00+00:00,370.07,370.04,370.06,1000,100,370.0581818181818,1.0203278245448568e-06,0.001158577705008268
2021-01-06 14:37:00+00:00,370.54,370.51,370.54,600,200,370.5325,7.428363505222699e-07,0.0011371067105085952
2021-01-06 14:38:00+00:00,370.92,370.9,370.92,200,400,370.9066666666667,4.1653792828177525e-07,-8.781828148174409e-05
2021-01-06 14:39:00+00:00,370.88,370.9,370.92,1100,100,370.91833333333335,3.83723298662612e-07,6.066366044543692e-05
2021-01-06 14:40:00+00:00,370.91,370.94,370.95,300,200,370.946,4.555488459029743e-07,-0.0013479995686401791
2021-01-06 14:41:00+00:00,370.39,370.37,370.39,200,99,370.3833779264214,3.7109419579589375e-07,0.0009394741104691295
2021-01-06 14:42:00+00:00,370.79,370.77,370.8,300,100,370.7925,1.1087160497316503e-06,0.0009055527985155631
2021-01-06 14:43:00+00:00,371.11,371.06,371.08,200,200,371.07,2.8090618810849876e-07,-0.00035142912640095947
2021-01-06 14:44:00+00:00,370.96,370.94,370.96,1,100,370.940198019802,1.7626146132591353e-07,0.0003818783021241057
2021-01-06 14:45:00+00:00,371.1,371.08,371.1,200,200,371.09,3.56333559711849e-07,-0.00014820203979903912
2021-01-06 14:46:00+00:00,371.06,371.01,371.04,1000,200,371.035,5.931797951095903e-07,0.0004958766776264056
2021-01-06 14:47:00+00:00,371.24,371.23,371.24,100,400,371.232,4.962055348578103e-07,0.0016772437175189836
2021-01-06 14:48:00+00:00,371.86,371.85,371.87,600,300,371.86333333333334,1.6197250966834683e-07,-0.00019080059417109219
2021-01-06 14:49:00+00:00,371.8,371.76,371.79,200,600,371.7675,1.871096767121895e-07,0.0002313659646893118
2021-01-06 14:50:00+00:00,371.87,371.85,371.87,325,1127,371.854476584022,2.1158471795103626e-07,5.44927009493712e-05
2021-01-06 14:51:00+00:00,371.94,371.87,371.89,100,700,371.8725,2.4078015449160944e-07,-0.0003115681883127941
2021-01-06 14:52:00+00:00,371.8,371.75,371.76,100,100,371.755,2.6192769296176553e-07,0.0003561557249207592
2021-01-06 14:53:00+00:00,371.91,371.91,371.92,500,100,371.91833333333335,1.211326264562013e-07,9.802973157069239e-05
2021-01-06 14:54:00+00:00,371.97,371.95,371.97,200,800,371.954,2.1327239543545316e-07,0.0009695736663835053
2021-01-06 14:55:00+00:00,372.32,372.31,372.32,400,100,372.318,2.92860629223916e-07,-0.0004991298582636139
2021-01-06 14:56:00+00:00,372.16,372.16,372.17,300,230,372.16566037735845,2.837291933454387e-07,0.0002621412602750173
2021-01-06 14:57:00+00:00,372.26,372.24,372.27,200,100,372.26,2.0371091434468094e-07,-0.00036874100142059163
2021-01-06 14:58:00+00:00,372.1,372.08,372.11,300,300,372.095,9.008131908895465e-08,0.0002631109786568331
2021-01-06 14:59:00+00:00,372.2,372.2,372.22,200,100,372.2133333333333,1.1524123246383282e-07,9.391636875610843e-05
2021-01-06 15:00:00+00:00,372.22,372.22,372.24,52,100,372.22684210526313,4.056807879966322e-07,-0.00010644483806654392
2021-01-06 15:01:00+00:00,372.17,372.16,372.19,24,200,372.1632142857143,2.289079270258687e-07,-0.0001432985535801956
2021-01-06 15:02:00+00:00,372.14,372.12,372.15,200,300,372.132,2.61877557170038e-07,0.0006914230781527309
2021-01-06 15:03:00+00:00,372.37,372.39,372.4,100,172,372.39367647058816,2.8227850429880986e-07,-0.00026135244923852774
2021-01-06 15:04:00+00:00,372.28,372.29,372.31,100,100,372.3,2.1834513093934083e-07,0.000214953579317001
2021-01-06 15:05:00+00:00,372.36,372.35,372.36,100,300,372.3525,2.1316082663366973e-07,2.4297389820793214e-05
2021-01-06 15:06:00+00:00,372.39,372.37,372.39,100,30,372.3853846153846,1.3099061345370013e-07,-0.0001257465937590796
2021-01-06 15:07:00+00:00,372.34,372.33,372.35,200,800,372.334,3.4288360273067286e-07,7.4604818276480245e-06
2021-01-06 15:08:00+00:00,372.36,372.35,372.36,300,260,372.35535714285714,2.1002059878714213e-07,0.0008325835605034193
2021-01-06 15:09:00+00:00,372.64,372.64,372.66,200,405,372.6466115702479,1.259074791254361e-07,0.0007594359242710791
2021-01-06 15:10:00+00:00,372.94,372.93,372.95,200,47,372.94619433198375,2.590190472080943e-07,0.001118761238910304
2021-01-06 15:11:00+00:00,373.33,373.32,373.34,400,200,373.3333333333333,2.8006921406445587e-07,-0.00036030920075968975
2021-01-06 15:12:00+00:00,373.2,373.2,373.22,200,900,373.20363636363635,2.1474435997160729e-07,-1.3427803490229095e-05
2021-01-06 15:13:00+00:00,373.16,373.16,373.18,500,100,373.1766666666667,1.7410070791461776e-07,-1.5413751416226695e-05
2021-01-06 15:14:00+00:00,373.2,373.21,373.23,300,200,373.222,1.2075535671616953e-07,0.00017881271080955052
2021-01-06 15:15:00+00:00,373.278,373.26,373.27,200,100,373.26666666666665,2.8574758565774994e-07,0.00016074298981960666
2021-01-06 15:16:00+00:00,373.28,373.27,373.29,100,700,373.2725,2.1625508600866128e-07,0.00037723887926577326
2021-01-06 15:17:00+00:00,373.48,373.46,373.48,200,100,373.47333333333336,1.542419666612288e-07,-0.0002309145405015034
2021-01-06 15:18:00+00:00,373.39,373.4,373.42,1,125,373.4001587301587,1.2253345435220666e-07,-8.372386918364949e-05
2021-01-06 15:19:00+00:00,373.35,373.34,373.36,100,100,373.35,1.8316870067063875e-07,0.00019418775947510625
2021-01-06 15:20:00+00:00,373.41,373.41,373.42,200,200,373.415,1.4583993795575526e-07,2.1507272100818042e-05
2021-01-06 15:21:00+00:00,373.41,373.4,373.42,847,900,373.4096966227819,1.531856733386537e-07,-0.00032482756475016306
2021-01-06 15:22:00+00:00,373.3,373.28,373.3,39,100,373.28561151079134,1.64170705237496e-07,0.00016252001254635218
2021-01-06 15:23:00+00:00,373.37,373.37,373.39,100,100,373.38,9.749759442099471e-08,-6.094239810383595e-05
2021-01-06 15:24:00+00:00,373.35,373.35,373.36,200,100,373.3566666666667,9.04128018773593e-08,0.0005877813060666259
2021-01-06 15:25:00+00:00,373.565,373.53,373.56,200,200,373.545,2.2207242049675303e-07,-0.0004783582710694567
2021-01-06 15:26:00+00:00,373.37,373.36,373.38,200,200,373.37,2.686285767949362e-07,0.0004843629525947968
2021-01-06 15:27:00+00:00,373.6,373.6,373.61,1600,500,373.60761904761904,2.4397442254428816e-07,0.0005521072091816404
2021-01-06 15:28:00+00:00,373.77,373.76,373.77,200,100,373.76666666666665,2.0150541686193538e-07,4.904911600123185e-05
2021-01-06 15:29:00+00:00,373.8,373.79,373.81,200,200,373.8,1.3273575443271516e-07,1.7835167382962425e-05
2021-01-06 15:30:00+00:00,373.79,373.78,373.8,100,200,373.7866666666667,2.3563914942442727e-07,0.0007755882654281177
2021-01-06 15:31:00+00:00,374.09,374.07,374.09,110,38,374.08486486486487,2.54624383140261e-07,0.00017843777763593138
2021-01-06 15:32:00+00:00,374.15,374.13,374.16,1200,200,374.15571428571434,2.3126931620933259e-07,0.0005862072037559063
2021-01-06 15:33:00+00:00,374.37,374.36,374.38,400,100,374.376,1.5255609728899082e-07,0.00013088445840558904
2021-01-06 15:34:00+00:00,374.425,374.42,374.44,100,200,374.4266666666667,1.1328014570379869e-07,0.00015579444036406542
2021-01-06 15:35:00+00:00,374.47,374.47,374.48,275,300,374.47478260869565,1.5300830644828164e-07,-0.0002091770884330435
2021-01-06 15:36:00+00:00,374.4,374.4,374.41,100,100,374.405,2.396248108266459e-07,-0.0002737677114353909
2021-01-06 15:37:00+00:00,374.31,374.31,374.33,200,100,374.3233333333333,9.40545531779684e-08,0.00020132684889118124
2021-01-06 15:38:00+00:00,374.38,374.37,374.39,100,272,374.3753763440861,8.375621902211083e-08,0.000361870201165404
2021-01-06 15:39:00+00:00,374.56,374.56,374.57,200,100,374.56666666666666,1.1036587340884408e-07,-0.00025732802522937526
2021-01-06 15:40:00+00:00,374.44,374.42,374.44,300,200,374.432,1.4299678578187436e-07,0.00043544887206214966
2021-01-06 15:41:00+00:00,374.59,374.57,374.59,200,200,374.58,1.1556462365678187e-07,-4.449427803576711e-05
2021-01-06 15:42:00+00:00,374.56,374.57,374.58,200,500,374.5728571428571,7.93879306758222e-08,0.00016730592957125978
2021-01-06 15:43:00+00:00,374.63,374.62,374.63,200,200,374.625,2.3126823294287536e-07,0.0005979296685227897
2021-01-06 15:44:00+00:00,374.84,374.82,374.84,210,100,374.83354838709676,9.28389363990813e-08,0.00017130819269839392
2021-01-06 15:45:00+00:00,374.92,374.91,374.92,710,200,374.9178021978022,2.4000089536914934e-07,0.0003212782707464612
2021-01-06 15:46:00+00:00,375.04,375.02,375.03,1100,100,375.02916666666664,2.0370459347430853e-07,-9.250239352787126e-05
2021-01-06 15:47:00+00:00,374.99,374.98,375.0,100,200,374.9866666666667,1.1584668642105552e-07,0.0002586926926007038
2021-01-06 15:48:00+00:00,375.08,375.08,375.1,100,200,375.08666666666664,1.1638551520877083e-07,-9.868924493694475e-05
2021-01-06 15:49:00+00:00,375.06,375.05,375.07,200,200,375.06,8.822839615072772e-08,0.0003461343846655751
2021-01-06 15:50:00+00:00,375.2,375.18,375.2,1000,120,375.1978571428571,1.2964528177068694e-07,0.0005601755654893736
2021-01-06 15:51:00+00:00,375.4,375.39,375.41,200,200,375.4,2.346546684445482e-07,0.0008223404892229169
2021-01-06 15:52:00+00:00,375.69,375.66,375.67,200,100,375.6666666666667,1.681672714709208e-07,-0.0005838710961685312
2021-01-06 15:53:00+00:00,375.49,375.48,375.51,700,1300,375.4905,6.459722301541676e-08,-0.00031011294430938197
2021-01-06 15:54:00+00:00,375.36,375.37,375.38,300,1000,375.3723076923077,1.0889194101088875e-07,-4.75717477098625e-05
2021-01-06 15:55:00+00:00,375.352,375.35,375.37,600,400,375.362,1.0986343249306879e-07,-2.664144609809682e-06
2021-01-06 15:56:00+00:00,375.33,375.32,375.33,622,412,375.32601547388776,1.5150061135785717e-07,-0.0005101850519775297
2021-01-06 15:57:00+00:00,375.155,375.14,375.16,8347,700,375.15845252569915,1.0328768729019361e-07,-0.00045091571430166955
2021-01-06 15:58:00+00:00,374.98,374.97,374.98,300,100,374.9775,8.936572414901247e-08,0.0002977830716990315
2021-01-06 15:59:00+00:00,375.11,375.11,375.12,451,100,375.1181851179673,1.880279516058869e-07,-9.521143603641313e-06
2021-01-06 16:00:00+00:00,375.12,375.09,375.11,700,300,375.104,2.1579787918204223e-07,-1.946317421297472e-05
2021-01-06 16:01:00+00:00,375.09,375.08,375.1,700,503,375.09163757273484,9.320055181401844e-08,-8.230022525657077e-05
2021-01-06 16:02:00+00:00,375.07,375.08,375.1,200,200,375.09,1.2362372526909859e-07,0.0009655092369420526
2021-01-06 16:03:00+00:00,375.415,375.41,375.43,100,300,375.415,1.5124637987933963e-07,-0.0006109992152489863
2021-01-06 16:04:00+00:00,375.2,375.21,375.22,200,18,375.2191743119266,1.6275745853831133e-07,0.00026652736169885394
2021-01-06 16:05:00+00:00,375.308,375.29,375.3,100,200,375.29333333333335,1.6349861442900769e-07,-0.0001438864256479988
2021-01-06 16:06:00+00:00,375.23,375.21,375.24,500,300,375.22875,9.076909863562677e-08,0.0001724788575783176
2021-01-06 16:07:00+00:00,375.3,375.29,375.31,400,200,375.30333333333334,1.0432786417041689e-07,0.00016117639520007998
2021-01-06 16:08:00+00:00,375.38,375.37,375.38,236,200,375.3754128440367,1.3070342660897573e-07,3.097410624830488e-05
2021-01-06 16:09:00+00:00,375.38,375.38,375.39,318,400,375.38442896935936,8.954372342980136e-08,0.0006602079856268261
2021-01-06 16:10:00+00:00,375.62,375.62,375.63,300,236,375.6255970149254,8.31574735599099e-08,-0.00017748118699412174
2021-01-06 16:11:00+00:00,375.55,375.55,375.57,200,700,375.55444444444447,1.0521485231011026e-07,1.775126921566006e-05
2021-01-06 16:12:00+00:00,375.57,375.56,375.58,350,100,375.5755555555556,1.5002378018791536e-07,-4.424491547772025e-05
2021-01-06 16:13:00+00:00,375.55,375.54,375.55,210,300,375.54411764705884,1.3653043321565073e-07,0.0005095960453516124
2021-01-06 16:14:00+00:00,375.75,375.74,375.75,400,172,375.746993006993,1.0090950320516395e-07,-0.0001209038130324247
2021-01-06 16:15:00+00:00,375.67,375.68,375.69,110,300,375.6826829268293,1.9829859578893515e-07,0.0006317164232072514
2021-01-06 16:16:00+00:00,375.94,375.92,375.94,900,100,375.938,1.7477979589410316e-07,0.00010893522154376001
2021-01-06 16:17:00+00:00,375.97,375.97,375.98,100,400,375.972,3.122755053468943e-08,0.00015479041461818888
2021-01-06 16:18:00+00:00,376.03,376.02,376.03,300,500,376.02375,4.412675018266371e-08,-7.07859784094822e-05
2021-01-06 16:19:00+00:00,376.01,375.99,376.01,200,300,375.998,1.324742930454177e-07,0.0001439735450561308
2021-01-06 16:20:00+00:00,376.07,376.07,376.09,400,1300,376.07470588235293,8.11378036069998e-08,6.20468364975757e-05
2021-01-06 16:21:00+00:00,376.09,376.08,376.09,100,200,376.0833333333333,7.002313532007859e-08,-0.00020048601560584967
2021-01-06 16:22:00+00:00,376.01,376.01,376.02,300,200,376.016,1.873091543063775e-07,-0.0005352738585904238
2021-01-06 16:23:00+00:00,375.8,375.8,375.81,200,200,375.805,1.0162174311051794e-07,-4.628427576403027e-05
2021-01-06 16:24:00+00:00,375.78,375.77,375.79,200,100,375.78333333333336,1.0700768177600697e-07,0.00021508406038761585
2021-01-06 16:25:00+00:00,375.87,375.87,375.88,200,200,375.875,7.452994899184097e-08,0.00019483945018583526
2021-01-06 16:26:00+00:00,375.92,375.92,375.94,200,100,375.93333333333334,7.441502875876501e-08,-0.0001403597056226502
2021-01-06 16:27:00+00:00,375.89,375.88,375.89,300,100,375.8875,7.741829928701898e-08,0.0001935863843682828
2021-01-06 16:28:00+00:00,375.96,375.97,375.98,200,300,375.974,9.160903552426566e-08,-6.615169657353537e-05
2021-01-06 16:29:00+00:00,375.94,375.94,375.95,200,100,375.94666666666666,8.39880191701534e-08,-0.00015551141152392312
2021-01-06 16:30:00+00:00,375.885,375.89,375.9,400,100,375.898,1.5750444810036394e-07,0.00012688173803421243
2021-01-06 16:31:00+00:00,375.895,375.89,375.91,400,200,375.9033333333333,1.1457735356904295e-07,-0.00014459954792178653
2021-01-06 16:32:00+00:00,375.86,375.85,375.87,1000,400,375.8642857142857,1.2311782692957722e-07,0.00030424870353229494
2021-01-06 16:33:00+00:00,375.98,375.97,375.98,3100,100,375.9796875,8.432777069458625e-08,-0.00018142517987185247
2021-01-06 16:34:00+00:00,375.908,375.9,375.91,502,200,375.907150997151,7.857229126485155e-08,-0.00037539426726773684
2021-01-06 16:35:00+00:00,375.77,375.77,375.79,1100,600,375.7829411764706,4.1109132769677476e-07,-0.0008826851777526956
2021-01-06 16:36:00+00:00,375.44,375.44,375.45,200,910,375.44180180180183,1.318595013088716e-07,7.301960150507547e-05
2021-01-06 16:37:00+00:00,375.47,375.45,375.47,1100,400,375.4646666666667,9.525308600072909e-08,-0.0006926753280070974
2021-01-06 16:38:00+00:00,375.22,375.22,375.23,220,100,375.226875,1.1326383803433761e-07,-2.3986311811441396e-05
2021-01-06 16:39:00+00:00,375.2,375.19,375.21,500,700,375.1983333333333,7.73718345717508e-08,-0.00024836892623048
2021-01-06 16:40:00+00:00,375.11,375.1,375.12,1456,600,375.1141634241245,8.423858480540936e-08,0.00020844255160268332
2021-01-06 16:41:00+00:00,375.2,375.19,375.2,100,300,375.1925,4.1343171999154744e-08,-1.332658119890251e-05
2021-01-06 16:42:00+00:00,375.19,375.18,375.2,100,500,375.18333333333334,5.5003330128712776e-08,-7.932594523218928e-05
2021-01-06 16:43:00+00:00,375.15,375.14,375.16,100,196,375.14675675675676,6.031019445633072e-08,-3.3954198008223635e-05
2021-01-06 16:44:00+00:00,375.14,375.13,375.15,100,300,375.135,8.029608529235342e-08,0.00016660335739082655
2021-01-06 16:45:00+00:00,375.2,375.2,375.22,500,200,375.2142857142857,7.704070499356179e-08,0.0002709629846795458
2021-01-06 16:46:00+00:00,375.32,375.31,375.32,100,100,375.315,1.0098856362778831e-07,0.0003486038084410392
2021-01-06 16:47:00+00:00,375.44,375.44,375.46,100,400,375.444,3.0755094213722165e-08,0.00015573870285678915
2021-01-06 16:48:00+00:00,375.51,375.49,375.51,300,683,375.49610376398783,4.526570911559022e-08,8.248956207435043e-06
2021-01-06 16:49:00+00:00,375.49,375.48,375.5,348,320,375.49041916167664,9.121550750115923e-08,0.00022618538436192104
2021-01-06 16:50:00+00:00,375.59,375.58,375.61,100,700,375.58375,9.997171128493079e-08,-0.00029211650579974435
2021-01-06 16:51:00+00:00,375.49,375.46,375.48,400,200,375.47333333333336,6.431038426032818e-08,7.647470627625275e-05
2021-01-06 16:52:00+00:00,375.51,375.49,375.51,200,400,375.49666666666667,4.0275430170587955e-08,-0.00010730577399964414
2021-01-06 16:53:00+00:00,375.47,375.47,375.48,200,639,375.4723837902265,2.766526018677497e-08,-3.384186959343172e-05
2021-01-06 16:54:00+00:00,375.44,375.44,375.46,200,200,375.45,4.791450082485849e-08,7.102588005514221e-05
2021-01-06 16:55:00+00:00,375.48,375.49,375.5,300,350,375.4946153846154,6.139380662161276e-08,0.00019911198590749635
2021-01-06 16:56:00+00:00,375.56,375.54,375.56,300,100,375.555,8.107940627179695e-08,-4.605791567702244e-05
2021-01-06 16:57:00+00:00,375.55,375.53,375.55,2,100,375.5303921568627,5.221380291535139e-08,3.307360822502048e-05
2021-01-06 16:58:00+00:00,375.54,375.54,375.56,90,700,375.5422784810127,8.816096165414821e-08,-0.00019185830307100193
2021-01-06 16:59:00+00:00,375.49,375.47,375.5,300,1700,375.4745,5.9095905382615616e-08,-0.00018953794909282173
2021-01-06 17:00:00+00:00,375.4,375.4,375.43,720,305,375.4210731707317,9.964299765490442e-08,8.879338666867298e-05
2021-01-06 17:01:00+00:00,375.45,375.43,375.45,200,301,375.43798403193614,1.8152722166265525e-07,0.0002787595166839907
2021-01-06 17:02:00+00:00,375.55,375.55,375.57,661,200,375.5653542392567,5.505591563474648e-08,0.00013849374145169513
2021-01-06 17:03:00+00:00,375.6,375.59,375.6,1,300,375.59003322259133,1.8546268903227374e-07,0.0004171178047178703
2021-01-06 17:04:00+00:00,375.76,375.76,375.77,200,400,375.7633333333333,1.5566753485997838e-07,3.8019199695815686e-05
2021-01-06 17:05:00+00:00,375.77,375.76,375.78,100,200,375.76666666666665,2.4056742430378034e-07,0.0005512574372232848
2021-01-06 17:06:00+00:00,375.98,375.96,375.99,400,500,375.97333333333336,7.505441703174786e-08,-0.00033183879220810564
2021-01-06 17:07:00+00:00,375.83,375.82,375.84,100,800,375.8222222222222,2.4172787362145663e-07,-0.0007784044195376927
2021-01-06 17:08:00+00:00,375.57,375.56,375.59,300,534,375.57079136690646,9.258074531265213e-08,0.00038315128885946237
2021-01-06 17:09:00+00:00,375.68,375.67,375.69,100,100,375.68,1.1237508525756215e-07,-7.07254991280104e-05
2021-01-06 17:10:00+00:00,375.64,375.65,375.68,600,200,375.6725,5.977805643709086e-08,-3.67028227299393e-06
2021-01-06 17:11:00+00:00,375.66,375.65,375.68,1100,300,375.67357142857145,1.816068790761182e-07,-0.00018114233830701654
2021-01-06 17:12:00+00:00,375.6,375.59,375.61,200,300,375.598,8.167122336770361e-08,7.45469938925325e-05
2021-01-06 17:13:00+00:00,375.64,375.61,375.63,425,300,375.62172413793104,6.308021305010532e-08,0.00019966456353315287
2021-01-06 17:14:00+00:00,375.71,375.69,375.72,200,100,375.71,5.991143467066982e-08,-5.5134442486282076e-05
2021-01-06 17:15:00+00:00,375.68,375.67,375.7,300,400,375.68285714285713,6.587505819261773e-08,9.506462493225065e-05
2021-01-06 17:16:00+00:00,375.71,375.72,375.74,300,100,375.735,6.607768565086466e-08,0.00027502750275010257
2021-01-06 17:17:00+00:00,375.81,375.81,375.84,200,301,375.8219760479042,7.077008240585709e-08,0.00014013676638846562
2021-01-06 17:18:00+00:00,375.88,375.87,375.9,700,300,375.891,4.625622212785475e-08,0.0002770154433646699
2021-01-06 17:19:00+00:00,375.96,375.96,375.97,100,300,375.9625,8.87214663783867e-08,-0.0003726884695441912
2021-01-06 17:20:00+00:00,375.84,375.83,375.85,300,300,375.84,5.8268807821278313e-08,-1.77380445579578e-05
2021-01-06 17:21:00+00:00,375.84,375.84,375.85,100,200,375.8433333333333,1.1195595651987503e-07,-0.00021786343737562053
2021-01-06 17:22:00+00:00,375.77,375.73,375.76,502,300,375.74877805486284,3.5514388843238545e-08,-3.0480231977270122e-05
2021-01-06 17:23:00+00:00,375.73,375.72,375.74,300,200,375.732,4.4242885290747806e-08,-0.0005090300206487264
2021-01-06 17:24:00+00:00,375.55,375.53,375.55,705,35,375.549054054054,8.466120985144174e-08,-0.00018294253360540136
2021-01-06 17:25:00+00:00,375.49,375.48,375.5,700,100,375.4975,6.921425738180433e-08,0.000141658445717896
2021-01-06 17:26:00+00:00,375.51,375.53,375.54,300,200,375.536,7.867569257543941e-08,-1.0050566409458561e-05
2021-01-06 17:27:00+00:00,375.52,375.51,375.54,300,335,375.5241732283464,5.2863610979881215e-08,0.0002979111008905022
2021-01-06 17:28:00+00:00,375.65,375.64,375.66,300,200,375.652,5.854322823630758e-08,0.00015849618522079112
2021-01-06 17:29:00+00:00,375.7,375.69,375.71,192,314,375.6975889328063,5.920870435929874e-08,8.896649065670559e-05
2021-01-06 17:30:00+00:00,375.72,375.73,375.74,200,300,375.734,4.231234356929437e-08,0.000550955808090503
2021-01-06 17:31:00+00:00,375.95,375.94,375.97,900,335,375.96186234817816,3.973623885393897e-08,0.00032904418622958787
2021-01-06 17:32:00+00:00,376.08,376.08,376.09,200,203,376.0849627791563,9.117288425429445e-08,-0.00011301237817940013
2021-01-06 17:33:00+00:00,376.03,376.02,376.03,100,200,376.0233333333333,4.6363452022004554e-08,-8.37255908942014e-05
2021-01-06 17:34:00+00:00,376.0,375.99,376.01,500,1866,375.99422654268807,3.9031886477639125e-08,-0.0001977457543171912
2021-01-06 17:35:00+00:00,375.92,375.92,375.93,200,1,375.9299502487562,4.064376537401277e-08,0.0002222643466234242
2021-01-06 17:36:00+00:00,375.99,375.97,375.99,200,1000,375.97333333333336,6.689656435717549e-08,0.00019445146722207873
2021-01-06 17:37:00+00:00,376.07,376.07,376.08,180,200,376.07473684210527,8.85292637640025e-08,-0.0001359187955380925
2021-01-06 17:38:00+00:00,376.02,376.02,376.04,100,700,376.0225,5.925816778215851e-08,-0.0001653310486179338
2021-01-06 17:39:00+00:00,375.96,375.95,375.96,2,400,375.9500497512438,4.347491535591506e-08,3.7105667917147755e-05
2021-01-06 17:40:00+00:00,375.98,375.97,375.99,2100,100,375.9890909090909,7.108704718035244e-08,-0.00017022453680293204
2021-01-06 17:41:00+00:00,375.94,375.9,375.92,600,200,375.915,3.479549161999706e-08,0.0001719404813422809
2021-01-06 17:42:00+00:00,375.97,375.97,375.98,1100,200,375.97846153846154,5.9245466194553656e-08,0.00018715585379402988
2021-01-06 17:43:00+00:00,376.03,376.03,376.05,382,100,376.04585062240665,4.622057868113167e-08,0.0001285307166252192
2021-01-06 17:44:00+00:00,376.08,376.08,376.1,400,200,376.0933333333333,3.072930176190847e-08,-2.3366217927867083e-05
2021-01-06 17:45:00+00:00,376.09,376.07,376.09,800,200,376.086,5.936506387371969e-08,4.6411227649478803e-05
2021-01-06 17:46:00+00:00,376.1,376.09,376.11,100,200,376.0966666666667,4.42508060961082e-08,-0.0002765207310782003
2021-01-06 17:47:00+00:00,376.0,375.99,376.01,200,400,375.99666666666667,5.966746280240238e-08,0.00011170272182314811
2021-01-06 17:48:00+00:00,376.04,376.01,376.03,300,100,376.025,6.967667297365626e-08,0.00021628402499529464
2021-01-06 17:49:00+00:00,376.12,376.11,376.12,400,508,376.11440528634364,3.373290493927521e-08,3.7817878453472176e-05
2021-01-06 17:50:00+00:00,376.14,376.13,376.14,500,100,376.1383333333333,1.2782772674923138e-07,2.9540177595377415e-05
2021-01-06 17:51:00+00:00,376.15,376.12,376.14,264,600,376.1261111111111,7.770459397828266e-08,-0.00014533338059619094
2021-01-06 17:52:00+00:00,376.1,376.09,376.12,300,1250,376.09580645161293,6.462139790586494e-08,0.0003757945750864078
2021-01-06 17:53:00+00:00,376.23,376.18,376.2,100,200,376.18666666666667,8.316563560084964e-08,-2.6341404823493342e-05
2021-01-06 17:54:00+00:00,376.23,376.23,376.25,800,205,376.24592039800996,1.4172708621230934e-07,0.0006376809629340396
2021-01-06 17:55:00+00:00,376.46,376.45,376.47,200,100,376.4633333333333,1.0451162692654451e-07,2.6883489456563936e-05
2021-01-06 17:56:00+00:00,376.47,376.47,376.49,167,500,376.4750074962519,3.516486555616066e-08,-4.332609396606735e-05
2021-01-06 17:57:00+00:00,376.46,376.46,376.47,600,900,376.464,2.2938369351152237e-08,3.877273567232109e-05
2021-01-06 17:58:00+00:00,376.47,376.47,376.49,100,1400,376.47133333333335,4.5638669285279e-08,-6.438499338834447e-05
2021-01-06 17:59:00+00:00,376.43,376.42,376.44,1610,400,376.4360199004975,3.7715832921151875e-08,-2.001134976681307e-05
2021-01-06 18:00:00+00:00,376.44,376.43,376.45,400,300,376.44142857142856,1.0406904560106471e-07,0.0004969547047963818
2021-01-06 18:01:00+00:00,376.63,376.63,376.65,300,520,376.6373170731707,7.291257761080779e-08,4.728310229129562e-05
2021-01-06 18:02:00+00:00,376.64,376.63,376.65,1979,100,376.649037999038,6.086254454297912e-08,-0.00022717095669033682
2021-01-06 18:03:00+00:00,376.55,376.54,376.55,1600,400,376.548,4.9786248386561736e-08,-0.0005221268710415838
2021-01-06 18:04:00+00:00,376.37,376.36,376.38,146,559,376.36414184397165,4.006812386300922e-08,2.011333824536443e-05
2021-01-06 18:05:00+00:00,376.37,376.37,376.38,100,500,376.37166666666667,4.529525124898425e-08,0.0002914408196594831
2021-01-06 18:06:00+00:00,376.46,376.46,376.47,100,10,376.4690909090909,5.780614208658958e-08,-0.0002899003325821381
2021-01-06 18:07:00+00:00,376.37,376.36,376.37,5,200,376.36024390243904,5.883541111594642e-08,5.767743830831229e-05
2021-01-06 18:08:00+00:00,376.38,376.37,376.38,10,300,376.37032258064517,5.438017165274822e-08,-0.00019365996097886473
2021-01-06 18:09:00+00:00,376.31,376.3,376.32,500,10,376.31960784313725,3.904591698379463e-08,4.7545109236546423e-05
2021-01-06 18:10:00+00:00,376.335,376.33,376.34,600,100,376.3385714285714,6.21215174188606e-08,0.00013715786244739014
2021-01-06 18:11:00+00:00,376.39,376.38,376.39,103,439,376.3819003690037,7.65655021079255e-08,-3.630046928471131e-05
2021-01-06 18:12:00+00:00,376.39,376.37,376.38,300,100,376.3775,6.602460642896919e-08,0.0002694247163383956
2021-01-06 18:13:00+00:00,376.48,376.47,376.49,261,600,376.47606271777005,5.382691220954482e-08,0.00028660123522739056
2021-01-06 18:14:00+00:00,376.6,376.59,376.61,1400,2300,376.5975675675676,5.874564365491427e-08,0.0003266718757277687
2021-01-06 18:15:00+00:00,376.71,376.7,376.72,600,100,376.71714285714285,1.276978120464372e-07,0.0004837230154819405
2021-01-06 18:16:00+00:00,376.9,376.88,376.89,200,300,376.884,9.480158709571643e-08,-6.633235161446205e-05
2021-01-06 18:17:00+00:00,376.868,376.86,376.87,283,200,376.8658592132506,4.078106402759868e-08,-0.00022933562795324214
2021-01-06 18:18:00+00:00,376.78,376.76,376.78,300,300,376.77,8.508295364373821e-08,-0.0007526209027658437
2021-01-06 18:19:00+00:00,376.49,376.49,376.51,400,100,376.506,9.197838479244864e-08,-0.00019256563832181772
2021-01-06 18:20:00+00:00,376.44,376.43,376.44,300,100,376.4375,8.644843280078775e-08,-0.0002191686203668608
2021-01-06 18:21:00+00:00,376.33,376.33,376.35,300,300,376.34,6.277530925738013e-08,-0.00039389177948112586
2021-01-06 18:22:00+00:00,376.19,376.17,376.19,361,100,376.18566160520606,7.444049321070835e-08,0.00016012374074003688
2021-01-06 18:23:00+00:00,376.23,376.24,376.26,300,200,376.252,6.114008545438068e-08,0.00010099614088443509
2021-01-06 18:24:00+00:00,376.28,376.28,376.3,643,100,376.2973082099597,4.0348757813330305e-08,-0.0002325334183742589
2021-01-06 18:25:00+00:00,376.21,376.19,376.21,561,300,376.203031358885,6.281777670732214e-08,1.1075595368614799e-05
2021-01-06 18:26:00+00:00,376.23,376.2,376.21,200,100,376.20666666666665,6.699700638015325e-08,-0.00024809058850627785
2021-01-06 18:27:00+00:00,376.12,376.11,376.13,300,300,376.12,6.465567381488145e-08,0.00043933059690703935
2021-01-06 18:28:00+00:00,376.28,376.27,376.28,500,100,376.2783333333333,5.846358232070279e-08,-0.00026196397046251985
2021-01-06 18:29:00+00:00,376.16,376.15,376.17,420,400,376.16024390243905,7.638950126864815e-08,-0.00014472976884594146
2021-01-06 18:30:00+00:00,376.13,376.14,376.16,200,545,376.14536912751674,9.264029195250191e-08,0.00020324182527708956
2021-01-06 18:31:00+00:00,376.21,376.2,376.21,100,400,376.202,7.297843031898975e-08,7.974439264035738e-06
2021-01-06 18:32:00+00:00,376.2,376.19,376.21,661,318,376.2035035750766,5.274795194373787e-08,0.00013011140942742472
2021-01-06 18:33:00+00:00,376.27,376.25,376.27,300,200,376.262,8.553297671081615e-08,-0.00019358587983131503
2021-01-06 18:34:00+00:00,376.17,376.16,376.17,761,300,376.1671724787936,5.7636800859177425e-08,3.426245632276448e-05
2021-01-06 18:35:00+00:00,376.21,376.21,376.23,500,300,376.2225,1.0407046321780418e-07,0.00015237672693380055
2021-01-06 18:36:00+00:00,376.25,376.25,376.26,300,200,376.256,5.061667552732831e-08,0.0001664561820633459
2021-01-06 18:37:00+00:00,376.32,376.31,376.33,300,414,376.3184033613445,3.2957782853405414e-08,-7.427991701913772e-05
2021-01-06 18:38:00+00:00,376.28,376.26,376.28,600,300,376.2733333333333,8.647581961702722e-08,-2.92330833462362e-05
2021-01-06 18:39:00+00:00,376.26,376.28,376.3,200,100,376.29333333333335,6.877570339986009e-08,0.0002879099949062436
2021-01-06 18:40:00+00:00,376.38,376.37,376.39,361,100,376.3856616052061,2.2458376151315053e-07,0.0010853880022216877
2021-01-06 18:41:00+00:00,376.81,376.8,376.81,100,300,376.8025,7.341651537930562e-08,-0.00020429645096864402
2021-01-06 18:42:00+00:00,376.72,376.7,376.73,400,300,376.71714285714285,5.379506608229812e-08,-9.258473931550437e-05
2021-01-06 18:43:00+00:00,376.67,376.67,376.7,300,200,376.688,5.2307468433766476e-08,0.00048449612403111963
2021-01-06 18:44:00+00:00,376.86,376.86,376.88,200,243,376.8690293453725,4.7031291141715285e-08,-0.00015826158650134037
2021-01-06 18:45:00+00:00,376.8,376.78,376.8,700,200,376.79555555555555,3.991986315792102e-08,5.704080853252691e-05
2021-01-06 18:46:00+00:00,376.81,376.8,376.82,305,1025,376.8045864661654,4.050371611331266e-08,0.00016663619166301658
2021-01-06 18:47:00+00:00,376.9,376.89,376.91,500,500,376.9,2.3308919963447284e-08,-1.2709151949508168e-05
2021-01-06 18:48:00+00:00,376.89,376.87,376.89,400,700,376.8772727272727,5.0946911013681456e-08,-1.003366853213894e-05
2021-01-06 18:49:00+00:00,376.88,376.87,376.89,200,900,376.87363636363636,1.227493999147688e-07,-0.0003252067212919929
2021-01-06 18:50:00+00:00,376.75,376.75,376.77,190,400,376.75644067796605,9.330738934309199e-08,-4.912458896400018e-05
2021-01-06 18:51:00+00:00,376.74,376.73,376.75,300,600,376.7366666666667,4.288064850677136e-08,-0.0002455290487408668
2021-01-06 18:52:00+00:00,376.61,376.6,376.61,1006,100,376.609095840868,7.935145502613092e-08,-4.425033298338654e-06
2021-01-06 18:53:00+00:00,376.62,376.64,376.65,2,500,376.6400398406374,4.746644208601524e-08,-2.180148003982918e-05
2021-01-06 18:54:00+00:00,376.62,376.62,376.64,310,100,376.6351219512195,2.6107552492328637e-08,-0.0002980056356944871
2021-01-06 18:55:00+00:00,376.53,376.52,376.54,405,300,376.53148936170214,4.2345084346456645e-08,0.00020481474378830633
2021-01-06 18:56:00+00:00,376.58,376.56,376.58,300,400,376.56857142857143,3.911712061151601e-08,0.00011152416356874362
2021-01-06 18:57:00+00:00,376.64,376.64,376.65,400,100,376.648,3.298475707488448e-08,-0.00015143665996852906
2021-01-06 18:58:00+00:00,376.6,376.6,376.62,300,100,376.615,5.124455582129193e-08,-0.0004955834107063239
2021-01-06 18:59:00+00:00,376.39,376.38,376.4,700,200,376.3955555555556,4.079347681779452e-08,0.00023421435997383888
2021-01-06 19:00:00+00:00,376.49,376.48,376.49,185,499,376.4827046783626,4.229935991522816e-07,0.0008415762919664616
2021-01-06 19:01:00+00:00,376.8,376.79,376.8,400,200,376.7966666666667,2.1239546845045307e-07,-0.0005528967365822091
2021-01-06 19:02:00+00:00,376.64,376.61,376.64,100,233,376.619009009009,2.227853048591242e-07,0.00026819262071997585
2021-01-06 19:03:00+00:00,376.66,376.69,376.71,300,923,376.6949059689289,1.7971130924336924e-07,0.0001092203186199292
2021-01-06 19:04:00+00:00,376.72,376.72,376.73,950,100,376.7290476190476,8.071767362328765e-08,-0.00010743881043762116
2021-01-06 19:05:00+00:00,376.7,376.69,376.7,400,20,376.6995238095238,2.1853121613872817e-07,0.00028426939447290245
2021-01-06 19:06:00+00:00,376.81,376.8,376.83,200,1000,376.805,1.0862872467016747e-07,3.3173767512995056e-06
2021-01-06 19:07:00+00:00,376.83,376.78,376.81,1100,300,376.80357142857144,1.5823919620410798e-07,-7.599783345868527e-05
2021-01-06 19:08:00+00:00,376.77,376.77,376.79,1000,105,376.7880995475113,7.32536752932349e-08,7.707134865531096e-05
2021-01-06 19:09:00+00:00,376.81,376.79,376.81,200,200,376.8,7.209617197523151e-08,-0.00013337565617688174
2021-01-06 19:10:00+00:00,376.75,376.73,376.75,300,500,376.7375,1.227366267783697e-07,0.00013380022827069737
2021-01-06 19:11:00+00:00,376.81,376.8,376.82,300,100,376.815,1.3041352363975941e-07,-0.0001462954373502301
2021-01-06 19:12:00+00:00,376.76,376.75,376.76,18,496,376.75035019455254,6.822529926053225e-08,0.00015811362947104612
2021-01-06 19:13:00+00:00,376.8,376.79,376.8,100,1100,376.79083333333335,1.1606066909812239e-07,-1.2570903387021382e-05
2021-01-06 19:14:00+00:00,376.81,376.8,376.81,100,260,376.8027777777778,8.444392792955014e-08,-0.0004863603983629172
2021-01-06 19:15:00+00:00,376.62,376.6,376.62,400,330,376.61095890410957,1.4760699573295078e-07,-9.82417384008949e-05
2021-01-06 19:16:00+00:00,376.57,376.56,376.58,200,200,376.57,3.8884597986199474e-07,-0.0014661838818402773
2021-01-06 19:17:00+00:00,376.0,375.98,376.0,100,1200,375.98153846153843,5.077392474997793e-07,-0.0006792910628879989
2021-01-06 19:18:00+00:00,375.8,375.78,375.81,500,1100,375.789375,4.175312469549175e-07,-0.0011507380673791978
2021-01-06 19:19:00+00:00,375.33,375.3,375.33,150,800,375.3047368421053,5.293051642814281e-07,0.0006633896814929319
2021-01-06 19:20:00+00:00,375.61,375.61,375.62,97,300,375.6124433249371,2.8808229111994275e-07,0.00034611841509724073
2021-01-06 19:21:00+00:00,375.72,375.7,375.73,400,100,375.724,1.862137168915113e-07,0.0004861724741211937
2021-01-06 19:22:00+00:00,375.91,375.89,375.92,640,100,375.915945945946,1.3912439621755232e-07,-0.00020775167088094015
2021-01-06 19:23:00+00:00,375.85,375.84,375.86,700,200,375.85555555555555,1.794944557351767e-07,-0.0005336779686787585
2021-01-06 19:24:00+00:00,375.64,375.65,375.67,200,600,375.655,6.746005288478877e-07,-0.0010690054710956742
2021-01-06 19:25:00+00:00,375.24,375.25,375.27,300,200,375.262,8.285497532254473e-07,-0.0015540436370181654
2021-01-06 19:26:00+00:00,374.63,374.65,374.67,110,200,374.6570967741936,6.851374534122509e-07,0.0005130805892419321
2021-01-06 19:27:00+00:00,374.83,374.82,374.84,600,200,374.835,6.606985431481459e-07,-0.000514552650803024
2021-01-06 19:28:00+00:00,374.64,374.63,374.66,200,100,374.65,6.939886909205624e-07,4.622290507705351e-05
2021-01-06 19:29:00+00:00,374.67,374.66,374.69,700,100,374.68625,6.064765074530991e-07,7.117564369463203e-05
2021-01-06 19:30:00+00:00,374.67,374.66,374.67,200,200,374.665,1.068650071018646e-06,0.0014501005284415225
2021-01-06 19:31:00+00:00,375.14,375.14,375.18,320,600,375.1539130434782,6.127450080285206e-07,0.0008727980172160699
2021-01-06 19:32:00+00:00,375.54,375.53,375.55,100,400,375.534,6.304779869177671e-07,-0.00019748418462328665
2021-01-06 19:33:00+00:00,375.47,375.46,375.48,300,100,375.475,3.4478690892977336e-07,-0.00037031635415940567
2021-01-06 19:34:00+00:00,375.35,375.36,375.38,100,100,375.37,2.0086630757452211e-07,-0.000504298910333878
2021-01-06 19:35:00+00:00,375.15,375.13,375.16,400,100,375.154,4.6227589025827194e-07,0.0001459559317107395
2021-01-06 19:36:00+00:00,375.21,375.22,375.25,800,693,375.2360750167448,5.01647077850012e-07,-0.0005202707015026231
2021-01-06 19:37:00+00:00,375.03,375.02,375.04,500,1100,375.02625,4.45042893896788e-07,-0.0012054077902432514
2021-01-06 19:38:00+00:00,374.52,374.51,374.53,1,200,374.51009950248755,4.843272148874761e-07,-0.0013224952921264688
2021-01-06 19:39:00+00:00,374.08,374.07,374.09,200,200,374.08,1.236181920068888e-06,0.0007472557129417634
2021-01-06 19:40:00+00:00,374.37,374.35,374.38,200,100,374.37,4.842829525733707e-07,-0.00026713207009554374
2021-01-06 19:41:00+00:00,374.23,374.24,374.26,200,100,374.25333333333333,8.858319877534925e-07,0.0005433136790351512
2021-01-06 19:42:00+00:00,374.438,374.42,374.44,400,300,374.43142857142857,1.577256085336546e-06,0.0017679262918948169
2021-01-06 19:43:00+00:00,375.12,375.09,375.11,200,200,375.1,6.055446676663787e-07,-0.00015801341272136948
2021-01-06 19:44:00+00:00,375.04,375.02,375.05,200,200,375.035,6.973463575194059e-07,-0.0003641446032576212
2021-01-06 19:45:00+00:00,374.9,374.9,374.92,100,200,374.9066666666667,4.989973739720097e-07,-0.0004850901461631585
2021-01-06 19:46:00+00:00,374.74,374.71,374.74,300,100,374.7325,4.2271943873127847e-07,-0.0008742702765894839
2021-01-06 19:47:00+00:00,374.34,374.32,374.34,605,200,374.3350310559006,7.5894302372473e-07,-0.001283704308097544
2021-01-06 19:48:00+00:00,373.9,373.9,373.92,404,500,373.90893805309736,8.647711952484758e-07,-0.0006905603719231657
2021-01-06 19:49:00+00:00,373.63,373.62,373.64,200,200,373.63,7.427748261869515e-07,-0.0007396733789366561
2021-01-06 19:50:00+00:00,373.38,373.36,373.39,300,600,373.37,1.2816676221409135e-06,-0.0007604046309118706
2021-01-06 19:51:00+00:00,373.11,373.08,373.1,300,300,373.09,7.894555156133693e-07,0.0008911640746969152
2021-01-06 19:52:00+00:00,373.42,373.43,373.46,300,300,373.445,9.197485259823399e-07,0.0008168311013383445
2021-01-06 19:53:00+00:00,373.7,373.71,373.73,400,200,373.72333333333336,5.673209246931625e-07,-0.0009423008424954693
2021-01-06 19:54:00+00:00,373.4,373.42,373.44,300,300,373.43,7.280677370493908e-07,0.001264466762314731
2021-01-06 19:55:00+00:00,373.77,373.77,373.8,200,500,373.7785714285714,7.533794037980401e-07,0.0013908763858612172
2021-01-06 19:56:00+00:00,374.35,374.33,374.35,100,200,374.33666666666664,4.6756807880262985e-07,-2.2258726533719297e-05
2021-01-06 19:57:00+00:00,374.37,374.37,374.39,200,100,374.3833333333333,5.467226330103976e-07,-0.00025814036401161644
2021-01-06 19:58:00+00:00,374.28,374.27,374.3,201,2000,374.2727396637892,5.275269175030521e-07,-0.00015794550285341824
2021-01-06 19:59:00+00:00,374.23,374.22,374.23,1,300,374.2200332225914,3.341547852609963e-07,0.0006656253112526933
2021-01-06 20:00:00+00:00,374.48,374.47,374.48,100,300,374.4725,9.307075165258869e-07,-0.0013672657355729978
2021-01-06 20:01:00+00:00,373.92,373.97,374.0,700,210,373.99307692307696,6.595105447920026e-07,9.844638920641913e-05
2021-01-06 20:02:00+00:00,373.96,373.93,373.95,200,200,373.94,7.366423341473403e-07,-0.001042300051694145
2021-01-06 20:03:00+00:00,373.59,373.58,373.61,100,200,373.59,6.606731173010038e-07,-0.0004684091486998332
2021-01-06 20:04:00+00:00,373.44,373.45,373.47,200,200,373.46,4.90254182079049e-07,0.0003362224662066815
2021-01-06 20:05:00+00:00,373.57,373.57,373.58,501,200,373.5771469329529,1.0853588179309657e-06,0.0013746069516444859
2021-01-06 20:06:00+00:00,374.05,374.02,374.05,600,200,374.0425,6.60078002612496e-07,0.0003381940775724068
2021-01-06 20:07:00+00:00,374.17,374.16,374.17,100,200,374.16333333333336,8.094095513830798e-07,-0.0014134023802170326
2021-01-06 20:08:00+00:00,373.64,373.64,373.67,200,300,373.652,8.804671876245703e-07,-0.00011150758251565751
2021-01-06 20:09:00+00:00,373.59,373.59,373.62,100,200,373.6,6.745791669907142e-07,0.001135945067188171
2021-01-06 20:10:00+00:00,374.04,374.01,374.04,300,200,374.028,5.341586510026796e-07,0.00046495422658021646
2021-01-06 20:11:00+00:00,374.25,374.23,374.26,100,510,374.23491803278694,4.170164101573885e-07,-0.0002333722287047868
2021-01-06 20:12:00+00:00,374.12,374.09,374.11,200,200,374.1,1.1686319025632577e-06,0.0024405320768139394
2021-01-06 20:13:00+00:00,375.05,375.02,375.05,200,1600,375.0233333333333,6.650310662285385e-07,-0.0006498484100884161
2021-01-06 20:14:00+00:00,374.86,374.85,374.88,200,100,374.87,3.916436993204583e-07,-0.00044120460570762354
2021-01-06 20:15:00+00:00,374.66,374.65,374.67,100,300,374.655,3.604711344691769e-07,0.00012011531069822112
2021-01-06 20:16:00+00:00,374.695,374.61,374.64,33,200,374.6142489270386,4.465689806949782e-07,-0.00034269450238622046
2021-01-06 20:17:00+00:00,374.56,374.55,374.57,300,200,374.562,3.007478132014435e-07,-0.0006583718242116898
2021-01-06 20:18:00+00:00,374.25,374.23,374.25,201,200,374.24002493765585,3.456815826788881e-07,0.00030595107783715214
2021-01-06 20:19:00+00:00,374.43,374.42,374.44,600,200,374.435,2.0726476423584202e-07,0.00041680490395834546
2021-01-06 20:20:00+00:00,374.59,374.57,374.59,100,74,374.58149425287354,3.2971334821510844e-07,0.00011160469393400874
2021-01-06 20:21:00+00:00,374.62,374.62,374.64,104,100,374.63019607843137,4.829821385804118e-07,-0.0012876632354750228
2021-01-06 20:22:00+00:00,374.15,374.13,374.14,100,100,374.135,5.124271741504523e-07,-0.0008071844763991587
2021-01-06 20:23:00+00:00,373.83,373.85,373.87,200,200,373.86,4.0195085782203733e-07,-0.0005052842524914114
2021-01-06 20:24:00+00:00,373.6,373.58,373.6,700,2300,373.5846666666667,3.2486240190109407e-07,-0.0008327103401104541
2021-01-06 20:25:00+00:00,373.34,373.32,373.34,200,200,373.33,1.5076306155724515e-06,0.0004429478847354229
2021-01-06 20:26:00+00:00,373.49,373.48,373.51,700,110,373.5059259259259,7.162191290616769e-07,0.0008215796693418209
2021-01-06 20:27:00+00:00,373.8,373.82,373.84,200,200,373.83,7.528325048282073e-07,0.000882541286809646
2021-01-06 20:28:00+00:00,374.14,374.16,374.17,100,200,374.16333333333336,4.479528558842298e-07,0.0007352354003984374
2021-01-06 20:29:00+00:00,374.39,374.36,374.39,160,59,374.38191780821916,4.87704041886864e-07,-0.0004945847958788274
2021-01-06 20:30:00+00:00,374.21,374.2,374.22,100,300,374.205,6.757461621459378e-07,0.0002147343505427557
2021-01-06 20:31:00+00:00,374.33,374.28,374.31,100,700,374.28375,4.84777983979424e-07,-0.0010685461099777527
2021-01-06 20:32:00+00:00,373.92,373.94,373.96,400,100,373.956,7.256969485085799e-07,-0.0006820017491548924
2021-01-06 20:33:00+00:00,373.65,373.62,373.64,200,200,373.63,6.82862234111462e-07,0.0004494749035173218
2021-01-06 20:34:00+00:00,373.83,373.78,373.8,500,100,373.7966666666667,4.4054352156197345e-07,0.0006330976307882263
2021-01-06 20:35:00+00:00,374.07,374.06,374.09,300,200,374.078,6.996454992814876e-07,-0.001265394143542098
2021-01-06 20:36:00+00:00,373.6,373.59,373.61,100,200,373.5966666666667,5.858582683909285e-07,0.0002704208957109433
2021-01-06 20:37:00+00:00,373.71,373.71,373.74,700,100,373.73625,4.1563068677593864e-07,0.0003968760421084738
2021-01-06 20:38:00+00:00,373.81,373.78,373.8,80,51,373.792213740458,7.227938712262516e-07,-0.0002768593714891354
2021-01-06 20:39:00+00:00,373.72,373.72,373.74,100,200,373.7266666666667,5.372720205462158e-07,-0.0011204538005123998
2021-01-06 20:40:00+00:00,373.3,373.31,373.33,600,200,373.325,5.963942645412409e-07,0.0007578522534106291
2021-01-06 20:41:00+00:00,373.61,373.62,373.64,100,100,373.63,4.3445318380767e-07,0.0002420714750162034
2021-01-06 20:42:00+00:00,373.755,373.75,373.76,800,100,373.75888888888886,3.828557512175586e-07,0.0005620720977526084
2021-01-06 20:43:00+00:00,373.87,373.89,373.9,100,100,373.895,6.631655126478814e-07,0.0005579924712721951
2021-01-06 20:44:00+00:00,374.08,374.08,374.1,533,100,374.0968404423381,5.984732427585502e-07,-7.110378337715773e-05
2021-01-06 20:45:00+00:00,374.05,374.06,374.08,2,109,374.0603603603604,7.001514785145283e-07,-0.0013554121416043952
2021-01-06 20:46:00+00:00,373.57,373.55,373.58,201,300,373.56203592814376,5.782186108151038e-07,-0.0001502865195286418
2021-01-06 20:47:00+00:00,373.67,373.66,373.68,500,200,373.6742857142857,6.996911781615338e-07,-0.00018656285279983198
2021-01-06 20:48:00+00:00,373.42,373.43,373.47,200,3000,373.4325,3.8182760405854995e-07,0.0003964671875618109
2021-01-06 20:49:00+00:00,373.55,373.55,373.58,200,200,373.565,6.138099390129555e-07,0.001308794687642889
2021-01-06 20:50:00+00:00,373.99,373.97,374.08,100,300,373.9975,2.5179581306163857e-06,-0.0017785698373802283
2021-01-06 20:51:00+00:00,373.46,373.43,373.45,300,100,373.445,5.68315777156139e-07,-0.00040972850799914085
2021-01-06 20:52:00+00:00,373.25,373.24,373.27,100,1300,373.2421428571429,3.4323080455647803e-07,-0.0011028804379371593
2021-01-06 20:53:00+00:00,372.88,372.87,372.88,100,100,372.875,3.65686051347334e-07,0.0009744671720781639
2021-01-06 20:54:00+00:00,373.19,373.2,373.21,100,2,373.20980392156866,5.660115450426356e-07,0.001554298459581327
2021-01-06 20:55:00+00:00,373.73,373.72,373.74,600,200,373.735,5.62613200169247e-07,-0.0005574849992466824
2021-01-06 20:56:00+00:00,373.55,373.54,373.55,205,200,373.54506172839507,7.930541694246592e-07,-0.0005497244781156319
2021-01-06 20:57:00+00:00,373.41,373.4,373.42,200,200,373.41,7.076118389574414e-07,0.0010930093526249074
2021-01-06 20:58:00+00:00,373.78,373.77,373.78,1100,500,373.776875,7.566429959067475e-07,-0.0005580954306029229
2021-01-06 20:59:00+00:00,373.58,373.58,373.6,100,400,373.584,7.921019474404742e-07,-0.00033593650666186026
2021-01-06 21:00:00+00:00,373.55,373.51,373.54,700,14400,373.51139072847684,9.741230114025808e-07,-0.0015941148066130895
2021-01-06 21:01:00+00:00,372.91,372.9,372.91,10,6430,372.9000155279503,5.818169892434968e-07,-9.494406551024959e-05
2021-01-06 21:02:00+00:00,372.87,372.82,372.87,500,2980,372.827183908046,5.531855359485109e-07,0.0003067362639697091
2021-01-06 21:03:00+00:00,372.94,372.89,372.95,100,1400,372.894,2.493993978783945e-07,0.00034071725946271947
2021-01-06 21:04:00+00:00,373.1,373.08,373.1,177,2600,373.0812747569319,4.0126593742286884e-07,0.0008668164442118265
2021-01-06 21:05:00+00:00,373.39,373.38,373.39,1000,1700,373.3837037037037,3.4987609776302426e-07,0.001063518461358548
2021-01-06 21:06:00+00:00,373.8,373.8,373.83,500,1000,373.81,2.793069805427805e-07,0.0006813359465687174
2021-01-06 21:07:00+00:00,374.01,374.0,374.03,100,500,374.005,1.7330021596949396e-07,-0.0003418248481839026
2021-01-06 21:08:00+00:00,373.91,373.89,373.92,100,1000,373.89272727272726,1.0846512188619316e-07,-0.00020058034580061612
2021-01-06 21:09:00+00:00,373.82,373.85,373.89,200,500,373.8614285714286,1.6897906246819612e-07,0.0002427409283562998
2021-01-06 21:10:00+00:00,373.93,373.93,373.95,100,2580,373.9307462686567,2.761416159317136e-07,-0.0001267960332134166
2021-01-06 21:11:00+00:00,373.88,373.87,373.91,500,500,373.89,1.4479482553676128e-07,0.00017961343969519206
2021-01-06 21:12:00+00:00,373.98,373.93,373.97,2100,2500,373.9482608695652,1.3567727832161596e-07,0.0002442534028406218
2021-01-06 21:13:00+00:00,374.06,374.04,374.06,20,589,374.04065681444996,8.967255168050232e-08,-6.726471632356734e-05
2021-01-06 21:14:00+00:00,374.0,373.99,374.03,1000,1000,374.01,1.588272141846356e-07,3.827028783964792e-05
2021-01-06 21:15:00+00:00,374.03,373.98,374.08,500,1400,374.00631578947366,2.166628717321061e-07,5.393142615872648e-05
2021-01-06 21:16:00+00:00,374.05,374.04,374.07,100,169,374.0511524163569,6.718180462361714e-08,-0.00017993865832499623
2021-01-06 21:17:00+00:00,374.01,373.97,373.99,450,200,373.9838461538462,1.822258276081601e-07,0.0002507155131126204
2021-01-06 21:18:00+00:00,374.08,374.01,374.09,1637,300,374.0776097057305,1.3952747620380162e-07,-0.0001433117201873335
2021-01-06 21:19:00+00:00,374.01,373.97,374.06,450,300,374.024,5.061159361795399e-08,5.950725851056049e-05
2021-01-06 21:20:00+00:00,374.05,374.04,374.05,219,131,374.04625714285714,8.699071205950498e-09,-6.412178402304125e-05
2021-01-06 21:21:00+00:00,374.0,374.0,374.09,1151,3500,374.022272629542,4.263787405312051e-08,-0.00016644102257423743
2021-01-06 21:22:00+00:00,373.96,373.96,374.0,1,2001,373.96001998002,2.6106870052186572e-08,0.0001554521422508781
2021-01-06 21:23:00+00:00,374.05,374.0,374.05,300,500,374.01875,2.6031405067106116e-08,0.0002277442055647061
2021-01-06 21:24:00+00:00,374.1,374.1,374.12,100,500,374.10333333333335,1.0685276341824662e-08,-6.238881862952184e-05
2021-01-06 21:25:00+00:00,374.06,374.06,374.08,3061,1,374.07999346832133,4.0395261283267186e-08,-4.385084746050261e-05
2021-01-06 21:26:00+00:00,374.08,374.06,374.08,275,800,374.06511627906974,2.1719878383629826e-09,-3.192122544093401e-05
2021-01-06 21:27:00+00:00,374.05,374.05,374.06,870,3899,374.0518242818201,6.563007361302113e-08,-0.000154286050071617
2021-01-06 21:28:00+00:00,373.99,373.99,374.02,268,450,374.0011977715877,6.076361325450865e-08,2.5272084930527683e-05
2021-01-06 21:29:00+00:00,374.0,374.0,374.01,300,69,374.0081300813008,2.2161075262801454e-08,5.2372901128139304e-05
2021-01-06 21:30:00+00:00,374.0,374.0,374.04,1173,869,374.0229774730656,1.729655829042928e-07,0.0003128752348986463
2021-01-06 21:31:00+00:00,374.13,374.13,374.15,500,500,374.14,3.1818781841576167e-07,0.0011445426259748537
2021-01-06 21:32:00+00:00,374.65,374.56,374.59,600,109,374.58538787023974,2.41129093236072e-07,0.00020573056015993352
2021-01-06 21:33:00+00:00,374.65,374.65,374.66,600,1500,374.65285714285716,7.830770045371541e-08,7.972895670604885e-05
2021-01-06 21:34:00+00:00,374.65,374.64,374.68,502,569,374.6587488328665,3.414107072417588e-07,0.00069376988262837
2021-01-06 21:35:00+00:00,374.94,374.94,374.95,69,300,374.9418699186992,5.352741214692375e-08,-0.000244741544261573
2021-01-06 21:36:00+00:00,374.86,374.83,374.86,569,2710,374.8352058554437,9.110238021081782e-08,-0.0003734685508989255
2021-01-06 21:37:00+00:00,374.72,374.69,374.72,200,500,374.6985714285714,5.0144876018304855e-08,0.00019571038421495324
2021-01-06 21:38:00+00:00,374.78,374.76,374.8,500,10,374.7992156862745,1.4140390546100357e-07,-0.00047569317693052504
2021-01-06 21:39:00+00:00,374.59,374.59,374.6,660,1300,374.59336734693875,5.482468479489455e-08,0.00016398777133441733
2021-01-06 21:40:00+00:00,374.68,374.65,374.7,269,1101,374.65981751824813,4.795467918464283e-08,-0.00018622199643036907
2021-01-06 21:41:00+00:00,374.6,374.59,374.6,1,209,374.59004761904765,1.397050112514408e-07,-0.00028695826060454177
2021-01-06 21:42:00+00:00,374.49,374.48,374.5,800,5460,374.4825559105431,1.292931377133687e-07,-0.00032099592417988987
2021-01-06 21:43:00+00:00,374.42,374.34,374.41,469,1000,374.36234853641935,8.350616046733863e-08,8.843306268535578e-05
2021-01-06 21:44:00+00:00,374.42,374.39,374.43,100,500,374.39666666666665,1.0393202306410819e-07,-1.728241421916632e-05
2021-01-06 21:45:00+00:00,374.4,374.34,374.4,967,100,374.39437675726333,7.724565332434051e-08,-5.706935130789237e-05
2021-01-06 21:46:00+00:00,374.36,374.34,374.37,800,69,374.3676179516686,1.4690674755302928e-07,-0.00012687643770092905
2021-01-06 21:47:00+00:00,374.37,374.32,374.35,6,1500,374.3201195219123,1.8294239347751942e-08,-6.347992131949809e-10
2021-01-06 21:48:00+00:00,374.3,374.27,374.32,26,500,374.2724714828897,1.3997873191506705e-07,0.00021933883245450758
2021-01-06 21:49:00+00:00,374.43,374.33,374.43,1300,500,374.40222222222224,8.349467178507702e-08,-3.2644630551859066e-05
2021-01-06 21:50:00+00:00,374.45,374.36,374.45,500,1000,374.39,8.489555691032039e-08,-3.7097382111883626e-05
2021-01-06 21:51:00+00:00,374.34,374.34,374.39,1000,500,374.37333333333333,6.939226237395851e-08,-0.0003558380771127023
2021-01-06 21:52:00+00:00,374.25,374.24,374.25,169,415,374.2428938356164,1.0611875476937433e-07,-0.0003281132046588642
2021-01-06 21:53:00+00:00,374.17,374.12,374.17,1,500,374.1200998003992,2.1119562859379112e-07,0.0006240607502243645
2021-01-06 21:54:00+00:00,374.35,374.32,374.4,1000,6496,374.3306723585912,8.444356136888464e-08,-0.00014409864029052422
2021-01-06 21:55:00+00:00,374.32,374.25,374.29,1169,500,374.2780167765129,9.835758666131966e-08,-0.0003727628477375733
2021-01-06 21:56:00+00:00,374.17,374.15,374.19,169,500,374.16010463378177,5.013645355451877e-08,0.00020181774258754004
2021-01-06 21:57:00+00:00,374.24,374.23,374.24,897,700,374.23561678146524,3.89439530925161e-08,3.843359073751884e-05
2021-01-06 21:58:00+00:00,374.26,374.22,374.28,500,500,374.25,5.4336635407673495e-08,-0.0001676917052495508
2021-01-06 21:59:00+00:00,374.19,374.18,374.19,2100,800,374.18724137931036,3.762523247903129e-08,0.00034944703140493694
2021-01-06 22:00:00+00:00,374.35,374.26,374.43,900,199,374.39921747042763,5.007831894844256e-07,-0.00018166371908368006
2021-01-06 22:01:00+00:00,374.24,374.23,374.28,100,50,374.2633333333333,2.774735096901418e-09,3.272817824995222e-05
2021-01-06 22:02:00+00:00,374.22,374.22,374.28,119,50,374.26224852071005,1.5330666536062446e-08,-2.227175533930925e-05
2021-01-06 22:03:00+00:00,374.22,374.22,374.28,65,50,374.25391304347824,4.0736087886896e-08,7.35763366122022e-06
2021-01-06 22:04:00+00:00,374.22,374.21,374.28,100,50,374.25666666666666,9.564904317352984e-08,-0.0004049702319259829
2021-01-06 22:05:00+00:00,374.11,374.09,374.11,509,165,374.1051038575668,1.7474301294009816e-08,0.0001601051196993275
2021-01-06 22:06:00+00:00,374.1,374.09,374.19,900,300,374.165,9.183002073770404e-08,-5.368679405659549e-05
2021-01-06 22:07:00+00:00,374.12,374.1,374.18,128,100,374.1449122807018,3.061243757603811e-08,-0.0001428750419092406
2021-01-06 22:08:00+00:00,374.07,374.09,374.14,3,100,374.0914563106796,2.894565943338455e-07,-0.0005310450974153058
2021-01-06 22:09:00+00:00,373.91,373.89,373.95,400,8181,373.89279687682085,1.6566667252282476e-07,0.0004187987587258579
2021-01-06 22:10:00+00:00,374.0,374.0,374.05,400,5,374.04938271604937,2.186319958016276e-08,-5.957362968045388e-05
2021-01-06 22:11:00+00:00,374.02,374.02,374.05,31,100,374.0270992366412,2.806650033816418e-09,2.9144314358520163e-05
2021-01-06 22:12:00+00:00,374.04,374.05,374.09,100,40,374.0785714285714,3.811581602068594e-08,0.00010083009136585552
2021-01-06 22:13:00+00:00,374.1,374.05,374.08,600,100,374.0757142857143,1.1466531160075835e-08,-0.00013423562074921236
2021-01-06 22:14:00+00:00,374.03,374.02,374.03,55,45,374.02549999999997,4.614914013295839e-08,-2.347082892628638e-05
2021-01-06 22:15:00+00:00,373.95,374.0,374.02,51,10,374.0167213114754,4.582474067136002e-08,-0.00011769265621253133
2021-01-06 22:16:00+00:00,373.95,373.95,374.0,464,596,373.9718867924528,7.49630755416394e-09,2.9886130526568522e-05
2021-01-06 22:17:00+00:00,374.0,373.95,374.0,414,197,373.9838788870704,1.2448378972474152e-09,-3.68702712838509e-05
2021-01-06 22:18:00+00:00,373.95,373.97,374.0,3,997,373.97009,1.022263793297086e-08,0.00014673039535417765
2021-01-06 22:19:00+00:00,374.04,374.02,374.04,100,303,374.02496277915634,5.940270596884872e-08,-2.9542775957902556e-05
2021-01-06 22:20:00+00:00,374.05,374.01,374.04,90,600,374.0139130434783,7.20333453554213e-08,-6.298812083616045e-05
2021-01-06 22:21:00+00:00,374.03,373.99,374.04,5,700,373.9903546099291,2.0042015569120494e-08,0.00011647864852126766
2021-01-06 22:22:00+00:00,374.03,374.02,374.04,700,306,374.03391650099405,2.1507994199222954e-08,0.00013139108868909233
2021-01-06 22:23:00+00:00,374.1,374.08,374.1,30,163,374.0831088082902,3.638505517785469e-08,0.00021787938028827725
2021-01-06 22:24:00+00:00,374.17,374.16,374.18,50,169,374.1645662100457,4.701768471629528e-08,1.155288136156507e-05
2021-01-06 22:25:00+00:00,374.17,374.13,374.2,25,20,374.16888888888883,1.8781393249991644e-08,-5.164424961923153e-05
2021-01-06 22:26:00+00:00,374.18,374.11,374.18,520,400,374.1495652173913,1.1906101855587915e-08,0.00013225299788222067
2021-01-06 22:27:00+00:00,374.2,374.2,374.22,580,169,374.2154873164219,9.66977570060267e-09,0.00016271898567654652
2021-01-06 22:28:00+00:00,374.25,374.25,374.26,630,4,374.2599369085173,1.3011703730866512e-08,0.00010982345143717431
2021-01-06 22:29:00+00:00,374.28,374.26,374.31,458,100,374.3010394265233,4.6786880593724256e-07,0.0009269559443605413
2021-01-06 22:30:00+00:00,374.64,374.64,374.68,100,400,374.648,1.5849496206839358e-07,0.0001356360890054642
2021-01-06 22:31:00+00:00,374.61,374.61,374.7,291,4,374.69877966101694,3.7921022607558806e-08,-7.93300622533577e-05
2021-01-06 22:32:00+00:00,374.65,374.58,374.7,588,204,374.66909090909087,2.176246803243515e-07,-0.00020051668280252066
2021-01-06 22:33:00+00:00,374.58,374.61,374.7,169,2954,374.6148703170029,7.755367471927707e-08,-0.00025943262867400563
2021-01-06 22:34:00+00:00,374.49,374.46,374.65,800,300,374.59818181818184,1.0432588135949219e-06,0.00047588764324979493
2021-01-06 22:35:00+00:00,374.92,374.55,374.8,300,300,374.675,1.7787229475658336e-07,2.097055543370807e-05
2021-01-06 22:36:00+00:00,374.6,374.6,374.74,290,200,374.68285714285713,4.7399199831980986e-07,0.00022491002019320305
2021-01-06 22:37:00+00:00,374.75,374.75,374.85,62,300,374.7671270718232,1.1076918527823713e-07,-0.0002465270378431139
2021-01-06 22:38:00+00:00,374.6,374.6,374.75,116,26,374.7225352112676,5.836504872444441e-07,-1.355036158146028e-05
2021-01-06 22:39:00+00:00,374.65,374.62,374.67,146,1,374.6696598639456,5.140047420548986e-08,4.703074899903292e-05
2021-01-06 22:40:00+00:00,374.69,374.65,374.69,521,38,374.6872808586762,6.150736234446706e-08,4.999669936722739e-05
2021-01-06 22:41:00+00:00,374.7,374.7,374.72,43,100,374.706013986014,3.245118222252132e-08,-9.384671742018735e-05
2021-01-06 22:42:00+00:00,374.66,374.67,374.7,3,103,374.6708490566038,1.344535148093175e-07,0.00013230294267296827
2021-01-06 22:43:00+00:00,374.72,374.72,374.75,119,8399,374.72041911246777,1.1725193038221094e-08,-8.091393214870735e-05
2021-01-06 22:44:00+00:00,374.68,374.69,374.7,1,100,374.69009900990096,1.4293497987663123e-08,-1.7557792364453206e-07
2021-01-06 22:45:00+00:00,374.66,374.68,374.7,200,300,374.688,1.710145255881379e-08,-2.7209250273996233e-05
2021-01-06 22:46:00+00:00,374.66,374.66,374.68,2452,20,374.6798381877022,5.720099946292955e-10,2.6472258780385616e-05
2021-01-06 22:47:00+00:00,374.68,374.68,374.69,1003,25,374.6897568093385,1.4289667717459913e-08,-0.00013494700624339107
2021-01-06 22:48:00+00:00,374.62,374.62,374.64,119,5,374.639193548387,3.36140669718863e-08,-0.00019197356377242958
2021-01-06 22:49:00+00:00,374.6,374.56,374.66,150,86,374.62355932203394,7.863421543229086e-08,-6.899736769838682e-05
2021-01-06 22:50:00+00:00,374.52,374.51,374.62,1200,500,374.5876470588235,2.1538231281696892e-08,0.00012803428663077376
2021-01-06 22:51:00+00:00,374.54,374.54,374.59,350,5,374.5892957746479,2.147034315381757e-08,-8.171717034188841e-05
2021-01-06 22:52:00+00:00,374.55,374.55,374.6,383,1800,374.5587723316537,6.240266994180205e-10,4.444622253352293e-05
2021-01-06 22:53:00+00:00,374.59,374.57,374.59,100,269,374.5754200542006,1.0038655277954749e-08,1.2253702628806096e-05
2021-01-06 22:54:00+00:00,374.6,374.58,374.59,1,1000,374.58000999001,1.5201231239287822e-08,2.8354753651482767e-05
2021-01-06 22:55:00+00:00,374.59,374.59,374.6,200,2969,374.59063111391606,6.629335221531705e-08,2.5655566311177935e-05
2021-01-06 22:56:00+00:00,374.64,374.56,374.64,500,494,374.60024144869215,3.7701696345746684e-08,0.00010716337564820044
2021-01-06 22:57:00+00:00,374.64,374.61,374.66,900,581,374.6403848750844,4.116550635293178e-08,7.590920646949328e-05
2021-01-06 22:58:00+00:00,374.68,374.61,374.68,100,11,374.67306306306307,7.807116313924324e-09,0.00013896157562554023
2021-01-06 22:59:00+00:00,374.75,374.72,374.75,100,3278,374.7208880994672,2.8804825048886527e-09,2.6346357109741092e-05
2021-01-06 23:00:00+00:00,374.75,374.73,374.75,500,12647,374.7307606298015,9.344881321289618e-07,-0.0004957175906491473
2021-01-06 23:01:00+00:00,374.6,374.53,374.62,600,500,374.5790909090909,3.4482160351493095e-07,-0.0006794476971759833
2021-01-06 23:02:00+00:00,374.29,374.21,374.27,5,400,374.21074074074073,2.581769769649169e-07,-9.679793209127485e-05
2021-01-06 23:03:00+00:00,374.33,374.24,374.34,2300,5500,374.26948717948716,1.1220470718598501e-07,0.00014861923573494806
2021-01-06 23:04:00+00:00,374.35,374.29,374.35,500,507,374.3197914597816,1.289053417764976e-07,0.0005068214354408962
2021-01-06 23:05:00+00:00,374.49,374.49,374.5,500,20,374.49961538461537,1.9423204113677568e-07,0.0005423553984249541
2021-01-06 23:06:00+00:00,374.68,374.68,374.73,500,600,374.70272727272726,1.08623431821644e-07,0.0003263192882601018
2021-01-06 23:07:00+00:00,374.8,374.8,374.85,500,500,374.825,1.4630328464346254e-07,-0.0006141430027327699
2021-01-06 23:08:00+00:00,374.63,374.58,374.62,500,851,374.5948038490007,8.874979960638716e-08,2.3293336357976813e-05
2021-01-06 23:09:00+00:00,374.57,374.58,374.62,500,350,374.6035294117647,3.524216268048261e-08,-0.0002838903128866699
2021-01-06 23:10:00+00:00,374.5,374.47,374.5,500,200,374.49142857142857,7.331712336178276e-08,-6.368476542562007e-05
2021-01-06 23:11:00+00:00,374.53,374.5,374.53,500,1,374.52994011976045,9.23127547319334e-08,0.0001691264175465168
2021-01-06 23:12:00+00:00,374.58,374.48,374.53,500,500,374.505,7.826576066162214e-08,7.604787662729429e-05
2021-01-06 23:13:00+00:00,374.51,374.53,374.57,500,69,374.5651493848858,1.2492190572329044e-07,-7.30756909791408e-05
2021-01-06 23:14:00+00:00,374.5,374.5,374.54,500,50,374.53636363636366,3.592650533516728e-08,7.396845530394103e-05
2021-01-06 23:15:00+00:00,374.55,374.5,374.55,1300,500,374.5361111111111,3.8653163667690533e-08,-3.8053929610759596e-05
2021-01-06 23:16:00+00:00,374.59,374.55,374.58,42,500,374.5523247232472,1.0186491600382826e-07,2.6819663937471816e-05
2021-01-06 23:17:00+00:00,374.58,374.53,374.58,501,300,374.56127340823963,4.0642419763442567e-08,-1.6748683553280408e-05
2021-01-06 23:18:00+00:00,374.58,374.56,374.61,500,500,374.585,8.049615170216662e-08,-0.00013349174353571858
2021-01-06 23:19:00+00:00,374.53,374.46,374.51,250,500,374.4766666666667,7.443462958071545e-08,-9.345669617222274e-05
2021-01-06 23:20:00+00:00,374.49,374.47,374.49,25,500,374.4709523809524,1.8226284779470545e-07,-0.00021415888704412467
2021-01-06 23:21:00+00:00,374.39,374.38,374.39,500,10,374.3898039215686,4.302764424529917e-08,5.9031629880523795e-05
2021-01-06 23:22:00+00:00,374.5,374.41,374.45,25,500,374.41190476190474,1.5127927539874045e-07,6.995097072870493e-05
2021-01-06 23:23:00+00:00,374.41,374.4,374.44,500,25,374.43809523809523,5.755881001166449e-08,0.00011676948547445498
2021-01-06 23:24:00+00:00,374.45,374.48,374.5,50,500,374.4818181818182,4.219008967833721e-08,-0.00019110836899527417
2021-01-06 23:25:00+00:00,374.45,374.41,374.45,5,790,374.41025157232707,2.4654967072560066e-08,0.00011209802541167768
2021-01-06 23:26:00+00:00,374.43,374.43,374.48,402,500,374.4522838137473,4.022509655274883e-08,-0.00013056108626841034
2021-01-06 23:27:00+00:00,374.38,374.35,374.43,1000,500,374.4033333333333,6.641187383409843e-08,-0.00013354581957059075
2021-01-06 23:28:00+00:00,374.35,374.35,374.37,100,500,374.35333333333335,3.1580267849349845e-08,0.00015865743431509038
2021-01-06 23:29:00+00:00,374.36,374.41,374.44,50,500,374.4127272727273,1.0481662351882106e-07,0.00016632107494407578
2021-01-06 23:30:00+00:00,374.5,374.44,374.51,500,500,374.475,1.0891181772502374e-07,-0.00016654895801504477
2021-01-06 23:31:00+00:00,374.44,374.4,374.48,150,800,374.41263157894736,3.814685300008119e-08,0.00015116795083724988
2021-01-06 23:32:00+00:00,374.44,374.45,374.47,500,20,374.46923076923076,4.85547239318149e-08,-7.323890142529876e-05
2021-01-06 23:33:00+00:00,374.47,374.44,374.46,50,504,374.44180505415164,6.74655180257046e-08,-0.0005566354180933653
2021-01-06 23:34:00+00:00,374.25,374.2,374.24,504,100,374.2333774834437,1.0750777760524157e-07,-9.025072713719773e-06
2021-01-06 23:35:00+00:00,374.22,374.19,374.27,500,500,374.23,5.204658710803581e-08,0.0003651943100944077
2021-01-06 23:36:00+00:00,374.38,374.34,374.38,50,25,374.3666666666667,1.6742144252364763e-08,-6.065249032261022e-05
2021-01-06 23:37:00+00:00,374.32,374.34,374.38,50,455,374.34396039603956,4.402668427838144e-08,0.00016305753643219845
2021-01-06 23:38:00+00:00,374.33,374.38,374.43,500,500,374.405,8.975895574048958e-08,-0.00018251180762363095
2021-01-06 23:39:00+00:00,374.35,374.31,374.38,500,500,374.345,5.003829544172571e-08,-0.00020099045040944397
2021-01-06 23:40:00+00:00,374.35,374.25,374.29,400,1000,374.26142857142855,7.276440447432324e-08,-7.888552565105122e-05
2021-01-06 23:41:00+00:00,374.24,374.22,374.27,500,500,374.245,7.95946301011813e-08,0.00023437505352852384
2021-01-06 23:42:00+00:00,374.27,374.31,374.32,1000,40,374.3196153846154,2.5920224254396537e-08,3.4586828334459696e-05
2021-01-06 23:43:00+00:00,374.34,374.33,374.34,300,871,374.33256191289496,5.974353260068034e-08,-0.00027542172704875245
2021-01-06 23:44:00+00:00,374.22,374.23,374.24,200,1000,374.2316666666667,4.0774750039311665e-08,4.7591482902120674e-05
2021-01-06 23:45:00+00:00,374.19,374.22,374.27,600,1000,374.23875,5.6164808086244457e-08,0.0004500809243419557
2021-01-06 23:46:00+00:00,374.37,374.38,374.43,500,200,374.4157142857143,6.409404935692858e-08,-0.00018886569931808594
2021-01-06 23:47:00+00:00,374.35,374.32,374.4,500,3000,374.33142857142855,4.891656472349483e-08,0.0001696334689180734
2021-01-06 23:48:00+00:00,374.4,374.4,374.42,295,399,374.4085014409222,8.654597899865284e-08,0.0005248239778787855
2021-01-06 23:49:00+00:00,374.66,374.58,374.63,500,500,374.605,8.410129324194797e-08,5.7838701209567134e-05
2021-01-06 23:50:00+00:00,374.67,374.61,374.66,500,1000,374.62666666666667,4.4286837494440834e-08,-0.00011122183863054858
2021-01-06 23:51:00+00:00,374.55,374.55,374.62,500,50,374.6136363636364,5.053056812532067e-08,-0.000200221578546933
2021-01-06 23:52:00+00:00,374.5,374.47,374.54,500,500,374.505,2.8462469229795983e-08,1.4659678188699843e-05
2021-01-06 23:53:00+00:00,374.47,374.49,374.54,520,500,374.5154901960785,9.431921647069247e-08,0.0001209806776916178
2021-01-06 23:54:00+00:00,374.49,374.52,374.59,700,501,374.56079933388844,5.735606772256782e-08,-0.00012227476545834115
2021-01-06 23:55:00+00:00,374.54,374.51,374.54,100,500,374.515,1.1273991665993251e-08,-0.00018690840153268162
2021-01-06 23:56:00+00:00,374.44,374.42,374.47,500,500,374.445,6.074315661860527e-08,9.865536611064485e-05
2021-01-06 23:57:00+00:00,374.44,374.44,374.52,551,500,374.4819410085633,7.995450888658238e-08,-4.5238519426837875e-05
2021-01-06 23:58:00+00:00,374.44,374.44,374.49,499,500,374.464974974975,6.144861751145763e-08,8.018099161466452e-05
2021-01-06 23:59:00+00:00,374.46,374.47,374.52,501,500,374.495024975025,2.1641366171113814e-07,-2.7983069949222283e-05
