ts_recv,price,bid_px_00,ask_px_00,bid_sz_00,ask_sz_00,weighted_mid,rv_60s,ret_60s
2020-11-20 08:01:00+00:00,,,,0,0,,0.0,
2020-11-20 08:02:00+00:00,,,,0,0,,0.0,
2020-11-20 08:03:00+00:00,,,,0,0,,0.0,
2020-11-20 08:04:00+00:00,,,,0,0,,0.0,
2020-11-20 08:05:00+00:00,,,,0,0,,0.0,
2020-11-20 08:06:00+00:00,,,,0,0,,0.0,
2020-11-20 08:07:00+00:00,,,,0,0,,0.0,
2020-11-20 08:08:00+00:00,,,,0,0,,0.0,
2020-11-20 08:09:00+00:00,,,,0,0,,0.0,
2020-11-20 08:10:00+00:00,,,,0,0,,0.0,
2020-11-20 08:11:00+00:00,,,,0,0,,0.0,
2020-11-20 08:12:00+00:00,,,,0,0,,0.0,
2020-11-20 08:13:00+00:00,,,,0,0,,0.0,
2020-11-20 08:14:00+00:00,,,,0,0,,0.0,
2020-11-20 08:15:00+00:00,,,,0,0,,0.0,
2020-11-20 08:16:00+00:00,,,,0,0,,0.0,
2020-11-20 08:17:00+00:00,,,,0,0,,0.0,
2020-11-20 08:18:00+00:00,,,,0,0,,0.0,
2020-11-20 08:19:00+00:00,,,,0,0,,0.0,
2020-11-20 08:20:00+00:00,,,,0,0,,0.0,
2020-11-20 08:21:00+00:00,,,,0,0,,0.0,
2020-11-20 08:22:00+00:00,,,,0,0,,0.0,
2020-11-20 08:23:00+00:00,,,,0,0,,0.0,
2020-11-20 08:24:00+00:00,,,,0,0,,0.0,
2020-11-20 08:25:00+00:00,,,,0,0,,0.0,
2020-11-20 08:26:00+00:00,,,,0,0,,0.0,
2020-11-20 08:27:00+00:00,,,,0,0,,0.0,
2020-11-20 08:28:00+00:00,,,,0,0,,0.0,
2020-11-20 08:29:00+00:00,,,,0,0,,0.0,
2020-11-20 08:30:00+00:00,,,,0,0,,0.0,
2020-11-20 08:31:00+00:00,,,,0,0,,0.0,
2020-11-20 08:32:00+00:00,,,,0,0,,0.0,
2020-11-20 08:33:00+00:00,,,,0,0,,0.0,
2020-11-20 08:34:00+00:00,,,,0,0,,0.0,
2020-11-20 08:35:00+00:00,,,,0,0,,0.0,
2020-11-20 08:36:00+00:00,,,,0,0,,0.0,
2020-11-20 08:37:00+00:00,,,,0,0,,0.0,
2020-11-20 08:38:00+00:00,,,,0,0,,0.0,
2020-11-20 08:39:00+00:00,,,,0,0,,0.0,
2020-11-20 08:40:00+00:00,,,,0,0,,0.0,
2020-11-20 08:41:00+00:00,,,,0,0,,0.0,
2020-11-20 08:42:00+00:00,,,,0,0,,0.0,
2020-11-20 08:43:00+00:00,,,,0,0,,0.0,
2020-11-20 08:44:00+00:00,,,,0,0,,0.0,
2020-11-20 08:45:00+00:00,,,,0,0,,0.0,
2020-11-20 08:46:00+00:00,,,,0,0,,0.0,
2020-11-20 08:47:00+00:00,,,,0,0,,0.0,
2020-11-20 08:48:00+00:00,,,,0,0,,0.0,
2020-11-20 08:49:00+00:00,,,,0,0,,0.0,
2020-11-20 08:50:00+00:00,,,,0,0,,0.0,
2020-11-20 08:51:00+00:00,,,,0,0,,0.0,
2020-11-20 08:52:00+00:00,,,,0,0,,0.0,
2020-11-20 08:53:00+00:00,,,,0,0,,0.0,
2020-11-20 08:54:00+00:00,,,,0,0,,0.0,
2020-11-20 08:55:00+00:00,,,,0,0,,0.0,
2020-11-20 08:56:00+00:00,,,,0,0,,0.0,
2020-11-20 08:57:00+00:00,,,,0,0,,0.0,
2020-11-20 08:58:00+00:00,,,,0,0,,0.0,
2020-11-20 08:59:00+00:00,,,,0,0,,0.0,
2020-11-20 09:00:00+00:00,,,,0,0,,7.015923655292123e-08,
2020-11-20 09:01:00+00:00,356.66,356.64,356.7,500,500,356.67,8.804509930861186e-08,-0.00018097471451872238
2020-11-20 09:02:00+00:00,356.65,356.57,356.61,500,500,356.59,3.711741972003536e-08,8.413023360165361e-05
2020-11-20 09:03:00+00:00,356.6,356.6,356.64,500,500,356.62,2.9625951945715135e-08,2.804105210030272e-05
2020-11-20 09:04:00+00:00,356.66,356.6,356.66,500,500,356.63,2.961888229545793e-08,0.00017447276511295406
2020-11-20 09:05:00+00:00,356.67,356.66,356.71,500,500,356.685,5.68025928460179e-08,-0.00014640695526491054
2020-11-20 09:06:00+00:00,356.65,356.62,356.66,500,500,356.64,3.074961963335182e-08,2.8039479587294025e-05
2020-11-20 09:07:00+00:00,356.65,356.62,356.68,500,500,356.65,6.827742433828427e-08,-8.411608019054384e-05
2020-11-20 09:08:00+00:00,356.58,356.6,356.63,500,500,356.615,3.0627922524217597e-08,-0.00012618473445125122
2020-11-20 09:09:00+00:00,356.58,356.57,356.61,500,1000,356.5833333333333,6.755940913608329e-08,2.337049241618594e-05
2020-11-20 09:10:00+00:00,356.5,356.57,356.61,500,1000,356.5833333333333,6.528728805527683e-08,0.00022902547324155087
2020-11-20 09:11:00+00:00,356.68,356.65,356.68,500,500,356.665,7.990643857791069e-08,-0.00018224384226095403
2020-11-20 09:12:00+00:00,356.62,356.57,356.63,500,1000,356.59,4.7563110456017627e-08,-0.00023635926608445157
2020-11-20 09:13:00+00:00,356.57,356.49,356.53,500,500,356.51,5.029329379521724e-08,0.00020836589050365895
2020-11-20 09:14:00+00:00,356.57,356.57,356.61,500,500,356.59,4.6365115157308734e-08,1.4021705600386625e-05
2020-11-20 09:15:00+00:00,356.57,356.55,356.61,900,1000,356.5784210526316,3.0026154313358307e-08,2.287719888616202e-05
2020-11-20 09:16:00+00:00,356.57,356.57,356.64,900,1000,356.60315789473685,6.274042635314154e-08,-0.00011023946372989979
2020-11-20 09:17:00+00:00,356.61,356.55,356.61,300,1000,356.56384615384616,6.726971609895944e-08,-0.00013699132532096758
2020-11-20 09:18:00+00:00,356.52,356.5,356.56,300,900,356.515,3.0229212826138504e-08,0.00022439448550559682
2020-11-20 09:19:00+00:00,356.52,356.54,356.61,500,1000,356.56333333333333,4.512085491516305e-08,-0.00019630112592727844
2020-11-20 09:20:00+00:00,356.52,356.49,356.56,1000,1000,356.525,2.5842524205664568e-08,-3.27232779374631e-05
2020-11-20 09:21:00+00:00,356.52,356.49,356.55,500,500,356.52,4.459242822848143e-08,3.8052517864262114e-05
2020-11-20 09:22:00+00:00,356.5,356.51,356.54,1290,1000,356.5268995633188,1.3784144214824719e-08,-7.544890259825188e-05
2020-11-20 09:23:00+00:00,356.54,356.48,356.54,500,1000,356.5,2.5999364468398725e-08,-7.396055861486062e-05
2020-11-20 09:24:00+00:00,356.54,356.47,356.51,100,1001,356.4736330608538,2.693779829531327e-08,0.00021422885751887222
2020-11-20 09:25:00+00:00,356.51,356.52,356.58,500,500,356.55,6.012253226448414e-08,-0.0002991632777077369
2020-11-20 09:26:00+00:00,356.51,356.42,356.49,500,1000,356.4433333333333,4.638802324965527e-08,0.000299252803157124
2020-11-20 09:27:00+00:00,356.51,356.52,356.59,500,1000,356.54333333333335,1.536782251793152e-07,0.0008413407374003867
2020-11-20 09:28:00+00:00,356.75,356.84,356.85,500,1,356.8499800399201,1.6598049569779482e-07,0.0006539254769948322
2020-11-20 09:29:00+00:00,357.1,357.04,357.11,900,1000,357.0731578947368,5.445432972788339e-07,0.0008028004667444133
2020-11-20 09:30:00+00:00,357.34,357.36,357.41,500,1000,357.37666666666667,9.480412252666627e-08,-0.0007453441429432495
2020-11-20 09:31:00+00:00,357.13,357.1,357.14,100,1000,357.1036363636364,1.3207797345173392e-08,5.908411617228104e-05
2020-11-20 09:32:00+00:00,357.09,357.09,357.14,985,1000,357.11481108312336,6.492224577596823e-08,0.00036942596570099795
2020-11-20 09:33:00+00:00,357.19,357.24,357.29,500,1000,357.25666666666666,6.544590360267077e-08,-6.531252041008795e-05
2020-11-20 09:34:00+00:00,357.29,357.22,357.26,500,1000,357.23333333333335,8.772176056585428e-08,6.531678641397143e-05
2020-11-20 09:35:00+00:00,357.31,357.24,357.29,500,1000,357.25666666666666,4.3292889900072096e-08,-6.531252041008795e-05
2020-11-20 09:36:00+00:00,357.26,357.22,357.26,500,1000,357.23333333333335,5.0262818627898006e-08,-5.1320332182580586e-05
2020-11-20 09:37:00+00:00,357.22,357.19,357.24,500,500,357.215,1.0026796970092912e-07,0.00012597455314034
2020-11-20 09:38:00+00:00,357.3,357.24,357.29,500,500,357.265,7.287534290911172e-08,0.00019193704464925965
2020-11-20 09:39:00+00:00,357.3,357.32,357.36,500,1000,357.3333333333333,1.2050641926452957e-07,8.353550890372041e-05
2020-11-20 09:40:00+00:00,357.39,357.33,357.39,900,1000,357.35842105263157,1.3577886322253807e-07,0.0002749217822981542
2020-11-20 09:41:00+00:00,357.44,357.44,357.5,500,58,357.4937634408602,7.706664703655381e-08,9.32513964397863e-05
2020-11-20 09:42:00+00:00,357.5,357.47,357.51,500,500,357.49,1.7583146224929748e-08,-9.324270142763158e-05
2020-11-20 09:43:00+00:00,357.44,357.44,357.49,500,1000,357.45666666666665,3.55319052977887e-08,0.0001025765360835873
2020-11-20 09:44:00+00:00,357.44,357.47,357.53,500,500,357.5,2.4373412328774325e-08,-0.00014918693122489834
2020-11-20 09:45:00+00:00,357.46,357.42,357.46,500,500,357.44,3.667255542159703e-08,-0.00013055804237549484
2020-11-20 09:46:00+00:00,357.44,357.37,357.44,500,1000,357.3933333333333,1.1449926954150243e-07,0.0005390170705328323
2020-11-20 09:47:00+00:00,357.56,357.57,357.59,500,126,357.5859744408946,7.694897623846247e-08,-0.0003989001743825993
2020-11-20 09:48:00+00:00,357.49,357.47,357.51,500,500,357.49,6.104462938459676e-08,0.00026111364971614925
2020-11-20 09:49:00+00:00,357.56,357.52,357.56,500,500,357.54,4.0657924058908516e-08,-0.00027036854028961166
2020-11-20 09:50:00+00:00,357.43,357.42,357.46,500,500,357.44,3.998373915068572e-08,4.662787227682763e-05
2020-11-20 09:51:00+00:00,357.43,357.44,357.49,500,1000,357.45666666666665,4.317228497326136e-08,-0.00018650279287935057
2020-11-20 09:52:00+00:00,357.4,357.37,357.41,500,500,357.39,6.966314167570622e-08,0.0001862287456022571
2020-11-20 09:53:00+00:00,357.43,357.44,357.49,500,1010,357.45655629139077,5.722046995762742e-08,-0.0002794454961476678
2020-11-20 09:54:00+00:00,357.43,357.34,357.39,500,1000,357.3566666666667,8.019797857140836e-08,-4.663874560439929e-06
2020-11-20 09:55:00+00:00,357.27,357.32,357.39,500,500,357.355,9.626633073699736e-08,-0.0002937136459825185
2020-11-20 09:56:00+00:00,357.32,357.25,357.29,1,1000,357.25003996003994,1.747339834588509e-08,-1.1185454296125386e-07
2020-11-20 09:57:00+00:00,357.22,357.22,357.28,500,500,357.25,3.9185797973602807e-08,-7.697690692787251e-05
2020-11-20 09:58:00+00:00,357.22,357.2,357.26,300,500,357.2225,1.928563472587592e-08,-2.099531804422572e-05
2020-11-20 09:59:00+00:00,357.22,357.19,357.24,500,500,357.215,6.474678019418829e-08,-1.7996364734318426e-05
2020-11-20 10:00:00+00:00,357.22,357.2,357.22,200,500,357.2057142857143,3.376644467553455e-08,-0.00010798013165569387
2020-11-20 10:01:00+00:00,357.18,357.14,357.19,500,1000,357.1566666666667,2.5132719609727724e-08,5.627712997324785e-05
2020-11-20 10:02:00+00:00,357.21,357.17,357.21,500,495,357.19010050251256,1.0175355244224415e-07,0.0001441205811230084
2020-11-20 10:03:00+00:00,357.24,357.22,357.28,500,500,357.25,2.5809339627468807e-08,0.00012154534967501185
2020-11-20 10:04:00+00:00,357.24,357.24,357.31,900,500,357.285,7.765938123003019e-08,-7.930177122850157e-05
2020-11-20 10:05:00+00:00,357.2,357.24,357.29,500,1000,357.25666666666666,3.449239952033218e-08,-0.00013995540087896607
2020-11-20 10:06:00+00:00,357.26,357.19,357.24,500,1000,357.20666666666665,4.954560293215676e-08,0.0002612866501185973
2020-11-20 10:07:00+00:00,357.3,357.27,357.33,500,500,357.3,3.842891747603009e-08,-1.3993842709170146e-05
2020-11-20 10:08:00+00:00,357.3,357.27,357.32,500,500,357.295,4.685196132826839e-08,-0.00024722801419940765
2020-11-20 10:09:00+00:00,357.3,357.19,357.24,500,1000,357.20666666666665,1.379784819266146e-07,-4.665833037831302e-05
2020-11-20 10:10:00+00:00,357.3,357.17,357.21,500,500,357.19,6.86135018463576e-08,-9.332101495929113e-05
2020-11-20 10:11:00+00:00,357.3,357.14,357.21,500,500,357.175,6.81535849644448e-08,9.775060627470467e-05
2020-11-20 10:12:00+00:00,357.11,357.14,357.21,900,500,357.185,4.0087151430524254e-08,0.00010356481894691072
2020-11-20 10:13:00+00:00,357.11,357.19,357.24,900,500,357.22214285714284,1.2438489282031805e-07,0.0004518915460287598
2020-11-20 10:14:00+00:00,357.25,357.37,357.41,500,500,357.39,9.729255939485257e-08,0.00018653758265951836
2020-11-20 10:15:00+00:00,357.5,357.44,357.51,1400,700,357.4866666666667,3.634773682699391e-08,-7.777430888200598e-08
2020-11-20 10:16:00+00:00,357.49,357.45,357.49,199,1000,357.45663886572146,4.3178913910648504e-08,-0.00018642503306953717
2020-11-20 10:17:00+00:00,357.45,357.37,357.41,500,500,357.39,3.1052760962842385e-08,-0.00013990318699463877
2020-11-20 10:18:00+00:00,357.36,357.32,357.36,500,500,357.34,2.4048348518261228e-08,-4.997241522675111e-05
2020-11-20 10:19:00+00:00,357.36,357.29,357.34,900,500,357.32214285714286,7.510013578592555e-08,-3.165077797617766e-05
2020-11-20 10:20:00+00:00,357.36,357.27,357.34,900,1000,357.30315789473684,3.798922420720168e-08,-6.272488436098733e-05
2020-11-20 10:21:00+00:00,357.36,357.27,357.34,500,1400,357.2884210526316,2.7506823794286438e-08,0.00014436221363234303
2020-11-20 10:22:00+00:00,357.36,357.31,357.36,500,500,357.335,4.103736791002147e-08,-1.3992276263530279e-05
2020-11-20 10:23:00+00:00,357.36,357.29,357.36,900,500,357.335,2.622680026655435e-08,-0.0001303509238345102
2020-11-20 10:24:00+00:00,357.36,357.27,357.34,500,1400,357.2884210526316,3.4667316776848244e-08,0.00020267178121380347
2020-11-20 10:25:00+00:00,357.36,357.34,357.39,500,1000,357.3566666666667,3.490020636820214e-08,0.0003148078622681183
2020-11-20 10:26:00+00:00,357.36,357.44,357.48,500,100,357.47333333333336,4.729084522860631e-09,3.2636467055757734e-05
2020-11-20 10:27:00+00:00,357.48,357.47,357.5,500,500,357.485,2.5254018664464257e-09,6.0608603624334734e-05
2020-11-20 10:28:00+00:00,357.51,357.49,357.55,500,500,357.52,5.384647751292902e-08,9.750461134183652e-05
2020-11-20 10:29:00+00:00,357.51,357.52,357.59,500,1126,357.54152521525214,4.844480279462837e-08,-3.223462014723122e-05
2020-11-20 10:30:00+00:00,357.59,357.5,357.56,800,500,357.5369230769231,4.2237018410413564e-08,0.00018180292562886002
2020-11-20 10:31:00+00:00,357.59,357.57,357.62,500,500,357.595,5.933360249403043e-08,-0.0002936282666144985
2020-11-20 10:32:00+00:00,357.58,357.47,357.51,500,500,357.49,3.8384866961083915e-08,-9.324270142763158e-05
2020-11-20 10:33:00+00:00,357.58,357.44,357.49,500,1000,357.45666666666665,5.7014915588741904e-08,-2.7975418931847074e-05
2020-11-20 10:34:00+00:00,357.42,357.42,357.48,400,500,357.44666666666666,2.4594633191105977e-08,3.759432768091209e-05
2020-11-20 10:35:00+00:00,357.42,357.45,357.49,169,500,357.4601046337818,4.1559928883807306e-08,0.0001469427154654479
2020-11-20 10:36:00+00:00,357.5,357.5,357.55,169,500,357.51263079222724,3.2189406043303926e-08,0.0001884386787214254
2020-11-20 10:37:00+00:00,357.55,357.56,357.62,500,1000,357.58,3.175690477416409e-08,1.3982884948804397e-05
2020-11-20 10:38:00+00:00,357.61,357.56,357.61,500,500,357.585,3.938249331789438e-08,-0.00016313137668899635
2020-11-20 10:39:00+00:00,357.55,357.52,357.56,100,500,357.52666666666664,4.9240323364816075e-08,0.00014451136511972607
2020-11-20 10:40:00+00:00,357.54,357.57,357.62,100,500,357.5783333333333,5.5427833583017405e-08,7.457573398839124e-05
2020-11-20 10:41:00+00:00,357.62,357.57,357.63,1300,500,357.61333333333334,6.523083721950787e-08,-0.00015380098152995014
2020-11-20 10:42:00+00:00,357.64,357.51,357.57,900,500,357.54857142857145,4.211568890621632e-08,7.990890384945715e-05
2020-11-20 10:43:00+00:00,357.51,357.54,357.61,1400,500,357.5915789473684,5.5439021582642844e-08,0.00015780747488070013
2020-11-20 10:44:00+00:00,357.51,357.61,357.66,500,500,357.635,6.991765212502464e-08,0.0002108075464166692
2020-11-20 10:45:00+00:00,357.66,357.71,357.73,1,50,357.7103921568627,1.395032205505631e-07,1.2881490832450382e-05
2020-11-20 10:46:00+00:00,357.74,357.69,357.75,500,7,357.7491715976331,8.022748659153702e-08,-4.659202624046621e-06
2020-11-20 10:47:00+00:00,357.7,357.67,357.73,500,500,357.7,7.041448603110997e-08,-1.553074777438379e-05
2020-11-20 10:48:00+00:00,357.69,357.69,357.73,400,500,357.7077777777778,5.4045944240068263e-08,0.0002857701972747151
2020-11-20 10:49:00+00:00,357.86,357.79,357.84,500,1000,357.8066666666667,2.8005542040672036e-08,0.0002794779352170984
2020-11-20 10:50:00+00:00,357.92,357.89,357.93,500,500,357.91,9.395960580573486e-08,-7.591241183757536e-05
2020-11-20 10:51:00+00:00,357.88,357.89,357.93,500,500,357.91,4.7785036483180646e-08,6.062909806647809e-06
2020-11-20 10:52:00+00:00,357.88,357.89,357.93,500,500,357.91,6.922782052498038e-08,-9.779677829457878e-05
2020-11-20 10:53:00+00:00,357.86,357.84,357.89,500,500,357.865,7.181164101752783e-08,2.3413101518432455e-05
2020-11-20 10:54:00+00:00,357.84,357.84,357.88,425,500,357.8583783783784,1.2962067565879417e-07,-0.00034476872928745905
2020-11-20 10:55:00+00:00,357.78,357.69,357.73,500,500,357.71,5.6424932843404757e-08,-0.00027932624518967053
2020-11-20 10:56:00+00:00,357.66,357.61,357.66,500,497,357.6350752256771,3.95358158810793e-08,7.90138037731758e-05
2020-11-20 10:57:00+00:00,357.66,357.64,357.68,500,500,357.66,3.9319966814710123e-08,-0.00019804471616713393
2020-11-20 10:58:00+00:00,357.66,357.59,357.63,500,500,357.61,3.656350401817253e-08,-9.08855750608728e-05
2020-11-20 10:59:00+00:00,357.66,357.54,357.61,400,500,357.5711111111111,3.466206981248679e-08,3.4959167692028004e-05
2020-11-20 11:00:00+00:00,357.56,357.56,357.61,500,500,357.585,1.4040151499005238e-08,-0.00010487383677426632
2020-11-20 11:01:00+00:00,357.58,357.51,357.56,500,500,357.535,9.216767498191528e-08,-0.00027959314937553437
2020-11-20 11:02:00+00:00,357.42,357.39,357.46,1402,500,357.4415983175604,8.069875000743332e-08,0.0002097285637452373
2020-11-20 11:03:00+00:00,357.39,357.49,357.53,500,500,357.51,1.6656490817073274e-08,0.00013985622779788542
2020-11-20 11:04:00+00:00,357.39,357.54,357.58,500,500,357.56,9.386583563977521e-08,-0.0003162460092764885
2020-11-20 11:05:00+00:00,357.43,357.45,357.51,500,500,357.48,5.969595740548287e-08,0.0001764651449058796
2020-11-20 11:06:00+00:00,357.5,357.49,357.53,500,500,357.51,9.045514579972251e-08,5.594249111906535e-05
2020-11-20 11:07:00+00:00,357.5,357.5,357.56,500,500,357.53,2.041747901840247e-08,5.194369303684887e-05
2020-11-20 11:08:00+00:00,357.5,357.51,357.56,900,500,357.54214285714284,4.0654519890901926e-08,3.1963689248959426e-05
2020-11-20 11:09:00+00:00,357.53,357.54,357.58,500,500,357.56,3.2371607178595015e-08,-6.991833538416703e-05
2020-11-20 11:10:00+00:00,357.53,357.51,357.56,500,500,357.535,3.028183101736564e-08,-1.3984644860132178e-05
2020-11-20 11:11:00+00:00,357.53,357.51,357.56,500,500,357.535,2.309762454714925e-08,3.9746388599049e-05
2020-11-20 11:12:00+00:00,357.56,357.49,357.55,900,500,357.5285714285714,1.5799381260026794e-08,7.212946797885422e-05
2020-11-20 11:13:00+00:00,357.56,357.54,357.6,500,500,357.57,3.2078694646915386e-08,0.00011186620801528768
2020-11-20 11:14:00+00:00,357.56,357.59,357.64,500,1000,357.6066666666667,1.5412917406262658e-08,1.3981711920685314e-05
2020-11-20 11:15:00+00:00,357.65,357.59,357.64,1000,1000,357.615,2.4017114815706227e-08,-2.3302527392132788e-05
2020-11-20 11:16:00+00:00,357.59,357.59,357.64,500,1000,357.6066666666667,1.5573113882480862e-08,0.0
2020-11-20 11:17:00+00:00,357.59,357.59,357.64,500,1000,357.6066666666667,5.6350623909726007e-08,-0.00032624298577588196
2020-11-20 11:18:00+00:00,357.59,357.47,357.51,500,500,357.49,4.586613455264185e-08,-0.00013986405214139186
2020-11-20 11:19:00+00:00,357.59,357.42,357.46,500,500,357.44,6.16730124033888e-08,0.0003497090420769844
2020-11-20 11:20:00+00:00,357.57,357.54,357.59,500,500,357.565,2.8052912444323628e-08,8.390082921994058e-05
2020-11-20 11:21:00+00:00,357.57,357.57,357.6,500,300,357.58875,1.5801872730316807e-08,-8.610152178933905e-05
2020-11-20 11:22:00+00:00,357.59,357.52,357.58,500,500,357.55,3.843871050019944e-08,0.00024292392722347067
2020-11-20 11:23:00+00:00,357.59,357.65,357.66,60,500,357.6510714285714,2.6750326265262746e-08,-0.00016454363218909585
2020-11-20 11:24:00+00:00,357.59,357.56,357.62,900,1000,357.5884210526316,7.080789553899055e-08,-0.00029984495064205863
2020-11-20 11:25:00+00:00,357.5,357.46,357.51,900,500,357.4921428571429,5.5527050041496377e-08,-0.0001352038080851825
2020-11-20 11:26:00+00:00,357.42,357.41,357.47,800,1000,357.43666666666667,2.4177356536516733e-08,-7.460529138025862e-05
2020-11-20 11:27:00+00:00,357.42,357.36,357.42,900,1000,357.3884210526316,2.9337609310620874e-08,0.00012590582244476067
2020-11-20 11:28:00+00:00,357.42,357.4,357.47,800,500,357.44307692307694,3.7170564800073615e-08,-0.00011411079348222497
2020-11-20 11:29:00+00:00,357.48,357.37,357.43,1400,500,357.4142105263158,1.504146720382979e-08,4.417696112568592e-05
2020-11-20 11:30:00+00:00,357.48,357.4,357.46,500,500,357.43,4.2727054055976444e-08,0.00019184575601216558
2020-11-20 11:31:00+00:00,357.47,357.46,357.52,900,500,357.49857142857144,2.522505173692156e-08,0.00017804488951211894
2020-11-20 11:32:00+00:00,357.47,357.54,357.58,900,400,357.5676923076923,3.1876009417162555e-08,0.00013362087717450066
2020-11-20 11:33:00+00:00,357.59,357.59,357.63,500,500,357.61,2.399526677322783e-08,3.395558609331495e-05
2020-11-20 11:34:00+00:00,357.64,357.59,357.64,900,500,357.6221428571429,7.05134310983272e-09,1.497989697818447e-05
2020-11-20 11:35:00+00:00,357.65,357.59,357.65,900,540,357.6275,1.6231062695838894e-08,4.891341275792271e-06
2020-11-20 11:36:00+00:00,357.65,357.61,357.65,500,539,357.6292492781521,1.8434469881433303e-08,-5.78192349266482e-05
2020-11-20 11:37:00+00:00,357.65,357.59,357.63,500,500,357.61,9.340562315927015e-09,3.994790792827274e-06
2020-11-20 11:38:00+00:00,357.65,357.59,357.64,500,1000,357.6066666666667,1.2788224948771173e-08,2.249385483321653e-05
2020-11-20 11:39:00+00:00,357.6,357.61,357.65,500,1771,357.61880669308675,2.7330848194528405e-08,0.00018722761250811182
2020-11-20 11:40:00+00:00,357.65,357.66,357.7,500,300,357.685,6.731341908293899e-08,-0.0002655968240211637
2020-11-20 11:41:00+00:00,357.65,357.56,357.61,500,500,357.585,3.510539430937065e-08,-1.3982493917596983e-05
2020-11-20 11:42:00+00:00,357.65,357.56,357.61,500,500,357.585,5.4884465436770286e-08,-0.00015847048021222498
2020-11-20 11:43:00+00:00,357.65,357.52,357.57,100,500,357.5283333333333,1.7652709242340774e-08,-0.00010122407881074658
2020-11-20 11:44:00+00:00,357.52,357.46,357.51,500,500,357.485,2.1071403300150962e-08,0.00011788470875484514
2020-11-20 11:45:00+00:00,357.53,357.52,357.57,200,1000,357.5283333333333,1.3245268813699173e-07,0.0004289416446632277
2020-11-20 11:46:00+00:00,357.54,357.66,357.7,500,300,357.685,6.630828684038429e-08,0.000272173059307379
2020-11-20 11:47:00+00:00,357.75,357.76,357.81,500,500,357.785,2.8028426369289902e-08,-0.00014973078405033924
2020-11-20 11:48:00+00:00,357.76,357.68,357.76,900,500,357.7314285714286,1.5143143875987688e-08,-6.611326755734392e-05
2020-11-20 11:49:00+00:00,357.73,357.68,357.73,500,400,357.7077777777778,1.6396260466393808e-08,1.3201340634871883e-05
2020-11-20 11:50:00+00:00,357.73,357.69,357.75,300,500,357.7125,9.46658152062396e-09,6.28996750184907e-05
2020-11-20 11:51:00+00:00,357.73,357.71,357.77,500,1000,357.73,5.529362731442351e-08,0.0001297848167738369
2020-11-20 11:52:00+00:00,357.73,357.73,357.81,900,500,357.7814285714286,1.5134211301187657e-08,8.20072172493802e-05
2020-11-20 11:53:00+00:00,357.73,357.78,357.83,800,500,357.8107692307692,6.0797864194703e-09,5.0252174548681694e-05
2020-11-20 11:54:00+00:00,357.81,357.81,357.86,300,500,357.82875,1.1617975953284615e-08,1.7466455671799608e-05
2020-11-20 11:55:00+00:00,357.84,357.81,357.86,500,500,357.835,2.3231956067588433e-08,-8.383752288054769e-05
2020-11-20 11:56:00+00:00,357.81,357.78,357.83,500,500,357.805,1.5404391088305586e-08,8.384455220022957e-05
2020-11-20 11:57:00+00:00,357.81,357.81,357.87,500,1000,357.83,8.350715841598718e-09,0.00016499337415387672
2020-11-20 11:58:00+00:00,357.91,357.89,357.91,100,395,357.89404040404037,7.040048962440246e-09,7.25343063281425e-05
2020-11-20 11:59:00+00:00,357.93,357.91,357.93,500,426,357.92079913606915,1.2359603988668312e-07,0.00046099687080891627
2020-11-20 12:00:00+00:00,358.06,358.08,358.12,500,1,358.1199201596806,1.254582229727847e-07,-0.00025133697306500835
2020-11-20 12:01:00+00:00,358.0,357.99,358.0,1000,900,357.9952631578947,8.016425492646952e-08,-8.760914639494022e-05
2020-11-20 12:02:00+00:00,357.96,357.96,358.0,50,500,357.96363636363634,3.678355762267474e-08,0.00010838896005727072
2020-11-20 12:03:00+00:00,358.0,358.0,358.01,549,1705,358.00243566992015,4.2482476600072705e-08,0.0001328603532846362
2020-11-20 12:04:00+00:00,358.04,358.02,358.07,500,500,358.045,5.84570898361449e-08,4.939178624208118e-05
2020-11-20 12:05:00+00:00,358.09,358.1,358.11,300,601,358.10332963374026,3.267501282955692e-08,0.00010713309228527201
2020-11-20 12:06:00+00:00,358.12,358.1,358.13,265,1050,358.10604562737643,1.52125444100589e-08,0.00012239646989686825
2020-11-20 12:07:00+00:00,358.15,358.14,358.15,800,10,358.1498765432099,2.0118637311878616e-08,-7.31323236417003e-05
2020-11-20 12:08:00+00:00,358.15,358.1,358.15,900,1000,358.12368421052633,5.3570264259995215e-08,5.0486734480825746e-05
2020-11-20 12:09:00+00:00,358.15,358.13,358.15,500,350,358.14176470588234,6.615105781597178e-08,-0.0003434804817676884
2020-11-20 12:10:00+00:00,358.03,358.0,358.05,600,1000,358.01875,6.745951627294091e-08,8.465539633739638e-06
2020-11-20 12:11:00+00:00,358.03,358.0,358.03,530,200,358.0217808219178,1.62218406292968e-07,-0.00031166209130206735
2020-11-20 12:12:00+00:00,357.93,357.91,357.95,5,1000,357.91019900497514,8.896784889196807e-08,0.0002509595292186084
2020-11-20 12:13:00+00:00,358.02,357.98,358.02,501,500,358.00001998002,2.678565323006783e-08,3.9848417512811096e-05
2020-11-20 12:14:00+00:00,358.02,358.0,358.03,500,550,358.01428571428573,3.3140995714362865e-08,-1.237525068420453e-06
2020-11-20 12:15:00+00:00,358.0,358.0,358.05,549,1034,358.0173404927353,1.0024926448468026e-08,-6.659704120659526e-05
2020-11-20 12:16:00+00:00,357.98,357.98,358.0,500,500,357.99,7.01800136013055e-08,-0.00030727115282558337
2020-11-20 12:17:00+00:00,357.9,357.88,357.92,500,500,357.9,3.663888656042875e-08,6.985581759244575e-05
2020-11-20 12:18:00+00:00,357.93,357.9,357.95,500,605,357.92262443438915,2.599080049310028e-08,-2.3831496527515483e-05
2020-11-20 12:19:00+00:00,357.88,357.88,357.92,350,500,357.8964705882353,8.052609707939638e-08,-0.0001670983831451034
2020-11-20 12:20:00+00:00,357.8,357.82,357.87,500,1000,357.83666666666664,2.4450528203741378e-08,-4.657618466519242e-05
2020-11-20 12:21:00+00:00,357.78,357.8,357.84,500,500,357.82,3.730140270423953e-08,-4.391673387260653e-05
2020-11-20 12:22:00+00:00,357.78,357.79,357.84,1100,500,357.824375,1.3154310908205069e-08,-2.661737129483477e-06
2020-11-20 12:23:00+00:00,357.81,357.8,357.82,100,500,357.80333333333334,3.2419613428011824e-08,-1.055519257420201e-05
2020-11-20 12:24:00+00:00,357.77,357.77,357.8,1000,15,357.7995566502463,1.099376420355997e-08,4.423696129340904e-05
2020-11-20 12:25:00+00:00,357.83,357.8,357.84,500,700,357.81666666666666,4.996150248409867e-09,6.191418006729066e-06
2020-11-20 12:26:00+00:00,357.83,357.8,357.84,550,700,357.8176,2.7726659459448767e-08,6.7073279792495555e-06
2020-11-20 12:27:00+00:00,357.85,357.8,357.84,500,500,357.82,4.664522658852595e-09,1.3973506232112243e-05
2020-11-20 12:28:00+00:00,357.85,357.81,357.84,1000,1000,357.825,2.653113299985078e-08,0.00019562635366443537
2020-11-20 12:29:00+00:00,357.89,357.87,357.94,500,500,357.905,1.1789623469016383e-08,-5.609292357922069e-05
2020-11-20 12:30:00+00:00,357.89,357.86,357.89,990,1000,357.8749246231156,3.857594075730643e-08,-0.00010690314916372845
2020-11-20 12:31:00+00:00,357.82,357.82,357.87,500,1000,357.83666666666664,6.931898656444267e-08,7.452189546452992e-05
2020-11-20 12:32:00+00:00,357.85,357.85,357.87,500,5,357.869801980198,4.040038395483135e-08,-3.72581711826081e-05
2020-11-20 12:33:00+00:00,357.85,357.82,357.88,500,500,357.85,3.2010951148310325e-09,2.7667989654922565e-07
2020-11-20 12:34:00+00:00,357.85,357.85,357.86,5,500,357.850099009901,3.1945728279650257e-08,4.6297756550961466e-05
2020-11-20 12:35:00+00:00,357.87,357.86,357.87,200,100,357.8666666666667,3.359009274010546e-08,6.5201192250397e-05
2020-11-20 12:36:00+00:00,357.87,357.87,357.91,500,500,357.89,3.951541445527709e-08,8.001442799843161e-05
2020-11-20 12:37:00+00:00,357.87,357.89,357.92,605,5,357.91975409836067,2.7825387026962914e-09,-6.614340583599443e-05
2020-11-20 12:38:00+00:00,357.9,357.89,357.91,165,500,357.89496240601505,2.9292481806219114e-08,-6.974785520097448e-05
2020-11-20 12:39:00+00:00,357.87,357.85,357.89,500,500,357.87,4.197268657915886e-08,-0.0002286254277200639
2020-11-20 12:40:00+00:00,357.8,357.77,357.79,500,50,357.78818181818184,6.816528634776358e-08,-0.0003802220642048493
2020-11-20 12:41:00+00:00,357.65,357.62,357.67,900,500,357.65214285714285,3.8832101126928287e-08,-2.2659994540097372e-05
2020-11-20 12:42:00+00:00,357.65,357.62,357.67,500,540,357.64403846153846,4.0059545663356725e-08,0.00021239425320307426
2020-11-20 12:43:00+00:00,357.65,357.7,357.74,500,500,357.72,7.812940926579591e-08,-1.3977412501531283e-05
2020-11-20 12:44:00+00:00,357.7,357.69,357.74,500,500,357.715,4.311866029340304e-08,5.59104314887815e-05
2020-11-20 12:45:00+00:00,357.7,357.7,357.76,1000,500,357.74,2.7575488832630992e-08,-0.00011913580616673691
2020-11-20 12:46:00+00:00,357.75,357.69,357.74,25,500,357.692380952381,7.593687716375e-08,-0.00010530124798779905
2020-11-20 12:47:00+00:00,357.68,357.65,357.68,500,2581,357.6548685491723,3.9077038836529076e-08,0.0002079531111909283
2020-11-20 12:48:00+00:00,357.72,357.72,357.73,499,50,357.7290892531876,5.5134122290457e-08,-0.00024284255916606767
2020-11-20 12:49:00+00:00,357.68,357.61,357.66,906,500,357.64221906116643,1.726475321619732e-08,-8.068956833540142e-05
2020-11-20 12:50:00+00:00,357.61,357.61,357.64,101,500,357.6150415973378,6.010105674161106e-08,-8.568010937293202e-06
2020-11-20 12:51:00+00:00,357.65,357.61,357.64,1,100,357.61029702970296,3.029048246438203e-08,-6.740844871178098e-07
2020-11-20 12:52:00+00:00,357.65,357.61,357.64,1,535,357.6100559701493,3.3070873292176744e-08,-5.77122876626035e-05
2020-11-20 12:53:00+00:00,357.57,357.57,357.61,495,530,357.5893170731708,5.395726657599093e-08,-0.0002212605915008492
2020-11-20 12:54:00+00:00,357.52,357.51,357.55,5,1000,357.5101990049751,4.284530637244007e-08,0.0002768523942340284
2020-11-20 12:55:00+00:00,357.59,357.54,357.59,500,500,357.565,2.3580275618575765e-08,-3.0159740061375118e-05
2020-11-20 12:56:00+00:00,357.61,357.57,357.6,660,35,357.59848920863317,2.000526372519255e-08,-2.7786433488885542e-05
2020-11-20 12:57:00+00:00,357.57,357.57,357.59,641,50,357.58855282199704,6.253022129931683e-08,-5.4425436028515684e-05
2020-11-20 12:58:00+00:00,357.57,357.56,357.57,1000,100,357.5690909090909,8.120088286391972e-09,1.458515804508842e-05
2020-11-20 12:59:00+00:00,357.56,357.59,357.61,5,1250,357.59007968127486,2.2188821138245488e-08,0.00014025591222321943
2020-11-20 13:00:00+00:00,357.57,357.61,357.65,1317,1620,357.6279366700715,2.223775092042034e-08,5.363339323150029e-05
2020-11-20 13:01:00+00:00,357.65,357.64,357.65,437,714,357.64379669852303,7.490724389213307e-09,-0.00012455897594154663
2020-11-20 13:02:00+00:00,357.59,357.56,357.6,500,50,357.59636363636366,6.25678076499181e-08,2.1185058263206713e-05
2020-11-20 13:03:00+00:00,357.61,357.59,357.64,500,1000,357.6066666666667,8.50231292957674e-08,0.0002769188195852479
2020-11-20 13:04:00+00:00,357.73,357.72,357.75,500,500,357.735,9.200550746963841e-09,0.00011757817097413081
2020-11-20 13:05:00+00:00,357.74,357.74,357.75,1708,495,357.74775306400363,3.1524509917877345e-08,-3.564820154533521e-05
2020-11-20 13:06:00+00:00,357.74,357.71,357.76,900,500,357.7421428571429,1.1205288459343367e-07,0.00011647355351485089
2020-11-20 13:07:00+00:00,357.74,357.76,357.78,500,100,357.77666666666664,5.921643508819225e-08,0.00024223677713286484
2020-11-20 13:08:00+00:00,357.86,357.83,357.88,1000,500,357.86333333333334,1.5259154888902266e-08,-2.8965547650527945e-05
2020-11-20 13:09:00+00:00,357.85,357.85,357.88,55,501,357.8529676258993,3.219049711012618e-08,0.00012821447849709067
2020-11-20 13:10:00+00:00,357.89,357.86,357.9,500,65,357.89539823008846,1.3670068197761256e-07,-0.0002760268087051987
2020-11-20 13:11:00+00:00,357.81,357.8,357.83,1,500,357.8000598802395,4.693046549763701e-08,2.778121323920857e-05
2020-11-20 13:12:00+00:00,357.85,357.79,357.83,500,500,357.81,6.073221706566515e-08,-8.36760285082283e-05
2020-11-20 13:13:00+00:00,357.8,357.78,357.81,1,500,357.7800598802395,1.4220170840936278e-08,-6.195186899127236e-05
2020-11-20 13:14:00+00:00,357.78,357.7,357.8,1100,800,357.7578947368421,1.7436914047731357e-08,-3.4326850462118585e-06
2020-11-20 13:15:00+00:00,357.78,357.75,357.79,100,500,357.75666666666666,5.41098310740728e-08,9.334040978981051e-05
2020-11-20 13:16:00+00:00,357.76,357.77,357.81,503,500,357.7900598205384,4.2455983445207165e-08,-8.071287491007162e-05
2020-11-20 13:17:00+00:00,357.78,357.75,357.79,194,500,357.761181556196,6.258862042430081e-09,-2.339538894824411e-05
2020-11-20 13:18:00+00:00,357.76,357.75,357.76,194,496,357.7528115942029,1.4345742697782341e-08,-8.239840446866431e-05
2020-11-20 13:19:00+00:00,357.72,357.7,357.74,700,500,357.72333333333336,1.6957198867324925e-10,1.933234059503519e-07
2020-11-20 13:20:00+00:00,357.72,357.7,357.74,705,500,357.72340248962655,6.966351577281502e-08,-7.29405678366879e-05
2020-11-20 13:21:00+00:00,357.7,357.69,357.7,500,184,357.6973099415205,4.22208881232978e-08,-2.043610985413835e-05
2020-11-20 13:22:00+00:00,357.75,357.67,357.73,500,169,357.7148430493274,4.783842691231758e-08,1.960278103951829e-05
2020-11-20 13:23:00+00:00,357.7,357.67,357.7,461,51,357.69701171875,1.0486330633345608e-08,0.00021152892377118704
2020-11-20 13:24:00+00:00,357.82,357.77,357.81,500,500,357.79,2.8737667083978356e-08,-1.4245099458576327e-05
2020-11-20 13:25:00+00:00,357.8,357.76,357.79,169,500,357.76757847533634,5.55273054824474e-08,-0.00021910512465095344
2020-11-20 13:26:00+00:00,357.69,357.67,357.69,900,38,357.6891897654584,2.4683148053612038e-08,-0.0001706634734008894
2020-11-20 13:27:00+00:00,357.63,357.61,357.63,169,40,357.6261722488038,6.799533622076567e-08,-0.00033381388619690977
2020-11-20 13:28:00+00:00,357.5,357.48,357.52,500,500,357.5,6.143224803354203e-08,-2.1347643021973894e-05
2020-11-20 13:29:00+00:00,357.48,357.5,357.52,30,500,357.50113207547173,9.195345544780144e-08,-7.162625990653204e-06
2020-11-20 13:30:00+00:00,357.47,357.49,357.52,200,500,357.49857142857144,3.4331031631166976e-08,0.0001036467678192654
2020-11-20 13:31:00+00:00,357.56,357.52,357.57,500,1100,357.535625,1.569565883090834e-07,-0.00023349321583587823
2020-11-20 13:32:00+00:00,357.45,357.36,357.45,200,500,357.3857142857143,8.393863807878047e-08,2.616125240129108e-05
2020-11-20 13:33:00+00:00,357.47,357.47,357.51,500,500,357.49,6.972524389714095e-08,0.00016367006815309892
2020-11-20 13:34:00+00:00,357.49,357.48,357.52,104,500,357.48688741721855,3.5245308548491256e-08,-2.0907781102641465e-05
2020-11-20 13:35:00+00:00,357.47,357.5,357.55,500,1496,357.5125250501002,1.1335709220437524e-07,-4.158295244871546e-05
2020-11-20 13:36:00+00:00,357.51,357.47,357.52,619,1000,357.4891167387276,3.093453564058416e-08,-1.8093700585808392e-05
2020-11-20 13:37:00+00:00,357.5,357.48,357.53,173,600,357.49119016817593,4.011159137919181e-09,-2.022940716150945e-05
2020-11-20 13:38:00+00:00,357.5,357.48,357.51,76,500,357.48395833333336,5.177614315857653e-09,4.172910321953438e-06
2020-11-20 13:39:00+00:00,357.5,357.48,357.51,111,500,357.48545008183305,2.6190806330481555e-08,-0.0001467950901165027
2020-11-20 13:40:00+00:00,357.43,357.43,357.46,55,500,357.43297297297295,6.701943509926685e-08,-0.00034293683749830883
2020-11-20 13:41:00+00:00,357.41,357.31,357.35,5,500,357.310396039604,1.4968484662975485e-08,3.452516626967217e-05
2020-11-20 13:42:00+00:00,357.29,357.32,357.35,600,498,357.3363934426229,1.9382827597127242e-08,-9.022778079681437e-06
2020-11-20 13:43:00+00:00,357.29,357.27,357.31,500,10,357.3092156862745,4.642741980445424e-08,-5.05901908063322e-05
2020-11-20 13:44:00+00:00,357.3,357.29,357.31,64,443,357.29252465483233,9.335301647471004e-08,5.058366490362509e-05
2020-11-20 13:45:00+00:00,357.25,357.27,357.32,500,505,357.2948756218905,8.185863566178683e-08,-0.00013433236497306655
2020-11-20 13:46:00+00:00,357.29,357.25,357.29,500,430,357.27150537634407,2.2943329850365084e-08,-5.619481154639505e-05
2020-11-20 13:47:00+00:00,357.26,357.24,357.28,400,1000,357.25142857142856,2.0006008306343246e-08,0.0001336714261432892
2020-11-20 13:48:00+00:00,357.3,357.29,357.3,500,14,357.2997276264591,2.980745983488036e-08,5.026593573687066e-05
2020-11-20 13:49:00+00:00,357.3,357.3,357.36,240,600,357.31714285714287,3.223072030290097e-08,0.00021171312758827554
2020-11-20 13:50:00+00:00,357.41,357.39,357.41,73,450,357.3927915869981,3.665260494200877e-08,-6.4460788642417555e-06
2020-11-20 13:51:00+00:00,357.38,357.37,357.4,25,400,357.37176470588236,1.611335357938946e-08,-0.00010801141251481905
2020-11-20 13:52:00+00:00,357.36,357.35,357.36,201,865,357.3518855534709,3.4879097819129504e-08,-7.824399401668014e-05
2020-11-20 13:53:00+00:00,357.34,357.31,357.34,500,471,357.32544799176105,2.447267749879971e-08,-0.00019888892644293055
2020-11-20 13:54:00+00:00,357.26,357.25,357.26,200,500,357.2528571428571,4.215744809735729e-08,-2.133201241727445e-05
2020-11-20 13:55:00+00:00,357.25,357.23,357.26,516,500,357.24523622047246,7.594531046610248e-08,-8.463715511608516e-05
2020-11-20 13:56:00+00:00,357.19,357.19,357.24,500,500,357.215,3.228131619746051e-08,-5.598869028455855e-05
2020-11-20 13:57:00+00:00,357.18,357.18,357.22,21,500,357.1816122840691,3.410211281079472e-08,4.199386889514045e-05
2020-11-20 13:58:00+00:00,357.24,357.2,357.24,700,500,357.22333333333336,2.4996958671650982e-08,-9.905830011647243e-05
2020-11-20 13:59:00+00:00,357.18,357.15,357.19,800,500,357.1746153846154,9.461308652357895e-08,-0.00043112014572488366
2020-11-20 14:00:00+00:00,357.05,357.02,357.05,600,46503,357.02038214126486,7.816785168599349e-08,-7.178916346173292e-05
2020-11-20 14:01:00+00:00,356.94,356.97,357.01,500,500,356.99,6.624906158750524e-08,3.109762017761142e-05
2020-11-20 14:02:00+00:00,357.03,357.0,357.04,90,500,357.0061016949153,9.815762164047903e-08,0.00016513579062138461
2020-11-20 14:03:00+00:00,357.06,357.06,357.09,195,962,357.0650561797753,4.4829304875785734e-08,0.00016787926790162722
2020-11-20 14:04:00+00:00,357.11,357.1,357.15,500,500,357.125,1.1736863792322067e-07,0.0003273302351249896
2020-11-20 14:05:00+00:00,357.27,357.22,357.27,500,1000,357.2366666666667,8.872030694438926e-08,0.0001486449100918108
2020-11-20 14:06:00+00:00,357.24,357.27,357.32,500,500,357.295,3.326394322704936e-08,2.6139807837832763e-05
2020-11-20 14:07:00+00:00,357.31,357.28,357.31,430,100,357.30433962264146,4.5845274288934346e-08,7.186313971940805e-05
2020-11-20 14:08:00+00:00,357.35,357.33,357.35,3,3604,357.33001663432213,4.965226395453431e-08,-9.799522204134714e-05
2020-11-20 14:09:00+00:00,357.27,357.27,357.32,500,500,357.295,9.385102839642516e-08,-0.00013994038539588693
2020-11-20 14:10:00+00:00,357.18,357.25,357.29,500,500,357.27,7.025518325741565e-08,0.0002616174850915698
2020-11-20 14:11:00+00:00,357.31,357.3,357.34,500,20,357.33846153846156,3.313784278928769e-08,0.00022818271838809245
2020-11-20 14:12:00+00:00,357.47,357.4,357.44,500,500,357.42,3.355659438227627e-08,-5.7877833582242744e-05
2020-11-20 14:13:00+00:00,357.41,357.38,357.41,900,498,357.39931330472103,3.049851055552706e-08,5.788118361982342e-05
2020-11-20 14:14:00+00:00,357.43,357.41,357.45,500,100,357.4433333333333,1.538735656724397e-07,0.0007212181125224593
2020-11-20 14:15:00+00:00,357.71,357.64,357.68,500,400,357.6622222222222,7.717920852361272e-08,6.0484570952423766e-05
2020-11-20 14:16:00+00:00,357.65,357.65,357.71,2800,600,357.69941176470587,8.968865857082124e-08,-2.6479341687091207e-05
2020-11-20 14:17:00+00:00,357.66,357.66,357.69,1000,2,357.6899401197605,2.763536991538605e-08,-2.7810049385568192e-05
2020-11-20 14:18:00+00:00,357.68,357.65,357.68,12402,3,357.679992744861,3.493319244640546e-08,-0.0003483143968853186
2020-11-20 14:19:00+00:00,357.56,357.55,357.56,1300,1104,357.55540765391015,5.1259799845502685e-08,-0.00011710050292834673
2020-11-20 14:20:00+00:00,357.52,357.48,357.52,411,200,357.50690671031094,5.437731451609223e-08,0.00020407721698934012
2020-11-20 14:21:00+00:00,357.58,357.56,357.58,1572,46,357.57943139678616,4.246769480956314e-08,0.00029864363851794806
2020-11-20 14:22:00+00:00,357.69,357.68,357.7,200,101,357.69328903654485,3.8831882857131005e-08,0.00024331891810058792
2020-11-20 14:23:00+00:00,357.78,357.76,357.79,500,600,357.77363636363634,3.9202752304551594e-08,-0.00029554237792916993
2020-11-20 14:24:00+00:00,357.75,357.66,357.73,500,1900,357.6745833333333,1.0237859377278768e-07,-0.0001864950672002541
2020-11-20 14:25:00+00:00,357.62,357.6,357.62,1000,32,357.61937984496126,5.031361294266129e-08,-0.000336222640375361
2020-11-20 14:26:00+00:00,357.49,357.48,357.49,2500,771,357.48764292265366,1.921603864424458e-07,0.0005753776801851185
2020-11-20 14:27:00+00:00,357.71,357.66,357.7,500,600,357.6781818181818,9.139755211429484e-08,-0.0002888880605360633
2020-11-20 14:28:00+00:00,357.63,357.54,357.61,2900,500,357.59970588235296,1.9637992495940775e-07,0.00025218835183671295
2020-11-20 14:29:00+00:00,357.66,357.66,357.68,411,300,357.67156118143464,1.1031605886035191e-07,-0.0005627685152302941
2020-11-20 14:30:00+00:00,357.48,357.48,357.5,5100,13900,357.4853684210526,3.5686367836291675e-07,-0.00036987421168610535
2020-11-20 14:31:00+00:00,357.38,357.37,357.39,300,100,357.385,3.461695743337574e-07,4.320341542629613e-05
2020-11-20 14:32:00+00:00,357.365,357.36,357.38,200,700,357.3644444444444,2.479213148800236e-07,-9.00478936387561e-05
2020-11-20 14:33:00+00:00,357.37,357.36,357.38,300,400,357.36857142857144,1.952319926049898e-07,9.815702290416617e-05
2020-11-20 14:34:00+00:00,357.37,357.35,357.36,300,100,357.3575,2.556923816283653e-07,-9.39415683446354e-05
2020-11-20 14:35:00+00:00,357.34,357.31,357.33,400,300,357.32142857142856,2.720866941569599e-07,-0.0008085730734170848
2020-11-20 14:36:00+00:00,357.06,357.04,357.06,300,500,357.0475,1.8266493363344212e-07,0.0003795066413661008
2020-11-20 14:37:00+00:00,357.17,357.16,357.18,200,400,357.1666666666667,1.869262876553132e-07,0.00010825601427488785
2020-11-20 14:38:00+00:00,357.21,357.22,357.23,100,301,357.222493765586,1.590990154520823e-07,0.00012130826295897457
2020-11-20 14:39:00+00:00,357.25,357.24,357.25,420,300,357.24583333333334,7.068888306055661e-08,0.00015861464106436962
2020-11-20 14:40:00+00:00,357.32,357.31,357.33,400,500,357.31888888888886,1.243274012872783e-07,-0.00015299221045761424
2020-11-20 14:41:00+00:00,357.27,357.26,357.28,500,500,357.27,1.6213546230473161e-07,0.0003974674048736748
2020-11-20 14:42:00+00:00,357.4,357.39,357.41,500,400,357.4011111111111,7.643146373000088e-08,0.00014735891782602373
2020-11-20 14:43:00+00:00,357.44,357.45,357.47,200,1200,357.45285714285717,1.438647832055556e-07,0.0004499379878213361
2020-11-20 14:44:00+00:00,357.61,357.6,357.62,300,200,357.612,9.519775590671508e-08,6.757685702352134e-05
2020-11-20 14:45:00+00:00,357.63,357.62,357.64,500,200,357.63428571428574,1.233691089294736e-07,-0.00040827723042857755
2020-11-20 14:46:00+00:00,357.505,357.49,357.5,200,500,357.49285714285713,8.203321012735871e-08,0.00015203061220137037
2020-11-20 14:47:00+00:00,357.52,357.52,357.54,400,600,357.528,1.4018332902126072e-07,-0.00042351719040301106
2020-11-20 14:48:00+00:00,357.4,357.38,357.4,400,600,357.388,4.609297348364874e-08,0.00011191986537650855
2020-11-20 14:49:00+00:00,357.44,357.45,357.46,300,100,357.4575,5.5880266231686004e-08,9.374416201213265e-05
2020-11-20 14:50:00+00:00,357.47,357.47,357.48,200,300,357.474,1.3315985226806854e-07,-0.00048437527449951556
2020-11-20 14:51:00+00:00,357.3,357.28,357.3,700,500,357.2916666666667,4.9223945910817324e-08,-0.00023209857292361136
2020-11-20 14:52:00+00:00,357.21,357.21,357.22,300,500,357.21375,6.276916199753154e-08,-0.0002647457800643016
2020-11-20 14:53:00+00:00,357.13,357.11,357.12,300,300,357.115,5.350230539917609e-08,-2.5539993938061833e-05
2020-11-20 14:54:00+00:00,357.11,357.1,357.12,400,700,357.10727272727274,2.8830885834578585e-07,-0.0005291734698126271
2020-11-20 14:55:00+00:00,356.93,356.91,356.92,100,200,356.91333333333336,1.27637819948402e-07,-0.00047363298246705376
2020-11-20 14:56:00+00:00,356.73,356.72,356.73,300,200,356.726,1.4109188829507173e-07,-0.0003483705073539234
2020-11-20 14:57:00+00:00,356.62,356.62,356.64,500,400,356.6311111111111,7.755672580268368e-08,-7.117913631671247e-05
2020-11-20 14:58:00+00:00,356.615,356.6,356.62,400,410,356.60987654320985,1.1234010306162959e-07,0.0006881139637522349
2020-11-20 14:59:00+00:00,356.86,356.84,356.85,100,500,356.84166666666664,8.201474476464554e-08,0.0004554620865058201
2020-11-20 15:00:00+00:00,357.03,357.03,357.04,300,500,357.03375,1.0914687204267433e-07,0.00019598290880096236
2020-11-20 15:01:00+00:00,357.082,357.07,357.09,300,600,357.07666666666665,8.383961135489768e-08,0.00020770176826556686
2020-11-20 15:02:00+00:00,357.16,357.15,357.17,400,900,357.15615384615387,1.706569736820167e-07,-0.00047646642511645076
2020-11-20 15:03:00+00:00,356.99,356.99,357.0,400,32,356.99925925925925,2.9000443424213423e-07,-0.00035433695334241566
2020-11-20 15:04:00+00:00,356.84,356.86,356.87,400,200,356.8666666666667,2.0526120033044903e-07,4.203329036589487e-05
2020-11-20 15:05:00+00:00,356.86,356.86,356.88,300,1694,356.8630090270812,5.52205787174645e-08,-6.071220081727002e-05
2020-11-20 15:06:00+00:00,356.86,356.85,356.86,500,201,356.8571326676177,8.9305498229652e-08,0.0005697952473471268
2020-11-20 15:07:00+00:00,357.08,357.07,357.08,1100,5,357.0799547511312,1.2116701987800614e-07,-0.00025935425749412655
2020-11-20 15:08:00+00:00,356.95,356.95,356.96,406,2500,356.9513971094288,9.214699445272401e-08,-2.538770972226878e-05
2020-11-20 15:09:00+00:00,356.96,356.93,356.95,400,1400,356.93444444444447,1.4146537091417605e-07,0.0001774266597562857
2020-11-20 15:10:00+00:00,357.03,357.01,357.03,500,700,357.0183333333333,1.4986063420875822e-07,-0.00027367875599293434
2020-11-20 15:11:00+00:00,356.875,356.88,356.89,200,100,356.88666666666666,2.45911573529991e-07,-0.0005452893062707354
2020-11-20 15:12:00+00:00,356.72,356.72,356.73,300,700,356.723,3.8111525417858594e-07,-0.0007958341607904318
2020-11-20 15:13:00+00:00,356.39,356.38,356.4,400,300,356.39142857142855,1.9707307364573904e-07,-0.00023289716013119577
2020-11-20 15:14:00+00:00,356.37,356.38,356.4,400,1000,356.3857142857143,4.867267192429072e-08,0.00011947431302261613
2020-11-20 15:15:00+00:00,356.39,356.39,356.41,900,700,356.40125,1.606594932776086e-07,-0.00024640881632753686
2020-11-20 15:16:00+00:00,356.33,356.32,356.33,100,500,356.32166666666666,1.2734042301732818e-07,-0.0001226855912860314
2020-11-20 15:17:00+00:00,356.28,356.27,356.28,8,1100,356.27007220216603,1.4501320764626228e-07,3.828034599973051e-06
2020-11-20 15:18:00+00:00,356.27,356.27,356.28,711,1200,356.2737205651491,4.409434578595751e-08,-0.00013477680108930912
2020-11-20 15:19:00+00:00,356.23,356.22,356.24,400,3300,356.22216216216214,4.551474263467775e-08,0.00017639917759182389
2020-11-20 15:20:00+00:00,356.28,356.27,356.29,500,3400,356.2725641025641,3.3924342211613265e-08,0.0002465738180212895
2020-11-20 15:21:00+00:00,356.38,356.37,356.38,200,1300,356.3713333333333,1.6857409464368157e-07,0.0003587053868943091
2020-11-20 15:22:00+00:00,356.53,356.53,356.54,200,3001,356.5306248047485,1.1843121223799901e-07,0.00042716650758123365
2020-11-20 15:23:00+00:00,356.662,356.66,356.68,600,1248,356.6664935064935,7.230813673280333e-08,0.0005300068172817696
2020-11-20 15:24:00+00:00,356.85,356.84,356.86,300,710,356.8459405940594,4.339380494019647e-08,-0.00014945370652241774
2020-11-20 15:25:00+00:00,356.8,356.79,356.81,300,1600,356.79315789473685,5.5990978322414635e-08,-1.5489779907396084e-05
2020-11-20 15:26:00+00:00,356.78,356.78,356.79,377,500,356.7842987457241,3.810674540888654e-08,-1.9498502856873934e-05
2020-11-20 15:27:00+00:00,356.78,356.76,356.78,600,500,356.7709090909091,2.603317596944501e-08,-0.00010510752499792719
2020-11-20 15:28:00+00:00,356.74,356.74,356.75,100,601,356.74142653352357,6.679471187402625e-08,6.006775642908302e-05
2020-11-20 15:29:00+00:00,356.76,356.76,356.78,200,1500,356.76235294117646,3.571815050341546e-08,6.451334469659287e-05
2020-11-20 15:30:00+00:00,356.76,356.79,356.8,600,700,356.7946153846154,9.530763473245672e-08,-0.000176661337871864
2020-11-20 15:31:00+00:00,356.73,356.72,356.73,200,1314,356.72132100396306,1.777048460640943e-07,-0.001162665720969902
2020-11-20 15:32:00+00:00,356.3,356.3,356.32,400,600,356.308,9.905357366737964e-08,0.000185768278796683
2020-11-20 15:33:00+00:00,356.4,356.38,356.4,300,500,356.3875,1.5475395494075818e-07,0.0008758884154236313
2020-11-20 15:34:00+00:00,356.7,356.69,356.71,300,800,356.69545454545454,1.1281583500759423e-07,-0.0003130680198681901
2020-11-20 15:35:00+00:00,356.57,356.56,356.58,700,801,356.56932711525656,5.7338404382775383e-08,0.00014472461467951447
2020-11-20 15:36:00+00:00,356.64,356.63,356.65,400,1500,356.63421052631577,7.049639224173582e-08,0.000390143910924845
2020-11-20 15:37:00+00:00,356.76,356.76,356.77,100,391,356.7620366598778,7.220240588489483e-08,0.000517143184006752
2020-11-20 15:38:00+00:00,356.93,356.93,356.94,300,375,356.93444444444447,6.546011024680766e-08,0.0004910363545460594
2020-11-20 15:39:00+00:00,357.12,357.11,357.12,500,20,357.11961538461543,3.465935053506758e-08,-3.1770921959828335e-05
2020-11-20 15:40:00+00:00,357.11,357.1,357.12,300,500,357.1075,3.186435323038704e-08,-9.100773565762221e-05
2020-11-20 15:41:00+00:00,357.095,357.07,357.08,100,1000,357.0709090909091,4.696722283420705e-08,-0.0005433708010462723
2020-11-20 15:42:00+00:00,356.89,356.88,356.9,460,1000,356.886301369863,7.521945594186231e-08,6.987087871879183e-05
2020-11-20 15:43:00+00:00,356.91,356.89,356.91,500,1100,356.89625,6.359197028760148e-08,-7.259260013969815e-05
2020-11-20 15:44:00+00:00,356.91,356.91,356.92,300,400,356.9142857142857,5.0710539178966566e-08,-0.00010345931300859146
2020-11-20 15:45:00+00:00,356.84,356.84,356.85,320,500,356.8439024390244,1.5495253724453416e-07,-0.00022813701873425352
2020-11-20 15:46:00+00:00,356.77,356.76,356.78,500,600,356.7690909090909,6.254009752088905e-08,-0.0004263193429507872
2020-11-20 15:47:00+00:00,356.62,356.62,356.63,118,900,356.6211591355599,5.5863090103203604e-08,4.036677887087059e-05
2020-11-20 15:48:00+00:00,356.63,356.63,356.65,500,943,356.63693000692996,6.998633408628323e-08,7.705186583262247e-05
2020-11-20 15:49:00+00:00,356.7,356.65,356.66,725,700,356.65508771929825,3.8304220161478785e-08,0.000112728852736943
2020-11-20 15:50:00+00:00,356.72,356.7,356.72,400,500,356.7088888888889,3.7548195402784316e-08,0.0002706426729008893
2020-11-20 15:51:00+00:00,356.8,356.79,356.8,500,855,356.7936900369004,1.586234596873537e-07,0.0005509055237640226
2020-11-20 15:52:00+00:00,356.99,356.98,356.99,300,400,356.9842857142857,5.2342225474877304e-08,-0.00029267908055530256
2020-11-20 15:53:00+00:00,356.88,356.88,356.89,200,300,356.884,7.337347519083228e-08,-0.0004469496213594937
2020-11-20 15:54:00+00:00,356.73,356.72,356.73,125,400,356.72238095238095,4.977249156974303e-08,0.00013524836622891279
2020-11-20 15:55:00+00:00,356.78,356.78,356.79,100,2400,356.78039999999993,1.3583706729632908e-07,-0.0003022814270270402
2020-11-20 15:56:00+00:00,356.67,356.66,356.68,500,300,356.6725,8.295453962043244e-08,0.0004899686804331616
2020-11-20 15:57:00+00:00,356.85,356.85,356.86,100,1100,356.85083333333336,4.046926242327401e-08,-0.00020805468866103016
2020-11-20 15:58:00+00:00,356.76,356.76,356.77,500,200,356.76714285714286,5.3808050845766445e-08,5.605904886496482e-05
2020-11-20 15:59:00+00:00,356.78,356.78,356.8,300,500,356.7875,5.7203505469211226e-08,0.00022555829013470863
2020-11-20 16:00:00+00:00,356.85,356.85,356.87,300,300,356.86,7.362363288394372e-08,0.00012009271157342738
2020-11-20 16:01:00+00:00,356.92,356.91,356.92,300,1,356.91996677740866,2.4870531822289703e-08,0.0002456622815119047
2020-11-20 16:02:00+00:00,357.0,356.99,357.0,402,300,356.9957264957265,3.274345507600489e-08,-0.00013542382587061752
2020-11-20 16:03:00+00:00,356.95,356.94,356.95,700,200,356.9477777777778,1.821769639438012e-08,0.00010459000717188971
2020-11-20 16:04:00+00:00,356.99,356.98,357.0,400,1100,356.98533333333336,2.7541397854281732e-08,0.00020853564403289226
2020-11-20 16:05:00+00:00,357.055,357.05,357.06,200,300,357.054,9.536686551811212e-08,-8.190261977514268e-07
2020-11-20 16:06:00+00:00,357.06,357.05,357.06,707,100,357.05876084262707,7.428824820440282e-08,-0.00011855040415353901
2020-11-20 16:07:00+00:00,357.035,357.03,357.05,400,532,357.0385836909871,4.1018410458165424e-08,0.00014510495927244627
2020-11-20 16:08:00+00:00,357.07,357.06,357.07,1177,101,357.06920970266043,1.6924790728199568e-07,0.0006032546918492976
2020-11-20 16:09:00+00:00,357.28,357.3,357.31,400,400,357.305,1.4511980106002598e-07,-1.954872239640082e-06
2020-11-20 16:10:00+00:00,357.285,357.28,357.29,500,300,357.28625,4.36052065604958e-08,-1.0692547012469689e-05
2020-11-20 16:11:00+00:00,357.28,357.27,357.3,707,1000,357.2824253075571,3.7467502556897265e-08,4.331488683062545e-06
2020-11-20 16:12:00+00:00,357.27,357.28,357.29,300,100,357.2875,3.892071906506848e-08,-0.0002502050409107781
2020-11-20 16:13:00+00:00,357.19,357.19,357.2,3,600,357.1900497512438,3.8314011290419124e-08,5.7858489333595386e-05
2020-11-20 16:14:00+00:00,357.21,357.2,357.21,300,300,357.205,3.104949701026785e-08,-0.00023224754866346675
2020-11-20 16:15:00+00:00,357.15,357.13,357.15,404,600,357.1380478087649,5.753366487661849e-08,0.00037977304717973226
2020-11-20 16:16:00+00:00,357.26,357.24,357.26,600,500,357.2509090909091,4.597553489977898e-08,-0.00021120883222014442
2020-11-20 16:17:00+00:00,357.2,357.19,357.2,800,100,357.1988888888889,5.49101752900842e-08,-9.437183888938439e-05
2020-11-20 16:18:00+00:00,357.16,357.15,357.16,400,100,357.158,4.537063961643547e-08,-0.0001231125994423099
2020-11-20 16:19:00+00:00,357.13,357.13,357.14,300,200,357.136,5.844652270304146e-08,-0.0002136100390226492
2020-11-20 16:20:00+00:00,357.04,357.03,357.05,400,500,357.0388888888889,1.3757549121784263e-07,4.692402083672498e-05
2020-11-20 16:21:00+00:00,357.06,357.05,357.07,300,300,357.06,4.664533725790977e-08,-7.841951077414144e-05
2020-11-20 16:22:00+00:00,357.03,357.03,357.04,520,200,357.0372222222222,5.810772719957676e-08,0.00022727436417180336
2020-11-20 16:23:00+00:00,357.09,357.09,357.12,600,400,357.108,5.540548995766556e-08,0.00010401040104013326
2020-11-20 16:24:00+00:00,357.14,357.14,357.15,200,300,357.144,6.31533136847138e-08,0.0003631593865232041
2020-11-20 16:25:00+00:00,357.27,357.27,357.28,300,702,357.27299401197604,7.313408123718306e-08,9.520420558328802e-05
2020-11-20 16:26:00+00:00,357.31,357.3,357.31,400,100,357.308,3.4633546417906904e-08,-0.000148401730798553
2020-11-20 16:27:00+00:00,357.25,357.25,357.26,400,300,357.2557142857143,4.082356891707924e-08,-2.4087691496199604e-05
2020-11-20 16:28:00+00:00,357.25,357.24,357.25,400,100,357.248,7.487919905240965e-08,0.00034224822796935506
2020-11-20 16:29:00+00:00,357.37,357.36,357.37,304,294,357.36508361204017,7.499345826965229e-08,-0.0001267683442062184
2020-11-20 16:30:00+00:00,357.3,357.31,357.33,510,200,357.3243661971831,3.459392778304683e-08,0.0
2020-11-20 16:31:00+00:00,357.32,357.32,357.34,400,520,357.32869565217396,2.69957343413694e-08,0.00025453804011044134
2020-11-20 16:32:00+00:00,357.42,357.41,357.43,600,400,357.422,1.4143233657959052e-07,-0.00010711858987177969
2020-11-20 16:33:00+00:00,357.36,357.36,357.37,200,400,357.36333333333334,5.719284380966987e-08,-0.00014970227435529004
2020-11-20 16:34:00+00:00,357.33,357.33,357.34,1100,100,357.33916666666664,5.625774346870523e-08,0.00028219139106377966
2020-11-20 16:35:00+00:00,357.41,357.4,357.42,1300,300,357.41625,1.9120361618657126e-08,6.061906049770194e-05
2020-11-20 16:36:00+00:00,357.43,357.44,357.45,300,300,357.445,6.032848427314095e-08,0.0002617785353591362
2020-11-20 16:37:00+00:00,357.53,357.52,357.54,500,300,357.5325,4.8371152568623136e-08,-0.00044910239454676315
2020-11-20 16:38:00+00:00,357.36,357.37,357.39,600,300,357.3833333333333,4.578745081910952e-08,0.00036136207920711705
2020-11-20 16:39:00+00:00,357.49,357.5,357.52,459,500,357.5095724713243,2.510702683089518e-08,-0.00012069370923339928
2020-11-20 16:40:00+00:00,357.46,357.46,357.47,299,1000,357.4623017705928,2.3645826576508457e-08,-8.950270385699177e-05
2020-11-20 16:41:00+00:00,357.43,357.42,357.43,100,300,357.4225,4.83538535916363e-08,-0.0001286958078738909
2020-11-20 16:42:00+00:00,357.37,357.36,357.38,310,800,357.36558558558556,5.614487203493053e-08,-0.0001452644842208084
2020-11-20 16:43:00+00:00,357.33,357.32,357.34,400,200,357.3333333333333,2.2584344000851493e-08,-7.503280804166401e-05
2020-11-20 16:44:00+00:00,357.32,357.31,357.32,100,600,357.31142857142856,2.834494153623676e-08,-0.000286231865621156
2020-11-20 16:45:00+00:00,357.2,357.19,357.21,400,200,357.2033333333333,7.543361176382867e-08,2.199617266596121e-05
2020-11-20 16:46:00+00:00,357.21,357.2,357.22,300,300,357.21,1.7531496994486448e-07,-8.638306891850522e-05
2020-11-20 16:47:00+00:00,357.052,357.05,357.07,250,239,357.06022494887526,1.965579679988089e-07,-0.00020557746870941696
2020-11-20 16:48:00+00:00,357.11,357.1,357.11,500,200,357.10714285714283,5.640694498256977e-07,-0.0008528818766603274
2020-11-20 16:49:00+00:00,356.83,356.83,356.85,100,800,356.83222222222224,2.735854450531336e-07,-0.0008006263009009418
2020-11-20 16:50:00+00:00,356.525,356.51,356.52,300,100,356.5175,1.5886782790422718e-07,0.0006685023210588614
2020-11-20 16:51:00+00:00,356.81,356.8,356.82,200,100,356.81333333333333,1.4848854212169696e-07,0.0001254690071530451
2020-11-20 16:52:00+00:00,356.8,356.79,356.8,200,100,356.7966666666667,4.7746206044213785e-08,-6.0057414888681215e-05
2020-11-20 16:53:00+00:00,356.79,356.79,356.8,200,400,356.79333333333335,4.729577665309139e-08,-0.0001233252985032296
2020-11-20 16:54:00+00:00,356.74,356.73,356.74,300,200,356.736,4.003084885363824e-08,6.167025475423138e-05
2020-11-20 16:55:00+00:00,356.75,356.76,356.77,100,200,356.7633333333333,4.943349657923353e-08,0.000271892991888123
2020-11-20 16:56:00+00:00,356.87,356.86,356.88,700,300,356.874,4.226426814607181e-08,-3.405606148887408e-05
2020-11-20 16:57:00+00:00,356.84,356.84,356.85,299,300,356.8449916527546,4.6054099911956823e-08,6.675135201561488e-05
2020-11-20 16:58:00+00:00,356.86,356.86,356.87,300,300,356.865,2.6848435166498275e-08,-5.082537460809888e-05
2020-11-20 16:59:00+00:00,356.84,356.83,356.85,100,1100,356.83166666666665,1.4363826838547305e-08,7.986888001476622e-05
2020-11-20 17:00:00+00:00,356.88,356.87,356.88,200,200,356.875,9.849463470044335e-08,-0.00036155276516847135
2020-11-20 17:01:00+00:00,356.75,356.75,356.77,300,200,356.762,6.108489261519217e-08,0.00026722878147400486
2020-11-20 17:02:00+00:00,356.85,356.85,356.86,200,36,356.8584745762712,9.783767790702805e-08,0.00039232903328279
2020-11-20 17:03:00+00:00,356.99,356.98,356.99,200,300,356.984,2.2463770242263078e-08,-0.0002458876075758232
2020-11-20 17:04:00+00:00,356.9,356.91,356.93,200,200,356.92,3.967016179438207e-08,5.3958116670305145e-06
2020-11-20 17:05:00+00:00,356.895,356.89,356.9,500,101,356.8983194675541,4.492094534924428e-08,0.0002760420244038997
2020-11-20 17:06:00+00:00,356.98,356.97,356.98,100,200,356.97333333333336,2.2611668815859208e-08,-0.0002524332123016171
2020-11-20 17:07:00+00:00,356.92,356.91,356.93,804,200,356.926015936255,3.402631406673897e-08,-2.208524244307064e-05
2020-11-20 17:08:00+00:00,356.9,356.89,356.91,300,200,356.902,1.791274310478149e-08,8.565872762367199e-05
2020-11-20 17:09:00+00:00,356.93,356.93,356.95,600,196,356.94507537688446,2.7597721736433096e-08,-0.00022368350587820274
2020-11-20 17:10:00+00:00,356.855,356.85,356.87,910,200,356.8663963963964,7.008752668191928e-08,-0.00025799651040314675
2020-11-20 17:11:00+00:00,356.75,356.75,356.77,200,200,356.76,6.473255931680134e-08,0.00033505564016578226
2020-11-20 17:12:00+00:00,356.87,356.87,356.88,210,190,356.87525,4.0496107448684064e-08,-0.0002735642540148131
2020-11-20 17:13:00+00:00,356.78,356.76,356.78,300,100,356.775,4.6436616822856844e-08,0.00014414702997056494
2020-11-20 17:14:00+00:00,356.84,356.83,356.85,700,300,356.844,2.5492102469639178e-08,-0.00010509206064501786
2020-11-20 17:15:00+00:00,356.79,356.78,356.8,200,200,356.79,3.8966500833358805e-08,-0.000327681816222003
2020-11-20 17:16:00+00:00,356.69,356.68,356.7,700,200,356.69555555555553,5.1633263879201675e-08,-5.3042371509270936e-05
2020-11-20 17:17:00+00:00,356.65,356.65,356.66,200,200,356.655,3.071688493787815e-08,0.00019532074896688734
2020-11-20 17:18:00+00:00,356.72,356.72,356.73,500,74,356.72871080139373,2.4417510309526115e-08,-3.179351179438683e-05
2020-11-20 17:19:00+00:00,356.71,356.7,356.72,3000,201,356.7187441424555,2.8793137973372215e-08,-0.00012603631110297275
2020-11-20 17:20:00+00:00,356.67,356.66,356.67,200,200,356.665,2.592706683131974e-08,0.0003013191504386281
2020-11-20 17:21:00+00:00,356.78,356.77,356.78,300,700,356.773,3.178078560477684e-08,-0.00013714029452116527
2020-11-20 17:22:00+00:00,356.73,356.72,356.74,300,400,356.72857142857146,6.134352507414461e-08,-3.337204490561074e-05
2020-11-20 17:23:00+00:00,356.73,356.73,356.75,200,300,356.738,3.594277904310512e-08,7.101808157750078e-05
2020-11-20 17:24:00+00:00,356.74,356.73,356.75,300,200,356.742,2.061340831516577e-08,0.00013735416631610597
2020-11-20 17:25:00+00:00,356.79,356.78,356.79,100,200,356.78333333333336,2.4374475942291e-08,0.00020139841772115474
2020-11-20 17:26:00+00:00,356.86,356.86,356.87,100,500,356.8616666666667,1.9642658887178503e-08,0.00012276291279045282
2020-11-20 17:27:00+00:00,356.9,356.9,356.91,100,200,356.9033333333333,2.1624488511306054e-08,-5.773515187756928e-05
2020-11-20 17:28:00+00:00,356.89,356.88,356.89,300,300,356.885,2.119612032498658e-08,5.3033523022216755e-05
2020-11-20 17:29:00+00:00,356.902,356.9,356.91,200,201,356.9049875311721,1.80513162711147e-08,2.5251731252673437e-05
2020-11-20 17:30:00+00:00,356.91,356.91,356.92,200,300,356.914,1.4728107870220242e-08,-0.0001139396792130265
2020-11-20 17:31:00+00:00,356.85,356.84,356.86,200,300,356.848,1.2648564202532744e-08,8.899956593833025e-05
2020-11-20 17:32:00+00:00,356.9,356.9,356.91,510,391,356.9056603773585,5.7422539523025646e-08,-0.00015837116737871249
2020-11-20 17:33:00+00:00,356.86,356.85,356.87,200,500,356.85571428571427,3.0657289121498304e-08,0.0001385141356478048
2020-11-20 17:34:00+00:00,356.89,356.89,356.91,200,200,356.9,2.0333463454705173e-08,-5.977431460346683e-05
2020-11-20 17:35:00+00:00,356.865,356.84,356.86,300,200,356.852,5.464742159528673e-08,-1.376971319810849e-05
2020-11-20 17:36:00+00:00,356.86,356.86,356.88,185,200,356.8696103896104,3.1077469650342727e-08,-6.081372888477876e-05
2020-11-20 17:37:00+00:00,356.86,356.85,356.87,202,1000,356.8533610648918,7.043131114746607e-08,0.0002053620506632381
2020-11-20 17:38:00+00:00,356.91,356.91,356.93,400,200,356.92333333333335,6.638064245969133e-08,-0.00047862752972160916
2020-11-20 17:39:00+00:00,356.75,356.74,356.75,200,200,356.745,5.573792350281806e-08,-3.494517181701351e-05
2020-11-20 17:40:00+00:00,356.725,356.74,356.76,1,300,356.7400664451827,1.253529406059107e-07,-0.00027418005062551654
2020-11-20 17:41:00+00:00,356.66,356.65,356.67,100,600,356.65285714285716,6.825531733786393e-08,0.0003817547736011395
2020-11-20 17:42:00+00:00,356.76,356.77,356.78,100,300,356.7725,3.5253334957370826e-08,0.00034791320518823277
2020-11-20 17:43:00+00:00,356.9,356.9,356.92,400,100,356.916,3.0437472699396694e-08,7.004714172653692e-05
2020-11-20 17:44:00+00:00,356.92,356.9,356.91,75,400,356.9015789473684,4.855444267454261e-08,0.00011595881205250791
2020-11-20 17:45:00+00:00,356.96,356.96,356.98,400,250,356.9723076923077,6.288577357457622e-08,-0.00010894195572597187
2020-11-20 17:46:00+00:00,356.9,356.94,356.96,300,300,356.95,4.545505197816738e-08,-0.00012329026421431521
2020-11-20 17:47:00+00:00,356.9,356.9,356.92,600,600,356.91,4.327538046788075e-08,-9.688723447220937e-05
2020-11-20 17:48:00+00:00,356.85,356.84,356.85,100,200,356.8433333333333,4.9968904105952696e-08,-0.0003458478889881711
2020-11-20 17:49:00+00:00,356.74,356.7,356.72,400,200,356.7133333333333,6.654950715737354e-08,-0.00042490159782448966
2020-11-20 17:50:00+00:00,356.59,356.57,356.59,400,300,356.58142857142855,5.052539850886383e-08,0.00023838611442061897
2020-11-20 17:51:00+00:00,356.65,356.64,356.66,500,300,356.6525,3.851476532025366e-08,-9.123409467082233e-05
2020-11-20 17:52:00+00:00,356.61,356.61,356.63,1600,300,356.62684210526317,5.6271117654890566e-08,4.984951677133864e-05
2020-11-20 17:53:00+00:00,356.645,356.64,356.66,200,500,356.6457142857143,2.292728590553139e-08,0.00011838670081187885
2020-11-20 17:54:00+00:00,356.69,356.68,356.69,1100,100,356.68916666666667,3.7313095354544684e-08,1.5130343459013318e-05
2020-11-20 17:55:00+00:00,356.67,356.67,356.69,200,527,356.6755020632737,2.5407945600719545e-08,9.311695489522265e-05
2020-11-20 17:56:00+00:00,356.73,356.72,356.73,300,100,356.7275,1.1557550241758594e-08,-6.689598184517198e-05
2020-11-20 17:57:00+00:00,356.7,356.7,356.72,300,900,356.705,2.471175984748003e-08,0.00038723558765507704
2020-11-20 17:58:00+00:00,356.84,356.83,356.85,300,150,356.8433333333333,3.4398020077174126e-08,0.00017020231409214936
2020-11-20 17:59:00+00:00,356.91,356.89,356.91,900,400,356.90384615384613,3.2595012858491734e-08,3.1790625860672606e-05
2020-11-20 18:00:00+00:00,356.91,356.91,356.92,400,400,356.915,7.307516245656748e-08,0.00031778395802972703
2020-11-20 18:01:00+00:00,357.02,357.01,357.02,300,100,357.0175,4.322842386215062e-08,-6.403400613697041e-05
2020-11-20 18:02:00+00:00,356.98,356.99,357.01,600,133,357.0063710777626,2.3325448354383378e-08,-2.0744176221221267e-05
2020-11-20 18:03:00+00:00,356.99,356.98,356.99,1600,164,356.98907029478454,6.16884649272171e-08,-0.0002885178306820668
2020-11-20 18:04:00+00:00,356.89,356.89,356.9,300,300,356.895,4.69565455457674e-08,-0.0003082147640476318
2020-11-20 18:05:00+00:00,356.8,356.78,356.79,200,300,356.784,4.443099928796837e-08,-4.6109075497291485e-05
2020-11-20 18:06:00+00:00,356.75,356.76,356.77,308,100,356.76754901960777,4.530272508193099e-08,-0.00021035831261562166
2020-11-20 18:07:00+00:00,356.7,356.69,356.71,300,300,356.7,4.124598332274128e-08,-7.008838144861862e-06
2020-11-20 18:08:00+00:00,356.67,356.66,356.68,900,200,356.67636363636365,5.285738143832036e-08,2.8035549076266264e-05
2020-11-20 18:09:00+00:00,356.698,356.69,356.71,300,100,356.705,3.779130692941711e-08,0.00021867115222895528
2020-11-20 18:10:00+00:00,356.79,356.77,356.79,342,400,356.77921832884095,8.41696992009212e-08,-0.0003304547643043776
2020-11-20 18:11:00+00:00,356.67,356.65,356.67,200,396,356.65671140939594,5.3627976598545775e-08,0.00018897260923811388
2020-11-20 18:12:00+00:00,356.73,356.73,356.75,200,1000,356.73333333333335,3.6404248017655825e-08,0.0002945504830036416
2020-11-20 18:13:00+00:00,356.83,356.82,356.84,500,200,356.8342857142857,3.11754763904151e-08,0.00011048807036839747
2020-11-20 18:14:00+00:00,356.86,356.87,356.88,100,200,356.87333333333333,3.5460812621794646e-08,7.635386052484705e-05
2020-11-20 18:15:00+00:00,356.9,356.9,356.92,200,965,356.90343347639487,2.126684195683227e-08,-7.261214946474581e-05
2020-11-20 18:16:00+00:00,356.87,356.87,356.88,100,400,356.872,2.1420682885907837e-08,-6.54694282350432e-05
2020-11-20 18:17:00+00:00,356.85,356.84,356.85,322,1,356.8499690402477,1.4722562691565168e-08,3.548420848598077e-05
2020-11-20 18:18:00+00:00,356.86,356.85,356.87,300,700,356.856,3.696785986127265e-08,0.0003849336100136824
2020-11-20 18:19:00+00:00,357.0,356.99,357.01,400,300,357.00142857142856,2.3619629128362827e-08,-0.0002125927945225703
2020-11-20 18:20:00+00:00,356.92,356.91,356.93,500,309,356.9223609394314,3.290358857378782e-08,-0.0001475826381058809
2020-11-20 18:21:00+00:00,356.9,356.87,356.88,200,100,356.87666666666667,1.7451782121160446e-08,-2.0815820023223353e-05
2020-11-20 18:22:00+00:00,356.87,356.86,356.87,100,400,356.862,3.306498908235401e-08,0.00039230631276909733
2020-11-20 18:23:00+00:00,357.01,357.0,357.01,200,101,357.0066445182724,5.420881309116191e-08,0.00033421684234746785
2020-11-20 18:24:00+00:00,357.13,357.13,357.14,700,219,357.1376169749728,3.2166164435826785e-08,2.997333601273411e-05
2020-11-20 18:25:00+00:00,357.14,357.13,357.14,469,400,357.1353970080553,2.944616313831779e-08,7.081392061891734e-05
2020-11-20 18:26:00+00:00,357.16,357.15,357.16,100,174,357.1536496350365,4.004378988458524e-08,-0.00022206053300266593
2020-11-20 18:27:00+00:00,357.08,357.07,357.09,200,400,357.07666666666665,1.9221544062621862e-08,0.00011567253227884322
2020-11-20 18:28:00+00:00,357.128,357.12,357.13,200,200,357.125,2.005776842588915e-08,8.129330043638028e-05
2020-11-20 18:29:00+00:00,357.14,357.14,357.16,500,674,357.14851788756386,4.834325853251366e-08,0.00020210756835448151
2020-11-20 18:30:00+00:00,357.22,357.21,357.23,502,300,357.2225187032419,4.892650491037983e-08,-0.00013778140385733995
2020-11-20 18:31:00+00:00,357.17,357.16,357.18,1300,200,357.1773333333333,3.753964812486071e-08,-0.00030671408837112946
2020-11-20 18:32:00+00:00,357.06,357.05,357.07,1000,500,357.06333333333333,2.809379083781486e-08,3.4307599133143185e-05
2020-11-20 18:33:00+00:00,357.08,357.08,357.1,324,200,357.0923664122138,1.987483804859843e-08,8.821651413137843e-05
2020-11-20 18:34:00+00:00,357.11,357.1,357.11,100,300,357.1025,1.872199644006021e-08,-9.567613860450574e-05
2020-11-20 18:35:00+00:00,357.06,357.06,357.08,400,300,357.07142857142856,1.2877253423142694e-08,0.0002271139789631338
2020-11-20 18:36:00+00:00,357.17,357.16,357.17,900,79,357.1691930541369,3.514602489617675e-08,0.0003291750552876227
2020-11-20 18:37:00+00:00,357.27,357.26,357.28,697,201,357.27552338530063,4.968932450401679e-08,3.373231375025654e-05
2020-11-20 18:38:00+00:00,357.28,357.27,357.28,110,200,357.27354838709675,1.3900988073598755e-08,-2.0658499673031905e-05
2020-11-20 18:39:00+00:00,357.27,357.27,357.28,300,200,357.276,1.0827069756300218e-08,3.248955974655132e-05
2020-11-20 18:40:00+00:00,357.29,357.28,357.3,413,564,357.2884544524053,4.2405029405910114e-08,-0.0001724315238339491
2020-11-20 18:41:00+00:00,357.22,357.21,357.23,569,400,357.22174406604745,1.5143570710273583e-08,5.4120633024679066e-05
2020-11-20 18:42:00+00:00,357.245,357.23,357.25,600,200,357.245,2.3411808617851292e-08,-3.5456426850544176e-05
2020-11-20 18:43:00+00:00,357.23,357.22,357.24,600,300,357.23333333333335,1.1346615296995867e-08,3.730830037240729e-05
2020-11-20 18:44:00+00:00,357.25,357.24,357.26,809,204,357.2559723593287,2.0127155785314744e-08,8.789534494790807e-05
2020-11-20 18:45:00+00:00,357.28,357.29,357.3,100,200,357.29333333333335,2.2038055034819562e-08,-7.294436227567314e-05
2020-11-20 18:46:00+00:00,357.25,357.24,357.25,100,540,357.2415625,4.271787537172635e-08,5.738246391895352e-05
2020-11-20 18:47:00+00:00,357.26,357.24,357.26,400,400,357.25,6.535689717704052e-08,-0.00031493226860468404
2020-11-20 18:48:00+00:00,357.15,357.15,357.17,1400,300,357.1664705882353,3.192954358997378e-08,2.4045435957686934e-05
2020-11-20 18:49:00+00:00,357.17,357.16,357.17,300,300,357.165,4.3102118714863067e-08,0.00026531423070852433
2020-11-20 18:50:00+00:00,357.26,357.26,357.28,400,415,357.26981595092025,2.7003349708593845e-08,6.358070264744775e-05
2020-11-20 18:51:00+00:00,357.29,357.28,357.29,600,96,357.2886206896552,9.031108554328034e-08,-0.00041894933040043103
2020-11-20 18:52:00+00:00,357.13,357.12,357.14,2700,100,357.13928571428573,2.4979117119351795e-08,8.298332696954347e-05
2020-11-20 18:53:00+00:00,357.16,357.16,357.17,300,200,357.166,2.2836204167809263e-08,-2.799818571652679e-06
2020-11-20 18:54:00+00:00,357.17,357.16,357.17,400,300,357.1657142857143,2.4812025583329e-08,-2.333188675629483e-05
2020-11-20 18:55:00+00:00,357.15,357.15,357.16,1700,300,357.1585,4.569608070409191e-08,-0.00021154737572381954
2020-11-20 18:56:00+00:00,357.09,357.07,357.09,500,300,357.0825,4.8927647123318445e-08,-0.00010392907929424045
2020-11-20 18:57:00+00:00,357.05,357.04,357.06,800,300,357.05454545454546,3.00698884386073e-08,2.6140569042931716e-05
2020-11-20 18:58:00+00:00,357.078,357.06,357.08,300,600,357.06666666666666,2.5801609768651456e-08,0.00019604914298509968
2020-11-20 18:59:00+00:00,357.13,357.12,357.13,200,500,357.12285714285713,1.930088654290586e-08,6.907044251769356e-05
2020-11-20 19:00:00+00:00,357.15,357.16,357.17,300,100,357.1675,3.132854700069675e-08,-8.222666403878698e-06
2020-11-20 19:01:00+00:00,357.15,357.14,357.15,100,295,357.1425316455696,5.4320082163671984e-08,-0.00020457595148004604
2020-11-20 19:02:00+00:00,357.05,357.04,357.06,800,700,357.05066666666664,4.7229333037392245e-08,0.0002746958789727749
2020-11-20 19:03:00+00:00,357.18,357.17,357.18,606,40,357.17938080495355,3.978506596333926e-08,-0.0002974494705831887
2020-11-20 19:04:00+00:00,357.07,357.07,357.09,300,761,357.07565504241285,2.578239575246431e-08,8.258237232583454e-05
2020-11-20 19:05:00+00:00,357.09,357.09,357.1,100,400,357.092,4.093845418757942e-08,-0.00020008835164542216
2020-11-20 19:06:00+00:00,357.015,357.01,357.02,532,300,357.01639423076927,4.0194197148204106e-08,-4.4817319885925855e-05
2020-11-20 19:07:00+00:00,357.03,357.01,357.03,400,642,357.01767754318615,2.3374031223512802e-08,0.0002571471363781441
2020-11-20 19:08:00+00:00,357.09,357.09,357.1,352,204,357.0963309352518,4.394910419694128e-08,-5.643981992964342e-05
2020-11-20 19:09:00+00:00,357.072,357.07,357.08,305,200,357.0760396039604,7.590122203342885e-08,-3.509283870983815e-05
2020-11-20 19:10:00+00:00,357.05,357.05,357.06,100,400,357.052,5.2999089680317265e-08,-0.00011248078153081043
2020-11-20 19:11:00+00:00,357.04,357.02,357.03,182,301,357.023768115942,7.510554179765723e-08,0.00026654434196693444
2020-11-20 19:12:00+00:00,357.12,357.11,357.13,300,400,357.11857142857144,3.193146713259574e-08,-4.6669653524400445e-05
2020-11-20 19:13:00+00:00,357.1,357.1,357.11,98,200,357.103288590604,4.0415914697551605e-08,-0.0001544413339318318
2020-11-20 19:14:00+00:00,357.05,357.03,357.05,1000,270,357.04574803149603,5.178784343151805e-08,-0.00030264363997445365
2020-11-20 19:15:00+00:00,356.95,356.94,356.96,505,300,356.9525465838509,5.784799812157495e-08,7.184743271482219e-05
2020-11-20 19:16:00+00:00,356.98,356.96,356.98,1009,300,356.97541634835756,6.539698803726348e-08,-0.00014754426399399279
2020-11-20 19:17:00+00:00,356.93,356.9,356.92,700,316,356.9137795275591,6.01972102449959e-08,-4.4492593232026145e-05
2020-11-20 19:18:00+00:00,356.9,356.88,356.9,400,400,356.89,5.167211502663913e-08,-0.00015778031643032264
2020-11-20 19:19:00+00:00,356.83,356.81,356.83,1100,200,356.8269230769231,5.471978337807227e-08,0.0002160371950832296
2020-11-20 19:20:00+00:00,356.92,356.91,356.92,300,800,356.9127272727273,1.2100229089129792e-07,-0.00023693970978555523
2020-11-20 19:21:00+00:00,356.82,356.83,356.85,290,1000,356.83449612403103,2.812080482865608e-08,0.00042008782599300964
2020-11-20 19:22:00+00:00,356.98,356.97,356.99,300,400,356.97857142857146,5.1072454337946944e-08,0.000417314605652086
2020-11-20 19:23:00+00:00,357.13,357.12,357.13,290,86,357.1277127659574,1.872813574254935e-08,0.00016780619199785463
2020-11-20 19:24:00+00:00,357.17,357.19,357.2,229,1489,357.19133294528524,2.861763628544226e-08,-0.0003228409742042082
2020-11-20 19:25:00+00:00,357.08,357.07,357.08,100,300,357.0725,3.299718917494177e-08,-0.00011939920645009927
2020-11-20 19:26:00+00:00,357.04,357.0,357.02,500,500,357.01,3.5134209416037754e-08,8.833583112832777e-05
2020-11-20 19:27:00+00:00,357.06,357.05,357.06,1695,500,357.057722095672,3.712669962747366e-08,-0.00031971126921948034
2020-11-20 19:28:00+00:00,356.945,356.95,356.96,260,300,356.9546428571428,3.297038839871422e-08,0.00011104495331126785
2020-11-20 19:29:00+00:00,357.0,356.99,357.01,290,700,356.9958585858586,3.1432253311114286e-08,0.00020176677871419635
2020-11-20 19:30:00+00:00,357.05,357.06,357.08,400,800,357.06666666666666,4.6734266045426376e-08,0.00012494652061234568
2020-11-20 19:31:00+00:00,357.09,357.1,357.11,391,101,357.10794715447156,4.3718301284045526e-08,-0.00027623252206010473
2020-11-20 19:32:00+00:00,357.02,357.01,357.02,358,300,357.01544072948326,3.2388864235250003e-08,8.95683781299006e-06
2020-11-20 19:33:00+00:00,357.01,357.0,357.01,300,100,357.0075,2.1525834515649184e-08,0.0002408167116592086
2020-11-20 19:34:00+00:00,357.095,357.09,357.1,600,226,357.0972639225181,3.6862790526612655e-08,0.00040752182966197203
2020-11-20 19:35:00+00:00,357.248,357.24,357.26,300,700,357.246,1.0114053393661558e-07,0.00037369416981092307
2020-11-20 19:36:00+00:00,357.35,357.37,357.38,200,300,357.374,3.8367116526098595e-08,4.894454892223621e-05
2020-11-20 19:37:00+00:00,357.39,357.38,357.39,200,200,357.385,2.923297615718653e-08,-0.0001106258789246306
2020-11-20 19:38:00+00:00,357.36,357.35,357.37,300,400,357.35857142857145,7.770366428030216e-08,-0.00038464375933311423
2020-11-20 19:39:00+00:00,357.21,357.21,357.22,200,100,357.21666666666664,5.547534275944679e-08,-0.00044852785196214384
2020-11-20 19:40:00+00:00,357.05,357.05,357.06,275,500,357.0535483870968,2.2855466576529144e-07,-0.0004400508319638563
2020-11-20 19:41:00+00:00,356.89,356.88,356.89,200,200,356.885,9.619242962137662e-08,-0.0002099741735134275
2020-11-20 19:42:00+00:00,356.82,356.82,356.83,400,300,356.8257142857143,9.673051105485472e-08,0.00010346572655217656
2020-11-20 19:43:00+00:00,356.85,356.84,356.86,527,400,356.85137001078743,4.726346153592202e-08,3.6480861807408616e-05
2020-11-20 19:44:00+00:00,356.88,356.88,356.9,960,300,356.8952380952381,4.8690885788592646e-08,-6.62756726859115e-05
2020-11-20 19:45:00+00:00,356.84,356.85,356.86,100,400,356.852,6.62713172840162e-08,-2.1086786338275765e-05
2020-11-20 19:46:00+00:00,356.88,356.88,356.89,610,100,356.88859154929577,1.6471646533268844e-07,-0.00042355091732826367
2020-11-20 19:47:00+00:00,356.7,356.69,356.71,300,1300,356.69375,6.215273509940439e-08,0.00020303733090076825
2020-11-20 19:48:00+00:00,356.77,356.77,356.78,200,495,356.7728776978417,4.1070404120664654e-08,0.00032582892993104906
2020-11-20 19:49:00+00:00,356.88,356.88,356.89,100,383,356.88207039337476,6.602456408172288e-08,4.343172252996297e-05
2020-11-20 19:50:00+00:00,356.895,356.89,356.9,400,200,356.89666666666665,6.725064670545341e-08,0.00010156977843767123
2020-11-20 19:51:00+00:00,356.93,356.92,356.94,200,500,356.92571428571426,4.5041360156848984e-08,-0.00017895045450344593
2020-11-20 19:52:00+00:00,356.87,356.86,356.87,200,100,356.8666666666667,3.0268280981141986e-08,-2.5470334232946534e-05
2020-11-20 19:53:00+00:00,356.87,356.86,356.88,400,300,356.87142857142857,6.117780313585857e-08,0.00027332759339171453
2020-11-20 19:54:00+00:00,356.96,356.95,356.96,100,400,356.952,2.9839538923511346e-08,-0.00024744302515344874
2020-11-20 19:55:00+00:00,356.88,356.86,356.88,300,200,356.872,5.007445798064989e-08,0.00021364137431945096
2020-11-20 19:56:00+00:00,356.94,356.94,356.95,200,201,356.9449875311721,3.272688393046288e-08,-0.00030464586651490766
2020-11-20 19:57:00+00:00,356.84,356.82,356.84,700,600,356.83076923076925,5.254545551200196e-08,-0.00020921465670675765
2020-11-20 19:58:00+00:00,356.77,356.75,356.77,359,400,356.7594598155468,6.420896807989896e-08,6.0422073000498955e-06
2020-11-20 19:59:00+00:00,356.77,356.76,356.78,300,353,356.76918836140885,9.17525228059953e-08,0.00022457906806883088
2020-11-20 20:00:00+00:00,356.84,356.83,356.85,500,200,356.8442857142857,2.1487471337407052e-07,0.0002714848622582533
2020-11-20 20:01:00+00:00,356.93,356.91,356.93,300,500,356.9175,4.6967416967362176e-08,-0.00033033383700975527
2020-11-20 20:02:00+00:00,356.82,356.82,356.83,200,289,356.8240899795501,1.0199281241737927e-07,3.898285132808432e-05
2020-11-20 20:03:00+00:00,356.83,356.83,356.84,400,300,356.8357142857143,5.290773491317625e-08,-0.00012117009746204221
2020-11-20 20:04:00+00:00,356.8,356.79,356.8,200,420,356.79322580645163,4.5462957610152525e-08,-0.0004127356129773885
2020-11-20 20:05:00+00:00,356.62,356.61,356.63,800,200,356.626,1.601231073799853e-07,0.00010794972627037325
2020-11-20 20:06:00+00:00,356.68,356.68,356.7,300,969,356.6847281323877,5.4413054364580956e-08,0.0004317897786396685
2020-11-20 20:07:00+00:00,356.84,356.83,356.85,401,747,356.83698606271776,1.0800279476651644e-07,-0.0006333745110310707
2020-11-20 20:08:00+00:00,356.63,356.62,356.64,400,300,356.63142857142856,1.4879203228851804e-07,-0.0001794657528867427
2020-11-20 20:09:00+00:00,356.55,356.54,356.56,300,400,356.54857142857145,2.223513302557762e-07,-0.0005855099440945644
2020-11-20 20:10:00+00:00,356.35,356.34,356.35,105,300,356.3425925925926,1.5571429265688942e-07,0.0003045832096928436
2020-11-20 20:11:00+00:00,356.45,356.44,356.45,600,14,356.4497719869707,1.1500340862197018e-07,-0.00020509290803161218
2020-11-20 20:12:00+00:00,356.38,356.38,356.4,500,1100,356.38625,2.1557233887602975e-07,-0.0006734447634992868
2020-11-20 20:13:00+00:00,356.13,356.12,356.14,300,200,356.132,2.374982943307134e-07,-0.0003824107117785802
2020-11-20 20:14:00+00:00,356.02,356.0,356.01,1,800,356.0000124843945,1.3540884883026466e-07,0.00022902160807269922
2020-11-20 20:15:00+00:00,356.08,356.07,356.09,601,400,356.08200799200796,2.0478618221084044e-07,-0.0007070730790240676
2020-11-20 20:16:00+00:00,355.82,355.81,355.83,300,1000,355.81461538461537,1.0164679816013927e-07,0.00023565741113218408
2020-11-20 20:17:00+00:00,355.885,355.88,355.89,400,175,355.88695652173914,6.32696180486736e-08,9.089085059921231e-06
2020-11-20 20:18:00+00:00,355.91,355.9,355.91,130,100,355.90565217391304,2.4216803045389516e-07,-0.0003081443066311751
2020-11-20 20:19:00+00:00,355.81,355.81,355.83,457,1103,355.81585897435895,7.799410033268782e-08,0.00013245657019766988
2020-11-20 20:20:00+00:00,355.85,355.85,355.87,360,310,355.8607462686567,6.630056554085044e-08,6.198967982240511e-05
2020-11-20 20:21:00+00:00,355.875,355.87,355.88,116,1800,355.8706054279749,1.4124757571421044e-07,8.628585223657836e-05
2020-11-20 20:22:00+00:00,355.91,355.91,355.92,100,400,355.912,6.331814725266908e-08,0.00028225707215034923
2020-11-20 20:23:00+00:00,356.0,356.0,356.01,300,100,356.0075,8.301477132026346e-08,0.00023657395963638805
2020-11-20 20:24:00+00:00,356.09,356.08,356.09,300,400,356.0842857142857,7.802708384424527e-08,-0.0003840793711084034
2020-11-20 20:25:00+00:00,355.96,355.94,355.96,300,1700,355.943,6.075146212841427e-08,2.4809758407684512e-05
2020-11-20 20:26:00+00:00,355.97,355.97,355.99,1000,208,355.98655629139074,7.416725595460718e-08,0.0006116183405238118
2020-11-20 20:27:00+00:00,356.17,356.15,356.17,400,300,356.1614285714286,4.476475592070305e-08,-0.00011384448462647967
2020-11-20 20:28:00+00:00,356.14,356.13,356.14,300,100,356.1375,2.618988732469415e-08,-8.092027697803594e-05
2020-11-20 20:29:00+00:00,356.12,356.11,356.12,500,1300,356.11277777777775,1.12889749814679e-07,-0.000352413534934759
2020-11-20 20:30:00+00:00,355.99,355.98,355.99,300,194,355.9860728744939,2.202769974816763e-07,-0.00028489339247572687
2020-11-20 20:31:00+00:00,355.89,355.88,355.89,200,300,355.884,1.468743668883275e-07,-0.00014718475701147593
2020-11-20 20:32:00+00:00,355.83,355.82,355.84,669,544,355.83103050288537,3.543729327245535e-07,-8.966209434591033e-05
2020-11-20 20:33:00+00:00,355.78,355.78,355.79,100,500,355.7816666666667,2.1573158852512496e-07,0.00015337608055854268
2020-11-20 20:34:00+00:00,355.86,355.87,355.89,600,200,355.885,2.0326386404972094e-07,4.215188166067918e-06
2020-11-20 20:35:00+00:00,355.86,355.85,355.86,300,100,355.8575,1.9456663705793605e-07,0.0007264143653005206
2020-11-20 20:36:00+00:00,356.12,356.1,356.11,400,200,356.1066666666667,1.207994471286159e-07,0.0005229257383050356
2020-11-20 20:37:00+00:00,356.29,356.3,356.31,500,710,356.30413223140494,8.703073414049638e-08,-6.938554036528544e-05
2020-11-20 20:38:00+00:00,356.28,356.27,356.28,400,100,356.278,8.021079855032967e-08,0.0003843757869763653
2020-11-20 20:39:00+00:00,356.41,356.42,356.43,200,100,356.4266666666667,6.357704098651478e-08,3.306848343087587e-05
2020-11-20 20:40:00+00:00,356.44,356.42,356.43,200,400,356.42333333333335,7.279475292233642e-08,-0.00022866554205680512
2020-11-20 20:41:00+00:00,356.35,356.35,356.36,100,300,356.3525,7.061241863944257e-08,0.00017615489344069424
2020-11-20 20:42:00+00:00,356.4,356.4,356.41,400,1,356.40997506234413,4.123005358750742e-08,-0.00011926886911084456
2020-11-20 20:43:00+00:00,356.36,356.35,356.36,305,300,356.35504132231404,7.87440942700911e-08,0.0003320799056127921
2020-11-20 20:44:00+00:00,356.48,356.47,356.49,600,300,356.48333333333335,8.566527475120342e-08,-4.6830795901176e-06
2020-11-20 20:45:00+00:00,356.49,356.5,356.51,200,200,356.505,1.0779922448171088e-07,0.0002534102469746724
2020-11-20 20:46:00+00:00,356.58,356.58,356.59,600,300,356.58666666666664,5.958731533783739e-08,0.0001885475282152882
2020-11-20 20:47:00+00:00,356.64,356.63,356.64,500,301,356.63624219725347,2.226926617680595e-07,0.0008121880451383845
2020-11-20 20:48:00+00:00,356.94,356.93,356.95,700,400,356.94272727272727,1.8027189394134927e-07,-0.0004408818396570702
2020-11-20 20:49:00+00:00,356.8,356.81,356.83,200,600,356.815,1.3131102543631494e-07,-0.00036731976605186567
2020-11-20 20:50:00+00:00,356.66,356.65,356.67,300,68,356.6663043478261,8.475855542498447e-07,-0.0008691502392242922
2020-11-20 20:51:00+00:00,356.32,356.32,356.33,200,700,356.3222222222222,2.0629873555900824e-07,-0.0004825031978030747
2020-11-20 20:52:00+00:00,356.17,356.15,356.17,400,800,356.1566666666667,2.145973106311178e-07,-1.2835374291531032e-05
2020-11-20 20:53:00+00:00,356.15,356.14,356.16,300,700,356.146,2.953200322626224e-07,-0.0005103909482352398
2020-11-20 20:54:00+00:00,355.96,355.94,355.95,600,200,355.9475,3.5918881789905017e-07,-0.000689816621147088
2020-11-20 20:55:00+00:00,355.71,355.71,355.72,100,10300,355.71009615384617,2.7841410453039766e-07,0.00026560779571749293
2020-11-20 20:56:00+00:00,355.83,355.82,355.84,359,1700,355.8234871296746,3.8623466830192604e-07,-0.00047078167959735406
2020-11-20 20:57:00+00:00,355.7,355.71,355.72,400,100,355.718,2.0011841702238978e-07,-0.00019742610176198827
2020-11-20 20:58:00+00:00,355.58,355.58,355.6,1207,650,355.592999461497,2.956721492292097e-07,0.00012739800585315209
2020-11-20 20:59:00+00:00,355.63,355.62,355.64,2668,1300,355.63344758064517,6.967141196294198e-07,-0.0006632325067065237
2020-11-20 21:00:00+00:00,355.35,355.34,355.35,39466,100,355.3499747257747,1.2447650528098895e-06,-0.000991106421465271
2020-11-20 21:01:00+00:00,355.01,355.01,355.05,100,500,355.01666666666665,2.1153501389872362e-07,-0.0002780533582465994
2020-11-20 21:02:00+00:00,354.98,354.96,354.98,3000,2000,354.972,1.0136776091167431e-07,0.0005581060884543021
2020-11-20 21:03:00+00:00,355.14,355.11,355.16,1000,2000,355.12666666666667,1.530468173843596e-07,0.0001831427671172836
2020-11-20 21:04:00+00:00,355.19,355.18,355.21,505,100,355.205041322314,7.829532860034933e-08,-0.00042354896529428476
2020-11-20 21:05:00+00:00,355.05,355.05,355.06,170,200,355.0545945945946,6.630880797984915e-08,0.0002985277259137664
2020-11-20 21:06:00+00:00,355.15,355.15,355.17,3203,1600,355.16333749739744,9.958752361608408e-08,-0.00046652841247585286
2020-11-20 21:07:00+00:00,355.01,355.0,355.03,2000,100,355.0285714285714,8.427294856460569e-08,0.00018670899636807903
2020-11-20 21:08:00+00:00,355.04,355.01,355.04,113,100,355.0259154929578,8.688849651772021e-08,-0.0006490735077478993
2020-11-20 21:09:00+00:00,354.81,354.81,354.84,1785,300,354.8356834532374,1.676094001671586e-07,-0.00018050579562789437
2020-11-20 21:10:00+00:00,354.75,354.75,354.77,500,100,354.76666666666665,1.550062871742885e-07,-0.0005725939722877049
2020-11-20 21:11:00+00:00,354.6,354.56,354.57,600,1100,354.5635294117647,2.6551972659341013e-07,-0.00019529278037677678
2020-11-20 21:12:00+00:00,354.47,354.45,354.47,2000,600,354.4653846153846,1.558578335628662e-07,-0.00021266593365265596
2020-11-20 21:13:00+00:00,354.42,354.4,354.42,13,297,354.40083870967743,2.8585828518390453e-07,-9.564065669309674e-05
2020-11-20 21:14:00+00:00,354.4,354.38,354.4,50,200,354.384,2.9146688147686924e-07,-4.702983102178315e-06
2020-11-20 21:15:00+00:00,354.3,354.35,354.38,5,100,354.3514285714286,3.3211580201945226e-08,0.0001615210407182044
2020-11-20 21:16:00+00:00,354.44,354.44,354.46,16,206,354.44144144144144,9.988939917139205e-09,0.00016822277632622118
2020-11-20 21:17:00+00:00,354.5,354.5,354.53,2,300,354.5001986754967,1.669356639678662e-08,3.484638002304585e-05
2020-11-20 21:18:00+00:00,354.49,354.49,354.52,507,9,354.519476744186,2.223244158606669e-08,-0.0001879563061973899
2020-11-20 21:19:00+00:00,354.45,354.44,354.45,248,171,354.44591885441525,3.250738555566874e-08,0.0003017055148708536
2020-11-20 21:20:00+00:00,354.55,354.55,354.56,190,500,354.5527536231884,5.686901371314407e-09,4.566449223109004e-05
2020-11-20 21:21:00+00:00,354.55,354.55,354.57,200,10,354.56904761904764,2.1976438202604122e-08,-2.7349929745290602e-05
2020-11-20 21:22:00+00:00,354.61,354.56,354.62,2,1200,354.56009983361065,1.0083231279800328e-07,0.00024573502845881556
2020-11-20 21:23:00+00:00,354.65,354.64,354.65,526,200,354.64724517906336,3.1748663681993677e-08,-0.0002067642872455311
2020-11-20 21:24:00+00:00,354.6,354.57,354.6,80,682,354.5731496062992,3.616791391349045e-09,0.00012521933304321387
2020-11-20 21:25:00+00:00,354.64,354.6,354.62,716,100,354.6175490196079,5.920059957572706e-09,-7.239198584074735e-05
2020-11-20 21:26:00+00:00,354.6,354.59,354.6,46,199,354.5918775510204,3.778121534678031e-08,-3.1671063384308695e-05
2020-11-20 21:27:00+00:00,354.6,354.58,354.6,10,299,354.5806472491909,7.234568011307434e-08,8.543833407048673e-05
2020-11-20 21:28:00+00:00,354.62,354.61,354.62,14,125,354.6110071942446,3.832951416160513e-09,2.0043421006477047e-05
2020-11-20 21:29:00+00:00,354.61,354.6,354.62,2545,275,354.6180496453901,6.312479107658161e-08,-3.1103261245224445e-05
2020-11-20 21:30:00+00:00,354.66,354.58,354.66,102,200,354.6070198675497,6.028338224614115e-07,0.00040208822461207383
2020-11-20 21:31:00+00:00,354.75,354.73,354.75,1000,12,354.74976284584983,8.528230736391321e-08,0.00011857234423118257
2020-11-20 21:32:00+00:00,354.79,354.79,354.8,200,1000,354.7916666666667,4.708560464632472e-08,5.93604868412978e-05
2020-11-20 21:33:00+00:00,354.83,354.81,354.84,100,1000,354.8127272727273,8.781686154749442e-08,0.00013057789286019528
2020-11-20 21:34:00+00:00,354.88,354.85,354.86,200,500,354.85285714285715,9.686263769971861e-08,-0.0007441207011152917
2020-11-20 21:35:00+00:00,354.62,354.55,354.62,900,404,354.5983128834356,7.80509689382052e-08,-0.00015454809063319974
2020-11-20 21:36:00+00:00,354.53,354.54,354.56,5,500,354.54019801980195,1.0479988541586831e-07,0.0003049128634617926
2020-11-20 21:37:00+00:00,354.63,354.61,354.65,5000,530,354.6461663652803,1.5739616537323681e-07,-9.390115958618495e-05
2020-11-20 21:38:00+00:00,354.61,354.63,354.7,500,1060,354.6524358974359,1.116989071669282e-07,0.00043164455212041375
2020-11-20 21:39:00+00:00,354.77,354.73,354.77,250,25,354.7663636363636,4.346547092776542e-08,-2.430655177987351e-05
2020-11-20 21:40:00+00:00,354.78,354.73,354.8,500,500,354.765,1.4081764673738773e-07,-0.0002228225522347138
2020-11-20 21:41:00+00:00,354.69,354.68,354.7,5,200,354.68048780487806,3.7527113474095903e-08,0.0001856712723098397
2020-11-20 21:42:00+00:00,354.73,354.74,354.79,200,1400,354.74625,5.947314072127237e-08,3.624039789418276e-05
2020-11-20 21:43:00+00:00,354.76,354.72,354.79,600,574,354.75577512776835,1.3910883966841742e-07,-8.048807349059217e-05
2020-11-20 21:44:00+00:00,354.76,354.73,354.77,14,1000,354.7305522682446,6.854843550573843e-08,0.00015806181062916203
2020-11-20 21:45:00+00:00,354.81,354.78,354.79,196,100,354.78662162162163,8.193294306192248e-08,1.6568771256109116e-05
2020-11-20 21:46:00+00:00,354.78,354.77,354.8,1500,500,354.7925,3.871396596787322e-08,6.154426330118312e-06
2020-11-20 21:47:00+00:00,354.8,354.78,354.82,290,500,354.7946835443038,7.983361987857919e-08,-0.00014625571892068479
2020-11-20 21:48:00+00:00,354.76,354.74,354.76,1,691,354.7400289017341,1.678154463411066e-07,0.00015925037136943487
2020-11-20 21:49:00+00:00,354.8,354.79,354.8,2800,100,354.7996551724138,1.682026135533934e-08,-0.00011066058096187437
2020-11-20 21:50:00+00:00,354.76,354.76,354.78,1,853,354.7600234192037,8.671838475360316e-08,0.00022899651388397224
2020-11-20 21:51:00+00:00,354.84,354.82,354.86,569,2969,354.82643301300175,2.791979118201999e-08,0.00013051600684765852
2020-11-20 21:52:00+00:00,354.89,354.87,354.89,500,69,354.88757469244285,1.1432726103068243e-07,0.0001731974265712921
2020-11-20 21:53:00+00:00,354.93,354.93,354.95,496,25,354.9490403071017,1.196155479738107e-07,7.031908827448419e-05
2020-11-20 21:54:00+00:00,354.97,354.95,354.98,800,200,354.974,1.8551153577520371e-07,0.00028962632742368655
2020-11-20 21:55:00+00:00,355.08,355.04,355.1,1000,630,355.07680981595087,8.093845713264713e-08,0.000146093445534623
2020-11-20 21:56:00+00:00,355.1,355.1,355.14,10800,1004,355.13659776347,3.5088944636413076e-08,7.641317767248523e-05
2020-11-20 21:57:00+00:00,355.16,355.15,355.16,500,359,355.1558207217695,8.771006511467367e-08,0.00012499667422538607
2020-11-20 21:58:00+00:00,355.23,355.17,355.23,500,5500,355.175,1.249590747820506e-07,-0.00014136820927967975
2020-11-20 21:59:00+00:00,355.16,355.14,355.16,1000,1000,355.15,2.7549768912148065e-07,-2.303764094557792e-05
2020-11-20 22:00:00+00:00,355.14,355.11,355.17,200,1100,355.1192307692308,5.701291885515746e-07,-0.0003631254680771523
2020-11-20 22:01:00+00:00,355.02,355.0,355.02,40,395,355.0018390804597,1.0594954724161135e-07,-0.00010884933379884387
2020-11-20 22:02:00+00:00,354.95,354.97,355.08,98,2460,354.9742142298671,4.064178066480579e-08,1.639334553238392e-05
2020-11-20 22:03:00+00:00,355.0,354.97,355.0,100,199,354.98003344481606,5.302501429718174e-08,0.000108721625241337
2020-11-20 22:04:00+00:00,355.0,354.95,354.96,2501,3000,354.9545464461007,1.656771007368484e-07,-9.118236832250659e-09
2020-11-20 22:05:00+00:00,354.97,354.95,355.02,2494,50,355.01862421383646,9.753917837873124e-08,-8.172166823416926e-05
2020-11-20 22:06:00+00:00,354.96,354.95,354.99,2549,25,354.9896114996115,8.793579107388402e-08,-1.980267531753732e-05
2020-11-20 22:07:00+00:00,355.0,354.98,355.05,300,7834,354.98258175559386,3.106607696309492e-09,7.842425324700031e-07
2020-11-20 22:08:00+00:00,354.95,354.94,355.05,5001,7834,354.9828601480327,3.181663792483181e-08,-7.800676882130375e-05
2020-11-20 22:09:00+00:00,354.96,354.95,354.96,107,100,354.9551690821256,9.8865786330851e-08,0.000210117130702292
2020-11-20 22:10:00+00:00,355.04,354.98,355.03,1000,5,355.0297512437811,4.657647456274747e-09,-0.00011187095399500802
2020-11-20 22:11:00+00:00,355.0,355.01,355.03,15,1185,355.01025,4.019392252117163e-09,2.878198890532424e-05
2020-11-20 22:12:00+00:00,355.0,355.0,355.03,10,1185,355.0002510460251,8.720970699871886e-10,-2.8843712807424815e-05
2020-11-20 22:13:00+00:00,355.0,354.99,355.0,1,867,354.99001152073737,4.5533268393586195e-09,3.780098622674366e-05
2020-11-20 22:14:00+00:00,355.0,355.0,355.03,153,1185,355.0034304932735,2.8756593971854425e-09,-7.069554202698836e-05
2020-11-20 22:15:00+00:00,355.03,354.97,355.01,500,100,355.00333333333333,1.9783928646156388e-08,4.8069108621984213e-05
2020-11-20 22:16:00+00:00,354.99,354.99,355.03,10,545,354.99072072072073,9.429071594364555e-09,-1.2385584253093995e-05
2020-11-20 22:17:00+00:00,354.99,354.99,355.02,10,290,354.991,2.2022053079990057e-08,3.041820461513467e-05
2020-11-20 22:18:00+00:00,354.96,354.95,355.03,1001,545,355.00179818887455,1.4115948799452533e-08,1.120793802389386e-05
2020-11-20 22:19:00+00:00,354.97,354.96,355.01,1084,100,355.005777027027,2.2602457466807252e-08,-1.73124808519054e-05
2020-11-20 22:20:00+00:00,355.0,354.96,355.0,1074,10,354.9996309963099,3.244896851707602e-08,-1.2631985017996783e-06
2020-11-20 22:21:00+00:00,354.94,354.94,355.0,724,10,354.9991825613079,1.9936545337039574e-08,-0.00010278968349264339
2020-11-20 22:22:00+00:00,355.0,354.96,355.03,20,500,354.9626923076923,1.3223882483863746e-09,-3.525065378662262e-05
2020-11-20 22:23:00+00:00,355.0,354.95,355.04,1,500,354.9501796407186,2.4212511456586098e-06,0.0007422357785096256
2020-11-20 22:24:00+00:00,355.31,355.01,355.29,800,600,355.17,3.3138183735616887e-07,-0.0006011243336744299
2020-11-20 22:25:00+00:00,355.01,355.0,355.01,11,600,355.0001800327332,4.224158869080026e-07,-7.54238355646919e-05
2020-11-20 22:26:00+00:00,354.97,354.95,354.98,700,200,354.97333333333336,1.522998253407041e-10,0.0
2020-11-20 22:27:00+00:00,354.98,354.97,354.98,100,200,354.97333333333336,2.912398490194898e-11,-4.808325442251515e-07
2020-11-20 22:28:00+00:00,354.98,354.97,354.98,105,223,354.97320121951225,2.7496910502634477e-09,-2.6211510798068716e-05
2020-11-20 22:29:00+00:00,354.98,354.96,354.98,49,205,354.96385826771655,1.4473476687958925e-10,9.408844980907105e-06
2020-11-20 22:30:00+00:00,354.98,354.96,354.98,149,265,354.9671980676328,9.439210518987748e-10,-2.6120694121889443e-05
2020-11-20 22:31:00+00:00,354.94,354.94,354.97,291,196,354.9579260780288,7.490099680641938e-11,-3.0993517300403894e-06
2020-11-20 22:32:00+00:00,354.97,354.95,354.97,100,193,354.9568259385665,7.217681617320892e-09,-0.00012856413135675648
2020-11-20 22:33:00+00:00,354.91,354.91,354.93,19,300,354.91119122257055,4.515288773065275e-09,-7.72326583201588e-05
2020-11-20 22:34:00+00:00,354.89,354.86,354.89,130,34,354.88378048780487,5.834177375134358e-09,1.553430836409575e-05
2020-11-20 22:35:00+00:00,354.88,354.88,354.89,434,33,354.88929336188437,1.7706181666752554e-08,-8.179621655401981e-05
2020-11-20 22:36:00+00:00,354.88,354.86,354.88,100,7454,354.86026476039183,3.595949542462521e-08,-0.0003104948541913233
2020-11-20 22:37:00+00:00,354.75,354.75,354.76,13,2405,354.75005376344086,1.734763386690524e-08,0.00012845578320508366
2020-11-20 22:38:00+00:00,354.77,354.76,354.8,820,100,354.795652173913,1.4200802085760555e-09,-1.5786247174465196e-05
2020-11-20 22:39:00+00:00,354.8,354.79,354.8,1,101,354.7900980392157,2.7494914464315326e-08,-3.459371036262926e-05
2020-11-20 22:40:00+00:00,354.8,354.75,354.8,175,140,354.77777777777777,2.576986973142422e-09,1.1388548814217359e-05
2020-11-20 22:41:00+00:00,354.8,354.75,354.8,175,100,354.7818181818182,2.2595316890119058e-08,-1.0249577205079241e-05
2020-11-20 22:42:00+00:00,354.8,354.77,354.86,10,100,354.7781818181818,4.72295201605547e-07,0.00025714644022523103
2020-11-20 22:43:00+00:00,354.79,354.77,354.9,325,100,354.8694117647059,7.979477310194001e-08,-0.00010703428364944312
2020-11-20 22:44:00+00:00,354.77,354.78,354.9,300,400,354.83142857142855,7.124771216037636e-09,-8.440835987055806e-05
2020-11-20 22:45:00+00:00,354.77,354.8,354.9,6,400,354.8014778325123,1.6335108570985846e-07,6.562563490941642e-05
2020-11-20 22:46:00+00:00,354.92,354.82,354.92,1,20,354.8247619047619,3.6773045821442466e-08,0.00027410536770799965
2020-11-20 22:47:00+00:00,354.92,354.92,354.93,19,75,354.92202127659573,4.868605594308964e-08,4.685350107447306e-06
2020-11-20 22:48:00+00:00,354.9,354.85,354.93,875,75,354.9236842105263,7.323300489274759e-08,0.00018152676727556383
2020-11-20 22:49:00+00:00,354.99,354.85,354.99,878,12,354.9881123595506,8.823012050046324e-08,-2.092448471713304e-06
2020-11-20 22:50:00+00:00,354.95,354.88,354.99,449,11,354.9873695652174,1.8770551451561942e-08,-0.00010041322689890997
2020-11-20 22:51:00+00:00,354.95,354.9,354.99,100,74,354.951724137931,4.095203383198054e-09,6.500694317335132e-05
2020-11-20 22:52:00+00:00,354.99,354.88,354.99,449,72,354.97479846449136,2.529405863516839e-11,-5.029319897875695e-06
2020-11-20 22:53:00+00:00,354.99,354.88,354.99,449,82,354.9730131826742,2.26638887908698e-08,2.6334194684674017e-05
2020-11-20 22:54:00+00:00,354.88,354.88,354.99,134,10,354.9823611111112,1.0246227559128028e-07,-0.0003650259706289294
2020-11-20 22:55:00+00:00,354.88,354.85,354.88,492,4811,354.85278333019045,6.700298585587345e-12,-1.4282059574988182e-06
2020-11-20 22:56:00+00:00,354.85,354.85,354.88,354,4311,354.85227652733124,9.183302495665883e-10,9.266320821765817e-09
2020-11-20 22:57:00+00:00,354.88,354.85,354.88,346,4207,354.8522798155063,2.356594225112956e-09,2.8988880825142616e-05
2020-11-20 22:58:00+00:00,354.88,354.85,354.88,346,480,354.8625665859564,1.2004080975983251e-08,-0.00012183097540841015
2020-11-20 22:59:00+00:00,354.85,354.81,354.85,42,138,354.8193333333333,2.613819400226745e-08,2.8384666857839136e-05
2020-11-20 23:00:00+00:00,354.85,354.78,354.83,415,5,354.8294047619047,7.441900998614034e-10,1.4165835637847124e-06
2020-11-20 23:01:00+00:00,354.85,354.78,354.85,385,155,354.8299074074074,9.04201571456761e-10,3.6770119358209286e-06
2020-11-20 23:02:00+00:00,354.85,354.81,354.85,175,155,354.83121212121216,2.2478902904493154e-09,-1.977244053319449e-05
2020-11-20 23:03:00+00:00,354.81,354.81,354.85,170,309,354.8241962421712,8.728695364553936e-09,2.421098438531999e-05
2020-11-20 23:04:00+00:00,354.81,354.81,354.85,139,105,354.8327868852459,2.746346797622942e-08,-0.0001737452791518157
2020-11-20 23:05:00+00:00,354.85,354.77,354.88,5,479,354.77113636363634,4.163805548177323e-09,9.913807823225262e-05
2020-11-20 23:06:00+00:00,354.8,354.8,354.88,41,479,354.8063076923077,1.6170073680923263e-10,-1.2716160458614567e-05
2020-11-20 23:07:00+00:00,354.8,354.8,354.88,11,479,354.80179591836736,3.765752258335558e-10,9.565777539410902e-06
2020-11-20 23:08:00+00:00,354.83,354.8,354.83,41,196,354.8051898734177,3.5894524844555097e-07,0.0005862514347247938
2020-11-20 23:09:00+00:00,355.0,355.0,355.02,1696,885,355.01314219294846,3.5884232670770897e-09,4.429129428107359e-05
2020-11-20 23:10:00+00:00,355.02,355.02,355.05,11,26,355.0289189189189,8.120680910438503e-09,0.0001131513181920063
2020-11-20 23:11:00+00:00,355.06,355.06,355.07,5,1,355.0683333333333,5.751249616184441e-07,-0.0003045130368251048
2020-11-20 23:12:00+00:00,354.9,354.96,354.99,5,150,354.96096774193546,5.67517555547017e-09,-0.00012614701281066232
2020-11-20 23:13:00+00:00,354.92,354.91,355.04,20,400,354.9161904761904,7.4530628766596e-09,0.00011164178575451267
2020-11-20 23:14:00+00:00,354.92,354.9,355.02,100,115,354.95581395348836,1.342839135992563e-08,-4.6419684552434504e-05
2020-11-20 23:15:00+00:00,354.99,354.92,354.99,100,262,354.9393370165746,2.90043292905195e-09,3.4184916675394916e-05
2020-11-20 23:16:00+00:00,354.98,354.95,354.98,10,194,354.95147058823534,4.165356031160439e-16,2.0409203882465476e-08
2020-11-20 23:17:00+00:00,354.98,354.95,354.98,10,193,354.9514778325123,1.3478417010487131e-09,1.682308087991302e-05
2020-11-20 23:18:00+00:00,354.98,354.95,354.98,110,333,354.9574492099323,8.603838862540557e-10,-2.6108458270335255e-05
2020-11-20 23:19:00+00:00,354.93,354.93,354.95,100,10,354.94818181818187,1.1879009404937287e-09,3.4136501893877735e-05
2020-11-20 23:20:00+00:00,354.95,354.95,354.98,115,220,354.9602985074627,2.518829207513237e-10,6.443662927457794e-06
2020-11-20 23:21:00+00:00,354.95,354.95,354.98,159,220,354.9625857519789,1.64948876929416e-08,0.00012532988134106304
2020-11-20 23:22:00+00:00,354.98,354.95,355.01,195,10,355.0070731707317,2.4458068661409642e-08,-0.00011030625761110358
2020-11-20 23:23:00+00:00,354.97,354.96,354.97,110,29,354.9679136690648,1.0582054543773627e-09,-4.465143737641952e-05
2020-11-20 23:24:00+00:00,354.98,354.95,354.98,125,1692,354.95206384149697,1.504521986347698e-10,-2.031343282915543e-06
2020-11-20 23:25:00+00:00,354.95,354.95,354.98,85,1814,354.9513428120063,8.735904217047588e-10,3.559835136068834e-05
2020-11-20 23:26:00+00:00,354.97,354.95,354.97,195,84,354.9639784946237,6.838198609331664e-10,-3.147569867623101e-05
2020-11-20 23:27:00+00:00,354.96,354.95,354.96,85,390,354.95178947368424,5.041238076761463e-08,-0.00015461162323515687
2020-11-20 23:28:00+00:00,354.86,354.86,354.94,64,71,354.89792592592596,4.0208449006548014e-08,-7.031022480019633e-05
2020-11-20 23:29:00+00:00,354.95,354.86,354.95,64,380,354.872972972973,5.46550470861324e-09,6.847451384128789e-05
2020-11-20 23:30:00+00:00,354.86,354.86,354.92,82,50,354.89727272727276,2.441739817346298e-08,-4.286214558257839e-05
2020-11-20 23:31:00+00:00,354.85,354.85,354.95,84,178,354.8820610687023,2.176907191894212e-08,-7.466618160634209e-05
2020-11-20 23:32:00+00:00,354.9,354.82,354.9,505,631,354.8555633802817,3.4319376926975194e-09,-1.4780405002245978e-05
2020-11-20 23:33:00+00:00,354.85,354.85,354.9,4,624,354.85031847133763,1.1676846551763049e-09,-1.6548782771796944e-05
2020-11-20 23:34:00+00:00,354.9,354.83,354.9,136,523,354.8444461305007,1.3693192305662292e-08,0.0001421801277519119
2020-11-20 23:35:00+00:00,354.95,354.83,354.95,106,90,354.89489795918365,2.9120258658146084e-08,0.0001250729592261468
2020-11-20 23:36:00+00:00,354.95,354.85,354.95,100,12,354.9392857142857,5.8989317324465915e-09,-6.118834288637576e-05
2020-11-20 23:37:00+00:00,354.85,354.85,354.95,25,12,354.9175675675676,5.9498331735073275e-09,-0.00010464975263757559
2020-11-20 23:38:00+00:00,354.9,354.88,354.9,3,138,354.8804255319149,2.5608613250653328e-08,0.00018068035884022393
2020-11-20 23:39:00+00:00,354.9,354.9,354.95,98,12,354.9445454545454,5.5793838936313414e-08,1.3247687329354108e-05
2020-11-20 23:40:00+00:00,354.9,354.87,354.95,316,3,354.9492476489028,4.929308655992602e-13,7.0209035429869e-07
2020-11-20 23:41:00+00:00,354.95,354.87,354.95,316,1,354.94974763406935,1.0593006238036764e-09,-3.68522014840833e-05
2020-11-20 23:42:00+00:00,354.9,354.9,354.97,90,83,354.9364161849711,2.882716940880499e-09,6.280363751254292e-05
2020-11-20 23:43:00+00:00,354.95,354.95,354.97,64,83,354.9587074829932,6.641582284199657e-09,-2.03898359323329e-05
2020-11-20 23:44:00+00:00,354.95,354.95,354.98,88,1708,354.95146993318485,1.0066259607637222e-08,-8.648252525045308e-05
2020-11-20 23:45:00+00:00,354.92,354.92,354.98,22,1686,354.9207728337237,1.6272053892678502e-18,1.2756196099417139e-09
2020-11-20 23:46:00+00:00,354.98,354.92,354.98,22,1685,354.9207732864676,2.0942166309056752e-08,2.4178782669359578e-05
2020-11-20 23:47:00+00:00,354.95,354.91,354.95,45,88,354.92353383458646,5.52183360859701e-09,-2.1507173554868864e-05
2020-11-20 23:48:00+00:00,354.95,354.9,354.95,265,345,354.92172131147544,3.674500774062446e-09,1.96752194137062e-06
2020-11-20 23:49:00+00:00,354.95,354.9,354.94,265,1,354.9398496240602,2.84463575666025e-09,2.135782872891845e-05
2020-11-20 23:50:00+00:00,354.9,354.92,354.94,5,5,354.93,3.897577799473813e-10,-2.6406291204650323e-05
2020-11-20 23:51:00+00:00,354.95,354.92,354.95,5,234,354.92062761506276,9.896772906699292e-10,-2.9474050201927504e-05
2020-11-20 23:52:00+00:00,354.92,354.91,354.92,5,295,354.9101666666667,7.533560660778366e-10,-1.4430754885941255e-05
2020-11-20 23:53:00+00:00,354.91,354.86,354.91,1000,110,354.90504504504503,4.76921979326604e-09,-6.936929602396891e-05
2020-11-20 23:54:00+00:00,354.89,354.88,354.89,2,45,354.8804255319149,6.27430861594525e-10,1.4064271773417403e-05
2020-11-20 23:55:00+00:00,354.92,354.87,354.92,148,239,354.8891214470285,1.3966561773333944e-09,-2.397273981413761e-05
2020-11-20 23:56:00+00:00,354.87,354.87,354.92,38,237,354.8769090909091,5.539542360325315e-09,9.815535606083614e-05
2020-11-20 23:57:00+00:00,354.87,354.9,354.92,337,237,354.9117421602787,3.6272589563724805e-11,5.57627266650762e-06
2020-11-20 23:58:00+00:00,354.9,354.9,354.92,507,232,354.91372124492557,1.3000065053587802e-10,-1.0967943091411136e-05
2020-11-20 23:59:00+00:00,354.92,354.9,354.92,172,178,354.9098285714286,8.249445763733449e-11,-1.1718268237981277e-05
