ts_recv,price,bid_px_00,ask_px_00,bid_sz_00,ask_sz_00,weighted_mid,rv_60s,ret_60s
2023-05-24 08:01:00+00:00,412.98,412.95,412.97,400,1600,412.954,1.6199164950715217e-07,0.00025497740102542465
2023-05-24 08:02:00+00:00,413.05,413.05,413.11,400,400,413.08,9.269915745580168e-08,0.0001938575823552391
2023-05-24 08:03:00+00:00,413.18,413.14,413.17,1,1200,413.140024979184,5.6497021227356226e-08,0.00020556027412954592
2023-05-24 08:04:00+00:00,413.2,413.2,413.25,900,400,413.2346153846154,1.6041356605548279e-07,0.00011041200314587662
2023-05-24 08:05:00+00:00,413.2,413.24,413.31,1400,1800,413.270625,1.3534075365070487e-07,0.0006944457947357652
2023-05-24 08:06:00+00:00,413.47,413.52,413.58,400,500,413.5466666666667,1.7104629252070798e-07,0.00010433898727235658
2023-05-24 08:07:00+00:00,413.67,413.56,413.61,400,400,413.585,1.4277832870952028e-07,-0.00025572783862548576
2023-05-24 08:08:00+00:00,413.5,413.44,413.51,1400,1800,413.470625,9.780597494011843e-08,1.2092044643807753e-05
2023-05-24 08:09:00+00:00,413.51,413.5,413.55,400,1300,413.51176470588234,7.967693230690934e-08,-9.893371441138665e-05
2023-05-24 08:10:00+00:00,413.42,413.41,413.47,1800,400,413.4590909090909,4.491717208226017e-08,-6.8937107499778e-05
2023-05-24 08:11:00+00:00,413.48,413.4,413.44,1300,400,413.4305882352941,6.68962650766842e-08,-8.608031506829317e-05
2023-05-24 08:12:00+00:00,413.37,413.35,413.42,1900,1300,413.3915625,2.3303147794236286e-08,-0.00016434929418740474
2023-05-24 08:13:00+00:00,413.37,413.32,413.36,400,2200,413.32615384615383,4.729676568620024e-08,-0.00013801743175778647
2023-05-24 08:14:00+00:00,413.27,413.26,413.28,401,400,413.27001248439456,2.494342887821159e-08,6.046292944228426e-05
2023-05-24 08:15:00+00:00,413.26,413.27,413.32,400,400,413.295,6.969871451871738e-08,-6.048948087933326e-05
2023-05-24 08:16:00+00:00,413.21,413.26,413.28,400,400,413.27,2.342940351301036e-08,-0.00016929986494051974
2023-05-24 08:17:00+00:00,413.25,413.2,413.24,1,1195,413.20003344481603,3.17052670429797e-08,0.0003024359754817407
2023-05-24 08:18:00+00:00,413.28,413.3,413.35,400,400,413.325,3.280848343314927e-08,8.325594799707403e-05
2023-05-24 08:19:00+00:00,413.35,413.32,413.36,400,400,413.34,9.221586159178344e-08,-0.00047032136966684845
2023-05-24 08:20:00+00:00,413.14,413.13,413.2,400,400,413.165,5.2868915109929714e-08,1.2101702709488293e-05
2023-05-24 08:21:00+00:00,413.15,413.14,413.2,400,400,413.17,6.440679158137266e-08,1.1073319454713015e-06
2023-05-24 08:22:00+00:00,413.18,413.16,413.18,400,365,413.1704575163399,9.028806228426106e-08,-1.1073307192299708e-06
2023-05-24 08:23:00+00:00,413.19,413.15,413.19,400,294,413.1730547550432,5.72582074871137e-08,0.0003423011627865513
2023-05-24 08:24:00+00:00,413.3,413.3,413.36,400,1700,413.31142857142856,5.055469156162771e-08,-7.177122018786619e-05
2023-05-24 08:25:00+00:00,413.28,413.27,413.32,400,1300,413.2817647058824,2.978116482760812e-08,-0.000161547669372486
2023-05-24 08:26:00+00:00,413.28,413.2,413.23,400,400,413.215,1.268975993073345e-08,-9.680190699745683e-05
2023-05-24 08:27:00+00:00,413.14,413.16,413.18,400,400,413.17,5.152058391827673e-08,3.6304229442674085e-05
2023-05-24 08:28:00+00:00,413.18,413.17,413.21,400,400,413.19,1.9588378478247052e-08,0.00012088899704321143
2023-05-24 08:29:00+00:00,413.24,413.22,413.24,400,1,413.2399501246883,1.7115553478645427e-08,8.481724794795475e-05
2023-05-24 08:30:00+00:00,413.24,413.25,413.3,400,400,413.275,2.9946239567187227e-08,-2.4196963281042372e-05
2023-05-24 08:31:00+00:00,413.24,413.25,413.28,400,400,413.265,6.915994902398422e-08,0.00018148161591224898
2023-05-24 08:32:00+00:00,413.37,413.32,413.36,400,400,413.34,1.067412994204716e-07,0.0003306398283899892
2023-05-24 08:33:00+00:00,413.54,413.45,413.48,400,400,413.465,6.275299965454078e-08,-0.00014511096958313985
2023-05-24 08:34:00+00:00,413.46,413.39,413.43,800,400,413.4166666666667,3.5097321404639484e-08,-0.00020643509647633174
2023-05-24 08:35:00+00:00,413.29,413.28,413.35,1200,400,413.3325,3.546936589913213e-08,0.00038105162484791677
2023-05-24 08:36:00+00:00,413.44,413.47,413.49,400,25,413.4888235294118,3.982621380239162e-08,2.845229474912614e-06
2023-05-24 08:37:00+00:00,413.51,413.47,413.51,400,400,413.49,5.873633244024014e-08,-0.00048368763452555363
2023-05-24 08:38:00+00:00,413.33,413.27,413.31,400,400,413.29,8.808813602565395e-08,-8.702863333809319e-05
2023-05-24 08:39:00+00:00,413.33,413.25,413.27,101,400,413.2540319361277,5.437191585844169e-08,0.0002816738313129452
2023-05-24 08:40:00+00:00,413.33,413.34,413.39,1400,900,413.3704347826087,3.747224829631521e-08,4.7330954865199004e-05
2023-05-24 08:41:00+00:00,413.4,413.37,413.41,400,400,413.39,5.8540653978020637e-08,0.00036285347976505733
2023-05-24 08:42:00+00:00,413.5,413.52,413.56,400,400,413.54,3.818516100003224e-08,0.0
2023-05-24 08:43:00+00:00,413.52,413.52,413.56,400,400,413.54,4.435252348619502e-08,-0.00019487409995200267
2023-05-24 08:44:00+00:00,413.51,413.45,413.49,400,500,413.46777777777777,5.3210711707014844e-08,0.0002553775105602618
2023-05-24 08:45:00+00:00,413.51,413.55,413.58,400,400,413.565,7.007573868476801e-08,0.0002901599506728303
2023-05-24 08:46:00+00:00,413.72,413.66,413.71,400,400,413.685,4.7159899375590374e-08,0.0002538163095109347
2023-05-24 08:47:00+00:00,413.76,413.73,413.78,800,400,413.7633333333333,6.656622537729448e-08,-6.041711979509756e-05
2023-05-24 08:48:00+00:00,413.66,413.75,413.78,400,400,413.765,4.623304952193483e-08,-0.00011261403134821268
2023-05-24 08:49:00+00:00,413.73,413.69,413.73,801,327,413.7184042553192,2.396299512227825e-08,-0.00018375615432209003
2023-05-24 08:50:00+00:00,413.65,413.61,413.65,1700,400,413.64238095238096,4.228442306884009e-08,0.00023599865998802372
2023-05-24 08:51:00+00:00,413.65,413.72,413.75,400,400,413.735,1.9967709658054904e-08,-6.554455039997631e-05
2023-05-24 08:52:00+00:00,413.73,413.7,413.73,301,400,413.7128815977175,4.198649370306714e-08,0.00010905728172705409
2023-05-24 08:53:00+00:00,413.82,413.75,413.79,400,1600,413.758,5.969850926090164e-08,0.00020355430522722706
2023-05-24 08:54:00+00:00,413.79,413.82,413.87,400,500,413.84222222222223,6.370903046941235e-08,-6.577922879902331e-05
2023-05-24 08:55:00+00:00,413.77,413.77,413.83,400,400,413.8,7.411676733787706e-08,0.0004349769824680827
2023-05-24 08:56:00+00:00,414.0,413.97,414.02,400,400,413.995,4.082909670171654e-08,-0.00013285184603684108
2023-05-24 08:57:00+00:00,414.02,413.92,413.96,400,400,413.94,5.667883772430743e-08,0.00014312529115056982
2023-05-24 08:58:00+00:00,413.99,413.96,414.0,1300,25,413.99924528301887,6.220787294761492e-08,-2.233164220510897e-05
2023-05-24 08:59:00+00:00,414.0,413.97,414.01,400,400,413.99,5.205853587147008e-08,1.2077586415193409e-05
2023-05-24 09:00:00+00:00,414.0,413.98,414.01,400,400,413.995,3.3015564136550584e-07,0.00010332921358413572
2023-05-24 09:01:00+00:00,414.05,414.01,414.06,500,400,414.03777777777776,5.98691308747558e-08,0.00015028150947049568
2023-05-24 09:02:00+00:00,414.08,414.1,414.11,20,400,414.10047619047623,3.76881158786141e-08,9.659502535619424e-05
2023-05-24 09:03:00+00:00,414.15,414.12,414.16,400,400,414.14,1.907717827248537e-08,-4.829284782914556e-05
2023-05-24 09:04:00+00:00,414.16,414.08,414.14,400,1700,414.0914285714286,6.561146074468441e-08,0.0
2023-05-24 09:05:00+00:00,414.1,414.11,414.13,400,400,414.12,1.56587231783201e-08,0.00012073795035250079
2023-05-24 09:06:00+00:00,414.1,414.15,414.19,400,400,414.17,7.95965224184594e-08,-0.00038074295021939264
2023-05-24 09:07:00+00:00,414.01,413.96,414.02,800,1300,413.98285714285714,5.801897998421123e-08,-0.00016257413380493801
2023-05-24 09:08:00+00:00,413.9,413.92,413.97,400,400,413.945,6.824964652071745e-08,-4.831559748275094e-05
2023-05-24 09:09:00+00:00,413.87,413.9,413.95,400,400,413.925,3.100867410954294e-08,-0.0003800391189411334
2023-05-24 09:10:00+00:00,413.85,413.74,413.78,400,400,413.76,7.657747083320685e-08,-9.295442630385953e-05
2023-05-24 09:11:00+00:00,413.73,413.72,413.78,400,2200,413.72923076923075,7.294494155003432e-08,-3.951659756518122e-05
2023-05-24 09:12:00+00:00,413.71,413.7,413.73,301,400,413.7128815977175,5.4959074239860606e-08,-0.0002501005833127623
2023-05-24 09:13:00+00:00,413.6,413.58,413.63,1300,400,413.61823529411765,3.5614178416664706e-08,9.481333151262206e-06
2023-05-24 09:14:00+00:00,413.6,413.6,413.63,400,400,413.615,2.5297492151914697e-08,0.0001732697205119038
2023-05-24 09:15:00+00:00,413.66,413.66,413.71,400,400,413.685,4.7391230038813615e-08,-0.00021513953853780077
2023-05-24 09:16:00+00:00,413.62,413.58,413.6,400,100,413.596,8.867048790507518e-09,4.593854872880776e-05
2023-05-24 09:17:00+00:00,413.6,413.6,413.63,400,400,413.615,2.187009257278777e-08,-0.00016923951017244754
2023-05-24 09:18:00+00:00,413.57,413.53,413.56,400,400,413.545,2.0573317120987093e-08,-4.164534022232935e-05
2023-05-24 09:19:00+00:00,413.52,413.52,413.56,400,400,413.54,2.1529001415452737e-08,0.00021258184203354347
2023-05-24 09:20:00+00:00,413.63,413.6,413.63,400,365,413.6156862745098,4.5280823820232706e-08,2.3702973301897856e-06
2023-05-24 09:21:00+00:00,413.58,413.6,413.65,400,800,413.6166666666667,3.205783906850946e-08,8.0589918201035e-06
2023-05-24 09:22:00+00:00,413.63,413.61,413.64,400,800,413.62,3.265560114941754e-08,-0.0001580789502070301
2023-05-24 09:23:00+00:00,413.64,413.52,413.57,900,400,413.5546153846154,3.76090781385554e-08,-0.00017615733454034999
2023-05-24 09:24:00+00:00,413.49,413.47,413.52,400,1300,413.48176470588237,2.7278352146140177e-08,0.00020130342187352213
2023-05-24 09:25:00+00:00,413.49,413.55,413.58,400,400,413.565,4.269660676905643e-08,8.889704371117801e-05
2023-05-24 09:26:00+00:00,413.63,413.59,413.64,400,1300,413.6017647058824,1.857647784294142e-08,-2.8444525353443773e-05
2023-05-24 09:27:00+00:00,413.62,413.57,413.61,400,400,413.59,3.9370796422421105e-08,-7.395786961506001e-05
2023-05-24 09:28:00+00:00,413.55,413.55,413.59,400,500,413.5677777777778,2.517833612896174e-08,-9.157886893640388e-05
2023-05-24 09:29:00+00:00,413.55,413.51,413.55,300,740,413.52153846153846,5.859699588658215e-09,-2.7902927575151892e-05
2023-05-24 09:30:00+00:00,413.52,413.5,413.51,500,400,413.50555555555553,2.1337625910165686e-08,2.4183212014250444e-05
2023-05-24 09:31:00+00:00,413.52,413.51,413.53,400,400,413.52,3.523559812309515e-08,6.986092302407876e-05
2023-05-24 09:32:00+00:00,413.48,413.51,413.56,1400,400,413.5488888888889,2.3412799077240552e-08,-9.36769667506665e-05
2023-05-24 09:33:00+00:00,413.48,413.52,413.56,400,400,413.54,5.0021545218021423e-08,3.907576421102732e-06
2023-05-24 09:34:00+00:00,413.44,413.5,413.55,400,1300,413.51176470588234,2.5406152278869228e-08,1.9915501372702593e-05
2023-05-24 09:35:00+00:00,413.44,413.5,413.54,400,400,413.52,4.0858879650308275e-08,0.0001330044496035132
2023-05-24 09:36:00+00:00,413.54,413.56,413.59,400,400,413.575,2.7027635324895083e-08,-0.0002607133805877515
2023-05-24 09:37:00+00:00,413.54,413.45,413.49,301,400,413.4671754636234,2.2588579032423577e-08,-6.3527105107819e-05
2023-05-24 09:38:00+00:00,413.45,413.43,413.49,400,1800,413.4409090909091,1.835059779523575e-08,-0.00011104148113949552
2023-05-24 09:39:00+00:00,413.33,413.38,413.42,1700,400,413.41238095238094,4.430109830699959e-08,0.00013304466672314774
2023-05-24 09:40:00+00:00,413.42,413.43,413.47,400,400,413.45,3.4023973732361444e-08,0.0
2023-05-24 09:41:00+00:00,413.42,413.43,413.47,400,400,413.45,3.296526961117172e-08,0.00019349377191923978
2023-05-24 09:42:00+00:00,413.47,413.51,413.55,400,400,413.53,9.908176152999952e-09,-5.110167453792336e-05
2023-05-24 09:43:00+00:00,413.54,413.49,413.54,400,660,413.5088679245283,3.2239219341552644e-08,-9.668241418880896e-05
2023-05-24 09:44:00+00:00,413.54,413.43,413.48,1400,400,413.4688888888889,3.007677098683487e-08,-2.149832581799238e-05
2023-05-24 09:45:00+00:00,413.43,413.44,413.48,400,400,413.46,2.971195999890233e-08,0.00018811439505106442
2023-05-24 09:46:00+00:00,413.43,413.52,413.56,400,500,413.53777777777776,4.902077466523684e-08,-0.0003694409216946637
2023-05-24 09:47:00+00:00,413.43,413.37,413.4,400,400,413.385,4.162018236498045e-08,2.4190524571476857e-05
2023-05-24 09:48:00+00:00,413.36,413.34,413.39,400,500,413.3622222222222,4.226588870328634e-08,-2.4189939404228866e-05
2023-05-24 09:49:00+00:00,413.44,413.37,413.42,500,400,413.3977777777778,1.031155201494527e-08,3.6339483915126536e-05
2023-05-24 09:50:00+00:00,413.4,413.4,413.42,1,400,413.40004987531177,1.052720754300614e-08,-4.843298617118741e-05
2023-05-24 09:51:00+00:00,413.4,413.37,413.42,400,1600,413.38,1.5654290552814887e-08,-3.225442288767866e-05
2023-05-24 09:52:00+00:00,413.39,413.34,413.41,400,900,413.3615384615385,1.6486748829513437e-08,0.0002015966454318452
2023-05-24 09:53:00+00:00,413.45,413.43,413.47,400,400,413.45,3.0516769569790657e-08,6.449792397322796e-05
2023-05-24 09:54:00+00:00,413.5,413.46,413.51,400,800,413.4766666666667,3.602156381191651e-08,3.224688212966065e-05
2023-05-24 09:55:00+00:00,413.5,413.47,413.51,400,400,413.49,3.484000735476848e-08,-5.1055916977738036e-05
2023-05-24 09:56:00+00:00,413.51,413.44,413.5,1300,1400,413.4688888888889,1.0656899239204903e-08,6.315133208989465e-05
2023-05-24 09:57:00+00:00,413.47,413.48,413.51,400,400,413.495,3.236558309659084e-08,-0.0002353297919145403
2023-05-24 09:58:00+00:00,413.47,413.37,413.41,900,400,413.3976923076923,1.2512102146493191e-08,-4.706609140958662e-05
2023-05-24 09:59:00+00:00,413.47,413.34,413.39,1300,400,413.37823529411764,1.781705691974543e-08,-7.024166186442304e-05
2023-05-24 10:00:00+00:00,413.36,413.33,413.36,711,400,413.349198919892,2.3888056213503217e-08,-2.6066941230418195e-05
2023-05-24 10:01:00+00:00,413.34,413.33,413.34,711,133,413.3384241706161,1.1633492401772863e-07,0.0001973584467680478
2023-05-24 10:02:00+00:00,413.4,413.4,413.44,400,400,413.42,2.3324335909267874e-07,0.0003090749789020908
2023-05-24 10:03:00+00:00,413.49,413.52,413.57,1300,900,413.54954545454547,8.222545286120085e-08,-0.0002799622776353816
2023-05-24 10:04:00+00:00,413.5,413.4,413.44,1600,400,413.432,7.656377376071795e-08,0.00027735314795829247
2023-05-24 10:05:00+00:00,413.6,413.53,413.57,1300,400,413.5605882352941,7.161496140867852e-08,-0.0004499575171827974
2023-05-24 10:06:00+00:00,413.33,413.32,413.37,900,400,413.3546153846154,6.033323044268147e-08,-0.00015867075178632728
2023-05-24 10:07:00+00:00,413.31,413.32,413.36,400,400,413.34,1.1970562341387944e-07,-0.0003247819819518494
2023-05-24 10:08:00+00:00,413.16,413.15,413.17,400,400,413.16,3.830303831400876e-08,0.0001867597542166699
2023-05-24 10:09:00+00:00,413.26,413.22,413.24,25,400,413.22117647058826,7.306977736805231e-08,-0.0003602849696358046
2023-05-24 10:10:00+00:00,413.1,413.07,413.09,800,40,413.0890476190476,8.534945495005615e-08,-0.00031459732642580285
2023-05-24 10:11:00+00:00,412.91,412.93,412.99,1700,400,412.97857142857146,6.408933544364406e-08,-6.560191962667883e-05
2023-05-24 10:12:00+00:00,412.95,412.95,412.96,991,400,412.95712437095614,4.2199367045836236e-08,-7.720515263442973e-05
2023-05-24 10:13:00+00:00,412.93,412.9,412.93,2,500,412.9001195219123,1.0801957892008622e-07,4.3168996244347113e-07
2023-05-24 10:14:00+00:00,412.95,412.9,412.94,3,400,412.9002977667494,2.7242771419750887e-08,0.00012181149273593483
2023-05-24 10:15:00+00:00,412.95,412.92,412.96,1301,400,412.9505937683715,4.4305516385793747e-08,-0.00027992154537581637
2023-05-24 10:16:00+00:00,412.82,412.8,412.85,363,1800,412.80839112343966,4.9260385546288505e-08,-5.493286116553531e-05
2023-05-24 10:17:00+00:00,412.85,412.8,412.85,363,1110,412.8123217922607,7.597420110780194e-08,4.757421039336407e-06
2023-05-24 10:18:00+00:00,412.8,412.8,412.82,375,150,412.8142857142857,4.692606865209792e-08,0.00016655858664438306
2023-05-24 10:19:00+00:00,412.8,412.87,412.92,800,500,412.90076923076924,3.6983209994269175e-08,-0.00013257842761582594
2023-05-24 10:20:00+00:00,412.86,412.79,412.84,1310,400,412.8283040935673,4.4744924765962455e-08,-6.850101030142497e-05
2023-05-24 10:21:00+00:00,412.84,412.8,412.81,1,400,412.80002493765585,8.942849608698684e-08,-0.00021661548364326766
2023-05-24 10:22:00+00:00,412.65,412.71,412.74,400,400,412.725,3.3016700366359723e-08,-0.00017915554592873306
2023-05-24 10:23:00+00:00,412.65,412.62,412.64,500,400,412.6311111111111,4.788794047567141e-08,0.00012001795653282521
2023-05-24 10:24:00+00:00,412.65,412.67,412.69,1700,400,412.68619047619046,7.87017675929572e-09,2.7532883225989124e-05
2023-05-24 10:25:00+00:00,412.7,412.68,412.7,1700,237,412.6975529168818,3.847077829124999e-08,1.804489284107369e-05
2023-05-24 10:26:00+00:00,412.71,412.68,412.73,400,400,412.705,5.606758473589233e-08,0.0001574974860978351
2023-05-24 10:27:00+00:00,412.74,412.75,412.79,400,400,412.77,2.90479385370378e-08,-0.00010498178969720051
2023-05-24 10:28:00+00:00,412.74,412.71,412.74,500,400,412.7266666666667,1.7737713910834282e-08,-6.314554822650642e-05
2023-05-24 10:29:00+00:00,412.72,412.67,412.71,1303,400,412.7006048150323,4.7833216608679806e-08,-4.9926786614529206e-05
2023-05-24 10:30:00+00:00,412.68,412.67,412.69,500,500,412.68,2.602687951564908e-08,0.0001066201415138579
2023-05-24 10:31:00+00:00,412.72,412.66,412.72,1600,400,412.708,1.9730013879482822e-08,-0.00022407471496255216
2023-05-24 10:32:00+00:00,412.66,412.63,412.66,20,375,412.6315189873418,2.9854269047681364e-08,-7.632487640130137e-05
2023-05-24 10:33:00+00:00,412.61,412.6,412.64,1,410,412.600097323601,2.7172121119437812e-08,0.00019383193773747642
2023-05-24 10:34:00+00:00,412.66,412.65,412.69,400,400,412.67,9.14541698904835e-09,-8.077283448038042e-05
2023-05-24 10:35:00+00:00,412.64,412.6,412.65,301,510,412.6185573366215,2.9565970861267814e-08,9.962787641848436e-05
2023-05-24 10:36:00+00:00,412.66,412.67,412.71,400,500,412.6877777777778,3.784624672783428e-08,-0.00040369818579721883
2023-05-24 10:37:00+00:00,412.52,412.5,412.54,450,400,412.5211764705882,2.1754707772930526e-08,4.563045604788485e-05
2023-05-24 10:38:00+00:00,412.54,412.52,412.56,400,400,412.54,2.981276485010312e-08,0.00019876860425660503
2023-05-24 10:39:00+00:00,412.6,412.61,412.67,400,1600,412.622,7.781508908083992e-09,3.1823048825208033e-05
2023-05-24 10:40:00+00:00,412.63,412.61,412.64,1600,310,412.6351308900523,1.171561735113997e-08,-0.00017922472888953767
2023-05-24 10:41:00+00:00,412.58,412.56,412.58,25,400,412.56117647058824,2.4295513558646794e-08,0.00014163080745710488
2023-05-24 10:42:00+00:00,412.58,412.6,412.62,500,10,412.61960784313726,5.170348840597657e-08,0.0002334792166378552
2023-05-24 10:43:00+00:00,412.72,412.68,412.72,400,550,412.69684210526316,2.515757809687941e-08,0.0002014068569737848
2023-05-24 10:44:00+00:00,412.81,412.77,412.82,400,288,412.7990697674419,5.81625089675006e-08,0.00024390393862705473
2023-05-24 10:45:00+00:00,412.9,412.88,412.92,400,410,412.89975308641976,5.2960358946415774e-08,-0.0001133735479356135
2023-05-24 10:46:00+00:00,412.85,412.83,412.86,500,400,412.8466666666667,2.19670590752927e-08,-4.345657904125666e-05
2023-05-24 10:47:00+00:00,412.85,412.8,412.85,1300,400,412.8382352941176,1.2122306415866226e-07,7.266825729423942e-05
2023-05-24 10:48:00+00:00,412.89,412.85,412.88,400,400,412.865,1.854541035601967e-08,-9.543070979622925e-05
2023-05-24 10:49:00+00:00,412.82,412.8,412.84,1600,900,412.8256,2.6634036176251602e-08,3.026759506985499e-05
2023-05-24 10:50:00+00:00,412.82,412.79,412.83,1700,400,412.82238095238097,1.4166937806286555e-08,-3.8064039863505705e-05
2023-05-24 10:51:00+00:00,412.82,412.79,412.83,1700,400,412.82238095238097,1.636700272547992e-08,-5.767498301501028e-06
2023-05-24 10:52:00+00:00,412.8,412.8,412.84,500,500,412.82,4.000972797721087e-08,3.134823039241397e-05
2023-05-24 10:53:00+00:00,412.77,412.81,412.84,1300,400,412.83294117647057,2.0327146121792274e-08,0.00022057063389824272
2023-05-24 10:54:00+00:00,412.93,412.9,412.93,1600,350,412.9246153846154,2.1437273755988366e-08,-0.00020318569367860917
2023-05-24 10:55:00+00:00,412.96,412.84,412.88,1,400,412.84009975062344,2.4427197035686204e-08,5.0894669632040035e-05
2023-05-24 10:56:00+00:00,412.89,412.85,412.87,500,400,412.8611111111111,4.699195520335765e-08,0.0002875106659516735
2023-05-24 10:57:00+00:00,412.92,412.92,412.98,1600,5,412.97981308411215,2.3036552175537847e-08,-0.00023684713153815373
2023-05-24 10:58:00+00:00,412.94,412.85,412.9,1600,900,412.882,2.998714298706212e-08,-6.446244838820281e-05
2023-05-24 10:59:00+00:00,412.9,412.84,412.89,400,900,412.8553846153846,4.992037851037787e-08,9.945774510233818e-05
2023-05-24 11:00:00+00:00,412.9,412.87,412.9,800,400,412.89,8.980507650937234e-08,0.00032614674050179815
2023-05-24 11:01:00+00:00,413.04,413.02,413.04,500,400,413.0311111111111,7.057930171898297e-08,-0.00017041868675560234
2023-05-24 11:02:00+00:00,412.97,412.96,412.98,15,400,412.9607228915663,6.604052848484994e-08,-7.403521967142002e-05
2023-05-24 11:03:00+00:00,412.94,412.93,412.96,2,400,412.9301492537314,4.74225024696713e-08,-4.032962669864304e-05
2023-05-24 11:04:00+00:00,412.92,412.9,412.92,830,400,412.91349593495937,5.083229598540639e-08,6.561253289483204e-05
2023-05-24 11:05:00+00:00,412.92,412.91,412.95,1300,400,412.9405882352941,7.1731210434480956e-09,9.235797485818154e-05
2023-05-24 11:06:00+00:00,412.98,412.96,412.99,500,301,412.9787265917603,1.1469928307550399e-08,-0.00011527377078379697
2023-05-24 11:07:00+00:00,412.93,412.92,412.94,1,400,412.92004987531175,3.8911243943651506e-08,-5.241141344736189e-05
2023-05-24 11:08:00+00:00,412.94,412.9,412.95,400,410,412.9246913580247,2.1519956188718705e-08,-2.2061715886478872e-05
2023-05-24 11:09:00+00:00,412.88,412.89,412.91,400,400,412.9,2.597487687385098e-08,-0.0001677355493931998
2023-05-24 11:10:00+00:00,412.82,412.82,412.84,500,400,412.8311111111111,4.892892159501395e-08,-0.0003175901902311429
2023-05-24 11:11:00+00:00,412.71,412.68,412.72,400,400,412.7,5.492459048356516e-08,-9.69688358445353e-05
2023-05-24 11:12:00+00:00,412.61,412.63,412.66,400,1,412.65992518703246,3.540736198591381e-08,2.274306329930198e-07
2023-05-24 11:13:00+00:00,412.69,412.66,412.69,1,400,412.6600748129676,8.592655457408827e-09,4.8315075515947825e-05
2023-05-24 11:14:00+00:00,412.69,412.69,412.71,1800,301,412.70713469776297,9.830518118600153e-09,1.5821785348757444e-05
2023-05-24 11:15:00+00:00,412.68,412.68,412.71,99,355,412.6865418502203,8.97267606058975e-08,0.00020492371888769512
2023-05-24 11:16:00+00:00,412.79,412.74,412.78,1400,400,412.7711111111111,4.2164410930890014e-08,5.288661142177631e-05
2023-05-24 11:17:00+00:00,412.8,412.77,412.8,1300,400,412.7929411764706,1.1700967388839907e-08,8.153321083170795e-05
2023-05-24 11:18:00+00:00,412.83,412.81,412.83,400,82,412.8265975103734,7.488749325499877e-08,0.00024721073768141366
2023-05-24 11:19:00+00:00,412.92,412.92,412.94,1300,401,412.93528512639625,2.9359755672063003e-08,7.669582229596905e-05
2023-05-24 11:20:00+00:00,412.97,412.95,412.97,400,375,412.96032258064514,4.106248722640702e-08,-0.00031533969034147624
2023-05-24 11:21:00+00:00,412.83,412.81,412.84,1,400,412.81007481296757,4.962981683031488e-08,-0.00018191454653027073
2023-05-24 11:22:00+00:00,412.7,412.75,412.76,1,1,412.755,2.6533198085808905e-08,-0.00015747419381839656
2023-05-24 11:23:00+00:00,412.7,412.69,412.7,1,5749,412.6900017391305,2.2816681660781383e-08,-2.4235477206424605e-05
2023-05-24 11:24:00+00:00,412.67,412.67,412.69,400,400,412.68,1.6795641586494614e-08,-7.259881709875682e-05
2023-05-24 11:25:00+00:00,412.66,412.65,412.67,1,500,412.6500399201597,1.5889206666245097e-08,0.00014524478406952035
2023-05-24 11:26:00+00:00,412.72,412.7,412.72,402,400,412.7100249376559,2.8236262926252226e-08,-9.686023723110004e-05
2023-05-24 11:27:00+00:00,412.65,412.64,412.67,2,1300,412.6400460829493,1.781664415648353e-08,-6.93160422682304e-05
2023-05-24 11:28:00+00:00,412.67,412.64,412.67,1830,400,412.6646188340807,3.363145545521574e-08,0.00021625437458250296
2023-05-24 11:29:00+00:00,412.74,412.72,412.74,1300,300,412.73625,3.7287450147379577e-08,0.0001740930607518898
2023-05-24 11:30:00+00:00,412.79,412.78,412.81,21,301,412.7819565217392,2.85441064564e-08,7.154400428599494e-05
2023-05-24 11:31:00+00:00,412.84,412.83,412.85,95,401,412.83383064516124,2.8646821270954068e-08,1.0982159137862268e-05
2023-05-24 11:32:00+00:00,412.82,412.82,412.85,400,325,412.8365517241379,8.851361291710097e-09,-9.59518362086964e-06
2023-05-24 11:33:00+00:00,412.82,412.8,412.84,400,1300,412.8094117647059,3.770820475439487e-08,-0.00015155185274939864
2023-05-24 11:34:00+00:00,412.8,412.78,412.82,400,1300,412.7894117647059,4.3258083754695456e-08,0.00010070805225970147
2023-05-24 11:35:00+00:00,412.84,412.8,412.85,400,1325,412.81159420289856,2.1358337348791247e-08,-5.218925022798526e-05
2023-05-24 11:36:00+00:00,412.8,412.79,412.81,4,400,412.79019801980195,1.0289861587965398e-07,0.0001865835331831267
2023-05-24 11:37:00+00:00,412.87,412.85,412.88,400,303,412.86706970128023,8.569524600339722e-08,-0.000234930066916883
2023-05-24 11:38:00+00:00,412.78,412.77,412.8,1,400,412.77007481296755,1.785533537629138e-08,-0.0001990940747402803
2023-05-24 11:39:00+00:00,412.72,412.68,412.71,145,406,412.68789473684217,5.4559641081903713e-08,6.403418732348065e-05
2023-05-24 11:40:00+00:00,412.71,412.69,412.72,1713,400,412.71432087079984,3.812741726110692e-08,-2.4197350744548096e-05
2023-05-24 11:41:00+00:00,412.72,412.69,412.71,1012,400,412.70433427762043,6.423764129468422e-08,-3.461170897023358e-05
2023-05-24 11:42:00+00:00,412.67,412.69,412.71,1,400,412.6900498753117,3.132944636817122e-08,-6.9056070347572884e-06
2023-05-24 11:43:00+00:00,412.71,412.67,412.71,301,399,412.6872000000001,4.6181084796465115e-08,0.00016922511053651945
2023-05-24 11:44:00+00:00,412.75,412.74,412.76,2300,400,412.75703703703704,8.879998599606742e-09,5.601465560434171e-05
2023-05-24 11:45:00+00:00,412.79,412.78,412.79,6,375,412.7801574803149,4.973391674151689e-08,-0.000258287157742787
2023-05-24 11:46:00+00:00,412.68,412.67,412.68,136,400,412.6725373134329,7.237720453789403e-08,0.00011854623761853311
2023-05-24 11:47:00+00:00,412.72,412.7,412.73,900,302,412.722462562396,2.2598215579088117e-08,-7.853385755429709e-05
2023-05-24 11:48:00+00:00,412.71,412.69,412.71,1,400,412.6900498753117,1.1370637933599046e-08,0.00012098830454121412
2023-05-24 11:49:00+00:00,412.73,412.73,412.74,513,1,412.7399805447471,2.382666369571825e-08,-0.00016169332909243828
2023-05-24 11:50:00+00:00,412.68,412.67,412.68,192,400,412.67324324324323,6.4815794770648894e-09,8.418473759030931e-05
2023-05-24 11:51:00+00:00,412.71,412.7,412.72,200,301,412.7079840319362,3.780808027155889e-08,8.058637649321909e-05
2023-05-24 11:52:00+00:00,412.77,412.72,412.76,453,400,412.74124267291916,1.8094945932643586e-08,-1.512490702093583e-05
2023-05-24 11:53:00+00:00,412.73,412.72,412.75,400,400,412.735,2.104631669269357e-08,-0.00026928754101573915
2023-05-24 11:54:00+00:00,412.63,412.62,412.63,251,400,412.62385560675887,3.185798853114539e-08,-0.00031943837286707577
2023-05-24 11:55:00+00:00,412.48,412.47,412.51,1,1600,412.4700249843848,5.745969410016854e-08,0.00010412876204624055
2023-05-24 11:56:00+00:00,412.52,412.52,412.55,400,400,412.535,1.5711559948466347e-08,2.430066690561894e-05
2023-05-24 11:57:00+00:00,412.55,412.54,412.55,101,93,412.54520618556705,3.1263981631424924e-08,-9.647347076524593e-05
2023-05-24 11:58:00+00:00,412.5,412.5,412.52,145,410,412.5052252252252,5.4059692416532293e-08,-0.0002791499904662986
2023-05-24 11:59:00+00:00,412.42,412.39,412.43,3,1610,412.3900743955363,6.122493242374427e-08,0.00029068589210767826
2023-05-24 12:00:00+00:00,412.49,412.49,412.51,405,1,412.5099507389162,7.821803370749398e-08,0.00033950605958765756
2023-05-24 12:01:00+00:00,412.66,412.64,412.66,400,390,412.65012658227846,9.109453724079086e-08,-0.0003005794036329279
2023-05-24 12:02:00+00:00,412.54,412.54,412.55,50,400,412.5411111111111,6.29286570228571e-08,-0.0002326569039624582
2023-05-24 12:03:00+00:00,412.38,412.41,412.43,400,1,412.4299501246883,4.792071421936149e-08,-1.971118698051999e-05
2023-05-24 12:04:00+00:00,412.44,412.42,412.44,41,400,412.42185941043084,1.1904958375765123e-07,0.00039043077764322476
2023-05-24 12:05:00+00:00,412.57,412.56,412.6,1641,1400,412.5815850049326,8.709664507387666e-08,0.00021132438767224038
2023-05-24 12:06:00+00:00,412.71,412.67,412.7,1,425,412.6700704225352,3.616218273425961e-08,0.00026052052412239846
2023-05-24 12:07:00+00:00,412.78,412.76,412.78,1300,179,412.77757944557135,2.5551805218207867e-08,5.018014152624595e-05
2023-05-24 12:08:00+00:00,412.85,412.79,412.83,340,1300,412.7982926829268,1.793610011663296e-08,0.0001736960628213602
2023-05-24 12:09:00+00:00,412.86,412.86,412.87,1700,1,412.8699941211052,5.487785111447062e-08,-6.053750929124746e-05
2023-05-24 12:10:00+00:00,412.83,412.83,412.86,400,400,412.845,4.221661020671747e-08,0.0001331252160987617
2023-05-24 12:11:00+00:00,412.89,412.86,412.9,1400,1601,412.87866044651776,4.6524482667814886e-08,0.00012490595174918795
2023-05-24 12:12:00+00:00,412.96,412.95,412.97,25,301,412.9515337423313,3.211920912605804e-08,0.00018961186825650067
2023-05-24 12:13:00+00:00,413.02,413.0,413.03,1800,10,413.0298342541436,3.2959740908784596e-08,6.630656494399645e-05
2023-05-24 12:14:00+00:00,413.01,413.02,413.07,900,809,413.0463311878291,4.698271123167601e-08,-0.00033217483336600573
2023-05-24 12:15:00+00:00,412.93,412.92,412.95,301,400,412.93288159771754,3.8314867652756163e-08,3.908799635032878e-05
2023-05-24 12:16:00+00:00,412.97,412.92,412.95,301,2300,412.9234717416378,1.7410040662210584e-08,-0.0003054440918364154
2023-05-24 12:17:00+00:00,412.83,412.81,412.83,1,400,412.8100498753117,4.9258270824726656e-08,9.337585956470384e-05
2023-05-24 12:18:00+00:00,412.84,412.83,412.85,1300,100,412.8485714285714,3.089978268278787e-08,6.914635458765694e-05
2023-05-24 12:19:00+00:00,412.84,412.86,412.89,400,301,412.8771184022824,3.912362722077291e-08,-7.375496063710685e-05
2023-05-24 12:20:00+00:00,412.84,412.82,412.86,800,400,412.8466666666667,5.578927766108437e-08,-4.043051735724834e-05
2023-05-24 12:21:00+00:00,412.82,412.81,412.82,500,1400,412.8126315789474,3.329779699797381e-08,0.00017674616315210834
2023-05-24 12:22:00+00:00,412.91,412.88,412.91,1300,400,412.90294117647056,3.26261819236936e-08,0.0001139706667996343
2023-05-24 12:23:00+00:00,412.99,412.93,412.96,301,400,412.9428815977175,2.7429162728107836e-08,0.0002407355968176983
2023-05-24 12:24:00+00:00,413.04,413.04,413.08,400,1300,413.0494117647059,4.0005048652159216e-08,0.00013458011005673676
2023-05-24 12:25:00+00:00,413.09,413.09,413.12,400,400,413.105,5.841781101389825e-08,-0.00027825915628287845
2023-05-24 12:26:00+00:00,413.0,412.99,413.0,2,400,412.99004975124376,3.6444653607037926e-08,3.9326198241873556e-05
2023-05-24 12:27:00+00:00,413.0,412.98,413.02,400,438,412.99909307875896,6.474911144784616e-08,-0.0004262210631964525
2023-05-24 12:28:00+00:00,412.84,412.83,412.84,21,10,412.83677419354837,3.9714192274909767e-08,4.4545061612888404e-05
2023-05-24 12:29:00+00:00,412.82,412.84,412.86,900,25,412.85945945945946,2.009849789810537e-08,-1.287473104905068e-05
2023-05-24 12:30:00+00:00,412.87,412.82,412.85,2901,2200,412.83706136051757,5.693183795786223e-08,-0.0004717722368633437
2023-05-24 12:31:00+00:00,412.66,412.64,412.65,400,300,412.6457142857143,6.025242671149003e-08,-0.00018014539565402998
2023-05-24 12:32:00+00:00,412.55,412.57,412.59,222,828,412.5742285714286,9.02974293115453e-08,-0.00010714096901454084
2023-05-24 12:33:00+00:00,412.57,412.53,412.55,1,800,412.530024968789,4.760811315766534e-08,-9.696941657277858e-05
2023-05-24 12:34:00+00:00,412.5,412.49,412.5,2,400,412.49004975124376,5.85891064690299e-08,9.691828869051733e-05
2023-05-24 12:35:00+00:00,412.53,412.52,412.55,900,400,412.54076923076923,3.787960494973634e-08,-0.00015654030728584623
2023-05-24 12:36:00+00:00,412.46,412.45,412.49,1502,800,412.4760990443093,3.5925781814983186e-08,0.00033114427912273037
2023-05-24 12:37:00+00:00,412.62,412.57,412.61,2403,900,412.59910081743874,5.82017694862241e-08,-9.838954496921293e-05
2023-05-24 12:38:00+00:00,412.55,412.56,412.57,400,1,412.56997506234416,5.1711833789460015e-08,0.0001891771478144122
2023-05-24 12:39:00+00:00,412.65,412.63,412.64,25,10,412.63714285714286,7.188008292135261e-08,-9.547150739619426e-05
2023-05-24 12:40:00+00:00,412.6,412.6,412.63,1,1400,412.60002141327624,3.730880927331855e-08,-0.00036122063470234167
2023-05-24 12:41:00+00:00,412.47,412.45,412.48,99,2800,412.4510244912039,2.183898462236042e-08,0.0001793222060975097
2023-05-24 12:42:00+00:00,412.49,412.5,412.53,1808,301,412.52571834992887,6.545751674054088e-08,0.00019396129657489602
2023-05-24 12:43:00+00:00,412.59,412.59,412.62,400,400,412.605,5.386397007364018e-08,-9.084055116159728e-05
2023-05-24 12:44:00+00:00,412.61,412.56,412.59,301,900,412.567518734388,3.259106661747255e-08,2.7222854689368248e-05
2023-05-24 12:45:00+00:00,412.55,412.56,412.59,1400,400,412.5833333333333,6.126747485199827e-08,-0.00018010029735060495
2023-05-24 12:46:00+00:00,412.5,412.5,412.51,400,500,412.50444444444446,1.2243255491143667e-07,-0.00017165410400232783
2023-05-24 12:47:00+00:00,412.4,412.43,412.45,400,1800,412.43363636363637,5.4792798392518e-08,6.394904008133473e-05
2023-05-24 12:48:00+00:00,412.47,412.46,412.47,1,1400,412.46000713775874,8.930507209534751e-08,-0.0001453746347618301
2023-05-24 12:49:00+00:00,412.44,412.4,412.42,1,400,412.40004987531177,1.6723599387537777e-07,0.0002353746732086659
2023-05-24 12:50:00+00:00,412.5,412.48,412.51,400,301,412.4971184022824,2.787876866844573e-08,-0.0001384563606959821
2023-05-24 12:51:00+00:00,412.46,412.44,412.46,1,900,412.4400221975583,6.533306444038426e-08,0.0001350645250224325
2023-05-24 12:52:00+00:00,412.5,412.49,412.52,402,1701,412.49573466476465,2.998358848678942e-08,-4.0782671335559684e-05
2023-05-24 12:53:00+00:00,412.47,412.46,412.48,2,3506,412.46001140250854,3.6503760728876374e-08,-0.00023166168773625095
2023-05-24 12:54:00+00:00,412.38,412.37,412.4,400,1500,412.37631578947367,2.2389359099921196e-08,-0.0001292854177307179
2023-05-24 12:55:00+00:00,412.34,412.33,412.34,2,500,412.3300398406374,1.7351862551838423e-08,2.9342718306235582e-06
2023-05-24 12:56:00+00:00,412.35,412.33,412.34,143,1000,412.3312510936133,8.874212004896891e-09,-0.00012419168525079627
2023-05-24 12:57:00+00:00,412.29,412.28,412.31,2,1800,412.2800332963374,3.09547725614346e-08,-2.4031919809375246e-05
2023-05-24 12:58:00+00:00,412.28,412.27,412.3,3,800,412.27011207970116,3.52878141685876e-08,-4.389936095627878e-05
2023-05-24 12:59:00+00:00,412.26,412.25,412.27,103,920,412.2520136852395,2.111725975348098e-08,6.90554358167006e-05
2023-05-24 13:00:00+00:00,412.29,412.27,412.3,402,405,412.28494423791824,6.373353319079203e-08,3.348154273608017e-05
2023-05-24 13:01:00+00:00,412.28,412.25,412.3,3100,400,412.2942857142857,7.995975864388793e-08,-0.0001312342778736486
2023-05-24 13:02:00+00:00,412.26,412.24,412.27,3,1301,412.24006901840494,7.570697648583443e-08,9.697207032677291e-05
2023-05-24 13:03:00+00:00,412.29,412.28,412.3,7,400,412.280343980344,1.7887410254967305e-08,-0.00015984855399042708
2023-05-24 13:04:00+00:00,412.21,412.21,412.23,270,1000,412.2142519685039,1.8557147969785742e-08,6.341408195864595e-05
2023-05-24 13:05:00+00:00,412.26,412.24,412.26,54,2300,412.2404587935429,5.6512153443921884e-08,-8.348856970907814e-05
2023-05-24 13:06:00+00:00,412.19,412.2,412.22,403,446,412.2094935217903,7.11017838695754e-08,0.0002765872651337986
2023-05-24 13:07:00+00:00,412.32,412.28,412.33,2800,1,412.3299821492324,5.3191372785676384e-08,4.8631260207709914e-05
2023-05-24 13:08:00+00:00,412.36,412.34,412.37,1301,2,412.3699539524175,4.822919642097574e-08,-9.21861570563065e-05
2023-05-24 13:09:00+00:00,412.3,412.3,412.34,48,900,412.3020253164557,4.369819232159073e-08,-1.738786609584153e-06
2023-05-24 13:10:00+00:00,412.31,412.3,412.32,28,400,412.30130841121496,3.982029168026614e-08,0.00016869418404752423
2023-05-24 13:11:00+00:00,412.39,412.37,412.39,18,900,412.37039215686275,6.147882440475066e-08,0.00021616162624082946
2023-05-24 13:12:00+00:00,412.44,412.45,412.47,400,400,412.46,5.799789111115319e-08,0.00010204517344414299
2023-05-24 13:13:00+00:00,412.52,412.49,412.52,405,600,412.5020895522388,2.0669988862235004e-08,-5.961073376747894e-05
2023-05-24 13:14:00+00:00,412.48,412.47,412.5,10,30,412.47749999999996,6.709141370302147e-08,-9.083332706039116e-05
2023-05-24 13:15:00+00:00,412.45,412.44,412.47,501,400,412.4566814650388,1.793525472396043e-07,-0.00023271078104680765
2023-05-24 13:16:00+00:00,412.36,412.34,412.37,125,800,412.344054054054,1.8310453294192352e-08,-0.00010492916929616403
2023-05-24 13:17:00+00:00,412.32,412.3,412.32,62,500,412.30220640569394,4.211378526043762e-08,-0.00019565233829921258
2023-05-24 13:18:00+00:00,412.26,412.22,412.25,2,500,412.22011952191235,3.8284175539955704e-08,-0.00014054221001558176
2023-05-24 13:19:00+00:00,412.18,412.16,412.19,404,500,412.17340707964604,3.970447833139895e-08,0.00014085661091423063
2023-05-24 13:20:00+00:00,412.23,412.22,412.24,5,410,412.2202409638555,4.813340276532226e-08,7.235963825680258e-05
2023-05-24 13:21:00+00:00,412.27,412.25,412.28,3,1300,412.25006907137373,4.0323123859771085e-08,0.00012769384708111176
2023-05-24 13:22:00+00:00,412.31,412.28,412.29,50,600,412.28076923076924,2.4350918836827287e-08,-0.00011972847083918658
2023-05-24 13:23:00+00:00,412.27,412.25,412.28,113,900,412.25334649555776,2.4226239780798936e-08,0.00021685503594004452
2023-05-24 13:24:00+00:00,412.34,412.34,412.35,72,10,412.34878048780485,3.6589431458434056e-08,-0.0001831613708010993
2023-05-24 13:25:00+00:00,412.26,412.26,412.28,113,200,412.26722044728433,2.5821176484978084e-08,-0.0002809762544421224
2023-05-24 13:26:00+00:00,412.16,412.15,412.18,87,2300,412.15109342270637,5.720415090348681e-08,5.915313784754517e-05
2023-05-24 13:27:00+00:00,412.2,412.17,412.21,101,600,412.17576319543514,5.421884393491608e-08,0.00010038617293872676
2023-05-24 13:28:00+00:00,412.25,412.23,412.26,100,2101,412.2313630168105,7.652519971709697e-08,1.9067759095658943e-05
2023-05-24 13:29:00+00:00,412.21,412.22,412.24,500,1500,412.225,1.2875274195887706e-07,0.0004975426101947455
2023-05-24 13:30:00+00:00,412.4,412.4,412.43,600,500,412.41636363636366,1.8671079286619037e-07,-0.0005793923878795182
2023-05-24 13:31:00+00:00,412.18,412.17,412.18,306,400,412.1743342776204,1.9248557268640366e-07,-0.000851727226817256
2023-05-24 13:32:00+00:00,411.85,411.85,411.86,1300,200,411.8586666666667,1.4924123631869479e-07,0.00013402516475680137
2023-05-24 13:33:00+00:00,411.89,411.89,411.9,339,200,411.89628942486087,1.919414774393011e-07,0.0005907042212898173
2023-05-24 13:34:00+00:00,412.13,412.13,412.14,400,300,412.1357142857143,1.452725660729246e-07,0.0002865425521467735
2023-05-24 13:35:00+00:00,412.27,412.26,412.27,300,300,412.265,1.4994273679351135e-07,-0.0003940655263732218
2023-05-24 13:36:00+00:00,412.1,412.1,412.11,171,1500,412.1010233393178,1.1857836375921043e-07,-7.332913099933336e-05
2023-05-24 13:37:00+00:00,412.03,412.03,412.04,300,300,412.035,8.553582965770011e-08,-0.00018866491000024688
2023-05-24 13:38:00+00:00,412.01,412.0,412.02,700,526,412.01141924959217,9.729749144374049e-08,2.4272654730594923e-05
2023-05-24 13:39:00+00:00,412.0,412.0,412.01,300,500,412.00375,7.410295319573575e-08,-0.00034457664533171783
2023-05-24 13:40:00+00:00,411.87,411.87,411.88,300,1001,411.8723059185242,1.3274068998962996e-07,-0.0001417213722109123
2023-05-24 13:41:00+00:00,411.78,411.76,411.78,1101,800,411.7715833771699,1.378447873571655e-07,0.00041014519864557286
2023-05-24 13:42:00+00:00,411.96,411.95,411.96,638,100,411.9586449864498,9.840715832224983e-08,-0.00012095446797522058
2023-05-24 13:43:00+00:00,411.92,411.92,411.93,300,834,411.92264550264554,1.2317489646014846e-07,-0.0003169096870154764
2023-05-24 13:44:00+00:00,411.78,411.8,411.81,200,1300,411.80133333333333,1.5692110166948354e-07,-0.00015637961576608905
2023-05-24 13:45:00+00:00,411.76,411.77,411.78,2090,50,411.77976635514017,2.3102864451376662e-07,-2.949043035505028e-05
2023-05-24 13:46:00+00:00,411.71,411.71,411.72,100,330,411.7123255813953,1.3433314457422651e-07,-0.0004446850790300605
2023-05-24 13:47:00+00:00,411.52,411.53,411.54,172,500,411.53255952380954,2.1217233644830553e-07,0.00018700338340416067
2023-05-24 13:48:00+00:00,411.6,411.59,411.6,219,410,411.5934817170111,1.5072053901864255e-07,-0.0004993518717588685
2023-05-24 13:49:00+00:00,411.375,411.37,411.39,1600,500,411.3852380952381,8.999691149445902e-08,0.00016576340801455203
2023-05-24 13:50:00+00:00,411.46,411.45,411.47,500,1400,411.45526315789476,1.7110230028424305e-07,0.000169946732156534
2023-05-24 13:51:00+00:00,411.54,411.53,411.54,751,476,411.53612061939697,1.0119389604926627e-07,-0.0001473060001234705
2023-05-24 13:52:00+00:00,411.46,411.45,411.46,400,1508,411.4520964360587,9.130387997376258e-08,-0.0004332488960601122
2023-05-24 13:53:00+00:00,411.29,411.28,411.29,1,585,411.2800170648464,1.9887061641029555e-07,-0.0003202556513390853
2023-05-24 13:54:00+00:00,411.15,411.14,411.15,1,700,411.14001426533525,9.369722431790154e-08,-0.00031619943953475893
2023-05-24 13:55:00+00:00,411.05,411.04,411.05,547,100,411.04845440494586,2.55416944649147e-07,0.0010175563442174074
2023-05-24 13:56:00+00:00,411.45,411.43,411.44,300,1500,411.4316666666667,1.3680898691686993e-07,-0.00037590927180053413
2023-05-24 13:57:00+00:00,411.3,411.29,411.31,792,1167,411.29808575803986,1.0636100801074612e-07,1.5605794667639117e-05
2023-05-24 13:58:00+00:00,411.33,411.32,411.33,300,880,411.32254237288134,1.5691299700016198e-07,-0.00017530897045636706
2023-05-24 13:59:00+00:00,411.23,411.23,411.24,518,1400,411.23270072992705,7.53912739748996e-08,-0.00023197330326463206
2023-05-24 14:00:00+00:00,411.14,411.13,411.14,1300,500,411.13722222222225,1.6924464583681451e-07,0.0003924882474606317
2023-05-24 14:01:00+00:00,411.32,411.31,411.32,500,500,411.315,1.1259427497001112e-07,-0.0003533708894213339
2023-05-24 14:02:00+00:00,411.15,411.15,411.16,348,1498,411.15188515709644,1.921316286828302e-07,-0.0002374032224442546
2023-05-24 14:03:00+00:00,411.04,411.03,411.04,500,300,411.03625,9.95648415311375e-08,-7.079901097384322e-06
2023-05-24 14:04:00+00:00,411.05,411.05,411.06,400,806,411.0533167495854,1.2028038470697714e-07,-0.0004783325965623808
2023-05-24 14:05:00+00:00,410.87,410.87,410.88,300,500,410.87375,1.8732854264904884e-07,-0.00017170179327918866
2023-05-24 14:06:00+00:00,410.73,410.73,410.74,300,1200,410.732,8.054452017217459e-08,-0.00023991743959150824
2023-05-24 14:07:00+00:00,410.67,410.67,410.68,96,2230,410.6704127257094,1.3748908584915298e-07,0.00011551458196956688
2023-05-24 14:08:00+00:00,410.74,410.73,410.74,599,691,410.7346434108527,9.862605616450012e-08,-0.00032136309390506934
2023-05-24 14:09:00+00:00,410.61,410.61,410.62,100,662,410.611312335958,7.751179865210207e-08,-4.5631658731726255e-05
2023-05-24 14:10:00+00:00,410.6,410.6,410.61,800,696,410.60534759358296,9.895270978737012e-08,0.00037952380243688744
2023-05-24 14:11:00+00:00,410.75,410.73,410.74,1100,1541,410.7341650889815,7.447026643350502e-08,-0.00013288540642575342
2023-05-24 14:12:00+00:00,410.71,410.7,410.71,300,500,410.70375,6.853344155980989e-08,-2.0542462274120155e-05
2023-05-24 14:13:00+00:00,410.69,410.69,410.7,500,310,410.6961728395062,1.1635015998718138e-07,-8.086222144465527e-05
2023-05-24 14:14:00+00:00,410.64,410.65,410.66,119,704,410.65144592952606,1.2978544846777845e-07,0.0009437302936050607
2023-05-24 14:15:00+00:00,411.02,411.01,411.02,1,1600,411.0100062460962,1.3419630217146716e-07,-0.0007764867120606533
2023-05-24 14:16:00+00:00,410.72,410.71,410.72,300,809,410.7127051397655,1.1432426339762064e-07,0.0007647170019344784
2023-05-24 14:17:00+00:00,411.03,411.03,411.04,301,630,411.0332330827068,1.2684100698314777e-07,6.877772925806269e-05
2023-05-24 14:18:00+00:00,411.07,411.05,411.07,400,1278,411.05476758045296,1.5471820482423074e-07,0.00019526118330914777
2023-05-24 14:19:00+00:00,411.14,411.13,411.14,300,376,411.1344378698225,1.0407948382995477e-07,-0.0003614977068148173
2023-05-24 14:20:00+00:00,410.97,410.97,410.98,400,885,410.9731128404669,1.5430190973398006e-07,-0.0002407555852280696
2023-05-24 14:21:00+00:00,410.88,410.88,410.89,400,400,410.885,1.2168525587288685e-07,-0.0003879320900926908
2023-05-24 14:22:00+00:00,410.74,410.73,410.75,300,965,410.73474308300393,1.1936213755510455e-07,6.521592339270299e-05
2023-05-24 14:23:00+00:00,410.73,410.72,410.73,500,100,410.72833333333335,9.021332515675946e-08,-0.0003051609464660432
2023-05-24 14:24:00+00:00,410.61,410.59,410.61,501,2384,410.59347313691507,2.039011608697581e-07,-0.0006491259270641203
2023-05-24 14:25:00+00:00,410.355,410.35,410.37,800,783,410.3601073910297,1.1520535478489856e-07,0.0003726836647117704
2023-05-24 14:26:00+00:00,410.5,410.48,410.49,417,694,410.4837533753375,9.692101351094931e-08,-9.733040083892419e-05
2023-05-24 14:27:00+00:00,410.48,410.47,410.49,200,915,410.47358744394626,1.1921437302447314e-07,-0.0001984771590016754
2023-05-24 14:28:00+00:00,410.39,410.37,410.38,400,500,410.37444444444446,9.824926413948372e-08,0.0005908187243848229
2023-05-24 14:29:00+00:00,410.62,410.63,410.64,45,1200,410.63036144578314,1.58717675731295e-07,0.00010088560830934235
2023-05-24 14:30:00+00:00,410.66,410.66,410.67,300,400,410.6642857142857,2.344440219603553e-07,0.0007038428709549294
2023-05-24 14:31:00+00:00,410.97,410.96,410.97,400,1100,410.9626666666667,1.2151129452461138e-07,-0.0003150245414980102
2023-05-24 14:32:00+00:00,410.85,410.84,410.85,100,444,410.8418382352941,1.2234780991468846e-07,-0.00014097263001178195
2023-05-24 14:33:00+00:00,410.77,410.76,410.78,1600,400,410.776,8.524509626609501e-08,0.00029305261648748804
2023-05-24 14:34:00+00:00,410.89,410.88,410.89,300,600,410.8833333333333,1.0219729877123462e-07,0.00011729365328783103
2023-05-24 14:35:00+00:00,410.93,410.92,410.93,501,200,410.9271469329529,9.328111340079391e-08,0.0003320304688536613
2023-05-24 14:36:00+00:00,411.1,411.08,411.09,300,1000,411.08230769230767,6.406487823879106e-08,-0.0001680194283074643
2023-05-24 14:37:00+00:00,410.99,410.97,410.98,577,100,410.9785228951256,6.717785329289321e-08,-0.00028844967448571346
2023-05-24 14:38:00+00:00,410.87,410.87,410.88,200,500,410.87285714285713,1.373795073229547e-07,0.00014424881663743783
2023-05-24 14:39:00+00:00,410.94,410.93,410.94,401,673,410.93373370577285,9.089286561684983e-08,-5.0405240754614056e-05
2023-05-24 14:40:00+00:00,410.92,410.92,410.93,400,300,410.92571428571426,3.0315626647945525e-07,-0.0006984303519305124
2023-05-24 14:41:00+00:00,410.63,410.62,410.64,800,1258,410.62777453838675,1.2438231385343785e-07,0.0007948638836365873
2023-05-24 14:42:00+00:00,410.98,410.97,410.99,1000,1000,410.98,1.7609442967902032e-07,0.00014513802163773626
2023-05-24 14:43:00+00:00,411.02,411.02,411.03,300,562,411.02348027842226,1.1803908058624814e-07,-0.00023923444976081676
2023-05-24 14:44:00+00:00,410.93,410.92,410.93,400,331,410.9254719562244,8.670582736886641e-08,-4.333250038679459e-06
2023-05-24 14:45:00+00:00,410.92,410.9,410.92,605,800,410.90861209964413,1.6228308551891114e-07,0.00024372008901440978
2023-05-24 14:46:00+00:00,411.0,411.0,411.01,600,500,411.00545454545454,1.0785434490731719e-07,0.00010789270318412036
2023-05-24 14:47:00+00:00,411.11,411.11,411.12,400,450,411.11470588235295,1.0087368012131885e-07,0.00012946542420100293
2023-05-24 14:48:00+00:00,411.13,411.13,411.14,200,364,411.1335460992908,6.309376131326159e-07,-0.0010597845170434717
2023-05-24 14:49:00+00:00,410.7,410.71,410.72,419,355,410.7154134366925,2.2841511832069861e-07,-0.00010506204242632933
2023-05-24 14:50:00+00:00,410.65,410.65,410.66,300,600,410.6533333333333,1.265702024558575e-07,-4.1221734884300254e-05
2023-05-24 14:51:00+00:00,410.63,410.63,410.64,820,230,410.6378095238095,2.5197625137522164e-07,-0.0006037409029376883
2023-05-24 14:52:00+00:00,410.39,410.38,410.39,808,100,410.3888986784141,1.1894127514036068e-07,0.00018953753312134225
2023-05-24 14:53:00+00:00,410.46,410.46,410.47,500,200,410.46714285714285,6.459943536013582e-08,-1.6290272400687478e-05
2023-05-24 14:54:00+00:00,410.46,410.45,410.47,525,1580,410.4549881235154,1.0688498378372954e-07,-0.00011369065464061912
2023-05-24 14:55:00+00:00,410.415,410.41,410.42,333,1497,410.4118196721312,9.539506563381924e-08,0.0001687138618371442
2023-05-24 14:56:00+00:00,410.48,410.48,410.49,400,2195,410.48154142581893,7.852693775681872e-08,0.00010742229354687716
2023-05-24 14:57:00+00:00,410.53,410.53,410.54,400,300,410.5357142857143,3.982726398820407e-08,-0.00021957281296725029
2023-05-24 14:58:00+00:00,410.44,410.43,410.44,250,676,410.43269978401725,1.0968436440955019e-07,-9.304955748290489e-05
2023-05-24 14:59:00+00:00,410.4,410.39,410.4,700,299,410.397007007007,3.7616323875743425e-08,0.000142120834231374
2023-05-24 15:00:00+00:00,410.47,410.46,410.47,700,563,410.4655423594616,1.2221971424195775e-07,-0.00028886251206250435
2023-05-24 15:01:00+00:00,410.33,410.33,410.34,439,510,410.3346259220231,1.0861038384359429e-07,-0.00031476997811408225
2023-05-24 15:02:00+00:00,410.22,410.21,410.22,713,500,410.21587798845843,8.283438100589498e-08,0.00027170655481900674
2023-05-24 15:03:00+00:00,410.29,410.28,410.29,700,300,410.287,4.82484278735437e-08,0.0001567472520966895
2023-05-24 15:04:00+00:00,410.4,410.38,410.39,400,710,410.3836036036036,7.663806914514504e-08,0.00022517709039626688
2023-05-24 15:05:00+00:00,410.49,410.49,410.5,500,808,410.4938226299694,5.7681276796473485e-08,-0.000501951225883257
2023-05-24 15:06:00+00:00,410.27,410.26,410.28,2012,701,410.27483228897904,9.774725048895976e-08,0.00044300727621937597
2023-05-24 15:07:00+00:00,410.44,410.44,410.45,687,720,410.44488272921103,4.2118054244283367e-08,9.664802955877683e-05
2023-05-24 15:08:00+00:00,410.47,410.47,410.48,590,294,410.4766742081448,4.879052843631224e-07,-0.0001500633875809454
2023-05-24 15:09:00+00:00,410.42,410.41,410.42,400,300,410.4157142857143,5.038473606608027e-08,6.771691927931478e-05
2023-05-24 15:10:00+00:00,410.5,410.5,410.52,600,990,410.50754716981135,1.3326413703216368e-07,-0.0001249530993100434
2023-05-24 15:11:00+00:00,410.38,410.4,410.41,321,400,410.40445214979195,6.834086700928037e-08,0.000441877826898196
2023-05-24 15:12:00+00:00,410.6,410.59,410.6,1100,280,410.5979710144927,9.568383009593076e-08,0.000310467654454305
2023-05-24 15:13:00+00:00,410.71,410.71,410.72,787,452,410.71635189669087,4.3484606532634033e-07,-0.0007989941404533685
2023-05-24 15:14:00+00:00,410.39,410.39,410.4,593,493,410.3954604051565,9.274278501610394e-08,0.00018907137347468073
2023-05-24 15:15:00+00:00,410.465,410.46,410.47,300,769,410.46280636108514,7.710959470712603e-08,0.0002752960676437599
2023-05-24 15:16:00+00:00,410.57,410.56,410.57,452,686,410.56397188049203,1.0301543442155219e-07,0.0003883367952155492
2023-05-24 15:17:00+00:00,410.735,410.75,410.76,477,400,410.75543899657924,5.968749427369067e-08,-0.00010373065851176921
2023-05-24 15:18:00+00:00,410.7,410.7,410.71,254,1873,410.7011941701927,6.829194239883379e-08,-0.00012490386787544772
2023-05-24 15:19:00+00:00,410.65,410.64,410.65,300,300,410.645,6.207749386833668e-08,4.596233791276383e-05
2023-05-24 15:20:00+00:00,410.65,410.65,410.67,771,1470,410.6568808567604,7.686225061085518e-08,-8.035367280445627e-07
2023-05-24 15:21:00+00:00,410.65,410.65,410.66,794,300,410.6572577696527,9.956276973956632e-08,0.00047419569907347636
2023-05-24 15:22:00+00:00,410.87,410.85,410.86,556,100,410.85847560975617,1.5082261585479291e-07,0.0003609219458453605
2023-05-24 15:23:00+00:00,411.01,410.99,411.0,1687,400,410.99808337326306,1.470769010536611e-07,0.0008478213161067227
2023-05-24 15:24:00+00:00,411.37,411.37,411.38,309,300,411.37507389162556,1.1680690873358407e-07,7.74614341414459e-05
2023-05-24 15:25:00+00:00,411.39,411.37,411.38,833,194,411.37811100292106,8.822248293509897e-08,0.00010808108306625819
2023-05-24 15:26:00+00:00,411.44,411.43,411.44,799,100,411.4388876529477,1.541758660603757e-07,0.0005010268439165078
2023-05-24 15:27:00+00:00,411.63,411.63,411.64,400,105,411.63792079207917,3.401047688949584e-07,0.0002031346809794332
2023-05-24 15:28:00+00:00,411.7,411.7,411.71,500,400,411.7055555555556,3.407020299859692e-07,-0.0008578267037928633
2023-05-24 15:29:00+00:00,411.37,411.37,411.38,400,736,411.3735211267606,6.010076601969081e-07,-0.0003827707713728312
2023-05-24 15:30:00+00:00,411.22,411.21,411.22,200,636,411.21239234449763,9.156977493326344e-08,0.00030776592054637675
2023-05-24 15:31:00+00:00,411.33,411.33,411.34,200,677,411.33228050171033,4.480509298462848e-07,-0.000989944531664455
2023-05-24 15:32:00+00:00,410.95,410.94,410.95,565,400,410.9458549222798,2.0246522218136854e-07,0.0002641172327713104
2023-05-24 15:33:00+00:00,411.04,411.03,411.04,430,100,411.0381132075472,1.38105585678407e-07,0.00016947729970562264
2023-05-24 15:34:00+00:00,411.11,411.1,411.11,300,454,411.1039787798409,7.6658149148347e-08,-0.00025010957845927884
2023-05-24 15:35:00+00:00,410.98,410.98,410.99,407,500,410.9844873208379,2.691454651628046e-07,-0.0001209973167123346
2023-05-24 15:36:00+00:00,410.94,410.93,410.95,502,2076,410.9338944918542,7.305393756043682e-08,0.00019501981125236156
2023-05-24 15:37:00+00:00,411.03,411.03,411.04,421,600,411.03412340842306,9.325044820280272e-08,-0.00036356117956448664
2023-05-24 15:38:00+00:00,410.88,410.87,410.88,625,1564,410.872855185016,9.891886178896796e-08,0.00022456668287018644
2023-05-24 15:39:00+00:00,410.97,410.96,410.97,601,370,410.96618949536565,9.516224750122059e-08,2.0043451180340455e-05
2023-05-24 15:40:00+00:00,410.97,410.97,410.98,54,1469,410.97035456336187,5.895577056224972e-08,1.4769888887045113e-05
2023-05-24 15:41:00+00:00,410.98,410.97,410.99,500,975,410.97677966101696,5.3611723738384215e-08,4.456798896401715e-05
2023-05-24 15:42:00+00:00,410.98,410.98,410.99,400,1279,410.98238237045865,1.692957133183583e-07,-0.0001302473994682085
2023-05-24 15:43:00+00:00,410.95,410.93,410.95,586,300,410.9432279909706,9.812576601258697e-07,-0.0013241392986524936
2023-05-24 15:44:00+00:00,410.44,410.43,410.44,200,300,410.434,1.405686361775315e-07,0.00011418394741524729
2023-05-24 15:45:00+00:00,410.44,410.44,410.45,391,347,410.44529810298104,1.3476634088608913e-07,-0.00020869801936485022
2023-05-24 15:46:00+00:00,410.36,410.35,410.37,300,346,410.35928792569655,1.9747457474767514e-07,0.0002093468228157036
2023-05-24 15:47:00+00:00,410.46,410.46,410.47,300,709,410.4629732408325,1.0022065940884332e-07,0.00035286761103314745
2023-05-24 15:48:00+00:00,410.63,410.62,410.64,555,1056,410.62689013035384,3.2321279818034393e-07,6.812861190552688e-05
2023-05-24 15:49:00+00:00,410.64,410.63,410.64,458,340,410.6357393483709,7.095828320881494e-08,0.0001835257806963586
2023-05-24 15:50:00+00:00,410.7,410.69,410.71,1801,400,410.7063652885052,2.5093287773678117e-07,6.729896662549528e-05
2023-05-24 15:51:00+00:00,410.73,410.72,410.74,735,1055,410.72821229050277,7.764769811578587e-08,-0.00019190112661815473
2023-05-24 15:52:00+00:00,410.65,410.64,410.65,1541,100,410.6493906154783,9.036635369570747e-08,0.0001418244117168399
2023-05-24 15:53:00+00:00,410.7,410.7,410.71,700,300,410.707,9.589214914671693e-08,0.00023208020638287863
2023-05-24 15:54:00+00:00,410.78,410.78,410.79,338,500,410.7840334128878,3.292765886563208e-07,-0.0005599869335577434
2023-05-24 15:55:00+00:00,410.57,410.56,410.58,500,500,410.57,7.843045453344516e-08,0.00011624086705164238
2023-05-24 15:56:00+00:00,410.63,410.62,410.63,400,500,410.62444444444446,1.0714537991010374e-07,-0.0003155748891683352
2023-05-24 15:57:00+00:00,410.48,410.48,410.49,700,300,410.487,8.130327201595658e-08,0.00011909692053246879
2023-05-24 15:58:00+00:00,410.54,410.54,410.55,800,200,410.548,1.2800147529594475e-07,-0.0002905401087096582
2023-05-24 15:59:00+00:00,410.42,410.42,410.43,337,400,410.42457259158755,4.562861056582671e-08,-1.2112424772947605e-05
2023-05-24 16:00:00+00:00,410.43,410.42,410.44,638,2600,410.4239407041384,9.889064290453547e-08,0.00018204920539344194
2023-05-24 16:01:00+00:00,410.51,410.52,410.53,500,250,410.52666666666664,1.4251895622161403e-07,0.0005050283132048694
2023-05-24 16:02:00+00:00,410.72,410.7,410.71,601,1400,410.70300349825084,7.528375168961967e-08,0.00012295513620830256
2023-05-24 16:03:00+00:00,410.75,410.74,410.75,707,190,410.74788182831657,5.4446055953530186e-08,0.00012396518864843387
2023-05-24 16:04:00+00:00,410.81,410.81,410.82,500,46,410.81915750915755,7.339762846269788e-08,-5.417183964295802e-06
2023-05-24 16:05:00+00:00,410.8,410.8,410.81,500,1187,410.8029638411382,7.368774661219005e-08,2.4266103682224482e-05
2023-05-24 16:06:00+00:00,410.81,410.81,410.82,500,305,410.8162111801242,8.504216454072218e-08,-0.000178127482757251
2023-05-24 16:07:00+00:00,410.73,410.74,410.75,400,589,410.7440444893832,6.1147312767921e-08,0.0001285751989934525
2023-05-24 16:08:00+00:00,410.79,410.79,410.8,300,467,410.79391134289443,7.278451222321399e-08,0.00029975135848325785
2023-05-24 16:09:00+00:00,410.92,410.91,410.93,600,1500,410.9157142857143,1.2678776439736174e-07,-0.00043920759386006925
2023-05-24 16:10:00+00:00,410.75,410.74,410.75,100,529,410.7415898251192,9.697767805324652e-08,-0.00031839055827553864
2023-05-24 16:11:00+00:00,410.6,410.61,410.62,230,300,410.6143396226415,2.639992042074394e-07,-0.0006999110946465104
2023-05-24 16:12:00+00:00,410.31,410.3,410.31,445,200,410.3068992248062,8.086517438974246e-08,7.952328460714142e-05
2023-05-24 16:13:00+00:00,410.35,410.34,410.36,1243,1452,410.3492244897959,4.9407834266462796e-08,0.00020895517783969808
2023-05-24 16:14:00+00:00,410.46,410.46,410.47,400,301,410.4657061340941,8.143422434219261e-08,0.00042047668346612
2023-05-24 16:15:00+00:00,410.62,410.61,410.62,300,300,410.615,5.504602557796361e-08,-0.0004776489198059508
2023-05-24 16:16:00+00:00,410.42,410.41,410.43,300,427,410.4182530949106,5.324851333601114e-08,-4.008679882872013e-05
2023-05-24 16:17:00+00:00,410.4,410.39,410.41,400,1703,410.39380408939604,9.249037101920914e-08,0.00014097916119149012
2023-05-24 16:18:00+00:00,410.46,410.45,410.46,300,1344,410.45182481751823,1.59785490345847e-07,-0.0008182746179893341
2023-05-24 16:19:00+00:00,410.11,410.1,410.12,600,300,410.11333333333334,8.539373409243721e-08,0.00018410846936589564
2023-05-24 16:20:00+00:00,410.19,410.19,410.2,500,400,410.19555555555553,8.082278013806725e-08,-0.0001198624223179845
2023-05-24 16:21:00+00:00,410.14,410.14,410.15,89,429,410.1417181467182,6.159439027441799e-08,-0.00038699031139899365
2023-05-24 16:22:00+00:00,409.99,409.99,410.0,300,701,409.992997002997,1.2445567540076273e-07,6.7304796050216e-05
2023-05-24 16:23:00+00:00,410.0,409.99,410.01,1047,1700,409.9976228613032,6.973890258726831e-08,7.834702515019387e-05
2023-05-24 16:24:00+00:00,410.06,410.04,410.05,300,146,410.0467264573991,5.6683905250698664e-08,-1.3061815985482284e-05
2023-05-24 16:25:00+00:00,410.04,410.04,410.05,200,300,410.044,5.826313249995495e-08,0.00019504356988986338
2023-05-24 16:26:00+00:00,410.12,410.11,410.13,400,442,410.11950118764844,4.067277701497577e-08,-1.0634451086510843e-05
2023-05-24 16:27:00+00:00,410.11,410.11,410.12,300,300,410.115,4.9589736179758395e-08,-6.666619527329054e-05
2023-05-24 16:28:00+00:00,410.09,410.07,410.09,1700,200,410.0878947368421,3.361774100665703e-08,-0.00013032113962607728
2023-05-24 16:29:00+00:00,410.04,410.03,410.05,205,873,410.03380333951765,4.7938058303434076e-08,-4.0063020645741965e-05
2023-05-24 16:30:00+00:00,410.0,410.01,410.02,303,341,410.01470496894405,9.307690873309871e-08,-0.0001253023646748952
2023-05-24 16:31:00+00:00,409.98,409.98,409.99,300,401,409.9842796005706,8.442677087643887e-08,0.00024474991637246646
2023-05-24 16:32:00+00:00,410.07,410.06,410.07,400,231,410.06633914421553,7.10997132291957e-08,-7.330060029953067e-06
2023-05-24 16:33:00+00:00,410.06,410.06,410.08,800,500,410.0723076923077,6.185216741066512e-08,0.00027536396816740805
2023-05-24 16:34:00+00:00,410.18,410.18,410.2,573,1356,410.18594090202174,4.154725667707789e-08,5.298705601841647e-05
2023-05-24 16:35:00+00:00,410.21,410.19,410.21,300,1000,410.19461538461536,4.5047998086115716e-08,1.546236542315782e-05
2023-05-24 16:36:00+00:00,410.25,410.24,410.25,300,350,410.2446153846154,6.236132879149049e-08,-0.00010109478986064513
2023-05-24 16:37:00+00:00,410.155,410.16,410.17,300,200,410.166,3.440275652386812e-08,-0.00021594209965380973
2023-05-24 16:38:00+00:00,410.08,410.08,410.09,100,1600,410.0805882352941,5.69120144656101e-08,0.00036805843443765696
2023-05-24 16:39:00+00:00,410.23,410.24,410.25,100,839,410.2410649627263,5.270341951576316e-08,0.00036756147564176445
2023-05-24 16:40:00+00:00,410.39,410.39,410.4,151,4628,410.39031596568316,8.646221643681325e-08,-6.020303904841207e-06
2023-05-24 16:41:00+00:00,410.37,410.37,410.38,400,100,410.378,2.2738451044402604e-07,0.0005977421790801518
2023-05-24 16:42:00+00:00,410.62,410.61,410.63,300,467,410.6178226857888,6.069843238197142e-08,-0.00043550604045006214
2023-05-24 16:43:00+00:00,410.46,410.45,410.47,750,598,410.46112759643916,4.6351796608606254e-08,-0.00012411065527218046
2023-05-24 16:44:00+00:00,410.4,410.38,410.4,1400,100,410.39866666666666,5.092217284108304e-08,-3.0937438453504384e-05
2023-05-24 16:45:00+00:00,410.37,410.38,410.39,300,300,410.385,6.138074764474861e-08,-9.311111810694772e-05
2023-05-24 16:46:00+00:00,410.34,410.33,410.35,809,1155,410.3382382892057,7.84887935592796e-08,0.0004262920410462723
2023-05-24 16:47:00+00:00,410.52,410.52,410.53,960,300,410.52761904761905,5.54613394136354e-08,-0.00018072027021431847
2023-05-24 16:48:00+00:00,410.43,410.42,410.44,1532,400,410.4358592132505,4.305238260531129e-08,-0.0001894820731398461
2023-05-24 16:49:00+00:00,410.36,410.36,410.37,194,1150,410.36144345238097,2.6247053103533314e-08,1.9919200673346182e-06
2023-05-24 16:50:00+00:00,410.36,410.36,410.37,500,2500,410.3616666666667,5.883105716937284e-08,0.0002557768125579507
2023-05-24 16:51:00+00:00,410.46,410.46,410.47,500,125,410.468,3.147521817229981e-08,0.00016588665254113621
2023-05-24 16:52:00+00:00,410.535,410.52,410.55,348,1302,410.52632727272726,6.87709728257295e-08,-0.00015288195926599357
2023-05-24 16:53:00+00:00,410.47,410.46,410.47,288,602,410.46323595505623,4.4392228515464194e-08,0.0003437728233588455
2023-05-24 16:54:00+00:00,410.61,410.6,410.62,100,1842,410.6010298661174,5.749212269839585e-08,-0.00016499099461941835
2023-05-24 16:55:00+00:00,410.55,410.54,410.56,410,1358,410.5446380090498,3.136037756538852e-08,0.0002364200983049347
2023-05-24 16:56:00+00:00,410.645,410.64,410.66,360,1547,410.6437755637126,5.163368044096647e-08,-0.00014552040768578411
2023-05-24 16:57:00+00:00,410.6,410.6,410.61,305,1050,410.60225092250926,6.131590082294174e-08,-9.386084112861237e-05
2023-05-24 16:58:00+00:00,410.545,410.53,410.54,300,300,410.535,3.94283530000511e-08,5.797708093679965e-05
2023-05-24 16:59:00+00:00,410.57,410.57,410.58,300,530,410.5736144578313,5.9163677399684784e-08,4.372775871930301e-05
2023-05-24 17:00:00+00:00,410.61,410.61,410.62,600,271,410.6168886337543,2.2031068172564598e-07,-0.0004789180850245378
2023-05-24 17:01:00+00:00,410.37,410.38,410.4,100,303,410.38496277915635,8.562311695561714e-08,6.564364955297108e-05
2023-05-24 17:02:00+00:00,410.42,410.4,410.42,200,699,410.4044493882091,4.107063898002417e-08,0.00014058729424282213
2023-05-24 17:03:00+00:00,410.48,410.47,410.49,400,631,410.47775945683804,3.456076193507519e-08,-9.866876010111714e-05
2023-05-24 17:04:00+00:00,410.45,410.43,410.46,301,812,410.4381132075472,3.56211378748072e-08,-0.00012332468700160248
2023-05-24 17:05:00+00:00,410.39,410.38,410.4,200,309,410.3878585461689,5.145482842055048e-08,0.00012169364983072306
2023-05-24 17:06:00+00:00,410.45,410.43,410.44,400,300,410.4357142857143,5.4570499886139e-08,0.0003266477024823633
2023-05-24 17:07:00+00:00,410.57,410.56,410.57,800,300,410.5672727272727,1.1759306787129655e-07,-0.0005653450096939627
2023-05-24 17:08:00+00:00,410.33,410.32,410.34,1296,445,410.334887995405,9.644909178466683e-08,-0.00024725527036750794
2023-05-24 17:09:00+00:00,410.25,410.22,410.23,818,317,410.2272070484581,4.751063379503122e-08,0.0002524775274257429
2023-05-24 17:10:00+00:00,410.35,410.34,410.36,1315,382,410.3554979375368,5.0485322554468246e-08,-7.625675438860391e-05
2023-05-24 17:11:00+00:00,410.29,410.3,410.31,400,300,410.30571428571426,2.4581175409471264e-08,-0.00010004936013940924
2023-05-24 17:12:00+00:00,410.28,410.26,410.27,88,344,410.2620370370371,5.93022261018403e-08,-0.00013323950709565047
2023-05-24 17:13:00+00:00,410.21,410.2,410.22,510,410,410.21108695652174,2.9061577086937288e-08,2.977106696699927e-05
2023-05-24 17:14:00+00:00,410.22,410.2,410.22,501,700,410.2083430474604,6.39762768744427e-08,-0.0003860498791909972
2023-05-24 17:15:00+00:00,410.06,410.05,410.06,141,2861,410.05046968687543,7.649400074615615e-08,0.00013671554700667166
2023-05-24 17:16:00+00:00,410.12,410.11,410.13,640,650,410.1199224806201,4.9737380688608947e-08,0.00018309704456531684
2023-05-24 17:17:00+00:00,410.2,410.2,410.21,300,1003,410.20230237912506,4.6531496311043363e-08,0.0002571615483439871
2023-05-24 17:18:00+00:00,410.3,410.3,410.31,100,1956,410.30048638132297,3.573652522255741e-08,0.00015778001099309158
2023-05-24 17:19:00+00:00,410.36,410.35,410.37,700,251,410.3647213459516,5.539289273010943e-08,0.00025961499824944667
2023-05-24 17:20:00+00:00,410.48,410.47,410.48,100,468,410.4717605633803,1.7263555999335474e-07,0.0006622337551362989
2023-05-24 17:21:00+00:00,410.74,410.73,410.74,611,391,410.73609780439125,9.657115524792435e-08,0.0004618676567398339
2023-05-24 17:22:00+00:00,410.91,410.9,410.92,307,567,410.9070251716247,4.862323169266007e-08,2.789724554674855e-05
2023-05-24 17:23:00+00:00,410.95,410.94,410.95,150,300,410.9433333333333,2.4500816910693454e-07,-0.0007705042760824954
2023-05-24 17:24:00+00:00,410.65,410.66,410.68,400,836,410.6664724919094,9.115100024462038e-08,-7.81236732823043e-05
2023-05-24 17:25:00+00:00,410.61,410.61,410.62,140,201,410.6141055718475,4.3380332504801107e-07,-0.0003868285305576036
2023-05-24 17:26:00+00:00,410.44,410.43,410.45,555,314,410.44277330264674,6.468077288443157e-08,-1.7584090447275713e-05
2023-05-24 17:27:00+00:00,410.42,410.4,410.42,313,311,410.41003205128203,6.92233803870082e-08,3.583942727902745e-05
2023-05-24 17:28:00+00:00,410.445,410.43,410.44,304,537,410.4336147443519,3.566755934294778e-08,0.0001789195123864662
2023-05-24 17:29:00+00:00,410.5,410.49,410.51,301,1711,410.49299204771376,3.9144702507861124e-08,-0.00012643909269505205
2023-05-24 17:30:00+00:00,410.46,410.46,410.47,400,200,410.46666666666664,4.2549566349206135e-08,0.00023696027588360202
2023-05-24 17:31:00+00:00,410.57,410.56,410.57,202,245,410.5645190156599,7.923635328927718e-08,0.00036521385606147483
2023-05-24 17:32:00+00:00,410.72,410.7,410.71,400,145,410.7073394495413,6.724442383514413e-08,0.0001333829633356487
2023-05-24 17:33:00+00:00,410.79,410.76,410.77,300,431,410.76410396716824,2.2505663062542496e-08,-0.0001224642637075446
2023-05-24 17:34:00+00:00,410.74,410.7,410.72,1056,300,410.71557522123896,6.71664939469606e-08,0.00021113745852274768
2023-05-24 17:35:00+00:00,410.81,410.82,410.84,201,1452,410.82243194192375,5.6858259726427657e-08,0.0002195872504935359
2023-05-24 17:36:00+00:00,410.89,410.89,410.91,300,1249,410.8938734667527,7.889519147864048e-08,0.00048338477798592905
2023-05-24 17:37:00+00:00,411.09,411.08,411.1,500,1372,411.0853418803419,6.06962126065302e-08,-0.00012034961020002122
2023-05-24 17:38:00+00:00,411.05,411.04,411.06,400,1651,411.04390053632375,1.0351966429079405e-07,-6.648956341392953e-05
2023-05-24 17:39:00+00:00,411.01,411.01,411.02,400,200,411.01666666666665,2.5252644794477812e-08,9.500251988381336e-05
2023-05-24 17:40:00+00:00,411.05,411.03,411.06,600,1738,411.03769888793835,7.062208028625181e-08,0.00046307584275928626
2023-05-24 17:41:00+00:00,411.21,411.23,411.25,800,843,411.2397382836275,5.4159113851011694e-08,-7.544640272860725e-05
2023-05-24 17:42:00+00:00,411.22,411.21,411.22,300,400,411.2142857142857,4.371387367003413e-08,-7.869324256981614e-05
2023-05-24 17:43:00+00:00,411.18,411.18,411.19,197,547,411.1826478494624,2.62525715724422e-08,0.00021994012993009626
2023-05-24 17:44:00+00:00,411.27,411.25,411.26,1200,100,411.2592307692308,3.13464888831644e-08,0.00011233469366289661
2023-05-24 17:45:00+00:00,411.31,411.3,411.31,370,359,411.3050754458162,8.000712629198988e-07,-0.0005897896538294978
2023-05-24 17:46:00+00:00,411.08,411.07,411.08,200,400,411.0733333333333,7.918324701923073e-08,1.1261390400196802e-06
2023-05-24 17:47:00+00:00,411.1,411.1,411.11,200,337,411.10372439478584,7.47165098287128e-08,-7.694098985944198e-05
2023-05-24 17:48:00+00:00,411.04,411.03,411.04,200,600,411.0325,6.141044295787569e-08,0.00010116449029395902
2023-05-24 17:49:00+00:00,411.08,411.08,411.09,1094,400,411.08732262382864,4.9820700121087764e-08,-0.00010141572071320493
2023-05-24 17:50:00+00:00,411.05,411.04,411.05,1218,667,411.0464615384616,7.194385619953103e-08,-0.00013684148913606364
2023-05-24 17:51:00+00:00,410.99,410.99,411.0,1350,413,410.9976574021554,4.8131758977587266e-08,0.0004761438391813755
2023-05-24 17:52:00+00:00,411.21,411.2,411.21,300,509,411.2037082818294,5.998401251208214e-08,7.413444709225558e-07
2023-05-24 17:53:00+00:00,411.2,411.18,411.19,400,370,411.1851948051948,9.458476227279578e-08,2.0623206574477138e-05
2023-05-24 17:54:00+00:00,411.22,411.22,411.23,364,1167,411.22237753102553,3.0715094151869094e-08,-2.627898179841104e-06
2023-05-24 17:55:00+00:00,411.19,411.19,411.2,341,688,411.1933138969873,3.116775159211202e-08,2.3728014654667007e-05
2023-05-24 17:56:00+00:00,411.2,411.19,411.2,306,241,411.1955941499086,2.617712745087655e-08,-0.00016419954864133057
2023-05-24 17:57:00+00:00,411.14,411.13,411.15,602,630,411.1397727272727,5.133795109006016e-08,-0.00016716346891576528
2023-05-24 17:58:00+00:00,411.06,411.06,411.07,662,100,411.06868766404193,1.2985747523397252e-08,0.0002777520643884035
2023-05-24 17:59:00+00:00,411.21,411.22,411.24,200,1400,411.2225,7.986459631744055e-08,8.270398804000045e-05
2023-05-24 18:00:00+00:00,411.18,411.18,411.22,600,100,411.2142857142857,8.582276602657237e-07,0.00011795852845608579
2023-05-24 18:01:00+00:00,411.25,411.23,411.25,600,300,411.24333333333334,3.11563591925128e-07,-0.0006705108669712301
2023-05-24 18:02:00+00:00,410.97,410.95,410.99,1,1181,410.9500338409475,3.7308921423474435e-07,0.0001825635785248636
2023-05-24 18:03:00+00:00,411.08,411.07,411.08,302,63,411.0782739726027,1.772975249595406e-07,-0.00016991857298465085
2023-05-24 18:04:00+00:00,411.0,410.99,411.02,807,485,411.0087383900929,2.0875331896751733e-07,-0.0006128029990232209
2023-05-24 18:05:00+00:00,410.75,410.72,410.76,900,1105,410.7379551122195,2.299502763751633e-07,0.0007487788486653102
2023-05-24 18:06:00+00:00,411.08,411.07,411.1,900,206,411.0944122965642,1.2847563164657922e-07,-8.445504444343221e-05
2023-05-24 18:07:00+00:00,410.99,410.97,411.0,501,707,410.98244205298016,1.8770063935520383e-07,-3.9471704040505706e-05
2023-05-24 18:08:00+00:00,410.98,410.95,410.97,500,579,410.95926784059316,1.7406056563457336e-07,-1.9681506770674595e-05
2023-05-24 18:09:00+00:00,410.985,410.96,410.99,400,1767,410.9655376095985,1.732009345001207e-07,-0.0006639811835951193
2023-05-24 18:10:00+00:00,410.71,410.67,410.71,507,89,410.7040268456376,1.676612679780682e-07,0.00012904465306862178
2023-05-24 18:11:00+00:00,410.77,410.76,410.78,100,403,410.7639761431412,3.7661914863601716e-07,-0.0005007674203836299
2023-05-24 18:12:00+00:00,410.57,410.58,410.6,500,500,410.59,1.4704824574679403e-07,0.0004303494838870936
2023-05-24 18:13:00+00:00,410.74,410.71,410.73,2,350,410.7101136363636,9.16870127407439e-08,0.0001712233708959232
2023-05-24 18:14:00+00:00,410.82,410.82,410.84,500,344,410.83184834123216,1.268544243208999e-07,6.512674992786849e-05
2023-05-24 18:15:00+00:00,410.84,410.83,410.85,400,1,410.84995012468823,1.2857947233976672e-07,0.0003969173616671373
2023-05-24 18:16:00+00:00,410.99,410.99,411.01,100,500,410.99333333333334,2.0279927343106854e-07,-0.0006205327773358693
2023-05-24 18:17:00+00:00,410.72,410.69,410.73,1203,700,410.71528638991066,1.2975077945483994e-07,0.00011193924148034107
2023-05-24 18:18:00+00:00,410.79,410.78,410.8,1,100,410.780198019802,9.89883057115522e-08,-0.0002362273108761359
2023-05-24 18:19:00+00:00,410.68,410.68,410.7,200,217,410.68959232613906,1.0576534583589125e-07,0.00017311326920599335
2023-05-24 18:20:00+00:00,410.73,410.73,410.75,100,616,410.7327932960895,8.408264089719259e-08,-0.0003040740003752429
2023-05-24 18:21:00+00:00,410.66,410.65,410.66,100,500,410.65166666666664,8.140264157774034e-08,-0.0001612579138410286
2023-05-24 18:22:00+00:00,410.58,410.57,410.59,100,1095,410.5716736401673,9.523582262638829e-08,1.0468790213602475e-05
2023-05-24 18:23:00+00:00,410.58,410.58,410.6,100,1724,410.58109649122804,9.0537548782254e-08,0.00027211178164976424
2023-05-24 18:24:00+00:00,410.66,410.68,410.71,400,796,410.6900334448161,1.0493115786545798e-07,0.00012745084746423885
2023-05-24 18:25:00+00:00,410.74,410.73,410.75,600,1308,410.7362893081761,5.079133381240049e-08,-0.0004109123506262913
2023-05-24 18:26:00+00:00,410.56,410.54,410.55,100,493,410.5416863406408,1.0661142257179554e-07,-0.00037631794712111866
2023-05-24 18:27:00+00:00,410.42,410.41,410.42,1000,224,410.41816993464056,6.930650244756416e-08,-6.165607680774787e-05
2023-05-24 18:28:00+00:00,410.38,410.38,410.41,206,181,410.395968992248,7.105314094560716e-08,-0.00022150489798289374
2023-05-24 18:29:00+00:00,410.29,410.3,410.32,100,594,410.3028818443804,1.2519729974119243e-07,-1.970661593830858e-05
2023-05-24 18:30:00+00:00,410.295,410.29,410.3,400,124,410.29763358778627,7.877818572273912e-08,-0.0002508611007343564
2023-05-24 18:31:00+00:00,410.2,410.19,410.21,500,204,410.20420454545456,9.406199897445993e-08,0.000320494345059652
2023-05-24 18:32:00+00:00,410.34,410.32,410.34,300,1701,410.3229985007496,7.659919763776512e-08,-0.0001218551223831632
2023-05-24 18:33:00+00:00,410.29,410.26,410.28,900,20,410.27956521739134,4.360910899481854e-08,0.00013103626142108027
2023-05-24 18:34:00+00:00,410.3,410.31,410.33,100,95,410.3202564102564,7.331504422376814e-08,0.0003084316436432477
2023-05-24 18:35:00+00:00,410.5,410.48,410.49,250,135,410.4864935064935,1.3667024435803882e-07,1.2420702906634773e-05
2023-05-24 18:36:00+00:00,410.49,410.49,410.51,200,181,410.50049868766405,9.950149743607733e-08,0.00037383810663360606
2023-05-24 18:37:00+00:00,410.62,410.61,410.63,300,300,410.62,9.495246286398385e-08,0.00032865009075422336
2023-05-24 18:38:00+00:00,410.76,410.75,410.77,1400,196,410.7675438596491,1.1480488703331144e-07,0.0001846014104447402
2023-05-24 18:39:00+00:00,410.85,410.85,410.87,1000,484,410.8634770889488,7.39984725501858e-08,-0.0001330663322137715
2023-05-24 18:40:00+00:00,410.76,410.78,410.8,400,522,410.78867678958784,1.1640165414992539e-07,0.0003863710818359234
2023-05-24 18:41:00+00:00,410.91,410.92,410.95,1400,552,410.9415163934426,9.71857302996221e-08,-0.00012948157736270005
2023-05-24 18:42:00+00:00,410.88,410.88,410.9,600,152,410.8959574468085,1.1216910494977161e-07,-0.00013537088623527538
2023-05-24 18:43:00+00:00,410.82,410.81,410.83,400,410,410.81987654320983,8.16594745260173e-08,-4.443878259818845e-05
2023-05-24 18:44:00+00:00,410.8,410.79,410.81,900,115,410.80773399014777,9.367395172280077e-08,-0.00013279365089979844
2023-05-24 18:45:00+00:00,410.78,410.74,410.78,2600,533,410.77319502074687,1.2335445291396023e-07,0.0004682345580493408
2023-05-24 18:46:00+00:00,410.93,410.9,410.93,900,141,410.92593659942366,7.382351961489494e-08,-0.00022749062489335614
2023-05-24 18:47:00+00:00,410.85,410.84,410.85,100,400,410.842,8.549192706692603e-08,-4.402059996877483e-05
2023-05-24 18:48:00+00:00,410.82,410.8,410.82,400,300,410.81142857142856,1.431593340315015e-07,-0.0003088855699764359
2023-05-24 18:49:00+00:00,410.69,410.67,410.7,1001,400,410.69143468950745,6.793699775369607e-08,-9.061327214388015e-05
2023-05-24 18:50:00+00:00,410.67,410.66,410.67,101,400,410.6620159680638,7.992757250586828e-08,9.633951465248813e-05
2023-05-24 18:51:00+00:00,410.7,410.69,410.73,2300,461,410.72332126041294,8.383629109137596e-08,0.00025587366760948527
2023-05-24 18:52:00+00:00,410.82,410.79,410.82,1424,1575,410.8042447482494,1.0983712128716265e-07,-4.869146904751265e-05
2023-05-24 18:53:00+00:00,410.78,410.77,410.78,1000,32,410.77968992248066,6.187042338514503e-08,-0.0002231271178760874
2023-05-24 18:54:00+00:00,410.7,410.69,410.7,204,564,410.69265625,4.210421261802355e-07,-0.0005964607372096475
2023-05-24 18:55:00+00:00,410.46,410.45,410.47,301,100,410.4650124688279,1.296091432519134e-07,-3.636911910143148e-05
2023-05-24 18:56:00+00:00,410.43,410.43,410.45,106,482,410.4336054421769,9.026053064488334e-08,-0.00014890316950755267
2023-05-24 18:57:00+00:00,410.34,410.33,410.35,100,600,410.33285714285716,9.546681390638882e-08,-0.00016053938143945068
2023-05-24 18:58:00+00:00,410.295,410.29,410.31,1525,130,410.3084290030211,7.405419592374082e-08,0.00014106761593324357
2023-05-24 18:59:00+00:00,410.36,410.35,410.37,500,100,410.3666666666667,8.795540746646682e-08,0.00016640197844286497
2023-05-24 19:00:00+00:00,410.44,410.43,410.46,540,1000,410.44051948051947,9.50433811398569e-08,-9.33432579212079e-05
2023-05-24 19:01:00+00:00,410.4,410.38,410.41,500,1600,410.38714285714286,8.414187942786434e-08,-0.000462625337123046
2023-05-24 19:02:00+00:00,410.18,410.18,410.21,100,1101,410.18249791840134,5.849898633943904e-08,0.00015064520166085948
2023-05-24 19:03:00+00:00,410.25,410.26,410.29,1000,1682,410.2711856823266,7.179189480836037e-08,0.00010106701300016674
2023-05-24 19:04:00+00:00,410.3,410.3,410.32,1600,1700,410.309696969697,4.5419883916988986e-08,-0.00021511545742503024
2023-05-24 19:05:00+00:00,410.23,410.23,410.24,100,148,410.23403225806453,8.761039364219249e-08,0.0006407407139796817
2023-05-24 19:06:00+00:00,410.485,410.47,410.49,200,269,410.4785287846482,1.2136894356737058e-07,0.0003724691726425533
2023-05-24 19:07:00+00:00,410.61,410.6,410.63,200,598,410.60751879699257,7.566867235808926e-08,-0.00012073044886928841
2023-05-24 19:08:00+00:00,410.6,410.57,410.6,1301,688,410.5896229260935,1.1494487390428667e-07,-1.3671097816025934e-06
2023-05-24 19:09:00+00:00,410.57,410.56,410.58,300,497,410.5675282308658,6.950969674391651e-08,1.3922699056312382e-05
2023-05-24 19:10:00+00:00,410.59,410.58,410.6,300,315,410.589756097561,4.691280987103214e-08,-1.7396224903376556e-05
2023-05-24 19:11:00+00:00,410.57,410.56,410.57,210,300,410.5641176470588,5.465669563246984e-08,0.00020584954754609974
2023-05-24 19:12:00+00:00,410.69,410.67,410.7,1700,500,410.6931818181818,5.895168663307744e-08,0.00011558874124850682
2023-05-24 19:13:00+00:00,410.71,410.7,410.72,100,100,410.71,5.538695147947264e-08,0.00018193362118701373
2023-05-24 19:14:00+00:00,410.8,410.8,410.82,200,736,410.8042735042735,6.000866111458797e-08,0.00024764631046014784
2023-05-24 19:15:00+00:00,410.88,410.87,410.89,1013,100,410.8882030548068,6.680922027302911e-08,0.00034063825298402683
2023-05-24 19:16:00+00:00,411.02,411.02,411.04,1000,514,411.03321003963015,6.227886176161569e-08,4.560078075033225e-05
2023-05-24 19:17:00+00:00,411.04,411.05,411.07,500,559,411.05944287063267,6.265346716460616e-08,0.000582351817539184
2023-05-24 19:18:00+00:00,411.3,411.29,411.3,534,238,411.29691709844565,1.6563738729340373e-07,0.000621167576303705
2023-05-24 19:19:00+00:00,411.58,411.58,411.59,100,346,411.58224215246634,2.0015232368638808e-07,0.0003846695184117621
2023-05-24 19:20:00+00:00,411.735,411.72,411.74,369,50,411.73761336515514,2.8115501359733804e-07,0.001022171352478063
2023-05-24 19:21:00+00:00,412.13,412.11,412.13,120,243,412.116611570248,2.259577727768421e-07,-0.00021171259317009916
2023-05-24 19:22:00+00:00,412.05,412.06,412.07,889,5,412.06994407158834,1.363693085849414e-07,0.00013488014602569542
2023-05-24 19:23:00+00:00,412.1,412.09,412.1,100,422,412.0919157088122,3.4175663113489097e-07,-0.00105881816845399
2023-05-24 19:24:00+00:00,411.68,411.67,411.69,600,408,411.6819047619048,1.3878701818687211e-07,0.000793307008119637
2023-05-24 19:25:00+00:00,411.97,411.98,412.0,300,521,411.98730816077955,2.1262163812247858e-07,0.0004794168788040398
2023-05-24 19:26:00+00:00,412.18,412.19,412.2,100,300,412.1925,8.7692184676681e-08,2.5752147722490903e-05
2023-05-24 19:27:00+00:00,412.19,412.19,412.2,182,100,412.1964539007092,9.529889959083003e-08,-0.00025427558721091703
2023-05-24 19:28:00+00:00,412.09,412.08,412.1,194,295,412.0879345603272,1.2878731351961826e-07,-0.00018156438889826987
2023-05-24 19:29:00+00:00,412.02,412.0,412.02,415,100,412.0161165048543,1.0143128712468126e-07,-6.673552014835327e-05
2023-05-24 19:30:00+00:00,411.99,411.98,412.0,425,926,411.9862916358253,1.011696761739815e-07,0.00048913991493027
2023-05-24 19:31:00+00:00,412.2,412.18,412.2,264,366,412.18838095238095,1.389192933882937e-07,0.0006084690564878148
2023-05-24 19:32:00+00:00,412.45,412.43,412.46,433,1200,412.43795468462946,2.3615569650716886e-07,0.0006007111134374021
2023-05-24 19:33:00+00:00,412.72,412.7,412.72,352,951,412.7054029163469,5.652699751619345e-07,-0.0010115313135510284
2023-05-24 19:34:00+00:00,412.27,412.26,412.28,242,1439,412.2628792385485,7.214836988871685e-08,0.00015525067115862434
2023-05-24 19:35:00+00:00,412.31,412.31,412.33,313,213,412.3219011406844,1.8849282729972036e-07,-0.0007932687026526164
2023-05-24 19:36:00+00:00,412.02,412.02,412.03,200,546,412.02268096514746,1.3862102378098562e-07,-3.725451552438752e-05
2023-05-24 19:37:00+00:00,411.98,411.96,411.97,100,351,411.9622172949002,8.790453235696003e-08,-0.0001345251654391033
2023-05-24 19:38:00+00:00,411.95,411.93,411.95,145,444,411.9349235993209,2.703300304447436e-07,-0.0006502675914031864
2023-05-24 19:39:00+00:00,411.65,411.65,411.67,259,816,411.6548186046511,2.1832709408422948e-07,0.0006365841188831212
2023-05-24 19:40:00+00:00,411.91,411.91,411.92,100,589,411.91145137880983,2.039634778406026e-07,-0.00016733168696692058
2023-05-24 19:41:00+00:00,411.87,411.85,411.86,863,100,411.85896157840085,1.4507697748785394e-07,-0.00031735661307341623
2023-05-24 19:42:00+00:00,411.74,411.72,411.73,300,106,411.7273891625616,1.8920832715512729e-07,0.00018511512610142056
2023-05-24 19:43:00+00:00,411.8,411.8,411.82,626,226,411.81469483568077,1.3268077127805385e-07,-0.0001371029399954704
2023-05-24 19:44:00+00:00,411.74,411.73,411.74,13,436,411.73028953229397,1.1345328996061103e-07,-0.0006430250582468711
2023-05-24 19:45:00+00:00,411.47,411.47,411.49,721,100,411.4875639464068,2.592405445781931e-07,-0.0003095918208243509
2023-05-24 19:46:00+00:00,411.37,411.36,411.38,437,1123,411.36560256410263,2.4651927914832875e-07,-0.00010613993235919494
2023-05-24 19:47:00+00:00,411.33,411.33,411.34,321,301,411.3351607717041,1.5114860420738876e-07,0.0006494131997287766
2023-05-24 19:48:00+00:00,411.57,411.56,411.59,1362,700,411.5798157129001,1.3060078565499873e-07,8.92848807487745e-06
2023-05-24 19:49:00+00:00,411.57,411.57,411.59,231,600,411.575559566787,2.0331346575741642e-07,-9.359859978630425e-05
2023-05-24 19:50:00+00:00,411.58,411.57,411.59,418,1,411.5899522673031,1.1504474626413077e-06,-0.001556268791035098
2023-05-24 19:51:00+00:00,410.9,410.89,410.91,1011,228,410.9063196125908,2.705952803093424e-07,-0.00011252407435657918
2023-05-24 19:52:00+00:00,410.85,410.82,410.84,300,520,410.82731707317066,3.755510609730498e-07,0.00047969394777780394
2023-05-24 19:53:00+00:00,411.07,411.07,411.08,354,100,411.0777973568282,1.925227088721061e-07,-0.00021051885726586228
2023-05-24 19:54:00+00:00,410.97,410.96,410.98,1400,700,410.97333333333336,2.0972421822037598e-07,0.0003654535508668122
2023-05-24 19:55:00+00:00,411.13,411.12,411.14,418,800,411.12686371100165,2.0105364896434906e-07,-0.0006737280909082655
2023-05-24 19:56:00+00:00,410.85,410.84,410.85,441,100,410.8481515711645,1.1714094860881332e-07,0.0006073870724612185
2023-05-24 19:57:00+00:00,411.09,411.09,411.1,100,3633,411.0902678810608,1.7224417305233492e-07,-8.192838623899412e-05
2023-05-24 19:58:00+00:00,411.05,411.03,411.04,501,529,411.0348640776699,1.4311661117689363e-07,-0.00022352433795269633
2023-05-24 19:59:00+00:00,410.965,410.96,410.97,1500,300,410.9683333333333,3.9842740616284506e-07,0.00019897512498001646
2023-05-24 20:00:00+00:00,411.09,411.07,411.09,3400,284940,411.0702358326975,3.3083124927477186e-07,-0.00024331752970718767
2023-05-24 20:01:00+00:00,410.93,410.91,410.93,500,600,410.9190909090909,1.334115547389885e-07,0.0003272477968903065
2023-05-24 20:02:00+00:00,411.09,411.08,411.09,2305,900,411.0871918876755,7.523811354620754e-08,4.065729218893921e-05
2023-05-24 20:03:00+00:00,411.1,411.09,411.11,1100,501,411.1037414116177,8.653696840015648e-08,-1.0751931386998592e-05
2023-05-24 20:04:00+00:00,411.09,411.09,411.12,909,1800,411.10006644518273,7.814557243853852e-08,6.0650763795910834e-05
2023-05-24 20:05:00+00:00,411.16,411.11,411.14,1302,1500,411.1239400428266,1.6759501362270454e-07,0.00014307249098544084
2023-05-24 20:06:00+00:00,411.12,411.12,411.15,1100,1300,411.13375,1.3090674747720008e-07,0.00013680160859319557
2023-05-24 20:07:00+00:00,411.22,411.21,411.24,500,500,411.225,6.971630647805115e-08,-0.00037712781945042906
2023-05-24 20:08:00+00:00,411.1,411.08,411.09,2,300,411.0800662251655,5.378921257456266e-08,0.00018497173354248275
2023-05-24 20:09:00+00:00,411.14,411.14,411.17,1610,1400,411.15604651162795,5.411439632039834e-08,-5.897299043555737e-05
2023-05-24 20:10:00+00:00,411.14,411.12,411.14,1000,690,411.13183431952666,5.0385338728606795e-08,0.00023880616317639713
2023-05-24 20:11:00+00:00,411.21,411.21,411.23,1000,1,411.22998001998,3.456288882536998e-08,-0.00022299896566235766
2023-05-24 20:12:00+00:00,411.14,411.13,411.14,2681,600,411.13817128924103,5.474295556489085e-08,8.798571303336722e-05
2023-05-24 20:13:00+00:00,411.18,411.17,411.22,1500,1007,411.19991623454325,1.712580723798678e-07,0.0004031491065554782
2023-05-24 20:14:00+00:00,411.34,411.32,411.35,760,500,411.33809523809526,1.6520859916282343e-07,0.000230429051901071
2023-05-24 20:15:00+00:00,411.44,411.41,411.45,1,1500,411.4100266489007,1.666446973717283e-07,0.0003005961514415123
2023-05-24 20:16:00+00:00,411.55,411.54,411.57,1321,1301,411.555114416476,4.321760809036466e-08,4.844151489291626e-05
2023-05-24 20:17:00+00:00,411.57,411.56,411.58,1301,97,411.57861230329036,6.507814451210387e-08,4.625152579240677e-05
2023-05-24 20:18:00+00:00,411.6,411.58,411.6,1501,200,411.59764844209286,3.893429787440951e-08,-0.0002684324940990246
2023-05-24 20:19:00+00:00,411.49,411.49,411.5,1100,898,411.4955055055055,6.310594696705026e-08,0.00012811161219361544
2023-05-24 20:20:00+00:00,411.48,411.48,411.54,493,1,411.53987854251017,1.9647623238380023e-06,0.002639772022427822
2023-05-24 20:21:00+00:00,412.61,412.54,412.57,500,1600,412.54714285714283,1.2980220993723005e-06,0.0008905243030554733
2023-05-24 20:22:00+00:00,413.0,412.99,413.04,1600,500,413.02809523809526,4.4423373774840253e-07,-0.0003343360987478894
2023-05-24 20:23:00+00:00,412.93,412.86,412.9,500,1100,412.8725,3.0549487562820793e-07,0.0006638332896453658
2023-05-24 20:24:00+00:00,413.06,413.12,413.13,1100,25,413.1297777777778,1.89882221245224e-07,-0.00026651017500434193
2023-05-24 20:25:00+00:00,412.98,412.99,413.02,2300,25,413.0196774193548,1.1041269218882099e-07,-0.0002625169856615983
2023-05-24 20:26:00+00:00,412.95,412.91,412.94,68,500,412.91359154929575,1.5252241760406745e-07,-3.641304135237888e-05
2023-05-24 20:27:00+00:00,412.88,412.87,412.9,500,120,412.8941935483871,1.6031337202522558e-07,-0.0001362182176873894
2023-05-24 20:28:00+00:00,412.8,412.82,412.84,1300,5,412.8399233716475,1.2827601094899233e-07,-0.00014057236206699297
2023-05-24 20:29:00+00:00,412.72,412.7,412.73,100,1100,412.7025,2.633774769338277e-07,-0.0006585391620105296
2023-05-24 20:30:00+00:00,412.54,412.51,412.53,1,1100,412.5100181653043,1.1120413641625924e-07,0.00016648683388353902
2023-05-24 20:31:00+00:00,412.62,412.55,412.59,1100,1600,412.5662962962963,1.6091711600077748e-07,4.7092465100151415e-05
2023-05-24 20:32:00+00:00,412.6,412.6,412.63,1100,1100,412.615,1.1164513662383171e-07,9.25144686401147e-05
2023-05-24 20:33:00+00:00,412.63,412.63,412.67,1300,500,412.6588888888889,9.255714567747606e-08,9.552719858096914e-05
2023-05-24 20:34:00+00:00,412.66,412.66,412.69,1100,1000,412.67571428571426,2.102669246670797e-07,0.0005215671477316608
2023-05-24 20:35:00+00:00,412.89,412.87,412.9,1100,50,412.8986956521739,1.0778427128058766e-07,0.00021405398173857115
2023-05-24 20:36:00+00:00,412.96,412.92,412.96,1100,500,412.9475,1.5027500218344727e-07,-0.00028088572632367637
2023-05-24 20:37:00+00:00,412.93,412.85,412.89,500,1000,412.86333333333334,1.8089280065628154e-07,0.0002462477494569182
2023-05-24 20:38:00+00:00,412.98,412.97,413.0,1100,37,412.9990237467019,6.218208394749392e-08,-0.0002905815262793654
2023-05-24 20:39:00+00:00,412.85,412.82,412.86,995,500,412.84662207357854,5.965229080757249e-08,2.84744194698483e-05
2023-05-24 20:40:00+00:00,412.85,412.85,412.86,1100,213,412.85837776085305,8.383556081698987e-08,0.0002760991758168352
2023-05-24 20:41:00+00:00,412.97,412.97,412.99,500,21,412.98919385796546,5.372544945778654e-08,-5.0185084077947195e-05
2023-05-24 20:42:00+00:00,412.93,412.95,412.96,1,500,412.9500199600798,2.5236455852384245e-08,-0.00016869893567572625
2023-05-24 20:43:00+00:00,412.91,412.88,412.91,6,500,412.8803557312253,7.727362081357804e-08,0.00020500919358301672
2023-05-24 20:44:00+00:00,412.98,412.95,412.98,1100,1100,412.965,4.704345754694512e-08,-0.00017753324934322023
2023-05-24 20:45:00+00:00,412.92,412.9,412.94,1100,500,412.9275,1.0931205827846292e-07,-0.0001658041993176651
2023-05-24 20:46:00+00:00,412.82,412.8,412.84,1800,1300,412.8232258064516,6.220601595606674e-08,0.00021019697566404538
2023-05-24 20:47:00+00:00,412.93,412.9,412.93,1100,1100,412.915,5.555238197770172e-08,4.44003132240578e-05
2023-05-24 20:48:00+00:00,412.92,412.9,412.93,510,30,412.92833333333334,2.6581349453081094e-08,0.00012196382465212707
2023-05-24 20:49:00+00:00,412.98,412.95,412.98,1100,50,412.97869565217394,2.567786080140999e-08,-9.630206909605477e-05
2023-05-24 20:50:00+00:00,412.95,412.93,412.95,1100,865,412.94119592875313,4.356884541762012e-08,0.00010047906571597487
2023-05-24 20:51:00+00:00,412.99,412.97,412.99,1300,390,412.98538461538465,2.6152373888275466e-08,0.00016615417652610098
2023-05-24 20:52:00+00:00,413.03,413.03,413.06,868,500,413.04903508771935,4.901908995817004e-08,0.00029263938243406784
2023-05-24 20:53:00+00:00,413.13,413.14,413.17,1000,5,413.16985074626865,6.612123102627274e-08,3.652370947282435e-05
2023-05-24 20:54:00+00:00,413.22,413.19,413.23,1600,1300,413.21206896551723,2.6865121113554363e-08,0.00017803789886672305
2023-05-24 20:55:00+00:00,413.26,413.24,413.27,1300,1,413.26997694081473,6.290302497658968e-08,0.00024245483073981333
2023-05-24 20:56:00+00:00,413.35,413.35,413.38,3000,2425,413.36658986175115,6.482113907875271e-08,0.00024306160913600827
2023-05-24 20:57:00+00:00,413.42,413.44,413.46,500,20,413.45923076923077,2.6331295145645844e-08,-3.1913021194984736e-05
2023-05-24 20:58:00+00:00,413.43,413.42,413.45,1600,110,413.44807017543854,5.2674846230683346e-08,-3.718140873687492e-05
2023-05-24 20:59:00+00:00,413.45,413.42,413.47,900,1100,413.4425,2.4497676168815742e-08,7.029949764247867e-05
2023-05-24 21:00:00+00:00,413.48,413.43,413.49,500,611,413.45700270027004,3.280106570636935e-08,-0.00023152798584502587
2023-05-24 21:01:00+00:00,413.35,413.34,413.35,200,100,413.3466666666667,9.203745744336073e-08,-0.00010521362630444564
2023-05-24 21:02:00+00:00,413.44,413.32,413.44,1,235,413.3205084745763,4.1084592453472876e-07,-4.794198415769557e-05
2023-05-24 21:03:00+00:00,413.31,413.3,413.37,5,500,413.30069306930693,1.944007048906809e-07,-0.00033252001436423484
2023-05-24 21:04:00+00:00,413.18,413.11,413.19,500,251,413.1632623169108,1.9665518116139726e-08,-0.00011405437196954082
2023-05-24 21:05:00+00:00,413.1,413.1,413.13,15,73,413.1051136363636,2.3561325970504295e-07,0.00011952571246354182
2023-05-24 21:06:00+00:00,413.11,413.11,413.2,161,100,413.1655172413793,9.676946822559063e-08,-0.00028685172511644375
2023-05-24 21:07:00+00:00,413.01,413.01,413.16,185,10,413.1523076923078,1.958858982063288e-07,0.00024129618824653143
2023-05-24 21:08:00+00:00,413.12,413.1,413.24,50,100,413.14666666666665,1.247716951566925e-07,-2.4204479442291316e-05
2023-05-24 21:09:00+00:00,413.15,413.13,413.15,50,100,413.13666666666666,1.0770867587940626e-07,0.0001408058100487164
2023-05-24 21:10:00+00:00,413.15,413.1,413.24,210,100,413.19483870967747,1.0254786112492744e-07,-0.00011951786323671776
2023-05-24 21:11:00+00:00,413.15,413.14,413.2,1,10,413.14545454545447,1.8352923604783048e-07,-0.00013375063531539944
2023-05-24 21:12:00+00:00,413.1,413.06,413.1,600,100,413.0942857142857,5.773353048723677e-08,4.794091401016942e-05
2023-05-24 21:13:00+00:00,413.1,413.09,413.15,50,100,413.11,1.3676427078734367e-07,4.841325554938436e-05
2023-05-24 21:14:00+00:00,413.15,413.12,413.15,50,100,413.13,3.410876915769861e-10,-1.862816192133021e-05
2023-05-24 21:15:00+00:00,413.15,413.12,413.13,50,25,413.12666666666667,2.2447250469541213e-08,-0.00013826162786856333
2023-05-24 21:16:00+00:00,413.12,413.06,413.13,2,25,413.0651851851852,3.466985036408822e-08,0.0001811210857221024
2023-05-24 21:17:00+00:00,413.13,413.13,413.15,100,100,413.14,4.8563340546023833e-08,6.6013281871946106e-06
2023-05-24 21:18:00+00:00,413.15,413.13,413.2,100,450,413.14272727272726,1.1067155665938761e-08,0.00013459285843708813
2023-05-24 21:19:00+00:00,413.2,413.19,413.2,100,20,413.1983333333334,1.9721191136658343e-08,0.00024170703663739523
2023-05-24 21:20:00+00:00,413.2,413.2,413.3,1095,20,413.2982062780269,2.249190341711613e-08,-6.540820467815234e-05
2023-05-24 21:21:00+00:00,413.28,413.26,413.28,100,79,413.27117318435756,2.094166766551523e-07,0.0003805810849797364
2023-05-24 21:22:00+00:00,413.36,413.34,413.43,100,23,413.41317073170734,2.4345432529976686e-07,-0.00018346521531864557
2023-05-24 21:23:00+00:00,413.44,413.45,413.46,100,100,413.455,8.442518546122614e-08,0.00037389223087225254
2023-05-24 21:24:00+00:00,413.5,413.45,413.52,178,40,413.50715596330275,2.6067355967378907e-08,-1.7848611429949202e-06
2023-05-24 21:25:00+00:00,413.5,413.45,413.52,162,39,413.50641791044774,3.705106857941307e-08,-0.00013064066042312028
2023-05-24 21:26:00+00:00,413.5,413.45,413.5,162,3217,413.45239715892274,1.4222644795105994e-08,4.275271333975539e-05
2023-05-24 21:27:00+00:00,413.47,413.47,413.48,17,2300,413.4700733707381,3.1378529406154717e-09,-9.166544514682684e-05
2023-05-24 21:28:00+00:00,413.45,413.43,413.45,194,1592,413.43217245240766,5.047674400900894e-13,1.14232102221834e-07
2023-05-24 21:29:00+00:00,413.45,413.43,413.45,194,1554,413.4322196796339,6.731243741819053e-08,-0.00028744282332970883
2023-05-24 21:30:00+00:00,413.35,413.3,413.35,574,1619,413.3130870953033,9.715172683663468e-09,-4.6953862667398205e-05
2023-05-24 21:31:00+00:00,413.35,413.29,413.35,95,1339,413.2939748953975,4.7716430670489536e-08,8.006899627499564e-05
2023-05-24 21:32:00+00:00,413.3,413.3,413.35,275,233,413.3270669291339,1.03230789701698e-08,0.00015405453870176444
2023-05-24 21:33:00+00:00,413.35,413.39,413.4,100,1248,413.3907418397626,6.690082367423136e-08,-0.00011040353430069594
2023-05-24 21:34:00+00:00,413.27,413.28,413.39,145,100,413.3451020408163,3.8865578987431345e-07,-0.00027558816074890746
2023-05-24 21:35:00+00:00,413.25,413.23,413.24,39,289,413.2311890243903,4.231473035576704e-08,3.745516477793309e-05
2023-05-24 21:36:00+00:00,413.25,413.21,413.28,110,100,413.2466666666666,6.7132320768148684e-09,-3.420212845006709e-05
2023-05-24 21:37:00+00:00,413.25,413.21,413.25,129,100,413.2325327510917,6.675845643722695e-08,0.00036492911445695775
2023-05-24 21:38:00+00:00,413.3,413.25,413.38,2000,4,413.3797405189621,3.589084087593282e-08,-1.3678385289317418e-05
2023-05-24 21:39:00+00:00,413.35,413.32,413.38,497,20,413.3776789168278,2.533372669857889e-07,0.00046765851839358774
2023-05-24 21:40:00+00:00,413.6,413.32,413.6,1203,139,413.57099850968706,4.1002899621809625e-07,4.594492936260686e-05
2023-05-24 21:41:00+00:00,413.59,413.58,413.6,100,100,413.59,1.1334928762204145e-08,9.431099686341149e-05
2023-05-24 21:42:00+00:00,413.62,413.62,413.64,300,271,413.6305078809107,2.16513830135319e-08,0.0001172401212048424
2023-05-24 21:43:00+00:00,413.67,413.67,413.68,9,3,413.6775,3.611012092594016e-08,-0.0001254402411969835
2023-05-24 21:44:00+00:00,413.7,413.6,413.7,1000,2905,413.62560819462226,1.7396715744850878e-08,4.328614059412317e-05
2023-05-24 21:45:00+00:00,413.65,413.6,413.65,664,99,413.6435124508519,1.2752823377800183e-07,-0.00016453275187167105
2023-05-24 21:46:00+00:00,413.5,413.53,413.68,50,115,413.57545454545453,6.225096206924267e-08,3.181564854459751e-05
2023-05-24 21:47:00+00:00,413.67,413.51,413.67,85,88,413.588612716763,1.7013109334800317e-07,2.6665911876833093e-05
2023-05-24 21:48:00+00:00,413.58,413.51,413.6,500,2,413.59964143426294,5.8416112650134694e-08,0.00016798979011589665
2023-05-24 21:49:00+00:00,413.64,413.64,413.67,199,6,413.6691219512195,4.8306667955268174e-08,-4.320877230035158e-05
2023-05-24 21:50:00+00:00,413.7,413.65,413.7,100,3907,413.6512478163214,9.406548659212536e-09,1.1459430270477355e-05
2023-05-24 21:51:00+00:00,413.69,413.65,413.68,100,401,413.6559880239521,5.088944852950349e-08,0.00024826471644900927
2023-05-24 21:52:00+00:00,413.78,413.65,413.76,100,20,413.7416666666667,9.120100845880703e-08,-9.585253867983035e-05
2023-05-24 21:53:00+00:00,413.65,413.7,413.72,195,10,413.71902439024393,2.933360715763381e-08,-0.0002859928879110907
2023-05-24 21:54:00+00:00,413.61,413.6,413.61,650,8587,413.6007036916748,5.883657861986079e-08,-0.00031601419075977244
2023-05-24 21:55:00+00:00,413.5,413.46,413.5,100,2782,413.46138792505207,1.5110497108480324e-08,-0.00011103799093692412
2023-05-24 21:56:00+00:00,413.45,413.42,413.45,104,481,413.42533333333336,7.410028021079014e-08,0.00039869474894649315
2023-05-24 21:57:00+00:00,413.5,413.5,413.59,1244,15,413.588927720413,3.971897675804947e-08,9.039478980521487e-05
2023-05-24 21:58:00+00:00,413.6,413.6,413.63,1424,200,413.6263054187192,4.6508728485123134e-08,-0.00013560777148990955
2023-05-24 21:59:00+00:00,413.65,413.53,413.65,1000,1984,413.5702144772118,1.445873593376316e-07,-0.00010077078523651473
2023-05-24 22:00:00+00:00,413.5,413.5,413.54,249,100,413.5285386819485,1.0924949734185488e-06,0.0008680448493243453
2023-05-24 22:01:00+00:00,413.96,413.88,413.98,500,601,413.92541326067214,2.6930901951591375e-07,5.5513129717965626e-05
2023-05-24 22:02:00+00:00,413.9,413.9,413.92,550,1000,413.9070967741936,6.627885228090601e-08,-0.0002785481665080747
2023-05-24 22:03:00+00:00,413.8,413.78,413.8,500,100,413.7966666666667,7.337101037303007e-08,-0.00019471925912317722
2023-05-24 22:04:00+00:00,413.7,413.71,413.73,150,501,413.7146082949308,3.987909543967737e-08,-0.00019825949000440435
2023-05-24 22:05:00+00:00,413.65,413.6,413.7,1554,3215,413.6325854476829,3.0800472880005124e-08,0.00023526858217071123
2023-05-24 22:06:00+00:00,413.71,413.68,413.73,500,501,413.704975024975,7.685248649340951e-08,-0.0003784277283124249
2023-05-24 22:07:00+00:00,413.61,413.57,413.59,100,500,413.5733333333333,5.4408508804402636e-08,0.0001816563087437828
2023-05-24 22:08:00+00:00,413.66,413.61,413.65,500,20,413.64846153846156,1.092495260499272e-07,0.00016035802410940825
2023-05-24 22:09:00+00:00,413.69,413.69,413.72,500,105,413.71479338842977,2.7545083745533842e-08,-0.0003978521257368417
2023-05-24 22:10:00+00:00,413.56,413.55,413.59,10,500,413.5507843137255,2.1402711230212835e-08,9.221916774215799e-05
2023-05-24 22:11:00+00:00,413.59,413.58,413.61,600,50,413.60769230769233,2.296971759469403e-08,-8.956170772977945e-05
2023-05-24 22:12:00+00:00,413.6,413.55,413.6,500,18855,413.55129165590284,6.245227487092379e-09,-1.847632040030689e-06
2023-05-24 22:13:00+00:00,413.6,413.55,413.6,200,18755,413.5505275652862,3.463898072338029e-08,7.079269480048112e-05
2023-05-24 22:14:00+00:00,413.6,413.57,413.58,500,10,413.57980392156867,4.218206948119714e-08,-6.874764273789857e-05
2023-05-24 22:15:00+00:00,413.55,413.55,413.6,502,17802,413.55137128496506,2.776190423776075e-08,1.9004856014248617e-05
2023-05-24 22:16:00+00:00,413.55,413.55,413.59,150,500,413.5592307692308,3.639788614083561e-08,-0.0001254717355664292
2023-05-24 22:17:00+00:00,413.5,413.5,413.54,1118,4974,413.50734077478666,1.1431173248987956e-08,-8.19481112960263e-05
2023-05-24 22:18:00+00:00,413.48,413.45,413.5,1100,3842,413.46112909753134,4.712838252693958e-08,4.1999263982406276e-05
2023-05-24 22:19:00+00:00,413.49,413.49,413.5,500,5596,413.4908202099738,2.2811686408051146e-08,-9.260537953936776e-05
2023-05-24 22:20:00+00:00,413.5,413.45,413.51,22,500,413.4525287356322,8.939150282913237e-08,3.426144057505631e-05
2023-05-24 22:21:00+00:00,413.47,413.44,413.51,600,35,413.5061417322835,3.3628545683567116e-08,-0.00011233457193216001
2023-05-24 22:22:00+00:00,413.43,413.42,413.43,114,4490,413.42024761077323,5.974954588549996e-08,-0.0003921954744698919
2023-05-24 22:23:00+00:00,413.28,413.25,413.28,2140,500,413.27431818181816,6.667551505775913e-08,-0.00021793300851058461
2023-05-24 22:24:00+00:00,413.12,413.13,413.2,600,504,413.16804347826087,1.990299129602831e-08,-1.7569520803784044e-05
2023-05-24 22:25:00+00:00,413.19,413.16,413.2,10,500,413.1607843137255,2.3527669833620724e-08,-0.0001047366327847632
2023-05-24 22:26:00+00:00,413.11,413.11,413.14,167,500,413.1175112443778,4.261212370141457e-09,-4.233973100120636e-05
2023-05-24 22:27:00+00:00,413.1,413.1,413.11,1,500,413.1000199600798,8.35265348951217e-09,5.744381208816485e-05
2023-05-24 22:28:00+00:00,413.12,413.12,413.13,300,500,413.12375,8.168864455274291e-09,-0.00011607393317547565
2023-05-24 22:29:00+00:00,413.05,413.07,413.1,120,501,413.07579710144927,3.55097725901852e-08,-0.00014929491816040308
2023-05-24 22:30:00+00:00,413.02,413.01,413.03,130,500,413.01412698412696,6.085933111537191e-08,0.0001347988096493946
2023-05-24 22:31:00+00:00,413.0,413.02,413.07,500,2,413.0698007968128,1.118404677432438e-08,-0.0001194867121081522
2023-05-24 22:32:00+00:00,413.04,413.02,413.04,1,44,413.0204444444444,3.955757486752503e-09,-0.00010370002701454162
2023-05-24 22:33:00+00:00,413.0,412.97,413.0,50,147,412.97761421319797,4.831518870646942e-09,-4.2063534730130137e-05
2023-05-24 22:34:00+00:00,412.95,412.94,412.97,500,241,412.96024291497974,2.163345900782249e-08,-0.00011299633570194256
2023-05-24 22:35:00+00:00,412.9,412.9,412.94,357,500,412.9166627771295,1.707591332537675e-08,0.00011037943433978015
2023-05-24 22:36:00+00:00,412.99,412.94,412.97,500,930,412.9504895104895,5.724261893766764e-07,-0.0013021348660379184
2023-05-24 22:37:00+00:00,412.4,412.4,412.45,246,400,412.419040247678,1.1698897098515394e-06,-0.0008844397489853328
2023-05-24 22:38:00+00:00,411.91,411.91,411.99,500,600,411.9463636363636,3.0278390132954476e-07,0.0007604132117751128
2023-05-24 22:39:00+00:00,412.35,412.35,412.39,100,500,412.3566666666667,1.3200280008311186e-07,-0.0001242815917743556
2023-05-24 22:40:00+00:00,412.35,412.35,412.36,3,1100,412.3500271985494,1.9189542650997413e-07,0.00014652903043255172
2023-05-24 22:41:00+00:00,412.38,412.37,412.38,1100,100,412.37916666666666,1.1701579020060316e-07,0.00017091777353939186
2023-05-24 22:42:00+00:00,412.4,412.42,412.45,1100,13,412.44964959568733,3.9549467543422617e-07,0.0005100026258209045
2023-05-24 22:43:00+00:00,412.68,412.64,412.68,1100,1100,412.66,1.381793315761294e-07,-7.191736382217151e-05
2023-05-24 22:44:00+00:00,412.65,412.63,412.64,1,30,412.63032258064516,5.4974892285625174e-08,0.00014146578264950804
2023-05-24 22:45:00+00:00,412.7,412.66,412.69,1100,50,412.6886956521739,7.239295751972123e-08,-0.0002875494421528124
2023-05-24 22:46:00+00:00,412.57,412.55,412.6,1100,1100,412.575,7.585411998784349e-08,1.5231870853504859e-07
2023-05-24 22:47:00+00:00,412.59,412.57,412.58,10,1104,412.57008976660677,7.295798814674126e-08,-0.0003548157995515444
2023-05-24 22:48:00+00:00,412.45,412.41,412.45,1100,860,412.43244897959187,8.171199082679627e-08,-0.00010449846289295461
2023-05-24 22:49:00+00:00,412.44,412.38,412.41,20,1100,412.3805357142857,8.174918679328275e-08,-9.806990335026189e-05
2023-05-24 22:50:00+00:00,412.35,412.34,412.35,40,2400,412.3401639344262,5.531680575915852e-08,3.2110189719603e-05
2023-05-24 22:51:00+00:00,412.33,412.33,412.38,1058,2050,412.3470205920206,4.076870242393103e-08,-0.0002039559486349818
2023-05-24 22:52:00+00:00,412.27,412.26,412.28,500,575,412.2693023255814,4.80072956360101e-08,0.0003297256644865243
2023-05-24 22:53:00+00:00,412.41,412.4,412.41,1100,1000,412.4052380952381,1.5613020957208237e-07,0.0008885158033418161
2023-05-24 22:54:00+00:00,412.73,412.75,412.79,1300,1100,412.77166666666665,5.306944726472665e-08,6.049220889581264e-05
2023-05-24 22:55:00+00:00,412.8,412.76,412.8,1100,101,412.7966361365529,3.8786456133855505e-08,-0.00018638515947211332
2023-05-24 22:56:00+00:00,412.73,412.7,412.75,1053,1620,412.719696969697,5.025395768206963e-08,-1.5014959892867275e-05
2023-05-24 22:57:00+00:00,412.7,412.7,412.73,900,1100,412.7135,4.862390339834566e-08,-0.0001913263388839681
2023-05-24 22:58:00+00:00,412.63,412.63,412.66,196,1100,412.63453703703703,2.806637632512518e-08,-0.00021765694402620106
2023-05-24 22:59:00+00:00,412.52,412.52,412.57,1076,1100,412.5447242647059,6.589387869629842e-08,0.00019458674556349642
2023-05-24 23:00:00+00:00,412.6,412.61,412.64,1100,1100,412.625,9.203944672930786e-08,0.000254082894333596
2023-05-24 23:01:00+00:00,412.71,412.69,412.73,501,2,412.7298409542744,5.8747052499003726e-08,-0.0002191035319140111
2023-05-24 23:02:00+00:00,412.62,412.62,412.66,1037,1100,412.639410388395,5.670749465876869e-08,-7.727679861013748e-05
2023-05-24 23:03:00+00:00,412.61,412.58,412.61,1100,99,412.6075229357798,5.01401866790214e-08,5.4475652940810804e-05
2023-05-24 23:04:00+00:00,412.61,412.6,412.64,1100,500,412.6275,2.8741356595016836e-08,6.193334356585645e-05
2023-05-24 23:05:00+00:00,412.65,412.62,412.68,1600,1100,412.65555555555557,2.308658566368048e-08,4.7120277875123406e-05
2023-05-24 23:06:00+00:00,412.7,412.66,412.71,1100,2,412.70990925589837,5.277043466193991e-08,-0.0001655863169159888
2023-05-24 23:07:00+00:00,412.57,412.59,412.66,500,1600,412.6066666666667,2.7924264400802922e-08,0.0001232004653342056
2023-05-24 23:08:00+00:00,412.57,412.63,412.67,1100,500,412.6575,4.235710718563016e-08,-2.0139730432244818e-05
2023-05-24 23:09:00+00:00,412.62,412.62,412.65,900,25,412.6491891891892,8.242833349672448e-08,-0.00017978755595038365
2023-05-24 23:10:00+00:00,412.5,412.55,412.6,1100,1100,412.575,4.786943441202061e-08,0.00037252778809659937
2023-05-24 23:11:00+00:00,412.7,412.7,412.73,1100,50,412.72869565217394,9.745054347961642e-08,1.361565926005781e-06
2023-05-24 23:12:00+00:00,412.71,412.71,412.73,1297,50,412.72925760950267,3.403401528241707e-08,-0.00011692316115941015
2023-05-24 23:13:00+00:00,412.71,412.67,412.69,1100,900,412.681,3.1237386037630896e-08,-9.935034566654899e-05
2023-05-24 23:14:00+00:00,412.7,412.62,412.66,1100,1100,412.64,3.696891734880463e-08,0.0002658809988851374
2023-05-24 23:15:00+00:00,412.75,412.74,412.75,1930,57,412.74971313538,6.399493693164838e-08,0.00030757993826879826
2023-05-24 23:16:00+00:00,412.9,412.86,412.93,500,1600,412.87666666666667,8.205740781780476e-09,-6.458748778881418e-05
2023-05-24 23:17:00+00:00,412.89,412.82,412.87,1100,500,412.854375,6.800581625157408e-08,2.3980137097812104e-05
2023-05-24 23:18:00+00:00,412.89,412.81,412.86,500,1,412.8599001996008,3.9006060676635e-08,-1.7758133070366888e-05
2023-05-24 23:19:00+00:00,412.86,412.84,412.88,504,1100,412.85256857855364,2.071217302286341e-08,6.601109473924893e-05
2023-05-24 23:20:00+00:00,412.89,412.85,412.88,1100,25,412.8793333333333,3.5928101633893535e-08,-4.7807944155819904e-05
2023-05-24 23:21:00+00:00,412.87,412.85,412.87,1100,1082,412.86008249312556,9.848513906931332e-09,-9.708493222093662e-05
2023-05-24 23:22:00+00:00,412.87,412.8,412.84,1100,1100,412.82,1.991536078551291e-08,-8.971715768857358e-06
2023-05-24 23:23:00+00:00,412.82,412.82,412.85,1052,1000,412.835380116959,1.383028044412422e-08,-8.047011108192059e-05
2023-05-24 23:24:00+00:00,412.81,412.78,412.8,200,1600,412.78222222222223,1.908027032142403e-08,-0.00010346003771488643
2023-05-24 23:25:00+00:00,412.76,412.71,412.76,1100,1100,412.735,1.752375893065436e-08,2.3974190715536636e-05
2023-05-24 23:26:00+00:00,412.76,412.75,412.76,30,1100,412.75026548672565,2.4510653528267197e-08,-7.245190425986259e-05
2023-05-24 23:27:00+00:00,412.74,412.7,412.74,1100,1061,412.7203609440074,6.956871227656863e-09,-9.73810680338083e-05
2023-05-24 23:28:00+00:00,412.68,412.68,412.69,19,1100,412.68016979445935,1.3403170319567524e-08,-0.00017145972821686062
2023-05-24 23:29:00+00:00,412.59,412.6,412.61,400,25,412.6094117647059,2.6856823587746875e-08,-0.00013591166312154623
2023-05-24 23:30:00+00:00,412.55,412.55,412.59,100,1100,412.55333333333334,5.132121160962211e-08,0.00037368905838430777
2023-05-24 23:31:00+00:00,412.69,412.71,412.75,1100,1325,412.7281443298969,3.393819245320129e-08,0.0002284622389228108
2023-05-24 23:32:00+00:00,412.8,412.8,412.82,108,1100,412.8017880794702,4.487949906275156e-08,9.602790758922453e-05
2023-05-24 23:33:00+00:00,412.8,412.82,412.85,500,200,412.8414285714286,1.4315181121423127e-08,6.925078709896226e-05
2023-05-24 23:34:00+00:00,412.88,412.87,412.89,1,1100,412.87001816530426,3.18784282440472e-08,5.5003043146317765e-05
2023-05-24 23:35:00+00:00,412.92,412.89,412.92,50,500,412.89272727272726,6.005880838345744e-08,0.00024942801406879767
2023-05-24 23:36:00+00:00,413.0,413.0,413.03,500,1100,413.009375,2.1545598099393203e-08,0.0001541125328843318
2023-05-24 23:37:00+00:00,413.05,413.05,413.08,499,1100,413.0593621013133,3.550642936279444e-08,0.0002453695369242226
2023-05-24 23:38:00+00:00,413.12,413.15,413.18,500,900,413.1607142857143,1.9802419529072223e-08,-0.00026796905389625536
2023-05-24 23:39:00+00:00,413.09,413.03,413.07,1100,1100,413.05,1.074159962722419e-08,-0.00012105072025181407
2023-05-24 23:40:00+00:00,413.03,412.98,413.02,1100,1100,413.0,2.8911675455142838e-08,2.6070376384801364e-05
2023-05-24 23:41:00+00:00,413.0,413.01,413.03,1100,111,413.0281668042939,3.4627814772970085e-08,-3.817591865440395e-05
2023-05-24 23:42:00+00:00,412.99,412.98,413.01,1100,1100,412.995,5.2249146587465266e-08,-9.416309855780902e-05
2023-05-24 23:43:00+00:00,412.92,412.92,412.97,1300,500,412.9561111111111,1.1237397397039685e-08,5.719401646597788e-05
2023-05-24 23:44:00+00:00,412.95,412.95,412.98,1100,10,412.97972972972974,2.9809613027658653e-09,-4.797059636729717e-05
2023-05-24 23:45:00+00:00,412.97,412.95,412.96,1100,9,412.959918845807,3.336414104694711e-08,0.000235432076816533
2023-05-24 23:46:00+00:00,413.06,413.05,413.07,500,900,413.0571428571429,2.831692406151239e-08,7.55112863433105e-05
2023-05-24 23:47:00+00:00,413.08,413.07,413.09,1600,100,413.08882352941174,2.3000391175982936e-08,-0.00012776390306612484
2023-05-24 23:48:00+00:00,413.11,413.01,413.06,1100,1100,413.035,3.068176244845093e-08,-4.9684310986397584e-05
2023-05-24 23:49:00+00:00,413.03,413.0,413.03,1100,1095,413.0150341685649,2.20753620101692e-08,0.00013218758773425598
2023-05-24 23:50:00+00:00,413.04,413.04,413.09,1600,1100,413.0696296296296,3.169825420172575e-08,-9.745240691183543e-05
2023-05-24 23:51:00+00:00,413.02,413.02,413.05,500,1600,413.02714285714285,2.9209528161136e-08,-9.511309519438793e-05
2023-05-24 23:52:00+00:00,412.96,412.97,413.01,1110,1100,412.9900904977376,2.9696753377447727e-08,8.411119120910193e-05
2023-05-24 23:53:00+00:00,413.02,413.02,413.04,1100,50,413.03913043478263,3.02248769220795e-08,-5.9282587758779925e-05
2023-05-24 23:54:00+00:00,413.0,413.0,413.01,39,1100,413.000342405619,2.551059667083241e-08,2.6842994233389206e-05
2023-05-24 23:55:00+00:00,413.01,413.01,413.02,90,600,413.01130434782607,2.2544255583535207e-08,-2.8723118715934248e-05
2023-05-24 23:56:00+00:00,413.05,412.99,413.0,1101,50,412.99956559513464,2.8820827632880203e-08,-4.403463418567455e-05
2023-05-24 23:57:00+00:00,413.0,412.95,413.02,1300,1600,412.98137931034483,1.9032342113874674e-08,-0.00011230363563186074
2023-05-24 23:58:00+00:00,412.93,412.92,412.95,1100,1100,412.935,4.56687658536305e-08,-3.6317993424850314e-05
2023-05-24 23:59:00+00:00,412.93,412.9,412.93,2201,1100,412.9200030293851,8.018164439447857e-08,-9.501549532131559e-05
