ts_recv,price,bid_px_00,ask_px_00,bid_sz_00,ask_sz_00,weighted_mid,rv_60s,ret_60s
2021-12-03 08:01:00+00:00,,,,0,0,,0.0,
2021-12-03 08:02:00+00:00,,,,0,0,,0.0,
2021-12-03 08:03:00+00:00,,,,0,0,,0.0,
2021-12-03 08:04:00+00:00,,,,0,0,,0.0,
2021-12-03 08:05:00+00:00,,,,0,0,,0.0,
2021-12-03 08:06:00+00:00,,,,0,0,,0.0,
2021-12-03 08:07:00+00:00,,,,0,0,,0.0,
2021-12-03 08:08:00+00:00,,,,0,0,,0.0,
2021-12-03 08:09:00+00:00,,,,0,0,,0.0,
2021-12-03 08:10:00+00:00,,,,0,0,,0.0,
2021-12-03 08:11:00+00:00,,,,0,0,,0.0,
2021-12-03 08:12:00+00:00,,,,0,0,,0.0,
2021-12-03 08:13:00+00:00,,,,0,0,,0.0,
2021-12-03 08:14:00+00:00,,,,0,0,,0.0,
2021-12-03 08:15:00+00:00,,,,0,0,,0.0,
2021-12-03 08:16:00+00:00,,,,0,0,,0.0,
2021-12-03 08:17:00+00:00,,,,0,0,,0.0,
2021-12-03 08:18:00+00:00,,,,0,0,,0.0,
2021-12-03 08:19:00+00:00,,,,0,0,,0.0,
2021-12-03 08:20:00+00:00,,,,0,0,,0.0,
2021-12-03 08:21:00+00:00,,,,0,0,,0.0,
2021-12-03 08:22:00+00:00,,,,0,0,,0.0,
2021-12-03 08:23:00+00:00,,,,0,0,,0.0,
2021-12-03 08:24:00+00:00,,,,0,0,,0.0,
2021-12-03 08:25:00+00:00,,,,0,0,,0.0,
2021-12-03 08:26:00+00:00,,,,0,0,,0.0,
2021-12-03 08:27:00+00:00,,,,0,0,,0.0,
2021-12-03 08:28:00+00:00,,,,0,0,,0.0,
2021-12-03 08:29:00+00:00,,,,0,0,,0.0,
2021-12-03 08:30:00+00:00,,,,0,0,,0.0,
2021-12-03 08:31:00+00:00,,,,0,0,,0.0,
2021-12-03 08:32:00+00:00,,,,0,0,,0.0,
2021-12-03 08:33:00+00:00,,,,0,0,,0.0,
2021-12-03 08:34:00+00:00,,,,0,0,,0.0,
2021-12-03 08:35:00+00:00,,,,0,0,,0.0,
2021-12-03 08:36:00+00:00,,,,0,0,,0.0,
2021-12-03 08:37:00+00:00,,,,0,0,,0.0,
2021-12-03 08:38:00+00:00,,,,0,0,,0.0,
2021-12-03 08:39:00+00:00,,,,0,0,,0.0,
2021-12-03 08:40:00+00:00,,,,0,0,,0.0,
2021-12-03 08:41:00+00:00,,,,0,0,,0.0,
2021-12-03 08:42:00+00:00,,,,0,0,,0.0,
2021-12-03 08:43:00+00:00,,,,0,0,,0.0,
2021-12-03 08:44:00+00:00,,,,0,0,,0.0,
2021-12-03 08:45:00+00:00,,,,0,0,,0.0,
2021-12-03 08:46:00+00:00,,,,0,0,,0.0,
2021-12-03 08:47:00+00:00,,,,0,0,,0.0,
2021-12-03 08:48:00+00:00,,,,0,0,,0.0,
2021-12-03 08:49:00+00:00,,,,0,0,,0.0,
2021-12-03 08:50:00+00:00,,,,0,0,,0.0,
2021-12-03 08:51:00+00:00,,,,0,0,,0.0,
2021-12-03 08:52:00+00:00,,,,0,0,,0.0,
2021-12-03 08:53:00+00:00,,,,0,0,,0.0,
2021-12-03 08:54:00+00:00,,,,0,0,,0.0,
2021-12-03 08:55:00+00:00,,,,0,0,,0.0,
2021-12-03 08:56:00+00:00,,,,0,0,,0.0,
2021-12-03 08:57:00+00:00,,,,0,0,,0.0,
2021-12-03 08:58:00+00:00,,,,0,0,,0.0,
2021-12-03 08:59:00+00:00,,,,0,0,,0.0,
2021-12-03 09:00:00+00:00,,,,0,0,,1.4358378594699558e-07,
2021-12-03 09:01:00+00:00,457.0,457.0,457.05,100,100,457.025,1.2472088340221092e-07,-0.00032664671360571607
2021-12-03 09:02:00+00:00,456.9,456.86,456.91,1,600,456.8600831946755,8.273827214872259e-08,0.00031472599721249495
2021-12-03 09:03:00+00:00,456.95,456.97,457.02,100,1,457.01950495049505,8.806886968840887e-08,-7.549995158051548e-05
2021-12-03 09:04:00+00:00,457.0,456.96,456.99,100,20,456.98499999999996,7.859045175675884e-08,1.2764824520283824e-05
2021-12-03 09:05:00+00:00,457.01,456.97,457.03,100,100,457.0,1.0487428722464305e-07,-0.0003727965002945366
2021-12-03 09:06:00+00:00,456.86,456.82,456.85,112,600,456.8247191011236,7.72979317509775e-08,0.0001084260741108789
2021-12-03 09:07:00+00:00,456.89,456.85,456.89,100,100,456.87,7.890519543196508e-08,9.380599045094584e-06
2021-12-03 09:08:00+00:00,456.9,456.85,456.88,100,100,456.865,1.0454823109304336e-07,-0.0002595274723898866
2021-12-03 09:09:00+00:00,456.74,456.75,456.79,100,600,456.7557142857143,1.5076229254776923e-07,-0.00032631801723748133
2021-12-03 09:10:00+00:00,456.65,456.6,456.64,100,500,456.6066666666667,7.33069321490968e-08,0.00019345607452070368
2021-12-03 09:11:00+00:00,456.65,456.67,456.72,100,100,456.695,2.8908700955097806e-08,0.00015111173988735516
2021-12-03 09:12:00+00:00,456.73,456.76,456.77,67,100,456.76401197604787,1.2132522742055153e-07,-0.00019852405254572325
2021-12-03 09:13:00+00:00,456.69,456.64,456.68,500,100,456.67333333333335,7.670368473050005e-08,0.000695104956356607
2021-12-03 09:14:00+00:00,456.92,456.96,457.0,500,150,456.9907692307692,1.2454288483555897e-07,0.00040313892891297165
2021-12-03 09:15:00+00:00,457.14,457.11,457.18,500,600,457.14181818181817,1.1181674222586859e-07,0.00014814299278675946
2021-12-03 09:16:00+00:00,457.19,457.22,457.26,100,100,457.24,1.2678053333953877e-07,0.0004314398360130145
2021-12-03 09:17:00+00:00,457.44,457.39,457.44,500,500,457.415,1.2243683593639663e-07,-0.0003274789703524572
2021-12-03 09:18:00+00:00,457.29,457.28,457.31,100,100,457.295,7.95240999391527e-08,0.00034008222040582403
2021-12-03 09:19:00+00:00,457.42,457.4,457.46,100,100,457.43,6.571875186392099e-08,0.00023161738681465316
2021-12-03 09:20:00+00:00,457.49,457.51,457.56,500,100,457.5516666666667,1.5603290688294612e-07,-0.00042982395430746223
2021-12-03 09:21:00+00:00,457.38,457.35,457.39,100,500,457.3566666666667,6.623049069006326e-08,-0.0001876733245146367
2021-12-03 09:22:00+00:00,457.27,457.24,457.29,700,500,457.26916666666665,5.419115433266285e-08,7.183983187730725e-05
2021-12-03 09:23:00+00:00,457.31,457.26,457.31,500,95,457.3020168067227,6.757597140650565e-08,8.305931721563908e-05
2021-12-03 09:24:00+00:00,457.31,457.26,457.33,600,100,457.32,1.383061942002625e-07,-0.0005830818792729175
2021-12-03 09:25:00+00:00,457.17,457.04,457.08,500,100,457.0733333333333,9.496329789323851e-08,-0.0002166996230676954
2021-12-03 09:26:00+00:00,456.98,456.91,456.97,500,800,456.9330769230769,1.5191674993516068e-07,0.00017819070782354451
2021-12-03 09:27:00+00:00,457.13,457.05,457.09,100,100,457.07,9.67265263627721e-08,0.00016617751092140587
2021-12-03 09:28:00+00:00,457.16,457.14,457.15,500,1,457.1499800399202,1.0615316382198087e-07,0.00023698496786117573
2021-12-03 09:29:00+00:00,457.25,457.19,457.25,500,100,457.24,1.1225741294584852e-07,2.8119024707118356e-05
2021-12-03 09:30:00+00:00,457.34,457.25,457.29,100,500,457.25666666666666,8.320580401707634e-08,0.00025015532361671866
2021-12-03 09:31:00+00:00,457.38,457.35,457.38,100,74,457.3672413793103,9.861571161576365e-08,-0.00038752530412056174
2021-12-03 09:32:00+00:00,457.24,457.19,457.24,600,600,457.215,9.719124740433313e-08,2.5548530033114858e-05
2021-12-03 09:33:00+00:00,457.23,457.22,457.27,100,500,457.22833333333335,7.66395582712095e-08,0.0001119344319813198
2021-12-03 09:34:00+00:00,457.24,457.21,457.26,100,100,457.235,1.0807621725176748e-07,-0.0004217735107489018
2021-12-03 09:35:00+00:00,457.1,457.06,457.11,100,1100,457.06416666666667,1.0167395045827286e-07,-0.00014065049290179488
2021-12-03 09:36:00+00:00,457.0,456.99,457.02,100,500,456.995,8.948300864328485e-08,-0.00017661934935309098
2021-12-03 09:37:00+00:00,456.92,456.91,456.94,100,500,456.915,7.337348003911594e-08,8.528143280450706e-07
2021-12-03 09:38:00+00:00,456.92,456.89,456.94,619,600,456.91538966365874,8.354571434087742e-08,0.0001085766368642549
2021-12-03 09:39:00+00:00,457.03,456.94,456.99,600,600,456.965,7.607244221948732e-08,-0.0002042461311769772
2021-12-03 09:40:00+00:00,456.92,456.84,456.91,500,1000,456.86333333333334,9.356780259074865e-08,6.201595634069967e-05
2021-12-03 09:41:00+00:00,456.84,456.86,456.94,500,500,456.9,8.108637525574941e-08,0.00030044370162563006
2021-12-03 09:42:00+00:00,457.02,457.02,457.09,100,1400,457.0246666666667,7.605898875285359e-08,-8.780437072541947e-05
2021-12-03 09:43:00+00:00,456.99,456.99,457.04,100,600,456.9971428571429,4.2793990780648966e-08,0.00019160519180183577
2021-12-03 09:44:00+00:00,457.14,457.04,457.11,600,100,457.1,6.08384858914404e-08,0.00011937045722132389
2021-12-03 09:45:00+00:00,457.05,457.11,457.14,600,15,457.13926829268297,3.443644047543892e-08,0.00011097648098901125
2021-12-03 09:46:00+00:00,457.17,457.17,457.21,100,100,457.19,8.456124436413225e-08,-0.00027340930466546176
2021-12-03 09:47:00+00:00,457.21,457.05,457.08,100,100,457.065,5.342279733339218e-08,0.00027348407775695804
2021-12-03 09:48:00+00:00,457.2,457.17,457.23,100,1000,457.17545454545456,9.67011298953328e-08,0.0
2021-12-03 09:49:00+00:00,457.09,457.17,457.21,100,100,457.19,2.3346804739297344e-07,-0.0007530473419928851
2021-12-03 09:50:00+00:00,456.96,456.82,456.86,100,100,456.84,1.1354644929436215e-07,-0.0001365470889410636
2021-12-03 09:51:00+00:00,456.81,456.77,456.81,100,200,456.78333333333336,8.420505091492182e-08,4.274194809461562e-05
2021-12-03 09:52:00+00:00,456.74,456.76,456.82,600,600,456.79,5.162598198526286e-08,8.339535863211012e-06
2021-12-03 09:53:00+00:00,456.82,456.8,456.85,100,500,456.80833333333334,8.151519329168753e-08,0.00010083172909181037
2021-12-03 09:54:00+00:00,456.88,456.85,456.88,100,1000,456.8527272727273,1.057690274068836e-07,-0.00039002025717460587
2021-12-03 09:55:00+00:00,456.67,456.67,456.72,100,500,456.67833333333334,6.020566639151611e-08,-1.592540540107379e-05
2021-12-03 09:56:00+00:00,456.66,456.64,456.69,600,500,456.66727272727275,9.795935035295536e-08,0.0002090242746857207
2021-12-03 09:57:00+00:00,456.8,456.74,456.79,500,600,456.76272727272726,6.873140187302004e-08,0.00024215211531486425
2021-12-03 09:58:00+00:00,456.8,456.84,456.88,500,100,456.87333333333333,4.994590007538723e-08,0.0001459193649588908
2021-12-03 09:59:00+00:00,456.92,456.92,456.96,100,100,456.94,8.24791514791192e-08,-0.00026626398797802153
2021-12-03 10:00:00+00:00,456.8,456.79,456.83,100,100,456.81,1.1356134466230017e-07,0.00010215585334805155
2021-12-03 10:01:00+00:00,456.9,456.82,456.87,100,600,456.82714285714286,7.629841203034228e-08,5.472075996193482e-05
2021-12-03 10:02:00+00:00,456.9,456.86,456.92,600,500,456.89272727272726,1.2385656835019017e-07,0.0002381832156794772
2021-12-03 10:03:00+00:00,456.94,456.94,456.99,500,500,456.965,1.5276327483599483e-07,-0.0003475359699729452
2021-12-03 10:04:00+00:00,456.88,456.81,456.87,500,500,456.84,7.466500354260713e-08,-0.00028443244847320415
2021-12-03 10:05:00+00:00,456.77,456.71,456.74,1,500,456.7100598802395,1.0383588278252024e-07,0.0
2021-12-03 10:06:00+00:00,456.7,456.66,456.73,501,900,456.68503211991435,6.385441573550155e-08,-0.00010852581339582112
2021-12-03 10:07:00+00:00,456.71,456.66,456.69,1,500,456.66005988023954,1.595875831449244e-07,0.0004576921000523093
2021-12-03 10:08:00+00:00,456.75,456.79,456.86,500,100,456.84833333333336,1.0992863075545493e-07,-0.00024698143037726883
2021-12-03 10:09:00+00:00,456.79,456.75,456.79,200,500,456.76142857142855,6.131094017935097e-08,0.0002590730294029786
2021-12-03 10:10:00+00:00,456.9,456.84,456.88,700,100,456.875,6.785536983921631e-08,3.2831737346139533e-05
2021-12-03 10:11:00+00:00,456.88,456.86,456.92,500,100,456.91,5.209918877447277e-08,-0.00030090944753113913
2021-12-03 10:12:00+00:00,456.75,456.75,456.79,72,500,456.75503496503495,1.02118922425272e-07,0.0002681594797935283
2021-12-03 10:13:00+00:00,456.85,456.85,456.9,100,100,456.875,3.88985885333995e-08,-0.0001055135906739002
2021-12-03 10:14:00+00:00,456.85,456.79,456.86,500,600,456.8218181818182,4.032158382366621e-08,-0.00048173914406723917
2021-12-03 10:15:00+00:00,456.6,456.6,456.64,65,500,456.60460176991154,1.5562082937095234e-07,-0.000548761705612022
2021-12-03 10:16:00+00:00,456.3,456.29,456.3,500,365,456.2957803468208,9.649792311800598e-08,-0.00013556984242835135
2021-12-03 10:17:00+00:00,456.31,456.29,456.32,100,600,456.2942857142857,2.309052047915262e-07,8.140110079324359e-05
2021-12-03 10:18:00+00:00,456.42,456.29,456.34,500,100,456.33166666666665,1.8641581742184334e-07,-0.000140590457152312
2021-12-03 10:19:00+00:00,456.27,456.24,456.3,500,600,456.2672727272727,7.78385972817665e-08,-2.22016145696724e-05
2021-12-03 10:20:00+00:00,456.32,456.25,456.3,100,100,456.275,1.3139151990673214e-07,-0.00014716012273785495
2021-12-03 10:21:00+00:00,456.12,456.17,456.22,100,500,456.17833333333334,1.3443499645227317e-07,-7.20251273749195e-05
2021-12-03 10:22:00+00:00,456.22,456.16,456.2,1,600,456.16006655574046,1.4388187300628314e-07,-0.0003820738467319451
2021-12-03 10:23:00+00:00,455.98,455.92,455.99,700,100,455.98125,1.9978416936051458e-07,-0.00029684699926058045
2021-12-03 10:24:00+00:00,455.85,455.87,455.92,100,500,455.87833333333333,1.2901611201201522e-07,0.0005163067535900456
2021-12-03 10:25:00+00:00,455.99,456.05,456.09,100,100,456.07,7.109889632513223e-08,-5.613263278969605e-06
2021-12-03 10:26:00+00:00,456.1,456.08,456.11,1,100,456.080297029703,6.444876598506299e-08,0.0003501641516572285
2021-12-03 10:27:00+00:00,456.19,456.22,456.26,100,100,456.24,6.429272202151105e-08,-0.00024736354299736973
2021-12-03 10:28:00+00:00,456.22,456.12,456.17,100,600,456.12714285714287,1.6741146943259531e-07,0.00022236907629147318
2021-12-03 10:29:00+00:00,456.21,456.2,456.25,200,500,456.2142857142857,8.889518705457433e-08,-1.8787575150280844e-05
2021-12-03 10:30:00+00:00,456.22,456.19,456.25,600,600,456.22,1.1977344935254283e-07,-7.828303387469315e-05
2021-12-03 10:31:00+00:00,456.27,456.13,456.2,500,500,456.165,6.772613230736526e-08,0.0002865383350714179
2021-12-03 10:32:00+00:00,456.32,456.29,456.34,700,100,456.33375,5.64898269919295e-08,2.348002085028611e-05
2021-12-03 10:33:00+00:00,456.33,456.29,456.33,500,60,456.3257142857143,3.8855750639098654e-08,-0.00010748379394842633
2021-12-03 10:34:00+00:00,456.33,456.25,456.29,200,100,456.27666666666664,5.705273449690182e-08,-0.00020246696605341619
2021-12-03 10:35:00+00:00,456.2,456.15,456.17,103,500,456.153416252073,2.1288635803429212e-07,-0.0007276286875808058
2021-12-03 10:36:00+00:00,455.85,455.85,455.87,80,600,455.85235294117643,1.123318172339109e-07,6.430530697287828e-05
2021-12-03 10:37:00+00:00,455.94,455.84,455.89,500,100,455.88166666666666,1.2708703747951023e-07,5.588334065387279e-05
2021-12-03 10:38:00+00:00,455.98,455.86,455.92,1000,500,455.9,1.295500451473014e-07,-0.0004177960215374643
2021-12-03 10:39:00+00:00,455.75,455.7,455.73,1,500,455.70005988023956,1.4337323816462436e-07,-0.0003949822623705579
2021-12-03 10:40:00+00:00,455.56,455.55,455.61,100,600,455.55857142857144,1.9060709665501517e-07,-0.0002558897509438163
2021-12-03 10:41:00+00:00,455.42,455.4,455.44,101,100,455.4200995024876,1.124974050398958e-07,0.0006832164365435656
2021-12-03 10:42:00+00:00,455.73,455.72,455.77,200,100,455.75333333333333,1.2229186455111185e-07,0.00038856965225320117
2021-12-03 10:43:00+00:00,455.93,455.92,455.95,100,500,455.925,1.7426612122968617e-08,-7.293193482971194e-05
2021-12-03 10:44:00+00:00,455.9,455.87,455.9,102,500,455.8750830564784,1.278868653694288e-07,-0.0004711510559765042
2021-12-03 10:45:00+00:00,455.67,455.66,455.69,1,100,455.660297029703,7.905680663589489e-08,-0.00014330199521128684
2021-12-03 10:46:00+00:00,455.58,455.57,455.62,100,100,455.595,1.2605535603346973e-07,0.0003276719768339209
2021-12-03 10:47:00+00:00,455.77,455.72,455.77,125,100,455.7477777777778,1.1651664756140812e-07,1.5672949429612615e-05
2021-12-03 10:48:00+00:00,455.78,455.75,455.78,5,100,455.75142857142856,9.061336441488124e-08,-0.0003578600699212231
2021-12-03 10:49:00+00:00,455.58,455.58,455.63,78,500,455.5867474048443,1.0334852498233868e-07,0.0002633956825057737
2021-12-03 10:50:00+00:00,455.72,455.69,455.75,1100,500,455.73125,4.763075561557191e-08,-0.0002816128737314072
2021-12-03 10:51:00+00:00,455.58,455.56,455.6,200,500,455.57142857142856,4.999615172208771e-08,0.0003563653829765645
2021-12-03 10:52:00+00:00,455.74,455.7,455.76,100,600,455.7085714285714,7.583789313537123e-08,-0.00018070065387820744
2021-12-03 10:53:00+00:00,455.67,455.64,455.69,500,100,455.6816666666667,5.647458398446007e-08,-6.270339413583237e-06
2021-12-03 10:54:00+00:00,455.6,455.64,455.69,500,100,455.6816666666667,8.218997088283741e-08,-0.00026531540005014786
2021-12-03 10:55:00+00:00,455.58,455.53,455.58,100,700,455.53625,8.35345170614265e-08,0.00011067542191578461
2021-12-03 10:56:00+00:00,455.57,455.57,455.62,100,100,455.595,7.184239099948861e-08,0.0003279733600378698
2021-12-03 10:57:00+00:00,455.74,455.7,455.74,100,150,455.716,1.2073427476731845e-07,0.00041452289797772046
2021-12-03 10:58:00+00:00,455.85,455.91,455.97,1000,100,455.96454545454543,1.5272828788838946e-07,-0.00023030103635468535
2021-12-03 10:59:00+00:00,455.87,455.8,455.85,100,500,455.80833333333334,4.637019254894755e-08,4.1787589503794464e-05
2021-12-03 11:00:00+00:00,455.88,455.82,455.86,100,1,455.85960396039604,1.875842865323687e-07,0.0004079342959397714
2021-12-03 11:01:00+00:00,456.02,456.04,456.1,500,500,456.07,1.1377247632763422e-07,0.00040567951318459805
2021-12-03 11:02:00+00:00,456.17,456.19,456.27,1000,100,456.26272727272726,1.3874286835051786e-07,0.0002340714019546386
2021-12-03 11:03:00+00:00,456.32,456.3,456.32,100,10,456.3181818181818,1.7778161222361785e-07,-0.0003545469273773527
2021-12-03 11:04:00+00:00,456.33,456.15,456.2,100,200,456.1666666666667,9.94893497887749e-08,0.00019730135589890452
2021-12-03 11:05:00+00:00,456.23,456.2,456.27,100,100,456.235,1.2813471736170838e-07,-8.651861217234824e-06
2021-12-03 11:06:00+00:00,456.24,456.19,456.25,1000,100,456.24454545454546,7.021428502370009e-08,-0.00018130612703193272
2021-12-03 11:07:00+00:00,456.15,456.15,456.2,100,500,456.15833333333336,7.329730889216299e-08,-9.23864677313535e-05
2021-12-03 11:08:00+00:00,456.17,456.09,456.14,110,100,456.11619047619047,1.795321118433767e-07,-6.472870321261315e-05
2021-12-03 11:09:00+00:00,456.13,456.04,456.11,1000,500,456.08666666666664,1.1644003909618375e-07,7.308552468110463e-05
2021-12-03 11:10:00+00:00,456.15,456.1,456.14,100,100,456.12,8.744462337481031e-09,9.766169987157625e-05
2021-12-03 11:11:00+00:00,456.12,456.11,456.17,1000,100,456.1645454545455,4.8901731619678306e-08,-0.0003049138967000653
2021-12-03 11:12:00+00:00,456.05,456.02,456.08,100,1000,456.0254545454545,5.4129583240366614e-08,-0.000275104260527681
2021-12-03 11:13:00+00:00,455.92,455.88,455.92,100,100,455.9,1.051741565400625e-07,0.00020837903048920303
2021-12-03 11:14:00+00:00,455.95,455.97,456.02,100,100,455.995,1.2320800164285833e-07,-0.000618827247193976
2021-12-03 11:15:00+00:00,455.71,455.71,455.73,82,500,455.7128178694158,8.071756713346979e-08,0.0002095957369909751
2021-12-03 11:16:00+00:00,455.79,455.82,455.87,100,100,455.845,7.209034370849351e-08,0.00016819935279821507
2021-12-03 11:17:00+00:00,455.85,455.86,455.91,100,100,455.885,7.188792380748666e-08,-0.00012064446077408864
2021-12-03 11:18:00+00:00,455.86,455.82,455.88,100,500,455.83,5.1301727550351214e-08,0.000252287036833998
2021-12-03 11:19:00+00:00,455.9,455.92,455.97,100,100,455.945,1.0449385463352229e-07,-8.041905639200042e-05
2021-12-03 11:20:00+00:00,455.9,455.9,455.95,100,500,455.90833333333336,1.0875047449770279e-07,-0.00028148933447891267
2021-12-03 11:21:00+00:00,455.85,455.77,455.82,100,100,455.795,2.7650280822297613e-09,8.789301908707081e-05
2021-12-03 11:22:00+00:00,455.8,455.82,455.85,1,500,455.8200598802395,1.6195940000040948e-07,0.00042401260959112896
2021-12-03 11:23:00+00:00,456.0,455.98,456.03,200,100,456.0133333333333,1.3884353656401984e-07,-0.00018000204672374842
2021-12-03 11:24:00+00:00,455.92,455.89,455.95,1100,500,455.93125,5.7046507802356055e-08,0.00023808632337640745
2021-12-03 11:25:00+00:00,455.92,455.96,456.02,1100,100,456.015,1.7196233836538441e-07,-0.00018198909865918544
2021-12-03 11:26:00+00:00,455.96,455.94,455.96,1000,190,455.95680672268907,4.777878108049235e-08,0.0003918086540906085
2021-12-03 11:27:00+00:00,456.12,456.09,456.14,1000,100,456.13545454545454,1.1423229237619265e-07,6.111953719223351e-05
2021-12-03 11:28:00+00:00,456.16,456.15,456.23,100,1100,456.1566666666667,9.306699073123838e-08,3.105612755671672e-05
2021-12-03 11:29:00+00:00,456.15,456.14,456.19,600,200,456.1775,9.019655206086615e-08,-4.2015808904727336e-05
2021-12-03 11:30:00+00:00,456.2,456.15,456.19,100,100,456.17,6.359646659156423e-08,7.739205386214643e-05
2021-12-03 11:31:00+00:00,456.15,456.19,456.23,100,1000,456.19363636363636,1.0596393980396217e-07,-0.00029920081214085403
2021-12-03 11:32:00+00:00,456.19,456.07,456.13,100,1000,456.07545454545453,6.024247976365572e-08,0.00040095226162129016
2021-12-03 11:33:00+00:00,456.25,456.22,456.25,100,150,456.232,5.417372243560557e-08,0.00010745307347859168
2021-12-03 11:34:00+00:00,456.27,456.25,456.29,200,5,456.2890243902439,4.854166252295921e-08,-0.00023893713066980293
2021-12-03 11:35:00+00:00,456.24,456.17,456.23,200,1000,456.18,8.90004966394526e-08,0.0002520934718750478
2021-12-03 11:36:00+00:00,456.29,456.27,456.32,100,100,456.295,3.534102372948517e-08,-0.00018993560452496006
2021-12-03 11:37:00+00:00,456.2,456.22,456.28,100,1000,456.22545454545457,5.960288493291587e-08,1.760227168934314e-05
2021-12-03 11:38:00+00:00,456.33,456.21,456.28,100,1000,456.2163636363636,6.55972366914473e-08,5.0532688439464124e-05
2021-12-03 11:39:00+00:00,456.22,456.21,456.24,100,3,456.2391262135922,2.9442906157592704e-08,7.795449409631061e-05
2021-12-03 11:40:00+00:00,456.32,456.27,456.3,100,502,456.2749833887043,1.0874104620491577e-07,0.00027239035341275475
2021-12-03 11:41:00+00:00,456.31,456.37,456.4,100,5,456.3985714285714,8.388640784570359e-08,-2.8274927713178855e-05
2021-12-03 11:42:00+00:00,456.39,456.37,456.39,100,100,456.38,1.0054967603715218e-07,0.00016143791954514874
2021-12-03 11:43:00+00:00,456.47,456.41,456.47,1100,199,456.46080831408784,5.090240790107923e-08,0.00022993972964413523
2021-12-03 11:44:00+00:00,456.48,456.51,456.58,1000,100,456.57363636363635,7.023586622703138e-08,0.00023981854417920445
2021-12-03 11:45:00+00:00,456.69,456.67,456.72,100,150,456.69,5.978330217898906e-08,-6.458156540634086e-05
2021-12-03 11:46:00+00:00,456.66,456.62,456.67,100,100,456.645,6.380666902425913e-08,-0.0002189884921546259
2021-12-03 11:47:00+00:00,456.59,456.52,456.57,100,100,456.545,1.0381603383674714e-07,-4.537183785668919e-05
2021-12-03 11:48:00+00:00,456.47,456.49,456.55,1000,600,456.5275,1.5760819070666592e-07,0.0001322992706151993
2021-12-03 11:49:00+00:00,456.57,456.57,456.6,290,600,456.5797752808989,4.0719729454132294e-08,0.00019033712951710413
2021-12-03 11:50:00+00:00,456.69,456.67,456.69,100,1159,456.6715885623511,6.506342955448639e-08,1.8419008012804383e-05
2021-12-03 11:51:00+00:00,456.69,456.67,456.73,100,500,456.68,2.948085542356977e-08,0.00014233161075583034
2021-12-03 11:52:00+00:00,456.78,456.73,456.77,100,100,456.75,9.255093412654033e-08,5.47351366735338e-05
2021-12-03 11:53:00+00:00,456.8,456.75,456.79,100,600,456.7557142857143,1.1153360873685186e-07,0.0002298749917901688
2021-12-03 11:54:00+00:00,456.8,456.85,456.9,100,100,456.875,8.828938398445846e-08,-0.0004085727314181442
2021-12-03 11:55:00+00:00,456.74,456.68,456.73,100,500,456.68833333333333,1.3344825373239141e-07,0.0002737096415132978
2021-12-03 11:56:00+00:00,456.86,456.77,456.82,100,200,456.7866666666667,1.4711504140971367e-07,0.00026733285394731077
2021-12-03 11:57:00+00:00,456.9,456.89,456.94,500,100,456.9316666666667,1.6731761550476093e-07,-1.0253777943280973e-05
2021-12-03 11:58:00+00:00,456.91,456.9,456.94,100,30,456.9307692307692,9.472988469368214e-08,0.00019521731782456975
2021-12-03 11:59:00+00:00,457.0,456.99,457.02,1000,1,457.01997002997,9.287667654240072e-08,7.359204375889661e-06
2021-12-03 12:00:00+00:00,457.07,456.99,457.06,1000,600,457.03375,1.1776243445949894e-07,0.00014923773739883295
2021-12-03 12:01:00+00:00,457.12,457.1,457.16,400,1000,457.1171428571429,1.5862820643524506e-07,-0.0001236917702058804
2021-12-03 12:02:00+00:00,457.02,457.0,457.06,100,500,457.01,1.4969405233393257e-07,8.752064940309445e-05
2021-12-03 12:03:00+00:00,457.1,457.03,457.08,500,600,457.0527272727273,1.519510332281773e-07,0.00010025857479289968
2021-12-03 12:04:00+00:00,457.12,457.12,457.13,90,1000,457.1208256880734,9.901310165698316e-08,2.0069774578246324e-05
2021-12-03 12:05:00+00:00,457.12,457.09,457.15,1000,500,457.13,1.3284343692997954e-07,-0.00017338450606896316
2021-12-03 12:06:00+00:00,457.05,457.05,457.07,40,100,457.0557142857143,4.825187389223487e-08,-3.990966235201121e-05
2021-12-03 12:07:00+00:00,457.05,457.03,457.06,100,1100,457.0325,1.5717653882869684e-08,-0.00010393133967501189
2021-12-03 12:08:00+00:00,457.01,456.97,457.01,100,1000,456.9736363636364,3.31234066177584e-08,-0.00015401953102323063
2021-12-03 12:09:00+00:00,456.95,456.91,456.93,300,1000,456.9146153846154,1.0226546031039268e-07,-0.0001487120693031141
2021-12-03 12:10:00+00:00,456.86,456.83,456.88,500,1000,456.8466666666667,3.313738207329464e-08,0.00012768689713538173
2021-12-03 12:11:00+00:00,456.88,456.89,456.94,1200,100,456.93615384615384,1.4863440478278678e-07,0.00032829581641702354
2021-12-03 12:12:00+00:00,457.06,457.02,457.09,500,500,457.055,1.5391584538366432e-07,9.847629421444459e-05
2021-12-03 12:13:00+00:00,457.18,457.1,457.11,1,1200,457.1000083263947,9.608494478376599e-08,0.0003354950289822245
2021-12-03 12:14:00+00:00,457.28,457.25,457.28,1,100,457.25029702970295,8.469301833935222e-08,-0.00020730833793070058
2021-12-03 12:15:00+00:00,457.2,457.15,457.21,100,600,457.1585714285714,2.1912623984716427e-08,0.00013364726537945515
2021-12-03 12:16:00+00:00,457.24,457.2,457.25,300,5,457.2491803278688,1.3137749623961792e-07,-0.0004492013816067564
2021-12-03 12:17:00+00:00,457.01,457.0,457.04,21,600,457.0013526570049,2.388271373157678e-07,0.0006220499515487976
2021-12-03 12:18:00+00:00,457.3,457.29,457.32,380,700,457.30055555555555,1.3186542061675236e-07,-0.00020377674239324683
2021-12-03 12:19:00+00:00,457.22,457.15,457.21,1200,100,457.2053846153846,4.904143633826856e-08,6.109047175884008e-05
2021-12-03 12:20:00+00:00,457.23,457.23,457.27,671,1100,457.2451552795031,6.255173989423641e-08,-4.1619438239215434e-05
2021-12-03 12:21:00+00:00,457.27,457.2,457.24,100,600,457.2057142857143,7.458295063176326e-08,-4.947143675471111e-05
2021-12-03 12:22:00+00:00,457.2,457.16,457.2,100,161,457.1753256704981,7.035269364380787e-08,0.000313508193135581
2021-12-03 12:23:00+00:00,457.28,457.32,457.35,100,100,457.335,9.602811988534737e-08,0.00022937342978890385
2021-12-03 12:24:00+00:00,457.45,457.44,457.47,100,1,457.4697029702971,9.810134396020115e-08,-0.00024753815905131926
2021-12-03 12:25:00+00:00,457.32,457.31,457.36,100,200,457.32666666666665,6.591416610311171e-08,-4.7376783918084975e-05
2021-12-03 12:26:00+00:00,457.3,457.28,457.34,100,100,457.31,3.136887207834426e-08,3.478879721230399e-05
2021-12-03 12:27:00+00:00,457.3,457.31,457.33,240,200,457.32090909090914,9.809608548559176e-08,-8.249627772827228e-05
2021-12-03 12:28:00+00:00,457.3,457.27,457.3,200,100,457.29,4.416619690234486e-08,1.976981529150379e-05
2021-12-03 12:29:00+00:00,457.33,457.28,457.32,220,500,457.2922222222223,3.5999233209617826e-08,0.00019037639962848907
2021-12-03 12:30:00+00:00,457.33,457.34,457.38,960,11,457.3795468589083,5.979592064265404e-08,-6.004138896875677e-05
2021-12-03 12:31:00+00:00,457.36,457.35,457.36,100,100,457.355,3.721399442321568e-08,0.00018187709084105386
2021-12-03 12:32:00+00:00,457.45,457.41,457.46,200,100,457.4433333333333,3.2147205088318596e-08,-3.998171662622507e-05
2021-12-03 12:33:00+00:00,457.43,457.39,457.43,201,100,457.4167109634551,2.963751028801717e-08,-1.4671443552938257e-05
2021-12-03 12:34:00+00:00,457.39,457.39,457.42,200,100,457.41,9.903574987701379e-08,0.00023319705880209263
2021-12-03 12:35:00+00:00,457.52,457.5,457.53,200,100,457.52,7.396006163311056e-08,6.192852719388853e-05
2021-12-03 12:36:00+00:00,457.55,457.53,457.56,100,100,457.545,1.0311577727593904e-07,-0.00017782652277631428
2021-12-03 12:37:00+00:00,457.45,457.46,457.49,100,52,457.47973684210524,3.943474200089383e-08,-8.376988961633636e-05
2021-12-03 12:38:00+00:00,457.44,457.41,457.44,730,700,457.4253146853147,2.862089289632289e-08,-5.4602402319137155e-05
2021-12-03 12:39:00+00:00,457.39,457.37,457.41,314,100,457.40033816425125,1.535349481340023e-08,2.005528761839237e-05
2021-12-03 12:40:00+00:00,457.41,457.39,457.41,3235,81,457.4095114595899,6.312714054121162e-08,0.00022906006996104011
2021-12-03 12:41:00+00:00,457.49,457.5,457.55,200,500,457.51428571428573,4.003435070658424e-08,-0.00012076881082512259
2021-12-03 12:42:00+00:00,457.46,457.43,457.47,300,500,457.445,2.492268354745508e-08,-7.175584959107084e-05
2021-12-03 12:43:00+00:00,457.41,457.4,457.44,350,200,457.42545454545456,1.782164098277647e-08,-0.0001064803367567535
2021-12-03 12:44:00+00:00,457.35,457.34,457.39,1100,100,457.3858333333333,3.0806027215312715e-08,8.198916649826415e-05
2021-12-03 12:45:00+00:00,457.41,457.39,457.42,500,100,457.415,1.6325696623657778e-07,0.0003010496514861405
2021-12-03 12:46:00+00:00,457.47,457.51,457.57,100,243,457.52749271137026,1.4941717175366157e-07,0.0003139725950183081
2021-12-03 12:47:00+00:00,457.64,457.68,457.71,600,500,457.6963636363636,3.5782972336237095e-08,3.153163655356117e-05
2021-12-03 12:48:00+00:00,457.69,457.68,457.71,1078,25,457.7093200362647,6.85094498136412e-08,2.8302693255710665e-05
2021-12-03 12:49:00+00:00,457.74,457.72,457.75,100,700,457.72375,7.156879741468835e-08,0.00023212691060936486
2021-12-03 12:50:00+00:00,457.8,457.78,457.82,490,600,457.7979816513761,7.934775482102193e-08,7.50824541859707e-05
2021-12-03 12:51:00+00:00,457.85,457.84,457.88,200,500,457.8514285714286,1.0276004850383898e-07,-7.507681723439852e-05
2021-12-03 12:52:00+00:00,457.8,457.82,457.84,100,100,457.83,4.50784996165248e-08,-0.00014390542706488318
2021-12-03 12:53:00+00:00,457.79,457.75,457.78,1333,1500,457.76411577832687,7.55951398835416e-08,0.00011843994130966706
2021-12-03 12:54:00+00:00,457.79,457.8,457.83,1100,600,457.8194117647059,2.7938886614636345e-08,-0.00012013498804108735
2021-12-03 12:55:00+00:00,457.81,457.76,457.78,2600,500,457.77677419354836,5.920896786031383e-08,-0.00026815063647933624
2021-12-03 12:56:00+00:00,457.67,457.64,457.65,31,500,457.6405838041431,5.116636537218266e-08,-0.00013862613860182726
2021-12-03 12:57:00+00:00,457.59,457.57,457.61,100,100,457.59,5.899375292278412e-08,-0.00011031187038990087
2021-12-03 12:58:00+00:00,457.54,457.52,457.54,300,100,457.535,9.131111795955815e-08,0.00031952340014540503
2021-12-03 12:59:00+00:00,457.63,457.63,457.68,1200,100,457.67615384615385,2.9795401796691293e-08,1.950863217858867e-06
2021-12-03 13:00:00+00:00,457.64,457.66,457.69,100,600,457.6642857142857,2.008051760837192e-07,0.00013796879630390002
2021-12-03 13:01:00+00:00,457.72,457.7,457.74,1200,101,457.73689469638737,9.86558354227171e-08,-1.9917377679701254e-05
2021-12-03 13:02:00+00:00,457.7,457.7,457.73,100,8,457.72777777777776,6.605586660390398e-08,2.2233231564472433e-05
2021-12-03 13:03:00+00:00,457.74,457.73,457.74,600,180,457.7376923076923,9.401069708428716e-08,0.00015472293055696085
2021-12-03 13:04:00+00:00,457.8,457.8,457.81,1012,141,457.808777103209,6.911770312118252e-08,0.000199259824960496
2021-12-03 13:05:00+00:00,457.92,457.89,457.92,200,800,457.896,7.538540027551738e-08,3.970696261568207e-06
2021-12-03 13:06:00+00:00,457.96,457.88,457.92,724,500,457.903660130719,1.3614169825970863e-07,0.00045802638388559025
2021-12-03 13:07:00+00:00,458.11,458.11,458.12,110,700,458.11135802469136,1.4442195554582477e-07,0.0005329815201449151
2021-12-03 13:08:00+00:00,458.32,458.33,458.36,100,100,458.345,1.875652908425479e-07,0.00018337578580585046
2021-12-03 13:09:00+00:00,458.4,458.43,458.44,600,12,458.43980392156857,1.3493405768629887e-07,-0.00010477803478781134
2021-12-03 13:10:00+00:00,458.37,458.37,458.4,200,21,458.39714932126697,1.379360906498692e-07,-9.405075282897801e-05
2021-12-03 13:11:00+00:00,458.33,458.3,458.33,1100,500,458.320625,1.314921489969533e-07,-0.0002544332305451924
2021-12-03 13:12:00+00:00,458.23,458.2,458.24,500,125,458.232,1.3270273172201954e-07,0.00021657342986158845
2021-12-03 13:13:00+00:00,458.3,458.25,458.28,500,500,458.265,1.380627544812685e-07,7.183841688673809e-05
2021-12-03 13:14:00+00:00,458.4,458.31,458.36,100,100,458.335,7.425237645563502e-08,0.0001436267014764958
2021-12-03 13:15:00+00:00,458.42,458.41,458.45,100,100,458.43,1.5831830148800777e-07,9.816111511029568e-05
2021-12-03 13:16:00+00:00,458.47,458.46,458.5,100,100,458.48,1.251624123689535e-07,-0.0005661060135132567
2021-12-03 13:17:00+00:00,458.23,458.18,458.22,80,100,458.1977777777778,8.480915465107158e-08,3.901829958263825e-05
2021-12-03 13:18:00+00:00,458.21,458.21,458.25,140,100,458.23333333333335,1.5227878222234693e-07,-0.0004596844774286124
2021-12-03 13:19:00+00:00,458.03,458.02,458.04,300,200,458.032,1.482058733479459e-07,7.05410838910403e-05
2021-12-03 13:20:00+00:00,458.05,458.04,458.06,25,600,458.0408,1.3195489710249931e-07,-4.5642413577740015e-05
2021-12-03 13:21:00+00:00,457.99,458.0,458.06,658,500,458.03409326424867,2.287185653011755e-07,-7.378541257674343e-05
2021-12-03 13:22:00+00:00,458.01,458.0,458.02,1,500,458.0000399201597,2.7966864054383354e-07,-0.0002377039032079864
2021-12-03 13:23:00+00:00,457.9,457.88,457.9,15,162,457.88169491525423,1.429967903322238e-07,0.0003105709854660521
2021-12-03 13:24:00+00:00,458.0,458.02,458.05,500,600,458.0336363636364,1.0841645860343752e-07,-9.526890641220476e-05
2021-12-03 13:25:00+00:00,457.93,457.98,458.02,100,200,457.99333333333334,4.421307654077651e-08,0.0003247887508461833
2021-12-03 13:26:00+00:00,458.12,458.12,458.15,500,100,458.145,5.963169278365792e-08,0.00027011467595783323
2021-12-03 13:27:00+00:00,458.28,458.23,458.26,600,221,458.2519244823386,2.3834450004553876e-07,0.00034531930491099594
2021-12-03 13:28:00+00:00,458.4,458.39,458.43,500,800,458.4053846153846,2.7681874500263153e-07,-0.0003524714411313745
2021-12-03 13:29:00+00:00,458.2,458.16,458.28,700,1000,458.20941176470586,3.3999335734280177e-07,1.2185602175085464e-05
2021-12-03 13:30:00+00:00,458.11,458.12,458.45,49,64,458.26309734513273,2.1729317469781424e-06,-0.0003740577841101489
2021-12-03 13:31:00+00:00,458.17,458.05,458.14,500,1000,458.08,1.0469293234757437e-06,0.0020374305090666844
2021-12-03 13:32:00+00:00,459.02,458.95,459.01,500,1000,458.97,8.799227825281275e-07,0.0006893893327148959
2021-12-03 13:33:00+00:00,459.32,459.35,459.41,500,1000,459.37,4.917374877580361e-07,-0.0006068816948756606
2021-12-03 13:34:00+00:00,459.01,459.05,459.1,100,1025,459.05444444444447,3.893500301301727e-07,-0.0007174328122986351
2021-12-03 13:35:00+00:00,458.7,458.7,458.75,32,1000,458.7015503875969,4.464759556586854e-07,0.00044065278895843996
2021-12-03 13:36:00+00:00,458.95,458.93,458.99,146,500,458.9435603715171,3.2384677610552044e-07,0.000746133464103016
2021-12-03 13:37:00+00:00,459.25,459.25,459.3,61,1000,459.25287464655986,2.8603344250186016e-07,-0.00023131419438826573
2021-12-03 13:38:00+00:00,459.2,459.12,459.17,500,500,459.145,2.550357141743907e-07,-0.0003520268875160104
2021-12-03 13:39:00+00:00,459.0,458.99,459.02,500,200,459.01142857142855,2.7011541078515625e-07,0.0001725880375107458
2021-12-03 13:40:00+00:00,459.0,459.06,459.1,1000,147,459.0948735832607,2.2706796780059065e-07,-0.00015753779348559593
2021-12-03 13:41:00+00:00,459.05,458.99,459.03,501,200,459.01858773181175,2.479336974106128e-07,-0.000988168549019175
2021-12-03 13:42:00+00:00,458.56,458.55,458.59,300,500,458.565,2.826321914611294e-07,0.00016523116846967056
2021-12-03 13:43:00+00:00,458.67,458.64,458.69,1000,500,458.67333333333335,1.539534505958487e-07,0.00017940318918086007
2021-12-03 13:44:00+00:00,458.67,458.72,458.75,90,500,458.72457627118644,1.3611813078518808e-07,-0.00020668228793041532
2021-12-03 13:45:00+00:00,458.6,458.61,458.65,1100,69,458.64763900769884,2.1627871645432584e-07,0.000625895167926549
2021-12-03 13:46:00+00:00,458.88,458.89,458.9,80,200,458.89285714285717,1.6420952105668643e-07,-0.00045324841595184573
2021-12-03 13:47:00+00:00,458.68,458.66,458.71,600,69,458.70484304932734,4.2338932046806586e-07,-0.0011604164516461069
2021-12-03 13:48:00+00:00,458.12,458.15,458.22,1000,1000,458.185,1.9535998187654178e-07,-0.00035700644638281265
2021-12-03 13:49:00+00:00,457.94,457.91,457.96,500,500,457.935,2.2831545224062963e-07,0.0007533480504688939
2021-12-03 13:50:00+00:00,458.32,458.32,458.36,1500,1700,458.33875,2.5130731569071e-07,-0.0001901251114160285
2021-12-03 13:51:00+00:00,458.24,458.26,458.28,1500,205,458.2775953079179,2.2051875317300894e-07,0.00028514779307386995
2021-12-03 13:52:00+00:00,458.43,458.38,458.42,1000,1500,458.396,2.2557636647928476e-07,-0.00036274260239010925
2021-12-03 13:53:00+00:00,458.26,458.22,458.26,261,500,458.23371879106435,1.7890219129596782e-07,0.00041406514616260104
2021-12-03 13:54:00+00:00,458.4,458.38,458.44,1627,1000,458.41716025885034,1.5543464293119206e-07,0.00014130868158179766
2021-12-03 13:55:00+00:00,458.48,458.44,458.48,81,500,458.4455765920826,4.675052601382024e-07,0.0013343200606832362
2021-12-03 13:56:00+00:00,459.11,459.05,459.09,1700,500,459.0809090909091,2.86769223242749e-07,0.0003838887574609817
2021-12-03 13:57:00+00:00,459.25,459.25,459.28,1400,200,459.27625,1.641035981172716e-07,-7.20316204528837e-05
2021-12-03 13:58:00+00:00,459.24,459.2,459.23,10,500,459.2005882352941,2.140802281130026e-07,-0.0004895756105088855
2021-12-03 13:59:00+00:00,459.01,459.0,459.06,1900,500,459.0475,1.4960842949127955e-07,-0.00020275971132410753
2021-12-03 14:00:00+00:00,458.91,458.91,458.96,1909,500,458.94962224989627,2.8834057942994205e-07,-0.00028228697204168984
2021-12-03 14:01:00+00:00,458.82,458.79,458.81,100,100,458.8,1.3614362503439528e-07,-0.00026856023689336705
2021-12-03 14:02:00+00:00,458.65,458.66,458.68,25,100,458.664,1.2905070300116185e-07,1.6351536226810737e-05
2021-12-03 14:03:00+00:00,458.71,458.71,458.75,11,100,458.713963963964,1.4041134794962218e-07,0.0006903869073573432
2021-12-03 14:04:00+00:00,459.0,459.01,459.05,100,100,459.03,1.7972841985295672e-07,0.0003992029662249763
2021-12-03 14:05:00+00:00,459.19,459.21,459.25,100,100,459.23,1.769471342487325e-07,0.0003813331173778689
2021-12-03 14:06:00+00:00,459.34,459.34,459.37,100,100,459.355,1.232089164427232e-07,0.00033742965680128023
2021-12-03 14:07:00+00:00,459.55,459.52,459.55,200,100,459.54,8.019465866406098e-08,-4.974242749256064e-05
2021-12-03 14:08:00+00:00,459.48,459.46,459.48,100,500,459.4633333333333,1.0227909902728228e-07,-0.00023317922777266187
2021-12-03 14:09:00+00:00,459.35,459.37,459.39,100,200,459.37666666666667,1.2041462998255686e-07,-0.0004287977971950685
2021-12-03 14:10:00+00:00,459.17,459.18,459.2,100,600,459.18285714285713,1.5088572985733214e-07,7.327753283448146e-05
2021-12-03 14:11:00+00:00,459.2,459.22,459.24,5,1700,459.22005865102636,1.563065845492375e-07,0.0001270279098464222
2021-12-03 14:12:00+00:00,459.25,459.27,459.29,100,200,459.27666666666664,1.2878461620013558e-07,-0.0001705586703680817
2021-12-03 14:13:00+00:00,459.26,459.24,459.26,200,500,459.2457142857143,1.5476479382994648e-07,-0.00011614486167876859
2021-12-03 14:14:00+00:00,459.15,459.16,459.18,100,100,459.17,9.787735827844608e-08,0.00021364839903714739
2021-12-03 14:15:00+00:00,459.25,459.23,459.26,100,100,459.245,1.7121554965851462e-07,-0.0004277239796061094
2021-12-03 14:16:00+00:00,459.05,459.02,459.05,201,100,459.0400332225913,5.617757935439189e-08,0.00027775054733192306
2021-12-03 14:17:00+00:00,459.16,459.15,459.16,1,100,459.150099009901,1.6013232009306781e-07,0.00016878188480351497
2021-12-03 14:18:00+00:00,459.21,459.22,459.24,400,1000,459.2257142857143,9.615305850134254e-08,0.00024853115086442834
2021-12-03 14:19:00+00:00,459.39,459.38,459.39,100,17,459.388547008547,5.8802157834071894e-08,-0.00018316173180921158
2021-12-03 14:20:00+00:00,459.3,459.3,459.33,100,300,459.3075,9.029347274467725e-08,-0.00017962898449741527
2021-12-03 14:21:00+00:00,459.14,459.19,459.22,200,600,459.1975,1.107496415768142e-07,-0.00015788413482209496
2021-12-03 14:22:00+00:00,459.14,459.14,459.16,100,500,459.1433333333333,3.561888153479056e-08,-9.235261009821194e-05
2021-12-03 14:23:00+00:00,459.1,459.07,459.1,1086,1400,459.0831053901851,9.405434282579698e-08,-0.00015269280103680227
2021-12-03 14:24:00+00:00,459.01,458.99,459.02,373,500,459.00281786941576,9.174592524910741e-08,-0.000299556112306254
2021-12-03 14:25:00+00:00,458.87,458.86,458.89,100,100,458.875,2.119796059173832e-07,0.00018834883449425632
2021-12-03 14:26:00+00:00,458.92,458.96,458.99,100,300,458.9675,1.0553468459131893e-07,-0.0003364456679861849
2021-12-03 14:27:00+00:00,458.81,458.82,458.84,1,600,458.82003327787027,9.673368326998887e-08,0.0006494822540898948
2021-12-03 14:28:00+00:00,459.1,459.09,459.13,600,400,459.114,1.2403247730698755e-07,-4.384226947695691e-05
2021-12-03 14:29:00+00:00,459.08,459.05,459.08,250,700,459.0578947368421,1.3408135356414428e-07,9.830035337854426e-05
2021-12-03 14:30:00+00:00,459.11,459.12,459.17,1200,100,459.16615384615386,9.733376053604053e-07,-6.342320661967271e-05
2021-12-03 14:31:00+00:00,459.06,459.03,459.05,200,100,459.04333333333335,9.180219100048967e-07,0.0009891496970286795
2021-12-03 14:32:00+00:00,459.66,459.66,459.68,181,100,459.6728825622776,6.52171025858951e-07,0.0013164909532048519
2021-12-03 14:33:00+00:00,460.16,460.13,460.15,98,78,460.14113636363635,6.037145899263275e-07,-0.00057588664812247
2021-12-03 14:34:00+00:00,459.92,459.91,459.92,200,100,459.9166666666667,6.609706981190577e-07,-0.0003277145559622552
2021-12-03 14:35:00+00:00,459.79,459.79,459.8,200,75,459.79727272727274,1.519981963486975e-06,-0.0022651341644438494
2021-12-03 14:36:00+00:00,458.66,458.63,458.65,512,200,458.6443820224719,6.996368187933869e-07,-0.0001519905628246665
2021-12-03 14:37:00+00:00,458.61,458.63,458.64,100,226,458.6330674846626,5.564699556437352e-07,0.0008285933671956514
2021-12-03 14:38:00+00:00,459.06,459.06,459.07,100,100,459.065,5.007876391786259e-07,-0.0008893102064265745
2021-12-03 14:39:00+00:00,458.59,458.59,458.61,113,444,458.5940574506283,6.504479267993347e-07,-0.0009991057406241177
2021-12-03 14:40:00+00:00,458.18,458.18,458.19,100,239,458.1829498525074,7.679002180018737e-07,0.0003492106857205801
2021-12-03 14:41:00+00:00,458.3,458.29,458.3,187,100,458.2965156794425,5.238411178141332e-07,0.00021427814141961044
2021-12-03 14:42:00+00:00,458.43,458.4,458.42,200,212,458.40970873786404,5.510629396727161e-07,-0.0006972647105281116
2021-12-03 14:43:00+00:00,458.14,458.14,458.15,100,200,458.1433333333333,4.918378715022028e-07,-0.00109594645345501
2021-12-03 14:44:00+00:00,457.6,457.6,457.61,500,100,457.60833333333335,8.267672684700989e-07,8.325311548817993e-06
2021-12-03 14:45:00+00:00,457.63,457.61,457.63,100,100,457.62,7.968570943062359e-07,0.0007811792363539016
2021-12-03 14:46:00+00:00,457.9,457.92,457.93,100,100,457.925,4.0744164671392674e-07,-0.0007054966073308799
2021-12-03 14:47:00+00:00,457.59,457.59,457.6,100,100,457.595,5.637815277526867e-07,0.0006813736860709074
2021-12-03 14:48:00+00:00,457.95,457.95,457.97,315,200,457.96223300970877,4.4951438957581934e-07,-0.0005739088797186431
2021-12-03 14:49:00+00:00,457.68,457.69,457.7,1,200,457.69004975124375,5.238118972934473e-07,-0.001654660980024092
2021-12-03 14:50:00+00:00,456.9,456.91,456.93,112,412,456.91427480916036,6.644354334857632e-07,-0.0004298548678034475
2021-12-03 14:51:00+00:00,456.71,456.7,456.71,300,214,456.7058365758755,5.278583231054835e-07,-0.0004223284525554094
2021-12-03 14:52:00+00:00,456.52,456.52,456.53,108,100,456.52519230769224,8.877039706653058e-07,-0.0011586268305494585
2021-12-03 14:53:00+00:00,455.93,455.93,455.94,100,200,455.93333333333334,7.661045274453666e-07,-0.00045208926079876033
2021-12-03 14:54:00+00:00,455.78,455.77,455.79,1014,114,455.78797872340425,7.648652526698105e-07,-0.0012411119778580337
2021-12-03 14:55:00+00:00,455.14,455.13,455.15,741,215,455.1455020920502,9.335378019329993e-07,0.0014941435966535632
2021-12-03 14:56:00+00:00,455.93,455.93,455.95,114,300,455.9355072463768,5.98786498933047e-07,0.000716526164172171
2021-12-03 14:57:00+00:00,456.27,456.26,456.28,313,100,456.27515738498784,3.5661160465582565e-07,0.00011718450616649001
2021-12-03 14:58:00+00:00,456.24,456.24,456.25,200,500,456.24285714285713,6.533038034459305e-07,-0.001848550638985258
2021-12-03 14:59:00+00:00,455.44,455.45,455.46,300,200,455.456,3.277451363894301e-07,0.0002085894958721024
2021-12-03 15:00:00+00:00,455.41,455.4,455.42,128,100,455.41122807017547,1.7141684288615196e-06,0.00029086678301326607
2021-12-03 15:01:00+00:00,455.66,455.65,455.67,212,210,455.66004739336495,1.1285672400317314e-06,-0.002780693586002192
2021-12-03 15:02:00+00:00,454.39,454.37,454.39,100,314,454.37483091787436,7.179144871058178e-07,0.000762421727697582
2021-12-03 15:03:00+00:00,454.74,454.69,454.71,111,311,454.6952606635071,6.918804308222734e-07,-0.0006204192820964405
2021-12-03 15:04:00+00:00,454.41,454.42,454.43,100,212,454.42320512820515,9.170442389085399e-07,0.0008181449700568333
2021-12-03 15:05:00+00:00,454.84,454.84,454.86,110,200,454.8470967741936,6.968392417898335e-07,0.0006640056667033267
2021-12-03 15:06:00+00:00,455.14,455.13,455.14,700,100,455.13875,7.352927283879502e-07,-0.00031723817144269084
2021-12-03 15:07:00+00:00,455.02,455.01,455.03,112,212,455.01691358024686,7.386479731209852e-07,-2.0185094094182787e-05
2021-12-03 15:08:00+00:00,455.0,455.02,455.04,412,200,455.03346405228757,7.076003200208355e-07,-0.0018235652509002165
2021-12-03 15:09:00+00:00,454.13,454.16,454.18,800,313,454.1743755615454,6.670243446297605e-07,-0.0008557392002983555
2021-12-03 15:10:00+00:00,453.8,453.78,453.8,912,200,453.79640287769786,1.2030316106073718e-06,0.00032364836867104785
2021-12-03 15:11:00+00:00,453.97,453.95,453.97,213,213,453.96,6.71982107799904e-07,0.0004954190308434914
2021-12-03 15:12:00+00:00,454.13,454.14,454.16,215,215,454.15,5.332696276463111e-07,0.0004824412330179939
2021-12-03 15:13:00+00:00,454.4,454.4,454.42,200,200,454.41,5.559349542348695e-07,-0.0006705721533801778
2021-12-03 15:14:00+00:00,454.02,454.02,454.04,100,212,454.0264102564102,5.991845950120162e-07,-1.2423721175602864e-05
2021-12-03 15:15:00+00:00,453.95,453.94,453.96,700,100,453.9575,7.276016914355538e-07,0.0010727808539554573
2021-12-03 15:16:00+00:00,454.54,454.53,454.55,163,200,454.5389807162535,5.622637906169905e-07,0.0010319589819178798
2021-12-03 15:17:00+00:00,455.06,455.07,455.09,214,266,455.07891666666666,5.569985943043363e-07,0.0002338046414338546
2021-12-03 15:18:00+00:00,455.08,455.07,455.09,100,300,455.075,4.658458336030213e-07,0.0006018219122669866
2021-12-03 15:19:00+00:00,455.4,455.39,455.41,716,100,455.4075490196078,4.979267704891461e-07,-0.001046193147294483
2021-12-03 15:20:00+00:00,454.9,454.92,454.94,111,212,454.9268730650155,5.564523418736235e-07,0.0002429261791117021
2021-12-03 15:21:00+00:00,455.02,454.99,455.01,114,78,455.001875,8.632773661920917e-07,-0.0013285342522967314
2021-12-03 15:22:00+00:00,454.49,454.48,454.49,114,100,454.48532710280375,6.232491278146775e-07,0.00035607839975337896
2021-12-03 15:23:00+00:00,454.55,454.54,454.56,100,214,454.5463694267516,5.663204892530775e-07,0.0005568128637676306
2021-12-03 15:24:00+00:00,454.84,454.79,454.81,215,115,454.8030303030303,5.929689011815875e-07,0.0008177122910493217
2021-12-03 15:25:00+00:00,455.25,455.24,455.26,300,200,455.252,9.37193421249311e-07,-0.002058398286902352
2021-12-03 15:26:00+00:00,454.24,454.22,454.24,114,100,454.2306542056075,7.463975037121301e-07,0.0016498177025936478
2021-12-03 15:27:00+00:00,454.96,454.96,454.97,414,202,454.9667207792208,5.033725276673888e-07,0.0009183004076838142
2021-12-03 15:28:00+00:00,455.39,455.38,455.4,114,1300,455.38161244695897,3.908547582227993e-07,-1.2391200360672983e-05
2021-12-03 15:29:00+00:00,455.4,455.39,455.42,700,214,455.4129759299781,6.216840036980278e-07,0.00031598114335551486
2021-12-03 15:30:00+00:00,455.6,455.58,455.6,221,620,455.585255648038,1.390039860874844e-06,-0.0015047438103391597
2021-12-03 15:31:00+00:00,454.89,454.88,454.9,113,112,454.8900444444444,5.836690001766806e-07,-0.00017717055792709768
2021-12-03 15:32:00+00:00,454.82,454.77,454.79,113,200,454.7772204472844,7.67523784163575e-07,-0.0007083948822619313
2021-12-03 15:33:00+00:00,454.49,454.5,454.52,113,313,454.5053051643193,8.31955208372576e-07,0.00046681321724117986
2021-12-03 15:34:00+00:00,454.67,454.65,454.67,200,112,454.6628205128205,9.80183004794434e-07,-0.0017361940795714847
2021-12-03 15:35:00+00:00,453.9,453.89,453.91,313,113,453.9046948356808,7.302451153632528e-07,-0.0005433936606380474
2021-12-03 15:36:00+00:00,453.59,453.57,453.59,300,313,453.5797879282219,1.3689620083915996e-06,0.0012423725011785347
2021-12-03 15:37:00+00:00,454.22,454.23,454.25,312,712,454.23609375,6.190094107489271e-07,9.457085738784343e-05
2021-12-03 15:38:00+00:00,454.25,454.24,454.26,212,100,454.2535897435897,1.0140829022210582e-06,4.427283703267726e-05
2021-12-03 15:39:00+00:00,454.3,454.29,454.31,113,541,454.2934556574924,4.947758135665189e-07,-0.0005501401095537872
2021-12-03 15:40:00+00:00,454.08,454.07,454.09,100,213,454.0763897763578,6.783632250037522e-07,-0.0006150421259097927
2021-12-03 15:41:00+00:00,453.74,453.72,453.74,200,14,453.73869158878506,6.083915250578071e-07,-0.0015332470296958167
2021-12-03 15:42:00+00:00,453.0,453.0,453.03,213,1000,453.0052679307502,3.9448006014104933e-07,-0.0005051078309330492
2021-12-03 15:43:00+00:00,452.77,452.74,452.76,514,21,452.759214953271,5.563051018860691e-07,-0.0004448912153723894
2021-12-03 15:44:00+00:00,452.63,452.59,452.61,111,200,452.59713826366556,7.68059372501384e-07,-0.0005411243533266497
2021-12-03 15:45:00+00:00,452.35,452.34,452.36,100,114,452.3493457943925,7.651826978116673e-07,-5.864601744187681e-05
2021-12-03 15:46:00+00:00,452.32,452.3,452.32,4,213,452.3003686635945,6.947080325072106e-07,-1.1736873619772048e-05
2021-12-03 15:47:00+00:00,452.37,452.37,452.39,114,114,452.38,6.081240647413895e-07,-0.000321882407620544
2021-12-03 15:48:00+00:00,452.27,452.26,452.28,114,700,452.26280098280097,4.0503804504423395e-07,-0.0005054664911784412
2021-12-03 15:49:00+00:00,452.01,451.99,452.01,1014,100,452.0082046678636,4.576980073912224e-07,0.0003054746265349628
2021-12-03 15:50:00+00:00,452.17,452.13,452.15,100,801,452.13221975582684,6.817467393965313e-07,-0.0003883216388216315
2021-12-03 15:51:00+00:00,451.92,451.9,451.92,212,105,451.9133753943218,9.636783735996932e-07,0.00039112266618834823
2021-12-03 15:52:00+00:00,452.15,452.12,452.14,143,113,452.13117187499995,8.15083576177725e-07,0.0009699260161739609
2021-12-03 15:53:00+00:00,452.63,452.62,452.64,112,1300,452.6215864022663,7.414922212120389e-07,0.00016646113118468087
2021-12-03 15:54:00+00:00,452.61,452.61,452.63,213,13,452.62884955752213,7.502449634558226e-07,-0.00031066383917044416
2021-12-03 15:55:00+00:00,452.47,452.43,452.46,200,213,452.4445278450363,1.1291225596382593e-06,-0.0003067997243826337
2021-12-03 15:56:00+00:00,452.36,452.37,452.4,112,600,452.37471910112356,1.0805019213046766e-06,0.000219619087592271
2021-12-03 15:57:00+00:00,452.44,452.44,452.46,112,134,452.4491056910569,7.831655259552522e-07,0.0006964636263429025
2021-12-03 15:58:00+00:00,452.79,452.77,452.8,158,1012,452.7740512820513,6.906999878927775e-07,-0.0007983259251499453
2021-12-03 15:59:00+00:00,452.43,452.42,452.45,300,213,452.43754385964917,5.932698789485275e-07,-0.0006994307241878772
2021-12-03 16:00:00+00:00,451.97,451.98,452.0,600,112,451.99685393258426,9.081366803052301e-07,0.0002161596161562862
2021-12-03 16:01:00+00:00,452.23,452.21,452.23,300,208,452.221811023622,8.663095466463137e-07,-0.0008072363637187108
2021-12-03 16:02:00+00:00,451.75,451.76,451.78,100,208,451.76649350649353,1.252279163306405e-06,0.0016676148896874743
2021-12-03 16:03:00+00:00,452.59,452.54,452.56,100,407,452.54394477317555,6.655992343195079e-07,-0.00021359352872818427
2021-12-03 16:04:00+00:00,452.49,452.49,452.51,309,100,452.5051100244499,5.817970827824906e-07,0.00015431936715382122
2021-12-03 16:05:00+00:00,452.51,452.54,452.56,200,307,452.5478895463511,9.8713706897226e-07,-0.002080775786340694
2021-12-03 16:06:00+00:00,451.5,451.51,451.53,300,106,451.5247783251231,8.750989860362893e-07,-0.0003470390757694952
2021-12-03 16:07:00+00:00,451.49,451.48,451.5,605,200,451.4950310559006,5.91516492528053e-07,5.6226265105596696e-05
2021-12-03 16:08:00+00:00,451.49,451.47,451.49,207,607,451.47508599508603,5.185674462338946e-07,-0.0004101544755007458
2021-12-03 16:09:00+00:00,451.32,451.31,451.33,107,107,451.32,7.386412788519262e-07,0.0012776727885661643
2021-12-03 16:10:00+00:00,451.85,451.9,451.92,200,606,451.9049627791563,7.820563786579544e-07,8.513729055525943e-05
2021-12-03 16:11:00+00:00,451.86,451.85,451.87,208,300,451.858188976378,9.479181643665478e-07,0.0005584789808052992
2021-12-03 16:12:00+00:00,452.17,452.12,452.14,609,500,452.13098286744815,7.116939004670735e-07,0.0002005810650380635
2021-12-03 16:13:00+00:00,452.28,452.27,452.3,406,206,452.2899019607844,3.841992806675457e-07,0.000707719960577391
2021-12-03 16:14:00+00:00,452.56,452.56,452.58,200,110,452.57290322580644,8.042747843739179e-07,-0.0006408841182383718
2021-12-03 16:15:00+00:00,452.26,452.26,452.28,204,307,452.2679843444227,7.899145837189018e-07,-0.0003727727719184948
2021-12-03 16:16:00+00:00,452.11,452.09,452.11,307,200,452.10211045364895,7.343746674438534e-07,-0.001764450869445433
2021-12-03 16:17:00+00:00,451.4,451.4,451.42,1100,107,451.41822700911354,6.735427763734521e-07,0.00019310914211034813
2021-12-03 16:18:00+00:00,451.36,451.34,451.37,500,407,451.35653803748625,6.44685022866887e-07,0.00023513017792486934
2021-12-03 16:19:00+00:00,451.49,451.49,451.5,206,100,451.4967320261438,6.869683409975678e-07,-0.0002181275343755562
2021-12-03 16:20:00+00:00,451.43,451.41,451.42,300,200,451.416,8.049357185260235e-07,0.0011351999739435126
2021-12-03 16:21:00+00:00,451.93,451.91,451.93,200,300,451.918,9.297214325749103e-07,0.0013201150382640137
2021-12-03 16:22:00+00:00,452.51,452.49,452.51,100,506,452.493300330033,6.570191785525895e-07,0.0011161309352747395
2021-12-03 16:23:00+00:00,453.02,453.01,453.03,307,107,453.0248309178744,4.6388064708223135e-07,-0.0001816434926447119
2021-12-03 16:24:00+00:00,452.98,452.96,452.97,100,300,452.9625,8.16119953593839e-07,-0.00046050255879159785
2021-12-03 16:25:00+00:00,452.695,452.71,452.73,100,7,452.72869158878507,6.508345238050173e-07,0.00019760567743665192
2021-12-03 16:26:00+00:00,452.81,452.81,452.83,107,407,452.81416342412456,5.985266643361729e-07,0.00048025432083376174
2021-12-03 16:27:00+00:00,453.05,453.05,453.06,100,200,453.05333333333334,3.893344656752875e-07,-8.493593658764897e-05
2021-12-03 16:28:00+00:00,452.98,452.98,453.0,1006,200,452.9966832504146,3.424261057527144e-07,0.000349770776527647
2021-12-03 16:29:00+00:00,453.16,453.14,453.15,200,300,453.144,2.765625935197175e-07,-2.6733591522498656e-05
2021-12-03 16:30:00+00:00,453.14,453.12,453.14,108,300,453.12529411764706,6.519920841839135e-07,-0.00045428119381552
2021-12-03 16:31:00+00:00,452.87,452.9,452.92,1007,200,452.9166859983429,7.666733325853048e-07,-0.0001376243167915403
2021-12-03 16:32:00+00:00,452.89,452.88,452.9,208,600,452.8851485148515,5.810004196305291e-07,0.0007843057323113634
2021-12-03 16:33:00+00:00,453.22,453.22,453.24,208,108,453.233164556962,4.244521796535168e-07,-0.00019174904392971204
2021-12-03 16:34:00+00:00,453.13,453.12,453.14,117,137,453.1292125984252,3.8788916367469017e-07,0.0006181074731661518
2021-12-03 16:35:00+00:00,453.39,453.4,453.42,700,107,453.4173482032218,3.298989626332868e-07,4.937523112191755e-05
2021-12-03 16:36:00+00:00,453.45,453.42,453.45,309,1500,453.4251243781095,5.14084400401305e-07,-0.0015765419312038231
2021-12-03 16:37:00+00:00,452.77,452.74,452.76,208,207,452.7500240963856,4.78696971383e-07,-0.0001452202143810144
2021-12-03 16:38:00+00:00,452.7,452.68,452.7,206,300,452.68814229249017,4.6225238915860764e-07,0.0009024623422040357
2021-12-03 16:39:00+00:00,453.01,453.0,453.02,100,606,453.0028328611898,4.980110266299477e-07,-0.0005704683076688255
2021-12-03 16:40:00+00:00,452.81,452.79,452.81,100,307,452.794914004914,4.6337020345742373e-07,0.00018809445396472668
2021-12-03 16:41:00+00:00,452.74,452.72,452.73,102,107,452.7248803827751,7.821564308291994e-07,-0.0012596819116146296
2021-12-03 16:42:00+00:00,452.23,452.24,452.26,203,200,452.25007444168733,5.062074318572011e-07,-0.0011000096081902333
2021-12-03 16:43:00+00:00,451.77,451.76,451.77,206,200,451.7650738916256,3.296547776456198e-07,0.0003661245526274115
2021-12-03 16:44:00+00:00,451.98,451.97,451.99,321,100,451.9852494061758,3.98658698504063e-07,-0.0011245435906995782
2021-12-03 16:45:00+00:00,451.54,451.52,451.54,200,300,451.528,5.272946190176511e-07,0.0004228782903279438
2021-12-03 16:46:00+00:00,451.7,451.7,451.73,200,806,451.70596421471174,6.307567455104725e-07,0.00035388811024916755
2021-12-03 16:47:00+00:00,451.83,451.81,451.83,807,100,451.82779492833515,3.8264619153175066e-07,-0.0003832876978040467
2021-12-03 16:48:00+00:00,451.75,451.74,451.77,707,107,451.76605651105655,7.589718394371393e-07,0.0008059895544723084
2021-12-03 16:49:00+00:00,452.04,452.0,452.02,100,107,452.0096618357488,1.2380011057626112e-06,-0.0005972131421947413
2021-12-03 16:50:00+00:00,451.75,451.75,451.76,100,101,451.7549751243781,8.705462234286505e-07,-0.0015426196965412364
2021-12-03 16:51:00+00:00,451.09,451.11,451.13,100,606,451.1128328611899,5.32292991644925e-07,-0.00014956647457486927
2021-12-03 16:52:00+00:00,451.0,451.0,451.02,306,200,451.01209486166005,3.4211285892238476e-07,0.0005196713432400468
2021-12-03 16:53:00+00:00,451.19,451.19,451.21,107,207,451.19681528662414,6.654191877249705e-07,0.0010458568435229854
2021-12-03 16:54:00+00:00,451.64,451.62,451.64,406,100,451.63604743083005,6.018460204336093e-07,-0.0010463356563017445
2021-12-03 16:55:00+00:00,451.21,451.21,451.23,1,807,451.2100247524752,5.727042878183074e-07,-0.00044359366367663355
2021-12-03 16:56:00+00:00,451.03,450.99,451.02,306,100,451.0126108374384,3.705455671953479e-07,-0.00023255123561038982
2021-12-03 16:57:00+00:00,450.96,450.95,450.98,106,707,450.95391143911434,4.147137075144529e-07,-0.00025460426842294215
2021-12-03 16:58:00+00:00,450.81,450.8,450.82,107,100,450.81033816425116,1.7536399066646225e-07,-0.0007029703667418286
2021-12-03 16:59:00+00:00,450.53,450.52,450.53,203,100,450.526699669967,7.016095532472139e-07,8.168448400169837e-05
2021-12-03 17:00:00+00:00,450.518,450.5,450.53,311,1008,450.507073540561,2.545934072537598e-07,-0.0004716291998267952
2021-12-03 17:01:00+00:00,450.35,450.33,450.35,141,400,450.33521256931607,2.1763052257801876e-07,-0.00030790715869855045
2021-12-03 17:02:00+00:00,450.22,450.22,450.24,207,300,450.22816568047335,3.1346137276050155e-07,0.00016837654921952883
2021-12-03 17:03:00+00:00,450.29,450.27,450.3,200,307,450.2818343195266,3.8565413115126687e-07,0.0007827959222674874
2021-12-03 17:04:00+00:00,450.62,450.62,450.63,2,100,450.6201960784314,4.141625895717648e-07,-0.0006033584334284026
2021-12-03 17:05:00+00:00,450.34,450.32,450.34,707,100,450.33752168525405,5.18627715392633e-07,0.0007259219327613309
2021-12-03 17:06:00+00:00,450.68,450.66,450.68,1,400,450.6600498753117,6.311729199878052e-07,-1.8280269248438508e-05
2021-12-03 17:07:00+00:00,450.71,450.68,450.7,106,300,450.68522167487686,5.222753527395234e-07,-2.6185644569132194e-05
2021-12-03 17:08:00+00:00,450.6,450.59,450.6,106,10,450.59913793103453,3.457573023436688e-07,0.0005421743346190055
2021-12-03 17:09:00+00:00,450.84,450.84,450.86,100,1207,450.8415302218822,4.7384776284973446e-07,0.0003941646324334691
2021-12-03 17:10:00+00:00,451.02,451.01,451.03,300,207,451.02183431952665,4.4584639973365044e-07,-5.262228366587074e-05
2021-12-03 17:11:00+00:00,451.05,451.02,451.04,607,107,451.0370028011205,3.2212978540876264e-07,0.00018024743143341126
2021-12-03 17:12:00+00:00,451.13,451.12,451.14,806,100,451.1377924944812,2.6299514660666906e-07,0.00011427811958464318
2021-12-03 17:13:00+00:00,451.05,451.03,451.05,107,200,451.0369706840391,2.871589850298412e-07,-0.000894275184841753
2021-12-03 17:14:00+00:00,450.78,450.77,450.79,112,300,450.7754368932039,3.6406126394261333e-07,0.0001626108776973112
2021-12-03 17:15:00+00:00,450.87,450.84,450.87,707,407,450.859039497307,4.276623065178214e-07,0.0013123553636518182
2021-12-03 17:16:00+00:00,451.44,451.43,451.45,100,507,451.433294892916,2.1708251459172377e-07,0.0004473970428502394
2021-12-03 17:17:00+00:00,451.64,451.63,451.65,407,100,451.64605522682444,2.4116855873840223e-07,4.115002252436106e-05
2021-12-03 17:18:00+00:00,451.7,451.7,451.72,200,463,451.70603318250375,4.6332773654997045e-07,0.0004871762111358091
2021-12-03 17:19:00+00:00,451.88,451.86,451.88,108,200,451.867012987013,3.0382023740302404e-07,-0.0001451536641902118
2021-12-03 17:20:00+00:00,451.81,451.8,451.82,306,5,451.8196784565916,4.758528614726481e-07,-0.0005624293872420472
2021-12-03 17:21:00+00:00,451.589,451.57,451.58,300,200,451.576,5.375753438715519e-07,0.001276016873726693
2021-12-03 17:22:00+00:00,452.17,452.17,452.2,300,407,452.182729844413,3.552227843107891e-07,6.377660172196542e-05
2021-12-03 17:23:00+00:00,452.14,452.12,452.14,107,207,452.1268152866242,2.242564353115918e-07,0.00017830223426118508
2021-12-03 17:24:00+00:00,452.27,452.23,452.25,205,100,452.2434426229508,3.5349930581665824e-07,0.0004225912902424689
2021-12-03 17:25:00+00:00,452.4,452.4,452.43,207,600,452.40769516728625,4.236809792979898e-07,-0.000679994681100915
2021-12-03 17:26:00+00:00,452.15,452.13,452.15,207,290,452.1383299798793,2.6937212575679134e-07,0.0004759658909181397
2021-12-03 17:27:00+00:00,452.34,452.34,452.36,207,707,452.3445295404814,2.367727686641074e-07,-8.421811376813082e-05
2021-12-03 17:28:00+00:00,452.3,452.26,452.28,107,100,452.27033816425114,4.4323083809685197e-07,0.0003400062104830237
2021-12-03 17:29:00+00:00,452.435,452.44,452.45,100,700,452.44125,2.3665850794585852e-07,-0.0004554752148857588
2021-12-03 17:30:00+00:00,452.27,452.27,452.29,100,406,452.27395256917,5.200921584652717e-07,-0.0009661624503153332
2021-12-03 17:31:00+00:00,451.85,451.81,451.83,107,600,451.81302687411596,4.607387606669216e-07,4.2841401195259365e-05
2021-12-03 17:32:00+00:00,451.85,451.83,451.85,106,200,451.8369281045752,5.613843173010561e-07,-0.0009941973515698033
2021-12-03 17:33:00+00:00,451.37,451.35,451.37,205,106,451.3631832797428,3.1031047841960225e-07,-0.00036808188345860415
2021-12-03 17:34:00+00:00,451.23,451.19,451.21,100,607,451.19282885431403,3.5927120201088906e-07,0.000817751091714447
2021-12-03 17:35:00+00:00,451.55,451.53,451.55,206,105,451.5432475884245,4.070387541188479e-07,0.0007218873359309264
2021-12-03 17:36:00+00:00,451.95,451.92,451.94,700,207,451.9354355016538,4.3079398410389823e-07,0.0011095953647801693
2021-12-03 17:37:00+00:00,452.42,452.38,452.4,106,100,452.3902912621359,4.2689759770070087e-07,0.0011277559161495532
2021-12-03 17:38:00+00:00,452.91,452.89,452.91,206,100,452.90346405228763,3.6532589603680167e-07,-5.185278039143704e-05
2021-12-03 17:39:00+00:00,452.89,452.91,452.93,200,106,452.9230718954248,2.5646865740900856e-07,4.8819725433801864e-05
2021-12-03 17:40:00+00:00,452.93,452.91,452.94,100,707,452.91371747211895,2.836067590653946e-07,-0.00033499322457986036
2021-12-03 17:41:00+00:00,452.76,452.76,452.78,107,300,452.76525798525796,2.604492806019941e-07,0.0002712193689424769
2021-12-03 17:42:00+00:00,452.9,452.93,452.95,207,107,452.9431847133758,2.0388430801724594e-07,0.0007062252499727695
2021-12-03 17:43:00+00:00,453.21,453.19,453.2,35,300,453.1910447761194,3.437596298295991e-07,-0.0008083674245799033
2021-12-03 17:44:00+00:00,452.86,452.85,452.86,207,100,452.85674267100984,2.4480133694102385e-07,-0.000572305563325437
2021-12-03 17:45:00+00:00,452.57,452.56,452.57,600,106,452.5684985835694,2.847101493251691e-07,-0.00030306980439276376
2021-12-03 17:46:00+00:00,452.54,452.52,452.54,607,200,452.5350433705081,3.667094875587414e-07,-3.2326731325138525e-05
2021-12-03 17:47:00+00:00,452.4,452.4,452.41,100,100,452.405,2.2354790518424326e-07,-0.0003799862202120696
2021-12-03 17:48:00+00:00,452.29,452.28,452.29,100,100,452.285,4.0095296847399516e-07,-0.0004284862610413054
2021-12-03 17:49:00+00:00,452.05,452.08,452.1,206,406,452.08673202614375,3.3766201139041216e-07,0.000536153371437198
2021-12-03 17:50:00+00:00,452.309,452.31,452.33,108,200,452.317012987013,4.420193759309985e-07,0.00048198053148817976
2021-12-03 17:51:00+00:00,452.51,452.5,452.52,112,300,452.50543689320386,3.7128193369211337e-07,-0.0005883450027580617
2021-12-03 17:52:00+00:00,452.24,452.22,452.24,706,100,452.23751861042183,3.237437580674486e-07,-0.0006131819256787185
2021-12-03 17:53:00+00:00,452.01,452.01,452.04,307,807,452.01826750448834,3.902803922451607e-07,0.00010946307662984545
2021-12-03 17:54:00+00:00,452.05,452.04,452.06,707,207,452.0554704595186,2.2211022959492588e-07,-0.00010789976699199233
2021-12-03 17:55:00+00:00,451.97,451.95,451.97,208,100,451.96350649350654,5.419281914037859e-07,-0.0010631366908616657
2021-12-03 17:56:00+00:00,451.57,451.57,451.59,500,100,451.58666666666664,3.1092733717945983e-07,-0.00010430049928267238
2021-12-03 17:57:00+00:00,451.48,451.47,451.49,800,307,451.48445347786816,3.393305929600097e-07,0.00023724858836549068
2021-12-03 17:58:00+00:00,451.56,451.54,451.56,306,500,451.54759305210916,2.0759150377675292e-07,1.1288394611064234e-05
2021-12-03 17:59:00+00:00,451.56,451.53,451.56,307,900,451.5376304888153,3.418814940957339e-07,0.0005428377218668068
2021-12-03 18:00:00+00:00,451.8,451.78,451.8,200,100,451.79333333333335,4.545837798298374e-07,-0.00042529327545670625
2021-12-03 18:01:00+00:00,451.69,451.68,451.7,207,219,451.6897183098592,3.1700029974921993e-07,-0.0007974753792032718
2021-12-03 18:02:00+00:00,451.3,451.27,451.29,705,106,451.2873859432799,2.3825389417140897e-07,0.00023807150099930396
2021-12-03 18:03:00+00:00,451.39,451.36,451.38,107,200,451.3669706840391,1.939889512521905e-07,0.0002873445707061162
2021-12-03 18:04:00+00:00,451.59,451.58,451.6,205,100,451.5934426229508,3.938782429925203e-07,1.7588350518904505e-05
2021-12-03 18:05:00+00:00,451.56,451.54,451.56,206,6,451.55943396226417,5.185605800288988e-07,0.0008566457907226432
2021-12-03 18:06:00+00:00,451.83,451.82,451.83,1135,200,451.8285018726592,4.326686618989509e-07,0.00046108203778172374
2021-12-03 18:07:00+00:00,452.04,452.0,452.02,107,107,452.01,5.500702245151259e-07,0.00011636229454325964
2021-12-03 18:08:00+00:00,452.16,452.17,452.19,107,807,452.172341356674,3.705924860864747e-07,0.00041411736348928585
2021-12-03 18:09:00+00:00,452.25,452.28,452.3,200,208,452.2898039215686,3.5943660368186126e-07,-7.771580323978622e-05
2021-12-03 18:10:00+00:00,452.319,452.3,452.32,201,107,452.3130519480519,2.583103641774151e-07,2.244999774880796e-05
2021-12-03 18:11:00+00:00,452.3,452.31,452.33,107,107,452.32,2.442507876166702e-07,-0.00022518948423644325
2021-12-03 18:12:00+00:00,452.23,452.24,452.27,206,300,452.25221343873517,4.5891512039976955e-07,0.0005910135327795718
2021-12-03 18:13:00+00:00,452.51,452.51,452.52,200,100,452.51666666666665,1.966322084512447e-07,-0.0007040979469324915
2021-12-03 18:14:00+00:00,452.18,452.22,452.24,107,607,452.22299719887957,4.2536466708312033e-07,-0.00021411409097527034
2021-12-03 18:15:00+00:00,452.07,452.08,452.1,407,107,452.0958365758755,5.939486636467049e-07,0.0001998451132436685
2021-12-03 18:16:00+00:00,452.18,452.12,452.14,100,206,452.1265359477124,3.489461627367823e-07,1.9024980492332588e-05
2021-12-03 18:17:00+00:00,452.18,452.16,452.18,400,106,452.17581027667984,3.424251614870885e-07,0.0011721639768713654
2021-12-03 18:18:00+00:00,452.68,452.66,452.69,506,206,452.68132022471906,4.687951849834054e-07,0.00014191032258614733
2021-12-03 18:19:00+00:00,452.76,452.76,452.78,106,106,452.77,2.705868589887954e-07,5.992765255391497e-05
2021-12-03 18:20:00+00:00,452.78,452.79,452.81,500,300,452.8025,3.5897196796707174e-07,-0.00019272997118302548
2021-12-03 18:21:00+00:00,452.69,452.7,452.72,377,100,452.7158071278826,3.21320940009944e-07,7.052769587234664e-05
2021-12-03 18:22:00+00:00,452.73,452.72,452.73,300,100,452.7275,3.330718215497196e-07,0.00013982812185009408
2021-12-03 18:23:00+00:00,452.79,452.78,452.79,300,100,452.7875,2.764353959688703e-07,0.00035635458258354014
2021-12-03 18:24:00+00:00,452.93,452.93,452.95,200,207,452.93982800982803,2.2331716395651137e-07,0.00023669908138312934
2021-12-03 18:25:00+00:00,453.0,452.97,453.0,608,300,452.9900881057269,6.860084203422825e-07,-0.0002754165362580663
2021-12-03 18:26:00+00:00,452.92,452.93,452.95,100,206,452.93653594771246,3.0134418970398584e-07,-0.0006251710614751937
2021-12-03 18:27:00+00:00,452.64,452.63,452.66,6,306,452.6305769230769,3.399885888683809e-07,-0.0005522712633110327
2021-12-03 18:28:00+00:00,452.39,452.4,452.43,1006,206,452.424900990099,3.8917302556561954e-07,-0.0005343990515568331
2021-12-03 18:29:00+00:00,452.15,452.12,452.15,266,207,452.13687103594077,3.1138466075025603e-07,-0.00021554507722221228
2021-12-03 18:30:00+00:00,452.03,452.02,452.04,110,706,452.0226960784314,3.5382925124343295e-07,-0.0003938076752786346
2021-12-03 18:31:00+00:00,451.88,451.87,451.89,350,100,451.8855555555556,3.68383164097676e-07,-4.0263796788342354e-05
2021-12-03 18:32:00+00:00,451.87,451.87,451.89,207,500,451.87585572842994,2.74071496249602e-07,-0.0006350974358173556
2021-12-03 18:33:00+00:00,451.6,451.59,451.62,306,232,451.607063197026,1.8776120306319464e-07,-0.0003685060643808802
2021-12-03 18:34:00+00:00,451.4,451.39,451.41,26,800,451.39062953995153,1.9947114697088515e-07,-0.00021042760114842185
2021-12-03 18:35:00+00:00,451.33,451.32,451.35,708,307,451.3409261083744,2.686454883787099e-07,-0.00045443526209110185
2021-12-03 18:36:00+00:00,451.12,451.12,451.14,207,233,451.1294090909091,2.5389466144895745e-07,-0.0005039466783381963
2021-12-03 18:37:00+00:00,450.91,450.9,450.92,500,300,450.9125,1.8177063222570615e-07,0.00017065302157570628
2021-12-03 18:38:00+00:00,450.98,450.97,450.99,207,707,450.97452954048146,2.0269289380297832e-07,0.0002603650028232263
2021-12-03 18:39:00+00:00,451.08,451.07,451.09,693,106,451.08734668335416,3.2432976601398853e-07,-8.258520542236969e-05
2021-12-03 18:40:00+00:00,451.05,451.04,451.06,300,107,451.05474201474203,6.575509872471592e-07,0.00020004586773803013
2021-12-03 18:41:00+00:00,451.11,451.11,451.13,106,106,451.12,3.4734035647861084e-07,-0.0008691785523812223
2021-12-03 18:42:00+00:00,450.83,450.84,450.86,207,100,450.8534853420196,4.725098529185195e-07,0.0008034102754521655
2021-12-03 18:43:00+00:00,451.1,451.08,451.11,807,200,451.1040417080437,3.6732220261993084e-07,0.0002465078107407592
2021-12-03 18:44:00+00:00,451.21,451.21,451.23,100,307,451.214914004914,2.948873122819769e-07,-0.00014441071953430473
2021-12-03 18:45:00+00:00,451.13,451.11,451.13,300,107,451.1247420147421,2.632299593076896e-07,0.000332479190431334
2021-12-03 18:46:00+00:00,451.29,451.27,451.29,107,207,451.2768152866241,4.151895546300733e-07,-0.0006568574114610426
2021-12-03 18:47:00+00:00,451.01,450.99,451.01,311,8,451.0094984326019,3.4006624773584907e-07,-0.000980556690953982
2021-12-03 18:48:00+00:00,450.53,450.53,450.55,107,207,450.5368152866242,3.0667951718461336e-07,-0.00027194076127401434
2021-12-03 18:49:00+00:00,450.46,450.46,450.48,103,207,450.46664516129033,2.310868425966632e-07,0.0007240395686667345
2021-12-03 18:50:00+00:00,450.77,450.76,450.78,350,100,450.77555555555557,4.3325660544823414e-07,0.00043032912180884786
2021-12-03 18:51:00+00:00,450.96,450.95,450.96,8,480,450.9501639344262,3.641331509859152e-07,0.0005557457108231745
2021-12-03 18:52:00+00:00,451.17,451.16,451.18,32,206,451.1626890756303,2.0637057743288425e-07,0.00022574393075203147
2021-12-03 18:53:00+00:00,451.329,451.31,451.32,100,145,451.31408163265303,2.8990931990232143e-07,-0.0004300982333148573
2021-12-03 18:54:00+00:00,451.12,451.14,451.16,300,106,451.1547783251231,4.1160764152738e-07,-0.0005467832152330487
2021-12-03 18:55:00+00:00,450.83,450.83,450.84,100,100,450.835,5.862277389261454e-07,-0.0006025298862215589
2021-12-03 18:56:00+00:00,450.59,450.59,450.61,7,7,450.59999999999997,2.711149077702325e-07,0.00019101303485635768
2021-12-03 18:57:00+00:00,450.71,450.69,450.72,106,806,450.6934868421053,2.4749875841389403e-07,0.0002035838648739574
2021-12-03 18:58:00+00:00,450.91,450.92,450.94,200,12,450.93886792452827,5.153617791363682e-07,-0.0002498598989436607
2021-12-03 18:59:00+00:00,450.63,450.67,450.69,6,106,450.67107142857145,2.568752066296288e-07,-0.0002637935645768419
2021-12-03 19:00:00+00:00,450.54,450.51,450.54,107,200,450.52045602605864,6.857884798406343e-07,-0.00029143941824960606
2021-12-03 19:01:00+00:00,450.43,450.42,450.44,106,130,450.4289830508474,3.005808216030766e-07,-0.0002664180098574942
2021-12-03 19:02:00+00:00,450.27,450.27,450.29,5,505,450.27019607843135,4.709346453748016e-07,0.0013106730589191873
2021-12-03 19:03:00+00:00,450.83,450.82,450.84,106,6,450.83892857142854,4.7317672851009255e-07,-0.0004140935820642344
2021-12-03 19:04:00+00:00,450.705,450.7,450.71,32,100,450.70242424242423,6.023953995894472e-07,0.0006450727523770183
2021-12-03 19:05:00+00:00,451.0,450.99,451.02,266,200,451.00712446351935,5.287950250252369e-07,0.00026811791316272426
2021-12-03 19:06:00+00:00,451.1,451.06,451.08,206,19,451.0783111111111,4.424290255049313e-07,-0.0008025151940681541
2021-12-03 19:07:00+00:00,450.68,450.66,450.68,3,100,450.66058252427183,3.0658997646812617e-07,0.0002524959822824968
2021-12-03 19:08:00+00:00,450.86,450.81,450.83,106,100,450.8202912621359,3.1638911159263935e-07,-0.0005140817812511189
2021-12-03 19:09:00+00:00,450.63,450.6,450.62,706,106,450.61738916256166,2.6425796033130415e-07,-0.00022239615277508396
2021-12-03 19:10:00+00:00,450.53,450.53,450.55,100,203,450.536600660066,4.31215587916314e-07,-0.00037380331830993985
2021-12-03 19:11:00+00:00,450.36,450.35,450.38,607,307,450.3699234135667,2.9578357746034263e-07,0.0001254859234445238
2021-12-03 19:12:00+00:00,450.45,450.43,450.45,207,106,450.44322683706065,4.113247043199427e-07,0.0007771418348558878
2021-12-03 19:13:00+00:00,450.74,450.74,450.76,294,100,450.75492385786805,5.50181969598468e-07,-3.581356530857338e-05
2021-12-03 19:14:00+00:00,450.8,450.8,450.82,206,200,450.8101477832512,4.2249271358934166e-07,0.00016046598548857816
2021-12-03 19:15:00+00:00,450.81,450.8,450.82,300,406,450.8084985835695,5.333150150667764e-07,-0.0008076010366581121
2021-12-03 19:16:00+00:00,450.45,450.45,450.46,100,807,450.4511025358324,3.020741978141408e-07,0.00038367210105594296
2021-12-03 19:17:00+00:00,450.57,450.56,450.58,355,506,450.5682462253194,5.90026715259271e-07,-0.00025445405550938993
2021-12-03 19:18:00+00:00,450.5,450.5,450.51,184,216,450.5046,1.7150998686395704e-07,-0.0008619605347854886
2021-12-03 19:19:00+00:00,450.13,450.1,450.11,109,100,450.1052153110047,2.0084408705453568e-07,-0.00027787269905121814
2021-12-03 19:20:00+00:00,450.0,450.0,450.01,100,700,450.00125,4.964765939308607e-07,-0.0011405373157223897
2021-12-03 19:21:00+00:00,449.53,449.52,449.54,500,108,449.536447368421,4.990542815214327e-07,0.0010720986330743365
2021-12-03 19:22:00+00:00,450.03,450.03,450.04,100,101,450.0349751243781,6.04996945260949e-07,0.0011919666425486142
2021-12-03 19:23:00+00:00,450.55,450.53,450.54,25,707,450.5303415300546,5.324947982018992e-07,0.0011156392108695456
2021-12-03 19:24:00+00:00,451.03,451.01,451.02,207,100,451.0167426710098,7.551820676342509e-07,0.0006043135496385243
2021-12-03 19:25:00+00:00,451.26,451.24,451.26,607,100,451.257171145686,4.661945871400408e-07,-0.000207033886715835
2021-12-03 19:26:00+00:00,451.18,451.16,451.18,206,106,451.17320512820515,3.6753325077342557e-07,-0.0001730580525629577
2021-12-03 19:27:00+00:00,451.13,451.11,451.12,103,100,451.1150738916256,5.161881060668338e-07,-0.0009830015755636357
2021-12-03 19:28:00+00:00,450.72,450.7,450.72,606,106,450.7170224719101,4.2133211073752636e-07,0.000424992374009614
2021-12-03 19:29:00+00:00,450.89,450.88,450.89,100,100,450.885,4.2012153475793115e-07,-5.449904999244026e-05
2021-12-03 19:30:00+00:00,450.8,450.81,450.82,600,107,450.818486562942,5.727480339665657e-07,-0.0012108473720867652
2021-12-03 19:31:00+00:00,450.26,450.26,450.28,129,106,450.2709787234042,4.0691800269361585e-07,-0.00019174419036271928
2021-12-03 19:32:00+00:00,450.28,450.27,450.29,206,106,450.2832051282051,3.244510583604729e-07,8.148140424513173e-05
2021-12-03 19:33:00+00:00,450.26,450.25,450.28,700,206,450.27317880794703,5.466918276729287e-07,0.0003693374480973066
2021-12-03 19:34:00+00:00,450.41,450.41,450.42,100,100,450.415,4.30605266731251e-07,-0.00017271185118816756
2021-12-03 19:35:00+00:00,450.35,450.31,450.33,207,100,450.3234853420195,6.121023777314851e-07,-0.000366476527924986
2021-12-03 19:36:00+00:00,450.17,450.14,450.15,101,100,450.14502487562186,5.10062338670525e-07,0.0005886665037653227
2021-12-03 19:37:00+00:00,450.4,450.37,450.39,500,106,450.386501650165,4.127675026438363e-07,-0.00034378371296373
2021-12-03 19:38:00+00:00,450.26,450.23,450.25,204,105,450.24320388349514,3.096944779292679e-07,-0.0009598544286348876
2021-12-03 19:39:00+00:00,449.8,449.78,449.8,200,207,449.789828009828,4.227480422416972e-07,-8.434936682122363e-05
2021-12-03 19:40:00+00:00,449.78,449.75,449.77,207,100,449.7634853420196,7.852818716561824e-07,0.0005613067508016822
2021-12-03 19:41:00+00:00,450.06,450.06,450.08,106,706,450.0626108374384,4.5684910005441327e-07,-9.406162050251687e-05
2021-12-03 19:42:00+00:00,450.06,450.06,450.08,200,306,450.06790513833994,5.515235601339653e-07,0.0005778057009260262
2021-12-03 19:43:00+00:00,450.41,450.41,450.43,203,600,450.4150560398506,8.097449479098779e-07,0.0011896676149214525
2021-12-03 19:44:00+00:00,450.81,450.79,450.81,206,6,450.80943396226417,4.674060021440342e-07,-0.00044570220302242447
2021-12-03 19:45:00+00:00,450.67,450.66,450.68,206,712,450.6644880174293,6.732413735001401e-07,-0.0002543964693502154
2021-12-03 19:46:00+00:00,450.39,450.4,450.42,100,106,450.40970873786404,5.127693493217594e-07,0.0004982255438219507
2021-12-03 19:47:00+00:00,450.71,450.69,450.7,600,10000,450.69056603773583,4.5626886230218715e-07,-2.745120531866263e-05
2021-12-03 19:48:00+00:00,450.72,450.73,450.75,106,306,450.73514563106795,2.958679232756855e-07,-0.0004758332668034493
2021-12-03 19:49:00+00:00,450.52,450.51,450.53,806,200,450.52602385685884,3.654374773448857e-07,-0.0008709683653994604
2021-12-03 19:50:00+00:00,450.14,450.13,450.14,306,1000,450.1323430321592,5.959475191012283e-07,-0.0002857333174954846
2021-12-03 19:51:00+00:00,450.05,450.05,450.07,206,200,450.0601477832512,6.196395487800075e-07,0.0009552399183156979
2021-12-03 19:52:00+00:00,450.47,450.47,450.49,202,106,450.48311688311685,4.164200666743891e-07,1.4928403899494569e-05
2021-12-03 19:53:00+00:00,450.38,450.35,450.37,207,100,450.36348534201954,5.538603627275174e-07,-0.0008890270817712986
2021-12-03 19:54:00+00:00,450.01,450.0,450.02,206,100,450.0134640522876,3.430239648707862e-07,-0.00088429410683033
2021-12-03 19:55:00+00:00,449.59,449.58,449.6,254,106,449.59411111111115,5.206342012742124e-07,0.0007519619712601511
2021-12-03 19:56:00+00:00,449.91,449.9,449.92,605,102,449.91711456859974,4.946780161601716e-07,0.0005984952851223468
2021-12-03 19:57:00+00:00,450.18,450.17,450.19,300,100,450.185,4.895154168734871e-07,-4.987101187348131e-05
2021-12-03 19:58:00+00:00,450.22,450.21,450.23,207,206,450.220024213075,5.567074517242137e-07,-0.0003446437021488169
2021-12-03 19:59:00+00:00,450.01,449.99,450.01,100,106,449.99970873786407,4.773538728489958e-07,-0.0008747757116480681
2021-12-03 20:00:00+00:00,449.64,449.63,449.65,608,435,449.6416586768936,6.142607205589421e-07,-0.001570146820328966
2021-12-03 20:01:00+00:00,448.97,448.95,448.97,600,107,448.96697312588407,4.617083091030221e-07,0.00017160363295376513
2021-12-03 20:02:00+00:00,449.03,449.02,449.04,800,100,449.03777777777776,4.008762758518583e-07,0.0001732158764724545
2021-12-03 20:03:00+00:00,449.11,449.11,449.13,106,206,449.11679487179487,5.140279612431804e-07,0.0014543034738372373
2021-12-03 20:04:00+00:00,449.87,449.86,449.88,234,8,449.87933884297524,6.661350192301022e-07,0.0005822578961141023
2021-12-03 20:05:00+00:00,450.0,449.99,450.01,100,307,449.994914004914,8.749815516219551e-07,-0.00044459382826245175
2021-12-03 20:06:00+00:00,449.79,449.77,449.79,106,900,449.7721073558648,4.576701452273845e-07,0.00013018517227014748
2021-12-03 20:07:00+00:00,450.02,450.01,450.03,200,250,450.0188888888889,7.868701299659463e-07,0.0010377424708121197
2021-12-03 20:08:00+00:00,450.34,450.32,450.34,107,519,450.3234185303514,4.2619738815913133e-07,-0.0017985197832602884
2021-12-03 20:09:00+00:00,449.49,449.48,449.5,206,206,449.49,6.890924213183711e-07,-0.0007201414984264742
2021-12-03 20:10:00+00:00,449.21,449.2,449.22,101,107,449.20971153846153,7.590891485392742e-07,0.0006192769475075188
2021-12-03 20:11:00+00:00,449.48,449.47,449.49,206,200,449.48014778325125,3.2401787646686686e-07,-6.683719749911443e-05
2021-12-03 20:12:00+00:00,449.41,449.39,449.41,809,100,449.407799779978,5.002979880073958e-07,0.0005144457442607386
2021-12-03 20:13:00+00:00,449.68,449.65,449.67,207,207,449.65999999999997,3.719716929772868e-07,0.0011139890713669498
2021-12-03 20:14:00+00:00,450.18,450.18,450.2,200,207,450.18982800982803,2.8212858455625416e-07,-0.0003378668119872197
2021-12-03 20:15:00+00:00,450.12,450.1,450.12,100,207,450.1065146579805,5.97426275651584e-07,4.9554509444327266e-05
2021-12-03 20:16:00+00:00,450.04,450.02,450.04,500,407,450.03102535832414,4.6534696223261045e-07,-0.0007195957965860922
2021-12-03 20:17:00+00:00,449.79,449.77,449.79,107,100,449.7803381642512,2.9810935794721393e-07,0.00038971237875751186
2021-12-03 20:18:00+00:00,449.85,449.83,449.85,207,100,449.84348534201956,3.938810489237769e-07,-0.0004312810656050825
2021-12-03 20:19:00+00:00,449.75,449.75,449.77,200,208,449.7598039215686,4.300484898941097e-07,0.00022582288248274018
2021-12-03 20:20:00+00:00,449.8,449.8,449.83,207,500,449.808783592645,8.183731713234673e-07,0.001808505769845814
2021-12-03 20:21:00+00:00,450.64,450.62,450.64,307,107,450.63483091787435,5.947998912216374e-07,0.000740947824036331
2021-12-03 20:22:00+00:00,450.92,450.91,450.93,307,500,450.91760842627014,3.0289860519972853e-07,0.0004309104467985492
2021-12-03 20:23:00+00:00,451.22,451.2,451.22,233,100,451.213993993994,3.228884208365465e-07,-0.00053762171068783
2021-12-03 20:24:00+00:00,450.92,450.92,450.94,158,300,450.92689956331884,2.3587853843909352e-07,0.00012304475064928155
2021-12-03 20:25:00+00:00,450.98,451.01,451.02,607,100,451.018585572843,4.258807669659761e-07,0.00046946360362953854
2021-12-03 20:26:00+00:00,451.22,451.22,451.23,107,100,451.2251690821256,3.0100868269843007e-07,0.0005250287339024773
2021-12-03 20:27:00+00:00,451.45,451.43,451.45,208,107,451.4432063492063,3.26687567970563e-07,-0.00021032194841030805
2021-12-03 20:28:00+00:00,451.35,451.35,451.37,45,207,451.35357142857146,3.416103920736888e-07,0.0007971402864499488
2021-12-03 20:29:00+00:00,451.69,451.67,451.69,933,112,451.68785645933013,4.648881009615956e-07,-0.0012600935585678208
2021-12-03 20:30:00+00:00,451.08,451.07,451.09,807,100,451.0877949283352,5.125250868638641e-07,0.0010577129349464975
2021-12-03 20:31:00+00:00,451.6,451.59,451.61,811,311,451.60445632798576,4.785649906018991e-07,0.0002612924351281798
2021-12-03 20:32:00+00:00,451.71,451.7,451.72,100,206,451.70653594771244,4.837075685487021e-07,0.00010335990652188265
2021-12-03 20:33:00+00:00,451.73,451.72,451.73,7,300,451.72022801302927,2.903019941776922e-07,0.0002701930770308003
2021-12-03 20:34:00+00:00,451.9,451.88,451.9,110,207,451.8869400630915,3.788570674426762e-07,0.0007913991732768633
2021-12-03 20:35:00+00:00,452.22,452.23,452.24,100,100,452.235,3.6312311951476566e-07,-0.0003352242646329495
2021-12-03 20:36:00+00:00,452.12,452.14,452.16,107,207,452.14681528662425,5.894043437352977e-07,-0.0012163953891812795
2021-12-03 20:37:00+00:00,451.59,451.58,451.6,108,208,451.58683544303796,4.7658930673191723e-07,-0.00047678332840106474
2021-12-03 20:38:00+00:00,451.41,451.4,451.42,700,100,451.4175,4.4477510686964526e-07,-0.0006486420726299347
2021-12-03 20:39:00+00:00,451.03,451.01,451.03,107,200,451.01697068403905,4.1843847798921327e-07,8.504899219730078e-05
2021-12-03 20:40:00+00:00,451.11,451.07,451.09,608,100,451.0871751412429,5.983839340617393e-07,-0.00012818018074967075
2021-12-03 20:41:00+00:00,451.02,451.01,451.03,100,200,451.01666666666665,3.6794095232622384e-07,-0.0008261735486677635
2021-12-03 20:42:00+00:00,450.65,450.63,450.66,207,700,450.6368467475193,5.727069901047711e-07,-4.617368185388937e-05
2021-12-03 20:43:00+00:00,450.63,450.62,450.64,200,708,450.62440528634363,4.620305244532533e-07,0.0004846841554280168
2021-12-03 20:44:00+00:00,450.82,450.81,450.83,200,912,450.8135971223022,3.5938587026968877e-07,-0.0004163350433276092
2021-12-03 20:45:00+00:00,450.65,450.64,450.67,700,308,450.6608333333333,5.254414043187726e-07,-0.00024398145146764527
2021-12-03 20:46:00+00:00,450.55,450.54,450.56,200,100,450.55333333333334,4.984863093067832e-07,-0.0011801286787405108
2021-12-03 20:47:00+00:00,450.03,450.02,450.04,308,113,450.03463182897866,3.167687817626929e-07,-0.00010332791846290323
2021-12-03 20:48:00+00:00,449.97,449.95,449.97,200,108,449.962987012987,3.9257124646437e-07,0.0003470694093281601
2021-12-03 20:49:00+00:00,450.16,450.14,450.17,206,300,450.1522134387352,6.132133126675306e-07,0.0005971935403739081
2021-12-03 20:50:00+00:00,450.49,450.48,450.51,205,105,450.4998387096775,1.1413504399048475e-06,0.0020079003742132784
2021-12-03 20:51:00+00:00,451.32,451.31,451.33,100,1100,451.31166666666667,8.139399882535691e-07,0.0002563593375755069
2021-12-03 20:52:00+00:00,451.41,451.4,451.42,212,312,451.40809160305344,3.853730686906705e-07,0.0013983237894465983
2021-12-03 20:53:00+00:00,452.02,452.02,452.03,114,100,452.0253271028037,3.09784028392825e-07,0.0005762357734302448
2021-12-03 20:54:00+00:00,452.3,452.29,452.3,210,200,452.2951219512195,4.145291249189754e-07,-0.0005490537114557492
2021-12-03 20:55:00+00:00,452.079,452.06,452.08,200,121,452.07246105919006,4.668922235322001e-07,0.0017428732600894836
2021-12-03 20:56:00+00:00,452.85,452.84,452.86,513,200,452.85438990182325,3.206499525321604e-07,0.0006932294018411334
2021-12-03 20:57:00+00:00,453.15,453.14,453.15,1010,103,453.1490745732255,5.458328209326957e-07,0.0009156815381885508
2021-12-03 20:58:00+00:00,453.58,453.58,453.59,300,779,453.58278035217796,3.00172501311273e-07,9.546692078243879e-05
2021-12-03 20:59:00+00:00,453.58,453.58,453.59,200,400,453.5833333333333,6.237141926021183e-07,-0.0003931742314542408
2021-12-03 21:00:00+00:00,453.43,453.44,453.45,13900,300,453.4497887323944,6.643751377599516e-07,8.030020968541329e-05
2021-12-03 21:01:00+00:00,453.45,453.45,453.47,100,700,453.4525,1.7601947862610293e-07,0.0003769283225503184
2021-12-03 21:02:00+00:00,453.65,453.63,453.65,100,2197,453.6308707009142,8.79497031774514e-08,-2.4917380060940353e-05
2021-12-03 21:03:00+00:00,453.63,453.62,453.64,300,1750,453.6229268292683,2.0356700017243112e-07,0.0006123581631318764
2021-12-03 21:04:00+00:00,453.89,453.89,453.91,200,66,453.9050375939849,1.7787451717326513e-07,-0.0003012250430397545
2021-12-03 21:05:00+00:00,453.78,453.8,453.82,600,250,453.8141176470588,2.2864517183990731e-07,-0.0011638765767428838
2021-12-03 21:06:00+00:00,453.26,453.23,453.26,300,700,453.239,5.559676516972707e-08,-0.00011682431993731424
2021-12-03 21:07:00+00:00,453.18,453.18,453.19,190,520,453.18267605633804,1.2443020224306053e-07,0.0007553773825621501
2021-12-03 21:08:00+00:00,453.5,453.52,453.53,500,400,453.52555555555557,4.7902683133287765e-08,-4.882389535931786e-05
2021-12-03 21:09:00+00:00,453.5,453.49,453.5,100,200,453.49333333333334,7.385591848438547e-08,-0.0002866575104267799
2021-12-03 21:10:00+00:00,453.41,453.37,453.39,100,600,453.37285714285713,1.2710075864675766e-07,6.681816433684595e-05
2021-12-03 21:11:00+00:00,453.4,453.41,453.44,300,500,453.42125,1.615917139973818e-07,-0.0001612272291828809
2021-12-03 21:12:00+00:00,453.35,453.32,453.34,101,100,453.3300497512438,6.911650406194784e-08,-0.0003898184512750591
2021-12-03 21:13:00+00:00,453.17,453.15,453.17,100,700,453.1525,1.7445853964360455e-07,-0.0011981400919569563
2021-12-03 21:14:00+00:00,452.61,452.57,452.6,100,500,452.575,2.1765879564943528e-07,0.0004220769515599354
2021-12-03 21:15:00+00:00,452.81,452.79,452.83,100,200,452.80333333333334,1.6423055300242585e-07,0.00028394660541830596
2021-12-03 21:16:00+00:00,452.94,452.91,452.94,200,100,452.93,1.282074442622544e-07,0.0003059444695017177
2021-12-03 21:17:00+00:00,453.06,453.06,453.09,40,100,453.06857142857143,1.2608880068184035e-07,-0.0002387024887854361
2021-12-03 21:18:00+00:00,452.98,452.96,452.98,100,4630,452.96042283298095,5.98292759471734e-08,-0.00028057528481795213
2021-12-03 21:19:00+00:00,452.8,452.81,452.86,100,100,452.835,8.425854750659765e-08,-0.00035333087964661836
2021-12-03 21:20:00+00:00,452.69,452.67,452.7,120,195,452.6814285714286,7.202060476340549e-08,-8.836394162092809e-05
2021-12-03 21:21:00+00:00,452.65,452.64,452.67,100,100,452.655,5.6898966705011186e-08,0.00044711897572935477
2021-12-03 21:22:00+00:00,452.79,452.78,452.84,1300,100,452.8357142857143,6.35929500626971e-08,-7.85696654583834e-05
2021-12-03 21:23:00+00:00,452.82,452.79,452.82,100,200,452.8,4.383135330357192e-08,-0.00019906163479466166
2021-12-03 21:24:00+00:00,452.73,452.7,452.73,100,100,452.715,4.906759681478546e-08,0.0001219802409420101
2021-12-03 21:25:00+00:00,452.75,452.76,452.79,200,100,452.78,1.1940069064368335e-08,0.0001356615757024393
2021-12-03 21:26:00+00:00,452.8,452.82,452.83,200,101,452.8266445182725,1.857545361384322e-08,5.8938261217500454e-05
2021-12-03 21:27:00+00:00,452.86,452.84,452.88,100,200,452.85333333333335,3.4490256126422435e-08,-7.190871782791763e-05
2021-12-03 21:28:00+00:00,452.83,452.81,452.84,200,100,452.83,3.957937048800283e-08,0.0001856572944984869
2021-12-03 21:29:00+00:00,452.93,452.9,452.93,100,520,452.9048387096774,4.714477032459485e-08,4.451551098472173e-05
2021-12-03 21:30:00+00:00,452.94,452.92,452.96,100,100,452.94,6.055498646054385e-08,-7.97286771785366e-05
2021-12-03 21:31:00+00:00,452.89,452.88,452.89,800,100,452.8888888888889,2.344596774117683e-08,1.7173699705441692e-05
2021-12-03 21:32:00+00:00,452.87,452.86,452.87,599,1,452.8699833333333,7.719442595700574e-08,-6.331978404949812e-05
2021-12-03 21:33:00+00:00,452.84,452.86,452.87,600,151,452.8679893475366,3.256185090158921e-08,0.0001707410421629696
2021-12-03 21:34:00+00:00,452.94,452.92,452.95,540,100,452.9453125,2.7674655352028237e-08,2.752049184251426e-05
2021-12-03 21:35:00+00:00,452.96,452.93,452.97,500,220,452.9577777777777,2.9989749565597693e-09,5.5367997437771876e-05
2021-12-03 21:36:00+00:00,453.0,452.97,452.99,180,100,452.98285714285714,1.2910593543192493e-08,-6.106707400976852e-05
2021-12-03 21:37:00+00:00,452.95,452.95,452.97,115,200,452.9573015873016,7.759134169148456e-09,4.8269715383186806e-05
2021-12-03 21:38:00+00:00,452.97,452.97,453.0,200,650,452.97705882352943,1.666655786040172e-08,1.3851716508916923e-05
2021-12-03 21:39:00+00:00,452.97,452.97,452.99,100,50,452.98333333333335,2.6038017854046933e-08,-5.620365190472931e-05
2021-12-03 21:40:00+00:00,452.96,452.95,452.96,500,135,452.957874015748,1.788950415330194e-08,1.2052594509315284e-05
2021-12-03 21:41:00+00:00,452.97,452.93,452.97,500,100,452.9633333333333,1.9972560967418966e-08,-1.1498355275252337e-05
2021-12-03 21:42:00+00:00,452.97,452.96,452.99,500,100,452.985,1.676349069875204e-08,4.093461546084143e-05
2021-12-03 21:43:00+00:00,452.95,452.96,452.98,500,100,452.9766666666667,9.527899264704103e-09,4.191277088527734e-05
2021-12-03 21:44:00+00:00,452.98,452.98,453.0,360,100,452.995652173913,9.475772207314123e-09,-1.7477423872591658e-05
2021-12-03 21:45:00+00:00,452.96,452.95,452.97,100,200,452.95666666666665,1.8031454325310865e-08,-3.669826905416951e-05
2021-12-03 21:46:00+00:00,452.99,452.97,453.0,200,800,452.976,3.293653647065132e-09,-1.2910212313643754e-05
2021-12-03 21:47:00+00:00,452.99,452.97,453.0,100,802,452.97332594235036,1.9106903432569382e-08,3.217224115048545e-05
2021-12-03 21:48:00+00:00,452.99,452.97,453.0,100,205,452.9798360655738,1.0581221350443373e-08,3.5156219504450803e-06
2021-12-03 21:49:00+00:00,452.98,452.96,452.99,500,200,452.9814285714286,1.5071862624047017e-08,-1.5835643201067562e-05
2021-12-03 21:50:00+00:00,452.99,452.96,452.99,500,100,452.985,1.3005233529605126e-08,-2.7514156284436098e-05
2021-12-03 21:51:00+00:00,452.97,452.96,452.97,500,2290,452.9617921146953,3.7981594767889934e-09,2.9325348010367236e-05
2021-12-03 21:52:00+00:00,452.99,452.96,452.99,100,99,452.9750753768845,5.8615092546671504e-09,7.127802076345446e-06
2021-12-03 21:53:00+00:00,452.99,452.97,452.99,71,100,452.9783040935673,2.0156334983183954e-08,6.997223961113797e-05
2021-12-03 21:54:00+00:00,453.0,452.99,453.03,100,100,453.01,2.032104342174801e-08,-0.00014506144613635197
2021-12-03 21:55:00+00:00,452.96,452.94,452.97,100,600,452.94428571428574,2.7730762659241497e-08,-0.0003197016628029292
2021-12-03 21:56:00+00:00,452.82,452.79,452.83,100,322,452.7994786729858,3.574082294199242e-08,-0.0004101786369766769
2021-12-03 21:57:00+00:00,452.61,452.6,452.62,1100,500,452.61375,2.825718957325792e-08,0.0004114987668846215
2021-12-03 21:58:00+00:00,452.79,452.79,452.83,200,101,452.8165780730897,8.286945770052502e-08,8.83392226147528e-05
2021-12-03 21:59:00+00:00,452.82,452.83,452.85,100,100,452.84,1.0209367007238211e-07,0.00035648037149682565
2021-12-03 22:00:00+00:00,453.0,452.86,453.09,11,100,452.88279279279277,6.424409794182006e-07,-0.0002997962587020231
2021-12-03 22:01:00+00:00,453.04,452.86,453.07,11,400,452.8656204379562,1.6883116269010283e-07,9.414811116936761e-05
2021-12-03 22:02:00+00:00,453.08,452.9,453.08,100,2080,452.908256880734,1.054404001088833e-07,0.00034148862061411656
2021-12-03 22:03:00+00:00,453.1,453.05,453.1,300,860,453.06293103448274,4.0982572973833806e-08,-0.0001247280184472066
2021-12-03 22:04:00+00:00,453.05,453.0,453.1,5,73,453.0064102564103,2.0836702049307466e-08,-0.00010460933104916581
2021-12-03 22:05:00+00:00,453.0,452.93,453.0,500,706,452.9590215588724,1.7271318050141922e-07,5.1113573345862306e-05
2021-12-03 22:06:00+00:00,452.99,452.9,452.99,2100,200,452.9821739130435,3.004570847527905e-08,-5.028307453636138e-06
2021-12-03 22:07:00+00:00,452.99,452.96,452.98,9582,50,452.97989617940203,6.37606944337158e-08,0.0001069300300957643
2021-12-03 22:08:00+00:00,453.0,452.92,453.0,900,300,452.98,5.550514827838817e-08,3.676876612956903e-05
2021-12-03 22:09:00+00:00,453.05,452.97,453.05,2500,167,453.04499062617174,3.8911324585570725e-09,8.329558285891103e-05
2021-12-03 22:10:00+00:00,453.09,453.01,453.1,500,173,453.0768647845468,4.393331491321092e-09,-5.7993073322770705e-05
2021-12-03 22:11:00+00:00,453.04,453.05,453.06,100,55,453.05645161290323,2.0724306439952038e-09,-5.509744119569504e-05
2021-12-03 22:12:00+00:00,453.04,453.01,453.04,505,200,453.03148936170214,5.632702553686855e-10,-4.322241937138038e-06
2021-12-03 22:13:00+00:00,453.01,453.01,453.03,500,12,453.02953125,8.907978646310456e-11,1.1162226373873096e-05
2021-12-03 22:14:00+00:00,453.04,453.01,453.04,577,127,453.03458806818185,6.79810656596634e-14,3.5506290729792056e-07
2021-12-03 22:15:00+00:00,453.04,453.01,453.04,575,122,453.0347489239598,6.988002982698066e-10,-3.4354142772419216e-05
2021-12-03 22:16:00+00:00,453.04,453.01,453.02,575,51,453.0191853035144,7.262320568584282e-10,2.7500734248731007e-05
2021-12-03 22:17:00+00:00,453.03,453.01,453.04,575,222,453.031643663739,6.370012939867647e-10,5.418378497656917e-06
2021-12-03 22:18:00+00:00,453.04,453.03,453.04,50,72,453.0340983606557,1.0011321597077772e-08,0.0001296744908896308
2021-12-03 22:19:00+00:00,453.05,453.05,453.1,1036,173,453.0928453267163,1.7174683837186396e-08,0.00021405921364747726
2021-12-03 22:20:00+00:00,453.15,453.15,453.19,2400,10,453.18983402489624,7.391563581470189e-09,0.00010818846016591444
2021-12-03 22:21:00+00:00,453.23,453.23,453.24,16853,2160,453.23886393520223,4.9452356750380065e-09,9.038029687058469e-05
2021-12-03 22:22:00+00:00,453.25,453.25,453.28,2425,14,453.279827798278,7.811539177630749e-08,-0.0001881450232338322
2021-12-03 22:23:00+00:00,453.45,453.17,453.3,50,100,453.2133333333333,2.433446884129968e-07,0.0005253727285037257
2021-12-03 22:24:00+00:00,453.5,453.31,453.44,100,6,453.43264150943395,1.1916805232892641e-07,3.186457333081982e-05
2021-12-03 22:25:00+00:00,453.42,453.4,453.5,89,100,453.4470899470899,7.907966620947875e-10,2.8116643865150337e-05
2021-12-03 22:26:00+00:00,453.42,453.4,453.5,149,100,453.4598393574297,2.8344908428306097e-07,0.00016207383658883856
2021-12-03 22:27:00+00:00,453.5,453.5,453.54,100,20,453.53333333333336,1.0275465174985347e-09,-2.3034107147990035e-05
2021-12-03 22:28:00+00:00,453.5,453.5,453.56,185,300,453.52288659793817,3.1198941064801715e-09,-6.364834109762185e-06
2021-12-03 22:29:00+00:00,453.5,453.5,453.53,100,50,453.52,3.4859085500180122e-09,6.113792716377908e-05
2021-12-03 22:30:00+00:00,453.54,453.5,453.55,2100,100,453.5477272727273,8.592140273066768e-09,1.2669318587565925e-06
2021-12-03 22:31:00+00:00,453.54,453.52,453.55,2000,120,453.54830188679244,5.941318232739615e-10,2.2974147714016624e-05
2021-12-03 22:32:00+00:00,453.55,453.55,453.56,2047,300,453.55872177247545,2.3089900469734126e-09,4.855452690200046e-05
2021-12-03 22:33:00+00:00,453.57,453.55,453.59,1694,510,453.5807441016334,4.967841694062952e-10,-1.9373651881648968e-06
2021-12-03 22:34:00+00:00,453.55,453.55,453.58,1109,5,453.57986535008973,2.6060368215222714e-09,-4.3906493332079854e-05
2021-12-03 22:35:00+00:00,453.55,453.55,453.56,2000,10,453.5599502487562,1.8760503831724424e-09,5.1982674663886286e-05
2021-12-03 22:36:00+00:00,453.55,453.55,453.59,1554,300,453.5835275080906,1.5734479147981488e-13,-4.117776768453041e-07
2021-12-03 22:37:00+00:00,453.55,453.55,453.59,1502,300,453.5833407325194,1.1512944284150321e-10,-2.2746595341849307e-05
2021-12-03 22:38:00+00:00,453.55,453.55,453.58,297,90,453.57302325581395,4.097642878427568e-08,0.0002770844747008727
2021-12-03 22:39:00+00:00,453.7,453.6,453.7,228,3,453.6987012987013,4.174534930103188e-08,2.842269532021824e-05
2021-12-03 22:40:00+00:00,453.7,453.7,453.72,138,100,453.71159663865546,1.92892307044338e-08,9.820601419163744e-05
2021-12-03 22:41:00+00:00,453.75,453.75,453.77,100,225,453.75615384615384,3.2505156829579607e-07,0.0005583835309390661
2021-12-03 22:42:00+00:00,454.0,454.0,454.01,100,5,454.0095238095238,3.5493771475557027e-07,-0.00024022245677335352
2021-12-03 22:43:00+00:00,453.9,453.76,453.87,1200,13,453.8688211046991,4.475512131095895e-08,-0.0002745742791419037
2021-12-03 22:44:00+00:00,453.79,453.76,453.79,200,179,453.7758311345646,1.4120436205321174e-08,0.00011937362397618223
2021-12-03 22:45:00+00:00,453.8,453.79,453.87,100,100,453.83,9.2287522792875e-10,-2.9845919275905963e-05
2021-12-03 22:46:00+00:00,453.84,453.79,453.84,100,89,453.816455026455,1.147579165224471e-08,-3.625921068473037e-05
2021-12-03 22:47:00+00:00,453.83,453.79,453.81,100,64,453.80219512195123,1.0040265806724455e-07,-0.0003263966766885451
2021-12-03 22:48:00+00:00,453.8,453.65,453.84,1,100,453.65188118811875,1.6655871931545367e-08,0.00013178712803152415
2021-12-03 22:49:00+00:00,453.7,453.7,453.77,100,500,453.71166666666664,4.317667061244868e-07,0.0006573212578451226
2021-12-03 22:50:00+00:00,454.0,454.0,454.01,199,1,454.00995,8.728926572373411e-10,9.844235250300315e-06
2021-12-03 22:51:00+00:00,454.02,454.0,454.02,194,76,454.01437037037033,9.149805035484931e-10,3.542138781176263e-06
2021-12-03 22:52:00+00:00,454.0,454.0,454.02,298,75,454.0159785522788,2.542327117122468e-08,0.0001426900714796009
2021-12-03 22:53:00+00:00,454.05,454.05,454.09,999,300,454.08076212471127,3.4480286753261504e-09,-3.2421190363507435e-06
2021-12-03 22:54:00+00:00,454.05,454.05,454.08,324,8,454.07927710843364,2.1901762693907307e-09,1.5176462730748241e-05
2021-12-03 22:55:00+00:00,454.09,454.05,454.09,2056,217,454.086181258249,8.538531576505059e-09,-2.153471827281983e-05
2021-12-03 22:56:00+00:00,454.05,454.05,454.09,1000,515,454.076402640264,3.8395987710985726e-08,-2.352848833164778e-05
2021-12-03 22:57:00+00:00,454.05,454.05,454.07,1700,463,454.0657189089228,8.419998423692905e-08,0.00013794494238106303
2021-12-03 22:58:00+00:00,454.1,454.1,454.15,393,300,454.12835497835493,4.500123768032927e-10,1.4080655647896734e-05
2021-12-03 22:59:00+00:00,454.1,454.1,454.14,364,55,454.1347494033413,8.744035499208958e-08,9.903970721047983e-05
2021-12-03 23:00:00+00:00,454.17,454.15,454.18,1088,10,454.1797267759563,1.262912241686681e-12,-1.66310238070011e-06
2021-12-03 23:01:00+00:00,454.15,454.15,454.18,338,12,454.1789714285714,3.482885291403688e-08,-0.00016653808299427197
2021-12-03 23:02:00+00:00,454.16,454.17,454.18,100,12,454.17892857142857,6.199924411110167e-08,0.00034496346873935657
2021-12-03 23:03:00+00:00,454.26,454.25,454.26,567,1,454.25998239436615,7.84762574398627e-10,2.729335411677525e-06
2021-12-03 23:04:00+00:00,454.25,454.25,454.27,1005,395,454.26435714285714,5.783371634482067e-10,-8.985874762612589e-06
2021-12-03 23:05:00+00:00,454.25,454.25,454.26,794,318,454.2571402877698,3.4637807603258626e-10,1.7141785984442492e-05
2021-12-03 23:06:00+00:00,454.25,454.25,454.27,921,313,454.2649270664505,1.830584514717871e-08,-0.00010287894262062114
2021-12-03 23:07:00+00:00,454.17,454.17,454.25,150,99,454.2181927710843,7.196304181838497e-09,0.00010182916492085248
2021-12-03 23:08:00+00:00,454.25,454.25,454.27,814,313,454.26444543034603,9.729915003412182e-10,2.303314954321678e-06
2021-12-03 23:09:00+00:00,454.25,454.25,454.27,1079,314,454.2654917444364,8.937827382682357e-10,7.460945849135925e-06
2021-12-03 23:10:00+00:00,454.25,454.25,454.27,1064,63,454.26888198757763,1.4787796365569055e-07,0.00011163956672533004
2021-12-03 23:11:00+00:00,454.3,454.3,454.33,515,300,454.31895705521464,1.841570321386521e-10,1.4174024324020706e-05
2021-12-03 23:12:00+00:00,454.3,454.3,454.33,696,106,454.32603491271817,6.864557911670905e-10,-1.3609303432415842e-05
2021-12-03 23:13:00+00:00,454.3,454.3,454.32,402,3,454.3198518518518,1.5584307306587732e-13,-1.699330639537422e-07
2021-12-03 23:14:00+00:00,454.3,454.3,454.32,351,4,454.31977464788736,1.1255409057339922e-13,3.2555874507345095e-07
2021-12-03 23:15:00+00:00,454.3,454.3,454.32,1029,4,454.3199225556631,8.500825406804745e-14,-2.57858508656561e-07
2021-12-03 23:16:00+00:00,454.3,454.3,454.32,916,9,454.3198054054054,1.8129476560339164e-09,4.028242496256773e-05
2021-12-03 23:17:00+00:00,454.3,454.3,454.34,644,32,454.3381065088756,2.5311979305423817e-09,1.220630588827376e-06
2021-12-03 23:18:00+00:00,454.3,454.3,454.34,924,32,454.33866108786606,6.056841000623043e-11,-3.574538044226472e-06
2021-12-03 23:19:00+00:00,454.3,454.3,454.35,1000,350,454.337037037037,7.3695917473725515e-09,2.0659607926631907e-05
2021-12-03 23:20:00+00:00,454.31,454.3,454.35,649,50,454.34642346208875,8.401876650746946e-08,-0.0003649779960844812
2021-12-03 23:21:00+00:00,454.2,454.18,454.3,1,200,454.1805970149254,4.852661118893076e-08,1.3363960902568195e-05
2021-12-03 23:22:00+00:00,454.18,454.16,454.2,50,25,454.18666666666667,1.1799302763504577e-07,0.00020375533259398004
2021-12-03 23:23:00+00:00,454.25,454.25,454.28,850,23,454.2792096219931,2.3055726343652263e-12,1.5630403211730481e-06
2021-12-03 23:24:00+00:00,454.25,454.25,454.28,745,2,454.2799196787148,2.04697196787336e-09,-4.466520754897729e-05
2021-12-03 23:25:00+00:00,454.25,454.25,454.26,779,30,454.25962917181704,4.478191110560748e-14,3.1165245717446055e-08
2021-12-03 23:26:00+00:00,454.26,454.25,454.26,730,27,454.25964332893,4.193309616193673e-12,1.8584032801527428e-07
2021-12-03 23:27:00+00:00,454.26,454.25,454.26,929,26,454.2597277486911,2.1885692026602568e-14,-1.3041086444065542e-07
2021-12-03 23:28:00+00:00,454.25,454.25,454.26,700,24,454.2596685082873,8.55388554379479e-08,-0.00020840174651248766
2021-12-03 23:29:00+00:00,454.25,454.13,454.2,1,51,454.1313461538462,1.1514138813592305e-07,-9.230803105264584e-05
2021-12-03 23:30:00+00:00,454.08,454.08,454.15,80,50,454.12307692307695,1.008401630712582e-08,-0.00013889829934288223
2021-12-03 23:31:00+00:00,454.04,454.04,454.1,79,200,454.05698924731183,2.8812878851288066e-08,8.809408448229306e-05
2021-12-03 23:32:00+00:00,454.19,454.02,454.18,100,100,454.1,6.061768662209896e-10,3.303237172436191e-05
2021-12-03 23:33:00+00:00,454.19,454.05,454.18,100,100,454.115,2.668934372571162e-08,-4.404170749694458e-05
2021-12-03 23:34:00+00:00,454.05,454.04,454.15,100,100,454.095,2.7947399968035134e-09,-5.831705145742383e-05
2021-12-03 23:35:00+00:00,454.05,454.01,454.15,79,110,454.0685185185185,1.5298472385832137e-08,-8.01581807873264e-05
2021-12-03 23:36:00+00:00,454.04,454.02,454.04,20,13,454.03212121212124,2.24017193047466e-08,0.0001880456996099511
2021-12-03 23:37:00+00:00,454.04,454.02,454.15,30,10,454.1175,5.474995730918258e-08,-0.00027447270176306215
2021-12-03 23:38:00+00:00,454.0,453.99,454.05,5,100,453.99285714285713,8.164292705193229e-09,8.93013985550084e-05
2021-12-03 23:39:00+00:00,454.01,454.0,454.04,506,100,454.03339933993396,4.313100308873459e-09,6.441164242154684e-05
2021-12-03 23:40:00+00:00,454.01,454.0,454.09,458,200,454.06264437689964,4.791275695293184e-08,3.2184488092390495e-06
2021-12-03 23:41:00+00:00,454.09,454.0,454.09,458,185,454.0641057542768,3.6175306507904966e-08,2.9922104044954878e-05
2021-12-03 23:42:00+00:00,454.02,454.01,454.09,605,110,454.0776923076923,2.549923625835425e-09,-7.554627439620987e-05
2021-12-03 23:43:00+00:00,454.02,454.01,454.05,505,100,454.04338842975204,3.950661397188944e-09,1.3527127771251202e-05
2021-12-03 23:44:00+00:00,454.02,454.01,454.05,505,6,454.049530332681,5.083815548838853e-10,2.8777372354849007e-05
2021-12-03 23:45:00+00:00,454.05,454.01,454.09,595,310,454.0625966850829,5.365770913387209e-09,-6.062082926749923e-07
2021-12-03 23:46:00+00:00,454.08,454.02,454.09,474,310,454.0623214285714,5.559027116382077e-09,5.2227648817071426e-05
2021-12-03 23:47:00+00:00,454.06,454.05,454.09,1000,110,454.08603603603603,5.345630503463517e-08,0.0002428620607008991
2021-12-03 23:48:00+00:00,454.19,454.05,454.2,993,25,454.19631630648325,9.406315203806165e-09,-3.290484947671146e-05
2021-12-03 23:49:00+00:00,454.1,454.1,454.19,943,100,454.1813710450623,6.252926849132138e-11,-8.512798800874855e-06
2021-12-03 23:50:00+00:00,454.1,454.1,454.19,918,148,454.1775046904315,1.3014800090943779e-11,3.096772383415214e-06
2021-12-03 23:51:00+00:00,454.145,454.1,454.19,918,129,454.1789111747851,3.4819637285208502e-09,-7.457742183114568e-05
2021-12-03 23:52:00+00:00,454.1,454.1,454.15,908,100,454.1450396825396,8.911138050313056e-10,-1.676487564183926e-05
2021-12-03 23:53:00+00:00,454.1,454.1,454.14,727,50,454.13742599742596,2.9207717123589328e-08,-0.00015185812711426827
2021-12-03 23:54:00+00:00,454.03,454.03,454.09,100,56,454.0684615384615,5.8569990984992e-09,-0.00012946091632859424
2021-12-03 23:55:00+00:00,454.01,454.0,454.05,6,25,454.00967741935483,1.0978243775514383e-08,4.165142772749597e-05
2021-12-03 23:56:00+00:00,454.01,454.0,454.03,506,25,454.0285875706215,6.582805784586442e-10,-7.901640380669761e-06
2021-12-03 23:57:00+00:00,454.01,454.01,454.03,70,25,454.02473684210526,3.744936320921581e-08,-3.375409559402964e-05
2021-12-03 23:58:00+00:00,453.93,453.93,454.03,98,25,454.0096747967479,2.527713469141537e-08,-0.00025009547327525805
2021-12-03 23:59:00+00:00,453.9,453.88,453.9,100,24,453.89612903225805,3.2022123618949846e-06,0.0006027737097269448
