ts_recv,price,bid_px_00,ask_px_00,bid_sz_00,ask_sz_00,weighted_mid,rv_60s,ret_60s
2023-05-22 08:01:00+00:00,418.57,418.45,418.49,400,400,418.47,4.524795765858122e-08,-7.055179468973272e-05
2023-05-22 08:02:00+00:00,418.49,418.4,418.45,400,900,418.4153846153846,4.632529468021489e-08,-0.00012594004571020445
2023-05-22 08:03:00+00:00,418.43,418.35,418.4,400,400,418.375,1.9758541556703862e-08,1.8181309328069162e-05
2023-05-22 08:04:00+00:00,418.44,418.41,418.47,1300,1900,418.434375,3.647733438275174e-08,-2.3733698542582893e-05
2023-05-22 08:05:00+00:00,418.41,418.36,418.41,400,834,418.3762074554295,1.578452059508695e-08,9.541673009194618e-05
2023-05-22 08:06:00+00:00,418.42,418.41,418.43,1600,91,418.4289237137789,2.9727555223272522e-08,-1.8716976202814983e-05
2023-05-22 08:07:00+00:00,418.39,418.4,418.42,400,56,418.41754385964913,9.264734790122334e-09,-8.707270780750065e-05
2023-05-22 08:08:00+00:00,418.39,418.38,418.39,50,400,418.3811111111111,1.8644368238161322e-08,4.9493321178095684e-05
2023-05-22 08:09:00+00:00,418.42,418.4,418.41,50,400,418.4011111111111,1.9364327132407617e-08,0.00012409288948855846
2023-05-22 08:10:00+00:00,418.47,418.43,418.47,400,274,418.45373887240356,8.070731128108488e-09,1.4962532329798606e-05
2023-05-22 08:11:00+00:00,418.47,418.44,418.48,400,400,418.46,1.529255759525884e-08,-0.00014268909195480628
2023-05-22 08:12:00+00:00,418.42,418.4,418.43,3,307,418.4002903225806,2.4914894815605405e-08,0.0001905105690962472
2023-05-22 08:13:00+00:00,418.49,418.46,418.5,400,400,418.48,7.63517690137119e-09,9.558401835207953e-05
2023-05-22 08:14:00+00:00,418.48,418.5,418.54,400,400,418.52,2.9054335739880905e-08,1.1946860364986378e-05
2023-05-22 08:15:00+00:00,418.48,418.5,418.55,400,1000,418.51428571428573,1.3591912825680241e-08,-2.895502606148348e-05
2023-05-22 08:16:00+00:00,418.52,418.5,418.53,301,400,418.5128815977176,1.5347750012408056e-08,-7.856770762237897e-05
2023-05-22 08:17:00+00:00,418.48,418.47,418.49,400,400,418.48,5.418423939505145e-09,6.734328565705106e-05
2023-05-22 08:18:00+00:00,418.48,418.49,418.54,800,1400,418.5081818181818,3.238130872718378e-08,-0.00013371207156920306
2023-05-22 08:19:00+00:00,418.46,418.43,418.47,500,400,418.45222222222225,2.1341991559711478e-08,0.00020180187835072694
2023-05-22 08:20:00+00:00,418.53,418.51,418.55,400,400,418.53,3.882780842898695e-08,9.465253997031908e-05
2023-05-22 08:21:00+00:00,418.59,418.56,418.59,400,337,418.57628222523743,2.9616400136184333e-08,-2.6953809177721055e-05
2023-05-22 08:22:00+00:00,418.58,418.55,418.58,400,400,418.565,1.0971541688748828e-08,-4.005281349928058e-05
2023-05-22 08:23:00+00:00,418.56,418.51,418.56,1300,400,418.54823529411766,1.2007111758163035e-08,6.394652664942768e-05
2023-05-22 08:24:00+00:00,418.56,418.56,418.6,1300,400,418.5905882352941,3.227764247149258e-08,0.000250851101952998
2023-05-22 08:25:00+00:00,418.63,418.66,418.7,400,400,418.68,1.679386622781048e-08,-0.00010349988853863845
2023-05-22 08:26:00+00:00,418.68,418.62,418.65,400,400,418.635,3.0005951068854314e-08,7.962353990342841e-05
2023-05-22 08:27:00+00:00,418.65,418.65,418.69,400,400,418.67,1.2739410579231584e-08,2.2378065914985257e-05
2023-05-22 08:28:00+00:00,418.67,418.67,418.72,392,1700,418.6793690248566,2.97210337005154e-08,0.0002532142693700834
2023-05-22 08:29:00+00:00,418.81,418.78,418.84,500,1900,418.7925,5.3289124561732645e-08,1.102088273596813e-05
2023-05-22 08:30:00+00:00,418.79,418.77,418.81,400,400,418.79,2.8234930977958438e-08,0.0
2023-05-22 08:31:00+00:00,418.83,418.77,418.81,400,400,418.79,1.4640608219339581e-08,-9.626488210268125e-05
2023-05-22 08:32:00+00:00,418.76,418.74,418.75,400,13,418.7496852300242,9.476672788801196e-09,-3.566093758844424e-05
2023-05-22 08:33:00+00:00,418.76,418.72,418.75,387,400,418.7347522236341,5.938849947734439e-09,7.223612610429697e-05
2023-05-22 08:34:00+00:00,418.76,418.75,418.78,400,400,418.765,4.699345394272949e-09,-1.0847333612118426e-05
2023-05-22 08:35:00+00:00,418.77,418.75,418.77,400,365,418.7604575163399,3.288719495809234e-08,-9.520784575078878e-05
2023-05-22 08:36:00+00:00,418.78,418.69,418.73,1300,400,418.72058823529414,6.279036830090503e-09,-8.499280019669264e-05
2023-05-22 08:37:00+00:00,418.72,418.67,418.7,400,400,418.685,1.731860209722071e-08,-6.93661181832006e-05
2023-05-22 08:38:00+00:00,418.69,418.65,418.69,70,365,418.65643678160916,1.1441660846940296e-08,-0.00011242777531850212
2023-05-22 08:39:00+00:00,418.62,418.6,418.64,400,1400,418.6088888888889,1.319013361496019e-08,0.00011107199997395512
2023-05-22 08:40:00+00:00,418.62,418.63,418.7,1300,1900,418.6584375,6.1640616933229506e-09,0.0001282828208590825
2023-05-22 08:41:00+00:00,418.67,418.7,418.75,400,1800,418.7090909090909,8.525942102087785e-09,6.187850102046255e-05
2023-05-22 08:42:00+00:00,418.75,418.71,418.75,1600,365,418.7425699745547,2.7785141134490683e-08,6.925621216291589e-05
2023-05-22 08:43:00+00:00,418.75,418.74,418.77,1600,400,418.764,8.40470576702414e-09,0.00011462303349851766
2023-05-22 08:44:00+00:00,418.78,418.78,418.82,1600,400,418.812,1.59703109857211e-08,1.9101649427311074e-05
2023-05-22 08:45:00+00:00,418.78,418.8,418.84,1200,400,418.83,1.8229263365894406e-08,9.550642280697907e-05
2023-05-22 08:46:00+00:00,418.78,418.84,418.88,400,400,418.86,3.004066064452079e-09,-5.9685813875831606e-05
2023-05-22 08:47:00+00:00,418.87,418.82,418.85,400,400,418.835,1.3022657048650438e-08,6.671165607130547e-05
2023-05-22 08:48:00+00:00,418.87,418.84,418.87,1300,400,418.8629411764706,1.2352149264465734e-08,-6.00754953926641e-05
2023-05-22 08:49:00+00:00,418.87,418.84,418.86,1300,400,418.8552941176471,7.2402856821648675e-09,-6.632108957593807e-05
2023-05-22 08:50:00+00:00,418.87,418.79,418.83,400,400,418.81,1.4492600661899836e-08,-0.00014142634901459505
2023-05-22 08:51:00+00:00,418.8,418.73,418.76,900,400,418.7507692307692,7.370284163094761e-09,1.5220572335605809e-05
2023-05-22 08:52:00+00:00,418.77,418.74,418.77,400,300,418.75714285714287,7.171522372954549e-09,-7.675775253301875e-05
2023-05-22 08:53:00+00:00,418.77,418.71,418.74,400,400,418.725,1.0352883167240896e-08,-7.164606842247068e-06
2023-05-22 08:54:00+00:00,418.71,418.69,418.73,1600,400,418.722,1.1958513708975098e-08,5.3054205700009405e-05
2023-05-22 08:55:00+00:00,418.75,418.72,418.74,400,400,418.73,1.027835292376798e-08,-8.17085034168219e-05
2023-05-22 08:56:00+00:00,418.75,418.68,418.72,1200,400,418.71,5.6594391454717335e-09,3.58243175468953e-05
2023-05-22 08:57:00+00:00,418.75,418.71,418.74,400,400,418.725,3.84467242678827e-09,2.217616403532574e-05
2023-05-22 08:58:00+00:00,418.74,418.71,418.74,1700,400,418.7342857142857,1.103062919758842e-09,-3.404368335524488e-05
2023-05-22 08:59:00+00:00,418.74,418.72,418.75,1,984,418.72003045685284,5.420014819973025e-09,5.4594275159525196e-05
2023-05-22 09:00:00+00:00,418.74,418.73,418.75,400,984,418.73578034682083,3.38385326210318e-08,-4.0845917026244294e-05
2023-05-22 09:01:00+00:00,418.75,418.74,418.77,500,400,418.75666666666666,1.951651281644335e-08,9.365022462404227e-05
2023-05-22 09:02:00+00:00,418.75,418.75,418.78,400,400,418.765,2.168134326693514e-08,2.343752418387801e-05
2023-05-22 09:03:00+00:00,418.78,418.76,418.81,800,1900,418.7748148148148,1.4925002181054543e-08,2.432138902563885e-05
2023-05-22 09:04:00+00:00,418.76,418.77,418.8,400,400,418.785,2.1360450415014028e-08,4.256249955614244e-05
2023-05-22 09:05:00+00:00,418.76,418.78,418.82,400,301,418.80282453637665,9.843523479123615e-09,2.96686922476308e-05
2023-05-22 09:06:00+00:00,418.76,418.79,418.82,1600,301,418.8152498684903,1.0233993106354604e-08,-9.610411393323748e-05
2023-05-22 09:07:00+00:00,418.79,418.76,418.79,400,233,418.7789573459716,2.686428887544635e-08,-2.17721856815567e-05
2023-05-22 09:08:00+00:00,418.75,418.75,418.78,450,400,418.76588235294116,4.10365042210703e-09,1.7508429129842185e-05
2023-05-22 09:09:00+00:00,418.77,418.77,418.8,48,400,418.7732142857143,3.6842174826373416e-09,-4.95086491418828e-05
2023-05-22 09:10:00+00:00,418.77,418.75,418.77,50,353,418.7524813895782,5.730319731318362e-09,-5.366019511054976e-05
2023-05-22 09:11:00+00:00,418.75,418.72,418.75,302,603,418.73001104972377,3.5478486861909806e-09,-2.3661922190387763e-05
2023-05-22 09:12:00+00:00,418.75,418.72,418.75,2,580,418.7201030927835,4.821470946277532e-09,-3.441886761146318e-05
2023-05-22 09:13:00+00:00,418.7,418.7,418.74,282,1700,418.7056912209889,5.887316440939397e-09,2.4620584881507313e-05
2023-05-22 09:14:00+00:00,418.7,418.7,418.72,400,100,418.716,2.5308637743947944e-08,-9.791839815054271e-05
2023-05-22 09:15:00+00:00,418.64,418.66,418.69,400,400,418.675,2.351799970135198e-08,0.00012585491775785052
2023-05-22 09:16:00+00:00,418.76,418.7,418.74,900,400,418.7276923076923,1.4776889016880993e-08,1.3471823680832884e-05
2023-05-22 09:17:00+00:00,418.73,418.72,418.77,400,900,418.7353846153846,2.2469498300411187e-08,4.2456084487607626e-05
2023-05-22 09:18:00+00:00,418.74,418.74,418.76,500,400,418.75111111111113,1.7463975885729738e-09,-3.0058109037667258e-05
2023-05-22 09:19:00+00:00,418.74,418.71,418.74,1353,70,418.73852424455373,1.732984839598854e-08,9.904929459514378e-05
2023-05-22 09:20:00+00:00,418.74,418.77,418.79,400,400,418.78,1.3461944587328373e-08,-0.00016090118666800546
2023-05-22 09:21:00+00:00,418.73,418.71,418.73,50,332,418.71261780104714,5.314614174749327e-09,5.689341213033217e-06
2023-05-22 09:22:00+00:00,418.71,418.7,418.74,900,400,418.7276923076923,8.1051704331314e-09,-1.19412965859933e-05
2023-05-22 09:23:00+00:00,418.71,418.69,418.75,1700,1500,418.721875,4.867983061483668e-09,4.7765756729045705e-05
2023-05-22 09:24:00+00:00,418.71,418.72,418.74,400,400,418.73,3.654550113108452e-09,2.3881737635234046e-05
2023-05-22 09:25:00+00:00,418.71,418.72,418.76,400,400,418.74,3.285144727950945e-08,-1.1940583655722925e-05
2023-05-22 09:26:00+00:00,418.78,418.72,418.75,400,400,418.735,2.3789615194006424e-08,-6.633736797212464e-06
2023-05-22 09:27:00+00:00,418.75,418.71,418.76,400,500,418.7322222222222,5.283897788489383e-08,-0.00012490537083464925
2023-05-22 09:28:00+00:00,418.65,418.66,418.68,500,2,418.6799203187251,3.37243515534531e-08,-4.393079369446884e-05
2023-05-22 09:29:00+00:00,418.67,418.65,418.67,400,294,418.66152737752157,2.762175357883579e-09,6.800869107026486e-05
2023-05-22 09:30:00+00:00,418.68,418.67,418.71,400,400,418.69,2.7413466786168933e-08,-2.3884019202724538e-05
2023-05-22 09:31:00+00:00,418.68,418.64,418.69,1600,400,418.68,2.6461802451593457e-08,-0.00010509219451604324
2023-05-22 09:32:00+00:00,418.68,418.63,418.66,400,1600,418.636,1.5993328151931223e-08,2.1498390009311308e-05
2023-05-22 09:33:00+00:00,418.68,418.63,418.66,400,400,418.645,6.8745417735943284e-09,-5.9479965362041476e-05
2023-05-22 09:34:00+00:00,418.63,418.62,418.63,4,400,418.62009900990097,1.3939988060352297e-08,-0.0002032845773584091
2023-05-22 09:35:00+00:00,418.55,418.51,418.56,400,400,418.535,1.4367602335408665e-08,0.00019931678982998413
2023-05-22 09:36:00+00:00,418.63,418.59,418.65,900,1000,418.61842105263156,7.75732603049853e-09,2.7104371566499807e-05
2023-05-22 09:37:00+00:00,418.62,418.62,418.63,42,1,418.6297674418604,1.1707945583837459e-08,6.197009851116597e-05
2023-05-22 09:38:00+00:00,418.66,418.64,418.66,1300,355,418.6557099697885,1.8100324790040614e-08,-8.389168870270858e-05
2023-05-22 09:39:00+00:00,418.63,418.59,418.63,1300,400,418.6205882352941,1.1393843827368443e-08,2.2482804167722747e-05
2023-05-22 09:40:00+00:00,418.63,418.64,418.67,500,400,418.6566666666667,3.527474793627036e-08,-3.433819840892305e-05
2023-05-22 09:41:00+00:00,418.63,418.6,418.63,400,368,418.6156250000001,4.022309929359792e-09,-6.120410625942707e-05
2023-05-22 09:42:00+00:00,418.6,418.59,418.6,2,4992,418.59000400480573,4.221143396767002e-10,-2.5401145233860944e-05
2023-05-22 09:43:00+00:00,418.6,418.57,418.6,1600,3522,418.5793713393206,4.2576707413177254e-09,-6.98125316010989e-05
2023-05-22 09:44:00+00:00,418.59,418.55,418.58,2,400,418.5501492537314,1.9751113553100976e-08,9.963379836963604e-05
2023-05-22 09:45:00+00:00,418.54,418.59,418.6,800,3522,418.59185099490975,1.5667235468191349e-09,-1.6582336457293678e-06
2023-05-22 09:46:00+00:00,418.54,418.59,418.6,500,3822,418.5911568718186,4.179289078088541e-09,-8.637753384188596e-05
2023-05-22 09:47:00+00:00,418.57,418.53,418.58,400,400,418.555,1.0084330707065098e-08,5.972930678166399e-05
2023-05-22 09:48:00+00:00,418.57,418.57,418.59,400,400,418.58,4.982583669131709e-09,-3.5835443642717735e-05
2023-05-22 09:49:00+00:00,418.57,418.55,418.58,400,400,418.565,3.6984454384051562e-09,0.0
2023-05-22 09:50:00+00:00,418.58,418.55,418.58,400,400,418.565,1.3201711226165741e-08,4.7782303823629135e-05
2023-05-22 09:51:00+00:00,418.63,418.57,418.6,400,400,418.585,2.1164713945533938e-08,-4.434378641282599e-05
2023-05-22 09:52:00+00:00,418.58,418.56,418.6,1600,400,418.592,6.908141645278805e-09,4.434575287137754e-05
2023-05-22 09:53:00+00:00,418.58,418.57,418.6,400,400,418.585,1.4798776144650555e-08,-4.778002078431598e-05
2023-05-22 09:54:00+00:00,418.59,418.55,418.58,400,400,418.565,2.2979474792702668e-08,-8.361903169162854e-05
2023-05-22 09:55:00+00:00,418.58,418.51,418.55,400,400,418.53,2.4382794217572315e-08,-0.00011946574916965602
2023-05-22 09:56:00+00:00,418.5,418.46,418.5,400,400,418.48,1.1346040725297805e-08,1.858578134616984e-05
2023-05-22 09:57:00+00:00,418.5,418.47,418.51,400,500,418.48777777777775,2.625983994827335e-08,-1.858543592125894e-05
2023-05-22 09:58:00+00:00,418.52,418.45,418.48,400,400,418.465,1.7218361212968788e-08,-3.823360734089842e-05
2023-05-22 09:59:00+00:00,418.44,418.44,418.48,600,400,418.464,2.313709068265086e-08,-2.590929031687228e-05
2023-05-22 10:00:00+00:00,418.44,418.44,418.49,500,1400,418.4531578947368,2.076573977372628e-08,-0.00012268927106906524
2023-05-22 10:01:00+00:00,418.41,418.4,418.42,100,1000,418.40181818181816,1.2195796500415553e-08,4.3455399550751395e-05
2023-05-22 10:02:00+00:00,418.44,418.4,418.44,400,400,418.42,1.5372007089384034e-08,-5.576533945161888e-05
2023-05-22 10:03:00+00:00,418.36,418.38,418.43,800,500,418.41076923076923,2.9795934204989037e-08,0.0003748377622809773
2023-05-22 10:04:00+00:00,418.54,418.52,418.56,1700,330,418.5534975369458,2.089254608059223e-08,8.861638611667999e-05
2023-05-22 10:05:00+00:00,418.6,418.56,418.6,1300,400,418.5905882352941,2.3655955128155343e-08,9.415348986241412e-05
2023-05-22 10:06:00+00:00,418.63,418.61,418.64,1600,400,418.634,2.4434475108626617e-08,-0.00011561522107828015
2023-05-22 10:07:00+00:00,418.6,418.58,418.6,400,4600,418.5816,3.886487455092854e-09,8.825322582506345e-06
2023-05-22 10:08:00+00:00,418.6,418.57,418.59,1300,400,418.58529411764704,1.2548934793722471e-08,3.513234353813566e-05
2023-05-22 10:09:00+00:00,418.6,418.58,418.62,400,400,418.6,4.033335760654048e-08,-1.1944577161915326e-05
2023-05-22 10:10:00+00:00,418.6,418.58,418.61,400,400,418.595,2.6558225341009146e-08,-5.972359918304804e-05
2023-05-22 10:11:00+00:00,418.6,418.55,418.59,400,400,418.57,6.440546103425554e-09,0.0
2023-05-22 10:12:00+00:00,418.6,418.55,418.59,400,400,418.57,7.322683366438172e-09,-5.972716630431307e-05
2023-05-22 10:13:00+00:00,418.59,418.53,418.56,400,400,418.545,3.548976145662232e-08,0.0002389229354071709
2023-05-22 10:14:00+00:00,418.62,418.62,418.66,400,400,418.64,7.665471127638572e-09,5.971646621838467e-05
2023-05-22 10:15:00+00:00,418.62,418.65,418.69,400,400,418.67,1.8301187697955767e-08,-6.8243314714777625e-06
2023-05-22 10:16:00+00:00,418.65,418.65,418.69,300,400,418.66714285714284,1.116751539831456e-08,0.00014366332964743656
2023-05-22 10:17:00+00:00,418.65,418.71,418.73,319,50,418.7272899728997,2.1984096531984794e-08,-0.00013363504339547472
2023-05-22 10:18:00+00:00,418.69,418.65,418.69,400,350,418.67133333333334,2.2897300844338945e-09,-6.289738808651357e-05
2023-05-22 10:19:00+00:00,418.66,418.63,418.66,400,400,418.645,6.006820379300764e-09,7.564085721001312e-05
2023-05-22 10:20:00+00:00,418.66,418.65,418.68,400,50,418.6766666666667,2.8084095880369632e-08,-0.00013675207270713585
2023-05-22 10:21:00+00:00,418.62,418.61,418.65,400,1300,418.6194117647059,4.09631814917896e-09,-6.0121286395542484e-05
2023-05-22 10:22:00+00:00,418.61,418.59,418.61,1100,4084,418.5942438271604,1.5079824229903873e-08,6.153016487786545e-05
2023-05-22 10:23:00+00:00,418.62,418.6,418.64,400,400,418.62,3.524447470775003e-09,9.668957640851517e-05
2023-05-22 10:24:00+00:00,418.64,418.62,418.67,1700,400,418.6604761904762,2.0555077605541705e-09,2.2748289044471903e-05
2023-05-22 10:25:00+00:00,418.64,418.65,418.69,400,400,418.67,1.6234883291588192e-08,-5.978763495395611e-08
2023-05-22 10:26:00+00:00,418.65,418.65,418.69,399,400,418.6699749687109,9.5857319069126e-09,5.1164506570167134e-05
2023-05-22 10:27:00+00:00,418.65,418.68,418.7,400,302,418.69139601139597,2.9306630105222976e-08,-0.00010308479631893075
2023-05-22 10:28:00+00:00,418.65,418.62,418.66,400,400,418.64,6.181549361276998e-09,-7.727953553637867e-06
2023-05-22 10:29:00+00:00,418.62,418.63,418.66,400,400,418.645,1.712239684197899e-08,-3.5829879731053005e-05
2023-05-22 10:30:00+00:00,418.62,418.62,418.64,400,400,418.63,1.3605979663352406e-08,3.583116355732052e-05
2023-05-22 10:31:00+00:00,418.66,418.63,418.66,400,400,418.645,2.4895887745012428e-08,-4.772832957067319e-05
2023-05-22 10:32:00+00:00,418.64,418.61,418.64,400,399,418.6250187734669,1.1220421609950334e-08,-4.484554438910493e-08
2023-05-22 10:33:00+00:00,418.61,418.61,418.64,400,400,418.625,1.1177779479716347e-08,-4.3794167412958274e-05
2023-05-22 10:34:00+00:00,418.61,418.6,418.62,1,2,418.60666666666674,9.153333680883924e-09,-8.759217085274607e-05
2023-05-22 10:35:00+00:00,418.6,418.55,418.59,400,400,418.57,1.856585235575648e-08,2.3890866521769638e-05
2023-05-22 10:36:00+00:00,418.57,418.56,418.6,400,400,418.58,2.476680953089007e-08,-4.247163690995759e-05
2023-05-22 10:37:00+00:00,418.57,418.55,418.58,400,400,418.565,1.8547581894151174e-08,0.00011903026779069847
2023-05-22 10:38:00+00:00,418.62,418.61,418.64,70,400,418.61446808510635,3.402391133568222e-09,1.958879812491432e-05
2023-05-22 10:39:00+00:00,418.61,418.62,418.63,10,400,418.620243902439,1.4492253703996849e-08,-0.00012690618987099
2023-05-22 10:40:00+00:00,418.59,418.55,418.58,400,301,418.56711840228246,5.169598451944966e-09,-6.304053473216165e-05
2023-05-22 10:41:00+00:00,418.58,418.54,418.57,10,400,418.5407317073171,8.563943793050613e-09,-3.763189479699669e-05
2023-05-22 10:42:00+00:00,418.51,418.51,418.54,399,400,418.5249812265332,3.5348805492513007e-08,-0.000214996070890483
2023-05-22 10:43:00+00:00,418.45,418.42,418.45,400,400,418.435,1.137543719448734e-08,-5.552904063388375e-05
2023-05-22 10:44:00+00:00,418.4,418.39,418.4,301,300,418.39500831946754,1.0391340304344112e-08,4.358217348521265e-05
2023-05-22 10:45:00+00:00,418.45,418.38,418.44,400,1400,418.3933333333333,4.683070366470853e-08,-1.6041700564350947e-05
2023-05-22 10:46:00+00:00,418.4,418.42,418.45,160,1300,418.42328767123286,1.0619408237265835e-08,-7.85728550423137e-06
2023-05-22 10:47:00+00:00,418.43,418.4,418.44,400,400,418.42,2.4414037946646266e-08,-0.0001653370485849015
2023-05-22 10:48:00+00:00,418.43,418.35,418.4,15,900,418.35081967213114,1.3021105359205562e-08,-1.205719206698319e-07
2023-05-22 10:49:00+00:00,418.39,418.35,418.38,316,800,418.3584946236559,1.8813291275983138e-08,-1.379041510995993e-05
2023-05-22 10:50:00+00:00,418.35,418.33,418.36,400,400,418.345,1.2187407833866872e-08,-7.944470262022385e-05
2023-05-22 10:51:00+00:00,418.3,418.3,418.35,400,1300,418.31176470588235,1.7455421063585865e-08,1.968697706455913e-05
2023-05-22 10:52:00+00:00,418.3,418.3,418.34,400,400,418.32,1.970456842544595e-08,-0.00022197634073717332
2023-05-22 10:53:00+00:00,418.2,418.19,418.23,1300,100,418.22714285714284,2.1691727599256142e-08,-5.093705300773799e-06
2023-05-22 10:54:00+00:00,418.23,418.22,418.23,400,398,418.22501253132833,2.7700060304211978e-08,0.00019979411737569563
2023-05-22 10:55:00+00:00,418.23,418.3,418.32,300,400,418.30857142857144,4.1433333482406785e-09,2.755878005733514e-05
2023-05-22 10:56:00+00:00,418.31,418.32,418.36,400,400,418.34,6.9894456347691825e-09,2.7885830512719423e-05
2023-05-22 10:57:00+00:00,418.35,418.32,418.37,400,1300,418.33176470588234,1.685831016942662e-08,0.00013268899489249364
2023-05-22 10:58:00+00:00,418.35,418.38,418.42,400,1800,418.3872727272727,7.2323847566148815e-09,7.822243854116451e-05
2023-05-22 10:59:00+00:00,418.4,418.4,418.44,400,400,418.42,2.0748941363541135e-08,0.0
2023-05-22 11:00:00+00:00,418.41,418.4,418.44,400,400,418.42,4.518010049012645e-08,-0.00010754744037100306
2023-05-22 11:01:00+00:00,418.39,418.35,418.4,400,400,418.375,4.0741675981031224e-08,-7.170600537786953e-05
2023-05-22 11:02:00+00:00,418.31,418.3,418.34,400,400,418.32,2.159103269340172e-08,-6.536798268197419e-05
2023-05-22 11:03:00+00:00,418.36,418.3,418.34,316,400,418.31765363128494,9.341575511248484e-09,-0.0001614028486848218
2023-05-22 11:04:00+00:00,418.26,418.24,418.26,410,399,418.2501359703337,2.7260093582811088e-08,0.00010770878710397724
2023-05-22 11:05:00+00:00,418.26,418.28,418.31,410,400,418.2951851851852,1.0569718506412922e-08,4.0170481285795034e-05
2023-05-22 11:06:00+00:00,418.3,418.3,418.35,410,1300,418.3119883040936,1.6998720872568038e-08,0.0001194327858455857
2023-05-22 11:07:00+00:00,418.38,418.36,418.37,121,500,418.36194847020937,2.577202606065979e-08,5.5542132980423986e-05
2023-05-22 11:08:00+00:00,418.4,418.37,418.4,410,400,418.3851851851852,3.123265169398478e-08,-0.00017881803052299805
2023-05-22 11:09:00+00:00,418.36,418.31,418.32,5,1301,418.3100382848392,5.715597867226829e-09,7.224136038641582e-05
2023-05-22 11:10:00+00:00,418.32,418.34,418.38,12,802,418.3405896805897,6.93114882428106e-08,-0.0005648213252941181
2023-05-22 11:11:00+00:00,418.1,418.1,418.13,302,1300,418.10565543071164,8.157083191827707e-08,0.00024084422288339624
2023-05-22 11:12:00+00:00,418.14,418.18,418.23,400,400,418.205,2.1438788068649942e-08,0.00027020241269237744
2023-05-22 11:13:00+00:00,418.22,418.31,418.35,100,400,418.318,3.7585670984657534e-08,-5.7522549280708546e-05
2023-05-22 11:14:00+00:00,418.32,418.28,418.32,400,748,418.29393728223,3.712343723777677e-08,-3.34557647713174e-05
2023-05-22 11:15:00+00:00,418.26,418.24,418.28,1400,2,418.279942938659,2.4911067712903323e-08,-9.525543082844479e-05
2023-05-22 11:16:00+00:00,418.23,418.25,418.27,400,400,418.26,4.527836352403296e-09,1.1895378726478611e-07
2023-05-22 11:17:00+00:00,418.27,418.24,418.27,302,400,418.25290598290593,3.806425236089952e-08,2.3552847057350945e-05
2023-05-22 11:18:00+00:00,418.28,418.23,418.27,400,400,418.25,1.5903091944252765e-08,0.0001315002988644398
2023-05-22 11:19:00+00:00,418.27,418.29,418.32,400,400,418.305,1.57531193640732e-08,0.00016524715540144896
2023-05-22 11:20:00+00:00,418.39,418.37,418.39,100,385,418.37412371134025,1.287711016219172e-08,2.428927213604659e-05
2023-05-22 11:21:00+00:00,418.41,418.38,418.39,300,400,418.38428571428574,1.4917217848950825e-08,-8.194790162152632e-05
2023-05-22 11:22:00+00:00,418.35,418.33,418.37,400,400,418.35,7.660121419326037e-09,-5.0462796967076784e-05
2023-05-22 11:23:00+00:00,418.32,418.32,418.34,320,400,418.32888888888886,3.593808849980777e-09,1.460838893385663e-05
2023-05-22 11:24:00+00:00,418.33,418.32,418.35,400,400,418.335,5.626645061445678e-09,-9.960119680785251e-05
2023-05-22 11:25:00+00:00,418.3,418.29,418.3,2,4,418.29333333333335,1.0483050567055e-08,1.873715459810299e-05
2023-05-22 11:26:00+00:00,418.29,418.3,418.32,25,402,418.3011709601874,1.3087836155638143e-08,5.6966227844679196e-05
2023-05-22 11:27:00+00:00,418.32,418.31,418.34,400,400,418.325,1.317229390539026e-08,0.0
2023-05-22 11:28:00+00:00,418.32,418.31,418.34,400,400,418.325,1.242526646621065e-08,5.4245640811023677e-05
2023-05-22 11:29:00+00:00,418.32,418.33,418.36,400,400,418.345,3.499045361972332e-08,6.338442162912017e-06
2023-05-22 11:30:00+00:00,418.36,418.35,418.37,7,400,418.35034398034395,1.7171062189821482e-08,-4.862905131242101e-05
2023-05-22 11:31:00+00:00,418.31,418.32,418.35,400,800,418.33,1.743140401565937e-08,0.00015388568833230032
2023-05-22 11:32:00+00:00,418.33,418.37,418.4,1300,300,418.394375,2.2436744138092686e-07,0.0006109666268814262
2023-05-22 11:33:00+00:00,418.67,418.63,418.67,400,400,418.65,1.69852950861131e-08,-0.00010656965153565956
2023-05-22 11:34:00+00:00,418.69,418.6,418.67,1000,1300,418.6304347826087,3.345442154799972e-08,0.00025522272470479557
2023-05-22 11:35:00+00:00,418.66,418.69,418.73,500,400,418.71222222222224,4.268125697177606e-08,-0.00040600677739421887
2023-05-22 11:36:00+00:00,418.55,418.52,418.56,500,400,418.5422222222222,4.308693878038126e-08,-8.567495453193352e-06
2023-05-22 11:37:00+00:00,418.57,418.51,418.54,2100,100,418.5386363636364,4.697912364308712e-08,0.00020634567244237623
2023-05-22 11:38:00+00:00,418.59,418.6,418.65,400,400,418.625,2.5756573674970426e-08,-0.00013402969105891227
2023-05-22 11:39:00+00:00,418.59,418.56,418.59,400,400,418.575,2.9512777667185356e-08,0.0002103148563183943
2023-05-22 11:40:00+00:00,418.68,418.62,418.69,800,500,418.6630769230769,1.7691621121768327e-08,-8.574427871388401e-06
2023-05-22 11:41:00+00:00,418.63,418.64,418.67,400,500,418.6533333333333,2.037763950611382e-08,3.981018503784739e-05
2023-05-22 11:42:00+00:00,418.62,418.65,418.69,400,400,418.67,1.0289536323581612e-08,-9.975566886177845e-05
2023-05-22 11:43:00+00:00,418.62,418.59,418.64,1300,400,418.62823529411764,2.126762276228384e-08,6.052952089552477e-06
2023-05-22 11:44:00+00:00,418.61,418.58,418.64,2200,400,418.6307692307692,2.226390180170494e-08,-7.349968762615511e-05
2023-05-22 11:45:00+00:00,418.62,418.58,418.62,400,400,418.6,1.4846484992512687e-08,3.346396567627252e-05
2023-05-22 11:46:00+00:00,418.63,418.61,418.63,100,399,418.6140080160321,2.132619082105573e-08,7.164591579256196e-05
2023-05-22 11:47:00+00:00,418.61,418.61,418.65,1700,400,418.64238095238096,2.124881858923011e-08,-3.2670764073650105e-05
2023-05-22 11:48:00+00:00,418.62,418.62,418.66,200,575,418.63032258064516,3.528472876022447e-08,3.9467812995575e-07
2023-05-22 11:49:00+00:00,418.62,418.63,418.65,10,400,418.63048780487804,1.203600858686351e-08,0.00012092599012203387
2023-05-22 11:50:00+00:00,418.62,418.67,418.69,500,400,418.68111111111114,1.2000652400047951e-08,1.2007270654645907e-05
2023-05-22 11:51:00+00:00,418.69,418.67,418.69,1400,335,418.6861383285302,1.0890076792588938e-08,1.4910032311243882e-05
2023-05-22 11:52:00+00:00,418.68,418.67,418.7,1400,400,418.6933333333333,2.02757183494768e-08,0.00018525438887051493
2023-05-22 11:53:00+00:00,418.74,418.74,418.77,1600,2,418.7699625468165,1.6509635261089816e-08,-7.585008354693556e-05
2023-05-22 11:54:00+00:00,418.72,418.72,418.76,1600,500,418.7504761904762,8.307893164421749e-09,-5.536112823811834e-05
2023-05-22 11:55:00+00:00,418.72,418.7,418.73,400,400,418.715,3.0951298636153685e-08,-5.9706482929855476e-05
2023-05-22 11:56:00+00:00,418.7,418.67,418.71,400,400,418.69,7.86505497626967e-09,7.430583751966147e-05
2023-05-22 11:57:00+00:00,418.7,418.69,418.75,1400,1300,418.7211111111111,1.2328727973838794e-08,-4.9013234041495046e-05
2023-05-22 11:58:00+00:00,418.71,418.67,418.71,1300,400,418.7005882352941,2.3463582181604708e-08,0.00022667309831891913
2023-05-22 11:59:00+00:00,418.76,418.77,418.8,400,203,418.7899004975124,5.813503829108815e-08,0.00023612854213150847
2023-05-22 12:00:00+00:00,418.89,418.88,418.94,410,1300,418.8943859649123,3.2018038026927814e-08,-5.821506739966953e-05
2023-05-22 12:01:00+00:00,418.83,418.85,418.89,400,400,418.87,2.5133880331968326e-08,0.0002387375558050575
2023-05-22 12:02:00+00:00,418.97,418.95,418.99,400,400,418.97,2.2654855249165134e-08,-2.7867731845487853e-05
2023-05-22 12:03:00+00:00,418.95,418.95,418.97,1987,400,418.96664851277757,5.537113973462894e-09,5.548067096250442e-05
2023-05-22 12:04:00+00:00,418.99,418.98,419.0,400,4201,418.9817387524451,1.2078297617233707e-08,0.00013930257057359618
2023-05-22 12:05:00+00:00,419.04,419.02,419.05,1000,505,419.03993355481725,1.1655590832751328e-08,-3.936630735246194e-05
2023-05-22 12:06:00+00:00,419.03,419.0,419.03,400,112,419.0234375,2.2761969321161478e-08,-0.00014955790922976941
2023-05-22 12:07:00+00:00,418.93,418.94,418.97,900,400,418.96076923076924,3.03195272158049e-08,4.719131532926468e-05
2023-05-22 12:08:00+00:00,418.99,418.98,418.99,8,140,418.9805405405406,9.94726160152855e-09,4.365273889583854e-05
2023-05-22 12:09:00+00:00,418.99,418.97,419.01,1900,740,418.9987878787879,3.521137789020644e-08,-0.0002759277523767256
2023-05-22 12:10:00+00:00,418.9,418.87,418.9,315,400,418.88321678321677,2.1619872898640934e-08,-4.3488930773216694e-05
2023-05-22 12:11:00+00:00,418.9,418.85,418.88,400,400,418.865,1.3855586866475206e-08,-7.219395499302728e-06
2023-05-22 12:12:00+00:00,418.86,418.85,418.88,400,602,418.8619760479042,4.10143721988653e-08,5.496787345804499e-05
2023-05-22 12:13:00+00:00,418.9,418.87,418.9,400,400,418.885,2.8242945055935626e-08,-3.397297404006405e-05
2023-05-22 12:14:00+00:00,418.88,418.85,418.87,400,10,418.86951219512196,2.1005265173969917e-08,3.397412824224233e-05
2023-05-22 12:15:00+00:00,418.88,418.87,418.9,400,400,418.885,3.8615133548711243e-08,0.0002049319309054276
2023-05-22 12:16:00+00:00,418.92,418.94,418.99,1610,1000,418.97084291187736,2.446853572255919e-08,-2.747107284128969e-05
2023-05-22 12:17:00+00:00,418.95,418.95,418.96,1396,100,418.95933155080206,1.9862322268055123e-08,7.272459267637643e-05
2023-05-22 12:18:00+00:00,419.0,418.97,418.99,400,400,418.98,1.9955924559701983e-08,-4.853879475652523e-05
2023-05-22 12:19:00+00:00,418.95,418.95,418.97,900,11,418.96975850713505,1.0389331140190442e-08,-3.867835976345546e-05
2023-05-22 12:20:00+00:00,418.94,418.92,418.96,400,2394,418.92572655690765,1.6384220224207398e-08,8.27228273287961e-05
2023-05-22 12:21:00+00:00,418.97,418.98,418.99,1900,500,418.98791666666665,2.1714377347054908e-08,9.475781847911868e-05
2023-05-22 12:22:00+00:00,419.07,419.01,419.04,1200,650,419.0294594594595,4.1104683399239846e-08,0.0002236808884448216
2023-05-22 12:23:00+00:00,419.13,419.11,419.13,400,305,419.1213475177305,1.0071047490491969e-08,1.867511264364019e-05
2023-05-22 12:24:00+00:00,419.13,419.11,419.13,2300,99,419.1291746561067,8.206427776573359e-08,0.00014512314477554966
2023-05-22 12:25:00+00:00,419.23,419.17,419.21,400,400,419.19,2.7475866794888058e-08,-0.0001200084585343264
2023-05-22 12:26:00+00:00,419.12,419.12,419.14,900,14,419.139693654267,1.0950499741201396e-08,-7.173098979462722e-05
2023-05-22 12:27:00+00:00,419.09,419.09,419.12,757,400,419.10962834917893,2.2252892150562058e-08,0.0001791357871441246
2023-05-22 12:28:00+00:00,419.19,419.16,419.19,900,286,419.1827655986509,8.579501930445489e-09,-3.4963124454501227e-05
2023-05-22 12:29:00+00:00,419.17,419.17,419.19,1,400,419.17004987531175,1.867223572687958e-08,-6.310058488101511e-05
2023-05-22 12:30:00+00:00,419.14,419.14,419.16,400,400,419.15,3.5788308300658694e-08,-0.0002518898582205553
2023-05-22 12:31:00+00:00,419.06,419.03,419.06,800,500,419.04846153846154,5.392584753409344e-08,-4.2713358437973525e-05
2023-05-22 12:32:00+00:00,419.02,419.01,419.03,410,400,419.0201234567901,2.4285760182264675e-08,0.0002030015353280401
2023-05-22 12:33:00+00:00,419.1,419.09,419.12,410,400,419.1051851851852,3.611634300636621e-08,-1.389503939186465e-05
2023-05-22 12:34:00+00:00,419.08,419.08,419.1,410,30,419.09863636363633,2.3600954697554137e-08,-4.1426219446361046e-05
2023-05-22 12:35:00+00:00,419.08,419.07,419.1,600,400,419.088,3.441318049719123e-08,-8.82882108990124e-05
2023-05-22 12:36:00+00:00,419.06,419.04,419.07,100,500,419.045,3.0257295889190706e-08,9.589706400303655e-05
2023-05-22 12:37:00+00:00,419.05,419.08,419.1,410,400,419.09012345679014,3.9930417683084113e-08,-6.021173708281591e-05
2023-05-22 12:38:00+00:00,419.06,419.04,419.06,410,1,419.05995133819954,1.263946896641685e-08,-8.155094866069135e-06
2023-05-22 12:39:00+00:00,419.05,419.06,419.08,910,1,419.0799780461032,1.1916992392545046e-08,0.00010300067333912644
2023-05-22 12:40:00+00:00,419.1,419.11,419.14,410,400,419.1251851851852,5.7964070095440845e-08,0.0002024541784735323
2023-05-22 12:41:00+00:00,419.22,419.16,419.19,1300,400,419.1829411764706,2.202410413521082e-08,-5.855524687536917e-05
2023-05-22 12:42:00+00:00,419.17,419.15,419.17,400,400,419.16,4.987225549759582e-09,-4.770851375335283e-05
2023-05-22 12:43:00+00:00,419.15,419.14,419.15,501,4000,419.14111308598086,1.447027335423647e-07,-0.0004533151172452232
2023-05-22 12:44:00+00:00,418.9,418.95,418.96,400,400,418.955,3.9427203565527974e-08,-4.773839360372456e-06
2023-05-22 12:45:00+00:00,418.94,418.94,418.98,400,1600,418.948,3.0009900573165606e-08,-4.020094442114264e-06
2023-05-22 12:46:00+00:00,418.94,418.94,418.98,800,1600,418.9533333333333,3.03112638433697e-08,-0.0001549995230448742
2023-05-22 12:47:00+00:00,418.89,418.88,418.89,80,500,418.88137931034487,3.1254102255701554e-08,-0.00014653148451226894
2023-05-22 12:48:00+00:00,418.86,418.82,418.84,400,404,418.82995024875623,3.980242390939616e-08,-8.270981060154448e-06
2023-05-22 12:49:00+00:00,418.82,418.81,418.82,400,212,418.8165359477124,2.8947731049228945e-08,-6.306458474114596e-05
2023-05-22 12:50:00+00:00,418.79,418.78,418.8,410,400,418.7901234567901,3.5296263337270965e-08,-9.578152817901753e-05
2023-05-22 12:51:00+00:00,418.72,418.75,418.76,1,900,418.75001109877917,2.1964509428243415e-08,0.00019101826650924636
2023-05-22 12:52:00+00:00,418.81,418.82,418.84,400,400,418.83,2.380739620547561e-08,-0.00013795042804420898
2023-05-22 12:53:00+00:00,418.81,418.75,418.79,500,400,418.77222222222224,2.650635853495171e-08,0.0002815841536090158
2023-05-22 12:54:00+00:00,418.9,418.89,418.91,10,1800,418.8901104972376,1.0840728636240712e-08,-2.3815547607219933e-05
2023-05-22 12:55:00+00:00,418.9,418.88,418.91,5,900,418.88016574585635,1.782450400670455e-08,7.990499555021735e-05
2023-05-22 12:56:00+00:00,418.91,418.91,418.93,400,1300,418.91470588235296,1.629732484801019e-08,-5.447259326474274e-05
2023-05-22 12:57:00+00:00,418.89,418.89,418.91,115,2200,418.89099352051835,2.7139467086534963e-08,6.007011185582556e-06
2023-05-22 12:58:00+00:00,418.85,418.87,418.9,1400,400,418.8933333333333,1.538257323079624e-08,0.0
2023-05-22 12:59:00+00:00,418.87,418.88,418.92,400,800,418.8933333333333,2.8965856393860166e-08,3.1829901009139405e-05
2023-05-22 13:00:00+00:00,418.93,418.89,418.94,1500,1300,418.9167857142857,4.7187863920803665e-08,-6.365777579742105e-05
2023-05-22 13:01:00+00:00,418.93,418.87,418.89,400,400,418.88,2.078652684536053e-08,7.179727293582516e-05
2023-05-22 13:02:00+00:00,418.9,418.9,418.92,406,400,418.91007444168736,2.788005695101971e-08,0.00019079407058697484
2023-05-22 13:03:00+00:00,419.0,418.97,419.01,500,500,418.99,2.7310373746553135e-08,-5.896532698390633e-05
2023-05-22 13:04:00+00:00,418.98,418.96,418.98,144,400,418.96529411764703,2.6317185990145867e-08,-0.00013014177461312393
2023-05-22 13:05:00+00:00,418.9,418.89,418.92,900,400,418.91076923076923,3.6329876208350764e-08,-7.333150091581864e-05
2023-05-22 13:06:00+00:00,418.85,418.88,418.9,1,400,418.8800498753117,1.4561245784791972e-07,0.00015744393820593672
2023-05-22 13:07:00+00:00,418.97,418.94,418.96,100,2200,418.9408695652174,4.7684162327245135e-08,-3.635496992648868e-05
2023-05-22 13:08:00+00:00,418.91,418.9,418.92,1,400,418.90004987531177,2.1934384586562524e-08,-1.6158351848094554e-05
2023-05-22 13:09:00+00:00,418.93,418.92,418.94,100,400,418.924,1.7990624946659475e-08,-6.047238480799688e-05
2023-05-22 13:10:00+00:00,418.89,418.88,418.9,2100,100,418.8990909090909,2.984628109565678e-08,-0.00016111341822944159
2023-05-22 13:11:00+00:00,418.84,418.81,418.85,1800,1600,418.8311764705882,3.833137687392359e-08,4.0127678246904e-06
2023-05-22 13:12:00+00:00,418.83,418.82,418.85,900,1200,418.83285714285716,3.73640626774233e-08,-9.754999437228129e-05
2023-05-22 13:13:00+00:00,418.77,418.78,418.82,900,2100,418.792,1.9262832737770516e-08,-0.00012451953058134624
2023-05-22 13:14:00+00:00,418.74,418.73,418.74,6600,99,418.7398522167488,1.9336562887901346e-08,-2.346869790614825e-05
2023-05-22 13:15:00+00:00,418.75,418.73,418.75,1,500,418.7300399201597,6.298767843656288e-09,-2.761637640202874e-05
2023-05-22 13:16:00+00:00,418.72,418.71,418.75,900,1491,418.72505646173147,1.0909455545582461e-08,1.0557131943089715e-05
2023-05-22 13:17:00+00:00,418.71,418.71,418.74,301,400,418.72288159771756,7.143084829764665e-08,0.0001694644624805619
2023-05-22 13:18:00+00:00,418.78,418.79,418.8,500,802,418.7938402457758,3.0449921893373044e-08,-8.104048439883105e-05
2023-05-22 13:19:00+00:00,418.76,418.73,418.76,400,801,418.73999167360535,3.587827019329618e-08,-0.00019074427196663635
2023-05-22 13:20:00+00:00,418.68,418.68,418.69,1,400,418.68002493765584,3.3541267766506146e-09,-2.386102578710858e-05
2023-05-22 13:21:00+00:00,418.68,418.67,418.7,2,1722,418.67003480278424,7.878866671184874e-08,0.0002387154942049552
2023-05-22 13:22:00+00:00,418.77,418.75,418.77,401,1,418.7699502487562,1.586254850409547e-08,-0.00016716280634554437
2023-05-22 13:23:00+00:00,418.7,418.69,418.73,400,2100,418.6964,1.2466068908692809e-08,-2.4754414499894573e-05
2023-05-22 13:24:00+00:00,418.68,418.68,418.7,740,300,418.6942307692308,2.5303284235836316e-08,9.64667127802965e-05
2023-05-22 13:25:00+00:00,418.75,418.71,418.73,100,855,418.7120942408377,4.8933054712485095e-08,-0.00013134955699367623
2023-05-22 13:26:00+00:00,418.67,418.67,418.68,500,100,418.67833333333334,1.981180319045894e-08,-7.587245444495849e-05
2023-05-22 13:27:00+00:00,418.65,418.64,418.65,239,500,418.64323410013526,3.4509054709805125e-08,0.00010021137889104637
2023-05-22 13:28:00+00:00,418.69,418.69,418.73,537,1300,418.70169297768103,2.0553427871145334e-08,7.656340121564575e-05
2023-05-22 13:29:00+00:00,418.71,418.71,418.72,500,571,418.71466853408026,2.879182989261795e-08,-0.00011001793700182727
2023-05-22 13:30:00+00:00,418.63,418.63,418.65,2400,500,418.6465517241379,5.193089672599646e-07,0.00034591234732839204
2023-05-22 13:31:00+00:00,418.82,418.82,418.84,400,400,418.83,1.0793548905883927e-07,1.7509678076566004e-05
2023-05-22 13:32:00+00:00,418.83,418.8,418.81,395,200,418.8066386554622,1.3327901487892528e-07,4.377342873285173e-05
2023-05-22 13:33:00+00:00,418.86,418.86,418.87,912,100,418.8690118577075,1.732419445480277e-07,0.0012733530968345175
2023-05-22 13:34:00+00:00,419.365,419.35,419.37,1900,450,419.36617021276595,1.8203840000191247e-07,0.0004260007878147398
2023-05-22 13:35:00+00:00,419.59,419.59,419.6,400,400,419.595,1.3153334348888488e-07,0.00013891287303624544
2023-05-22 13:36:00+00:00,419.61,419.61,419.62,520,100,419.6183870967742,1.1731790774795049e-07,-4.0359871678607995e-05
2023-05-22 13:37:00+00:00,419.59,419.58,419.6,1500,438,419.595479876161,7.464660538904382e-08,0.00020716964242906144
2023-05-22 13:38:00+00:00,419.67,419.67,419.68,300,250,419.67545454545456,2.917133432016481e-07,0.0012411062348476332
2023-05-22 13:39:00+00:00,420.2,420.19,420.2,2001,400,420.1983340274885,1.4808321752178064e-07,-0.000331168542521576
2023-05-22 13:40:00+00:00,420.06,420.06,420.07,604,400,420.066015936255,7.672773888731671e-08,0.000265104462060739
2023-05-22 13:41:00+00:00,420.195,420.19,420.2,500,305,420.19621118012424,1.193292085240896e-07,0.0002760688520659915
2023-05-22 13:42:00+00:00,420.31,420.31,420.32,600,300,420.31666666666666,1.373075727477074e-07,-3.0924359556872005e-05
2023-05-22 13:43:00+00:00,420.28,420.27,420.29,300,900,420.275,1.5418446334904913e-07,-0.0005453891634314978
2023-05-22 13:44:00+00:00,420.02,420.02,420.03,100,300,420.0225,1.3645176800073958e-07,-0.0008855755486366634
2023-05-22 13:45:00+00:00,419.685,419.69,419.71,700,300,419.704,1.5135822573636772e-07,-0.0002807940182606439
2023-05-22 13:46:00+00:00,419.56,419.54,419.56,446,261,419.5526166902405,1.905845459636429e-07,-0.0003843678092734226
2023-05-22 13:47:00+00:00,419.39,419.37,419.39,778,300,419.38443413729124,7.904437504737273e-08,8.985551625806387e-05
2023-05-22 13:48:00+00:00,419.42,419.41,419.42,530,200,419.41726027397254,1.4193138037134078e-07,0.0004637098845701182
2023-05-22 13:49:00+00:00,419.63,419.64,419.65,30,1100,419.64026548672564,1.4042145079796817e-07,-3.412120937096308e-05
2023-05-22 13:50:00+00:00,419.59,419.61,419.62,200,200,419.615,1.333230652989132e-07,0.0002657230981861769
2023-05-22 13:51:00+00:00,419.72,419.71,419.72,219,200,419.71522673031023,1.1661252808816453e-07,-0.0001201871656602016
2023-05-22 13:52:00+00:00,419.67,419.66,419.68,1400,306,419.67641266119574,1.0917057942959842e-07,-8.390953540260426e-05
2023-05-22 13:53:00+00:00,419.64,419.63,419.65,250,1300,419.6332258064516,1.147492544910591e-07,-0.00032900255801815437
2023-05-22 13:54:00+00:00,419.51,419.49,419.52,538,700,419.50303715670435,1.0258832284030106e-07,-0.00010064812092602793
2023-05-22 13:55:00+00:00,419.45,419.44,419.45,300,225,419.4457142857143,8.087462813026523e-08,2.96328165507731e-05
2023-05-22 13:56:00+00:00,419.49,419.47,419.49,450,925,419.47654545454543,7.659937179986124e-08,-0.00015743764224362966
2023-05-22 13:57:00+00:00,419.42,419.41,419.42,200,100,419.4166666666667,2.642358869180173e-07,-0.0009890662076295076
2023-05-22 13:58:00+00:00,418.99,418.98,418.99,100,100,418.985,1.0117648447043699e-07,0.0003516410624102573
2023-05-22 13:59:00+00:00,419.13,419.13,419.15,300,345,419.13930232558135,1.0644531980986728e-07,-0.00017896941991379922
2023-05-22 14:00:00+00:00,419.06,419.05,419.07,100,115,419.05930232558137,1.8244112477245735e-07,-7.556504758599036e-05
2023-05-22 14:01:00+00:00,419.05,419.04,419.05,300,100,419.0475,1.4911031588709985e-07,-0.00011575947460129576
2023-05-22 14:02:00+00:00,418.98,418.98,419.0,300,900,418.985,1.9369536356145005e-07,-0.000759331695476706
2023-05-22 14:03:00+00:00,418.63,418.63,418.65,403,900,418.6361857252494,9.28210887159168e-08,0.00013501342153254825
2023-05-22 14:04:00+00:00,418.72,418.72,418.73,600,660,418.72476190476186,1.0319867505939851e-07,3.533738493843863e-05
2023-05-22 14:05:00+00:00,418.73,418.72,418.75,1400,562,418.74140672782875,7.668430258163238e-08,0.00018995836844526437
2023-05-22 14:06:00+00:00,418.83,418.81,418.82,300,200,418.816,2.2170814364230067e-07,-0.0003403457895708728
2023-05-22 14:07:00+00:00,418.69,418.68,418.7,445,300,418.6919463087248,2.1605048583480742e-07,-0.0008405455852046329
2023-05-22 14:08:00+00:00,418.27,418.26,418.28,802,201,418.2759920239282,5.003693830340841e-07,-0.0014075218044061755
2023-05-22 14:09:00+00:00,417.66,417.66,417.67,385,400,417.66490445859876,5.445949906194714e-07,-0.00011555546446873066
2023-05-22 14:10:00+00:00,417.62,417.6,417.62,234,100,417.61401197604795,1.186638441847529e-06,0.001561745129658565
2023-05-22 14:11:00+00:00,418.42,418.41,418.42,369,279,418.41569444444445,3.1204092565124763e-07,2.6047920684613146e-05
2023-05-22 14:12:00+00:00,418.35,418.34,418.35,800,100,418.3488888888889,3.273943137748909e-07,0.000773944364108603
2023-05-22 14:13:00+00:00,418.69,418.66,418.68,1131,105,418.6783009708738,2.5411410990700507e-07,0.0004386656331896166
2023-05-22 14:14:00+00:00,418.85,418.83,418.85,1000,500,418.8433333333333,2.749712371160859e-07,-3.509779700183735e-05
2023-05-22 14:15:00+00:00,418.87,418.85,418.87,763,18,418.8695390524968,1.8236547196213305e-07,0.0001897009866280719
2023-05-22 14:16:00+00:00,418.99,418.95,418.98,1400,1400,418.965,1.777474603276737e-07,0.00021144668457950822
2023-05-22 14:17:00+00:00,419.01,419.0,419.02,400,600,419.008,1.9831098185522052e-07,-0.0001326937304598763
2023-05-22 14:18:00+00:00,418.97,418.97,418.99,300,400,418.97857142857146,1.285478638013804e-07,0.0001425623989117497
2023-05-22 14:19:00+00:00,418.99,419.0,419.03,1300,1473,419.0140641904075,1.8235743023604177e-07,0.00035898147700175187
2023-05-22 14:20:00+00:00,419.17,419.15,419.18,1600,1200,419.16714285714284,1.2078868485348371e-07,-9.080556260421258e-05
2023-05-22 14:21:00+00:00,419.15,419.15,419.17,200,100,419.16333333333336,1.8284280874966832e-07,-0.00010888613002213443
2023-05-22 14:22:00+00:00,419.08,419.08,419.09,170,212,419.08445026178015,1.3352527921646491e-07,-0.0004892793457823563
2023-05-22 14:23:00+00:00,418.87,418.87,418.88,452,510,418.87469854469856,1.6999530607021504e-07,0.0005262694375050003
2023-05-22 14:24:00+00:00,419.15,419.14,419.15,200,100,419.14666666666665,1.435204387041747e-07,0.000430514042878416
2023-05-22 14:25:00+00:00,419.255,419.27,419.29,320,847,419.27548414738646,7.94658324697806e-07,1.1320109449819427e-07
2023-05-22 14:26:00+00:00,419.25,419.26,419.28,233,407,419.26728125,1.686336534943587e-07,-0.00031116473881731554
2023-05-22 14:27:00+00:00,419.14,419.15,419.16,300,200,419.156,1.1613727440594082e-07,0.0001776205833321498
2023-05-22 14:28:00+00:00,419.23,419.22,419.24,200,1704,419.2221008403361,1.3928412975124155e-07,8.555667379450682e-06
2023-05-22 14:29:00+00:00,419.21,419.21,419.23,400,500,419.2188888888889,9.190860278315604e-08,-0.00023858792384279237
2023-05-22 14:30:00+00:00,419.13,419.12,419.14,100,1400,419.1213333333333,1.4779595512305446e-07,-0.0002497812285205958
2023-05-22 14:31:00+00:00,418.99,419.0,419.01,100,906,419.0009940357853,1.2736766442242762e-07,0.0003534866338181786
2023-05-22 14:32:00+00:00,419.19,419.16,419.18,644,300,419.1736440677966,8.378659317716978e-08,0.0002798982501666103
2023-05-22 14:33:00+00:00,419.29,419.28,419.3,402,1300,419.28472385428904,7.904830442691348e-08,-0.00036942210756141236
2023-05-22 14:34:00+00:00,419.14,419.13,419.14,5,300,419.1301639344262,6.040817770669763e-08,-6.399636221365856e-05
2023-05-22 14:35:00+00:00,419.17,419.16,419.18,629,310,419.173397231097,1.0319635559821465e-07,0.00041590462693985586
2023-05-22 14:36:00+00:00,419.28,419.27,419.29,100,466,419.27353356890455,5.632302567742852e-08,-0.00016600890546014657
2023-05-22 14:37:00+00:00,419.22,419.22,419.23,400,301,419.22570613409414,7.12884960534416e-08,-0.00020859117742799693
2023-05-22 14:38:00+00:00,419.12,419.12,419.13,401,604,419.1239900497512,9.424786030988816e-08,1.3568666520580308e-05
2023-05-22 14:39:00+00:00,419.135,419.13,419.14,2334,100,419.1395891536565,5.299336951185057e-08,-6.613856562165399e-05
2023-05-22 14:40:00+00:00,419.09,419.09,419.1,200,300,419.094,8.513303900641427e-08,-0.00034962481713518567
2023-05-22 14:41:00+00:00,418.98,418.97,418.98,200,300,418.974,1.4028137263515317e-07,2.945354752226237e-05
2023-05-22 14:42:00+00:00,418.95,418.94,418.95,30,400,418.94069767441863,9.906301425792745e-08,-0.00033127569851842953
2023-05-22 14:43:00+00:00,418.82,418.8,418.82,411,500,418.8090230515917,2.272951002334959e-07,-0.00022335533032069588
2023-05-22 14:44:00+00:00,418.77,418.77,418.79,200,300,418.778,1.375390427196307e-07,-0.00020608376218167468
2023-05-22 14:45:00+00:00,418.65,418.64,418.66,336,200,418.65253731343284,1.6621490146445894e-07,-0.000522155184642048
2023-05-22 14:46:00+00:00,418.42,418.41,418.42,203,604,418.4125154894672,1.2276182466187924e-07,3.0725616600557615e-05
2023-05-22 14:47:00+00:00,418.44,418.44,418.45,100,204,418.4432894736842,7.972874510988468e-08,-8.188145232623789e-05
2023-05-22 14:48:00+00:00,418.39,418.4,418.42,556,254,418.4137283950617,8.535200251877407e-08,0.000369213847495109
2023-05-22 14:49:00+00:00,418.55,418.55,418.57,100,500,418.55333333333334,4.343487571025173e-08,-0.00016775689964465546
2023-05-22 14:50:00+00:00,418.49,418.48,418.49,301,1,418.4899668874172,1.043838855674312e-07,0.00027726617544932
2023-05-22 14:51:00+00:00,418.61,418.6,418.62,400,405,418.6099378881988,1.0679869487538109e-07,-0.0005535342411604471
2023-05-22 14:52:00+00:00,418.38,418.37,418.39,300,633,418.37643086816723,9.71135042970546e-08,-8.79290304550695e-05
2023-05-22 14:53:00+00:00,418.33,418.33,418.34,100,200,418.3333333333333,5.9515426787036536e-08,6.095556817165004e-05
2023-05-22 14:54:00+00:00,418.38,418.36,418.37,300,400,418.3642857142857,8.022275883509054e-08,2.6009166560481134e-06
2023-05-22 14:55:00+00:00,418.38,418.38,418.4,201,1131,418.383018018018,8.950984055164782e-08,9.4253766474095e-05
2023-05-22 14:56:00+00:00,418.4,418.37,418.4,930,600,418.38823529411764,1.100023960540259e-07,-0.0003532624019538799
2023-05-22 14:57:00+00:00,418.23,418.24,418.26,1100,400,418.25466666666665,1.2769382439616115e-07,9.163973057924046e-05
2023-05-22 14:58:00+00:00,418.29,418.28,418.29,191,100,418.28656357388314,1.1217220997735364e-07,0.0004971547568808354
2023-05-22 14:59:00+00:00,418.5,418.49,418.5,7,507,418.4901361867704,6.259176137573489e-07,0.0006284318832405766
2023-05-22 15:00:00+00:00,418.8,418.8,418.82,460,200,418.81393939393934,2.0554302204999586e-07,0.0004004091687170863
2023-05-22 15:01:00+00:00,418.94,418.95,418.98,556,1547,418.9579315263909,1.5927400834507927e-07,-0.00035603863542543746
2023-05-22 15:02:00+00:00,418.77,418.77,418.79,1002,107,418.7880703336339,3.000571815975952e-07,0.0005259886986512807
2023-05-22 15:03:00+00:00,418.99,418.98,418.99,500,391,418.9856116722783,6.928363818475245e-08,2.1765641427862192e-05
2023-05-22 15:04:00+00:00,419.02,419.02,419.03,405,100,419.0280198019802,6.154943574662211e-08,0.00012509129048510204
2023-05-22 15:05:00+00:00,419.07,419.07,419.08,345,300,419.0753488372093,6.348284087658504e-08,0.0002080074742600857
2023-05-22 15:06:00+00:00,419.15,419.14,419.16,340,304,419.1505590062111,3.610648026644558e-08,0.00014911040730991587
2023-05-22 15:07:00+00:00,419.22,419.21,419.23,571,2100,419.21427555222766,7.144997952642039e-08,0.00012671795075980263
2023-05-22 15:08:00+00:00,419.27,419.26,419.27,200,300,419.264,8.468265165390222e-08,8.696332917002003e-05
2023-05-22 15:09:00+00:00,419.31,419.3,419.33,637,1694,419.3081981981982,5.578917207858762e-08,-0.00021916200160676524
2023-05-22 15:10:00+00:00,419.21,419.2,419.21,447,1,419.2099776785714,4.942740134393929e-08,-1.8337674339896637e-05
2023-05-22 15:11:00+00:00,419.195,419.19,419.21,1300,200,419.20733333333334,6.225788219006264e-08,-0.00010868110373396522
2023-05-22 15:12:00+00:00,419.16,419.15,419.16,447,300,419.155983935743,7.869644459008296e-08,-0.00011127283198864024
2023-05-22 15:13:00+00:00,419.13,419.11,419.14,2013,1400,419.12769411075294,6.132527555760383e-08,0.00017605702072454044
2023-05-22 15:14:00+00:00,419.2,419.18,419.19,856,303,419.18738567730804,6.819329958281284e-08,-0.00016481212150920577
2023-05-22 15:15:00+00:00,419.11,419.1,419.11,300,100,419.1075,1.1030551407493692e-07,0.0003927425200758172
2023-05-22 15:16:00+00:00,419.29,419.28,419.3,300,1700,419.283,3.7041210147089245e-08,1.4835108905764116e-06
2023-05-22 15:17:00+00:00,419.27,419.27,419.28,691,623,419.2752587519025,2.3654644184850483e-08,-0.00025393148961805334
2023-05-22 15:18:00+00:00,419.18,419.17,419.19,749,700,419.1803381642512,6.595230213784788e-08,0.00016399262467259312
2023-05-22 15:19:00+00:00,419.25,419.23,419.25,439,299,419.24189701897023,2.7754163451581773e-08,1.4538707673761309e-05
2023-05-22 15:20:00+00:00,419.25,419.25,419.26,100,500,419.25166666666667,4.482980710205171e-08,-4.4353564505716925e-05
2023-05-22 15:21:00+00:00,419.24,419.22,419.23,331,100,419.22767981438517,5.693195223569214e-08,-0.00012098102623769869
2023-05-22 15:22:00+00:00,419.19,419.17,419.19,330,400,419.17904109589045,3.6336764214401364e-08,0.00010912671459095691
2023-05-22 15:23:00+00:00,419.23,419.22,419.24,334,600,419.2271520342613,3.967197169667656e-08,7.849167240081556e-05
2023-05-22 15:24:00+00:00,419.27,419.26,419.27,100,500,419.26166666666666,5.3605221501851116e-08,0.0003051939775464696
2023-05-22 15:25:00+00:00,419.39,419.38,419.39,100,208,419.38324675324674,4.612375143507554e-08,-5.874359247648453e-05
2023-05-22 15:26:00+00:00,419.36,419.35,419.37,600,500,419.3609090909091,2.7808357129423383e-08,-0.00036678579554549895
2023-05-22 15:27:00+00:00,419.21,419.2,419.22,243,700,419.20515376458115,3.3882019741872624e-08,0.0001091495297584899
2023-05-22 15:28:00+00:00,419.25,419.24,419.26,745,603,419.25105341246297,3.033653401154323e-08,3.6794066352152655e-05
2023-05-22 15:29:00+00:00,419.27,419.26,419.27,1653,400,419.2680516317584,4.765919322309419e-08,5.861094978465431e-05
2023-05-22 15:30:00+00:00,419.29,419.29,419.3,455,203,419.296914893617,7.148171731959577e-08,0.0001201207619214717
2023-05-22 15:31:00+00:00,419.34,419.34,419.35,1400,100,419.34933333333333,1.3896463822460014e-07,-9.69838544799817e-05
2023-05-22 15:32:00+00:00,419.31,419.31,419.32,301,600,419.3133407325194,5.0257542493509716e-08,-6.054351345974318e-05
2023-05-22 15:33:00+00:00,419.27,419.26,419.28,1950,304,419.2773025732032,4.499974664422001e-08,0.0002993840084655197
2023-05-22 15:34:00+00:00,419.405,419.4,419.41,247,200,419.4055257270694,6.316302094669367e-08,-0.00017207747851377686
2023-05-22 15:35:00+00:00,419.35,419.34,419.36,800,700,419.35066666666665,5.422800078813522e-08,-1.4108825621583776e-05
2023-05-22 15:36:00+00:00,419.32,419.31,419.33,1547,500,419.32511480214947,4.319575476662331e-08,-0.00017840518153289242
2023-05-22 15:37:00+00:00,419.245,419.25,419.26,200,300,419.254,6.255536473547956e-08,0.00011814078471927836
2023-05-22 15:38:00+00:00,419.29,419.28,419.3,1755,300,419.2970802919708,6.57431857479186e-08,-0.000403461909197933
2023-05-22 15:39:00+00:00,419.13,419.12,419.14,407,500,419.1289746416758,5.2162616871575924e-08,-0.00014240598817960581
2023-05-22 15:40:00+00:00,419.07,419.07,419.08,556,103,419.0784370257967,9.124759214728883e-08,-6.166373776061995e-05
2023-05-22 15:41:00+00:00,419.04,419.02,419.04,672,500,419.03146757679184,4.33031486179362e-08,-5.359465490717419e-05
2023-05-22 15:42:00+00:00,419.04,419.03,419.05,1947,500,419.045913363302,3.404914765071308e-08,7.732611372390785e-05
2023-05-22 15:43:00+00:00,419.05,419.05,419.07,467,300,419.0621773142112,4.907637840803892e-08,-0.00014792419972420312
2023-05-22 15:44:00+00:00,418.98,418.97,418.99,1436,200,418.98755501222496,4.0569313393307574e-08,-0.0001010637628737765
2023-05-22 15:45:00+00:00,418.95,418.94,418.95,348,100,418.9477678571429,5.956726348841934e-08,-0.0001595672491220279
2023-05-22 15:46:00+00:00,418.89,418.88,418.9,307,1200,418.88407431984075,6.457748283349467e-08,-0.0002981292968452509
2023-05-22 15:47:00+00:00,418.745,418.76,418.77,205,254,418.76446623093676,7.961135731470705e-08,0.00022700378651108188
2023-05-22 15:48:00+00:00,418.84,418.86,418.88,400,1448,418.864329004329,6.257081715506456e-08,-0.00013786152114803052
2023-05-22 15:49:00+00:00,418.8,418.78,418.8,1200,1047,418.7906809078771,4.079101280980864e-08,0.00014648954054119478
2023-05-22 15:50:00+00:00,418.86,418.85,418.87,500,1100,418.85625,7.087959351055597e-08,0.0004542574374977182
2023-05-22 15:51:00+00:00,419.03,419.03,419.05,200,455,419.03610687022905,8.428206734583574e-08,-9.5575586479546e-06
2023-05-22 15:52:00+00:00,419.06,419.05,419.07,469,1069,419.05609882964893,5.071935771116835e-08,8.478815432466646e-05
2023-05-22 15:53:00+00:00,419.08,419.07,419.09,971,1671,419.07735049205144,3.323369598672383e-08,5.906922526510705e-05
2023-05-22 15:54:00+00:00,419.11,419.1,419.11,387,1900,419.1016921731526,4.918527503785634e-08,0.00018727365209247893
2023-05-22 15:55:00+00:00,419.19,419.18,419.19,400,99,419.1880160320641,5.4315093529139146e-08,0.0004999841445840758
2023-05-22 15:56:00+00:00,419.38,419.38,419.4,300,501,419.3874906367041,8.208981364476998e-08,4.475518457014438e-05
2023-05-22 15:57:00+00:00,419.41,419.38,419.4,22,600,419.38070739549835,4.615928738954689e-08,-0.0002560570103541382
2023-05-22 15:58:00+00:00,419.32,419.32,419.33,300,500,419.32375,5.35087714530112e-08,-4.616075545682552e-05
2023-05-22 15:59:00+00:00,419.3,419.29,419.3,1000,300,419.29769230769233,6.392213448230223e-08,-7.088573351410332e-05
2023-05-22 16:00:00+00:00,419.25,419.24,419.26,1000,404,419.254245014245,7.057323775620814e-08,0.00024752029551211585
2023-05-22 16:01:00+00:00,419.36,419.36,419.37,1363,400,419.36773114010214,9.91184477904411e-08,9.357739924586994e-05
2023-05-22 16:02:00+00:00,419.4,419.39,419.41,500,393,419.4011982082867,4.207307938951018e-08,8.151837272696305e-05
2023-05-22 16:03:00+00:00,419.43,419.41,419.42,1218,334,419.41784793814435,3.498886805992789e-08,-5.122150426584149e-06
2023-05-22 16:04:00+00:00,419.43,419.42,419.44,247,350,419.4282747068677,4.0284850809614286e-08,-0.0001298917495781149
2023-05-22 16:05:00+00:00,419.38,419.37,419.39,555,200,419.3847019867549,5.716532282717814e-08,-9.491879052880847e-05
2023-05-22 16:06:00+00:00,419.35,419.33,419.36,1434,600,419.3511504424779,2.9409374110221895e-08,-0.00019481481452954252
2023-05-22 16:07:00+00:00,419.25,419.25,419.26,256,100,419.25719101123593,3.851551327914864e-08,-1.1357988327631574e-07
2023-05-22 16:08:00+00:00,419.24,419.25,419.26,100,304,419.2524752475247,2.588789142491261e-08,-0.00017506382263643427
2023-05-22 16:09:00+00:00,419.2,419.19,419.21,300,703,419.19598205383846,3.274362849097465e-08,0.00017992218299633933
2023-05-22 16:10:00+00:00,419.25,419.25,419.27,200,500,419.2557142857143,5.250591975532851e-08,0.0001748549471911609
2023-05-22 16:11:00+00:00,419.35,419.32,419.34,401,400,419.33001248439444,3.2291549036017225e-08,5.725476593965162e-05
2023-05-22 16:12:00+00:00,419.35,419.34,419.35,800,400,419.3466666666667,3.31864992387961e-08,-0.0001833221860041423
2023-05-22 16:13:00+00:00,419.29,419.27,419.29,436,600,419.278416988417,3.044893451060903e-08,0.00023156123861078903
2023-05-22 16:14:00+00:00,419.38,419.38,419.39,2,559,419.3800356506239,5.110974281051685e-08,-7.506807902080137e-05
2023-05-22 16:15:00+00:00,419.35,419.35,419.36,200,300,419.354,5.584934099087664e-08,-0.0002346286007595122
2023-05-22 16:16:00+00:00,419.25,419.25,419.26,100,510,419.2516393442623,6.138938118612474e-08,-0.00021788679753831364
2023-05-22 16:17:00+00:00,419.13,419.12,419.14,400,1000,419.1257142857143,5.692738706390452e-08,5.912664587359728e-05
2023-05-22 16:18:00+00:00,419.18,419.17,419.19,830,300,419.1846902654867,5.563460148832364e-08,2.765194666798365e-06
2023-05-22 16:19:00+00:00,419.19,419.19,419.2,300,200,419.196,4.206421439656976e-08,0.0002379067306370608
2023-05-22 16:20:00+00:00,419.26,419.27,419.28,300,202,419.27597609561747,3.738163199284436e-08,-0.00013277070804817992
2023-05-22 16:21:00+00:00,419.22,419.21,419.23,500,400,419.2211111111111,4.8592310151563366e-08,0.00011699613004068077
2023-05-22 16:22:00+00:00,419.27,419.26,419.27,407,202,419.2666830870279,4.5209877845994197e-08,-0.0001415715846276866
2023-05-22 16:23:00+00:00,419.25,419.21,419.22,1300,103,419.2192658588738,6.225966641298012e-08,-0.0005193675677139797
2023-05-22 16:24:00+00:00,419.0,418.99,419.0,500,299,418.99625782227787,1.14264807511365e-07,-0.0002496044614559434
2023-05-22 16:25:00+00:00,418.88,418.87,418.89,307,400,418.878684582744,7.462700866050001e-08,0.00021950775624901553
2023-05-22 16:26:00+00:00,418.99,418.99,419.0,5,1439,418.9900346260388,6.440344784000013e-08,8.087037804482833e-05
2023-05-22 16:27:00+00:00,419.0,418.99,419.01,200,200,419.0,7.98729542548348e-08,0.000256786504658324
2023-05-22 16:28:00+00:00,419.13,419.12,419.13,343,100,419.1277426636569,2.9996771262158805e-08,-0.00020737273949822388
2023-05-22 16:29:00+00:00,419.04,419.04,419.05,344,200,419.0463235294118,6.163290209408327e-08,-0.0003393077892142049
2023-05-22 16:30:00+00:00,418.9,418.89,418.9,300,300,418.895,5.056323229562703e-08,0.00032705015087275413
2023-05-22 16:31:00+00:00,419.03,419.03,419.04,300,300,419.035,5.1723037007248314e-08,-1.3695469099572755e-05
2023-05-22 16:32:00+00:00,419.05,419.04,419.06,535,400,419.05144385026733,6.520230685107688e-08,-0.00042965461509170133
2023-05-22 16:33:00+00:00,418.87,418.84,418.85,400,200,418.8466666666667,5.823683991533333e-08,1.7433364801755502e-05
2023-05-22 16:34:00+00:00,418.86,418.84,418.86,613,131,418.8564784946237,4.43631978128999e-08,5.1268238285384626e-05
2023-05-22 16:35:00+00:00,418.89,418.86,418.88,1500,200,418.8776470588235,6.172111271596997e-08,0.00022838899021837555
2023-05-22 16:36:00+00:00,418.98,418.97,418.98,100,300,418.9725,5.4087618856860434e-08,-0.0001626176405914448
2023-05-22 16:37:00+00:00,418.9,418.89,418.91,400,400,418.9,5.2968737554150826e-08,8.227554652617819e-05
2023-05-22 16:38:00+00:00,418.94,418.93,418.95,600,1100,418.9370588235294,3.051269920688823e-08,0.00011721591499913586
2023-05-22 16:39:00+00:00,418.99,418.98,418.99,101,203,418.98332236842106,6.47523641642899e-08,-0.00035226790825515497
2023-05-22 16:40:00+00:00,418.84,418.84,418.85,105,600,418.84148936170214,3.866127051447946e-08,4.8482081064227245e-05
2023-05-22 16:41:00+00:00,418.86,418.85,418.87,582,700,418.8590795631825,5.700791504888407e-08,3.0236103971237327e-05
2023-05-22 16:42:00+00:00,418.88,418.88,418.89,100,103,418.8849261083744,4.130042574139487e-08,-1.5517024171018967e-05
2023-05-22 16:43:00+00:00,418.86,418.85,418.87,225,408,418.8571090047394,3.5193541551674133e-08,0.0001478332162181406
2023-05-22 16:44:00+00:00,418.92,418.92,418.93,426,173,418.9271118530885,3.910547402319399e-08,-7.204914126468509e-05
2023-05-22 16:45:00+00:00,418.89,418.89,418.9,1117,102,418.8991632485644,3.776695154694251e-08,-1.3529151069335832e-05
2023-05-22 16:46:00+00:00,418.89,418.88,418.9,438,1303,418.8850315910396,2.0340709507133214e-08,-1.3896152112335969e-06
2023-05-22 16:47:00+00:00,418.89,418.89,418.9,107,1303,418.8907588652482,1.9814147022740828e-08,-0.00018519600328648078
2023-05-22 16:48:00+00:00,418.81,418.8,418.81,349,200,418.8063570127505,5.267159283842759e-08,0.00028519308733532256
2023-05-22 16:49:00+00:00,418.93,418.93,418.94,302,503,418.93375155279506,4.718822050784173e-08,-0.00037892980180687097
2023-05-22 16:50:00+00:00,418.8,418.79,418.81,1568,300,418.80678800856526,3.318016296178857e-08,0.00015708849624074261
2023-05-22 16:51:00+00:00,418.85,418.83,418.84,539,100,418.8384350547731,2.0205111732707187e-08,1.4053853604645283e-05
2023-05-22 16:52:00+00:00,418.85,418.83,418.85,1338,303,418.8463071297989,2.1769318017701404e-08,2.339037391552168e-06
2023-05-22 16:53:00+00:00,418.845,418.84,418.85,525,100,418.8484,4.0300803719060726e-08,0.00020784474633228633
2023-05-22 16:54:00+00:00,418.94,418.94,418.95,623,300,418.9467497291441,1.9549980874461902e-08,-6.967027155391214e-05
2023-05-22 16:55:00+00:00,418.9,418.89,418.91,933,302,418.90510931174094,4.197618982516937e-08,0.00010119401104624615
2023-05-22 16:56:00+00:00,418.94,418.94,418.95,300,300,418.945,2.344779559339346e-08,-2.7893820852664675e-05
2023-05-22 16:57:00+00:00,418.94,418.93,418.94,201,283,418.934152892562,2.519826695052933e-08,4.022743488873992e-05
2023-05-22 16:58:00+00:00,418.97,418.98,418.99,436,903,418.98325616131444,4.092799601913561e-08,0.00018891822573108286
2023-05-22 16:59:00+00:00,419.03,419.03,419.04,427,200,419.03681020733654,2.6848294674230706e-08,0.00011482127820827692
2023-05-22 17:00:00+00:00,419.08,419.08,419.09,214,200,419.0851690821256,2.151584606913786e-07,0.00048050645045871754
2023-05-22 17:01:00+00:00,419.28,419.28,419.29,124,624,419.28165775401067,2.8271629048708902e-08,-7.352376652458581e-05
2023-05-22 17:02:00+00:00,419.25,419.23,419.24,332,100,419.23768518518517,3.1124922854773436e-08,-0.0001615872290446907
2023-05-22 17:03:00+00:00,419.18,419.17,419.18,340,601,419.17361317747077,3.4964950752879325e-08,0.0001171313460628376
2023-05-22 17:04:00+00:00,419.24,419.22,419.23,834,300,419.2273544973545,1.4419833387841968e-08,-0.0001192392259631303
2023-05-22 17:05:00+00:00,419.18,419.17,419.19,435,300,419.1818367346939,8.9241792746059e-09,-0.00013219693070865013
2023-05-22 17:06:00+00:00,419.13,419.12,419.13,359,200,419.12642218246873,4.0694258760736665e-08,0.00016362084063836768
2023-05-22 17:07:00+00:00,419.198,419.2,419.21,300,301,419.2049916805325,8.63507437858888e-08,0.000388735684315078
2023-05-22 17:08:00+00:00,419.35,419.36,419.37,1555,66,419.3695928439235,3.624051315039943e-08,-0.0002229556456749826
2023-05-22 17:09:00+00:00,419.25,419.25,419.26,300,307,419.254942339374,1.656821206139075e-08,-0.00016330935306874128
2023-05-22 17:10:00+00:00,419.2,419.19,419.2,448,201,419.19690292758094,3.6666083910988205e-08,0.00035925679411796807
2023-05-22 17:11:00+00:00,419.35,419.35,419.36,268,300,419.35471830985915,2.8237496950554613e-08,-0.0002427394870074817
2023-05-22 17:12:00+00:00,419.25,419.24,419.25,271,400,419.2440387481371,2.426911766423663e-08,-4.324058127769259e-05
2023-05-22 17:13:00+00:00,419.24,419.22,419.23,100,100,419.225,2.3383170229759705e-08,-4.9354138689894356e-05
2023-05-22 17:14:00+00:00,419.21,419.2,419.21,240,202,419.20542986425335,1.306025732350054e-06,-0.0013405727200066497
2023-05-22 17:15:00+00:00,418.64,418.63,418.65,8,100,418.63148148148144,5.011489104271947e-07,-0.0007501898988161448
2023-05-22 17:16:00+00:00,418.35,418.32,418.35,234,200,418.3361751152074,2.0122853139441994e-07,0.0008401510816145041
2023-05-22 17:17:00+00:00,418.68,418.67,418.68,629,274,418.676965669989,1.6765570265997444e-07,0.00030877450461774814
2023-05-22 17:18:00+00:00,418.81,418.8,418.81,462,5,418.80989293361887,1.0652372193815566e-07,4.09831532339755e-05
2023-05-22 17:19:00+00:00,418.82,418.82,418.83,102,200,418.8233774834437,1.2353934164701885e-07,0.000260174161004878
2023-05-22 17:20:00+00:00,418.94,418.92,418.95,1529,1400,418.93566063502897,9.859679913965053e-08,9.630350840583723e-05
2023-05-22 17:21:00+00:00,418.99,418.99,419.01,337,300,419.0005808477237,5.079889656147962e-08,3.595677438350542e-05
2023-05-22 17:22:00+00:00,418.98,418.99,419.0,400,449,418.99471142520616,5.266619135620523e-08,0.00011040640329351703
2023-05-22 17:23:00+00:00,419.04,419.03,419.05,556,1500,419.0354085603113,2.2795355480686225e-07,0.00028081481912134443
2023-05-22 17:24:00+00:00,419.17,419.14,419.16,1136,600,419.15308755760367,3.2050456764392104e-08,-4.332303711673813e-05
2023-05-22 17:25:00+00:00,419.15,419.15,419.16,207,300,419.1540828402367,6.641027764335608e-08,1.5927069104693103e-05
2023-05-22 17:26:00+00:00,419.14,419.13,419.15,1535,357,419.14622621564484,5.333985221501549e-08,-0.00011819445511995763
2023-05-22 17:27:00+00:00,419.08,419.08,419.09,1364,200,419.0887212276215,6.247269881431651e-08,0.0002873322984333626
2023-05-22 17:28:00+00:00,419.21,419.2,419.22,263,702,419.20545077720203,2.68710094358182e-08,-0.0001731912885799547
2023-05-22 17:29:00+00:00,419.16,419.15,419.16,1476,400,419.157867803838,5.393513781786763e-08,-0.0001692682248102262
2023-05-22 17:30:00+00:00,419.07,419.07,419.08,1249,1000,419.0755535793686,7.627068253462756e-08,0.00025320820134022703
2023-05-22 17:31:00+00:00,419.18,419.18,419.19,1407,311,419.18818975552966,3.5027511177080206e-08,0.00010041082112044464
2023-05-22 17:32:00+00:00,419.22,419.21,419.22,108,200,419.21350649350654,3.351679930677259e-08,7.181568371117386e-05
2023-05-22 17:33:00+00:00,419.28,419.28,419.3,448,264,419.29258426966294,5.503051465855013e-08,-0.0001311609025452798
2023-05-22 17:34:00+00:00,419.18,419.18,419.2,1658,300,419.19693564862104,3.781141057161882e-08,5.361768966172242e-05
2023-05-22 17:35:00+00:00,419.23,419.21,419.23,1163,100,419.22841646872524,4.37640940317773e-08,-7.07608252414893e-05
2023-05-22 17:36:00+00:00,419.19,419.18,419.2,1560,301,419.1967651800108,4.217309744194428e-08,0.0003157025654862977
2023-05-22 17:37:00+00:00,419.32,419.32,419.33,8,4290,419.3200186133085,2.942164106933023e-08,1.5965882948831833e-05
2023-05-22 17:38:00+00:00,419.33,419.32,419.34,1000,680,419.33190476190475,3.0762611864847374e-08,-4.377554281820295e-05
2023-05-22 17:39:00+00:00,419.3,419.3,419.31,1508,200,419.3088290398126,2.118197988875376e-08,-3.641840747037328e-05
2023-05-22 17:40:00+00:00,419.3,419.31,419.32,308,250,419.31551971326166,3.508524777695296e-08,0.00011068193176289043
2023-05-22 17:41:00+00:00,419.335,419.33,419.34,501,3,419.33994047619046,1.5239571960091366e-08,-0.00017520364950629475
2023-05-22 17:42:00+00:00,419.26,419.25,419.26,7,400,419.250171990172,2.1273365902196317e-08,0.00022626877754294838
2023-05-22 17:43:00+00:00,419.36,419.36,419.37,7,712,419.36009735744096,7.554143017497492e-08,-4.2932347492974365e-05
2023-05-22 17:44:00+00:00,419.35,419.34,419.36,407,400,419.3500867410161,3.1023103656383654e-08,1.5328962135185975e-06
2023-05-22 17:45:00+00:00,419.35,419.35,419.37,1900,300,419.36727272727273,4.910918053747512e-08,0.00011600597277183766
2023-05-22 17:46:00+00:00,419.38,419.39,419.4,328,204,419.3961654135338,2.771446051272782e-08,5.50599496822457e-05
2023-05-22 17:47:00+00:00,419.41,419.41,419.42,100,300,419.4125,2.5769494550890816e-08,-0.00011817960356819146
2023-05-22 17:48:00+00:00,419.37,419.37,419.38,200,201,419.37498753117205,5.049072722342531e-08,-0.00012601773677001216
2023-05-22 17:49:00+00:00,419.33,419.33,419.34,200,200,419.335,2.3179041459030565e-08,7.341569414798244e-05
2023-05-22 17:50:00+00:00,419.35,419.32,419.34,200,1400,419.3225,3.012442136762531e-08,6.271725133144557e-05
2023-05-22 17:51:00+00:00,419.37,419.36,419.37,203,300,419.36403578528825,7.005932532889378e-08,-0.0003446680680539993
2023-05-22 17:52:00+00:00,419.22,419.22,419.23,318,225,419.2258563535912,3.6028306647585694e-08,0.000166652653857291
2023-05-22 17:53:00+00:00,419.29,419.29,419.3,527,304,419.2963417569194,3.266782860620612e-08,-0.00017519395263076998
2023-05-22 17:54:00+00:00,419.245,419.23,419.25,525,400,419.24135135135134,2.7657804834701295e-08,-0.0001234680348942696
2023-05-22 17:55:00+00:00,419.16,419.15,419.17,306,1407,419.1535726795096,3.094924456290416e-08,0.00010011514783436759
2023-05-22 17:56:00+00:00,419.21,419.21,419.22,130,400,419.2124528301887,4.28528465145566e-08,0.00045267482956901084
2023-05-22 17:57:00+00:00,419.4,419.39,419.41,345,201,419.4026373626374,3.611591806415431e-08,-0.0003032572231033148
2023-05-22 17:58:00+00:00,419.28,419.26,419.28,423,233,419.2728963414634,8.610918490993171e-08,-0.00016504037636966284
2023-05-22 17:59:00+00:00,419.21,419.23,419.24,12,301,419.23038338658154,5.522214502627401e-08,-0.00012365785635004567
2023-05-22 18:00:00+00:00,419.15,419.14,419.16,434,400,419.1504076738609,3.871129245399745e-08,3.3635739816961774e-05
2023-05-22 18:01:00+00:00,419.17,419.16,419.17,519,99,419.1683980582524,5.7562319122253174e-08,4.669381565514108e-05
2023-05-22 18:02:00+00:00,419.18,419.18,419.2,1749,401,419.19626976744183,2.9671127771725576e-08,9.013429117188387e-05
2023-05-22 18:03:00+00:00,419.23,419.23,419.24,500,200,419.2371428571429,2.4697216041596384e-08,6.963070101573265e-05
2023-05-22 18:04:00+00:00,419.25,419.24,419.25,417,100,419.24806576402324,2.325900061042188e-08,2.5257067602257877e-05
2023-05-22 18:05:00+00:00,419.26,419.26,419.27,432,98,419.2681509433962,3.5512893314127414e-08,-2.0755433271291146e-05
2023-05-22 18:06:00+00:00,419.26,419.26,419.27,300,300,419.265,2.32056084551131e-08,-0.0001583758238170585
2023-05-22 18:07:00+00:00,419.21,419.19,419.2,6,204,419.19028571428566,2.4217534368269417e-08,0.0002035529826547311
2023-05-22 18:08:00+00:00,419.27,419.26,419.27,364,400,419.2647643979058,2.6972266752505864e-08,-0.00014653338950099126
2023-05-22 18:09:00+00:00,419.22,419.21,419.23,1170,300,419.225918367347,2.3148649695838666e-08,0.00030276250478555866
2023-05-22 18:10:00+00:00,419.36,419.35,419.36,300,400,419.3542857142857,3.412229276196781e-08,-0.00020732939570011766
2023-05-22 18:11:00+00:00,419.26,419.24,419.26,600,200,419.255,2.2639284458998624e-08,7.388152379728119e-05
2023-05-22 18:12:00+00:00,419.28,419.29,419.3,300,127,419.29702576112413,3.947866762913927e-08,-8.719879807905784e-05
2023-05-22 18:13:00+00:00,419.25,419.24,419.25,407,218,419.246512,2.5074907039004274e-08,-0.00024450312112900274
2023-05-22 18:14:00+00:00,419.14,419.14,419.15,103,210,419.14329073482423,2.6586551194375388e-08,4.5729800966620715e-05
2023-05-22 18:15:00+00:00,419.18,419.16,419.17,209,303,419.16408203125,3.246823347801783e-08,8.302851013120005e-05
2023-05-22 18:16:00+00:00,419.21,419.19,419.2,400,205,419.19661157024797,4.020798092190167e-08,0.0002848465829254909
2023-05-22 18:17:00+00:00,419.31,419.31,419.32,410,301,419.31576652601973,2.535859561661042e-08,6.348672909339825e-05
2023-05-22 18:18:00+00:00,419.35,419.35,419.36,233,605,419.3527804295943,9.791353417427108e-08,0.000238679459726443
2023-05-22 18:19:00+00:00,419.45,419.44,419.46,765,701,419.45043656207366,3.572182978398984e-08,4.757274284949986e-05
2023-05-22 18:20:00+00:00,419.46,419.45,419.47,615,1301,419.4564196242171,2.966667600191125e-08,2.34502788809543e-06
2023-05-22 18:21:00+00:00,419.46,419.46,419.47,332,200,419.4662406015038,3.0231627906987765e-08,-8.131851834736192e-05
2023-05-22 18:22:00+00:00,419.44,419.43,419.44,31,400,419.43071925754066,1.7153134602933194e-08,5.578293958374836e-05
2023-05-22 18:23:00+00:00,419.45,419.45,419.46,329,200,419.4562192816635,8.309826931396605e-09,-2.9727254216904697e-05
2023-05-22 18:24:00+00:00,419.45,419.45,419.46,500,610,419.4545045045045,4.0728370954808736e-08,-0.0002831470131912095
2023-05-22 18:25:00+00:00,419.32,419.31,419.32,550,300,419.3164705882353,2.118627606109721e-08,0.00021297583864909875
2023-05-22 18:26:00+00:00,419.41,419.41,419.42,300,599,419.41333704115686,2.1508252868662725e-08,0.0001894570574116905
2023-05-22 18:27:00+00:00,419.49,419.49,419.5,100,612,419.49140449438204,3.0605036845745226e-08,0.0001744921728945581
2023-05-22 18:28:00+00:00,419.57,419.57,419.58,100,650,419.5713333333333,5.9028060966733536e-08,0.00024028678205367804
2023-05-22 18:29:00+00:00,419.66,419.66,419.67,200,400,419.66333333333336,2.3154905615208514e-08,1.550248243664676e-05
2023-05-22 18:30:00+00:00,419.69,419.69,419.7,479,140,419.6977382875606,2.4027118062331853e-08,-1.1157536611849928e-05
2023-05-22 18:31:00+00:00,419.67,419.66,419.68,680,401,419.67258094357084,1.990906903743845e-08,3.446377967764036e-05
2023-05-22 18:32:00+00:00,419.68,419.68,419.69,344,503,419.6840613931523,7.748238917559682e-09,2.20742495498083e-05
2023-05-22 18:33:00+00:00,419.71,419.69,419.7,400,104,419.6979365079365,1.6952565663760845e-08,6.83249428805599e-05
2023-05-22 18:34:00+00:00,419.73,419.72,419.73,2203,100,419.72956578376034,1.3708344466621292e-08,-8.162130532807232e-05
2023-05-22 18:35:00+00:00,419.69,419.68,419.7,1188,300,419.6959677419355,2.4954656043587608e-08,-0.00033273920444631955
2023-05-22 18:36:00+00:00,419.56,419.54,419.55,353,307,419.5453484848485,2.9271184498364967e-08,9.773393027145971e-05
2023-05-22 18:37:00+00:00,419.59,419.58,419.6,436,517,419.58915005246587,1.901585061066088e-08,-5.513169357918013e-05
2023-05-22 18:38:00+00:00,419.57,419.55,419.57,1429,329,419.56625711035264,2.448210638697544e-08,7.133405248604952e-05
2023-05-22 18:39:00+00:00,419.59,419.59,419.6,650,314,419.5967427385892,2.4132771655501085e-08,-7.357872343349836e-05
2023-05-22 18:40:00+00:00,419.57,419.56,419.57,1100,298,419.56786838340486,2.7164056062989637e-08,-3.9856535627436074e-08
2023-05-22 18:41:00+00:00,419.56,419.56,419.57,200,400,419.56333333333333,2.0324720754727097e-08,2.383420923957047e-06
2023-05-22 18:42:00+00:00,419.57,419.56,419.57,429,100,419.5681096408318,2.7370658435437626e-08,8.422168132127261e-05
2023-05-22 18:43:00+00:00,419.6,419.59,419.61,352,273,419.60126399999996,1.3739869778650509e-08,1.2017503896899484e-05
2023-05-22 18:44:00+00:00,419.61,419.59,419.61,1757,419,419.6061488970588,2.8175818196321616e-08,0.00032830946418904716
2023-05-22 18:45:00+00:00,419.75,419.74,419.76,444,1603,419.74433805569123,2.705355933433722e-08,-0.00011300597706198623
2023-05-22 18:46:00+00:00,419.7,419.69,419.7,438,205,419.6968118195956,1.2651519477373079e-08,-1.9949954432885164e-05
2023-05-22 18:47:00+00:00,419.71,419.7,419.71,100,200,419.7033333333333,1.5820933907405798e-08,6.995423038280713e-05
2023-05-22 18:48:00+00:00,419.72,419.71,419.72,100,60,419.71625000000006,1.2478815239556675e-08,0.00016937141658623922
2023-05-22 18:49:00+00:00,419.78,419.78,419.79,600,100,419.7885714285714,3.1293981415147986e-08,7.870075511529073e-05
2023-05-22 18:50:00+00:00,419.845,419.84,419.85,400,1505,419.8420997375328,7.724920817149088e-08,0.0004231626105650754
2023-05-22 18:51:00+00:00,419.99,419.99,420.0,7843,8638,419.9947588131788,7.2946882704543e-08,0.0002791008137386086
2023-05-22 18:52:00+00:00,420.12,420.11,420.12,382,518,420.11424444444447,4.962725757053103e-08,7.844829667913444e-05
2023-05-22 18:53:00+00:00,420.15,420.14,420.15,469,192,420.14709531013614,4.0534906485339266e-08,-0.0002559016404859449
2023-05-22 18:54:00+00:00,420.04,420.02,420.03,319,500,420.02389499389494,2.8100395897673957e-08,-0.00027821361251922916
2023-05-22 18:55:00+00:00,419.9,419.9,419.91,285,386,419.9042473919523,2.2527795718752342e-07,-0.0010455696193204522
2023-05-22 18:56:00+00:00,419.47,419.48,419.5,153,1600,419.4817455790074,7.371771769654458e-08,0.00019386823593325886
2023-05-22 18:57:00+00:00,419.57,419.56,419.58,546,908,419.56751031636855,5.412159831974365e-08,8.253883430597853e-05
2023-05-22 18:58:00+00:00,419.6,419.6,419.61,300,739,419.60288739172285,3.781764865750318e-08,0.00022765989064676972
2023-05-22 18:59:00+00:00,419.7,419.69,419.7,544,303,419.69642266824087,2.2829634721697875e-08,0.00016169287075173955
2023-05-22 19:00:00+00:00,419.77,419.75,419.76,100,652,419.75132978723406,9.448444423244635e-08,0.00038229212678575486
2023-05-22 19:01:00+00:00,419.92,419.92,419.93,201,222,419.92475177304965,5.638341923673212e-08,-0.00020248714236703602
2023-05-22 19:02:00+00:00,419.84,419.84,419.85,339,301,419.845296875,4.770631808995344e-08,8.108549638752294e-05
2023-05-22 19:03:00+00:00,419.85,419.84,419.86,800,1040,419.8486956521739,5.1385465181478535e-08,-0.00015997140657875164
2023-05-22 19:04:00+00:00,419.82,419.82,419.83,300,301,419.82499168053243,7.611300500168093e-08,-0.0003034310215594971
2023-05-22 19:05:00+00:00,419.67,419.68,419.69,681,300,419.6869418960245,3.723292841359119e-08,0.0001987823305249492
2023-05-22 19:06:00+00:00,419.75,419.76,419.77,335,700,419.7632367149758,3.477440992605112e-08,-6.267497820267032e-05
2023-05-22 19:07:00+00:00,419.74,419.72,419.73,139,400,419.7225788497217,5.0609855696212985e-08,-0.000220065008661674
2023-05-22 19:08:00+00:00,419.64,419.63,419.65,330,301,419.64045958795566,4.7918460781544264e-08,-6.330854036806777e-05
2023-05-22 19:09:00+00:00,419.63,419.62,419.63,200,888,419.6218382352941,3.017560634514648e-08,-9.637530940420636e-05
2023-05-22 19:10:00+00:00,419.59,419.57,419.58,667,100,419.5786962190352,6.497737850779754e-08,-0.00024521450002179535
2023-05-22 19:11:00+00:00,419.47,419.46,419.48,1159,300,419.4758875942427,4.4415699029911796e-08,0.0002173531305911247
2023-05-22 19:12:00+00:00,419.57,419.56,419.58,600,434,419.57160541586074,4.9215029779635085e-08,-3.1745750877387735e-05
2023-05-22 19:13:00+00:00,419.55,419.55,419.57,284,1400,419.5533729216152,3.152486527681421e-08,2.2712316891881912e-05
2023-05-22 19:14:00+00:00,419.56,419.56,419.57,400,200,419.56666666666666,3.512586554781604e-08,-0.00015078277006408403
2023-05-22 19:15:00+00:00,419.5,419.49,419.51,538,500,419.500366088632,7.917146522545166e-08,-5.6950786142206944e-05
2023-05-22 19:16:00+00:00,419.47,419.47,419.48,100,358,419.4721834061136,4.137743558923156e-08,-2.3251768676124662e-05
2023-05-22 19:17:00+00:00,419.46,419.45,419.47,1150,402,419.4648195876289,4.140353286006074e-08,-1.9550322456485247e-06
2023-05-22 19:18:00+00:00,419.48,419.46,419.48,200,2500,419.4614814814815,3.2686674571312925e-08,0.00012116797859440531
2023-05-22 19:19:00+00:00,419.525,419.51,419.53,351,705,419.5166477272727,7.99752617621919e-08,0.0001050825104038644
2023-05-22 19:20:00+00:00,419.56,419.56,419.57,306,1441,419.5617515741271,6.109004976587838e-08,-0.00030963278263784755
2023-05-22 19:21:00+00:00,419.42,419.42,419.43,300,100,419.4275,5.933420810335088e-08,-5.245213742455235e-05
2023-05-22 19:22:00+00:00,419.38,419.4,419.41,400,300,419.4057142857143,4.130917597380305e-08,-0.00019789798954727988
2023-05-22 19:23:00+00:00,419.32,419.31,419.33,354,304,419.32075987841944,6.526112286558303e-08,-0.00018999033461719605
2023-05-22 19:24:00+00:00,419.25,419.24,419.26,300,1095,419.2443010752688,3.333782632522559e-08,-0.00013224024653357702
2023-05-22 19:25:00+00:00,419.19,419.18,419.2,1300,201,419.1973217854764,4.5195943652030645e-08,-0.00027401977868535266
2023-05-22 19:26:00+00:00,419.07,419.06,419.07,726,500,419.0659216965742,1.4180910129303085e-07,-0.0006955989684767072
2023-05-22 19:27:00+00:00,418.8,418.79,418.81,300,1031,418.7945078888054,5.578176983406477e-08,0.00036832635459216334
2023-05-22 19:28:00+00:00,418.94,418.92,418.94,962,307,418.9351615445232,5.843343686692608e-08,0.00010678023558297056
2023-05-22 19:29:00+00:00,418.98,418.98,418.99,300,600,418.98333333333335,6.041484468073959e-08,0.0001456215487809498
2023-05-22 19:30:00+00:00,419.04,419.04,419.05,300,654,419.0431446540881,7.467597308745621e-08,-0.0002088037167468082
2023-05-22 19:31:00+00:00,418.96,418.96,418.97,155,742,418.9617279821628,7.309425176801894e-08,0.00018735192529883982
2023-05-22 19:32:00+00:00,419.04,419.03,419.05,551,1154,419.03646334310855,3.845008116865382e-08,-0.00019096746956159816
2023-05-22 19:33:00+00:00,418.96,418.95,418.97,210,2110,418.95181034482755,4.754367847639342e-08,-8.621289976240565e-05
2023-05-22 19:34:00+00:00,418.92,418.91,418.93,401,1656,418.9138988818669,3.410837734647999e-08,-9.378828976114306e-06
2023-05-22 19:35:00+00:00,418.91,418.91,418.93,400,1445,418.9143360433605,5.610313364309575e-08,-0.0001713918657004765
2023-05-22 19:36:00+00:00,418.835,418.84,418.85,1560,200,418.84886363636366,4.7315319207549326e-08,-9.082203238008901e-05
2023-05-22 19:37:00+00:00,418.798,418.79,418.81,1404,501,418.80474015748035,6.905201957582992e-08,-0.00033305359294844017
2023-05-22 19:38:00+00:00,418.67,418.66,418.67,100,370,418.6621276595745,4.687681187021009e-08,0.0003571084848716932
2023-05-22 19:39:00+00:00,418.81,418.81,418.82,3,348,418.8100854700855,6.231007513381082e-08,-5.928630540086299e-05
2023-05-22 19:40:00+00:00,418.79,418.78,418.79,201,415,418.78326298701296,6.873441622665533e-08,9.060240954106291e-05
2023-05-22 19:41:00+00:00,418.84,418.83,418.85,250,765,418.8349261083744,6.808080564238454e-08,-7.249758870653267e-05
2023-05-22 19:42:00+00:00,418.795,418.79,418.8,203,1542,418.79116332378226,2.2786588674896515e-08,1.548485800761945e-05
2023-05-22 19:43:00+00:00,418.81,418.8,418.82,200,837,418.8038572806172,3.136638932339596e-08,-0.00021350751051851802
2023-05-22 19:44:00+00:00,418.72,418.71,418.73,450,643,418.7182342177493,3.423321624647988e-08,0.00011352119947427575
2023-05-22 19:45:00+00:00,418.77,418.76,418.78,200,2996,418.76125156445556,8.746004702510107e-08,0.0005947725009241012
2023-05-22 19:46:00+00:00,419.01,419.01,419.02,125,369,419.0125303643725,4.487413700084123e-08,-0.00016357703279368252
2023-05-22 19:47:00+00:00,418.94,418.94,418.95,208,600,418.9425742574257,6.082747770734079e-08,1.754946501919541e-05
2023-05-22 19:48:00+00:00,418.96,418.95,418.96,200,214,418.95483091787435,4.72656312927878e-08,-0.000509056005504438
2023-05-22 19:49:00+00:00,418.75,418.73,418.75,705,519,418.74151960784314,4.482812966245495e-08,-0.0002330224248521251
2023-05-22 19:50:00+00:00,418.63,418.63,418.64,232,11,418.6395473251029,1.1839845019738597e-07,-2.7030344872502887e-05
2023-05-22 19:51:00+00:00,418.62,418.62,418.63,1000,313,418.62761614623,1.2942865953198256e-07,-0.0004127228276982198
2023-05-22 19:52:00+00:00,418.45,418.44,418.45,450,1522,418.4422819472617,8.153767358048914e-08,0.0005535521582074043
2023-05-22 19:53:00+00:00,418.69,418.68,418.69,304,160,418.6865517241379,7.691800234680138e-08,0.00028961449766873315
2023-05-22 19:54:00+00:00,418.8,418.8,418.81,1235,200,418.80860627177697,6.379141250837711e-08,-0.00025770510040623584
2023-05-22 19:55:00+00:00,418.7,418.7,418.71,1201,1228,418.70494442157263,7.975782393726721e-08,2.0220623277111827e-05
2023-05-22 19:56:00+00:00,418.7,418.7,418.71,277,414,418.70400868306797,6.638746910992732e-08,-0.00016979593457133735
2023-05-22 19:57:00+00:00,418.66,418.65,418.67,540,1078,418.65667490729294,4.3613496597664695e-08,-3.339343806441075e-05
2023-05-22 19:58:00+00:00,418.62,418.62,418.63,536,501,418.625168756027,5.289836842754323e-08,0.00022524673017265684
2023-05-22 19:59:00+00:00,418.71,418.7,418.71,623,300,418.70674972914406,9.378106744475023e-08,0.00010475365876483345
2023-05-22 20:00:00+00:00,418.77,418.75,418.78,2100,71000,418.7508618331053,8.966399193310046e-08,0.00010591734598008884
2023-05-22 20:01:00+00:00,418.82,418.79,418.81,1110,500,418.80378881987576,2.7574448464451634e-08,0.00013545292870609238
2023-05-22 20:02:00+00:00,418.87,418.86,418.87,200,895,418.86182648401825,2.0961914582136762e-08,0.0001347892165197706
2023-05-22 20:03:00+00:00,418.93,418.91,418.93,100,123,418.91896860986543,2.1294223056794585e-08,-0.00021284471455818021
2023-05-22 20:04:00+00:00,418.84,418.82,418.83,500,10,418.82980392156867,2.7960387026388638e-08,0.00023954278429871856
2023-05-22 20:05:00+00:00,418.94,418.93,418.94,14,980,418.9301408450704,4.571390390770747e-08,-0.00018869613786987038
2023-05-22 20:06:00+00:00,418.87,418.85,418.87,200,1500,418.8523529411765,1.8557090711841282e-08,0.00020035502523318982
2023-05-22 20:07:00+00:00,418.95,418.93,418.97,100,3403,418.93114187838995,2.481294226306884e-08,-7.77629936661306e-05
2023-05-22 20:08:00+00:00,418.91,418.89,418.91,500,305,418.90242236024847,1.8450056885991574e-08,-6.993838823698972e-05
2023-05-22 20:09:00+00:00,418.9,418.87,418.88,500,1100,418.873125,1.1610561554627052e-08,5.617589823470048e-05
2023-05-22 20:10:00+00:00,418.89,418.89,418.92,1900,2103,418.9042393205096,1.7338956424941845e-08,-2.538658101614022e-05
2023-05-22 20:11:00+00:00,418.87,418.86,418.89,3270,500,418.88602122015914,2.0861890405161746e-08,-3.7868272505736655e-05
2023-05-22 20:12:00+00:00,418.95,418.87,418.9,504,1800,418.8765625,1.4403576006465366e-08,4.894030382285308e-05
2023-05-22 20:13:00+00:00,418.89,418.89,418.9,148,2100,418.8906583629893,2.1276099039354163e-08,2.225324615090507e-05
2023-05-22 20:14:00+00:00,418.91,418.89,418.9,1000,2,418.8999800399202,2.2913170098070728e-08,-1.0626789698209294e-06
2023-05-22 20:15:00+00:00,418.9,418.87,418.89,1800,1100,418.88241379310347,4.4971219850950306e-09,-8.995720627757997e-05
2023-05-22 20:16:00+00:00,418.87,418.86,418.89,125,1900,418.86185185185184,1.6605952490370532e-08,2.1778303616715178e-05
2023-05-22 20:17:00+00:00,418.86,418.85,418.89,2315,2100,418.8709739524349,1.7294203335730873e-08,-3.3998261019241305e-05
2023-05-22 20:18:00+00:00,418.84,418.84,418.87,1400,1110,418.85673306772907,6.173224815328616e-09,-1.0877098535533314e-05
2023-05-22 20:19:00+00:00,418.84,418.84,418.87,1100,1610,418.8521771217712,6.0185621875767475e-09,1.076762961016442e-07
2023-05-22 20:20:00+00:00,418.84,418.84,418.87,1100,1600,418.8522222222222,1.0770683164688648e-08,-7.201675302048738e-05
2023-05-22 20:21:00+00:00,418.84,418.82,418.84,1825,15912,418.82205784518237,1.250592465657963e-09,2.409780541157147e-05
2023-05-22 20:22:00+00:00,418.83,418.83,418.84,1000,3650,418.8321505376344,1.692431826507675e-08,4.0605697297246834e-05
2023-05-22 20:23:00+00:00,418.88,418.85,418.87,1000,100,418.8681818181818,1.3570734769519406e-08,7.548661549172664e-07
2023-05-22 20:24:00+00:00,418.87,418.84,418.85,1800,100,418.8494736842105,2.4563980917204293e-09,2.7057119643902894e-05
2023-05-22 20:25:00+00:00,418.87,418.86,418.87,2100,23937,418.8608065445328,3.0959459730279235e-09,-2.3810323247275278e-05
2023-05-22 20:26:00+00:00,418.86,418.85,418.86,100,1100,418.85083333333336,1.5617323934417437e-09,-2.460784776836533e-06
2023-05-22 20:27:00+00:00,418.84,418.84,418.85,149,3,418.84980263157894,1.938266186232215e-09,2.8059724743734193e-07
2023-05-22 20:28:00+00:00,418.84,418.84,418.85,500,4,418.8499206349206,2.244534856910544e-09,2.5155347802563455e-05
2023-05-22 20:29:00+00:00,418.87,418.86,418.87,500,20907,418.8602335684589,1.1379637913545085e-09,-4.372248006068169e-05
2023-05-22 20:30:00+00:00,418.84,418.83,418.85,1000,1100,418.8395238095238,2.9042314713777724e-09,1.8712199694848053e-05
2023-05-22 20:31:00+00:00,418.84,418.83,418.85,1015,1,418.84998031496065,2.1867939426807612e-13,5.5413000854542815e-08
2023-05-22 20:32:00+00:00,418.85,418.85,418.87,4,22693,418.85000352469496,4.173364108374944e-09,-2.3264713600368303e-05
2023-05-22 20:33:00+00:00,418.87,418.84,418.86,21,1600,418.84025909932143,5.319108458081517e-09,2.2611557037643948e-05
2023-05-22 20:34:00+00:00,418.83,418.82,418.85,1100,10,418.84972972972975,8.062412709534938e-11,4.2183837885012565e-06
2023-05-22 20:35:00+00:00,418.85,418.85,418.86,88,500,418.85149659863947,1.8874452879422845e-08,-0.00019435221238661704
2023-05-22 20:36:00+00:00,418.78,418.77,418.79,12,2600,418.7700918836141,1.1569134575083933e-08,0.00011525059894434975
2023-05-22 20:37:00+00:00,418.79,418.78,418.79,1100,300,418.78785714285715,2.0200400146288642e-08,-4.6479573744484526e-05
2023-05-22 20:38:00+00:00,418.78,418.78,418.81,850,500,418.7988888888889,1.2711383198311303e-08,-6.713941841374194e-06
2023-05-22 20:39:00+00:00,418.83,418.77,418.82,2300,2110,418.79607709750564,5.907200008728562e-09,-1.4525515032448588e-05
2023-05-22 20:40:00+00:00,418.8,418.78,418.79,1630,1,418.78999386879224,1.0330548507393496e-08,0.00014326285115218163
2023-05-22 20:41:00+00:00,418.82,418.84,418.85,1600,1,418.8499937539038,5.529087057219254e-09,2.7328422838701627e-05
2023-05-22 20:42:00+00:00,418.86,418.86,418.87,2100,9531,418.8618055197318,1.6970583277531212e-09,-3.4909161419349743e-06
2023-05-22 20:43:00+00:00,418.86,418.85,418.86,1610,4,418.85997521685255,2.246060253301012e-08,-2.3993547361822465e-05
2023-05-22 20:44:00+00:00,418.87,418.83,418.85,1600,6,418.8499252801992,2.357911138886637e-09,-1.1759057127469497e-05
2023-05-22 20:45:00+00:00,418.85,418.83,418.86,1100,1100,418.845,1.897869969392448e-08,-6.039016258307939e-05
2023-05-22 20:46:00+00:00,418.8,418.81,418.84,1100,2300,418.81970588235293,1.6283999917203316e-09,-1.2326105413018595e-06
2023-05-22 20:47:00+00:00,418.8,418.81,418.82,1100,97,418.81918964076857,6.545601583513366e-09,3.446889530156483e-05
2023-05-22 20:48:00+00:00,418.85,418.83,418.86,1100,500,418.850625,9.43950199392393e-09,6.569362802921752e-05
2023-05-22 20:49:00+00:00,418.87,418.86,418.87,100,9305,418.86010632642217,2.2282691873409738e-08,0.00015205546090002464
2023-05-22 20:50:00+00:00,418.93,418.92,418.93,214,229,418.9248306997743,2.649574504048392e-09,3.780145203124974e-05
2023-05-22 20:51:00+00:00,418.93,418.94,418.96,15,2900,418.94010291595197,1.8222182869308907e-09,2.9978325773116765e-05
2023-05-22 20:52:00+00:00,418.95,418.95,418.96,1000,2100,418.9532258064516,5.0455146496257795e-09,0.00010759440288499178
2023-05-22 20:53:00+00:00,419.0,418.98,419.0,1100,102,418.998302828619,2.249404356690264e-09,2.4878551284412964e-05
2023-05-22 20:54:00+00:00,419.0,419.0,419.01,2125,310,419.008726899384,5.037957701860736e-09,-9.391665819269424e-05
2023-05-22 20:55:00+00:00,418.99,418.96,418.98,500,100,418.9766666666667,3.447463520150206e-10,2.138183329836174e-05
2023-05-22 20:56:00+00:00,418.99,418.97,418.98,500,100,418.97833333333335,1.4773637983532643e-09,4.861799581878934e-05
2023-05-22 20:57:00+00:00,418.99,418.99,419.0,600,149,418.9980106809079,3.2831231350201527e-09,1.0686484787747474e-05
2023-05-22 20:58:00+00:00,419.01,419.0,419.02,890,4706,419.0031808434596,9.450400728072067e-09,-0.00012692229054811488
2023-05-22 20:59:00+00:00,419.0,418.93,418.97,1100,1100,418.95,1.3857819905891895e-08,6.701736025038763e-05
2023-05-22 21:00:00+00:00,418.96,418.91,418.98,500,20,418.9773076923077,5.438787210447113e-08,-0.00027461729140498825
2023-05-22 21:01:00+00:00,419.02,418.86,419.02,100,5201,418.8630182984342,6.618528345680709e-08,0.00032316842742186047
2023-05-22 21:02:00+00:00,418.97,418.97,419.0,4998,285,418.9983816013629,9.969895650499841e-08,2.1272278849515658e-06
2023-05-22 21:03:00+00:00,418.97,418.97,419.0,9904,246,418.999272906404,7.37865932633338e-11,1.0663860543269621e-05
2023-05-22 21:04:00+00:00,419.01,418.97,419.02,9903,4772,419.003741056218,2.30161443476807e-10,4.186197304800743e-06
2023-05-22 21:05:00+00:00,419.02,418.97,419.02,9901,4046,419.00549508854954,2.1024215780418289e-10,-1.3079231991230955e-05
2023-05-22 21:06:00+00:00,419.0,419.0,419.02,3,4046,419.0000148184737,2.723029990093561e-10,2.314170052297726e-05
2023-05-22 21:07:00+00:00,419.0,418.97,419.01,9900,72,419.0097111913357,6.221290074582061e-10,-2.459444086855278e-05
2023-05-22 21:08:00+00:00,419.0,418.97,419.0,9899,200,418.9994058817705,2.451125122854802e-12,-7.353590882885896e-07
2023-05-22 21:09:00+00:00,418.97,418.97,419.0,9772,303,418.9990977667494,3.706659225281867e-18,-1.9252686112025685e-09
2023-05-22 21:10:00+00:00,418.97,418.97,419.0,9763,303,418.9990969600636,3.30858739634462e-18,-2.5723865260118828e-09
2023-05-22 21:11:00+00:00,418.97,418.97,419.0,9801,303,418.99910035629455,3.419840545799342e-14,-1.7394160711781126e-07
2023-05-22 21:12:00+00:00,418.97,418.97,419.0,9001,303,418.99902300085984,1.5348468098674321e-12,-1.2612158338809465e-06
2023-05-22 21:13:00+00:00,418.97,418.97,419.0,5754,304,418.99849455265763,3.3881485993870563e-07,-4.4182836226758226e-05
2023-05-22 21:14:00+00:00,418.97,418.95,418.98,5000,3,418.97998201079355,1.9750316139698528e-07,7.152362901541309e-05
2023-05-22 21:15:00+00:00,419.0,419.0,419.01,195,1,419.0099489795918,2.743641945203906e-07,-7.100299136630905e-05
2023-05-22 21:16:00+00:00,419.0,418.98,419.0,1,100,418.980198019802,2.03595622988703e-07,-6.751584027231416e-05
2023-05-22 21:17:00+00:00,418.98,418.95,419.05,200,10270,418.95191021967526,4.9743717188703156e-08,0.0001318352682497803
2023-05-22 21:18:00+00:00,418.98,418.95,419.01,200,10,419.00714285714287,1.3313134352743912e-09,-4.067906291760348e-05
2023-05-22 21:19:00+00:00,418.98,418.99,419.0,1,101,418.99009803921564,2.208363418491503e-09,4.722664515721675e-05
2023-05-22 21:20:00+00:00,419.0,419.0,419.01,950,11,419.0098855359001,9.304461233383062e-09,-4.736406202698884e-05
2023-05-22 21:21:00+00:00,419.01,418.99,419.0,1,252,418.99003952569166,5.0389487880821755e-08,-1.2546639538202342e-05
2023-05-22 21:22:00+00:00,419.0,418.95,419.03,200,260,418.98478260869564,1.5408597313360666e-08,2.677278929907878e-05
2023-05-22 21:23:00+00:00,419.01,418.99,419.0,3,2,418.996,1.2146232258942835e-09,-1.939394230954239e-05
2023-05-22 21:24:00+00:00,419.0,418.98,419.02,25,102,418.98787401574805,1.816421693067847e-08,-3.7356196912918804e-05
2023-05-22 21:25:00+00:00,418.98,418.84,419.01,7,2,418.9722222222222,5.3846890187608656e-08,-0.00023204932705700454
2023-05-22 21:26:00+00:00,418.98,418.84,419.01,7,27,418.87499999999994,1.0610007980298402e-07,-7.472590392865186e-05
2023-05-22 21:27:00+00:00,418.97,418.84,418.97,7,218,418.8440444444444,7.447678973684247e-08,0.00037313400225724713
2023-05-22 21:28:00+00:00,418.97,418.98,419.0,5000,4,418.99998401278975,6.355367138878226e-08,-0.00034922549352622845
2023-05-22 21:29:00+00:00,418.97,418.84,419.0,7,75,418.8536585365854,7.28418256564197e-08,0.00021107287730548485
2023-05-22 21:30:00+00:00,419.0,418.94,418.98,20,367,418.9420671834626,2.9136251744473008e-08,3.13234000188789e-05
2023-05-22 21:31:00+00:00,419.0,418.94,419.0,20,59,418.95518987341774,8.399846167706741e-09,9.120947398777446e-05
2023-05-22 21:32:00+00:00,418.93,418.93,419.0,567,59,418.99340255591056,5.6893752908227355e-12,3.481634231139452e-06
2023-05-22 21:33:00+00:00,419.0,418.93,419.0,568,45,418.9948613376835,3.80485304139203e-09,-6.180462538241116e-05
2023-05-22 21:34:00+00:00,418.93,418.9,419.0,100,45,418.9689655172414,1.438769176929892e-09,0.0
2023-05-22 21:35:00+00:00,418.93,418.9,419.0,100,45,418.9689655172414,1.209389259303598e-11,3.477627437353803e-06
2023-05-22 21:36:00+00:00,418.93,418.9,419.0,100,44,418.96944444444443,2.1235866685537383e-09,-6.615208807880801e-05
2023-05-22 21:37:00+00:00,418.94,418.94,419.03,4,129,418.94270676691735,2.432779978272341e-08,0.0001822738549168701
2023-05-22 21:38:00+00:00,419.0,419.01,419.02,107,93,419.01535,1.5987350985429062e-10,6.843433597580884e-08
2023-05-22 21:39:00+00:00,419.02,419.0,419.02,1905,90,419.01909774436086,1.275775525443535e-13,3.0625068458967064e-07
2023-05-22 21:40:00+00:00,419.0,419.0,419.02,1888,76,419.01922606924643,6.259393116104258e-10,-2.5029180829028164e-05
2023-05-22 21:41:00+00:00,419.0,419.0,419.01,1877,271,419.0087383612663,1.3676717430139339e-09,2.858971898733742e-05
2023-05-22 21:42:00+00:00,419.02,419.02,419.03,15,194,419.02071770334925,2.954117899868918e-10,1.994503688962368e-05
2023-05-22 21:43:00+00:00,419.03,419.0,419.03,1949,61,419.0290895522388,4.54982800657422e-14,2.0764129970984868e-07
2023-05-22 21:44:00+00:00,419.03,419.0,419.03,1949,56,419.0291620947631,1.3221410161887127e-14,2.2152533207808744e-07
2023-05-22 21:45:00+00:00,419.03,419.0,419.03,2081,53,419.02925492033734,6.345519425679154e-10,2.5123993694142754e-05
2023-05-22 21:46:00+00:00,419.03,419.03,419.04,45,1,419.0397826086956,3.2029558072489413e-13,-5.659466235652388e-07
2023-05-22 21:47:00+00:00,419.03,419.03,419.04,21,1,419.0395454545455,2.863632945149733e-09,-6.901361367284142e-05
2023-05-22 21:48:00+00:00,419.03,419.0,419.05,2081,7711,419.0106260212418,3.564761005675028e-10,1.3103447195739193e-05
2023-05-22 21:49:00+00:00,419.0,419.0,419.02,2075,500,419.0161165048544,3.2404157692711387e-09,5.695309425202133e-05
2023-05-22 21:50:00+00:00,419.03,419.03,419.04,1557,3,419.0399807692308,1.0395599701128684e-14,-1.2476837529806772e-07
2023-05-22 21:51:00+00:00,419.0,419.0,419.04,1675,3,419.0399284862932,1.035619132612491e-20,-1.0176537390549356e-10
2023-05-22 21:52:00+00:00,419.0,419.0,419.04,1674,3,419.03992844364944,0.0,0.0
2023-05-22 21:53:00+00:00,419.0,419.0,419.04,1674,3,419.03992844364944,0.0,0.0
2023-05-22 21:54:00+00:00,419.0,419.0,419.04,1674,3,419.03992844364944,4.13755196830711e-20,2.0340973350130298e-10
2023-05-22 21:55:00+00:00,419.0,419.0,419.04,1676,3,419.03992852888626,1.0867749715302578e-10,-1.8562101666841357e-07
2023-05-22 21:56:00+00:00,419.0,419.0,419.04,801,3,419.0398507462687,1.9674731522814447e-19,-4.435620759579706e-10
2023-05-22 21:57:00+00:00,419.0,419.0,419.04,800,3,419.0398505603985,1.643861311708068e-07,-0.00047485142408176806
2023-05-22 21:58:00+00:00,419.0,418.84,419.0,7,1282,418.8408688906129,1.4483638325396745e-07,0.00047523837519847234
2023-05-22 21:59:00+00:00,419.0,419.02,419.04,730,3,419.0399181446112,1.1135541510512153e-09,-3.3369578066766437e-05
2023-05-22 22:00:00+00:00,419.0,419.02,419.03,730,500,419.02593495934957,8.510203266672882e-08,-0.00027620471644262956
2023-05-22 22:01:00+00:00,418.99,418.91,418.93,1,100,418.910198019802,8.869730447806982e-09,3.135591731462384e-05
2023-05-22 22:02:00+00:00,418.92,418.89,418.93,500,100,418.92333333333335,1.0560708840440823e-08,-3.135493415185042e-05
2023-05-22 22:03:00+00:00,418.89,418.91,418.93,1,100,418.910198019802,4.8358245355365755e-09,-1.4930500088827792e-05
2023-05-22 22:04:00+00:00,418.87,418.87,418.92,1057,500,418.90394348105326,4.9206092713214565e-09,-0.00012367209648578292
2023-05-22 22:05:00+00:00,418.87,418.85,418.87,50,218,418.8537313432836,2.181849965919352e-08,0.00017504457273709306
2023-05-22 22:06:00+00:00,418.85,418.88,418.93,1000,110,418.925045045045,1.4673045303601987e-08,-1.564195080394626e-05
2023-05-22 22:07:00+00:00,418.93,418.89,418.92,500,19,418.91890173410405,1.3262089887105345e-08,-4.6158138562679696e-05
2023-05-22 22:08:00+00:00,418.87,418.89,418.9,550,25,418.8995652173913,2.5137524022660712e-08,0.0002637020237283849
2023-05-22 22:09:00+00:00,418.97,418.97,419.04,495,1003,418.99313084112157,8.275621372584609e-08,-0.00010855211734572823
2023-05-22 22:10:00+00:00,419.04,418.96,419.01,50,500,418.96454545454543,2.889371778698074e-10,1.3475193350931391e-05
2023-05-22 22:11:00+00:00,418.96,418.96,419.01,128,500,418.9701910828026,9.959361904309712e-09,0.00015794095849641643
2023-05-22 22:12:00+00:00,418.96,419.0,419.04,200,20,419.03636363636366,3.4432923408782496e-09,-4.963346374908806e-05
2023-05-22 22:13:00+00:00,418.98,418.98,419.02,401,50,419.01556541019954,9.95041543931841e-09,-0.00010006560620756666
2023-05-22 22:14:00+00:00,418.98,418.97,419.01,50,500,418.9736363636364,1.9653555879314297e-09,6.247042717122397e-05
2023-05-22 22:15:00+00:00,418.98,418.96,419.0,628,3,418.99980982567354,1.3301513427039757e-13,3.6471239939217526e-07
2023-05-22 22:16:00+00:00,418.98,418.99,419.0,800,3,418.99996264009957,4.3360184881890355e-09,9.424322881135261e-05
2023-05-22 22:17:00+00:00,419.02,418.99,419.04,1800,20,419.0394505494506,6.525769554343554e-12,-9.087020523823597e-07
2023-05-22 22:18:00+00:00,419.04,419.01,419.04,500,16,419.03906976744184,3.405684238174437e-09,-5.8358240533573635e-05
2023-05-22 22:19:00+00:00,419.04,418.99,419.03,800,500,419.0146153846154,5.688409975772554e-09,0.00010759532609805333
2023-05-22 22:20:00+00:00,419.04,419.05,419.06,484,15,419.0596993987976,7.40450098793772e-09,-2.354871568577277e-05
2023-05-22 22:21:00+00:00,419.07,419.04,419.07,97,199,419.0498310810811,1.6874630688508318e-09,4.173623716874353e-05
2023-05-22 22:22:00+00:00,419.07,419.06,419.07,500,183,419.06732064421664,3.383553226723309e-13,5.637762057197904e-07
2023-05-22 22:23:00+00:00,419.06,419.06,419.07,498,161,419.06755690440065,1.9362064821717553e-08,-8.97943457599526e-05
2023-05-22 22:24:00+00:00,418.99,418.99,419.03,547,1,419.0299270072992,4.1106222271411036e-09,-3.4648865876452106e-07
2023-05-22 22:25:00+00:00,418.99,418.99,419.03,547,3,419.0297818181818,0.0,0.0
2023-05-22 22:26:00+00:00,418.99,418.99,419.03,547,3,419.0297818181818,1.2033509839398658e-09,-3.4873670462953754e-05
2023-05-22 22:27:00+00:00,418.99,418.99,419.02,547,105,419.0151687116565,4.2495126970862796e-13,6.518828650214914e-07
2023-05-22 22:28:00+00:00,419.02,418.99,419.02,547,98,419.01544186046516,1.280335966535154e-09,-3.594701368736519e-05
2023-05-22 22:29:00+00:00,419.02,418.99,419.01,547,507,419.00037950664137,1.5639519470533175e-09,1.0096312644147787e-05
2023-05-22 22:30:00+00:00,418.99,418.99,419.02,543,572,419.00460986547085,1.2289891915450923e-09,1.4832006535847597e-05
2023-05-22 22:31:00+00:00,419.02,418.99,419.03,543,500,419.01082454458293,4.681386236544951e-09,0.00010774585235995282
2023-05-22 22:32:00+00:00,419.02,419.02,419.06,1000,112,419.0559712230216,2.1232107389092827e-09,4.740027100380573e-06
2023-05-22 22:33:00+00:00,419.06,419.05,419.06,300,77,419.0579575596817,5.2627601443860685e-09,7.359228537051621e-05
2023-05-22 22:34:00+00:00,419.07,419.07,419.09,1000,64,419.0887969924812,5.6459023960318946e-08,5.400187050996763e-05
2023-05-22 22:35:00+00:00,419.15,419.11,419.14,25,500,419.1114285714286,2.0271518105408826e-08,-3.862028206991219e-05
2023-05-22 22:36:00+00:00,419.13,419.05,419.12,1800,985,419.09524236983845,2.719495301164186e-09,7.091520178015287e-05
2023-05-22 22:37:00+00:00,419.13,419.11,419.13,600,202,419.12496259351616,1.1878607347909307e-09,-5.9499333238122176e-08
2023-05-22 22:38:00+00:00,419.13,419.1,419.13,1000,203,419.1249376558603,3.2489848599461375e-09,-9.875408601978108e-08
2023-05-22 22:39:00+00:00,419.11,419.1,419.13,1000,205,419.12489626556015,7.07319598419741e-10,-3.667750633118416e-05
2023-05-22 22:40:00+00:00,419.11,419.1,419.13,100,215,419.1095238095238,1.1368500761369034e-09,-3.9287960183931325e-05
2023-05-22 22:41:00+00:00,419.1,419.06,419.09,500,95,419.08521008403363,8.834875592652822e-10,1.313262649627056e-05
2023-05-22 22:42:00+00:00,419.1,419.09,419.1,500,84,419.09856164383564,2.0017587813229154e-08,-2.0147997511044125e-05
2023-05-22 22:43:00+00:00,419.1,419.09,419.1,1,84,419.0901176470588,8.123770862231131e-10,6.509453753800187e-08
2023-05-22 22:44:00+00:00,419.1,419.09,419.1,1,68,419.0901449275362,1.7231938300090796e-09,-5.355351532898567e-06
2023-05-22 22:45:00+00:00,419.08,419.06,419.09,505,38,419.08790055248613,5.850608716066119e-09,9.57073657814611e-06
2023-05-22 22:46:00+00:00,419.1,419.06,419.1,505,128,419.09191153238544,1.198918254939556e-08,0.0
2023-05-22 22:47:00+00:00,419.1,419.06,419.1,505,128,419.09191153238544,2.6225592498136117e-10,-1.631397206147689e-05
2023-05-22 22:48:00+00:00,419.1,419.09,419.11,500,2,419.1099203187251,6.770422690386351e-09,1.1906761421265344e-07
2023-05-22 22:49:00+00:00,419.11,419.06,419.11,505,500,419.0851243781095,0.0,0.0
2023-05-22 22:50:00+00:00,419.11,419.06,419.11,505,500,419.0851243781095,3.5193744469648934e-09,5.8648209535050455e-05
2023-05-22 22:51:00+00:00,419.08,419.08,419.11,100,1,419.10970297029706,1.2936225817577415e-10,1.1373753038279588e-05
2023-05-22 22:52:00+00:00,419.11,419.09,419.12,500,113,419.11446982055463,2.6226323968326336e-09,-4.143489325869609e-06
2023-05-22 22:53:00+00:00,419.1,419.08,419.12,500,111,419.1127332242226,1.0608530411529716e-10,8.669237655301032e-06
2023-05-22 22:54:00+00:00,419.12,419.1,419.12,500,111,419.1163666121113,8.196314918066795e-15,0.0
2023-05-22 22:55:00+00:00,419.12,419.1,419.12,500,111,419.1163666121113,1.879775537993923e-11,-4.43029272456652e-06
2023-05-22 22:56:00+00:00,419.12,419.09,419.12,500,112,419.1145098039215,7.927454454779663e-11,1.0429585823423793e-05
2023-05-22 22:57:00+00:00,419.12,419.11,419.12,500,63,419.1188809946714,1.9256211010094107e-09,4.3881899469022656e-05
2023-05-22 22:58:00+00:00,419.13,419.11,419.14,500,50,419.1372727272727,2.320066485010042e-09,-5.990783530651633e-05
2023-05-22 22:59:00+00:00,419.14,419.09,419.14,500,628,419.11216312056735,2.8058400537134288e-09,-9.49937209138163e-06
2023-05-22 23:00:00+00:00,419.14,419.09,419.11,500,50,419.10818181818183,1.0119983794110183e-08,3.288915185750696e-06
2023-05-22 23:01:00+00:00,419.15,419.1,419.15,500,2115,419.1095602294455,7.215465592719912e-07,0.0001984374759580465
2023-05-22 23:02:00+00:00,419.17,419.16,419.17,500,166,419.1675075075075,1.1498601026272015e-07,0.000279049921335206
2023-05-22 23:03:00+00:00,419.3,419.28,419.31,500,5,419.309702970297,1.9496096059754468e-08,-0.00012545904788463513
2023-05-22 23:04:00+00:00,419.3,419.25,419.27,22,40,419.25709677419354,1.2875313407938506e-07,0.0007243468074089598
2023-05-22 23:05:00+00:00,419.64,419.56,419.6,10,500,419.5607843137255,1.0547518678608314e-07,-0.00018887812004808602
2023-05-22 23:06:00+00:00,419.5,419.47,419.5,500,805,419.48149425287363,8.662436360395788e-08,-1.5587006671147208e-05
2023-05-22 23:07:00+00:00,419.51,419.44,419.51,500,500,419.475,2.4884357073806204e-08,-8.737001012582013e-05
2023-05-22 23:08:00+00:00,419.45,419.4,419.45,1567,476,419.4383504650025,7.444784689017346e-08,-0.00010335360358548762
2023-05-22 23:09:00+00:00,419.44,419.36,419.43,500,500,419.395,8.47503701754264e-09,5.067095634880836e-05
2023-05-22 23:10:00+00:00,419.4,419.4,419.41,691,500,419.40580184718726,3.6725055626966405e-09,-2.7923408177255027e-05
2023-05-22 23:11:00+00:00,419.4,419.4,419.41,424,510,419.404539614561,3.200523572546253e-09,7.1554551206221e-05
2023-05-22 23:12:00+00:00,419.4,419.41,419.44,500,111,419.43454991816697,1.0961980854074747e-08,1.228571211187024e-05
2023-05-22 23:13:00+00:00,419.4,419.41,419.44,500,5,419.439702970297,4.852629161055877e-08,4.8301467368006e-05
2023-05-22 23:14:00+00:00,419.41,419.4,419.46,1600,1,419.45996252342286,2.4942501513468494e-08,8.934482531586241e-08
2023-05-22 23:15:00+00:00,419.41,419.43,419.46,500,50,419.4572727272727,1.689827246137673e-08,0.00014379970831757127
2023-05-22 23:16:00+00:00,419.54,419.52,419.55,11,1026,419.52031822565084,3.7093702909516475e-08,-6.044957034712084e-05
2023-05-22 23:17:00+00:00,419.5,419.51,419.53,399,150,419.52453551912566,8.539778457517484e-09,0.00013238156860784223
2023-05-22 23:18:00+00:00,419.56,419.53,419.56,500,232,419.55049180327865,1.3515305740344871e-08,3.059461016907683e-05
2023-05-22 23:19:00+00:00,419.56,419.56,419.58,100,502,419.5633222591362,2.8878125441508597e-08,5.1406967935596626e-05
2023-05-22 23:20:00+00:00,419.56,419.56,419.59,1000,205,419.58489626556013,2.318679823168419e-08,0.0002592246266988063
2023-05-22 23:21:00+00:00,419.69,419.69,419.7,100,173,419.693663003663,1.2869275891041814e-07,0.0006169478037774123
2023-05-22 23:22:00+00:00,419.95,419.95,419.98,190,2009,419.9525920873124,6.135229477748874e-08,-0.00011893015885588998
2023-05-22 23:23:00+00:00,419.9,419.9,419.92,100,1329,419.90139958012594,1.0677693492059895e-08,-0.00011923110463885056
2023-05-22 23:24:00+00:00,419.85,419.85,419.86,174,500,419.8525816023739,3.857483576356688e-08,-1.081195684649039e-06
2023-05-22 23:25:00+00:00,419.85,419.85,419.88,124,1310,419.8525941422594,1.8807334405889786e-08,-0.00012059819008947148
2023-05-22 23:26:00+00:00,419.79,419.79,419.82,400,805,419.7999585062241,4.752121961922416e-09,8.199408662301622e-05
2023-05-22 23:27:00+00:00,419.82,419.8,419.85,1275,500,419.8359154929577,1.936965359369058e-10,1.4375701054003542e-06
2023-05-22 23:28:00+00:00,419.83,419.8,419.84,1175,112,419.836519036519,1.5111487275200824e-08,0.00017016376670841993
2023-05-22 23:29:00+00:00,419.91,419.9,419.91,199,51,419.90796,5.034781211278224e-09,-5.46786491021356e-05
2023-05-22 23:30:00+00:00,419.92,419.88,419.92,500,94,419.91367003367003,1.4956870221423162e-08,2.679305047825764e-05
2023-05-22 23:31:00+00:00,419.88,419.87,419.91,2100,1100,419.89625,1.283779996178665e-08,6.753944544035662e-05
2023-05-22 23:32:00+00:00,419.93,419.91,419.94,500,813,419.92142421934506,8.849058925507606e-09,1.2688312890585252e-05
2023-05-22 23:33:00+00:00,419.94,419.92,419.95,1100,1216,419.9342487046632,4.662106767921272e-09,-0.0001189191105978038
2023-05-22 23:34:00+00:00,419.9,419.86,419.88,1100,500,419.87375,4.202437955241758e-08,4.860821448282593e-05
2023-05-22 23:35:00+00:00,419.9,419.9,419.92,23,1100,419.900409617097,1.0526363230644361e-08,6.951739563576531e-05
2023-05-22 23:36:00+00:00,419.9,419.92,419.93,120,5,419.9296,1.6157008202822155e-08,-0.00013671728391861926
2023-05-22 23:37:00+00:00,419.9,419.86,419.9,1100,2510,419.87218836565097,3.817220481065276e-09,6.497596118371085e-05
2023-05-22 23:38:00+00:00,419.86,419.85,419.9,1400,15,419.8994699646643,1.9699985916903027e-08,-5.1714432088734164e-05
2023-05-22 23:39:00+00:00,419.85,419.81,419.86,500,1110,419.8255279503106,3.106958148370808e-08,-0.00017327686727064417
2023-05-22 23:40:00+00:00,419.84,419.78,419.83,1100,1100,419.805,1.29657157120283e-08,1.8613828570046564e-05
2023-05-22 23:41:00+00:00,419.79,419.79,419.83,1593,1200,419.81281417830286,2.3475514345644846e-08,-9.056122078765494e-05
2023-05-22 23:42:00+00:00,419.79,419.75,419.78,505,106,419.77479541734857,1.4885312423558058e-08,-2.929050882238826e-05
2023-05-22 23:43:00+00:00,419.8,419.76,419.79,1100,1100,419.775,7.468228865490769e-09,6.165219984444192e-05
2023-05-22 23:44:00+00:00,419.79,419.77,419.79,1100,97,419.7883792815372,9.124112284383024e-09,0.000118247047633524
2023-05-22 23:45:00+00:00,419.82,419.82,419.84,1000,209,419.83654259718776,8.580673769574343e-09,5.211886139488975e-05
2023-05-22 23:46:00+00:00,419.89,419.84,419.88,1089,1100,419.85989949748745,9.536928766587545e-09,-1.1728966063051516e-05
2023-05-22 23:47:00+00:00,419.88,419.83,419.88,499,495,419.8551006036217,9.89703988447549e-09,5.620143859874638e-05
2023-05-22 23:48:00+00:00,419.88,419.86,419.89,1300,1200,419.8756,1.0338446937855462e-08,3.024305968990504e-06
2023-05-22 23:49:00+00:00,419.87,419.86,419.88,500,4,419.8798412698413,1.1445637447263615e-08,-0.00010487302457529157
2023-05-22 23:50:00+00:00,419.86,419.83,419.85,500,1222,419.83580720092914,2.038012875002223e-08,0.00019737125505181474
2023-05-22 23:51:00+00:00,419.9,419.89,419.92,1100,51,419.9186707211121,2.2949636854333958e-08,-0.00011583581902996354
2023-05-22 23:52:00+00:00,419.87,419.87,419.88,3,1028,419.87002909796314,2.0467455839896076e-08,1.9715998013980496e-05
2023-05-22 23:53:00+00:00,419.87,419.85,419.9,796,610,419.878307254623,1.2857027896750081e-08,-2.0540987213268913e-05
2023-05-22 23:54:00+00:00,419.88,419.84,419.89,1100,500,419.874375,7.129904315595916e-09,2.4529781323501254e-05
2023-05-22 23:55:00+00:00,419.87,419.87,419.88,1100,2,419.87998185117965,2.689746233026086e-08,2.3905070769769665e-05
2023-05-22 23:56:00+00:00,419.9,419.89,419.9,17,8878,419.89001911186057,8.854038275210282e-09,4.7349031286669785e-05
2023-05-22 23:57:00+00:00,419.9,419.89,419.91,200,801,419.893996003996,6.615798784996515e-09,-2.3813459510080293e-05
2023-05-22 23:58:00+00:00,419.88,419.89,419.9,200,2,419.899900990099,4.109109575582466e-09,6.457096333511991e-05
2023-05-22 23:59:00+00:00,419.9,419.9,419.93,1131,125,419.9270143312103,6.02434387879906e-09,9.640973970048705e-06
