ts_recv,price,bid_px_00,ask_px_00,bid_sz_00,ask_sz_00,weighted_mid,rv_60s,ret_60s
2020-12-29 08:01:00+00:00,,,,0,0,,0.0,
2020-12-29 08:02:00+00:00,,,,0,0,,0.0,
2020-12-29 08:03:00+00:00,,,,0,0,,0.0,
2020-12-29 08:04:00+00:00,,,,0,0,,0.0,
2020-12-29 08:05:00+00:00,,,,0,0,,0.0,
2020-12-29 08:06:00+00:00,,,,0,0,,0.0,
2020-12-29 08:07:00+00:00,,,,0,0,,0.0,
2020-12-29 08:08:00+00:00,,,,0,0,,0.0,
2020-12-29 08:09:00+00:00,,,,0,0,,0.0,
2020-12-29 08:10:00+00:00,,,,0,0,,0.0,
2020-12-29 08:11:00+00:00,,,,0,0,,0.0,
2020-12-29 08:12:00+00:00,,,,0,0,,0.0,
2020-12-29 08:13:00+00:00,,,,0,0,,0.0,
2020-12-29 08:14:00+00:00,,,,0,0,,0.0,
2020-12-29 08:15:00+00:00,,,,0,0,,0.0,
2020-12-29 08:16:00+00:00,,,,0,0,,0.0,
2020-12-29 08:17:00+00:00,,,,0,0,,0.0,
2020-12-29 08:18:00+00:00,,,,0,0,,0.0,
2020-12-29 08:19:00+00:00,,,,0,0,,0.0,
2020-12-29 08:20:00+00:00,,,,0,0,,0.0,
2020-12-29 08:21:00+00:00,,,,0,0,,0.0,
2020-12-29 08:22:00+00:00,,,,0,0,,0.0,
2020-12-29 08:23:00+00:00,,,,0,0,,0.0,
2020-12-29 08:24:00+00:00,,,,0,0,,0.0,
2020-12-29 08:25:00+00:00,,,,0,0,,0.0,
2020-12-29 08:26:00+00:00,,,,0,0,,0.0,
2020-12-29 08:27:00+00:00,,,,0,0,,0.0,
2020-12-29 08:28:00+00:00,,,,0,0,,0.0,
2020-12-29 08:29:00+00:00,,,,0,0,,0.0,
2020-12-29 08:30:00+00:00,,,,0,0,,0.0,
2020-12-29 08:31:00+00:00,,,,0,0,,0.0,
2020-12-29 08:32:00+00:00,,,,0,0,,0.0,
2020-12-29 08:33:00+00:00,,,,0,0,,0.0,
2020-12-29 08:34:00+00:00,,,,0,0,,0.0,
2020-12-29 08:35:00+00:00,,,,0,0,,0.0,
2020-12-29 08:36:00+00:00,,,,0,0,,0.0,
2020-12-29 08:37:00+00:00,,,,0,0,,0.0,
2020-12-29 08:38:00+00:00,,,,0,0,,0.0,
2020-12-29 08:39:00+00:00,,,,0,0,,0.0,
2020-12-29 08:40:00+00:00,,,,0,0,,0.0,
2020-12-29 08:41:00+00:00,,,,0,0,,0.0,
2020-12-29 08:42:00+00:00,,,,0,0,,0.0,
2020-12-29 08:43:00+00:00,,,,0,0,,0.0,
2020-12-29 08:44:00+00:00,,,,0,0,,0.0,
2020-12-29 08:45:00+00:00,,,,0,0,,0.0,
2020-12-29 08:46:00+00:00,,,,0,0,,0.0,
2020-12-29 08:47:00+00:00,,,,0,0,,0.0,
2020-12-29 08:48:00+00:00,,,,0,0,,0.0,
2020-12-29 08:49:00+00:00,,,,0,0,,0.0,
2020-12-29 08:50:00+00:00,,,,0,0,,0.0,
2020-12-29 08:51:00+00:00,,,,0,0,,0.0,
2020-12-29 08:52:00+00:00,,,,0,0,,0.0,
2020-12-29 08:53:00+00:00,,,,0,0,,0.0,
2020-12-29 08:54:00+00:00,,,,0,0,,0.0,
2020-12-29 08:55:00+00:00,,,,0,0,,0.0,
2020-12-29 08:56:00+00:00,,,,0,0,,0.0,
2020-12-29 08:57:00+00:00,,,,0,0,,0.0,
2020-12-29 08:58:00+00:00,,,,0,0,,0.0,
2020-12-29 08:59:00+00:00,,,,0,0,,0.0,
2020-12-29 09:00:00+00:00,,,,0,0,,3.438391222065524e-08,
2020-12-29 09:01:00+00:00,373.79,373.75,373.8,600,500,373.7772727272727,4.058344299086843e-08,0.00013377031636685466
2020-12-29 09:02:00+00:00,373.91,373.8,373.85,500,500,373.825,2.8372859634339593e-08,8.916828284188938e-06
2020-12-29 09:03:00+00:00,373.83,373.82,373.83,500,100,373.8283333333333,5.0313773367428884e-08,0.00018441457693874064
2020-12-29 09:04:00+00:00,373.92,373.88,373.93,500,600,373.90272727272725,1.4282529179003064e-08,0.00013767758280724962
2020-12-29 09:05:00+00:00,373.95,373.93,373.98,600,1000,373.94875,2.1774618502861662e-08,6.31395062329343e-05
2020-12-29 09:06:00+00:00,374.0,373.96,374.0,500,1118,373.97236093943144,1.846229574829531e-08,0.0001589883333554809
2020-12-29 09:07:00+00:00,374.03,374.01,374.05,600,500,374.0318181818182,2.942181643869624e-08,-0.00013843277267211462
2020-12-29 09:08:00+00:00,374.01,373.98,374.01,1,500,373.98005988023954,3.205451633664885e-08,1.1571343727645456e-07
2020-12-29 09:09:00+00:00,374.01,373.98,374.01,1,500,373.98005988023954,1.875689393193356e-08,-6.388767626597236e-05
2020-12-29 09:10:00+00:00,373.98,373.93,373.98,650,500,373.9582608695652,2.061787518918527e-08,6.366928644552239e-05
2020-12-29 09:11:00+00:00,374.0,373.93,374.0,650,500,373.9695652173913,1.6324849345132647e-08,-1.1698486550137943e-05
2020-12-29 09:12:00+00:00,374.0,373.97,374.03,100,601,373.97855920114125,1.7579971136595018e-08,7.241549589243057e-05
2020-12-29 09:13:00+00:00,374.0,373.98,374.03,500,601,374.00270663033604,5.834427492473802e-09,-0.0001264239554533697
2020-12-29 09:14:00+00:00,373.96,373.93,373.96,550,99,373.95542372881357,4.481789087869636e-09,-3.337978687012466e-05
2020-12-29 09:15:00+00:00,373.96,373.93,373.95,50,800,373.93117647058824,2.5271789092391097e-08,-1.2406410623944097e-05
2020-12-29 09:16:00+00:00,373.92,373.91,373.94,500,30,373.93830188679243,3.096941400259559e-09,0.0
2020-12-29 09:17:00+00:00,373.92,373.91,373.94,500,30,373.93830188679243,1.10691844564511e-09,-1.7338969935720705e-05
2020-12-29 09:18:00+00:00,373.95,373.91,373.95,600,500,373.9318181818182,2.9490748270644833e-10,0.0
2020-12-29 09:19:00+00:00,373.95,373.91,373.95,600,500,373.9318181818182,2.7570370038833794e-08,-7.171944326267443e-05
2020-12-29 09:20:00+00:00,373.95,373.88,373.93,500,600,373.90272727272725,9.085427489049167e-09,-8.000763358950724e-05
2020-12-29 09:21:00+00:00,373.9,373.87,373.9,100,490,373.8750847457627,4.6722816657479555e-09,-6.629945955505256e-05
2020-12-29 09:22:00+00:00,373.85,373.85,373.88,5,500,373.850297029703,0.0,0.0
2020-12-29 09:23:00+00:00,373.85,373.85,373.88,5,500,373.850297029703,5.75264706697061e-09,6.607717178042094e-05
2020-12-29 09:24:00+00:00,373.85,373.87,373.9,100,500,373.875,1.3727474805513243e-08,5.795163267574566e-05
2020-12-29 09:25:00+00:00,373.85,373.89,373.93,100,500,373.89666666666665,8.851129652549402e-09,9.401398376973624e-05
2020-12-29 09:26:00+00:00,373.85,373.91,373.95,600,500,373.9318181818182,2.8493511398015842e-08,-7.171944326267443e-05
2020-12-29 09:27:00+00:00,373.85,373.88,373.93,500,500,373.905,6.5371579126613905e-09,-2.228730114151034e-05
2020-12-29 09:28:00+00:00,373.85,373.89,373.93,100,500,373.89666666666665,8.29217427799233e-09,9.348827649779956e-05
2020-12-29 09:29:00+00:00,373.85,373.91,373.95,600,510,373.9316216216216,1.9957373960574876e-08,6.263207830303763e-05
2020-12-29 09:30:00+00:00,373.95,373.93,373.96,500,99,373.95504173622703,2.4555612344713157e-08,-6.696456373678217e-05
2020-12-29 09:31:00+00:00,373.95,373.91,373.95,500,500,373.93,1.5529293265715725e-08,7.583073709960253e-05
2020-12-29 09:32:00+00:00,373.95,373.93,373.96,500,29,373.9583553875236,1.4165157330269731e-09,-3.762363652315415e-05
2020-12-29 09:33:00+00:00,373.95,373.93,373.95,500,200,373.94428571428574,1.795933802698355e-08,-5.8259251760173214e-05
2020-12-29 09:34:00+00:00,373.92,373.91,373.95,500,1100,373.9225,1.389821834369772e-08,3.891503344166658e-05
2020-12-29 09:35:00+00:00,373.93,373.93,373.95,599,1100,373.9370512065921,1.3685109787274242e-08,-5.171486054944552e-07
2020-12-29 09:36:00+00:00,373.93,373.93,373.96,1174,29,373.95927680798,4.0340009992140096e-08,5.7489818150235905e-05
2020-12-29 09:37:00+00:00,373.91,373.92,373.96,500,29,373.9578071833648,2.8572339950907915e-09,3.6442171706951854e-06
2020-12-29 09:38:00+00:00,373.91,373.95,373.96,1000,29,373.95971817298346,1.2272527848799095e-08,5.805544658987749e-05
2020-12-29 09:39:00+00:00,373.97,373.95,373.99,500,200,373.97857142857146,2.2177297173318538e-08,-7.418646698109654e-05
2020-12-29 09:40:00+00:00,373.97,373.93,373.98,900,1000,373.9536842105263,1.844923427656326e-08,-4.55070897230625e-05
2020-12-29 09:41:00+00:00,373.97,373.93,373.95,300,100,373.945,1.3907604351838283e-08,-9.076241236771754e-05
2020-12-29 09:42:00+00:00,373.93,373.88,373.93,500,600,373.90272727272725,1.9347082988482676e-08,0.0
2020-12-29 09:43:00+00:00,373.93,373.88,373.93,500,600,373.90272727272725,8.848574984954224e-09,-6.078391803410188e-05
2020-12-29 09:44:00+00:00,373.93,373.86,373.9,500,500,373.88,0.0,0.0
2020-12-29 09:45:00+00:00,373.93,373.86,373.9,500,500,373.88,1.9838939637262657e-08,-7.790257192730188e-05
2020-12-29 09:46:00+00:00,373.93,373.85,373.88,15,500,373.8508737864078,1.2884807702188607e-11,-2.072421281251735e-06
2020-12-29 09:47:00+00:00,373.93,373.85,373.86,15,1500,373.850099009901,1.6061489000561362e-08,-0.00012671318611168214
2020-12-29 09:48:00+00:00,373.85,373.78,373.83,500,600,373.8027272727273,3.714671782728923e-08,0.0
2020-12-29 09:49:00+00:00,373.85,373.78,373.83,500,600,373.8027272727273,1.8898674265835286e-08,7.296021479485937e-05
2020-12-29 09:50:00+00:00,373.85,373.81,373.85,500,500,373.83,6.417269518254397e-09,6.687531765781074e-05
2020-12-29 09:51:00+00:00,373.83,373.83,373.88,500,500,373.855,3.0499308327761536e-08,-7.173417987782482e-05
2020-12-29 09:52:00+00:00,373.83,373.81,373.85,500,600,373.8281818181818,1.3742693659987692e-08,9.72736624271775e-06
2020-12-29 09:53:00+00:00,373.83,373.81,373.85,600,500,373.83181818181816,1.3621827779871674e-09,0.0
2020-12-29 09:54:00+00:00,373.83,373.81,373.85,600,500,373.83181818181816,3.00942286145305e-09,0.0
2020-12-29 09:55:00+00:00,373.86,373.81,373.85,600,500,373.83181818181816,6.837840647274214e-09,-7.611362771442476e-05
2020-12-29 09:56:00+00:00,373.83,373.78,373.83,500,470,373.80577319587627,2.6336229691479226e-08,-1.7918028436647582e-05
2020-12-29 09:57:00+00:00,373.83,373.79,373.83,100,500,373.7966666666667,1.5695865394284034e-08,1.621364394344127e-05
2020-12-29 09:58:00+00:00,373.83,373.78,373.83,500,600,373.8027272727273,3.429539364516595e-09,-1.6213381065499632e-05
2020-12-29 09:59:00+00:00,373.83,373.79,373.83,100,500,373.7966666666667,3.167273844349603e-08,2.229376042239828e-05
2020-12-29 10:00:00+00:00,373.79,373.78,373.83,500,500,373.805,1.092522113715524e-08,4.0127874158857324e-05
2020-12-29 10:01:00+00:00,373.79,373.79,373.85,600,600,373.82,1.5317660993362603e-08,0.00016050505590925468
2020-12-29 10:02:00+00:00,373.79,373.86,373.9,500,500,373.88,1.8811983302661142e-11,4.337278328936378e-06
2020-12-29 10:03:00+00:00,373.9,373.86,373.9,500,425,373.8816216216216,5.51298115940753e-10,5.021598257215487e-07
2020-12-29 10:04:00+00:00,373.86,373.86,373.89,450,169,373.88180936995155,1.4312824444489713e-11,5.04788536281886e-06
2020-12-29 10:05:00+00:00,373.89,373.86,373.89,500,133,373.88369668246446,3.452380229984672e-08,-1.7148522166166025e-05
2020-12-29 10:06:00+00:00,373.86,373.85,373.89,500,233,373.87728512960433,1.1271507019938871e-08,-0.0002067125569757966
2020-12-29 10:07:00+00:00,373.86,373.77,373.81,500,100,373.80333333333334,1.950172967667768e-08,0.0
2020-12-29 10:08:00+00:00,373.86,373.78,373.82,500,500,373.8,1.2462387120371793e-08,5.79632602104585e-05
2020-12-29 10:09:00+00:00,373.86,373.78,373.83,500,100,373.82166666666666,2.3446955610662633e-08,-5.795990066559398e-05
2020-12-29 10:10:00+00:00,373.86,373.78,373.82,500,500,373.8,1.8986245779814048e-08,0.00011369716425879695
2020-12-29 10:11:00+00:00,373.86,373.83,373.87,500,1100,373.8425,6.965409547524836e-09,9.304755238992435e-05
2020-12-29 10:12:00+00:00,373.86,373.85,373.89,500,233,373.87728512960433,2.512565332341594e-09,2.8388364237796893e-05
2020-12-29 10:13:00+00:00,373.86,373.88,373.89,500,133,373.88789889415483,0.0,0.0
2020-12-29 10:14:00+00:00,373.86,373.88,373.89,500,133,373.88789889415483,3.1317245414104856e-09,-5.619614465768308e-06
2020-12-29 10:15:00+00:00,373.86,373.87,373.89,500,133,373.8857977883096,1.994182751222322e-08,-0.00010060818129564719
2020-12-29 10:16:00+00:00,373.86,373.83,373.87,500,600,373.84818181818184,2.828477861670676e-08,-0.000146188771472211
2020-12-29 10:17:00+00:00,373.86,373.79,373.85,100,1600,373.7935294117647,3.680336843854331e-09,7.811226964915541e-05
2020-12-29 10:18:00+00:00,373.86,373.8,373.85,500,600,373.82272727272726,0.0,0.0
2020-12-29 10:19:00+00:00,373.86,373.8,373.85,500,600,373.82272727272726,7.3929819324588464e-09,0.0
2020-12-29 10:20:00+00:00,373.86,373.8,373.85,500,600,373.82272727272726,1.606632692452795e-08,-6.079692610738707e-05
2020-12-29 10:21:00+00:00,373.86,373.78,373.82,500,500,373.8,6.719089619390843e-09,0.0
2020-12-29 10:22:00+00:00,373.86,373.78,373.82,500,500,373.8,2.9229247793768107e-08,0.00012889731990850528
2020-12-29 10:23:00+00:00,373.86,373.83,373.87,500,600,373.84818181818184,0.0,0.0
2020-12-29 10:24:00+00:00,373.86,373.83,373.87,500,600,373.84818181818184,6.486368648247513e-09,7.784794159215735e-05
2020-12-29 10:25:00+00:00,373.86,373.85,373.89,500,233,373.87728512960433,2.5423358183779303e-08,-7.784188176185314e-05
2020-12-29 10:26:00+00:00,373.86,373.83,373.87,500,600,373.84818181818184,1.5243212209502854e-08,8.380556984466381e-05
2020-12-29 10:27:00+00:00,373.86,373.83,373.89,1100,233,373.87951237809455,2.0784874224881423e-09,2.2431066112549303e-05
2020-12-29 10:28:00+00:00,373.86,373.88,373.89,500,133,373.88789889415483,3.0448627737408618e-09,-2.8387558361431253e-05
2020-12-29 10:29:00+00:00,373.86,373.85,373.89,500,233,373.87728512960433,3.813285196619748e-10,0.0
2020-12-29 10:30:00+00:00,373.86,373.85,373.89,500,233,373.87728512960433,8.523303423720583e-10,0.0
2020-12-29 10:31:00+00:00,373.86,373.85,373.89,500,233,373.87728512960433,2.639886808676265e-09,1.6176975626835954e-05
2020-12-29 10:32:00+00:00,373.89,373.85,373.89,500,100,373.8833333333333,1.4528606045677875e-08,4.839808700207726e-05
2020-12-29 10:33:00+00:00,373.89,373.85,373.91,1100,100,373.905,1.828189660676784e-08,-6.460484584980275e-05
2020-12-29 10:34:00+00:00,373.89,373.85,373.9,600,500,373.8772727272727,3.661417214643288e-08,4.295689316302642e-05
2020-12-29 10:35:00+00:00,373.85,373.88,373.92,500,1000,373.8933333333333,5.580373169776648e-09,0.00011875717421183651
2020-12-29 10:36:00+00:00,373.93,373.9,373.94,500,30,373.9377358490566,0.0,0.0
2020-12-29 10:37:00+00:00,373.93,373.9,373.94,500,30,373.9377358490566,5.204222136705219e-09,-0.00010091479259488612
2020-12-29 10:38:00+00:00,373.93,373.9,373.94,500,30,373.9377358490566,1.01858510668202e-08,0.00010092497741798212
2020-12-29 10:39:00+00:00,373.93,373.9,373.94,500,30,373.9377358490566,4.30327014213543e-11,4.541165666838154e-06
2020-12-29 10:40:00+00:00,373.93,373.93,373.94,500,30,373.93943396226416,2.430131970439748e-08,-0.00010545547937090838
2020-12-29 10:41:00+00:00,373.93,373.88,373.92,500,500,373.9,1.364071058333059e-08,0.00010092497741798212
2020-12-29 10:42:00+00:00,373.93,373.9,373.94,500,30,373.9377358490566,1.4328531119145151e-08,-0.00016169301995316854
2020-12-29 10:43:00+00:00,373.93,373.85,373.9,600,500,373.8772727272727,1.5376011812343475e-11,0.0
2020-12-29 10:44:00+00:00,373.9,373.85,373.9,600,500,373.8772727272727,1.4222783653153124e-08,-6.808262312618663e-05
2020-12-29 10:45:00+00:00,373.9,373.83,373.87,600,500,373.8518181818182,5.391204030789086e-10,3.200759091104288e-07
2020-12-29 10:46:00+00:00,373.87,373.83,373.87,600,494,373.8519378427788,2.3249134138868466e-08,-3.2007580674786595e-07
2020-12-29 10:47:00+00:00,373.87,373.83,373.87,600,500,373.8518181818182,1.0199994479826258e-08,6.808725868534538e-05
2020-12-29 10:48:00+00:00,373.87,373.85,373.9,600,500,373.8772727272727,0.0,0.0
2020-12-29 10:49:00+00:00,373.87,373.85,373.9,600,500,373.8772727272727,4.834576265531419e-09,-4.2964270993706144e-05
2020-12-29 10:50:00+00:00,373.87,373.83,373.87,600,169,373.8612093628089,0.0,0.0
2020-12-29 10:51:00+00:00,373.87,373.83,373.87,600,169,373.8612093628089,1.635154592440592e-08,0.00011713073219254966
2020-12-29 10:52:00+00:00,373.9,373.88,373.91,500,100,373.905,1.002668666572421e-09,-9.783256864626111e-06
2020-12-29 10:53:00+00:00,373.88,373.89,373.91,131,100,373.901341991342,1.0633509920707114e-08,8.898976691584792e-05
2020-12-29 10:54:00+00:00,373.94,373.91,373.95,800,500,373.93461538461537,3.6222801105550464e-09,3.77996976024253e-05
2020-12-29 10:55:00+00:00,373.94,373.93,373.98,600,1000,373.94875,6.325538675265326e-10,3.342704047004652e-05
2020-12-29 10:56:00+00:00,373.94,373.95,373.98,300,500,373.96125,2.7358567179667954e-09,-7.122292853778411e-05
2020-12-29 10:57:00+00:00,373.95,373.91,373.95,800,500,373.93461538461537,0.0,0.0
2020-12-29 10:58:00+00:00,373.95,373.91,373.95,800,500,373.93461538461537,2.5549521401823778e-09,-5.054653440328405e-05
2020-12-29 10:59:00+00:00,373.95,373.91,373.93,200,500,373.9157142857143,5.110162587887361e-09,0.0
2020-12-29 11:00:00+00:00,373.95,373.91,373.93,200,500,373.9157142857143,1.169015284952135e-08,1.1461712150717673e-05
2020-12-29 11:01:00+00:00,373.91,373.91,373.93,500,500,373.92,2.0316723544826822e-08,-4.6193643754688374e-05
2020-12-29 11:02:00+00:00,373.91,373.88,373.93,500,600,373.90272727272725,4.957855634046858e-09,-6.078391803410188e-05
2020-12-29 11:03:00+00:00,373.91,373.86,373.9,500,500,373.88,1.0642063224507985e-10,0.0
2020-12-29 11:04:00+00:00,373.91,373.83,373.89,600,100,373.88142857142856,7.562365824998195e-09,-6.078761294336932e-05
2020-12-29 11:05:00+00:00,373.9,373.83,373.88,600,500,373.85727272727274,3.286341628205147e-08,-6.808626529819506e-05
2020-12-29 11:06:00+00:00,373.83,373.81,373.85,600,500,373.83181818181816,1.736674717966026e-08,-9.403029234500426e-05
2020-12-29 11:07:00+00:00,373.83,373.79,373.83,100,500,373.7966666666667,7.118354181550336e-09,0.0
2020-12-29 11:08:00+00:00,373.83,373.79,373.83,100,500,373.7966666666667,2.6221774498485665e-09,-4.9451614027806734e-05
2020-12-29 11:09:00+00:00,373.83,373.76,373.8,500,600,373.7781818181818,6.839782164683514e-10,-2.4762354633445227e-06
2020-12-29 11:10:00+00:00,373.8,373.76,373.8,500,659,373.77725625539256,9.238248392951099e-09,8.091381725683355e-05
2020-12-29 11:11:00+00:00,373.82,373.8,373.82,300,500,373.8075,1.3326991500682406e-09,0.0
2020-12-29 11:12:00+00:00,373.82,373.8,373.82,300,500,373.8075,2.4430662037782653e-10,-1.5605180028077648e-05
2020-12-29 11:13:00+00:00,373.82,373.8,373.81,300,1500,373.8016666666667,0.0,0.0
2020-12-29 11:14:00+00:00,373.82,373.8,373.81,300,1500,373.8016666666667,2.1902488361494488e-09,9.704212966088477e-06
2020-12-29 11:15:00+00:00,373.82,373.8,373.82,180,500,373.80529411764707,1.0369060184648842e-09,3.2125498284907295e-05
2020-12-29 11:16:00+00:00,373.83,373.8,373.83,680,499,373.81730279898215,2.7872337060392974e-09,2.506121312118026e-05
2020-12-29 11:17:00+00:00,373.83,373.82,373.83,1000,499,373.826671114076,1.993702303864574e-11,4.465089365135455e-06
2020-12-29 11:18:00+00:00,373.83,373.82,373.83,1000,199,373.8283402835696,4.838951319827272e-09,-1.3728473447160994e-05
2020-12-29 11:19:00+00:00,373.83,373.8,373.83,680,199,373.82320819112624,6.082763729996477e-10,7.070994767488514e-08
2020-12-29 11:20:00+00:00,373.83,373.8,373.83,680,198,373.82323462414575,3.3735135701479663e-09,-4.799195137439316e-05
2020-12-29 11:21:00+00:00,373.83,373.8,373.82,180,500,373.80529411764707,1.0398636106442081e-11,0.0
2020-12-29 11:22:00+00:00,373.82,373.8,373.82,180,500,373.80529411764707,0.0,0.0
2020-12-29 11:23:00+00:00,373.82,373.81,373.83,100,198,373.81671140939596,6.224675226316436e-08,-0.0002950576660702975
2020-12-29 11:24:00+00:00,373.8,373.69,373.72,100,500,373.695,1.519808102578119e-08,-0.00010703916295384808
2020-12-29 11:25:00+00:00,373.66,373.63,373.66,500,100,373.655,2.807153057427352e-08,8.920885130381251e-06
2020-12-29 11:26:00+00:00,373.66,373.65,373.66,500,100,373.65833333333336,6.381095385349491e-09,7.988175877726711e-05
2020-12-29 11:27:00+00:00,373.66,373.67,373.71,500,600,373.6881818181818,2.641214907018647e-08,-5.352055797613886e-05
2020-12-29 11:28:00+00:00,373.67,373.65,373.69,500,600,373.66818181818184,1.599177986587116e-08,9.853175520313506e-05
2020-12-29 11:29:00+00:00,373.69,373.65,373.71,1100,100,373.705,9.826547144478948e-09,4.3167941214949934e-05
2020-12-29 11:30:00+00:00,373.72,373.72,373.74,30,500,373.7211320754717,2.3737831165171203e-08,-0.00013195372008978357
2020-12-29 11:31:00+00:00,373.72,373.65,373.69,600,500,373.6718181818182,1.2677143409844184e-10,1.390205239459874e-05
2020-12-29 11:32:00+00:00,373.67,373.67,373.69,270,500,373.677012987013,1.3196683885635366e-08,0.00010165734489087086
2020-12-29 11:33:00+00:00,373.67,373.73,373.75,100,300,373.735,2.488130170853958e-08,-3.929475501385227e-05
2020-12-29 11:34:00+00:00,373.74,373.67,373.72,770,500,373.70031496062995,6.19027903868175e-09,3.9431447688587085e-05
2020-12-29 11:35:00+00:00,373.74,373.71,373.74,100,494,373.7150505050505,2.0714662212710678e-10,1.854749205865147e-05
2020-12-29 11:36:00+00:00,373.74,373.72,373.74,22,200,373.72198198198197,1.2332547872252217e-09,3.929307183603292e-05
2020-12-29 11:37:00+00:00,373.75,373.73,373.75,100,200,373.7366666666667,1.0842212057447307e-09,4.459467896289482e-05
2020-12-29 11:38:00+00:00,373.75,373.75,373.77,100,500,373.75333333333333,2.612687219311836e-09,-5.096307470420225e-05
2020-12-29 11:39:00+00:00,373.75,373.73,373.74,300,400,373.7342857142857,4.343861305132219e-09,-6.580876728823348e-05
2020-12-29 11:40:00+00:00,373.73,373.67,373.72,770,200,373.7096907216495,3.5599780628778478e-09,-2.5088354014712877e-05
2020-12-29 11:41:00+00:00,373.74,373.67,373.72,770,500,373.70031496062995,4.7502285646149484e-09,-6.235470692450562e-05
2020-12-29 11:42:00+00:00,373.74,373.67,373.69,270,500,373.677012987013,5.19012561213404e-10,-1.6334684478147565e-05
2020-12-29 11:43:00+00:00,373.67,373.67,373.68,100,1000,373.6709090909091,5.572257675271215e-09,-8.028454790076633e-05
2020-12-29 11:44:00+00:00,373.67,373.64,373.65,100,1000,373.6409090909091,6.3737916793772064e-09,4.2173047367644045e-05
2020-12-29 11:45:00+00:00,373.67,373.65,373.69,600,500,373.6718181818182,6.795084438715754e-09,-3.122295868773772e-05
2020-12-29 11:46:00+00:00,373.67,373.64,373.67,100,500,373.645,4.681324620230947e-09,-0.0001203283326161042
2020-12-29 11:47:00+00:00,373.67,373.6,373.62,1,500,373.60003992015965,1.625820054790852e-08,-1.3490148878747554e-05
2020-12-29 11:48:00+00:00,373.6,373.59,373.62,100,500,373.595,1.1730386910714747e-08,0.00020471762598917032
2020-12-29 11:49:00+00:00,373.6,373.67,373.69,40,500,373.67148148148146,1.1052237322969093e-08,6.293902447485067e-05
2020-12-29 11:50:00+00:00,373.67,373.66,373.67,1000,1511,373.6639824771008,2.1871556013217826e-08,-1.8245311867115532e-05
2020-12-29 11:51:00+00:00,373.67,373.67,373.71,500,600,373.6881818181818,1.0289713581760914e-08,0.0
2020-12-29 11:52:00+00:00,373.67,373.67,373.71,500,600,373.6881818181818,8.774545405826974e-09,-6.555628154025772e-05
2020-12-29 11:53:00+00:00,373.67,373.64,373.69,540,600,373.6636842105263,1.4459728655380838e-08,0.00010510396811902467
2020-12-29 11:54:00+00:00,373.7,373.7,373.74,210,1500,373.70491228070176,9.948258890955174e-10,1.9639350109512677e-05
2020-12-29 11:55:00+00:00,373.7,373.71,373.74,110,500,373.7154098360656,8.09591287359854e-09,-0.00014605630196040664
2020-12-29 11:56:00+00:00,373.7,373.65,373.69,100,600,373.6557142857143,6.496480591805748e-12,2.548819450609585e-06
2020-12-29 11:57:00+00:00,373.7,373.65,373.69,100,500,373.6566666666667,1.2814916105148336e-08,0.00014516648324858217
2020-12-29 11:58:00+00:00,373.7,373.71,373.72,100,1000,373.71090909090907,3.0830940408848543e-09,-5.108469842995955e-05
2020-12-29 11:59:00+00:00,373.71,373.71,373.74,100,500,373.715,9.558856646274815e-09,0.00016199112855308506
2020-12-29 12:00:00+00:00,373.71,373.75,373.79,100,1600,373.75235294117647,2.215025683714131e-08,0.00022348865795063233
2020-12-29 12:01:00+00:00,373.83,373.82,373.85,635,120,373.8452317880795,9.392248197453427e-09,7.024607706562769e-05
2020-12-29 12:02:00+00:00,373.85,373.85,373.88,200,1300,373.854,1.379736109682859e-09,-8.500251064835762e-05
2020-12-29 12:03:00+00:00,373.84,373.83,373.84,6,159,373.8303636363636,4.092352913065103e-09,-2.1035306728700576e-05
2020-12-29 12:04:00+00:00,373.84,373.8,373.84,300,1000,373.8092307692308,1.014416450093642e-08,3.33382648616265e-05
2020-12-29 12:05:00+00:00,373.82,373.82,373.86,300,502,373.83496259351625,1.9688079796128258e-09,-5.3399482428773126e-05
2020-12-29 12:06:00+00:00,373.81,373.8,373.84,300,500,373.815,2.9741205214719428e-08,6.609580230643175e-05
2020-12-29 12:07:00+00:00,373.83,373.79,373.84,170,1,373.83970760233916,1.3670621227398039e-08,5.3537972227291064e-05
2020-12-29 12:08:00+00:00,373.84,373.85,373.86,35,1,373.8597222222222,3.4263258919272988e-09,-3.0463000456837364e-05
2020-12-29 12:09:00+00:00,373.85,373.84,373.85,500,100,373.84833333333336,9.41678769216829e-10,3.850208255729015e-05
2020-12-29 12:10:00+00:00,373.85,373.85,373.89,50,600,373.8530769230769,2.487529485721731e-08,-1.264440764603414e-05
2020-12-29 12:11:00+00:00,373.87,373.85,373.89,150,600,373.858,6.876366941712972e-09,7.5473083941624e-05
2020-12-29 12:12:00+00:00,373.87,373.87,373.9,600,510,373.8862162162162,1.1547493377975062e-09,2.3439921251311446e-05
2020-12-29 12:13:00+00:00,373.9,373.89,373.9,500,504,373.89498007968126,4.941263396713659e-09,-1.4161838466142385e-05
2020-12-29 12:14:00+00:00,373.89,373.87,373.89,25,2,373.88851851851854,1.5076361158561515e-08,2.3333223375887613e-05
2020-12-29 12:15:00+00:00,373.88,373.87,373.9,125,7,373.89840909090907,3.478014063569477e-09,-5.6131525599800725e-05
2020-12-29 12:16:00+00:00,373.88,373.86,373.88,500,74,373.8774216027875,6.927694742931836e-12,3.572626257275502e-06
2020-12-29 12:17:00+00:00,373.88,373.86,373.88,800,53,373.8787573270809,1.321027400648764e-12,-1.149359561081198e-06
2020-12-29 12:18:00+00:00,373.88,373.86,373.88,800,73,373.8783276059565,2.096087010536503e-12,1.525128900947692e-06
2020-12-29 12:19:00+00:00,373.86,373.86,373.88,821,49,373.8788735632184,3.580031312410967e-09,-8.208236291085136e-05
2020-12-29 12:20:00+00:00,373.85,373.84,373.85,550,120,373.84820895522387,1.729935933261342e-08,3.1491068272604394e-05
2020-12-29 12:21:00+00:00,373.85,373.84,373.88,550,551,373.8599818346957,6.813427289020935e-09,3.912467511901774e-05
2020-12-29 12:22:00+00:00,373.84,373.84,373.88,520,81,373.87460898502496,9.60972862011796e-09,-0.0001457068582629839
2020-12-29 12:23:00+00:00,373.84,373.82,373.86,2,600,373.82013289036547,4.650625151806749e-09,7.445327587563e-05
2020-12-29 12:24:00+00:00,373.85,373.84,373.85,501,128,373.8479650238474,2.062816127694665e-09,0.0
2020-12-29 12:25:00+00:00,373.85,373.84,373.85,501,128,373.8479650238474,4.189080978122436e-09,7.974566326307553e-05
2020-12-29 12:26:00+00:00,373.86,373.85,373.87,100,100,373.86,7.087868147696948e-09,5.887255604974939e-05
2020-12-29 12:27:00+00:00,373.88,373.88,373.9,1500,16,373.8997889182058,2.2039892366124085e-08,-0.00010588638875241863
2020-12-29 12:28:00+00:00,373.86,373.86,373.88,5,500,373.86019801980194,1.0833893316595965e-11,3.2914753511636974e-06
2020-12-29 12:29:00+00:00,373.88,373.86,373.89,5,100,373.8614285714285,1.5821693033154202e-08,-4.1502860947950637e-07
2020-12-29 12:30:00+00:00,373.85,373.85,373.88,301,500,373.8612734082397,1.655257920988727e-08,2.2817322722801237e-05
2020-12-29 12:31:00+00:00,373.85,373.86,373.87,500,10,373.86980392156863,5.6731943791145035e-12,0.0
2020-12-29 12:32:00+00:00,373.85,373.86,373.87,500,10,373.86980392156863,2.9007772083704345e-09,5.3830653572672915e-05
2020-12-29 12:33:00+00:00,373.86,373.86,373.89,425,1,373.8899295774648,2.7587665221033586e-08,-7.100496784129273e-05
2020-12-29 12:34:00+00:00,373.88,373.85,373.88,401,498,373.86338153503897,3.469086453594395e-09,8.530344276236335e-05
2020-12-29 12:35:00+00:00,373.9,373.86,373.9,500,67,373.8952733686067,1.6872766654068585e-08,3.3856742296389797e-06
2020-12-29 12:36:00+00:00,373.86,373.86,373.9,500,67,373.8952733686067,3.893050074596382e-08,-3.385662766808295e-06
2020-12-29 12:37:00+00:00,373.88,373.86,373.9,500,67,373.8952733686067,8.411383401315414e-09,-7.037477337679121e-05
2020-12-29 12:38:00+00:00,373.87,373.86,373.91,500,601,373.88270663033603,6.1779468714455975e-09,1.0601032669477206e-06
2020-12-29 12:39:00+00:00,373.86,373.85,373.87,301,10,373.86935691318325,5.38847264448915e-09,-3.9870351701165596e-05
2020-12-29 12:40:00+00:00,373.86,373.85,373.86,401,500,373.8544506104328,3.056671141614121e-08,-0.00027440489846952687
2020-12-29 12:41:00+00:00,373.75,373.75,373.78,49,740,373.7518631178707,1.3068871592485588e-08,2.3430082983555423e-05
2020-12-29 12:42:00+00:00,373.76,373.76,373.78,16,500,373.7606201550388,2.066509816478626e-08,-0.00013082174651657397
2020-12-29 12:43:00+00:00,373.74,373.71,373.73,50,530,373.711724137931,2.904049997152175e-08,-8.464826174203743e-05
2020-12-29 12:44:00+00:00,373.7,373.68,373.69,10,1100,373.6800900900901,6.07767376838613e-08,-2.5727620681204044e-05
2020-12-29 12:45:00+00:00,373.65,373.64,373.68,1600,500,373.67047619047617,1.853232359238894e-08,3.0195789396225692e-05
2020-12-29 12:46:00+00:00,373.67,373.67,373.69,1000,196,373.68672240802675,2.1993634073963146e-08,6.402990893961125e-05
2020-12-29 12:47:00+00:00,373.73,373.69,373.73,500,796,373.7054320987654,4.6152645154596787e-08,0.00010965953599861855
2020-12-29 12:48:00+00:00,373.73,373.72,373.76,1000,500,373.74666666666667,2.8237263085678462e-08,-8.82175479632874e-05
2020-12-29 12:49:00+00:00,373.73,373.7,373.73,420,500,373.7136956521739,7.619874562707303e-09,1.6833804725058243e-05
2020-12-29 12:50:00+00:00,373.7,373.7,373.73,1000,601,373.7187382885696,9.99527411539615e-10,-2.6766907566089237e-05
2020-12-29 12:51:00+00:00,373.7,373.69,373.73,600,601,373.70998334721065,1.5866181644501605e-08,2.6803278573517275e-05
2020-12-29 12:52:00+00:00,373.73,373.7,373.73,1000,500,373.72,4.279803022427272e-09,-6.656868452459275e-05
2020-12-29 12:53:00+00:00,373.7,373.68,373.7,310,100,373.6951219512195,9.753132704044168e-09,-0.00016980495817420227
2020-12-29 12:54:00+00:00,373.66,373.63,373.64,100,500,373.63166666666666,1.6532135391891984e-08,-3.1552363219833346e-05
2020-12-29 12:55:00+00:00,373.62,373.61,373.62,2000,26,373.61987166831193,1.910524005070328e-08,1.6798200306755717e-05
2020-12-29 12:56:00+00:00,373.62,373.62,373.63,160,100,373.62615384615384,3.4890559173050035e-08,0.00011248669718466608
2020-12-29 12:57:00+00:00,373.64,373.65,373.69,1000,600,373.675,9.175312929645076e-09,1.6759859595483206e-05
2020-12-29 12:58:00+00:00,373.69,373.65,373.69,1760,1120,373.6744444444444,3.8269912812886714e-09,6.996408570270063e-07
2020-12-29 12:59:00+00:00,373.69,373.66,373.69,500,520,373.67470588235295,1.649197724472801e-08,-1.9892047717462447e-05
2020-12-29 13:00:00+00:00,373.68,373.66,373.69,160,500,373.66727272727275,1.5551078471728128e-09,-4.61536167950527e-05
2020-12-29 13:01:00+00:00,373.66,373.65,373.67,2,1500,373.6500266311584,4.5334897948217273e-14,1.4197808839711001e-07
2020-12-29 13:02:00+00:00,373.66,373.65,373.67,2,500,373.6500796812749,8.576619684068152e-09,8.453627366722394e-05
2020-12-29 13:03:00+00:00,373.66,373.68,373.69,100,500,373.6816666666667,6.927983652229495e-09,-2.665196203599507e-05
2020-12-29 13:04:00+00:00,373.69,373.66,373.69,160,250,373.6717073170731,1.49523280764921e-08,6.796860877478217e-05
2020-12-29 13:05:00+00:00,373.69,373.69,373.7,80,100,373.69444444444446,1.049411490576529e-08,1.5391822998367388e-05
2020-12-29 13:06:00+00:00,373.72,373.7,373.72,250,1500,373.70285714285717,9.058324752818726e-09,1.0193991661244794e-05
2020-12-29 13:07:00+00:00,373.71,373.7,373.72,250,500,373.70666666666665,1.984529640242658e-09,-4.455551294879623e-05
2020-12-29 13:08:00+00:00,373.7,373.69,373.7,4,2500,373.69001597444094,1.9958981707575705e-09,-7.817007543953203e-05
2020-12-29 13:09:00+00:00,373.67,373.66,373.67,140,1600,373.6608045977012,2.308407250353672e-08,-8.934095747437087e-05
2020-12-29 13:10:00+00:00,373.64,373.62,373.64,295,500,373.6274213836478,1.2307485883116908e-08,-2.1010860287717925e-05
2020-12-29 13:11:00+00:00,373.62,373.6,373.62,662,11,373.6196731054978,9.028650128891263e-10,9.933586001320549e-06
2020-12-29 13:12:00+00:00,373.63,373.6,373.63,662,91,373.626374501992,5.716444676794554e-09,7.915923444734574e-06
2020-12-29 13:13:00+00:00,373.63,373.6,373.63,663,95,373.6262401055409,8.068327856140351e-09,3.5369965914799906e-05
2020-12-29 13:14:00+00:00,373.64,373.62,373.64,1500,42,373.6394552529183,1.687689294977379e-11,-4.001327730041027e-06
2020-12-29 13:15:00+00:00,373.64,373.63,373.64,160,41,373.63796019900497,2.7396446335632025e-10,7.417630453421253e-06
2020-12-29 13:16:00+00:00,373.64,373.64,373.67,15,600,373.64073170731706,1.1876504123716105e-09,1.4900691517105713e-05
2020-12-29 13:17:00+00:00,373.65,373.64,373.67,160,602,373.6462992125984,5.476173422307292e-09,-6.971061084481978e-05
2020-12-29 13:18:00+00:00,373.63,373.62,373.63,15,80,373.6215789473684,8.892485350941216e-10,5.8382446439075864e-05
2020-12-29 13:19:00+00:00,373.64,373.63,373.67,260,602,373.6420649651972,7.003968988273026e-10,1.402985834042525e-05
2020-12-29 13:20:00+00:00,373.64,373.64,373.67,161,600,373.64634691195795,5.058897469067424e-09,-7.14440196214472e-05
2020-12-29 13:21:00+00:00,373.64,373.62,373.64,15,475,373.620612244898,3.570763392359431e-08,-0.0002603681605791719
2020-12-29 13:22:00+00:00,373.53,373.52,373.54,200,1000,373.5233333333333,3.3084225331687444e-08,-4.056377152206192e-05
2020-12-29 13:23:00+00:00,373.47,373.47,373.51,2100,100,373.5081818181818,1.742268237303415e-08,-7.805842373365124e-06
2020-12-29 13:24:00+00:00,373.47,373.47,373.51,745,100,373.5052662721894,1.5557858524699255e-08,-1.6162971631095147e-06
2020-12-29 13:25:00+00:00,373.47,373.5,373.52,152,500,373.5046625766871,1.2282423177512403e-08,5.747305916559142e-05
2020-12-29 13:26:00+00:00,373.47,373.5,373.53,675,100,373.52612903225804,1.0030553274762043e-08,-4.958012054745442e-05
2020-12-29 13:27:00+00:00,373.49,373.48,373.51,1155,100,373.507609561753,1.5653944575737615e-09,-1.1448838819316798e-05
2020-12-29 13:28:00+00:00,373.5,373.49,373.51,200,100,373.50333333333333,2.4516044581526304e-09,-1.3622979316729733e-05
2020-12-29 13:29:00+00:00,373.51,373.49,373.52,379,1000,373.4982451051486,5.584691184266545e-09,-3.3288347400906027e-05
2020-12-29 13:30:00+00:00,373.49,373.48,373.52,102,1100,373.48339434276204,7.571880773612528e-09,-3.319803893853113e-05
2020-12-29 13:31:00+00:00,373.49,373.47,373.49,100,486,373.4734129692833,3.056572614530141e-09,-6.181189779286278e-05
2020-12-29 13:32:00+00:00,373.46,373.45,373.47,10,600,373.45032786885247,1.2710774263242707e-08,0.000154906717890535
2020-12-29 13:33:00+00:00,373.51,373.48,373.51,1500,97,373.50817783343774,8.262752058769326e-09,-4.5480549705212425e-05
2020-12-29 13:34:00+00:00,373.51,373.49,373.51,105,79,373.50141304347824,5.047239935029174e-09,-3.1695900611916628e-06
2020-12-29 13:35:00+00:00,373.49,373.49,373.5,1,1500,373.4900066622252,7.663568973937708e-09,-4.744691323299577e-05
2020-12-29 13:36:00+00:00,373.45,373.47,373.49,100,775,373.4722857142857,2.9608022382732406e-08,-8.526031448652382e-05
2020-12-29 13:37:00+00:00,373.49,373.44,373.47,15,1000,373.4404433497537,1.3228579995601623e-08,5.789448543902509e-05
2020-12-29 13:38:00+00:00,373.44,373.46,373.47,130,500,373.4620634920635,5.626268036966394e-09,3.9107119181425176e-05
2020-12-29 13:39:00+00:00,373.44,373.47,373.48,64,200,373.47242424242427,6.18776914354248e-10,-8.772412356750081e-06
2020-12-29 13:40:00+00:00,373.49,373.47,373.5,64,502,373.4733922261484,5.659409669112927e-09,9.667844998761943e-05
2020-12-29 13:41:00+00:00,373.5,373.5,373.51,1005,53,373.5094990548204,2.1699052993198604e-09,-1.225611395305748e-05
2020-12-29 13:42:00+00:00,373.5,373.5,373.52,969,702,373.51159784560144,1.2413693028432276e-08,-0.00016609456789407062
2020-12-29 13:43:00+00:00,373.47,373.44,373.47,117,600,373.4448953974895,3.1281719822936896e-09,3.473512992147043e-05
2020-12-29 13:44:00+00:00,373.47,373.45,373.47,207,500,373.45585572843004,1.9186868350384442e-08,1.3202396697220564e-05
2020-12-29 13:45:00+00:00,373.47,373.46,373.47,128,1500,373.46078624078626,8.621071524329846e-09,-1.5382186457357783e-05
2020-12-29 13:46:00+00:00,373.45,373.44,373.46,100,500,373.4433333333333,3.287829007021559e-09,5.97429325188692e-06
2020-12-29 13:47:00+00:00,373.47,373.45,373.48,160,500,373.4572727272727,6.680636849885122e-09,-4.3700705575133725e-05
2020-12-29 13:48:00+00:00,373.47,373.44,373.46,100,2000,373.44095238095235,1.464337139846118e-08,0.00012771282482559876
2020-12-29 13:49:00+00:00,373.46,373.48,373.5,533,700,373.48864557988645,1.9172567556986886e-09,2.926535166891675e-05
2020-12-29 13:50:00+00:00,373.5,373.49,373.5,87,526,373.4914192495921,9.114745010639716e-09,8.166945990684127e-05
2020-12-29 13:51:00+00:00,373.53,373.53,373.54,12,1500,373.53007936507936,3.285098613878069e-08,-1.5488710262356875e-05
2020-12-29 13:52:00+00:00,373.52,373.49,373.53,601,100,373.5242938659058,5.953816263000653e-09,-3.0230050858115476e-05
2020-12-29 13:53:00+00:00,373.51,373.51,373.53,204,1155,373.5130022075055,1.1774036361438944e-08,9.900930717376966e-05
2020-12-29 13:54:00+00:00,373.56,373.54,373.57,604,100,373.5657386363637,1.771098433851661e-08,0.00023951566949276248
2020-12-29 13:55:00+00:00,373.64,373.63,373.64,104,3,373.6397196261682,1.3902776902916543e-08,-4.40309833269481e-05
2020-12-29 13:56:00+00:00,373.63,373.62,373.64,106,600,373.6230028328611,7.446700625639773e-09,-8.719669040146982e-05
2020-12-29 13:57:00+00:00,373.59,373.59,373.61,13,600,373.5904241435562,1.6792991191555946e-08,8.617393860199662e-05
2020-12-29 13:58:00+00:00,373.61,373.61,373.63,337,100,373.6254233409611,5.662994569744655e-09,-4.7040408860499205e-05
2020-12-29 13:59:00+00:00,373.59,373.59,373.63,663,1100,373.60504254112305,6.930925984841723e-09,0.00011717179347070505
2020-12-29 14:00:00+00:00,373.65,373.64,373.65,724,97,373.6488185140073,8.763087873764659e-09,7.453028426573916e-05
2020-12-29 14:01:00+00:00,373.66,373.65,373.69,600,300,373.6766666666667,2.305180725503935e-09,-1.5630900605190234e-05
2020-12-29 14:02:00+00:00,373.67,373.66,373.69,500,1161,373.66903070439497,2.478570759552696e-08,3.3189974367964226e-05
2020-12-29 14:03:00+00:00,373.68,373.68,373.69,500,1149,373.68303214069135,2.598198752280771e-08,-2.5567429738249103e-05
2020-12-29 14:04:00+00:00,373.68,373.67,373.68,500,861,373.6736737692873,1.3570527917684497e-09,-8.399935584990637e-06
2020-12-29 14:05:00+00:00,373.68,373.67,373.68,49,867,373.6705349344978,3.758666805270392e-09,7.768518587103479e-05
2020-12-29 14:06:00+00:00,373.67,373.69,373.7,2827,129,373.6995635994587,3.8175728859991615e-08,-3.3433001789373584e-05
2020-12-29 14:07:00+00:00,373.68,373.67,373.71,600,1306,373.68259181532005,6.683407613233598e-08,0.0001244742829444867
2020-12-29 14:08:00+00:00,373.75,373.73,373.75,131,98,373.74144104803497,5.007465090681962e-09,-2.6009155655315475e-05
2020-12-29 14:09:00+00:00,373.73,373.71,373.73,122,54,373.72386363636366,3.041137595598504e-09,-8.169214224984511e-05
2020-12-29 14:10:00+00:00,373.7,373.69,373.71,277,500,373.69712998713,5.316889474565335e-08,0.0001482318614913769
2020-12-29 14:11:00+00:00,373.74,373.73,373.75,500,102,373.7466112956811,4.407962817495233e-08,-5.562822760318831e-06
2020-12-29 14:12:00+00:00,373.7,373.71,373.75,1115,102,373.7466474938373,2.435394459638853e-08,-4.099020155945432e-05
2020-12-29 14:13:00+00:00,373.71,373.7,373.73,510,100,373.72508196721316,2.2344812401317827e-08,-7.490463878168097e-05
2020-12-29 14:14:00+00:00,373.7,373.69,373.72,400,500,373.7033333333333,2.1712301356656468e-09,-9.801902568717935e-06
2020-12-29 14:15:00+00:00,373.68,373.67,373.69,1700,400,373.68619047619046,2.7510416540219992e-09,-9.738920970647769e-05
2020-12-29 14:16:00+00:00,373.67,373.66,373.67,743,1525,373.6632760141094,6.884515166828875e-10,-1.0699197273700278e-06
2020-12-29 14:17:00+00:00,373.67,373.66,373.67,646,1600,373.662876224399,5.621140336657232e-09,-9.476182340739658e-05
2020-12-29 14:18:00+00:00,373.63,373.61,373.63,200,29,373.6274672489083,7.2322622680067234e-09,3.036421778990217e-05
2020-12-29 14:19:00+00:00,373.64,373.63,373.64,1138,86,373.6392973856209,1.5466197806796845e-08,0.00016374249507178362
2020-12-29 14:20:00+00:00,373.69,373.69,373.7,2740,2,373.699992706054,1.802576974019035e-08,5.4567593600785e-05
2020-12-29 14:21:00+00:00,373.69,373.69,373.7,2212,37,373.69983548243664,4.656846104922921e-09,-8.122390652309797e-05
2020-12-29 14:22:00+00:00,373.69,373.69,373.71,1,675,373.6900295857988,7.442440323951075e-09,-6.697953870093976e-05
2020-12-29 14:23:00+00:00,373.65,373.64,373.67,500,100,373.665,1.331099911813433e-08,8.028581750973984e-06
2020-12-29 14:24:00+00:00,373.66,373.65,373.68,600,400,373.668,4.83357499672866e-09,3.5467345460560296e-07
2020-12-29 14:25:00+00:00,373.68,373.65,373.68,102,394,373.65616935483865,1.4794122066136026e-08,0.0002057105307833318
2020-12-29 14:26:00+00:00,373.74,373.72,373.75,1000,200,373.745,3.0422216814946466e-09,1.1400472421652097e-06
2020-12-29 14:27:00+00:00,373.75,373.74,373.75,312,100,373.747572815534,2.6027458754987077e-08,0.00013287094547065337
2020-12-29 14:28:00+00:00,373.79,373.77,373.79,600,488,373.78102941176473,2.329916764960462e-08,6.548834701791684e-05
2020-12-29 14:29:00+00:00,373.83,373.81,373.83,500,1100,373.81625,2.441373805776824e-08,-0.00011029889255265157
2020-12-29 14:30:00+00:00,373.81,373.81,373.83,8300,1580,373.8268016194332,2.183382949941835e-07,0.00040739667767875076
2020-12-29 14:31:00+00:00,373.94,373.92,373.96,1500,100,373.9575,1.8423399148950182e-07,-0.00040034244283693177
2020-12-29 14:32:00+00:00,373.76,373.76,373.79,130,100,373.7769565217392,1.2031977515652294e-07,0.00026563402912782585
2020-12-29 14:33:00+00:00,373.89,373.87,373.89,500,100,373.88666666666666,1.2383053789405837e-07,7.52522162992264e-05
2020-12-29 14:34:00+00:00,373.92,373.9,373.92,800,100,373.91777777777776,7.355640338937175e-08,-7.577614834308743e-05
2020-12-29 14:35:00+00:00,373.9,373.86,373.87,100,300,373.8625,8.251054299635477e-08,-0.00014978067829241049
2020-12-29 14:36:00+00:00,373.825,373.82,373.84,100,400,373.824,1.1260985771699514e-07,-0.00022470467385726778
2020-12-29 14:37:00+00:00,373.73,373.72,373.74,1001,400,373.73428979300496,3.2515596128642424e-07,-0.0005797256559819663
2020-12-29 14:38:00+00:00,373.52,373.51,373.53,225,600,373.51545454545453,7.797537511947375e-08,0.0002141767136369932
2020-12-29 14:39:00+00:00,373.58,373.59,373.61,1500,200,373.60764705882355,7.370390337486548e-08,-1.656964924612314e-05
2020-12-29 14:40:00+00:00,373.6,373.58,373.6,1300,200,373.5973333333333,4.766886323906667e-08,-0.0001997950427886641
2020-12-29 14:41:00+00:00,373.52,373.51,373.52,105,100,373.51512195121956,1.0978688337555421e-07,0.00024866956727076506
2020-12-29 14:42:00+00:00,373.63,373.62,373.64,300,600,373.62666666666667,7.909593415633794e-08,0.00023317113096732456
2020-12-29 14:43:00+00:00,373.72,373.7,373.72,100,200,373.70666666666665,7.180563267832622e-08,-6.912807201797655e-05
2020-12-29 14:44:00+00:00,373.68,373.66,373.69,200,800,373.666,7.187197399939844e-08,-0.0002765314041551781
2020-12-29 14:45:00+00:00,373.59,373.58,373.6,500,1,373.5999600798403,8.690009362438534e-08,0.0003199473807653508
2020-12-29 14:46:00+00:00,373.69,373.69,373.7,200,920,373.6917857142857,4.221341254598186e-08,3.127785684120532e-05
2020-12-29 14:47:00+00:00,373.71,373.69,373.71,215,200,373.70036144578313,8.615527868194645e-08,-7.390156289566185e-05
2020-12-29 14:48:00+00:00,373.67,373.66,373.68,1500,300,373.6766666666667,8.1539216808177e-08,0.00010569888537603767
2020-12-29 14:49:00+00:00,373.73,373.71,373.74,200,300,373.722,4.992798438756361e-08,-6.53579497993384e-05
2020-12-29 14:50:00+00:00,373.7,373.68,373.71,200,2100,373.68260869565216,2.3085870890949813e-08,-0.0001506206027576118
2020-12-29 14:51:00+00:00,373.63,373.62,373.64,800,400,373.6333333333333,4.338753022735575e-08,-0.00011565887323417012
2020-12-29 14:52:00+00:00,373.59,373.59,373.6,600,100,373.5985714285714,4.4046926669261636e-08,-9.160209132830222e-05
2020-12-29 14:53:00+00:00,373.56,373.56,373.57,200,1500,373.56117647058824,1.4055902716257855e-07,-0.0006713226834116348
2020-12-29 14:54:00+00:00,373.31,373.3,373.32,400,400,373.31,6.367094869701069e-08,-0.0004396003580221519
2020-12-29 14:55:00+00:00,373.14,373.14,373.15,400,500,373.14444444444445,1.539722892177014e-07,-0.0006455799386846373
2020-12-29 14:56:00+00:00,372.88,372.88,372.89,200,100,372.88666666666666,1.527242893538006e-07,-0.0011866372577281625
2020-12-29 14:57:00+00:00,372.41,372.4,372.42,200,400,372.4066666666667,3.282442758721558e-07,-5.369704129121189e-06
2020-12-29 14:58:00+00:00,372.43,372.43,372.45,400,200,372.4433333333333,2.53256236333747e-07,-1.8921916156156016e-05
2020-12-29 14:59:00+00:00,372.48,372.47,372.5,300,200,372.488,1.493233258082069e-07,0.00019951828950182104
2020-12-29 15:00:00+00:00,372.53,372.52,372.54,1279,220,372.5370647098066,1.2298492532338506e-07,0.0003688649840101199
2020-12-29 15:01:00+00:00,372.68,372.67,372.69,400,500,372.6788888888889,1.867900085562692e-07,-0.0004387560857959105
2020-12-29 15:02:00+00:00,372.47,372.46,372.49,994,300,372.48304482225655,2.1308275323541362e-07,0.0005331324140274152
2020-12-29 15:03:00+00:00,372.68,372.68,372.7,600,101,372.69711840228246,1.2035058522184597e-07,0.00045678287488870595
2020-12-29 15:04:00+00:00,372.87,372.85,372.87,200,100,372.86333333333334,7.921839562294522e-08,-0.0001285984550999375
2020-12-29 15:05:00+00:00,372.82,372.8,372.81,300,100,372.8075,1.3933836236350436e-07,-0.0004918809616046849
2020-12-29 15:06:00+00:00,372.62,372.61,372.63,500,100,372.62666666666667,1.1605928362004722e-07,-7.156211143888314e-06
2020-12-29 15:07:00+00:00,372.64,372.63,372.66,400,200,372.65,1.7747117915645816e-07,-5.5461033256931636e-05
2020-12-29 15:08:00+00:00,372.6,372.58,372.6,100,400,372.584,1.968473746137976e-07,-0.00010390918749891842
2020-12-29 15:09:00+00:00,372.57,372.56,372.58,200,500,372.5657142857143,1.5269506374407582e-07,4.8002774869937426e-05
2020-12-29 15:10:00+00:00,372.59,372.55,372.57,410,300,372.5615492957747,1.4197364340584395e-07,-0.00022142152619819555
2020-12-29 15:11:00+00:00,372.51,372.51,372.53,500,200,372.5242857142857,1.1295226828710388e-07,-0.0002097093014447049
2020-12-29 15:12:00+00:00,372.43,372.43,372.44,100,100,372.435,1.4693677076040144e-07,-0.0009889714218688228
2020-12-29 15:13:00+00:00,372.04,372.02,372.04,1185,100,372.0384435797666,2.9725301815398454e-07,-0.00042039549714278923
2020-12-29 15:14:00+00:00,371.87,371.84,371.86,900,300,371.855,3.203257753766866e-07,-5.147214166378866e-05
2020-12-29 15:15:00+00:00,371.89,371.88,371.9,1000,200,371.89666666666665,2.5713625233084873e-07,-4.167921524755869e-05
2020-12-29 15:16:00+00:00,371.85,371.85,371.86,100,200,371.85333333333335,2.3624293483195317e-07,0.0009074617774649241
2020-12-29 15:17:00+00:00,372.2,372.17,372.19,100,600,372.17285714285714,1.9440845045403837e-07,-0.00011149229152773721
2020-12-29 15:18:00+00:00,372.17,372.14,372.16,2000,225,372.1579775280899,1.5101434014262647e-07,-2.273577515554681e-05
2020-12-29 15:19:00+00:00,372.17,372.14,372.16,200,209,372.14977995110024,6.81153470336179e-08,-7.386778994011856e-05
2020-12-29 15:20:00+00:00,372.13,372.12,372.14,300,300,372.13,9.005177551068627e-08,0.0005178478718190771
2020-12-29 15:21:00+00:00,372.32,372.32,372.34,400,1700,372.32380952380953,1.3359478365049145e-07,2.101949207578002e-06
2020-12-29 15:22:00+00:00,372.33,372.33,372.34,400,100,372.338,1.3289477275961438e-07,0.00047180875540964173
2020-12-29 15:23:00+00:00,372.51,372.5,372.52,100,1100,372.50166666666667,1.0444221166430366e-07,0.000384752277185596
2020-12-29 15:24:00+00:00,372.65,372.64,372.66,100,447,372.6436563071298,5.753651382557602e-08,0.00016341242685835589
2020-12-29 15:25:00+00:00,372.69,372.66,372.68,500,200,372.6742857142857,9.205302231799986e-08,-0.0005345117845118041
2020-12-29 15:26:00+00:00,372.5,372.5,372.52,700,500,372.51166666666666,1.1328386148862568e-07,0.00019302946319910141
2020-12-29 15:27:00+00:00,372.58,372.58,372.59,100,100,372.585,8.940465968945172e-08,-0.0002530626330017327
2020-12-29 15:28:00+00:00,372.49,372.48,372.5,700,300,372.494,9.160696937315497e-08,-0.00012784176257996105
2020-12-29 15:29:00+00:00,372.44,372.43,372.44,400,400,372.435,1.199657506898293e-07,-0.00033115250020132603
2020-12-29 15:30:00+00:00,372.31,372.31,372.33,500,400,372.3211111111111,9.384297524091407e-08,-6.938600103845172e-05
2020-12-29 15:31:00+00:00,372.28,372.28,372.29,100,500,372.2816666666667,1.5926522889125116e-07,0.0002890186729764821
2020-12-29 15:32:00+00:00,372.4,372.39,372.41,308,200,372.402125984252,8.048442778699061e-08,-4.0543066477605194e-05
2020-12-29 15:33:00+00:00,372.4,372.38,372.4,100,400,372.384,9.340157391399459e-08,0.00013810777009659603
2020-12-29 15:34:00+00:00,372.438,372.43,372.44,200,500,372.43285714285713,6.161896277441423e-08,-0.00018880646186925087
2020-12-29 15:35:00+00:00,372.36,372.37,372.39,100,1100,372.37166666666667,1.660809396191867e-07,-7.817978366275735e-05
2020-12-29 15:36:00+00:00,372.31,372.32,372.33,400,100,372.328,5.981680005982426e-08,-8.749489592008164e-05
2020-12-29 15:37:00+00:00,372.29,372.28,372.29,300,400,372.2842857142857,5.42979764732008e-08,0.0004952644620974667
2020-12-29 15:38:00+00:00,372.48,372.49,372.51,1300,100,372.50857142857143,1.430875123644923e-07,0.0004008758677926938
2020-12-29 15:39:00+00:00,372.63,372.62,372.64,501,1200,372.6258906525573,9.938292322853077e-08,-0.0006453650680212641
2020-12-29 15:40:00+00:00,372.39,372.39,372.4,500,100,372.3983333333333,8.597733032313003e-08,0.0003496638703448518
2020-12-29 15:41:00+00:00,372.52,372.51,372.53,300,200,372.522,8.794781092227569e-08,0.0004127872651260578
2020-12-29 15:42:00+00:00,372.68,372.68,372.69,900,1890,372.6832258064516,5.987304532688555e-08,5.209863355837285e-06
2020-12-29 15:43:00+00:00,372.68,372.67,372.69,600,1500,372.67571428571426,4.4414393906492264e-08,3.563281671659091e-05
2020-12-29 15:44:00+00:00,372.69,372.68,372.7,500,300,372.6925,5.0321792023524956e-08,0.00031254323703233666
2020-12-29 15:45:00+00:00,372.81,372.8,372.81,500,210,372.8070422535211,9.754808730936268e-08,-0.000319849138500361
2020-12-29 15:46:00+00:00,372.69,372.68,372.7,500,600,372.6890909090909,6.931831457176132e-08,-0.0001345599657188723
2020-12-29 15:47:00+00:00,372.65,372.63,372.65,400,471,372.63918484500573,3.492981863039755e-08,4.398750022294173e-05
2020-12-29 15:48:00+00:00,372.66,372.66,372.67,35,1900,372.6601808785529,5.7437188068063174e-08,-0.00010706822044403985
2020-12-29 15:49:00+00:00,372.62,372.6,372.62,438,1200,372.60534798534803,4.521695255058348e-08,-0.000176834613703436
2020-12-29 15:50:00+00:00,372.54,372.54,372.55,326,300,372.54520766773163,7.71471538993119e-08,-0.000258245251585687
2020-12-29 15:51:00+00:00,372.44,372.44,372.45,400,410,372.44493827160494,1.2458365076468237e-07,-0.00013164424813305597
2020-12-29 15:52:00+00:00,372.4,372.4,372.42,542,1353,372.40572031662265,9.256423366478847e-08,0.00011375988982353924
2020-12-29 15:53:00+00:00,372.45,372.44,372.46,200,447,372.4461823802164,7.809479633294315e-08,8.689211530743535e-05
2020-12-29 15:54:00+00:00,372.46,372.47,372.49,500,300,372.4825,4.958036143122049e-08,-0.0001283050897218363
2020-12-29 15:55:00+00:00,372.44,372.43,372.44,519,915,372.43361924686195,9.433310466565341e-08,0.0005927580373263908
2020-12-29 15:56:00+00:00,372.66,372.65,372.67,400,1100,372.6553333333333,7.870898912822474e-08,0.0001766880018219119
2020-12-29 15:57:00+00:00,372.72,372.72,372.73,200,1,372.7299502487562,5.306276967559617e-08,-0.00011494791044697195
2020-12-29 15:58:00+00:00,372.67,372.66,372.69,900,1907,372.6696188101176,6.064102757762084e-08,0.0001878312202321375
2020-12-29 15:59:00+00:00,372.73,372.73,372.74,1285,100,372.7392779783394,6.39529375807397e-08,-7.722440637725203e-05
2020-12-29 16:00:00+00:00,372.74,372.73,372.75,100,1900,372.731,3.961133873609434e-08,-0.00016232377475844384
2020-12-29 16:01:00+00:00,372.65,372.65,372.67,600,1900,372.6548,3.365170769897325e-08,5.885532481708644e-05
2020-12-29 16:02:00+00:00,372.68,372.69,372.7,100,500,372.69166666666666,7.716123262066263e-08,-2.435249423649033e-05
2020-12-29 16:03:00+00:00,372.67,372.66,372.68,600,800,372.66857142857145,1.1305452134761987e-07,-0.0005770328739620467
2020-12-29 16:04:00+00:00,372.46,372.45,372.47,300,1100,372.45428571428573,1.022711191000537e-07,-0.0001398854789169679
2020-12-29 16:05:00+00:00,372.4,372.39,372.41,400,300,372.4014285714286,8.72064300668259e-08,-3.066202367263404e-05
2020-12-29 16:06:00+00:00,372.41,372.38,372.4,501,200,372.39429386590587,7.074027239673654e-08,6.518897828744485e-05
2020-12-29 16:07:00+00:00,372.41,372.4,372.42,400,400,372.41,5.968502284247743e-08,0.0002946027849168864
2020-12-29 16:08:00+00:00,372.53,372.51,372.53,200,300,372.518,7.733493082252881e-08,0.00012196251050711204
2020-12-29 16:09:00+00:00,372.56,372.55,372.57,600,306,372.5632450331126,4.6223450929627204e-08,-2.3150951583561508e-06
2020-12-29 16:10:00+00:00,372.57,372.56,372.57,600,300,372.56666666666666,6.318499492208873e-08,-2.6164040413556577e-05
2020-12-29 16:11:00+00:00,372.56,372.55,372.57,400,500,372.5588888888889,3.951580602992675e-08,-0.00016939403850269041
2020-12-29 16:12:00+00:00,372.49,372.48,372.49,8,300,372.4802597402597,2.9794579257858744e-08,-2.3010811246115814e-05
2020-12-29 16:13:00+00:00,372.48,372.48,372.49,301,200,372.4860079840319,7.105835686340377e-08,-0.00041822875081420907
2020-12-29 16:14:00+00:00,372.34,372.34,372.35,1800,100,372.3494736842105,1.3046739588081588e-07,-0.0003449969510238571
2020-12-29 16:15:00+00:00,372.205,372.2,372.21,711,400,372.206399639964,5.622719417003274e-08,-0.0004987994715780486
2020-12-29 16:16:00+00:00,372.02,372.0,372.01,1882,800,372.00701715137956,1.1717442635250414e-07,0.00022051527204092203
2020-12-29 16:17:00+00:00,372.1,372.09,372.11,1200,300,372.106,7.390776354659432e-08,-8.54226694489979e-05
2020-12-29 16:18:00+00:00,372.04,372.04,372.05,45,700,372.04060402684564,5.6188642559608085e-08,-4.882626584334915e-05
2020-12-29 16:19:00+00:00,372.05,372.04,372.06,1300,300,372.05625,5.517985383847999e-08,0.00022992044086511676
2020-12-29 16:20:00+00:00,372.12,372.11,372.13,1101,600,372.1229453262787,9.362109482101379e-08,0.0003978828814736879
2020-12-29 16:21:00+00:00,372.29,372.29,372.3,400,200,372.2966666666667,8.336030263613926e-08,0.00032978440767572614
2020-12-29 16:22:00+00:00,372.4,372.38,372.41,1700,500,372.4031818181818,4.3440134980810095e-08,9.715599813575615e-05
2020-12-29 16:23:00+00:00,372.445,372.43,372.45,2200,855,372.44440261865793,4.057616208568862e-08,2.5261962568245977e-05
2020-12-29 16:24:00+00:00,372.44,372.44,372.45,90,400,372.4418367346939,4.138221945547988e-08,3.229680059324558e-05
2020-12-29 16:25:00+00:00,372.46,372.45,372.48,457,1600,372.45666504618373,3.3097176626474354e-08,0.00011180104809827007
2020-12-29 16:26:00+00:00,372.52,372.51,372.53,500,1700,372.51454545454544,7.020380406471856e-08,-4.407433871866928e-06
2020-12-29 16:27:00+00:00,372.51,372.51,372.53,500,1400,372.51526315789476,5.8657041610463e-08,0.00010897894761763283
2020-12-29 16:28:00+00:00,372.55,372.55,372.56,100,200,372.55333333333334,4.4142622388756616e-08,0.0001451416633060365
2020-12-29 16:29:00+00:00,372.6,372.59,372.6,100,350,372.59222222222223,2.250462744664474e-08,0.00011782895777256996
2020-12-29 16:30:00+00:00,372.64,372.64,372.65,94,600,372.6413544668588,5.568384638081052e-08,0.00018721413809874576
2020-12-29 16:31:00+00:00,372.71,372.71,372.72,620,100,372.71861111111116,3.203717411182524e-08,-0.00011978097252107744
2020-12-29 16:32:00+00:00,372.67,372.66,372.67,905,300,372.66751037344403,2.7909905991473696e-08,-7.634555902080731e-05
2020-12-29 16:33:00+00:00,372.64,372.64,372.65,500,1000,372.6433333333333,1.8921920711646893e-08,-7.384849315772435e-05
2020-12-29 16:34:00+00:00,372.61,372.62,372.64,400,1800,372.62363636363636,3.781589788666444e-08,-7.43920451362623e-05
2020-12-29 16:35:00+00:00,372.57,372.56,372.58,300,1500,372.56333333333333,8.181980908810623e-08,5.010064862442931e-05
2020-12-29 16:36:00+00:00,372.6,372.59,372.61,700,400,372.6027272727273,4.851508742694566e-08,-1.5336164899126814e-06
2020-12-29 16:37:00+00:00,372.59,372.6,372.62,300,100,372.615,4.076963510188198e-08,0.0003517738218932198
2020-12-29 16:38:00+00:00,372.72,372.72,372.74,400,300,372.7314285714286,7.55554215047313e-08,0.000136380201172015
2020-12-29 16:39:00+00:00,372.84,372.77,372.8,600,1700,372.7778260869565,4.743012600484272e-08,5.620525135863197e-05
2020-12-29 16:40:00+00:00,372.79,372.78,372.8,9,1010,372.7801766437684,5.4040658531221396e-08,-0.0002775582455459835
2020-12-29 16:41:00+00:00,372.7,372.69,372.7,600,200,372.6975,1.9225561431406862e-08,-0.00016763440181843947
2020-12-29 16:42:00+00:00,372.64,372.63,372.65,800,600,372.64142857142855,6.660942244113114e-08,-0.00014983250068212328
2020-12-29 16:43:00+00:00,372.59,372.59,372.6,500,1000,372.5933333333333,5.352077738162315e-08,0.00033163928022905687
2020-12-29 16:44:00+00:00,372.71,372.69,372.71,308,64,372.70655913978493,2.289919966373782e-08,-0.00015425991954343132
2020-12-29 16:45:00+00:00,372.64,372.64,372.65,599,300,372.64666295884314,4.2555249457208635e-08,0.00010670629586351232
2020-12-29 16:46:00+00:00,372.68,372.67,372.69,900,100,372.688,6.654834985937723e-08,7.346876714953154e-05
2020-12-29 16:47:00+00:00,372.7,372.7,372.71,800,100,372.7088888888889,2.69840051692324e-08,-0.0003066297177858335
2020-12-29 16:48:00+00:00,372.6,372.59,372.61,100,1400,372.59133333333335,3.992774957203292e-08,6.67931364097818e-05
2020-12-29 16:49:00+00:00,372.63,372.64,372.65,400,40,372.64909090909094,5.250151089495627e-08,0.00020668841838644703
2020-12-29 16:50:00+00:00,372.69,372.7,372.71,100,100,372.705,3.6414738124363814e-08,0.00022284898184476987
2020-12-29 16:51:00+00:00,372.785,372.77,372.78,200,300,372.774,5.617041260010108e-08,-0.0004782854027881589
2020-12-29 16:52:00+00:00,372.61,372.6,372.61,848,200,372.6080916030535,5.116015175338568e-08,-0.00013913171565993476
2020-12-29 16:53:00+00:00,372.55,372.55,372.56,500,300,372.55625,5.7208941714573065e-08,-0.00025707207844127833
2020-12-29 16:54:00+00:00,372.47,372.46,372.48,20,438,372.4608733624454,5.210098692576182e-08,-0.00011762194007158833
2020-12-29 16:55:00+00:00,372.39,372.42,372.44,300,1200,372.424,8.325091021555926e-08,8.616195264421478e-05
2020-12-29 16:56:00+00:00,372.44,372.45,372.46,600,100,372.4585714285714,2.323149841115513e-08,0.00010451102337749596
2020-12-29 16:57:00+00:00,372.49,372.49,372.5,330,100,372.4976744186047,3.137721695610188e-08,8.083289642435432e-05
2020-12-29 16:58:00+00:00,372.51,372.52,372.53,500,100,372.5283333333333,3.531613906610338e-08,1.74398164312084e-05
2020-12-29 16:59:00+00:00,372.53,372.51,372.53,437,100,372.52627560521415,2.7397495656654877e-08,0.00015962525933121974
2020-12-29 17:00:00+00:00,372.59,372.58,372.59,669,400,372.5862581852198,4.288348934256178e-08,7.828217593042197e-06
2020-12-29 17:01:00+00:00,372.59,372.58,372.59,300,500,372.58375,3.767501681575392e-08,-1.315656523126485e-05
2020-12-29 17:02:00+00:00,372.55,372.58,372.59,100,1200,372.58076923076925,3.2306373796519914e-08,-4.499604508445554e-05
2020-12-29 17:03:00+00:00,372.56,372.55,372.57,350,300,372.5607692307692,4.109834822568291e-08,-6.326796282907221e-05
2020-12-29 17:04:00+00:00,372.54,372.54,372.56,100,800,372.5422222222222,5.51664143372636e-08,-0.00017639457164886352
2020-12-29 17:05:00+00:00,372.47,372.47,372.49,600,324,372.48298701298705,3.827528547244536e-08,-7.977509559575768e-05
2020-12-29 17:06:00+00:00,372.44,372.43,372.45,1700,300,372.447,3.62615682050678e-08,-5.302782148297602e-05
2020-12-29 17:07:00+00:00,372.42,372.42,372.43,400,100,372.428,3.332368492505285e-08,8.859470108735223e-05
2020-12-29 17:08:00+00:00,372.46,372.45,372.46,300,98,372.45753768844224,2.1243673935045735e-08,0.00016120215201276267
2020-12-29 17:09:00+00:00,372.53,372.52,372.53,200,100,372.52666666666664,2.1405815596108563e-08,0.00023972809446726195
2020-12-29 17:10:00+00:00,372.605,372.6,372.61,609,100,372.60858956276445,6.884411466655735e-08,-0.00041220081089565763
2020-12-29 17:11:00+00:00,372.46,372.46,372.47,101,300,372.4625187032419,3.315568034182167e-08,-0.0003480028046753958
2020-12-29 17:12:00+00:00,372.29,372.29,372.31,400,341,372.30079622132257,5.880755760665975e-08,-0.0001083991084958047
2020-12-29 17:13:00+00:00,372.28,372.26,372.29,400,100,372.284,9.731442236428547e-08,-0.00017466422573308993
2020-12-29 17:14:00+00:00,372.238,372.23,372.25,1300,500,372.24444444444447,7.897937176027032e-08,4.8358497662492894e-05
2020-12-29 17:15:00+00:00,372.23,372.21,372.24,1300,100,372.23785714285714,4.542768618622982e-08,0.00010611490498013687
2020-12-29 17:16:00+00:00,372.27,372.26,372.28,200,1200,372.2628571428571,6.60027864285442e-08,0.0002645516370813894
2020-12-29 17:17:00+00:00,372.37,372.36,372.38,1395,300,372.37646017699115,4.593667256134521e-08,-1.7995005125559516e-05
2020-12-29 17:18:00+00:00,372.36,372.35,372.37,100,600,372.35285714285715,2.7232406407600485e-08,-0.00012491997197083826
2020-12-29 17:19:00+00:00,372.335,372.32,372.33,300,100,372.3275,3.910731355446787e-08,-0.00035903913341817084
2020-12-29 17:20:00+00:00,372.18,372.19,372.2,200,303,372.1939761431412,7.651348715186622e-08,-0.0001127062908953258
2020-12-29 17:21:00+00:00,372.142,372.14,372.15,600,200,372.1475,5.6780483424488525e-08,-0.00022341393381264396
2020-12-29 17:22:00+00:00,372.06,372.04,372.06,10,548,372.0403584229391,4.144837082260165e-08,-8.754254260401328e-05
2020-12-29 17:23:00+00:00,372.04,372.03,372.04,800,400,372.0366666666667,6.959832137533274e-08,-0.00017407643491473834
2020-12-29 17:24:00+00:00,371.97,371.95,371.98,1100,1500,371.9626923076923,8.32288452323576e-08,-0.00010625632097072124
2020-12-29 17:25:00+00:00,371.91,371.89,371.91,1000,100,371.90818181818184,1.260189275016285e-07,5.8767270087356493e-05
2020-12-29 17:26:00+00:00,371.95,371.94,371.96,1900,500,371.9558333333333,9.116921057165069e-08,0.0003858055808725336
2020-12-29 17:27:00+00:00,372.09,372.08,372.09,500,100,372.0883333333333,7.238562412588026e-08,-5.145096520997594e-05
2020-12-29 17:28:00+00:00,372.09,372.07,372.08,101,200,372.07335548172756,2.7874211303361382e-08,2.9376552760806973e-05
2020-12-29 17:29:00+00:00,372.08,372.08,372.1,900,200,372.09636363636366,4.01756199744226e-08,-4.7992198388691065e-06
2020-12-29 17:30:00+00:00,372.07,372.07,372.09,400,300,372.08142857142855,2.7143345564796636e-07,-0.0010817493432235814
2020-12-29 17:31:00+00:00,371.67,371.66,371.68,300,439,371.6681190798376,1.0765520451448455e-07,0.00031540280796038545
2020-12-29 17:32:00+00:00,371.81,371.8,371.82,300,300,371.81,1.4502224363437283e-07,-0.00022267353699889636
2020-12-29 17:33:00+00:00,371.72,371.72,371.74,300,400,371.72857142857146,5.426485553473879e-08,-0.00016797709482496703
2020-12-29 17:34:00+00:00,371.65,371.65,371.67,600,200,371.665,4.955462706007855e-08,-6.879858532382599e-05
2020-12-29 17:35:00+00:00,371.61,371.61,371.63,190,100,371.62310344827586,1.4675068994390583e-07,-3.955387780485431e-05
2020-12-29 17:36:00+00:00,371.61,371.6,371.62,100,100,371.61,9.63138380469388e-08,-0.00017893274307267948
2020-12-29 17:37:00+00:00,371.55,371.56,371.57,1000,100,371.5690909090909,6.745807297353936e-08,-0.00013521393921145375
2020-12-29 17:38:00+00:00,371.51,371.48,371.5,300,400,371.48857142857145,4.7225489706707727e-08,-6.191200419936038e-05
2020-12-29 17:39:00+00:00,371.47,371.46,371.48,300,300,371.47,1.171723535281798e-07,-0.00047838365770258573
2020-12-29 17:40:00+00:00,371.29,371.3,371.31,500,100,371.30833333333334,1.2884885076569373e-07,0.00042915417867428474
2020-12-29 17:41:00+00:00,371.47,371.45,371.47,100,400,371.454,7.700094957404502e-08,0.00017865927229387957
2020-12-29 17:42:00+00:00,371.52,371.51,371.54,400,345,371.5261073825504,1.5321497606980126e-07,0.0001656913016763184
2020-12-29 17:43:00+00:00,371.57,371.54,371.56,100,1100,371.5416666666667,1.0437784314212924e-07,-0.0003742317925701233
2020-12-29 17:44:00+00:00,371.448,371.44,371.45,200,300,371.444,5.733956623654503e-08,1.3461033672834688e-05
2020-12-29 17:45:00+00:00,371.46,371.44,371.47,500,2200,371.44555555555553,6.988521486747907e-08,-0.0003483796819329088
2020-12-29 17:46:00+00:00,371.31,371.3,371.31,300,634,371.3032119914347,7.20716180825095e-08,-0.00043001994115388076
2020-12-29 17:47:00+00:00,371.16,371.15,371.16,300,200,371.156,1.823485106026881e-07,-0.00021102051923949094
2020-12-29 17:48:00+00:00,371.07,371.06,371.08,2100,200,371.0782608695652,9.871062705001045e-08,0.000320119239228811
2020-12-29 17:49:00+00:00,371.21,371.19,371.22,300,500,371.20125,6.38414942926855e-08,-0.00014080422624396238
2020-12-29 17:50:00+00:00,371.17,371.16,371.18,2600,100,371.17925925925925,1.1263569844290051e-07,6.747777991500392e-05
2020-12-29 17:51:00+00:00,371.18,371.17,371.19,300,600,371.1766666666667,1.128556929437556e-07,-0.0005463180409185364
2020-12-29 17:52:00+00:00,370.99,370.98,370.99,1000,500,370.9866666666667,1.6601235219428e-07,-0.0003048053069643064
2020-12-29 17:53:00+00:00,370.87,370.87,370.88,105,300,370.8725925925926,1.3920204553351348e-07,0.00045889639585783293
2020-12-29 17:54:00+00:00,371.03,371.03,371.05,400,400,371.04,6.705294595776486e-08,-8.085686717385077e-05
2020-12-29 17:55:00+00:00,370.99,370.98,371.0,1200,300,370.996,7.403905512173659e-08,1.7002049369052585e-05
2020-12-29 17:56:00+00:00,371.0,371.01,371.02,200,100,371.01666666666665,1.8064088264188372e-07,0.0004452595152839578
2020-12-29 17:57:00+00:00,371.18,371.17,371.19,600,500,371.1809090909091,9.241031006594804e-08,0.0003759995784367032
2020-12-29 17:58:00+00:00,371.3,371.29,371.31,300,500,371.2975,6.56286728085639e-08,0.0003881492915218665
2020-12-29 17:59:00+00:00,371.45,371.45,371.46,500,274,371.4564599483204,5.073246525533188e-08,0.00027500770787902695
2020-12-29 18:00:00+00:00,371.55,371.55,371.56,400,500,371.55444444444447,9.301866304647853e-08,-0.00029605440223923196
2020-12-29 18:01:00+00:00,371.48,371.46,371.48,300,100,371.475,6.346559640296507e-08,-7.435601918381884e-05
2020-12-29 18:02:00+00:00,371.42,371.42,371.43,1100,300,371.42785714285714,3.5846399918576295e-08,6.457963335959604e-05
2020-12-29 18:03:00+00:00,371.43,371.43,371.44,800,2234,371.4326367831246,3.514634297366636e-08,-0.0004823498906532109
2020-12-29 18:04:00+00:00,371.27,371.26,371.28,200,804,371.263984063745,8.120749005583223e-08,-1.6836056370261865e-05
2020-12-29 18:05:00+00:00,371.258,371.24,371.26,300,300,371.25,1.0015023471273355e-07,1.923979713547297e-06
2020-12-29 18:06:00+00:00,371.278,371.26,371.28,300,100,371.275,7.100924479047988e-08,4.0448314325924883e-05
2020-12-29 18:07:00+00:00,371.27,371.26,371.27,201,200,371.2650124688279,6.519038256238243e-08,6.28025247213504e-05
2020-12-29 18:08:00+00:00,371.29,371.29,371.31,1300,246,371.3068175937904,6.842959239201249e-08,0.0002641987595481954
2020-12-29 18:09:00+00:00,371.4,371.38,371.4,400,300,371.39142857142855,5.870655224445476e-08,-5.385153899994943e-05
2020-12-29 18:10:00+00:00,371.35,371.35,371.37,300,100,371.365,6.466121818178711e-08,-0.0003471687951992486
2020-12-29 18:11:00+00:00,371.24,371.25,371.27,300,300,371.26,9.17263112154762e-08,6.868825632833087e-05
2020-12-29 18:12:00+00:00,371.27,371.27,371.28,200,100,371.27666666666664,7.026849189540597e-08,0.0002532293870300961
2020-12-29 18:13:00+00:00,371.37,371.36,371.37,101,400,371.3620159680639,3.792793419922006e-08,6.996954674631795e-05
2020-12-29 18:14:00+00:00,371.41,371.39,371.4,100,500,371.39166666666665,4.3620747296598505e-08,0.0001310399546208263
2020-12-29 18:15:00+00:00,371.44,371.43,371.45,400,500,371.43888888888887,5.2292588503932536e-08,0.0001795131317767762
2020-12-29 18:16:00+00:00,371.5,371.48,371.5,200,300,371.488,4.077904938184685e-08,0.00015591563453232204
2020-12-29 18:17:00+00:00,371.56,371.55,371.57,100,310,371.5548780487805,4.49134708494904e-08,-0.00022320483734727947
2020-12-29 18:18:00+00:00,371.47,371.47,371.48,392,200,371.47662162162163,6.134238836606936e-08,4.486578400708652e-05
2020-12-29 18:19:00+00:00,371.5,371.48,371.5,200,100,371.49333333333334,4.0366548538708655e-08,8.075478808589054e-05
2020-12-29 18:20:00+00:00,371.53,371.52,371.53,400,100,371.528,2.288272120928695e-08,-5.633228922663491e-05
2020-12-29 18:21:00+00:00,371.5,371.5,371.51,306,200,371.50604743083005,2.518522970986374e-08,-6.0948389466131125e-05
2020-12-29 18:22:00+00:00,371.48,371.48,371.49,200,100,371.4866666666667,4.1823780596376834e-08,0.00018458911616425766
2020-12-29 18:23:00+00:00,371.55,371.56,371.57,200,200,371.565,1.0113976502806969e-07,7.177140806535753e-05
2020-12-29 18:24:00+00:00,371.575,371.57,371.59,300,500,371.5775,4.160265540446318e-08,-1.471079043691148e-05
2020-12-29 18:25:00+00:00,371.58,371.57,371.58,100,533,371.57157977883094,4.249383864138193e-08,-0.00015932472730817437
2020-12-29 18:26:00+00:00,371.51,371.51,371.52,100,400,371.512,3.259542872093134e-08,0.000351759638529181
2020-12-29 18:27:00+00:00,371.648,371.63,371.65,200,400,371.63666666666666,3.2898390036792186e-08,5.280546713293255e-05
2020-12-29 18:28:00+00:00,371.67,371.66,371.67,299,1000,371.66230177059276,2.580193566816709e-08,3.415010731422363e-05
2020-12-29 18:29:00+00:00,371.67,371.66,371.67,100,600,371.6614285714286,2.399637289483424e-08,-3.207930832882511e-05
2020-12-29 18:30:00+00:00,371.66,371.66,371.68,200,700,371.6644444444444,3.673669134280089e-08,-0.00011926641581916364
2020-12-29 18:31:00+00:00,371.62,371.62,371.63,100,100,371.625,4.448671906354507e-08,-1.2781916951198902e-05
2020-12-29 18:32:00+00:00,371.62,371.6,371.62,300,400,371.60857142857145,3.553961219772006e-08,-0.00022379290907226235
2020-12-29 18:33:00+00:00,371.53,371.52,371.53,500,100,371.5283333333333,3.50438743786399e-08,0.0002558251482551732
2020-12-29 18:34:00+00:00,371.63,371.62,371.64,401,1200,371.62500936914427,2.6692618939588406e-08,6.605640304968574e-05
2020-12-29 18:35:00+00:00,371.655,371.64,371.66,614,300,371.6534354485777,3.077627417530065e-08,-0.00016260070493789858
2020-12-29 18:36:00+00:00,371.61,371.58,371.59,301,1100,371.58214846538186,2.44726774946636e-08,-0.0001480125945261257
2020-12-29 18:37:00+00:00,371.55,371.55,371.56,300,400,371.5542857142857,3.674514398815689e-08,-0.00011178485615614964
2020-12-29 18:38:00+00:00,371.5,371.49,371.51,300,400,371.49857142857144,5.0438744768038175e-08,-5.1635629786161985e-05
2020-12-29 18:39:00+00:00,371.47,371.46,371.47,500,600,371.46454545454543,3.652001344725837e-08,0.00010596986353816895
2020-12-29 18:40:00+00:00,371.5,371.48,371.5,50,400,371.4822222222222,5.437481687968614e-08,2.3423493341390156e-05
2020-12-29 18:41:00+00:00,371.54,371.52,371.53,201,900,371.52182561307905,5.33166798206328e-08,-0.0001812890681900381
2020-12-29 18:42:00+00:00,371.45,371.45,371.47,300,400,371.4585714285714,3.577886831221467e-08,1.317221323793305e-05
2020-12-29 18:43:00+00:00,371.46,371.44,371.46,1300,7,371.4598928844683,3.762837207339041e-08,-7.219073150310784e-05
2020-12-29 18:44:00+00:00,371.42,371.43,371.45,300,450,371.438,4.2693278293089334e-08,6.903269320623906e-07
2020-12-29 18:45:00+00:00,371.43,371.42,371.44,300,400,371.42857142857144,6.693008765217199e-08,0.00012165086202586828
2020-12-29 18:46:00+00:00,371.46,371.45,371.47,100,600,371.45285714285717,6.88533358767139e-08,5.334040550675212e-05
2020-12-29 18:47:00+00:00,371.48,371.49,371.5,200,100,371.49666666666667,3.718761485637501e-08,3.86338631064298e-06
2020-12-29 18:48:00+00:00,371.49,371.48,371.49,100,210,371.4832258064516,4.9441061674994476e-08,6.229481437358686e-07
2020-12-29 18:49:00+00:00,371.48,371.5,371.52,400,300,371.51142857142855,3.197043920416024e-08,8.603172089816091e-05
2020-12-29 18:50:00+00:00,371.53,371.53,371.54,100,610,371.5314084507042,4.058291931341752e-08,0.0002571493862455476
2020-12-29 18:51:00+00:00,371.62,371.62,371.63,200,100,371.62666666666667,4.156323963439308e-08,1.5696721403335445e-05
2020-12-29 18:52:00+00:00,371.64,371.63,371.65,400,400,371.64,3.107764299428578e-08,4.036982641264508e-05
2020-12-29 18:53:00+00:00,371.648,371.64,371.65,401,100,371.64800399201596,2.105377256906851e-08,0.00033120682371112764
2020-12-29 18:54:00+00:00,371.76,371.76,371.78,600,425,371.77170731707315,2.203550442637227e-08,3.696066733693826e-05
2020-12-29 18:55:00+00:00,371.78,371.77,371.79,444,1300,371.7750917431193,2.4773428895636495e-08,3.220506518264443e-05
2020-12-29 18:56:00+00:00,371.8,371.79,371.81,644,1400,371.79630136986304,1.947200509349489e-08,-1.6746408567969162e-05
2020-12-29 18:57:00+00:00,371.8,371.79,371.8,100,291,371.7925575447571,1.7448433358352446e-08,-3.0438049395953293e-05
2020-12-29 18:58:00+00:00,371.78,371.78,371.79,200,250,371.78444444444443,2.1052334327040704e-08,-2.1338807544513116e-05
2020-12-29 18:59:00+00:00,371.78,371.77,371.78,100,600,371.77142857142854,1.7148591245940194e-08,-0.00016609472111850376
2020-12-29 19:00:00+00:00,371.71,371.7,371.72,400,305,371.7113475177305,6.096372628923199e-08,-7.7122923100581e-05
2020-12-29 19:01:00+00:00,371.68,371.67,371.69,700,700,371.68,1.1693251507320807e-07,-0.0005818157359296361
2020-12-29 19:02:00+00:00,371.47,371.47,371.49,300,1099,371.47428877769835,2.130753370311873e-07,-0.000469948388112984
2020-12-29 19:03:00+00:00,371.29,371.28,371.29,100,100,371.285,1.877892273660456e-07,0.00040822322766720376
2020-12-29 19:04:00+00:00,371.44,371.44,371.45,100,400,371.442,5.8945586711405526e-08,2.0054130969171524e-05
2020-12-29 19:05:00+00:00,371.45,371.44,371.46,1100,300,371.4557142857143,9.55732035843525e-08,0.0003077163092011226
2020-12-29 19:06:00+00:00,371.57,371.56,371.57,300,100,371.5675,4.067290486531018e-08,-3.4559100802855625e-05
2020-12-29 19:07:00+00:00,371.55,371.55,371.56,30,300,371.5509090909091,9.014269121075195e-08,-0.00026573795259232647
2020-12-29 19:08:00+00:00,371.47,371.45,371.46,100,460,371.45178571428573,6.466193865252215e-08,1.4338553737447413e-05
2020-12-29 19:09:00+00:00,371.45,371.43,371.45,500,660,371.43862068965524,5.904968695774091e-08,-0.0003028610271699206
2020-12-29 19:10:00+00:00,371.34,371.33,371.34,100,300,371.3325,5.0498588624104684e-08,-0.00011220473324446978
2020-12-29 19:11:00+00:00,371.31,371.3,371.31,200,400,371.30333333333334,2.243869465734739e-08,-0.00010219453200477346
2020-12-29 19:12:00+00:00,371.26,371.26,371.27,100,500,371.26166666666666,3.772574645658524e-08,5.7313459303154346e-05
2020-12-29 19:13:00+00:00,371.3,371.29,371.31,300,700,371.296,5.7776667535429e-08,-0.0002078880518237014
2020-12-29 19:14:00+00:00,371.2,371.2,371.21,400,100,371.208,8.372448185773377e-08,-0.0002292255653150166
2020-12-29 19:15:00+00:00,371.12,371.1,371.11,200,200,371.105,9.095657597626526e-08,0.0002396593539260028
2020-12-29 19:16:00+00:00,371.2,371.19,371.21,200,600,371.195,1.1066267121413495e-07,-0.0006319367120433128
2020-12-29 19:17:00+00:00,370.96,370.95,370.97,500,300,370.9625,7.464340134335582e-08,0.00018837492315992854
2020-12-29 19:18:00+00:00,371.06,371.04,371.06,400,100,371.056,4.167124698709621e-08,0.0003486521575251089
2020-12-29 19:19:00+00:00,371.17,371.16,371.18,2400,400,371.1771428571429,4.92120899949853e-08,8.980417303128263e-07
2020-12-29 19:20:00+00:00,371.168,371.15,371.17,400,400,371.16,8.299249750609026e-08,1.4287014695524292e-05
2020-12-29 19:21:00+00:00,371.19,371.18,371.19,1800,520,371.18775862068964,4.8721843586205533e-08,-0.00010359691301309315
2020-12-29 19:22:00+00:00,371.14,371.13,371.15,1100,449,371.1442027114267,4.99295314552747e-08,-0.000263193190300548
2020-12-29 19:23:00+00:00,371.05,371.03,371.05,900,300,371.045,5.1955302970512075e-08,0.0005322768648219345
2020-12-29 19:24:00+00:00,371.26,371.26,371.27,500,101,371.2683194675541,6.199286502089088e-08,-7.503708563660894e-05
2020-12-29 19:25:00+00:00,371.22,371.2,371.21,100,75,371.2057142857143,1.0172173462515672e-07,-0.0005176023274787722
2020-12-29 19:26:00+00:00,371.02,371.03,371.05,200,300,371.038,7.919896268269627e-08,5.407109600463755e-05
2020-12-29 19:27:00+00:00,371.045,371.02,371.05,510,333,371.0381494661921,9.213350145416988e-08,0.0004177815768862114
2020-12-29 19:28:00+00:00,371.2,371.2,371.21,100,428,371.2018939393939,5.478777606154646e-08,-0.0002965449795039321
2020-12-29 19:29:00+00:00,371.08,371.07,371.09,700,200,371.0855555555556,6.114747849299166e-08,-0.00025600258697344724
2020-12-29 19:30:00+00:00,371.0,370.99,371.01,500,500,371.0,7.927007795574188e-08,0.00028302268224633664
2020-12-29 19:31:00+00:00,371.1,371.1,371.11,600,300,371.1066666666667,5.428218255571667e-08,-0.00035367404864095064
2020-12-29 19:32:00+00:00,370.98,370.97,370.99,1000,300,370.9853846153846,5.413277879730084e-08,0.00011889298525069592
2020-12-29 19:33:00+00:00,371.02,371.01,371.02,400,1071,371.01271923861316,5.0590788383485853e-08,-0.00015324844344999367
2020-12-29 19:34:00+00:00,370.965,370.95,370.96,300,200,370.956,2.508170164978611e-08,0.00015908212517889986
2020-12-29 19:35:00+00:00,371.002,371.0,371.01,701,100,371.00875156054934,3.5888720745374714e-08,-0.00016324952454183084
2020-12-29 19:36:00+00:00,370.95,370.92,370.94,522,500,370.93021526418784,7.116011094368774e-08,-1.8720477806488667e-05
2020-12-29 19:37:00+00:00,370.93,370.96,370.97,101,346,370.96225950782997,6.108850219920862e-08,0.00037067239973298527
2020-12-29 19:38:00+00:00,371.09,371.09,371.1,100,100,371.095,5.56896351956351e-08,1.7984034194062914e-05
2020-12-29 19:39:00+00:00,371.12,371.11,371.12,500,100,371.11833333333334,4.093630363658966e-08,0.00012675811912843393
2020-12-29 19:40:00+00:00,371.14,371.13,371.14,900,233,371.13794351279785,5.710925645508521e-08,-0.00024351853235704546
2020-12-29 19:41:00+00:00,371.04,371.03,371.05,815,600,371.041519434629,5.275470693989069e-08,1.1229444501825725e-05
2020-12-29 19:42:00+00:00,371.06,371.05,371.06,600,100,371.05857142857144,4.9858044771505735e-08,6.276597970411579e-05
2020-12-29 19:43:00+00:00,371.09,371.07,371.08,401,300,371.0757203994294,7.821019469259565e-08,-0.0002266251906221095
2020-12-29 19:44:00+00:00,371.0,370.99,371.0,502,300,370.99625935162095,6.652081487892947e-08,0.00020657869796170125
2020-12-29 19:45:00+00:00,371.06,371.04,371.06,1500,300,371.0566666666667,3.781442240975794e-08,-3.227155419827099e-05
2020-12-29 19:46:00+00:00,371.06,371.05,371.06,2200,1253,371.0563712713582,6.164661923563096e-08,-0.00032816539481483886
2020-12-29 19:47:00+00:00,370.94,370.93,370.94,3100,3892,370.9344336384439,5.304782136755001e-08,-0.00021414818577047967
2020-12-29 19:48:00+00:00,370.85,370.84,370.86,407,500,370.84897464167585,7.009839720034314e-08,0.00018467206650463197
2020-12-29 19:49:00+00:00,370.92,370.91,370.92,600,100,370.91857142857145,4.042554221512702e-08,0.0001317194455758841
2020-12-29 19:50:00+00:00,370.98,370.96,370.97,300,941,370.96241740531826,1.2972703038975055e-07,0.0003946084652874937
2020-12-29 19:51:00+00:00,371.11,371.11,371.12,500,100,371.11833333333334,8.421424384934131e-08,0.0006796264748942793
2020-12-29 19:52:00+00:00,371.37,371.36,371.38,400,600,371.368,6.25280342949612e-08,-0.00010396907555798585
2020-12-29 19:53:00+00:00,371.33,371.32,371.34,500,300,371.3325,3.414837433382399e-08,-0.0001844707910025889
2020-12-29 19:54:00+00:00,371.26,371.26,371.27,400,400,371.265,2.304160658824795e-08,2.800155232574042e-06
2020-12-29 19:55:00+00:00,371.27,371.26,371.27,700,789,371.26470114170587,3.083955924568363e-08,4.38250215029079e-06
2020-12-29 19:56:00+00:00,371.27,371.26,371.27,400,400,371.265,1.4513729298295935e-08,7.809733849706291e-05
2020-12-29 19:57:00+00:00,371.3,371.29,371.3,301,400,371.29429386590584,3.469268253026605e-08,0.00018674711817046052
2020-12-29 19:58:00+00:00,371.36,371.35,371.37,400,400,371.36,3.7112836662774783e-08,-1.5885133389903494e-05
2020-12-29 19:59:00+00:00,371.35,371.34,371.35,300,300,371.345,3.1995378840139824e-08,-0.00022454419870376885
2020-12-29 20:00:00+00:00,371.27,371.27,371.28,401,500,371.2744506104329,8.438279706720145e-08,0.00016090537959145834
2020-12-29 20:01:00+00:00,371.34,371.33,371.34,700,500,371.3358333333333,2.8199156716558206e-08,-9.227537452283219e-05
2020-12-29 20:02:00+00:00,371.305,371.3,371.31,100,300,371.3025,4.0425120787034406e-08,9.779277234001071e-05
2020-12-29 20:03:00+00:00,371.335,371.33,371.34,601,300,371.3366703662597,4.65477071620348e-08,-8.453221221560447e-05
2020-12-29 20:04:00+00:00,371.31,371.3,371.31,422,396,371.3051589242054,2.3256173439480284e-08,-9.051835867879277e-05
2020-12-29 20:05:00+00:00,371.27,371.26,371.27,500,90,371.26847457627116,3.882481618138394e-08,-0.00014849356994484086
2020-12-29 20:06:00+00:00,371.22,371.21,371.22,280,200,371.21583333333336,3.577336268276338e-08,-0.00047428835017993
2020-12-29 20:07:00+00:00,371.05,371.05,371.06,400,100,371.058,4.9172607818785533e-08,0.00016867270659481903
2020-12-29 20:08:00+00:00,371.1,371.1,371.11,900,1000,371.10473684210524,4.436783132605718e-08,0.00032298532755881126
2020-12-29 20:09:00+00:00,371.23,371.22,371.23,300,700,371.223,9.429442236393473e-08,-0.00013132241673652345
2020-12-29 20:10:00+00:00,371.18,371.18,371.2,400,400,371.19,1.8726999230595998e-07,0.0009351245683575371
2020-12-29 20:11:00+00:00,371.535,371.53,371.54,200,300,371.534,1.6508659743365267e-07,-5.178082022316843e-05
2020-12-29 20:12:00+00:00,371.495,371.5,371.51,300,100,371.5075,6.872496860085209e-08,-0.00021324406447376099
2020-12-29 20:13:00+00:00,371.425,371.42,371.43,300,400,371.4242857142857,2.9075988093006406e-08,0.00030252150203380346
2020-12-29 20:14:00+00:00,371.53,371.53,371.54,1800,200,371.539,3.3704250453033906e-08,0.00015654634174366855
2020-12-29 20:15:00+00:00,371.585,371.58,371.59,871,100,371.5889701338825,2.1319806794151187e-08,-0.00010292601704664506
2020-12-29 20:16:00+00:00,371.56,371.55,371.56,1230,573,371.5568219633943,7.549113628822279e-08,-2.9378874200958194e-05
2020-12-29 20:17:00+00:00,371.56,371.55,371.57,400,300,371.56142857142856,4.246161759566031e-08,0.0004479365122087575
2020-12-29 20:18:00+00:00,371.718,371.71,371.72,100,504,371.71165562913905,3.9873193022575394e-08,0.00013858224709406564
2020-12-29 20:19:00+00:00,371.768,371.76,371.77,200,500,371.7628571428571,3.524710901137199e-08,-9.481544520484331e-05
2020-12-29 20:20:00+00:00,371.73,371.72,371.73,300,100,371.7275,2.7957442296043328e-08,0.0002146939653924207
2020-12-29 20:21:00+00:00,371.79,371.78,371.8,500,500,371.79,2.206273966674788e-08,2.2092845664234417e-05
2020-12-29 20:22:00+00:00,371.82,371.81,371.82,568,200,371.81739583333336,1.1081619569743562e-08,-7.470112431906539e-05
2020-12-29 20:23:00+00:00,371.79,371.78,371.79,669,256,371.78723243243246,1.6635250977943633e-08,0.0003869218597412072
2020-12-29 20:24:00+00:00,371.92,371.91,371.92,500,400,371.91555555555556,3.531755068111704e-08,-9.87225114917889e-05
2020-12-29 20:25:00+00:00,371.93,371.92,371.94,400,400,371.93,6.256540608962119e-08,-3.693902223622647e-05
2020-12-29 20:26:00+00:00,371.9,371.89,371.91,308,600,371.8967841409692,2.217780439754229e-08,-9.09877165915507e-05
2020-12-29 20:27:00+00:00,371.86,371.84,371.86,300,300,371.85,3.7306273542739035e-08,-0.0001561233831335329
2020-12-29 20:28:00+00:00,371.79,371.79,371.8,100,400,371.792,3.7599008966802646e-08,0.00017632046963900194
2020-12-29 20:29:00+00:00,371.84,371.82,371.85,200,400,371.83,3.7324659997816993e-08,9.412270912045884e-05
2020-12-29 20:30:00+00:00,371.9,371.88,371.9,1000,1000,371.89,6.66260932490592e-08,-0.0001254851344931751
2020-12-29 20:31:00+00:00,371.86,371.84,371.85,100,300,371.8425,4.327789340383405e-08,-1.2795267068987926e-05
2020-12-29 20:32:00+00:00,371.84,371.83,371.84,502,100,371.83833887043187,3.7727953562287066e-08,0.00014259182229525713
2020-12-29 20:33:00+00:00,371.89,371.88,371.89,214,200,371.88516908212557,2.648807689376444e-08,-9.16843482445806e-05
2020-12-29 20:34:00+00:00,371.88,371.87,371.89,1300,500,371.88444444444445,3.1328293501139895e-08,-6.781332896943493e-05
2020-12-29 20:35:00+00:00,371.84,371.83,371.84,700,490,371.83588235294116,4.330898909566414e-08,-8.409432364009373e-05
2020-12-29 20:36:00+00:00,371.8,371.79,371.8,1000,100,371.7990909090909,7.023143046641102e-08,-0.00025017177773833943
2020-12-29 20:37:00+00:00,371.71,371.71,371.73,400,400,371.72,9.584542536466244e-08,0.00032437135754781465
2020-12-29 20:38:00+00:00,371.84,371.84,371.85,244,100,371.84709302325587,6.511281971381583e-08,-0.00017096972491170703
2020-12-29 20:39:00+00:00,371.76,371.76,371.78,400,400,371.77,5.650085351824254e-08,2.017403467236001e-05
2020-12-29 20:40:00+00:00,371.775,371.77,371.78,200,900,371.77181818181816,4.737190735615343e-08,0.00019442233218969207
2020-12-29 20:41:00+00:00,371.85,371.84,371.85,600,655,371.844780876494,5.732997003012111e-08,-0.000353501111003407
2020-12-29 20:42:00+00:00,371.71,371.7,371.72,700,762,371.7095759233926,4.375170550658421e-08,-5.6367041678218044e-05
2020-12-29 20:43:00+00:00,371.69,371.68,371.69,600,100,371.68857142857144,3.0850264798623016e-08,0.00020059771874980648
2020-12-29 20:44:00+00:00,371.77,371.76,371.78,200,576,371.76515463917525,5.5344245178089125e-08,6.6444009749755395e-06
2020-12-29 20:45:00+00:00,371.77,371.76,371.77,1300,700,371.7665,7.965490744954809e-08,0.00016305981150299687
2020-12-29 20:46:00+00:00,371.84,371.83,371.84,302,415,371.8342119944212,8.963554558667433e-08,-0.0005242713210984462
2020-12-29 20:47:00+00:00,371.64,371.63,371.64,605,483,371.6355606617647,7.71971160982442e-08,-0.00021028193974614862
2020-12-29 20:48:00+00:00,371.56,371.55,371.57,4100,400,371.56822222222223,1.0085609467525266e-07,0.00013557175953637923
2020-12-29 20:49:00+00:00,371.615,371.61,371.62,400,100,371.618,4.029866451473918e-08,-0.00027424558958655254
2020-12-29 20:50:00+00:00,371.52,371.52,371.55,200,700,371.52666666666664,1.5872941133032856e-07,0.00011106503609648044
2020-12-29 20:51:00+00:00,371.56,371.55,371.57,300,600,371.5566666666667,1.3340079546199926e-07,0.00010139164607569917
2020-12-29 20:52:00+00:00,371.6,371.6,371.61,200,300,371.604,1.007934341823103e-07,-0.0005016555894589159
2020-12-29 20:53:00+00:00,371.39,371.37,371.39,1675,900,371.38300970873786,1.5487292444212918e-07,-0.00021642558387635624
2020-12-29 20:54:00+00:00,371.31,371.31,371.32,3800,700,371.3184444444444,1.160946624925274e-07,-0.00013307069754364687
2020-12-29 20:55:00+00:00,371.27,371.28,371.29,600,300,371.2866666666667,1.2695169132489466e-07,-0.0003708615681532468
2020-12-29 20:56:00+00:00,371.13,371.12,371.14,1700,2220,371.1286734693877,7.041544488258073e-08,1.7647567160272715e-05
2020-12-29 20:57:00+00:00,371.12,371.13,371.14,1900,1000,371.1365517241379,9.655875039422108e-08,0.0004072281453697535
2020-12-29 20:58:00+00:00,371.29,371.28,371.3,1400,605,371.29396508728183,1.8570960842957773e-07,-0.00023299835488854725
2020-12-29 20:59:00+00:00,371.22,371.22,371.23,1449,100,371.2293544222079,6.444040537863085e-07,0.0004895060061593792
2020-12-29 21:00:00+00:00,371.48,371.46,371.47,9094,77600,371.46104897686115,2.633539022359644e-07,0.00027823901629053793
2020-12-29 21:01:00+00:00,371.48,371.46,371.48,436,200,371.4737106918239,3.9833809112367516e-08,-0.0003077997052145509
2020-12-29 21:02:00+00:00,371.39,371.37,371.38,1000,5800,371.3714705882353,5.1621162401665215e-08,0.0002591691474789215
2020-12-29 21:03:00+00:00,371.48,371.46,371.49,400,1200,371.4675,1.7177506435812485e-08,-1.53829587568044e-06
2020-12-29 21:04:00+00:00,371.45,371.45,371.46,1600,7738,371.4517134289998,3.715582270852036e-08,-0.00031281790924331254
2020-12-29 21:05:00+00:00,371.35,371.35,371.36,1600,7298,371.35179815688923,3.3190455487983626e-08,0.00017019398700757193
2020-12-29 21:06:00+00:00,371.44,371.44,371.45,100,2,371.4498039215686,5.5264454392826726e-08,0.0005965602589323993
2020-12-29 21:07:00+00:00,371.62,371.63,371.66,500,200,371.6514285714286,5.555960025831356e-08,7.753054739056964e-05
2020-12-29 21:08:00+00:00,371.66,371.65,371.69,500,800,371.6653846153846,1.6524136334606353e-08,0.0001212589803443187
2020-12-29 21:09:00+00:00,371.72,371.71,371.72,19,901,371.7102065217391,5.2692780892302256e-08,-0.00011039481123376049
2020-12-29 21:10:00+00:00,371.68,371.65,371.67,1000,30,371.66941747572815,9.60277609777281e-08,0.00018012286587953952
2020-12-29 21:11:00+00:00,371.71,371.7,371.74,2500,200,371.73703703703706,4.653804955045699e-08,0.00015660699894581853
2020-12-29 21:12:00+00:00,371.79,371.79,371.8,600,710,371.79458015267176,2.76833063523584e-08,-4.818113808369162e-05
2020-12-29 21:13:00+00:00,371.78,371.75,371.8,1100,1750,371.76929824561404,9.48018981554377e-08,-9.237250881644066e-05
2020-12-29 21:14:00+00:00,371.76,371.74,371.77,168,1500,371.74302158273383,4.796683610570861e-08,9.203616595621078e-05
2020-12-29 21:15:00+00:00,371.77,371.77,371.78,1700,900,371.77653846153845,6.5848996855139724e-09,-0.00012724765393601345
2020-12-29 21:16:00+00:00,371.73,371.71,371.73,2500,100,371.72923076923075,5.978589056288432e-09,7.081014124965535e-05
2020-12-29 21:17:00+00:00,371.77,371.71,371.78,2795,1500,371.7555529685681,1.1524729866559646e-08,-5.976947770469643e-05
2020-12-29 21:18:00+00:00,371.73,371.72,371.74,100,50,371.73333333333335,1.7398829753701604e-08,-9.88669388968244e-06
2020-12-29 21:19:00+00:00,371.7,371.7,371.73,900,25,371.7291891891892,3.970696680436991e-09,-5.296947754152015e-05
2020-12-29 21:20:00+00:00,371.69,371.69,371.71,3100,5,371.7099677938808,1.766633942598665e-09,-1.3673608103670354e-05
2020-12-29 21:21:00+00:00,371.7,371.7,371.72,585,1810,371.704885177453,8.69600603114098e-09,9.348683062793128e-06
2020-12-29 21:22:00+00:00,371.7,371.69,371.7,3044,3503,371.69464945776696,7.93074757947853e-09,-1.7599676254032026e-05
2020-12-29 21:23:00+00:00,371.73,371.7,371.72,10,100,371.70181818181817,7.436792769559134e-09,-1.3153145130728738e-05
2020-12-29 21:24:00+00:00,371.7,371.69,371.7,3344,10,371.6999701848539,1.4581858443138455e-09,1.3651715155882371e-05
2020-12-29 21:25:00+00:00,371.7,371.7,371.72,175,1572,371.7020034344591,3.731675411604089e-10,1.4687174289207405e-05
2020-12-29 21:26:00+00:00,371.73,371.7,371.73,300,906,371.70746268656717,5.152964140783172e-09,4.509381571682347e-05
2020-12-29 21:27:00+00:00,371.7,371.7,371.72,3800,100,371.7194871794872,9.988899407984491e-10,-2.4610320387585816e-05
2020-12-29 21:28:00+00:00,371.72,371.71,371.72,100,97,371.715076142132,1.8402527597288073e-10,-2.7176125039218846e-07
2020-12-29 21:29:00+00:00,371.72,371.71,371.73,300,906,371.7149751243781,1.1122477112226888e-08,-1.3384245217573643e-05
2020-12-29 21:30:00+00:00,371.7,371.7,371.75,100,400,371.71,1.8878582041307977e-07,0.00014204128255279613
2020-12-29 21:31:00+00:00,371.74,371.75,371.78,372,1000,371.7581341107872,2.8430591770709955e-08,-0.00019102160301598392
2020-12-29 21:32:00+00:00,371.69,371.69,371.73,70,1500,371.69178343949045,4.0882338161405785e-08,-0.00013165885686317047
2020-12-29 21:33:00+00:00,371.65,371.6,371.65,599,100,371.6428469241774,3.8926253986053505e-08,-5.250630008235557e-05
2020-12-29 21:34:00+00:00,371.65,371.59,371.64,1000,500,371.62333333333333,1.3989261370083201e-08,-5.237121527557065e-05
2020-12-29 21:35:00+00:00,371.62,371.6,371.62,120,500,371.6038709677419,5.287896536659699e-09,2.1710774291250345e-05
2020-12-29 21:36:00+00:00,371.62,371.6,371.63,195,295,371.6119387755102,6.721547577272218e-10,-1.015332028686533e-05
2020-12-29 21:37:00+00:00,371.63,371.6,371.62,345,500,371.6081656804734,3.7028477736546602e-09,0.00012026501705619808
2020-12-29 21:38:00+00:00,371.63,371.65,371.67,50,300,371.65285714285716,1.6420168560939729e-09,-4.3563437975291386e-05
2020-12-29 21:39:00+00:00,371.67,371.62,371.64,500,100,371.63666666666666,7.2193494841149324e-09,-8.969333847530514e-06
2020-12-29 21:40:00+00:00,371.67,371.62,371.66,500,1000,371.6333333333333,1.6416220503149985e-08,-8.585010827355521e-05
2020-12-29 21:41:00+00:00,371.6,371.6,371.61,100,600,371.6014285714286,6.436081037899711e-09,-5.296680305622026e-05
2020-12-29 21:42:00+00:00,371.57,371.55,371.59,400,400,371.57,1.0277991059926744e-08,-3.49248971187599e-05
2020-12-29 21:43:00+00:00,371.59,371.54,371.59,1355,1000,371.56876857749467,5.076109545205763e-09,3.24157371014433e-05
2020-12-29 21:44:00+00:00,371.55,371.54,371.58,1355,400,371.57088319088314,5.397051591491929e-08,-2.0820046835345885e-05
2020-12-29 21:45:00+00:00,371.58,371.52,371.58,2800,100,371.57793103448273,1.663024280584314e-08,-6.62464159654208e-05
2020-12-29 21:46:00+00:00,371.52,371.51,371.55,2500,100,371.54846153846154,9.065921537326465e-09,2.5672186876990466e-05
2020-12-29 21:47:00+00:00,371.59,371.55,371.59,200,800,371.558,2.1639519506920485e-08,-3.116322988105935e-06
2020-12-29 21:48:00+00:00,371.55,371.52,371.57,1400,500,371.5568421052632,4.875600473807314e-09,-7.208109766443371e-05
2020-12-29 21:49:00+00:00,371.54,371.53,371.59,1,1000,371.53005994005997,2.475994547680196e-09,-3.453892254645652e-06
2020-12-29 21:50:00+00:00,371.52,371.52,371.55,391,500,371.533164983165,1.4107402408669727e-08,7.905305151756359e-05
2020-12-29 21:51:00+00:00,371.52,371.52,371.59,600,501,371.55814713896456,8.898365672279871e-09,0.00011247362302468922
2020-12-29 21:52:00+00:00,371.57,371.57,371.6,480,1,371.59993762993764,2.09577045201008e-08,-8.003125707001235e-05
2020-12-29 21:53:00+00:00,371.6,371.57,371.59,5,500,371.570198019802,1.1038627921740445e-08,-3.095841666356236e-07
2020-12-29 21:54:00+00:00,371.6,371.57,371.59,5,1200,371.57008298755187,8.665223455497642e-09,8.033630432624506e-05
2020-12-29 21:55:00+00:00,371.6,371.6,371.64,2,1000,371.6000798403194,1.4175539287335993e-08,0.0001212767848250973
2020-12-29 21:56:00+00:00,371.65,371.62,371.67,500,500,371.645,7.398940010310475e-09,2.840225364408866e-05
2020-12-29 21:57:00+00:00,371.65,371.65,371.66,500,400,371.65555555555557,6.102506879268877e-09,6.577177195121742e-05
2020-12-29 21:58:00+00:00,371.65,371.65,371.69,300,100,371.68,3.952169449025602e-08,0.00016970760621193293
2020-12-29 21:59:00+00:00,371.74,371.74,371.77,80,700,371.7430769230769,1.2839339847687625e-09,-8.562429457681375e-07
2020-12-29 22:00:00+00:00,371.75,371.74,371.75,80,100,371.74444444444447,4.170125584055823e-09,-7.018819712811819e-05
2020-12-29 22:01:00+00:00,371.71,371.71,371.73,100,200,371.71666666666664,1.1757638814783866e-10,0.0
2020-12-29 22:02:00+00:00,371.71,371.71,371.72,100,500,371.71166666666664,1.1003891079483579e-07,-0.00032731022732357395
2020-12-29 22:03:00+00:00,371.6,371.57,371.7,500,1800,371.5982608695652,3.4245172348401948e-09,-2.827815603123618e-05
2020-12-29 22:04:00+00:00,371.57,371.58,371.7,70,1800,371.5844919786096,2.7838422704495027e-08,0.00023297668029531593
2020-12-29 22:05:00+00:00,371.6,371.6,371.69,379,101,371.6710625,2.71366697952085e-08,-0.0001329020155647065
2020-12-29 22:06:00+00:00,371.6,371.61,371.68,1,5,371.62166666666667,1.4837506379605132e-08,0.00010404847223655089
2020-12-29 22:07:00+00:00,371.6,371.6,371.67,362,58,371.66033333333337,9.446491926954635e-09,-9.719306522049109e-05
2020-12-29 22:08:00+00:00,371.6,371.61,371.67,18,58,371.62421052631584,0.0,0.0
2020-12-29 22:09:00+00:00,371.6,371.61,371.67,18,58,371.62421052631584,0.0,0.0
2020-12-29 22:10:00+00:00,371.6,371.61,371.67,18,58,371.62421052631584,1.0251902523127808e-09,-2.8741708017365752e-05
2020-12-29 22:11:00+00:00,371.6,371.61,371.62,18,33,371.6135294117647,0.0,0.0
2020-12-29 22:12:00+00:00,371.6,371.61,371.62,18,33,371.6135294117647,2.9152297788378215e-10,-1.707404398154644e-05
2020-12-29 22:13:00+00:00,371.6,371.58,371.62,70,33,371.6071844660194,0.0,0.0
2020-12-29 22:14:00+00:00,371.6,371.58,371.62,70,33,371.6071844660194,3.3371491562622895e-09,0.00010148180360980419
2020-12-29 22:15:00+00:00,371.65,371.64,371.65,47,49,371.64489583333335,7.808267849604902e-09,-0.00010371897318184331
2020-12-29 22:16:00+00:00,371.6,371.6,371.64,10,53,371.60634920634925,3.5323034274327594e-10,1.8794423181978104e-05
2020-12-29 22:17:00+00:00,371.64,371.6,371.64,10,20,371.61333333333334,4.854723575019845e-09,6.967584528250192e-05
2020-12-29 22:18:00+00:00,371.57,371.55,371.64,2305,20,371.6392258064516,9.172341091021946e-09,-9.576341877803873e-05
2020-12-29 22:19:00+00:00,371.57,371.6,371.64,2,20,371.6036363636363,1.2866197226127255e-08,0.0
2020-12-29 22:20:00+00:00,371.57,371.6,371.64,2,20,371.6036363636363,3.012397401282486e-09,-1.0134931957450632e-05
2020-12-29 22:21:00+00:00,371.56,371.55,371.6,2305,6,371.59987018606665,1.2173290761094787e-08,4.270605469014477e-05
2020-12-29 22:22:00+00:00,371.56,371.55,371.63,2305,500,371.61573975044564,4.299984940267178e-09,4.571260165953106e-05
2020-12-29 22:23:00+00:00,371.63,371.56,371.64,200,20,371.63272727272727,0.0,0.0
2020-12-29 22:24:00+00:00,371.63,371.56,371.64,200,20,371.63272727272727,1.1543839768575566e-09,1.8498686520374008e-05
2020-12-29 22:25:00+00:00,371.63,371.56,371.64,200,1,371.63960199004975,0.0,0.0
2020-12-29 22:26:00+00:00,371.63,371.56,371.64,200,1,371.63960199004975,6.91058222091147e-15,5.30176613722233e-09
2020-12-29 22:27:00+00:00,371.56,371.6,371.64,100,1,371.639603960396,5.51460221000324e-08,-0.00021157550150296967
2020-12-29 22:28:00+00:00,371.6,371.56,371.6,240,9615,371.5609741248097,5.49687966854329e-10,-2.3262001999202475e-05
2020-12-29 22:29:00+00:00,371.56,371.55,371.56,2305,7584,371.5523308726868,8.018641050692982e-09,1.1279343703263223e-05
2020-12-29 22:30:00+00:00,371.56,371.52,371.56,2100,200,371.55652173913046,3.735496745495554e-09,-2.6644372556283713e-05
2020-12-29 22:31:00+00:00,371.56,371.52,371.56,396,199,371.5466218487395,4.245607867956856e-09,0.00010493813336842628
2020-12-29 22:32:00+00:00,371.59,371.57,371.59,1775,499,371.5856112576957,1.901982758670652e-12,1.2924360532906576e-06
2020-12-29 22:33:00+00:00,371.58,371.57,371.59,2075,504,371.58609150833655,1.425180839591303e-10,-1.183196352827487e-05
2020-12-29 22:34:00+00:00,371.59,371.58,371.59,100,490,371.5816949152542,1.0360163124291002e-15,3.898592249029775e-08
2020-12-29 22:35:00+00:00,371.59,371.58,371.59,100,485,371.58170940170936,7.778271792555822e-12,-2.78895532279666e-06
2020-12-29 22:36:00+00:00,371.59,371.58,371.59,35,484,371.5806743737958,1.643875012885138e-11,4.057961517700548e-06
2020-12-29 22:37:00+00:00,371.59,371.58,371.59,135,484,371.58218093699514,5.270197252866211e-11,8.106272940233694e-06
2020-12-29 22:38:00+00:00,371.57,371.57,371.59,1318,417,371.58519308357353,6.301313915414146e-12,2.1509427616805965e-06
2020-12-29 22:39:00+00:00,371.57,371.57,371.59,1253,314,371.5859923420549,1.2100586316411617e-14,-3.6282924753550105e-07
2020-12-29 22:40:00+00:00,371.57,371.57,371.59,1202,314,371.58585751978893,3.4089696052848906e-11,2.5664836349470477e-06
2020-12-29 22:41:00+00:00,371.59,371.57,371.59,1202,228,371.5868111888112,1.98706760957547e-08,0.00013368593591311928
2020-12-29 22:42:00+00:00,371.59,371.59,371.64,1588,120,371.63648711943796,5.357281361941284e-15,-7.319345163292468e-08
2020-12-29 22:43:00+00:00,371.6,371.59,371.64,1588,121,371.63645991808073,1.900460885317172e-09,0.0
2020-12-29 22:44:00+00:00,371.6,371.59,371.64,1588,121,371.63645991808073,5.906373772105306e-09,-7.037299198320301e-05
2020-12-29 22:45:00+00:00,371.6,371.6,371.64,42,121,371.61030674846626,3.1471496527912996e-10,-2.0959490932614955e-05
2020-12-29 22:46:00+00:00,371.62,371.6,371.64,35,521,371.6025179856115,4.178674544529606e-09,5.092447190180316e-05
2020-12-29 22:47:00+00:00,371.63,371.61,371.63,500,374,371.6214416475973,7.906635158216979e-11,-1.138188277771679e-05
2020-12-29 22:48:00+00:00,371.6,371.59,371.62,976,100,371.61721189591077,1.836736355951448e-09,1.0817863006717943e-05
2020-12-29 22:49:00+00:00,371.6,371.59,371.63,976,274,371.62123199999996,2.6106143111938333e-09,2.0218739593680368e-07
2020-12-29 22:50:00+00:00,371.63,371.6,371.63,300,271,371.61576182136605,1.0808445586608961e-08,2.8556620580211245e-05
2020-12-29 22:51:00+00:00,371.67,371.63,371.68,20,501,371.63191938579655,2.6822948127836344e-09,4.9713414153274016e-05
2020-12-29 22:52:00+00:00,371.67,371.65,371.68,20,1501,371.65039447731755,1.3808041928362012e-08,-3.693743059307586e-05
2020-12-29 22:53:00+00:00,371.68,371.62,371.67,300,600,371.63666666666666,2.146793927274105e-10,2.75979503006063e-06
2020-12-29 22:54:00+00:00,371.68,371.63,371.68,50,275,371.6376923076923,7.778350263272548e-09,0.0
2020-12-29 22:55:00+00:00,371.68,371.63,371.68,50,275,371.6376923076923,5.084451623536702e-10,4.13968112034091e-06
2020-12-29 22:56:00+00:00,371.63,371.63,371.67,15,50,371.6392307692308,1.718676272850159e-08,-5.2468157267115956e-05
2020-12-29 22:57:00+00:00,371.63,371.6,371.66,98,200,371.61973154362414,6.166375611664031e-10,-1.2857962563561642e-05
2020-12-29 22:58:00+00:00,371.63,371.6,371.65,128,300,371.61495327102807,1.537429530916953e-10,-1.1535069629586836e-05
2020-12-29 22:59:00+00:00,371.65,371.6,371.65,128,472,371.6106666666667,6.756655759696039e-08,-1.083839318571922e-05
2020-12-29 23:00:00+00:00,371.7,371.6,371.7,128,1800,371.6066390041494,9.358307498490805e-07,0.0005001552080681204
2020-12-29 23:01:00+00:00,371.8,371.77,371.8,300,100,371.7925,1.4066412372020288e-07,0.00011879386127100489
2020-12-29 23:02:00+00:00,371.89,371.8,371.86,500,500,371.83,4.268516990724826e-08,-2.1231733042581524e-05
2020-12-29 23:03:00+00:00,371.84,371.82,371.84,1000,272,371.8357232704402,3.1715249970443814e-08,0.0001375585584477701
2020-12-29 23:04:00+00:00,371.87,371.84,371.88,500,1,371.87992015968064,1.0841534694656758e-07,-0.0003298038580713536
2020-12-29 23:05:00+00:00,371.81,371.73,371.79,500,600,371.7572727272727,1.691949996177086e-08,-0.00012259239403933364
2020-12-29 23:06:00+00:00,371.77,371.71,371.74,30,500,371.71169811320755,3.4256518687242775e-08,-9.565951922108074e-05
2020-12-29 23:07:00+00:00,371.7,371.67,371.72,70,500,371.6761403508772,2.9712997747938287e-08,-1.0358249086461768e-05
2020-12-29 23:08:00+00:00,371.67,371.66,371.69,347,500,371.6722904368359,1.1440285195199007e-08,6.110103913692377e-05
2020-12-29 23:09:00+00:00,371.67,371.67,371.72,500,500,371.695,2.993383689618104e-08,1.2924364246602593e-05
2020-12-29 23:10:00+00:00,371.69,371.69,371.7,100,2,371.6998039215686,2.4415812820174692e-08,-0.00012665233703301748
2020-12-29 23:11:00+00:00,371.67,371.63,371.68,500,600,371.65272727272725,3.84433510211979e-09,4.070434404490619e-05
2020-12-29 23:12:00+00:00,371.68,371.64,371.68,500,218,371.6678551532034,1.974935057290615e-08,-7.300720820058171e-05
2020-12-29 23:13:00+00:00,371.68,371.64,371.68,504,218,371.6679224376731,2.17542050051419e-08,0.00016847618982951396
2020-12-29 23:14:00+00:00,371.68,371.68,371.72,700,500,371.7033333333333,1.8053481822888906e-08,-4.076238707795277e-06
2020-12-29 23:15:00+00:00,371.68,371.68,371.72,600,500,371.70181818181817,2.6094466987391973e-08,-0.00015285957463462285
2020-12-29 23:16:00+00:00,371.64,371.62,371.67,500,500,371.645,3.452794832771577e-08,-0.00019969510224671083
2020-12-29 23:17:00+00:00,371.6,371.57,371.61,20,1000,371.5707843137255,2.7827665218664284e-08,-7.599556011028685e-05
2020-12-29 23:18:00+00:00,371.57,371.53,371.55,505,300,371.54254658385094,8.270206428003282e-09,-5.623554954692356e-05
2020-12-29 23:19:00+00:00,371.52,371.51,371.53,2100,995,371.5235702746365,1.250115227428393e-08,-0.00011315471007244948
2020-12-29 23:20:00+00:00,371.47,371.47,371.49,870,940,371.47961325966855,6.709125872485765e-08,-0.00037503062077381966
2020-12-29 23:21:00+00:00,371.32,371.34,371.37,5,500,371.340297029703,5.756287722382328e-08,0.0002690017131661282
2020-12-29 23:22:00+00:00,371.47,371.42,371.47,500,891,371.4379726815241,1.2421011629158712e-08,4.844282600946492e-05
2020-12-29 23:23:00+00:00,371.47,371.44,371.46,500,50,371.4581818181818,3.6364254151100516e-08,-0.00016560451357960915
2020-12-29 23:24:00+00:00,371.4,371.39,371.4,1000,500,371.39666666666665,3.232009296713901e-08,-2.6925389745025008e-05
2020-12-29 23:25:00+00:00,371.39,371.4,371.42,50,1000,371.4009523809524,1.9707758190382142e-08,0.00015706900265666235
2020-12-29 23:26:00+00:00,371.4,371.42,371.47,500,500,371.445,6.246540148943231e-09,3.666946561442508e-05
2020-12-29 23:27:00+00:00,371.46,371.45,371.46,500,80,371.45862068965516,1.4872730381656774e-09,7.823159910080868e-05
2020-12-29 23:28:00+00:00,371.49,371.48,371.49,500,151,371.4876804915515,5.06408747420492e-08,-7.556818136500443e-05
2020-12-29 23:29:00+00:00,371.48,371.43,371.46,10,10,371.445,3.3681179043210744e-09,-2.639296806872249e-05
2020-12-29 23:30:00+00:00,371.48,371.44,371.45,500,10,371.4498039215686,5.831592894030829e-08,0.00029395176775071086
2020-12-29 23:31:00+00:00,371.56,371.54,371.59,490,800,371.558992248062,1.8979776880350727e-08,5.648575945160772e-05
2020-12-29 23:32:00+00:00,371.59,371.57,371.58,500,1,371.5799800399202,2.898628544826557e-08,0.0001347217902167852
2020-12-29 23:33:00+00:00,371.67,371.63,371.67,1,1000,371.63003996003994,5.579755502474828e-09,4.926175343644701e-05
2020-12-29 23:34:00+00:00,371.65,371.64,371.65,1010,200,371.64834710743804,1.1150828879043066e-09,-4.909911504380471e-05
2020-12-29 23:35:00+00:00,371.65,371.63,371.65,1,200,371.63009950248755,3.8131991434535534e-09,0.00012906654683164653
2020-12-29 23:36:00+00:00,371.68,371.67,371.68,500,120,371.67806451612904,1.2333357509653312e-09,2.274101866772682e-05
2020-12-29 23:37:00+00:00,371.69,371.67,371.7,490,400,371.6865168539326,6.49419842055724e-10,2.4745131622205818e-05
2020-12-29 23:38:00+00:00,371.69,371.69,371.7,400,300,371.6957142857143,1.377826806259028e-08,2.6716127194070793e-05
2020-12-29 23:39:00+00:00,371.7,371.69,371.74,500,1098,371.7056445556946,3.863723965000703e-09,7.897497585895863e-05
2020-12-29 23:40:00+00:00,371.74,371.72,371.75,500,500,371.735,1.772732291250142e-08,-0.0001838227052425312
2020-12-29 23:41:00+00:00,371.7,371.65,371.7,500,1000,371.6666666666667,6.992224886964344e-09,5.3811659192826156e-05
2020-12-29 23:42:00+00:00,371.7,371.67,371.72,500,1000,371.68666666666667,8.3484616504571e-09,0.00011530449354424377
2020-12-29 23:43:00+00:00,371.7,371.72,371.73,500,25,371.7295238095238,1.1103179955399888e-08,0.00010785146867209328
2020-12-29 23:44:00+00:00,371.77,371.76,371.77,1000,40,371.7696153846154,5.486955169360917e-10,-3.9313015401498674e-05
2020-12-29 23:45:00+00:00,371.77,371.74,371.76,300,100,371.755,1.7124681987372113e-08,-0.00010759774582724813
2020-12-29 23:46:00+00:00,371.72,371.69,371.72,500,100,371.715,2.2569894218867572e-08,-0.00013451165543476584
2020-12-29 23:47:00+00:00,371.72,371.64,371.69,500,500,371.665,9.346919779467233e-09,0.0001816151641935715
2020-12-29 23:48:00+00:00,371.7,371.72,371.74,500,300,371.7325,2.234970455432842e-08,-8.769657690432808e-05
2020-12-29 23:49:00+00:00,371.67,371.67,371.7,300,1,371.6999003322259,1.8255587463928888e-08,-0.0001701202112315281
2020-12-29 23:50:00+00:00,371.62,371.62,371.67,500,1000,371.63666666666666,4.3872756521385036e-08,0.0
2020-12-29 23:51:00+00:00,371.62,371.62,371.67,500,1000,371.63666666666666,1.4292822080652147e-08,4.0593170712366344e-05
2020-12-29 23:52:00+00:00,371.62,371.64,371.66,570,400,371.6517525773196,1.7919257794622753e-08,0.00012929131617389622
2020-12-29 23:53:00+00:00,371.66,371.69,371.7,50,1,371.6998039215686,1.0293751848975633e-08,-4.463384359687517e-05
2020-12-29 23:54:00+00:00,371.66,371.67,371.72,500,1392,371.6832135306554,9.295093434114101e-09,-4.962365545368996e-06
2020-12-29 23:55:00+00:00,371.66,371.66,371.72,770,1392,371.68136910268277,5.542810979006851e-09,-2.919065378359509e-05
2020-12-29 23:56:00+00:00,371.66,371.66,371.69,270,500,371.6705194805195,3.2765467127152074e-09,1.0133259348732437e-05
2020-12-29 23:57:00+00:00,371.66,371.67,371.7,50,300,371.6742857142857,2.527823545635057e-09,1.2928510230381107e-05
2020-12-29 23:58:00+00:00,371.68,371.67,371.68,500,50,371.6790909090909,1.3127977733235738e-08,-0.00011384117814494665
2020-12-29 23:59:00+00:00,371.66,371.62,371.67,500,990,371.63677852348997,5.019748681927257e-08,-0.0002469575908352617
