ts_recv,price,bid_px_00,ask_px_00,bid_sz_00,ask_sz_00,weighted_mid,rv_60s,ret_60s
2024-08-09 08:01:00+00:00,531.74,531.72,531.79,800,10,531.7891358024691,3.654147188869327e-07,-0.0003364063344594159
2024-08-09 08:02:00+00:00,531.6,531.6,531.7,103,500,531.6170812603648,1.4820035979271825e-07,-4.7475700724608494e-05
2024-08-09 08:03:00+00:00,531.6,531.55,531.64,400,400,531.595,1.815011225765993e-07,2.1578088612805857e-05
2024-08-09 08:04:00+00:00,531.55,531.56,531.65,500,400,531.61,1.155442714574562e-07,0.0005550598802446238
2024-08-09 08:05:00+00:00,531.7,531.83,531.94,400,400,531.8850000000001,2.520271083903462e-07,-0.000512603703826886
2024-08-09 08:06:00+00:00,531.6,531.56,531.67,1100,400,531.6406666666667,8.911507340387586e-08,1.1495285887619389e-05
2024-08-09 08:07:00+00:00,531.69,531.51,531.63,900,900,531.57,1.1221137272295139e-07,2.8215377380735873e-05
2024-08-09 08:08:00+00:00,531.65,531.59,531.69,400,400,531.64,6.945890539588814e-08,-4.806928665179733e-05
2024-08-09 08:09:00+00:00,531.62,531.57,531.66,400,400,531.615,1.0447400973168291e-07,-7.645148177248817e-05
2024-08-09 08:10:00+00:00,531.56,531.56,531.64,239,1300,531.5724236517218,6.971507006136281e-08,0.00031265323276552515
2024-08-09 08:11:00+00:00,531.68,531.7,531.78,400,400,531.74,4.452281586633036e-08,0.0002538834768872622
2024-08-09 08:12:00+00:00,531.79,531.82,531.92,400,500,531.8644444444444,2.1000880534135756e-08,1.880141010568437e-05
2024-08-09 08:13:00+00:00,531.89,531.83,531.89,800,400,531.87,1.7941939173633497e-07,-0.00019741109450355232
2024-08-09 08:14:00+00:00,531.75,531.74,531.83,500,400,531.79,6.42422885208592e-08,-0.0002950902194949201
2024-08-09 08:15:00+00:00,531.61,531.6,531.66,250,400,531.623076923077,1.1726288307832861e-07,-8.214903408221286e-05
2024-08-09 08:16:00+00:00,531.56,531.5,531.59,305,400,531.5389361702128,1.094397053516172e-07,-0.00015407782939502734
2024-08-09 08:17:00+00:00,531.49,531.43,531.52,800,400,531.49,4.6031852173312825e-08,-1.4111072958788995e-05
2024-08-09 08:18:00+00:00,531.53,531.45,531.53,400,400,531.49,7.267107742436833e-08,5.644508833646533e-05
2024-08-09 08:19:00+00:00,531.57,531.49,531.57,800,800,531.53,2.0366740103993135e-07,-0.00022036675485281876
2024-08-09 08:20:00+00:00,531.4,531.36,531.46,1100,400,531.4333333333333,6.034291013201334e-08,3.223418330056127e-05
2024-08-09 08:21:00+00:00,531.46,531.4,531.5,400,1100,531.4266666666666,3.108608714877729e-08,-2.0265008409792173e-05
2024-08-09 08:22:00+00:00,531.38,531.35,531.44,400,400,531.395,9.93864634136869e-08,0.0001018096054226092
2024-08-09 08:23:00+00:00,531.47,531.41,531.49,800,400,531.4633333333334,4.610607037644472e-08,1.8664841189730552e-05
2024-08-09 08:24:00+00:00,531.54,531.47,531.56,30,800,531.4732530120482,8.096000973795424e-08,0.0001883073526616208
2024-08-09 08:25:00+00:00,531.45,531.54,531.6,500,200,531.5828571428572,5.536840586862127e-08,0.00014856719481959324
2024-08-09 08:26:00+00:00,531.6,531.61,531.72,500,800,531.6523076923077,8.551691113136136e-08,0.00038124974679809576
2024-08-09 08:27:00+00:00,531.85,531.79,531.89,500,400,531.8455555555555,1.378537913671693e-07,-0.00016921905406552806
2024-08-09 08:28:00+00:00,531.74,531.72,531.8,400,500,531.7555555555556,6.800232207214764e-08,3.2632725313730404e-05
2024-08-09 08:29:00+00:00,531.77,531.79,531.87,900,800,531.8323529411765,6.170194170510846e-08,0.00027137742479044213
2024-08-09 08:30:00+00:00,531.9,531.86,531.96,800,400,531.9266666666666,6.167912855777231e-08,-2.8826028650508206e-05
2024-08-09 08:31:00+00:00,531.95,531.89,531.97,400,1100,531.9113333333333,1.957914980215022e-07,0.0006304308863507302
2024-08-09 08:32:00+00:00,532.21,532.2,532.27,800,400,532.2466666666667,4.0107491626662297e-07,0.0007375604717687612
2024-08-09 08:33:00+00:00,532.62,532.58,532.65,800,778,532.6154879594424,3.09600306410211e-07,-0.00040977647662199246
2024-08-09 08:34:00+00:00,532.44,532.35,532.44,1100,400,532.416,3.043748693999505e-07,0.0003717380774708179
2024-08-09 08:35:00+00:00,532.72,532.61,532.69,50,400,532.6188888888889,2.2862970738632019e-07,0.00047724186935660384
2024-08-09 08:36:00+00:00,532.92,532.83,532.9,800,800,532.865,9.545534250118733e-08,-0.00014652067529441481
2024-08-09 08:37:00+00:00,532.75,532.74,532.85,1100,1300,532.7904166666667,1.4120514825474935e-07,-6.546652937988728e-05
2024-08-09 08:38:00+00:00,532.84,532.76,532.82,1,500,532.760119760479,6.52832595432039e-08,0.0002531725527459283
2024-08-09 08:39:00+00:00,532.74,532.86,532.95,1700,100,532.945,2.8235904385128777e-07,-0.00010255630338706911
2024-08-09 08:40:00+00:00,532.86,532.84,532.91,2,400,532.8403482587065,6.011471737804246e-08,6.607475759690118e-05
2024-08-09 08:41:00+00:00,532.87,532.84,532.91,400,400,532.875,1.2136761373275177e-07,2.6872608465344783e-05
2024-08-09 08:42:00+00:00,532.85,532.84,532.89,800,2,532.8898753117207,5.660873980391103e-08,0.0001503588114382115
2024-08-09 08:43:00+00:00,532.89,532.93,533.01,400,400,532.97,9.00085727400886e-08,0.0003000639691408402
2024-08-09 08:44:00+00:00,533.09,533.05,533.13,800,1,533.129900124844,1.0590013628536432e-07,-8.969639148781461e-05
2024-08-09 08:45:00+00:00,533.07,533.04,533.12,400,800,533.0666666666667,1.3168038352144567e-07,-0.00017255409958560897
2024-08-09 08:46:00+00:00,532.99,532.95,533.04,400,900,532.9776923076923,1.0204129019826646e-07,-0.00026284678539856277
2024-08-09 08:47:00+00:00,532.86,532.83,532.93,900,800,532.8829411764706,6.381074783398891e-08,3.748705679118558e-05
2024-08-09 08:48:00+00:00,532.9,532.82,532.9,1101,500,532.8750156152405,5.056341547478468e-08,4.021350691285619e-05
2024-08-09 08:49:00+00:00,532.93,532.84,532.93,400,300,532.8914285714286,6.193402969208283e-08,9.114695033041187e-05
2024-08-09 08:50:00+00:00,532.94,532.9,532.99,400,500,532.94,7.094270368206509e-08,0.00027207565579612236
2024-08-09 08:51:00+00:00,533.06,533.04,533.13,400,400,533.085,2.7452767055316472e-08,9.37936726796984e-06
2024-08-09 08:52:00+00:00,533.05,533.05,533.13,331,400,533.0862243502052,2.309371814080506e-08,-6.365263702123869e-05
2024-08-09 08:53:00+00:00,533.11,533.05,533.11,45,400,533.0560674157304,6.007460253251401e-08,-0.00018022009616369683
2024-08-09 08:54:00+00:00,533.0,532.91,533.01,1700,400,532.9909523809524,1.0532310500931619e-07,0.00031897328129693037
2024-08-09 08:55:00+00:00,533.12,533.06,533.16,400,1200,533.0849999999999,1.970474599310045e-07,0.00011254290698348157
2024-08-09 08:56:00+00:00,533.12,533.16,533.24,2,500,533.1603187250996,2.263901717134463e-07,-0.0006198846894803767
2024-08-09 08:57:00+00:00,532.8,532.84,532.94,400,1653,532.859483682416,2.0438193277864631e-07,3.417153270968143e-05
2024-08-09 08:58:00+00:00,532.83,532.85,532.96,400,800,532.8866666666667,1.6899179459034494e-07,0.00016279934026974807
2024-08-09 08:59:00+00:00,532.95,532.92,533.01,400,400,532.965,5.00695130956753e-08,-5.524654552746533e-05
2024-08-09 09:00:00+00:00,532.84,532.89,533.01,400,400,532.95,8.762351126196825e-08,7.693245893025669e-05
2024-08-09 09:01:00+00:00,533.05,532.96,533.04,100,400,532.976,5.7163546084926676e-08,-0.0002533981231992444
2024-08-09 09:02:00+00:00,532.88,532.84,532.89,8,400,532.8409803921569,8.177466985239379e-08,0.0001070772031659395
2024-08-09 09:03:00+00:00,532.89,532.88,532.97,400,1300,532.9011764705882,1.0025013351448853e-07,-8.770938806368367e-05
2024-08-09 09:04:00+00:00,532.87,532.85,532.91,8,400,532.8511764705883,8.380676067418077e-08,0.00014777136400789814
2024-08-09 09:05:00+00:00,532.86,532.92,533.02,100,1300,532.9271428571428,3.848015386105837e-08,6.880203153647457e-05
2024-08-09 09:06:00+00:00,532.86,532.92,532.99,800,400,532.9666666666667,9.917076107332215e-08,-0.0003502407905435767
2024-08-09 09:07:00+00:00,532.79,532.75,532.84,400,800,532.78,1.0632845886468349e-07,0.0
2024-08-09 09:08:00+00:00,532.65,532.74,532.83,500,400,532.79,6.496432127472905e-08,0.0004209724732266995
2024-08-09 09:09:00+00:00,533.0,532.95,533.04,400,50,533.03,7.202018683650454e-08,-0.00018122444637380664
2024-08-09 09:10:00+00:00,532.89,532.86,532.95,800,500,532.9153846153846,3.137142692603397e-08,9.19002665589197e-05
2024-08-09 09:11:00+00:00,532.94,532.89,532.99,800,400,532.9566666666667,7.367810496290462e-08,0.00010632509209629326
2024-08-09 09:12:00+00:00,533.06,532.95,533.04,800,400,533.01,1.1895184565772427e-07,-0.0005128076846107055
2024-08-09 09:13:00+00:00,532.73,532.71,532.77,800,800,532.74,7.058221554010351e-08,4.764916354060844e-05
2024-08-09 09:14:00+00:00,532.84,532.71,532.8,800,500,532.7653846153846,8.420419887455624e-08,1.0285169240509262e-05
2024-08-09 09:15:00+00:00,532.84,532.77,532.84,5,400,532.7708641975308,1.5644820735903648e-08,4.8430706087287945e-05
2024-08-09 09:16:00+00:00,532.71,532.76,532.87,400,800,532.7966666666666,1.572623524290762e-07,0.0002940458836706572
2024-08-09 09:17:00+00:00,533.0,532.91,533.01,1100,400,532.9833333333333,2.4375166145291126e-08,6.591234716268879e-05
2024-08-09 09:18:00+00:00,532.97,532.95,533.05,500,800,532.9884615384616,1.014460576156126e-07,-2.2129694441930248e-05
2024-08-09 09:19:00+00:00,532.99,532.91,533.01,800,400,532.9766666666667,1.514707633579341e-07,6.25418248452192e-05
2024-08-09 09:20:00+00:00,533.11,532.97,533.07,1200,800,533.03,6.131219619867721e-08,-8.442618337356489e-05
2024-08-09 09:21:00+00:00,533.11,532.92,533.01,400,400,532.965,1.004504031069805e-07,-7.317553685515232e-05
2024-08-09 09:22:00+00:00,532.91,532.86,532.95,1100,400,532.926,1.288213471315511e-07,7.505732503076956e-06
2024-08-09 09:23:00+00:00,532.97,532.87,532.96,800,400,532.93,4.649540890367655e-08,0.00010320304730471186
2024-08-09 09:24:00+00:00,533.0,532.94,533.03,400,400,532.985,5.438925169063105e-08,9.381127048602167e-05
2024-08-09 09:25:00+00:00,532.91,532.96,533.06,1600,400,533.04,4.2729238356119e-08,-0.00016571769833739758
2024-08-09 09:26:00+00:00,532.91,532.92,533.02,400,1100,532.9466666666667,2.3385708942945275e-08,3.829120688614296e-05
2024-08-09 09:27:00+00:00,532.94,532.94,533.04,297,800,532.9670738377393,4.122332165708349e-08,-4.0374505743567823e-05
2024-08-09 09:28:00+00:00,532.96,532.91,533.0,400,1100,532.934,3.0568075512372626e-08,-2.9062936578339027e-05
2024-08-09 09:29:00+00:00,532.96,532.93,532.99,1,900,532.9300665926747,1.8584435413101955e-07,-1.8889143821643195e-05
2024-08-09 09:30:00+00:00,532.91,532.87,532.98,800,400,532.9433333333334,1.308264660344398e-07,-0.00024042070104324242
2024-08-09 09:31:00+00:00,532.76,532.71,532.81,800,400,532.7766666666666,4.6755548266715495e-08,1.5249857179044923e-05
2024-08-09 09:32:00+00:00,532.76,532.75,532.84,1100,400,532.816,4.018205766930465e-08,-9.94522282731225e-05
2024-08-09 09:33:00+00:00,532.76,532.73,532.82,303,1300,532.747011852776,7.602854807222021e-08,-1.494937287538356e-05
2024-08-09 09:34:00+00:00,532.72,532.72,532.82,400,800,532.7533333333333,1.3396226174599273e-07,-0.0002708817548040532
2024-08-09 09:35:00+00:00,532.56,532.56,532.64,307,400,532.5947383309759,7.061775402978251e-08,0.00028213134342069957
2024-08-09 09:36:00+00:00,532.65,532.7,532.79,400,400,532.745,5.937482778612196e-08,-0.00012279170459916777
2024-08-09 09:37:00+00:00,532.71,532.65,532.73,400,1100,532.6713333333333,5.005714065299523e-08,-4.5297001487809574e-05
2024-08-09 09:38:00+00:00,532.6,532.56,532.65,800,900,532.6023529411765,3.948895201033676e-08,0.00014829454634490702
2024-08-09 09:39:00+00:00,532.73,532.69,532.77,500,400,532.7344444444444,7.875871094049e-08,5.746179222176906e-05
2024-08-09 09:40:00+00:00,532.81,532.72,532.81,400,399,532.7650563204005,1.0323964923099271e-07,-0.00022638848874423356
2024-08-09 09:41:00+00:00,532.64,532.6,532.69,400,400,532.645,4.070025997972062e-08,-0.00011547249957710726
2024-08-09 09:42:00+00:00,532.55,532.54,532.63,301,500,532.5738202247192,8.86379836458897e-08,6.0751962257743486e-05
2024-08-09 09:43:00+00:00,532.54,532.54,532.62,800,50,532.6152941176471,4.670423518024119e-08,2.761070235002272e-05
2024-08-09 09:44:00+00:00,532.7,532.58,532.68,400,400,532.63,6.96474550125923e-08,-0.00014268817002427436
2024-08-09 09:45:00+00:00,532.54,532.53,532.61,400,400,532.57,1.296383505557294e-07,-3.045945885404855e-06
2024-08-09 09:46:00+00:00,532.6,532.57,532.6,20,899,532.5706528835691,3.369558913309895e-08,-6.079753030951984e-05
2024-08-09 09:47:00+00:00,532.49,532.48,532.57,400,500,532.52,2.0825502963927682e-07,-0.0006716124442716076
2024-08-09 09:48:00+00:00,532.17,532.13,532.2,400,800,532.1533333333333,8.59381870942446e-08,-0.0002111253089503995
2024-08-09 09:49:00+00:00,532.11,532.03,532.11,400,1699,532.0452453549309,9.168675340579638e-08,0.00010740129150077493
2024-08-09 09:50:00+00:00,532.11,532.05,532.15,1200,900,532.1071428571429,1.1234671332425568e-07,0.00022867701345918867
2024-08-09 09:51:00+00:00,532.34,532.17,532.25,400,400,532.21,9.955390001001098e-08,0.00017131065917030952
2024-08-09 09:52:00+00:00,532.32,532.28,532.36,400,400,532.32,1.1902319440414092e-07,0.00029931870554045226
2024-08-09 09:53:00+00:00,532.47,532.45,532.55,400,900,532.4807692307693,7.667581936020374e-08,0.00016088261328461861
2024-08-09 09:54:00+00:00,532.47,532.52,532.61,400,400,532.565,7.463126762780939e-08,7.721538906046987e-07
2024-08-09 09:55:00+00:00,532.6,532.52,532.62,400,800,532.5533333333333,1.0500913121514221e-07,8.228012216071612e-05
2024-08-09 09:56:00+00:00,532.62,532.55,532.64,400,400,532.595,9.218878856252605e-08,6.715848825522563e-05
2024-08-09 09:57:00+00:00,532.69,532.57,532.67,1100,500,532.63875,6.585642732344126e-08,-0.00012829057502328212
2024-08-09 09:58:00+00:00,532.53,532.55,532.65,400,1100,532.5766666666667,4.11099515619352e-08,0.00010014207657094154
2024-08-09 09:59:00+00:00,532.58,532.59,532.67,400,400,532.63,3.4770221450525576e-08,-0.00012203593488901987
2024-08-09 10:00:00+00:00,532.58,532.51,532.6,802,500,532.5654377880184,3.857476248574564e-08,-0.0003744714349361855
2024-08-09 10:01:00+00:00,532.41,532.32,532.41,400,390,532.3655696202533,2.709037263502925e-08,-1.06997951365706e-06
2024-08-09 10:02:00+00:00,532.41,532.35,532.45,400,800,532.3833333333333,1.5061655355094496e-07,-0.0004758186183237978
2024-08-09 10:03:00+00:00,532.11,532.11,532.17,14,800,532.1110319410319,1.1460339293730784e-07,-0.00017857934006815235
2024-08-09 10:04:00+00:00,532.01,531.99,532.07,400,800,532.0166666666667,1.0737954131276218e-07,-0.00025061871495257737
2024-08-09 10:05:00+00:00,531.88,531.85,531.95,400,1300,531.8735294117647,1.4934063600654067e-07,0.00030447686479906366
2024-08-09 10:06:00+00:00,532.09,532.0,532.09,405,400,532.0452795031056,7.86304689254103e-08,-0.0001942095674447586
2024-08-09 10:07:00+00:00,531.97,531.94,532.02,20,1100,531.9414285714287,6.902535366470134e-08,-0.00032315797154203185
2024-08-09 10:08:00+00:00,531.79,531.77,531.8,1,400,531.7700748129676,1.8547348192785922e-07,-0.0003950014439564331
2024-08-09 10:09:00+00:00,531.55,531.53,531.62,400,400,531.575,6.817065649894132e-08,-1.6059495383080602e-05
2024-08-09 10:10:00+00:00,531.6,531.55,531.6,10,400,531.5512195121951,7.480220296299132e-08,0.00018890284812855818
2024-08-09 10:11:00+00:00,531.65,531.59,531.68,1100,500,531.651875,2.900751332272814e-08,4.3496507935669726e-05
2024-08-09 10:12:00+00:00,531.68,531.63,531.73,400,1300,531.6535294117647,6.197003968117664e-08,0.0
2024-08-09 10:13:00+00:00,531.7,531.65,531.75,500,800,531.6884615384615,1.0454115034700322e-07,9.621262266223951e-05
2024-08-09 10:14:00+00:00,531.77,531.68,531.77,400,380,531.7261538461539,1.258966476298958e-07,0.00018313104387734924
2024-08-09 10:15:00+00:00,531.8,531.76,531.87,800,1200,531.804,6.091280558889879e-08,-0.00023979648268979137
2024-08-09 10:16:00+00:00,531.7,531.63,531.72,1100,400,531.696,5.5873181799448914e-08,-0.00010677009187454178
2024-08-09 10:17:00+00:00,531.6,531.57,531.67,400,400,531.62,1.370715553464495e-07,0.0002464426997577096
2024-08-09 10:18:00+00:00,531.77,531.77,531.85,1,900,531.7700887902331,1.1694355579006598e-07,-0.00036716867253749896
2024-08-09 10:19:00+00:00,531.6,531.53,531.62,400,400,531.575,1.9476623224472506e-07,-0.00044407826502901315
2024-08-09 10:20:00+00:00,531.34,531.25,531.34,1300,9,531.3393812070283,9.545365027205963e-08,0.00013138676388280146
2024-08-09 10:21:00+00:00,531.34,531.35,531.46,900,1300,531.395,6.76937809583988e-08,0.00015685715215996154
2024-08-09 10:22:00+00:00,531.45,531.45,531.55,765,1100,531.491018766756,8.218935214082992e-08,0.0002871756277016413
2024-08-09 10:23:00+00:00,531.62,531.55,531.65,900,50,531.6447368421053,1.4860638105857946e-07,0.00014011974907890412
2024-08-09 10:24:00+00:00,531.73,531.65,531.75,500,400,531.7055555555555,8.105068102916354e-08,9.54812762663515e-05
2024-08-09 10:25:00+00:00,531.71,531.69,531.8,800,400,531.7633333333333,4.6864662006255876e-08,-3.510289536190481e-05
2024-08-09 10:26:00+00:00,531.63,531.74,531.84,500,1100,531.77125,4.586861331597632e-08,-0.00015262541841454258
2024-08-09 10:27:00+00:00,531.66,531.67,531.74,1,400,531.6701745635909,6.916429186035616e-08,4.209684997191765e-05
2024-08-09 10:28:00+00:00,531.78,531.67,531.76,301,900,531.692556203164,7.606533504821223e-08,0.00033228707832266835
2024-08-09 10:29:00+00:00,531.85,531.8,531.9,900,400,531.8692307692307,3.779781473304792e-08,0.00019045197710010342
2024-08-09 10:30:00+00:00,531.92,531.92,531.98,1600,300,531.9705263157895,7.321286576001154e-08,-0.00020627879018320083
2024-08-09 10:31:00+00:00,531.85,531.86,531.95,5,400,531.8611111111111,5.4535234775645924e-08,-0.00011540672938525898
2024-08-09 10:32:00+00:00,531.86,531.77,531.87,500,1200,531.7994117647058,3.888795606854086e-08,0.0002765306246608201
2024-08-09 10:33:00+00:00,531.92,531.87,531.97,1300,400,531.9464705882353,1.526713663112195e-08,1.603434224373146e-05
2024-08-09 10:34:00+00:00,531.99,531.91,532.0,400,400,531.955,7.843528680512152e-08,-0.000121211208069405
2024-08-09 10:35:00+00:00,531.85,531.89,531.96,6,800,531.8905210918115,2.6134531337757182e-08,8.675765599353014e-05
2024-08-09 10:36:00+00:00,531.89,531.91,531.99,400,800,531.9366666666666,8.271242135344142e-08,-0.00046050309550615953
2024-08-09 10:37:00+00:00,531.67,531.68,531.77,500,1100,531.708125,2.725246011390286e-08,-1.765975037204548e-06
2024-08-09 10:38:00+00:00,531.73,531.66,531.75,400,400,531.705,2.9205293140780813e-08,7.378493572041123e-05
2024-08-09 10:39:00+00:00,531.79,531.69,531.77,400,400,531.73,3.8503590986066093e-08,-0.00046284716996569664
2024-08-09 10:40:00+00:00,531.52,531.45,531.55,302,400,531.4930199430199,9.462354967885544e-08,-6.275542043787663e-05
2024-08-09 10:41:00+00:00,531.55,531.45,531.53,3,400,531.4505955334988,6.304151173054924e-08,4.80383151924002e-07
2024-08-09 10:42:00+00:00,531.52,531.45,531.53,4,400,531.450792079208,4.0140460825794524e-08,-0.00013320533201399698
2024-08-09 10:43:00+00:00,531.36,531.35,531.44,500,800,531.3846153846154,7.293940307655094e-08,3.549933449442655e-05
2024-08-09 10:44:00+00:00,531.42,531.36,531.45,4,400,531.3608910891089,7.121205220267752e-08,8.368421540350113e-05
2024-08-09 10:45:00+00:00,531.42,531.41,531.51,400,1600,531.43,1.1642272197579368e-07,0.00029479467864246267
2024-08-09 10:46:00+00:00,531.59,531.53,531.63,500,400,531.5855555555555,5.5490864758033515e-08,-1.2540757461709795e-05
2024-08-09 10:47:00+00:00,531.63,531.52,531.62,800,500,531.5815384615385,6.274606689857509e-08,-0.0004511407207737905
2024-08-09 10:48:00+00:00,531.46,531.34,531.38,204,400,531.3535099337748,5.302391758962931e-08,0.0001367148443003341
2024-08-09 10:49:00+00:00,531.4,531.38,531.49,500,1300,531.4105555555556,5.350471326635712e-08,-3.319973570781176e-05
2024-08-09 10:50:00+00:00,531.4,531.4,531.48,100,40,531.4571428571429,8.075981595482585e-08,0.00010316487963213383
2024-08-09 10:51:00+00:00,531.5,531.44,531.51,400,800,531.4633333333334,1.124431014486199e-08,0.00011791343397771215
2024-08-09 10:52:00+00:00,531.5,531.48,531.57,500,1100,531.508125,4.5344363510889536e-08,-0.00022906535135458483
2024-08-09 10:53:00+00:00,531.4,531.4,531.44,95,800,531.4042458100558,5.982459628519304e-08,0.0003213263561414603
2024-08-09 10:54:00+00:00,531.6,531.52,531.63,400,400,531.575,3.4681033980940874e-08,0.00018247660254888665
2024-08-09 10:55:00+00:00,531.66,531.66,531.72,100,400,531.672,7.733888318565821e-08,-6.163429853234259e-05
2024-08-09 10:56:00+00:00,531.64,531.59,531.67,800,500,531.6392307692307,8.025752723073779e-08,-0.0003422648029069997
2024-08-09 10:57:00+00:00,531.45,531.45,531.52,175,1700,531.4565333333334,4.114288315973181e-08,0.00020741202286345128
2024-08-09 10:58:00+00:00,531.55,531.5,531.59,800,400,531.56,7.096501191891281e-08,-0.00019282593461777964
2024-08-09 10:59:00+00:00,531.43,531.4,531.49,400,400,531.445,7.41395303201253e-08,0.0002554622237949111
2024-08-09 11:00:00+00:00,531.48,531.57,531.67,400,400,531.62,1.4970792696836187e-07,0.0003747751710725389
2024-08-09 11:01:00+00:00,531.8,531.72,531.82,860,500,531.7832352941177,1.757911509417021e-07,-7.772345493295418e-05
2024-08-09 11:02:00+00:00,531.75,531.7,531.75,1100,500,531.734375,7.157511185816709e-08,0.0003369770676495687
2024-08-09 11:03:00+00:00,531.91,531.88,531.97,900,500,531.9378571428572,1.5089521792815938e-07,2.1484786756564844e-05
2024-08-09 11:04:00+00:00,531.91,531.9,532.03,580,1300,531.9401063829787,1.568154770753648e-07,-2.7430879458889557e-05
2024-08-09 11:05:00+00:00,531.94,531.92,532.0,450,1500,531.9384615384615,6.685272195503112e-08,0.00024370517258054392
2024-08-09 11:06:00+00:00,532.07,532.04,532.12,400,300,532.0857142857143,1.284387976793334e-07,-9.48009897959734e-05
2024-08-09 11:07:00+00:00,532.0,532.01,532.08,450,830,532.0346093750001,6.208504175771643e-08,-9.958348660865646e-05
2024-08-09 11:08:00+00:00,532.0,531.94,532.02,460,1300,531.9609090909091,5.4131796856851474e-08,-0.00010908270511089668
2024-08-09 11:09:00+00:00,531.93,531.88,531.97,450,1320,531.9028813559322,8.942316149630869e-08,-0.0001254658226801375
2024-08-09 11:10:00+00:00,531.9,531.83,531.89,97,850,531.8361457233369,1.1230592801932439e-07,0.0003370190113798355
2024-08-09 11:11:00+00:00,532.0,531.97,532.04,10,400,531.9717073170732,1.1274108186874803e-07,0.0001009277941379505
2024-08-09 11:12:00+00:00,532.03,532.0,532.07,800,420,532.0459016393443,7.810880823495527e-08,0.00019250436764739476
2024-08-09 11:13:00+00:00,532.19,532.11,532.2,1730,530,532.1788938053097,9.651013933634213e-08,-0.00041288533941485905
2024-08-09 11:14:00+00:00,532.0,531.95,532.0,31,840,531.9517795637199,5.590850291937026e-08,5.475971377166822e-05
2024-08-09 11:15:00+00:00,532.0,531.98,532.0,5,500,531.980198019802,1.1585840198021079e-07,0.00038364329547024845
2024-08-09 11:16:00+00:00,532.22,532.14,532.23,430,430,532.185,3.193389219691036e-08,-1.9785247169057385e-05
2024-08-09 11:17:00+00:00,532.18,532.13,532.22,420,430,532.1744705882353,1.001135001494581e-07,0.0005226875885357973
2024-08-09 11:18:00+00:00,532.42,532.37,532.44,861,450,532.4159725400458,1.4599317175530178e-07,-0.0005022914300734094
2024-08-09 11:19:00+00:00,532.22,532.12,532.23,800,550,532.1851851851852,8.682535628411016e-08,-0.00021375381525712278
2024-08-09 11:20:00+00:00,532.16,532.02,532.12,800,850,532.0684848484849,2.2773418880774355e-08,0.0002520845452784748
2024-08-09 11:21:00+00:00,532.18,532.2,532.25,100,800,532.2055555555556,3.170212184293334e-08,-0.00015495388840003343
2024-08-09 11:22:00+00:00,532.18,532.09,532.18,500,860,532.1230882352942,3.622885122700676e-08,3.4466341603645034e-05
2024-08-09 11:23:00+00:00,532.1,532.09,532.16,810,450,532.135,1.2236699615289295e-07,-0.0006465577230089226
2024-08-09 11:24:00+00:00,531.8,531.75,531.83,500,400,531.7944444444445,7.289230685713174e-08,-0.0002385461540503897
2024-08-09 11:25:00+00:00,531.72,531.62,531.71,550,430,531.6705102040817,1.0938252656572858e-07,-0.0001036837432940585
2024-08-09 11:26:00+00:00,531.62,531.55,531.65,850,450,531.6153846153846,3.6364857778759313e-07,-0.0010150103953270317
2024-08-09 11:27:00+00:00,531.14,531.04,531.08,850,100,531.0757894736843,5.037363442432091e-07,-0.0005294424913393492
2024-08-09 11:28:00+00:00,530.82,530.79,530.87,60,1750,530.7926519337016,3.1556250851260723e-07,0.00040967555924487087
2024-08-09 11:29:00+00:00,530.98,530.95,531.04,200,450,530.9776923076923,1.7316477742483407e-07,0.0001035629594683396
2024-08-09 11:30:00+00:00,531.04,531.06,531.14,420,850,531.0864566929133,1.280004649854855e-07,0.00011359988550463385
2024-08-09 11:31:00+00:00,531.15,531.07,531.19,1650,1800,531.1273913043478,1.2244410915019994e-07,-0.0005107692134848074
2024-08-09 11:32:00+00:00,530.9,530.85,530.92,51,950,530.8535664335665,2.003929315356653e-07,-0.00034623335670103117
2024-08-09 11:33:00+00:00,530.7,530.66,530.74,100,550,530.6723076923076,2.784813229888608e-07,-0.00027570251959052605
2024-08-09 11:34:00+00:00,530.5,530.46,530.56,1650,450,530.5385714285715,2.011671730328526e-07,0.0005111447365806487
2024-08-09 11:35:00+00:00,530.77,530.8,530.85,200,1800,530.805,1.5147888977289617e-07,-8.036863316174259e-05
2024-08-09 11:36:00+00:00,530.81,530.68,530.78,1100,460,530.7505128205129,9.6515883627588e-08,-0.00020782791170759207
2024-08-09 11:37:00+00:00,530.67,530.6,530.65,420,55,530.6442105263158,1.5253140204953034e-07,-0.00026338944079451476
2024-08-09 11:38:00+00:00,530.5,530.5,530.55,100,1300,530.5035714285714,9.943806366106195e-08,-0.0003686218986540535
2024-08-09 11:39:00+00:00,530.3,530.29,530.34,450,350,530.318125,1.4639375820788272e-07,0.00016598416066804234
2024-08-09 11:40:00+00:00,530.52,530.38,530.48,460,860,530.4148484848484,2.071202515386542e-07,-0.00020517966056943227
2024-08-09 11:41:00+00:00,530.31,530.22,530.27,800,100,530.2644444444444,5.9185197443219674e-08,7.891581355323751e-05
2024-08-09 11:42:00+00:00,530.31,530.27,530.35,1,450,530.270177383592,2.007451216485942e-07,-3.370238416067206e-05
2024-08-09 11:43:00+00:00,530.32,530.26,530.32,500,69,530.3127240773287,1.6470110839509196e-07,4.137217077659905e-05
2024-08-09 11:44:00+00:00,530.37,530.29,530.37,550,450,530.334,1.6352451312151652e-07,-0.0001575828400082191
2024-08-09 11:45:00+00:00,530.27,530.25,530.33,7,800,530.2506939281288,9.274664919168828e-08,0.0003826585709600927
2024-08-09 11:46:00+00:00,530.48,530.42,530.48,500,950,530.4406896551724,1.0606611264038935e-07,0.0004039418493668734
2024-08-09 11:47:00+00:00,530.69,530.61,530.7,1660,460,530.6804716981133,6.702283635157437e-08,-8.27315791281924e-05
2024-08-09 11:48:00+00:00,530.64,530.62,530.68,66,460,530.6275285171102,2.421224982968543e-07,-4.693093179131136e-05
2024-08-09 11:49:00+00:00,530.69,530.57,530.66,400,850,530.5988,1.2571492065519204e-07,-0.00012300187347691338
2024-08-09 11:50:00+00:00,530.4,530.46,530.58,1330,1760,530.5116504854369,1.5056461334563724e-07,9.079386826527092e-05
2024-08-09 11:51:00+00:00,530.58,530.51,530.62,810,450,530.5807142857143,1.5010792072958628e-07,0.0004744040107966807
2024-08-09 11:52:00+00:00,530.81,530.83,530.87,28,300,530.8334146341463,1.1549178611065514e-07,-0.0001211246039056757
2024-08-09 11:53:00+00:00,530.83,530.79,530.85,330,350,530.8191176470589,1.4068206664650143e-07,2.0502988171910985e-05
2024-08-09 11:54:00+00:00,530.83,530.77,530.83,350,350,530.8,4.1934106719886794e-08,0.00014534698383306122
2024-08-09 11:55:00+00:00,530.84,530.8,530.86,7963,400,530.8571302164295,5.470144349089758e-08,-4.055222290755278e-05
2024-08-09 11:56:00+00:00,530.9,530.9,530.91,8000,370,530.9095579450418,7.910214893769966e-08,1.0344589163269191e-05
2024-08-09 11:57:00+00:00,530.91,530.84,530.9,350,350,530.87,6.415049676151886e-08,0.000317368453000233
2024-08-09 11:58:00+00:00,530.94,530.96,531.03,850,350,531.0095833333334,7.65060463505973e-08,-0.0001122076422035434
2024-08-09 11:59:00+00:00,530.9,530.91,530.98,1350,350,530.9655882352941,6.370281843786342e-08,-0.0001577361333459093
2024-08-09 12:00:00+00:00,530.84,530.84,530.93,350,850,530.86625,1.3511353450036066e-07,-0.00025665598444057913
2024-08-09 12:01:00+00:00,530.78,530.72,530.78,350,350,530.75,1.0189478892984737e-07,-6.406270608405595e-05
2024-08-09 12:02:00+00:00,530.73,530.65,530.73,1150,350,530.7113333333333,6.34908753224698e-08,-2.437195196713926e-05
2024-08-09 12:03:00+00:00,530.6,530.67,530.7,350,147,530.6911267605634,1.141194885339489e-07,-0.0004444571868477132
2024-08-09 12:04:00+00:00,530.39,530.44,530.5,375,350,530.4710344827586,1.1277975489492505e-07,-0.0004926605980437593
2024-08-09 12:05:00+00:00,530.16,530.14,530.2,50,130,530.1566666666666,1.6339912219280538e-07,-0.0004586475770370635
2024-08-09 12:06:00+00:00,529.98,529.93,529.99,300,800,529.9463636363637,2.6880797052612883e-07,-0.00047024159450537173
2024-08-09 12:07:00+00:00,529.77,529.72,529.82,800,1150,529.7610256410256,2.1286467310010847e-07,0.00034543243944940016
2024-08-09 12:08:00+00:00,529.94,529.86,529.96,71,360,529.8764733178655,8.564865624001777e-08,-0.00013016867390547304
2024-08-09 12:09:00+00:00,529.8,529.8,529.85,200,600,529.8125,7.233831177555937e-08,1.744819778237705e-05
2024-08-09 12:10:00+00:00,529.78,529.75,529.8,8100,1700,529.7913265306122,9.763748935411028e-08,3.634429104915071e-05
2024-08-09 12:11:00+00:00,529.85,529.79,529.85,1405,400,529.8367036011081,8.247370604351791e-08,0.0001908648559616477
2024-08-09 12:12:00+00:00,529.96,529.88,529.94,1060,360,529.9247887323943,8.635028078631142e-08,-0.0003487809787497964
2024-08-09 12:13:00+00:00,529.76,529.71,529.77,860,360,529.7522950819673,7.417455148318142e-08,0.00010353475706414983
2024-08-09 12:14:00+00:00,529.79,529.74,529.8,1360,300,529.7891566265059,1.3322155139238165e-07,0.00012100090329369984
2024-08-09 12:15:00+00:00,529.81,529.81,529.87,167,300,529.8314561027837,1.205099836953667e-07,0.0005394121034443256
2024-08-09 12:16:00+00:00,530.21,530.12,530.18,1160,300,530.1676712328766,5.3656175376243916e-08,3.890043796928033e-05
2024-08-09 12:17:00+00:00,530.16,530.11,530.16,560,300,530.1425581395349,8.606442561395742e-08,-0.00018716511590477491
2024-08-09 12:18:00+00:00,530.0,529.97,530.04,800,300,530.0209090909091,1.1135807945921295e-07,-0.00021383151425757863
2024-08-09 12:19:00+00:00,529.94,529.92,529.97,63,300,529.9286776859503,1.8054209062522846e-07,-0.00042850793448689917
2024-08-09 12:20:00+00:00,529.77,529.73,529.79,54,350,529.7380198019802,2.18744940344044e-07,-0.00016615722997015414
2024-08-09 12:21:00+00:00,529.67,529.6,529.66,800,300,529.6436363636363,7.977080300329541e-08,-4.7599863316372115e-05
2024-08-09 12:22:00+00:00,529.64,529.58,529.64,1060,360,529.6247887323944,1.2073288942060762e-07,-0.0002877296071416291
2024-08-09 12:23:00+00:00,529.45,529.51,529.57,500,300,529.5475,1.3030392688647286e-07,0.00024099462030502394
2024-08-09 12:24:00+00:00,529.6,529.6,529.66,1050,1100,529.6293023255814,6.187907977408614e-08,-0.00025164675264410796
2024-08-09 12:25:00+00:00,529.47,529.43,529.47,550,48,529.4667892976589,7.730065675491859e-08,0.0005016841425342644
2024-08-09 12:26:00+00:00,529.73,529.7,529.76,600,500,529.7327272727273,1.031401918555715e-07,-0.00017774459944741583
2024-08-09 12:27:00+00:00,529.59,529.57,529.66,1400,470,529.6373796791444,6.600991478995396e-08,-0.00024258714198699405
2024-08-09 12:28:00+00:00,529.47,529.47,529.52,1160,160,529.5139393939393,7.097836053602304e-08,0.00031775624818908277
2024-08-09 12:29:00+00:00,529.67,529.62,529.68,1360,1570,529.6478498293516,1.1153651408407044e-07,-0.00035109536566113597
2024-08-09 12:30:00+00:00,529.49,529.49,529.5,50,200,529.492,3.514746801410584e-07,-0.0004746730918878672
2024-08-09 12:31:00+00:00,529.21,529.17,529.23,360,560,529.1934782608696,2.964042442766081e-07,-0.0006625802188325869
2024-08-09 12:32:00+00:00,528.91,528.88,528.95,360,560,528.9073913043479,2.6978339495316025e-07,-0.0001671181091988938
2024-08-09 12:33:00+00:00,528.87,528.81,528.87,360,799,528.8286367558239,2.4240841736807784e-07,-0.00011914350489861114
2024-08-09 12:34:00+00:00,528.81,528.71,528.73,1000,300,528.7253846153847,1.8481685686824124e-07,-8.025569550040856e-06
2024-08-09 12:35:00+00:00,528.72,528.7,528.74,360,160,528.7276923076923,2.7921450010189895e-07,-0.0006299228320498784
2024-08-09 12:36:00+00:00,528.43,528.39,528.44,360,560,528.4095652173913,3.5834720838568275e-07,-0.0005846411867799217
2024-08-09 12:37:00+00:00,528.14,528.08,528.14,360,830,528.0981512605042,1.5824629992311096e-07,0.0006487099881422598
2024-08-09 12:38:00+00:00,528.42,528.38,528.44,570,120,528.4295652173913,1.7956787270047771e-07,0.00039706802574746014
2024-08-09 12:39:00+00:00,528.6,528.58,528.65,560,500,528.6169811320755,2.068605113157433e-07,-5.2699908689390895e-05
2024-08-09 12:40:00+00:00,528.64,528.59,528.66,850,1860,528.6119557195572,1.52991646197202e-07,0.0007572575296477257
2024-08-09 12:41:00+00:00,529.0,529.0,529.06,1050,1350,529.02625,1.2759293560878505e-07,-6.930109837399723e-05
2024-08-09 12:42:00+00:00,528.97,528.95,528.98,72,550,528.9534726688103,1.7883010798108553e-07,-0.00021885873292870617
2024-08-09 12:43:00+00:00,528.91,528.8,528.86,360,2000,528.8091525423729,1.6623091709479582e-07,0.00020585564876030027
2024-08-09 12:44:00+00:00,528.95,528.92,528.98,550,65,528.9736585365854,1.4298630724211146e-07,0.00024318138210821516
2024-08-09 12:45:00+00:00,529.17,529.07,529.15,1560,1600,529.1094936708861,1.1221244584210257e-07,0.00018949654631938984
2024-08-09 12:46:00+00:00,529.24,529.19,529.26,360,860,529.2106557377049,1.635498688455102e-07,-0.00021297802465447546
2024-08-09 12:47:00+00:00,528.98,529.05,529.1,1060,270,529.0898496240602,9.536318971838245e-08,0.0005513030304504785
2024-08-09 12:48:00+00:00,529.38,529.31,529.37,860,560,529.346338028169,1.6330675062518402e-07,-0.0004657103499585702
2024-08-09 12:49:00+00:00,529.18,529.16,529.22,360,1360,529.1725581395349,6.068286116692601e-08,0.00020667499666227052
2024-08-09 12:50:00+00:00,529.25,529.21,529.27,400,600,529.234,1.7515548889923022e-07,-0.00039000173540515437
2024-08-09 12:51:00+00:00,529.05,529.04,529.1,360,1170,529.0541176470588,5.2847379196052355e-08,0.00027281036471737963
2024-08-09 12:52:00+00:00,529.12,529.14,529.2,1360,570,529.1822797927462,1.585637587365196e-07,0.0001303335540276951
2024-08-09 12:53:00+00:00,529.26,529.26,529.32,300,400,529.2857142857143,1.0350092073454036e-07,-0.00036765776808922457
2024-08-09 12:54:00+00:00,529.06,529.05,529.07,100,200,529.0566666666666,1.8196669025475227e-07,-0.00030516442856565185
2024-08-09 12:55:00+00:00,528.87,528.87,528.92,135,1100,528.8754655870445,2.446131479097854e-07,0.000912630363501421
2024-08-09 12:56:00+00:00,529.4,529.35,529.4,370,570,529.3696808510638,1.014988311941535e-07,-3.122959602808173e-06
2024-08-09 12:57:00+00:00,529.37,529.37,529.42,80,560,529.37625,7.641815581732898e-08,-0.00032796790761302486
2024-08-09 12:58:00+00:00,529.22,529.19,529.25,360,1350,529.2026315789475,1.5597923456122344e-07,-3.0617775785724e-05
2024-08-09 12:59:00+00:00,529.21,529.16,529.22,370,470,529.1864285714286,9.126538257040252e-08,-0.0002094671557978378
2024-08-09 13:00:00+00:00,529.07,529.04,529.1,560,1500,529.0563106796117,2.7196120788919596e-07,-0.000481353351761582
2024-08-09 13:01:00+00:00,528.81,528.81,528.84,203,860,528.8157290686736,2.019111609971732e-07,3.739464524032954e-06
2024-08-09 13:02:00+00:00,528.81,528.79,528.86,600,1070,528.8151497005988,1.5075040495572933e-07,0.0001921078239552898
2024-08-09 13:03:00+00:00,528.9,528.92,528.95,100,570,528.9244776119402,1.1146197607116759e-07,0.0003736964876590587
2024-08-09 13:04:00+00:00,529.08,529.12,529.17,360,120,529.1574999999999,9.67723604909113e-08,0.00017263203218287337
2024-08-09 13:05:00+00:00,529.18,529.16,529.22,360,1500,529.1716129032258,9.61177322626968e-08,0.0001114281740741685
2024-08-09 13:06:00+00:00,529.3,529.26,529.3,56,560,529.2636363636364,1.1890032557415194e-07,0.00039729957841583285
2024-08-09 13:07:00+00:00,529.48,529.44,529.49,360,80,529.4809090909091,2.486062103022689e-07,-0.00026498426688559285
2024-08-09 13:08:00+00:00,529.36,529.32,529.39,1870,870,529.3677737226277,7.527137724556563e-08,0.00011565704311156111
2024-08-09 13:09:00+00:00,529.36,529.36,529.41,1860,68,529.4082365145229,7.613311677549953e-08,0.000476273026819074
2024-08-09 13:10:00+00:00,529.64,529.64,529.69,633,61,529.6856051873199,8.048330548193032e-08,-0.0002596745230299957
2024-08-09 13:11:00+00:00,529.53,529.49,529.55,870,570,529.52625,6.395895484869447e-08,0.00011463239659081914
2024-08-09 13:12:00+00:00,529.58,529.56,529.61,900,600,529.59,9.453433885589429e-08,-1.642273879698397e-05
2024-08-09 13:13:00+00:00,529.5,529.57,529.6,9,1560,529.57017208413,8.506710041248183e-08,0.0001793287284677092
2024-08-09 13:14:00+00:00,529.64,529.66,529.7,120,800,529.6652173913044,1.2337243228212243e-07,0.0002494069687548617
2024-08-09 13:15:00+00:00,529.75,529.71,529.77,860,360,529.7522950819673,1.4707853521031002e-07,0.00012323412295511815
2024-08-09 13:16:00+00:00,530.01,529.82,529.89,1060,360,529.8722535211268,6.464406176655024e-08,3.989959661399034e-05
2024-08-09 13:17:00+00:00,529.87,529.86,529.92,2270,570,529.9079577464788,9.456624744883388e-08,-0.0002553936544920088
2024-08-09 13:18:00+00:00,529.73,529.74,529.79,560,61,529.7850885668277,1.2755613718796442e-07,-0.00017834058479027082
2024-08-09 13:19:00+00:00,529.69,529.65,529.7,353,75,529.691238317757,6.073924134266232e-08,-1.660309406548155e-05
2024-08-09 13:20:00+00:00,529.64,529.61,529.66,550,350,529.6405555555556,1.236025025421116e-07,6.518113916453849e-05
2024-08-09 13:21:00+00:00,529.65,529.64,529.7,1056,541,529.6796743894803,1.1008304721264813e-07,-0.00015023178262962844
2024-08-09 13:22:00+00:00,529.63,529.6,529.63,1,300,529.6000996677741,1.0403404046248042e-07,0.00013499098916636143
2024-08-09 13:23:00+00:00,529.61,529.65,529.71,556,300,529.6889719626168,2.2469701276210062e-07,-0.0005078129378229823
2024-08-09 13:24:00+00:00,529.42,529.38,529.44,30,800,529.3821686746988,8.28702120655034e-08,-0.00019290001537575208
2024-08-09 13:25:00+00:00,529.3,529.3,529.36,3,300,529.3005940594059,1.3275782555526922e-07,-6.630850709121727e-05
2024-08-09 13:26:00+00:00,529.24,529.27,529.29,56,300,529.2731460674157,1.0533570276373377e-07,0.0004054715780896778
2024-08-09 13:27:00+00:00,529.52,529.45,529.51,300,300,529.48,9.823504927418049e-08,-2.3244867242699918e-05
2024-08-09 13:28:00+00:00,529.45,529.42,529.52,350,300,529.4738461538461,8.589041523475437e-08,0.0002719228407437324
2024-08-09 13:29:00+00:00,529.56,529.56,529.6,672,10,529.5994134897361,1.9654003258892842e-07,0.00041079930118126384
2024-08-09 13:30:00+00:00,529.84,529.74,529.81,1000,500,529.7866666666666,9.040412748639363e-07,-0.00012594769287044283
2024-08-09 13:31:00+00:00,529.72,529.66,529.71,200,400,529.6766666666666,8.676231571587733e-07,0.0007649286169819636
2024-08-09 13:32:00+00:00,530.18,530.16,530.21,200,200,530.185,4.813660584966352e-07,8.601586678369522e-05
2024-08-09 13:33:00+00:00,530.23,530.19,530.23,400,100,530.222,5.695776406753923e-07,-0.0009718141450065776
2024-08-09 13:34:00+00:00,529.65,529.66,529.69,100,100,529.675,4.772125150534072e-07,0.0006239534077672193
2024-08-09 13:35:00+00:00,530.04,530.04,530.06,200,20,530.0581818181818,5.410704365562089e-07,-0.00038904494500957565
2024-08-09 13:36:00+00:00,529.8,529.8,529.84,720,421,529.8252410166522,2.066708049762316e-07,0.0009298088170854868
2024-08-09 13:37:00+00:00,530.31,530.33,530.36,120,120,530.345,4.972896590409787e-07,-0.000116283089610425
2024-08-09 13:38:00+00:00,530.25,530.25,530.28,830,230,530.2734905660376,2.948383030334802e-07,0.0006996929004128294
2024-08-09 13:39:00+00:00,530.62,530.61,530.64,500,430,530.6261290322581,2.63238865398174e-07,0.00038442545669492567
2024-08-09 13:40:00+00:00,530.78,530.77,530.79,520,100,530.7867741935484,5.926432193254265e-07,-0.0013249732336568787
2024-08-09 13:41:00+00:00,530.12,530.13,530.17,530,360,530.1538202247191,4.5443632346485013e-07,-0.0006166682627657405
2024-08-09 13:42:00+00:00,529.84,529.77,529.81,130,530,529.7778787878788,3.926857034450692e-07,-0.0005357631878880609
2024-08-09 13:43:00+00:00,529.49,529.47,529.51,430,530,529.4879166666667,5.004100666248166e-07,0.00039460856069117867
2024-08-09 13:44:00+00:00,529.72,529.69,529.71,115,1500,529.6914241486069,3.528653792912622e-07,-0.000917714119281432
2024-08-09 13:45:00+00:00,529.25,529.24,529.27,850,450,529.2596153846154,4.755247055917773e-07,0.00010336744459005232
2024-08-09 13:46:00+00:00,529.29,529.29,529.32,450,630,529.3025,5.696114741348663e-07,-0.0004984309500322137
2024-08-09 13:47:00+00:00,529.06,529.04,529.06,300,100,529.055,4.338875406513384e-07,-0.0003244056900694181
2024-08-09 13:48:00+00:00,528.85,528.84,528.87,200,350,528.8509090909091,4.6069611453780226e-07,0.0009293529733205297
2024-08-09 13:49:00+00:00,529.31,529.32,529.35,130,631,529.3251248357425,3.419313022280363e-07,-0.0012642961309974332
2024-08-09 13:50:00+00:00,528.67,528.64,528.66,220,130,528.6525714285714,4.913733611654813e-07,0.0003927093313018659
2024-08-09 13:51:00+00:00,528.87,528.87,528.89,234,430,528.8770481927711,4.5316537217835017e-07,-0.00011918268200794557
2024-08-09 13:52:00+00:00,528.87,528.84,528.87,230,230,528.855,3.3171914176398805e-07,0.0012170795204844431
2024-08-09 13:53:00+00:00,529.42,529.43,529.47,143,830,529.4358787255909,4.2753086630684905e-07,-0.0002847661097866716
2024-08-09 13:54:00+00:00,529.34,529.32,529.36,450,350,529.3425,4.1468787132179546e-07,0.0006698989550553147
2024-08-09 13:55:00+00:00,529.71,529.68,529.72,120,220,529.6941176470589,5.50871080400993e-07,-0.0004861224933710995
2024-08-09 13:56:00+00:00,529.42,529.42,529.45,350,551,529.4316537180911,4.6549123865241e-07,-0.0009061192000474616
2024-08-09 13:57:00+00:00,528.94,528.93,528.96,231,350,528.9419277108434,4.1395300534863333e-07,0.00029320552022227275
2024-08-09 13:58:00+00:00,529.11,529.07,529.1,228,70,529.0929530201342,4.6649169142134244e-07,0.00046245504092534695
2024-08-09 13:59:00+00:00,529.32,529.3,529.32,530,330,529.3123255813953,3.8751950675309453e-07,-0.00011994502944390195
2024-08-09 14:00:00+00:00,529.27,529.24,529.28,220,820,529.2484615384616,3.426862274580981e-07,-0.00044827313893136544
2024-08-09 14:01:00+00:00,528.99,528.95,528.96,600,130,528.9582191780822,4.82904919061813e-07,0.0011123907722869752
2024-08-09 14:02:00+00:00,529.66,529.6,529.64,350,850,529.6116666666667,4.769351115532372e-07,0.00012173861193298663
2024-08-09 14:03:00+00:00,529.75,529.74,529.77,530,530,529.755,4.911311195961906e-07,0.0008666605925431448
2024-08-09 14:04:00+00:00,530.14,530.14,530.17,330,530,530.151511627907,2.9150741538997724e-07,0.0005303118118844541
2024-08-09 14:05:00+00:00,530.49,530.47,530.49,450,330,530.4815384615384,4.0186723704970307e-07,-0.00041240398750952423
2024-08-09 14:06:00+00:00,530.22,530.21,530.25,330,330,530.23,2.386167010662126e-07,4.513941110872999e-05
2024-08-09 14:07:00+00:00,530.24,530.22,530.26,130,1930,530.2225242718447,3.6075489670607684e-07,0.00037132594617106385
2024-08-09 14:08:00+00:00,530.46,530.46,530.49,530,305,530.4790419161677,4.305452055641794e-07,-0.00039344287264819755
2024-08-09 14:09:00+00:00,530.2,530.18,530.21,130,150,530.1939285714285,2.730304092361952e-07,-8.289798260574521e-05
2024-08-09 14:10:00+00:00,530.2,530.17,530.21,530,330,530.1946511627907,3.410164355861875e-07,0.0008670093208218432
2024-08-09 14:11:00+00:00,530.61,530.56,530.59,330,530,530.571511627907,3.7205648391775566e-07,0.0001688902991994201
2024-08-09 14:12:00+00:00,530.75,530.74,530.77,430,5,530.7696551724139,3.518901479191681e-07,0.0012668196102394447
2024-08-09 14:13:00+00:00,531.41,531.39,531.42,350,250,531.4075,2.716057208895753e-07,0.0006260259402852686
2024-08-09 14:14:00+00:00,531.74,531.73,531.77,151,1430,531.7338203668564,3.1446170527064986e-07,-0.0005007481544186954
2024-08-09 14:15:00+00:00,531.46,531.43,531.46,430,530,531.4434375,4.1743292066002703e-07,-0.00013094532608004528
2024-08-09 14:16:00+00:00,531.39,531.39,531.42,330,130,531.4115217391304,3.9329980395719576e-07,-0.0012826575475468616
2024-08-09 14:17:00+00:00,530.75,530.73,530.77,530,330,530.7546511627907,5.221551337918321e-07,-3.057234684067378e-05
2024-08-09 14:18:00+00:00,530.7,530.69,530.72,520,40,530.7178571428572,3.6885211072661965e-07,-0.00023269185142305027
2024-08-09 14:19:00+00:00,530.53,530.56,530.58,7,130,530.5610218978101,2.699440138649263e-07,9.88783977045049e-05
2024-08-09 14:20:00+00:00,530.66,530.63,530.66,330,530,530.641511627907,3.534976352874299e-07,0.00020606892618557637
2024-08-09 14:21:00+00:00,530.74,530.75,530.78,130,300,530.7590697674418,3.0021666543526545e-07,0.00040964673296595144
2024-08-09 14:22:00+00:00,530.99,530.96,531.0,600,150,530.992,3.082290181099415e-07,9.790371408802123e-05
2024-08-09 14:23:00+00:00,531.05,531.04,531.08,131,130,531.0600766283525,4.972301476758257e-07,-0.0005427567083488016
2024-08-09 14:24:00+00:00,530.66,530.69,530.72,530,130,530.7140909090909,3.48494956859975e-07,3.628409275879818e-05
2024-08-09 14:25:00+00:00,530.77,530.76,530.8,620,123,530.7933781965006,4.222043361659479e-07,-3.1711750372753755e-05
2024-08-09 14:26:00+00:00,530.7,530.75,530.76,84,108,530.754375,3.416030923039945e-07,-6.484043013665897e-05
2024-08-09 14:27:00+00:00,530.71,530.71,530.74,130,1130,530.7130952380952,3.312398494065631e-07,-0.00039331521517205204
2024-08-09 14:28:00+00:00,530.4,530.4,530.43,130,130,530.415,2.706429220254028e-07,0.0007459583202444886
2024-08-09 14:29:00+00:00,530.85,530.81,530.85,666,530,530.8322742474917,2.6789893191309484e-07,-0.0005087944560715485
2024-08-09 14:30:00+00:00,530.6,530.6,530.63,350,1150,530.607,4.120723013871996e-07,-0.0005811310376544476
2024-08-09 14:31:00+00:00,530.33,530.3,530.33,130,130,530.315,4.763932197317933e-07,-0.0010174503739365237
2024-08-09 14:32:00+00:00,529.75,529.72,529.76,631,120,529.7536085219707,3.1374581103230177e-07,0.00015843526830194854
2024-08-09 14:33:00+00:00,529.83,529.8,529.82,2733,800,529.8154712708746,3.7191710801114833e-07,-5.5069169857424605e-05
2024-08-09 14:34:00+00:00,529.8,529.79,529.82,350,350,529.805,3.527330104094743e-07,5.898375705193359e-06
2024-08-09 14:35:00+00:00,529.9,529.89,529.91,300,51,529.9070940170941,6.096325406274985e-07,-0.0004652611313489263
2024-08-09 14:36:00+00:00,529.6,529.6,529.63,150,550,529.6064285714285,3.614417227402401e-07,0.0010963038426932137
2024-08-09 14:37:00+00:00,530.14,530.13,530.16,850,100,530.1568421052632,3.6988030599664726e-07,0.00028843326753369425
2024-08-09 14:38:00+00:00,530.26,530.26,530.29,130,330,530.2684782608695,3.344672810937904e-07,-0.0009556450244995185
2024-08-09 14:39:00+00:00,529.79,529.78,529.81,520,144,529.8034939759035,2.7837346610819305e-07,0.00043187280748724355
2024-08-09 14:40:00+00:00,530.04,530.02,530.06,730,230,530.0504166666666,2.911069489966658e-07,0.0010373656971010004
2024-08-09 14:41:00+00:00,530.58,530.57,530.58,350,450,530.574375,3.306046475984958e-07,-0.00023977358056659348
2024-08-09 14:42:00+00:00,530.43,530.42,530.45,530,42,530.4477972027972,3.284865052049422e-07,-0.0005195805516494678
2024-08-09 14:43:00+00:00,530.11,530.09,530.13,451,950,530.1028765167738,3.0992018038623805e-07,5.89601884288804e-05
2024-08-09 14:44:00+00:00,530.22,530.2,530.23,400,130,530.222641509434,3.767828136841322e-07,-5.455583455293844e-05
2024-08-09 14:45:00+00:00,530.13,530.12,530.15,550,350,530.1383333333333,2.014885192997026e-07,0.0007871440339637381
2024-08-09 14:46:00+00:00,530.59,530.61,530.63,100,430,530.6137735849057,3.3902475179452665e-07,0.00023947555723813352
2024-08-09 14:47:00+00:00,530.72,530.71,530.75,850,430,530.7365625,2.62887015948231e-07,3.146202384196606e-05
2024-08-09 14:48:00+00:00,530.73,530.73,530.77,1150,150,530.7653846153846,3.6253810371573555e-07,-8.958869976360972e-05
2024-08-09 14:49:00+00:00,530.67,530.74,530.76,350,550,530.7477777777777,2.952248416331245e-07,0.00038466660896463445
2024-08-09 14:50:00+00:00,530.91,530.91,530.93,350,87,530.9260183066361,2.745582053650965e-07,-0.0001263386651209064
2024-08-09 14:51:00+00:00,530.84,530.84,530.87,850,450,530.8596153846154,3.8387890326439314e-07,0.000595260692720867
2024-08-09 14:52:00+00:00,531.14,531.09,531.13,249,1000,531.0979743795036,3.366728577970029e-07,0.000825064935411568
2024-08-09 14:53:00+00:00,531.56,531.56,531.59,291,150,531.5797959183674,1.9943105365698156e-07,-0.0002981896712417331
2024-08-09 14:54:00+00:00,531.45,531.41,531.45,350,550,531.4255555555555,2.554092915718971e-07,-1.6787053968014831e-06
2024-08-09 14:55:00+00:00,531.42,531.41,531.44,583,161,531.4335080645162,2.902476142074465e-07,0.0006111349095407892
2024-08-09 14:56:00+00:00,531.69,531.7,531.72,100,850,531.7021052631579,2.534340207478966e-07,0.0003673359964013745
2024-08-09 14:57:00+00:00,531.99,531.93,531.97,351,950,531.9407916986933,1.8502700821280383e-07,5.48649809528623e-05
2024-08-09 14:58:00+00:00,531.94,531.85,531.88,39,450,531.8523926380368,2.970052912927927e-07,-0.0007028855219423091
2024-08-09 14:59:00+00:00,531.56,531.58,531.61,230,100,531.6009090909091,2.629187878823357e-07,-9.998965366297963e-05
2024-08-09 15:00:00+00:00,531.52,531.49,531.51,1530,100,531.5087730061349,3.012147200778759e-07,0.0005306555589199569
2024-08-09 15:01:00+00:00,531.81,531.81,531.82,49,40,531.8155056179776,3.03971475483456e-07,-0.0003281197702973415
2024-08-09 15:02:00+00:00,531.63,531.6,531.64,451,850,531.6138662567256,2.1315374201130638e-07,7.010192124834447e-05
2024-08-09 15:03:00+00:00,531.68,531.68,531.71,350,550,531.6916666666667,2.1154786151704017e-07,0.00012315805464546692
2024-08-09 15:04:00+00:00,531.73,531.74,531.77,650,150,531.764375,2.6464795749796885e-07,0.0008135188850666442
2024-08-09 15:05:00+00:00,532.18,532.16,532.2,830,1030,532.1778494623657,1.9146549846378496e-07,-3.0140089082975052e-05
2024-08-09 15:06:00+00:00,532.18,532.16,532.19,630,100,532.1858904109589,2.1264149264197256e-07,5.7181952163531946e-05
2024-08-09 15:07:00+00:00,532.21,532.19,532.22,247,320,532.2030687830688,2.0278052200385875e-07,-0.00016643324147314065
2024-08-09 15:08:00+00:00,532.12,532.09,532.13,130,830,532.0954166666667,1.8891474828818296e-07,0.0007763270926597343
2024-08-09 15:09:00+00:00,532.5,532.45,532.48,551,350,532.468346281909,2.569113284388481e-07,-0.0009477669360474783
2024-08-09 15:10:00+00:00,532.01,531.98,532.02,1000,130,532.0153982300885,3.730466165412016e-07,-0.000250061004815616
2024-08-09 15:11:00+00:00,531.88,531.88,531.92,630,330,531.90625,2.3340074442855689e-07,5.680130943375161e-08
2024-08-09 15:12:00+00:00,531.8,531.78,531.82,1200,352,531.8109278350515,2.6245691814365845e-07,-0.00020658331481471226
2024-08-09 15:13:00+00:00,531.73,531.7,531.72,910,330,531.7146774193549,2.5183516380585014e-07,6.813633715818668e-05
2024-08-09 15:14:00+00:00,531.82,531.84,531.86,130,126,531.85015625,1.6498590626086454e-07,-2.8527696495084243e-06
2024-08-09 15:15:00+00:00,531.78,531.77,531.81,530,530,531.79,2.1826125265969095e-07,4.008197506344402e-06
2024-08-09 15:16:00+00:00,531.82,531.84,531.86,100,451,531.8436297640653,1.0838140512431987e-07,0.00035499825014495556
2024-08-09 15:17:00+00:00,531.99,531.98,531.99,895,100,531.9889949748745,1.8734485862150283e-07,-6.382572764895844e-05
2024-08-09 15:18:00+00:00,531.96,531.93,531.97,1017,430,531.9581133379405,1.929841481557558e-07,-0.00020299533444823048
2024-08-09 15:19:00+00:00,531.85,531.84,531.86,1195,1,531.859983277592,1.639168109978998e-07,4.337137128818114e-05
2024-08-09 15:20:00+00:00,531.85,531.85,531.88,405,130,531.8727102803739,3.940136537456035e-07,-0.0005042657616031176
2024-08-09 15:21:00+00:00,531.56,531.59,531.62,230,145,531.6084000000001,2.049687994992277e-07,-0.00010052303192908951
2024-08-09 15:22:00+00:00,531.56,531.55,531.56,208,100,531.5567532467531,1.6343200071548823e-07,0.00018276457030808047
2024-08-09 15:23:00+00:00,531.67,531.66,531.68,338,200,531.672565055762,1.399674016565195e-07,0.00010173790831458085
2024-08-09 15:24:00+00:00,531.7,531.71,531.74,130,430,531.7169642857143,8.443143595506256e-08,-0.0001924292514006165
2024-08-09 15:25:00+00:00,531.63,531.6,531.63,130,632,531.6051181102362,2.1821597650508127e-07,0.00016500662971319358
2024-08-09 15:26:00+00:00,531.69,531.68,531.7,224,300,531.6885496183206,1.6665394404671346e-07,0.0002514279130827468
2024-08-09 15:27:00+00:00,531.83,531.81,531.83,792,104,531.8276785714286,1.7066701418920757e-07,-0.0002298885584686161
2024-08-09 15:28:00+00:00,531.7,531.7,531.71,100,20,531.7083333333334,1.3188064287803582e-07,-0.00038760896223499763
2024-08-09 15:29:00+00:00,531.47,531.47,531.5,276,321,531.4838693467336,3.2427725681721155e-07,-0.0011317576549708663
2024-08-09 15:30:00+00:00,530.84,530.84,530.87,530,430,530.8565625,3.1825265795680395e-07,7.399892903370286e-05
2024-08-09 15:31:00+00:00,530.93,530.89,530.92,120,520,530.8956249999999,2.2086485899544935e-07,0.0007759324530682843
2024-08-09 15:32:00+00:00,531.36,531.36,531.39,798,180,531.3844785276074,1.7228337459433347e-07,-0.00013761020474900576
2024-08-09 15:33:00+00:00,531.27,531.26,531.28,530,430,531.2710416666666,2.001680102950851e-07,0.0003001044727637403
2024-08-09 15:34:00+00:00,531.43,531.42,531.44,198,150,531.4313793103448,1.2362825189451784e-07,9.327332953623646e-05
2024-08-09 15:35:00+00:00,531.54,531.53,531.55,550,1179,531.5363620589936,1.6567032158978682e-07,-0.0006393060758477231
2024-08-09 15:36:00+00:00,531.11,531.12,531.15,700,350,531.14,2.0154464319184036e-07,-0.0004971860399776151
2024-08-09 15:37:00+00:00,530.91,530.86,530.89,550,330,530.8787500000001,1.6260254459687077e-07,0.00012875547756796557
2024-08-09 15:38:00+00:00,530.96,530.94,530.98,431,361,530.9617676767677,1.3743638223296354e-07,-0.0001558312589801103
2024-08-09 15:39:00+00:00,530.87,530.86,530.89,920,37,530.8888401253919,2.006018758362428e-07,0.0002333596978651986
2024-08-09 15:40:00+00:00,530.97,530.97,531.0,328,50,530.9960317460317,2.3603100467470816e-07,-0.0002376115947343438
2024-08-09 15:41:00+00:00,530.85,530.85,530.89,330,630,530.86375,1.9059291398439974e-07,0.0007457924450868791
2024-08-09 15:42:00+00:00,531.26,531.24,531.27,543,350,531.258241881299,1.4976624477017628e-07,-0.0002826346620558029
2024-08-09 15:43:00+00:00,531.09,531.09,531.12,146,530,531.0964792899408,1.6531505244514403e-07,-0.00033816377300044387
2024-08-09 15:44:00+00:00,530.93,530.92,530.95,90,500,530.9245762711864,1.1896573283382679e-07,0.0003549556606563531
2024-08-09 15:45:00+00:00,531.15,531.11,531.15,130,330,531.1213043478261,2.1809219369792545e-07,0.00020986952162882488
2024-08-09 15:46:00+00:00,531.24,531.21,531.24,130,200,531.2218181818182,1.2820048669803947e-07,0.0005530180177448774
2024-08-09 15:47:00+00:00,531.5,531.48,531.52,732,230,531.5104365904366,1.3978269721600726e-07,-0.00019813582173933142
2024-08-09 15:48:00+00:00,531.41,531.4,531.43,530,334,531.4184027777778,1.8284327245502348e-07,0.00013427328309001396
2024-08-09 15:49:00+00:00,531.46,531.48,531.52,530,330,531.5046511627907,1.498561832456164e-07,2.8930967820306464e-05
2024-08-09 15:50:00+00:00,531.5,531.48,531.51,520,100,531.5051612903226,1.5860763093465059e-07,-0.0002418592922545093
2024-08-09 15:51:00+00:00,531.39,531.38,531.42,530,400,531.4027956989247,1.5832418083374078e-07,0.00011106393117232827
2024-08-09 15:52:00+00:00,531.44,531.44,531.46,120,101,531.4508597285069,1.302341857610949e-07,0.00018610545747343998
2024-08-09 15:53:00+00:00,531.55,531.53,531.56,530,128,531.5541641337386,1.277111412566942e-07,0.00030828802134896804
2024-08-09 15:54:00+00:00,531.74,531.71,531.74,130,230,531.7208333333333,1.805609060295511e-07,-0.00022288786117397041
2024-08-09 15:55:00+00:00,531.61,531.58,531.62,120,320,531.5909090909091,2.0103722820650571e-07,-0.0010717559134697519
2024-08-09 15:56:00+00:00,531.03,531.01,531.05,420,430,531.0297647058823,4.6821031956096454e-07,-0.0012443375765061049
2024-08-09 15:57:00+00:00,530.34,530.34,530.37,200,630,530.3472289156626,2.8006077388407066e-07,-9.831821971284516e-05
2024-08-09 15:58:00+00:00,530.28,530.27,530.29,101,1030,530.2717860300619,1.826897667425302e-07,0.00024887627492087283
2024-08-09 15:59:00+00:00,530.38,530.38,530.4,430,100,530.3962264150944,1.2847690546873905e-07,-0.00019791659599943667
2024-08-09 16:00:00+00:00,530.32,530.29,530.33,1334,430,530.3202494331066,2.5974669404534427e-07,0.00017166554167191705
2024-08-09 16:01:00+00:00,530.4,530.39,530.42,632,330,530.4097089397089,2.6135335416819045e-07,0.00017266395023352032
2024-08-09 16:02:00+00:00,530.53,530.46,530.5,1101,250,530.4925980754996,1.7372002277085093e-07,-0.0004055907274770343
2024-08-09 16:03:00+00:00,530.29,530.27,530.31,220,120,530.2958823529411,1.5115189361641559e-07,0.00022941405394405479
2024-08-09 16:04:00+00:00,530.41,530.4,530.44,190,1025,530.4062551440329,2.1262348656752057e-07,-0.00022050119601224605
2024-08-09 16:05:00+00:00,530.27,530.33,530.36,120,501,530.3357971014493,2.109819101656388e-07,-0.0003269680068898051
2024-08-09 16:06:00+00:00,530.14,530.1,530.12,130,305,530.1059770114942,1.5879401795427565e-07,0.00037275142905612846
2024-08-09 16:07:00+00:00,530.34,530.32,530.34,130,690,530.3231707317074,1.7550029525522001e-07,0.00037551021379256255
2024-08-09 16:08:00+00:00,530.53,530.49,530.53,723,530,530.5130806065443,1.1626875864112942e-07,-0.000659739745653587
2024-08-09 16:09:00+00:00,530.16,530.16,530.19,430,530,530.1734375,1.0901959598545075e-07,8.752357698593727e-07
2024-08-09 16:10:00+00:00,530.165,530.14,530.17,600,130,530.1646575342465,1.3952137858491798e-07,-0.00038649144772007205
2024-08-09 16:11:00+00:00,529.98,529.97,529.99,530,130,529.9860606060607,1.4450907033631242e-07,0.000359113836966074
2024-08-09 16:12:00+00:00,530.14,530.11,530.14,400,830,530.119756097561,9.969110173862707e-08,-0.00015434523575430514
2024-08-09 16:13:00+00:00,530.06,530.05,530.08,390,350,530.0658108108107,7.982207556049993e-08,2.652482017873048e-05
2024-08-09 16:14:00+00:00,530.08,530.07,530.1,330,31,530.0974238227147,8.92235151747326e-08,0.00010878699221383847
2024-08-09 16:15:00+00:00,530.14,530.11,530.15,830,330,530.1386206896552,1.4336272220504419e-07,6.271115665001936e-05
2024-08-09 16:16:00+00:00,530.2,530.2,530.23,430,730,530.2111206896552,1.1417316639579013e-07,-0.00036919428208426197
2024-08-09 16:17:00+00:00,530.04,530.02,530.04,1,730,530.020027359781,9.699090279983376e-08,0.00033671315460437334
2024-08-09 16:18:00+00:00,530.15,530.13,530.15,3,500,530.1301192842942,1.2688705516954813e-07,-0.0002016642066499097
2024-08-09 16:19:00+00:00,530.03,530.05,530.08,331,402,530.0635470668485,9.570211526017632e-08,0.00017492018277276422
2024-08-09 16:20:00+00:00,530.09,530.07,530.1,400,100,530.094,1.1713442760642368e-07,0.0002575719637891716
2024-08-09 16:21:00+00:00,530.28,530.28,530.29,1004,100,530.2890942028985,1.1315457133460126e-07,-0.00019625645797705094
2024-08-09 16:22:00+00:00,530.18,530.16,530.19,312,530,530.1711163895487,8.898874260558433e-08,-0.0005417167016946722
2024-08-09 16:23:00+00:00,529.89,529.92,529.95,443,130,529.9431937172775,9.700675419660901e-08,0.00037446171128996397
2024-08-09 16:24:00+00:00,530.09,530.08,530.1,530,36,530.0987279151943,6.08527875919658e-08,-0.0005254011256868862
2024-08-09 16:25:00+00:00,529.83,529.82,529.84,450,2,529.8399115044248,1.838296124917609e-07,0.0008012315274799064
2024-08-09 16:26:00+00:00,530.235,530.22,530.25,450,330,530.2373076923077,1.1394413512019354e-07,0.00026565593782268415
2024-08-09 16:27:00+00:00,530.36,530.35,530.36,230,4,530.359829059829,1.1279743240012678e-07,-0.00015348740449894205
2024-08-09 16:28:00+00:00,530.27,530.28,530.31,430,530,530.2934375,8.774130982419836e-08,-0.00019705185990370744
2024-08-09 16:29:00+00:00,530.24,530.22,530.23,1,900,530.2200110987791,1.1955248556474304e-07,0.00021460334889278343
2024-08-09 16:30:00+00:00,530.3,530.29,530.31,303,835,530.2953251318102,1.7488478205051222e-07,0.0004197937948828834
2024-08-09 16:31:00+00:00,530.54,530.54,530.58,630,630,530.56,1.2751105606496595e-07,8.222200266305713e-05
2024-08-09 16:32:00+00:00,530.56,530.54,530.56,250,700,530.5452631578947,9.570749358140504e-08,0.00025845289652126624
2024-08-09 16:33:00+00:00,530.69,530.67,530.71,630,1163,530.6840546569995,7.572400489551933e-08,0.00017405965571692938
2024-08-09 16:34:00+00:00,530.77,530.78,530.8,7,203,530.7806666666667,9.098257422433288e-08,-0.0004021672216407701
2024-08-09 16:35:00+00:00,530.59,530.57,530.61,1250,1250,530.59,9.057116112834847e-08,0.0001287448853077855
2024-08-09 16:36:00+00:00,530.65,530.59,530.62,450,1050,530.599,9.855475959938002e-08,9.46010567641764e-05
2024-08-09 16:37:00+00:00,530.71,530.7,530.72,548,1,530.7199635701276,1.035468283403877e-07,-0.0001281359904884427
2024-08-09 16:38:00+00:00,530.64,530.61,530.64,840,33,530.6388659793814,8.476991513441363e-08,0.0005646627198583332
2024-08-09 16:39:00+00:00,530.91,530.91,530.93,953,100,530.9281006647674,8.603591349432554e-08,0.00016024934825886739
2024-08-09 16:40:00+00:00,531.03,531.01,531.04,100,550,531.0146153846154,1.1479349267452043e-07,-0.00016948038777164776
2024-08-09 16:41:00+00:00,530.93,530.92,530.95,330,302,530.935664556962,1.1367358085024474e-07,-0.00016565969412829507
2024-08-09 16:42:00+00:00,530.82,530.82,530.85,260,151,530.8389781021898,7.558456904566549e-08,0.00015122828629232643
2024-08-09 16:43:00+00:00,530.88,530.87,530.9,430,330,530.8869736842105,9.339746110831062e-08,3.2592890557126e-05
2024-08-09 16:44:00+00:00,530.92,530.94,530.95,200,170,530.9454054054055,7.277607747282e-08,0.00014656420671910197
2024-08-09 16:45:00+00:00,531.02,531.01,531.03,100,430,531.0137735849056,9.117547590185637e-08,-0.0002619538227175422
2024-08-09 16:46:00+00:00,530.87,530.86,530.89,531,230,530.8809329829171,7.606267783623697e-08,-1.8835075246581567e-05
2024-08-09 16:47:00+00:00,530.87,530.86,530.88,131,115,530.8706504065041,2.049917656217845e-07,-0.00024924494488620663
2024-08-09 16:48:00+00:00,530.74,530.74,530.76,430,530,530.7489583333333,1.207910254141071e-07,0.0002786502697229576
2024-08-09 16:49:00+00:00,530.9,530.85,530.88,130,330,530.8584782608696,1.3926750376413526e-07,0.0006038914220798386
2024-08-09 16:50:00+00:00,531.24,531.21,531.23,230,500,531.216301369863,8.28785871338333e-08,0.0001080016925134597
2024-08-09 16:51:00+00:00,531.28,531.26,531.28,130,1,531.2798473282442,6.561282321475315e-08,7.636868854477008e-05
2024-08-09 16:52:00+00:00,531.32,531.27,531.3,430,430,531.285,1.1022199341397819e-07,-0.00018535781142836605
2024-08-09 16:53:00+00:00,531.2,531.18,531.2,148,330,531.1861924686192,1.3208342834553187e-07,-0.00020946999054749504
2024-08-09 16:54:00+00:00,531.11,531.11,531.13,330,136,531.1241630901287,1.2640123803977088e-07,-0.00034432468082912226
2024-08-09 16:55:00+00:00,530.92,530.89,530.92,1000,100,530.9172727272727,1.0117170115327965e-07,-4.318527025382046e-05
2024-08-09 16:56:00+00:00,530.88,530.86,530.89,109,930,530.8631472569778,1.2616951813576217e-07,0.0005675824626629744
2024-08-09 16:57:00+00:00,531.16,531.15,531.18,192,400,531.1597297297297,1.081906069054635e-07,-9.401598687186485e-05
2024-08-09 16:58:00+00:00,531.14,531.12,531.15,330,600,531.1306451612903,6.884029452678843e-08,0.00033902806305063926
2024-08-09 16:59:00+00:00,531.3,531.29,531.31,156,100,531.3021875,3.9753349007776643e-08,0.0002443596307302176
2024-08-09 17:00:00+00:00,531.44,531.44,531.45,465,13,531.4497280334729,1.5931727265805522e-07,1.1646077125115895e-05
2024-08-09 17:01:00+00:00,531.45,531.44,531.47,530,1630,531.4473611111111,8.119122601790435e-08,8.983637582193893e-05
2024-08-09 17:02:00+00:00,531.51,531.51,531.52,35,12,531.5174468085106,1.1518491829450862e-07,0.00041921234173236677
2024-08-09 17:03:00+00:00,531.72,531.73,531.75,150,100,531.742,1.0680312189789566e-07,9.877445787953576e-07
2024-08-09 17:04:00+00:00,531.73,531.73,531.75,1,200,531.7300995024875,6.5954436688883e-08,-1.3433313004296288e-05
2024-08-09 17:05:00+00:00,531.705,531.7,531.71,325,122,531.7072706935123,7.889666966666283e-08,-0.0003476151890834389
2024-08-09 17:06:00+00:00,531.56,531.54,531.57,145,800,531.5446031746033,6.81930724464101e-08,-7.131377208680068e-05
2024-08-09 17:07:00+00:00,531.5,531.49,531.52,830,130,531.5159375,8.380006091741288e-08,0.00016889410306286656
2024-08-09 17:08:00+00:00,531.59,531.57,531.6,121,420,531.5767097966728,3.8634365312376785e-08,-2.3348279360568824e-05
2024-08-09 17:09:00+00:00,531.575,531.56,531.59,985,530,531.579504950495,9.789866548084428e-08,0.0005821329808244347
2024-08-09 17:10:00+00:00,531.91,531.89,531.93,330,401,531.9080574555403,1.1324571012076493e-07,0.00033570885507616666
2024-08-09 17:11:00+00:00,532.06,532.04,532.07,820,100,532.0667391304348,8.646608650477822e-08,-0.00021087675145869955
2024-08-09 17:12:00+00:00,531.96,531.95,531.97,135,27,531.9666666666667,8.145313665503529e-08,0.00038049491855374207
2024-08-09 17:13:00+00:00,532.15,532.15,532.18,30,620,532.1513846153847,1.0159046357389617e-07,0.00023092764909748986
2024-08-09 17:14:00+00:00,532.27,532.23,532.27,800,220,532.2613725490196,1.3755914779785082e-07,0.0008132775048814711
2024-08-09 17:15:00+00:00,532.72,532.71,532.73,530,300,532.7227710843374,1.8456829298495581e-07,0.0010623305407688743
2024-08-09 17:16:00+00:00,533.21,533.18,533.21,600,530,533.1959292035398,1.6376651100992247e-07,-0.00023292269589059167
2024-08-09 17:17:00+00:00,533.2,533.14,533.18,630,600,533.160487804878,1.3972957535378132e-07,-1.0679268624080862e-05
2024-08-09 17:18:00+00:00,533.14,533.14,533.15,621,8,533.1498728139904,1.2160146243326454e-07,-0.00013870345182354082
2024-08-09 17:19:00+00:00,533.07,533.09,533.12,730,31,533.1187779237845,9.965947114356066e-08,0.0002888749970277882
2024-08-09 17:20:00+00:00,533.22,533.2,533.23,34,130,533.2062195121952,1.3052894023548968e-07,0.0002407385045943844
2024-08-09 17:21:00+00:00,533.32,533.29,533.32,630,131,533.3148357424442,1.304190929674505e-07,-0.000521239630195458
2024-08-09 17:22:00+00:00,533.08,533.07,533.1,2,530,533.070112781955,1.3523340288856465e-07,0.00010530466855951381
2024-08-09 17:23:00+00:00,533.1,533.09,533.11,100,100,533.1,7.646048622621059e-08,-0.00011592460902931645
2024-08-09 17:24:00+00:00,533.07,533.1,533.12,24,930,533.1005031446541,1.293297133662854e-07,-7.381104446191333e-05
2024-08-09 17:25:00+00:00,533.03,533.02,533.05,50,930,533.0215306122449,8.353752248425472e-08,0.0005620577773974844
2024-08-09 17:26:00+00:00,533.31,533.32,533.34,41,100,533.3258156028369,9.059619173675449e-08,-0.0001523383487705976
2024-08-09 17:27:00+00:00,533.25,533.25,533.28,71,340,533.2551824817518,6.019073753805006e-08,0.00015366570999186813
2024-08-09 17:28:00+00:00,533.36,533.35,533.37,120,500,533.353870967742,1.0414709958291896e-07,0.0006016561097224038
2024-08-09 17:29:00+00:00,533.65,533.62,533.65,450,350,533.636875,1.3638360664131976e-07,0.000858733595950234
2024-08-09 17:30:00+00:00,534.12,534.11,534.13,130,131,534.1199616858238,1.5338664727773767e-07,0.0006909701256618828
2024-08-09 17:31:00+00:00,534.45,534.46,534.49,630,130,534.4848684210526,2.35730234016576e-07,-0.001172335151434889
2024-08-09 17:32:00+00:00,533.83,533.79,533.82,400,730,533.8006194690265,2.3659064689583998e-07,9.982688525811412e-06
2024-08-09 17:33:00+00:00,533.88,533.83,533.86,930,350,533.851796875,1.1019736323627607e-07,0.0003673334230254177
2024-08-09 17:34:00+00:00,534.02,534.0,534.03,230,530,534.0090789473685,9.682802405697954e-08,0.00021929854156343964
2024-08-09 17:35:00+00:00,534.18,534.17,534.18,56,36,534.1760869565217,1.33555796260404e-07,-0.0002389311080804868
2024-08-09 17:36:00+00:00,534.02,534.0,534.01,104,106,534.0049523809524,1.2111116705013668e-07,-8.929129997381491e-05
2024-08-09 17:37:00+00:00,534.0,533.96,533.99,200,320,533.9715384615384,7.036179570347053e-08,0.00039005883891896076
2024-08-09 17:38:00+00:00,534.21,534.2,534.22,100,968,534.2018726591762,8.25022046939441e-08,7.351475861527845e-05
2024-08-09 17:39:00+00:00,534.24,534.24,534.27,35,830,534.2412138728324,1.4969619249736554e-07,-0.0003750894534584326
2024-08-09 17:40:00+00:00,534.05,534.04,534.07,461,530,534.0539556004036,1.2515257570683595e-07,-0.0001571585485276028
2024-08-09 17:41:00+00:00,533.95,533.95,533.96,115,330,533.952584269663,2.0699812724505722e-07,-0.0009215280508486634
2024-08-09 17:42:00+00:00,533.44,533.42,533.45,330,530,533.431511627907,1.676995111443657e-07,-0.00024290157147777158
2024-08-09 17:43:00+00:00,533.34,533.32,533.35,320,320,533.335,1.0077384634180864e-07,0.00031324141077515577
2024-08-09 17:44:00+00:00,533.46,533.45,533.48,630,380,533.4687128712872,1.4324847741643713e-07,-0.00011238522747292201
2024-08-09 17:45:00+00:00,533.44,533.44,533.46,51,120,533.4459649122807,2.2278604538381927e-07,0.0001421808062018748
2024-08-09 17:46:00+00:00,533.51,533.51,533.54,330,130,533.5315217391304,1.0154321351331404e-07,9.5973966840468e-06
2024-08-09 17:47:00+00:00,533.51,533.5,533.53,1100,230,533.5248120300752,1.2236625060583148e-07,0.0001545583173232501
2024-08-09 17:48:00+00:00,533.6,533.57,533.6,520,122,533.5942990654206,1.5139303040273438e-07,-0.0004824248322417013
2024-08-09 17:49:00+00:00,533.39,533.34,533.38,120,820,533.3451063829788,7.863643016405202e-08,-6.533671738884195e-05
2024-08-09 17:50:00+00:00,533.33,533.31,533.32,290,100,533.317435897436,1.4975235237411342e-07,-0.00037263498218709223
2024-08-09 17:51:00+00:00,533.1,533.07,533.1,470,650,533.0825892857143,1.8381383602257062e-07,0.00040716288700348713
2024-08-09 17:52:00+00:00,533.34,533.33,533.36,530,130,533.3540909090909,8.913401716914624e-08,-5.7209543568581545e-05
2024-08-09 17:53:00+00:00,533.29,533.29,533.32,100,138,533.3026050420168,8.820061778321292e-08,-0.0004084388230302105
2024-08-09 17:54:00+00:00,533.12,533.11,533.13,193,630,533.1146901579586,3.2360966640169704e-07,-0.0008300740032075593
2024-08-09 17:55:00+00:00,532.62,532.58,532.62,1120,120,532.6161290322581,2.374619067486051e-07,0.00010399984387676753
2024-08-09 17:56:00+00:00,532.71,532.69,532.71,150,75,532.7033333333334,1.5829566711650595e-07,5.6856018465500924e-05
2024-08-09 17:57:00+00:00,532.76,532.75,532.78,120,125,532.764693877551,9.99737600239058e-08,-0.00024895672343383524
2024-08-09 17:58:00+00:00,532.59,532.59,532.61,25,1200,532.5904081632654,1.5303245486942077e-07,-0.00026513125765992296
2024-08-09 17:59:00+00:00,532.49,532.43,532.46,120,820,532.433829787234,1.2042416461956877e-07,0.0003128179260853958
2024-08-09 18:00:00+00:00,532.61,532.59,532.63,720,320,532.6176923076923,2.1687664639739128e-07,-0.00016328629891393387
2024-08-09 18:01:00+00:00,532.54,532.52,532.57,330,2030,532.5269915254237,2.169783254295187e-07,0.0007494112437305134
2024-08-09 18:02:00+00:00,532.95,532.92,532.95,130,130,532.935,1.6721723145803344e-07,-0.0005686011202651331
2024-08-09 18:03:00+00:00,532.63,532.64,532.67,120,921,532.6434582132565,1.7531302600415696e-07,-1.7067962921890611e-06
2024-08-09 18:04:00+00:00,532.63,532.59,532.62,120,620,532.5948648648649,2.963186975028028e-07,-0.00027951560602768044
2024-08-09 18:05:00+00:00,532.5,532.47,532.51,820,420,532.4964516129033,1.7779384644653918e-07,0.0001621331394447978
2024-08-09 18:06:00+00:00,532.54,532.54,532.57,470,100,532.5647368421053,1.7071231082355368e-07,-0.00030814258153444296
2024-08-09 18:07:00+00:00,532.42,532.44,532.47,520,576,532.4542335766424,1.441285020808675e-07,0.0001884641129206166
2024-08-09 18:08:00+00:00,532.49,532.46,532.49,530,130,532.4840909090909,1.124606971154491e-07,0.00021842727618914815
2024-08-09 18:09:00+00:00,532.61,532.59,532.62,130,130,532.6049999999999,1.1992891341976244e-07,0.0004147599939239299
2024-08-09 18:10:00+00:00,532.84,532.83,532.85,500,100,532.8466666666667,2.41042977226902e-07,-0.0008183706291959858
2024-08-09 18:11:00+00:00,532.4,532.38,532.41,120,29,532.4041610738255,3.4861253301792144e-07,-0.0009999943520456744
2024-08-09 18:12:00+00:00,531.86,531.89,531.92,430,130,531.9130357142857,2.607609833865517e-07,0.00020147193990727175
2024-08-09 18:13:00+00:00,532.01,532.02,532.04,430,100,532.0362264150942,1.5822851008529164e-07,0.00011314971296205734
2024-08-09 18:14:00+00:00,532.06,532.02,532.05,100,350,532.0266666666666,1.4455017251539575e-07,0.00021798402033756936
2024-08-09 18:15:00+00:00,532.15,532.13,532.15,100,430,532.1337735849057,2.2484427649768725e-07,-0.0001070855135386628
2024-08-09 18:16:00+00:00,532.08,532.09,532.12,630,430,532.1078301886793,1.8136597475538445e-07,0.00010923030224008201
2024-08-09 18:17:00+00:00,532.15,532.13,532.17,130,330,532.1413043478261,1.3710431781900094e-07,-0.0005877490689730758
2024-08-09 18:18:00+00:00,531.85,531.86,531.89,320,530,531.871294117647,1.399309231313013e-07,3.590460720981348e-05
2024-08-09 18:19:00+00:00,531.87,531.86,531.89,530,330,531.878488372093,1.3261974957357487e-07,0.0006419491617895012
2024-08-09 18:20:00+00:00,532.24,532.24,532.26,100,1,532.259801980198,1.692716607260557e-07,-0.00044682459328404533
2024-08-09 18:21:00+00:00,531.95,531.97,531.99,130,130,531.9799999999999,1.0782030660691157e-07,0.00010645023728828029
2024-08-09 18:22:00+00:00,532.03,532.02,532.05,1,330,532.0200906344411,1.4836509955555327e-07,0.0003432114438071121
2024-08-09 18:23:00+00:00,532.25,532.24,532.26,130,31,532.256149068323,1.3453623960174155e-07,-0.00022796896053578486
2024-08-09 18:24:00+00:00,532.13,532.1,532.13,101,820,532.1032899022802,1.472718446171387e-07,-0.0004235640288725584
2024-08-09 18:25:00+00:00,531.85,531.84,531.87,330,444,531.8527906976744,9.33016761435507e-08,-0.00017187984607136553
2024-08-09 18:26:00+00:00,531.77,531.74,531.76,100,1120,531.7416393442624,1.9747868243140616e-07,0.0006796574389920096
2024-08-09 18:27:00+00:00,532.14,532.15,532.17,530,150,532.1655882352941,9.306914720391376e-08,-3.717637657796313e-05
2024-08-09 18:28:00+00:00,532.12,532.12,532.14,100,31,532.1352671755725,1.711642175342338e-07,-5.334089144903853e-05
2024-08-09 18:29:00+00:00,532.09,532.08,532.1,330,130,532.094347826087,9.498237135686144e-08,-0.00012505427006259673
2024-08-09 18:30:00+00:00,532.03,532.02,532.06,430,800,532.0339837398375,1.8709006567133154e-07,-0.000223908530247785
2024-08-09 18:31:00+00:00,531.91,531.88,531.9,330,47,531.8975066312997,8.50062539043191e-08,0.00016029177824106178
2024-08-09 18:32:00+00:00,532.0,532.04,532.06,800,201,532.0559840159839,1.433671396276793e-07,0.00018759963265368995
2024-08-09 18:33:00+00:00,532.08,532.07,532.1,600,170,532.0933766233767,1.61749646401206e-07,-0.00027417923678862977
2024-08-09 18:34:00+00:00,531.97,531.95,531.97,330,123,531.9645695364238,1.272793422654803e-07,-0.0003341620573418247
2024-08-09 18:35:00+00:00,531.75,531.75,531.78,350,1150,531.757,1.6567096564602092e-07,-0.0002494114454845153
2024-08-09 18:36:00+00:00,531.6,531.61,531.62,131,100,531.615670995671,1.4125223387285395e-07,0.0005569534378961905
2024-08-09 18:37:00+00:00,531.93,531.91,531.94,560,760,531.9227272727272,8.186291236253339e-08,0.00019484097247213228
2024-08-09 18:38:00+00:00,532.05,532.05,532.09,476,1000,532.0628997289973,9.740748719530985e-08,0.00025964446443227374
2024-08-09 18:39:00+00:00,532.16,532.15,532.17,130,330,532.155652173913,1.0296211262937057e-07,0.00010849773762355852
2024-08-09 18:40:00+00:00,532.22,532.21,532.23,100,231,532.2160422960725,1.9794744771662148e-07,0.00017682215813419333
2024-08-09 18:41:00+00:00,532.33,532.28,532.31,250,350,532.2925,1.1604918623844592e-07,0.00010119167461519751
2024-08-09 18:42:00+00:00,532.38,532.38,532.4,20,100,532.3833333333333,1.5224665811483816e-07,-0.00023044990867993054
2024-08-09 18:43:00+00:00,532.24,532.23,532.25,100,100,532.24,8.6285585653199e-08,0.0003673340971976913
2024-08-09 18:44:00+00:00,532.43,532.42,532.45,130,643,532.4250452781371,1.3866179410153902e-07,-0.0001112592748330199
2024-08-09 18:45:00+00:00,532.39,532.37,532.41,530,330,532.3946511627908,1.0453810797747148e-07,0.0002895478466313772
2024-08-09 18:46:00+00:00,532.53,532.52,532.55,630,320,532.5398947368421,1.1617037765935476e-07,0.00018167776090183274
2024-08-09 18:47:00+00:00,532.65,532.65,532.68,330,130,532.6715217391304,9.633761127796212e-08,-9.671156659418756e-05
2024-08-09 18:48:00+00:00,532.57,532.59,532.62,830,130,532.6159375,1.1132065880160192e-07,-0.00018386360344391228
2024-08-09 18:49:00+00:00,532.48,532.48,532.5,2,500,532.4800796812749,1.313288545576431e-07,-0.00013218580792495604
2024-08-09 18:50:00+00:00,532.43,532.39,532.42,850,274,532.4126868327401,1.184053431709902e-07,-0.0008202136720479869
2024-08-09 18:51:00+00:00,531.95,531.98,532.0,100,381,531.984158004158,1.4686599793986601e-07,0.00033227814921787946
2024-08-09 18:52:00+00:00,532.17,532.16,532.19,450,1605,532.1665693430657,1.0956503957235485e-07,-0.0002241158943232513
2024-08-09 18:53:00+00:00,532.0,532.01,532.05,550,1150,532.0229411764706,1.4847756565589843e-07,-0.00029253336008983055
2024-08-09 18:54:00+00:00,531.86,531.86,531.89,130,343,531.868245243129,7.71092334877187e-08,0.0001820373703202982
2024-08-09 18:55:00+00:00,531.99,531.96,531.98,100,40,531.9742857142857,2.404109046280274e-07,-0.0005616415981036793
2024-08-09 18:56:00+00:00,531.68,531.68,531.7,200,630,531.6848192771084,1.1827374044086575e-07,8.197248215369157e-05
2024-08-09 18:57:00+00:00,531.7,531.69,531.72,930,33,531.7189719626169,1.0177191195729034e-07,0.0005578952271578785
2024-08-09 18:58:00+00:00,532.03,532.01,532.04,130,300,532.0190697674419,1.4138865991635286e-07,0.00023511702004741508
2024-08-09 18:59:00+00:00,532.16,532.17,532.18,540,158,532.1777363896847,1.1662081779799933e-07,0.0005055310031727434
2024-08-09 19:00:00+00:00,532.42,532.41,532.42,82,5,532.4194252873563,2.1768310345336995e-07,-0.0005489191777028335
2024-08-09 19:01:00+00:00,532.13,532.12,532.15,930,131,532.1462959472195,1.2422333710771847e-07,0.00012937092145071105
2024-08-09 19:02:00+00:00,532.21,532.2,532.24,430,659,532.2157943067034,3.219696757248177e-07,-0.00012111197303821264
2024-08-09 19:03:00+00:00,532.13,532.1,532.13,450,51,532.1269461077844,1.292149866817786e-07,-0.00022714276994850735
2024-08-09 19:04:00+00:00,532.01,531.96,531.99,546,450,531.9764457831326,1.8437850755839975e-07,0.00017875450169091422
2024-08-09 19:05:00+00:00,532.05,532.04,532.05,110,120,532.0447826086956,1.3649312955627046e-07,8.173986971460323e-05
2024-08-09 19:06:00+00:00,532.15,532.14,532.15,50,220,532.1418518518518,1.4034438457353177e-07,0.0001932247603424475
2024-08-09 19:07:00+00:00,532.29,532.28,532.29,130,100,532.285652173913,1.4634893081037783e-07,0.0006113375367722274
2024-08-09 19:08:00+00:00,532.53,532.53,532.56,130,630,532.5351315789474,2.706157155093667e-07,-0.00030618698820283896
2024-08-09 19:09:00+00:00,532.42,532.38,532.4,150,1050,532.3825,1.6835001525872682e-07,0.0003087636570173746
2024-08-09 19:10:00+00:00,532.59,532.56,532.59,412,930,532.5692101341281,1.2620693914279697e-07,-0.00016724467347051242
2024-08-09 19:11:00+00:00,532.59,532.57,532.59,150,200,532.5785714285714,1.8182293115521486e-07,0.0006220570278516746
2024-08-09 19:12:00+00:00,532.8,532.79,532.81,101,220,532.7962928348909,1.3090480205780017e-07,-0.0004018526653690735
2024-08-09 19:13:00+00:00,532.62,532.6,532.62,100,95,532.6102564102564,8.094138713679668e-08,0.00033714020320729787
2024-08-09 19:14:00+00:00,532.78,532.76,532.79,130,130,532.775,8.486428582516541e-08,-0.00023605980316154795
2024-08-09 19:15:00+00:00,532.67,532.68,532.7,130,114,532.6906557377049,1.4519451328879292e-07,0.0005597579977931755
2024-08-09 19:16:00+00:00,532.94,532.92,532.95,1200,130,532.947067669173,1.412858043559271e-07,3.588942036980569e-05
2024-08-09 19:17:00+00:00,532.96,532.96,532.99,150,500,532.9669230769231,8.235006380998945e-08,-8.928631340443527e-05
2024-08-09 19:18:00+00:00,532.92,532.91,532.93,130,514,532.9140372670807,8.667593737945342e-08,0.00017754389331381404
2024-08-09 19:19:00+00:00,533.01,533.0,533.02,522,203,533.0144,8.239845822577892e-08,0.00017829631884191954
2024-08-09 19:20:00+00:00,533.11,533.09,533.11,10036,600,533.1088717562993,9.363831100887074e-08,-0.0006789395998285652
2024-08-09 19:21:00+00:00,532.75,532.75,532.77,120,520,532.7537500000001,2.756540320840133e-07,-0.0006929192779562277
2024-08-09 19:22:00+00:00,532.34,532.32,532.34,1,330,532.3200604229608,2.707299067784295e-07,0.0003710414663089523
2024-08-09 19:23:00+00:00,532.59,532.57,532.59,930,100,532.5880582524272,1.2585362928864224e-07,-0.0003366206726511667
2024-08-09 19:24:00+00:00,532.42,532.41,532.44,330,433,532.4229750982962,1.3462092642813878e-07,0.00012706890429381446
2024-08-09 19:25:00+00:00,532.47,532.46,532.48,280,1400,532.4633333333334,1.6541546966811586e-07,0.00036224870125001196
2024-08-09 19:26:00+00:00,532.66,532.65,532.67,520,100,532.6667741935483,1.368849219845566e-07,0.00011769136675865433
2024-08-09 19:27:00+00:00,532.72,532.7,532.73,229,121,532.7196285714285,1.2019601521316593e-07,0.00034433246904730375
2024-08-09 19:28:00+00:00,532.9,532.9,532.92,115,620,532.9031292517006,1.1637349667974447e-07,-6.064454824661336e-05
2024-08-09 19:29:00+00:00,532.81,532.79,532.82,200,1000,532.795,1.1334326051086951e-07,-0.00026517537475390096
2024-08-09 19:30:00+00:00,532.74,532.72,532.75,120,600,532.725,1.0242959648953866e-07,0.0005893715458382687
2024-08-09 19:31:00+00:00,533.03,533.01,533.04,120,520,533.015625,1.2698048976204583e-07,1.4104238234668998e-05
2024-08-09 19:32:00+00:00,533.06,533.05,533.06,102,230,533.0530722891566,1.343943289288294e-07,-0.00012474232523163042
2024-08-09 19:33:00+00:00,532.99,532.97,533.0,200,2000,532.9727272727273,1.2212681886509219e-07,-0.0002848294341319946
2024-08-09 19:34:00+00:00,532.84,532.83,532.85,130,600,532.8335616438357,1.1034909641521733e-07,0.00022971220446166285
2024-08-09 19:35:00+00:00,532.95,532.95,532.98,550,607,532.964261019879,1.2706319310279061e-07,0.0006741273720516361
2024-08-09 19:36:00+00:00,533.25,533.22,533.26,600,400,533.244,1.5131967531039614e-07,-5.377767093106556e-05
2024-08-09 19:37:00+00:00,533.28,533.24,533.27,520,220,533.261081081081,2.898170094900214e-07,-0.0009507985195987834
2024-08-09 19:38:00+00:00,532.79,532.77,532.81,701,220,532.8004451682953,1.6620090639440583e-07,8.442030133304357e-05
2024-08-09 19:39:00+00:00,532.85,532.82,532.85,130,920,532.8237142857143,1.2856343941689878e-07,-0.00024062078254993846
2024-08-09 19:40:00+00:00,532.7,532.69,532.7,130,155,532.6945614035088,1.1227412795047963e-07,0.0007210634462755383
2024-08-09 19:41:00+00:00,533.06,533.05,533.07,160,700,533.0537209302325,1.694199845732936e-07,-0.00017053762512453385
2024-08-09 19:42:00+00:00,533.04,533.05,533.07,140,730,533.0532183908045,1.1069408238686037e-07,5.7962837758829266e-05
2024-08-09 19:43:00+00:00,533.025,532.99,533.03,927,700,533.0127904118009,1.6896257801855744e-07,-0.0002296365634634201
2024-08-09 19:44:00+00:00,532.92,532.9,532.94,230,630,532.9106976744187,2.0180647808896714e-07,-0.0003708012932867044
2024-08-09 19:45:00+00:00,532.705,532.7,532.72,130,434,532.7046099290781,1.6391836876404922e-07,0.00026985169889237604
2024-08-09 19:46:00+00:00,532.87,532.83,532.85,830,21,532.8495064629847,1.5712410865352392e-07,0.0003390653039467839
2024-08-09 19:47:00+00:00,533.07,533.06,533.08,530,101,533.0767987321711,1.3424029694069156e-07,-0.0002655819887276145
2024-08-09 19:48:00+00:00,532.88,532.86,532.89,182,220,532.8735820895522,1.5892823347465143e-07,0.0004562222318431619
2024-08-09 19:49:00+00:00,533.13,533.09,533.12,100,1520,533.0918518518519,9.391588399553535e-08,-0.00020226917681098744
2024-08-09 19:50:00+00:00,533.01,533.02,533.04,5,130,533.0207407407406,4.024630674385013e-07,-0.000667210315466904
2024-08-09 19:51:00+00:00,532.64,532.63,532.64,720,100,532.6387804878049,3.8535077711164594e-07,0.0003360605436182329
2024-08-09 19:52:00+00:00,532.84,532.82,532.85,130,1720,532.8221081081082,2.2194671214293015e-07,-0.00019320693913305043
2024-08-09 19:53:00+00:00,532.74,532.73,532.75,300,820,532.7353571428572,2.397873715899092e-07,-0.0004557375062117508
2024-08-09 19:54:00+00:00,532.51,532.48,532.52,730,330,532.5075471698113,3.8256799059376605e-07,-0.0003656144535562067
2024-08-09 19:55:00+00:00,532.31,532.28,532.33,280,130,532.3141463414635,4.2630852409893446e-07,0.0002333306027653137
2024-08-09 19:56:00+00:00,532.44,532.44,532.47,630,300,532.4603225806453,3.332134171956006e-07,0.0007695291710139163
2024-08-09 19:57:00+00:00,532.88,532.9,532.91,103,115,532.9047247706421,1.432469927624829e-07,4.392691377530511e-05
2024-08-09 19:58:00+00:00,532.86,532.85,532.86,100,200,532.8533333333334,1.6975285376002273e-07,0.0005753764969511632
2024-08-09 19:59:00+00:00,533.25,533.26,533.27,100,200,533.2633333333333,5.205946112586047e-07,-0.0003737786881841121
2024-08-09 20:00:00+00:00,532.91,532.88,532.91,101,24203,532.8801246708362,3.8915234485303533e-07,-6.140162677215066e-05
2024-08-09 20:01:00+00:00,532.91,532.92,532.96,570,5560,532.9237194127243,9.156414481002075e-08,-0.0002120141295561817
2024-08-09 20:02:00+00:00,532.81,532.8,532.85,560,560,532.825,3.7588546486586673e-08,0.00039316688466484173
2024-08-09 20:03:00+00:00,533.04,533.01,533.02,1900,100,533.0195,2.1868612927150446e-08,-2.7900510627398845e-06
2024-08-09 20:04:00+00:00,533.03,533.0,533.04,1100,600,533.0258823529412,6.903137937106215e-08,-1.268331753845331e-06
2024-08-09 20:05:00+00:00,532.99,532.98,533.02,660,1060,532.9953488372093,4.413291125140464e-08,-0.00019478165376929368
2024-08-09 20:06:00+00:00,532.91,532.91,532.95,540,1060,532.9235,3.5358151942765236e-08,-0.0002692319627867201
2024-08-09 20:07:00+00:00,532.8,532.78,532.82,51,745,532.7825628140703,1.6734925129489794e-08,-5.634588189340484e-05
2024-08-09 20:08:00+00:00,532.77,532.73,532.77,550,550,532.75,3.5234710912211e-08,5.698196688341817e-05
2024-08-09 20:09:00+00:00,532.8,532.75,532.79,850,550,532.7742857142857,2.8748672182877675e-08,0.00014010061771640991
2024-08-09 20:10:00+00:00,532.89,532.83,532.88,550,550,532.855,2.4657194212933514e-08,0.00015556715587194958
2024-08-09 20:11:00+00:00,532.89,532.93,532.94,500,100,532.9383333333334,1.8181304377792897e-08,-0.00018745125692321007
2024-08-09 20:12:00+00:00,532.84,532.82,532.84,550,117,532.8364917541229,2.8700017536850307e-08,-2.7515915568820937e-05
2024-08-09 20:13:00+00:00,532.8,532.79,532.8,350,100,532.7977777777777,3.09922091373971e-08,-8.129030870818177e-05
2024-08-09 20:14:00+00:00,532.79,532.78,532.81,51,1500,532.7809864603482,2.19687082332578e-08,3.8544229712833555e-05
2024-08-09 20:15:00+00:00,532.81,532.81,532.83,200,150,532.8214285714286,2.949374604745252e-08,3.632447477963652e-05
2024-08-09 20:16:00+00:00,532.79,532.81,532.82,500,1,532.8199800399202,1.9288891435216993e-08,8.462661270391969e-05
2024-08-09 20:17:00+00:00,532.84,532.84,532.85,350,6396,532.840518825971,2.8708796861674412e-08,-8.449362723927933e-07
2024-08-09 20:18:00+00:00,532.89,532.86,532.89,64,358,532.8645497630332,8.25815556265736e-09,-9.164707492859137e-05
2024-08-09 20:19:00+00:00,532.82,532.81,532.82,175,14,532.8192592592593,1.2425785062664016e-08,-7.650455553531721e-05
2024-08-09 20:20:00+00:00,532.78,532.77,532.78,51,52,532.7749514563106,1.0322448257631098e-08,-0.00015894816176376114
2024-08-09 20:21:00+00:00,532.71,532.69,532.71,100,500,532.6933333333334,9.646912602157713e-09,-8.829475559379851e-05
2024-08-09 20:22:00+00:00,532.65,532.63,532.67,1578,600,532.6589807162534,1.4850605625559506e-08,7.26300408753211e-05
2024-08-09 20:23:00+00:00,532.65,532.63,532.67,1100,100,532.6666666666666,9.229617912961782e-09,-3.905202827292342e-05
2024-08-09 20:24:00+00:00,532.65,532.65,532.67,751,600,532.6611176905996,1.1820749412047166e-08,-7.865325469291751e-05
2024-08-09 20:25:00+00:00,532.6,532.6,532.65,1374,2200,532.6192221600448,8.497280928767668e-09,-0.0001061837256809417
2024-08-09 20:26:00+00:00,532.58,532.56,532.6,100,1400,532.5626666666666,7.96973252928935e-09,6.196386063894721e-05
2024-08-09 20:27:00+00:00,532.58,532.58,532.6,2169,600,532.5956663055255,1.0456116823713148e-08,1.5277088963872032e-05
2024-08-09 20:28:00+00:00,532.58,532.57,532.61,600,610,532.5898347107437,1.324109910260384e-08,-0.00011353558357696247
2024-08-09 20:29:00+00:00,532.55,532.53,532.55,570,100,532.5470149253731,4.0574271123177814e-09,4.6944536594928366e-05
2024-08-09 20:30:00+00:00,532.57,532.55,532.57,1070,100,532.5682905982907,6.706640340241263e-09,7.287238346775915e-05
2024-08-09 20:31:00+00:00,532.6,532.6,532.61,500,200,532.6071428571429,8.346482377456945e-09,-2.9169181251398335e-05
2024-08-09 20:32:00+00:00,532.59,532.59,532.62,60,1060,532.5916071428571,1.95605376915952e-08,-1.5306274537829623e-05
2024-08-09 20:33:00+00:00,532.59,532.58,532.62,52,550,532.5834551495017,2.3220497296533432e-08,0.00012509688599804392
2024-08-09 20:34:00+00:00,532.65,532.62,532.67,551,550,532.6450227066302,1.8372469001000413e-08,-0.00012847450251607384
2024-08-09 20:35:00+00:00,532.6,532.58,532.62,58,1350,532.5816477272728,4.2637483576840465e-09,1.1699728356573402e-05
2024-08-09 20:36:00+00:00,532.56,532.55,532.59,1750,560,532.5803030303031,6.653726906356487e-09,-2.1491894881764395e-05
2024-08-09 20:37:00+00:00,532.58,532.55,532.59,1591,560,532.5795862389587,6.174579217658669e-09,-2.7397416510810402e-05
2024-08-09 20:38:00+00:00,532.55,532.55,532.58,1089,1670,532.5618412468285,9.810652241506415e-09,-6.934269813829719e-05
2024-08-09 20:39:00+00:00,532.52,532.5,532.55,566,570,532.524911971831,7.0617075907515484e-09,2.098490500546113e-05
2024-08-09 20:40:00+00:00,532.53,532.53,532.57,500,1300,532.5411111111111,9.294836372868344e-10,-1.9037194760485043e-05
2024-08-09 20:41:00+00:00,532.51,532.51,532.53,570,127,532.5263558106169,2.177125359090928e-09,-1.8606970947465662e-05
2024-08-09 20:42:00+00:00,532.52,532.51,532.52,180,117,532.5160606060606,5.909893985250932e-10,2.0835331466573237e-05
2024-08-09 20:43:00+00:00,532.51,532.51,532.53,158,110,532.5217910447761,1.5522373454220187e-09,-2.934985280556024e-05
2024-08-09 20:44:00+00:00,532.53,532.5,532.53,922,1482,532.5115058236272,2.447873495440152e-09,-4.061190287596439e-05
2024-08-09 20:45:00+00:00,532.5,532.48,532.52,164,1000,532.4856357388317,1.421564938947692e-08,-1.8553438201118766e-05
2024-08-09 20:46:00+00:00,532.5,532.46,532.5,500,500,532.48,4.578217824946088e-09,3.521259014416245e-05
2024-08-09 20:47:00+00:00,532.47,532.48,532.53,600,1000,532.49875,1.1221869691442082e-09,-4.300656742606268e-05
2024-08-09 20:48:00+00:00,532.47,532.46,532.49,560,500,532.4758490566038,2.057659298877974e-08,3.50687010928219e-05
2024-08-09 20:49:00+00:00,532.54,532.48,532.52,570,1000,532.4945222929936,5.707673698227984e-09,-2.326790801199241e-05
2024-08-09 20:50:00+00:00,532.45,532.45,532.49,1895,464,532.482132259432,4.191373843718387e-09,-1.339436386660342e-05
2024-08-09 20:51:00+00:00,532.49,532.46,532.49,500,500,532.475,6.742390979791974e-09,1.045314378300688e-05
2024-08-09 20:52:00+00:00,532.49,532.48,532.49,30,500,532.4805660377359,2.78463845556401e-08,-9.250596108612008e-05
2024-08-09 20:53:00+00:00,532.45,532.43,532.45,1435,500,532.4448320413437,3.436293276576569e-09,1.5072388039882867e-06
2024-08-09 20:54:00+00:00,532.43,532.43,532.45,59,500,532.4321109123434,3.794118002592689e-09,-0.00010266758658117325
2024-08-09 20:55:00+00:00,532.35,532.35,532.4,600,493,532.3774473924977,1.9261854628436203e-09,-4.842565356089068e-05
2024-08-09 20:56:00+00:00,532.35,532.35,532.36,100,500,532.3516666666667,3.062840265704796e-09,-8.792198041895904e-05
2024-08-09 20:57:00+00:00,532.3,532.3,532.31,448,500,532.3047257383967,6.07603660175921e-09,-6.079458635366297e-05
2024-08-09 20:58:00+00:00,532.25,532.25,532.31,300,500,532.2725,4.446421296156413e-09,5.121794712636962e-05
2024-08-09 20:59:00+00:00,532.3,532.28,532.3,500,4,532.2998412698413,1.455213598316781e-07,0.00035690732661963764
2024-08-09 21:00:00+00:00,532.48,532.47,532.58,7,32,532.4897435897436,7.89966158102742e-08,-6.211748390505534e-05
2024-08-09 21:01:00+00:00,532.35,532.41,532.48,2,1,532.4566666666666,7.507204814063485e-08,-0.0001281403181477847
2024-08-09 21:02:00+00:00,532.38,532.38,532.41,9,23,532.3884375,8.990481599632251e-10,-2.8621019779406787e-05
2024-08-09 21:03:00+00:00,532.38,532.37,532.41,2,23,532.3732,1.929310107474904e-08,0.00012836570574648043
2024-08-09 21:04:00+00:00,532.48,532.44,532.45,2,11,532.4415384615385,2.484495326226241e-08,3.467336247831021e-05
2024-08-09 21:05:00+00:00,532.35,532.38,532.48,4,1,532.46,1.170771424425888e-07,0.0002296796223444364
2024-08-09 21:06:00+00:00,532.58,532.58,532.59,1160,3894,532.5822952117136,7.3747978033995865e-09,-5.94036213017457e-05
2024-08-09 21:07:00+00:00,532.59,532.55,532.6,2,150,532.5506578947368,1.7940032078191882e-08,5.023819906968541e-06
2024-08-09 21:08:00+00:00,532.57,532.5,532.58,2,1,532.5533333333334,1.4652422604207274e-08,3.894584719033034e-05
2024-08-09 21:09:00+00:00,532.46,532.5,532.58,25,2,532.5740740740741,6.249297516950488e-09,-6.177094433879038e-05
2024-08-09 21:10:00+00:00,532.58,532.54,532.6,2,100,532.5411764705882,3.2588051212799776e-09,-3.649922487169999e-05
2024-08-09 21:11:00+00:00,532.55,532.52,532.54,2,21,532.5217391304348,3.9410506458178525e-09,7.810799042040628e-05
2024-08-09 21:12:00+00:00,532.58,532.53,532.58,2,1,532.5633333333334,8.017709844747319e-09,6.259036483990954e-06
2024-08-09 21:13:00+00:00,532.5,532.54,532.58,2,1,532.5666666666667,1.5544752197330104e-08,2.5035989234423184e-05
2024-08-09 21:14:00+00:00,532.58,532.52,532.6,300,100,532.58,1.0024595952391407e-08,-5.468889855486658e-05
2024-08-09 21:15:00+00:00,532.58,532.55,532.58,3,100,532.5508737864077,1.5355864307832855e-09,-3.918655931289816e-05
2024-08-09 21:16:00+00:00,532.55,532.53,532.58,1,10100,532.5300049500049,7.709870842703154e-09,3.812690745297331e-05
2024-08-09 21:17:00+00:00,532.53,532.55,532.58,105,10100,532.5503086722196,6.3845343499380535e-09,-8.018748752125493e-05
2024-08-09 21:18:00+00:00,532.55,532.5,532.57,1231,10100,532.5076048009885,4.069675853776526e-09,-3.98949071811483e-06
2024-08-09 21:19:00+00:00,532.53,532.5,532.55,925,10000,532.504233409611,1.5565648048668215e-10,1.0717806752769121e-05
2024-08-09 21:20:00+00:00,532.52,532.51,532.55,306,10000,532.5111876576751,9.37894953836022e-09,9.668455958289357e-05
2024-08-09 21:21:00+00:00,532.51,532.51,532.58,304,100,532.5626732673268,2.452998731222257e-08,-9.894334206339561e-05
2024-08-09 21:22:00+00:00,532.52,532.5,532.51,985,8,532.5099194360523,2.3057955744696156e-08,0.00015177298921198457
2024-08-09 21:23:00+00:00,532.51,532.5,532.6,987,100,532.5908003679854,6.517112763066977e-10,-2.5496894156318284e-05
2024-08-09 21:24:00+00:00,532.5,532.5,532.6,339,100,532.5772209567198,3.102681372398221e-08,0.0
2024-08-09 21:25:00+00:00,532.5,532.5,532.6,339,100,532.5772209567198,2.0775595700928226e-10,1.4606413819784336e-05
2024-08-09 21:26:00+00:00,532.5,532.51,532.6,500,100,532.585,8.872832453549677e-15,-9.4195713562506e-08
2024-08-09 21:27:00+00:00,532.51,532.51,532.6,498,100,532.5849498327759,1.607375422771659e-08,-0.0001519942176387845
2024-08-09 21:28:00+00:00,532.51,532.5,532.51,68,102,532.5039999999999,2.6437381282582914e-09,-1.5382615619286e-05
2024-08-09 21:29:00+00:00,532.5,532.43,532.51,473,102,532.4958086956522,6.090920973254744e-09,-3.907767030708609e-05
2024-08-09 21:30:00+00:00,532.48,532.47,532.48,100,100,532.475,2.587471490895519e-08,0.00019669552511469846
2024-08-09 21:31:00+00:00,532.43,532.48,532.58,377,1,532.5797354497355,6.953096886132608e-11,8.557862191116428e-06
2024-08-09 21:32:00+00:00,532.58,532.54,532.6,282,100,532.5842931937173,6.848296597089883e-11,8.275443551308825e-06
2024-08-09 21:33:00+00:00,532.58,532.58,532.6,77,100,532.5887005649719,1.0518061429584235e-09,-2.5724475485988663e-05
2024-08-09 21:34:00+00:00,532.6,532.55,532.6,100,100,532.575,2.2525763060493225e-10,1.5008585229958626e-05
2024-08-09 21:35:00+00:00,532.55,532.55,532.6,194,100,532.5829931972789,9.9402844382897e-10,-4.278979227168023e-05
2024-08-09 21:36:00+00:00,532.6,532.56,532.6,1,195,532.5602040816326,2.1177425933355284e-09,6.843514467647083e-05
2024-08-09 21:37:00+00:00,532.63,532.58,532.6,497,100,532.5966499162479,2.938864104405308e-08,5.9597994370941265e-05
2024-08-09 21:38:00+00:00,532.62,532.62,532.68,341,615,532.6414016736401,1.4625857602640672e-09,2.0913006733014328e-06
2024-08-09 21:39:00+00:00,532.62,532.62,532.63,124,9,532.6293233082706,1.946315704873009e-09,1.9946632749734405e-05
2024-08-09 21:40:00+00:00,532.65,532.64,532.68,2,615,532.6401296596433,3.0525296751721126e-09,7.605772445118397e-05
2024-08-09 21:41:00+00:00,532.68,532.68,532.7,136,4107,532.6806410558567,4.545092614925223e-08,-2.4600037730970747e-05
2024-08-09 21:42:00+00:00,532.64,532.65,532.68,394,280,532.6675370919882,1.5166105671434086e-08,0.000123713859022212
2024-08-09 21:43:00+00:00,532.71,532.71,532.74,357,100,532.7334354485777,6.971057374943033e-13,-8.349285822717434e-07
2024-08-09 21:44:00+00:00,532.71,532.71,532.74,328,100,532.7329906542057,4.7859446929076314e-14,-2.1876802080988966e-07
2024-08-09 21:45:00+00:00,532.71,532.71,532.74,321,100,532.7328741092637,1.6033216197059437e-09,3.951889824249655e-05
2024-08-09 21:46:00+00:00,532.74,532.73,532.76,394,100,532.753927125506,1.0121354327856725e-08,-0.00013820657540808412
2024-08-09 21:47:00+00:00,532.68,532.68,532.71,2,200,532.6802970297028,3.6376708627514626e-08,-0.00014323231050261676
2024-08-09 21:48:00+00:00,532.7,532.7,532.71,1996,200,532.7090892531877,4.466017299168953e-08,0.00027303452453808497
2024-08-09 21:49:00+00:00,532.71,532.71,532.75,1697,25,532.7494192799071,1.482139819788749e-09,3.849856906157356e-05
2024-08-09 21:50:00+00:00,532.71,532.71,532.77,1697,2,532.7699293702177,1.0176187117890454e-15,-3.729181063949483e-08
2024-08-09 21:51:00+00:00,532.71,532.71,532.77,1324,2,532.7699095022624,6.469545762767284e-09,-7.87205853166606e-05
2024-08-09 21:52:00+00:00,532.71,532.71,532.73,885,100,532.7279695431473,1.0733377765807145e-07,-5.9847780571775644e-05
2024-08-09 21:53:00+00:00,532.73,532.67,532.73,10,13,532.6960869565216,7.04730996911133e-08,-5.169219852940721e-06
2024-08-09 21:54:00+00:00,532.73,532.61,532.7,25,2,532.6933333333334,1.4804510277741702e-08,0.00012167378632121917
2024-08-09 21:55:00+00:00,532.74,532.61,532.77,25,2,532.7581481481482,9.869391631054223e-08,-0.0001277985637803125
2024-08-09 21:56:00+00:00,532.61,532.6,532.74,100,4000,532.6034146341464,2.6458533487426088e-08,-0.00016266079271731737
2024-08-09 21:57:00+00:00,532.73,532.6,532.74,100,4000,532.6034146341464,4.556826109477915e-08,0.00014341946847018505
2024-08-09 21:58:00+00:00,532.55,532.56,532.68,600,1,532.6798003327787,4.650553207959496e-08,-7.634961560520903e-05
2024-08-09 21:59:00+00:00,532.6,532.6,532.65,360,100,532.6391304347826,1.9397261969442352e-10,-8.505636412636797e-06
2024-08-09 22:00:00+00:00,532.6,532.6,532.65,346,154,532.6346,1.2174582082783394e-10,-2.53418429463359e-07
2024-08-09 22:01:00+00:00,532.65,532.6,532.65,335,151,532.6344650205762,4.005607873906003e-10,-1.1163469730846032e-05
2024-08-09 22:02:00+00:00,532.55,532.5,532.65,700,117,532.6285189718483,0.0,0.0
2024-08-09 22:03:00+00:00,532.55,532.5,532.65,700,117,532.6285189718483,0.0,0.0
2024-08-09 22:04:00+00:00,532.55,532.5,532.65,700,117,532.6285189718483,2.934755663520362e-08,-0.00017131128577885235
2024-08-09 22:05:00+00:00,532.55,532.5,532.65,700,2117,532.5372736954207,9.74760191662206e-08,0.00015470170503872893
2024-08-09 22:06:00+00:00,532.64,532.5,532.62,700,2,532.6196581196581,4.000919107520548e-09,-5.616490014626052e-06
2024-08-09 22:07:00+00:00,532.62,532.6,532.62,5,1,532.6166666666667,2.906590301328241e-07,0.0001616326843065785
2024-08-09 22:08:00+00:00,532.74,532.7,532.74,283,3826,532.7027549282064,5.131769410911269e-08,-0.00023035946194438495
2024-08-09 22:09:00+00:00,532.61,532.58,532.74,1,3826,532.5800418082049,1.7039022156621024e-09,-3.573666378542395e-05
2024-08-09 22:10:00+00:00,532.58,532.55,532.58,200,345,532.561009174312,8.01098185306123e-08,0.00039200411406503655
2024-08-09 22:11:00+00:00,532.75,532.74,532.77,265,2,532.7697752808989,9.647418689896574e-10,-1.8473590259082684e-05
2024-08-09 22:12:00+00:00,532.74,532.74,532.76,298,1,532.7599331103679,1.3186473607428766e-10,1.1387661224215861e-05
2024-08-09 22:13:00+00:00,532.76,532.76,532.77,3,2,532.766,7.72962389215462e-10,3.428881117151228e-05
2024-08-09 22:14:00+00:00,532.8,532.78,532.8,274,1010,532.7842679127725,1.312009872958401e-10,8.881807351368565e-06
2024-08-09 22:15:00+00:00,532.78,532.78,532.79,180,20,532.789,4.1290524861471454e-08,-0.00020430273444849156
2024-08-09 22:16:00+00:00,532.68,532.56,532.77,600,600,532.665,9.719151677524544e-09,3.999878777860566e-05
2024-08-09 22:17:00+00:00,532.65,532.7,532.75,9,300,532.7014563106796,1.711059409019012e-08,-0.000190043239942983
2024-08-09 22:18:00+00:00,532.62,532.6,532.71,1,499,532.60022,1.386720902833509e-07,0.0001379283852651625
2024-08-09 22:19:00+00:00,532.75,532.6,532.74,1101,991,532.6736806883365,2.7060837686295327e-08,-5.528001749910416e-06
2024-08-09 22:20:00+00:00,532.74,532.67,532.74,10,941,532.6707360672975,9.487014279596165e-10,3.080099719099394e-05
2024-08-09 22:21:00+00:00,532.74,532.67,532.73,10,25,532.6871428571428,4.8199090059488556e-08,7.49005556273108e-05
2024-08-09 22:22:00+00:00,532.74,532.71,532.74,144,566,532.7160845070423,1.513412366820149e-08,9.348255536645311e-05
2024-08-09 22:23:00+00:00,532.78,532.74,532.78,105,9,532.7768421052631,3.526269910546763e-11,1.1007726297140863e-06
2024-08-09 22:24:00+00:00,532.74,532.74,532.78,131,9,532.7774285714286,6.769322335105964e-09,9.867427888687885e-05
2024-08-09 22:25:00+00:00,532.84,532.77,532.85,300,100,532.83,1.8253895478006142e-08,5.05284554606078e-05
2024-08-09 22:26:00+00:00,532.84,532.85,532.88,3,10,532.8569230769231,5.572542422988065e-09,-4.431215793809784e-05
2024-08-09 22:27:00+00:00,532.82,532.82,532.84,199,100,532.8333110367893,1.538766292212926e-09,-6.787897621507444e-05
2024-08-09 22:28:00+00:00,532.79,532.79,532.8,250,100,532.7971428571428,4.497799929038587e-08,0.00015398133684940696
2024-08-09 22:29:00+00:00,532.79,532.8,532.88,97,1,532.8791836734695,6.996233741470602e-09,-0.00011075292377937807
2024-08-09 22:30:00+00:00,532.85,532.82,532.85,1,180,532.8201657458565,5.719988983687815e-10,-2.1393001432001846e-05
2024-08-09 22:31:00+00:00,532.81,532.8,532.81,192,27,532.8087671232877,2.5759143984293798e-08,0.00018195489340411264
2024-08-09 22:32:00+00:00,532.9,532.9,532.94,100,600,532.9057142857143,1.0617138049817764e-08,-7.012542972195668e-06
2024-08-09 22:33:00+00:00,532.94,532.9,532.94,100,1923,532.9019772614928,6.6748120179409145e-09,0.00010848975541644101
2024-08-09 22:34:00+00:00,532.95,532.95,532.96,188,4,532.9597916666668,9.230440453416769e-11,-1.30189926673685e-05
2024-08-09 22:35:00+00:00,532.95,532.95,532.97,100,601,532.952853067047,6.544243267342844e-09,-2.2896322766086108e-05
2024-08-09 22:36:00+00:00,532.95,532.9,532.95,100,423,532.9095602294456,3.5962047351267e-08,-0.00022441105746739964
2024-08-09 22:37:00+00:00,532.9,532.82,532.9,4,300,532.821052631579,9.482864580181033e-09,9.684224551165244e-07
2024-08-09 22:38:00+00:00,532.9,532.82,532.9,4,200,532.821568627451,2.91985610637948e-09,5.440851773608202e-05
2024-08-09 22:39:00+00:00,532.9,532.85,532.9,2,177,532.8505586592179,1.3139785181713224e-10,1.1462890203484122e-05
2024-08-09 22:40:00+00:00,532.9,532.85,532.89,2,10,532.8566666666667,0.0,0.0
2024-08-09 22:41:00+00:00,532.9,532.85,532.89,2,10,532.8566666666667,4.834278542192928e-10,1.888435909891406e-05
2024-08-09 22:42:00+00:00,532.85,532.85,532.9,89,177,532.8667293233083,9.477261812718765e-08,-0.00016275987697422778
2024-08-09 22:43:00+00:00,532.6,532.68,532.88,1,1,532.78,1.1389462058582065e-07,0.00011167270147405262
2024-08-09 22:44:00+00:00,532.8,532.8,532.84,1963,25,532.8394969818913,2.280868326813283e-13,-6.570838377850663e-07
2024-08-09 22:45:00+00:00,532.8,532.8,532.84,1606,35,532.8391468616697,3.0547119566823652e-09,-5.4805962480197756e-05
2024-08-09 22:46:00+00:00,532.8,532.8,532.81,1601,9,532.8099440993789,8.805201975091643e-09,0.00013138863522299538
2024-08-09 22:47:00+00:00,532.84,532.8,532.88,1576,1,532.8799492707673,3.542763919154499e-09,-7.52057066699674e-05
2024-08-09 22:48:00+00:00,532.84,532.8,532.84,1578,5,532.8398736576121,4.0235641965275125e-09,9.46645739574592e-08
2024-08-09 22:49:00+00:00,532.81,532.8,532.84,1578,3,532.8399240986718,8.442310192128065e-14,-1.4945642357044875e-07
2024-08-09 22:50:00+00:00,532.84,532.82,532.84,3700,29,532.8398444623224,8.724016887229018e-09,9.342243097787417e-05
2024-08-09 22:51:00+00:00,532.89,532.82,532.89,3700,20,532.889623655914,4.939469853492365e-15,7.028136206344016e-08
2024-08-09 22:52:00+00:00,532.89,532.82,532.89,3700,18,532.8896611081226,1.638846189282006e-09,4.072611991734476e-05
2024-08-09 22:53:00+00:00,532.9,532.89,532.92,47,19,532.9113636363636,1.8178199206957512e-09,-5.9190786457774536e-05
2024-08-09 22:54:00+00:00,532.86,532.88,532.89,77,10,532.8888505747127,2.367051128097443e-09,7.408116537810372e-05
2024-08-09 22:55:00+00:00,532.92,532.86,532.92,1433,17,532.9192965517241,1.4104764370963733e-09,-4.160517274576225e-05
2024-08-09 22:56:00+00:00,532.87,532.86,532.9,1433,111,532.8971243523315,7.574523222828278e-09,-4.0091702549927e-05
2024-08-09 22:57:00+00:00,532.97,532.87,532.97,69,1129,532.8757595993322,0.0,0.0
2024-08-09 22:58:00+00:00,532.96,532.87,532.97,69,1129,532.8757595993322,0.0,0.0
2024-08-09 22:59:00+00:00,532.96,532.87,532.97,69,1129,532.8757595993322,7.149199720913879e-09,8.70012209868154e-05
2024-08-09 23:00:00+00:00,532.86,532.92,532.97,50,1129,532.9221204410517,5.876411930647338e-09,-2.9942976735641835e-05
2024-08-09 23:01:00+00:00,532.96,532.9,532.97,109,1129,532.9061631663974,6.403468340662001e-09,8.030525802471544e-05
2024-08-09 23:02:00+00:00,532.9,532.9,532.95,94,2,532.9489583333334,1.0840781644195075e-08,-0.0001319036597462464
2024-08-09 23:03:00+00:00,532.86,532.86,532.88,1393,100,532.8786604152713,0.0,0.0
2024-08-09 23:04:00+00:00,532.86,532.86,532.88,1393,100,532.8786604152713,1.6329589042790466e-09,2.119351608120823e-05
2024-08-09 23:05:00+00:00,532.86,532.86,532.89,1302,2,532.8899539877301,6.652316267008758e-09,1.9325932925529088e-05
2024-08-09 23:06:00+00:00,532.94,532.9,532.95,22,4333,532.9002525832376,4.361733283222697e-09,3.4497162216817756e-05
2024-08-09 23:07:00+00:00,532.92,532.9,532.92,3621,265,532.9186361296963,6.779816874999366e-09,3.900911698995202e-05
2024-08-09 23:08:00+00:00,532.92,532.87,532.94,3621,30,532.9394248151192,2.1394698833717493e-13,4.6203658610188825e-07
2024-08-09 23:09:00+00:00,532.9,532.9,532.94,3618,30,532.9396710526316,9.026400629510231e-10,-3.004396882821947e-05
2024-08-09 23:10:00+00:00,532.94,532.9,532.95,3618,4028,532.9236594297672,1.0533262344772026e-10,8.72483488123521e-06
2024-08-09 23:11:00+00:00,532.94,532.91,532.95,3400,4028,532.9283091007001,1.0703641952206816e-11,3.894547632610212e-06
2024-08-09 23:12:00+00:00,532.93,532.91,532.94,3398,26,532.9397721962617,9.780138826339078e-10,-1.4356101014079137e-05
2024-08-09 23:13:00+00:00,532.92,532.92,532.93,38,101,532.9227338129496,2.119519957871874e-11,-4.631187152437377e-06
2024-08-09 23:14:00+00:00,532.94,532.92,532.95,36,4028,532.9202657480315,1.3966601745103635e-09,-2.7593934581737756e-07
2024-08-09 23:15:00+00:00,532.94,532.92,532.95,16,4028,532.920118694362,1.212118766332317e-20,-1.1009626543767581e-10
2024-08-09 23:16:00+00:00,532.94,532.94,532.95,65,4030,532.9401587301588,5.622166394294718e-09,-4.3924236588610555e-05
2024-08-09 23:17:00+00:00,532.89,532.89,532.9,51,25,532.8967105263157,0.0,0.0
2024-08-09 23:18:00+00:00,532.89,532.89,532.9,51,25,532.8967105263157,1.6174180608961096e-09,4.343838511111642e-05
2024-08-09 23:19:00+00:00,532.92,532.9,532.92,3373,24,532.919858698852,2.9197893953272173e-10,-1.615383384845348e-05
2024-08-09 23:20:00+00:00,532.92,532.91,532.92,2,14,532.91125,2.606653241639772e-10,1.6300752124331908e-05
2024-08-09 23:21:00+00:00,532.92,532.9,532.92,3473,11,532.9199368541905,3.837131802637801e-15,1.1292872370560758e-07
2024-08-09 23:22:00+00:00,532.92,532.91,532.92,3373,1,532.9199970361589,2.3938116246041653e-10,1.5527477323917793e-05
2024-08-09 23:23:00+00:00,532.93,532.91,532.93,3373,295,532.9283914940021,4.813733624935199e-10,-3.4737281817687204e-07
2024-08-09 23:24:00+00:00,532.95,532.91,532.95,3323,4026,532.9280868145325,2.5430758375666116e-09,-5.0425054208380615e-05
2024-08-09 23:25:00+00:00,532.95,532.9,532.95,100,4019,532.9012138868658,4.044903491602174e-09,7.093095095767055e-05
2024-08-09 23:26:00+00:00,532.92,532.92,532.94,3853,200,532.9390130767333,1.7929474297615057e-09,-7.259073314247466e-05
2024-08-09 23:27:00+00:00,532.9,532.9,532.92,83,4999,532.9003266430539,2.7239441102268025e-09,-1.9293968147704454e-05
2024-08-09 23:28:00+00:00,532.89,532.87,532.92,3305,4939,532.8900448811257,5.454930697480023e-10,-2.9933303291596047e-07
2024-08-09 23:29:00+00:00,532.89,532.87,532.89,3296,19,532.8898853695324,9.711919201092087e-11,9.979841730789474e-08
2024-08-09 23:30:00+00:00,532.88,532.88,532.89,3073,19,532.8899385510996,5.583216558294979e-09,7.502534916636883e-05
2024-08-09 23:31:00+00:00,532.89,532.92,532.93,3054,25,532.9299188048067,2.8619026540154546e-08,-5.910299096323346e-05
2024-08-09 23:32:00+00:00,532.86,532.87,532.93,90,100,532.8984210526315,4.369519804816803e-10,2.0903396386273698e-05
2024-08-09 23:33:00+00:00,532.86,532.87,532.91,90,1,532.9095604395604,6.529495709014964e-09,7.0798012512529596e-06
2024-08-09 23:34:00+00:00,532.95,532.88,532.92,5,1,532.9133333333333,1.382117584351213e-08,-5.2406134695148765e-06
2024-08-09 23:35:00+00:00,532.87,532.91,532.94,4,218,532.9105405405405,4.813749312367113e-10,-9.354262311855877e-06
2024-08-09 23:36:00+00:00,532.87,532.87,532.91,144,18,532.9055555555556,1.013285634261039e-11,3.183214781099508e-06
2024-08-09 23:37:00+00:00,532.87,532.87,532.91,244,18,532.9072519083969,5.750248720754018e-09,-6.759454737426118e-05
2024-08-09 23:38:00+00:00,532.87,532.87,532.9,13,304,532.8712302839117,5.455705541089407e-10,-3.0694722105928385e-05
2024-08-09 23:39:00+00:00,532.86,532.85,532.88,58,299,532.8548739495799,5.91078017661011e-11,-8.03931024173643e-06
2024-08-09 23:40:00+00:00,532.85,532.85,532.88,6,299,532.8505901639344,1.4220815400362776e-09,-3.76937058904625e-05
2024-08-09 23:41:00+00:00,532.88,532.83,532.88,3,294,532.8305050505052,1.884174810103642e-09,4.340074152642259e-05
2024-08-09 23:42:00+00:00,532.82,532.8,532.88,602,296,532.8536302895322,2.1149854068624628e-10,-1.0706050016406898e-05
2024-08-09 23:43:00+00:00,532.85,532.82,532.85,175,13,532.8479255319149,6.097138759061934e-09,-7.017922420304856e-06
2024-08-09 23:44:00+00:00,532.9,532.84,532.9,6,80,532.8441860465117,8.956884832311864e-09,0.00012148093544217531
2024-08-09 23:45:00+00:00,532.9,532.9,532.95,920,4239,532.9089164566776,5.174148176571962e-09,2.2237149841508597e-06
2024-08-09 23:46:00+00:00,532.95,532.91,532.95,9,3538,532.9101014942204,3.0527565967041923e-17,5.525175650333836e-09
2024-08-09 23:47:00+00:00,532.95,532.91,532.95,9,3438,532.9101044386423,5.9448623416639844e-08,4.108678213343708e-05
2024-08-09 23:48:00+00:00,532.94,532.92,532.94,33,22,532.932,1.045925811328037e-08,3.697904624444526e-05
2024-08-09 23:49:00+00:00,532.95,532.82,532.97,180,25,532.9517073170732,5.884400633538345e-08,0.0002406626907354159
2024-08-09 23:50:00+00:00,533.08,532.98,533.09,1,1,533.0350000000001,5.352291409416707e-08,-5.921408553344332e-05
2024-08-09 23:51:00+00:00,533.04,533.0,533.05,3031,100,533.048403066113,8.386146425334276e-09,-0.00012399506953797435
2024-08-09 23:52:00+00:00,532.99,532.98,533.04,1,25,532.9823076923077,1.053621277252685e-07,6.352738893999899e-05
2024-08-09 23:53:00+00:00,533.04,532.91,533.04,98,22,533.0161666666667,5.589341740987046e-10,-1.1937245989801504e-05
2024-08-09 23:54:00+00:00,532.97,532.97,533.04,29,22,533.0098039215686,2.114305492092223e-08,3.827351751106711e-05
2024-08-09 23:55:00+00:00,533.04,532.92,533.04,45,4,533.0302040816326,1.7706189550445313e-09,-1.2889979304597787e-05
2024-08-09 23:56:00+00:00,532.95,532.91,533.04,102,15,533.0233333333333,2.4602873987986063e-08,-0.00013744512716262758
2024-08-09 23:57:00+00:00,533.05,532.95,533.05,3,4171,532.9500718735027,7.10662775262425e-09,8.430081703414416e-05
2024-08-09 23:58:00+00:00,532.97,532.95,533.04,3,3,532.995,7.103656689368415e-09,-8.428205830979252e-05
2024-08-09 23:59:00+00:00,533.05,532.95,533.05,3,3839,532.9500780843312,2.3343884181655635e-08,-7.430694821797257e-05
