ts_recv,price,bid_px_00,ask_px_00,bid_sz_00,ask_sz_00,weighted_mid,rv_60s,ret_60s
2025-02-26 08:01:00+00:00,,,,0,0,,0.0,
2025-02-26 08:02:00+00:00,,,,0,0,,0.0,
2025-02-26 08:03:00+00:00,,,,0,0,,0.0,
2025-02-26 08:04:00+00:00,,,,0,0,,0.0,
2025-02-26 08:05:00+00:00,,,,0,0,,0.0,
2025-02-26 08:06:00+00:00,,,,0,0,,0.0,
2025-02-26 08:07:00+00:00,,,,0,0,,0.0,
2025-02-26 08:08:00+00:00,,,,0,0,,0.0,
2025-02-26 08:09:00+00:00,,,,0,0,,0.0,
2025-02-26 08:10:00+00:00,,,,0,0,,0.0,
2025-02-26 08:11:00+00:00,,,,0,0,,0.0,
2025-02-26 08:12:00+00:00,,,,0,0,,0.0,
2025-02-26 08:13:00+00:00,,,,0,0,,0.0,
2025-02-26 08:14:00+00:00,,,,0,0,,0.0,
2025-02-26 08:15:00+00:00,,,,0,0,,0.0,
2025-02-26 08:16:00+00:00,,,,0,0,,0.0,
2025-02-26 08:17:00+00:00,,,,0,0,,0.0,
2025-02-26 08:18:00+00:00,,,,0,0,,0.0,
2025-02-26 08:19:00+00:00,,,,0,0,,0.0,
2025-02-26 08:20:00+00:00,,,,0,0,,0.0,
2025-02-26 08:21:00+00:00,,,,0,0,,0.0,
2025-02-26 08:22:00+00:00,,,,0,0,,0.0,
2025-02-26 08:23:00+00:00,,,,0,0,,0.0,
2025-02-26 08:24:00+00:00,,,,0,0,,0.0,
2025-02-26 08:25:00+00:00,,,,0,0,,0.0,
2025-02-26 08:26:00+00:00,,,,0,0,,0.0,
2025-02-26 08:27:00+00:00,,,,0,0,,0.0,
2025-02-26 08:28:00+00:00,,,,0,0,,0.0,
2025-02-26 08:29:00+00:00,,,,0,0,,0.0,
2025-02-26 08:30:00+00:00,,,,0,0,,0.0,
2025-02-26 08:31:00+00:00,,,,0,0,,0.0,
2025-02-26 08:32:00+00:00,,,,0,0,,0.0,
2025-02-26 08:33:00+00:00,,,,0,0,,0.0,
2025-02-26 08:34:00+00:00,,,,0,0,,0.0,
2025-02-26 08:35:00+00:00,,,,0,0,,0.0,
2025-02-26 08:36:00+00:00,,,,0,0,,0.0,
2025-02-26 08:37:00+00:00,,,,0,0,,0.0,
2025-02-26 08:38:00+00:00,,,,0,0,,0.0,
2025-02-26 08:39:00+00:00,,,,0,0,,0.0,
2025-02-26 08:40:00+00:00,,,,0,0,,0.0,
2025-02-26 08:41:00+00:00,,,,0,0,,0.0,
2025-02-26 08:42:00+00:00,,,,0,0,,0.0,
2025-02-26 08:43:00+00:00,,,,0,0,,0.0,
2025-02-26 08:44:00+00:00,,,,0,0,,0.0,
2025-02-26 08:45:00+00:00,,,,0,0,,0.0,
2025-02-26 08:46:00+00:00,,,,0,0,,0.0,
2025-02-26 08:47:00+00:00,,,,0,0,,0.0,
2025-02-26 08:48:00+00:00,,,,0,0,,0.0,
2025-02-26 08:49:00+00:00,,,,0,0,,0.0,
2025-02-26 08:50:00+00:00,,,,0,0,,0.0,
2025-02-26 08:51:00+00:00,,,,0,0,,0.0,
2025-02-26 08:52:00+00:00,,,,0,0,,0.0,
2025-02-26 08:53:00+00:00,,,,0,0,,0.0,
2025-02-26 08:54:00+00:00,,,,0,0,,0.0,
2025-02-26 08:55:00+00:00,,,,0,0,,0.0,
2025-02-26 08:56:00+00:00,,,,0,0,,0.0,
2025-02-26 08:57:00+00:00,,,,0,0,,0.0,
2025-02-26 08:58:00+00:00,,,,0,0,,0.0,
2025-02-26 08:59:00+00:00,,,,0,0,,0.0,
2025-02-26 09:00:00+00:00,,,,0,0,,8.999565712253952e-08,
2025-02-26 09:01:00+00:00,596.78,596.72,596.78,400,750,596.7408695652174,1.4593504355960663e-08,0.0001807827153872399
2025-02-26 09:02:00+00:00,596.87,596.83,596.89,300,400,596.8557142857143,9.310524754970434e-09,1.8848996500508974e-05
2025-02-26 09:03:00+00:00,596.83,596.83,596.89,410,400,596.8603703703704,1.5090746165552604e-08,9.571862913415607e-05
2025-02-26 09:04:00+00:00,596.85,596.9,596.94,600,801,596.9171306209851,1.99092346598613e-08,-1.7529995005372e-05
2025-02-26 09:05:00+00:00,596.86,596.9,596.92,2,4,596.9066666666666,3.462812027581076e-08,-0.00012126008373325448
2025-02-26 09:06:00+00:00,596.85,596.82,596.9,450,957,596.8455863539446,1.4176701435198816e-08,2.6329395094171204e-05
2025-02-26 09:07:00+00:00,596.84,596.83,596.87,400,400,596.85,8.767953341510126e-09,7.785974404828089e-05
2025-02-26 09:08:00+00:00,596.9,596.87,596.92,450,400,596.8964705882353,5.1469239529877325e-08,-2.3954626193756212e-06
2025-02-26 09:09:00+00:00,596.93,596.86,596.93,430,429,596.8950407450524,2.2304736465637637e-08,-0.00013337841500005165
2025-02-26 09:10:00+00:00,596.88,596.8,596.83,27,800,596.8009794437726,3.392809843255631e-08,9.95827216048184e-05
2025-02-26 09:11:00+00:00,596.85,596.85,596.9,445,550,596.8723618090452,3.455180642628297e-08,7.36316549332372e-05
2025-02-26 09:12:00+00:00,596.92,596.9,596.94,450,331,596.9230473751601,5.004408875598479e-08,-0.0002358934192981943
2025-02-26 09:13:00+00:00,596.8,596.76,596.81,450,1000,596.7755172413794,3.784838446709708e-08,0.00023524174278222176
2025-02-26 09:14:00+00:00,596.87,596.87,596.94,448,201,596.9183204930663,1.5227716694833625e-08,0.0001182464688420648
2025-02-26 09:15:00+00:00,596.99,596.98,597.03,450,930,596.9963043478261,3.7919517010424275e-08,0.0003029874368618568
2025-02-26 09:16:00+00:00,597.17,597.16,597.2,400,1,597.1999002493767,1.4127476817015894e-08,-3.038700093682678e-05
2025-02-26 09:17:00+00:00,597.15,597.11,597.18,200,830,597.1235922330096,1.3743939029244063e-08,0.00016021049792169784
2025-02-26 09:18:00+00:00,597.28,597.23,597.28,450,845,597.2473745173746,1.3054130822222721e-08,0.00018139848404885583
2025-02-26 09:19:00+00:00,597.31,597.32,597.37,130,52,597.3557142857143,1.6484152254963914e-08,7.23074648454336e-05
2025-02-26 09:20:00+00:00,597.4,597.38,597.4,450,26,597.3989075630252,4.480806552236528e-08,-0.00029947755303905144
2025-02-26 09:21:00+00:00,597.2,597.2,597.24,430,430,597.22,5.5233284067133476e-08,0.00029302434613698303
2025-02-26 09:22:00+00:00,597.37,597.37,597.42,450,450,597.395,4.3057690706925586e-08,1.6739343315474997e-05
2025-02-26 09:23:00+00:00,597.4,597.38,597.43,450,450,597.405,2.766486127008714e-08,-8.73798266024517e-05
2025-02-26 09:24:00+00:00,597.34,597.34,597.38,447,950,597.3527988546886,2.306833527802413e-08,-1.2691768413453097e-05
2025-02-26 09:25:00+00:00,597.36,597.34,597.38,450,800,597.3544,2.1997802380069026e-08,-0.00010917872849003363
2025-02-26 09:26:00+00:00,597.28,597.25,597.3,351,400,597.2733688415445,1.2817639399599256e-08,-5.854659604964674e-05
2025-02-26 09:27:00+00:00,597.27,597.22,597.27,400,399,597.2450312891115,2.2086283556670494e-08,-5.8654802093216496e-05
2025-02-26 09:28:00+00:00,597.23,597.17,597.25,400,400,597.21,9.321390803247041e-09,-6.697811490108396e-05
2025-02-26 09:29:00+00:00,597.2,597.14,597.23,400,800,597.17,3.4475733332032007e-09,6.529505511343459e-05
2025-02-26 09:30:00+00:00,597.21,597.2,597.25,387,400,597.2245870393901,3.789692566941209e-08,-0.00011366395655809658
2025-02-26 09:31:00+00:00,597.18,597.11,597.18,400,500,597.1411111111111,1.5512691381075e-08,-1.4885742621650877e-05
2025-02-26 09:32:00+00:00,597.15,597.11,597.16,450,800,597.128,1.024582955951104e-08,-4.5588265394469474e-05
2025-02-26 09:33:00+00:00,597.1,597.09,597.13,300,500,597.105,2.1765269399429096e-08,0.0002069509191371388
2025-02-26 09:34:00+00:00,597.25,597.13,597.23,400,500,597.1744444444445,3.3708951451689116e-08,-0.00019635209424906375
2025-02-26 09:35:00+00:00,597.16,597.11,597.18,400,500,597.1411111111111,2.43186667330174e-08,-2.8501610028874858e-05
2025-02-26 09:36:00+00:00,597.08,597.06,597.12,400,300,597.0942857142857,2.0178784899273534e-08,9.330902513604578e-05
2025-02-26 09:37:00+00:00,597.09,597.12,597.18,400,400,597.15,2.6894964962746163e-08,-4.126640518609115e-05
2025-02-26 09:38:00+00:00,597.16,597.11,597.16,352,694,597.1268260038241,2.3381005303296235e-08,-3.8279677534780454e-05
2025-02-26 09:39:00+00:00,597.14,597.08,597.14,300,500,597.1025,3.0666057075690785e-08,4.186885836254817e-06
2025-02-26 09:40:00+00:00,597.16,597.08,597.14,400,300,597.1142857142858,2.0426934731778822e-08,-9.986887860524707e-05
2025-02-26 09:41:00+00:00,597.09,597.04,597.09,54,449,597.0453677932404,4.2639645949698746e-08,-0.00016717697359214245
2025-02-26 09:42:00+00:00,596.97,596.91,596.99,400,500,596.9455555555555,3.124076944152047e-08,9.958101520513019e-05
2025-02-26 09:43:00+00:00,596.92,596.99,597.04,450,500,597.0136842105263,4.841416842593018e-08,-7.8021033941722e-05
2025-02-26 09:44:00+00:00,597.0,596.93,596.99,450,500,596.9584210526316,1.5031171263525068e-08,0.00016178504894548418
2025-02-26 09:45:00+00:00,597.04,597.02,597.08,450,400,597.0517647058823,1.2807339893443506e-08,-7.536994079260229e-05
2025-02-26 09:46:00+00:00,597.0,596.97,597.05,400,400,597.01,1.2647578576158848e-08,6.886167921993369e-05
2025-02-26 09:47:00+00:00,597.03,597.03,597.08,450,400,597.0564705882352,2.4801501909387178e-08,-0.0002053975747793313
2025-02-26 09:48:00+00:00,597.0,596.92,597.01,52,500,596.9284782608696,1.773403013218763e-08,0.00021474667479504106
2025-02-26 09:49:00+00:00,597.04,597.03,597.09,400,500,597.0566666666666,4.341773065026017e-09,1.56322403792597e-05
2025-02-26 09:50:00+00:00,597.09,597.06,597.09,100,900,597.063,3.0658256785274224e-08,-4.8114065659965455e-05
2025-02-26 09:51:00+00:00,597.11,597.03,597.11,52,520,597.0372727272727,1.8785198773971964e-08,1.5628917554133537e-05
2025-02-26 09:52:00+00:00,597.08,597.03,597.09,352,920,597.0466037735849,2.739636158100618e-08,5.091097784148957e-05
2025-02-26 09:53:00+00:00,597.05,597.06,597.11,400,550,597.0810526315789,2.0119115437810135e-08,-0.0001038392033188007
2025-02-26 09:54:00+00:00,597.02,597.01,597.04,100,500,597.015,6.361701845656285e-09,3.85249951844191e-05
2025-02-26 09:55:00+00:00,597.08,597.02,597.06,450,550,597.038,4.0464192908711053e-08,1.793801637295367e-05
2025-02-26 09:56:00+00:00,597.11,597.01,597.11,600,950,597.0487096774193,3.967693037054815e-08,-0.00015695482780608838
2025-02-26 09:57:00+00:00,596.93,596.93,596.98,450,450,596.955,5.436240690816189e-08,3.736913554241994e-05
2025-02-26 09:58:00+00:00,597.0,596.96,597.01,450,850,596.9773076923077,2.4624155033800647e-08,2.1260955029189788e-05
2025-02-26 09:59:00+00:00,597.04,596.95,597.03,450,450,596.99,5.384855189806092e-09,1.8039214675802384e-05
2025-02-26 10:00:00+00:00,596.96,596.98,597.03,450,450,597.005,2.330009747290179e-08,4.431155726125624e-06
2025-02-26 10:01:00+00:00,597.0,596.98,597.04,352,550,597.0034146341463,1.0311978425147744e-08,4.840363738045639e-06
2025-02-26 10:02:00+00:00,597.04,597.0,597.05,450,350,597.028125,2.5501382341564882e-08,7.756554127635873e-05
2025-02-26 10:03:00+00:00,597.07,597.03,597.08,355,430,597.0526114649682,1.1888755917667385e-08,1.4461943982579939e-05
2025-02-26 10:04:00+00:00,597.11,597.05,597.09,52,900,597.0521848739496,3.6682009162775e-08,0.000183980696025543
2025-02-26 10:05:00+00:00,597.16,597.15,597.21,450,830,597.17109375,6.675803626384602e-08,0.000293679382794787
2025-02-26 10:06:00+00:00,597.36,597.33,597.38,450,800,597.348,4.507784783483162e-08,-1.88677573070839e-05
2025-02-26 10:07:00+00:00,597.34,597.31,597.38,450,800,597.3352,2.2270407428243488e-08,-0.00020242283681648487
2025-02-26 10:08:00+00:00,597.32,597.16,597.26,950,800,597.2142857142857,5.461885477670167e-09,-6.578160507120234e-05
2025-02-26 10:09:00+00:00,597.27,597.12,597.23,400,400,597.175,1.0872713537805155e-08,5.860928538559129e-05
2025-02-26 10:10:00+00:00,597.18,597.17,597.25,400,400,597.21,7.877944798002531e-09,-0.0001673614598245443
2025-02-26 10:11:00+00:00,597.15,597.07,597.15,400,399,597.1100500625782,1.0663891173736257e-08,-9.468962848213636e-05
2025-02-26 10:12:00+00:00,597.11,597.04,597.08,400,400,597.06,9.203132375422216e-09,-8.048231408164241e-05
2025-02-26 10:13:00+00:00,597.02,597.0,597.04,79,500,597.0054576856649,5.624649748206489e-09,-4.2642299726280974e-05
2025-02-26 10:14:00+00:00,596.96,596.96,597.0,450,450,596.98,7.122336690068746e-09,2.2235814078896965e-07
2025-02-26 10:15:00+00:00,597.0,596.98,597.01,2,450,596.9801327433629,1.690624174230371e-08,-7.71602760434309e-05
2025-02-26 10:16:00+00:00,596.93,596.92,596.97,372,950,596.934069591528,1.3931566366401129e-08,-8.220269880321318e-05
2025-02-26 10:17:00+00:00,596.9,596.87,596.92,450,1050,596.885,2.191589357776573e-08,0.00017032873445743668
2025-02-26 10:18:00+00:00,597.01,596.97,597.02,450,900,596.9866666666667,2.284236923713942e-08,0.00013717230038245987
2025-02-26 10:19:00+00:00,597.02,597.04,597.08,450,420,597.0606896551724,3.6501719953139155e-08,-0.0001050040759337234
2025-02-26 10:20:00+00:00,597.04,596.99,597.03,450,420,597.0106896551724,3.195841003771049e-08,-8.296364191862082e-06
2025-02-26 10:21:00+00:00,597.02,596.96,597.03,450,320,597.0009090909091,1.799761641602687e-08,2.6978493652851654e-05
2025-02-26 10:22:00+00:00,597.05,596.98,597.04,450,910,596.9998529411765,1.9608017959578888e-08,-1.3055736646561122e-05
2025-02-26 10:23:00+00:00,596.98,596.97,597.02,450,410,596.9961627906977,6.273342007383882e-08,-1.7079114730478295e-05
2025-02-26 10:24:00+00:00,596.99,596.96,597.0,400,10,596.9990243902439,1.2886610212461884e-08,0.00011702615212194623
2025-02-26 10:25:00+00:00,597.05,597.03,597.1,450,360,597.0688888888889,3.084738704747379e-08,-4.8232532833480946e-05
2025-02-26 10:26:00+00:00,597.04,597.04,597.09,1,550,597.0400907441017,2.3390305784201073e-08,4.423571716949404e-05
2025-02-26 10:27:00+00:00,597.1,597.04,597.09,356,950,597.0536294027565,6.74363696922016e-09,-7.397623949523258e-06
2025-02-26 10:28:00+00:00,597.08,597.04,597.09,356,450,597.0620843672457,1.0159520940770966e-08,-6.256313667751812e-05
2025-02-26 10:29:00+00:00,597.04,597.01,597.06,355,850,597.0247302904564,1.2974727839311528e-08,5.070093081194216e-05
2025-02-26 10:30:00+00:00,597.08,597.03,597.08,450,450,597.055,5.0418589242967623e-08,-0.00011724213012187512
2025-02-26 10:31:00+00:00,597.0,596.94,597.03,450,450,596.985,4.956016347598051e-08,1.6600382992448814e-05
2025-02-26 10:32:00+00:00,596.96,596.95,597.0,450,51,596.9949101796408,3.8242950727518244e-08,-8.347236043326767e-05
2025-02-26 10:33:00+00:00,596.96,596.91,596.98,452,450,596.9450776053214,1.3983609396118312e-08,5.530204294745822e-05
2025-02-26 10:34:00+00:00,596.96,596.95,597.0,450,351,596.9780898876404,1.275887678642118e-08,2.9669198804205266e-05
2025-02-26 10:35:00+00:00,597.02,596.97,597.02,354,382,596.9940489130435,2.1210947883025015e-08,0.00013266131938771686
2025-02-26 10:36:00+00:00,597.05,597.05,597.1,450,450,597.075,4.4820012982000955e-08,-0.00014738516936751989
2025-02-26 10:37:00+00:00,596.97,596.96,597.02,450,550,596.987,1.3032154033733597e-08,-2.254484610886287e-06
2025-02-26 10:38:00+00:00,597.0,596.98,597.03,1,400,596.9801246882793,2.252714711791687e-08,-5.972354905103838e-05
2025-02-26 10:39:00+00:00,596.98,596.92,596.98,450,450,596.95,4.2119626346108306e-08,0.00020939777200768006
2025-02-26 10:40:00+00:00,597.1,597.05,597.1,450,450,597.075,1.562768202577449e-08,8.541640497417013e-05
2025-02-26 10:41:00+00:00,597.16,597.11,597.16,400,850,597.126,2.705209905322474e-08,-8.038504436247429e-05
2025-02-26 10:42:00+00:00,597.09,597.06,597.11,450,800,597.078,1.9651154979245454e-08,-8.36212846955231e-05
2025-02-26 10:43:00+00:00,597.05,597.0,597.04,353,150,597.0280715705766,5.225223976978e-08,0.00017910117549768678
2025-02-26 10:44:00+00:00,597.07,597.09,597.18,400,400,597.135,1.3247835442966606e-08,6.703309750100139e-05
2025-02-26 10:45:00+00:00,597.2,597.2,597.25,400,60,597.2434782608696,4.554181990562031e-08,4.4329032680590075e-05
2025-02-26 10:46:00+00:00,597.25,597.17,597.24,450,550,597.2015,8.299121569901167e-08,5.874962781171611e-05
2025-02-26 10:47:00+00:00,597.21,597.18,597.25,350,55,597.2404938271604,4.625411387759157e-09,0.0001028313329274333
2025-02-26 10:48:00+00:00,597.28,597.28,597.3,90,10,597.2979999999999,1.1474616710792421e-08,3.3484123505012064e-06
2025-02-26 10:49:00+00:00,597.31,597.27,597.32,330,430,597.2917105263158,3.543347226692122e-08,-3.696286971011098e-05
2025-02-26 10:50:00+00:00,597.33,597.25,597.28,430,2,597.2798611111111,7.523203442639003e-09,-4.943402462331825e-05
2025-02-26 10:51:00+00:00,597.21,597.22,597.28,430,430,597.25,1.2336308142591613e-08,3.86526865743253e-05
2025-02-26 10:52:00+00:00,597.29,597.26,597.29,31,50,597.2714814814815,3.106284178458267e-08,8.911257697996611e-05
2025-02-26 10:53:00+00:00,597.3,597.3,597.35,420,430,597.324705882353,1.4326789626268742e-08,-3.299023489045094e-05
2025-02-26 10:54:00+00:00,597.28,597.28,597.33,430,430,597.3050000000001,1.2715830737853388e-08,-7.91188162098111e-05
2025-02-26 10:55:00+00:00,597.28,597.26,597.38,430,133,597.3516518650089,8.370513543373735e-08,-0.00010633795394143775
2025-02-26 10:56:00+00:00,597.2,597.17,597.24,450,850,597.1942307692308,7.3755332839347375e-09,1.803304555592078e-05
2025-02-26 10:57:00+00:00,597.23,597.18,597.24,450,900,597.2,4.0319026774191775e-09,3.728548948078725e-05
2025-02-26 10:58:00+00:00,597.23,597.19,597.23,450,3,597.2297350993377,1.2229721807339004e-08,1.2272032692273172e-06
2025-02-26 10:59:00+00:00,597.23,597.21,597.26,450,800,597.228,4.642554438143815e-09,4.9480299664894645e-05
2025-02-26 11:00:00+00:00,597.28,597.23,597.29,450,530,597.2575510204082,6.171216652939646e-08,-0.00027634815185884065
2025-02-26 11:01:00+00:00,597.07,597.08,597.14,450,851,597.100753266718,5.017204477093678e-08,0.0002842477877753602
2025-02-26 11:02:00+00:00,597.25,597.24,597.29,400,500,597.2622222222222,1.7376757649166093e-08,8.514635441936313e-05
2025-02-26 11:03:00+00:00,597.43,597.29,597.39,150,500,597.3130769230769,6.854767705627821e-09,-5.151273588022143e-06
2025-02-26 11:04:00+00:00,597.3,597.29,597.39,400,500,597.3344444444444,4.130367432988668e-08,1.608086782067808e-05
2025-02-26 11:05:00+00:00,597.33,597.3,597.34,450,310,597.3236842105263,1.0407185812993348e-08,-1.2767457481688282e-05
2025-02-26 11:06:00+00:00,597.34,597.27,597.34,400,267,597.3119790104947,6.145506408122382e-09,8.504455315305748e-06
2025-02-26 11:07:00+00:00,597.34,597.28,597.35,450,400,597.3170588235295,2.4862555413316618e-08,4.79736209799686e-05
2025-02-26 11:08:00+00:00,597.34,597.3,597.37,400,500,597.3311111111111,2.806555478544928e-08,-5.362066626080075e-05
2025-02-26 11:09:00+00:00,597.33,597.3,597.35,400,400,597.325,1.6418336132886343e-08,5.178380289416751e-05
2025-02-26 11:10:00+00:00,597.36,597.31,597.4,250,400,597.3446153846154,5.029365987791526e-09,-0.00010817103385762916
2025-02-26 11:11:00+00:00,597.28,597.26,597.3,400,400,597.28,1.2386620230526543e-08,0.0001089728130785339
2025-02-26 11:12:00+00:00,597.32,597.31,597.38,402,400,597.3450872817955,1.4691528070748288e-08,8.224254805400122e-06
2025-02-26 11:13:00+00:00,597.41,597.32,597.38,450,400,597.3517647058824,6.268752230446712e-08,8.928322312429238e-05
2025-02-26 11:14:00+00:00,597.45,597.33,597.42,250,1000,597.348,1.1167955299977372e-08,-5.932105583250635e-05
2025-02-26 11:15:00+00:00,597.4,597.33,597.41,450,500,597.3678947368421,1.5496341258776772e-08,0.00011894283607305489
2025-02-26 11:16:00+00:00,597.4,597.41,597.46,450,800,597.428,2.3278385654250765e-08,1.928454901767296e-06
2025-02-26 11:17:00+00:00,597.4,597.44,597.47,5,306,597.4404823151126,1.6375328735251807e-08,8.98006303178267e-05
2025-02-26 11:18:00+00:00,597.48,597.48,597.52,51,350,597.4850872817955,1.3220813479451497e-08,-8.362634122305312e-05
2025-02-26 11:19:00+00:00,597.45,597.42,597.5,550,1300,597.4437837837838,3.993380156761896e-09,-3.399312751095618e-05
2025-02-26 11:20:00+00:00,597.41,597.4,597.45,354,400,597.423474801061,2.410499860865668e-08,-0.00016379252475551276
2025-02-26 11:21:00+00:00,597.36,597.31,597.37,352,1000,597.3256213017752,1.76528662882587e-08,8.266629868858288e-05
2025-02-26 11:22:00+00:00,597.32,597.35,597.4,450,450,597.375,2.9122963274499873e-08,-0.00014990167200212845
2025-02-26 11:23:00+00:00,597.31,597.26,597.31,450,434,597.2854524886877,1.7023247261791512e-08,2.8541648287694343e-05
2025-02-26 11:24:00+00:00,597.25,597.28,597.34,450,650,597.3045454545454,1.3746151578115797e-08,-7.5338710284755805e-06
2025-02-26 11:25:00+00:00,597.29,597.28,597.32,450,547,597.2980541624873,7.5986875136592e-09,-4.32724279227914e-05
2025-02-26 11:26:00+00:00,597.32,597.25,597.3,358,450,597.2721534653466,1.3774573772560802e-08,-5.19534604374039e-05
2025-02-26 11:27:00+00:00,597.25,597.24,597.28,13,450,597.2411231101512,1.4916716768405813e-08,-1.887657008847743e-05
2025-02-26 11:28:00+00:00,597.21,597.21,597.26,395,600,597.2298492462311,1.9705429294044898e-08,-0.00012975314978791452
2025-02-26 11:29:00+00:00,597.15,597.15,597.19,72,1150,597.152356792144,7.578453925960027e-09,7.5597470800437e-05
2025-02-26 11:30:00+00:00,597.15,597.16,597.21,450,150,597.1975,4.1732240336929454e-08,6.525577926108639e-05
2025-02-26 11:31:00+00:00,597.24,597.21,597.26,450,400,597.2364705882353,9.037892914052336e-08,0.00018366628272770136
2025-02-26 11:32:00+00:00,597.33,597.32,597.37,450,410,597.3461627906977,2.4949737116426932e-08,5.1468357398665177e-05
2025-02-26 11:33:00+00:00,597.35,597.33,597.38,455,30,597.3769072164949,2.2312134790542975e-08,-3.916670101822284e-05
2025-02-26 11:34:00+00:00,597.38,597.33,597.38,355,400,597.3535099337748,4.151667357596566e-09,-4.1251970293587625e-05
2025-02-26 11:35:00+00:00,597.36,597.31,597.33,300,18,597.3288679245283,2.102625820239831e-08,-5.1358775209009444e-05
2025-02-26 11:36:00+00:00,597.33,597.29,597.36,53,400,597.2981898454747,2.0524403335560713e-08,0.00013111187694381243
2025-02-26 11:37:00+00:00,597.39,597.36,597.4,302,430,597.3765027322404,8.296689285029543e-09,0.00011668988277335757
2025-02-26 11:38:00+00:00,597.41,597.41,597.45,430,45,597.4462105263158,2.020879058430998e-08,-6.884703692344729e-05
2025-02-26 11:39:00+00:00,597.42,597.4,597.45,339,345,597.4247807017545,3.732151358747151e-09,0.00010190226599826602
2025-02-26 11:40:00+00:00,597.44,597.43,597.47,400,45,597.4659550561797,7.439088318039566e-09,2.1645366818034972e-05
2025-02-26 11:41:00+00:00,597.5,597.47,597.5,450,1069,597.4788874259382,9.052072603853172e-09,-0.00012311251720964478
2025-02-26 11:42:00+00:00,597.42,597.4,597.46,39,400,597.4053302961275,9.015703272433226e-09,-2.742347092610231e-05
2025-02-26 11:43:00+00:00,597.4,597.36,597.47,250,700,597.3889473684211,7.892005643392967e-09,3.524107982189051e-05
2025-02-26 11:44:00+00:00,597.4,597.37,597.45,400,400,597.41,1.7134172999933573e-08,0.000127408044177324
2025-02-26 11:45:00+00:00,597.48,597.47,597.5,55,931,597.471673427992,3.055336698517534e-08,-0.00013231439891081553
2025-02-26 11:46:00+00:00,597.4,597.38,597.44,400,400,597.41,1.6280542193816886e-08,5.9325004529320324e-05
2025-02-26 11:47:00+00:00,597.4,597.42,597.45,60,20,597.4425,6.484031551281257e-09,1.300057163189372e-05
2025-02-26 11:48:00+00:00,597.44,597.43,597.49,450,900,597.45,1.516149969797977e-08,-0.00013881282719507837
2025-02-26 11:49:00+00:00,597.42,597.33,597.41,350,400,597.3673333333334,3.054767828383454e-08,4.212929844404911e-05
2025-02-26 11:50:00+00:00,597.38,597.37,597.42,360,940,597.3838461538462,1.7742559760060998e-08,-0.00013624022546132597
2025-02-26 11:51:00+00:00,597.32,597.28,597.35,400,500,597.3111111111111,6.450118021971172e-08,-0.00029483983779166056
2025-02-26 11:52:00+00:00,597.11,597.09,597.19,450,800,597.126,7.208491935651949e-08,-0.00025112419294637256
2025-02-26 11:53:00+00:00,597.04,596.93,597.03,551,450,596.9850449550449,5.8995612844381565e-08,-6.81711029478782e-05
2025-02-26 11:54:00+00:00,596.97,596.92,597.0,350,800,596.944347826087,6.56196615807171e-08,-0.0001250708317430682
2025-02-26 11:55:00+00:00,596.88,596.84,596.89,350,550,596.8594444444444,6.646090977499433e-08,-3.968621710248588e-05
2025-02-26 11:56:00+00:00,596.88,596.81,596.85,400,100,596.842,6.003565121304166e-08,-3.518495558307855e-05
2025-02-26 11:57:00+00:00,596.69,596.67,596.71,2,430,596.6701851851851,1.868139219039438e-07,-0.00038054909248308455
2025-02-26 11:58:00+00:00,596.61,596.57,596.65,230,430,596.5978787878788,6.35174192946369e-08,0.00018131784833008702
2025-02-26 11:59:00+00:00,596.69,596.7,596.75,430,330,596.7282894736842,2.915126978487949e-08,0.0001644895563615023
2025-02-26 12:00:00+00:00,596.84,596.77,596.84,430,350,596.8085897435898,8.945711483094853e-08,2.4795534456334423e-05
2025-02-26 12:01:00+00:00,596.79,596.79,596.84,442,320,596.819002624672,4.214858948630557e-08,-0.00010978933900274157
2025-02-26 12:02:00+00:00,596.8,596.75,596.77,240,450,596.7569565217391,6.710652518981033e-09,2.9489943542237995e-05
2025-02-26 12:03:00+00:00,596.8,596.77,596.85,40,520,596.7757142857142,3.483352598731034e-08,-4.101681701274007e-05
2025-02-26 12:04:00+00:00,596.74,596.72,596.75,5,49,596.7227777777779,4.733321835220055e-08,1.4078275112128225e-05
2025-02-26 12:05:00+00:00,596.79,596.73,596.78,430,450,596.7544318181818,5.4362245889061236e-08,0.00012482475374042679
2025-02-26 12:06:00+00:00,596.8,596.73,596.86,750,230,596.8294897959183,4.461690343229988e-08,0.0002731707116911952
2025-02-26 12:07:00+00:00,596.95,596.97,597.0,431,143,596.9925261324042,1.9135486727186598e-08,0.00011588820778007936
2025-02-26 12:08:00+00:00,597.04,597.04,597.09,327,430,597.0615984147953,1.3581096076412837e-08,7.856229167879647e-06
2025-02-26 12:09:00+00:00,597.04,597.04,597.09,358,320,597.0664011799411,2.3524017504294156e-08,-4.541448924566538e-05
2025-02-26 12:10:00+00:00,597.01,597.02,597.05,450,250,597.0392857142857,5.33376675450207e-08,-6.585924650559516e-05
2025-02-26 12:11:00+00:00,596.97,596.97,597.03,430,431,596.9999651567944,6.467337799511009e-08,-0.00030580784832956454
2025-02-26 12:12:00+00:00,596.8,596.8,596.85,230,431,596.817397881997,6.413582327015347e-08,0.0002689670182114412
2025-02-26 12:13:00+00:00,596.95,596.95,596.98,430,32,596.977922077922,2.885879489435137e-08,7.035956868262083e-05
2025-02-26 12:14:00+00:00,596.97,596.99,597.02,400,1,597.0199251870324,1.5839633324325683e-08,0.00011565007848135522
2025-02-26 12:15:00+00:00,597.07,597.07,597.1,430,250,597.0889705882353,1.61709363716967e-08,4.400628002820817e-05
2025-02-26 12:16:00+00:00,597.1,597.07,597.12,400,37,597.1157665903891,4.83232088982684e-08,-0.0002474333951509866
2025-02-26 12:17:00+00:00,596.97,596.96,596.97,630,175,596.9678260869566,5.052421989442391e-08,9.978288233325472e-05
2025-02-26 12:18:00+00:00,597.03,597.02,597.03,400,166,597.0270671378092,2.41948667167299e-08,7.524792788071721e-05
2025-02-26 12:19:00+00:00,597.05,597.03,597.08,430,82,597.0719921875001,6.986741112561177e-09,-0.0001705879691962231
2025-02-26 12:20:00+00:00,596.97,596.97,597.0,2,430,596.9701388888889,4.4296683074100134e-08,0.00015575216350716126
2025-02-26 12:21:00+00:00,597.07,597.04,597.07,430,128,597.06311827957,1.1984292457935565e-08,-2.595543416172852e-05
2025-02-26 12:22:00+00:00,597.05,597.04,597.05,330,103,597.047621247113,9.278772322711337e-09,7.083487959791412e-05
2025-02-26 12:23:00+00:00,597.05,597.07,597.1,430,145,597.0924347826087,1.4671308261776024e-08,-2.321327424326114e-05
2025-02-26 12:24:00+00:00,597.13,597.05,597.11,330,430,597.0760526315789,6.747696454507886e-09,9.872673365696194e-05
2025-02-26 12:25:00+00:00,597.12,597.11,597.16,430,430,597.135,3.489008256053334e-08,-0.00011037552799475492
2025-02-26 12:26:00+00:00,597.0,597.03,597.09,430,230,597.0690909090908,3.093140790850043e-08,9.543371168962977e-05
2025-02-26 12:27:00+00:00,597.11,597.08,597.13,430,430,597.105,2.9100729014914424e-08,3.923775042746769e-05
2025-02-26 12:28:00+00:00,597.12,597.11,597.18,430,332,597.1495013123359,3.1154739207524623e-08,-0.00022397027257736735
2025-02-26 12:29:00+00:00,597.04,597.01,597.11,930,230,597.0901724137932,3.889468971919087e-08,-0.0001816188770679128
2025-02-26 12:30:00+00:00,596.93,596.9,596.96,32,230,596.9073282442748,3.825384072449349e-08,-5.8100508066871726e-06
2025-02-26 12:31:00+00:00,596.91,596.89,596.93,228,430,596.9038601823709,5.2556969040833426e-08,6.054545805445066e-05
2025-02-26 12:32:00+00:00,596.95,596.92,596.97,430,430,596.9449999999999,7.795429279950257e-08,0.00027463295128371534
2025-02-26 12:33:00+00:00,597.11,597.09,597.13,230,430,597.1039393939394,1.7587813760685567e-08,6.876626220586601e-05
2025-02-26 12:34:00+00:00,597.14,597.12,597.17,430,430,597.145,1.7063423320181797e-08,-8.80981369066891e-05
2025-02-26 12:35:00+00:00,597.09,597.07,597.12,511,630,597.0923926380368,8.442008162900287e-08,-5.933479099617944e-05
2025-02-26 12:36:00+00:00,597.03,597.05,597.08,100,430,597.0556603773584,5.455509437319871e-08,0.00010071237422693002
2025-02-26 12:37:00+00:00,597.14,597.1,597.15,226,435,597.1170953101362,1.3579931239262764e-08,1.4146067169873433e-05
2025-02-26 12:38:00+00:00,597.14,597.12,597.14,430,400,597.130361445783,7.83392715424883e-09,-2.260690084188166e-05
2025-02-26 12:39:00+00:00,597.1,597.1,597.14,56,130,597.1120430107527,1.6394669998997126e-08,6.887578610470513e-05
2025-02-26 12:40:00+00:00,597.15,597.07,597.16,430,430,597.115,2.2452417466193916e-08,-0.00017276902705154473
2025-02-26 12:41:00+00:00,597.07,597.02,597.08,430,430,597.05,8.369703007375746e-08,-9.184350529289897e-05
2025-02-26 12:42:00+00:00,597.0,596.96,597.0,400,55,596.9951648351648,1.7177752515875226e-08,8.347666408470289e-05
2025-02-26 12:43:00+00:00,597.06,597.02,597.06,400,1,597.0599002493765,1.0738156379898651e-08,6.909026957768738e-05
2025-02-26 12:44:00+00:00,597.1,597.06,597.11,350,450,597.081875,7.516058854673736e-08,3.977649795161575e-05
2025-02-26 12:45:00+00:00,597.1,597.06,597.11,450,550,597.0825,4.755280375772386e-08,-5.0241998961642054e-05
2025-02-26 12:46:00+00:00,597.05,597.06,597.11,450,500,597.0836842105264,8.515602497784245e-08,-0.0001540564435333902
2025-02-26 12:47:00+00:00,596.98,596.97,597.01,451,350,596.9925218476905,2.8418252134163515e-08,-0.00010225045202028049
2025-02-26 12:48:00+00:00,596.91,596.88,596.96,430,341,596.9246173800259,4.426771033980377e-08,-0.00013855795092931888
2025-02-26 12:49:00+00:00,596.82,596.82,596.86,410,350,596.8415789473685,6.883678477367572e-08,-0.00033783205914594827
2025-02-26 12:50:00+00:00,596.61,596.57,596.66,630,330,596.6290625,7.208936029089713e-08,-0.00014833191508734078
2025-02-26 12:51:00+00:00,596.56,596.55,596.59,338,330,596.570239520958,5.843731993485995e-08,-6.8681314606688915e-06
2025-02-26 12:52:00+00:00,596.55,596.54,596.56,50,300,596.5428571428571,1.3848088431709074e-07,-0.00017965983365242355
2025-02-26 12:53:00+00:00,596.38,596.41,596.49,230,330,596.4428571428572,7.232464242075174e-08,0.00017125338315238103
2025-02-26 12:54:00+00:00,596.53,596.53,596.56,230,330,596.5423214285713,9.705089923207654e-08,3.352638945952613e-05
2025-02-26 12:55:00+00:00,596.58,596.54,596.59,430,430,596.565,3.9769046600264395e-08,0.0001325716246189934
2025-02-26 12:56:00+00:00,596.64,596.62,596.65,330,81,596.6440875912409,5.0224183299731644e-08,8.533128848142724e-05
2025-02-26 12:57:00+00:00,596.7,596.67,596.72,430,430,596.6949999999999,4.572022791346934e-08,5.865643251601327e-05
2025-02-26 12:58:00+00:00,596.77,596.72,596.77,430,330,596.7482894736843,4.431852736545081e-08,0.00010892698540376777
2025-02-26 12:59:00+00:00,596.82,596.78,596.82,430,430,596.8,9.20767410416013e-08,4.122900352343528e-05
2025-02-26 13:00:00+00:00,596.84,596.8,596.85,420,330,596.828,8.851286825985535e-08,0.00019794368563652576
2025-02-26 13:01:00+00:00,596.99,596.9,596.94,330,35,596.9361643835617,9.950089891583978e-08,-0.00028034280107513965
2025-02-26 13:02:00+00:00,596.81,596.8,596.86,5,230,596.8012765957446,4.295763272581454e-08,2.0505109189494775e-05
2025-02-26 13:03:00+00:00,596.8,596.78,596.83,335,630,596.7973575129533,1.0283840995910167e-07,-0.0001836208357555158
2025-02-26 13:04:00+00:00,596.67,596.65,596.67,5,30,596.6528571428571,6.647893661041273e-08,-2.4737801869734177e-05
2025-02-26 13:05:00+00:00,596.64,596.63,596.68,430,330,596.6582894736841,9.748893978654982e-08,0.00013070301292317232
2025-02-26 13:06:00+00:00,596.66,596.73,596.78,80,430,596.7378431372549,3.820916095074087e-08,-0.00017047573543638173
2025-02-26 13:07:00+00:00,596.69,596.63,596.67,31,310,596.6336363636362,6.784590335170934e-08,-1.599882979963496e-05
2025-02-26 13:08:00+00:00,596.68,596.59,596.66,400,400,596.625,3.7462631969118156e-08,4.6452747363145974e-05
2025-02-26 13:09:00+00:00,596.68,596.64,596.69,400,400,596.665,5.120207219528241e-08,-5.6042608402862015e-05
2025-02-26 13:10:00+00:00,596.62,596.59,596.64,332,235,596.6192768959436,5.7790607559071975e-08,0.00015053823539634692
2025-02-26 13:11:00+00:00,596.66,596.7,596.72,250,300,596.709090909091,2.2393337388902733e-08,0.00022273682927553828
2025-02-26 13:12:00+00:00,596.87,596.83,596.87,150,325,596.8426315789474,4.4739511290169084e-08,0.00017571652129033666
2025-02-26 13:13:00+00:00,596.94,596.92,596.98,430,530,596.946875,7.987008685870721e-08,5.549070007293544e-05
2025-02-26 13:14:00+00:00,597.0,596.94,597.0,430,45,596.9943157894736,2.9411656839657516e-08,0.00014989734042303304
2025-02-26 13:15:00+00:00,597.06,597.04,597.09,430,430,597.065,4.871260692911764e-08,-3.2635588908869195e-05
2025-02-26 13:16:00+00:00,597.06,597.02,597.08,430,430,597.05,3.052693125737727e-08,-3.535903376783445e-05
2025-02-26 13:17:00+00:00,597.07,597.02,597.04,320,400,597.0288888888889,1.4972654502387834e-08,-6.0052662895215825e-05
2025-02-26 13:18:00+00:00,596.93,596.97,597.0,430,130,596.9930357142857,5.055718019321739e-08,5.086917135832536e-05
2025-02-26 13:19:00+00:00,597.05,597.02,597.06,40,430,597.0234042553192,6.993975156928219e-08,2.7797477557101047e-05
2025-02-26 13:20:00+00:00,597.0,597.01,597.07,430,430,597.0400000000001,8.983596030176903e-08,8.989301348405476e-05
2025-02-26 13:21:00+00:00,597.04,597.07,597.1,430,115,597.0936697247706,1.0018125186612027e-07,7.911550320116589e-05
2025-02-26 13:22:00+00:00,597.2,597.12,597.18,230,430,597.1409090909091,4.0100693072157805e-08,0.00034872815124686873
2025-02-26 13:23:00+00:00,597.34,597.34,597.35,31,28,597.3452542372881,5.960209208902442e-08,-0.00012519036728186883
2025-02-26 13:24:00+00:00,597.28,597.24,597.28,25,430,597.2421978021978,2.563980743423795e-08,8.829892808037698e-05
2025-02-26 13:25:00+00:00,597.35,597.3,597.35,515,435,597.3271052631579,3.038059199732143e-08,-6.020720360577769e-05
2025-02-26 13:26:00+00:00,597.24,597.26,597.3,450,178,597.2886624203823,4.5870199267146886e-08,-2.0049187081427888e-05
2025-02-26 13:27:00+00:00,597.27,597.26,597.28,230,10,597.2791666666667,3.9829353599448256e-08,0.00032633589617270253
2025-02-26 13:28:00+00:00,597.47,597.44,597.48,730,35,597.4781699346406,6.199931689294583e-08,-7.386921885010889e-05
2025-02-26 13:29:00+00:00,597.4,597.41,597.46,950,850,597.4363888888889,1.1675160128889038e-08,9.953704191922874e-05
2025-02-26 13:30:00+00:00,597.46,597.45,597.49,850,11,597.4894889663183,6.480701241937338e-08,-0.00016354039012966837
2025-02-26 13:31:00+00:00,597.41,597.39,597.41,1,550,597.3900362976406,3.220422321684354e-08,0.00016905858384674843
2025-02-26 13:32:00+00:00,597.55,597.47,597.52,350,850,597.4845833333334,3.334051522400913e-08,5.225291654253894e-05
2025-02-26 13:33:00+00:00,597.56,597.51,597.55,800,1500,597.5239130434783,2.2597544849925315e-08,-5.453903684338179e-06
2025-02-26 13:34:00+00:00,597.52,597.51,597.54,570,1100,597.5202395209581,3.740229035716596e-08,-8.179282196996152e-05
2025-02-26 13:35:00+00:00,597.54,597.47,597.5,401,1600,597.476011994003,1.938952304844877e-08,-4.617415849705875e-05
2025-02-26 13:36:00+00:00,597.4,597.42,597.45,500,120,597.4441935483871,4.4998557614429004e-08,-0.00014492100398622032
2025-02-26 13:37:00+00:00,597.38,597.34,597.39,870,1600,597.3576113360324,5.070658010464021e-08,-6.932571080353611e-05
2025-02-26 13:38:00+00:00,597.3,597.28,597.32,1000,105,597.3161990950226,2.7657795183714762e-08,4.1333109503494114e-05
2025-02-26 13:39:00+00:00,597.33,597.28,597.33,600,1100,597.2976470588235,2.3248940637950834e-08,1.2317226720348629e-05
2025-02-26 13:40:00+00:00,597.35,597.34,597.35,470,195,597.3470676691729,2.589082588007034e-08,-2.714390500713204e-05
2025-02-26 13:41:00+00:00,597.32,597.31,597.34,470,170,597.33203125,4.5633133048083316e-08,-0.00021646918381745817
2025-02-26 13:42:00+00:00,597.26,597.2,597.21,600,1600,597.2027272727273,6.532070231979275e-08,-0.00022088150846144572
2025-02-26 13:43:00+00:00,597.06,597.03,597.08,900,1000,597.0536842105263,1.614534303137686e-08,-1.8031961813713693e-05
2025-02-26 13:44:00+00:00,597.08,597.07,597.11,500,700,597.0866666666667,3.375251941547089e-08,-0.00013337554348447078
2025-02-26 13:45:00+00:00,597.0,596.99,597.02,500,1100,596.999375,5.034521322885728e-08,-6.979570099652221e-07
2025-02-26 13:46:00+00:00,597.0,596.96,597.01,800,700,596.9866666666667,1.0790127987420418e-07,-6.700391972924713e-05
2025-02-26 13:47:00+00:00,596.91,596.9,596.93,500,1600,596.9071428571428,6.951549001745965e-08,-0.00014518488737014223
2025-02-26 13:48:00+00:00,596.86,596.83,596.86,500,200,596.8514285714285,2.1933748857175934e-08,-2.2228054045614343e-05
2025-02-26 13:49:00+00:00,596.84,596.84,596.86,5,1500,596.8400664451827,6.67437945981272e-08,-0.0002645474743002696
2025-02-26 13:50:00+00:00,596.66,596.64,596.69,500,300,596.67125,9.96641306536543e-08,-0.0005074710227351842
2025-02-26 13:51:00+00:00,596.35,596.38,596.42,470,270,596.4054054054054,9.24931573140538e-08,-5.582704005935302e-05
2025-02-26 13:52:00+00:00,596.37,596.35,596.38,500,1000,596.36,1.0748233220322686e-07,0.00014986874832412234
2025-02-26 13:53:00+00:00,596.46,596.42,596.48,500,600,596.4472727272728,3.9060929947560566e-08,0.0001096158643498768
2025-02-26 13:54:00+00:00,596.45,596.49,596.54,500,1600,596.5019047619047,4.648724535416783e-08,2.5756627495931994e-05
2025-02-26 13:55:00+00:00,596.53,596.51,596.55,110,600,596.5161971830986,4.064078874622429e-08,-0.0002163467254789886
2025-02-26 13:56:00+00:00,596.41,596.38,596.41,500,1600,596.3871428571429,1.5665989224667776e-07,-0.00023072212669683623
2025-02-26 13:57:00+00:00,596.27,596.25,596.29,470,1500,596.2595431472081,6.408063947555523e-08,5.064509126939676e-05
2025-02-26 13:58:00+00:00,596.28,596.27,596.31,470,103,596.3028097731238,9.466889126301625e-08,0.00011503505647070256
2025-02-26 13:59:00+00:00,596.33,596.35,596.42,900,500,596.395,1.15241912550396e-07,0.00026993789115570266
2025-02-26 14:00:00+00:00,596.49,596.47,596.51,400,150,596.4990909090909,1.2869775245952576e-07,-2.0529645441524913e-05
2025-02-26 14:01:00+00:00,596.47,596.47,596.52,1590,500,596.5080382775119,1.111761373533626e-07,0.00032012849107032615
2025-02-26 14:02:00+00:00,596.64,596.66,596.69,600,106,596.6854957507084,1.1151065514884055e-07,-0.00018840653997775902
2025-02-26 14:03:00+00:00,596.63,596.54,596.59,300,900,596.5525,7.226211235582415e-08,1.3781974201876324e-05
2025-02-26 14:04:00+00:00,596.66,596.57,596.61,500,1600,596.5795238095238,5.624196382193217e-08,0.00011279072462611062
2025-02-26 14:05:00+00:00,596.64,596.64,596.68,500,1300,596.6511111111112,1.4355692024834926e-07,0.0001325529985467533
2025-02-26 14:06:00+00:00,596.77,596.73,596.77,5,1000,596.7301990049751,7.524301162225902e-08,-0.00019452904865524534
2025-02-26 14:07:00+00:00,596.61,596.6,596.61,5,1500,596.6000332225914,4.646255162952619e-08,0.00031994273567304
2025-02-26 14:08:00+00:00,596.78,596.78,596.83,2000,500,596.82,6.348249142168451e-08,-9.548178717666556e-05
2025-02-26 14:09:00+00:00,596.75,596.74,596.76,1,1500,596.7400133244504,6.813240762289506e-08,1.6358304530950107e-05
2025-02-26 14:10:00+00:00,596.76,596.74,596.78,500,600,596.7581818181818,3.894369579036207e-08,-0.00038497004003457125
2025-02-26 14:11:00+00:00,596.51,596.52,596.55,403,2100,596.5248302037554,6.355808591899758e-08,-3.2895116574005456e-05
2025-02-26 14:12:00+00:00,596.54,596.5,596.54,500,1500,596.51,7.606586627044492e-08,0.00016697953444766434
2025-02-26 14:13:00+00:00,596.6,596.61,596.65,500,130,596.641746031746,4.2901165760700826e-08,-0.0003119652789348448
2025-02-26 14:14:00+00:00,596.44,596.42,596.47,500,2000,596.43,1.427064197466447e-07,-0.00018641113863948622
2025-02-26 14:15:00+00:00,596.33,596.31,596.34,40,1615,596.3107250755286,7.794885500573244e-08,0.00013294230866200962
2025-02-26 14:16:00+00:00,596.4,596.38,596.43,500,605,596.4026244343892,5.816285331541711e-08,-0.00018442072393842768
2025-02-26 14:17:00+00:00,596.28,596.24,596.29,71,1500,596.2422597071928,1.4128952717201537e-07,-0.0005077154867051403
2025-02-26 14:18:00+00:00,595.84,595.97,596.02,500,1600,595.9819047619047,9.859845059265697e-08,0.0003708663676227353
2025-02-26 14:19:00+00:00,596.2,596.21,596.25,1600,130,596.2469942196532,1.246386643849984e-07,0.00020783948231417604
2025-02-26 14:20:00+00:00,596.37,596.32,596.36,92,1570,596.3222141997593,8.579421917072282e-08,0.00012315990992495252
2025-02-26 14:21:00+00:00,596.4,596.35,596.4,500,450,596.3763157894737,1.1995899351276756e-07,-1.3160677268087007e-05
2025-02-26 14:22:00+00:00,596.37,596.39,596.43,400,1550,596.3982051282052,1.0916792976893812e-07,0.0001384735511802404
2025-02-26 14:23:00+00:00,596.49,596.47,596.49,1,50,596.4703921568628,8.363343221657675e-08,-9.00723504512202e-05
2025-02-26 14:24:00+00:00,596.35,596.35,596.41,700,1500,596.3690909090909,2.0215995613743782e-07,-0.0007254436216290738
2025-02-26 14:25:00+00:00,595.95,595.94,595.99,200,150,595.9685714285714,1.287286472956399e-07,0.00032628650846588947
2025-02-26 14:26:00+00:00,596.19,596.15,596.18,1,50,596.1505882352941,1.1996946252821614e-07,-0.0003255779546306181
2025-02-26 14:27:00+00:00,595.97,595.98,596.01,400,50,596.0066666666667,9.264030885307023e-08,9.757146796518512e-06
2025-02-26 14:28:00+00:00,596.0,595.99,596.02,318,500,596.001662591687,1.7352183750621818e-07,-0.00010432064812793129
2025-02-26 14:29:00+00:00,595.93,595.91,595.94,3600,100,595.9391891891892,1.426349636591794e-07,0.0002150492109012081
2025-02-26 14:30:00+00:00,595.91,595.87,595.91,1500,3137,595.8829394004745,6.47717181812163e-07,-0.0015022364863891413
2025-02-26 14:31:00+00:00,595.14,595.14,595.16,200,1200,595.1428571428571,3.9688460838343443e-07,0.0008926386158731869
2025-02-26 14:32:00+00:00,595.7,595.69,595.7,350,61,595.6985158150852,2.1529180981619853e-07,-0.0008245248962860385
2025-02-26 14:33:00+00:00,595.22,595.2,595.21,366,5,595.2098652291105,1.2392083143785524e-07,2.1695003960431336e-05
2025-02-26 14:34:00+00:00,595.25,595.24,595.27,400,300,595.2571428571429,1.8773929556995857e-07,8.071405389298292e-05
2025-02-26 14:35:00+00:00,595.24,595.24,595.25,832,900,595.2448036951502,1.8702157529581298e-07,0.00032625625880466913
2025-02-26 14:36:00+00:00,595.43,595.44,595.47,550,850,595.4517857142857,1.861118619471089e-07,3.610678202914386e-05
2025-02-26 14:37:00+00:00,595.52,595.52,595.55,100,2400,595.5212,2.805989776710279e-07,0.0009162007348337831
2025-02-26 14:38:00+00:00,596.11,596.08,596.11,421,1400,596.0869357495882,2.89624461978493e-07,0.00033897708706209784
2025-02-26 14:39:00+00:00,596.26,596.27,596.31,830,900,596.2891907514451,1.5287201902015955e-07,0.00029720702190139114
2025-02-26 14:40:00+00:00,596.42,596.4,596.42,232,1860,596.4022179732314,2.450523080898069e-07,-0.0005377636421884935
2025-02-26 14:41:00+00:00,596.11,596.1,596.13,150,2400,596.1017647058824,1.3580894438775374e-07,9.253379901807968e-05
2025-02-26 14:42:00+00:00,596.14,596.13,596.15,263,64,596.1460856269113,3.4160432575985855e-07,-0.001114867059951563
2025-02-26 14:43:00+00:00,595.49,595.48,595.5,250,171,595.4918764845606,3.5572898192254665e-07,0.0006082727267506804
2025-02-26 14:44:00+00:00,595.75,595.74,595.78,587,510,595.7614038286235,2.162582282107291e-07,1.4209238266893465e-05
2025-02-26 14:45:00+00:00,595.92,595.91,595.93,200,670,595.9145977011493,4.7225869227238826e-07,0.0002653262558116598
2025-02-26 14:46:00+00:00,596.11,596.1,596.11,100,900,596.101,2.483968058261229e-07,-8.385608602057282e-06
2025-02-26 14:47:00+00:00,595.97,595.97,596.01,330,880,595.980909090909,2.3709005278480426e-07,0.0006899169558254314
2025-02-26 14:48:00+00:00,596.435,596.43,596.45,100,550,596.4330769230769,2.3981639926057693e-07,0.0005150658698624966
2025-02-26 14:49:00+00:00,596.71,596.69,596.71,100,400,596.694,2.2339573373635412e-07,0.000738568350490798
2025-02-26 14:50:00+00:00,597.21,597.19,597.21,300,27,597.2083486238532,1.424713659977294e-07,-2.3127283012347455e-05
2025-02-26 14:51:00+00:00,597.12,597.11,597.12,400,190,597.116779661017,9.965890047043135e-08,0.00031103808094101737
2025-02-26 14:52:00+00:00,597.37,597.37,597.39,500,200,597.3842857142857,1.5675266063782456e-07,0.000610880057130947
2025-02-26 14:53:00+00:00,597.71,597.7,597.71,100,300,597.7025,1.5863648714645913e-07,-0.000683682386475648
2025-02-26 14:54:00+00:00,597.31,597.32,597.34,250,300,597.329090909091,1.3182275341766166e-07,0.0008250913430907225
2025-02-26 14:55:00+00:00,597.79,597.76,597.77,100,500,597.7616666666667,1.475241886216968e-07,-0.0005750850163360743
2025-02-26 14:56:00+00:00,597.44,597.45,597.48,701,396,597.4691704649043,2.4644768997983085e-07,-0.00019758213105158795
2025-02-26 14:57:00+00:00,597.32,597.33,597.34,100,300,597.3325,1.8258810694968795e-07,-0.00027965716078903746
2025-02-26 14:58:00+00:00,597.13,597.12,597.15,230,430,597.1304545454545,1.4158375941406274e-07,0.0005657854130234341
2025-02-26 14:59:00+00:00,597.44,597.44,597.47,300,550,597.4505882352942,1.3838863680088372e-07,0.0003455319398100176
2025-02-26 15:00:00+00:00,597.69,597.69,597.71,200,130,597.7021212121213,5.270410491468121e-07,-0.00027346911356374015
2025-02-26 15:01:00+00:00,597.52,597.5,597.54,750,500,597.524,2.372166109854826e-07,-5.6777131659191404e-05
2025-02-26 15:02:00+00:00,597.46,597.46,597.48,200,300,597.468,1.6724617836679676e-07,0.00026863740784066614
2025-02-26 15:03:00+00:00,597.65,597.65,597.68,380,330,597.6660563380282,1.698119727789179e-07,0.00040051588612222133
2025-02-26 15:04:00+00:00,597.92,597.9,597.92,250,450,597.9071428571428,2.0190497559526481e-07,-0.00016170218905087186
2025-02-26 15:05:00+00:00,597.8,597.81,597.82,100,300,597.8124999999999,1.6541669575929236e-07,3.804959959063936e-05
2025-02-26 15:06:00+00:00,597.79,597.79,597.82,260,770,597.797572815534,2.2478576625279668e-07,-0.0007288698040206487
2025-02-26 15:07:00+00:00,597.42,597.37,597.39,382,150,597.3843609022556,2.1479983404955113e-07,0.0004548400287920362
2025-02-26 15:08:00+00:00,597.62,597.66,597.69,850,350,597.68125,1.902260049032317e-07,-5.866318197189635e-05
2025-02-26 15:09:00+00:00,597.62,597.57,597.6,1150,150,597.5965384615384,1.2982856192241535e-07,0.0007388636733212106
2025-02-26 15:10:00+00:00,598.06,598.01,598.04,750,250,598.0325,2.1355490573710208e-07,-0.00018753578373165158
2025-02-26 15:11:00+00:00,597.93,597.95,597.96,20,400,597.9504761904763,1.6806595964292543e-07,9.821129458087441e-05
2025-02-26 15:12:00+00:00,598.0,598.0,598.01,183,36,598.0083561643836,2.607079171707728e-07,0.000839772189349608
2025-02-26 15:13:00+00:00,598.52,598.5,598.52,100,1500,598.50125,1.0354429145921645e-07,0.00010232265115628358
2025-02-26 15:14:00+00:00,598.57,598.54,598.57,800,250,598.5628571428572,7.793930553612806e-08,3.92600729235415e-05
2025-02-26 15:15:00+00:00,598.62,598.61,598.63,100,500,598.6133333333333,2.3255084383521624e-07,-9.544346349077415e-05
2025-02-26 15:16:00+00:00,598.52,598.52,598.54,1,400,598.5200498753118,1.7338373527099591e-07,0.00044185168746357917
2025-02-26 15:17:00+00:00,598.8,598.81,598.83,100,350,598.8144444444445,9.303115133803974e-08,-4.025121899087214e-05
2025-02-26 15:18:00+00:00,598.78,598.78,598.79,250,128,598.7866137566137,1.044308675559575e-07,0.0003560468737693334
2025-02-26 15:19:00+00:00,598.98,598.96,598.99,1110,561,598.9799281867146,1.0465512085996038e-07,0.00019187930179120904
2025-02-26 15:20:00+00:00,599.13,599.13,599.15,470,570,599.1390384615385,1.2617771461863925e-07,-0.00025152724593302533
2025-02-26 15:21:00+00:00,598.95,598.95,598.97,100,650,598.9526666666668,1.5401176233441337e-07,5.261674720236087e-05
2025-02-26 15:22:00+00:00,599.0,599.0,599.01,200,50,599.008,9.954339250552493e-08,0.0004048324006546977
2025-02-26 15:23:00+00:00,599.2,599.18,599.2,300,400,599.1885714285714,1.5909450855700587e-07,-0.0004913518676779027
2025-02-26 15:24:00+00:00,598.92,598.9,598.93,401,1355,598.9068507972664,1.2768368738321345e-07,-0.0004220653885754766
2025-02-26 15:25:00+00:00,598.65,598.64,598.66,650,150,598.65625,1.7846965014878037e-07,-0.00034817778320461734
2025-02-26 15:26:00+00:00,598.48,598.5,598.52,100,701,598.5024968789014,1.453366986874492e-07,0.00041045183389498696
2025-02-26 15:27:00+00:00,598.73,598.73,598.76,1100,250,598.7544444444444,1.4212245534003425e-07,-0.00031839865094307473
2025-02-26 15:28:00+00:00,598.5,598.49,598.52,1100,230,598.5148120300752,2.2256345183247333e-07,-0.0005818825746350953
2025-02-26 15:29:00+00:00,598.15,598.16,598.19,600,350,598.1789473684211,3.0889939734067597e-07,-0.0003811620712582675
2025-02-26 15:30:00+00:00,597.93,597.92,597.94,230,280,597.9290196078431,2.0256097879049888e-07,0.0008102288147828762
2025-02-26 15:31:00+00:00,598.43,598.44,598.47,250,1100,598.4455555555556,1.5416614307417057e-07,2.6425067818802717e-05
2025-02-26 15:32:00+00:00,598.44,598.43,598.45,317,300,598.4402755267423,1.6035808780248233e-07,0.00030375818747363503
2025-02-26 15:33:00+00:00,598.62,598.64,598.66,300,250,598.6509090909091,1.3711532557264545e-07,-0.00010141841577848698
2025-02-26 15:34:00+00:00,598.55,598.54,598.56,100,400,598.544,1.8862202843563924e-07,-0.000465667607063569
2025-02-26 15:35:00+00:00,598.31,598.3,598.33,300,1050,598.3066666666666,2.2329709652708845e-07,-0.00017109185779018432
2025-02-26 15:36:00+00:00,598.19,598.18,598.21,592,350,598.1988535031846,1.9572304272566287e-07,0.0006813843000765818
2025-02-26 15:37:00+00:00,598.56,598.54,598.57,400,400,598.555,1.0712073839815628e-07,0.00035421950699165983
2025-02-26 15:38:00+00:00,598.81,598.82,598.83,500,102,598.8283056478406,9.701788901057278e-08,-0.00022454550139483498
2025-02-26 15:39:00+00:00,598.66,598.62,598.64,600,350,598.6326315789473,2.5046045288704825e-07,-0.000673024003399747
2025-02-26 15:40:00+00:00,598.25,598.24,598.27,150,500,598.246923076923,1.485780742114664e-07,0.0008450413697989045
2025-02-26 15:41:00+00:00,598.8,598.78,598.8,300,150,598.7933333333333,1.6125365771678225e-07,-0.0003380483129842293
2025-02-26 15:42:00+00:00,598.58,598.57,598.59,700,150,598.5864705882353,9.418956919680471e-08,3.7028035074770926e-05
2025-02-26 15:43:00+00:00,598.6,598.59,598.62,580,393,598.6078828365878,8.129277604645717e-08,0.00044843648631487376
2025-02-26 15:44:00+00:00,598.91,598.89,598.92,500,850,598.9011111111112,1.5367053731217303e-07,-0.00022461657627237397
2025-02-26 15:45:00+00:00,598.75,598.75,598.78,510,350,598.7677906976744,1.235163338882798e-07,-0.00022203891115202268
2025-02-26 15:46:00+00:00,598.6,598.59,598.62,850,387,598.6106143896525,1.0924724160965263e-07,0.00022220797660943425
2025-02-26 15:47:00+00:00,598.72,598.69,598.71,460,100,598.7064285714287,1.2544156365534592e-07,-7.986363246692552e-05
2025-02-26 15:48:00+00:00,598.67,598.65,598.67,950,200,598.6665217391304,1.053214046269031e-07,0.0002429631901987861
2025-02-26 15:49:00+00:00,598.82,598.83,598.84,300,50,598.8385714285714,1.0646443736769793e-07,-4.032812993992607e-05
2025-02-26 15:50:00+00:00,598.8,598.78,598.8,100,120,598.7890909090908,2.3218067799187577e-07,-0.0004009326558455095
2025-02-26 15:51:00+00:00,598.55,598.56,598.59,410,933,598.569158600149,1.3010366840433827e-07,0.0002813166629673791
2025-02-26 15:52:00+00:00,598.77,598.77,598.79,200,592,598.7750505050504,1.1757502770567422e-07,8.903744185517759e-05
2025-02-26 15:53:00+00:00,598.85,598.85,598.88,1000,600,598.86875,1.8080597981005902e-07,0.0004535405097862988
2025-02-26 15:54:00+00:00,599.05,599.04,599.07,460,1910,599.0458227848101,2.011961164893089e-07,-0.00042442425487576596
2025-02-26 15:55:00+00:00,598.82,598.8,598.83,900,1755,598.8101694915255,1.6661372214553395e-07,0.00014030831393063714
2025-02-26 15:56:00+00:00,598.92,598.93,598.95,100,210,598.9364516129032,6.881236498388715e-08,-7.01295058207485e-05
2025-02-26 15:57:00+00:00,598.85,598.84,598.86,100,400,598.844,8.431302135009855e-08,-5.1986433116213426e-05
2025-02-26 15:58:00+00:00,598.82,598.81,598.82,100,1,598.8199009900991,7.453050992477932e-08,-9.819613661576909e-05
2025-02-26 15:59:00+00:00,598.78,598.77,598.79,930,4,598.789914346895,4.3709002862133545e-08,0.00015472016315887238
2025-02-26 16:00:00+00:00,598.84,598.84,598.87,1800,400,598.8645454545455,1.6810922129393753e-07,0.000425191120075219
2025-02-26 16:01:00+00:00,599.11,599.11,599.13,600,100,599.1271428571429,1.3711220383750884e-07,0.0004507953340431303
2025-02-26 16:02:00+00:00,599.4,599.38,599.41,500,692,599.3925838926174,1.211502937001396e-07,-0.0004450225824074172
2025-02-26 16:03:00+00:00,599.11,599.08,599.11,860,400,599.1004761904762,1.2143765133445706e-07,-6.122345596426548e-05
2025-02-26 16:04:00+00:00,599.09,599.07,599.1,500,800,599.0815384615385,6.27210246952892e-08,-0.00010391518637598018
2025-02-26 16:05:00+00:00,599.0,598.99,599.01,400,250,599.0023076923077,1.5594101459058576e-07,0.0005463346512046829
2025-02-26 16:06:00+00:00,599.34,599.33,599.36,350,1350,599.3361764705883,8.429528033437957e-08,9.898749734138512e-05
2025-02-26 16:07:00+00:00,599.43,599.4,599.42,151,100,599.4120318725099,1.4879292612046465e-07,-0.00016492101995380093
2025-02-26 16:08:00+00:00,599.3,599.31,599.34,450,983,599.3194207955338,6.082841313472134e-08,0.00019855047690797711
2025-02-26 16:09:00+00:00,599.42,599.4,599.43,2441,600,599.4240808944426,4.728806991273009e-08,-7.25117477485826e-05
2025-02-26 16:10:00+00:00,599.37,599.36,599.39,750,651,599.3760599571734,7.418064605162681e-08,0.0001602721550340025
2025-02-26 16:11:00+00:00,599.49,599.47,599.49,810,500,599.4823664122138,6.872352442074107e-08,-0.00015249025665375893
2025-02-26 16:12:00+00:00,599.38,599.37,599.4,560,1181,599.3796496266514,1.0179791370030339e-07,-8.20436903081756e-05
2025-02-26 16:13:00+00:00,599.33,599.32,599.35,350,1082,599.3273324022347,6.590046607776977e-08,0.00026658012730473857
2025-02-26 16:14:00+00:00,599.47,599.47,599.5,150,600,599.476,6.079639787025921e-08,-3.229755349798413e-05
2025-02-26 16:15:00+00:00,599.44,599.45,599.46,50,100,599.4533333333334,7.945998853779945e-08,-0.0001363725944159011
2025-02-26 16:16:00+00:00,599.38,599.37,599.4,660,920,599.3825316455697,9.360448015115016e-08,-0.00018233424563796063
2025-02-26 16:17:00+00:00,599.24,599.22,599.25,531,784,599.2321140684411,9.412918161400597e-08,0.00022911097261446578
2025-02-26 16:18:00+00:00,599.39,599.38,599.41,1150,430,599.401835443038,7.492359855753486e-08,-0.00028218128067103443
2025-02-26 16:19:00+00:00,599.23,599.21,599.23,250,320,599.2187719298246,4.5879236537083137e-08,0.00011465684318334723
2025-02-26 16:20:00+00:00,599.37,599.37,599.39,900,132,599.3874418604651,1.0922131834666141e-07,8.018002387721879e-05
2025-02-26 16:21:00+00:00,599.38,599.36,599.38,3,758,599.3600788436269,7.77774041349105e-08,-4.302106915088366e-05
2025-02-26 16:22:00+00:00,599.32,599.31,599.33,2000,586,599.325467904099,9.606338866249576e-08,-0.0002134066627983433
2025-02-26 16:23:00+00:00,599.2,599.18,599.21,2568,550,599.2047081462476,2.3674949282405144e-07,-0.00030860174525271233
2025-02-26 16:24:00+00:00,599.06,599.04,599.06,150,350,599.046,9.124908747946787e-08,0.00020711679326801402
2025-02-26 16:25:00+00:00,599.15,599.14,599.15,200,258,599.1443668122271,7.103304125548123e-08,-0.0002531505071740048
2025-02-26 16:26:00+00:00,598.98,598.95,598.97,1300,200,598.9673333333334,1.9250990329538978e-07,-8.261449744195737e-05
2025-02-26 16:27:00+00:00,598.96,598.96,598.98,555,150,598.9757446808511,1.1728100288406348e-07,-0.0002594529550659086
2025-02-26 16:28:00+00:00,598.79,598.75,598.77,415,450,598.7595953757225,8.940859833485604e-08,0.00019905883878879038
2025-02-26 16:29:00+00:00,598.91,598.92,598.95,943,350,598.9418793503481,8.340066640442957e-08,-0.00040443985894766943
2025-02-26 16:30:00+00:00,598.66,598.66,598.68,2353,100,598.6791846718303,1.739512296463628e-07,-0.00024258331376747488
2025-02-26 16:31:00+00:00,598.49,598.49,598.51,58,300,598.4932402234638,1.676406381041111e-07,-0.00029462082361075836
2025-02-26 16:32:00+00:00,598.37,598.36,598.38,500,40,598.3785185185186,1.8919149194827228e-07,-0.0002401778869489668
2025-02-26 16:33:00+00:00,598.19,598.17,598.2,551,391,598.1875477707006,1.629403294438521e-07,0.0003143862094037164
2025-02-26 16:34:00+00:00,598.4,598.39,598.4,100,80,598.3955555555556,1.20171202928481e-07,0.0002497228063766954
2025-02-26 16:35:00+00:00,598.52,598.55,598.58,1075,600,598.5692537313433,1.231601379480647e-07,0.00025538211847830894
2025-02-26 16:36:00+00:00,598.76,598.7,598.72,300,400,598.7085714285714,1.0258997731724702e-07,0.00017009121940758654
2025-02-26 16:37:00+00:00,598.83,598.83,598.85,1100,50,598.8491304347826,1.305600808542042e-07,0.000628424391204474
2025-02-26 16:38:00+00:00,599.17,599.17,599.19,500,132,599.1858227848102,7.658183621473932e-08,0.00022723596336482466
2025-02-26 16:39:00+00:00,599.34,599.32,599.35,850,700,599.3364516129033,5.894387460609469e-08,-6.93104762783392e-05
2025-02-26 16:40:00+00:00,599.28,599.26,599.28,500,102,599.276611295681,1.1052264915526835e-07,-0.00017097769203211488
2025-02-26 16:41:00+00:00,599.16,599.15,599.18,400,500,599.1633333333333,1.0498100101473014e-07,-0.000488010576927822
2025-02-26 16:42:00+00:00,598.89,598.89,598.91,100,400,598.894,2.0474891255999032e-07,-0.0008735211984035596
2025-02-26 16:43:00+00:00,598.35,598.35,598.36,7,448,598.3501538461538,8.464415007703447e-08,0.0002781391345372253
2025-02-26 16:44:00+00:00,598.51,598.49,598.52,900,598,598.5080240320427,1.2584787202403786e-07,0.0005565481111644566
2025-02-26 16:45:00+00:00,598.87,598.86,598.88,800,155,598.8767539267017,7.281963819031115e-08,4.898804857789152e-05
2025-02-26 16:46:00+00:00,598.88,598.86,598.88,696,100,598.8774874371859,6.34188971065606e-08,3.0402396023365696e-05
2025-02-26 16:47:00+00:00,598.86,598.85,598.86,650,164,598.8579852579853,8.871623209444296e-08,-0.00017960304033937113
2025-02-26 16:48:00+00:00,598.79,598.78,598.8,700,550,598.7912,9.31952594398429e-08,-2.9851496114230436e-05
2025-02-26 16:49:00+00:00,598.78,598.76,598.79,858,200,598.7843289224952,3.2750300111123425e-08,0.00010837969282762039
2025-02-26 16:50:00+00:00,598.85,598.84,598.86,450,210,598.8536363636364,9.33026348923466e-08,6.666768573593274e-05
2025-02-26 16:51:00+00:00,598.85,598.83,598.86,800,800,598.845,9.911508960867808e-08,0.00048566690357754183
2025-02-26 16:52:00+00:00,599.16,599.14,599.16,1400,36,599.1594986072423,7.465843259671638e-08,-2.9039161817845383e-05
2025-02-26 16:53:00+00:00,599.14,599.11,599.14,250,581,599.1190252707581,7.54230828544589e-08,-1.1512804094282458e-05
2025-02-26 16:54:00+00:00,599.15,599.15,599.16,600,155,599.1579470198676,5.803705380593553e-08,-3.0188851362633606e-05
2025-02-26 16:55:00+00:00,599.12,599.11,599.13,402,9,599.1295620437957,1.139078681271555e-07,-0.0002994249540776428
2025-02-26 16:56:00+00:00,598.94,598.92,598.95,950,600,598.9383870967742,1.0990451159460031e-07,-0.0006328097489999296
2025-02-26 16:57:00+00:00,598.55,598.55,598.57,960,700,598.5615662650603,1.955793796495298e-07,-0.00019983178957960757
2025-02-26 16:58:00+00:00,598.43,598.42,598.44,195,100,598.4332203389831,1.1029263647878411e-07,-0.0005348769343316295
2025-02-26 16:59:00+00:00,598.13,598.17,598.19,650,250,598.1844444444445,1.9580814330009286e-07,-0.00024089507477054184
2025-02-26 17:00:00+00:00,598.02,598.0,598.02,320,850,598.00547008547,1.8313862489408057e-07,5.598795119698963e-05
2025-02-26 17:01:00+00:00,598.0,598.0,598.02,150,450,598.005,1.0193462591639091e-07,0.0001820833681707157
2025-02-26 17:02:00+00:00,598.12,598.12,598.13,847,82,598.1291173304628,2.2903995742704756e-07,0.0004662714814616109
2025-02-26 17:03:00+00:00,598.39,598.39,598.4,850,100,598.3989473684211,1.047092563570064e-07,-2.5995053512750665e-05
2025-02-26 17:04:00+00:00,598.39,598.37,598.38,100,101,598.3749751243781,1.0434088600104609e-07,0.00017685504227804572
2025-02-26 17:05:00+00:00,598.47,598.47,598.49,250,250,598.48,5.598012350628613e-08,-1.716395549744565e-05
2025-02-26 17:06:00+00:00,598.51,598.5,598.53,450,1230,598.5080357142857,1.078712926378627e-07,0.0005840679048558783
2025-02-26 17:07:00+00:00,598.83,598.83,598.85,150,300,598.8366666666667,5.023293213874076e-08,-1.6118279711818673e-05
2025-02-26 17:08:00+00:00,598.82,598.82,598.84,150,300,598.8266666666667,9.564035265325764e-08,0.00013036538560906585
2025-02-26 17:09:00+00:00,598.93,598.92,598.93,50,196,598.9220325203252,1.2161259072884066e-07,-0.0006813563572602988
2025-02-26 17:10:00+00:00,598.48,598.47,598.5,1001,1000,598.4850074962519,9.002555489048171e-08,0.00013475845545762866
2025-02-26 17:11:00+00:00,598.57,598.56,598.57,3180,150,598.5695495495496,4.171810736853709e-08,0.00011147164170077772
2025-02-26 17:12:00+00:00,598.63,598.62,598.64,350,186,598.6330597014926,6.975225986969355e-08,0.0005085167764828924
2025-02-26 17:13:00+00:00,599.01,599.0,599.01,200,150,599.0057142857142,4.572218008359866e-08,4.9321484426156914e-05
2025-02-26 17:14:00+00:00,598.96,598.96,598.99,450,452,598.9749667405765,5.3604879115145864e-08,0.00010848897160853355
2025-02-26 17:15:00+00:00,599.04,599.03,599.05,100,589,599.0329027576197,8.442471031679395e-08,1.558046699101645e-05
2025-02-26 17:16:00+00:00,599.04,599.05,599.08,500,800,599.0615384615385,3.5225323835010294e-08,0.00034310276986171395
2025-02-26 17:17:00+00:00,599.24,599.25,599.27,150,190,599.2588235294118,3.770583714431517e-08,-1.8784720705600222e-06
2025-02-26 17:18:00+00:00,599.27,599.27,599.3,450,700,599.2817391304347,7.695226933886981e-07,-0.0016556349012706306
2025-02-26 17:19:00+00:00,598.39,598.39,598.4,100,150,598.394,6.374800461501844e-07,0.0005711880009229287
2025-02-26 17:20:00+00:00,598.64,598.62,598.64,400,4,598.6398019801981,1.3338416954191874e-07,5.9733180657106644e-05
2025-02-26 17:21:00+00:00,598.67,598.67,598.69,480,50,598.6881132075472,2.306265704574678e-07,-0.0006337625229982935
2025-02-26 17:22:00+00:00,598.26,598.28,598.31,230,1084,598.2852511415525,2.0474789587631217e-07,-0.00023370847325177024
2025-02-26 17:23:00+00:00,598.15,598.14,598.17,280,480,598.151052631579,1.3193616848222237e-07,0.00039764733140712494
2025-02-26 17:24:00+00:00,598.34,598.35,598.38,280,608,598.3594594594595,1.1288222364157894e-07,7.812093578563051e-05
2025-02-26 17:25:00+00:00,598.41,598.4,598.43,353,400,598.4140637450199,1.5884920577748656e-07,-0.000543296934124915
2025-02-26 17:26:00+00:00,598.09,598.09,598.12,511,347,598.1078671328672,1.4525639495297696e-07,0.00043054440877465794
2025-02-26 17:27:00+00:00,598.35,598.3,598.33,900,100,598.327,1.2223122192463222e-07,-0.00016109451419787923
2025-02-26 17:28:00+00:00,598.23,598.23,598.25,200,700,598.2344444444444,3.0932866759940245e-07,0.00024655525914218934
2025-02-26 17:29:00+00:00,598.44,598.42,598.45,280,333,598.4337030995106,2.559344802629743e-07,0.0004234529070563653
2025-02-26 17:30:00+00:00,598.6,598.58,598.61,449,830,598.5905316653636,2.599894806635614e-07,7.151206661437648e-05
2025-02-26 17:31:00+00:00,598.67,598.66,598.69,980,370,598.6817777777778,1.4129901543872204e-07,-0.0004970374097330588
2025-02-26 17:32:00+00:00,598.4,598.38,598.41,150,780,598.3848387096774,3.9492426380031606e-07,-0.0006095407022208565
2025-02-26 17:33:00+00:00,598.05,598.05,598.08,130,200,598.0618181818181,2.1656054994990288e-07,-6.897733780919513e-05
2025-02-26 17:34:00+00:00,598.03,598.04,598.07,350,800,598.0491304347826,2.552377137209021e-07,-7.977108463408378e-05
2025-02-26 17:35:00+00:00,597.88,597.88,597.9,117,150,597.8887640449437,2.9424272018424654e-07,-0.0009078502165446034
2025-02-26 17:36:00+00:00,597.35,597.38,597.41,150,430,597.3877586206897,1.769679039219995e-07,0.000531459163157999
2025-02-26 17:37:00+00:00,597.7,597.68,597.71,583,850,597.6922051639916,1.6146131696293988e-07,-0.00019562465173583732
2025-02-26 17:38:00+00:00,597.57,597.58,597.61,230,430,597.5904545454547,2.1080009293676214e-07,0.00011153204160430086
2025-02-26 17:39:00+00:00,597.69,597.66,597.69,280,330,597.6737704918032,1.3042155146622736e-07,-0.0006664156845317404
2025-02-26 17:40:00+00:00,597.27,597.25,597.27,551,16,597.2694356261023,2.1517128555054539e-07,-0.00041024565161396076
2025-02-26 17:41:00+00:00,597.04,597.02,597.04,1115,330,597.0354325259515,1.378047321567422e-07,0.00029303362451349457
2025-02-26 17:42:00+00:00,597.16,597.17,597.19,900,900,597.18,2.5759548088691877e-07,-9.495075285914645e-05
2025-02-26 17:43:00+00:00,597.15,597.14,597.17,550,550,597.155,1.3050377491024544e-07,0.0003164686732575195
2025-02-26 17:44:00+00:00,597.33,597.3,597.33,330,520,597.3116470588236,1.9257394147582426e-07,1.809283399922812e-05
2025-02-26 17:45:00+00:00,597.3,597.3,597.34,580,437,597.3228121927237,1.3568671153658542e-07,-2.996260286436403e-05
2025-02-26 17:46:00+00:00,597.29,597.28,597.29,3,250,597.2801185770751,1.2886150793722882e-07,-0.0003187478074884176
2025-02-26 17:47:00+00:00,597.12,597.1,597.13,480,381,597.116724738676,1.787276426587239e-07,-0.00021688801818420256
2025-02-26 17:48:00+00:00,596.97,596.95,596.99,830,430,596.9763492063493,1.299949074369375e-07,0.00019354590394282667
2025-02-26 17:49:00+00:00,597.08,597.09,597.11,380,100,597.1058333333334,4.544980472677943e-08,-0.0003091889108932655
2025-02-26 17:50:00+00:00,596.94,596.93,596.96,232,400,596.9410126582278,1.396986781587128e-07,-7.862413701098525e-06
2025-02-26 17:51:00+00:00,596.92,596.88,596.91,243,370,596.8918923327896,1.8531304182981e-07,-0.0006993136696213931
2025-02-26 17:52:00+00:00,596.51,596.51,596.53,300,650,596.5163157894737,2.3803010113061194e-07,-0.000926323410069485
2025-02-26 17:53:00+00:00,595.94,595.94,595.97,580,330,595.959120879121,1.1526045835043662e-07,0.0007463721200959839
2025-02-26 17:54:00+00:00,596.48,596.46,596.49,1200,450,596.4818181818182,1.71881008639229e-07,-0.00022515640519071844
2025-02-26 17:55:00+00:00,596.28,596.28,596.31,700,450,596.2982608695652,1.3868530939615152e-07,-0.00020522742160378193
2025-02-26 17:56:00+00:00,596.12,596.11,596.14,1050,500,596.1303225806452,2.0338323588767626e-07,-0.0006376032893484762
2025-02-26 17:57:00+00:00,595.78,595.76,595.78,250,100,595.7742857142857,2.2950669260221238e-07,-0.0005910163852604899
2025-02-26 17:58:00+00:00,595.4,595.37,595.4,880,230,595.3937837837838,2.3652514077416637e-07,-0.0001983175428674766
2025-02-26 17:59:00+00:00,595.28,595.27,595.29,750,200,595.2857894736842,2.413737893271681e-07,0.000570943173887617
2025-02-26 18:00:00+00:00,595.61,595.59,595.62,500,401,595.6066481687016,2.2617660076858828e-07,-6.144985894518395e-05
2025-02-26 18:01:00+00:00,595.6,595.58,595.61,543,900,595.5912889812889,2.398737180270945e-07,-0.0005712334874905522
2025-02-26 18:02:00+00:00,595.25,595.25,595.29,400,200,595.2766666666666,5.880043823904315e-07,0.00011382633184275903
2025-02-26 18:03:00+00:00,595.3,595.27,595.3,100,100,595.285,3.169392667708479e-07,0.00010599646762576853
2025-02-26 18:04:00+00:00,595.36,595.36,595.39,151,700,595.3653231492362,1.4057697591430747e-07,1.7886559079860476e-05
2025-02-26 18:05:00+00:00,595.39,595.37,595.39,40,438,595.3716736401673,2.0518660576509836e-07,-6.607365785959995e-05
2025-02-26 18:06:00+00:00,595.35,595.35,595.37,200,130,595.3621212121212,1.5660448760254884e-07,-0.0003242533625225086
2025-02-26 18:07:00+00:00,595.16,595.13,595.16,130,430,595.1369642857143,2.354584010711018e-07,-0.000159126627294226
2025-02-26 18:08:00+00:00,595.09,595.08,595.11,380,480,595.0932558139535,1.9962070202137394e-07,0.00015096618357479663
2025-02-26 18:09:00+00:00,595.16,595.17,595.19,400,150,595.1845454545454,1.4002719896183626e-07,0.0005679780969884973
2025-02-26 18:10:00+00:00,595.51,595.47,595.49,200,100,595.4833333333333,1.6914494239126074e-07,0.00027866805203236034
2025-02-26 18:11:00+00:00,595.67,595.66,595.68,385,50,595.6777011494253,1.713898091004334e-07,-0.0006448028354821833
2025-02-26 18:12:00+00:00,595.3,595.27,595.3,350,1070,595.2773943661972,1.5946557890434564e-07,-0.0003459120054351006
2025-02-26 18:13:00+00:00,595.06,595.05,595.07,280,530,595.0569135802468,1.3263043821262578e-07,0.00020336359980621665
2025-02-26 18:14:00+00:00,595.21,595.21,595.22,150,100,595.216,1.1616400490612531e-07,0.0004403346543371267
2025-02-26 18:15:00+00:00,595.44,595.41,595.44,512,650,595.4232185886403,1.8952614881330312e-07,-0.0009479473776686786
2025-02-26 18:16:00+00:00,594.85,594.85,594.87,100,150,594.858,3.459035342739331e-07,-0.0002020196718600653
2025-02-26 18:17:00+00:00,594.77,594.75,594.78,380,400,594.7646153846155,1.678467940553468e-07,7.424985713955223e-05
2025-02-26 18:18:00+00:00,594.82,594.8,594.83,300,300,594.815,8.997236128361452e-08,4.2743035624681625e-05
2025-02-26 18:19:00+00:00,594.84,594.81,594.84,362,400,594.8242519685039,1.2035945450103204e-07,0.0004553324715643736
2025-02-26 18:20:00+00:00,595.1,595.08,595.11,400,1250,595.0872727272728,1.4953934640112485e-07,-0.00016662309438719713
2025-02-26 18:21:00+00:00,594.98,594.97,595.0,450,450,594.985,1.7114471194159247e-07,0.0007532940418948364
2025-02-26 18:22:00+00:00,595.46,595.43,595.46,612,280,595.4505829596413,1.2369948910423148e-07,4.28488982064934e-05
2025-02-26 18:23:00+00:00,595.54,595.52,595.54,100,1000,595.5218181818182,1.4871555134087788e-07,0.00011469045394796318
2025-02-26 18:24:00+00:00,595.45,595.42,595.45,400,300,595.4371428571428,1.4309710816702272e-07,-0.0004359771419181202
2025-02-26 18:25:00+00:00,595.3,595.29,595.31,400,650,595.297619047619,1.0044564156135203e-07,-0.0004768513187478618
2025-02-26 18:26:00+00:00,595.03,595.02,595.03,900,242,595.0278809106829,1.2524970114121332e-07,-0.00047219287272326493
2025-02-26 18:27:00+00:00,594.73,594.71,594.73,750,197,594.7258394931362,6.658257902497742e-08,0.0002566228150948646
2025-02-26 18:28:00+00:00,594.88,594.89,594.92,380,1180,594.8973076923077,1.9939807549551775e-07,-0.0009434972162832844
2025-02-26 18:29:00+00:00,594.3,594.32,594.34,100,100,594.33,2.1887883161074832e-07,-0.0006471609972665826
2025-02-26 18:30:00+00:00,593.91,593.89,593.93,1151,650,593.9155635757912,2.3158422885633845e-07,0.0007308421868670312
2025-02-26 18:31:00+00:00,594.3,594.28,594.3,650,100,594.2973333333332,1.7260530639292427e-07,-0.000603778626871776
2025-02-26 18:32:00+00:00,594.01,593.97,594.0,400,1050,593.9782758620689,1.9531011887993022e-07,0.00044990019068480436
2025-02-26 18:33:00+00:00,594.25,594.24,594.27,900,550,594.2586206896551,1.592341970293447e-07,0.00037582729475649224
2025-02-26 18:34:00+00:00,594.44,594.39,594.42,900,500,594.4092857142857,1.6509298826636446e-07,-0.00023091297187805004
2025-02-26 18:35:00+00:00,594.37,594.34,594.37,1000,250,594.364,1.1085508845031437e-07,-0.00016498986525093073
2025-02-26 18:36:00+00:00,594.27,594.25,594.27,300,200,594.262,9.447878390902884e-08,-0.00013582365970921106
2025-02-26 18:37:00+00:00,594.18,594.17,594.19,500,200,594.1842857142857,1.5799395584741205e-07,-0.00011536065351036573
2025-02-26 18:38:00+00:00,594.07,594.07,594.08,150,100,594.076,1.375308137570244e-07,0.00019209021903954238
2025-02-26 18:39:00+00:00,594.3,594.3,594.31,1300,25,594.3098113207546,2.119845837005323e-07,-0.0006959907893291373
2025-02-26 18:40:00+00:00,593.8,593.78,593.8,200,350,593.7872727272727,1.8453168596250699e-07,0.00029038877362674853
2025-02-26 18:41:00+00:00,593.94,593.95,593.98,400,550,593.9626315789474,1.6832070623267956e-07,-0.0002603535128730128
2025-02-26 18:42:00+00:00,593.84,593.82,593.84,203,400,593.8267330016585,2.069440044002351e-07,-0.0008062702583303549
2025-02-26 18:43:00+00:00,593.3,593.29,593.31,52,450,593.2920717131474,1.6131395840714128e-07,0.0001248530340733911
2025-02-26 18:44:00+00:00,593.42,593.42,593.44,250,350,593.4283333333333,1.598746618721608e-07,0.0003337709512858389
2025-02-26 18:45:00+00:00,593.62,593.62,593.63,12,450,593.6202597402597,1.9893910425851595e-07,0.00038373358538290603
2025-02-26 18:46:00+00:00,593.81,593.81,593.83,380,100,593.8258333333334,1.4077458698874087e-07,-0.001030972003753905
2025-02-26 18:47:00+00:00,593.25,593.23,593.25,100,450,593.2336363636364,2.1575354766974385e-07,0.00024548961331416486
2025-02-26 18:48:00+00:00,593.41,593.41,593.42,96,1,593.4198969072164,1.367759321690375e-07,-0.00042973544587154855
2025-02-26 18:49:00+00:00,593.13,593.14,593.16,200,160,593.151111111111,7.44819118570397e-08,7.963126524379582e-05
2025-02-26 18:50:00+00:00,593.18,593.17,593.19,1050,1669,593.1777234277308,1.730467223598153e-07,0.00010441122399984515
2025-02-26 18:51:00+00:00,593.22,593.22,593.23,80,100,593.2244444444444,1.6978359099415754e-07,4.7002183838129596e-05
2025-02-26 18:52:00+00:00,593.26,593.25,593.28,450,501,593.2641955835962,1.726576063843258e-07,-0.000393390100810187
2025-02-26 18:53:00+00:00,593.03,593.0,593.03,430,800,593.010487804878,1.6239494891100902e-07,1.8034811908096415e-05
2025-02-26 18:54:00+00:00,593.01,593.02,593.04,1050,203,593.0367597765363,9.745547336024468e-08,1.803360711227775e-05
2025-02-26 18:55:00+00:00,593.05,593.05,593.07,230,147,593.062201591512,1.2078749400966372e-07,-0.0007591814877285774
2025-02-26 18:56:00+00:00,592.57,592.56,592.57,375,100,592.567894736842,3.9874045226948574e-07,-0.000753902623849223
2025-02-26 18:57:00+00:00,592.14,592.12,592.14,501,108,592.1364532019705,1.5832655779842032e-07,0.0006457932017600587
2025-02-26 18:58:00+00:00,592.54,592.52,592.54,100,1000,592.5218181818182,1.5288447255995283e-07,9.828601656014513e-05
2025-02-26 18:59:00+00:00,592.6,592.59,592.61,555,460,592.6009359605911,1.293419240262571e-07,-4.3928085139421924e-05
2025-02-26 19:00:00+00:00,592.56,592.55,592.57,230,380,592.5575409836065,2.182912794764795e-07,-0.00024300680419053755
2025-02-26 19:01:00+00:00,592.46,592.44,592.46,1956,500,592.4559283387622,2.1908247703942844e-07,0.0004008944176188134
2025-02-26 19:02:00+00:00,592.65,592.62,592.65,550,601,592.6343353605561,2.1958906070435356e-07,0.0005497747736635805
2025-02-26 19:03:00+00:00,593.0,593.0,593.01,28,328,593.000786516854,1.7306017294904126e-07,0.00015164661323074924
2025-02-26 19:04:00+00:00,593.05,593.05,593.07,500,500,593.06,1.7831373532324816e-07,-0.0009631956809161846
2025-02-26 19:05:00+00:00,592.54,592.52,592.55,150,900,592.5242857142857,1.5976492415340957e-07,-0.00020861278004491446
2025-02-26 19:06:00+00:00,592.36,592.37,592.39,800,100,592.3877777777777,1.2464120380552754e-07,6.363242566931326e-05
2025-02-26 19:07:00+00:00,592.42,592.41,592.43,700,100,592.4274999999999,2.0872396770666196e-07,-0.0008070097315405755
2025-02-26 19:08:00+00:00,591.93,591.9,591.92,150,100,591.912,1.8058487538205063e-07,0.0002075464867929977
2025-02-26 19:09:00+00:00,592.14,592.14,592.16,330,180,592.1529411764706,2.2038911552654397e-07,0.00012261565738325153
2025-02-26 19:10:00+00:00,592.13,592.14,592.17,500,400,592.1566666666666,1.7366442219114819e-07,5.687097497664162e-05
2025-02-26 19:11:00+00:00,592.17,592.2,592.22,200,505,592.2056737588653,2.0772758456793688e-07,0.00035597900908324043
2025-02-26 19:12:00+00:00,592.37,592.37,592.39,200,501,592.3757061340941,2.0661441252793116e-07,0.00041248496221757414
2025-02-26 19:13:00+00:00,592.67,592.67,592.68,100,100,592.675,1.1387106934288278e-07,-0.0005432511642481375
2025-02-26 19:14:00+00:00,592.3,592.29,592.31,280,110,592.3043589743589,1.643037787361457e-07,0.00034678576528945904
2025-02-26 19:15:00+00:00,592.53,592.5,592.53,380,1150,592.5074509803922,1.6470739884420998e-07,-3.8381864160830226e-05
2025-02-26 19:16:00+00:00,592.47,592.46,592.49,300,1000,592.4669230769231,2.701749539717978e-07,4.89455607219913e-05
2025-02-26 19:17:00+00:00,592.55,592.51,592.54,500,650,592.5230434782609,2.8098344531055173e-07,0.00035610371900540727
2025-02-26 19:18:00+00:00,592.74,592.72,592.74,397,100,592.7359758551308,1.6325017283170602e-07,0.000334740351548124
2025-02-26 19:19:00+00:00,592.91,592.89,592.91,500,500,592.9,1.622472672283997e-07,0.0002781442361503572
2025-02-26 19:20:00+00:00,593.05,593.04,593.07,450,150,593.0625,1.7159437850201323e-07,0.00041469073023714387
2025-02-26 19:21:00+00:00,593.34,593.33,593.35,106,1000,593.3319168173598,9.598332795261929e-08,-4.654809742654642e-05
2025-02-26 19:22:00+00:00,593.33,593.32,593.34,300,1200,593.3240000000001,1.5223993866447144e-07,0.0008215696739661826
2025-02-26 19:23:00+00:00,593.79,593.78,593.8,136,300,593.78623853211,1.0270052060987106e-07,-0.00016523571350013366
2025-02-26 19:24:00+00:00,593.73,593.69,593.72,450,850,593.7003846153846,1.3401336646052443e-07,-0.0004639570667854809
2025-02-26 19:25:00+00:00,593.43,593.42,593.44,210,100,593.4335483870967,1.592703188950798e-07,0.00028024157551409523
2025-02-26 19:26:00+00:00,593.6,593.57,593.59,160,550,593.5745070422536,1.0354117131380593e-07,5.8681507020486023e-05
2025-02-26 19:27:00+00:00,593.63,593.61,593.62,50,1,593.6198039215686,1.4828930809500921e-07,0.00035904261039521046
2025-02-26 19:28:00+00:00,593.83,593.82,593.85,560,2010,593.8265369649806,1.442697601224492e-07,-0.00045342904084944013
2025-02-26 19:29:00+00:00,593.56,593.53,593.55,250,200,593.5411111111111,1.285656583200489e-07,-0.00033282292996483775
2025-02-26 19:30:00+00:00,593.39,593.35,593.38,750,300,593.3714285714286,1.6271750766956893e-07,4.90259313457031e-06
2025-02-26 19:31:00+00:00,593.36,593.34,593.37,860,310,593.3620512820513,1.569732452776819e-07,0.0004703402229748743
2025-02-26 19:32:00+00:00,593.68,593.67,593.7,200,874,593.6755865921788,1.1720003094471884e-07,0.00019716261870827978
2025-02-26 19:33:00+00:00,593.76,593.76,593.79,920,699,593.7770475602223,1.419619937312813e-07,-0.00014647770036158025
2025-02-26 19:34:00+00:00,593.69,593.67,593.69,867,100,593.6879317476732,8.85013635535558e-08,0.00029932337132088094
2025-02-26 19:35:00+00:00,593.9,593.89,593.91,100,1200,593.8915384615385,1.524579009499523e-07,8.147990632867419e-05
2025-02-26 19:36:00+00:00,593.94,593.91,593.92,1,1050,593.9100095147479,7.293279762917938e-08,0.00018829918716911642
2025-02-26 19:37:00+00:00,594.02,594.01,594.04,400,850,594.0196,1.587917518635768e-07,-0.0005255490841664656
2025-02-26 19:38:00+00:00,593.71,593.72,593.74,610,1000,593.7275776397515,1.2691629633948401e-07,0.0005819690151247503
2025-02-26 19:39:00+00:00,594.04,594.04,594.06,650,1800,594.045306122449,9.175690996992134e-08,0.00010749559140732501
2025-02-26 19:40:00+00:00,594.09,594.08,594.1,420,700,594.0875,1.1512539854057252e-07,-0.00016200086159301463
2025-02-26 19:41:00+00:00,594.01,594.0,594.01,200,1450,594.0012121212121,7.300207437592472e-08,0.0004732316608584419
2025-02-26 19:42:00+00:00,594.29,594.28,594.3,779,1100,594.2882916444918,1.619926745248607e-07,0.00034856179726849845
2025-02-26 19:43:00+00:00,594.52,594.51,594.53,100,954,594.5118975332068,7.812035003803695e-08,-0.0003478169672774811
2025-02-26 19:44:00+00:00,594.29,594.29,594.32,650,1050,594.3014705882352,1.0205085486555163e-07,-0.0002341830466255912
2025-02-26 19:45:00+00:00,594.18,594.17,594.19,150,1300,594.1720689655173,9.90697500544786e-08,6.802191567967242e-05
2025-02-26 19:46:00+00:00,594.23,594.23,594.25,100,760,594.2323255813953,6.99919148693528e-08,0.00041156008791620735
2025-02-26 19:47:00+00:00,594.44,594.45,594.46,176,120,594.455945945946,1.0330614666700259e-07,-0.0005400486632987089
2025-02-26 19:48:00+00:00,594.13,594.14,594.17,975,250,594.1638775510204,9.193537120888905e-08,-3.343111977738289e-05
2025-02-26 19:49:00+00:00,594.09,594.09,594.12,895,245,594.113552631579,6.548661918349536e-08,-0.00017031146271617725
2025-02-26 19:50:00+00:00,594.0,593.99,594.01,326,250,594.0013194444444,9.01962482041695e-08,0.00013519293276353928
2025-02-26 19:51:00+00:00,594.09,594.08,594.11,350,1025,594.0876363636364,2.90039688581921e-07,-0.00044347971463476465
2025-02-26 19:52:00+00:00,593.86,593.86,593.89,500,500,593.875,1.0108620943020013e-07,-4.525064960303471e-05
2025-02-26 19:53:00+00:00,593.81,593.79,593.82,450,450,593.805,8.364211046874695e-08,0.00011471434664289681
2025-02-26 19:54:00+00:00,593.87,593.87,593.9,500,768,593.8818296529969,8.717509960723343e-08,0.00016945551057823138
2025-02-26 19:55:00+00:00,593.99,593.96,593.99,308,700,593.9691666666668,6.089767382944676e-08,-0.00037326964573514143
2025-02-26 19:56:00+00:00,593.75,593.74,593.76,200,301,593.7479840319361,7.561127356822264e-08,-0.0003341767570534948
2025-02-26 19:57:00+00:00,593.55,593.53,593.55,968,210,593.5464346349745,1.1050297697499024e-07,-0.0006797710504222731
2025-02-26 19:58:00+00:00,593.14,593.12,593.14,200,1100,593.123076923077,2.3080738976338317e-07,-0.000701628452935199
2025-02-26 19:59:00+00:00,592.68,592.66,592.69,1053,500,592.6803412749517,1.8307369055960394e-07,1.3653793188073138e-05
2025-02-26 20:00:00+00:00,592.76,592.75,592.77,1050,5,592.7699052132701,2.365624558920954e-07,2.333231227313881e-05
2025-02-26 20:01:00+00:00,592.79,592.77,592.79,150,900,592.7728571428571,2.4762090101389677e-07,0.00032897234101780803
2025-02-26 20:02:00+00:00,592.97,592.9,592.91,100,950,592.9009523809524,1.7195789330763865e-07,-0.00016382976160367324
2025-02-26 20:03:00+00:00,592.89,592.89,592.91,500,250,592.9033333333333,1.2102682885394532e-07,-0.0002039866460573636
2025-02-26 20:04:00+00:00,592.72,592.7,592.71,200,300,592.704,1.2236546050232699e-07,-5.002320356961576e-05
2025-02-26 20:05:00+00:00,592.7,592.69,592.71,180,300,592.6975000000001,1.378592652943885e-07,0.0005704582277978876
2025-02-26 20:06:00+00:00,593.03,593.05,593.06,250,100,593.0571428571428,1.926486215621168e-07,0.0004315952495383968
2025-02-26 20:07:00+00:00,593.31,593.29,593.31,180,320,593.2972,1.1771635725649505e-07,-8.786081846789973e-05
2025-02-26 20:08:00+00:00,593.26,593.25,593.27,200,300,593.258,9.484433245832832e-08,0.00026471303199882
2025-02-26 20:09:00+00:00,593.4,593.39,593.42,600,450,593.4071428571428,1.1925228756579445e-07,-2.1545118559229692e-06
2025-02-26 20:10:00+00:00,593.44,593.4,593.43,900,250,593.4234782608696,2.0423236842865948e-07,0.00024608779413459736
2025-02-26 20:11:00+00:00,593.53,593.51,593.54,1100,350,593.5327586206896,9.570773048168876e-08,-0.00019122359513823461
2025-02-26 20:12:00+00:00,593.45,593.41,593.43,850,50,593.4288888888889,8.58485295774421e-08,0.00011190888444501113
2025-02-26 20:13:00+00:00,593.5,593.49,593.51,600,100,593.5071428571429,8.906847266603673e-08,0.000203020358086059
2025-02-26 20:14:00+00:00,593.62,593.61,593.62,451,35,593.6192798353909,8.969502473015646e-08,-0.0006241605981580634
2025-02-26 20:15:00+00:00,593.25,593.23,593.25,100,950,593.2319047619047,1.740782065999268e-07,-0.0004243514593302855
2025-02-26 20:16:00+00:00,592.99,592.99,593.0,250,50,592.9983333333333,1.6378881647034896e-07,0.0002818611508608182
2025-02-26 20:17:00+00:00,593.19,593.17,593.2,479,650,593.1827280779452,9.389580981628579e-08,-0.00015488754710413222
2025-02-26 20:18:00+00:00,593.09,593.06,593.09,250,900,593.0665217391304,1.1134917243491894e-07,0.0004995253659656473
2025-02-26 20:19:00+00:00,593.37,593.36,593.38,350,100,593.3755555555556,1.1494702607189096e-07,0.00012458067015064245
2025-02-26 20:20:00+00:00,593.45,593.41,593.42,905,100,593.4190049751244,1.6625118927288508e-07,-0.0003255815076463886
2025-02-26 20:21:00+00:00,593.22,593.21,593.23,150,198,593.2186206896553,9.609503720726413e-08,0.0003667623277969767
2025-02-26 20:22:00+00:00,593.44,593.42,593.45,1050,400,593.441724137931,1.1446431571746273e-07,-0.0001324811559292316
2025-02-26 20:23:00+00:00,593.38,593.36,593.39,400,1150,593.3677419354839,1.1758132842719077e-07,0.0004880076718816184
2025-02-26 20:24:00+00:00,593.68,593.67,593.69,100,982,593.6718484288355,9.782211836773755e-08,-2.983994121008582e-05
2025-02-26 20:25:00+00:00,593.65,593.65,593.67,300,221,593.6615163147793,9.408212680295768e-08,0.000320834892169497
2025-02-26 20:26:00+00:00,593.89,593.87,593.88,100,180,593.8735714285715,1.0334242188982725e-07,-8.006329240806132e-06
2025-02-26 20:27:00+00:00,593.85,593.84,593.86,200,385,593.8468376068377,6.893055557185327e-08,5.731217469495675e-05
2025-02-26 20:28:00+00:00,593.92,593.91,593.93,250,200,593.9211111111111,8.521356248770729e-08,-8.641869605297003e-05
2025-02-26 20:29:00+00:00,593.83,593.81,593.84,900,292,593.8326510067114,9.751516836734461e-08,-0.00036676843493854694
2025-02-26 20:30:00+00:00,593.58,593.58,593.59,30,950,593.580306122449,2.0400888522329585e-07,-0.00014761034067090062
2025-02-26 20:31:00+00:00,593.54,593.52,593.54,400,441,593.5295124851367,1.5392309168651005e-07,-0.0003221441048976148
2025-02-26 20:32:00+00:00,593.37,593.35,593.38,400,850,593.3596,1.8571779879093097e-07,0.000674158818334325
2025-02-26 20:33:00+00:00,593.74,593.71,593.73,650,100,593.7273333333334,8.67486653686545e-08,0.00018185219817956622
2025-02-26 20:34:00+00:00,593.83,593.81,593.83,580,100,593.8270588235295,8.174983995101556e-08,-0.00012119674118837853
2025-02-26 20:35:00+00:00,593.76,593.76,593.77,450,100,593.7681818181818,1.0634874175080697e-07,-0.00031401110275963706
2025-02-26 20:36:00+00:00,593.59,593.59,593.61,400,200,593.6033333333334,8.718974672589523e-08,1.0078987708217468e-05
2025-02-26 20:37:00+00:00,593.58,593.55,593.57,700,300,593.564,1.3382980488995497e-07,0.0003916306027464955
2025-02-26 20:38:00+00:00,593.81,593.81,593.84,200,1112,593.8145731707317,1.1580665184217453e-07,-2.8188896357250748e-05
2025-02-26 20:39:00+00:00,593.81,593.8,593.82,506,205,593.8142334739804,9.096679324198236e-08,0.00032170749675075605
2025-02-26 20:40:00+00:00,594.01,593.99,594.01,1703,610,594.0047254647644,8.413379287670953e-08,-6.551491593631553e-05
2025-02-26 20:41:00+00:00,593.97,593.94,593.96,4,1088,593.9400732600733,1.1396723667937475e-07,0.0002597481805406421
2025-02-26 20:42:00+00:00,594.1,594.07,594.09,450,100,594.0863636363637,1.0435208068356118e-07,-5.014941974557097e-05
2025-02-26 20:43:00+00:00,594.07,594.04,594.06,400,400,594.05,8.94713436483493e-08,0.0007621377036852728
2025-02-26 20:44:00+00:00,594.51,594.5,594.52,100,1150,594.5016,1.3738552404023807e-07,0.00045229961873904934
2025-02-26 20:45:00+00:00,594.81,594.78,594.81,800,350,594.8008695652173,2.1871786463648514e-07,0.0005064212845351523
2025-02-26 20:46:00+00:00,595.13,595.11,595.13,300,58,595.1267597765363,1.4896777994697453e-07,-0.0004388915749393707
2025-02-26 20:47:00+00:00,594.84,594.83,594.86,1050,150,594.85625,2.7705928579603587e-07,0.0002964179222293417
2025-02-26 20:48:00+00:00,595.04,595.03,595.06,200,829,595.03583090379,1.541909430998664e-07,0.000146390997528556
2025-02-26 20:49:00+00:00,595.14,595.11,595.14,400,532,595.1228755364807,1.2750985260552758e-07,-0.00029286548472240437
2025-02-26 20:50:00+00:00,594.87,594.9,594.92,150,100,594.912,3.6891717703142516e-07,-0.0007346702928301418
2025-02-26 20:51:00+00:00,594.48,594.47,594.49,1132,10,594.4898248686515,2.394032027600406e-07,-0.00016872010761392886
2025-02-26 20:52:00+00:00,594.37,594.35,594.37,500,400,594.3611111111111,2.3369130147222082e-07,0.0004483349316435348
2025-02-26 20:53:00+00:00,594.68,594.64,594.66,10,250,594.6407692307693,1.5925105461905507e-07,-3.092870198406761e-05
2025-02-26 20:54:00+00:00,594.66,594.64,594.66,1000,348,594.6548367952522,2.885451391711492e-07,0.00016511936180196862
2025-02-26 20:55:00+00:00,594.71,594.72,594.73,356,150,594.7270355731225,2.8198356540371046e-07,-9.271962142831658e-05
2025-02-26 20:56:00+00:00,594.65,594.64,594.65,100,400,594.642,1.732695451942265e-07,-0.0008713117428076345
2025-02-26 20:57:00+00:00,594.17,594.16,594.17,100,100,594.165,1.634823383007368e-07,-5.72366629716381e-05
2025-02-26 20:58:00+00:00,594.14,594.11,594.13,450,300,594.122,1.2370984635667854e-07,-0.0004912222338619987
2025-02-26 20:59:00+00:00,593.82,593.81,593.82,300,200,593.816,3.6691805429028114e-07,0.0010390725322468874
2025-02-26 21:00:00+00:00,594.44,594.43,594.44,100,9500,594.4301041666665,6.872388873101701e-07,0.0006663452530022429
2025-02-26 21:01:00+00:00,594.82,594.82,594.88,2250,150,594.87625,3.84920770087116e-07,-0.0008289806406274192
2025-02-26 21:02:00+00:00,594.33,594.36,594.41,10,500,594.3609803921568,3.0111232890441975e-07,-7.438706663875916e-05
2025-02-26 21:03:00+00:00,594.34,594.28,594.34,660,1185,594.3014634146341,9.157004796497091e-08,0.0001694736183066592
2025-02-26 21:04:00+00:00,594.48,594.42,594.48,660,660,594.45,1.0791320362338379e-07,0.0004060000527126295
2025-02-26 21:05:00+00:00,594.6,594.62,594.69,550,150,594.6750000000001,1.5249425455259348e-07,0.00014144606541099947
2025-02-26 21:06:00+00:00,594.74,594.74,594.8,640,560,594.772,1.4559965842897437e-07,0.00017256076610938642
2025-02-26 21:07:00+00:00,594.82,594.79,594.85,660,2610,594.8021100917431,8.594052870108356e-08,0.00022484661679356144
2025-02-26 21:08:00+00:00,595.0,594.97,595.02,600,1200,594.9866666666667,6.269025065106386e-08,-4.844463075304173e-05
2025-02-26 21:09:00+00:00,594.92,594.93,594.98,570,170,594.9685135135136,9.606672276756854e-08,0.0001313592300413724
2025-02-26 21:10:00+00:00,594.99,594.99,595.05,1170,570,595.0303448275862,1.0558474074378891e-07,0.00020363271447232378
2025-02-26 21:11:00+00:00,595.14,595.11,595.15,160,1873,595.1131480570585,1.1608655891237115e-07,0.00010307882902993448
2025-02-26 21:12:00+00:00,595.17,595.2,595.24,1000,2000,595.2133333333334,1.1287539763978428e-07,-0.00014992690863180336
2025-02-26 21:13:00+00:00,595.11,595.11,595.19,500,3000,595.1214285714286,7.899181246941547e-08,-0.00011490947877967894
2025-02-26 21:14:00+00:00,595.06,595.01,595.06,1400,1200,595.0369230769231,1.715848676971517e-07,-0.0004940208131273272
2025-02-26 21:15:00+00:00,594.79,594.76,594.8,570,200,594.7896103896104,6.994055681576717e-08,0.00040440160199795017
2025-02-26 21:16:00+00:00,595.0,594.96,595.01,600,1600,594.9736363636364,7.183274278310682e-08,9.031421382665883e-05
2025-02-26 21:17:00+00:00,595.07,595.02,595.07,1200,1600,595.0414285714286,1.1686059518421234e-07,-0.0004161291664931399
2025-02-26 21:18:00+00:00,594.74,594.71,594.8,1800,1100,594.7658620689655,9.807385404385489e-08,3.4124209791430715e-05
2025-02-26 21:19:00+00:00,594.92,594.79,594.89,530,600,594.8369026548672,5.57958261130697e-07,-0.00017780321406857258
2025-02-26 21:20:00+00:00,594.98,594.72,594.87,1,500,594.7202994011976,1.9395163477688692e-05,0.0033036548147595823
2025-02-26 21:21:00+00:00,596.55,596.48,596.57,38,500,596.4863568773235,5.019926952318129e-06,-0.003655640241149394
2025-02-26 21:22:00+00:00,594.41,594.3,594.46,500,500,594.38,3.5075491124095347e-06,0.0019869777583074733
2025-02-26 21:23:00+00:00,595.74,595.48,595.61,550,65,595.5962601626017,7.665992676103517e-07,-0.00032723448353377815
2025-02-26 21:24:00+00:00,595.57,595.47,595.55,201,300,595.5020958083832,1.040696401176157e-06,-0.0002468669380490951
2025-02-26 21:25:00+00:00,595.27,595.21,595.37,550,885,595.2713240418118,5.239557187064602e-07,-0.0006849334825349551
2025-02-26 21:26:00+00:00,594.86,594.85,594.94,350,350,594.895,1.3417759580783957e-06,-0.0004909244989886874
2025-02-26 21:27:00+00:00,594.51,594.47,594.6,300,550,594.5158823529412,7.783567745924363e-07,-2.9092874138436642e-05
2025-02-26 21:28:00+00:00,594.61,594.57,594.67,500,500,594.62,3.547110859245855e-07,0.00011976761878651487
2025-02-26 21:29:00+00:00,594.79,594.65,594.77,557,850,594.6975053304905,3.7629630121900935e-07,-0.00026424014144055263
2025-02-26 21:30:00+00:00,594.48,594.51,594.61,75,350,594.5276470588235,3.4542958804611383e-07,0.00042874909317625054
2025-02-26 21:31:00+00:00,594.75,594.75,594.8,350,51,594.7936408977555,2.850372414914373e-07,-0.00047900289964186715
2025-02-26 21:32:00+00:00,594.5,594.42,594.54,550,550,594.48,2.632102101707703e-07,-0.0008075527740031285
2025-02-26 21:33:00+00:00,594.03,594.0,594.08,761,550,594.0464378337148,3.380473625600966e-07,0.0002933604281722957
2025-02-26 21:34:00+00:00,594.2,594.17,594.25,110,550,594.1833333333333,1.831716986597333e-07,-0.0005779115246258293
2025-02-26 21:35:00+00:00,593.95,593.87,593.96,500,1050,593.8990322580645,2.3546245739276294e-07,0.0005356519593580078
2025-02-26 21:36:00+00:00,594.12,594.12,594.22,501,350,594.1788719153936,2.9077865021054146e-07,0.0010067731056213614
2025-02-26 21:37:00+00:00,594.75,594.69,594.75,1050,550,594.729375,1.98175144197704e-07,-8.702878056798813e-05
2025-02-26 21:38:00+00:00,594.72,594.72,594.77,500,500,594.745,1.801393040339481e-07,0.0005797639258122711
2025-02-26 21:39:00+00:00,595.07,595.06,595.15,530,1030,595.0905769230769,9.012384839573681e-08,0.0001342484126309884
2025-02-26 21:40:00+00:00,595.14,595.12,595.2,350,550,595.1511111111112,1.7733634014340152e-07,-0.00014482143357219535
2025-02-26 21:41:00+00:00,595.11,594.99,595.12,1550,550,595.0859523809523,5.7509250188037684e-08,0.00011123256889633559
2025-02-26 21:42:00+00:00,595.14,595.08,595.17,550,550,595.125,9.028654807480462e-08,-0.00019640287987765515
2025-02-26 21:43:00+00:00,595.01,595.0,595.1,160,1060,595.0131147540984,6.466739108152902e-08,-3.8847469955305414e-05
2025-02-26 21:44:00+00:00,594.95,594.96,595.04,550,550,595.0,1.2397397671638435e-07,7.923302432444324e-05
2025-02-26 21:45:00+00:00,594.92,595.04,595.05,500,100,595.0483333333333,1.351104597783992e-07,2.1607294622638662e-05
2025-02-26 21:46:00+00:00,595.0,595.0,595.1,500,500,595.05,9.344433191039295e-08,0.000293162693857818
2025-02-26 21:47:00+00:00,595.1,595.15,595.23,600,551,595.1917028670721,1.1989298179721072e-07,1.59869159062076e-05
2025-02-26 21:48:00+00:00,595.19,595.16,595.23,300,500,595.18625,1.498762450755892e-07,-4.655692703681158e-05
2025-02-26 21:49:00+00:00,595.23,595.2,595.25,300,500,595.21875,6.94546461579602e-08,-5.8103108516283086e-05
2025-02-26 21:50:00+00:00,595.27,595.2,595.25,300,500,595.21875,1.258833068657366e-07,0.00020302265732863312
2025-02-26 21:51:00+00:00,595.33,595.27,595.35,300,500,595.3,1.0818143475906648e-07,0.00015344751335888418
2025-02-26 21:52:00+00:00,595.4,595.37,595.43,180,600,595.3838461538462,9.081268179247631e-08,0.0003658488792190884
2025-02-26 21:53:00+00:00,595.59,595.57,595.63,500,500,595.6,4.933235536906839e-08,0.00015919204915082474
2025-02-26 21:54:00+00:00,595.66,595.65,595.7,8059,610,595.696481716461,1.3429220899572618e-07,0.0006190760777553539
2025-02-26 21:55:00+00:00,596.25,596.07,596.15,1300,1100,596.1133333333333,1.0085410000187839e-07,0.0004051462378173998
2025-02-26 21:56:00+00:00,596.31,596.3,596.31,50,20,596.3071428571428,1.3870960169923497e-07,4.18003709385939e-05
2025-02-26 21:57:00+00:00,596.31,596.31,596.38,810,1805,596.3316826003824,1.612718622122743e-07,-0.00032143621741931305
2025-02-26 21:58:00+00:00,596.2,596.12,596.19,1100,1600,596.1485185185185,1.0536933406411277e-07,-9.855067601571843e-05
2025-02-26 21:59:00+00:00,596.12,596.05,596.15,500,1100,596.08125,1.830294761574366e-07,0.00025194312256715534
2025-02-26 22:00:00+00:00,596.26,596.2,596.31,10,25,596.2314285714286,1.5213204321778098e-07,3.35324094509204e-05
2025-02-26 22:01:00+00:00,596.33,596.25,596.33,55,2740,596.2515742397137,2.1666769902130967e-07,8.319098391029733e-05
2025-02-26 22:02:00+00:00,596.32,596.3,596.44,36,4725,596.3010586011342,4.7265740194533284e-08,-0.00028680881509246525
2025-02-26 22:03:00+00:00,596.18,596.11,596.18,2,5,596.13,4.9579643221321735e-08,2.6971350833848717e-05
2025-02-26 22:04:00+00:00,596.15,596.14,596.15,65,200,596.1424528301886,9.672682026044545e-08,0.00025532389491100815
2025-02-26 22:05:00+00:00,596.2,596.26,596.3,895,40,596.2982887700535,1.2379230952001736e-07,0.0003047321003071257
2025-02-26 22:06:00+00:00,596.5,596.45,596.51,100,100,596.48,1.0647109675965134e-07,-0.00033513361305059775
2025-02-26 22:07:00+00:00,596.3,596.28,596.3,1,200,596.2800995024876,7.248673884699808e-08,5.331597321700521e-05
2025-02-26 22:08:00+00:00,596.4,596.31,596.4,25,1165,596.3118907563024,7.772573286873789e-08,0.0003816449846143488
2025-02-26 22:09:00+00:00,596.5,596.46,596.54,300,2,596.5394701986755,7.457616347701019e-08,6.265992153120514e-05
2025-02-26 22:10:00+00:00,596.55,596.47,596.6,600,130,596.5768493150684,3.59270006894794e-08,0.00023215033013213038
2025-02-26 22:11:00+00:00,596.63,596.6,596.74,98,26,596.7106451612904,3.303535739771769e-07,-0.0005884736872326934
2025-02-26 22:12:00+00:00,596.4,596.36,596.49,2,60,596.3641935483871,5.72721950680286e-08,5.5786612509489686e-05
2025-02-26 22:13:00+00:00,596.3,596.39,596.4,300,102,596.3974626865671,6.019175656611487e-08,-0.00019579733097563334
2025-02-26 22:14:00+00:00,596.3,596.28,596.3,100,2800,596.2806896551724,1.7985657303638574e-09,-4.806529074741217e-05
2025-02-26 22:15:00+00:00,596.3,596.25,596.3,111,2624,596.2520292504571,1.229430454156744e-08,6.649355060028839e-05
2025-02-26 22:16:00+00:00,596.3,596.29,596.3,500,2383,596.2917343045439,4.506469542684459e-11,-7.118706878417314e-07
2025-02-26 22:17:00+00:00,596.3,596.29,596.3,372,2602,596.2912508406185,4.417986899128593e-09,-8.360181498956454e-05
2025-02-26 22:18:00+00:00,596.3,596.23,596.3,300,1542,596.2414006514658,3.8725498073741305e-09,-3.882357759132926e-05
2025-02-26 22:19:00+00:00,596.22,596.21,596.3,85,842,596.2182524271844,3.331127278830553e-07,-0.0003283234392564838
2025-02-26 22:20:00+00:00,596.14,595.94,596.16,300,300,596.05,2.784551082179511e-07,-0.00047927367630740125
2025-02-26 22:21:00+00:00,595.76,595.7,596.0,140,1001,595.736809815951,1.3421218052214354e-07,0.00046859263185794475
2025-02-26 22:22:00+00:00,595.99,595.95,596.04,275,100,596.016,5.873642385538581e-08,-0.0002887822321173683
2025-02-26 22:23:00+00:00,595.9,595.84,595.93,180,3994,595.8438811691423,3.503480935405641e-08,-0.00016175574204635446
2025-02-26 22:24:00+00:00,595.8,595.73,595.8,3,9,595.7475,3.555114574065753e-08,6.776330993463198e-05
2025-02-26 22:25:00+00:00,595.75,595.75,595.8,80,100,595.7722222222222,4.703800523028117e-08,-5.862597710315498e-05
2025-02-26 22:26:00+00:00,595.9,595.75,595.9,4,200,595.7529411764706,2.4033176665608936e-08,-5.389222563667584e-05
2025-02-26 22:27:00+00:00,595.75,595.72,595.75,100,3494,595.720834724541,1.4843850687529957e-08,-0.0001491012355979704
2025-02-26 22:28:00+00:00,595.65,595.66,595.72,100,64,595.6965853658536,1.219490923534298e-07,0.0002753176200755991
2025-02-26 22:29:00+00:00,595.8,595.7,595.8,480,20,595.796,1.3751696762133354e-07,0.0002641866688330996
2025-02-26 22:30:00+00:00,595.95,595.95,595.96,100,194,595.9534013605441,3.183065132580195e-08,-0.0001768617484245727
2025-02-26 22:31:00+00:00,596.06,595.81,596.0,25,100,595.848,1.0844515043447463e-08,6.69476527570545e-05
2025-02-26 22:32:00+00:00,595.89,595.79,595.89,10,12,595.8354545454545,4.753246333987916e-08,-6.358683503404627e-05
2025-02-26 22:33:00+00:00,595.85,595.81,595.87,40,20,595.85,4.830903926023723e-08,0.00030456559509284276
2025-02-26 22:34:00+00:00,596.0,596.0,596.06,800,725,596.031475409836,1.35861330484585e-07,-0.00016771628296163854
2025-02-26 22:35:00+00:00,596.0,595.93,596.0,100,4532,595.9315112262522,1.631080804326619e-12,-1.963676172556106e-06
2025-02-26 22:36:00+00:00,595.93,595.93,596.0,22,4494,595.9303410097431,2.2747072092039774e-12,1.5411709095580761e-06
2025-02-26 22:37:00+00:00,596.0,595.93,596.0,81,4421,595.9312594402487,1.1202691583643041e-08,-0.0001306726323543339
2025-02-26 22:38:00+00:00,595.9,595.85,596.0,100,4328,595.8533875338754,5.1874373345688375e-08,1.1020880443801673e-06
2025-02-26 22:39:00+00:00,595.9,595.85,596.0,100,3609,595.85404421677,3.617749593080491e-08,6.145470562968214e-05
2025-02-26 22:40:00+00:00,596.0,595.89,595.99,1,150,595.8906622516556,3.060455539512847e-14,2.4199063108909513e-07
2025-02-26 22:41:00+00:00,595.99,595.89,595.99,1,123,595.890806451613,5.134087603392485e-08,1.4435783273203384e-06
2025-02-26 22:42:00+00:00,595.98,595.89,595.97,1,47,595.8916666666667,3.493434398136557e-08,0.000149209937980066
2025-02-26 22:43:00+00:00,595.98,595.93,595.95,2,101,595.9303883495145,9.459101340278984e-09,-0.0001627948655202882
2025-02-26 22:44:00+00:00,595.85,595.85,595.95,50,99,595.88355704698,9.395827402091396e-08,-2.2751168109347297e-05
2025-02-26 22:45:00+00:00,595.8,595.8,595.94,500,500,595.87,6.597080835849603e-09,-9.561541774960602e-05
2025-02-26 22:46:00+00:00,595.81,595.81,595.85,288,3605,595.812959157462,7.007057413098891e-09,8.913991525050236e-05
2025-02-26 22:47:00+00:00,595.85,595.81,595.94,380,500,595.8661363636363,7.719289401078575e-09,-2.7246679323744694e-05
2025-02-26 22:48:00+00:00,595.85,595.84,595.86,100,102,595.849900990099,3.4535038682928874e-10,1.205394718106767e-05
2025-02-26 22:49:00+00:00,595.86,595.85,595.86,153,61,595.8571495327102,6.204475926652355e-08,-0.00031084206146259064
2025-02-26 22:50:00+00:00,595.68,595.65,595.68,500,186,595.6718658892129,1.508910600616742e-07,9.39090664495712e-05
2025-02-26 22:51:00+00:00,595.7,595.7,595.71,57,5,595.7091935483871,1.6464920841177557e-08,0.00011539976063934532
2025-02-26 22:52:00+00:00,595.79,595.79,595.8,285,150,595.7965517241379,4.5741892378889e-08,-9.13212183549783e-05
2025-02-26 22:53:00+00:00,595.8,595.74,595.8,1,27,595.7421428571428,4.1919375287326615e-09,6.474517378718403e-05
2025-02-26 22:54:00+00:00,595.8,595.78,595.8,1,27,595.7807142857143,2.1799836780726444e-09,5.9023117600087716e-06
2025-02-26 22:55:00+00:00,595.86,595.78,595.89,1,25,595.7842307692307,6.996881339309873e-11,-1.1453511168380004e-06
2025-02-26 22:56:00+00:00,595.89,595.78,595.89,1,30,595.7835483870966,7.976374592581934e-09,-5.732781209522031e-06
2025-02-26 22:57:00+00:00,595.82,595.78,595.82,1,300,595.7801328903655,1.6386880312850252e-07,0.00010081435205711031
2025-02-26 22:58:00+00:00,595.68,595.65,595.85,485,25,595.8401960784314,5.204142671936235e-07,-0.0004933303935620303
2025-02-26 22:59:00+00:00,595.15,595.34,595.67,500,300,595.54625,1.476642514782828e-07,-3.353380234105696e-05
2025-02-26 23:00:00+00:00,595.21,595.21,595.55,38,3,595.5251219512195,1.7975632705622943e-06,-0.0003463811371845482
2025-02-26 23:01:00+00:00,595.35,595.33,595.4,200,200,595.365,9.807998785200894e-08,-0.00014557996819641872
2025-02-26 23:02:00+00:00,595.17,595.15,595.25,100,200,595.1833333333333,1.9929338388539634e-07,-0.0003164025312203389
2025-02-26 23:03:00+00:00,595.0,594.99,595.08,100,100,595.035,6.09294047167549e-08,0.00010996610778812865
2025-02-26 23:04:00+00:00,595.11,595.08,595.15,100,130,595.1104347826088,1.337437837065862e-07,8.488415037466446e-05
2025-02-26 23:05:00+00:00,595.1,595.15,595.17,121,100,595.1609502262444,6.575838733761264e-08,0.0004240585794363927
2025-02-26 23:06:00+00:00,595.38,595.36,595.42,200,50,595.408,9.658435056724411e-08,-0.00047346061319530897
2025-02-26 23:07:00+00:00,595.2,595.13,595.14,50,300,595.1314285714286,1.179037547978445e-07,0.00013202365863951293
2025-02-26 23:08:00+00:00,595.24,595.19,595.24,200,300,595.21,6.552846518185286e-08,-0.00016568586915355343
2025-02-26 23:09:00+00:00,595.16,595.11,595.17,4,515,595.1104624277457,9.520290499264207e-08,0.00018251690262260922
2025-02-26 23:10:00+00:00,595.17,595.2,595.24,2,200,595.200396039604,2.0652295438599704e-07,-0.0001776053992040838
2025-02-26 23:11:00+00:00,595.1,595.08,595.16,75,100,595.1142857142858,3.0884959207139267e-07,0.000156986870136544
2025-02-26 23:12:00+00:00,595.23,595.18,595.28,75,1500,595.1847619047618,5.339274623247633e-08,-0.0001092996191610629
2025-02-26 23:13:00+00:00,595.21,595.13,595.24,13,100,595.1426548672566,9.907277558329486e-08,-0.0004581336340568898
2025-02-26 23:14:00+00:00,594.88,594.84,594.93,100,100,594.885,1.301254303720548e-07,-0.0001681039554861652
2025-02-26 23:15:00+00:00,594.79,594.76,594.85,25,200,594.77,1.218754322660582e-07,0.00031266320012601767
2025-02-26 23:16:00+00:00,594.92,594.9,594.97,1100,301,594.9549607423269,6.183025865214958e-08,0.00015752617758235665
2025-02-26 23:17:00+00:00,595.05,595.0,595.05,1100,7,595.0496838301716,8.94015301676509e-08,8.525236521839119e-05
2025-02-26 23:18:00+00:00,595.1,595.1,595.15,10,1200,595.1004132231405,4.30829109170664e-08,9.646477948432874e-06
2025-02-26 23:19:00+00:00,595.1,595.03,595.12,1100,200,595.1061538461538,6.223459639914418e-08,0.00010599272528000192
2025-02-26 23:20:00+00:00,595.23,595.11,595.18,1100,1300,595.1420833333333,2.1900925011736947e-07,-0.00020033086904835962
2025-02-26 23:21:00+00:00,595.07,595.0,595.1,1200,1100,595.0521739130435,1.2733010656208805e-07,-3.0109514606468935e-05
2025-02-26 23:22:00+00:00,595.08,594.99,595.06,1100,100,595.0541666666666,3.716791603032636e-07,-0.000619714483182765
2025-02-26 23:23:00+00:00,594.66,594.61,594.83,1100,100,594.8116666666666,5.209545820608271e-07,-0.0011266879298650334
2025-02-26 23:24:00+00:00,594.03,593.96,594.07,1100,200,594.0530769230769,2.9498207019835707e-07,0.0005410372995537926
2025-02-26 23:25:00+00:00,594.28,594.25,594.32,1100,90,594.314705882353,1.2885397219163456e-07,0.0002192342143942927
2025-02-26 23:26:00+00:00,594.4,594.41,594.46,1100,100,594.4558333333333,6.05158060713075e-08,0.00010594340618541587
2025-02-26 23:27:00+00:00,594.55,594.49,594.51,800,90,594.5079775280899,8.072417409621908e-08,8.759633752020157e-05
2025-02-26 23:28:00+00:00,594.51,594.56,594.58,6,900,594.5601324503311,5.2547488357432714e-08,-2.199855092577252e-05
2025-02-26 23:29:00+00:00,594.64,594.5,594.53,6,1200,594.5001492537314,9.59292474175728e-08,-2.2515483456553298e-05
2025-02-26 23:30:00+00:00,594.54,594.51,594.54,1100,299,594.533588277341,1.22963045283047e-07,8.50723833318856e-05
2025-02-26 23:31:00+00:00,594.56,594.52,594.59,1100,100,594.5841666666666,6.692858545834047e-08,0.00012851823593940104
2025-02-26 23:32:00+00:00,594.61,594.61,594.7,1092,51,594.6959842519685,9.537853484334874e-08,-3.331706309250837e-05
2025-02-26 23:33:00+00:00,594.6,594.59,594.63,1100,653,594.6150998288648,9.35646301333449e-08,0.00036026922524645677
2025-02-26 23:34:00+00:00,594.91,594.79,594.84,800,200,594.83,1.8171423073543926e-07,-5.8687023211434486e-05
2025-02-26 23:35:00+00:00,594.82,594.82,594.85,3,1000,594.8200897308076,4.639872462059124e-08,-0.00010467643061495835
2025-02-26 23:36:00+00:00,594.81,594.71,594.79,1100,200,594.7776923076923,8.832093273210705e-08,0.00011488332931564038
2025-02-26 23:37:00+00:00,594.75,594.75,594.83,1100,1000,594.7919047619048,1.0958541206579732e-07,-0.0001770609986455618
2025-02-26 23:38:00+00:00,594.64,594.62,594.73,1100,100,594.7208333333333,3.2668155167913e-07,-0.00011237765618321571
2025-02-26 23:39:00+00:00,594.54,594.61,594.69,1100,900,594.654,2.949549401917232e-07,0.00019186827650252702
2025-02-26 23:40:00+00:00,594.81,594.73,594.83,800,1300,594.7680952380953,2.1984215301912602e-07,-5.2041091647136994e-06
2025-02-26 23:41:00+00:00,594.81,594.71,594.8,1100,100,594.7925,1.2323595964614473e-07,-0.0001395509150672325
2025-02-26 23:42:00+00:00,594.7,594.65,594.73,800,1100,594.6836842105263,1.0907620142980518e-07,-0.0002535035424147125
2025-02-26 23:43:00+00:00,594.55,594.5,594.57,978,800,594.5385039370078,1.691283726560194e-07,-2.4799906144346018e-05
2025-02-26 23:44:00+00:00,594.53,594.5,594.54,978,90,594.5366292134831,2.150607243388622e-07,-2.2149686204286922e-05
2025-02-26 23:45:00+00:00,594.48,594.43,594.51,1100,100,594.5033333333333,1.3521489187322364e-07,0.0003772336572265278
2025-02-26 23:46:00+00:00,594.7,594.69,594.73,1100,50,594.7282608695652,9.724471883721827e-08,0.000178184817000826
2025-02-26 23:47:00+00:00,594.89,594.83,594.89,100,300,594.845,1.1480359774180791e-08,0.00019357389116891888
2025-02-26 23:48:00+00:00,594.95,594.9,594.95,1100,29,594.9487156775907,5.776136243993775e-08,2.862031649475405e-05
2025-02-26 23:49:00+00:00,594.95,594.93,594.97,1100,131,594.9657432981315,1.2887368679036252e-08,-4.288654547190962e-05
2025-02-26 23:50:00+00:00,594.95,594.94,594.97,1,131,594.9402272727274,1.6273344279132938e-07,-0.00011007900898274414
2025-02-26 23:51:00+00:00,594.92,594.83,594.88,100,1100,594.8341666666666,9.038146245881823e-08,0.00022118765383605243
2025-02-26 23:52:00+00:00,594.97,594.96,595.04,1100,800,595.0063157894737,1.498590656955901e-07,-2.75280574405512e-05
2025-02-26 23:53:00+00:00,595.05,594.92,594.99,1100,1,594.9899364214351,2.0595740550788727e-08,0.00013894734878094894
2025-02-26 23:54:00+00:00,595.06,595.02,595.13,1100,1200,595.0726086956522,3.951546567615037e-08,0.00011314203476842088
2025-02-26 23:55:00+00:00,595.1,595.07,595.14,1100,1,595.139936421435,6.218894657128682e-08,4.5784116942115816e-08
2025-02-26 23:56:00+00:00,595.12,595.1,595.14,1100,1,595.1399636693915,1.6053726944372125e-08,-0.00011764225433241737
2025-02-26 23:57:00+00:00,595.05,595.01,595.06,5,1100,595.0102262443439,7.91299889533301e-08,-1.7394365190548378e-05
2025-02-26 23:58:00+00:00,595.09,595.01,595.1,1100,896,595.0595991983968,5.976327133827777e-08,-9.349808711733854e-05
2025-02-26 23:59:00+00:00,595.07,595.0,595.07,6,100,595.0039622641509,5.8729720618290245e-08,0.0001779694792007902
