ts_recv,price,bid_px_00,ask_px_00,bid_sz_00,ask_sz_00,weighted_mid,rv_60s,ret_60s
2022-05-24 08:01:00+00:00,391.95,391.9,391.94,100,1300,391.90285714285716,1.1683005626470848e-07,0.0004747869938199756
2022-05-24 08:02:00+00:00,392.11,392.03,392.11,500,1290,392.05234636871506,1.2667985872136958e-07,-0.0006107642501710364
2022-05-24 08:03:00+00:00,391.82,391.8,391.84,1,1300,391.80003074558033,1.679544621046254e-07,-0.0006381528055651176
2022-05-24 08:04:00+00:00,391.66,391.61,391.67,500,1300,391.62666666666667,2.431779280214138e-07,0.0004678900820755949
2022-05-24 08:05:00+00:00,391.81,391.75,391.84,500,1300,391.775,4.277225737108022e-07,-0.0001999404432723173
2022-05-24 08:06:00+00:00,391.66,391.7,391.77,100,1300,391.705,2.433148343252398e-07,9.077125784862083e-05
2022-05-24 08:07:00+00:00,391.7,391.71,391.82,500,1300,391.74055555555555,1.4162337323971742e-07,-0.00015450228248481412
2022-05-24 08:08:00+00:00,391.73,391.68,391.72,1,1300,391.6800307455803,1.0215943718506294e-07,-7.812513370231144e-06
2022-05-24 08:09:00+00:00,391.73,391.67,391.72,81,500,391.6769707401033,3.1011936619450635e-07,0.00045453083330460053
2022-05-24 08:10:00+00:00,391.93,391.83,391.92,500,1300,391.855,4.326298610484906e-07,0.0003070863797407508
2022-05-24 08:11:00+00:00,391.94,391.99,392.07,100,1400,391.99533333333335,3.674098400430686e-07,0.0004550053588228131
2022-05-24 08:12:00+00:00,392.16,392.13,392.21,500,100,392.19666666666666,1.4281604727333752e-07,-0.00023792338283101788
2022-05-24 08:13:00+00:00,392.0,392.06,392.11,10,1300,392.0603816793893,1.1287801021385612e-07,-4.652044200015304e-05
2022-05-24 08:14:00+00:00,392.0,392.04,392.09,100,1300,392.04357142857145,2.119310102828445e-07,0.00014787597828247456
2022-05-24 08:15:00+00:00,392.0,392.1,392.17,3,1800,392.1001164725458,4.236576158047945e-07,-0.00044995434774319776
2022-05-24 08:16:00+00:00,391.9,391.93,391.97,500,30,391.96773584905657,8.889923794676972e-08,-0.0002733545824382677
2022-05-24 08:17:00+00:00,391.81,391.81,391.85,98,500,391.8165551839465,1.6337753614952565e-07,-0.00040523404146153297
2022-05-24 08:18:00+00:00,391.63,391.63,391.73,500,1300,391.65777777777777,1.5430175691768684e-07,0.00031193628495129744
2022-05-24 08:19:00+00:00,391.63,391.71,391.78,500,1,391.7798602794411,1.5942453482264336e-07,5.117655981989877e-05
2022-05-24 08:20:00+00:00,391.78,391.75,391.85,1300,1300,391.8,2.1491158218299377e-07,-0.00029351710056158
2022-05-24 08:21:00+00:00,391.7,391.66,391.73,500,500,391.695,1.724362438375559e-07,-5.106143967725796e-05
2022-05-24 08:22:00+00:00,391.62,391.61,391.7,500,500,391.655,2.416858791104592e-07,0.00026588779505076765
2022-05-24 08:23:00+00:00,391.77,391.71,391.77,500,22,391.7674712643678,1.68088556736415e-07,0.0003396982195500442
2022-05-24 08:24:00+00:00,391.9,391.88,391.96,1000,500,391.93333333333334,4.343693159215899e-08,0.00025800086189287086
2022-05-24 08:25:00+00:00,392.0,391.91,392.01,1000,1300,391.9534782608696,1.908470754014387e-07,-5.9523303373221204e-05
2022-05-24 08:26:00+00:00,392.03,391.91,392.01,1900,1300,391.969375,1.6596159050219856e-07,-0.0003840898912076396
2022-05-24 08:27:00+00:00,391.96,391.81,391.9,1000,1800,391.84214285714285,7.179656882642853e-08,0.00019708121305628268
2022-05-24 08:28:00+00:00,391.8,391.86,391.93,1000,500,391.9066666666667,1.7731722755894876e-07,-0.00023389922770733484
2022-05-24 08:29:00+00:00,391.8,391.77,391.86,500,500,391.815,1.2083094633483397e-07,0.0004785421691360092
2022-05-24 08:30:00+00:00,392.01,392.0,392.07,10,500,392.0013725490196,1.4816159975102476e-07,0.00026572959781301364
2022-05-24 08:31:00+00:00,392.08,392.06,392.15,1800,200,392.141,2.1198477167035063e-07,-0.0007564950349573385
2022-05-24 08:32:00+00:00,391.85,391.81,391.83,1,500,391.8100399201597,1.4978557352148137e-07,0.0001027464981537829
2022-05-24 08:33:00+00:00,391.86,391.85,391.88,5,500,391.850297029703,9.169995397999287e-08,-0.00010273974023433663
2022-05-24 08:34:00+00:00,391.86,391.81,391.86,1,1300,391.8100384319754,1.6584544256141172e-07,0.0001437564096460342
2022-05-24 08:35:00+00:00,391.96,391.86,391.93,1050,500,391.90741935483874,2.476166419765153e-07,-0.00025922364636077333
2022-05-24 08:36:00+00:00,391.78,391.73,391.81,1000,1300,391.76478260869567,2.3112148563119967e-07,-2.0716364485307004e-05
2022-05-24 08:37:00+00:00,391.55,391.71,391.78,1000,500,391.75666666666666,1.2286766150562507e-07,6.806946488890908e-05
2022-05-24 08:38:00+00:00,391.71,391.73,391.81,1000,500,391.78333333333336,1.8404007567283965e-07,0.00014574752016494052
2022-05-24 08:39:00+00:00,391.9,391.81,391.88,1000,1300,391.84043478260867,1.5473976776915885e-07,0.0001902948516090408
2022-05-24 08:40:00+00:00,391.83,391.88,391.96,1800,500,391.94260869565215,1.3484423523942137e-07,-0.00019630655593949609
2022-05-24 08:41:00+00:00,391.86,391.78,391.88,1800,1300,391.838064516129,1.2926310537945276e-07,-0.0003948855325904832
2022-05-24 08:42:00+00:00,391.64,391.67,391.75,100,1400,391.67533333333336,1.717317547231906e-07,8.86715870702659e-05
2022-05-24 08:43:00+00:00,391.64,391.66,391.76,1800,1300,391.718064516129,1.291119535414745e-07,-8.866372511706633e-05
2022-05-24 08:44:00+00:00,391.64,391.64,391.71,100,500,391.65166666666664,2.695187898424531e-07,-0.00032557261611343424
2022-05-24 08:45:00+00:00,391.6,391.55,391.59,85,500,391.555811965812,1.0420918971158449e-07,-6.0246184244605594e-05
2022-05-24 08:46:00+00:00,391.6,391.52,391.59,100,1400,391.5246666666667,2.614791934268405e-07,0.0005854086488856769
2022-05-24 08:47:00+00:00,391.64,391.75,391.82,100,100,391.785,2.2883626871467234e-07,3.116129184110861e-05
2022-05-24 08:48:00+00:00,391.81,391.74,391.81,500,1300,391.75944444444445,1.315508901117592e-07,1.6395989946627054e-05
2022-05-24 08:49:00+00:00,391.86,391.78,391.81,1,500,391.7800598802395,3.1049991487347984e-07,-0.0002553980931803146
2022-05-24 08:50:00+00:00,391.68,391.61,391.71,1800,500,391.6882608695652,2.063549093793158e-07,-0.00030637254901966227
2022-05-24 08:51:00+00:00,391.56,391.55,391.61,100,500,391.56,1.3689648262202435e-07,-0.00046289202165694654
2022-05-24 08:52:00+00:00,391.35,391.37,391.44,100,700,391.37875,3.413250770312087e-07,-0.0005826791710434875
2022-05-24 08:53:00+00:00,391.16,391.15,391.19,25,1400,391.150701754386,5.929947368780162e-07,-0.0004364091732939057
2022-05-24 08:54:00+00:00,390.86,390.94,391.01,500,500,390.975,2.579374101793098e-07,7.673026753285406e-05
2022-05-24 08:55:00+00:00,390.94,390.96,391.05,1800,100,391.04526315789474,1.312261954681023e-07,0.0003125808092432347
2022-05-24 08:56:00+00:00,391.05,391.11,391.16,400,500,391.1322222222222,1.4784659862475084e-07,-0.00025039232866075345
2022-05-24 08:57:00+00:00,391.1,391.02,391.06,100,500,391.02666666666664,1.5736662211012534e-07,-8.919876073754107e-05
2022-05-24 08:58:00+00:00,390.91,390.91,391.0,1800,10,390.99950276243095,2.2298494040304218e-07,0.00018721960684819905
2022-05-24 08:59:00+00:00,391.0,391.03,391.1,500,100,391.0883333333333,2.4140160846327486e-07,-0.00023254512579851117
2022-05-24 09:00:00+00:00,391.0,390.97,391.04,100,500,390.9816666666667,1.4278477233994856e-07,0.0002003504000613887
2022-05-24 09:01:00+00:00,391.03,391.05,391.12,100,100,391.085,3.1135032829469665e-07,0.00046028742392478783
2022-05-24 09:02:00+00:00,391.25,391.19,391.25,600,99,391.24150214592277,2.3249848341092334e-07,-2.1264358329720068e-07
2022-05-24 09:03:00+00:00,391.2,391.19,391.24,500,1,391.2399001996008,3.1400070730146925e-07,-0.00010202641297551995
2022-05-24 09:04:00+00:00,391.19,391.17,391.25,100,500,391.18333333333334,1.5097997447833386e-07,-0.0002809317421073043
2022-05-24 09:05:00+00:00,391.08,391.04,391.08,1400,545,391.06879177377897,1.1344364261288022e-07,-5.1393534413635145e-05
2022-05-24 09:06:00+00:00,391.11,391.04,391.1,100,100,391.07,8.524510440587672e-08,-4.018279518835932e-05
2022-05-24 09:07:00+00:00,391.05,391.05,391.11,100,1300,391.0542857142857,8.047288371973698e-08,0.00010532037451604914
2022-05-24 09:08:00+00:00,390.99,391.05,391.1,100,30,391.08846153846156,2.0092586765238348e-07,-4.38214349695043e-05
2022-05-24 09:09:00+00:00,391.08,391.03,391.09,600,100,391.08142857142855,1.210447618097244e-07,8.949613675013346e-05
2022-05-24 09:10:00+00:00,391.1,391.09,391.16,100,500,391.1016666666667,2.4882851659892795e-07,-2.840892949473872e-05
2022-05-24 09:11:00+00:00,391.1,391.08,391.16,600,1300,391.10526315789474,1.886250370462e-07,-0.0001712060441564356
2022-05-24 09:12:00+00:00,391.04,391.01,391.09,100,1400,391.01533333333333,1.381050549560317e-07,0.00012293053841316848
2022-05-24 09:13:00+00:00,390.99,391.04,391.11,500,200,391.09,2.1675873872098882e-07,0.0006788875809664585
2022-05-24 09:14:00+00:00,391.35,391.34,391.41,500,500,391.375,1.5457537217422294e-07,2.001210815238963e-05
2022-05-24 09:15:00+00:00,391.41,391.29,391.37,500,100,391.3566666666667,1.3494305977521842e-07,6.388034784965413e-05
2022-05-24 09:16:00+00:00,391.44,391.37,391.44,100,400,391.384,1.8429078284656247e-07,-0.00014827036617359735
2022-05-24 09:17:00+00:00,391.34,391.26,391.33,600,100,391.32,1.508786452851213e-07,-0.0002002772090894389
2022-05-24 09:18:00+00:00,391.26,391.16,391.25,1800,100,391.2452631578947,8.885433647650487e-08,-4.842836503149428e-05
2022-05-24 09:19:00+00:00,391.19,391.16,391.23,1800,100,391.2263157894737,9.442824241724726e-08,-0.0003062014120943646
2022-05-24 09:20:00+00:00,391.18,391.08,391.15,600,100,391.14,1.785290443574573e-07,0.0005667511706675121
2022-05-24 09:21:00+00:00,391.18,391.29,391.36,600,500,391.3281818181818,5.624933698295448e-08,-3.704718527586248e-05
2022-05-24 09:22:00+00:00,391.35,391.31,391.36,100,500,391.3183333333333,1.5754361608158373e-07,-1.4061333826420608e-05
2022-05-24 09:23:00+00:00,391.35,391.27,391.34,600,500,391.3081818181818,1.0477921055660644e-07,-2.1667954514525967e-05
2022-05-24 09:24:00+00:00,391.31,391.24,391.3,1800,1,391.2999666851749,8.662766547568314e-08,-0.00024013361511321385
2022-05-24 09:25:00+00:00,391.25,391.2,391.24,67,500,391.2047266313933,1.190371168194626e-07,-6.153307321044021e-05
2022-05-24 09:26:00+00:00,391.21,391.16,391.24,600,500,391.20363636363635,9.480135382109206e-08,0.0009282539877779605
2022-05-24 09:27:00+00:00,391.5,391.52,391.59,100,1300,391.525,1.1260111360903737e-07,-3.093337411108621e-06
2022-05-24 09:28:00+00:00,391.54,391.46,391.54,1300,460,391.5190909090909,2.675785548409687e-07,-0.0002998887145088114
2022-05-24 09:29:00+00:00,391.54,391.4,391.46,200,500,391.41714285714284,1.2666425567016702e-07,0.00033830007948343344
2022-05-24 09:30:00+00:00,391.54,391.49,391.56,600,500,391.5281818181818,2.5067980040783253e-07,-0.0003586856190098686
2022-05-24 09:31:00+00:00,391.47,391.39,391.48,500,1100,391.418125,2.2263204480592179e-07,0.00017918401087135827
2022-05-24 09:32:00+00:00,391.49,391.41,391.51,1800,1300,391.468064516129,2.5632110804246875e-07,5.5529456710834424e-05
2022-05-24 09:33:00+00:00,391.51,391.5,391.56,100,500,391.51,2.0353249675194132e-07,-5.108426349254014e-05
2022-05-24 09:34:00+00:00,391.55,391.48,391.54,100,500,391.49,2.4520768908521945e-07,0.0003831515492094262
2022-05-24 09:35:00+00:00,391.58,391.59,391.65,500,100,391.64,1.4862732569632415e-07,-1.276682667750162e-05
2022-05-24 09:36:00+00:00,391.6,391.6,391.66,600,500,391.63272727272727,3.1108435311972246e-08,0.00027845759014843985
2022-05-24 09:37:00+00:00,391.76,391.74,391.79,100,1300,391.74357142857144,1.4122787733116514e-07,1.0924467071626864e-05
2022-05-24 09:38:00+00:00,391.7,391.67,391.76,1000,100,391.7518181818182,1.2478605614988956e-07,0.00018294057834755684
2022-05-24 09:39:00+00:00,391.7,391.76,391.84,1800,600,391.82,1.3749686912915866e-07,-0.0002254436561005546
2022-05-24 09:40:00+00:00,391.71,391.72,391.79,100,500,391.7316666666667,2.39222704722285e-07,-2.970380512068438e-05
2022-05-24 09:41:00+00:00,391.8,391.72,391.76,1,1300,391.7200307455804,8.423613455278713e-08,-0.00013249234245205077
2022-05-24 09:42:00+00:00,391.72,391.64,391.67,500,25,391.66857142857145,5.962526141734796e-08,-8.574960261353848e-05
2022-05-24 09:43:00+00:00,391.67,391.63,391.66,10,500,391.6305882352941,9.599890868495787e-08,0.0001160636771757595
2022-05-24 09:44:00+00:00,391.65,391.67,391.74,100,600,391.68,8.48330226383262e-08,5.422873283689178e-05
2022-05-24 09:45:00+00:00,391.75,391.7,391.74,16,500,391.70124031007754,1.0802359734457018e-07,0.00012448183693236636
2022-05-24 09:46:00+00:00,391.79,391.7,391.77,16,500,391.70217054263566,5.75575532830566e-08,0.0001263687313211026
2022-05-24 09:47:00+00:00,391.7,391.76,391.8,100,25,391.792,8.247411203179305e-08,0.00032577005290379546
2022-05-24 09:48:00+00:00,391.93,391.87,391.91,1999,500,391.9019967987195,1.1484225414238918e-07,-0.00018754795096231902
2022-05-24 09:49:00+00:00,391.8,391.79,391.86,1800,100,391.8563157894737,8.605140882720559e-08,0.0004002991712011017
2022-05-24 09:50:00+00:00,392.01,392.01,392.06,1,100,392.0104950495049,1.233706464473988e-07,-0.00014058407827410857
2022-05-24 09:51:00+00:00,392.05,391.95,392.02,50,600,391.9553846153846,1.3777807715908877e-07,0.00019036703549457634
2022-05-24 09:52:00+00:00,392.02,392.0,392.06,100,100,392.03,8.214349819221348e-08,0.0003358586502735239
2022-05-24 09:53:00+00:00,392.17,392.15,392.21,100,100,392.18,2.0796673967402361e-07,-0.00024467557415275287
2022-05-24 09:54:00+00:00,392.03,392.06,392.14,100,1300,392.0657142857143,5.5424438118010425e-08,0.00013846075366363841
2022-05-24 09:55:00+00:00,392.12,392.08,392.16,600,100,392.1485714285714,1.0689494689498688e-07,0.00016870816626002316
2022-05-24 09:56:00+00:00,392.12,392.14,392.19,600,50,392.18615384615384,2.4704874804003463e-07,0.0004942707740829277
2022-05-24 09:57:00+00:00,392.33,392.35,392.41,100,100,392.38,1.0220906736920314e-07,0.00011104395884453666
2022-05-24 09:58:00+00:00,392.4,392.34,392.41,1300,100,392.405,1.8714380480536298e-07,-0.00011103162945291789
2022-05-24 09:59:00+00:00,392.42,392.35,392.41,100,100,392.38,1.1300627947028465e-07,-0.0003222095199260089
2022-05-24 10:00:00+00:00,392.22,392.17,392.26,1300,100,392.25357142857143,1.426712563429972e-07,-0.00022580145860451317
2022-05-24 10:01:00+00:00,392.21,392.15,392.18,100,100,392.165,1.1551471382624848e-07,-0.00036124250421809556
2022-05-24 10:02:00+00:00,392.04,392.04,392.09,50,1400,392.04172413793106,4.178679463267358e-08,-8.017015508055003e-05
2022-05-24 10:03:00+00:00,391.99,391.94,392.01,500,100,391.99833333333333,6.677026586270444e-08,-0.0001195510037538261
2022-05-24 10:04:00+00:00,391.93,391.92,391.95,500,99,391.9450417362271,9.998007878381359e-08,0.00012108397535204318
2022-05-24 10:05:00+00:00,391.95,391.98,392.03,200,600,391.9925,1.2778877757047144e-07,-0.0002869952868996828
2022-05-24 10:06:00+00:00,391.98,391.85,391.91,100,100,391.88,1.0253942052037031e-07,0.0003955292436461644
2022-05-24 10:07:00+00:00,391.98,391.97,392.03,500,100,392.02,1.3965661241154148e-07,0.00023024260051962564
2022-05-24 10:08:00+00:00,392.08,392.15,392.2,100,300,392.1625,2.483101727722815e-07,0.00029260252497187444
2022-05-24 10:09:00+00:00,392.28,392.22,392.28,500,100,392.27,1.360959802006029e-07,0.00029665619015961653
2022-05-24 10:10:00+00:00,392.36,392.37,392.44,500,1315,392.3892837465565,1.0421228984438471e-07,0.000289633576600945
2022-05-24 10:11:00+00:00,392.44,392.42,392.48,500,100,392.47,1.2165681811285495e-07,-0.00038755895522690764
2022-05-24 10:12:00+00:00,392.34,392.28,392.34,100,500,392.29,9.193053180525749e-08,0.0002602615494415872
2022-05-24 10:13:00+00:00,392.34,392.38,392.44,100,600,392.3885714285714,1.593911914722636e-07,-0.00018262745697639193
2022-05-24 10:14:00+00:00,392.37,392.29,392.36,500,100,392.34833333333336,8.536801404162701e-08,-4.672718545184473e-05
2022-05-24 10:15:00+00:00,392.36,392.3,392.36,100,100,392.33,8.874553623210413e-08,0.00019201522527811932
2022-05-24 10:16:00+00:00,392.37,392.34,392.41,1400,100,392.4053333333333,1.3341973726532797e-07,0.00021212274188786573
2022-05-24 10:17:00+00:00,392.49,392.47,392.55,1300,178,392.54036535859274,7.107732009528823e-08,0.000356084565311221
2022-05-24 10:18:00+00:00,392.59,392.62,392.64,499,600,392.62908098271157,8.849949014009071e-08,0.00018127678019830284
2022-05-24 10:19:00+00:00,392.68,392.67,392.7,600,1,392.6999500831947,1.0359051247063868e-07,7.765492220013215e-05
2022-05-24 10:20:00+00:00,392.77,392.7,392.76,100,100,392.73,4.86069219682187e-08,-7.638835841428104e-05
2022-05-24 10:21:00+00:00,392.68,392.64,392.71,600,100,392.7,5.7350855109540245e-08,8.474120249957195e-08
2022-05-24 10:22:00+00:00,392.71,392.7,392.72,1,600,392.7000332778702,1.1163521665555258e-07,0.0005491324351400984
2022-05-24 10:23:00+00:00,392.9,392.87,392.92,1300,101,392.9163954318344,6.228662228345154e-08,-0.0002729760019918315
2022-05-24 10:24:00+00:00,392.75,392.74,392.81,1300,30,392.8084210526316,1.1569880396699664e-07,-0.00013599772756511808
2022-05-24 10:25:00+00:00,392.76,392.69,392.76,1300,100,392.755,1.9662407142934268e-07,-0.00035645631500547115
2022-05-24 10:26:00+00:00,392.6,392.59,392.64,100,100,392.615,5.1749101574546225e-08,-3.8459560636305845e-05
2022-05-24 10:27:00+00:00,392.57,392.55,392.6,500,1,392.59990019960077,1.445093005489817e-07,-0.0003550819804715166
2022-05-24 10:28:00+00:00,392.5,392.46,392.51,1,100,392.46049504950497,1.4163614227961182e-07,0.0007631467479478626
2022-05-24 10:29:00+00:00,392.71,392.75,392.82,500,1800,392.76521739130436,1.379832446135401e-07,7.27452606461565e-05
2022-05-24 10:30:00+00:00,392.77,392.76,392.8,10,1804,392.7602205071665,1.4112401809927742e-07,-9.835110371736455e-05
2022-05-24 10:31:00+00:00,392.71,392.72,392.75,501,1,392.74994023904384,7.773402313878196e-08,0.0003167674837356582
2022-05-24 10:32:00+00:00,392.85,392.85,392.88,500,16,392.8790697674419,1.1009191968186512e-07,-6.19807562147745e-05
2022-05-24 10:33:00+00:00,392.86,392.8,392.86,500,100,392.85,1.1608328944433e-07,8.654702812771475e-05
2022-05-24 10:34:00+00:00,392.84,392.8,392.89,500,100,392.875,1.5532063670414343e-07,-0.0005809211392854285
2022-05-24 10:35:00+00:00,392.74,392.62,392.67,500,199,392.655765379113,9.47842227303189e-08,-0.0001886649935127771
2022-05-24 10:36:00+00:00,392.55,392.58,392.61,46,100,392.5894520547945,3.290916331031985e-08,-0.00023339117679355148
2022-05-24 10:37:00+00:00,392.49,392.43,392.52,1100,1300,392.47125,6.436288991938473e-08,0.0001527175485125376
2022-05-24 10:38:00+00:00,392.49,392.51,392.58,100,500,392.52166666666665,1.3469387538837509e-07,0.00017532423745203474
2022-05-24 10:39:00+00:00,392.5,392.56,392.62,100,502,392.56996677740864,1.4049739069214485e-07,-0.00025212103420857446
2022-05-24 10:40:00+00:00,392.58,392.51,392.57,100,510,392.51983606557377,1.5452227476917543e-07,0.00025518184107653497
2022-05-24 10:41:00+00:00,392.62,392.58,392.64,100,100,392.61,1.3884956871920082e-07,7.836898469060216e-05
2022-05-24 10:42:00+00:00,392.52,392.6,392.66,550,100,392.65076923076924,1.5120286573409364e-07,-0.00020570246411966142
2022-05-24 10:43:00+00:00,392.53,392.53,392.61,100,1100,392.53666666666663,1.5370147486817765e-07,-0.00017831214815189345
2022-05-24 10:44:00+00:00,392.48,392.46,392.54,100,100,392.5,1.243914900624542e-07,2.5477707006338335e-05
2022-05-24 10:45:00+00:00,392.51,392.48,392.54,100,100,392.51,1.5251235378566008e-07,-0.00016444282832395185
2022-05-24 10:46:00+00:00,392.49,392.43,392.5,500,100,392.48833333333334,1.2554076453412645e-07,0.0003057749774144636
2022-05-24 10:47:00+00:00,392.54,392.52,392.57,100,10,392.56545454545454,8.107486999248008e-08,-7.757826141319146e-05
2022-05-24 10:48:00+00:00,392.5,392.5,392.57,599,600,392.5349708090075,1.7282017756878113e-07,-4.686518760144143e-05
2022-05-24 10:49:00+00:00,392.48,392.46,392.52,1000,60,392.5166037735849,1.2244002058695224e-07,-0.00011873070626011728
2022-05-24 10:50:00+00:00,392.42,392.42,392.49,1300,100,392.485,1.1438036930963816e-07,-5.0959308991904706e-05
2022-05-24 10:51:00+00:00,392.46,392.42,392.48,100,100,392.45,1.7741034005740828e-07,-0.00021603416663440456
2022-05-24 10:52:00+00:00,392.37,392.31,392.37,100,800,392.31666666666666,8.517453091846216e-08,-5.3347432674488715e-05
2022-05-24 10:53:00+00:00,392.4,392.34,392.4,100,1300,392.3442857142857,1.6110109380611085e-07,-4.915507881197989e-05
2022-05-24 10:54:00+00:00,392.43,392.32,392.4,600,500,392.3636363636364,2.0307261950385355e-07,0.00036495716098072783
2022-05-24 10:55:00+00:00,392.38,392.4,392.49,1300,100,392.48357142857145,1.557812914934347e-07,9.01589409443293e-05
2022-05-24 10:56:00+00:00,392.44,392.5,392.55,100,1302,392.50356633380886,8.792752184193603e-08,0.0002272394304945191
2022-05-24 10:57:00+00:00,392.51,392.57,392.61,132,100,392.59275862068966,2.849691755811448e-07,-0.0002617435457819006
2022-05-24 10:58:00+00:00,392.61,392.45,392.53,500,1000,392.4766666666667,1.3207868293573502e-07,7.580127845585594e-05
2022-05-24 10:59:00+00:00,392.42,392.47,392.52,600,3,392.5197512437811,9.570213000356655e-08,-0.0002541305079936107
2022-05-24 11:00:00+00:00,392.42,392.46,392.55,200,500,392.48571428571427,3.7761851912035485e-07,0.0005323094870008926
2022-05-24 11:01:00+00:00,392.65,392.62,392.69,75,100,392.65,1.0778269417295339e-07,0.0004304269960777596
2022-05-24 11:02:00+00:00,392.78,392.78,392.83,557,1000,392.79788696210665,1.484181296777367e-07,8.175460958237402e-05
2022-05-24 11:03:00+00:00,392.84,392.79,392.84,100,100,392.815,1.26147516593199e-07,-0.00016920955180432795
2022-05-24 11:04:00+00:00,392.78,392.74,392.78,10,7,392.7635294117647,1.5084858743813768e-07,5.865925413406359e-06
2022-05-24 11:05:00+00:00,392.82,392.76,392.83,100,1100,392.7658333333333,2.693625550268643e-07,0.0003628115989384728
2022-05-24 11:06:00+00:00,392.93,392.9,392.95,100,1000,392.9045454545454,1.6505168932309857e-07,8.786733849830419e-05
2022-05-24 11:07:00+00:00,392.89,392.9,392.95,250,500,392.9166666666667,1.0513482778976877e-07,0.00012845682154205562
2022-05-24 11:08:00+00:00,393.0,392.95,393.03,1300,600,393.0047368421053,5.567400339658383e-07,0.0011874671326059794
2022-05-24 11:09:00+00:00,393.51,393.44,393.5,100,100,393.47,1.5077417348141725e-07,0.00015249326488087078
2022-05-24 11:10:00+00:00,393.55,393.49,393.56,100,1800,393.49368421052634,2.3079759339865122e-07,-0.0004480478488353423
2022-05-24 11:11:00+00:00,393.41,393.36,393.42,600,100,393.4114285714286,2.4951949942369833e-07,4.1479729123938824e-05
2022-05-24 11:12:00+00:00,393.34,393.31,393.37,500,100,393.36,1.5823376203148066e-07,-0.0002562953186154848
2022-05-24 11:13:00+00:00,393.2,393.23,393.3,100,500,393.2416666666667,2.2284613832272798e-07,-6.97659502763015e-05
2022-05-24 11:14:00+00:00,393.23,393.23,393.29,503,100,393.28004975124384,1.342542229482499e-07,0.00012270735382435838
2022-05-24 11:15:00+00:00,393.3,393.22,393.29,100,100,393.255,4.725078160921635e-08,-0.00028710818573218777
2022-05-24 11:16:00+00:00,393.14,393.13,393.17,1400,110,393.16708609271524,6.412902930842588e-08,-4.320576013383537e-05
2022-05-24 11:17:00+00:00,393.15,393.15,393.16,1,100,393.150099009901,1.6177473336618644e-07,0.0004149085285565235
2022-05-24 11:18:00+00:00,393.28,393.28,393.32,490,100,393.31322033898306,5.98862594633082e-08,0.00012272412983582726
2022-05-24 11:19:00+00:00,393.36,393.31,393.36,100,100,393.335,4.3727575713211805e-07,0.0001592959868437216
2022-05-24 11:20:00+00:00,393.4,393.4,393.43,400,109,393.42357563850686,9.961883951145653e-08,-0.00015458363438425327
2022-05-24 11:21:00+00:00,393.35,393.33,393.37,101,600,393.3357631954351,3.9711362118792334e-08,-0.00016057741216302102
2022-05-24 11:22:00+00:00,393.32,393.28,393.32,100,590,393.2857971014492,8.949317123517228e-08,-9.365552543383338e-05
2022-05-24 11:23:00+00:00,393.23,393.25,393.29,700,200,393.2811111111111,5.694586256739317e-08,7.830287795362878e-05
2022-05-24 11:24:00+00:00,393.35,393.29,393.31,26,100,393.294126984127,9.711789298682491e-08,-0.0004449001136651587
2022-05-24 11:25:00+00:00,393.1,393.1,393.12,2254,100,393.1191503823279,2.393244583407714e-08,6.151557608391478e-05
2022-05-24 11:26:00+00:00,393.14,393.11,393.16,200,100,393.1433333333333,2.2773665866738972e-08,-3.391468760327587e-05
2022-05-24 11:27:00+00:00,393.17,393.12,393.17,150,700,393.12882352941176,5.1099019590356814e-08,0.00029676358117325385
2022-05-24 11:28:00+00:00,393.2,393.23,393.26,200,100,393.25,1.1514170232286051e-07,0.00024581687490465853
2022-05-24 11:29:00+00:00,393.32,393.31,393.36,200,100,393.3433333333333,1.1885793270785074e-07,2.6069980236798074e-05
2022-05-24 11:30:00+00:00,393.31,393.3,393.36,1425,210,393.35229357798164,1.0150827990846408e-07,0.00029790358636150316
2022-05-24 11:31:00+00:00,393.4,393.42,393.48,1100,200,393.47076923076924,1.1736367653260886e-07,-0.00030057945854633505
2022-05-24 11:32:00+00:00,393.32,393.31,393.36,100,200,393.32666666666665,7.696145553989294e-08,0.0002644491623426948
2022-05-24 11:33:00+00:00,393.46,393.4,393.46,1300,100,393.4557142857143,7.739637122490752e-08,7.839921368146818e-05
2022-05-24 11:34:00+00:00,393.42,393.44,393.49,1800,100,393.4873684210526,1.4069520269781507e-07,-5.275169430440929e-05
2022-05-24 11:35:00+00:00,393.46,393.45,393.5,100,201,393.46661129568105,1.3171352465647103e-07,-0.00010151974238126193
2022-05-24 11:36:00+00:00,393.45,393.4,393.45,300,110,393.43658536585366,5.936792297364266e-08,-0.00021820329380040082
2022-05-24 11:37:00+00:00,393.44,393.34,393.39,10,600,393.3408196721311,9.14689824412314e-08,-0.0006376649958176328
2022-05-24 11:38:00+00:00,393.05,393.04,393.09,100,100,393.065,6.553681471436685e-07,-0.0002921760542075047
2022-05-24 11:39:00+00:00,393.0,392.96,392.99,102,100,392.9751485148515,1.0954476741237515e-07,-0.0003566345489814937
2022-05-24 11:40:00+00:00,392.84,392.82,392.87,600,200,392.8575,9.770411406222681e-08,-0.0003425707243289722
2022-05-24 11:41:00+00:00,392.72,392.7,392.72,600,100,392.71714285714285,2.843130677887924e-07,0.0006100675081819329
2022-05-24 11:42:00+00:00,392.93,392.92,392.96,100,100,392.94,6.031467644982588e-08,0.00015269506794934884
2022-05-24 11:43:00+00:00,392.97,392.98,393.02,100,100,393.0,7.375898407055059e-08,0.0001672119229372271
2022-05-24 11:44:00+00:00,393.07,393.06,393.1,100,600,393.0657142857143,6.36146093624541e-08,1.9383648438786594e-05
2022-05-24 11:45:00+00:00,393.08,393.06,393.1,100,200,393.0733333333333,1.0384113382190413e-07,-0.00018456866303451225
2022-05-24 11:46:00+00:00,393.02,393.0,393.04,2,200,393.00039603960397,7.087989797246886e-08,8.28217675563625e-05
2022-05-24 11:47:00+00:00,392.99,392.96,393.0,101,100,392.9800995024876,1.515453813577888e-07,-0.0003693529702260001
2022-05-24 11:48:00+00:00,392.84,392.87,392.89,1100,101,392.8883180682764,9.540558252615827e-08,-0.000109600404290644
2022-05-24 11:49:00+00:00,392.85,392.82,392.85,1000,195,392.8451046025105,3.781225885136074e-08,6.328747541162194e-05
2022-05-24 11:50:00+00:00,392.86,392.84,392.89,1100,201,392.8822751729439,1.197844398923405e-07,-0.00017172800955500556
2022-05-24 11:51:00+00:00,392.81,392.8,392.83,100,1100,392.8025,8.497348778946321e-08,-3.0656588827282505e-05
2022-05-24 11:52:00+00:00,392.8,392.79,392.8,48,1000,392.7904580152672,1.2667091986718773e-07,-2.482397311298623e-05
2022-05-24 11:53:00+00:00,392.78,392.78,392.8,211,100,392.7935691318328,4.778606834531494e-08,-7.175631944833505e-05
2022-05-24 11:54:00+00:00,392.77,392.75,392.79,101,1100,392.75336386344713,1.6587112002643738e-07,-0.00031195954307683404
2022-05-24 11:55:00+00:00,392.62,392.6,392.64,200,1100,392.60615384615386,1.211840730051594e-07,-0.0005135741346212752
2022-05-24 11:56:00+00:00,392.44,392.4,392.42,650,309,392.41355578727837,6.422991759698192e-08,8.396172154778725e-05
2022-05-24 11:57:00+00:00,392.46,392.46,392.47,15,100,392.4613043478261,1.9082538452350816e-07,0.0002599720899281177
2022-05-24 11:58:00+00:00,392.59,392.56,392.6,100,500,392.56666666666666,9.329423379265969e-08,-3.421826411253992e-05
2022-05-24 11:59:00+00:00,392.53,392.53,392.57,100,1,392.569603960396,6.481005946272066e-08,0.00015297354850352107
2022-05-24 12:00:00+00:00,392.57,392.6,392.61,200,1,392.60995024875626,1.1665145587338541e-07,-6.790763248498699e-05
2022-05-24 12:01:00+00:00,392.55,392.57,392.61,100,201,392.58328903654484,2.067906411517941e-07,-0.0004923516663666305
2022-05-24 12:02:00+00:00,392.38,392.37,392.41,200,100,392.39666666666665,1.4445070891279987e-07,0.00015283965453671833
2022-05-24 12:03:00+00:00,392.43,392.43,392.45,100,2,392.44960784313724,2.789219909351135e-07,0.0004987681163488578
2022-05-24 12:04:00+00:00,392.65,392.64,392.66,100,1000,392.64181818181817,1.4263572824351353e-07,0.0004183286936014774
2022-05-24 12:05:00+00:00,392.77,392.74,392.79,1100,454,392.7753925353925,1.512279351943376e-07,-0.0008909146894409137
2022-05-24 12:06:00+00:00,392.46,392.45,392.47,200,254,392.4588105726872,1.0008539543079784e-07,-8.366500751344486e-05
2022-05-24 12:07:00+00:00,392.44,392.4,392.44,1250,254,392.43324468085103,3.348965484775731e-07,-0.0007657656409986169
2022-05-24 12:08:00+00:00,392.14,392.14,392.17,200,10100,392.14058252427185,9.331823246232809e-08,5.9504581852776184e-05
2022-05-24 12:09:00+00:00,392.14,392.14,392.15,100,1000,392.1409090909091,9.932230117812775e-08,-0.00015376011654455457
2022-05-24 12:10:00+00:00,392.08,392.07,392.09,1,1,392.08,1.767827615115081e-07,0.00028980705735315304
2022-05-24 12:11:00+00:00,392.23,392.2,392.21,501,1000,392.20333777481676,7.955052036974562e-08,1.3998341196641562e-05
2022-05-24 12:12:00+00:00,392.2,392.15,392.23,1300,840,392.1985981308411,4.594790733748008e-08,0.00020693015247030822
2022-05-24 12:13:00+00:00,392.33,392.32,392.34,100,10,392.3381818181818,9.440632759139472e-08,4.545415184642465e-05
2022-05-24 12:14:00+00:00,392.31,392.27,392.31,100,100,392.29,9.483579193080089e-08,-0.000123373074092048
2022-05-24 12:15:00+00:00,392.26,392.25,392.26,6430,400,392.25941434846266,9.454994702078655e-08,0.0002569311727207424
2022-05-24 12:16:00+00:00,392.37,392.36,392.39,1,100,392.36029702970296,7.374182041954616e-08,-0.0005863203434792741
2022-05-24 12:17:00+00:00,392.14,392.13,392.14,1,100,392.13009900990096,8.963633500926324e-08,0.0004395243431210005
2022-05-24 12:18:00+00:00,392.33,392.3,392.32,100,100,392.31,1.3264392145846742e-07,-6.715775159782389e-05
2022-05-24 12:19:00+00:00,392.26,392.28,392.29,14,1,392.28933333333333,3.377232385671215e-08,0.0001871359162035624
2022-05-24 12:20:00+00:00,392.32,392.32,392.35,6700,105,392.3495371050698,6.834193127908286e-08,-0.00039394157216365855
2022-05-24 12:21:00+00:00,392.18,392.17,392.21,100,100,392.19,2.0186120972119548e-07,-0.00019001723510958524
2022-05-24 12:22:00+00:00,392.1,392.07,392.1,140,600,392.07567567567565,1.2959399746135095e-07,0.00013904861601088392
2022-05-24 12:23:00+00:00,392.18,392.14,392.19,600,100,392.18285714285713,1.1328067215344385e-07,-3.841765839929234e-05
2022-05-24 12:24:00+00:00,392.17,392.16,392.19,1200,100,392.1876923076923,9.231097399161276e-08,-5.057769348448815e-05
2022-05-24 12:25:00+00:00,392.18,392.14,392.15,1,100,392.140099009901,1.376709545027461e-07,0.00027491737955687157
2022-05-24 12:26:00+00:00,392.24,392.24,392.25,400,106,392.24790513833995,9.552237366245316e-08,7.005640230239862e-05
2022-05-24 12:27:00+00:00,392.27,392.26,392.28,1200,30,392.27951219512187,1.2103473555121483e-07,6.775100912093102e-05
2022-05-24 12:28:00+00:00,392.28,392.3,392.32,174,100,392.312700729927,1.8196319790108294e-07,0.00042528039050537814
2022-05-24 12:29:00+00:00,392.45,392.44,392.47,200,50,392.464,1.1504949686513213e-07,-8.574308365050243e-05
2022-05-24 12:30:00+00:00,392.42,392.42,392.45,102,100,392.43514851485145,1.3612172933586747e-07,-0.00021841711404202435
2022-05-24 12:31:00+00:00,392.35,392.36,392.39,100,101,392.3749253731343,1.7994344403430063e-07,0.00040823302971126907
2022-05-24 12:32:00+00:00,392.47,392.49,392.51,100,1,392.509801980198,3.4509410438191565e-07,0.0006251975419910849
2022-05-24 12:33:00+00:00,392.77,392.72,392.77,600,1200,392.7366666666667,1.7431928401407434e-07,0.00019108541264611922
2022-05-24 12:34:00+00:00,392.85,392.82,392.84,101,255,392.82567415730335,1.8323121324678807e-07,-0.00030541181447862886
2022-05-24 12:35:00+00:00,392.7,392.7,392.73,45,700,392.70181208053685,1.3212725866383117e-07,-0.00018339565434954963
2022-05-24 12:36:00+00:00,392.61,392.59,392.64,1100,100,392.6358333333333,1.2634513831826732e-07,0.0005425243138506008
2022-05-24 12:37:00+00:00,392.87,392.84,392.86,176,100,392.8527536231884,1.1049662027356242e-07,0.0005442429874140675
2022-05-24 12:38:00+00:00,393.07,393.04,393.09,100,101,393.06487562189056,1.9124606533478378e-07,-0.0002555960315125949
2022-05-24 12:39:00+00:00,392.96,392.96,392.99,298,201,392.97791583166327,3.445517941852269e-08,4.844114258828469e-06
2022-05-24 12:40:00+00:00,392.96,392.93,392.97,885,100,392.96593908629444,4.692741535761755e-08,1.788983114114906e-05
2022-05-24 12:41:00+00:00,392.97,392.97,392.98,70,179,392.97281124497994,7.845092781692177e-08,0.00024596206476013016
2022-05-24 12:42:00+00:00,393.05,393.05,393.08,1,100,393.05029702970296,1.222882853817726e-07,-3.4691947074061424e-05
2022-05-24 12:43:00+00:00,393.06,393.04,393.07,120,100,393.0563636363636,1.2468786089907783e-07,0.00013645972587794652
2022-05-24 12:44:00+00:00,393.1,393.11,393.14,594,200,393.13244332493707,1.1149662114969749e-07,-0.000193030838546826
2022-05-24 12:45:00+00:00,393.03,393.01,393.05,600,101,393.04423680456495,7.075176486680938e-08,-0.00013693624787103342
2022-05-24 12:46:00+00:00,393.02,392.98,393.01,1,100,392.98029702970297,3.69588650782783e-08,0.00025161547735819134
2022-05-24 12:47:00+00:00,393.07,393.07,393.08,15,100,393.07130434782607,5.4922228940898e-08,5.3226058247535235e-05
2022-05-24 12:48:00+00:00,393.1,393.06,393.08,1,100,393.060198019802,7.43157680175019e-08,-0.0003052645056962344
2022-05-24 12:49:00+00:00,393.0,392.98,393.0,1,200,392.9800995024876,7.688541375340278e-08,0.0005141312623999639
2022-05-24 12:50:00+00:00,393.21,393.18,393.21,101,200,393.1900664451827,7.05880000399738e-08,0.00012807586451213382
2022-05-24 12:51:00+00:00,393.23,393.23,393.26,90,600,393.2339130434783,1.7165459907569276e-07,-8.271759825650982e-05
2022-05-24 12:52:00+00:00,393.15,393.18,393.2,600,1,393.1999667221298,1.1107093571543544e-07,0.0001526829565408061
2022-05-24 12:53:00+00:00,393.28,393.26,393.27,1,1400,393.26000713775875,6.001371224999804e-08,1.269468928266626e-05
2022-05-24 12:54:00+00:00,393.25,393.26,393.27,100,100,393.265,5.639444282796032e-08,-0.000315732817989578
2022-05-24 12:55:00+00:00,393.14,393.11,393.15,200,1100,393.11615384615385,1.105160474379675e-07,-0.00013853535925023586
2022-05-24 12:56:00+00:00,393.09,393.07,393.1,200,1070,393.0747244094488,1.5245336149154538e-07,8.555517531050327e-05
2022-05-24 12:57:00+00:00,393.16,393.13,393.15,1100,35,393.1493832599119,7.051334219918237e-08,6.592716030673351e-05
2022-05-24 12:58:00+00:00,393.14,393.17,393.23,1000,2200,393.18875,1.6237370564345695e-07,-0.0002061363473613298
2022-05-24 12:59:00+00:00,393.05,393.04,393.09,100,101,393.06487562189056,8.348787056915973e-08,1.4717210215842158e-05
2022-05-24 13:00:00+00:00,393.07,393.07,393.08,99,1500,393.0706191369606,1.2191957071252178e-07,-0.00032392930781866003
2022-05-24 13:01:00+00:00,392.96,392.91,392.96,200,101,392.94322259136214,1.0701423973448388e-07,-0.0001807528847050932
2022-05-24 13:02:00+00:00,392.9,392.87,392.9,50,97,392.88020408163266,5.1172059912215e-08,-0.0003370514718205042
2022-05-24 13:03:00+00:00,392.72,392.72,392.73,6700,100,392.7298529411765,1.885809520380083e-07,7.281636767708655e-05
2022-05-24 13:04:00+00:00,392.77,392.75,392.78,100,100,392.765,2.0433694220940072e-07,0.00023806250940383578
2022-05-24 13:05:00+00:00,392.87,392.88,392.89,480,1,392.8899792099792,9.817141621638768e-08,6.907099068520495e-05
2022-05-24 13:06:00+00:00,392.84,392.85,392.89,200,3,392.8894088669951,9.309029413221952e-08,-0.00024314456034191245
2022-05-24 13:07:00+00:00,392.8,392.78,392.82,103,200,392.79359735973594,9.34345044714705e-08,0.0004309244797680023
2022-05-24 13:08:00+00:00,392.98,392.95,392.98,100,1700,392.95166666666665,2.0242179500966878e-07,-0.0005374428228014372
2022-05-24 13:09:00+00:00,392.78,392.76,392.79,100,1100,392.7625,1.3278329993315624e-07,-1.928892534031057e-06
2022-05-24 13:10:00+00:00,392.78,392.73,392.79,500,1100,392.74875,1.4649966488170073e-07,0.00027776106067700645
2022-05-24 13:11:00+00:00,392.85,392.84,392.88,100,100,392.86,4.839949469155162e-08,-0.00015656980962253098
2022-05-24 13:12:00+00:00,392.81,392.78,392.8,600,49,392.7984899845917,9.425837359596617e-08,0.00022371178610014475
2022-05-24 13:13:00+00:00,392.9,392.87,392.92,600,1200,392.88666666666666,7.79510291733923e-08,0.00020293428587958573
2022-05-24 13:14:00+00:00,392.98,392.95,392.98,103,89,392.96609374999997,4.2341063694418394e-08,0.00020181902962024267
2022-05-24 13:15:00+00:00,393.03,393.03,393.05,690,206,393.04540178571426,8.432863698948597e-08,0.00022614163190204373
2022-05-24 13:16:00+00:00,393.11,393.13,393.15,1100,210,393.14679389312977,9.594948914982644e-08,-0.0001380844059100106
2022-05-24 13:17:00+00:00,393.07,393.06,393.09,1101,100,393.08750208159864,1.314626141681541e-07,5.870795531937034e-05
2022-05-24 13:18:00+00:00,393.1,393.1,393.14,100,1200,393.1030769230769,6.457090344009313e-08,-0.0004818172891534189
2022-05-24 13:19:00+00:00,392.95,392.93,392.97,100,700,392.935,6.268986409298763e-08,0.00023243511759662994
2022-05-24 13:20:00+00:00,392.99,393.0,393.01,100,100,393.005,6.862328600372876e-08,0.0004030546421205372
2022-05-24 13:21:00+00:00,393.16,393.14,393.18,141,100,393.16340248962655,8.817270113262142e-08,5.50277994346704e-05
2022-05-24 13:22:00+00:00,393.2,393.18,393.2,101,200,393.18671096345514,1.28422049953518e-07,8.942510516174451e-05
2022-05-24 13:23:00+00:00,393.26,393.22,393.24,31,100,393.2247328244275,8.289105580404442e-08,-2.6260667641664348e-05
2022-05-24 13:24:00+00:00,393.2,393.2,393.21,77,1,393.2098717948718,7.642663419110299e-08,-0.0001863139876329134
2022-05-24 13:25:00+00:00,393.12,393.12,393.17,100,1,393.1695049504951,2.1227447660784333e-07,-0.0006342288182893396
2022-05-24 13:26:00+00:00,392.89,392.88,392.92,200,300,392.896,1.7914952280258076e-07,-0.0003366683943578641
2022-05-24 13:27:00+00:00,392.74,392.73,392.78,300,300,392.755,2.0732060020694562e-07,-5.509525049507413e-05
2022-05-24 13:28:00+00:00,392.75,392.74,392.79,200,1000,392.74833333333333,2.66581530409953e-07,-7.415784655517843e-05
2022-05-24 13:29:00+00:00,392.68,392.67,392.69,300,2000,392.6726086956522,1.6164352074229568e-07,-0.0004054878701094111
2022-05-24 13:30:00+00:00,392.56,392.56,392.61,1300,200,392.60333333333335,1.5751782368755138e-06,0.0008279305557323813
2022-05-24 13:31:00+00:00,392.8,392.78,392.8,320,200,392.7923076923077,8.546787390426131e-07,-6.787656646400908e-05
2022-05-24 13:32:00+00:00,392.9,392.88,392.92,300,114,392.90898550724637,1.068001952098457e-06,0.001009732463323143
2022-05-24 13:33:00+00:00,393.2,393.17,393.21,100,100,393.19,1.1469301265322122e-06,-0.0020174278642389742
2022-05-24 13:34:00+00:00,392.41,392.39,392.44,400,203,392.42316749585405,1.0004677119191365e-06,-0.0007007321589345139
2022-05-24 13:35:00+00:00,392.13,392.09,392.12,101,100,392.10507462686564,1.0850367428869198e-06,-0.0003369001484689882
2022-05-24 13:36:00+00:00,392.04,392.04,392.06,100,107,392.0496618357488,9.996689118167288e-07,-0.00042843899079747505
2022-05-24 13:37:00+00:00,391.87,391.87,391.88,202,400,391.8733554817276,5.509841779710802e-07,-0.00047637286451229777
2022-05-24 13:38:00+00:00,391.7,391.71,391.72,100,100,391.715,3.909016918700641e-07,-0.0005792971841610539
2022-05-24 13:39:00+00:00,391.46,391.42,391.44,417,200,391.4335170178282,4.3610175681985824e-07,0.00013485348028163813
2022-05-24 13:40:00+00:00,391.48,391.46,391.5,231,200,391.4814385150812,1.0016579692653218e-06,0.00046537041686089964
2022-05-24 13:41:00+00:00,391.78,391.74,391.78,1312,109,391.77693173821257,6.567457735872104e-07,0.0007965753724423763
2022-05-24 13:42:00+00:00,392.0,391.98,392.03,1200,105,392.0259770114942,6.578826145284412e-07,-0.0009019564254828527
2022-05-24 13:43:00+00:00,391.68,391.66,391.68,12,200,391.6611320754717,4.7150750153391886e-07,8.571762062459243e-05
2022-05-24 13:44:00+00:00,391.69,391.67,391.69,100,200,391.6766666666667,4.802562887051447e-07,0.00024254183846705857
2022-05-24 13:45:00+00:00,391.76,391.76,391.78,100,100,391.77,1.5933910181339446e-06,0.00033181887794175857
2022-05-24 13:46:00+00:00,391.91,391.89,391.91,50,200,391.894,8.280599884142909e-07,-4.6171922368110074e-05
2022-05-24 13:47:00+00:00,391.89,391.86,391.9,605,200,391.8900621118012,6.184878684837403e-07,-0.0011378736025804415
2022-05-24 13:48:00+00:00,391.45,391.43,391.45,117,100,391.44078341013824,6.501983968953959e-07,3.5643401872675895e-05
2022-05-24 13:49:00+00:00,391.48,391.48,391.51,111,22,391.5050375939849,6.692800023159649e-07,-6.647099514178745e-05
2022-05-24 13:50:00+00:00,391.42,391.42,391.46,338,116,391.4497797356828,7.112873671996471e-07,-5.051967084324094e-05
2022-05-24 13:51:00+00:00,391.5,391.49,391.52,100,117,391.5038248847926,7.360351215675817e-07,0.0008870434688819095
2022-05-24 13:52:00+00:00,391.81,391.78,391.82,100,115,391.7986046511628,8.764561534471778e-07,0.0006719288839822646
2022-05-24 13:53:00+00:00,392.05,392.02,392.05,18,1017,392.0205217391304,9.136860716378871e-07,-0.0005345967027290399
2022-05-24 13:54:00+00:00,391.8,391.79,391.82,105,100,391.80536585365854,9.170639786251902e-07,-0.0011424860503201906
2022-05-24 13:55:00+00:00,391.38,391.36,391.39,200,15,391.38790697674415,4.446495165065725e-07,-0.000279248242013197
2022-05-24 13:56:00+00:00,391.26,391.24,391.27,159,105,391.2580681818182,5.219570038708361e-07,-0.0003162437576752497
2022-05-24 13:57:00+00:00,391.17,391.16,391.18,200,100,391.17333333333335,5.593670351724715e-07,0.0007006695203444213
2022-05-24 13:58:00+00:00,391.37,391.35,391.37,100,200,391.3566666666667,5.72449857138165e-07,-0.0007495781230382192
2022-05-24 13:59:00+00:00,391.12,391.1,391.11,35,300,391.1010447761194,2.3895843659990093e-07,-0.0009422632181169677
2022-05-24 14:00:00+00:00,390.77,390.76,390.8,300,100,390.79,7.609798916399653e-07,7.302248640450593e-05
2022-05-24 14:01:00+00:00,390.72,390.73,390.77,213,13,390.76769911504425,7.184035334334823e-07,-0.001462904911180729
2022-05-24 14:02:00+00:00,390.18,390.18,390.21,800,200,390.204,5.288109857259451e-07,1.2299860969067211e-05
2022-05-24 14:03:00+00:00,390.25,390.25,390.28,66,100,390.26192771084334,6.144698916912734e-07,7.95393340116135e-05
2022-05-24 14:04:00+00:00,390.21,390.19,390.22,1000,600,390.20875,6.036564879378697e-07,-0.0005323430342336621
2022-05-24 14:05:00+00:00,390.03,389.99,390.03,117,107,390.0108928571429,6.973646695823545e-07,-0.0001178726189897672
2022-05-24 14:06:00+00:00,389.99,389.99,390.01,280,30,390.008064516129,5.799378422915347e-07,0.0006951974232805025
2022-05-24 14:07:00+00:00,390.27,390.21,390.25,215,14,390.24755458515284,7.253885986056739e-07,-0.0008342497023936524
2022-05-24 14:08:00+00:00,389.9,389.89,389.91,1311,114,389.9084,8.038909212133175e-07,-0.0016480169651190701
2022-05-24 14:09:00+00:00,389.26,389.22,389.26,30,100,389.2292307692308,6.08880041665119e-07,-7.292048187168554e-05
2022-05-24 14:10:00+00:00,389.29,389.23,389.26,19,114,389.23428571428576,3.1847664043172657e-07,-0.00044606125164914356
2022-05-24 14:11:00+00:00,389.09,389.06,389.09,331,141,389.08103813559325,7.854884057921416e-07,5.79851919058072e-05
2022-05-24 14:12:00+00:00,389.12,389.13,389.15,100,125,389.1388888888889,6.678616472388536e-07,0.00016348054663195555
2022-05-24 14:13:00+00:00,389.16,389.15,389.16,1,100,389.150099009901,5.701486789790667e-07,0.00028897417912010503
2022-05-24 14:14:00+00:00,389.25,389.22,389.25,338,100,389.2431506849315,1.072928401825882e-06,-0.00219546841349727
2022-05-24 14:15:00+00:00,388.41,388.38,388.43,105,600,388.3874468085107,9.129667996617328e-07,-0.0010177811589719976
2022-05-24 14:16:00+00:00,388.0,387.99,388.03,235,812,387.9989780324737,7.518352736736867e-07,-0.0007201718957465797
2022-05-24 14:17:00+00:00,387.81,387.8,387.82,19,27,387.80826086956523,6.844842547757586e-07,-0.0002536574593977603
2022-05-24 14:18:00+00:00,387.67,387.69,387.72,300,6,387.7194117647059,7.975366393163626e-07,-0.00030315155455218346
2022-05-24 14:19:00+00:00,387.55,387.52,387.54,300,13,387.53916932907345,6.453376423144599e-07,3.1137455478669196e-05
2022-05-24 14:20:00+00:00,387.599,387.57,387.59,100,200,387.57666666666665,4.172186804790629e-07,0.001234056827194907
2022-05-24 14:21:00+00:00,387.949,387.93,387.95,200,222,387.93947867298584,6.631474782962623e-07,-4.945284949320339e-06
2022-05-24 14:22:00+00:00,387.99,387.98,388.0,118,149,387.98883895131087,9.790927460766336e-07,0.0012602036153017693
2022-05-24 14:23:00+00:00,388.46,388.46,388.48,374,1200,388.4647522236341,6.376927572804453e-07,-3.1080929154603254e-05
2022-05-24 14:24:00+00:00,388.52,388.53,388.54,100,10,388.53909090909093,7.691528675393982e-07,-0.0009812963336637281
2022-05-24 14:25:00+00:00,388.14,388.14,388.16,100,100,388.15,9.564059733379857e-07,-0.0007236235264795887
2022-05-24 14:26:00+00:00,387.86,387.79,387.81,100,100,387.8,8.460302713815131e-07,0.0007724622842713025
2022-05-24 14:27:00+00:00,388.17,388.15,388.18,100,17,388.175641025641,9.86735987422673e-07,0.0011271633485123722
2022-05-24 14:28:00+00:00,388.6,388.57,388.61,100,19,388.6036134453782,5.102863055799956e-07,-0.00037172382635353163
2022-05-24 14:29:00+00:00,388.43,388.39,388.43,12,1118,388.39042477876103,7.103620865547456e-07,0.0014083745248087975
2022-05-24 14:30:00+00:00,389.0,389.0,389.01,100,82,389.0054945054945,1.0912596042133302e-06,-0.00118608038126633
2022-05-24 14:31:00+00:00,388.56,388.5,388.53,242,100,388.5212280701755,8.949673624588696e-07,0.0002927673959101096
2022-05-24 14:32:00+00:00,388.69,388.68,388.72,100,34,388.70985074626867,1.0501245776205419e-06,-0.00026472103299313154
2022-05-24 14:33:00+00:00,388.53,388.52,388.55,200,15,388.5479069767442,6.460110860959146e-07,-0.0004571569045003221
2022-05-24 14:34:00+00:00,388.35,388.31,388.34,32,137,388.3156804733728,8.795359828700713e-07,-0.0001486458190320672
2022-05-24 14:35:00+00:00,388.24,388.23,388.25,19,112,388.23290076335877,7.55363518180973e-07,0.0005935373874446093
2022-05-24 14:36:00+00:00,388.45,388.42,388.46,115,312,388.43077283372367,1.1381587415766083e-06,0.00040713322685315134
2022-05-24 14:37:00+00:00,388.66,388.59,388.62,12,15,388.60333333333335,1.336585981918792e-06,-0.001541904028599772
2022-05-24 14:38:00+00:00,388.08,388.08,388.12,100,124,388.09785714285715,6.589275863324149e-07,0.00044383532075231713
2022-05-24 14:39:00+00:00,388.28,388.31,388.35,20,100,388.31666666666666,9.487876759180247e-07,0.0005403994049595351
2022-05-24 14:40:00+00:00,388.53,388.52,388.54,100,100,388.53,7.039833979259554e-07,-0.0014656501788610221
2022-05-24 14:41:00+00:00,387.91,387.89,387.91,100,47,387.9036054421769,7.139623617803927e-07,0.0006303777015583822
2022-05-24 14:42:00+00:00,388.16,388.15,388.17,124,100,388.16107142857146,1.0570912280711268e-06,0.0006204752539871183
2022-05-24 14:43:00+00:00,388.38,388.35,388.39,217,18,388.3869361702127,1.0629960903639025e-06,0.0008625368018302382
2022-05-24 14:44:00+00:00,388.79,388.77,388.81,100,220,388.78249999999997,7.509207336744798e-07,-0.0010906996724174833
2022-05-24 14:45:00+00:00,388.31,388.33,388.36,214,2,388.3597222222223,1.0675641836267427e-06,7.034225577817743e-05
2022-05-24 14:46:00+00:00,388.35,388.36,388.39,100,14,388.3863157894737,5.839361561262228e-07,0.001073833401067592
2022-05-24 14:47:00+00:00,388.75,388.75,388.78,15,241,388.7517578125,8.203152994416377e-07,-0.0012950759247640775
2022-05-24 14:48:00+00:00,388.19,388.16,388.19,103,500,388.16512437810945,9.036089785780548e-07,-0.0021290342462247924
2022-05-24 14:49:00+00:00,387.39,387.38,387.4,1500,1363,387.390478519036,4.1246525983374734e-07,-0.00045232824282881445
2022-05-24 14:50:00+00:00,387.28,387.21,387.24,200,357,387.2207719928187,5.119710583123549e-07,-0.00011425235528095268
2022-05-24 14:51:00+00:00,387.18,387.14,387.17,100,23,387.16439024390246,5.033796111713844e-07,0.00037449314290127766
2022-05-24 14:52:00+00:00,387.34,387.35,387.38,100,100,387.365,5.641748482650571e-07,5.6409348673680526e-05
2022-05-24 14:53:00+00:00,387.38,387.34,387.38,137,25,387.3738271604938,9.223993035758066e-07,0.00016420038954878535
2022-05-24 14:54:00+00:00,387.4,387.41,387.44,124,200,387.42148148148146,1.0048173410034695e-06,-0.0003364659549645044
2022-05-24 14:55:00+00:00,387.32,387.32,387.35,129,20,387.3459731543624,6.223839219691475e-07,-0.00021779840190183641
2022-05-24 14:56:00+00:00,387.24,387.21,387.24,133,1121,387.2131818181818,4.2957686047502884e-07,0.00015478415653569222
2022-05-24 14:57:00+00:00,387.25,387.21,387.24,126,116,387.22561983471076,7.635250587328183e-07,0.0010105949532592806
2022-05-24 14:58:00+00:00,387.69,387.68,387.7,725,150,387.6965714285714,5.100599047155153e-07,0.0008043165867162028
2022-05-24 14:59:00+00:00,387.94,387.91,387.94,100,326,387.9170422535211,5.218882403841124e-07,0.0003381927340191382
2022-05-24 15:00:00+00:00,388.09,388.1,388.12,214,119,388.1128528528529,6.968013974385939e-07,-3.4504341167362895e-05
2022-05-24 15:01:00+00:00,388.08,388.07,388.09,200,200,388.08,6.40625906118467e-07,0.0011745658186315122
2022-05-24 15:02:00+00:00,388.52,388.52,388.55,100,118,388.5337614678899,5.172778403714173e-07,-0.0006637230557393625
2022-05-24 15:03:00+00:00,388.28,388.27,388.31,32,1100,388.2711307420495,6.30977028562691e-07,0.0005821239568069014
2022-05-24 15:04:00+00:00,388.54,388.51,388.53,127,12,388.528273381295,4.543138476375421e-07,-0.0007664861237188791
2022-05-24 15:05:00+00:00,388.22,388.18,388.22,26,115,388.1873758865249,6.04010025429596e-07,0.00044986366095201014
2022-05-24 15:06:00+00:00,388.41,388.37,388.39,109,112,388.3798642533937,5.919172700854287e-07,-0.0006039560117595544
2022-05-24 15:07:00+00:00,388.13,388.12,388.13,100,109,388.12478468899525,6.2765122772579e-07,0.0003130004509217521
2022-05-24 15:08:00+00:00,388.23,388.24,388.27,200,100,388.26,6.381762244665259e-07,-0.0003776411512120825
2022-05-24 15:09:00+00:00,388.1,388.07,388.1,213,112,388.08966153846154,5.742556781925398e-07,0.0005335679229347967
2022-05-24 15:10:00+00:00,388.33,388.33,388.36,100,117,388.34382488479264,7.436855229266213e-07,-0.0006345048669332831
2022-05-24 15:11:00+00:00,388.07,388.08,388.12,400,221,388.1057648953301,6.073147967739275e-07,0.0004419434322577853
2022-05-24 15:12:00+00:00,388.31,388.32,388.33,100,1,388.329900990099,5.041393639122373e-07,-5.2382847193110926e-05
2022-05-24 15:13:00+00:00,388.25,388.24,388.26,100,17,388.257094017094,7.096100246544509e-07,-0.0004677134525958859
2022-05-24 15:14:00+00:00,388.04,388.06,388.09,100,100,388.075,4.697213044131669e-07,-7.933311693608669e-05
2022-05-24 15:15:00+00:00,388.005,388.0,388.01,200,100,388.00666666666666,5.219292271664129e-07,0.00018712454742675355
2022-05-24 15:16:00+00:00,388.07,388.05,388.07,100,100,388.06,8.714494255368618e-07,0.000854498036564566
2022-05-24 15:17:00+00:00,388.36,388.37,388.41,116,117,388.38991416309017,5.50770611803353e-07,-0.001098085676180971
2022-05-24 15:18:00+00:00,387.98,387.96,387.98,300,156,387.97315789473686,4.0428316298228066e-07,-0.0008097398193105398
2022-05-24 15:19:00+00:00,387.7,387.7,387.71,188,100,387.70652777777775,5.786629181745524e-07,0.00020402149917786438
2022-05-24 15:20:00+00:00,387.79,387.72,387.75,20,219,387.7225104602511,5.646002106270647e-07,-0.0008967695464385805
2022-05-24 15:21:00+00:00,387.42,387.41,387.43,399,200,387.4233222036728,4.80103293571024e-07,0.0003391668222361144
2022-05-24 15:22:00+00:00,387.54,387.54,387.57,110,21,387.5651908396946,8.251776662687307e-07,0.00037688375134692365
2022-05-24 15:23:00+00:00,387.67,387.66,387.69,17,100,387.66435897435895,5.849866680072983e-07,0.0004035604891545752
2022-05-24 15:24:00+00:00,387.9,387.83,387.85,100,1,387.84980198019804,9.845783806143053e-07,0.0007965321351166565
2022-05-24 15:25:00+00:00,388.19,388.23,388.25,92,19,388.2465765765766,6.688596185735786e-07,-9.02641997794218e-05
2022-05-24 15:26:00+00:00,388.05,388.03,388.06,20,100,388.03499999999997,5.075891892825337e-07,-5.1529126838922856e-05
2022-05-24 15:27:00+00:00,388.05,388.04,388.06,100,100,388.05,6.512865177302956e-07,0.0004380201489266877
2022-05-24 15:28:00+00:00,388.24,388.28,388.29,100,100,388.285,3.490716650903923e-07,-0.0003576761735677447
2022-05-24 15:29:00+00:00,388.13,388.12,388.13,100,100,388.125,6.358876723321271e-07,0.0013063813514562206
2022-05-24 15:30:00+00:00,388.59,388.59,388.6,200,71,388.59738007380076,9.93364677327194e-07,-0.00022566843692772842
2022-05-24 15:31:00+00:00,388.56,388.53,388.56,100,216,388.5394936708861,6.42220503045319e-07,-0.0007218340713034399
2022-05-24 15:32:00+00:00,388.26,388.25,388.28,108,200,388.26051948051946,5.791404043328288e-07,-0.0002777175436080581
2022-05-24 15:33:00+00:00,388.2,388.19,388.22,100,113,388.20408450704224,7.057887473949973e-07,0.00043389967925344664
2022-05-24 15:34:00+00:00,388.26,388.25,388.27,100,100,388.26,5.683462037991273e-07,0.0005882774305445704
2022-05-24 15:35:00+00:00,388.5,388.49,388.52,100,14,388.5163157894737,5.993212889284708e-07,-0.0011067237925246332
2022-05-24 15:36:00+00:00,388.13,388.11,388.14,123,240,388.1201652892562,5.595883328267291e-07,0.001426012274324595
2022-05-24 15:37:00+00:00,388.57,388.54,388.56,100,100,388.55,6.686654118099323e-07,-0.0008568882541747369
2022-05-24 15:38:00+00:00,388.39,388.31,388.34,100,118,388.32376146788994,3.5538239229202196e-07,-0.0003779809114781152
2022-05-24 15:39:00+00:00,388.16,388.15,388.17,1,64,388.15030769230765,4.5015217042027316e-07,0.0005836365336966409
2022-05-24 15:40:00+00:00,388.42,388.41,388.44,100,117,388.4238248847926,4.812053118091438e-07,0.0002447464631882834
2022-05-24 15:41:00+00:00,388.46,388.46,388.49,128,100,388.4768421052632,5.856938037808728e-07,9.179250269997219e-05
2022-05-24 15:42:00+00:00,388.54,388.54,388.56,100,1400,388.54133333333334,4.910275096598238e-07,0.00016285553984274337
2022-05-24 15:43:00+00:00,388.62,388.62,388.64,119,100,388.6308675799087,7.773624081511243e-07,0.0011740186291342436
2022-05-24 15:44:00+00:00,389.08,389.06,389.1,118,600,389.066573816156,6.864606438257197e-07,0.000454089476059627
2022-05-24 15:45:00+00:00,389.25,389.24,389.26,100,17,389.257094017094,5.750104606810001e-07,0.0014309441654896116
2022-05-24 15:46:00+00:00,389.87,389.87,389.89,21,350,389.8711320754717,3.821302155391022e-07,0.0005689931397470094
2022-05-24 15:47:00+00:00,389.995,389.97,389.99,136,7,389.989020979021,4.778458110261001e-07,0.00010021177601982068
2022-05-24 15:48:00+00:00,390.08,390.1,390.14,121,119,390.12016666666665,5.751408872722468e-07,0.0011325438588540848
2022-05-24 15:49:00+00:00,390.52,390.51,390.53,100,143,390.51823045267486,5.935366340918301e-07,0.0003100299391283201
2022-05-24 15:50:00+00:00,390.64,390.63,390.66,100,323,390.6370921985815,4.162843482770027e-07,-0.0008962236823779612
2022-05-24 15:51:00+00:00,390.3,390.32,390.34,114,1,390.33982608695646,4.037445958658607e-07,8.495558036791806e-05
2022-05-24 15:52:00+00:00,390.33,390.33,390.34,100,100,390.335,4.4218752967344064e-07,-0.0002666084643738742
2022-05-24 15:53:00+00:00,390.23,390.22,390.24,220,200,390.23047619047617,6.094566212312929e-07,0.00014362772664400225
2022-05-24 15:54:00+00:00,390.27,390.28,390.31,23,150,390.2839884393063,4.076137847382031e-07,-0.0004516419009982231
2022-05-24 15:55:00+00:00,390.11,390.07,390.1,21,100,390.07520661157025,4.806319700849985e-07,0.0002440532165097764
2022-05-24 15:56:00+00:00,390.2,390.15,390.18,18,80,390.1555102040816,4.187999058668111e-07,0.0003542010982968691
2022-05-24 15:57:00+00:00,390.34,390.36,390.39,18,150,390.3632142857143,4.0554015066873794e-07,0.00036363506172376603
2022-05-24 15:58:00+00:00,390.46,390.47,390.49,100,100,390.48,3.5688691994991675e-07,0.000295134308253564
2022-05-24 15:59:00+00:00,390.58,390.58,390.62,608,116,390.613591160221,6.759267625652275e-07,-0.0008456705199739734
2022-05-24 16:00:00+00:00,390.25,390.24,390.28,86,127,390.25615023474177,5.665409300790491e-07,-0.0004615253367159511
2022-05-24 16:01:00+00:00,390.1,390.11,390.15,119,165,390.1267605633803,5.644177527427839e-07,1.5268130999723795e-05
2022-05-24 16:02:00+00:00,390.09,390.08,390.09,188,100,390.08652777777775,6.762043761861899e-07,2.498272839668303e-05
2022-05-24 16:03:00+00:00,390.12,390.11,390.15,231,441,390.12375000000003,6.649291468140791e-07,0.00010702222531056016
2022-05-24 16:04:00+00:00,390.165,390.15,390.18,100,22,390.17459016393445,3.3500902146392866e-07,0.0005565025331950579
2022-05-24 16:05:00+00:00,390.38,390.36,390.38,200,15441,390.3602557381241,4.907565815816467e-07,-0.0002940952493951654
2022-05-24 16:06:00+00:00,390.25,390.3,390.32,100,19,390.316806722689,4.599572884963364e-07,5.124977103121431e-05
2022-05-24 16:07:00+00:00,390.25,390.25,390.28,110,100,390.26571428571424,5.47851385622966e-07,0.0005388181432048889
2022-05-24 16:08:00+00:00,390.46,390.42,390.45,1,117,390.42025423728813,4.3929256782857224e-07,0.0011187448678371403
2022-05-24 16:09:00+00:00,390.93,390.91,390.93,121,100,390.9209502262443,3.371489886359317e-07,0.0002845364078389867
2022-05-24 16:10:00+00:00,391.02,391.0,391.03,400,1100,391.008,6.302661239796009e-07,0.0005140349441468128
2022-05-24 16:11:00+00:00,391.24,391.24,391.26,100,100,391.25,3.0610701364096693e-07,-0.00012050062532509287
2022-05-24 16:12:00+00:00,391.18,391.16,391.19,321,5,391.18953987730066,2.8753161996453185e-07,-8.825604234363738e-05
2022-05-24 16:13:00+00:00,391.09,391.15,391.17,19,100,391.15319327731095,4.0500761455620146e-07,0.0002535302489283797
2022-05-24 16:14:00+00:00,391.22,391.18,391.22,200,118,391.2051572327044,5.934423806427324e-07,0.000981698763506067
2022-05-24 16:15:00+00:00,391.7,391.68,391.7,200,3,391.6997044334975,1.192174264514606e-06,0.002338588508650652
2022-05-24 16:16:00+00:00,392.54,392.53,392.55,24,9,392.54454545454547,5.356852605431405e-07,-0.0008949977388785779
2022-05-24 16:17:00+00:00,392.19,392.18,392.2,100,100,392.19,4.3814794723182085e-07,-0.0014155710206661398
2022-05-24 16:18:00+00:00,391.59,391.57,391.6,600,100,391.5957142857143,4.3100173932263923e-07,-0.00021471194465050303
2022-05-24 16:19:00+00:00,391.55,391.54,391.56,68,200,391.5450746268657,4.4682353986148333e-07,0.00022669412248799148
2022-05-24 16:20:00+00:00,391.61,391.6,391.62,4,100,391.6007692307693,5.303079798997168e-07,-0.0006890018316610957
2022-05-24 16:21:00+00:00,391.37,391.32,391.35,100,50,391.34,3.570398891534808e-07,-0.000777797464800889
2022-05-24 16:22:00+00:00,391.07,391.06,391.08,500,27,391.0789753320683,4.1624504458240467e-07,0.00022254744188376918
2022-05-24 16:23:00+00:00,391.15,391.15,391.19,50,66,391.16724137931027,4.3839160912288464e-07,-0.00022198543775542312
2022-05-24 16:24:00+00:00,391.07,391.06,391.08,100,150,391.068,4.6129709065691594e-07,0.0003241668950750842
2022-05-24 16:25:00+00:00,391.2,391.18,391.22,400,160,391.2085714285714,9.229707684331213e-07,0.00037172583036526596
2022-05-24 16:26:00+00:00,391.32,391.33,391.37,300,115,391.35891566265065,4.3805984071506304e-07,-0.0009751325235672903
2022-05-24 16:27:00+00:00,391.02,390.99,391.03,200,130,391.01424242424247,6.147072583878995e-07,0.0008631311972600031
2022-05-24 16:28:00+00:00,391.26,391.2,391.23,325,17,391.2285087719298,5.808894336065531e-07,-0.0008323836439440013
2022-05-24 16:29:00+00:00,390.97,390.93,390.96,100,247,390.93864553314125,4.485107501622388e-07,-0.0005470587467371057
2022-05-24 16:30:00+00:00,390.77,390.76,390.8,200,119,390.785078369906,4.954058175735746e-07,0.00030669541604222417
2022-05-24 16:31:00+00:00,390.89,390.88,390.89,100,100,390.885,6.62270636943895e-07,-0.0011400375498971105
2022-05-24 16:32:00+00:00,390.421,390.43,390.45,100,200,390.43666666666667,4.379761961380334e-07,-0.0003332025447828624
2022-05-24 16:33:00+00:00,390.33,390.31,390.33,14,20,390.31823529411764,4.269369193093375e-07,-0.0005936831107430374
2022-05-24 16:34:00+00:00,390.06,390.02,390.06,367,100,390.05143468950746,3.6374406393256127e-07,3.5901029863394385e-05
2022-05-24 16:35:00+00:00,390.08,390.07,390.09,100,75,390.08142857142855,2.842961872197341e-07,-0.0004736987846269969
2022-05-24 16:36:00+00:00,389.88,389.87,389.89,169,32,389.886815920398,4.97661910583618e-07,-0.001085205691781388
2022-05-24 16:37:00+00:00,389.5,389.49,389.53,19,200,389.49347031963475,3.181330649869724e-07,-7.334492836574835e-05
2022-05-24 16:38:00+00:00,389.47,389.43,389.46,16,100,389.4341379310345,1.9330927172351133e-07,0.00012434703590247231
2022-05-24 16:39:00+00:00,389.5,389.48,389.51,100,100,389.495,2.636518812801516e-07,-0.00022051678603796088
2022-05-24 16:40:00+00:00,389.43,389.42,389.45,100,226,389.4292024539877,2.3027774271379968e-07,0.0001475042757395073
2022-05-24 16:41:00+00:00,389.47,389.44,389.46,100,124,389.44892857142855,1.4923956806189397e-07,9.002281132297618e-05
2022-05-24 16:42:00+00:00,389.48,389.5,389.51,100,100,389.505,2.895697558592728e-07,8.58142683806129e-05
2022-05-24 16:43:00+00:00,389.59,389.57,389.6,114,165,389.5822580645161,3.170431276088998e-07,-6.013516697533916e-05
2022-05-24 16:44:00+00:00,389.52,389.53,389.54,200,200,389.535,2.44593137590971e-07,-0.00043118740784298115
2022-05-24 16:45:00+00:00,389.32,389.32,389.34,100,61,389.3324223602485,3.3922888449601606e-07,-4.469349175462156e-05
2022-05-24 16:46:00+00:00,389.32,389.31,389.33,50,201,389.313984063745,2.5164444718622616e-07,0.0002490529500345229
2022-05-24 16:47:00+00:00,389.41,389.39,389.43,200,21,389.42619909502264,1.9833912722087474e-07,6.872051213191455e-06
2022-05-24 16:48:00+00:00,389.45,389.44,389.47,100,18,389.46542372881356,4.0075501428625983e-07,0.0004011102962051538
2022-05-24 16:49:00+00:00,389.6,389.58,389.6,121,250,389.58652291105125,1.9286138070287802e-07,0.0005000985853165218
2022-05-24 16:50:00+00:00,389.77,389.77,389.8,100,71,389.78754385964913,3.7553825932750605e-07,0.00023021737258832609
2022-05-24 16:51:00+00:00,389.89,389.87,389.9,108,219,389.8799082568807,3.559719795713573e-07,-0.00035281312116863806
2022-05-24 16:52:00+00:00,389.72,389.65,389.69,119,100,389.67173515981733,3.2451672233866984e-07,-0.00026375895374863845
2022-05-24 16:53:00+00:00,389.63,389.65,389.69,447,564,389.6676854599406,2.790864204684186e-07,0.00016792581484348368
2022-05-24 16:54:00+00:00,389.7,389.69,389.71,1,127,389.69015625,3.48422187348627e-07,0.0001710851503162747
2022-05-24 16:55:00+00:00,389.8,389.78,389.81,121,100,389.7964253393666,5.619896060570901e-07,0.0009707908697771384
2022-05-24 16:56:00+00:00,390.13,390.13,390.16,215,150,390.1476712328768,6.622774533555031e-07,0.0005189036755468557
2022-05-24 16:57:00+00:00,390.32,390.32,390.34,131,10,390.3385815602836,4.0121357458506866e-07,0.001131878899407912
2022-05-24 16:58:00+00:00,390.78,390.75,390.77,16,14,390.7606666666667,4.802313991469068e-07,-0.000586865460236341
2022-05-24 16:59:00+00:00,390.58,390.57,390.59,12,15,390.5788888888889,3.879234311164724e-07,-0.0008172829037838003
2022-05-24 17:00:00+00:00,390.24,390.22,390.23,400,22,390.22947867298575,7.679391208070049e-07,-0.0017632794029690535
2022-05-24 17:01:00+00:00,389.53,389.52,389.56,218,18,389.55694915254236,4.197907230050744e-07,3.710927361777472e-05
2022-05-24 17:02:00+00:00,389.54,389.52,389.55,15,15,389.53499999999997,3.823395472472069e-07,-0.0003042086347520012
2022-05-24 17:03:00+00:00,389.42,389.42,389.45,100,120,389.4336363636363,2.8187452104502447e-07,-0.0010883440195122995
2022-05-24 17:04:00+00:00,389.02,389.0,389.04,321,17,389.03798816568053,2.1896985203118834e-07,-0.0004931452189632646
2022-05-24 17:05:00+00:00,388.8,388.78,388.81,100,228,388.7891463414634,3.596230452400445e-07,0.0006559910218062459
2022-05-24 17:06:00+00:00,389.08,389.08,389.11,113,68,389.09872928176793,2.404760128132762e-07,-9.805786755145984e-05
2022-05-24 17:07:00+00:00,389.03,389.02,389.04,302,4,389.03973856209154,2.6502638298714336e-07,0.0007701403059205969
2022-05-24 17:08:00+00:00,389.31,389.3,389.31,100,13,389.30884955752214,4.222512241166344e-07,-0.0005409253843751127
2022-05-24 17:09:00+00:00,389.08,389.1,389.14,200,69,389.1297397769516,2.6250266094892417e-07,5.9739470216646495e-05
2022-05-24 17:10:00+00:00,389.189,389.11,389.15,200,220,389.12904761904764,3.8570971352602064e-07,-0.0003250950124521479
2022-05-24 17:11:00+00:00,389.04,389.03,389.06,100,169,389.04115241635685,3.8492475338055175e-07,0.0005378908606707977
2022-05-24 17:12:00+00:00,389.22,389.24,389.26,12,16,389.2485714285714,4.1610184649386685e-07,4.552542883562438e-06
2022-05-24 17:13:00+00:00,389.2,389.18,389.21,200,686,389.1867720090293,3.3944196796830807e-07,0.0005116398498894448
2022-05-24 17:14:00+00:00,389.46,389.45,389.46,18,1,389.4594736842105,2.674430597586781e-07,-0.00037469849272531164
2022-05-24 17:15:00+00:00,389.3,389.25,389.28,20,100,389.255,4.107099645881057e-07,-0.000288915487457464
2022-05-24 17:16:00+00:00,389.18,389.18,389.2,100,200,389.18666666666667,3.200442846888827e-07,0.0003403894124167639
2022-05-24 17:17:00+00:00,389.34,389.33,389.36,115,128,389.3441975308642,4.3791250451404133e-07,0.00043737773687380077
2022-05-24 17:18:00+00:00,389.51,389.5,389.52,300,214,389.511673151751,4.5664992233161365e-07,0.0009113991652853759
2022-05-24 17:19:00+00:00,389.84,389.81,389.84,123,885,389.8136607142857,4.479767593858905e-07,-0.0008304999742996255
2022-05-24 17:20:00+00:00,389.53,389.52,389.55,166,1220,389.523593073593,2.7611749744986024e-07,-1.8228528874120187e-05
2022-05-24 17:21:00+00:00,389.495,389.46,389.48,108,100,389.4703846153846,4.643131444933051e-07,-0.0008636337603639133
2022-05-24 17:22:00+00:00,389.24,389.22,389.25,220,100,389.240625,3.5461354944124094e-07,-3.3404596472608183e-05
2022-05-24 17:23:00+00:00,389.15,389.18,389.21,100,100,389.195,3.745723214296977e-07,0.000688814368453583
2022-05-24 17:24:00+00:00,389.43,389.41,389.44,66,50,389.42706896551726,3.0172442384315034e-07,-0.00013317528319101157
2022-05-24 17:25:00+00:00,389.38,389.32,389.35,218,50,389.3444029850746,4.265406547481751e-07,-0.0006579686267986773
2022-05-24 17:26:00+00:00,389.11,389.08,389.1,10,150,389.08125,3.8405417716369993e-07,0.0011186160139553536
2022-05-24 17:27:00+00:00,389.57,389.56,389.58,100,60,389.5725,3.283591247440119e-07,-0.00012282858894863136
2022-05-24 17:28:00+00:00,389.53,389.5,389.52,100,50,389.5133333333333,1.4265583248419847e-07,-7.867889664781025e-06
2022-05-24 17:29:00+00:00,389.5,389.5,389.53,56,167,389.50753363228694,3.805260174569224e-07,0.001311930018248919
2022-05-24 17:30:00+00:00,389.99,389.99,390.01,50,100,389.99666666666667,8.520174575699632e-07,-0.0009111391386923406
2022-05-24 17:31:00+00:00,389.67,389.67,389.71,300,165,389.6958064516129,3.186023093150883e-07,-0.0006415932042447281
2022-05-24 17:32:00+00:00,389.43,389.4,389.42,300,50,389.41714285714284,3.209560281830509e-07,-0.00033812269145661045
2022-05-24 17:33:00+00:00,389.3,389.28,389.3,200,100,389.29333333333335,3.2503574243636757e-07,0.000748978038436432
2022-05-24 17:34:00+00:00,389.53,389.5,389.54,183,226,389.5178973105135,5.065874589425983e-07,0.00013569233169774542
2022-05-24 17:35:00+00:00,389.66,389.64,389.67,50,69,389.65260504201683,4.026470831222851e-07,9.958379835950382e-05
2022-05-24 17:36:00+00:00,389.6,389.58,389.61,156,50,389.60271844660195,3.3066589212729826e-07,0.00045796459627855945
2022-05-24 17:37:00+00:00,389.85,389.84,389.86,200,170,389.8508108108108,4.7040466582225793e-07,0.0007952720397652602
2022-05-24 17:38:00+00:00,390.28,390.26,390.28,105,250,390.26591549295773,5.303305495371586e-07,0.0012631637935764939
2022-05-24 17:39:00+00:00,390.64,390.61,390.63,7,100,390.61130841121496,3.4264518202553895e-07,-0.00023218203258101866
2022-05-24 17:40:00+00:00,390.59,390.57,390.59,238,100,390.58408284023665,8.321749939113944e-07,0.00219568575183815
2022-05-24 17:41:00+00:00,391.41,391.4,391.41,19,23,391.40452380952377,5.28066251850906e-07,-0.0001907531040121757
2022-05-24 17:42:00+00:00,391.32,391.3,391.33,26,150,391.30443181818185,5.033715727064874e-07,-0.0006516239490966802
2022-05-24 17:43:00+00:00,391.09,391.09,391.1,100,97,391.095076142132,4.6555866835910833e-07,-0.0001822906301249816
2022-05-24 17:44:00+00:00,391.01,391.0,391.02,200,100,391.0133333333333,4.5750400378626477e-07,0.00029371204550021623
2022-05-24 17:45:00+00:00,391.12,391.11,391.14,150,365,391.1187378640777,3.801093959660677e-07,0.0007566492556261295
2022-05-24 17:46:00+00:00,391.43,391.44,391.45,100,20,391.4483333333334,6.265705349954837e-07,-0.0001713563785119554
2022-05-24 17:47:00+00:00,391.3,391.29,391.31,100,50,391.30333333333334,5.275541636182115e-07,-0.0012459455932471997
2022-05-24 17:48:00+00:00,390.82,390.86,390.88,300,501,390.8674906367041,4.0058588074821644e-07,0.00040127654103749855
2022-05-24 17:49:00+00:00,391.01,391.04,391.06,50,50,391.05,5.22916445521261e-07,0.0007755142416197014
2022-05-24 17:50:00+00:00,391.34,391.31,391.34,103,50,391.33019607843136,4.580835920973092e-07,-0.00014788343602401
2022-05-24 17:51:00+00:00,391.27,391.29,391.32,17,100,391.294358974359,3.584173106138325e-07,0.0005695660390634405
2022-05-24 17:52:00+00:00,391.49,391.48,391.5,50,50,391.49,3.5905158339137756e-07,-8.404932809957799e-06
2022-05-24 17:53:00+00:00,391.49,391.45,391.48,50,50,391.465,3.4649039489160337e-07,8.790423978743966e-05
2022-05-24 17:54:00+00:00,391.53,391.54,391.57,150,216,391.55229508196726,4.437418071431555e-07,0.00015318230457062043
2022-05-24 17:55:00+00:00,391.61,391.6,391.62,200,50,391.616,3.2542124950908474e-07,0.0007523620981515489
2022-05-24 17:56:00+00:00,391.87,391.84,391.87,65,50,391.85695652173916,2.7042861416889336e-07,-0.00030772463898642854
2022-05-24 17:57:00+00:00,391.78,391.75,391.78,66,50,391.7670689655172,4.515670061470559e-07,-0.0011046437423013478
2022-05-24 17:58:00+00:00,391.32,391.3,391.33,65,165,391.30847826086955,3.1664595851188453e-07,0.00035741154034396594
2022-05-24 17:59:00+00:00,391.46,391.46,391.49,50,65,391.4730434782608,5.030301089771695e-07,2.5270274174982177e-05
2022-05-24 18:00:00+00:00,391.48,391.49,391.52,50,57,391.5040186915888,4.3513049796177167e-07,-3.834127892277106e-05
2022-05-24 18:01:00+00:00,391.47,391.46,391.49,50,50,391.475,3.2403527566470603e-07,-0.0013699909932398668
2022-05-24 18:02:00+00:00,390.92,390.9,390.92,1067,100,390.91828620394176,3.535618177599406e-07,0.0003335676224607287
2022-05-24 18:03:00+00:00,391.01,391.03,391.05,176,21,391.04786802030463,4.734045765347686e-07,0.00010267088803539437
2022-05-24 18:04:00+00:00,391.1,391.09,391.12,300,100,391.1125,3.5087055878122826e-07,-0.0009474097160953043
2022-05-24 18:05:00+00:00,390.74,390.74,390.77,71,221,390.74729452054794,4.052010079600164e-07,0.0006422199064162193
2022-05-24 18:06:00+00:00,390.93,390.95,390.97,150,100,390.962,3.180347345174621e-07,1.929540365530613e-05
2022-05-24 18:07:00+00:00,390.99,391.01,391.04,64,100,391.02170731707315,3.4100485111870046e-07,0.0011316760247570556
2022-05-24 18:08:00+00:00,391.41,391.4,391.42,5,1100,391.40009049773755,4.314868949179733e-07,0.00033325445332077486
2022-05-24 18:09:00+00:00,391.57,391.57,391.59,28,100,391.574375,8.014985011059216e-07,0.001599462119141748
2022-05-24 18:10:00+00:00,392.18,392.18,392.2,73,450,392.1827915869981,5.553628916036771e-07,0.0009202892349913228
2022-05-24 18:11:00+00:00,392.49,392.48,392.51,74,273,392.4863976945245,1.2970770896973618e-06,0.001425555261678424
2022-05-24 18:12:00+00:00,393.1,393.09,393.12,113,200,393.1008306709265,5.127044154997283e-07,-0.00020062646021890007
2022-05-24 18:13:00+00:00,393.02,393.01,393.04,21,100,393.0152066115702,4.768355042425681e-07,-0.0010880575825849004
2022-05-24 18:14:00+00:00,392.59,392.65,392.67,2000,32,392.6696850393701,5.90640925725234e-07,-0.0007015024358300037
2022-05-24 18:15:00+00:00,392.33,392.3,392.32,700,100,392.3175,4.492676955341544e-07,-0.0007634561573528487
2022-05-24 18:16:00+00:00,392.0,391.94,391.96,127,128,391.9499607843137,3.3799907138732763e-07,0.00026664956514754756
2022-05-24 18:17:00+00:00,392.12,392.12,392.15,227,100,392.14082568807333,3.5959386508823526e-07,-0.0005867379740561729
2022-05-24 18:18:00+00:00,391.94,391.94,391.96,11,24,391.9462857142857,6.02635585702086e-07,-0.0011755728394813314
2022-05-24 18:19:00+00:00,391.4,391.39,391.43,271,21,391.42712328767124,4.432243013717304e-07,0.0003358377294839787
2022-05-24 18:20:00+00:00,391.62,391.53,391.57,100,221,391.54246105919,1.1464531354966727e-06,-0.0003367044038411482
2022-05-24 18:21:00+00:00,391.42,391.42,391.44,20,328,391.42114942528735,5.733090333956296e-07,0.0007642623713990382
2022-05-24 18:22:00+00:00,391.74,391.73,391.75,123,100,391.74103139013454,4.6306264642906076e-07,0.00018111465074688304
2022-05-24 18:23:00+00:00,391.8,391.76,391.81,25,200,391.7655555555556,6.178391704119747e-07,0.0005379803662939331
2022-05-24 18:24:00+00:00,391.97,391.96,391.99,23,100,391.9656097560976,4.961628804669391e-07,0.0004762578062338374
2022-05-24 18:25:00+00:00,392.25,392.24,392.28,100,1600,392.2423529411765,5.69584425205821e-07,0.000614316816132332
2022-05-24 18:26:00+00:00,392.38,392.38,392.42,17,117,392.3850746268657,3.5561264745629555e-07,-0.000304198393143551
2022-05-24 18:27:00+00:00,392.31,392.31,392.35,225,125,392.3357142857143,5.033427509681888e-07,-0.0003702797827637161
2022-05-24 18:28:00+00:00,392.18,392.14,392.16,119,100,392.1508675799087,4.848831177892217e-07,0.00017377274040986102
2022-05-24 18:29:00+00:00,392.21,392.2,392.24,360,100,392.2313043478261,5.102314522172846e-07,-0.000613363578255588
2022-05-24 18:30:00+00:00,391.92,391.9,391.92,426,100,391.9161977186312,7.102814971492751e-07,-5.073900020824418e-05
2022-05-24 18:31:00+00:00,391.94,391.92,391.95,6,122,391.92140625,5.663261082032867e-07,-0.00023346656281764133
2022-05-24 18:32:00+00:00,391.84,391.83,391.87,66,400,391.8356652360515,5.173004917277186e-07,0.0010709938542188269
2022-05-24 18:33:00+00:00,392.3,392.26,392.29,35,15,392.28100000000006,3.989797445251381e-07,0.00016967878608320497
2022-05-24 18:34:00+00:00,392.4,392.39,392.42,100,223,392.3992879256966,4.0311662808735607e-07,0.0004886384369771068
2022-05-24 18:35:00+00:00,392.56,392.5,392.53,201,100,392.52003322259134,4.7563713498542937e-07,0.00041307531338263814
2022-05-24 18:36:00+00:00,392.73,392.74,392.76,18,100,392.74305084745765,3.860272892500764e-07,-0.0009004446672901123
2022-05-24 18:37:00+00:00,392.31,392.3,392.33,88,135,392.31183856502247,4.810607017440518e-07,0.0006708515844071616
2022-05-24 18:38:00+00:00,392.64,392.57,392.6,21,22,392.5846511627907,5.309912153448111e-07,0.0009868225298228506
2022-05-24 18:39:00+00:00,393.01,392.99,393.01,7,100,392.99130841121496,3.19930514972713e-07,-0.0004196216606017211
2022-05-24 18:40:00+00:00,392.87,392.89,392.91,10000,100,392.90980198019804,4.2710108415215964e-07,-0.0007994845856807986
2022-05-24 18:41:00+00:00,392.57,392.54,392.56,154,200,392.54870056497174,5.30115040954039e-07,-0.0001684131993686666
2022-05-24 18:42:00+00:00,392.46,392.42,392.44,100,100,392.43,6.945160984235997e-07,-0.0006148252347983885
2022-05-24 18:43:00+00:00,392.24,392.22,392.25,100,300,392.2275,6.279795951687219e-07,-0.00143839300130999
2022-05-24 18:44:00+00:00,391.64,391.62,391.65,146,27,391.6453179190751,6.355762914267026e-07,-0.0005660941622975812
2022-05-24 18:45:00+00:00,391.42,391.43,391.44,386,200,391.43658703071674,4.908300580451999e-07,-0.00019700134437372618
2022-05-24 18:46:00+00:00,391.39,391.32,391.36,152,120,391.34235294117644,3.754717192387207e-07,9.871989333554154e-06
2022-05-24 18:47:00+00:00,391.34,391.34,391.37,100,126,391.35327433628316,4.353366212264643e-07,6.387694744924843e-06
2022-05-24 18:48:00+00:00,391.39,391.4,391.42,15,125,391.4021428571429,1.3292426677641273e-06,-0.0012114552206610174
2022-05-24 18:49:00+00:00,390.96,390.96,390.99,115,235,390.9698571428571,7.527716338976458e-07,-0.0005143623760736071
2022-05-24 18:50:00+00:00,390.71,390.68,390.71,200,23,390.7069058295964,6.008987142187462e-07,-0.0008588277161915014
2022-05-24 18:51:00+00:00,390.4,390.38,390.41,22,22,390.39500000000004,5.484851740428937e-07,0.0006960258811794517
2022-05-24 18:52:00+00:00,390.65,390.66,390.69,100,221,390.66934579439254,5.547982682667447e-07,9.645982888040194e-05
2022-05-24 18:53:00+00:00,390.69,390.61,390.64,222,122,390.6293604651163,3.913408754274804e-07,-0.0005455028268684936
2022-05-24 18:54:00+00:00,390.46,390.49,390.53,215,100,390.5173015873016,5.859335116774312e-07,-0.00025752551998625695
2022-05-24 18:55:00+00:00,390.37,390.37,390.41,119,150,390.38769516728627,5.114821535397847e-07,-0.0003613269020544818
2022-05-24 18:56:00+00:00,390.16,390.14,390.17,17,117,390.14380597014923,6.12218394554156e-07,0.0005358723680071176
2022-05-24 18:57:00+00:00,390.48,390.46,390.5,14,115,390.46434108527126,4.777399886761766e-07,0.0004956646027893807
2022-05-24 18:58:00+00:00,390.61,390.59,390.61,126,100,390.6011504424779,4.7641655456662684e-07,0.0005547322369121588
2022-05-24 18:59:00+00:00,390.8,390.83,390.84,216,100,390.83683544303796,3.95401386748953e-07,-4.882320414389962e-05
2022-05-24 19:00:00+00:00,390.84,390.81,390.84,100,233,390.819009009009,5.258687775942302e-07,0.00021735897579344687
2022-05-24 19:01:00+00:00,390.91,390.86,390.9,18,116,390.86537313432837,5.641125069135859e-07,0.0006060049582223836
2022-05-24 19:02:00+00:00,391.14,391.14,391.16,100,355,391.1443956043956,4.922326235553874e-07,0.0001508388172191122
2022-05-24 19:03:00+00:00,391.19,391.18,391.21,200,100,391.2,1.387024628517989e-06,0.0020199309839898927
2022-05-24 19:04:00+00:00,392.0,392.0,392.03,76,100,392.01295454545453,6.980732068655599e-07,-0.00045307547321682407
2022-05-24 19:05:00+00:00,391.82,391.77,391.79,133,200,391.777987987988,8.200765528783792e-07,0.0013894733614963073
2022-05-24 19:06:00+00:00,392.29,392.26,392.29,266,43,392.2858252427185,3.7908041678260667e-07,-0.00040042491191338847
2022-05-24 19:07:00+00:00,392.23,392.22,392.23,107,100,392.2251690821256,2.593602132317197e-07,-0.0004365014043091753
2022-05-24 19:08:00+00:00,391.99,391.96,391.99,129,119,391.97560483870967,4.901821695352063e-07,-0.0005146975744446669
2022-05-24 19:09:00+00:00,391.87,391.86,391.88,117,200,391.86738170347,2.845268645608845e-07,5.1194820326561086e-05
2022-05-24 19:10:00+00:00,391.86,391.84,391.87,100,100,391.855,7.81580096804993e-07,0.0011050211708587554
2022-05-24 19:11:00+00:00,392.33,392.31,392.34,100,50,392.33,3.830236563675455e-07,-2.5491670596622384e-05
2022-05-24 19:12:00+00:00,392.26,392.26,392.3,235,19,392.2970078740158,5.687190354110725e-07,-0.0002004623379935344
2022-05-24 19:13:00+00:00,392.18,392.18,392.21,623,122,392.2050872483221,2.408193477585731e-07,-0.00046295749978497724
2022-05-24 19:14:00+00:00,392.0,391.99,392.03,100,220,392.0025,6.873197295420297e-07,0.00015358249888941522
2022-05-24 19:15:00+00:00,392.06,392.1,392.13,18,300,392.10169811320753,7.242473713558032e-07,-0.0007027123209389918
2022-05-24 19:16:00+00:00,391.77,391.79,391.82,550,18,391.8190492957747,5.144839511491199e-07,0.0006359476263060326
2022-05-24 19:17:00+00:00,392.03,392.03,392.07,1209,180,392.06481641468685,5.592233582045763e-07,0.00012270219103771574
2022-05-24 19:18:00+00:00,392.1,392.08,392.1,16,100,392.0827586206896,4.7635242038224087e-07,-7.019307682243348e-05
2022-05-24 19:19:00+00:00,392.05,392.03,392.06,122,22,392.05541666666664,4.1665482314948786e-07,-0.0004810686422896948
2022-05-24 19:20:00+00:00,391.9,391.87,391.9,350,142,391.8913414634147,8.395959736105962e-07,-0.001554797554248255
2022-05-24 19:21:00+00:00,391.25,391.28,391.31,222,150,391.29790322580646,8.072552835328435e-07,0.001350746583199447
2022-05-24 19:22:00+00:00,391.8,391.8,391.83,100,18,391.8254237288136,9.502839651670887e-07,0.0011855695916938025
2022-05-24 19:23:00+00:00,392.235,392.22,392.26,118,18,392.25470588235294,4.664492713751879e-07,0.00014311341997941263
2022-05-24 19:24:00+00:00,392.36,392.34,392.37,118,120,392.3548739495798,6.388592096091987e-07,-8.604557377145383e-05
2022-05-24 19:25:00+00:00,392.26,392.24,392.27,93,100,392.2544559585492,6.624558179235754e-07,-0.000311873291020226
2022-05-24 19:26:00+00:00,392.15,392.15,392.18,266,100,392.1718032786885,5.888310950514353e-07,0.0007114579406828359
2022-05-24 19:27:00+00:00,392.47,392.43,392.47,177,200,392.44877984084883,7.523122258314378e-07,0.0007368746914953039
2022-05-24 19:28:00+00:00,392.75,392.74,392.76,100,100,392.75,6.981278920792935e-07,-0.001299399592645356
2022-05-24 19:29:00+00:00,392.25,392.22,392.25,120,12,392.24727272727273,9.063355884101668e-07,0.001192482727490951
2022-05-24 19:30:00+00:00,392.76,392.72,392.76,169,19,392.7559574468085,5.788949670794497e-07,0.000559634752383964
2022-05-24 19:31:00+00:00,392.85,392.85,392.89,23,200,392.85412556053814,4.6476752066862986e-07,-0.0008040138002040065
2022-05-24 19:32:00+00:00,392.52,392.54,392.56,17,100,392.542905982906,4.274288938461898e-07,0.0004884094746906431
2022-05-24 19:33:00+00:00,392.81,392.8,392.83,14,113,392.8033070866142,4.5608113185672837e-07,0.00028222970485236587
2022-05-24 19:34:00+00:00,392.9,392.88,392.91,482,100,392.90484536082477,2.8623691572088415e-07,-0.00020228056889659563
2022-05-24 19:35:00+00:00,392.87,392.86,392.89,127,500,392.86607655502394,1.415008111224276e-06,0.0022537095589569844
2022-05-24 19:36:00+00:00,393.7,393.69,393.72,36,129,393.6965454545455,1.5077786904942244e-06,0.0005232936221213347
2022-05-24 19:37:00+00:00,393.88,393.85,393.86,10,200,393.85047619047623,8.4113310928414e-07,0.0010833256560738302
2022-05-24 19:38:00+00:00,394.26,394.27,394.3,29,183,394.2741037735849,3.899422835936981e-07,0.0007690183804658357
2022-05-24 19:39:00+00:00,394.65,394.63,394.66,133,513,394.6361764705882,2.2849216688882523e-06,-0.00017555387668111155
2022-05-24 19:40:00+00:00,394.56,394.54,394.57,135,121,394.55582031250003,5.586160518116615e-07,-0.0010701564094239835
2022-05-24 19:41:00+00:00,394.11,394.12,394.15,237,137,394.13901069518715,5.648079150654518e-07,0.0005834863701341675
2022-05-24 19:42:00+00:00,394.38,394.37,394.41,322,714,394.38243243243244,7.619424143281347e-07,0.0010646514361527526
2022-05-24 19:43:00+00:00,394.81,394.84,394.87,151,89,394.858875,7.120059947512913e-07,-0.0009741947480398361
2022-05-24 19:44:00+00:00,394.37,394.35,394.38,39,700,394.35158322056833,6.272635344784051e-07,-0.0012873177349045362
2022-05-24 19:45:00+00:00,393.89,393.87,393.9,1979,342,393.8955794915985,1.145447779364327e-06,0.002282541018528317
2022-05-24 19:46:00+00:00,394.85,394.83,394.87,547,199,394.85932975871316,6.692444867432571e-07,-0.0011610814722523566
2022-05-24 19:47:00+00:00,394.32,394.29,394.33,237,193,394.3120465116279,6.770992607592716e-07,0.0007342512492847231
2022-05-24 19:48:00+00:00,394.63,394.61,394.64,390,300,394.6269565217391,7.70201700259792e-07,4.460886889057214e-05
2022-05-24 19:49:00+00:00,394.65,394.65,394.69,600,101,394.68423680456493,7.034697419180649e-07,-0.0012891193028062853
2022-05-24 19:50:00+00:00,394.27,394.27,394.29,135,401,394.2750373134328,1.4349280004371782e-06,-0.00044635729771902444
2022-05-24 19:51:00+00:00,393.9,393.89,393.9,30,100,393.89230769230767,7.330994813845303e-07,0.00016862064098033258
2022-05-24 19:52:00+00:00,394.1,394.08,394.1,176,26,394.0974257425743,5.585797623408822e-07,-0.0010925515633232186
2022-05-24 19:53:00+00:00,393.58,393.58,393.6,500,100,393.5966666666667,5.691460757183913e-07,-0.0004738743367310727
2022-05-24 19:54:00+00:00,393.42,393.42,393.46,822,172,393.45307847082495,5.719553073572545e-07,-0.0011494970841408048
2022-05-24 19:55:00+00:00,393.02,392.98,393.0,16,200,392.98148148148147,7.926021076167573e-07,0.0006063259706112767
2022-05-24 19:56:00+00:00,393.22,393.19,393.21,2,39,393.1909756097561,3.393607592970702e-07,-3.658780029602848e-05
2022-05-24 19:57:00+00:00,393.13,393.13,393.16,300,100,393.1525,4.244224390315708e-07,0.0008044735141283788
2022-05-24 19:58:00+00:00,393.55,393.54,393.56,261,300,393.54930481283424,3.785192985515965e-07,5.733625905479656e-05
2022-05-24 19:59:00+00:00,393.47,393.44,393.46,652,400,393.45239543726234,1.2174917468786977e-06,0.0011760135024634355
2022-05-24 20:00:00+00:00,394.0,393.99,394.0,60836,66800,393.99476636685574,9.433716008344623e-07,0.0007058768336687393
2022-05-24 20:01:00+00:00,394.22,394.21,394.23,800,29,394.2293003618818,5.350850692301087e-07,0.0005588483035907643
2022-05-24 20:02:00+00:00,394.56,394.54,394.6,2100,100,394.59727272727275,4.1271937564248065e-07,0.0006753771610257253
2022-05-24 20:03:00+00:00,394.76,394.73,394.76,1400,10,394.75978723404256,2.878581028486783e-07,-0.000610505250091764
2022-05-24 20:04:00+00:00,394.51,394.51,394.53,400,100,394.526,2.184199096841382e-07,-0.00012673821461339774
2022-05-24 20:05:00+00:00,394.47,394.46,394.5,300,74,394.49208556149733,1.6724200459095487e-07,-0.0004959398951049909
2022-05-24 20:06:00+00:00,394.29,394.26,394.29,300,100,394.2825,1.1165679599576184e-07,0.00014182255890826667
2022-05-24 20:07:00+00:00,394.35,394.36,394.39,100,110,394.37428571428575,8.244992220329354e-08,0.00012814098030400345
2022-05-24 20:08:00+00:00,394.38,394.37,394.4,100,1400,394.372,7.286036533771037e-08,-0.00039092165050358396
2022-05-24 20:09:00+00:00,394.23,394.23,394.28,100,1000,394.23454545454547,1.5938708407645612e-07,0.000414374134674933
2022-05-24 20:10:00+00:00,394.39,394.35,394.39,100,100,394.37,1.3871728818763262e-07,0.00014706478964665592
2022-05-24 20:11:00+00:00,394.38,394.4,394.45,300,100,394.4375,1.776707332132505e-07,-0.0004048562467797723
2022-05-24 20:12:00+00:00,394.29,394.28,394.29,300,1000,394.2823076923077,1.1749202317694442e-07,0.00036508609829022376
2022-05-24 20:13:00+00:00,394.42,394.41,394.46,400,125,394.4480952380952,1.1321711554854532e-07,-0.0001942696539817268
2022-05-24 20:14:00+00:00,394.34,394.32,394.35,400,5,394.34962962962965,1.1538359835435447e-07,0.000532857797608699
2022-05-24 20:15:00+00:00,394.51,394.44,394.48,400,100,394.472,4.027895315353898e-07,-0.00014639583236530918
2022-05-24 20:16:00+00:00,394.5,394.45,394.49,1,300,394.45013289036547,1.402973672430671e-07,7.604524184912087e-05
2022-05-24 20:17:00+00:00,394.51,394.5,394.54,400,100,394.532,7.924253316615801e-08,-4.127856367974747e-05
2022-05-24 20:18:00+00:00,394.52,394.51,394.56,300,100,394.5475,6.813950548362607e-08,0.00013734783866126143
2022-05-24 20:19:00+00:00,394.55,394.54,394.57,400,1,394.5699251870324,1.9712049289614529e-07,-0.0003043774655407949
2022-05-24 20:20:00+00:00,394.39,394.39,394.45,400,5,394.4492592592593,1.9968194303487264e-07,-0.0007194882055290286
2022-05-24 20:21:00+00:00,394.14,394.18,394.21,100,1000,394.1827272727273,1.9120823090477827e-07,-0.000167442143665264
2022-05-24 20:22:00+00:00,394.12,394.09,394.11,100,100,394.1,4.3565712754260726e-08,7.249791568497699e-05
2022-05-24 20:23:00+00:00,394.11,394.12,394.15,200,500,394.12857142857143,1.7048704979200559e-07,-0.0006408351154446601
2022-05-24 20:24:00+00:00,393.88,393.82,393.87,400,100,393.86,1.3453934616603383e-07,1.4061434407075524e-05
2022-05-24 20:25:00+00:00,393.87,393.86,393.9,400,100,393.892,1.6047909293966628e-07,0.00011034164899248466
2022-05-24 20:26:00+00:00,393.9,393.89,393.95,100,500,393.9,2.0647588346688287e-07,0.00018851579296530474
2022-05-24 20:27:00+00:00,393.89,393.95,394.0,400,6,393.9992610837439,9.229972001295548e-08,0.00014033332257112896
2022-05-24 20:28:00+00:00,394.05,394.05,394.08,160,900,394.05452830188676,3.978882145608193e-08,1.369718880228632e-05
2022-05-24 20:29:00+00:00,394.05,394.05,394.07,99,100,394.0599497487437,1.6380384639974197e-08,7.097832287028538e-05
2022-05-24 20:30:00+00:00,394.07,394.07,394.1,445,300,394.08791946308725,4.4589258226402516e-08,2.5579411128573426e-05
2022-05-24 20:31:00+00:00,394.11,394.05,394.11,400,100,394.098,9.275675521414597e-08,8.100824422463404e-05
2022-05-24 20:32:00+00:00,394.11,394.1,394.15,400,500,394.1222222222222,6.324533737033183e-08,-0.0001236272201591282
2022-05-24 20:33:00+00:00,394.1,394.08,394.11,25,600,394.0812,1.8025411571421363e-08,6.303803699037047e-06
2022-05-24 20:34:00+00:00,394.11,394.08,394.13,14,500,394.0813618677043,6.61717907766393e-09,-5.7792597181083316e-05
2022-05-24 20:35:00+00:00,394.07,394.06,394.07,100,1000,394.0609090909091,1.1319336241660872e-07,0.0002133957140912912
2022-05-24 20:36:00+00:00,394.16,394.13,394.19,400,1200,394.145,4.8459501932397234e-08,-5.3279884306478564e-05
2022-05-24 20:37:00+00:00,394.1,394.1,394.16,400,100,394.148,7.85052896890588e-08,-6.451921585237663e-05
2022-05-24 20:38:00+00:00,394.1,394.09,394.16,300,600,394.11333333333334,8.022930694402347e-08,9.66642379778282e-05
2022-05-24 20:39:00+00:00,394.16,394.12,394.17,200,400,394.13666666666666,5.753552163842703e-08,2.537190991280802e-05
2022-05-24 20:40:00+00:00,394.2,394.12,394.16,200,100,394.14666666666665,2.341410251179292e-08,8.491843890956474e-05
2022-05-24 20:41:00+00:00,394.2,394.19,394.2,100,290,394.1925641025641,5.4741609615574424e-08,3.320301324993835e-06
2022-05-24 20:42:00+00:00,394.2,394.18,394.22,15,400,394.1814457831325,4.524469529690584e-08,4.072798717258408e-05
2022-05-24 20:43:00+00:00,394.21,394.16,394.2,105,7,394.19750000000005,1.1732699884496159e-07,5.7232670449547385e-06
2022-05-24 20:44:00+00:00,394.24,394.19,394.25,100,515,394.19975609756096,6.044693817942715e-08,6.990703278897392e-05
2022-05-24 20:45:00+00:00,394.24,394.2,394.24,400,2,394.23980099502484,5.1410338178876355e-08,5.501031112054022e-05
2022-05-24 20:46:00+00:00,394.34,394.24,394.33,100,900,394.249,7.236107045328015e-08,9.699803756069159e-05
2022-05-24 20:47:00+00:00,394.3,394.27,394.3,400,296,394.28724137931033,1.3556590400276117e-08,3.743113938470266e-05
2022-05-24 20:48:00+00:00,394.3,394.27,394.31,400,100,394.302,6.901350323895043e-08,-8.012091426046197e-05
2022-05-24 20:49:00+00:00,394.33,394.25,394.29,625,600,394.2704081632653,8.401740167577905e-08,0.0004745267026411426
2022-05-24 20:50:00+00:00,394.49,394.44,394.49,100,25,394.48,1.6137266645536457e-07,0.00020887696708449255
2022-05-24 20:51:00+00:00,394.5,394.49,394.54,1400,3,394.53989308624375,5.193080011800879e-08,-0.00010594073978587026
2022-05-24 20:52:00+00:00,394.47,394.46,394.5,20,1,394.4980952380952,3.869140639558317e-08,-1.870972881734545e-05
2022-05-24 20:53:00+00:00,394.5,394.49,394.52,400,820,394.4998360655738,2.5725309183445085e-08,0.00019591263238116774
2022-05-24 20:54:00+00:00,394.56,394.55,394.58,600,400,394.568,1.8446467762252882e-08,3.5857514324888484e-05
2022-05-24 20:55:00+00:00,394.57,394.58,394.6,100,831,394.58214822771214,1.6307598112478752e-09,-3.814774539723231e-05
2022-05-24 20:56:00+00:00,394.57,394.56,394.57,474,194,394.56709580838327,5.483595166719134e-08,0.0003862162423569071
2022-05-24 20:57:00+00:00,394.72,394.69,394.75,400,400,394.72,1.3251795582727804e-07,0.0004016034868397078
2022-05-24 20:58:00+00:00,394.85,394.84,394.88,400,21,394.87800475059385,6.312936818809176e-08,-0.0003608585613944504
2022-05-24 20:59:00+00:00,394.73,394.73,394.75,160,526,394.73466472303204,1.4923477361600573e-08,-1.4208632457046733e-05
2022-05-24 21:00:00+00:00,394.74,394.72,394.73,100,1,394.729900990099,4.497386448179642e-08,-0.00016864102921687607
2022-05-24 21:01:00+00:00,394.75,394.66,394.73,1,20,394.66333333333336,1.0691002452898811e-08,9.305350434107851e-05
2022-05-24 21:02:00+00:00,394.75,394.7,394.71,1,171,394.7000581395349,1.0295520896458448e-07,4.7642302855033236e-05
2022-05-24 21:03:00+00:00,394.74,394.71,394.72,187,24,394.7188625592417,6.3707487445631e-10,2.0163608597467686e-05
2022-05-24 21:04:00+00:00,394.71,394.71,394.73,344,65,394.72682151589237,4.881920793221926e-10,3.061001441539979e-05
2022-05-24 21:05:00+00:00,394.74,394.72,394.74,345,20,394.7389041095891,2.642528753439815e-08,-0.00019976333096227705
2022-05-24 21:06:00+00:00,394.68,394.66,394.67,1,200,394.6600497512438,3.84441588890728e-09,-4.5424443041341966e-05
2022-05-24 21:07:00+00:00,394.64,394.64,394.65,194,720,394.64212253829317,1.0371863191551317e-09,-2.48654551125993e-05
2022-05-24 21:08:00+00:00,394.63,394.62,394.65,501,720,394.63230958230963,5.4825377392246235e-08,0.00032192916909346003
2022-05-24 21:09:00+00:00,394.77,394.63,394.76,200,1,394.7593532338309,6.678878244313032e-08,-0.0001491603012208076
2022-05-24 21:10:00+00:00,394.65,394.7,394.75,5,526,394.7004708097928,2.481152078801386e-08,-7.245943688216627e-05
2022-05-24 21:11:00+00:00,394.65,394.62,394.69,701,245,394.6718710359408,6.073277704585451e-09,-3.2546180403270064e-05
2022-05-24 21:12:00+00:00,394.69,394.62,394.69,601,477,394.65902597402595,7.729174597780216e-09,1.7918219233026278e-05
2022-05-24 21:13:00+00:00,394.69,394.66,394.69,100,392,394.66609756097563,6.771961485362128e-08,0.0001094833581716248
2022-05-24 21:14:00+00:00,394.7,394.64,394.71,100,1,394.70930693069306,6.431885609824188e-09,-7.48062191451293e-05
2022-05-24 21:15:00+00:00,394.69,394.66,394.69,300,155,394.6797802197802,2.9332787178405286e-08,-6.168402434481024e-05
2022-05-24 21:16:00+00:00,394.7,394.65,394.7,10,82,394.6554347826087,5.0522758798858316e-08,8.821568981320915e-05
2022-05-24 21:17:00+00:00,394.83,394.69,394.84,1,600,394.6902495840266,3.643511664183933e-08,0.00017189836442543793
2022-05-24 21:18:00+00:00,394.79,394.71,394.79,600,398,394.75809619238476,8.359511092762699e-09,-8.868664878403099e-05
2022-05-24 21:19:00+00:00,394.79,394.72,394.77,15,228,394.7230864197531,7.122310097984207e-08,0.0001851726608113058
2022-05-24 21:20:00+00:00,394.74,394.74,394.8,50,10,394.79,3.975659192716757e-08,-0.00024166675974446328
2022-05-24 21:21:00+00:00,394.74,394.7,394.72,20,500,394.7007692307692,2.22283201888101e-08,3.5796049858261014e-05
2022-05-24 21:22:00+00:00,394.7,394.7,394.72,73,25,394.71489795918365,1.824795314690297e-08,-5.358771099328585e-05
2022-05-24 21:23:00+00:00,394.65,394.65,394.7,4097,600,394.6936129444326,2.2822710089179493e-09,-8.630929372310803e-07
2022-05-24 21:24:00+00:00,394.65,394.65,394.7,3291,500,394.6934054339224,3.7419533923650085e-09,4.301866012568212e-05
2022-05-24 21:25:00+00:00,394.7,394.71,394.72,1,25,394.7103846153846,8.273415672930615e-09,0.00015465505449885342
2022-05-24 21:26:00+00:00,394.75,394.7,394.8,500,200,394.77142857142854,1.3263934525078827e-08,-6.937183457311757e-05
2022-05-24 21:27:00+00:00,394.75,394.71,394.75,40,7,394.7440425531915,5.5444779812708066e-08,-2.6526365166534838e-05
2022-05-24 21:28:00+00:00,394.79,394.73,394.78,1,13,394.7335714285714,8.25375215318926e-09,6.171151296596733e-05
2022-05-24 21:29:00+00:00,394.72,394.72,394.76,55,3,394.75793103448274,2.9627550169854573e-09,-4.575617615276695e-05
2022-05-24 21:30:00+00:00,394.65,394.65,394.74,2732,4,394.7398684210526,1.5184522520305115e-08,-0.00015074984826712878
2022-05-24 21:31:00+00:00,394.65,394.68,394.69,15,400,394.68036144578315,1.8032541625914652e-11,6.0518699438461e-06
2022-05-24 21:32:00+00:00,394.68,394.68,394.69,11,29,394.68275,3.0368422401882106e-09,-5.510755157134284e-05
2022-05-24 21:33:00+00:00,394.67,394.66,394.69,1,29,394.66100000000006,4.987411837087739e-09,7.062161026971658e-05
2022-05-24 21:34:00+00:00,394.65,394.65,394.69,999,29,394.68887159533074,4.9832781157409915e-09,-7.010989496325504e-05
2022-05-24 21:35:00+00:00,394.69,394.66,394.69,1,24,394.6612,0.0,0.0
2022-05-24 21:36:00+00:00,394.69,394.66,394.69,1,24,394.6612,3.9514468642589154e-08,0.0002883485886120418
2022-05-24 21:37:00+00:00,394.8,394.7,394.8,300,100,394.775,2.8232977967650913e-08,-7.626544818617464e-05
2022-05-24 21:38:00+00:00,394.8,394.71,394.8,126,199,394.7448923076923,2.1873179361983228e-09,4.268259193862534e-06
2022-05-24 21:39:00+00:00,394.72,394.72,394.8,99,199,394.74657718120807,5.450018570506633e-08,3.3494435496495e-05
2022-05-24 21:40:00+00:00,394.72,394.72,394.8,99,100,394.7597989949749,0.0,0.0
2022-05-24 21:41:00+00:00,394.72,394.72,394.8,99,100,394.7597989949749,2.5709676872829282e-08,7.473153320125547e-05
2022-05-24 21:42:00+00:00,394.75,394.72,394.79,99,1,394.7893,4.798084174499188e-09,-2.532996714599278e-07
2022-05-24 21:43:00+00:00,394.77,394.77,394.79,24,1,394.78920000000005,4.7082830683323506e-09,-2.307284723279679e-07
2022-05-24 21:44:00+00:00,394.77,394.7,394.79,100,1,394.78910891089106,2.9447484968087204e-13,-7.673482751435756e-07
2022-05-24 21:45:00+00:00,394.77,394.71,394.79,66,1,394.78880597014927,1.1287095206260176e-09,1.4288869956136097e-06
2022-05-24 21:46:00+00:00,394.77,394.71,394.79,126,1,394.78937007874015,1.9227897515424533e-08,-0.00014444747772413002
2022-05-24 21:47:00+00:00,394.79,394.71,394.82,26,102,394.73234375,6.501192946147669e-08,0.00012405201815002265
2022-05-24 21:48:00+00:00,394.7,394.67,394.79,3587,280,394.78131109387124,7.174651441274896e-08,-0.00020626765628273258
2022-05-24 21:49:00+00:00,394.67,394.67,394.7,500,2,394.69988047808766,1.4831290263482954e-08,-9.888238409672123e-05
2022-05-24 21:50:00+00:00,394.67,394.66,394.67,66,709,394.6608516129033,6.342753469388203e-12,-2.492700985179397e-06
2022-05-24 21:51:00+00:00,394.67,394.65,394.67,672,690,394.65986784140966,3.897091300392204e-08,0.00019745173651330994
2022-05-24 21:52:00+00:00,394.67,394.66,394.74,200,15,394.7344186046511,1.6429171342474854e-10,3.374634922170827e-06
2022-05-24 21:53:00+00:00,394.66,394.71,394.74,500,15,394.7391262135922,4.002086402219898e-09,5.262712669962255e-05
2022-05-24 21:54:00+00:00,394.74,394.71,394.76,500,1,394.7599001996008,2.672855749779274e-08,0.00015058200377193742
2022-05-24 21:55:00+00:00,394.74,394.71,394.82,500,3,394.8193439363817,1.211861204263562e-07,-0.00022870287061882433
2022-05-24 21:56:00+00:00,394.75,394.72,394.79,500,1600,394.7366666666667,1.3755164431467895e-08,9.741462196477535e-05
2022-05-24 21:57:00+00:00,394.75,394.73,394.77,15,1,394.7674999999999,8.352316019795104e-09,-9.13910062303458e-05
2022-05-24 21:58:00+00:00,394.75,394.73,394.75,15,196,394.7314218009479,2.0212901958003086e-08,4.783660993856742e-05
2022-05-24 21:59:00+00:00,394.79,394.75,394.79,10,1204,394.75032948929163,2.8013270939311232e-08,-4.980874111104594e-05
2022-05-24 22:00:00+00:00,394.79,394.73,394.79,10,924,394.730642398287,2.8240710760052454e-07,0.0006039647740323506
2022-05-24 22:01:00+00:00,394.98,394.96,394.98,948,67,394.9786798029557,1.304983336209936e-07,1.7269366327621327e-05
2022-05-24 22:02:00+00:00,394.97,394.95,394.98,101,90,394.9658638743456,1.536719662949011e-07,-0.00011986068136848882
2022-05-24 22:03:00+00:00,394.87,394.87,394.94,509,100,394.92850574712645,8.761013601035547e-08,2.0616582484533907e-05
2022-05-24 22:04:00+00:00,394.96,394.9,394.95,500,100,394.94166666666666,4.4381016764902155e-08,-1.4020219007981893e-07
2022-05-24 22:05:00+00:00,394.94,394.92,394.94,500,92,394.9368918918919,7.075511215231582e-09,-0.00012487047441323007
2022-05-24 22:06:00+00:00,394.85,394.85,394.89,524,38,394.88729537366544,3.300543777213181e-08,9.038436976749331e-05
2022-05-24 22:07:00+00:00,394.92,394.91,394.95,100,208,394.922987012987,4.078151695904975e-08,0.00012359978691467433
2022-05-24 22:08:00+00:00,394.98,394.96,394.97,100,2,394.9698039215686,3.931740251132643e-08,4.969762759876595e-05
2022-05-24 22:09:00+00:00,395.0,394.99,395.02,50,1000,394.99142857142857,1.1280420589035709e-08,3.4132337662917678e-06
2022-05-24 22:10:00+00:00,395.0,394.99,395.02,102,1000,394.99277676951,3.535234695359809e-08,0.00026793994175466906
2022-05-24 22:11:00+00:00,395.1,395.11,395.13,74,4,395.12897435897435,6.951141384861485e-07,0.0006822523183136475
2022-05-24 22:12:00+00:00,395.4,395.35,395.39,100,721,395.3548721071864,8.41330066052629e-08,0.00025746135769377787
2022-05-24 22:13:00+00:00,395.47,395.45,395.47,500,1,395.46996007984035,2.0480377886303287e-08,-2.8579570790276954e-05
2022-05-24 22:14:00+00:00,395.45,395.45,395.48,205,530,395.4583673469388,6.608631076714136e-08,0.0002815522677430682
2022-05-24 22:15:00+00:00,395.58,395.58,395.59,100,300,395.5825,4.995049742803957e-08,2.8108818486138887e-05
2022-05-24 22:16:00+00:00,395.58,395.58,395.6,63,60,395.59024390243906,1.7887843563108363e-07,0.00040896472094265057
2022-05-24 22:17:00+00:00,395.77,395.7,395.75,604,100,395.74289772727275,6.258407821051787e-08,-7.740297930336482e-05
2022-05-24 22:18:00+00:00,395.7,395.67,395.72,100,1000,395.67454545454547,1.3024617167511824e-07,-0.0002835797813929286
2022-05-24 22:19:00+00:00,395.65,395.61,395.67,100,1000,395.61545454545455,5.680886906434456e-08,0.00024254281549707102
2022-05-24 22:20:00+00:00,395.7,395.68,395.71,100,100,395.695,9.855433130329787e-08,-9.603331850716046e-05
2022-05-24 22:21:00+00:00,395.67,395.65,395.7,25,1100,395.6511111111111,9.15757652308863e-09,-4.53424921534884e-05
2022-05-24 22:22:00+00:00,395.65,395.64,395.67,2,1000,395.64005988023956,1.0981075712366392e-08,-9.268822760699624e-05
2022-05-24 22:23:00+00:00,395.62,395.6,395.62,102,500,395.60338870431895,4.866887279893153e-08,-0.0002749016545950944
2022-05-24 22:24:00+00:00,395.47,395.47,395.55,445,1000,395.4946366782007,7.045351768406325e-08,0.00036855284313563885
2022-05-24 22:25:00+00:00,395.62,395.64,395.7,10,1500,395.6403973509934,1.151184552253977e-07,1.4160962945375388e-05
2022-05-24 22:26:00+00:00,395.64,395.6,395.64,600,150,395.632,5.873451361176922e-08,0.00020725598135706846
2022-05-24 22:27:00+00:00,395.74,395.7,395.74,700,300,395.728,1.6046507073734066e-08,1.7043336704603007e-05
2022-05-24 22:28:00+00:00,395.73,395.72,395.75,404,418,395.73474452554746,8.560100090425503e-09,-5.202963970263319e-05
2022-05-24 22:29:00+00:00,395.75,395.69,395.75,500,742,395.71415458937196,4.016001071649384e-08,-0.00016633535918608722
2022-05-24 22:30:00+00:00,395.64,395.59,395.66,500,100,395.6483333333333,1.2634414006450136e-07,-0.0002731290743793746
2022-05-24 22:31:00+00:00,395.56,395.52,395.55,600,48,395.54777777777775,1.1917672912303231e-07,0.0002521354643905127
2022-05-24 22:32:00+00:00,395.64,395.58,395.67,1000,500,395.64,2.0879609847714673e-08,1.2329513650044532e-06
2022-05-24 22:33:00+00:00,395.65,395.64,395.65,5,8,395.64384615384614,1.6614369152440014e-07,0.0002606549220285359
2022-05-24 22:34:00+00:00,395.75,395.71,395.75,100,19,395.7436134453781,2.2465771040241467e-08,0.00010970128177412164
2022-05-24 22:35:00+00:00,395.75,395.76,395.79,100,11,395.787027027027,1.3422421281169844e-07,0.00021001756254812598
2022-05-24 22:36:00+00:00,395.9,395.87,395.89,5,100,395.87095238095236,1.0570741360682459e-07,-2.758097452226771e-05
2022-05-24 22:37:00+00:00,395.86,395.83,395.89,1095,100,395.8849790794979,8.575773632539372e-08,-0.00023944452325153076
2022-05-24 22:38:00+00:00,395.78,395.76,395.8,10,80,395.76444444444445,3.391495879614181e-08,0.00022642157694430232
2022-05-24 22:39:00+00:00,395.8,395.8,395.86,100,11,395.8540540540541,3.5081214888365896e-08,-0.0001098026363878235
2022-05-24 22:40:00+00:00,395.83,395.81,395.84,10,500,395.8105882352941,2.9531423963018013e-08,8.693998020459226e-05
2022-05-24 22:41:00+00:00,395.85,395.83,395.86,100,100,395.845,4.584014838253265e-08,-0.00019788890432714812
2022-05-24 22:42:00+00:00,395.79,395.76,395.8,100,500,395.76666666666665,4.2608983816467425e-08,8.033741715207654e-05
2022-05-24 22:43:00+00:00,395.77,395.76,395.8,100,504,395.7666225165563,2.5817126278707565e-08,-0.0001729202235287719
2022-05-24 22:44:00+00:00,395.75,395.73,395.75,1,1000,395.73001998001996,4.064825475631981e-08,-5.0539557097883936e-05
2022-05-24 22:45:00+00:00,395.69,395.71,395.72,2,1000,395.7100199600798,4.592419002717508e-09,-4.0108499538504816e-05
2022-05-24 22:46:00+00:00,395.69,395.69,395.72,709,1100,395.7017578772803,1.0877778455014636e-07,-0.0003137489532213378
2022-05-24 22:47:00+00:00,395.57,395.56,395.62,100,500,395.57,9.29656052669244e-08,0.00029613685856588745
2022-05-24 22:48:00+00:00,395.58,395.63,395.69,100,5,395.6871428571429,4.4221909367127695e-08,-7.375996016645292e-05
2022-05-24 22:49:00+00:00,395.67,395.65,395.67,37,56,395.65795698924734,5.543961654912076e-08,7.256186034476642e-05
2022-05-24 22:50:00+00:00,395.67,395.65,395.67,1,100,395.65019801980196,2.8545910589512572e-08,-0.00026451906390578817
2022-05-24 22:51:00+00:00,395.62,395.57,395.62,125,500,395.58,3.917139587617903e-08,-2.538692320042113e-05
2022-05-24 22:52:00+00:00,395.62,395.54,395.62,600,902,395.5719573901465,3.8887647704779005e-08,-0.00010456588230733921
2022-05-24 22:53:00+00:00,395.59,395.53,395.59,5,500,395.530594059406,3.631541590187265e-08,2.4006076803084753e-05
2022-05-24 22:54:00+00:00,395.54,395.54,395.57,9,1000,395.54026759167493,1.141219345935905e-08,-1.539463986399703e-05
2022-05-24 22:55:00+00:00,395.5,395.51,395.54,100,25,395.534,2.7759881339093213e-08,0.00014579446183304867
2022-05-24 22:56:00+00:00,395.58,395.58,395.65,100,500,395.59166666666664,4.010518173070823e-08,-2.8420562919961867e-05
2022-05-24 22:57:00+00:00,395.63,395.58,395.63,5,585,395.5804237288135,2.433504554250842e-08,0.0001228613425470204
2022-05-24 22:58:00+00:00,395.62,395.62,395.63,500,54,395.6290252707581,1.0617873149829501e-08,-4.085862721459055e-05
2022-05-24 22:59:00+00:00,395.62,395.61,395.62,1000,2496,395.6128604118993,1.6106827187885058e-08,-8.632844881550916e-05
2022-05-24 23:00:00+00:00,395.62,395.57,395.62,500,1871,395.58054407423026,4.934176476793515e-08,0.00012966378539691625
2022-05-24 23:01:00+00:00,395.69,395.6,395.66,100,100,395.63,6.264325491747948e-08,2.5653397698111036e-05
2022-05-24 23:02:00+00:00,395.63,395.64,395.67,5,1000,395.6401492537313,5.8777843061611345e-09,2.0685665035324874e-05
2022-05-24 23:03:00+00:00,395.65,395.63,395.67,25,500,395.63190476190476,2.4778460386874987e-09,0.0
2022-05-24 23:04:00+00:00,395.63,395.64,395.69,100,500,395.6483333333333,4.257424632400353e-08,0.00010025738345076363
2022-05-24 23:05:00+00:00,395.65,395.64,395.7,600,150,395.688,2.613934010668185e-08,0.0002618550555635313
2022-05-24 23:06:00+00:00,395.76,395.79,395.82,5,1307,395.7901143292683,5.687035443523503e-08,7.284915081351429e-05
2022-05-24 23:07:00+00:00,395.82,395.82,395.87,9,1000,395.82044598612487,7.980344499255364e-08,0.0001105237556722205
2022-05-24 23:08:00+00:00,395.85,395.84,395.87,100,24,395.8641935483871,3.3636624419749e-08,7.209920678108439e-05
2022-05-24 23:09:00+00:00,395.9,395.85,395.9,100,17,395.892735042735,5.2804045206945924e-08,-8.253524195533934e-05
2022-05-24 23:10:00+00:00,395.84,395.84,395.91,598,100,395.89997134670494,2.534664628458699e-08,9.277463917767292e-05
2022-05-24 23:11:00+00:00,395.85,395.84,395.9,1060,160,395.892131147541,1.6989781338470953e-08,6.220787631616709e-05
2022-05-24 23:12:00+00:00,395.91,395.89,395.95,100,91,395.9214136125654,9.624113846709407e-08,0.00015246501739230034
2022-05-24 23:13:00+00:00,396.02,395.98,396.03,4,100,395.9819230769231,3.5221740173152407e-08,0.00013855186361078076
2022-05-24 23:14:00+00:00,396.02,395.99,396.04,500,36,396.0366417910448,2.010939448927302e-08,-0.00010837889655179733
2022-05-24 23:15:00+00:00,396.0,395.99,396.0,600,1013,395.9937197768134,8.296270120640794e-09,-4.3206764318126645e-05
2022-05-24 23:16:00+00:00,396.0,395.97,396.0,26,92,395.97661016949155,1.7037878706300452e-08,-4.066324752916017e-06
2022-05-24 23:17:00+00:00,395.95,395.95,396.0,100,100,395.975,3.90367907883508e-08,9.305434776951671e-06
2022-05-24 23:18:00+00:00,395.94,395.94,395.98,500,17,395.9786847195358,4.217644433168738e-09,1.548087186398206e-05
2022-05-24 23:19:00+00:00,396.0,395.97,395.99,100,35,395.9848148148148,2.6245724452144894e-08,-5.798950389990232e-05
2022-05-24 23:20:00+00:00,395.93,395.91,395.98,600,210,395.9618518518518,3.027762042046928e-08,-2.993180225918657e-05
2022-05-24 23:21:00+00:00,395.95,395.92,395.98,100,100,395.95,2.319881941647737e-09,9.019897895257145e-07
2022-05-24 23:22:00+00:00,395.97,395.95,395.97,2,110,395.9503571428572,2.4277951161033838e-09,4.267235768562472e-05
2022-05-24 23:23:00+00:00,395.97,395.95,396.0,1000,1898,395.9672532781229,1.6570935559506104e-09,6.626486742655757e-06
2022-05-24 23:24:00+00:00,395.95,395.95,395.97,809,5,395.9698771498772,1.3794218977122059e-11,-8.632371253369797e-07
2022-05-24 23:25:00+00:00,395.97,395.95,395.97,1009,24,395.96953533397874,5.945567556576806e-09,3.4310854982955163e-05
2022-05-24 23:26:00+00:00,396.0,395.99,396.0,500,365,395.99578034682077,5.3820928377505485e-08,1.3819686802696296e-05
2022-05-24 23:27:00+00:00,395.99,395.97,395.99,119,9,395.98859375,2.5517036483996483e-08,-3.1425762886727604e-05
2022-05-24 23:28:00+00:00,395.97,395.97,395.99,109,600,395.97307475317353,3.1819300941057606e-08,-0.00032278755468728715
2022-05-24 23:29:00+00:00,395.83,395.84,395.89,100,500,395.84833333333336,2.848419606495836e-08,-7.207265379471917e-05
2022-05-24 23:30:00+00:00,395.79,395.79,395.86,390,526,395.8198034934498,5.24895118979134e-08,0.00019969354665616557
2022-05-24 23:31:00+00:00,395.88,395.87,395.9,100,4,395.8988461538462,8.509697568156064e-08,0.00017548248595011806
2022-05-24 23:32:00+00:00,395.93,395.96,396.01,100,601,395.96713266761765,2.3262654374848932e-08,-0.00016342774704114493
2022-05-24 23:33:00+00:00,395.9,395.9,395.91,336,599,395.9035935828877,4.58214704827204e-08,6.616140678894489e-05
2022-05-24 23:34:00+00:00,395.9,395.88,395.93,500,2,395.92980079681274,4.414705441988689e-08,-0.00013726234107369617
2022-05-24 23:35:00+00:00,395.93,395.87,395.93,10,100,395.87545454545455,4.0696222105884314e-08,-6.199423996378073e-07
2022-05-24 23:36:00+00:00,395.87,395.86,395.88,1000,315,395.8752091254753,2.778387915941675e-08,-8.893996053227493e-05
2022-05-24 23:37:00+00:00,395.84,395.78,395.85,600,100,395.84,2.5518112141533875e-08,2.9666327976185514e-05
2022-05-24 23:38:00+00:00,395.86,395.85,395.86,95,450,395.8517431192661,3.1345406995148845e-08,-0.00010507435234974327
2022-05-24 23:39:00+00:00,395.83,395.81,395.83,1,50,395.8103921568628,7.373279997674541e-09,8.046975634345976e-05
2022-05-24 23:40:00+00:00,395.84,395.81,395.85,100,25,395.842,1.5898218411081988e-08,-4.3136849764313645e-05
2022-05-24 23:41:00+00:00,395.81,395.81,395.84,99,100,395.8249246231156,2.637458201364882e-08,-5.6641974599425104e-05
2022-05-24 23:42:00+00:00,395.8,395.8,395.85,58,1100,395.80250431778927,4.893914065371022e-08,-8.934117460257518e-05
2022-05-24 23:43:00+00:00,395.76,395.76,395.8,99,100,395.7798994974875,5.261369090886155e-09,-4.3132416833624454e-05
2022-05-24 23:44:00+00:00,395.75,395.75,395.77,4,1100,395.7500724637681,2.8827269655355073e-08,-8.691699371210504e-05
2022-05-24 23:45:00+00:00,395.74,395.7,395.75,274,600,395.7156750572082,5.473938449134837e-08,-0.00024551044110510123
2022-05-24 23:46:00+00:00,395.65,395.61,395.64,100,252,395.6185227272727,7.424389285988872e-08,-1.6491457348166705e-05
2022-05-24 23:47:00+00:00,395.62,395.61,395.62,250,1001,395.611998401279,8.760511146261847e-08,-0.00020698210266967276
2022-05-24 23:48:00+00:00,395.57,395.53,395.57,2,701,395.53011379800853,4.769529778503767e-08,2.080256851222373e-07
2022-05-24 23:49:00+00:00,395.55,395.53,395.54,1,50,395.5301960784314,9.823976890470674e-09,3.201036115885181e-05
2022-05-24 23:50:00+00:00,395.54,395.54,395.55,400,1000,395.54285714285714,2.511891458923135e-08,-2.899727248428796e-05
2022-05-24 23:51:00+00:00,395.53,395.53,395.55,182,1100,395.53283931357254,3.278936751986455e-08,-5.04609951387236e-05
2022-05-24 23:52:00+00:00,395.51,395.51,395.54,25,500,395.51142857142855,3.858510803161023e-08,4.028755976048792e-05
2022-05-24 23:53:00+00:00,395.51,395.51,395.55,767,1000,395.5273627617431,1.4125557280536567e-08,7.327442899107695e-07
2022-05-24 23:54:00+00:00,395.52,395.51,395.53,752,100,395.52765258215965,4.085424256180476e-08,-0.0002468515015624506
2022-05-24 23:55:00+00:00,395.43,395.42,395.43,2,19,395.4209523809524,3.520988967830713e-08,1.6052522309184525e-05
2022-05-24 23:56:00+00:00,395.45,395.43,395.5,100,1000,395.43636363636364,2.161248273912929e-08,8.342986477694048e-05
2022-05-24 23:57:00+00:00,395.5,395.45,395.5,300,475,395.4693548387097,4.616694309833783e-08,-2.030583482692805e-05
2022-05-24 23:58:00+00:00,395.5,395.46,395.5,25,1000,395.4609756097561,1.1194110525481694e-08,8.696117742057474e-05
2022-05-24 23:59:00+00:00,395.52,395.47,395.5,150,25,395.4957142857143,7.802788936293649e-08,9.112294285973377e-05
