ts_recv,price,bid_px_00,ask_px_00,bid_sz_00,ask_sz_00,weighted_mid,rv_60s,ret_60s
2024-11-12 08:01:00+00:00,,,,0,0,,0.0,
2024-11-12 08:02:00+00:00,,,,0,0,,0.0,
2024-11-12 08:03:00+00:00,,,,0,0,,0.0,
2024-11-12 08:04:00+00:00,,,,0,0,,0.0,
2024-11-12 08:05:00+00:00,,,,0,0,,0.0,
2024-11-12 08:06:00+00:00,,,,0,0,,0.0,
2024-11-12 08:07:00+00:00,,,,0,0,,0.0,
2024-11-12 08:08:00+00:00,,,,0,0,,0.0,
2024-11-12 08:09:00+00:00,,,,0,0,,0.0,
2024-11-12 08:10:00+00:00,,,,0,0,,0.0,
2024-11-12 08:11:00+00:00,,,,0,0,,0.0,
2024-11-12 08:12:00+00:00,,,,0,0,,0.0,
2024-11-12 08:13:00+00:00,,,,0,0,,0.0,
2024-11-12 08:14:00+00:00,,,,0,0,,0.0,
2024-11-12 08:15:00+00:00,,,,0,0,,0.0,
2024-11-12 08:16:00+00:00,,,,0,0,,0.0,
2024-11-12 08:17:00+00:00,,,,0,0,,0.0,
2024-11-12 08:18:00+00:00,,,,0,0,,0.0,
2024-11-12 08:19:00+00:00,,,,0,0,,0.0,
2024-11-12 08:20:00+00:00,,,,0,0,,0.0,
2024-11-12 08:21:00+00:00,,,,0,0,,0.0,
2024-11-12 08:22:00+00:00,,,,0,0,,0.0,
2024-11-12 08:23:00+00:00,,,,0,0,,0.0,
2024-11-12 08:24:00+00:00,,,,0,0,,0.0,
2024-11-12 08:25:00+00:00,,,,0,0,,0.0,
2024-11-12 08:26:00+00:00,,,,0,0,,0.0,
2024-11-12 08:27:00+00:00,,,,0,0,,0.0,
2024-11-12 08:28:00+00:00,,,,0,0,,0.0,
2024-11-12 08:29:00+00:00,,,,0,0,,0.0,
2024-11-12 08:30:00+00:00,,,,0,0,,0.0,
2024-11-12 08:31:00+00:00,,,,0,0,,0.0,
2024-11-12 08:32:00+00:00,,,,0,0,,0.0,
2024-11-12 08:33:00+00:00,,,,0,0,,0.0,
2024-11-12 08:34:00+00:00,,,,0,0,,0.0,
2024-11-12 08:35:00+00:00,,,,0,0,,0.0,
2024-11-12 08:36:00+00:00,,,,0,0,,0.0,
2024-11-12 08:37:00+00:00,,,,0,0,,0.0,
2024-11-12 08:38:00+00:00,,,,0,0,,0.0,
2024-11-12 08:39:00+00:00,,,,0,0,,0.0,
2024-11-12 08:40:00+00:00,,,,0,0,,0.0,
2024-11-12 08:41:00+00:00,,,,0,0,,0.0,
2024-11-12 08:42:00+00:00,,,,0,0,,0.0,
2024-11-12 08:43:00+00:00,,,,0,0,,0.0,
2024-11-12 08:44:00+00:00,,,,0,0,,0.0,
2024-11-12 08:45:00+00:00,,,,0,0,,0.0,
2024-11-12 08:46:00+00:00,,,,0,0,,0.0,
2024-11-12 08:47:00+00:00,,,,0,0,,0.0,
2024-11-12 08:48:00+00:00,,,,0,0,,0.0,
2024-11-12 08:49:00+00:00,,,,0,0,,0.0,
2024-11-12 08:50:00+00:00,,,,0,0,,0.0,
2024-11-12 08:51:00+00:00,,,,0,0,,0.0,
2024-11-12 08:52:00+00:00,,,,0,0,,0.0,
2024-11-12 08:53:00+00:00,,,,0,0,,0.0,
2024-11-12 08:54:00+00:00,,,,0,0,,0.0,
2024-11-12 08:55:00+00:00,,,,0,0,,0.0,
2024-11-12 08:56:00+00:00,,,,0,0,,0.0,
2024-11-12 08:57:00+00:00,,,,0,0,,0.0,
2024-11-12 08:58:00+00:00,,,,0,0,,0.0,
2024-11-12 08:59:00+00:00,,,,0,0,,0.0,
2024-11-12 09:00:00+00:00,,,,0,0,,4.535480176737039e-08,
2024-11-12 09:01:00+00:00,598.5,598.46,598.53,218,500,598.4812534818941,3.0442061831049e-08,-2.2694724031269153e-05
2024-11-12 09:02:00+00:00,598.51,598.44,598.49,400,500,598.4622222222222,5.972763020082762e-08,-0.0001490465311118072
2024-11-12 09:03:00+00:00,598.39,598.36,598.39,128,899,598.3637390457644,1.2526010017005267e-08,-1.2154286513021972e-05
2024-11-12 09:04:00+00:00,598.37,598.33,598.39,400,400,598.36,3.3865245969524726e-08,0.00010034106584733138
2024-11-12 09:05:00+00:00,598.4,598.4,598.45,324,598,598.4175704989154,4.680980812566831e-08,-0.00014800766133993282
2024-11-12 09:06:00+00:00,598.34,598.31,598.36,301,400,598.3314693295292,1.1479885514950754e-08,-0.00013605332585442387
2024-11-12 09:07:00+00:00,598.25,598.25,598.28,1,1861,598.2500161117079,1.3183847094688283e-08,-0.00016602538656174115
2024-11-12 09:08:00+00:00,598.15,598.15,598.19,25,1327,598.1507396449704,2.618291334997667e-08,-3.815919886807073e-05
2024-11-12 09:09:00+00:00,598.13,598.09,598.13,400,22,598.1279146919431,1.2638453965642992e-08,-0.00013026426292661597
2024-11-12 09:10:00+00:00,598.03,598.02,598.08,400,400,598.05,2.4652604534874842e-08,-5.8523534821497414e-05
2024-11-12 09:11:00+00:00,598.01,597.99,598.04,400,400,598.015,1.0589829688565496e-08,-2.5181059047696408e-05
2024-11-12 09:12:00+00:00,597.99,597.99,598.0,339,2,597.9999413489736,2.8050945163127905e-08,0.00018404458498455512
2024-11-12 09:13:00+00:00,598.07,598.08,598.14,400,400,598.11,2.531643206244622e-08,-1.1146221709501525e-05
2024-11-12 09:14:00+00:00,598.07,598.02,598.13,400,400,598.075,1.3576024970232054e-08,1.222502458930741e-05
2024-11-12 09:15:00+00:00,598.13,598.08,598.14,399,400,598.1099624530663,3.274943098450671e-08,-3.2128821008670094e-05
2024-11-12 09:16:00+00:00,598.07,598.08,598.14,400,400,598.11,3.300049789450425e-08,3.777034593910322e-05
2024-11-12 09:17:00+00:00,598.09,598.1,598.15,400,400,598.125,9.397491165533808e-09,3.2203760976123874e-05
2024-11-12 09:18:00+00:00,598.15,598.12,598.16,500,1006,598.1332802124833,1.0878717163107105e-08,9.421131224929269e-06
2024-11-12 09:19:00+00:00,598.13,598.13,598.16,400,946,598.1389153046063,1.7035059048721734e-08,5.692946486113293e-05
2024-11-12 09:20:00+00:00,598.18,598.15,598.19,400,10,598.189024390244,3.3202200889029906e-08,0.00012677039112607424
2024-11-12 09:21:00+00:00,598.26,598.24,598.26,900,1021,598.2493701197293,1.4492236826255547e-08,-4.854427875466971e-05
2024-11-12 09:22:00+00:00,598.28,598.21,598.22,100,10,598.2190909090909,1.3487416457722302e-08,-6.562153315892161e-05
2024-11-12 09:23:00+00:00,598.22,598.18,598.23,9,891,598.1804999999999,4.068395443121937e-08,-3.5360724769395446e-05
2024-11-12 09:24:00+00:00,598.16,598.18,598.23,2,2191,598.1800455996352,2.468804875110157e-08,-7.294647892019945e-05
2024-11-12 09:25:00+00:00,598.12,598.11,598.19,100,1300,598.1157142857143,8.822121266711179e-08,0.00013893884038584936
2024-11-12 09:26:00+00:00,598.12,598.11,598.2,600,8,598.1988157894737,2.43813168066959e-08,-0.00019843703890587427
2024-11-12 09:27:00+00:00,598.12,598.08,598.18,2,1800,598.0801109877914,9.67720426355233e-08,1.6854904392626935e-05
2024-11-12 09:28:00+00:00,598.15,598.09,598.14,5,1300,598.0901915708812,4.346674588545753e-08,2.5722938637118276e-05
2024-11-12 09:29:00+00:00,598.18,598.1,598.2,30,508,598.1055762081784,7.188725153796149e-08,-0.00015008676479910665
2024-11-12 09:30:00+00:00,598.09,598.01,598.1,11,1300,598.0107551487414,6.30456102917479e-08,0.00020745005319855458
2024-11-12 09:31:00+00:00,598.1,598.06,598.14,600,1,598.1398668885191,9.69663622041348e-09,9.904376158709205e-05
2024-11-12 09:32:00+00:00,598.2,598.11,598.2,600,2,598.1997009966777,2.5469925640696924e-08,0.00015910555862896913
2024-11-12 09:33:00+00:00,598.3,598.26,598.3,600,100,598.2942857142857,2.8237372499096727e-08,-1.1938701928837503e-05
2024-11-12 09:34:00+00:00,598.3,598.28,598.38,100,1300,598.2871428571428,1.2494933553397277e-08,-1.1324533323864294e-05
2024-11-12 09:35:00+00:00,598.28,598.28,598.36,6,1300,598.2803675344563,3.3233317274704824e-08,-4.783703961186436e-05
2024-11-12 09:36:00+00:00,598.31,598.25,598.31,12,400,598.2517475728156,5.888648343788762e-09,-5.437035811695079e-05
2024-11-12 09:37:00+00:00,598.23,598.12,598.22,1400,11,598.219220411056,3.081589089063152e-08,-4.048751733398692e-05
2024-11-12 09:38:00+00:00,598.17,598.16,598.23,400,400,598.195,2.428533075296966e-08,-0.00018188519947759385
2024-11-12 09:39:00+00:00,598.13,598.06,598.12,310,400,598.0861971830985,2.7821203058956898e-08,-4.194390725875685e-05
2024-11-12 09:40:00+00:00,598.1,598.03,598.1,400,500,598.0611111111111,2.0144681706200002e-08,-6.874065266471163e-05
2024-11-12 09:41:00+00:00,598.01,598.0,598.03,400,200,598.02,4.295207469456816e-08,0.00012820084055165104
2024-11-12 09:42:00+00:00,598.11,598.07,598.13,400,500,598.0966666666667,3.2254649311873584e-08,-0.0002415892375221551
2024-11-12 09:43:00+00:00,597.93,597.93,597.98,393,502,597.9519553072626,1.33097677400543e-08,7.162287041562188e-05
2024-11-12 09:44:00+00:00,597.99,597.97,598.02,400,400,597.995,4.261748668985327e-08,-8.361273923684909e-05
2024-11-12 09:45:00+00:00,597.98,597.92,597.98,400,500,597.9466666666667,1.5105490365006484e-08,-5.2327741584257126e-08
2024-11-12 09:46:00+00:00,597.92,597.92,597.98,399,510,597.9463366336633,3.266473357704302e-08,-0.0001263610367783219
2024-11-12 09:47:00+00:00,597.85,597.85,597.87,500,10,597.8696078431373,2.7590200721423882e-08,2.607297678625109e-05
2024-11-12 09:48:00+00:00,597.85,597.84,597.9,600,200,597.885,1.8941903432944795e-08,-2.1371631296562832e-05
2024-11-12 09:49:00+00:00,597.9,597.85,597.9,400,500,597.8722222222223,1.7456904561982172e-08,-0.00015445927586044128
2024-11-12 09:50:00+00:00,597.79,597.74,597.78,600,1,597.7799334442595,4.999695306386188e-08,-0.00019688870944256642
2024-11-12 09:51:00+00:00,597.64,597.63,597.69,100,503,597.6399502487562,6.889527505442101e-08,0.00036817290158075444
2024-11-12 09:52:00+00:00,597.9,597.86,597.91,400,500,597.8822222222223,3.153349411967198e-08,-5.258210953307252e-05
2024-11-12 09:53:00+00:00,597.88,597.85,597.89,10,500,597.8507843137255,1.3737616467831565e-08,8.417952891615066e-05
2024-11-12 09:54:00+00:00,597.91,597.87,597.94,400,500,597.9011111111112,1.4611910717831208e-08,-8.48283324882404e-05
2024-11-12 09:55:00+00:00,597.85,597.85,597.87,4,200,597.8503921568628,2.8213001910341695e-08,-5.919901923123749e-05
2024-11-12 09:56:00+00:00,597.83,597.8,597.85,400,310,597.8281690140846,2.2612472174779418e-08,-9.117360804788976e-05
2024-11-12 09:57:00+00:00,597.73,597.73,597.81,358,400,597.7677836411609,6.222340126622146e-08,-7.23070905325196e-05
2024-11-12 09:58:00+00:00,597.74,597.68,597.72,400,10,597.7190243902439,3.6671802518559985e-08,-6.650141870878645e-05
2024-11-12 09:59:00+00:00,597.67,597.66,597.71,400,400,597.685,3.163671318244117e-08,6.533440901623777e-06
2024-11-12 10:00:00+00:00,597.68,597.66,597.69,10,4,597.6814285714287,4.128466727687772e-08,-0.0001911700023558005
2024-11-12 10:01:00+00:00,597.56,597.55,597.62,130,400,597.5671698113207,3.5967035679500274e-08,0.00011470589057838154
2024-11-12 10:02:00+00:00,597.61,597.61,597.67,300,400,597.6357142857142,3.892391549768864e-08,-6.0760742015331104e-05
2024-11-12 10:03:00+00:00,597.56,597.56,597.6,400,6,597.5994088669951,4.029069935287984e-08,-9.103338477778333e-05
2024-11-12 10:04:00+00:00,597.52,597.51,597.58,400,400,597.545,2.2572017297797475e-08,-0.0001087784183616547
2024-11-12 10:05:00+00:00,597.47,597.45,597.51,400,400,597.48,2.6767680798686053e-08,8.368480953335755e-05
2024-11-12 10:06:00+00:00,597.52,597.51,597.57,1800,400,597.5590909090909,9.506735928264186e-08,8.391351910463918e-05
2024-11-12 10:07:00+00:00,597.58,597.53,597.61,1400,400,597.5922222222222,2.1255975020886175e-08,-0.00020021715480100788
2024-11-12 10:08:00+00:00,597.44,597.46,597.5,4,400,597.460396039604,2.544685159980773e-08,8.349455360456837e-05
2024-11-12 10:09:00+00:00,597.49,597.49,597.54,3,390,597.4903816793893,2.999365022202924e-08,0.00017509361629630682
2024-11-12 10:10:00+00:00,597.53,597.58,597.65,400,400,597.615,3.1767161755484525e-08,-0.00022552425045885283
2024-11-12 10:11:00+00:00,597.5,597.48,597.5,3,23,597.4823076923077,2.601897829141152e-08,4.565284987356755e-05
2024-11-12 10:12:00+00:00,597.52,597.5,597.52,1,400,597.5000498753117,1.400354235307626e-08,-1.4943028210590015e-05
2024-11-12 10:13:00+00:00,597.48,597.48,597.5,10,4,597.4942857142858,1.101565220664961e-08,-9.366170162605769e-05
2024-11-12 10:14:00+00:00,597.43,597.44,597.46,3,20,597.4426086956522,3.404463608730071e-08,-6.757581434568838e-05
2024-11-12 10:15:00+00:00,597.4,597.4,597.44,18,304,597.4022360248448,4.402739268683208e-08,0.00013079325600084957
2024-11-12 10:16:00+00:00,597.51,597.48,597.53,3,400,597.4803722084367,3.241340267267622e-08,-3.2380256006603325e-05
2024-11-12 10:17:00+00:00,597.46,597.48,597.5,2,342,597.4801162790698,3.3681283579579306e-08,-2.178845300404575e-06
2024-11-12 10:18:00+00:00,597.46,597.45,597.47,400,2,597.4699004975124,1.3933467197328794e-08,-7.421295314480325e-05
2024-11-12 10:19:00+00:00,597.45,597.36,597.44,900,400,597.4153846153846,2.533965725388158e-08,-7.016987539421038e-05
2024-11-12 10:20:00+00:00,597.4,597.37,597.38,106,200,597.3734640522875,2.2359503757337634e-08,0.00015323068937744821
2024-11-12 10:21:00+00:00,597.45,597.43,597.5,400,400,597.465,3.373375642546938e-08,-0.0001168501850010717
2024-11-12 10:22:00+00:00,597.42,597.37,597.42,6,400,597.3707389162562,7.918495628926734e-08,-0.0003258999390053363
2024-11-12 10:23:00+00:00,597.24,597.2,597.24,5,399,597.200495049505,3.6778334411279284e-08,-2.805298276409296e-05
2024-11-12 10:24:00+00:00,597.19,597.18,597.21,53,400,597.1835099337748,1.269926804374675e-07,-1.3442275860087172e-05
2024-11-12 10:25:00+00:00,597.11,597.12,597.21,400,1200,597.1425,9.713519608440257e-08,-0.0002742981160088753
2024-11-12 10:26:00+00:00,597.04,596.99,597.04,312,395,597.0120650636493,8.338372300107726e-08,-0.00023718354680690723
2024-11-12 10:27:00+00:00,596.9,596.87,596.91,7,400,596.870687960688,5.9419113027544384e-08,0.00019279884368894606
2024-11-12 10:28:00+00:00,596.96,596.94,597.0,500,20,596.9976923076923,1.0536210461767625e-07,0.0001085062994961028
2024-11-12 10:29:00+00:00,597.05,597.05,597.09,1,400,597.0500997506233,5.64108463776769e-08,5.3014895919689664e-05
2024-11-12 10:30:00+00:00,597.1,597.07,597.12,3,400,597.0703722084368,1.6108876195418725e-07,8.007939276111209e-05
2024-11-12 10:31:00+00:00,597.12,597.08,597.13,500,3,597.1297017892643,9.243047645693556e-08,-3.7978960463980194e-05
2024-11-12 10:32:00+00:00,597.1,597.04,597.12,500,400,597.0844444444444,1.0650928653931932e-07,-3.5734547030541464e-05
2024-11-12 10:33:00+00:00,597.06,597.06,597.15,358,900,597.0856120826709,8.520453501464849e-08,0.00010766993108646261
2024-11-12 10:34:00+00:00,597.13,597.1,597.15,311,1,597.1498397435897,3.362175227837734e-08,-0.00032638412782970416
2024-11-12 10:35:00+00:00,597.02,596.94,597.02,400,400,596.98,7.688828991054984e-08,0.00012698787235221332
2024-11-12 10:36:00+00:00,597.06,597.03,597.11,4,393,597.03080604534,3.3217506016734884e-08,0.00019907517353168203
2024-11-12 10:37:00+00:00,597.11,597.11,597.15,350,3,597.1496600566572,6.492885290898572e-08,0.00010104660084220285
2024-11-12 10:38:00+00:00,597.21,597.17,597.25,400,400,597.21,4.232755669258607e-08,9.851635347080112e-05
2024-11-12 10:39:00+00:00,597.27,597.23,597.27,500,15,597.2688349514564,6.523660490991868e-08,6.817432291228442e-05
2024-11-12 10:40:00+00:00,597.31,597.25,597.3,400,400,597.275,4.9670911667275506e-08,-0.00011651609460783252
2024-11-12 10:41:00+00:00,597.2,597.18,597.24,1400,1,597.2399571734476,5.5585617599622054e-08,0.0001080685004029025
2024-11-12 10:42:00+00:00,597.3,597.26,597.31,303,400,597.2815504978663,6.986961146603208e-08,0.0001432059308674738
2024-11-12 10:43:00+00:00,597.41,597.35,597.41,4,500,597.3504761904762,3.017018451209475e-08,7.683206140307597e-05
2024-11-12 10:44:00+00:00,597.44,597.42,597.44,400,102,597.4359362549801,3.545068748746508e-08,9.886205605602605e-05
2024-11-12 10:45:00+00:00,597.5,597.46,597.53,400,400,597.495,5.541933146688501e-08,-0.0001710608075514708
2024-11-12 10:46:00+00:00,597.4,597.37,597.41,400,302,597.392792022792,4.7495828275450115e-09,8.380603303836942e-05
2024-11-12 10:47:00+00:00,597.45,597.4,597.45,1200,200,597.4428571428572,8.093069267360384e-08,-0.0001239752525932225
2024-11-12 10:48:00+00:00,597.41,597.36,597.4,400,500,597.3777777777777,4.8060486994210776e-08,7.735755050641835e-05
2024-11-12 10:49:00+00:00,597.43,597.4,597.46,400,400,597.43,1.067916314705055e-08,-5.858574023076546e-05
2024-11-12 10:50:00+00:00,597.35,597.36,597.45,400,400,597.405,2.4193852040125096e-08,-3.6827479996115464e-05
2024-11-12 10:51:00+00:00,597.38,597.32,597.39,400,400,597.355,2.5835952346584466e-08,0.0001305749650963861
2024-11-12 10:52:00+00:00,597.44,597.42,597.44,400,100,597.436,2.654586401232821e-08,0.00016846056706576462
2024-11-12 10:53:00+00:00,597.54,597.53,597.55,400,200,597.5433333333333,4.6847125014519587e-08,0.0002064402138495236
2024-11-12 10:54:00+00:00,597.66,597.64,597.69,400,600,597.66,7.162650874612567e-08,-0.0001422213298529762
2024-11-12 10:55:00+00:00,597.54,597.54,597.62,498,400,597.5843652561248,4.177989729157777e-08,-0.00020877874103730765
2024-11-12 10:56:00+00:00,597.49,597.45,597.5,2,400,597.450248756219,2.9512820976458043e-08,-0.00011728663960375307
2024-11-12 10:57:00+00:00,597.42,597.38,597.43,2,600,597.3801661129568,1.7906314741561648e-08,0.00018385927969100102
2024-11-12 10:58:00+00:00,597.5,597.46,597.52,400,400,597.49,1.240248414463698e-08,1.659744150428466e-05
2024-11-12 10:59:00+00:00,597.45,597.45,597.51,500,101,597.4999168053245,2.640631021327893e-08,-0.0001175469044705224
2024-11-12 11:00:00+00:00,597.44,597.39,597.44,400,104,597.4296825396826,1.5849274203695592e-07,0.0004658581059016065
2024-11-12 11:01:00+00:00,597.73,597.69,597.73,25,500,597.6919047619048,5.207405425246575e-08,7.017495847172484e-05
2024-11-12 11:02:00+00:00,597.73,597.73,597.75,357,1,597.7499441340782,2.1929255186053572e-08,-6.93979079776641e-05
2024-11-12 11:03:00+00:00,597.69,597.69,597.75,400,900,597.7084615384615,3.354495347070186e-08,6.120627184924565e-05
2024-11-12 11:04:00+00:00,597.75,597.7,597.75,200,22,597.745045045045,3.794343143350228e-08,0.00014199576258255853
2024-11-12 11:05:00+00:00,597.8,597.76,597.83,900,1,597.8299223085461,1.587191653367218e-08,-0.00012253592392386103
2024-11-12 11:06:00+00:00,597.75,597.73,597.78,400,500,597.7522222222223,2.8198509558305596e-08,-4.5770691485702564e-05
2024-11-12 11:07:00+00:00,597.75,597.66,597.72,400,400,597.69,3.3590526094754274e-08,5.401103480018321e-05
2024-11-12 11:08:00+00:00,597.73,597.75,597.79,400,400,597.77,4.715454943447458e-08,3.829267026067562e-05
2024-11-12 11:09:00+00:00,597.75,597.75,597.83,303,400,597.7844807965861,3.2036218252886226e-08,-6.241544647600517e-05
2024-11-12 11:10:00+00:00,597.75,597.7,597.75,400,24,597.7471698113208,3.450082009743569e-08,6.893401538254906e-06
2024-11-12 11:11:00+00:00,597.78,597.75,597.79,20,600,597.7512903225806,1.6609705401414796e-08,0.00014743113829163157
2024-11-12 11:12:00+00:00,597.84,597.82,597.84,400,12,597.8394174757282,2.9117888989779642e-08,1.0798117280552688e-05
2024-11-12 11:13:00+00:00,597.85,597.84,597.93,400,3,597.9293300248138,7.477212647904828e-08,0.00011826636330192208
2024-11-12 11:14:00+00:00,597.89,597.89,597.93,400,202,597.9165780730897,1.961789351843871e-08,0.00010267980038314306
2024-11-12 11:15:00+00:00,597.975,597.95,598.0,400,315,597.977972027972,2.621801187683647e-07,-0.0005482367899021234
2024-11-12 11:16:00+00:00,597.67,597.65,597.68,5,1900,597.6500787401575,1.8343267499178065e-08,-6.649161532479297e-08
2024-11-12 11:17:00+00:00,597.66,597.65,597.69,1,404,597.6500987654321,8.048341585792542e-08,4.736939814042884e-05
2024-11-12 11:18:00+00:00,597.69,597.62,597.68,100,600,597.6285714285714,3.512175400998963e-08,0.00020294171170132103
2024-11-12 11:19:00+00:00,597.8,597.77,597.8,400,4,597.799702970297,2.3332209501554854e-08,2.7345490405616957e-05
2024-11-12 11:20:00+00:00,597.83,597.83,597.87,4,400,597.830396039604,2.9678210408054076e-08,1.6491685976838255e-05
2024-11-12 11:21:00+00:00,597.83,597.82,597.85,400,1,597.8499251870325,2.2076949905038978e-08,0.00015383863629381267
2024-11-12 11:22:00+00:00,597.88,597.86,597.9,600,19,597.8987722132472,2.2335995188378487e-08,-1.2291928193075563e-06
2024-11-12 11:23:00+00:00,597.93,597.9,597.92,318,3,597.9198130841122,1.4863774508419485e-08,-1.2195235752354705e-05
2024-11-12 11:24:00+00:00,597.9,597.88,597.91,500,3,597.9098210735586,2.306989558999076e-08,-1.6849432516563567e-05
2024-11-12 11:25:00+00:00,597.9,597.87,597.9,400,3,597.8997766749379,1.580852173478705e-08,-9.93552244350493e-05
2024-11-12 11:26:00+00:00,597.87,597.84,597.89,3,400,597.8403722084367,4.098530577419639e-08,-5.042965443013969e-05
2024-11-12 11:27:00+00:00,597.81,597.77,597.84,170,400,597.7908771929824,1.3644267944065242e-08,2.021438706534262e-05
2024-11-12 11:28:00+00:00,597.76,597.79,597.85,3,400,597.7904466501241,8.552497403040561e-09,-4.227350619556702e-06
2024-11-12 11:29:00+00:00,597.82,597.82,597.86,97,400,597.8278068410464,1.1373479317381762e-08,4.2185810871897544e-05
2024-11-12 11:30:00+00:00,597.83,597.83,597.85,3,1,597.845,2.351850002799135e-08,7.489679588834619e-05
2024-11-12 11:31:00+00:00,597.89,597.86,597.89,400,3,597.8897766749379,1.9628439763884547e-08,0.00011782548033512086
2024-11-12 11:32:00+00:00,597.96,597.93,597.99,400,400,597.96,1.9749201407319064e-08,2.5561982308630604e-07
2024-11-12 11:33:00+00:00,597.96,597.96,598.0,3,316,597.9603761755486,1.1515772457171484e-08,-3.388554867855831e-05
2024-11-12 11:34:00+00:00,597.94,597.91,597.98,302,400,597.9401139601139,1.905619251452254e-08,9.56512715211133e-05
2024-11-12 11:35:00+00:00,597.97,597.93,598.0,400,16,597.9973076923077,1.356554084767892e-08,-0.0001056694477317155
2024-11-12 11:36:00+00:00,597.91,597.92,597.98,400,1300,597.9341176470588,1.1336376213980547e-08,4.278830298654057e-05
2024-11-12 11:37:00+00:00,597.95,597.92,597.96,400,3,597.9597022332506,7.053447189174836e-09,-2.923275759736388e-05
2024-11-12 11:38:00+00:00,597.95,597.93,597.95,11,7,597.9422222222222,2.594901155319244e-08,-2.8802485561585378e-05
2024-11-12 11:39:00+00:00,597.93,597.92,597.93,2,2,597.925,6.635233748036352e-08,8.983631740178133e-05
2024-11-12 11:40:00+00:00,597.96,597.96,598.04,397,1300,597.9787153800825,1.9089214941831967e-08,2.5131339585149348e-05
2024-11-12 11:41:00+00:00,597.97,597.97,598.02,359,397,597.9937433862434,3.7871103462022133e-08,3.618972502739126e-05
2024-11-12 11:42:00+00:00,598.01,597.96,598.04,900,400,598.0153846153846,1.2028943007358569e-08,-7.825012738293946e-05
2024-11-12 11:43:00+00:00,597.99,597.96,597.99,400,418,597.9746699266504,1.4533744465212988e-08,-6.435697967588361e-05
2024-11-12 11:44:00+00:00,597.93,597.89,597.93,302,14,597.9282278481012,3.4253216804639304e-08,-0.00036997216184353476
2024-11-12 11:45:00+00:00,597.69,597.67,597.74,500,400,597.7088888888889,1.4289363577656101e-08,0.00013889014294266033
2024-11-12 11:46:00+00:00,597.76,597.76,597.83,335,400,597.7919047619048,2.55741476581951e-08,-4.6125669307395256e-05
2024-11-12 11:47:00+00:00,597.73,597.75,597.8,17,400,597.7520383693046,3.005455275315089e-08,-0.0001579737408330395
2024-11-12 11:48:00+00:00,597.65,597.6,597.67,1400,2,597.6699001426533,8.651081817824095e-08,-0.0002085800997932985
2024-11-12 11:49:00+00:00,597.55,597.53,597.61,400,1700,597.5452380952381,2.9983883195314685e-08,0.00029246640023261605
2024-11-12 11:50:00+00:00,597.68,597.68,597.76,400,400,597.72,1.7390104134687423e-08,0.00020126230921269084
2024-11-12 11:51:00+00:00,597.82,597.84,597.9,2,400,597.8402985074626,3.4883178451913852e-09,-4.5533204191539056e-05
2024-11-12 11:52:00+00:00,597.86,597.81,597.89,16,400,597.8130769230768,5.0159303231608494e-08,-0.0002730779757905699
2024-11-12 11:53:00+00:00,597.68,597.59,597.65,693,18,597.6484810126583,2.5528442075972808e-08,-6.659814413023657e-05
2024-11-12 11:54:00+00:00,597.6,597.59,597.63,401,400,597.610024968789,2.3186565874905418e-08,6.655849897740929e-05
2024-11-12 11:55:00+00:00,597.6,597.61,597.69,400,1300,597.6288235294118,6.24652947670703e-08,-6.454946254119687e-05
2024-11-12 11:56:00+00:00,597.65,597.61,597.64,17,400,597.6112230215828,5.252979570448421e-08,0.00011811057860655616
2024-11-12 11:57:00+00:00,597.74,597.68,597.73,15,400,597.6818072289157,7.871081201453743e-09,-5.597778640398232e-06
2024-11-12 11:58:00+00:00,597.68,597.64,597.73,400,400,597.685,2.1235338483597103e-08,0.00013559700951071285
2024-11-12 11:59:00+00:00,597.72,597.72,597.76,399,5,597.759504950495,4.580667459928277e-08,-1.4455233070531648e-05
2024-11-12 12:00:00+00:00,597.83,597.75,597.82,5,1200,597.7502904564316,1.0330950797437642e-07,0.00035639280562116404
2024-11-12 12:01:00+00:00,597.98,597.93,597.98,400,190,597.9638983050847,4.9200797703849164e-08,-0.00018987173708495675
2024-11-12 12:02:00+00:00,597.95,597.85,597.88,21,1720,597.8503618609994,6.574347911715277e-08,-0.00010725213253703902
2024-11-12 12:03:00+00:00,597.83,597.78,597.86,110,1300,597.7862411347518,4.04488685430998e-08,0.00013738391173245823
2024-11-12 12:04:00+00:00,597.84,597.83,597.87,188,8,597.8683673469387,1.8728174907955292e-08,2.8965547458126295e-05
2024-11-12 12:05:00+00:00,597.91,597.86,597.9,450,450,597.88,2.4680534775840554e-08,7.698059339600327e-05
2024-11-12 12:06:00+00:00,597.97,597.94,598.03,450,430,597.9860227272727,2.6422540222054663e-08,0.00010066586721424464
2024-11-12 12:07:00+00:00,597.99,597.96,598.0,130,3,597.9990977443609,2.6390928494591824e-08,1.53555538635608e-05
2024-11-12 12:08:00+00:00,598.0,598.0,598.03,35,420,598.0023076923077,1.416634237768265e-08,8.857796096362058e-05
2024-11-12 12:09:00+00:00,598.05,598.04,598.1,520,1700,598.0540540540541,1.0562657144816144e-08,4.052379457308852e-05
2024-11-12 12:10:00+00:00,598.05,598.05,598.1,530,330,598.0808139534884,1.935261742081987e-08,-1.5083612229349619e-05
2024-11-12 12:11:00+00:00,598.03,598.03,598.07,450,40,598.0667346938776,1.2578267308283904e-08,-5.729820022493115e-05
2024-11-12 12:12:00+00:00,598.05,598.03,598.05,4,12,598.035,1.246752263733712e-08,2.723974780849403e-05
2024-11-12 12:13:00+00:00,598.07,598.05,598.09,34,420,598.0529955947137,1.747004569784099e-08,8.371412303831427e-05
2024-11-12 12:14:00+00:00,598.09,598.1,598.15,34,1720,598.100969213227,1.6513076095992608e-08,-7.75271923059151e-06
2024-11-12 12:15:00+00:00,598.09,598.09,598.1,43,21,598.09671875,1.2567428892193245e-08,7.591297127573782e-06
2024-11-12 12:16:00+00:00,598.12,598.1,598.14,33,420,598.1029139072848,8.950990705080833e-09,-9.111228774982827e-05
2024-11-12 12:17:00+00:00,598.03,598.04,598.05,23,11,598.0467647058823,2.5406853479258924e-08,1.0774826731951848e-05
2024-11-12 12:18:00+00:00,598.04,598.03,598.08,333,370,598.0536842105263,1.7511824712693825e-08,-0.00013935934389031068
2024-11-12 12:19:00+00:00,597.96,597.96,598.0,116,333,597.9703340757239,4.591259587442112e-08,-0.00011730461921044544
2024-11-12 12:20:00+00:00,597.9,597.88,597.9,422,6,597.8997196261682,9.669105616329139e-09,-5.053530386378569e-07
2024-11-12 12:21:00+00:00,597.87,597.88,597.9,400,12,597.8994174757281,2.111000393958001e-08,-0.0001141345904431823
2024-11-12 12:22:00+00:00,597.83,597.83,597.85,2,32,597.8311764705883,1.7002124089536526e-08,7.756487290722092e-05
2024-11-12 12:23:00+00:00,597.85,597.83,597.91,630,430,597.8775471698112,5.0131139349191895e-08,0.0002755922638928432
2024-11-12 12:24:00+00:00,598.05,598.04,598.08,36,380,598.0434615384615,3.225592863456881e-08,4.485307067092492e-06
2024-11-12 12:25:00+00:00,598.04,598.03,598.08,420,380,598.05625,2.3219068366930004e-08,-0.00016080236111837287
2024-11-12 12:26:00+00:00,597.96,597.91,597.95,320,37,597.9458543417367,2.570967335920096e-08,0.00012408645522210549
2024-11-12 12:27:00+00:00,598.05,598.0,598.06,340,1720,598.0099029126213,1.2391053572436638e-08,-3.66698011411426e-05
2024-11-12 12:28:00+00:00,598.01,598.0,598.03,36,420,598.0023684210527,1.974848873209524e-08,4.1753659435928014e-05
2024-11-12 12:29:00+00:00,598.02,598.02,598.05,183,1620,598.0230449251249,4.015024605839116e-08,-9.360304172234546e-05
2024-11-12 12:30:00+00:00,597.98,597.97,597.99,2,430,597.9700925925927,7.738099051175123e-08,2.14630076564859e-05
2024-11-12 12:31:00+00:00,597.99,597.96,598.0,47,35,597.9829268292683,4.0514878808195954e-08,-0.0002388897908142118
2024-11-12 12:32:00+00:00,597.85,597.84,597.86,1,17,597.8411111111112,2.294500695154946e-08,6.678238665247527e-05
2024-11-12 12:33:00+00:00,597.89,597.86,597.9,430,430,597.8800000000001,2.8426378598997177e-08,-0.0002359936616228575
2024-11-12 12:34:00+00:00,597.78,597.73,597.83,130,1300,597.7390909090909,5.076479602845397e-08,0.0001270616502595523
2024-11-12 12:35:00+00:00,597.79,597.79,597.83,425,430,597.8098830409357,7.91072063252302e-08,0.00025899707325915955
2024-11-12 12:36:00+00:00,597.95,597.95,597.97,439,7,597.9696860986548,2.6805320527048715e-08,8.600094701605165e-05
2024-11-12 12:37:00+00:00,598.0,598.0,598.05,991,1356,598.0211120579462,1.1396114011600624e-08,-3.51370325727407e-05
2024-11-12 12:38:00+00:00,598.01,598.0,598.02,65,3004,598.0004235907462,7.167922102126699e-09,-3.6225792698907355e-08
2024-11-12 12:39:00+00:00,598.0,598.0,598.02,8,2051,598.000077707625,2.251339554304183e-08,-4.551933316165879e-05
2024-11-12 12:40:00+00:00,597.95,597.97,597.98,52,5,597.9791228070175,4.126500065492235e-08,0.0001258716950840455
2024-11-12 12:41:00+00:00,598.05,598.02,598.07,450,350,598.048125,4.942892133738167e-08,0.00023723007241271965
2024-11-12 12:42:00+00:00,598.19,598.16,598.22,430,430,598.19,2.7496685047850615e-08,-9.924834813257455e-05
2024-11-12 12:43:00+00:00,598.14,598.13,598.15,14,400,598.1306763285024,2.5845057258559655e-08,-1.405781275509721e-05
2024-11-12 12:44:00+00:00,598.13,598.11,598.16,430,330,598.1382894736842,3.844180276575005e-08,1.3235331531191719e-05
2024-11-12 12:45:00+00:00,598.13,598.13,598.15,3,34,598.1316216216215,4.341631248994069e-08,0.00011602210140715385
2024-11-12 12:46:00+00:00,598.19,598.18,598.2,420,10,598.199534883721,1.5072874297980045e-08,3.27575498124677e-05
2024-11-12 12:47:00+00:00,598.21,598.2,598.24,22,24,598.2191304347826,2.4917393707846836e-08,7.987683526078371e-05
2024-11-12 12:48:00+00:00,598.24,598.24,598.27,314,36,598.2669142857143,2.75879632763189e-08,5.622550858452868e-05
2024-11-12 12:49:00+00:00,598.3,598.31,598.34,320,220,598.3277777777778,1.4411849525905785e-08,-1.535768409821614e-05
2024-11-12 12:50:00+00:00,598.27,598.27,598.3,88,38,598.2909523809523,2.4856572654766694e-08,-8.894759439048716e-05
2024-11-12 12:51:00+00:00,598.21,598.21,598.24,319,21,598.2381470588235,1.777002615693715e-08,-3.0596174325214776e-05
2024-11-12 12:52:00+00:00,598.21,598.21,598.22,288,5,598.2198293515359,1.733145082220131e-08,-0.00012126973671655605
2024-11-12 12:53:00+00:00,598.14,598.14,598.18,320,334,598.1595718654434,2.608833061770081e-08,-2.2488011752308523e-05
2024-11-12 12:54:00+00:00,598.12,598.12,598.15,12,14,598.1338461538461,2.2804755516997385e-08,-0.0001434809916580626
2024-11-12 12:55:00+00:00,598.02,598.02,598.05,320,26,598.0477456647399,1.4936182933329472e-08,0.00013213631769848355
2024-11-12 12:56:00+00:00,598.11,598.12,598.15,21,420,598.1214285714285,3.091811154175749e-08,-9.522817261775618e-05
2024-11-12 12:57:00+00:00,598.05,598.07,598.1,1,330,598.0700906344412,8.523265429638447e-09,-8.325713911783161e-05
2024-11-12 12:58:00+00:00,598.02,598.0,598.03,102,430,598.0057518796992,1.615668525297739e-08,-5.357920419890583e-05
2024-11-12 12:59:00+00:00,597.96,597.97,598.0,300,193,597.9882555780933,1.4470330304453373e-08,3.9223091764295503e-05
2024-11-12 13:00:00+00:00,598.02,597.99,598.04,330,430,598.0117105263158,7.434560973001848e-08,-0.00020038993251536574
2024-11-12 13:01:00+00:00,597.9,597.86,597.92,450,1450,597.8742105263158,3.294471979887942e-08,-0.00023024278138994436
2024-11-12 13:02:00+00:00,597.78,597.75,597.79,53,450,597.7542147117296,3.9358667860541414e-08,8.165831851703054e-05
2024-11-12 13:03:00+00:00,597.78,597.79,597.82,330,430,597.8030263157895,8.458309328480465e-08,5.8641181874818926e-05
2024-11-12 13:04:00+00:00,597.82,597.82,597.86,330,400,597.8380821917809,2.577343045286304e-08,6.671659742929492e-05
2024-11-12 13:05:00+00:00,597.84,597.84,597.88,420,450,597.8593103448276,2.2561729510410116e-08,0.00011211666788035757
2024-11-12 13:06:00+00:00,597.95,597.94,597.99,950,636,597.9699495586382,2.1397113416895752e-08,4.1361235006753816e-05
2024-11-12 13:07:00+00:00,597.96,597.94,597.97,1330,12,597.9697317436662,1.9916610835725263e-08,6.729990231768568e-08
2024-11-12 13:08:00+00:00,597.95,597.96,597.97,300,7,597.9697719869707,1.6681383636205552e-08,0.00018688194185512153
2024-11-12 13:09:00+00:00,598.05,598.07,598.09,1330,100,598.0886013986014,3.502406054811184e-08,-9.729176321626731e-05
2024-11-12 13:10:00+00:00,598.05,598.02,598.03,2,4,598.0233333333333,4.824438602861458e-08,-0.00013723128509235405
2024-11-12 13:11:00+00:00,597.92,597.92,597.95,12,400,597.9208737864077,3.3892822745717603e-08,1.4640496877493803e-05
2024-11-12 13:12:00+00:00,597.95,597.95,597.97,1,530,597.9500376647834,1.6648453650500826e-08,4.934634369591073e-05
2024-11-12 13:13:00+00:00,597.97,597.96,597.98,330,8,597.9795266272189,3.680446973143907e-08,0.00016716383725046136
2024-11-12 13:14:00+00:00,598.09,598.07,598.1,37,80,598.0794871794872,3.698490576845033e-08,-4.641320262677162e-05
2024-11-12 13:15:00+00:00,598.05,598.05,598.09,42,430,598.0535593220338,2.4903463368140643e-08,6.796007430143192e-07
2024-11-12 13:16:00+00:00,598.09,598.05,598.11,38,1030,598.0521348314608,2.9697940269823123e-08,-7.411591883066393e-05
2024-11-12 13:17:00+00:00,597.99,597.97,598.03,1450,851,598.0078096479791,2.800607510313789e-08,0.00015327136322218493
2024-11-12 13:18:00+00:00,598.13,598.09,598.13,334,430,598.1074869109948,2.994088990115823e-08,0.0001885140865645063
2024-11-12 13:19:00+00:00,598.21,598.2,598.22,8,351,598.2004456824513,1.8656442095913392e-08,-4.02791297009486e-05
2024-11-12 13:20:00+00:00,598.18,598.18,598.19,80,13,598.1886021505377,9.140453297144586e-08,0.00012968599283680327
2024-11-12 13:21:00+00:00,598.28,598.26,598.29,430,18,598.2887946428572,9.65560372108341e-08,0.00020952928441442253
2024-11-12 13:22:00+00:00,598.41,598.33,598.4,1450,450,598.3834210526315,3.14138695156809e-08,3.7740758251691986e-05
2024-11-12 13:23:00+00:00,598.41,598.38,598.43,361,450,598.4022564734895,3.8131487237232884e-08,-4.379947532284767e-05
2024-11-12 13:24:00+00:00,598.38,598.36,598.38,350,11,598.3793905817174,3.271444243251081e-08,-0.00017674083553120834
2024-11-12 13:25:00+00:00,598.27,598.26,598.29,650,250,598.2816666666666,2.665624213693172e-08,-5.8337005341857484e-05
2024-11-12 13:26:00+00:00,598.2,598.2,598.24,161,450,598.2105400981997,2.9287445448718244e-08,4.1550374662024936e-05
2024-11-12 13:27:00+00:00,598.27,598.27,598.32,54,1700,598.2715393386545,3.434118481932045e-08,7.072721746226307e-05
2024-11-12 13:28:00+00:00,598.3,598.29,598.32,450,114,598.3139361702127,1.5588987726104946e-08,-1.2329698477309137e-05
2024-11-12 13:29:00+00:00,598.32,598.3,598.32,161,75,598.3136440677966,5.5057419827573245e-08,-0.00012765041659534848
2024-11-12 13:30:00+00:00,598.23,598.23,598.26,9,1450,598.230185058259,1.561490152814118e-08,-8.343742799254983e-05
2024-11-12 13:31:00+00:00,598.18,598.18,598.2,455,53,598.1979133858267,1.8679145800643422e-08,-1.412966771430213e-05
2024-11-12 13:32:00+00:00,598.18,598.17,598.18,2,9,598.1718181818181,3.690203115032826e-08,0.00021141710903771482
2024-11-12 13:33:00+00:00,598.29,598.29,598.33,470,1800,598.298281938326,3.9009519233571835e-08,0.0002863917488591383
2024-11-12 13:34:00+00:00,598.45,598.44,598.48,460,161,598.4696296296297,2.452167039047282e-08,2.8633933411015278e-06
2024-11-12 13:35:00+00:00,598.48,598.47,598.48,9,58,598.4713432835821,9.071508862160203e-09,-3.4344418601950366e-05
2024-11-12 13:36:00+00:00,598.46,598.45,598.48,61,1958,598.4509063893017,1.5349092811978995e-08,4.864536463244917e-05
2024-11-12 13:37:00+00:00,598.47,598.46,598.47,804,5,598.4699381953028,1.16164635273189e-08,-0.00020448527801786298
2024-11-12 13:38:00+00:00,598.35,598.35,598.36,455,4,598.3599128540305,1.7968360727695787e-08,3.1201772165978525e-05
2024-11-12 13:39:00+00:00,598.41,598.39,598.4,400,500,598.3944444444444,2.6869641512097703e-08,-4.714276767736614e-06
2024-11-12 13:40:00+00:00,598.37,598.36,598.39,41,51,598.3733695652173,2.2981177485754942e-08,-0.0002117455505126209
2024-11-12 13:41:00+00:00,598.25,598.23,598.28,400,800,598.2466666666667,2.4171927947523295e-08,4.8401822474897216e-05
2024-11-12 13:42:00+00:00,598.25,598.26,598.28,232,15,598.2787854251012,2.2026155453987982e-08,5.984812757775515e-05
2024-11-12 13:43:00+00:00,598.34,598.3,598.34,400,498,598.3178173719375,1.7460275215334936e-08,1.3040362309091336e-05
2024-11-12 13:44:00+00:00,598.34,598.3,598.35,500,800,598.3192307692308,1.3216173195912111e-08,1.46408855017377e-06
2024-11-12 13:45:00+00:00,598.34,598.32,598.35,2,560,598.3201067615659,2.5601025354667012e-08,0.0001791882900199493
2024-11-12 13:46:00+00:00,598.43,598.43,598.45,2,866,598.4300460829493,1.1486970241609522e-08,0.00010235613962539247
2024-11-12 13:47:00+00:00,598.49,598.48,598.49,54,9,598.4885714285714,1.0808402329937707e-08,0.00018577451336332373
2024-11-12 13:48:00+00:00,598.65,598.6,598.64,350,600,598.6147368421052,3.990246297491182e-08,0.00011734827435194717
2024-11-12 13:49:00+00:00,598.64,598.65,598.69,500,550,598.6690476190477,2.7753572515028458e-08,-3.5882007585974485e-05
2024-11-12 13:50:00+00:00,598.65,598.64,598.65,1150,200,598.6485185185185,2.1720672733726082e-08,1.9371005943513708e-05
2024-11-12 13:51:00+00:00,598.69,598.66,598.67,5,3,598.66625,1.3945594806966331e-08,-2.1331877420482925e-05
2024-11-12 13:52:00+00:00,598.59,598.61,598.65,1400,64,598.6482513661202,1.8255592579741858e-08,0.00011372192846148543
2024-11-12 13:53:00+00:00,598.72,598.69,598.74,404,1051,598.7038831615121,2.233539953991137e-08,-0.0002157419300250485
2024-11-12 13:54:00+00:00,598.61,598.58,598.61,411,1557,598.5862652439024,2.145506960040956e-08,-6.328490551288368e-05
2024-11-12 13:55:00+00:00,598.54,598.52,598.55,410,53,598.5465658747299,1.733235217724304e-08,5.944103697008707e-05
2024-11-12 13:56:00+00:00,598.61,598.58,598.62,100,912,598.58395256917,6.896557083989724e-09,4.052294744916196e-05
2024-11-12 13:57:00+00:00,598.61,598.6,598.61,55,12,598.6082089552239,2.1762492495675642e-08,8.838911155883977e-06
2024-11-12 13:58:00+00:00,598.61,598.59,598.62,450,550,598.6035,2.30881064139891e-08,-1.9341309835052556e-05
2024-11-12 13:59:00+00:00,598.61,598.6,598.64,53,1050,598.6019220308251,1.70644461532291e-08,0.0001369130355357573
2024-11-12 14:00:00+00:00,598.68,598.66,598.69,550,141,598.6838784370478,1.7697003883549987e-08,9.523293034696678e-05
2024-11-12 14:01:00+00:00,598.73,598.7,598.74,62,1400,598.7016963064297,4.03554299843664e-08,-0.00028330545806909413
2024-11-12 14:02:00+00:00,598.58,598.57,598.61,61,860,598.5726492942454,2.5813319792801683e-08,-5.5510647456569195e-05
2024-11-12 14:03:00+00:00,598.53,598.56,598.59,25,560,598.561282051282,2.5024362071630432e-08,5.2891799579013465e-05
2024-11-12 14:04:00+00:00,598.56,598.56,598.57,96,3,598.569696969697,8.48953267666189e-09,-3.280708604103122e-05
2024-11-12 14:05:00+00:00,598.56,598.55,598.57,3,1503,598.5500398406374,7.996922984299398e-09,-3.625917059157935e-05
2024-11-12 14:06:00+00:00,598.53,598.51,598.53,158,91,598.5226907630522,1.862400922499591e-08,-1.7152797413544363e-05
2024-11-12 14:07:00+00:00,598.52,598.49,598.53,59,1050,598.4921280432823,2.1505594832386458e-08,-2.4677306663445364e-05
2024-11-12 14:08:00+00:00,598.5,598.5,598.54,86,950,598.5033204633204,1.3136313914547902e-08,-2.075962815051291e-05
2024-11-12 14:09:00+00:00,598.53,598.49,598.55,907,550,598.5273507206589,3.8785108253243e-08,-4.326842250113039e-05
2024-11-12 14:10:00+00:00,598.5,598.43,598.49,1800,1500,598.4627272727273,1.3727073056276961e-08,-5.8466259497347295e-05
2024-11-12 14:11:00+00:00,598.42,598.42,598.45,51,1050,598.4213896457766,2.222141858860989e-08,-2.9400067399154572e-05
2024-11-12 14:12:00+00:00,598.45,598.39,598.42,858,950,598.4042367256636,1.256376516266762e-08,-0.00015371673010078357
2024-11-12 14:13:00+00:00,598.33,598.34,598.35,5,550,598.3400900900901,1.4983593871087713e-08,8.061041994755769e-05
2024-11-12 14:14:00+00:00,598.38,598.36,598.4,152,550,598.368660968661,5.20523536701403e-09,-1.1330868852854614e-05
2024-11-12 14:15:00+00:00,598.37,598.36,598.38,109,1050,598.3618809318378,1.140940952648476e-08,5.861825301622936e-05
2024-11-12 14:16:00+00:00,598.4,598.38,598.4,557,100,598.3969558599696,1.0519078568034833e-08,-0.0001750817061211274
2024-11-12 14:17:00+00:00,598.29,598.28,598.3,100,100,598.29,1.3413045255177042e-08,-3.5780775018090516e-05
2024-11-12 14:18:00+00:00,598.28,598.27,598.28,11,130,598.2707801418439,1.8141758735473292e-08,-1.563099975088189e-05
2024-11-12 14:19:00+00:00,598.27,598.23,598.27,550,150,598.2614285714286,1.7575691451623203e-08,1.825862081328289e-05
2024-11-12 14:20:00+00:00,598.27,598.27,598.3,48,1652,598.2708470588235,4.48193092905124e-09,4.8319973511956604e-05
2024-11-12 14:21:00+00:00,598.31,598.3,598.31,15,104,598.3012605042017,9.328776060821338e-09,5.9379384563129634e-05
2024-11-12 14:22:00+00:00,598.32,598.32,598.34,80,111,598.3283769633508,3.00998224824857e-08,0.0002230460176375626
2024-11-12 14:23:00+00:00,598.47,598.43,598.47,530,125,598.4623664122138,1.7994837067294072e-08,-0.0001448618644380728
2024-11-12 14:24:00+00:00,598.37,598.37,598.39,207,600,598.3751301115242,7.649073729031002e-09,-7.176903758165931e-05
2024-11-12 14:25:00+00:00,598.33,598.33,598.35,677,200,598.3454389965793,3.4738562725272924e-08,-2.1504685798978684e-05
2024-11-12 14:26:00+00:00,598.33,598.32,598.34,2050,600,598.3354716981132,2.415653082650782e-08,6.407120582574422e-05
2024-11-12 14:27:00+00:00,598.37,598.36,598.37,1050,100,598.3691304347826,3.6996452274106646e-08,0.0002587013937409566
2024-11-12 14:28:00+00:00,598.51,598.47,598.56,1300,1000,598.5208695652174,4.229699786132607e-08,0.00033733621230624955
2024-11-12 14:29:00+00:00,598.72,598.72,598.73,352,900,598.7228115015974,3.8725175878542656e-08,-6.30881771808145e-05
2024-11-12 14:30:00+00:00,598.67,598.67,598.7,400,500,598.6833333333333,1.9239075837585463e-07,0.00022387776220322841
2024-11-12 14:31:00+00:00,598.81,598.77,598.8,800,500,598.7884615384615,1.2328693308361425e-07,-0.0005651646413997735
2024-11-12 14:32:00+00:00,598.49,598.47,598.49,541,120,598.4863691376703,9.22559829380829e-08,-0.00012039472253233541
2024-11-12 14:33:00+00:00,598.42,598.42,598.44,100,500,598.4233333333333,1.0769860372085173e-07,0.0002694730422170277
2024-11-12 14:34:00+00:00,598.56,598.54,598.57,500,9,598.5694695481336,6.40774827002764e-08,0.00023449554882959411
2024-11-12 14:35:00+00:00,598.69,598.68,598.71,307,1220,598.6860314341847,7.619172128577677e-08,0.000545166250365714
2024-11-12 14:36:00+00:00,599.01,599.0,599.02,195,130,599.012,6.841537873931336e-08,0.00018751506458825062
2024-11-12 14:37:00+00:00,599.11,599.1,599.11,131,3,599.109776119403,6.205083342053258e-08,-0.00014201848655914784
2024-11-12 14:38:00+00:00,599.09,599.08,599.09,200,53,599.0879051383399,6.03980204210569e-08,0.00032989791972393157
2024-11-12 14:39:00+00:00,599.27,599.27,599.28,4,1700,599.2700234741784,4.2136207568249156e-08,-0.0003710194778725473
2024-11-12 14:40:00+00:00,599.04,599.03,599.06,1450,170,599.0568518518518,2.8378382299764186e-08,0.00023277531672549756
2024-11-12 14:41:00+00:00,599.18,599.18,599.19,8,100,599.1807407407406,5.397158640527385e-08,-0.0001478822923577372
2024-11-12 14:42:00+00:00,599.1,599.09,599.11,800,140,599.1070212765957,5.95060888975082e-08,-0.00017122145440262582
2024-11-12 14:43:00+00:00,598.98,598.97,599.0,752,1436,598.980310786106,6.205490364672592e-08,7.146540755909037e-05
2024-11-12 14:44:00+00:00,599.03,599.03,599.05,6,1100,599.0301084990958,4.218675038831216e-08,3.2964342343788644e-05
2024-11-12 14:45:00+00:00,599.03,599.03,599.05,150,1014,599.0325773195875,5.4204415438877195e-08,-0.00026904585551679183
2024-11-12 14:46:00+00:00,598.9,598.89,598.91,100,204,598.8965789473684,5.3471329551722744e-08,-0.00012905264541585026
2024-11-12 14:47:00+00:00,598.82,598.81,598.84,250,1100,598.8155555555554,5.145042038554669e-08,2.8931494498563026e-05
2024-11-12 14:48:00+00:00,598.83,598.83,598.84,209,100,598.8367637540454,3.086721667590137e-08,6.557249531402576e-05
2024-11-12 14:49:00+00:00,598.86,598.88,598.89,100,4,598.8896153846154,1.9312709961866324e-08,7.016194644471341e-05
2024-11-12 14:50:00+00:00,598.92,598.91,598.93,211,200,598.9202676399026,3.9456981753700284e-08,1.4634576299688007e-06
2024-11-12 14:51:00+00:00,598.92,598.91,598.93,100,1759,598.9110758472297,2.4605784318915253e-08,7.651704108724289e-05
2024-11-12 14:52:00+00:00,598.94,598.94,598.96,409,100,598.9560707269155,2.7260311921075105e-08,8.404873005773972e-05
2024-11-12 14:53:00+00:00,599.02,599.0,599.01,480,500,599.0048979591837,2.965885543827338e-08,-2.8343307293399178e-05
2024-11-12 14:54:00+00:00,598.99,598.99,599.02,136,20,599.0161538461539,3.807918062331605e-08,-0.00016749485494493843
2024-11-12 14:55:00+00:00,598.88,598.88,598.91,2056,1353,598.8980932824876,4.0282743879303074e-08,2.5274954318144083e-05
2024-11-12 14:56:00+00:00,598.9,598.88,598.91,550,548,598.8950273224044,3.072552492825489e-08,0.0001544225367160479
2024-11-12 14:57:00+00:00,599.0,598.99,599.01,264,300,598.9993617021277,2.657164032737394e-08,7.834607546053363e-05
2024-11-12 14:58:00+00:00,599.05,599.05,599.07,1,802,599.0500249066002,5.4552120087328484e-08,-0.00041509081717794327
2024-11-12 14:59:00+00:00,598.78,598.76,598.78,629,282,598.7738090010977,5.093195661097886e-08,0.00013217491446315677
2024-11-12 15:00:00+00:00,598.94,598.94,598.95,100,800,598.9411111111112,7.650700894456988e-08,0.00013914860948749386
2024-11-12 15:01:00+00:00,598.97,598.96,598.98,600,670,598.9694488188976,3.9206109077945744e-08,-0.00023082260951357014
2024-11-12 15:02:00+00:00,598.83,598.81,598.83,900,103,598.8279461615153,4.485927236875575e-08,-0.00038576190535155597
2024-11-12 15:03:00+00:00,598.59,598.59,598.6,100,9,598.5991743119266,1.0758850900180076e-07,-0.0006123605825598677
2024-11-12 15:04:00+00:00,598.25,598.24,598.25,300,948,598.2424038461538,7.471396444704952e-08,-0.0001647402304501
2024-11-12 15:05:00+00:00,598.12,598.11,598.13,1202,102,598.128435582822,6.791230501294828e-08,-5.654309148217518e-05
2024-11-12 15:06:00+00:00,598.08,598.07,598.09,1130,104,598.0883144246354,7.881002121711631e-08,-0.0003130876908201685
2024-11-12 15:07:00+00:00,597.92,597.91,597.92,100,200,597.9133333333333,8.696559413853867e-08,-9.654960597105244e-05
2024-11-12 15:08:00+00:00,597.84,597.83,597.85,1,503,597.8300396825397,5.3478655062985355e-08,0.0004099525892611311
2024-11-12 15:09:00+00:00,598.09,598.08,598.1,1100,1125,598.0898876404494,4.7879563507763475e-08,5.837230037308849e-05
2024-11-12 15:10:00+00:00,598.12,598.11,598.12,1,100,598.110099009901,4.8021881481369456e-08,0.0005714756616530536
2024-11-12 15:11:00+00:00,598.46,598.45,598.47,3,201,598.4502941176471,6.99081456340715e-08,0.00014044704167393007
2024-11-12 15:12:00+00:00,598.56,598.54,598.56,1100,119,598.5580475799835,3.512909959333839e-08,-3.0316028674648443e-05
2024-11-12 15:13:00+00:00,598.52,598.51,598.53,100,1096,598.5116722408027,5.29315879302449e-08,-0.0006025235850022348
2024-11-12 15:14:00+00:00,598.17,598.15,598.17,630,126,598.1666666666666,4.6292872347740015e-08,0.0002469404979024148
2024-11-12 15:15:00+00:00,598.3,598.31,598.32,234,2,598.3199152542373,5.4962706043684897e-08,-0.00016368170036751284
2024-11-12 15:16:00+00:00,598.23,598.21,598.22,200,600,598.2125,5.765980095948041e-08,2.956367485973388e-05
2024-11-12 15:17:00+00:00,598.23,598.21,598.23,324,28,598.2284090909092,3.6895643195350134e-08,-0.00031432292013156005
2024-11-12 15:18:00+00:00,598.05,598.02,598.03,903,100,598.0290029910269,6.216540861671667e-08,-5.0668757059613156e-05
2024-11-12 15:19:00+00:00,598.01,598.0,598.03,725,350,598.0202325581396,4.218888694520907e-08,-2.771340072560413e-05
2024-11-12 15:20:00+00:00,598.03,598.02,598.05,930,250,598.0436440677967,4.87198943698464e-08,0.00010911666795254682
2024-11-12 15:21:00+00:00,598.06,598.05,598.07,602,336,598.0628358208954,4.9072953606041916e-08,-0.00012297029879493326
2024-11-12 15:22:00+00:00,597.98,597.98,598.0,130,102,597.9912068965517,2.5961491571491122e-08,4.358350217725793e-05
2024-11-12 15:23:00+00:00,598.02,598.01,598.03,332,130,598.0243722943724,4.086248930644381e-08,7.754386690872472e-05
2024-11-12 15:24:00+00:00,598.09,598.07,598.09,520,4,598.0898473282443,2.9142116581471404e-08,5.3796342458500845e-06
2024-11-12 15:25:00+00:00,598.1,598.07,598.09,230,476,598.0765155807366,3.6942652446928706e-08,-3.7103352423351055e-05
2024-11-12 15:26:00+00:00,598.06,598.04,598.05,103,202,598.0433770491803,4.882187762863394e-08,8.008328667630238e-05
2024-11-12 15:27:00+00:00,598.08,598.08,598.1,530,100,598.0968253968254,2.147776040659295e-08,0.00022634028549783913
2024-11-12 15:28:00+00:00,598.23,598.22,598.24,1030,100,598.2382300884956,6.418129339837724e-08,-0.0004502326927570133
2024-11-12 15:29:00+00:00,597.97,597.95,597.98,750,873,597.9638632162662,3.075931950658503e-08,-3.1327709238748724e-05
2024-11-12 15:30:00+00:00,597.94,597.95,597.97,700,133,597.9668067226891,5.180553519219198e-08,-0.00021259683101515492
2024-11-12 15:31:00+00:00,597.82,597.81,597.83,100,100,597.82,3.9637122533502695e-08,0.00036013612662832983
2024-11-12 15:32:00+00:00,598.03,598.02,598.04,100,1200,598.0215384615385,2.3248517467107985e-08,-0.0001557584661001643
2024-11-12 15:33:00+00:00,597.93,597.91,597.93,355,155,597.9239215686274,4.094698461046566e-08,-8.039876937315782e-06
2024-11-12 15:34:00+00:00,597.94,597.95,597.96,653,5,597.959924012158,2.0978061234984093e-08,0.00039291174266042894
2024-11-12 15:35:00+00:00,598.18,598.16,598.18,200,1213,598.162830856334,2.2601145775509103e-08,-3.3453538898609025e-05
2024-11-12 15:36:00+00:00,598.14,598.12,598.15,408,1100,598.1281167108752,5.5232206006039796e-08,-0.00022655218449241232
2024-11-12 15:37:00+00:00,598.03,598.01,598.03,150,200,598.0185714285715,4.362708821683504e-08,0.0004782726021275163
2024-11-12 15:38:00+00:00,598.32,598.31,598.32,16,2300,598.3100690846286,1.5039573316132893e-08,2.589002838404575e-05
2024-11-12 15:39:00+00:00,598.33,598.32,598.33,192,92,598.3267605633804,5.749100174555018e-08,-0.0004937456747740043
2024-11-12 15:40:00+00:00,598.02,598.0,598.03,715,1420,598.0100468384074,5.400675109059207e-08,-7.789984313499865e-06
2024-11-12 15:41:00+00:00,598.05,598.05,598.07,592,680,598.0593081761006,3.518875004705418e-08,7.98415020659693e-05
2024-11-12 15:42:00+00:00,598.08,598.06,598.08,150,560,598.0642253521127,3.150088750701794e-08,-0.00010467906570155172
2024-11-12 15:43:00+00:00,597.97,597.96,597.97,36,262,597.9612080536914,3.936811371313327e-08,-0.00028767992015976684
2024-11-12 15:44:00+00:00,597.82,597.82,597.83,1000,106,597.8290415913201,4.8206620367140886e-08,-0.0003619820870606194
2024-11-12 15:45:00+00:00,597.57,597.56,597.58,610,400,597.5720792079209,7.172256419331242e-08,6.207114336009845e-05
2024-11-12 15:46:00+00:00,597.69,597.66,597.69,551,1409,597.6684336734693,4.889257903586766e-08,0.00027982322115338576
2024-11-12 15:47:00+00:00,597.83,597.8,597.82,95,260,597.805352112676,2.8311396351512732e-08,-0.00039174321469082063
2024-11-12 15:48:00+00:00,597.59,597.58,597.6,75,100,597.5885714285714,3.6183938121298826e-08,0.0003009924487418214
2024-11-12 15:49:00+00:00,597.77,597.76,597.78,647,501,597.7712717770034,2.680417838923916e-08,-6.821088044062229e-05
2024-11-12 15:50:00+00:00,597.73,597.73,597.74,200,100,597.7366666666667,2.9112874507822646e-08,8.128901946746758e-05
2024-11-12 15:51:00+00:00,597.76,597.75,597.76,120,1600,597.7506976744186,2.8328032076785212e-08,-0.00010700762856319379
2024-11-12 15:52:00+00:00,597.72,597.71,597.74,360,1560,597.715625,2.875038197200207e-08,2.435015411395014e-05
2024-11-12 15:53:00+00:00,597.74,597.72,597.73,200,1500,597.7211764705883,4.9760212845924265e-08,-0.0003076889385881243
2024-11-12 15:54:00+00:00,597.52,597.52,597.54,238,103,597.5339589442815,4.2654411187936416e-08,-0.00012321894715827675
2024-11-12 15:55:00+00:00,597.44,597.45,597.47,500,370,597.4614942528735,5.926833874215176e-08,0.00011474967536462266
2024-11-12 15:56:00+00:00,597.54,597.53,597.55,1272,37,597.549434682964,4.9079383337042726e-08,-0.00023797064511699162
2024-11-12 15:57:00+00:00,597.39,597.38,597.4,100,1000,597.3818181818182,8.652968599173586e-08,7.779585292677638e-05
2024-11-12 15:58:00+00:00,597.43,597.41,597.43,226,700,597.4148812095032,5.192346660578621e-08,-0.00011119947773852168
2024-11-12 15:59:00+00:00,597.34,597.33,597.36,820,1500,597.3406034482759,3.025554821226831e-08,-0.0002251190105332368
2024-11-12 16:00:00+00:00,597.23,597.22,597.24,201,2820,597.2213306852036,5.672374696128365e-08,0.00025840661834952705
2024-11-12 16:01:00+00:00,597.39,597.38,597.4,600,100,597.3971428571429,6.708335525631722e-08,-0.00017398642102683937
2024-11-12 16:02:00+00:00,597.28,597.28,597.3,100,8,597.2985185185184,3.8379606850430784e-08,0.00012868041955726994
2024-11-12 16:03:00+00:00,597.37,597.36,597.38,200,705,597.3644198895029,5.6946559237562026e-08,1.3592976294107828e-05
2024-11-12 16:04:00+00:00,597.37,597.37,597.38,203,2,597.3799024390244,3.433017800456434e-08,0.00016152251022782949
2024-11-12 16:05:00+00:00,597.48,597.45,597.47,182,183,597.4599726027398,3.996035503557133e-08,-0.00021351743576503157
2024-11-12 16:06:00+00:00,597.34,597.32,597.35,540,800,597.3320895522388,3.003351281340105e-08,8.070364581747036e-05
2024-11-12 16:07:00+00:00,597.4,597.39,597.4,100,204,597.3932894736841,2.8504490539703678e-08,-0.0001582190114859383
2024-11-12 16:08:00+00:00,597.29,597.29,597.31,200,930,597.2935398230088,4.904287476083481e-08,3.405975584924725e-05
2024-11-12 16:09:00+00:00,597.33,597.3,597.32,562,104,597.3168768768769,3.098928807685097e-08,-0.00023174701044692547
2024-11-12 16:10:00+00:00,597.17,597.16,597.18,300,583,597.1667950169874,4.0594328523677125e-08,6.39420044159511e-05
2024-11-12 16:11:00+00:00,597.21,597.21,597.22,200,82,597.2170921985816,2.463526281847093e-08,3.5741224833518714e-05
2024-11-12 16:12:00+00:00,597.27,597.27,597.29,200,500,597.2757142857142,3.680393943508014e-08,-8.922805145483714e-05
2024-11-12 16:13:00+00:00,597.18,597.17,597.19,834,100,597.1878586723768,3.5024104528624074e-08,0.00011856120730469044
2024-11-12 16:14:00+00:00,597.25,597.24,597.26,500,500,597.25,3.611473003431184e-08,-0.00017763401021830827
2024-11-12 16:15:00+00:00,597.15,597.14,597.16,666,487,597.1515524718127,3.390739182340626e-08,1.3812107156008224e-05
2024-11-12 16:16:00+00:00,597.17,597.15,597.17,300,1089,597.1543196544276,2.2097172215616394e-08,4.844725198793753e-06
2024-11-12 16:17:00+00:00,597.16,597.14,597.16,923,197,597.156482142857,3.673964311723587e-08,0.00016343450917166713
2024-11-12 16:18:00+00:00,597.24,597.26,597.27,2,1055,597.260018921476,2.3809682033820335e-08,2.5200927997515166e-05
2024-11-12 16:19:00+00:00,597.25,597.23,597.26,530,430,597.2465625,3.891077084569313e-08,0.0004182554983658271
2024-11-12 16:20:00+00:00,597.52,597.51,597.52,136,674,597.5116790123457,4.447507774410513e-08,-8.9777722759532e-05
2024-11-12 16:21:00+00:00,597.43,597.42,597.44,1050,300,597.4355555555555,3.36947570090964e-08,-0.0001960481835373562
2024-11-12 16:22:00+00:00,597.37,597.35,597.36,300,100,597.3575,4.239952166002179e-08,-0.00015623344657511584
2024-11-12 16:23:00+00:00,597.26,597.25,597.26,3,271,597.250109489051,2.4147216652378837e-08,-0.0002305941094231656
2024-11-12 16:24:00+00:00,597.11,597.1,597.11,100,137,597.1042194092828,1.6537073502077937e-08,-0.0001161983780355591
2024-11-12 16:25:00+00:00,597.04,597.04,597.05,500,182,597.0473313782992,3.3923472478790075e-08,-3.7890602655465955e-07
2024-11-12 16:26:00+00:00,597.05,597.04,597.05,500,273,597.046468305304,3.266746330355204e-08,0.00035426132173888014
2024-11-12 16:27:00+00:00,597.25,597.26,597.27,5,767,597.2600647668394,2.6391973087982084e-08,-0.00014851709809660107
2024-11-12 16:28:00+00:00,597.17,597.18,597.2,1200,271,597.1963154316792,1.5983352714548413e-08,1.3638462024623266e-05
2024-11-12 16:29:00+00:00,597.18,597.18,597.19,1,469,597.1800212765958,1.1996561390586477e-08,6.704830221915259e-06
2024-11-12 16:30:00+00:00,597.18,597.17,597.19,957,400,597.184104642594,2.4400379625918452e-08,6.135591619260694e-05
2024-11-12 16:31:00+00:00,597.21,597.18,597.21,350,1179,597.1868672334859,3.007224826756518e-08,-4.422278076077202e-05
2024-11-12 16:32:00+00:00,597.19,597.17,597.2,503,966,597.1802722940777,1.3142713534266247e-08,-0.00022322427710586012
2024-11-12 16:33:00+00:00,597.06,597.06,597.08,23,965,597.0604655870444,1.0924075293585062e-08,6.328127754007262e-05
2024-11-12 16:34:00+00:00,597.1,597.1,597.12,1500,100,597.11875,2.800622423295674e-08,3.29030985533052e-05
2024-11-12 16:35:00+00:00,597.1,597.09,597.11,500,300,597.1025,2.6250811905147554e-08,0.0003219151694189293
2024-11-12 16:36:00+00:00,597.31,597.31,597.32,117,844,597.3112174817898,4.4018563553713135e-08,-8.831107594930998e-05
2024-11-12 16:37:00+00:00,597.26,597.25,597.27,100,300,597.255,7.56810959109228e-08,-0.0007490937600929115
2024-11-12 16:38:00+00:00,596.81,596.8,596.82,730,3,596.8199181446113,1.2217126248810068e-07,-0.00016214109788270648
2024-11-12 16:39:00+00:00,596.68,596.67,596.7,650,950,596.6821875,8.644854963765699e-08,-0.0002980601803203031
2024-11-12 16:40:00+00:00,596.55,596.53,596.55,400,650,596.537619047619,7.537064810968355e-08,0.0002260090859760311
2024-11-12 16:41:00+00:00,596.67,596.66,596.68,300,730,596.6658252427184,4.339517517286071e-08,-5.636183053159272e-06
2024-11-12 16:42:00+00:00,596.69,596.67,596.7,650,816,596.6833015006821,3.7838902251802984e-08,-9.623692783311544e-05
2024-11-12 16:43:00+00:00,596.61,596.6,596.61,501,100,596.6083361064891,3.0255529410437e-08,-0.00016042094926582706
2024-11-12 16:44:00+00:00,596.51,596.5,596.51,38,200,596.5015966386554,4.9337788542834915e-08,0.00015317344799758992
2024-11-12 16:45:00+00:00,596.59,596.58,596.6,844,550,596.5921090387375,4.582204999641555e-08,0.00018285593799638455
2024-11-12 16:46:00+00:00,596.72,596.71,596.73,200,300,596.718,3.5011088440043354e-08,-0.0003176439039155321
2024-11-12 16:47:00+00:00,596.52,596.51,596.53,403,350,596.5207038512616,3.311942179937986e-08,-0.00010927991193876441
2024-11-12 16:48:00+00:00,596.46,596.45,596.48,823,530,596.4682483370289,5.0904277800471496e-08,-3.0155281603994055e-05
2024-11-12 16:49:00+00:00,596.44,596.4,596.42,850,200,596.4161904761904,3.9949132340502115e-08,-0.00017210490639318898
2024-11-12 16:50:00+00:00,596.35,596.33,596.35,150,450,596.335,7.804896585040989e-08,0.0006525412196527469
2024-11-12 16:51:00+00:00,596.72,596.7,596.73,1264,850,596.7179375591296,6.31445762089887e-08,0.00047944155881340933
2024-11-12 16:52:00+00:00,597.03,597.0,597.02,200,350,597.0072727272727,8.089719686729151e-08,0.00011878028093970094
2024-11-12 16:53:00+00:00,597.09,597.08,597.1,150,223,597.0880428954423,6.392065547377593e-08,0.00016135176827569708
2024-11-12 16:54:00+00:00,597.19,597.18,597.19,100,400,597.182,3.711181538057269e-08,-0.00015781094536948537
2024-11-12 16:55:00+00:00,597.07,597.06,597.09,208,1450,597.0637635705668,3.364457558769903e-08,-0.00024538367056858856
2024-11-12 16:56:00+00:00,596.96,596.94,596.95,113,500,596.9418433931484,3.25946169986652e-08,-0.00011622585957138387
2024-11-12 16:57:00+00:00,596.87,596.85,596.86,200,100,596.8566666666667,1.0198625635435402e-07,-0.0005615681214128365
2024-11-12 16:58:00+00:00,596.5,596.51,596.54,1050,454,596.5309441489362,4.312779659581851e-08,-6.934983086437363e-05
2024-11-12 16:59:00+00:00,596.5,596.49,596.5,1600,20,596.4998765432099,3.5858355832646364e-08,-8.696082495496249e-05
2024-11-12 17:00:00+00:00,596.45,596.43,596.45,200,231,596.4392807424595,7.348489203320648e-08,-0.00016879039883355151
2024-11-12 17:01:00+00:00,596.37,596.35,596.37,500,350,596.3617647058824,2.8870371249528785e-08,0.00016566806362683373
2024-11-12 17:02:00+00:00,596.45,596.43,596.44,117,230,596.4333717579251,1.7825661117729164e-08,-0.00014698830992121437
2024-11-12 17:03:00+00:00,596.35,596.33,596.35,500,250,596.3433333333334,1.9227786969208986e-08,5.379922060999576e-05
2024-11-12 17:04:00+00:00,596.37,596.37,596.39,549,592,596.3796231375985,5.4567059458824947e-08,0.0004950958759826207
2024-11-12 17:05:00+00:00,596.69,596.67,596.69,850,100,596.687894736842,4.500727105348299e-08,-0.00010850350786606455
2024-11-12 17:06:00+00:00,596.61,596.6,596.62,200,2,596.619801980198,4.34845003404041e-08,-7.953379567993135e-05
2024-11-12 17:07:00+00:00,596.56,596.53,596.55,200,130,596.5421212121211,2.4432122057882277e-08,-3.6972694248627036e-05
2024-11-12 17:08:00+00:00,596.54,596.53,596.55,631,100,596.5472640218878,2.514213035981908e-08,-5.158337824839876e-05
2024-11-12 17:09:00+00:00,596.52,596.51,596.53,2,800,596.5100498753117,2.26678509773963e-08,4.118986694168214e-05
2024-11-12 17:10:00+00:00,596.54,596.54,596.55,2,200,596.540099009901,2.4270984153003817e-08,8.093927990948657e-05
2024-11-12 17:11:00+00:00,596.59,596.61,596.64,350,600,596.6210526315789,3.70602533419918e-08,-6.148136700012685e-05
2024-11-12 17:12:00+00:00,596.55,596.53,596.55,150,250,596.5375,3.377408055481255e-08,-0.0004314771320613753
2024-11-12 17:13:00+00:00,596.28,596.28,596.31,868,151,596.3055544651619,2.4236398757094222e-08,-4.956821137669376e-05
2024-11-12 17:14:00+00:00,596.26,596.26,596.27,300,100,596.2675,2.2672498921401807e-08,0.00021483297881608188
2024-11-12 17:15:00+00:00,596.38,596.38,596.41,730,1048,596.3923172103488,3.39139245479386e-08,-4.917401721671322e-05
2024-11-12 17:16:00+00:00,596.37,596.36,596.38,294,218,596.371484375,2.6506950172867428e-08,-6.074529565469611e-06
2024-11-12 17:17:00+00:00,596.37,596.35,596.37,10,901,596.3502195389681,1.6106767880413505e-08,-0.00010869516396361245
2024-11-12 17:18:00+00:00,596.3,596.29,596.3,200,700,596.2922222222222,2.1119148607375308e-08,-3.9718948718903135e-06
2024-11-12 17:19:00+00:00,596.29,596.29,596.3,300,844,596.2926223776224,1.139591621687376e-08,1.4752810977736175e-05
2024-11-12 17:20:00+00:00,596.3,596.29,596.31,620,100,596.3072222222222,1.1061012866049864e-08,-0.00024220066606328583
2024-11-12 17:21:00+00:00,596.12,596.12,596.15,670,1318,596.1301106639839,3.7054597128514006e-08,-0.00011478945852694267
2024-11-12 17:22:00+00:00,596.08,596.08,596.09,1100,200,596.0884615384615,2.557937508199076e-08,-4.750400455777459e-06
2024-11-12 17:23:00+00:00,596.08,596.06,596.08,623,274,596.0738907469342,2.15730518908782e-08,5.18833037821409e-05
2024-11-12 17:24:00+00:00,596.12,596.11,596.12,101,201,596.113344370861,2.7187675946771352e-08,6.150921240233309e-05
2024-11-12 17:25:00+00:00,596.16,596.15,596.17,1100,800,596.1615789473684,4.2190714158793444e-08,0.0001230108585039691
2024-11-12 17:26:00+00:00,596.23,596.22,596.25,2000,370,596.2453164556962,6.260136299663291e-08,0.0003821329212121416
2024-11-12 17:27:00+00:00,596.46,596.45,596.47,150,425,596.4552173913044,4.777524539013035e-08,0.0001787870689766713
2024-11-12 17:28:00+00:00,596.57,596.56,596.57,100,100,596.565,2.913454611942844e-08,-0.00029744516405472154
2024-11-12 17:29:00+00:00,596.4,596.39,596.4,100,90,596.3952631578948,2.794434831582289e-08,0.000192024946704894
2024-11-12 17:30:00+00:00,596.51,596.49,596.51,200,630,596.4948192771085,2.0712847598687293e-08,-0.00013073503218696825
2024-11-12 17:31:00+00:00,596.42,596.41,596.43,129,500,596.4141017488076,4.2668892784265544e-08,5.08907466001407e-05
2024-11-12 17:32:00+00:00,596.44,596.43,596.46,850,1050,596.4434210526316,1.979235783774018e-08,-0.0001958169446883984
2024-11-12 17:33:00+00:00,596.34,596.33,596.34,500,1,596.3399800399202,2.4096365314999066e-08,0.00039190617612927525
2024-11-12 17:34:00+00:00,596.57,596.56,596.58,830,408,596.573408723748,2.4039317860205636e-08,-0.00013948846645917
2024-11-12 17:35:00+00:00,596.48,596.47,596.49,1250,600,596.4835135135135,2.78814095040604e-08,8.179077400871648e-05
2024-11-12 17:36:00+00:00,596.54,596.53,596.55,60,901,596.5312486992716,2.2798931467849046e-08,-3.051101717876925e-05
2024-11-12 17:37:00+00:00,596.48,596.46,596.48,890,100,596.4779797979799,3.8188627817210766e-08,-0.000285867087054692
2024-11-12 17:38:00+00:00,596.36,596.34,596.36,250,900,596.344347826087,2.3598478844019155e-08,0.0001492183292601812
2024-11-12 17:39:00+00:00,596.44,596.43,596.45,100,502,596.4333222591362,1.6929889626237446e-08,-6.9859721677500985e-06
2024-11-12 17:40:00+00:00,596.46,596.41,596.43,2,300,596.410132450331,2.5688848770643338e-08,-0.00018012386965726712
2024-11-12 17:41:00+00:00,596.33,596.32,596.33,1221,100,596.329242997729,5.0887740600952534e-08,-2.596842655122611e-05
2024-11-12 17:42:00+00:00,596.31,596.28,596.29,100,104,596.2849019607843,2.3255979663555724e-08,-0.0002492057414733573
2024-11-12 17:43:00+00:00,596.16,596.14,596.16,1200,300,596.156,2.3848788620680395e-08,-0.00011180946543476455
2024-11-12 17:44:00+00:00,596.09,596.07,596.09,200,175,596.0806666666666,2.3825580627268743e-08,6.271816281699927e-05
2024-11-12 17:45:00+00:00,596.12,596.09,596.11,1151,350,596.1053364423717,2.5985721299850423e-08,-0.00020115664517661447
2024-11-12 17:46:00+00:00,595.98,596.01,596.02,300,100,596.0175,2.4062775236923433e-08,1.548764795544777e-05
2024-11-12 17:47:00+00:00,596.02,595.99,596.01,300,500,595.9975,2.1530461258364438e-08,-5.7409485005655014e-05
2024-11-12 17:48:00+00:00,595.99,595.96,595.98,1950,300,595.9773333333334,7.20774581436968e-08,-8.586132723653606e-05
2024-11-12 17:49:00+00:00,595.94,595.93,595.95,710,200,595.9456043956044,1.4192427952051622e-08,-0.0001750254284738073
2024-11-12 17:50:00+00:00,595.84,595.83,595.84,300,100,595.8375,3.978846895420066e-08,-1.5713255872795706e-05
2024-11-12 17:51:00+00:00,595.82,595.81,595.83,634,100,595.8272752043597,3.562921152922967e-08,0.00015103541337002646
2024-11-12 17:52:00+00:00,595.91,595.89,595.91,1157,100,595.9084089101034,2.610485963321176e-08,-0.00021649345065422043
2024-11-12 17:53:00+00:00,595.78,595.77,595.78,850,70,595.7792391304348,6.326028488590585e-09,9.910192708018073e-06
2024-11-12 17:54:00+00:00,595.805,595.8,595.81,1150,517,595.8068986202759,1.4907320674254424e-08,9.476380976836118e-05
2024-11-12 17:55:00+00:00,595.85,595.84,595.85,179,150,595.8454407294834,1.713209715147254e-08,-0.00022793319327318873
2024-11-12 17:56:00+00:00,595.71,595.7,595.71,802,374,595.7068197278912,1.6721227608702175e-07,-0.0009873458835070181
2024-11-12 17:57:00+00:00,595.16,595.15,595.17,793,125,595.1672766884531,1.5820041863767346e-07,-0.00026715876681771
2024-11-12 17:58:00+00:00,594.97,594.97,594.99,150,380,594.9756603773584,2.1811339813731625e-07,-0.0005508934297085988
2024-11-12 17:59:00+00:00,594.63,594.62,594.64,100,1250,594.6214814814815,1.2993548690965422e-07,9.543729832550696e-05
2024-11-12 18:00:00+00:00,594.68,594.67,594.68,500,7,594.6798619329388,1.5416732462584238e-07,-0.00015725429364532584
2024-11-12 18:01:00+00:00,594.6,594.58,594.61,700,550,594.5968,1.2341752341200844e-07,-0.0001661106447677918
2024-11-12 18:02:00+00:00,594.54,594.56,594.59,650,350,594.5795,1.421768603818152e-07,0.0008732491162979361
2024-11-12 18:03:00+00:00,595.02,595.01,595.02,1,300,595.0100332225913,8.99226033956013e-08,8.146123341723488e-05
2024-11-12 18:04:00+00:00,595.06,595.05,595.07,300,1400,595.0535294117647,6.16062111819169e-08,-0.000564589168515095
2024-11-12 18:05:00+00:00,594.73,594.71,594.73,1235,200,594.7272125435541,1.0646850512541846e-07,0.0001510501285082455
2024-11-12 18:06:00+00:00,594.83,594.8,594.83,550,425,594.8169230769231,4.181707627829408e-08,-0.0003848816985509984
2024-11-12 18:07:00+00:00,594.58,594.62,594.64,1050,200,594.6368,5.016428040762678e-08,0.00012354411492632167
2024-11-12 18:08:00+00:00,594.67,594.66,594.67,100,245,594.6628985507245,5.7741586627559235e-08,0.0001952817042123467
2024-11-12 18:09:00+00:00,594.78,594.77,594.78,205,400,594.7733884297521,3.799713960680991e-08,0.0002805081126258102
2024-11-12 18:10:00+00:00,594.92,594.92,594.95,444,1150,594.928356336261,5.2500346174555714e-08,0.0001959436096117262
2024-11-12 18:11:00+00:00,595.07,595.06,595.07,562,7,595.069876977153,6.344503598023263e-08,-0.0001508742851522582
2024-11-12 18:12:00+00:00,594.98,594.99,595.01,800,450,595.0028,3.39873922573587e-08,8.822771418315334e-05
2024-11-12 18:13:00+00:00,595.03,595.02,595.03,9,382,595.0202301790281,3.021408452199181e-08,0.0004237939105380395
2024-11-12 18:14:00+00:00,595.28,595.28,595.3,100,1195,595.2815444015444,2.241526214113221e-08,4.908372098944014e-05
2024-11-12 18:15:00+00:00,595.32,595.3,595.32,476,1100,595.3060406091371,2.925615651691966e-08,0.0001588252951265634
2024-11-12 18:16:00+00:00,595.4,595.39,595.4,300,103,595.3974441687344,3.160493739999645e-08,3.3104169063769007e-06
2024-11-12 18:17:00+00:00,595.42,595.4,595.42,309,750,595.405835694051,5.334244243374586e-08,0.00011627470703468035
2024-11-12 18:18:00+00:00,595.48,595.46,595.48,300,1400,595.4635294117647,2.7250337020875607e-08,2.0688738031848786e-05
2024-11-12 18:19:00+00:00,595.49,595.46,595.48,350,220,595.4722807017544,1.0845216356596378e-07,0.0005398316219786814
2024-11-12 18:20:00+00:00,595.81,595.8,595.81,483,200,595.8070717423133,5.171389359817974e-08,-0.0003102695158430091
2024-11-12 18:21:00+00:00,595.61,595.6,595.61,111,211,595.6034472049689,4.608906269620075e-08,0.00013603172412479658
2024-11-12 18:22:00+00:00,595.71,595.7,595.73,1231,530,595.7209710391822,4.4456267381396556e-08,-0.0006013715496968608
2024-11-12 18:23:00+00:00,595.35,595.34,595.36,100,660,595.3426315789474,3.9868439911361924e-08,0.0003732867808814433
2024-11-12 18:24:00+00:00,595.57,595.57,595.58,1100,204,595.5784355828221,3.9387281659479366e-08,5.847562433336506e-05
2024-11-12 18:25:00+00:00,595.58,595.57,595.59,100,1000,595.5718181818182,3.722652071356411e-08,-1.6457527794444538e-05
2024-11-12 18:26:00+00:00,595.58,595.57,595.58,200,330,595.5737735849058,3.971041197488601e-08,2.795024327761908e-06
2024-11-12 18:27:00+00:00,595.59,595.58,595.6,820,250,595.5953271028037,2.6130226811695e-08,2.3712448650403672e-05
2024-11-12 18:28:00+00:00,595.61,595.6,595.62,705,200,595.6155801104973,2.7981280890655e-08,0.0002083301900097645
2024-11-12 18:29:00+00:00,595.73,595.71,595.73,115,730,595.7127218934912,3.200236141970551e-08,0.0001512514196349013
2024-11-12 18:30:00+00:00,595.82,595.81,595.83,105,800,595.8123204419888,4.6844490385677166e-08,0.0002978925529311116
2024-11-12 18:31:00+00:00,596.01,596.0,596.02,250,300,596.0090909090909,3.230798692555901e-08,0.00012052224614511609
2024-11-12 18:32:00+00:00,596.05,596.05,596.06,100,600,596.0514285714286,5.50045357562833e-08,0.00034911588373454094
2024-11-12 18:33:00+00:00,596.28,596.27,596.28,195,230,596.2745882352941,3.363895464322851e-08,-0.00010049211616935949
2024-11-12 18:34:00+00:00,596.22,596.21,596.23,100,700,596.2125,4.597773919306299e-08,0.00020527172607387456
2024-11-12 18:35:00+00:00,596.33,596.33,596.34,900,2,596.339977827051,1.7046290257090407e-07,0.00037100444335935734
2024-11-12 18:36:00+00:00,596.57,596.55,596.57,300,154,596.5632158590308,5.3812400110936356e-08,-7.246535263616405e-05
2024-11-12 18:37:00+00:00,596.53,596.5,596.53,1051,150,596.526253122398,3.277341319760993e-08,-1.48405978386279e-05
2024-11-12 18:38:00+00:00,596.51,596.5,596.52,906,550,596.512445054945,3.7354443425268896e-08,-0.00015496874644371772
2024-11-12 18:39:00+00:00,596.43,596.41,596.43,200,301,596.417984031936,2.2357222209330684e-08,2.25417238808312e-06
2024-11-12 18:40:00+00:00,596.43,596.41,596.43,200,300,596.418,2.6042084047301105e-08,1.1819738757745668e-05
2024-11-12 18:41:00+00:00,596.43,596.42,596.43,102,250,596.4228977272727,3.3561269577219616e-08,5.8599978452811285e-05
2024-11-12 18:42:00+00:00,596.46,596.45,596.47,200,300,596.458,2.2944227307394844e-08,0.00019000994757956136
2024-11-12 18:43:00+00:00,596.57,596.56,596.57,630,300,596.5667741935483,2.256102049120542e-08,0.00011480281587927799
2024-11-12 18:44:00+00:00,596.62,596.62,596.65,1150,1751,596.631892450879,3.8746986737244605e-08,0.00015900177695171713
2024-11-12 18:45:00+00:00,596.74,596.73,596.74,202,100,596.7366887417218,2.2374458843177038e-08,-8.172952133289613e-05
2024-11-12 18:46:00+00:00,596.68,596.68,596.7,130,237,596.6870844686648,2.4095851776363157e-08,0.0001519349024976524
2024-11-12 18:47:00+00:00,596.77,596.77,596.78,105,101,596.7750970873785,4.463976890908344e-08,5.529467296172541e-05
2024-11-12 18:48:00+00:00,596.8,596.79,596.8,1231,200,596.7986023759609,3.4262318158931315e-08,-4.415540987801059e-05
2024-11-12 18:49:00+00:00,596.79,596.77,596.79,500,300,596.7825,1.8195082974563596e-08,-8.734452588976538e-06
2024-11-12 18:50:00+00:00,596.78,596.77,596.78,145,702,596.7717119244392,4.0630828008035987e-08,0.00047403421503533494
2024-11-12 18:51:00+00:00,597.065,597.05,597.06,400,700,597.0536363636362,2.601213909289684e-08,-0.00020722769310588252
2024-11-12 18:52:00+00:00,596.94,596.94,596.95,1550,101,596.9493882495458,1.7822470864818833e-08,7.929275731966001e-05
2024-11-12 18:53:00+00:00,596.97,596.97,596.99,955,102,596.9880700094607,2.1631135392461943e-08,-0.00014411049367235584
2024-11-12 18:54:00+00:00,596.91,596.9,596.92,100,602,596.9028490028489,2.6716645996183213e-08,0.0002888859827325785
2024-11-12 18:55:00+00:00,597.07,597.06,597.08,703,1055,597.0679977246872,4.8713652028900477e-08,0.0006135237263438231
2024-11-12 18:56:00+00:00,597.47,597.46,597.48,500,310,597.4723456790123,7.842315040561758e-08,0.00023143647696355352
2024-11-12 18:57:00+00:00,597.58,597.57,597.59,500,230,597.583698630137,4.7806244657613176e-08,0.00020948717932434135
2024-11-12 18:58:00+00:00,597.71,597.69,597.72,1100,1040,597.7054205607477,6.750740306794914e-08,-0.0002281304742773882
2024-11-12 18:59:00+00:00,597.58,597.56,597.58,641,1600,597.5657206604194,4.2151389310211305e-08,-0.00023707212023438284
2024-11-12 19:00:00+00:00,597.42,597.41,597.43,600,432,597.4216279069766,4.3035143277590356e-08,7.024404214783786e-05
2024-11-12 19:01:00+00:00,597.47,597.46,597.48,800,255,597.4751658767773,4.573434140020536e-08,0.00022347348342144358
2024-11-12 19:02:00+00:00,597.6,597.59,597.6,10,100,597.5909090909091,1.9651314191170703e-08,4.987945379819614e-05
2024-11-12 19:03:00+00:00,597.62,597.62,597.63,200,4,597.6298039215686,4.276670365915632e-08,-0.0002736013964571571
2024-11-12 19:04:00+00:00,597.45,597.47,597.48,1000,102,597.4790744101633,3.8315711989399506e-08,0.00018169495450703899
2024-11-12 19:05:00+00:00,597.61,597.61,597.62,126,200,597.6138650306748,3.720306810345256e-08,-0.00015557849922365197
2024-11-12 19:06:00+00:00,597.5,597.49,597.51,1030,382,597.5045892351275,2.5844026653602258e-08,0.0003801607715305799
2024-11-12 19:07:00+00:00,597.71,597.7,597.71,1115,101,597.7091694078947,6.471123599844892e-08,-0.00011217528390927711
2024-11-12 19:08:00+00:00,597.65,597.63,597.65,300,330,597.6395238095239,2.9532886335034556e-08,-2.6191103775330404e-05
2024-11-12 19:09:00+00:00,597.64,597.64,597.65,1000,274,597.6478492935636,2.4180013850657196e-08,-1.2343112142154666e-05
2024-11-12 19:10:00+00:00,597.62,597.61,597.62,1001,350,597.6174093264249,4.527245514261573e-08,-8.636008913076587e-05
2024-11-12 19:11:00+00:00,597.57,597.56,597.58,1705,102,597.5788710570006,2.471402961643418e-08,-2.0874731739395358e-05
2024-11-12 19:12:00+00:00,597.55,597.55,597.56,346,345,597.5550072358899,1.718831618483029e-08,3.704365453360836e-05
2024-11-12 19:13:00+00:00,597.57,597.56,597.58,1094,450,597.5741709844559,1.658788657383488e-08,-7.470643359841489e-05
2024-11-12 19:14:00+00:00,597.52,597.49,597.52,235,770,597.4970149253732,3.140051481632554e-08,0.0001910635265305327
2024-11-12 19:15:00+00:00,597.65,597.64,597.66,100,320,597.6447619047618,2.6278832834906244e-08,0.00025180509585998045
2024-11-12 19:16:00+00:00,597.79,597.79,597.8,600,100,597.7985714285714,2.788669045135936e-08,-7.97795511676691e-05
2024-11-12 19:17:00+00:00,597.76,597.74,597.75,100,201,597.7433222591362,2.3774332029050886e-08,3.6444777116617644e-05
2024-11-12 19:18:00+00:00,597.79,597.79,597.8,550,120,597.7982089552239,2.298640422746037e-08,0.00020122824832835562
2024-11-12 19:19:00+00:00,597.9,597.89,597.9,300,1100,597.8921428571429,2.3719944690495242e-08,-2.7329591796521058e-05
2024-11-12 19:20:00+00:00,597.87,597.87,597.88,449,30,597.8793736951983,2.6156182379045637e-08,3.683944389099025e-05
2024-11-12 19:21:00+00:00,597.89,597.89,597.9,1068,103,597.899120409906,1.2829401666710306e-08,7.9037943625071e-05
2024-11-12 19:22:00+00:00,597.94,597.93,597.94,706,5,597.939929676512,5.126866945182379e-08,-8.158175819916735e-05
2024-11-12 19:23:00+00:00,597.89,597.89,597.9,400,100,597.898,2.071320526796393e-08,0.00010914496883995817
2024-11-12 19:24:00+00:00,597.96,597.96,597.97,201,1601,597.9611154273031,6.393054246964736e-08,0.00030450557009720214
2024-11-12 19:25:00+00:00,598.14,598.13,598.15,800,100,598.1477777777778,1.9193482329811455e-08,0.0001227580001115225
2024-11-12 19:26:00+00:00,598.22,598.21,598.22,1000,100,598.2190909090909,7.784542897768284e-08,-0.0003673252015403694
2024-11-12 19:27:00+00:00,597.97,597.97,597.99,277,470,597.9774163319946,4.442371268218874e-08,0.00011217614818059829
2024-11-12 19:28:00+00:00,598.06,598.06,598.08,40,1021,598.0607540056549,2.2832833061286546e-08,-0.00011226199508951318
2024-11-12 19:29:00+00:00,597.98,597.98,598.0,1000,10,597.9998019801981,3.675184141057029e-08,-3.97984397088047e-05
2024-11-12 19:30:00+00:00,597.98,597.98,597.99,700,501,597.9858284762697,2.361950946826132e-08,-0.0001074515311360047
2024-11-12 19:31:00+00:00,597.91,597.9,597.92,300,534,597.9071942446043,2.098551778885255e-08,0.00020993793338464073
2024-11-12 19:32:00+00:00,598.03,598.03,598.04,600,850,598.0341379310345,1.9867219342356154e-08,-1.8722601025200625e-05
2024-11-12 19:33:00+00:00,598.02,598.01,598.03,350,300,598.0207692307692,1.4170861645909774e-08,-2.8914373957800166e-05
2024-11-12 19:34:00+00:00,598.0,598.0,598.02,499,1270,598.0056416054268,1.598485210912632e-08,0.00020218299598617762
2024-11-12 19:35:00+00:00,598.12,598.11,598.12,1250,100,598.1192592592593,1.394736892727322e-08,-7.719382381599083e-05
2024-11-12 19:36:00+00:00,598.09,598.07,598.09,598,500,598.0808925318762,1.099910234932677e-08,3.528724905166314e-05
2024-11-12 19:37:00+00:00,598.11,598.1,598.11,35,1331,598.1002562225475,1.4391921935288043e-08,0.00030840644455509825
2024-11-12 19:38:00+00:00,598.28,598.28,598.29,1180,604,598.2866143497757,4.5895991959246367e-08,-0.0002522173156577212
2024-11-12 19:39:00+00:00,598.14,598.13,598.14,205,200,598.135061728395,2.3964289957387184e-08,-3.844118108031758e-05
2024-11-12 19:40:00+00:00,598.11,598.1,598.11,98,200,598.103288590604,1.8502271424259473e-08,0.00010482010567391953
2024-11-12 19:41:00+00:00,598.17,598.17,598.18,362,100,598.1778354978354,8.952157593655232e-09,0.00017337890337221218
2024-11-12 19:42:00+00:00,598.27,598.27,598.28,1201,200,598.2785724482512,2.6234964373585286e-08,6.399257403311154e-06
2024-11-12 19:43:00+00:00,598.3,598.27,598.29,350,245,598.2817647058824,2.1672577184029696e-08,3.1690598198741426e-05
2024-11-12 19:44:00+00:00,598.3,598.29,598.31,1,720,598.2900277392511,1.8884771179911667e-08,-0.00022997020884485408
2024-11-12 19:45:00+00:00,598.18,598.16,598.19,400,270,598.1779104477612,4.153608829086928e-08,-0.00019456240967563598
2024-11-12 19:46:00+00:00,598.04,598.03,598.05,400,250,598.0423076923076,2.9467566266585773e-08,0.00020574327698574812
2024-11-12 19:47:00+00:00,598.18,598.16,598.18,300,100,598.175,2.0467482366010377e-08,-6.956990828010934e-05
2024-11-12 19:48:00+00:00,598.14,598.13,598.14,250,120,598.1367567567568,1.9022597030247317e-08,9.022483922183078e-05
2024-11-12 19:49:00+00:00,598.18,598.18,598.19,146,600,598.1819571045576,5.870082197377536e-09,-0.00010596809493845782
2024-11-12 19:50:00+00:00,598.12,598.12,598.13,500,305,598.1262111801242,1.6490257695378666e-08,-6.463713043380892e-05
2024-11-12 19:51:00+00:00,598.08,598.07,598.09,510,450,598.080625,1.556586052196214e-08,1.4795136041190204e-05
2024-11-12 19:52:00+00:00,598.09,598.08,598.1,2021,300,598.0974149073676,2.8582078342713427e-08,-0.0002697637229679417
2024-11-12 19:53:00+00:00,597.94,597.95,597.96,970,202,597.958276450512,4.164889954636218e-08,0.00017421733858058452
2024-11-12 19:54:00+00:00,598.03,598.03,598.04,1265,200,598.0386348122867,1.9915026167484776e-08,-6.172856104380564e-05
2024-11-12 19:55:00+00:00,597.99,597.98,598.0,1062,353,597.9950106007067,2.4208199941750227e-08,-8.443375929367836e-05
2024-11-12 19:56:00+00:00,597.95,597.95,597.97,1400,350,597.966,1.5938262016433297e-08,-0.00013204121620324916
2024-11-12 19:57:00+00:00,597.86,597.85,597.87,1,820,597.8500243605359,3.112947916631663e-08,0.00017781212946532676
2024-11-12 19:58:00+00:00,597.97,597.97,597.98,16,500,597.9703100775193,1.7874352409783507e-08,5.0511989931001366e-05
2024-11-12 19:59:00+00:00,598.01,597.99,598.0,130,200,597.9939393939394,2.9573439772640648e-08,5.061305947617889e-05
2024-11-12 20:00:00+00:00,598.01,598.01,598.02,491,400,598.0155106621773,2.4070567464506276e-08,-0.00015191417163196164
2024-11-12 20:01:00+00:00,597.94,597.94,597.95,23,600,597.9403691813804,2.8921667646824973e-08,1.3431190896362466e-05
2024-11-12 20:02:00+00:00,597.95,597.94,597.95,197,102,597.9465886287626,2.7770754974663765e-08,-0.000139696591987315
2024-11-12 20:03:00+00:00,597.87,597.86,597.87,1000,399,597.8671479628306,3.037535803704196e-08,0.00024236930860932482
2024-11-12 20:04:00+00:00,598.02,598.01,598.02,460,1070,598.0130065359476,1.2695018284835913e-08,2.412046975996951e-05
2024-11-12 20:05:00+00:00,598.02,598.02,598.03,500,382,598.0256689342403,5.111925409936535e-08,0.00011252996983368568
2024-11-12 20:06:00+00:00,598.1,598.09,598.1,600,234,598.0971942446043,2.4837309682518786e-08,3.433479407766171e-05
2024-11-12 20:07:00+00:00,598.11,598.09,598.12,1200,330,598.1135294117647,2.3078570263944204e-08,-0.0002867907100334577
2024-11-12 20:08:00+00:00,597.94,597.93,597.94,1200,200,597.9385714285715,2.323527940141826e-08,0.00014119476465856984
2024-11-12 20:09:00+00:00,598.02,598.01,598.02,800,150,598.0184210526315,1.543145393562578e-08,9.374351980007134e-06
2024-11-12 20:10:00+00:00,598.03,598.03,598.04,450,393,598.0353380782918,2.1657731139723026e-08,7.755887444949039e-06
2024-11-12 20:11:00+00:00,598.04,598.04,598.05,1100,102,598.0491514143094,1.370280518071047e-08,-0.0002117486286936643
2024-11-12 20:12:00+00:00,597.91,597.91,597.92,376,200,597.9165277777778,1.6666698957257758e-08,2.5625573264687063e-05
2024-11-12 20:13:00+00:00,597.92,597.92,597.94,100,300,597.925,3.991242410883824e-08,-0.0002448290434340361
2024-11-12 20:14:00+00:00,597.75,597.74,597.76,1,348,597.7400573065903,3.6611051535071966e-08,-0.00014288077323743043
2024-11-12 20:15:00+00:00,597.69,597.69,597.71,770,212,597.705682281059,3.8779419031052675e-08,-0.00010785374354160826
2024-11-12 20:16:00+00:00,597.63,597.61,597.64,1656,100,597.6382915717539,1.0356801324175355e-07,5.3711840899417496e-06
2024-11-12 20:17:00+00:00,597.64,597.62,597.64,600,500,597.6309090909091,4.172417025012403e-08,-0.00020728436555506047
2024-11-12 20:18:00+00:00,597.49,597.48,597.5,1505,302,597.4966574432761,7.464767123409163e-08,-3.1406165523995e-05
2024-11-12 20:19:00+00:00,597.49,597.48,597.5,671,526,597.4912113617377,4.527421718095991e-08,0.00013875767748028345
2024-11-12 20:20:00+00:00,597.57,597.57,597.58,207,1,597.579951923077,3.99910558356135e-08,2.9961786399246293e-05
2024-11-12 20:21:00+00:00,597.6,597.58,597.6,750,101,597.5976263219742,2.141869645311141e-08,-0.0001332869410672899
2024-11-12 20:22:00+00:00,597.51,597.51,597.52,195,207,597.5148507462686,3.522286834238285e-08,-0.00011653750847517852
2024-11-12 20:23:00+00:00,597.465,597.44,597.45,22,305,597.4406727828747,2.0678322940667697e-08,5.584258301438716e-05
2024-11-12 20:24:00+00:00,597.47,597.46,597.48,1250,551,597.4738811771238,2.5106769230040044e-08,8.391218822589863e-05
2024-11-12 20:25:00+00:00,597.53,597.52,597.53,188,100,597.5265277777778,3.7427662724989893e-08,-0.00020373999350098426
2024-11-12 20:26:00+00:00,597.4,597.39,597.4,663,100,597.3986893840105,4.535122067866004e-08,-5.857782436080594e-05
2024-11-12 20:27:00+00:00,597.35,597.36,597.38,787,1150,597.3681259679918,2.069747042149006e-08,-0.0002593545299220956
2024-11-12 20:28:00+00:00,597.21,597.21,597.23,150,1250,597.2121428571429,3.4439675921678e-08,0.00016582221427063892
2024-11-12 20:29:00+00:00,597.3,597.31,597.33,300,1216,597.3139577836412,2.3042981418626136e-08,0.0001599264283935753
2024-11-12 20:30:00+00:00,597.39,597.38,597.4,333,300,597.3905213270142,7.342345880353275e-08,-0.00011738897446555985
2024-11-12 20:31:00+00:00,597.33,597.33,597.35,150,300,597.3366666666667,1.899217969966243e-08,-7.317634095926895e-05
2024-11-12 20:32:00+00:00,597.295,597.29,597.3,180,100,597.2964285714286,2.7941525814624243e-08,-3.6316772092592764e-05
2024-11-12 20:33:00+00:00,597.27,597.26,597.28,1141,508,597.2738386901152,2.7769118682346978e-08,-5.971829692230646e-05
2024-11-12 20:34:00+00:00,597.25,597.24,597.25,290,163,597.2464017660044,3.352670690738554e-08,-0.00011671618150799201
2024-11-12 20:35:00+00:00,597.17,597.16,597.17,1000,100,597.1690909090909,6.126970417481021e-08,-0.00018648151417988146
2024-11-12 20:36:00+00:00,597.07,597.07,597.08,2047,500,597.0780369061641,4.909392376477754e-08,0.00027055447151691503
2024-11-12 20:37:00+00:00,597.2,597.19,597.21,824,660,597.2011051212938,3.36953759052664e-08,9.769161853534492e-05
2024-11-12 20:38:00+00:00,597.29,597.3,597.32,100,1270,597.3014598540146,6.09004624411378e-08,0.00021293045327053228
2024-11-12 20:39:00+00:00,597.42,597.4,597.42,1400,200,597.4175,3.20970804549927e-08,-3.99670648407735e-05
2024-11-12 20:40:00+00:00,597.37,597.36,597.37,609,1570,597.3627948600275,3.29119426366645e-08,4.50629253283541e-05
2024-11-12 20:41:00+00:00,597.42,597.4,597.42,283,1704,597.4028485153498,3.1488701550128383e-08,0.00020872241036973271
2024-11-12 20:42:00+00:00,597.54,597.53,597.54,6,507,597.5301169590642,8.077336185442322e-08,-0.000457603214866098
2024-11-12 20:43:00+00:00,597.25,597.25,597.27,567,600,597.2597172236503,3.432426641565157e-08,0.0001295249128216991
2024-11-12 20:44:00+00:00,597.36,597.35,597.37,150,500,597.3546153846154,2.0381905070339346e-08,0.00017721386339197842
2024-11-12 20:45:00+00:00,597.44,597.44,597.45,764,1400,597.4435304990759,3.5068848273667874e-08,-0.0002266648739290833
2024-11-12 20:46:00+00:00,597.32,597.31,597.33,192,1800,597.3119277108434,1.8910149700274176e-08,-0.0001852473789858422
2024-11-12 20:47:00+00:00,597.18,597.19,597.2,304,510,597.1937346437347,2.9602632986164103e-08,0.00010953954086589945
2024-11-12 20:48:00+00:00,597.28,597.27,597.29,1392,558,597.2842769230768,2.2126411078048105e-08,0.00012816850295993554
2024-11-12 20:49:00+00:00,597.34,597.34,597.36,518,400,597.35128540305,1.9618339836307822e-08,2.7897871848869826e-05
2024-11-12 20:50:00+00:00,597.35,597.35,597.36,278,214,597.3556504065042,9.095089475817381e-08,-0.00043469844035892713
2024-11-12 20:51:00+00:00,597.09,597.09,597.1,344,1646,597.0917286432161,3.046202523219133e-08,-9.087079124525665e-05
2024-11-12 20:52:00+00:00,597.04,597.04,597.05,42,100,597.0429577464789,5.067230707982532e-08,-0.0003389652847756164
2024-11-12 20:53:00+00:00,596.84,596.84,596.85,376,550,596.844060475162,4.3582653421566504e-08,-1.543249656466017e-05
2024-11-12 20:54:00+00:00,596.8,596.8,596.81,37,200,596.8015611814345,2.3911309926695916e-07,0.00022210338267125707
2024-11-12 20:55:00+00:00,596.94,596.94,596.96,193,805,596.943867735471,1.410823177608078e-07,-0.00041586867206133693
2024-11-12 20:56:00+00:00,596.71,596.71,596.72,100,600,596.7114285714285,5.5055318691005224e-08,-0.00018546804369434788
2024-11-12 20:57:00+00:00,596.6,596.6,596.61,333,254,596.6056729131176,7.551005800606043e-08,0.00026067064071289003
2024-11-12 20:58:00+00:00,596.74,596.74,596.76,600,300,596.7533333333333,8.528892264322497e-08,5.6828714035450645e-05
2024-11-12 20:59:00+00:00,596.86,596.87,596.89,300,800,596.8754545454545,3.124186664511587e-07,0.00013277611635853503
2024-11-12 21:00:00+00:00,596.87,596.86,596.89,2400,146601,596.8604832182334,1.1185279530956266e-07,0.00033035626065913704
2024-11-12 21:01:00+00:00,597.06,597.02,597.05,470,570,597.0335576923076,5.108158477169038e-08,-4.0562448619274605e-05
2024-11-12 21:02:00+00:00,597.02,597.02,597.05,200,1395,597.0237617554859,4.88589732062003e-08,0.00015712159118641544
2024-11-12 21:03:00+00:00,597.11,597.1,597.14,900,300,597.13,2.5766458799341258e-08,-0.00014720764628906036
2024-11-12 21:04:00+00:00,597.05,597.06,597.07,2200,100,597.0695652173913,2.7755438977758702e-08,0.00017078237227496906
2024-11-12 21:05:00+00:00,597.18,597.14,597.17,170,1070,597.1441129032257,1.1507201503517926e-08,-1.8261348306736203e-05
2024-11-12 21:06:00+00:00,597.12,597.12,597.14,2274,200,597.1383831851252,1.3685562370288485e-08,-3.543150662543848e-05
2024-11-12 21:07:00+00:00,597.11,597.11,597.13,400,600,597.118,8.320772348360209e-09,1.6455854548791393e-05
2024-11-12 21:08:00+00:00,597.12,597.12,597.15,600,1700,597.1278260869565,1.1972368814164877e-08,0.0001291849015707669
2024-11-12 21:09:00+00:00,597.2,597.18,597.21,1100,400,597.202,8.825840308001357e-09,2.537251286161002e-05
2024-11-12 21:10:00+00:00,597.24,597.22,597.24,6,1000,597.2201192842941,1.7015928720446334e-08,8.810868018538365e-05
2024-11-12 21:11:00+00:00,597.23,597.25,597.28,570,570,597.265,4.361556362018233e-09,7.393537198474576e-06
2024-11-12 21:12:00+00:00,597.3,597.27,597.3,570,1820,597.2771548117155,4.648858583738575e-09,-9.552251762179331e-05
2024-11-12 21:13:00+00:00,597.22,597.22,597.24,8,1570,597.2201013941699,1.2759732010044481e-08,-4.5404231169832165e-05
2024-11-12 21:14:00+00:00,597.23,597.19,597.21,100,570,597.1929850746269,2.8087994919380107e-08,0.000125098200232987
2024-11-12 21:15:00+00:00,597.26,597.26,597.29,369,1070,597.2676928422516,4.79635817935239e-09,-9.06150028350261e-05
2024-11-12 21:16:00+00:00,597.21,597.2,597.22,570,270,597.2135714285714,4.802493984160079e-09,-2.5790462949482063e-05
2024-11-12 21:17:00+00:00,597.18,597.18,597.21,860,560,597.1981690140846,3.7631119025474355e-09,-4.68372711648346e-06
2024-11-12 21:18:00+00:00,597.19,597.18,597.2,860,560,597.1921126760564,3.99098306214516e-09,5.792194250586746e-05
2024-11-12 21:19:00+00:00,597.23,597.21,597.23,2670,5,597.2299626168225,2.2043837223513666e-09,-2.0390647148094132e-05
2024-11-12 21:20:00+00:00,597.21,597.2,597.22,870,71,597.2184909670563,6.366488407982974e-09,4.55701241794948e-05
2024-11-12 21:21:00+00:00,597.28,597.23,597.26,500,500,597.245,4.597551101673452e-09,-3.903313141051523e-05
2024-11-12 21:22:00+00:00,597.23,597.2,597.23,861,330,597.2216876574307,7.019456001923172e-09,9.348542644849189e-05
2024-11-12 21:23:00+00:00,597.28,597.26,597.28,370,264,597.2716719242902,2.510201958481717e-09,2.0014988411309886e-05
2024-11-12 21:24:00+00:00,597.3,597.28,597.31,600,1300,597.2894736842105,9.708203641253468e-09,-3.376474342431379e-05
2024-11-12 21:25:00+00:00,597.27,597.25,597.28,668,370,597.2693063583815,4.1740026243072555e-09,-4.426308046479033e-05
2024-11-12 21:26:00+00:00,597.24,597.23,597.26,601,600,597.245012489592,4.859986850250166e-09,4.5206135429909367e-05
2024-11-12 21:27:00+00:00,597.26,597.26,597.27,300,4,597.2698684210527,1.4325023505952628e-09,-4.778865799326404e-05
2024-11-12 21:28:00+00:00,597.24,597.24,597.26,162,860,597.2431702544031,4.0817281928471235e-09,5.369213445560739e-05
2024-11-12 21:29:00+00:00,597.26,597.26,597.28,300,148,597.2733928571428,1.5692463933661722e-09,-4.796311835308931e-05
2024-11-12 21:30:00+00:00,597.26,597.23,597.26,551,570,597.244745762712,1.5315507914848517e-08,9.132254223720437e-05
2024-11-12 21:31:00+00:00,597.28,597.28,597.3,160,65,597.2942222222223,6.102839741193216e-10,-2.9336993551121182e-05
2024-11-12 21:32:00+00:00,597.28,597.28,597.29,120,560,597.2817647058823,3.472927073319169e-09,-5.108929769093162e-05
2024-11-12 21:33:00+00:00,597.26,597.23,597.26,1360,560,597.2512499999999,1.8829357572793714e-09,4.4750991025521714e-05
2024-11-12 21:34:00+00:00,597.27,597.25,597.29,1373,590,597.2779775853286,1.2204297476109206e-08,-8.561420642394513e-05
2024-11-12 21:35:00+00:00,597.24,597.21,597.24,1600,900,597.2292,8.276659790211352e-09,1.9387854919283853e-06
2024-11-12 21:36:00+00:00,597.2,597.21,597.24,900,600,597.228,1.7620931011201747e-08,-9.209213231775593e-06
2024-11-12 21:37:00+00:00,597.21,597.19,597.22,400,600,597.202,1.0312610389679793e-08,-0.0002084650193185933
2024-11-12 21:38:00+00:00,597.12,597.1,597.11,1,600,597.1000166389351,4.714116018124928e-09,4.05825141536198e-06
2024-11-12 21:39:00+00:00,597.1,597.1,597.11,84,1901,597.1004231738036,7.716345420340585e-09,-1.1427179648082486e-05
2024-11-12 21:40:00+00:00,597.11,597.09,597.12,300,2200,597.0936,9.941770664862198e-09,-1.5386271992268163e-05
2024-11-12 21:41:00+00:00,597.09,597.08,597.09,580,2760,597.0817365269461,1.7424559068431704e-09,-1.3047466556281861e-05
2024-11-12 21:42:00+00:00,597.09,597.07,597.08,200,102,597.0766225165563,5.1123628306218e-10,3.542685104518384e-05
2024-11-12 21:43:00+00:00,597.09,597.09,597.1,318,150,597.0967948717949,1.54065863717356e-08,-4.827968535092708e-05
2024-11-12 21:44:00+00:00,597.05,597.04,597.09,2200,1600,597.068947368421,3.2661584937323943e-09,-1.5260051435483923e-05
2024-11-12 21:45:00+00:00,597.06,597.04,597.06,1100,105,597.0582572614106,5.546378176553375e-09,9.240374070573765e-06
2024-11-12 21:46:00+00:00,597.08,597.05,597.1,500,1150,597.0651515151516,3.2851731342962796e-09,-7.294471451357865e-05
2024-11-12 21:47:00+00:00,597.05,597.02,597.05,300,4699,597.021800360072,1.0267602921871194e-09,4.288635595495194e-05
2024-11-12 21:48:00+00:00,597.06,597.02,597.06,1201,552,597.047404449515,1.0557579397366786e-08,0.00011740366001533609
2024-11-12 21:49:00+00:00,597.12,597.11,597.13,318,530,597.1175000000001,8.183734027907476e-09,1.6103002533629507e-06
2024-11-12 21:50:00+00:00,597.1,597.1,597.13,800,500,597.1184615384616,1.1985810747708664e-08,-6.456264534704381e-05
2024-11-12 21:51:00+00:00,597.13,597.07,597.08,1101,10,597.0799099909991,8.043358572884487e-09,-4.2029845192192994e-05
2024-11-12 21:52:00+00:00,596.95,597.04,597.08,300,510,597.0548148148148,1.329540981470217e-09,1.730296112989471e-05
2024-11-12 21:53:00+00:00,597.07,597.06,597.07,318,300,597.0651456310679,9.173224862112894e-09,-0.00013101175762353368
2024-11-12 21:54:00+00:00,597.05,596.97,597.0,800,500,596.9884615384616,1.1297856042732488e-08,-6.212365784852292e-05
2024-11-12 21:55:00+00:00,596.97,596.94,596.95,300,5,596.9498360655738,8.509732723549434e-09,-3.316215905935227e-05
2024-11-12 21:56:00+00:00,596.94,596.93,596.95,1,500,596.9300399201597,1.317718416850298e-08,-8.898336435503307e-05
2024-11-12 21:57:00+00:00,596.91,596.87,596.9,300,1000,596.876923076923,6.437761522339135e-09,8.936529275871408e-05
2024-11-12 21:58:00+00:00,596.92,596.9,596.93,300,500,596.91125,7.154110588942638e-09,1.4450148579259192e-05
2024-11-12 21:59:00+00:00,596.93,596.93,596.94,388,50,596.9388584474887,5.480723282270091e-08,-0.00016998919058652806
2024-11-12 22:00:00+00:00,596.85,596.8,596.96,125,5,596.9538461538461,9.79572396582005e-08,0.00010334734370331944
2024-11-12 22:01:00+00:00,596.84,596.84,596.9,982,15,596.8990972918755,1.6384569368908983e-08,7.964207790345235e-05
2024-11-12 22:02:00+00:00,596.9,596.9,596.97,1000,501,596.9466355762825,1.4757759470884897e-08,-9.82499534593062e-05
2024-11-12 22:03:00+00:00,596.89,596.87,596.96,999,4000,596.8879855971194,1.4573026598556359e-08,-3.4325617549124665e-05
2024-11-12 22:04:00+00:00,596.9,596.85,596.91,247,600,596.8674970484061,9.90101035829157e-09,-7.829875325038316e-05
2024-11-12 22:05:00+00:00,596.84,596.82,596.84,100,2521,596.8207630675315,1.5837707682180333e-08,0.0002497213935728215
2024-11-12 22:06:00+00:00,596.94,596.95,596.97,100,1,596.969801980198,1.952290671482002e-12,1.7276470800631216e-06
2024-11-12 22:07:00+00:00,596.97,596.97,597.0,100,3500,596.9708333333333,1.2076229041486688e-08,-0.000143137173840735
2024-11-12 22:08:00+00:00,596.92,596.86,596.97,300,1000,596.8853846153846,2.6731763011045e-09,3.788899041312632e-05
2024-11-12 22:09:00+00:00,596.9,596.9,596.92,4,6,596.908,1.943639209165301e-09,-4.427135492568457e-05
2024-11-12 22:10:00+00:00,596.89,596.87,596.89,500,364,596.881574074074,2.2390494824638948e-10,-2.1216633605547486e-06
2024-11-12 22:11:00+00:00,596.9,596.88,596.9,15,960,596.8803076923077,7.208738218277805e-10,3.473542375465044e-05
2024-11-12 22:12:00+00:00,596.91,596.9,596.91,100,861,596.9010405827262,1.3993053639434162e-12,2.9681223479016694e-07
2024-11-12 22:13:00+00:00,596.91,596.9,596.91,156,1702,596.9008396124865,7.961508874786158e-09,-5.0531637379003236e-05
2024-11-12 22:14:00+00:00,596.9,596.87,596.9,136,3730,596.8710553543715,5.803720407687585e-09,0.00011799219693808816
2024-11-12 22:15:00+00:00,596.97,596.94,596.97,100,1925,596.9414814814814,2.799385252395588e-08,6.134723324757729e-05
2024-11-12 22:16:00+00:00,596.97,596.97,597.0,185,500,596.978102189781,2.3061530517529323e-09,4.2490701448683055e-05
2024-11-12 22:17:00+00:00,597.0,597.0,597.05,300,4025,597.0034682080925,1.0024114747294064e-08,-3.000426880395146e-05
2024-11-12 22:18:00+00:00,596.97,596.95,597.03,20,25,596.9855555555555,5.9011204623913034e-09,3.678172007992586e-05
2024-11-12 22:19:00+00:00,596.97,596.97,597.03,855,1025,596.9972872340425,1.8207240275079071e-09,2.0791991357294037e-05
2024-11-12 22:20:00+00:00,596.97,596.97,597.02,681,1,597.019926686217,1.6260152215428355e-08,-1.6742078312592668e-07
2024-11-12 22:21:00+00:00,596.99,596.95,597.02,403,1,597.0198267326733,4.569423785679318e-14,1.0716178300285151e-07
2024-11-12 22:22:00+00:00,597.0,597.0,597.02,182,1,597.0198907103825,3.5366560950067405e-08,-3.330620067387713e-05
2024-11-12 22:23:00+00:00,597.02,597.0,597.02,1,3201,597.0000062460962,9.28687320941292e-09,-0.00012065159354723853
2024-11-12 22:24:00+00:00,596.92,596.92,596.93,631,160,596.9279772439949,2.6324209192713828e-08,-1.1872485935482402e-05
2024-11-12 22:25:00+00:00,596.93,596.92,596.93,459,4697,596.9208902249806,3.128740327196231e-08,0.00012222043165222019
2024-11-12 22:26:00+00:00,597.0,596.84,597.0,50,2,596.9938461538461,8.671946683331335e-08,-9.540945097741282e-05
2024-11-12 22:27:00+00:00,597.0,596.93,597.0,55,504,596.9368872987477,3.647258891684382e-11,-8.460800733356422e-06
2024-11-12 22:28:00+00:00,596.98,596.93,597.0,54,2004,596.9318367346939,3.2690341324411355e-09,9.164118053295311e-07
2024-11-12 22:29:00+00:00,596.99,596.93,596.99,47,1136,596.9323837700761,2.9615877948711692e-12,1.5598869760324874e-06
2024-11-12 22:30:00+00:00,596.97,596.93,596.97,45,498,596.9333149171271,3.4096167668422892e-09,-2.788963196453942e-05
2024-11-12 22:31:00+00:00,596.96,596.9,596.96,10,444,596.901321585903,6.651181599427947e-10,-2.7755393157691266e-05
2024-11-12 22:32:00+00:00,596.96,596.9,596.91,10,1000,596.9000990099009,3.5973323203213014e-10,-1.8661430814637114e-05
2024-11-12 22:33:00+00:00,596.9,596.87,596.9,316,184,596.88896,3.2137716994264606e-12,2.2446149234855994e-06
2024-11-12 22:34:00+00:00,596.9,596.87,596.9,316,151,596.8902997858672,3.4383166175151523e-09,-6.0336164944163606e-05
2024-11-12 22:35:00+00:00,596.88,596.84,596.89,50,125,596.8542857142858,2.3833340781570638e-09,0.0
2024-11-12 22:36:00+00:00,596.88,596.84,596.89,50,125,596.8542857142858,2.5525666911278165e-09,1.929864925864777e-05
2024-11-12 22:37:00+00:00,596.84,596.85,596.87,339,90,596.8658041958042,2.421573078922125e-09,-3.961765444793208e-05
2024-11-12 22:38:00+00:00,596.89,596.84,596.87,31,400,596.8421577726218,2.58793567979509e-10,1.3962867336347884e-05
2024-11-12 22:39:00+00:00,596.84,596.85,596.87,10,397,596.8504914004915,2.836001681751565e-10,-1.6683032025288647e-05
2024-11-12 22:40:00+00:00,596.87,596.84,596.87,6,331,596.8405341246291,1.1005641888492628e-08,-8.22309572323654e-07
2024-11-12 22:41:00+00:00,596.87,596.84,596.88,1,922,596.8400433369447,2.8194088552542965e-10,1.6791095423629443e-05
2024-11-12 22:42:00+00:00,596.87,596.85,596.88,2,922,596.850064935065,1.170943572364146e-09,1.7767291319525924e-05
2024-11-12 22:43:00+00:00,596.86,596.86,596.88,25,722,596.8606693440428,1.482616262329691e-09,2.2294247645771037e-06
2024-11-12 22:44:00+00:00,596.87,596.86,596.87,25,100,596.862,3.819933131586856e-09,-0.00010194912311745075
2024-11-12 22:45:00+00:00,596.81,596.8,596.81,13,100,596.8011504424778,1.987774237149454e-09,-4.102501443403739e-05
2024-11-12 22:46:00+00:00,596.81,596.77,596.81,20,100,596.7766666666666,2.5011458413837527e-09,4.525948387423817e-05
2024-11-12 22:47:00+00:00,596.81,596.8,596.81,100,172,596.8036764705881,2.445029446606638e-09,-4.906281135153012e-05
2024-11-12 22:48:00+00:00,596.81,596.77,596.81,20,162,596.7743956043955,1.4482306071646588e-11,3.805562517111838e-06
2024-11-12 22:49:00+00:00,596.81,596.77,596.81,20,100,596.7766666666666,9.254303334658381e-10,2.945114740149357e-05
2024-11-12 22:50:00+00:00,596.81,596.77,596.81,22,13,596.7951428571429,2.0168773765546816e-09,3.1079003622869195e-05
2024-11-12 22:51:00+00:00,596.81,596.81,596.82,387,1000,596.8127901946648,8.005365652312063e-13,8.419529042846818e-07
2024-11-12 22:52:00+00:00,596.82,596.81,596.82,351,715,596.8132926829268,3.260579977871427e-11,-4.4508380141472514e-06
2024-11-12 22:53:00+00:00,596.82,596.81,596.82,14,206,596.8106363636364,3.8989716550216124e-16,1.974581387287344e-08
2024-11-12 22:54:00+00:00,596.82,596.81,596.82,14,202,596.8106481481481,2.2060229697978305e-13,5.430098726222354e-07
2024-11-12 22:55:00+00:00,596.82,596.81,596.82,14,130,596.8109722222221,2.289290428156481e-12,1.5742714654098933e-06
2024-11-12 22:56:00+00:00,596.82,596.81,596.82,13,55,596.8119117647059,4.906331949370071e-08,-2.9990364566079286e-05
2024-11-12 22:57:00+00:00,596.81,596.72,596.81,1000,216,596.7940131578947,1.874217566224462e-09,8.559844124400584e-06
2024-11-12 22:58:00+00:00,596.81,596.81,596.82,816,55,596.8193685419059,3.0183350922466385e-08,-6.133981938105659e-05
2024-11-12 22:59:00+00:00,596.79,596.72,596.83,618,981,596.7625140712946,2.060574917676308e-08,-3.3979163066577556e-05
2024-11-12 23:00:00+00:00,596.79,596.74,596.83,25,981,596.742236580517,7.370301527531118e-08,-0.0003157595443339378
2024-11-12 23:01:00+00:00,596.6,596.55,596.63,25,500,596.5538095238095,1.408610205593645e-08,9.502959379315001e-05
2024-11-12 23:02:00+00:00,596.65,596.61,596.65,25,1881,596.6105246589716,3.7863764296586916e-09,-8.323794030218323e-05
2024-11-12 23:03:00+00:00,596.58,596.56,596.58,60,1370,596.5608391608391,2.024099061890085e-08,-9.799203135829604e-05
2024-11-12 23:04:00+00:00,596.51,596.5,596.55,25,500,596.5023809523809,3.122690796234081e-08,-0.00017030891384672842
2024-11-12 23:05:00+00:00,596.4,596.4,596.44,49,2428,596.4007912797739,4.443789324000587e-08,-6.968553890407403e-05
2024-11-12 23:06:00+00:00,596.3,596.35,596.39,300,1500,596.3566666666667,8.578545079931046e-09,0.00018565870201503465
2024-11-12 23:07:00+00:00,596.44,596.42,596.47,1000,1,596.4699500499501,1.984263483477441e-08,-0.00014963973541026743
2024-11-12 23:08:00+00:00,596.41,596.38,596.41,5,211,596.3806944444444,4.009563453793318e-09,7.737368190552374e-05
2024-11-12 23:09:00+00:00,596.46,596.41,596.46,457,900,596.426838614591,1.3322699671593319e-08,2.6112392981669785e-05
2024-11-12 23:10:00+00:00,596.46,596.44,596.45,318,1000,596.4424127465858,5.803689198014882e-09,-6.951277231015407e-05
2024-11-12 23:11:00+00:00,596.43,596.4,596.42,25,500,596.4009523809524,8.525881951204747e-08,-0.00020280380249149133
2024-11-12 23:12:00+00:00,596.33,596.25,596.34,500,1000,596.28,2.8738228848981205e-08,0.0002514927212724505
2024-11-12 23:13:00+00:00,596.36,596.41,596.43,500,1,596.4299600798403,2.866919961023383e-08,-0.00012503641575223323
2024-11-12 23:14:00+00:00,596.3,596.3,596.38,1800,800,596.3553846153847,2.3420871773421377e-08,-1.3820212669157783e-05
2024-11-12 23:15:00+00:00,596.38,596.3,596.39,100,2000,596.3042857142857,4.6932060712355713e-08,2.255108626458835e-05
2024-11-12 23:16:00+00:00,596.38,596.36,596.39,20,995,596.3605911330051,1.9681305751572674e-09,-6.793153289230691e-05
2024-11-12 23:17:00+00:00,596.33,596.32,596.34,4,3,596.3314285714285,9.724006803985242e-09,-1.039030708638311e-05
2024-11-12 23:18:00+00:00,596.3,596.31,596.32,400,630,596.3138834951457,2.4344551327414342e-08,7.221977986549e-05
2024-11-12 23:19:00+00:00,596.39,596.33,596.39,318,390,596.3569491525424,9.71805329756798e-09,6.015493575728392e-05
2024-11-12 23:20:00+00:00,596.4,596.37,596.4,318,100,596.3928229665071,7.968373496991649e-09,7.902020552252864e-05
2024-11-12 23:21:00+00:00,596.4,596.39,596.44,1000,1,596.4399500499501,1.4522376707641927e-08,4.479347286245883e-05
2024-11-12 23:22:00+00:00,596.5,596.46,596.5,2,10,596.4666666666667,4.578797429823963e-08,-0.00022588216630547997
2024-11-12 23:23:00+00:00,596.38,596.3,596.39,550,1000,596.331935483871,8.715036152856087e-09,-0.00015655387957291822
2024-11-12 23:24:00+00:00,596.25,596.16,596.25,1410,195,596.2390654205607,2.343776780475871e-09,-4.758719965503033e-05
2024-11-12 23:25:00+00:00,596.25,596.21,596.25,1,195,596.2102040816327,1.6118612973829226e-08,-7.447204652955008e-08
2024-11-12 23:26:00+00:00,596.23,596.21,596.29,1,500,596.2101596806386,1.2644639666721532e-08,-8.396480657846261e-05
2024-11-12 23:27:00+00:00,596.17,596.16,596.17,1,100,596.1600990099009,7.3422179024182986e-09,4.596246904919887e-05
2024-11-12 23:28:00+00:00,596.16,596.16,596.22,1100,1100,596.19,9.401819280859865e-09,-0.00012966051820595403
2024-11-12 23:29:00+00:00,596.15,596.11,596.13,5,500,596.110198019802,1.3667689914948678e-08,3.0073265408825378e-05
2024-11-12 23:30:00+00:00,596.07,596.08,596.14,1100,500,596.12125,5.3171012110541245e-08,7.459401884890582e-05
2024-11-12 23:31:00+00:00,596.07,596.14,596.22,1100,1600,596.1725925925925,1.0117909747974935e-08,-1.988752321191445e-05
2024-11-12 23:32:00+00:00,596.19,596.16,596.2,30,1600,596.160736196319,4.383282896917349e-08,-0.00010184746217578589
2024-11-12 23:33:00+00:00,596.12,596.1,596.13,1,1600,596.1000187382886,1.8811383341100266e-08,8.208124239961201e-05
2024-11-12 23:34:00+00:00,596.04,596.12,596.17,1100,800,596.1489473684211,1.1715758280836677e-08,3.348189188656647e-05
2024-11-12 23:35:00+00:00,596.13,596.16,596.2,318,1110,596.1689075630252,5.951970751541306e-09,3.6391842914706984e-05
2024-11-12 23:36:00+00:00,596.17,596.15,596.19,3500,1100,596.1804347826087,4.0688532168751215e-08,-0.00014861564032908614
2024-11-12 23:37:00+00:00,596.12,596.08,596.15,1100,1300,596.1120833333333,1.1359347350453462e-08,8.0573408627993e-05
2024-11-12 23:38:00+00:00,596.18,596.15,596.18,1,1000,596.15002997003,1.440958684599547e-08,2.9562460772680765e-06
2024-11-12 23:39:00+00:00,596.15,596.15,596.22,1100,110,596.2136363636364,2.425548034791318e-08,8.265559220710372e-05
2024-11-12 23:40:00+00:00,596.2,596.2,596.25,24,1100,596.2010676156584,1.81425333989271e-08,0.0001644470310071533
2024-11-12 23:41:00+00:00,596.24,596.26,596.3,1100,25,596.2991111111111,1.0272211843326422e-09,3.073984483803471e-05
2024-11-12 23:42:00+00:00,596.32,596.26,596.32,1100,49,596.3174412532637,1.5999792182383883e-08,-0.00012148102378406467
2024-11-12 23:43:00+00:00,596.32,596.21,596.28,1100,1100,596.245,2.5620683390842922e-08,0.00010777324633193253
2024-11-12 23:44:00+00:00,596.32,596.33,596.36,938,1000,596.3445201238391,9.45376049311269e-09,-5.671664869000281e-05
2024-11-12 23:45:00+00:00,596.33,596.26,596.34,1100,4600,596.2754385964912,8.877374397764153e-09,9.990479029853283e-05
2024-11-12 23:46:00+00:00,596.33,596.32,596.35,801,800,596.3350093691444,4.250107662561544e-08,-0.00015923075408896814
2024-11-12 23:47:00+00:00,596.29,596.24,596.3,1,1100,596.2400544959129,1.4066579032539215e-08,5.094289298157584e-05
2024-11-12 23:48:00+00:00,596.29,596.25,596.31,826,1600,596.2704286892003,9.571122304932595e-09,3.063536626113361e-05
2024-11-12 23:49:00+00:00,596.27,596.26,596.29,1100,50,596.2886956521739,6.112983509535206e-09,1.8957843588962575e-05
2024-11-12 23:50:00+00:00,596.29,596.26,596.34,1100,1100,596.3,1.5073337821445965e-08,-8.198706840334413e-05
2024-11-12 23:51:00+00:00,596.34,596.25,596.3,25,1100,596.2511111111111,2.1145055205737235e-08,5.180516784508704e-05
2024-11-12 23:52:00+00:00,596.29,596.26,596.32,1100,1900,596.282,1.1788362884399758e-08,-2.8007411690178508e-05
2024-11-12 23:53:00+00:00,596.25,596.24,596.3,802,1100,596.2652996845426,9.305406277419106e-09,7.246513899339391e-05
2024-11-12 23:54:00+00:00,596.25,596.29,596.35,1100,2466,596.3085081323611,1.52917618221869e-08,4.2707321451285196e-05
2024-11-12 23:55:00+00:00,596.33,596.29,596.36,1100,651,596.333974871502,1.45317593513344e-09,7.477805717037711e-05
2024-11-12 23:56:00+00:00,596.38,596.37,596.38,317,53,596.3785675675676,1.407084797694067e-08,-7.980158979470353e-05
2024-11-12 23:57:00+00:00,596.37,596.33,596.37,20,800,596.3309756097563,3.124959023449234e-09,9.822387598323878e-05
2024-11-12 23:58:00+00:00,596.38,596.34,596.39,1100,10,596.3895495495495,6.110331386623466e-09,1.510591360887048e-07
2024-11-12 23:59:00+00:00,596.38,596.35,596.39,1100,10,596.3896396396397,2.7336403698483055e-08,1.75183310162641e-05
