ts_recv,price,bid_px_00,ask_px_00,bid_sz_00,ask_sz_00,weighted_mid,rv_60s,ret_60s
2021-04-21 08:01:00+00:00,412.48,412.42,412.47,500,500,412.445,4.479066000618467e-08,-0.00012122093728028638
2021-04-21 08:02:00+00:00,412.48,412.4,412.44,500,500,412.42,3.074061722872875e-08,0.00012123563357735456
2021-04-21 08:03:00+00:00,412.47,412.45,412.49,500,500,412.47,3.6736289087643226e-09,6.061046864003217e-05
2021-04-21 08:04:00+00:00,412.47,412.47,412.52,500,500,412.495,1.8916714930482807e-08,-0.00013196272018856092
2021-04-21 08:05:00+00:00,412.47,412.44,412.45,3,50,412.44056603773583,1.9381435530048743e-08,1.0750548392390868e-05
2021-04-21 08:06:00+00:00,412.45,412.43,412.46,111,100,412.4457819905213,1.7577322789456633e-08,-0.00014143299914737284
2021-04-21 08:07:00+00:00,412.43,412.39,412.44,500,1000,412.4066666666667,4.041748460276505e-08,4.041514436292637e-05
2021-04-21 08:08:00+00:00,412.43,412.37,412.41,500,100,412.4033333333333,1.3609605271458718e-08,0.00012354987662344108
2021-04-21 08:09:00+00:00,412.43,412.42,412.46,600,100,412.45428571428573,2.9339838224334226e-08,0.00019973353468327737
2021-04-21 08:10:00+00:00,412.43,412.5,412.54,500,100,412.53333333333336,6.604426612351354e-08,-0.000282706377227826
2021-04-21 08:11:00+00:00,412.5,412.42,412.44,1,600,412.42003327787023,1.0029555376400807e-08,1.2026767276518413e-05
2021-04-21 08:12:00+00:00,412.41,412.37,412.42,500,100,412.4116666666667,4.1790853286109865e-08,6.86993594793961e-05
2021-04-21 08:13:00+00:00,412.43,412.42,412.46,500,100,412.4533333333333,1.9180754195712047e-08,-1.847250828945768e-05
2021-04-21 08:14:00+00:00,412.43,412.41,412.45,100,100,412.43,3.7662514050815493e-08,7.100501537871118e-05
2021-04-21 08:15:00+00:00,412.43,412.45,412.48,500,100,412.475,4.4229161390248117e-08,-2.424389356947554e-05
2021-04-21 08:16:00+00:00,412.43,412.46,412.49,100,500,412.465,4.152937589227441e-08,0.00019946596019737584
2021-04-21 08:17:00+00:00,412.55,412.52,412.55,500,50,412.54727272727274,5.3585977882936024e-08,-0.00012843864567757546
2021-04-21 08:18:00+00:00,412.5,412.47,412.52,600,600,412.495,6.662257897504962e-08,-9.927987458413501e-05
2021-04-21 08:19:00+00:00,412.43,412.42,412.46,500,100,412.4533333333333,3.2309568457652164e-08,-0.00014143014159173628
2021-04-21 08:20:00+00:00,412.41,412.38,412.41,100,100,412.395,7.087575527555019e-09,6.503032727889213e-05
2021-04-21 08:21:00+00:00,412.38,412.4,412.44,600,500,412.4218181818182,2.414972021067843e-08,0.00017138234464275648
2021-04-21 08:22:00+00:00,412.49,412.49,412.5,200,1400,412.49125,2.0960817259781514e-08,-0.00023618665630775748
2021-04-21 08:23:00+00:00,412.49,412.37,412.42,503,500,412.395074775673,1.1175289158156105e-08,-0.00019417005820576705
2021-04-21 08:24:00+00:00,412.37,412.31,412.34,100,500,412.315,2.2087620216760307e-08,-2.4015524015319478e-05
2021-04-21 08:25:00+00:00,412.37,412.3,412.31,104,100,412.30509803921564,2.7562858468553488e-08,0.00023825874233640576
2021-04-21 08:26:00+00:00,412.3,412.38,412.41,100,100,412.395,2.3278208130789754e-08,-0.00018994350191148257
2021-04-21 08:27:00+00:00,412.36,412.3,412.33,500,100,412.325,1.8614894979894688e-08,2.829483215105455e-05
2021-04-21 08:28:00+00:00,412.36,412.33,412.37,100,500,412.33666666666664,3.349038134857823e-08,-3.233603608698843e-05
2021-04-21 08:29:00+00:00,412.36,412.31,412.34,100,500,412.315,1.905755671054137e-08,-4.619583105724967e-05
2021-04-21 08:30:00+00:00,412.29,412.27,412.31,600,100,412.3042857142857,2.6755397024462088e-08,-8.315633737909778e-05
2021-04-21 08:31:00+00:00,412.25,412.25,412.29,500,500,412.27,2.8371270581543294e-08,-5.8214277051438224e-05
2021-04-21 08:32:00+00:00,412.28,412.24,412.27,100,400,412.246,1.9148522541278907e-08,-2.4257360895507674e-06
2021-04-21 08:33:00+00:00,412.26,412.23,412.26,100,91,412.24570680628267,4.021613485174889e-08,0.0
2021-04-21 08:34:00+00:00,412.26,412.22,412.25,100,100,412.235,3.6411020349141324e-08,-7.277225921487052e-05
2021-04-21 08:35:00+00:00,412.26,412.21,412.25,100,600,412.2157142857143,2.998936155869576e-08,0.0001981166785942623
2021-04-21 08:36:00+00:00,412.29,412.29,412.31,50,100,412.2966666666667,3.6380543626722023e-08,-0.00018590178588240303
2021-04-21 08:37:00+00:00,412.28,412.2,412.24,501,500,412.22001998001997,1.7861726272622305e-08,-1.2198096268623004e-05
2021-04-21 08:38:00+00:00,412.2,412.21,412.24,100,501,412.2149916805324,4.277574160911413e-08,2.018235067957619e-08
2021-04-21 08:39:00+00:00,412.2,412.21,412.24,100,500,412.215,4.872375958554192e-08,-4.8518370267869315e-05
2021-04-21 08:40:00+00:00,412.18,412.18,412.21,100,100,412.195,3.3821455664242805e-08,4.449890986579774e-05
2021-04-21 08:41:00+00:00,412.24,412.2,412.24,500,999,412.21334222815216,3.0260731917062586e-08,7.679948367678158e-05
2021-04-21 08:42:00+00:00,412.24,412.23,412.26,100,100,412.245,3.2519891287847356e-08,-0.00018193064803695425
2021-04-21 08:43:00+00:00,412.24,412.15,412.19,500,500,412.17,4.0532776995288037e-08,-0.00016867751055094082
2021-04-21 08:44:00+00:00,412.13,412.1,412.11,5,100,412.10047619047623,2.4945447452432266e-08,-0.00020741589834205598
2021-04-21 08:45:00+00:00,412.1,412.01,412.05,100,500,412.01666666666665,3.281743041975517e-08,0.0002548450905914823
2021-04-21 08:46:00+00:00,412.1,412.1,412.13,500,100,412.125,4.8157804100709594e-08,0.0
2021-04-21 08:47:00+00:00,412.1,412.1,412.14,500,500,412.12,1.4222190666444877e-08,9.148350549614825e-05
2021-04-21 08:48:00+00:00,412.1,412.12,412.16,500,179,412.14945508100146,2.4573101093373418e-08,1.3662612680764852e-05
2021-04-21 08:49:00+00:00,412.16,412.15,412.19,500,1000,412.16333333333336,9.069267609024128e-09,-0.00010954762711756771
2021-04-21 08:50:00+00:00,412.16,412.1,412.14,500,600,412.1181818181818,5.0247923720513e-08,0.00022886197692617571
2021-04-21 08:51:00+00:00,412.16,412.21,412.24,100,1100,412.2125,4.3365839125806195e-08,-0.00010310216211284473
2021-04-21 08:52:00+00:00,412.16,412.15,412.19,500,500,412.17,9.954920923022787e-09,-0.0001091782516923212
2021-04-21 08:53:00+00:00,412.16,412.1,412.13,500,100,412.125,2.2276861928436788e-08,-0.0001334546557476557
2021-04-21 08:54:00+00:00,412.16,412.05,412.09,500,500,412.07,5.4326592698710394e-08,-0.0001334724682700017
2021-04-21 08:55:00+00:00,412.0,412.01,412.04,100,500,412.015,3.294466737182295e-08,0.0001213548050436053
2021-04-21 08:56:00+00:00,412.0,412.06,412.09,100,500,412.065,3.296267329726131e-08,2.4268015968331724e-05
2021-04-21 08:57:00+00:00,412.0,412.05,412.08,500,100,412.075,4.844691664192457e-08,-0.00013347084875325876
2021-04-21 08:58:00+00:00,412.0,412.02,412.06,600,100,412.0542857142857,3.640423810490669e-08,0.0002305713314887381
2021-04-21 08:59:00+00:00,412.12,412.1,412.14,600,500,412.1218181818182,3.4831007741567474e-08,-1.2132535821329782e-05
2021-04-21 09:00:00+00:00,412.12,412.1,412.14,500,500,412.12,3.977516794333233e-08,0.0001455921962583151
2021-04-21 09:01:00+00:00,412.12,412.15,412.19,500,500,412.17,1.7941489666715444e-08,-4.0301376528995014e-05
2021-04-21 09:02:00+00:00,412.16,412.1,412.14,500,500,412.12,4.028050323875064e-08,0.00011394945230858156
2021-04-21 09:03:00+00:00,412.24,412.2,412.22,9,500,412.2003536345776,3.99132417993847e-08,-1.2987942708875266e-05
2021-04-21 09:04:00+00:00,412.2,412.17,412.22,500,500,412.195,3.444324933523266e-08,-0.00015705392376230698
2021-04-21 09:05:00+00:00,412.16,412.13,412.16,1,113,412.1302631578948,3.769699604376531e-08,0.00010855024759037768
2021-04-21 09:06:00+00:00,412.13,412.14,412.17,100,500,412.145,2.142888664041457e-08,-7.278461818405191e-05
2021-04-21 09:07:00+00:00,412.13,412.13,412.16,100,100,412.145,2.931540070638954e-08,0.00012131652695046569
2021-04-21 09:08:00+00:00,412.2,412.19,412.22,100,500,412.195,2.511830470694554e-08,0.00019138730185686015
2021-04-21 09:09:00+00:00,412.3,412.26,412.31,500,1800,412.27086956521737,2.2750408669757875e-08,-0.00010204552896642127
2021-04-21 09:10:00+00:00,412.3,412.21,412.25,600,500,412.2318181818182,4.2447838060031394e-08,-6.332334126712968e-05
2021-04-21 09:11:00+00:00,412.3,412.18,412.22,600,100,412.2142857142857,2.980515662404265e-08,0.00019234501497167322
2021-04-21 09:12:00+00:00,412.3,412.26,412.31,500,1000,412.27666666666664,3.8151389195843934e-08,-0.00030318832846210064
2021-04-21 09:13:00+00:00,412.27,412.14,412.18,500,500,412.16,1.1581868554380617e-08,4.04373706004435e-05
2021-04-21 09:14:00+00:00,412.16,412.18,412.21,100,500,412.185,6.900236528566424e-09,0.0
2021-04-21 09:15:00+00:00,412.16,412.17,412.21,100,500,412.1766666666667,5.46140054262577e-09,-4.043573548551116e-05
2021-04-21 09:16:00+00:00,412.16,412.14,412.18,500,500,412.16,3.089969487548836e-08,5.514186900046347e-05
2021-04-21 09:17:00+00:00,412.16,412.16,412.21,500,600,412.1827272727273,3.99209723349801e-08,4.970371544321672e-05
2021-04-21 09:18:00+00:00,412.16,412.2,412.23,60,500,412.20321428571424,8.915973326973645e-08,1.64620605822563e-05
2021-04-21 09:19:00+00:00,412.2,412.2,412.26,1000,500,412.24,3.043221951659607e-08,8.086493130532446e-05
2021-04-21 09:20:00+00:00,412.2,412.21,412.25,500,100,412.24333333333334,3.159803149600462e-08,0.00020354009196110745
2021-04-21 09:21:00+00:00,412.2,412.31,412.35,500,660,412.32724137931035,1.1335398584842701e-08,-0.00010244624917099543
2021-04-21 09:22:00+00:00,412.3,412.26,412.3,500,300,412.285,7.390179266414638e-09,2.0212555230880724e-05
2021-04-21 09:23:00+00:00,412.3,412.26,412.3,500,100,412.29333333333335,3.676331847218582e-08,0.00017555693126469762
2021-04-21 09:24:00+00:00,412.35,412.34,412.37,600,100,412.36571428571426,3.3346566682538184e-08,-0.0001592140258035446
2021-04-21 09:25:00+00:00,412.35,412.3,412.33,1,500,412.3000598802395,2.131814550620983e-08,2.4108945711587282e-05
2021-04-21 09:26:00+00:00,412.35,412.29,412.33,500,500,412.31,3.953883073027816e-08,-0.0001333947757755638
2021-04-21 09:27:00+00:00,412.35,412.25,412.28,100,500,412.255,3.575351830136082e-08,7.277049399045943e-05
2021-04-21 09:28:00+00:00,412.3,412.27,412.3,100,100,412.285,2.7066573503501163e-08,0.0
2021-04-21 09:29:00+00:00,412.3,412.27,412.3,100,100,412.285,3.6783691777585005e-08,-4.851013255402492e-05
2021-04-21 09:30:00+00:00,412.26,412.24,412.27,500,100,412.265,4.220553668765941e-08,-0.00012770198494549412
2021-04-21 09:31:00+00:00,412.26,412.2,412.23,350,500,412.21235294117645,1.5488288128348234e-08,8.786366331947626e-05
2021-04-21 09:32:00+00:00,412.2,412.22,412.25,100,5,412.24857142857144,5.5649238280188726e-08,-0.00022697817544203858
2021-04-21 09:33:00+00:00,412.2,412.15,412.18,100,500,412.155,2.8309140666918317e-08,-0.00022239473459340076
2021-04-21 09:34:00+00:00,412.08,412.06,412.08,100,499,412.06333889816364,1.9882066310046637e-08,3.234398026918939e-05
2021-04-21 09:35:00+00:00,412.06,412.07,412.11,100,500,412.07666666666665,1.727241034079886e-08,-0.00018552713284458733
2021-04-21 09:36:00+00:00,412.01,412.0,412.01,11,500,412.00021526418783,8.847660684126005e-08,-0.0003782291826295303
2021-04-21 09:37:00+00:00,411.87,411.85,411.88,100,500,411.855,2.7882903236345725e-08,-8.339275861590778e-05
2021-04-21 09:38:00+00:00,411.87,411.82,411.86,100,500,411.82666666666665,7.504836644880955e-08,0.0002163286097878192
2021-04-21 09:39:00+00:00,411.81,411.87,411.9,100,3,411.89912621359224,4.7907958988277367e-08,-3.42953230372256e-05
2021-04-21 09:40:00+00:00,411.9,411.86,411.88,100,500,411.86333333333334,3.2739494662203706e-08,-9.441686123279336e-05
2021-04-21 09:41:00+00:00,411.88,411.81,411.86,1300,500,411.8461111111111,3.275842843588368e-08,-9.982153528209636e-05
2021-04-21 09:42:00+00:00,411.8,411.79,411.82,100,100,411.805,2.1546581551225434e-08,0.0
2021-04-21 09:43:00+00:00,411.8,411.78,411.83,500,500,411.805,1.3628869377250881e-08,4.85666759753034e-05
2021-04-21 09:44:00+00:00,411.8,411.82,411.86,100,500,411.82666666666665,7.564338411697546e-08,0.00017640274102714848
2021-04-21 09:45:00+00:00,411.8,411.83,411.88,500,100,411.87166666666667,7.386472045777523e-08,-2.3801839216242016e-06
2021-04-21 09:46:00+00:00,411.8,411.89,411.92,100,100,411.905,3.92576541672797e-08,1.849747336080121e-05
2021-04-21 09:47:00+00:00,411.8,411.9,411.93,100,600,411.9042857142857,3.040744686123552e-08,2.1992273412152485e-05
2021-04-21 09:48:00+00:00,411.8,411.88,411.92,501,100,411.9133444259568,1.1770156786828746e-07,5.8090619397876964e-05
2021-04-21 09:49:00+00:00,412.06,411.91,411.96,600,500,411.9372727272727,1.3320579880132067e-08,0.00015222539158021853
2021-04-21 09:50:00+00:00,412.06,411.99,412.0,500,1,411.99998003992016,2.2740014751836236e-08,0.00013023380173704524
2021-04-21 09:51:00+00:00,412.0,412.06,412.09,100,500,412.065,3.7093297510152657e-08,0.00016914538192658313
2021-04-21 09:52:00+00:00,412.14,412.09,412.13,500,100,412.12333333333333,4.893855733072438e-08,-9.039745859529269e-06
2021-04-21 09:53:00+00:00,412.14,412.1,412.12,100,2,412.1196078431372,7.056661493139211e-09,-8.397524038794568e-05
2021-04-21 09:54:00+00:00,412.14,412.06,412.11,500,500,412.085,1.7332341023005936e-08,-0.00010111182563454779
2021-04-21 09:55:00+00:00,412.05,412.01,412.06,1000,500,412.04333333333335,1.2338867753159377e-08,-4.853858412956491e-05
2021-04-21 09:56:00+00:00,412.05,411.99,412.03,500,100,412.0233333333333,4.23212977873828e-08,-3.5394435590085926e-05
2021-04-21 09:57:00+00:00,412.04,411.99,412.04,600,1000,412.00875,3.8053200612346754e-08,8.393834677855594e-05
2021-04-21 09:58:00+00:00,412.04,412.01,412.05,500,100,412.04333333333335,5.740090853740362e-08,7.280787619423634e-05
2021-04-21 09:59:00+00:00,412.06,412.04,412.08,500,100,412.0733333333333,1.2617707094163447e-08,0.0
2021-04-21 10:00:00+00:00,412.06,412.04,412.08,500,100,412.0733333333333,2.208770926793046e-08,-0.0001643113685265707
2021-04-21 10:01:00+00:00,412.06,411.99,412.04,500,1100,412.005625,3.563947186759819e-08,7.129757026991257e-05
2021-04-21 10:02:00+00:00,412.06,412.01,412.06,500,500,412.035,5.761436097086164e-09,7.282953988752006e-05
2021-04-21 10:03:00+00:00,412.06,412.04,412.07,501,100,412.06500831946755,1.3179255754262685e-08,-2.0189696692263226e-08
2021-04-21 10:04:00+00:00,412.06,412.04,412.07,500,100,412.065,1.9327032414671016e-08,-0.0001334740878259355
2021-04-21 10:05:00+00:00,412.06,411.99,412.03,500,500,412.01,3.620154517587623e-08,0.0001689375510207647
2021-04-21 10:06:00+00:00,412.06,412.04,412.08,500,5,412.07960396039607,7.598899855480442e-08,0.00017044443932467956
2021-04-21 10:07:00+00:00,412.12,412.11,412.15,500,2,412.1498406374502,3.866529812900745e-09,3.567832774731272e-05
2021-04-21 10:08:00+00:00,412.15,412.14,412.17,500,600,412.15363636363634,1.7962889621815335e-08,-1.054781346776501e-05
2021-04-21 10:09:00+00:00,412.17,412.16,412.17,1,100,412.160099009901,6.695891965819911e-08,-0.00026074994041414
2021-04-21 10:10:00+00:00,412.1,412.05,412.08,10,100,412.0527272727273,1.545747559616002e-08,0.00011482163514209276
2021-04-21 10:11:00+00:00,412.1,412.06,412.1,500,100,412.0933333333333,2.1714326730626916e-08,3.630225167738921e-05
2021-04-21 10:12:00+00:00,412.1,412.09,412.12,500,100,412.115,2.9374617122427396e-08,-5.2574321892429055e-05
2021-04-21 10:13:00+00:00,412.1,412.06,412.1,500,100,412.0933333333333,4.191490416311986e-08,-0.00010510573637068088
2021-04-21 10:14:00+00:00,412.1,412.05,412.06,1,500,412.05001996007985,1.7300346853326105e-08,0.00010742810838881844
2021-04-21 10:15:00+00:00,412.05,412.06,412.1,600,100,412.0942857142857,3.4167243228813496e-08,3.004397976424933e-05
2021-04-21 10:16:00+00:00,412.05,412.09,412.14,500,1000,412.1066666666667,1.782606178760799e-07,0.0001900802381260558
2021-04-21 10:17:00+00:00,412.22,412.17,412.2,100,100,412.185,3.5440448438847375e-08,-0.00029113140943992644
2021-04-21 10:18:00+00:00,412.13,412.05,412.08,100,100,412.065,5.234852249250218e-08,-0.00014965276513823067
2021-04-21 10:19:00+00:00,412.02,412.0,412.01,300,600,412.00333333333333,5.0723885379891945e-08,-0.000299350328880843
2021-04-21 10:20:00+00:00,411.86,411.86,411.89,100,500,411.865,1.9698575176634265e-08,7.945827116473403e-05
2021-04-21 10:21:00+00:00,411.86,411.91,411.94,100,1000,411.9127272727273,2.569603027643091e-08,-0.00014419059053405459
2021-04-21 10:22:00+00:00,411.86,411.85,411.88,100,100,411.865,3.966751324032818e-08,4.856097639938106e-05
2021-04-21 10:23:00+00:00,411.86,411.84,411.88,500,100,411.87333333333333,5.5685062964855996e-08,1.61862061152096e-05
2021-04-21 10:24:00+00:00,411.89,411.86,411.9,600,100,411.89428571428573,1.3269551990924358e-08,-7.283674856750633e-05
2021-04-21 10:25:00+00:00,411.89,411.84,411.88,500,100,411.87333333333333,3.635982979285898e-08,4.808056379701497e-07
2021-04-21 10:26:00+00:00,411.81,411.85,411.88,1,1000,411.85002997003,1.6257012073951034e-08,0.00010547122240844864
2021-04-21 10:27:00+00:00,411.81,411.89,411.93,100,1000,411.89363636363635,6.073899779756681e-08,0.00014346157326583509
2021-04-21 10:28:00+00:00,411.94,411.91,411.96,500,1100,411.925625,4.947631540790591e-08,2.8057689130944752e-05
2021-04-21 10:29:00+00:00,411.95,411.93,411.97,600,100,411.9642857142857,2.2399730309912165e-08,-2.805690191909349e-05
2021-04-21 10:30:00+00:00,411.95,411.95,411.98,100,1000,411.95272727272726,4.066962815095441e-08,0.0001941970393779524
2021-04-21 10:31:00+00:00,412.05,412.03,412.06,100,1000,412.0327272727273,2.8170349372038125e-08,0.00016988941743378838
2021-04-21 10:32:00+00:00,412.05,412.1,412.13,100,1000,412.1027272727273,3.7258644544524827e-08,-2.205981297698223e-05
2021-04-21 10:33:00+00:00,412.05,412.09,412.13,100,1000,412.09363636363634,1.4094521028003718e-08,0.00010037436328458327
2021-04-21 10:34:00+00:00,412.05,412.12,412.15,100,100,412.135,7.368710943244996e-08,-0.00024263894112352968
2021-04-21 10:35:00+00:00,412.12,412.02,412.06,100,1000,412.02363636363634,4.3636763118690594e-08,9.376961577611809e-05
2021-04-21 10:36:00+00:00,412.1,412.09,412.13,100,1000,412.09363636363634,2.1895189037758928e-08,-5.663874578187844e-05
2021-04-21 10:37:00+00:00,412.1,412.05,412.08,10,1000,412.05029702970296,3.037350716778615e-08,5.664195391097415e-05
2021-04-21 10:38:00+00:00,412.1,412.08,412.11,100,1000,412.08272727272725,2.8823487226970025e-08,0.00019744926436349175
2021-04-21 10:39:00+00:00,412.1,412.13,412.16,500,100,412.155,2.824054688426679e-08,-2.5995767888864485e-05
2021-04-21 10:40:00+00:00,412.1,412.14,412.17,100,600,412.14428571428573,1.8190923000999075e-08,4.621589988706987e-05
2021-04-21 10:41:00+00:00,412.17,412.13,412.17,500,100,412.16333333333336,3.579008154895915e-08,-0.00037948610116600445
2021-04-21 10:42:00+00:00,412.03,412.06,412.11,500,1000,412.07666666666665,8.33086548067679e-08,0.0002380467841278655
2021-04-21 10:43:00+00:00,412.12,412.08,412.13,500,500,412.105,6.651109986556268e-09,0.0
2021-04-21 10:44:00+00:00,412.12,412.08,412.13,500,500,412.105,1.4414641944453985e-08,3.64951666138591e-05
2021-04-21 10:45:00+00:00,412.12,412.12,412.13,2,500,412.12003984063745,5.344317157562847e-08,0.000129315460409396
2021-04-21 10:46:00+00:00,412.15,412.17,412.21,100,1100,412.17333333333335,4.578593290856496e-08,-2.426163749880139e-05
2021-04-21 10:47:00+00:00,412.15,412.13,412.17,500,100,412.16333333333336,1.3974802350826895e-08,-4.274773177070923e-05
2021-04-21 10:48:00+00:00,412.16,412.14,412.18,100,600,412.1457142857143,4.103936643711525e-08,0.00019641689370142323
2021-04-21 10:49:00+00:00,412.25,412.22,412.27,100,500,412.22833333333335,6.58227736600171e-08,0.00028301581654099905
2021-04-21 10:50:00+00:00,412.3,412.31,412.35,500,100,412.3433333333333,7.565967507383144e-08,0.00048503269928801274
2021-04-21 10:51:00+00:00,412.53,412.51,412.55,500,100,412.54333333333335,4.8338176307388557e-08,2.8279857469559744e-05
2021-04-21 10:52:00+00:00,412.53,412.55,412.58,100,500,412.555,5.7158091347771016e-08,-0.00013326717630413043
2021-04-21 10:53:00+00:00,412.53,412.5,412.51,2,1000,412.50001996007984,2.9567165113917553e-08,2.413620063812516e-07
2021-04-21 10:54:00+00:00,412.53,412.5,412.53,2,500,412.5001195219123,5.6284543540999944e-08,-4.877458444285665e-05
2021-04-21 10:55:00+00:00,412.48,412.46,412.5,100,100,412.48,3.6730128334039546e-08,-1.6162399793073767e-05
2021-04-21 10:56:00+00:00,412.52,412.44,412.48,500,100,412.47333333333336,4.905101750254911e-08,0.00020570659480645404
2021-04-21 10:57:00+00:00,412.51,412.54,412.58,500,600,412.5581818181818,3.2207274883018275e-08,-7.63895927994307e-05
2021-04-21 10:58:00+00:00,412.51,412.52,412.55,100,100,412.535,8.395733054337655e-08,0.0004565361431179138
2021-04-21 10:59:00+00:00,412.7,412.7,412.73,100,100,412.715,5.4425299679959436e-08,2.01914961495131e-05
2021-04-21 11:00:00+00:00,412.75,412.76,412.77,500,100,412.7683333333333,7.287750551601858e-08,-5.467125491032121e-05
2021-04-21 11:01:00+00:00,412.7,412.7,412.71,620,700,412.70469696969695,6.933600720961264e-08,-7.772615021772733e-05
2021-04-21 11:02:00+00:00,412.65,412.65,412.67,200,14,412.66869158878507,3.8638311540257765e-08,-0.0003999703115670217
2021-04-21 11:03:00+00:00,412.55,412.5,412.54,100,1000,412.50363636363636,3.664058064083512e-08,0.0001020061845971032
2021-04-21 11:04:00+00:00,412.54,412.52,412.56,600,100,412.5542857142857,2.5521334499324206e-08,0.00011936644896004545
2021-04-21 11:05:00+00:00,412.6,412.57,412.6,500,101,412.59495840266226,2.4893793260741753e-08,-7.811808961444289e-05
2021-04-21 11:06:00+00:00,412.6,412.54,412.59,500,600,412.5627272727273,2.4330525463625623e-08,-0.00015810267970273184
2021-04-21 11:07:00+00:00,412.51,412.44,412.49,600,700,412.4630769230769,7.347534909757978e-08,-0.00020173282435476114
2021-04-21 11:08:00+00:00,412.4,412.41,412.44,100,600,412.4142857142857,2.653512148326796e-08,-0.00011950535176141752
2021-04-21 11:09:00+00:00,412.4,412.34,412.39,500,500,412.365,1.8021747560053208e-08,-7.605794954390621e-05
2021-04-21 11:10:00+00:00,412.35,412.33,412.37,100,1000,412.33363636363634,7.677025717399945e-08,5.5853563714736154e-05
2021-04-21 11:11:00+00:00,412.35,412.34,412.38,120,100,412.3618181818182,4.62652042660333e-08,-1.3962611066897779e-05
2021-04-21 11:12:00+00:00,412.36,412.34,412.36,120,100,412.35090909090917,2.4549186692469257e-08,-7.192682313839072e-05
2021-04-21 11:13:00+00:00,412.32,412.31,412.34,300,500,412.32125,1.1686235241700413e-08,5.760071788696308e-05
2021-04-21 11:14:00+00:00,412.32,412.34,412.37,100,500,412.345,4.0037010005030264e-08,-6.738746740209134e-05
2021-04-21 11:15:00+00:00,412.31,412.31,412.35,220,1000,412.3172131147541,1.2717915870954826e-08,3.1162892642822015e-05
2021-04-21 11:16:00+00:00,412.34,412.3,412.34,605,200,412.33006211180117,1.9329262624781314e-08,-4.0918500255893164e-05
2021-04-21 11:17:00+00:00,412.32,412.31,412.35,104,1200,412.3131901840491,1.7631719180872185e-08,0.00014276674109092724
2021-04-21 11:18:00+00:00,412.33,412.36,412.39,440,100,412.38444444444445,2.9423720353271e-08,3.218527572101948e-05
2021-04-21 11:19:00+00:00,412.36,412.35,412.39,760,100,412.3853488372093,1.6107359010557976e-08,0.00011980475147077563
2021-04-21 11:20:00+00:00,412.41,412.42,412.45,100,1200,412.4223076923077,6.243846402643322e-08,-0.00021150697912863947
2021-04-21 11:21:00+00:00,412.37,412.34,412.37,200,600,412.3475,1.9117783349715856e-08,0.00018998323584829002
2021-04-21 11:22:00+00:00,412.37,412.4,412.43,621,100,412.425839112344,5.097023972781247e-09,-6.557283529884383e-05
2021-04-21 11:23:00+00:00,412.4,412.39,412.4,730,100,412.3987951807229,2.2591928700637497e-10,3.5156324518226256e-09
2021-04-21 11:24:00+00:00,412.4,412.39,412.4,731,100,412.3987966305655,1.4829154356553197e-08,-0.00018847097185814565
2021-04-21 11:25:00+00:00,412.34,412.32,412.33,12,100,412.32107142857143,6.643609698397244e-09,3.937017718391722e-05
2021-04-21 11:26:00+00:00,412.32,412.32,412.35,642,100,412.3459568733154,1.0260930352168168e-08,-9.883174410885154e-05
2021-04-21 11:27:00+00:00,412.3,412.29,412.3,536,282,412.2965525672372,2.557368569318791e-08,7.974086451589812e-06
2021-04-21 11:28:00+00:00,412.3,412.29,412.33,616,600,412.3102631578948,1.6345759053508023e-08,-0.00029060447247331034
2021-04-21 11:29:00+00:00,412.2,412.18,412.2,30,24889,412.18002407801276,7.376325055876594e-09,6.349954384532452e-08
2021-04-21 11:30:00+00:00,412.19,412.18,412.19,1,298,412.18003344481605,3.22504233262212e-08,0.00025806633875546936
2021-04-21 11:31:00+00:00,412.23,412.26,412.29,738,100,412.28642004773275,2.9657158950563792e-08,-9.873175549590663e-05
2021-04-21 11:32:00+00:00,412.24,412.24,412.28,100,600,412.2457142857143,2.4281745866381565e-08,-4.902515428306664e-05
2021-04-21 11:33:00+00:00,412.2,412.21,412.25,500,790,412.2255038759689,1.3727045952109574e-08,4.433748661147874e-05
2021-04-21 11:34:00+00:00,412.25,412.24,412.25,107,176,412.2437809187279,1.0816574304711666e-10,-1.894312938288678e-06
2021-04-21 11:35:00+00:00,412.25,412.24,412.25,75,175,412.243,2.6641647814235615e-09,-5.567303670928059e-05
2021-04-21 11:36:00+00:00,412.24,412.22,412.25,1,609,412.22004918032786,2.0839901423013923e-08,-9.691347599349864e-05
2021-04-21 11:37:00+00:00,412.18,412.18,412.2,501,200,412.19429386590576,2.669678681558626e-09,6.734347534731455e-05
2021-04-21 11:38:00+00:00,412.21,412.2,412.21,605,165,412.2078571428571,4.7402901600454696e-09,7.342862737425015e-05
2021-04-21 11:39:00+00:00,412.21,412.21,412.24,1500,100,412.238125,1.6199259553602865e-08,-0.00011247566741134918
2021-04-21 11:40:00+00:00,412.19,412.19,412.2,28,1600,412.19017199017196,2.638698156646646e-08,7.111541224946727e-05
2021-04-21 11:41:00+00:00,412.21,412.22,412.23,120,1100,412.22098360655747,2.5393765923033432e-08,-1.1420552063157174e-05
2021-04-21 11:42:00+00:00,412.2,412.18,412.22,1000,600,412.205,6.718683379830858e-09,-8.409246457996566e-05
2021-04-21 11:43:00+00:00,412.18,412.18,412.2,65,700,412.18169934640525,8.489218187623524e-09,5.248652951439503e-05
2021-04-21 11:44:00+00:00,412.2,412.2,412.22,20,100,412.2033333333333,3.742777908419636e-08,-4.582420218723904e-05
2021-04-21 11:45:00+00:00,412.23,412.17,412.19,20,200,412.1718181818182,5.7844270106615195e-08,-0.00010750736980569275
2021-04-21 11:46:00+00:00,412.14,412.12,412.14,3,491,412.1201214574899,4.802093986114015e-08,2.418576298790498e-05
2021-04-21 11:47:00+00:00,412.12,412.15,412.17,1,200,412.15009950248754,4.9127853128775164e-08,4.135230023205594e-05
2021-04-21 11:48:00+00:00,412.14,412.16,412.17,500,200,412.16714285714284,1.0233704781683809e-08,-0.00011684126697519837
2021-04-21 11:49:00+00:00,412.11,412.11,412.12,1000,113,412.11898472596584,3.01024937376716e-08,-0.00019524994098696347
2021-04-21 11:50:00+00:00,412.04,412.01,412.04,600,140,412.03432432432436,1.5223559184050895e-08,5.46238312582048e-06
2021-04-21 11:51:00+00:00,412.03,412.01,412.05,2000,600,412.04076923076923,5.316109434168908e-08,-7.87201166925211e-05
2021-04-21 11:52:00+00:00,412.05,411.99,412.01,1100,100,412.0083333333333,2.0678530480714946e-08,7.689967177459955e-05
2021-04-21 11:53:00+00:00,411.98,412.04,412.05,1,600,412.04001663893507,1.5277038019337743e-08,-0.00010921670736530054
2021-04-21 11:54:00+00:00,412.0,411.98,412.01,501,500,411.995014985015,3.55047269126564e-08,0.0001577325273882657
2021-04-21 11:55:00+00:00,412.08,412.03,412.07,100,200,412.04333333333335,3.313102547489321e-08,0.00016975703342869686
2021-04-21 11:56:00+00:00,412.1,412.1,412.13,600,1,412.1299500831947,5.72590192067513e-09,7.410361782866914e-06
2021-04-21 11:57:00+00:00,412.11,412.11,412.14,1118,340,412.1330041152263,4.388616756943872e-09,-5.289904570315862e-05
2021-04-21 11:58:00+00:00,412.11,412.09,412.12,1100,790,412.1074603174603,5.610627364357194e-08,-4.70059696624503e-05
2021-04-21 11:59:00+00:00,412.1,412.09,412.12,39,600,412.09183098591546,2.8006076808595218e-08,-2.830848801682606e-05
2021-04-21 12:00:00+00:00,412.11,412.08,412.1,5,1100,412.08009049773756,3.2583837079381744e-08,7.68793148520075e-06
2021-04-21 12:01:00+00:00,412.09,412.08,412.12,100,1600,412.08235294117645,3.5501388543994006e-08,7.684529828111408e-05
2021-04-21 12:02:00+00:00,412.14,412.09,412.12,100,700,412.09375,3.5267728215740206e-08,-0.0002546277069166436
2021-04-21 12:03:00+00:00,412.06,412.01,412.02,5,775,412.01006410256406,4.655152602317936e-08,-9.69103709378416e-05
2021-04-21 12:04:00+00:00,411.93,411.97,412.0,6,1700,411.9701055099648,2.3157630985902443e-08,4.0125753782094264e-05
2021-04-21 12:05:00+00:00,412.0,411.97,411.99,500,100,411.9866666666667,7.889517126752884e-08,3.5529502150577486e-05
2021-04-21 12:06:00+00:00,412.01,411.99,412.01,130,100,412.001304347826,2.7833109228324094e-08,-0.0001967893569260193
2021-04-21 12:07:00+00:00,411.92,411.89,411.93,1000,1300,411.9073913043478,2.1953751251070918e-08,6.924429063759341e-05
2021-04-21 12:08:00+00:00,411.92,411.93,411.96,1500,300,411.955,1.7831898163169778e-08,-5.765280268477113e-05
2021-04-21 12:09:00+00:00,411.93,411.91,411.94,1000,400,411.93142857142857,3.370898266021371e-08,-6.510452586805382e-05
2021-04-21 12:10:00+00:00,411.9,411.88,411.9,1000,100,411.8981818181818,4.3177210158782345e-08,0.0001119303219558887
2021-04-21 12:11:00+00:00,411.93,411.93,411.95,1000,400,411.94428571428574,1.564636531070535e-08,1.6568737720268345e-05
2021-04-21 12:12:00+00:00,411.92,411.94,411.97,1196,200,411.96570200573075,1.0490469265382902e-08,-0.00010539795196018442
2021-04-21 12:13:00+00:00,411.94,411.9,411.92,500,800,411.9076923076923,3.227080104410952e-08,-0.00018649450524732547
2021-04-21 12:14:00+00:00,411.88,411.83,411.85,6,200,411.83058252427185,6.239575499479062e-08,0.000305447911426171
2021-04-21 12:15:00+00:00,411.9,411.92,411.96,1100,100,411.95666666666665,6.348961056725817e-08,-0.00011328052303227754
2021-04-21 12:16:00+00:00,411.89,411.89,411.92,1000,500,411.91,5.261612389604222e-08,2.0724394567128712e-06
2021-04-21 12:17:00+00:00,411.89,411.89,411.92,1140,500,411.9108536585366,2.0092635218145096e-08,8.777831419504167e-07
2021-04-21 12:18:00+00:00,411.91,411.88,411.91,100,100,411.895,1.6451504219777003e-08,-0.00022773795921249285
2021-04-21 12:19:00+00:00,411.82,411.81,411.82,2000,700,411.8174074074074,1.7195932443751183e-08,-9.142719362809082e-05
2021-04-21 12:20:00+00:00,411.77,411.76,411.78,251,25,411.7781884057971,6.694136518698249e-08,-0.00025439836711182995
2021-04-21 12:21:00+00:00,411.71,411.66,411.69,100,100,411.675,9.313147073317142e-08,-0.00028280350237930296
2021-04-21 12:22:00+00:00,411.57,411.53,411.57,1501,600,411.558576868158,7.1790950122092e-08,6.825224910245176e-05
2021-04-21 12:23:00+00:00,411.56,411.56,411.6,1050,500,411.5870967741935,6.30986812946869e-08,6.710384435604233e-05
2021-04-21 12:24:00+00:00,411.58,411.58,411.62,600,100,411.6142857142857,2.7641778796387602e-08,9.84026148764805e-06
2021-04-21 12:25:00+00:00,411.61,411.61,411.62,501,100,411.61833610648915,3.156024669736537e-08,-0.00011231482972451357
2021-04-21 12:26:00+00:00,411.57,411.57,411.58,405,2000,411.571683991684,2.4120463316703265e-08,-0.00017495416316148926
2021-04-21 12:27:00+00:00,411.52,411.5,411.51,20,2000,411.50009900990096,3.6223136304076023e-08,0.00012126604639739469
2021-04-21 12:28:00+00:00,411.52,411.52,411.56,500,500,411.54,2.7463605054024155e-08,-1.5462608100147435e-05
2021-04-21 12:29:00+00:00,411.52,411.54,411.58,100,1000,411.5436363636364,6.621737921310671e-09,-5.977235050580454e-06
2021-04-21 12:30:00+00:00,411.52,411.54,411.58,500,500,411.56,5.0838206923547115e-08,9.670980552400898e-05
2021-04-21 12:31:00+00:00,411.6,411.58,411.6,77,500,411.58266897746967,1.9026962433789726e-08,-0.00011556102981058469
2021-04-21 12:32:00+00:00,411.55,411.52,411.54,1000,491,411.5334138162307,2.5711291832077665e-08,0.00012441655201200774
2021-04-21 12:33:00+00:00,411.54,411.56,411.6,1600,1000,411.5846153846154,1.5673992913194826e-08,-0.00026626422585029896
2021-04-21 12:34:00+00:00,411.47,411.46,411.47,4675,500,411.4690338164251,7.916806354795872e-08,-0.0002948451656022977
2021-04-21 12:35:00+00:00,411.35,411.34,411.37,100,500,411.345,5.663480130104324e-08,3.1512936060629215e-06
2021-04-21 12:36:00+00:00,411.38,411.36,411.39,1500,500,411.3825,2.578582280390291e-08,2.1020189003406742e-05
2021-04-21 12:37:00+00:00,411.36,411.36,411.39,2387,300,411.38665053963524,2.2927739810580416e-08,-0.00022337539744476942
2021-04-21 12:38:00+00:00,411.28,411.25,411.28,1320,450,411.2723728813559,8.087405452948711e-08,-0.0002990923623934494
2021-04-21 12:39:00+00:00,411.18,411.12,411.15,5,1100,411.1201357466063,1.258312200380123e-07,-0.0001315631375359283
2021-04-21 12:40:00+00:00,411.12,411.09,411.11,1100,128,411.10791530944624,7.444731683142067e-08,0.000136937805937265
2021-04-21 12:41:00+00:00,411.2,411.15,411.17,25,500,411.1509523809524,5.30103027453107e-08,0.00010409222889995462
2021-04-21 12:42:00+00:00,411.17,411.18,411.21,1700,1,411.2099823633157,4.499160817009869e-08,0.00027880916025413427
2021-04-21 12:43:00+00:00,411.28,411.29,411.32,451,600,411.30287345385346,5.15806935711627e-08,8.840450110048081e-05
2021-04-21 12:44:00+00:00,411.32,411.34,411.36,156,500,411.344756097561,3.6265694137699457e-08,-5.384145921527583e-05
2021-04-21 12:45:00+00:00,411.33,411.32,411.35,100,1050,411.32260869565215,8.041958498824519e-08,0.0001904612665633021
2021-04-21 12:46:00+00:00,411.41,411.41,411.43,1000,216,411.42644736842107,6.44731886493407e-08,0.00019246882713996882
2021-04-21 12:47:00+00:00,411.49,411.48,411.49,1,75,411.4801315789474,2.8381418802664778e-08,-0.00011809347202851317
2021-04-21 12:48:00+00:00,411.46,411.42,411.45,1000,1600,411.4315384615385,2.3628782938112252e-08,6.311061687780395e-05
2021-04-21 12:49:00+00:00,411.46,411.46,411.47,650,600,411.4652,2.0544651096300702e-08,3.9962429885465056e-05
2021-04-21 12:50:00+00:00,411.48,411.45,411.48,1100,651,411.4688463735008,3.543025383149418e-08,-0.0001498012438847507
2021-04-21 12:51:00+00:00,411.42,411.38,411.42,2100,500,411.4123076923077,3.1967728459204187e-08,-0.00010515016797330023
2021-04-21 12:52:00+00:00,411.37,411.35,411.39,1000,1100,411.3690476190476,4.647435792104539e-08,0.00012395755443250778
2021-04-21 12:53:00+00:00,411.43,411.42,411.44,1,500,411.4200399201597,2.058603795613044e-08,2.4209029395372283e-05
2021-04-21 12:54:00+00:00,411.41,411.42,411.45,500,1000,411.43,4.735405388182388e-08,-0.0001701382981308397
2021-04-21 12:55:00+00:00,411.37,411.34,411.37,500,500,411.355,3.196838532895593e-08,0.00011270817863584526
2021-04-21 12:56:00+00:00,411.39,411.39,411.42,100,500,411.395,1.6759781669377612e-08,-0.00013468740473898677
2021-04-21 12:57:00+00:00,411.37,411.35,411.37,25,500,411.3509523809524,1.1536734264208898e-08,4.974514649558337e-05
2021-04-21 12:58:00+00:00,411.38,411.37,411.4,100,1020,411.3726785714286,5.185339201900744e-08,0.00024316615714536916
2021-04-21 12:59:00+00:00,411.47,411.47,411.5,76,1500,411.4714467005076,4.5554632485169496e-08,-5.9065686233261694e-05
2021-04-21 13:00:00+00:00,411.48,411.43,411.47,1600,600,411.4590909090909,3.968159297330423e-08,-5.719807898452167e-05
2021-04-21 13:01:00+00:00,411.44,411.41,411.45,675,1309,411.42360887096777,3.187703123993248e-08,0.00010039144289097912
2021-04-21 13:02:00+00:00,411.47,411.46,411.47,168,174,411.46491228070175,3.56092825081214e-08,0.0001405218599770386
2021-04-21 13:03:00+00:00,411.55,411.51,411.55,600,1785,411.52006289308173,4.918041388047905e-09,1.783709065117378e-05
2021-04-21 13:04:00+00:00,411.54,411.52,411.55,556,1100,411.53007246376814,2.378216672129245e-08,-0.00010756446519255558
2021-04-21 13:05:00+00:00,411.47,411.46,411.5,2000,1100,411.4858064516129,3.809816769102389e-08,-9.916855204517017e-05
2021-04-21 13:06:00+00:00,411.48,411.44,411.47,100,500,411.445,4.199901902048488e-08,0.0001418199255480701
2021-04-21 13:07:00+00:00,411.52,411.49,411.53,1,1000,411.49003996004,6.958349047325274e-09,-7.074065034751165e-06
2021-04-21 13:08:00+00:00,411.51,411.5,411.52,18,1300,411.5002731411229,9.510880391328778e-09,-2.0433089421456607e-05
2021-04-21 13:09:00+00:00,411.49,411.49,411.5,255,500,411.4933774834437,1.4710944540063362e-08,-7.777390413588048e-05
2021-04-21 13:10:00+00:00,411.48,411.46,411.48,3,2100,411.46002853067046,3.576918243609921e-08,-0.0002901947270476102
2021-04-21 13:11:00+00:00,411.33,411.33,411.35,680,800,411.3391891891892,2.3544041981045655e-08,8.004954915152851e-05
2021-04-21 13:12:00+00:00,411.4,411.37,411.39,108,500,411.37355263157895,1.775678868302484e-08,-2.9472142953346214e-05
2021-04-21 13:13:00+00:00,411.35,411.35,411.38,400,1507,411.35629260618776,1.738857506428832e-08,0.00019148005022340264
2021-04-21 13:14:00+00:00,411.35,411.44,411.45,10,500,411.44019607843137,1.4554627807574126e-08,9.644098545646962e-05
2021-04-21 13:15:00+00:00,411.48,411.46,411.48,2400,15,411.47987577639753,2.8521018589229146e-08,9.783176509881031e-05
2021-04-21 13:16:00+00:00,411.5,411.52,411.53,68,5100,411.52013157894737,3.86190048302967e-08,0.00013235906793584995
2021-04-21 13:17:00+00:00,411.55,411.57,411.58,2391,2000,411.5754452288772,1.3584012491856533e-08,-8.064410508334952e-05
2021-04-21 13:18:00+00:00,411.56,411.54,411.55,82,1100,411.5406937394247,1.0413032864643663e-08,-2.7653120173054546e-05
2021-04-21 13:19:00+00:00,411.53,411.53,411.55,1,700,411.53002853067045,5.284365413201822e-08,-0.0003827874510953233
2021-04-21 13:20:00+00:00,411.36,411.38,411.41,2500,100,411.4088461538461,3.859213118403038e-08,1.545643170453026e-05
2021-04-21 13:21:00+00:00,411.34,411.37,411.4,419,1000,411.37885835095136,3.727601735450934e-08,0.00020448394647720747
2021-04-21 13:22:00+00:00,411.46,411.46,411.48,245,1400,411.46297872340426,2.295403851065195e-08,-7.204652763603825e-06
2021-04-21 13:23:00+00:00,411.5,411.46,411.48,1,1400,411.4600142755175,1.8420936123238234e-08,-0.00030313558462025103
2021-04-21 13:24:00+00:00,411.32,411.32,411.35,1023,900,411.3359594383776,2.621317385343119e-08,0.00010683417439061316
2021-04-21 13:25:00+00:00,411.38,411.37,411.4,400,900,411.3792307692308,1.0463301519160184e-08,5.318776506868517e-05
2021-04-21 13:26:00+00:00,411.38,411.4,411.42,460,900,411.4067647058823,2.872306939516686e-08,0.00018152202450649746
2021-04-21 13:27:00+00:00,411.49,411.46,411.49,1000,400,411.4814285714286,5.1335492444239685e-08,0.00013478442167103033
2021-04-21 13:28:00+00:00,411.55,411.52,411.55,600,1000,411.53125,3.018083561314081e-08,2.0782459604351544e-06
2021-04-21 13:29:00+00:00,411.53,411.53,411.55,100,1700,411.5311111111111,3.523474891718808e-08,-2.9380448494875644e-05
2021-04-21 13:30:00+00:00,411.53,411.52,411.54,2,3000,411.5200133244504,2.0109779005866002e-07,0.0005885690816749278
2021-04-21 13:31:00+00:00,411.77,411.76,411.77,300,700,411.763,8.753595617225402e-08,0.00013841572772710364
2021-04-21 13:32:00+00:00,411.83,411.83,411.84,300,100,411.8375,4.174643773658289e-07,-0.0004958889280416434
2021-04-21 13:33:00+00:00,411.62,411.61,411.62,100,100,411.615,1.8927590205544505e-07,-0.00041581051748318387
2021-04-21 13:34:00+00:00,411.4,411.41,411.43,500,600,411.4190909090909,2.458357655909672e-07,0.00017536742092105762
2021-04-21 13:35:00+00:00,411.51,411.51,411.52,100,200,411.5133333333333,3.479813471523284e-07,0.000544328774579883
2021-04-21 13:36:00+00:00,411.74,411.71,411.72,200,100,411.71666666666664,1.1493420613526351e-07,-0.000496152218112722
2021-04-21 13:37:00+00:00,411.58,411.59,411.6,100,600,411.5914285714286,1.5131770838103182e-07,0.0003311637594376471
2021-04-21 13:38:00+00:00,411.68,411.67,411.68,200,100,411.6766666666667,1.2080936016002654e-07,0.00030485435006499806
2021-04-21 13:39:00+00:00,411.82,411.81,411.83,300,900,411.815,1.3044816023884683e-07,-0.00044182989077024004
2021-04-21 13:40:00+00:00,411.61,411.58,411.59,400,100,411.588,2.8631519926454124e-07,-9.852775243346379e-05
2021-04-21 13:41:00+00:00,411.605,411.6,411.61,300,1300,411.601875,1.200195314938747e-07,0.00011974904764788796
2021-04-21 13:42:00+00:00,411.67,411.67,411.68,100,1000,411.6709090909091,9.976894975659377e-08,0.0005371376489977653
2021-04-21 13:43:00+00:00,411.86,411.86,411.87,700,111,411.8686313193588,7.374537422319066e-08,9.792429838051397e-05
2021-04-21 13:44:00+00:00,411.9,411.9,411.91,100,642,411.9013477088949,8.713565363310332e-08,0.0004628695388961823
2021-04-21 13:45:00+00:00,412.09,412.07,412.09,612,400,412.08209486166004,7.615712172670398e-08,3.915867314963073e-05
2021-04-21 13:46:00+00:00,412.08,412.07,412.08,300,300,412.075,7.849491827960962e-08,0.00027906355975915176
2021-04-21 13:47:00+00:00,412.23,412.23,412.24,1400,100,412.2393333333333,5.869914722058947e-08,0.0006186204763376502
2021-04-21 13:48:00+00:00,412.46,412.45,412.46,100,700,412.45125,1.0216402032568883e-07,0.0009769363064051628
2021-04-21 13:49:00+00:00,412.87,412.86,412.87,100,300,412.8625,9.002036598240433e-08,-0.0002450286820926406
2021-04-21 13:50:00+00:00,412.76,412.76,412.77,100,400,412.762,7.686672371329868e-08,0.0002933851238833274
2021-04-21 13:51:00+00:00,412.88,412.88,412.89,500,200,412.88714285714286,3.3586387093691176e-08,-6.9864797643814924e-06
2021-04-21 13:52:00+00:00,412.88,412.88,412.89,300,500,412.88375,1.7153684176853604e-07,1.0091652387078653e-05
2021-04-21 13:53:00+00:00,412.898,412.88,412.9,210,500,412.88591549295774,1.2866967902535302e-07,0.00016550142896365472
2021-04-21 13:54:00+00:00,412.95,412.96,412.98,300,800,412.9654545454545,8.566700315448015e-08,-0.00013318642467097241
2021-04-21 13:55:00+00:00,412.91,412.91,412.93,300,800,412.91545454545457,1.4189844239521904e-07,3.6328408815844426e-05
2021-04-21 13:56:00+00:00,412.91,412.9,412.92,1300,400,412.9152941176471,7.296541259904651e-08,0.00038750909864648797
2021-04-21 13:57:00+00:00,413.08,413.08,413.09,373,1500,413.0819914575547,9.354641939960674e-08,-0.00016296316751074347
2021-04-21 13:58:00+00:00,413.0,413.0,413.01,1000,100,413.0090909090909,7.385685392070149e-08,0.00037915372887709076
2021-04-21 13:59:00+00:00,413.17,413.16,413.17,300,600,413.16333333333336,9.542793939494984e-08,0.0005981709109139643
2021-04-21 14:00:00+00:00,413.42,413.39,413.41,1100,300,413.4057142857143,7.752086186753343e-08,0.00012785602720222222
2021-04-21 14:01:00+00:00,413.482,413.48,413.49,200,500,413.48285714285714,1.1336867480861901e-07,-0.00026258961734482167
2021-04-21 14:02:00+00:00,413.36,413.37,413.38,300,300,413.375,1.281973611586137e-07,-1.7280170312439225e-06
2021-04-21 14:03:00+00:00,413.37,413.36,413.37,400,200,413.3666666666667,5.281370071021031e-08,9.95605379245923e-05
2021-04-21 14:04:00+00:00,413.41,413.39,413.4,200,1600,413.3911111111111,6.2803112143709e-08,-0.00025457365384806696
2021-04-21 14:05:00+00:00,413.28,413.27,413.28,300,500,413.27375,8.42046909218567e-08,-0.0002038452993916584
2021-04-21 14:06:00+00:00,413.21,413.21,413.22,300,700,413.213,6.594214910328961e-08,-0.0003288849064165822
2021-04-21 14:07:00+00:00,413.051,413.07,413.08,300,1100,413.07214285714286,6.597506157161877e-08,0.00027075134144971535
2021-04-21 14:08:00+00:00,413.21,413.19,413.21,300,590,413.1967415730337,6.379290775023576e-08,0.00039301945962777474
2021-04-21 14:09:00+00:00,413.33,413.33,413.34,396,1600,413.33198396793586,5.325274636052861e-08,-0.00031728124957774995
2021-04-21 14:10:00+00:00,413.22,413.22,413.23,600,800,413.2242857142857,7.605536081787508e-08,0.00017176748097780248
2021-04-21 14:11:00+00:00,413.29,413.28,413.29,700,500,413.28583333333336,3.2409618076619736e-08,4.639031610476074e-05
2021-04-21 14:12:00+00:00,413.31,413.3,413.31,600,1600,413.3027272727273,2.913089929954199e-08,0.00019854781483052975
2021-04-21 14:13:00+00:00,413.4,413.4,413.41,600,1000,413.40375,5.275519774622116e-08,-0.00014528938390567792
2021-04-21 14:14:00+00:00,413.33,413.32,413.33,500,300,413.32625,8.04321628723365e-08,-0.00044180379782510215
2021-04-21 14:15:00+00:00,413.15,413.15,413.16,100,1800,413.1505263157895,1.083808026593607e-07,0.0004413075126563637
2021-04-21 14:16:00+00:00,413.34,413.34,413.35,400,500,413.34444444444443,9.133966965339404e-08,-0.0004210907113496587
2021-04-21 14:17:00+00:00,413.16,413.16,413.17,300,300,413.165,1.2569462451969328e-07,0.00027896876511790403
2021-04-21 14:18:00+00:00,413.25,413.26,413.27,500,400,413.2655555555556,6.402352993952749e-08,0.00047202006177093914
2021-04-21 14:19:00+00:00,413.46,413.46,413.47,1100,1005,413.4652256532067,9.738588132072095e-08,-0.0004038904619176886
2021-04-21 14:20:00+00:00,413.3,413.28,413.29,200,500,413.28285714285715,1.1909652230774004e-07,-0.00039483133883022603
2021-04-21 14:21:00+00:00,413.11,413.1,413.11,321,500,413.10390986601703,5.824830032220841e-08,0.00034417056718982764
2021-04-21 14:22:00+00:00,413.3,413.29,413.3,300,400,413.2942857142857,1.138910897963534e-07,0.0003492291729798591
2021-04-21 14:23:00+00:00,413.43,413.43,413.44,700,25,413.4396551724138,5.4957151795831505e-08,0.0003628286118579904
2021-04-21 14:24:00+00:00,413.58,413.57,413.58,500,300,413.57625,7.785413892168519e-08,0.0005477806137168528
2021-04-21 14:25:00+00:00,413.81,413.81,413.82,100,1919,413.81049529470033,1.0005284222338634e-07,0.0004763856917828768
2021-04-21 14:26:00+00:00,414.01,414.01,414.02,1000,200,414.0183333333333,8.73930056616337e-08,6.072303059823092e-05
2021-04-21 14:27:00+00:00,414.0,413.98,413.99,1401,301,413.98823149236193,4.3628842513683166e-08,-2.1781361710382363e-05
2021-04-21 14:28:00+00:00,414.0,413.99,414.0,300,500,413.99375,3.310269627761162e-08,-0.00015488826457210614
2021-04-21 14:29:00+00:00,413.95,413.94,413.95,200,600,413.9425,5.069212894203515e-08,0.00010949892949385642
2021-04-21 14:30:00+00:00,413.99,413.98,413.99,400,265,413.98601503759403,8.479561952969325e-08,-0.00017953705597273384
2021-04-21 14:31:00+00:00,413.91,413.91,413.92,300,400,413.9142857142857,5.526795469165726e-08,-0.000314387906043323
2021-04-21 14:32:00+00:00,413.78,413.78,413.79,200,600,413.7825,5.153766928407793e-08,-0.00017576107290828702
2021-04-21 14:33:00+00:00,413.72,413.71,413.72,200,1200,413.7114285714286,1.0309217649692634e-07,-0.0003621725091277339
2021-04-21 14:34:00+00:00,413.58,413.57,413.58,700,1200,413.5736842105263,4.2824132995283674e-08,7.386903975836745e-05
2021-04-21 14:35:00+00:00,413.59,413.59,413.6,1887,500,413.597905320486,6.858101444586579e-08,0.0002067302821526784
2021-04-21 14:36:00+00:00,413.7,413.69,413.7,718,300,413.69705304518664,4.243329310028614e-08,0.00026183330349560663
2021-04-21 14:37:00+00:00,413.79,413.78,413.79,600,100,413.7885714285714,2.712760276252311e-08,0.0002062026764724223
2021-04-21 14:38:00+00:00,413.86,413.87,413.88,500,1500,413.8725,7.51265118748497e-08,-0.0005095521213466236
2021-04-21 14:39:00+00:00,413.67,413.65,413.67,1100,10702,413.651864090832,7.677472848586729e-08,-0.00017794432667561644
2021-04-21 14:40:00+00:00,413.58,413.59,413.6,700,1101,413.59388672959466,7.846714230465328e-08,4.32226411242187e-05
2021-04-21 14:41:00+00:00,413.61,413.6,413.61,700,500,413.60583333333335,3.513475207159869e-08,7.565260117559092e-05
2021-04-21 14:42:00+00:00,413.62,413.62,413.64,800,800,413.63,5.531040116241408e-08,0.0002622145162700651
2021-04-21 14:43:00+00:00,413.75,413.75,413.76,700,400,413.75636363636363,3.5168573223151043e-08,0.00011570358563361971
2021-04-21 14:44:00+00:00,413.79,413.8,413.81,500,1200,413.8029411764706,5.750621992235792e-08,5.657480046861174e-05
2021-04-21 14:45:00+00:00,413.81,413.81,413.82,200,324,413.8138167938931,1.1280402891157612e-07,-0.00014974227804886997
2021-04-21 14:46:00+00:00,413.78,413.77,413.78,300,1400,413.77176470588233,7.102871479872821e-08,0.0003170797104652401
2021-04-21 14:47:00+00:00,413.88,413.86,413.87,400,300,413.86571428571426,5.9574035173239595e-08,-0.0003656852421611845
2021-04-21 14:48:00+00:00,413.73,413.72,413.73,300,1500,413.7216666666667,9.909409355840525e-08,0.00010243519535202417
2021-04-21 14:49:00+00:00,413.81,413.81,413.82,413,300,413.8157924263675,7.233585238310511e-08,-4.5649961465943356e-05
2021-04-21 14:50:00+00:00,413.74,413.73,413.74,600,300,413.7366666666667,1.558948134057962e-07,-0.00027256956566112933
2021-04-21 14:51:00+00:00,413.65,413.64,413.65,301,300,413.64500831946754,6.4617870743355e-08,0.00018614995950638757
2021-04-21 14:52:00+00:00,413.73,413.73,413.74,400,1100,413.73266666666666,5.243472888344757e-08,0.00018248969114531555
2021-04-21 14:53:00+00:00,413.8,413.8,413.81,100,1500,413.800625,5.1331968050163914e-08,-0.00017520647176449966
2021-04-21 14:54:00+00:00,413.73,413.71,413.72,300,400,413.7142857142857,6.93073126114559e-08,-0.0003139236178149041
2021-04-21 14:55:00+00:00,413.58,413.58,413.6,600,700,413.58923076923077,8.129174211122748e-08,0.00011334284737030131
2021-04-21 14:56:00+00:00,413.65,413.64,413.65,100,700,413.64125,9.811224792366461e-08,-0.0003094463328191521
2021-04-21 14:57:00+00:00,413.52,413.51,413.52,500,200,413.51714285714286,8.621600123627034e-08,6.771233863900328e-05
2021-04-21 14:58:00+00:00,413.54,413.53,413.54,300,400,413.5342857142857,6.096982095737394e-08,0.00034750069906830383
2021-04-21 14:59:00+00:00,413.72,413.71,413.72,400,386,413.71508905852414,8.652210125856186e-08,0.0002102711607105956
2021-04-21 15:00:00+00:00,413.76,413.76,413.78,381,1400,413.76427849522736,1.3639854142464563e-07,0.00017475220973239836
2021-04-21 15:01:00+00:00,413.86,413.87,413.88,300,310,413.8749180327869,7.54952887163534e-08,0.00016449859990297355
2021-04-21 15:02:00+00:00,413.92,413.92,413.93,1000,1000,413.925,9.085480250469415e-08,0.00038516076396577503
2021-04-21 15:03:00+00:00,414.06,414.07,414.08,300,400,414.07428571428574,5.9509708958872585e-08,0.0001207518007113606
2021-04-21 15:04:00+00:00,414.149,414.14,414.15,500,100,414.1483333333333,6.704637860472602e-08,-0.00012792396084781998
2021-04-21 15:05:00+00:00,414.08,414.05,414.07,1200,625,414.0631506849315,9.344164128661993e-08,-0.00010752737635499887
2021-04-21 15:06:00+00:00,414.04,414.06,414.07,1100,700,414.0661111111111,6.285885121594935e-08,-7.64849143569668e-05
2021-04-21 15:07:00+00:00,413.99,413.98,414.0,1100,1300,413.9891666666667,4.815392738770259e-08,8.61527560829245e-05
2021-04-21 15:08:00+00:00,414.01,414.02,414.03,4200,100,414.0297674418605,5.5710526856956576e-08,-0.00017660030350252764
2021-04-21 15:09:00+00:00,413.96,413.94,413.96,900,2300,413.945625,4.114916965566124e-08,4.88669421847554e-05
2021-04-21 15:10:00+00:00,413.98,413.97,413.98,1000,1700,413.9737037037037,4.463034926004729e-08,1.5750831174221602e-05
2021-04-21 15:11:00+00:00,413.98,413.97,413.98,900,1500,413.97375,3.663434565368727e-08,0.00014859533177946638
2021-04-21 15:12:00+00:00,414.05,414.05,414.06,700,1602,414.05304083405736,5.284671875315828e-08,0.00029298102813268834
2021-04-21 15:13:00+00:00,414.16,414.17,414.18,758,1100,414.17407965554355,6.039383828023181e-08,0.000123651358774568
2021-04-21 15:14:00+00:00,414.22,414.24,414.25,1200,1500,414.24444444444447,5.811295669355536e-08,-5.3017625993745376e-05
2021-04-21 15:15:00+00:00,414.19,414.18,414.19,1200,1000,414.18545454545455,3.0965951107876205e-08,0.00012095768465392176
2021-04-21 15:16:00+00:00,414.25,414.24,414.26,1400,1400,414.25,2.480539020182786e-08,7.844226541009469e-05
2021-04-21 15:17:00+00:00,414.29,414.28,414.29,1500,2433,414.2838138825324,2.6401710493057906e-08,-7.001960532404539e-05
2021-04-21 15:18:00+00:00,414.245,414.24,414.25,1700,200,414.24894736842106,3.181100385007219e-08,-3.2255080136822656e-06
2021-04-21 15:19:00+00:00,414.25,414.24,414.25,1500,400,414.2478947368421,1.821225655513547e-08,-0.0001193889803184911
2021-04-21 15:20:00+00:00,414.2,414.19,414.2,1300,1300,414.195,3.268789800428379e-08,4.145011517509012e-05
2021-04-21 15:21:00+00:00,414.21,414.21,414.22,1800,1042,414.21633356790994,2.1045858547937408e-08,-0.00016072172485004366
2021-04-21 15:22:00+00:00,414.155,414.15,414.16,600,1800,414.1525,4.733609598378676e-08,-0.0001588531478701194
2021-04-21 15:23:00+00:00,414.08,414.07,414.08,1002,900,414.0752681388012,1.9344854291215872e-08,-6.845059173288259e-05
2021-04-21 15:24:00+00:00,414.07,414.07,414.08,700,1302,414.07349650349653,2.4720230467688087e-08,3.938976024753238e-05
2021-04-21 15:25:00+00:00,414.08,414.07,414.08,995,3000,414.0724906132666,2.239311306587554e-08,0.00015369987630742266
2021-04-21 15:26:00+00:00,414.135,414.13,414.14,1601,3000,414.13347967833084,2.4478322448104483e-08,5.780055036708198e-05
2021-04-21 15:27:00+00:00,414.14,414.15,414.17,3500,3300,414.1602941176471,2.0932616334228993e-08,-0.00014773076963214837
2021-04-21 15:28:00+00:00,414.1,414.1,414.11,1300,1100,414.10541666666666,3.492673100317913e-08,0.00014388505918816463
2021-04-21 15:29:00+00:00,414.158,414.15,414.16,1500,1400,414.1551724137931,3.4770313765393626e-08,0.0002125664270082872
2021-04-21 15:30:00+00:00,414.22,414.2,414.21,1800,2400,414.20428571428573,6.442289791685858e-08,0.00021526483940692565
2021-04-21 15:31:00+00:00,414.33,414.33,414.34,1510,2301,414.3339622146418,4.519170254627844e-08,0.00019076918496274686
2021-04-21 15:32:00+00:00,414.4,414.4,414.41,310,2800,414.40099678456596,4.067482232169203e-08,1.0075829357303334e-05
2021-04-21 15:33:00+00:00,414.43,414.42,414.43,400,1500,414.4221052631579,2.6632732457593838e-08,-4.459191764394355e-06
2021-04-21 15:34:00+00:00,414.41,414.41,414.42,1600,1600,414.415,1.8704823828125303e-08,0.00013977469799630882
2021-04-21 15:35:00+00:00,414.46,414.45,414.47,1000,3200,414.4547619047619,2.6188038939895586e-08,-0.0001236120479385372
2021-04-21 15:36:00+00:00,414.42,414.4,414.41,1400,1390,414.40501792114696,1.6749202156579855e-08,-6.589412064650357e-05
2021-04-21 15:37:00+00:00,414.39,414.39,414.4,1700,2100,414.39447368421054,2.7780885331264566e-08,-0.00012507311303655566
2021-04-21 15:38:00+00:00,414.34,414.33,414.34,1000,900,414.33526315789476,2.1703258342673176e-08,-0.00011435217481736704
2021-04-21 15:39:00+00:00,414.29,414.28,414.29,1900,1223,414.28608389369197,2.417457038397506e-08,0.00021966078956348056
2021-04-21 15:40:00+00:00,414.39,414.39,414.4,794,1900,414.3929472902747,1.981716368381629e-08,7.610513957834186e-05
2021-04-21 15:41:00+00:00,414.42,414.42,414.43,900,1600,414.4236,1.1426481063418568e-08,0.00014182439715137996
2021-04-21 15:42:00+00:00,414.48,414.48,414.49,1300,2401,414.48351256417186,2.1762309555232435e-08,-0.00022010275944350788
2021-04-21 15:43:00+00:00,414.37,414.36,414.38,2500,1800,414.37162790697676,1.5586713108724015e-08,0.0001478007647903734
2021-04-21 15:44:00+00:00,414.455,414.45,414.46,100,4800,414.45020408163265,1.6544862308872833e-08,0.00025449647059749836
2021-04-21 15:45:00+00:00,414.55,414.55,414.56,899,1867,414.55325018076644,1.7334499701391934e-08,4.4709159470857074e-05
2021-04-21 15:46:00+00:00,414.57,414.56,414.58,1896,1705,414.57053040821995,1.8531821877330756e-08,2.4408524994523617e-05
2021-04-21 15:47:00+00:00,414.58,414.57,414.59,1500,4717,414.57482547852663,1.552534850906564e-08,-0.0001579024833194831
2021-04-21 15:48:00+00:00,414.51,414.51,414.52,1000,1200,414.51454545454544,2.0808794093658337e-08,-5.777201891621342e-05
2021-04-21 15:49:00+00:00,414.495,414.49,414.5,400,900,414.4930769230769,2.2068495755108093e-08,0.00012871291951155328
2021-04-21 15:50:00+00:00,414.55,414.54,414.55,420,1400,414.5423076923077,3.1871751531926645e-08,0.0001308995639581756
2021-04-21 15:51:00+00:00,414.6,414.59,414.6,1300,800,414.5961904761905,2.843282176106314e-08,-0.00015528499620742764
2021-04-21 15:52:00+00:00,414.53,414.53,414.54,1100,1400,414.5344,1.0227717508381098e-08,1.981569678877193e-05
2021-04-21 15:53:00+00:00,414.54,414.53,414.55,3000,1800,414.5425,1.6355561658500192e-08,6.427050819368674e-05
2021-04-21 15:54:00+00:00,414.57,414.56,414.57,1200,100,414.5692307692308,1.4890430308734453e-08,0.00015282648009073974
2021-04-21 15:55:00+00:00,414.63,414.63,414.64,1300,1400,414.63481481481483,1.350736124180648e-07,0.000562747332477187
2021-04-21 15:56:00+00:00,414.87,414.86,414.87,3500,196,414.8694696969697,2.910091801872437e-08,-9.04168095605673e-06
2021-04-21 15:57:00+00:00,414.87,414.86,414.87,200,1521,414.8611621150494,2.3853728884543552e-08,1.9838523507953454e-05
2021-04-21 15:58:00+00:00,414.88,414.89,414.9,700,1901,414.8926912725875,1.7069646677158157e-08,1.1667462815223573e-05
2021-04-21 15:59:00+00:00,414.895,414.88,414.89,100,2600,414.8803703703704,1.932404323493383e-08,3.6990686101301407e-05
2021-04-21 16:00:00+00:00,414.89,414.88,414.9,1000,3802,414.88416493127863,2.4519164511672747e-08,-0.00010772251700241764
2021-04-21 16:01:00+00:00,414.84,414.85,414.86,1800,1900,414.85486486486485,8.111812351099559e-09,-7.550683291268623e-05
2021-04-21 16:02:00+00:00,414.82,414.81,414.83,1800,11900,414.81262773722625,1.9874982381100424e-08,1.4855804042035459e-05
2021-04-21 16:03:00+00:00,414.82,414.82,414.83,1400,1500,414.8248275862069,1.842996555832281e-08,0.00011125352915652975
2021-04-21 16:04:00+00:00,414.86,414.86,414.87,1900,896,414.8667954220315,1.2743402667198116e-08,1.6231691250201408e-05
2021-04-21 16:05:00+00:00,414.87,414.87,414.88,400,2900,414.8712121212121,2.5364924079201635e-08,-0.00024351857759630224
2021-04-21 16:06:00+00:00,414.78,414.77,414.78,670,3900,414.771466083151,1.2545651821653704e-08,-0.00018426624578182782
2021-04-21 16:07:00+00:00,414.7,414.7,414.71,1400,1960,414.70416666666665,3.414580450071888e-08,0.00014121000477618217
2021-04-21 16:08:00+00:00,414.76,414.76,414.77,1090,1800,414.76377162629757,1.375722168012259e-08,0.00014484520512381138
2021-04-21 16:09:00+00:00,414.83,414.82,414.83,1200,600,414.82666666666665,2.5042949769275384e-08,-2.7403814378823554e-06
2021-04-21 16:10:00+00:00,414.81,414.8,414.81,700,1300,414.8035,1.9776550766307512e-08,-5.360431806977761e-05
2021-04-21 16:11:00+00:00,414.78,414.79,414.8,900,2400,414.7927272727273,1.7012589211200148e-08,-7.312913963164469e-05
2021-04-21 16:12:00+00:00,414.77,414.77,414.78,900,1400,414.7739130434783,2.0036712887444277e-08,-6.313319040418541e-05
2021-04-21 16:13:00+00:00,414.73,414.73,414.74,1405,300,414.7382404692083,5.4912121694314776e-09,1.3333852316943506e-05
2021-04-21 16:14:00+00:00,414.74,414.74,414.75,700,1700,414.74291666666664,1.5754499339775756e-08,-3.446752141134102e-05
2021-04-21 16:15:00+00:00,414.745,414.72,414.74,1301,1500,414.7292895394502,1.5681868372296056e-08,4.9712119140066235e-05
2021-04-21 16:16:00+00:00,414.75,414.74,414.75,1400,300,414.74823529411765,2.2219049849058975e-08,-0.00010643662146714306
2021-04-21 16:17:00+00:00,414.7,414.7,414.71,506,1600,414.7024026590693,2.41572364961198e-08,0.00015256005825858843
2021-04-21 16:18:00+00:00,414.75,414.77,414.78,400,2300,414.7714814814815,1.8622650232258266e-08,8.971455038042642e-05
2021-04-21 16:19:00+00:00,414.8,414.8,414.81,1200,2502,414.80324149108594,1.5317283716774303e-08,0.00010463491753398557
2021-04-21 16:20:00+00:00,414.85,414.85,414.86,1600,1900,414.85457142857143,1.1731201541655137e-08,-0.00010810584792630973
2021-04-21 16:21:00+00:00,414.8,414.8,414.81,1100,3200,414.8025581395349,2.1003946948866054e-08,-8.169904002286454e-05
2021-04-21 16:22:00+00:00,414.77,414.76,414.78,3600,2900,414.7710769230769,1.7126459238114383e-08,1.86851594827786e-05
2021-04-21 16:23:00+00:00,414.78,414.77,414.78,400,1100,414.7726666666667,1.3371210736735363e-08,-5.525078330625988e-06
2021-04-21 16:24:00+00:00,414.78,414.77,414.78,1500,900,414.77625,1.6287330771278997e-08,-8.661361557604774e-05
2021-04-21 16:25:00+00:00,414.73,414.73,414.74,1400,1500,414.7348275862069,1.4848166325831347e-08,-0.00017832197535383454
2021-04-21 16:26:00+00:00,414.67,414.66,414.67,1100,1600,414.66407407407405,2.535395856628334e-08,-0.00011305464770139384
2021-04-21 16:27:00+00:00,414.62,414.61,414.62,700,900,414.614375,1.2841002761361646e-08,-9.7449217994372e-05
2021-04-21 16:28:00+00:00,414.56,414.55,414.56,1300,600,414.5568421052632,1.0943096372373829e-08,-0.00013739242385180095
2021-04-21 16:29:00+00:00,414.51,414.51,414.52,1000,100,414.5190909090909,7.81249823230657e-09,1.7386166983213158e-05
2021-04-21 16:30:00+00:00,414.52,414.52,414.53,1800,900,414.52666666666664,2.290223537216873e-08,0.00021178041159441996
2021-04-21 16:31:00+00:00,414.615,414.61,414.62,2098,1501,414.61582939705477,1.2865923361656714e-08,6.426650871471651e-06
2021-04-21 16:32:00+00:00,414.615,414.61,414.62,1900,1603,414.6154239223523,5.157266704960211e-08,-0.000173762004747946
2021-04-21 16:33:00+00:00,414.55,414.54,414.55,1300,900,414.5459090909091,1.72883151196196e-08,-4.6928831230363954e-05
2021-04-21 16:34:00+00:00,414.53,414.52,414.53,1700,400,414.52809523809526,1.2576850246426674e-08,-0.00014295640473549476
2021-04-21 16:35:00+00:00,414.47,414.49,414.5,2300,500,414.4982142857143,2.4015648031308563e-08,0.0002461346096684913
2021-04-21 16:36:00+00:00,414.57,414.56,414.58,1520,2000,414.5686363636364,8.377370765948081e-09,-3.1156937494225545e-05
2021-04-21 16:37:00+00:00,414.55,414.55,414.56,1600,2200,414.5542105263158,9.339600940509165e-09,-3.3771152199379983e-05
2021-04-21 16:38:00+00:00,414.53,414.52,414.53,1200,1099,414.52521966072203,1.2600793018062677e-08,-7.500555857431479e-05
2021-04-21 16:39:00+00:00,414.51,414.51,414.52,85,2100,414.5103890160183,1.9252939608269696e-08,0.00012687966765922987
2021-04-21 16:40:00+00:00,414.54,414.56,414.57,700,1200,414.56368421052633,6.815140019936743e-09,0.00014849992461929418
2021-04-21 16:41:00+00:00,414.63,414.62,414.63,900,2300,414.6228125,1.9191782389854068e-08,0.00010176572444131615
2021-04-21 16:42:00+00:00,414.669,414.66,414.67,1503,500,414.66750374438345,2.0665435229565976e-08,-0.00021816953483855261
2021-04-21 16:43:00+00:00,414.58,414.58,414.59,1000,1702,414.58370096225013,1.4729547344569113e-08,-1.0588485388485225e-06
2021-04-21 16:44:00+00:00,414.59,414.58,414.59,1100,2102,414.5834353529044,1.4449877512468166e-08,5.818769366316978e-05
2021-04-21 16:45:00+00:00,414.608,414.59,414.61,800,1500,414.5969565217391,3.1977290620323026e-08,0.0001149764434305034
2021-04-21 16:46:00+00:00,414.64,414.64,414.66,800,900,414.64941176470586,1.506988222293903e-08,-7.349909676501731e-05
2021-04-21 16:47:00+00:00,414.62,414.61,414.62,1100,1200,414.61478260869563,3.066341186975627e-08,-0.00016923262451262744
2021-04-21 16:48:00+00:00,414.55,414.54,414.56,1300,2600,414.5466666666667,1.9875594584258252e-08,-0.00015025931634737866
2021-04-21 16:49:00+00:00,414.485,414.48,414.49,2700,500,414.4884375,3.2484531730137314e-08,-7.933321661834913e-05
2021-04-21 16:50:00+00:00,414.45,414.45,414.46,600,600,414.455,1.9096821590295462e-08,0.00010630067207872962
2021-04-21 16:51:00+00:00,414.5,414.49,414.51,1000,3700,414.4942553191489,1.5580028343818247e-08,-7.383957216877679e-05
2021-04-21 16:52:00+00:00,414.47,414.47,414.48,1500,1129,414.4757055914796,2.5385804439104894e-08,2.9185945610299413e-05
2021-04-21 16:53:00+00:00,414.47,414.47,414.48,1200,500,414.47705882352943,1.500774799484248e-08,9.600455192249058e-05
2021-04-21 16:54:00+00:00,414.51,414.51,414.52,1200,800,414.516,1.3049303126557271e-08,-7.739938080497666e-05
2021-04-21 16:55:00+00:00,414.49,414.47,414.48,900,1300,414.47409090909093,1.4180913853924986e-08,9.630434585927716e-05
2021-04-21 16:56:00+00:00,414.529,414.52,414.53,1600,2496,414.52390625,3.173732387833137e-08,-0.00018540023852986476
2021-04-21 16:57:00+00:00,414.45,414.44,414.45,1300,1300,414.445,1.5632924884772835e-08,-0.00012213563615315337
2021-04-21 16:58:00+00:00,414.4,414.39,414.4,846,400,414.39678972712676,1.2203973508701225e-08,-2.5003956170666086e-05
2021-04-21 16:59:00+00:00,414.39,414.38,414.39,1400,400,414.3877777777778,2.0436621065958947e-08,0.00015456003824354525
2021-04-21 17:00:00+00:00,414.449,414.46,414.47,1000,300,414.4676923076923,3.431867769344759e-08,0.0003472091950647016
2021-04-21 17:01:00+00:00,414.59,414.59,414.6,1800,1100,414.59620689655173,4.001810267428344e-08,-2.8360816378025788e-05
2021-04-21 17:02:00+00:00,414.59,414.58,414.59,200,1100,414.58153846153846,5.101233830092446e-08,-0.00010103987707144046
2021-04-21 17:03:00+00:00,414.53,414.54,414.55,300,1500,414.5416666666667,2.5253324102429238e-08,-6.3738663838242e-05
2021-04-21 17:04:00+00:00,414.52,414.51,414.53,1000,1900,414.51689655172413,1.9018605575886054e-08,0.00012388410949548678
2021-04-21 17:05:00+00:00,414.56,414.56,414.57,1100,1374,414.56444624090545,3.967334916476918e-08,-3.07655859410616e-05
2021-04-21 17:06:00+00:00,414.55,414.55,414.56,300,1300,414.551875,1.768062773262886e-08,4.5741797744858204e-05
2021-04-21 17:07:00+00:00,414.57,414.56,414.57,1600,100,414.5694117647059,4.3603097864092037e-08,0.00019045224788105664
2021-04-21 17:08:00+00:00,414.65,414.65,414.66,290,2400,414.65107806691447,2.9771041184989817e-08,0.00010114178253650685
2021-04-21 17:09:00+00:00,414.69,414.68,414.69,1300,1600,414.6844827586207,1.9918127806428597e-08,0.00011785827105836866
2021-04-21 17:10:00+00:00,414.74,414.73,414.74,800,200,414.738,1.2204805633547782e-08,3.532215285129148e-05
2021-04-21 17:11:00+00:00,414.75,414.74,414.75,2000,400,414.74833333333333,1.9828556261584105e-08,-0.00015200801264669828
2021-04-21 17:12:00+00:00,414.69,414.69,414.71,1500,2400,414.6976923076923,1.481570992256134e-08,0.00012057098223405838
2021-04-21 17:13:00+00:00,414.74,414.74,414.75,800,1200,414.744,2.267025299116082e-08,0.00014317014033959907
2021-04-21 17:14:00+00:00,414.8,414.8,414.81,600,1400,414.803,1.0690741413964633e-08,-9.349759317034412e-05
2021-04-21 17:15:00+00:00,414.77,414.76,414.78,1600,1403,414.770656010656,2.98137201489981e-08,-0.0001740848831617292
2021-04-21 17:16:00+00:00,414.69,414.69,414.71,2500,1500,414.7025,1.7962661380617697e-08,0.00013129235156017494
2021-04-21 17:17:00+00:00,414.75,414.74,414.75,1700,1200,414.7458620689655,1.8493411378976627e-08,0.00011541037710482982
2021-04-21 17:18:00+00:00,414.8,414.79,414.8,1250,302,414.7980541237113,1.1669657955188349e-08,0.00018114663479207316
2021-04-21 17:19:00+00:00,414.86,414.85,414.87,3000,1000,414.865,1.4280414846558735e-08,-1.3033850915333822e-05
2021-04-21 17:20:00+00:00,414.87,414.87,414.88,600,1900,414.8724,1.3112446920058229e-08,-2.871554527572595e-05
2021-04-21 17:21:00+00:00,414.85,414.84,414.86,1400,3100,414.8462222222222,5.134233802892936e-09,-1.4003846695920252e-05
2021-04-21 17:22:00+00:00,414.85,414.84,414.85,700,800,414.8446666666667,1.093630321647186e-08,6.275035574465626e-05
2021-04-21 17:23:00+00:00,414.87,414.87,414.88,1000,2100,414.8732258064516,1.7794096799387444e-08,4.4357700496933106e-05
2021-04-21 17:24:00+00:00,414.89,414.89,414.9,1100,1000,414.8952380952381,1.3471665065042701e-08,3.6133651113434695e-06
2021-04-21 17:25:00+00:00,414.89,414.88,414.9,2000,1200,414.8925,3.530145859633277e-08,-0.00022277400854864293
2021-04-21 17:26:00+00:00,414.8,414.79,414.81,2000,1600,414.8011111111111,2.0121340400208997e-08,-1.7513362033927393e-05
2021-04-21 17:27:00+00:00,414.79,414.78,414.79,1800,1000,414.7864285714286,5.1580573929463636e-08,-8.695625389609773e-05
2021-04-21 17:28:00+00:00,414.76,414.75,414.77,1300,4200,414.7547272727273,3.076476101120846e-08,5.120202002495411e-05
2021-04-21 17:29:00+00:00,414.78,414.77,414.78,2100,100,414.7795454545454,1.3462853443951852e-08,-0.00013809188190205823
2021-04-21 17:30:00+00:00,414.71,414.7,414.71,1400,1500,414.7048275862069,2.073838525344173e-08,0.00010622199336807192
2021-04-21 17:31:00+00:00,414.775,414.77,414.78,800,1500,414.7734782608696,2.105293711104713e-08,0.00022420783138055178
2021-04-21 17:32:00+00:00,414.87,414.87,414.88,1500,2100,414.87416666666667,1.5034052447531165e-08,0.00018670207152782226
2021-04-21 17:33:00+00:00,414.93,414.93,414.94,1400,1610,414.9346511627907,1.5363798734353735e-08,-0.0001538148826381036
2021-04-21 17:34:00+00:00,414.87,414.87,414.88,900,1800,414.87333333333333,1.7846968364388188e-08,-4.934951879143057e-05
2021-04-21 17:35:00+00:00,414.85,414.84,414.85,1300,300,414.848125,1.0465483976978429e-08,-6.927941434464735e-05
2021-04-21 17:36:00+00:00,414.83,414.82,414.83,300,2000,414.82130434782607,1.512298297434294e-08,-0.00012922150656002884
2021-04-21 17:37:00+00:00,414.76,414.76,414.77,1800,400,414.7681818181818,1.8207535768302215e-08,1.799316645123561e-05
2021-04-21 17:38:00+00:00,414.78,414.78,414.79,100,3406,414.780285225328,2.1769537433582054e-08,7.12201269259527e-05
2021-04-21 17:39:00+00:00,414.81,414.8,414.81,100,1900,414.8005,6.312573946921883e-09,3.974422000818656e-05
2021-04-21 17:40:00+00:00,414.825,414.82,414.83,301,2302,414.82115635804837,1.2793447114089708e-08,1.4001745292757661e-05
2021-04-21 17:41:00+00:00,414.82,414.82,414.83,1287,600,414.82682034976153,1.3305659169848427e-08,-1.7062815984680846e-05
2021-04-21 17:42:00+00:00,414.82,414.82,414.83,200,2000,414.8209090909091,4.46710311634249e-09,3.5243152742836514e-06
2021-04-21 17:43:00+00:00,414.82,414.82,414.83,300,910,414.822479338843,1.044894767624302e-08,7.524571821582171e-05
2021-04-21 17:44:00+00:00,414.86,414.85,414.86,700,2500,414.8521875,1.4284142176187607e-08,-0.00016108575974072004
2021-04-21 17:45:00+00:00,414.79,414.78,414.79,2000,1300,414.78606060606063,3.6516636791717684e-08,6.087472764604307e-05
2021-04-21 17:46:00+00:00,414.81,414.81,414.82,1900,100,414.8195,8.95656501341282e-09,-0.00010517560477607546
2021-04-21 17:47:00+00:00,414.77,414.76,414.78,2200,2211,414.7699750623441,1.00325818625659e-08,1.749473862244777e-05
2021-04-21 17:48:00+00:00,414.77,414.77,414.78,1000,900,414.77526315789476,1.3309939104120177e-08,4.8218898964780266e-05
2021-04-21 17:49:00+00:00,414.799,414.79,414.8,1600,500,414.79761904761904,6.0921360329411704e-09,-6.257135226506172e-05
2021-04-21 17:50:00+00:00,414.77,414.76,414.77,1510,1080,414.7658301158301,1.448234532526841e-08,5.93959539798572e-05
2021-04-21 17:51:00+00:00,414.798,414.79,414.8,800,1700,414.7932,7.696966452441794e-09,0.00011690289989485514
2021-04-21 17:52:00+00:00,414.845,414.84,414.85,500,1152,414.8430266343825,1.3323155352766742e-08,-4.686836452871823e-05
2021-04-21 17:53:00+00:00,414.82,414.82,414.83,1500,1200,414.8255555555556,9.6983877498898e-09,0.0001264860812766333
2021-04-21 17:54:00+00:00,414.88,414.87,414.88,620,645,414.87490118577074,8.791276643178846e-09,-8.23468343489342e-05
2021-04-21 17:55:00+00:00,414.84,414.84,414.85,800,1420,414.8436036036036,7.019806657602043e-09,0.00010567227467839224
2021-04-21 17:56:00+00:00,414.885,414.88,414.89,1900,1300,414.8859375,5.827253103479475e-09,-5.309718785950768e-05
2021-04-21 17:57:00+00:00,414.86,414.86,414.87,900,2000,414.86310344827587,4.84837843117508e-09,5.818408341573544e-06
2021-04-21 17:58:00+00:00,414.86,414.86,414.87,1400,1200,414.86538461538464,1.5679970298629462e-08,9.728394139241203e-05
2021-04-21 17:59:00+00:00,414.91,414.9,414.91,701,1612,414.9030306960657,8.981526915372004e-09,-1.2238173488166026e-05
2021-04-21 18:00:00+00:00,414.91,414.91,414.92,800,3000,414.9121052631579,3.455563567528741e-08,0.000473549951256258
2021-04-21 18:01:00+00:00,415.095,415.09,415.1,1500,1600,415.09483870967745,1.7523172115751902e-08,-4.99676234239077e-05
2021-04-21 18:02:00+00:00,415.08,415.07,415.08,1601,1595,415.0750093867334,1.891252263829215e-08,0.000154827465545182
2021-04-21 18:03:00+00:00,415.13,415.13,415.14,2195,900,415.1370920840064,1.213165077033888e-08,-4.128059782615434e-05
2021-04-21 18:04:00+00:00,415.105,415.1,415.11,600,1700,415.1026086956522,1.5751337586657506e-08,-9.281432883201379e-05
2021-04-21 18:05:00+00:00,415.08,415.08,415.09,1100,1600,415.08407407407407,2.6258661022789956e-08,0.0001606096743236307
2021-04-21 18:06:00+00:00,415.16,415.15,415.16,1100,600,415.1564705882353,1.7367479676313175e-08,-6.182479495442372e-05
2021-04-21 18:07:00+00:00,415.12,415.11,415.12,2600,800,415.11764705882354,3.4984434807385635e-08,2.168016457648747e-05
2021-04-21 18:08:00+00:00,415.14,415.14,415.15,1500,1400,415.1451724137931,6.9751405711836676e-09,4.354468564904401e-05
2021-04-21 18:09:00+00:00,415.15,415.15,415.16,800,1700,415.1532,7.945062933037714e-09,-8.10122350091147e-05
2021-04-21 18:10:00+00:00,415.11,415.11,415.12,1700,500,415.1177272727273,1.5452306513165915e-08,-0.00011163549810677686
2021-04-21 18:11:00+00:00,415.07,415.07,415.08,100,1901,415.0704997501249,8.756241038809695e-09,0.0001428939005527763
2021-04-21 18:12:00+00:00,415.13,415.13,415.14,700,1600,415.13304347826084,9.019133464048018e-09,5.040138365042246e-05
2021-04-21 18:13:00+00:00,415.14,415.15,415.16,1200,2496,415.1532467532467,1.3193575104536698e-08,-6.231531643807742e-06
2021-04-21 18:14:00+00:00,415.155,415.15,415.16,200,1900,415.1509523809524,8.22216417789959e-09,4.417891354147052e-05
2021-04-21 18:15:00+00:00,415.17,415.17,415.18,700,1600,415.17304347826087,7.2461201318184504e-09,0.00015473797459675254
2021-04-21 18:16:00+00:00,415.23,415.23,415.24,800,1800,415.2330769230769,7.426919283655026e-09,-1.8348834275649928e-05
2021-04-21 18:17:00+00:00,415.21,415.22,415.23,1500,1200,415.22555555555556,4.636733411200792e-09,-9.174585481330766e-07
2021-04-21 18:18:00+00:00,415.23,415.22,415.23,1600,305,415.22839895013124,2.0164206144190743e-08,-0.0001406317181963379
2021-04-21 18:19:00+00:00,415.17,415.16,415.17,3008,1062,415.16739066339073,1.5591402222683747e-08,-0.0001840013351104286
2021-04-21 18:20:00+00:00,415.1,415.09,415.1,3421,19188,415.09151311424654,2.1303639510767115e-08,-0.00010574630187298872
2021-04-21 18:21:00+00:00,415.04,415.03,415.05,1800,800,415.0438461538462,1.2584519682663997e-08,1.2077550620492872e-05
2021-04-21 18:22:00+00:00,415.05,415.05,415.06,1300,1900,415.0540625,1.3519251238923024e-08,9.687548939685264e-05
2021-04-21 18:23:00+00:00,415.099,415.07,415.08,3002,300,415.0790914597214,9.834140710170512e-09,-0.00014683447873642397
2021-04-21 18:24:00+00:00,415.03,415.02,415.04,2051,2102,415.0298771972069,3.0098574912621025e-08,-0.00037291523439586527
2021-04-21 18:25:00+00:00,414.87,414.87,414.88,600,900,414.874,4.796246495158724e-08,0.00023910968434615043
2021-04-21 18:26:00+00:00,414.995,414.98,415.0,3700,1900,414.99321428571426,1.7024354356626574e-08,0.0001669030015385431
2021-04-21 18:27:00+00:00,415.045,415.04,415.05,1200,1400,415.0446153846154,8.648690238443283e-09,-7.336251771516977e-05
2021-04-21 18:28:00+00:00,415.02,415.01,415.02,1400,1200,415.0153846153846,2.0512945678417614e-08,-9.438632417368975e-05
2021-04-21 18:29:00+00:00,414.978,414.97,414.98,2200,2,414.97999091734783,2.116939795612921e-08,-7.496124071515453e-05
2021-04-21 18:30:00+00:00,414.945,414.94,414.95,1601,1202,414.94571173742423,1.956238112611685e-08,0.00019951153769759422
2021-04-21 18:31:00+00:00,415.03,415.02,415.03,602,800,415.02429386590586,1.3413649469360725e-08,6.653420573998758e-05
2021-04-21 18:32:00+00:00,415.07,415.05,415.06,751,1600,415.05319438536793,2.588064313488218e-08,0.00010208118377996733
2021-04-21 18:33:00+00:00,415.09,415.1,415.11,600,902,415.1039946737683,1.6565436727291317e-08,2.5261818420663218e-05
2021-04-21 18:34:00+00:00,415.1,415.09,415.1,1200,1500,415.09444444444443,1.0329757272361526e-08,2.2666116825442728e-05
2021-04-21 18:35:00+00:00,415.11,415.11,415.12,2100,1000,415.1167741935484,1.493132147293486e-08,-3.277685744218495e-05
2021-04-21 18:36:00+00:00,415.1,415.09,415.1,2200,100,415.09956521739133,7.436080602133402e-09,-6.54199993274096e-05
2021-04-21 18:37:00+00:00,415.08,415.07,415.08,700,1700,415.0729166666667,7.395167874049956e-09,5.647473579761808e-05
2021-04-21 18:38:00+00:00,415.09,415.1,415.11,2900,1000,415.1074358974359,1.1239039687933956e-08,0.0001547762242770645
2021-04-21 18:39:00+00:00,415.15,415.15,415.16,1700,2800,415.1537777777778,1.5655156308402913e-08,-0.00013941077166046423
2021-04-21 18:40:00+00:00,415.1,415.1,415.11,1400,1000,415.10583333333335,2.8271376092540195e-08,9.63610223525535e-06
2021-04-21 18:41:00+00:00,415.12,415.11,415.12,500,1800,415.1121739130435,7.637923125072457e-09,5.215490077814522e-05
2021-04-21 18:42:00+00:00,415.125,415.13,415.14,800,1200,415.134,1.6114075375907397e-08,-0.0002560730090924723
2021-04-21 18:43:00+00:00,415.03,415.02,415.03,1568,900,415.02635332252834,2.3928669826022162e-08,-0.00019022011179725684
2021-04-21 18:44:00+00:00,414.93,414.92,414.93,877,1900,414.92315808426355,3.3024888922624785e-08,-0.000234033129879907
2021-04-21 18:45:00+00:00,414.85,414.84,414.85,100,1300,414.8407142857143,2.662019042542873e-08,0.00017144281664327465
2021-04-21 18:46:00+00:00,414.925,414.92,414.93,2,1500,414.92001331557924,2.361842528684264e-08,-0.00014742169992776333
2021-04-21 18:47:00+00:00,414.86,414.85,414.86,2700,1140,414.85703125,1.2538535361558786e-08,-3.783043495442229e-05
2021-04-21 18:48:00+00:00,414.84,414.84,414.85,1090,1401,414.84437575270977,3.5986970533256766e-08,2.0845993597973234e-08
2021-04-21 18:49:00+00:00,414.85,414.83,414.84,1600,700,414.8369565217391,1.7095589331682804e-08,6.584666612563517e-05
2021-04-21 18:50:00+00:00,414.87,414.87,414.88,1300,1210,414.8751792828685,2.3689582060766443e-08,0.00019278453597060263
2021-04-21 18:51:00+00:00,414.95,414.94,414.95,1400,1120,414.9455555555556,1.4939262823710523e-08,-0.00014140322455014065
2021-04-21 18:52:00+00:00,414.9,414.89,414.9,403,1400,414.8922351636162,1.7843301420670975e-08,-4.7472330874542834e-05
2021-04-21 18:53:00+00:00,414.88,414.86,414.87,1400,900,414.8660869565217,1.1282553464585894e-08,1.3725783616802545e-05
2021-04-21 18:54:00+00:00,414.88,414.87,414.88,1000,800,414.87555555555554,1.704697000950583e-08,0.00023032218324003928
2021-04-21 18:55:00+00:00,414.99,414.99,415.0,300,882,414.992538071066,1.9794031108421648e-08,-0.0002578478938406459
2021-04-21 18:56:00+00:00,414.87,414.86,414.87,800,1100,414.8642105263158,2.5666431080925748e-08,0.00023673196237194993
2021-04-21 18:57:00+00:00,414.96,414.96,414.97,2400,900,414.9672727272727,1.0505607700515582e-08,-4.448210871477176e-05
2021-04-21 18:58:00+00:00,414.955,414.94,414.95,1400,900,414.94608695652175,1.1004749568177021e-08,-1.2316014785351825e-05
2021-04-21 18:59:00+00:00,414.94,414.93,414.95,1803,1300,414.941621011924,1.256056288965459e-08,2.9422116059274472e-05
2021-04-21 19:00:00+00:00,414.96,414.95,414.96,501,2500,414.9516694435188,1.6823879850003694e-08,0.00011682333184315219
2021-04-21 19:01:00+00:00,415.005,415.0,415.01,1200,1306,415.0047885075818,1.752346485464634e-08,-8.176800244241722e-05
2021-04-21 19:02:00+00:00,414.965,414.96,414.98,3100,1400,414.9737777777778,2.1099216174151064e-08,-4.271964194368927e-05
2021-04-21 19:03:00+00:00,414.95,414.95,414.96,700,1500,414.9531818181818,3.0482133086341484e-08,-0.00011392391197195817
2021-04-21 19:04:00+00:00,414.91,414.89,414.91,1200,4500,414.8942105263158,1.5040437901861163e-08,5.484803242938874e-05
2021-04-21 19:05:00+00:00,414.94,414.94,414.95,2100,5,414.94997624703086,2.7616334360011784e-08,-0.00010510048831158247
2021-04-21 19:06:00+00:00,414.88,414.88,414.89,500,1500,414.8825,2.324274171839505e-08,0.00011147751393103533
2021-04-21 19:07:00+00:00,414.93,414.94,414.95,1500,920,414.94619834710744,1.4654130896585616e-08,3.397509441471769e-05
2021-04-21 19:08:00+00:00,414.95,414.94,414.95,1200,900,414.9457142857143,2.0522320499508123e-08,2.6599072293631565e-06
2021-04-21 19:09:00+00:00,414.95,414.93,414.95,2400,1202,414.94332593003884,1.3485414821795724e-08,-9.380132409864128e-05
2021-04-21 19:10:00+00:00,414.91,414.9,414.92,1501,5316,414.9044036966407,1.9483004220827582e-08,0.00024523757426186954
2021-04-21 19:11:00+00:00,415.01,415.0,415.01,1701,1000,415.00629766753053,3.526257368376005e-08,0.00015213795906210414
2021-04-21 19:12:00+00:00,415.06,415.06,415.07,1700,160,415.06913978494623,2.7357693577499017e-08,0.0002335946466343053
2021-04-21 19:13:00+00:00,415.17,415.15,415.17,2800,865,415.16527967257844,2.5856366963729736e-08,2.2796375462208474e-05
2021-04-21 19:14:00+00:00,415.18,415.17,415.19,1200,1732,415.1781855388813,2.0072398729843742e-08,-7.449715508223154e-05
2021-04-21 19:15:00+00:00,415.145,415.14,415.15,901,1500,415.143752603082,1.7034594467469883e-08,-0.00015279855872041281
2021-04-21 19:16:00+00:00,415.08,415.08,415.09,224,3000,415.08069478908186,2.595582094222408e-08,-0.00022639031761972905
2021-04-21 19:17:00+00:00,414.99,414.97,414.99,1949,1400,414.98163929531205,1.7952852841941205e-08,0.00021113665533145642
2021-04-21 19:18:00+00:00,415.08,415.06,415.07,1000,1300,415.06434782608693,2.0421160868014145e-08,5.70108504256428e-05
2021-04-21 19:19:00+00:00,415.09,415.09,415.1,1286,1501,415.0946142805884,2.3118171314575524e-08,0.00019326459275248453
2021-04-21 19:20:00+00:00,415.17,415.17,415.19,1698,1800,415.1797084048028,1.828362491482693e-08,-7.246913039771208e-05
2021-04-21 19:21:00+00:00,415.14,415.14,415.15,900,449,415.146671608599,2.2663347950489155e-08,1.0302144862084361e-05
2021-04-21 19:22:00+00:00,415.15,415.14,415.15,2600,1000,415.14722222222224,3.8600280811558134e-08,-4.2338414560805226e-05
2021-04-21 19:23:00+00:00,415.14,415.13,415.14,1700,1298,415.13567044696464,1.0184164229443078e-08,-6.7030118364730384e-06
2021-04-21 19:24:00+00:00,415.135,415.13,415.14,1097,400,415.1373279893119,1.6233708322714373e-08,0.0001362315688131499
2021-04-21 19:25:00+00:00,415.19,415.18,415.2,1400,2501,415.1871776467573,1.5800464209589808e-08,2.3832849658012023e-05
2021-04-21 19:26:00+00:00,415.18,415.19,415.2,2300,1100,415.19676470588234,3.0295642499927164e-08,-3.4504627523301856e-05
2021-04-21 19:27:00+00:00,415.2,415.18,415.19,601,3300,415.1815406306075,2.1430591037742e-08,2.3242621395302976e-05
2021-04-21 19:28:00+00:00,415.19,415.18,415.19,1600,900,415.1864,2.1160458600262044e-08,-0.00012382976230107534
2021-04-21 19:29:00+00:00,415.15,415.14,415.15,400,300,415.1457142857143,1.9357452120382497e-08,-1.6357129193345088e-05
2021-04-21 19:30:00+00:00,415.135,415.13,415.14,1861,1404,415.13569984686063,6.803859232284938e-08,0.0002144503595278291
2021-04-21 19:31:00+00:00,415.22,415.21,415.22,701,4749,415.21128623853207,2.9540749473348503e-08,0.00014748432307576387
2021-04-21 19:32:00+00:00,415.31,415.3,415.31,2000,1700,415.3054054054054,4.465852449881126e-08,0.00028131576559720095
2021-04-21 19:33:00+00:00,415.4,415.39,415.4,200,1000,415.39166666666665,4.0312797789015257e-08,0.00046110877329197386
2021-04-21 19:34:00+00:00,415.61,415.6,415.61,3300,249,415.6092983939138,8.311800651875776e-08,0.0004832570281956272
2021-04-21 19:35:00+00:00,415.79,415.79,415.8,1500,435,415.7977519379845,5.711620546354218e-08,0.00021632575742036586
2021-04-21 19:36:00+00:00,415.89,415.88,415.9,1700,2102,415.88894266175697,3.06466682810588e-08,6.81991495483647e-05
2021-04-21 19:37:00+00:00,415.93,415.92,415.93,2900,100,415.92966666666666,3.947354653598889e-08,4.757130446453317e-06
2021-04-21 19:38:00+00:00,415.91,415.91,415.92,2400,1700,415.9158536585366,3.5150477859230933e-08,-0.00017436985025087726
2021-04-21 19:39:00+00:00,415.825,415.82,415.83,100,2600,415.82037037037037,1.3041903577031298e-08,-0.0002189030376243961
2021-04-21 19:40:00+00:00,415.75,415.75,415.76,1000,1800,415.75357142857143,4.3410684932250506e-08,9.928449685281393e-05
2021-04-21 19:41:00+00:00,415.79,415.78,415.79,3000,1300,415.78697674418606,3.521555378728204e-08,7.530928307852847e-06
2021-04-21 19:42:00+00:00,415.8,415.79,415.8,4100,1600,415.7971929824561,4.7796641915003e-08,0.00010243200023785093
2021-04-21 19:43:00+00:00,415.85,415.84,415.86,1200,3300,415.8453333333333,4.90140483838485e-08,-6.675295139557669e-05
2021-04-21 19:44:00+00:00,415.83,415.83,415.84,400,2000,415.83166666666665,4.020202862186296e-08,0.00024732790588766207
2021-04-21 19:45:00+00:00,415.93,415.93,415.94,4000,1301,415.9375457460857,2.7456055392993557e-08,6.724904409916022e-05
2021-04-21 19:46:00+00:00,415.94,415.94,415.95,1877,1500,415.9455581877406,3.567070465397078e-08,0.0002684153741943085
2021-04-21 19:47:00+00:00,416.05,416.05,416.06,1100,2364,416.05317551963054,3.295426858794765e-08,-1.9018804014225843e-05
2021-04-21 19:48:00+00:00,416.05,416.05,416.06,2300,1200,416.05657142857143,5.330137415170231e-08,-4.515294314788587e-05
2021-04-21 19:49:00+00:00,416.02,416.01,416.03,13000,2666,416.0265964509128,5.7937173260681725e-08,0.00028719527453224813
2021-04-21 19:50:00+00:00,416.135,416.13,416.15,200,1400,416.1325,1.8914917916824066e-07,-0.0003590206856559641
2021-04-21 19:51:00+00:00,415.99,415.99,416.0,225,2700,415.9907692307692,7.257536570218911e-08,-0.0002600111134611893
2021-04-21 19:52:00+00:00,415.89,415.89,415.91,2300,2702,415.89919632147144,5.660323234837851e-08,0.00010916239975111708
2021-04-21 19:53:00+00:00,415.94,415.93,415.94,1604,2002,415.9344481419856,8.771541343000307e-08,0.00030810816073079117
2021-04-21 19:54:00+00:00,416.07,416.06,416.07,2300,2107,416.0652189698207,9.886160798876334e-08,9.574115047583653e-05
2021-04-21 19:55:00+00:00,416.08,416.08,416.09,1100,1900,416.08366666666666,5.00476537007239e-08,0.0001426268112039164
2021-04-21 19:56:00+00:00,416.16,416.16,416.17,2100,3100,416.16403846153844,1.1345566169511948e-07,-0.00046762712479853086
2021-04-21 19:57:00+00:00,415.97,415.97,415.98,3100,1205,415.97720092915216,4.2298306468756746e-08,2.802667577839202e-05
2021-04-21 19:58:00+00:00,415.98,415.97,415.99,5300,2400,415.98376623376623,5.7950110542985794e-08,-5.411227001927976e-06
2021-04-21 19:59:00+00:00,415.97,415.97,415.98,2603,1700,415.9760492679526,1.887818346486567e-07,0.00022653184846488372
2021-04-21 20:00:00+00:00,416.09,416.08,416.09,22988,200,416.0899137484906,2.748650919793508e-07,-0.0007708702940428802
2021-04-21 20:01:00+00:00,415.75,415.75,415.76,200,500,415.7528571428571,1.0878001432450734e-07,-0.00029709285129586593
2021-04-21 20:02:00+00:00,415.63,415.62,415.63,1325,200,415.6286885245902,1.1081482268797705e-08,1.2381028053010112e-05
2021-04-21 20:03:00+00:00,415.65,415.63,415.66,1200,2500,415.6397297297297,2.7747059117989366e-08,-1.6374596983004253e-05
2021-04-21 20:04:00+00:00,415.6,415.59,415.61,50,900,415.591052631579,5.903979396023852e-08,-0.0002073315951707233
2021-04-21 20:05:00+00:00,415.51,415.53,415.54,2000,100,415.5395238095238,1.7722322819323123e-08,1.4220300901479632e-05
2021-04-21 20:06:00+00:00,415.54,415.53,415.55,1500,100,415.54875,3.370091313107512e-08,5.044348617233574e-05
2021-04-21 20:07:00+00:00,415.56,415.56,415.59,200,1500,415.5635294117647,1.5673075977605043e-08,-4.5673631006160065e-05
2021-04-21 20:08:00+00:00,415.54,415.53,415.55,1125,200,415.5469811320755,1.631848288868375e-08,-0.0001193335441157517
2021-04-21 20:09:00+00:00,415.47,415.47,415.5,2101,200,415.4973924380704,2.194643908826333e-08,-0.0002384108938826568
2021-04-21 20:10:00+00:00,415.4,415.39,415.4,2500,500,415.3983333333333,3.187965789323285e-08,-6.0646920784557246e-05
2021-04-21 20:11:00+00:00,415.38,415.37,415.38,2000,4343,415.37315308213783,2.819106939422387e-08,4.359765884642819e-05
2021-04-21 20:12:00+00:00,415.4,415.39,415.41,5,2502,415.3900398883127,1.0443193740567902e-08,1.7742170044243721e-07
2021-04-21 20:13:00+00:00,415.4,415.39,415.4,229,1501,415.39132369942195,2.9114647460981346e-08,0.00022895247584764356
2021-04-21 20:14:00+00:00,415.47,415.48,415.49,9,5,415.4864285714285,2.7196383407681292e-08,-0.00014392145894792652
2021-04-21 20:15:00+00:00,415.4,415.4,415.44,1000,502,415.42663115845545,8.633691268570053e-08,2.104959921189753e-05
2021-04-21 20:16:00+00:00,415.4,415.4,415.44,765,100,415.4353757225433,1.4093599001911275e-08,-0.0001740570759999338
2021-04-21 20:17:00+00:00,415.37,415.34,415.37,2495,750,415.3630662557781,3.976931464150092e-09,-1.956364779265307e-05
2021-04-21 20:18:00+00:00,415.35,415.34,415.36,1500,508,415.3549402390438,9.989968172057268e-09,1.0367510734354823e-05
2021-04-21 20:19:00+00:00,415.35,415.34,415.36,2835,111,415.35924643584525,2.3988181326590365e-09,-1.2317051098609255e-05
2021-04-21 20:20:00+00:00,415.33,415.33,415.36,1998,486,415.35413043478263,8.138304251565841e-09,7.292131617142594e-05
2021-04-21 20:21:00+00:00,415.37,415.38,415.39,1900,2405,415.3844134727061,4.23062832203222e-11,3.2390159736550572e-06
2021-04-21 20:22:00+00:00,415.38,415.38,415.39,1837,1350,415.3857640414182,2.2155354430621117e-08,-3.793048021927259e-05
2021-04-21 20:23:00+00:00,415.39,415.37,415.4,1,3631,415.37000825991186,3.524780697777596e-09,6.647590623565236e-05
2021-04-21 20:24:00+00:00,415.39,415.39,415.41,2443,4000,415.39758342387086,9.951105170609765e-11,8.55593786441844e-06
2021-04-21 20:25:00+00:00,415.4,415.39,415.4,2338,300,415.3988627748294,1.320744391651613e-10,1.8172992202192262e-06
2021-04-21 20:26:00+00:00,415.4,415.4,415.41,765,3200,415.4019293820933,2.6276993645029602e-14,1.4688852578714773e-08
2021-04-21 20:27:00+00:00,415.4,415.39,415.4,2338,232,415.39909727626457,1.1868052377798417e-10,4.672143409267804e-06
2021-04-21 20:28:00+00:00,415.41,415.39,415.41,2266,995,415.40389757743026,1.890343552591882e-10,-9.259112577986173e-06
2021-04-21 20:29:00+00:00,415.41,415.4,415.41,1,332,415.40003003003,6.188943144814278e-09,2.9732598599174764e-05
2021-04-21 20:30:00+00:00,415.41,415.41,415.46,5,100,415.412380952381,3.0925046501358764e-08,3.022084350323695e-06
2021-04-21 20:31:00+00:00,415.4,415.41,415.43,100,450,415.4136363636364,1.581683702034927e-08,-7.065403439221463e-05
2021-04-21 20:32:00+00:00,415.39,415.37,415.39,500,200,415.38428571428574,1.6269058326872063e-08,-0.0001284993804829826
2021-04-21 20:33:00+00:00,415.35,415.33,415.34,50,500,415.3309090909091,4.36858241947547e-09,-7.204014220529853e-05
2021-04-21 20:34:00+00:00,415.31,415.3,415.32,26,500,415.3009885931559,5.274311892645614e-09,5.380372498775543e-05
2021-04-21 20:35:00+00:00,415.31,415.3,415.35,3206,1000,415.3381122206372,1.3597497917056672e-08,0.00013691199249921127
2021-04-21 20:36:00+00:00,415.37,415.38,415.39,510,501,415.3850445103858,1.5520625073301707e-09,4.78206286542715e-05
2021-04-21 20:37:00+00:00,415.39,415.38,415.42,503,500,415.4000598205384,1.0072900210858317e-08,-8.344220431244498e-05
2021-04-21 20:38:00+00:00,415.36,415.36,415.4,78,500,415.36539792387543,1.263547529024301e-09,-1.2656516000797424e-05
2021-04-21 20:39:00+00:00,415.38,415.36,415.37,10,700,415.3601408450704,4.941545608042062e-10,-2.4318474300955017e-05
2021-04-21 20:40:00+00:00,415.36,415.35,415.37,1,500,415.35003992015965,3.936225257719077e-09,4.4043364428647536e-05
2021-04-21 20:41:00+00:00,415.37,415.36,415.37,500,100,415.36833333333334,1.0504494391493866e-09,5.192274745646763e-05
2021-04-21 20:42:00+00:00,415.37,415.36,415.39,1501,5,415.38990039840644,4.992573873827154e-09,2.3977856344892245e-07
2021-04-21 20:43:00+00:00,415.36,415.38,415.4,500,500,415.39,2.6310828359896475e-09,-2.5009755864058292e-05
2021-04-21 20:44:00+00:00,415.37,415.37,415.38,618,25,415.3796111975116,4.098155051031199e-09,1.3741530086486264e-05
2021-04-21 20:45:00+00:00,415.38,415.37,415.39,540,165,415.3853191489362,2.418779290886842e-09,-4.6453922134759296e-05
2021-04-21 20:46:00+00:00,415.36,415.36,415.37,445,500,415.364708994709,6.500956552638225e-09,-4.4866448919544943e-05
2021-04-21 20:47:00+00:00,415.34,415.35,415.38,50,2000,415.3507317073171,2.4074998331910735e-09,4.628516531490767e-05
2021-04-21 20:48:00+00:00,415.36,415.36,415.4,199,1005,415.366611295681,5.9723525516915764e-09,-9.919299841398832e-05
2021-04-21 20:49:00+00:00,415.32,415.32,415.35,220,1000,415.32540983606555,2.0175659877283543e-08,-0.0001574713169852915
2021-04-21 20:50:00+00:00,415.24,415.23,415.28,1501,1000,415.2600079968012,1.2912008598196953e-08,3.062966739175721e-05
2021-04-21 20:51:00+00:00,415.26,415.27,415.3,100,1000,415.27272727272725,6.306696478290279e-09,1.4594279043045333e-06
2021-04-21 20:52:00+00:00,415.27,415.27,415.28,50,100,415.2733333333333,1.0305376266917179e-08,0.00011379228611074765
2021-04-21 20:53:00+00:00,415.29,415.32,415.35,20,1000,415.3205882352941,1.3013975015888088e-08,7.884294438276207e-05
2021-04-21 20:54:00+00:00,415.38,415.34,415.38,500,1000,415.35333333333335,2.0968760302284596e-09,-8.068211752254584e-06
2021-04-21 20:55:00+00:00,415.34,415.34,415.35,560,1,415.349982174688,2.2631576284365647e-08,-3.059936911220529e-05
2021-04-21 20:56:00+00:00,415.35,415.31,415.34,1000,100,415.3372727272727,1.690636911071777e-08,7.105788223427112e-05
2021-04-21 20:57:00+00:00,415.37,415.34,415.37,600,43,415.3679937791602,8.62886960502055e-09,-2.098409004358537e-05
2021-04-21 20:58:00+00:00,415.36,415.34,415.36,571,61,415.35806962025316,1.1632539311880804e-08,-3.079714446641013e-05
2021-04-21 20:59:00+00:00,415.36,415.34,415.38,76,500,415.34527777777777,2.9305172883085735e-08,-0.00018066819717110771
2021-04-21 21:00:00+00:00,415.3,415.27,415.35,4,5,415.30555555555554,3.932197668650028e-08,6.390853705640076e-05
2021-04-21 21:01:00+00:00,415.3,415.28,415.33,101,200,415.29677740863787,7.557252076778485e-12,-2.7490456665502094e-06
2021-04-21 21:02:00+00:00,415.28,415.28,415.33,91,200,415.2956357388316,1.2260495542578208e-08,0.00015487355279075743
2021-04-21 21:03:00+00:00,415.28,415.28,415.36,1740,1,415.35995404939695,4.8065399764679175e-14,-2.314746780918142e-07
2021-04-21 21:04:00+00:00,415.28,415.28,415.36,562,1,415.3598579040853,1.755861314754406e-11,6.065659086118558e-10
2021-04-21 21:05:00+00:00,415.28,415.28,415.36,563,1,415.3598581560284,3.721964114394542e-11,-1.7391029610847042e-06
2021-04-21 21:06:00+00:00,415.28,415.29,415.36,80,1,415.35913580246915,3.206510158047987e-12,1.8126717522548574e-06
2021-04-21 21:07:00+00:00,415.28,415.29,415.36,580,1,415.3598795180723,1.3202548754798134e-15,-5.094996746723979e-08
2021-04-21 21:08:00+00:00,415.29,415.28,415.36,603,1,415.3598675496689,2.7032812354636066e-08,-0.0001842600171918507
2021-04-21 21:09:00+00:00,415.28,415.27,415.3,4,5,415.28333333333336,7.846712828022815e-09,3.640953946471015e-05
2021-04-21 21:10:00+00:00,415.27,415.27,415.3,92,5,415.29845360824737,1.646234994646596e-08,5.711628490301379e-05
2021-04-21 21:11:00+00:00,415.36,415.27,415.36,200,145,415.32217391304346,1.6949239109673136e-08,-0.00011480369690775039
2021-04-21 21:12:00+00:00,415.28,415.26,415.28,987,375,415.2744933920705,3.06185877773518e-08,0.00017505871852740995
2021-04-21 21:13:00+00:00,415.28,415.26,415.36,987,145,415.34719081272084,1.227253767401851e-09,-3.5032181881833324e-05
2021-04-21 21:14:00+00:00,415.28,415.26,415.34,987,100,415.33264029438817,9.262372683822369e-10,-3.0434146421121078e-05
2021-04-21 21:15:00+00:00,415.32,415.3,415.34,100,100,415.32,2.5766284110120534e-10,1.6051879675016423e-05
2021-04-21 21:16:00+00:00,415.32,415.3,415.34,200,100,415.32666666666665,2.654031474050897e-10,-1.629119846435767e-05
2021-04-21 21:17:00+00:00,415.31,415.3,415.32,200,1,415.31990049751244,2.902690800868668e-09,2.4317405632245936e-05
2021-04-21 21:18:00+00:00,415.31,415.3,415.34,300,100,415.33,1.595004895988068e-10,-1.6275676055887978e-05
2021-04-21 21:19:00+00:00,415.31,415.31,415.34,79,100,415.3232402234637,1.2933768769099514e-08,0.00011659940622843479
2021-04-21 21:20:00+00:00,415.37,415.37,415.38,100,500,415.37166666666667,3.4969715126792003e-10,1.554832419148333e-05
2021-04-21 21:21:00+00:00,415.37,415.37,415.38,26,6,415.37812499999995,3.1813997249949364e-10,-1.7730269454618863e-05
2021-04-21 21:22:00+00:00,415.39,415.37,415.4,26,1000,415.37076023391813,1.1611672475414649e-08,-0.0001057323549452649
2021-04-21 21:23:00+00:00,415.37,415.31,415.39,80,300,415.3268421052632,5.857089189881742e-08,0.00012779152399500227
2021-04-21 21:24:00+00:00,415.37,415.37,415.38,120,1,415.3799173553719,2.7228594240503972e-08,-0.000177473693802499
2021-04-21 21:25:00+00:00,415.31,415.3,415.31,300,184,415.30619834710745,2.2187168774376962e-07,-0.00023163234136724942
2021-04-21 21:26:00+00:00,415.23,415.17,415.27,200,300,415.21,7.845736675230087e-09,-2.2891911310107815e-05
2021-04-21 21:27:00+00:00,415.23,415.2,415.25,1,100,415.2004950495049,2.3983137278733555e-09,-8.807639525887367e-05
2021-04-21 21:28:00+00:00,415.14,415.13,415.2,300,319,415.16392568659126,1.813925313082627e-08,6.68193413710938e-05
2021-04-21 21:29:00+00:00,415.17,415.15,415.2,1000,200,415.19166666666666,8.203349852084893e-09,-2.111823681916203e-05
2021-04-21 21:30:00+00:00,415.2,415.19,415.2,36,295,415.19108761329306,7.78056070360034e-10,0.0
2021-04-21 21:31:00+00:00,415.2,415.18,415.2,50,295,415.18289855072464,1.4052286895442979e-11,-3.7912144715823715e-06
2021-04-21 21:32:00+00:00,415.2,415.18,415.2,50,705,415.1813245033113,1.6400090127658633e-12,-1.7284177230569853e-06
2021-04-21 21:33:00+00:00,415.2,415.18,415.2,22,703,415.18060689655175,2.277254649774379e-11,-1.3464036563437531e-07
2021-04-21 21:34:00+00:00,415.2,415.17,415.2,300,553,415.180550996483,2.998797985983323e-09,-1.6380816651229146e-05
2021-04-21 21:35:00+00:00,415.2,415.17,415.2,30,210,415.17375,9.770351980941385e-09,0.00013117147994989864
2021-04-21 21:36:00+00:00,415.25,415.2,415.27,405,600,415.22820895522386,6.604361238427684e-09,-2.982669246032188e-07
2021-04-21 21:37:00+00:00,415.16,415.2,415.26,88,100,415.228085106383,1.8402504519504043e-09,-5.731643150108656e-05
2021-04-21 21:38:00+00:00,415.26,415.2,415.24,48,400,415.2042857142857,3.653719932853465e-12,1.9114706204526044e-06
2021-04-21 21:39:00+00:00,415.23,415.2,415.24,48,330,415.2050793650793,2.128966969150114e-10,1.4386304013402906e-05
2021-04-21 21:40:00+00:00,415.23,415.21,415.24,12,330,415.2110526315789,4.963710576759971e-11,9.959605650422532e-06
2021-04-21 21:41:00+00:00,415.23,415.2,415.24,202,330,415.2151879699248,5.514471182719892e-10,1.7927111623627923e-05
2021-04-21 21:42:00+00:00,415.23,415.17,415.24,1000,330,415.22263157894736,3.4924035718465266e-10,2.3628695543287392e-05
2021-04-21 21:43:00+00:00,415.23,415.21,415.24,980,330,415.2324427480916,8.315840338600474e-10,-2.1674908350699518e-05
2021-04-21 21:44:00+00:00,415.23,415.22,415.23,105,200,415.2234426229508,1.6847219836475351e-10,7.098606589206469e-07
2021-04-21 21:45:00+00:00,415.23,415.22,415.23,185,310,415.2237373737374,1.761038408200845e-14,1.6668272695419262e-07
2021-04-21 21:46:00+00:00,415.23,415.22,415.23,185,301,415.2238065843622,1.6804932206044076e-11,2.4654242551935823e-06
2021-04-21 21:47:00+00:00,415.23,415.22,415.23,185,198,415.2248302872063,1.1409033894029661e-09,-3.316778078654714e-05
2021-04-21 21:48:00+00:00,415.23,415.21,415.23,10,179,415.2110582010582,6.542238106112642e-12,-2.5485859234120056e-07
2021-04-21 21:49:00+00:00,415.23,415.21,415.23,10,200,415.2109523809524,4.551200474723432e-15,6.746258573997466e-08
2021-04-21 21:50:00+00:00,415.23,415.21,415.23,10,194,415.21098039215684,2.2923751292886684e-09,9.607602082795097e-07
2021-04-21 21:51:00+00:00,415.23,415.21,415.23,10,135,415.21137931034485,2.1796116480087315e-12,-1.2722351586669234e-06
2021-04-21 21:52:00+00:00,415.23,415.21,415.23,10,225,415.2108510638298,4.121433193206005e-09,-1.73027873473508e-07
2021-04-21 21:53:00+00:00,415.21,415.21,415.24,8,300,415.2107792207792,0.0,0.0
2021-04-21 21:54:00+00:00,415.21,415.21,415.24,8,300,415.2107792207792,1.3901844530029915e-15,3.72851773899896e-08
2021-04-21 21:55:00+00:00,415.24,415.21,415.24,8,294,415.21079470198674,6.824937373510551e-09,0.0
2021-04-21 21:56:00+00:00,415.24,415.21,415.24,8,294,415.21079470198674,7.143071393241272e-12,1.7317938025840363e-06
2021-04-21 21:57:00+00:00,415.22,415.21,415.22,33,185,415.2115137614678,1.3407154063393817e-11,-7.786038358492675e-07
2021-04-21 21:58:00+00:00,415.22,415.21,415.22,60,444,415.2111904761905,6.982065792855296e-09,5.147065909816284e-05
2021-04-21 21:59:00+00:00,415.25,415.23,415.28,27,500,415.23256166982924,4.6495963303390664e-08,4.777526859234271e-06
2021-04-21 22:00:00+00:00,415.25,415.23,415.28,20,200,415.23454545454547,6.683715392394426e-08,0.0002459362142168686
2021-04-21 22:01:00+00:00,415.34,415.32,415.35,500,400,415.33666666666664,1.179955878975467e-08,1.9905644079054596e-05
2021-04-21 22:02:00+00:00,415.38,415.36,415.37,500,8,415.36984251968505,4.173864600835166e-09,9.780146977456106e-05
2021-04-21 22:03:00+00:00,415.39,415.38,415.39,600,480,415.3855555555556,4.796606146460171e-09,2.6748910650464808e-05
2021-04-21 22:04:00+00:00,415.38,415.38,415.4,500,100,415.39666666666665,2.7168935928802733e-09,4.403504526440116e-05
2021-04-21 22:05:00+00:00,415.43,415.4,415.44,500,505,415.41990049751246,8.645839301710525e-09,2.8484208180579174e-05
2021-04-21 22:06:00+00:00,415.41,415.4,415.43,501,60,415.4267914438503,9.547206323212462e-09,-8.69462509476282e-05
2021-04-21 22:07:00+00:00,415.39,415.39,415.4,36,500,415.390671641791,1.0696134816288477e-08,-3.8835163116757165e-05
2021-04-21 22:08:00+00:00,415.35,415.35,415.39,500,315,415.3745398773006,5.641352181339745e-08,-0.00011379404727562825
2021-04-21 22:09:00+00:00,415.32,415.3,415.34,600,5,415.33966942148754,2.5655708074542797e-09,5.448296876275904e-05
2021-04-21 22:10:00+00:00,415.35,415.34,415.35,100,1,415.349900990099,2.950196960957133e-09,8.036043428916173e-05
2021-04-21 22:11:00+00:00,415.38,415.38,415.39,100,205,415.38327868852457,2.2616204564708807e-10,1.5385147382973585e-05
2021-04-21 22:12:00+00:00,415.38,415.35,415.39,600,5,415.3896694214876,2.164809503767277e-09,-4.09239746437251e-05
2021-04-21 22:13:00+00:00,415.38,415.35,415.38,600,194,415.37267002518894,4.707200166731124e-09,-5.979480309847851e-05
2021-04-21 22:14:00+00:00,415.37,415.34,415.37,100,283,415.34783289817227,1.2369831643680672e-09,-2.2286305857432964e-05
2021-04-21 22:15:00+00:00,415.37,415.33,415.34,500,83,415.3385763293311,3.939420073278865e-10,-1.96132301855112e-05
2021-04-21 22:16:00+00:00,415.35,415.33,415.35,510,23200,415.3304301982286,7.298787908155824e-10,-1.0154869057865668e-06
2021-04-21 22:17:00+00:00,415.35,415.33,415.35,10,23699,415.3300084356152,7.539918340438854e-09,1.86369819799026e-07
2021-04-21 22:18:00+00:00,415.35,415.33,415.35,100,23199,415.330085840594,7.868308960502776e-23,-8.870348899847613e-12
2021-04-21 22:19:00+00:00,415.35,415.33,415.35,100,23200,415.33008583690986,3.0617620637059264e-09,-2.408634435857593e-05
2021-04-21 22:20:00+00:00,415.35,415.32,415.35,65,23700,415.32008205343993,3.524192495295965e-10,1.8772832751867696e-05
2021-04-21 22:21:00+00:00,415.35,415.32,415.34,65,100,415.32787878787883,1.0348827977970914e-09,1.3862724010493821e-05
2021-04-21 22:22:00+00:00,415.34,415.32,415.35,65,600,415.3229323308271,1.0289817148147624e-09,-4.4870826739429326e-05
2021-04-21 22:23:00+00:00,415.34,415.31,415.32,500,500,415.315,1.4523805510292473e-09,-2.40419560694205e-05
2021-04-21 22:24:00+00:00,415.32,415.29,415.32,500,499,415.30501501501504,6.95039530464291e-10,0.0
2021-04-21 22:25:00+00:00,415.32,415.29,415.32,500,499,415.30501501501504,1.0009606970190018e-08,6.497630418444977e-05
2021-04-21 22:26:00+00:00,415.32,415.29,415.36,1500,1000,415.332,4.248239421270335e-10,1.9941439569404196e-05
2021-04-21 22:27:00+00:00,415.34,415.33,415.37,173,500,415.3402823179792,4.723298080979376e-09,-1.3979502966554591e-05
2021-04-21 22:28:00+00:00,415.34,415.33,415.35,173,600,415.3344760672704,5.581612907966925e-09,-6.69120024643366e-05
2021-04-21 22:29:00+00:00,415.32,415.29,415.32,500,398,415.3067037861916,3.5237838479241154e-09,-5.393482045057407e-05
2021-04-21 22:30:00+00:00,415.29,415.25,415.29,100,100,415.27,8.801346271947862e-09,-0.00013064245292415677
2021-04-21 22:31:00+00:00,415.25,415.23,415.25,20,12497,415.23003195653916,2.681240725172893e-10,-1.8640125851621114e-05
2021-04-21 22:32:00+00:00,415.23,415.22,415.25,501,12601,415.2211471531065,2.94330831233331e-10,1.8567503779376437e-05
2021-04-21 22:33:00+00:00,415.25,415.23,415.25,1,12062,415.23000165796236,1.3797103272261967e-19,4.67770933099132e-10
2021-04-21 22:34:00+00:00,415.25,415.23,415.25,1,10797,415.2300018521949,2.0635526791939215e-09,4.817406607338093e-05
2021-04-21 22:35:00+00:00,415.25,415.25,415.26,3,5800,415.2500051697398,1.8991778908267773e-09,-5.6889790804981466e-05
2021-04-21 22:36:00+00:00,415.23,415.22,415.26,1101,5800,415.2263816838139,1.4507526884944618e-09,3.361371014132253e-05
2021-04-21 22:37:00+00:00,415.24,415.24,415.26,100,5800,415.24033898305083,8.573925559083762e-10,-3.245615830371751e-05
2021-04-21 22:38:00+00:00,415.24,415.22,415.26,1201,5800,415.2268618768747,3.734776703221339e-09,-3.828100251135336e-05
2021-04-21 22:39:00+00:00,415.21,415.21,415.22,107,1000,415.2109665763324,5.713834693512629e-09,-4.828684712288034e-05
2021-04-21 22:40:00+00:00,415.19,415.19,415.2,101,1000,415.1909173478656,1.5870918754744427e-08,-0.000170447115236394
2021-04-21 22:41:00+00:00,415.15,415.12,415.15,2,400,415.1201492537313,5.743646696455818e-10,2.6322661590194585e-05
2021-04-21 22:42:00+00:00,415.15,415.13,415.18,11,500,415.13107632093937,1.626139910120981e-09,-6.629139921865423e-05
2021-04-21 22:43:00+00:00,415.11,415.1,415.11,552,1800,415.1023469387755,6.148312535981392e-09,-3.74766748676425e-05
2021-04-21 22:44:00+00:00,415.1,415.08,415.1,300,200,415.092,4.798764529553986e-09,4.097528053192967e-05
2021-04-21 22:45:00+00:00,415.13,415.1,415.13,100,499,415.1050083472455,3.4923014411310676e-09,7.752673360239548e-05
2021-04-21 22:46:00+00:00,415.14,415.1,415.14,675,51,415.1371900826446,1.9903087220567217e-09,1.8741872904737278e-06
2021-04-21 22:47:00+00:00,415.14,415.13,415.14,200,51,415.13796812749007,9.06926364532325e-09,-5.7393246305936785e-05
2021-04-21 22:48:00+00:00,415.12,415.11,415.12,70,99,415.11414201183436,3.7723289571137165e-09,-3.315329664077549e-05
2021-04-21 22:49:00+00:00,415.12,415.1,415.11,70,1774,415.10037960954446,1.6167075767681044e-16,-1.2714981623140886e-08
2021-04-21 22:50:00+00:00,415.12,415.1,415.11,70,1800,415.10037433155077,2.9636353041710906e-09,7.958139699004718e-06
2021-04-21 22:51:00+00:00,415.12,415.1,415.13,70,501,415.1036777583188,2.9528658201162393e-10,-7.859296436873997e-06
2021-04-21 22:52:00+00:00,415.1,415.1,415.11,38,1800,415.1002067464636,5.472123257121025e-13,-5.02502507715441e-07
2021-04-21 22:53:00+00:00,415.1,415.1,415.11,38,1800,415.1002067464636,5.10933100908156e-09,-5.671474771395957e-05
2021-04-21 22:54:00+00:00,415.07,415.07,415.08,999,500,415.07666444296194,2.883910053942825e-09,8.14858780802119e-05
2021-04-21 22:55:00+00:00,415.11,415.11,415.13,25,1001,415.1104873294347,4.377985602318978e-09,-1.5627958417474552e-05
2021-04-21 22:56:00+00:00,415.1,415.1,415.11,34,51,415.10400000000004,6.210248255205354e-10,7.65949540237898e-06
2021-04-21 22:57:00+00:00,415.11,415.1,415.11,84,33,415.1071794871795,5.637551856500627e-09,6.501255776991677e-05
2021-04-21 22:58:00+00:00,415.15,415.13,415.15,25,95,415.13416666666666,8.153611982790453e-09,1.7193673112370078e-05
2021-04-21 22:59:00+00:00,415.16,415.14,415.16,15,125,415.14214285714286,1.5411002475816763e-08,2.3051039444776933e-05
2021-04-21 23:00:00+00:00,415.19,415.15,415.18,15,500,415.1508737864078,2.7754832922089544e-09,-1.5552165884002989e-06
2021-04-21 23:01:00+00:00,415.16,415.15,415.17,15,500,415.15058252427184,3.165867586937515e-09,-5.629526961814513e-05
2021-04-21 23:02:00+00:00,415.15,415.12,415.15,600,2025,415.12685714285715,4.908975524635454e-10,-2.7717468687349367e-05
2021-04-21 23:03:00+00:00,415.15,415.11,415.15,305,1975,415.115350877193,4.698488396558201e-09,4.0107220250495956e-05
2021-04-21 23:04:00+00:00,415.15,415.13,415.14,25,100,415.132,1.777072306720122e-11,-4.2075946772301975e-06
2021-04-21 23:05:00+00:00,415.15,415.13,415.15,25,1949,415.13025329280646,6.078350319725826e-10,2.465718627564506e-05
2021-04-21 23:06:00+00:00,415.15,415.14,415.15,100,1944,415.1404892367906,2.0179025975103615e-15,-4.492107075204643e-08
2021-04-21 23:07:00+00:00,415.15,415.14,415.15,100,2025,415.1404705882353,4.1313697225960114e-10,-1.6718483780708837e-06
2021-04-21 23:08:00+00:00,415.14,415.13,415.14,525,12,415.13977653631287,1.192175065164708e-08,-0.0001133335475057562
2021-04-21 23:09:00+00:00,415.1,415.09,415.12,10,100,415.09272727272725,1.4479923609376822e-08,0.00014979397027437003
2021-04-21 23:10:00+00:00,415.16,415.13,415.16,440,90,415.15490566037744,6.467107691371057e-10,-9.247662540179391e-07
2021-04-21 23:11:00+00:00,415.16,415.13,415.16,470,105,415.1545217391305,1.1275543382822908e-08,0.00013049096229633683
2021-04-21 23:12:00+00:00,415.21,415.2,415.24,100,360,415.2086956521739,1.6146242617655274e-09,6.349223277690719e-05
2021-04-21 23:13:00+00:00,415.22,415.22,415.24,1100,361,415.23505817932926,1.9368011240674028e-08,1.6279941579488977e-05
2021-04-21 23:14:00+00:00,415.24,415.22,415.25,600,225,415.2418181818182,0.0,0.0
2021-04-21 23:15:00+00:00,415.24,415.22,415.25,600,225,415.2418181818182,3.88227870618943e-10,5.254331539639168e-06
2021-04-21 23:16:00+00:00,415.25,415.22,415.25,600,150,415.244,7.4974438100235e-09,8.365942952770489e-05
2021-04-21 23:17:00+00:00,415.27,415.27,415.28,700,101,415.2787390761548,9.430015721123239e-09,0.00012343739041198454
2021-04-21 23:18:00+00:00,415.32,415.29,415.35,1000,500,415.33,9.477721547523437e-10,-5.034331955078297e-05
2021-04-21 23:19:00+00:00,415.32,415.3,415.31,10,1,415.30909090909097,1.9234412845739744e-08,-0.00012746425275989015
2021-04-21 23:20:00+00:00,415.27,415.21,415.26,1200,100,415.25615384615384,1.9208231409868417e-08,-3.8832180476733313e-05
2021-04-21 23:21:00+00:00,415.25,415.24,415.27,10,10500,415.2400285442436,2.235695219660342e-08,-9.589124877829036e-05
2021-04-21 23:22:00+00:00,415.21,415.2,415.21,100,4647,415.2002106593638,9.183714082510252e-09,9.58316966483963e-05
2021-04-21 23:23:00+00:00,415.22,415.22,415.26,100,100,415.24,8.813143301947413e-09,-0.00010508709092660329
2021-04-21 23:24:00+00:00,415.17,415.16,415.2,1000,100,415.1963636363636,2.813577670525636e-09,-5.0956671701296585e-05
2021-04-21 23:25:00+00:00,415.21,415.17,415.2,21,100,415.1752066115702,2.5791808052723826e-08,-0.00012092873266678072
2021-04-21 23:26:00+00:00,415.16,415.12,415.15,20,100,415.125,7.760817712671546e-09,7.664723111977523e-06
2021-04-21 23:27:00+00:00,415.15,415.12,415.15,225,600,415.1281818181818,2.9641609982146676e-08,-0.00012810939008978117
2021-04-21 23:28:00+00:00,415.06,415.07,415.1,100,500,415.075,2.1991365199794643e-08,0.00012046015780287078
2021-04-21 23:29:00+00:00,415.09,415.11,415.14,100,100,415.125,1.5728354964051982e-08,-6.012666025978497e-05
2021-04-21 23:30:00+00:00,415.1,415.1,415.12,1,500,415.10003992015965,1.4693386169863392e-08,-1.0539376315010784e-05
2021-04-21 23:31:00+00:00,415.12,415.09,415.11,15,100,415.0926086956522,2.64467488027904e-09,-3.8569066279636743e-05
2021-04-21 23:32:00+00:00,415.09,415.07,415.09,70,75,415.0796551724138,6.707865783709346e-09,-4.408019203783198e-05
2021-04-21 23:33:00+00:00,415.07,415.05,415.08,1310,2150,415.0613583815028,4.90393444495463e-09,-2.3843527167222156e-05
2021-04-21 23:34:00+00:00,415.05,415.05,415.07,160,2029,415.0514618547282,2.22749855056245e-08,0.00015710054759732195
2021-04-21 23:35:00+00:00,415.11,415.09,415.13,1000,500,415.1166666666667,1.3300649532385908e-08,-0.00011648967963651113
2021-04-21 23:36:00+00:00,415.05,415.05,415.07,1,100,415.050198019802,3.143602044262661e-08,2.4139786290344745e-05
2021-04-21 23:37:00+00:00,415.06,415.04,415.09,1675,510,415.0783295194508,2.887586258995284e-09,-9.210274051396627e-05
2021-04-21 23:38:00+00:00,415.05,415.04,415.07,2,600,415.0400996677741,2.5880952571464803e-08,6.551247734232213e-05
2021-04-21 23:39:00+00:00,415.05,415.04,415.07,1007,100,415.06728997289974,5.823419013178643e-09,-2.5594178316934446e-05
2021-04-21 23:40:00+00:00,415.08,415.05,415.09,100,500,415.0566666666667,1.099196609143097e-08,-5.1309370518781705e-05
2021-04-21 23:41:00+00:00,415.04,415.03,415.04,580,500,415.0353703703704,2.891757113260608e-08,-8.15157243148068e-05
2021-04-21 23:42:00+00:00,415.0,415.0,415.04,20,500,415.0015384615384,8.05800085042612e-09,-6.652960905195737e-05
2021-04-21 23:43:00+00:00,414.97,414.96,414.99,520,600,414.9739285714286,6.4176092386471234e-09,3.069613380768388e-05
2021-04-21 23:44:00+00:00,414.98,414.97,414.99,10,502,414.970390625,9.275767611344989e-09,2.008096645678137e-05
2021-04-21 23:45:00+00:00,415.02,414.99,415.02,100,500,414.995,3.4902354174910594e-08,2.0900178044902518e-05
2021-04-21 23:46:00+00:00,415.02,415.0,415.02,135,600,415.00367346938776,7.453565818473462e-09,-1.4644004210473405e-05
2021-04-21 23:47:00+00:00,414.98,414.99,415.0,632,200,414.99759615384613,1.6412266386272313e-08,-3.035235375548062e-05
2021-04-21 23:48:00+00:00,415.01,414.98,415.01,100,500,414.985,6.700807907823684e-09,3.472839911289327e-05
2021-04-21 23:49:00+00:00,414.97,414.97,415.0,100,2,414.9994117647059,2.5359199099297222e-08,-9.496824233634626e-05
2021-04-21 23:50:00+00:00,414.92,414.93,414.99,500,500,414.96,3.892616966433841e-08,8.032902769761208e-05
2021-04-21 23:51:00+00:00,415.0,414.99,415.01,100,500,414.99333333333334,2.12532256041668e-08,0.00012449999196784134
2021-04-21 23:52:00+00:00,415.05,415.03,415.06,100,100,415.045,4.681300024413146e-09,4.3473546870398394e-05
2021-04-21 23:53:00+00:00,415.07,415.05,415.08,100,130,415.06304347826085,4.73456176095094e-10,-7.571110488324706e-06
2021-04-21 23:54:00+00:00,415.07,415.05,415.06,500,5,415.05990099009904,2.4613228329689003e-08,-0.00010095166986523463
2021-04-21 23:55:00+00:00,415.05,415.01,415.03,100,150,415.018,1.1548314718629761e-09,-1.0222265641735007e-06
2021-04-21 23:56:00+00:00,415.03,415.01,415.03,100,164,415.01757575757574,1.1121282892937674e-08,6.515296849851637e-05
2021-04-21 23:57:00+00:00,415.06,415.04,415.07,100,550,415.0446153846154,1.1952056266763774e-09,-4.3178899508777846e-05
2021-04-21 23:58:00+00:00,415.01,415.01,415.03,505,100,415.02669421487604,2.177685198908725e-08,-0.00013430903289046725
2021-04-21 23:59:00+00:00,414.98,414.97,414.99,10,200,414.9709523809523,2.7154435778161813e-08,3.786839927988339e-05
