ts_recv,price,bid_px_00,ask_px_00,bid_sz_00,ask_sz_00,weighted_mid,rv_60s,ret_60s
2024-07-15 08:01:00+00:00,561.52,561.51,561.58,400,400,561.545,1.3791975587946257e-08,-6.232804138572856e-05
2024-07-15 08:02:00+00:00,561.52,561.48,561.54,400,400,561.51,2.417454175362868e-08,3.835810856167576e-05
2024-07-15 08:03:00+00:00,561.48,561.49,561.55,900,400,561.5315384615385,2.265779398051017e-08,3.2877117662977184e-05
2024-07-15 08:04:00+00:00,561.53,561.51,561.57,800,400,561.55,1.9661228348979116e-08,8.310331522887182e-05
2024-07-15 08:05:00+00:00,561.61,561.56,561.6,1,400,561.5600997506234,3.11545536555149e-08,-0.00011049083040259866
2024-07-15 08:06:00+00:00,561.55,561.5,561.55,900,400,561.5346153846153,7.968887082117074e-09,2.479508288821819e-05
2024-07-15 08:07:00+00:00,561.52,561.51,561.55,1,400,561.5100997506235,3.087838555692739e-08,5.6073455424465735e-05
2024-07-15 08:08:00+00:00,561.6,561.57,561.62,301,1200,561.5800266489008,1.9041980510719468e-08,0.00017808081524228747
2024-07-15 08:09:00+00:00,561.69,561.65,561.7,900,400,561.6846153846154,1.4112340387679352e-08,2.6646348887382487e-05
2024-07-15 08:10:00+00:00,561.67,561.66,561.71,1100,400,561.6966666666667,7.434587724692224e-09,8.285361546467307e-05
2024-07-15 08:11:00+00:00,561.7,561.7,561.76,1300,400,561.7458823529412,9.65296871300031e-09,-0.00011698173075547214
2024-07-15 08:12:00+00:00,561.71,561.65,561.71,300,397,561.675824964132,9.947343691483744e-09,1.7324212635116965e-05
2024-07-15 08:13:00+00:00,561.65,561.65,561.69,800,100,561.6855555555557,2.9916394442024264e-08,-0.00014214584842298095
2024-07-15 08:14:00+00:00,561.58,561.58,561.64,300,400,561.6057142857143,1.7340785460447968e-08,3.730799103252025e-05
2024-07-15 08:15:00+00:00,561.63,561.57,561.64,1700,400,561.6266666666667,1.1638440727699011e-08,5.935140781510029e-06
2024-07-15 08:16:00+00:00,561.62,561.6,561.66,1700,400,561.6485714285715,1.6736443196990072e-08,2.3740422223639257e-06
2024-07-15 08:17:00+00:00,561.59,561.59,561.65,400,400,561.62,1.8297439737071176e-08,4.504147435402395e-05
2024-07-15 08:18:00+00:00,561.68,561.62,561.68,500,319,561.6566300366301,1.3032085353887746e-08,0.00018404476657418734
2024-07-15 08:19:00+00:00,561.68,561.72,561.79,801,400,561.7666860949209,1.0675828511173197e-08,5.527739885180516e-05
2024-07-15 08:20:00+00:00,561.81,561.77,561.82,800,1100,561.791052631579,2.1509976903368607e-08,-0.00011757508644816284
2024-07-15 08:21:00+00:00,561.79,561.7,561.75,900,400,561.7346153846154,1.2998537247842271e-08,-5.6338749874207394e-05
2024-07-15 08:22:00+00:00,561.68,561.68,561.74,375,1310,561.693353115727,1.2931128847685405e-08,0.00014239124811199488
2024-07-15 08:23:00+00:00,561.74,561.74,561.79,800,400,561.7733333333333,6.3247828953387775e-09,2.9667956233936366e-06
2024-07-15 08:24:00+00:00,561.74,561.75,561.8,400,400,561.775,3.8475651475386784e-08,-5.829109318344905e-05
2024-07-15 08:25:00+00:00,561.79,561.7,561.79,800,904,561.7422535211268,3.6877723644584227e-08,-3.557898288564232e-05
2024-07-15 08:26:00+00:00,561.8,561.72,561.77,19,400,561.7222673031026,6.551275134896361e-09,5.855194197601499e-05
2024-07-15 08:27:00+00:00,561.78,561.73,561.78,400,395,561.7551572327044,3.111133247678877e-09,-1.8081245136136737e-05
2024-07-15 08:28:00+00:00,561.78,561.73,561.79,400,1200,561.745,2.445553452669345e-08,1.78016715770557e-05
2024-07-15 08:29:00+00:00,561.78,561.73,561.78,400,400,561.755,2.43390578297825e-08,-5.0437171602024655e-05
2024-07-15 08:30:00+00:00,561.75,561.7,561.76,400,500,561.7266666666667,7.536858382387776e-09,0.00018395660997638785
2024-07-15 08:31:00+00:00,561.8,561.79,561.85,800,400,561.83,1.3816447562827119e-09,-8.899489169267305e-06
2024-07-15 08:32:00+00:00,561.83,561.8,561.85,400,400,561.825,1.095459429463522e-09,1.705536877971703e-05
2024-07-15 08:33:00+00:00,561.86,561.79,561.86,400,294,561.8303458213256,3.5988990950896613e-09,2.7442005041455886e-05
2024-07-15 08:34:00+00:00,561.87,561.82,561.88,400,400,561.85,8.044449106491371e-09,-7.119337901584366e-05
2024-07-15 08:35:00+00:00,561.84,561.78,561.84,400,400,561.81,1.2675839083362333e-08,-3.559922393692183e-05
2024-07-15 08:36:00+00:00,561.84,561.78,561.82,400,400,561.8,1.3491672648154901e-08,7.257023223861125e-05
2024-07-15 08:37:00+00:00,561.84,561.83,561.85,1,25,561.8307692307693,1.2575266679322001e-08,-3.6569562994137605e-05
2024-07-15 08:38:00+00:00,561.84,561.81,561.84,35,400,561.8124137931034,1.1195185577253344e-08,6.765980303957697e-05
2024-07-15 08:39:00+00:00,561.8,561.82,561.85,400,25,561.8482352941177,1.0459592844132972e-08,-8.724706204277233e-06
2024-07-15 08:40:00+00:00,561.85,561.81,561.87,500,400,561.8433333333334,8.077755429401175e-09,-4.5485198523098624e-05
2024-07-15 08:41:00+00:00,561.85,561.79,561.84,500,400,561.8177777777778,6.268105107020559e-09,7.341635330448959e-05
2024-07-15 08:42:00+00:00,561.81,561.82,561.86,400,10,561.8590243902439,5.497087526384619e-09,-9.51897336876062e-06
2024-07-15 08:43:00+00:00,561.87,561.82,561.87,400,299,561.8486123032905,2.2491567379422816e-09,1.6594944989067884e-05
2024-07-15 08:44:00+00:00,561.88,561.86,561.89,1,9,561.863,3.5758310401851116e-09,7.574723159731178e-05
2024-07-15 08:45:00+00:00,561.9,561.9,561.92,77,200,561.905559566787,2.3614326415350367e-09,-7.213215577639431e-05
2024-07-15 08:46:00+00:00,561.9,561.85,561.9,1,500,561.8500998003992,1.150716159097338e-08,3.554571216946023e-05
2024-07-15 08:47:00+00:00,561.88,561.86,561.91,400,400,561.885,1.2318268963405476e-08,2.6076049891798903e-05
2024-07-15 08:48:00+00:00,561.9,561.83,561.9,400,2,561.8996517412935,1.7264394214063346e-08,-3.590113117590832e-05
2024-07-15 08:49:00+00:00,561.88,561.81,561.88,400,3,561.8794789081886,1.854501717225975e-09,-3.4667413421951565e-05
2024-07-15 08:50:00+00:00,561.89,561.82,561.9,400,400,561.86,8.236278474249837e-09,-6.67426049195674e-05
2024-07-15 08:51:00+00:00,561.84,561.81,561.86,400,1200,561.8224999999999,6.513160207240901e-09,8.349098625370921e-05
2024-07-15 08:52:00+00:00,561.83,561.82,561.87,500,6,561.8694071146244,6.350742904802831e-09,-7.84366361405997e-06
2024-07-15 08:53:00+00:00,561.87,561.83,561.9,400,400,561.865,3.9199316165993024e-09,-5.339360878497956e-05
2024-07-15 08:54:00+00:00,561.89,561.81,561.86,400,400,561.835,1.0505016425355242e-08,-6.219129387374789e-05
2024-07-15 08:55:00+00:00,561.85,561.8,561.85,2,1700,561.8000587544065,8.230953255648631e-09,7.109512534064777e-05
2024-07-15 08:56:00+00:00,561.84,561.82,561.88,500,1200,561.8376470588236,6.088639112534019e-09,3.245638280935381e-05
2024-07-15 08:57:00+00:00,561.84,561.83,561.86,64,4,561.8582352941177,5.449408831375526e-09,-2.7370162604234416e-05
2024-07-15 08:58:00+00:00,561.86,561.83,561.86,3,2,561.848,4.5052825269220145e-09,9.647124633360704e-05
2024-07-15 08:59:00+00:00,561.86,561.85,561.9,400,25,561.8970588235294,7.524769470055242e-09,3.480076728412662e-05
2024-07-15 09:00:00+00:00,561.92,561.88,561.92,400,37,561.9166132723111,8.333396937785634e-09,-8.295407398550836e-05
2024-07-15 09:01:00+00:00,561.92,561.85,561.89,400,400,561.87,3.966520206848707e-09,4.004485023223481e-05
2024-07-15 09:02:00+00:00,561.92,561.88,561.93,400,1200,561.8925,8.568813769291913e-09,2.2246248170043614e-05
2024-07-15 09:03:00+00:00,561.91,561.88,561.93,400,400,561.905,6.681359638008264e-10,-2.369620899433933e-05
2024-07-15 09:04:00+00:00,561.89,561.89,561.91,46,500,561.891684981685,8.22359425336251e-09,8.684366226141549e-07
2024-07-15 09:05:00+00:00,561.88,561.87,561.91,400,400,561.89,1.2257788840835771e-08,-0.00011318875678845153
2024-07-15 09:06:00+00:00,561.81,561.81,561.87,269,600,561.828573072497,7.871510538988154e-09,-5.063534604909936e-05
2024-07-15 09:07:00+00:00,561.81,561.8,561.85,1,500,561.8000998003992,1.0058551247470519e-08,0.00021302292663616385
2024-07-15 09:08:00+00:00,561.91,561.88,561.92,400,2,561.9198009950248,1.88177778906113e-09,-2.6395731401618328e-05
2024-07-15 09:09:00+00:00,561.88,561.88,561.93,399,400,561.9049687108885,2.1629404148237113e-08,5.1741564716323296e-05
2024-07-15 09:10:00+00:00,561.94,561.9,561.94,400,70,561.9340425531915,6.012269207890239e-09,-5.464915369546297e-05
2024-07-15 09:11:00+00:00,561.92,561.87,561.93,500,400,561.9033333333333,3.3195154856659166e-09,-3.2627201594581656e-05
2024-07-15 09:12:00+00:00,561.92,561.87,561.93,500,100,561.92,1.829414144778177e-08,9.613997142343678e-05
2024-07-15 09:13:00+00:00,561.91,561.89,561.94,500,10,561.9390196078432,1.027259256742769e-08,4.287209541842252e-05
2024-07-15 09:14:00+00:00,561.94,561.94,561.97,312,93,561.9631111111112,7.532289688940707e-09,1.089415942923111e-05
2024-07-15 09:15:00+00:00,561.97,561.93,561.97,307,6,561.969233226837,1.3118342703477364e-08,-6.889568686663239e-05
2024-07-15 09:16:00+00:00,561.97,561.93,561.96,7,400,561.9305159705159,5.97066221493699e-09,3.570818721598812e-06
2024-07-15 09:17:00+00:00,561.96,561.93,561.97,7,104,561.9325225225225,3.2100633460159824e-09,6.642896185349301e-05
2024-07-15 09:18:00+00:00,561.97,561.95,561.97,400,3,561.9698511166254,6.190244914716488e-10,3.691113097858967e-05
2024-07-15 09:19:00+00:00,561.97,561.99,562.0,30,475,561.9905940594059,2.5085507410508304e-09,-3.269064887911899e-05
2024-07-15 09:20:00+00:00,561.96,561.95,562.0,500,568,561.9734082397005,1.7737020406385882e-08,-7.499015117906627e-05
2024-07-15 09:21:00+00:00,561.94,561.93,561.97,1,500,561.9300798403193,2.8427462827295884e-09,6.208770440707667e-05
2024-07-15 09:22:00+00:00,561.94,561.94,561.99,400,401,561.9649687890138,1.0998881112178302e-08,9.307014229964494e-06
2024-07-15 09:23:00+00:00,562.0,561.97,562.01,2,400,561.9701990049751,4.521574090919563e-09,7.082403140823423e-05
2024-07-15 09:24:00+00:00,562.02,561.98,562.04,400,400,562.01,9.959797715236661e-09,8.952312434695742e-06
2024-07-15 09:25:00+00:00,562.04,561.99,562.04,400,399,562.0150312891114,8.68026991677259e-09,-7.950504509202094e-05
2024-07-15 09:26:00+00:00,562.02,561.97,562.04,2,400,561.9703482587064,7.345983241474793e-09,4.6832378330696756e-05
2024-07-15 09:27:00+00:00,562.02,561.98,562.05,500,1600,561.9966666666667,2.4081710937593693e-09,7.712219405608955e-05
2024-07-15 09:28:00+00:00,562.02,562.04,562.05,1,1100,562.0400090826522,1.1222146462299955e-08,-2.2790339558098616e-05
2024-07-15 09:29:00+00:00,561.97,561.96,562.04,2100,400,562.0272,7.340500140587293e-09,-2.4672589986174387e-05
2024-07-15 09:30:00+00:00,562.05,562.0,562.04,200,400,562.0133333333333,2.055777827111327e-09,0.0
2024-07-15 09:31:00+00:00,562.05,562.0,562.04,200,400,562.0133333333333,5.894686197878783e-10,3.58985052486549e-05
2024-07-15 09:32:00+00:00,562.05,562.03,562.05,200,940,562.0335087719297,2.921687160672722e-09,-1.3147559405957132e-05
2024-07-15 09:33:00+00:00,562.05,562.02,562.05,205,900,562.0255656108598,7.646042321604054e-11,-1.074633633835198e-05
2024-07-15 09:34:00+00:00,562.02,562.02,562.04,2,500,562.020079681275,4.7464733460216636e-09,2.3173134682696883e-05
2024-07-15 09:35:00+00:00,562.03,562.03,562.06,150,800,562.0347368421053,1.6161033524804459e-09,-2.3259708777811916e-05
2024-07-15 09:36:00+00:00,562.03,562.02,562.04,2,1300,562.0200307219661,8.041994690870573e-09,-9.791594419761296e-05
2024-07-15 09:37:00+00:00,561.94,561.94,561.99,400,400,561.965,1.0739152451625498e-08,7.076921333393216e-06
2024-07-15 09:38:00+00:00,561.93,561.93,561.97,381,10,561.9689769820972,6.891623928138291e-09,-6.929412325051842e-07
2024-07-15 09:39:00+00:00,561.92,561.92,561.97,344,10,561.9685875706216,2.3545299621028304e-08,-1.5281228900487775e-05
2024-07-15 09:40:00+00:00,561.93,561.93,561.99,400,400,561.96,1.60233840392054e-08,3.5589721687490083e-06
2024-07-15 09:41:00+00:00,561.98,561.93,561.97,400,100,561.962,6.2229761910618416e-09,-5.4966152317814654e-05
2024-07-15 09:42:00+00:00,561.95,561.9,561.97,1700,500,561.954090909091,1.3541174366771671e-08,0.00011369523350035493
2024-07-15 09:43:00+00:00,561.97,561.97,562.02,400,400,561.995,9.067038459583118e-09,4.448438153370482e-05
2024-07-15 09:44:00+00:00,561.97,561.98,562.03,400,100,562.02,2.840845330958405e-08,8.540621330199727e-05
2024-07-15 09:45:00+00:00,562.02,562.06,562.07,400,100,562.068,4.820156564204635e-09,-0.00012045203294019924
2024-07-15 09:46:00+00:00,562.06,562.0,562.04,3,400,562.0002977667493,5.486197232909208e-09,-3.0185808590155183e-05
2024-07-15 09:47:00+00:00,561.96,561.97,562.04,400,1700,561.9833333333333,2.785400514265825e-09,2.9656870013994308e-05
2024-07-15 09:48:00+00:00,562.03,561.97,562.03,400,400,562.0,4.36429660218531e-09,-2.707625007181136e-05
2024-07-15 09:49:00+00:00,562.03,561.96,562.01,400,407,561.9847831474597,8.606228623014045e-09,-6.168071909906647e-05
2024-07-15 09:50:00+00:00,561.96,561.95,561.98,2,500,561.9501195219124,9.724159138893586e-10,-2.1269131933454588e-07
2024-07-15 09:51:00+00:00,561.95,561.89,561.97,1200,400,561.95,7.603374196973987e-09,-3.5590355013992436e-05
2024-07-15 09:52:00+00:00,561.95,561.89,561.97,400,400,561.93,7.270811167608607e-09,3.1484896148015196e-05
2024-07-15 09:53:00+00:00,561.93,561.89,561.95,400,16,561.9476923076924,4.39464120254657e-09,-0.0001174609582662578
2024-07-15 09:54:00+00:00,561.91,561.88,561.91,5,84,561.8816853932584,4.9259313003190785e-09,3.803729243534448e-05
2024-07-15 09:55:00+00:00,561.88,561.87,561.91,400,84,561.9030578512397,6.16064319016441e-09,6.44303244434763e-05
2024-07-15 09:56:00+00:00,561.93,561.93,561.94,5016,400,561.9392614475629,1.9895875304535534e-08,-1.6291237550425386e-05
2024-07-15 09:57:00+00:00,561.96,561.93,561.94,5,500,561.930099009901,1.2491803523233226e-09,-3.5520670203514904e-05
2024-07-15 09:58:00+00:00,561.95,561.91,561.96,5,1700,561.9101466275661,2.364688534397841e-08,2.015037818980936e-05
2024-07-15 09:59:00+00:00,561.91,561.9,561.95,301,400,561.9214693295293,6.486559926125915e-09,-0.00010908066212766965
2024-07-15 10:00:00+00:00,561.91,561.86,561.93,1,400,561.860174563591,3.620259548063712e-08,-0.00023442133875417603
2024-07-15 10:01:00+00:00,561.71,561.7,561.76,361,400,561.7284625492772,2.7864046950695515e-08,7.776053872610156e-05
2024-07-15 10:02:00+00:00,561.72,561.74,561.83,500,900,561.7721428571429,2.1708782535850975e-08,3.200911858147748e-05
2024-07-15 10:03:00+00:00,561.72,561.79,561.84,1,400,561.7901246882793,2.796239996537857e-08,0.00015832532932935628
2024-07-15 10:04:00+00:00,561.89,561.87,561.94,400,400,561.905,1.7923714413006946e-08,-1.3527760077125528e-05
2024-07-15 10:05:00+00:00,561.89,561.85,561.9,301,400,561.8714693295293,4.7383950791724e-09,1.5182601246666039e-05
2024-07-15 10:06:00+00:00,561.88,561.85,561.91,400,400,561.88,3.205950962957768e-09,6.297539578659084e-05
2024-07-15 10:07:00+00:00,561.9,561.86,561.94,900,400,561.9153846153846,4.929169847071382e-09,9.291796967403343e-07
2024-07-15 10:08:00+00:00,561.94,561.89,561.94,400,372,561.9159067357513,1.1212838659671681e-09,-1.0689297638255546e-05
2024-07-15 10:09:00+00:00,561.94,561.84,561.9,303,400,561.8658605974395,1.98676185873129e-08,-0.00012386769230487982
2024-07-15 10:10:00+00:00,561.88,561.84,561.88,3,400,561.8402977667494,8.717412904134818e-09,7.917116744571295e-05
2024-07-15 10:11:00+00:00,561.91,561.86,561.91,393,400,561.8847793190416,3.1005150087941913e-15,5.568226835173107e-08
2024-07-15 10:12:00+00:00,561.91,561.86,561.91,393,399,561.8848106060607,9.879789608938974e-09,-4.606609378954296e-06
2024-07-15 10:13:00+00:00,561.91,561.85,561.9,400,400,561.875,1.0053391536261219e-08,1.5777769568625644e-05
2024-07-15 10:14:00+00:00,561.86,561.9,561.91,23,400,561.9005437352246,4.945839954698117e-09,1.5861667411298797e-05
2024-07-15 10:15:00+00:00,561.87,561.87,561.94,300,400,561.9,6.703747794762265e-09,9.13284221426558e-06
2024-07-15 10:16:00+00:00,561.94,561.87,561.94,400,397,561.9051317440402,1.9358758413939347e-08,-9.767304963204104e-05
2024-07-15 10:17:00+00:00,561.94,561.85,561.9,2,400,561.8502487562189,5.166241255623523e-10,3.506538010977778e-05
2024-07-15 10:18:00+00:00,561.94,561.86,561.87,400,2,561.8699502487563,1.558623822338084e-08,-3.5081436412176537e-05
2024-07-15 10:19:00+00:00,561.87,561.85,561.91,2,500,561.8502390438247,1.1746265811575953e-08,-1.587389273216555e-05
2024-07-15 10:20:00+00:00,561.91,561.84,561.9,9,400,561.8413202933986,1.5762226655247908e-08,2.019497829430783e-05
2024-07-15 10:21:00+00:00,561.82,561.82,561.89,350,400,561.8526666666667,3.144990974566157e-10,-1.7734122404466923e-05
2024-07-15 10:22:00+00:00,561.82,561.82,561.89,192,400,561.8427027027027,7.276210737136661e-09,1.2988149996839837e-05
2024-07-15 10:23:00+00:00,561.87,561.81,561.86,400,100,561.85,2.188781027544534e-08,0.0001139094064250834
2024-07-15 10:24:00+00:00,561.8,561.89,561.92,400,100,561.914,6.002543396627423e-10,-1.1707514587899759e-05
2024-07-15 10:25:00+00:00,561.8,561.9,561.92,59,100,561.9074213836478,1.7954646680913135e-09,-4.866739544551191e-05
2024-07-15 10:26:00+00:00,561.9,561.88,561.91,1,400,561.8800748129676,7.940064118624212e-09,2.7551684571136548e-05
2024-07-15 10:27:00+00:00,561.88,561.82,561.9,1200,100,561.8938461538462,1.125954032988078e-09,-3.65825202786052e-05
2024-07-15 10:28:00+00:00,561.89,561.85,561.9,400,400,561.875,5.7527330900909805e-09,3.964000404477197e-05
2024-07-15 10:29:00+00:00,561.89,561.84,561.91,1800,400,561.8972727272727,2.115583905451967e-09,-3.963843277721146e-05
2024-07-15 10:30:00+00:00,561.89,561.85,561.9,400,400,561.875,8.427423231293383e-09,8.898776418186927e-06
2024-07-15 10:31:00+00:00,561.91,561.85,561.91,400,400,561.88,1.1088185861560011e-08,7.24918262196006e-06
2024-07-15 10:32:00+00:00,561.86,561.86,561.92,329,491,561.8840731707317,1.128814298515563e-08,-7.750616548496403e-05
2024-07-15 10:33:00+00:00,561.91,561.84,561.91,3,398,561.8405236907731,1.1166028469312494e-08,0.00010737454938358759
2024-07-15 10:34:00+00:00,561.91,561.9,561.92,2,345,561.9001152737752,1.7332992801373024e-12,-1.3553607719485328e-06
2024-07-15 10:35:00+00:00,561.91,561.9,561.92,2,445,561.9000894854586,6.454509516074307e-09,-7.953819424677544e-05
2024-07-15 10:36:00+00:00,561.85,561.85,561.9,121,1000,561.8553969669938,3.8939334621702276e-09,1.114072189700721e-05
2024-07-15 10:37:00+00:00,561.85,561.85,561.9,152,500,561.8616564417177,2.4277762847151582e-09,-3.788162626328084e-05
2024-07-15 10:38:00+00:00,561.88,561.84,561.89,3,400,561.8403722084367,9.237315030296274e-09,1.3151469899774781e-06
2024-07-15 10:39:00+00:00,561.82,561.81,561.88,400,500,561.8411111111111,8.998913177357442e-09,-1.975398929376926e-05
2024-07-15 10:40:00+00:00,561.88,561.81,561.89,1200,899,561.8557360647927,6.3999296285867094e-09,9.538994565327918e-05
2024-07-15 10:41:00+00:00,561.9,561.87,561.9,400,482,561.8836054421769,3.386723176200465e-09,5.577378970333946e-05
2024-07-15 10:42:00+00:00,561.9,561.87,561.92,400,45,561.9149438202246,8.392193729026835e-09,4.45906983805866e-05
2024-07-15 10:43:00+00:00,561.91,561.9,561.95,400,100,561.94,8.672349200345964e-09,1.7619301173610324e-07
2024-07-15 10:44:00+00:00,561.91,561.91,561.95,304,100,561.940099009901,4.350839503016458e-09,-8.520312168236455e-05
2024-07-15 10:45:00+00:00,561.88,561.88,561.9,300,191,561.8922199592669,8.666279727493486e-09,2.2320909686124324e-05
2024-07-15 10:46:00+00:00,561.85,561.85,561.92,400,400,561.885,7.543325407016693e-09,-8.341434549308246e-06
2024-07-15 10:47:00+00:00,561.85,561.9,561.93,1,400,561.9000748129675,9.640689369058979e-09,1.7663615787366638e-05
2024-07-15 10:48:00+00:00,561.9,561.85,561.93,1200,400,561.91,2.123556640727657e-09,-8.898222135234057e-06
2024-07-15 10:49:00+00:00,561.9,561.87,561.94,400,400,561.905,2.7506302066918818e-09,1.77966026284615e-05
2024-07-15 10:50:00+00:00,561.93,561.89,561.94,400,400,561.915,1.6951614717698556e-09,5.876132141979795e-06
2024-07-15 10:51:00+00:00,561.94,561.89,561.95,400,448,561.9183018867925,4.375575057617585e-09,-3.156776786095161e-05
2024-07-15 10:52:00+00:00,561.94,561.93,561.94,1,700,561.9300142653351,5.464714892538467e-09,-5.258285099563054e-07
2024-07-15 10:53:00+00:00,561.94,561.9,561.94,310,383,561.9178932178932,5.622766544552336e-09,7.569385169770015e-07
2024-07-15 10:54:00+00:00,561.94,561.9,561.94,10,567,561.9006932409012,2.387222993897162e-09,6.105484387464166e-05
2024-07-15 10:55:00+00:00,561.94,561.91,561.94,400,80,561.9350000000001,2.7185235561893675e-10,-8.669676869854648e-06
2024-07-15 10:56:00+00:00,561.93,561.93,561.94,1,77,561.9301282051282,4.136064923838181e-09,-8.912363701063519e-05
2024-07-15 10:57:00+00:00,561.9,561.88,561.94,1,1277,561.8800469483567,5.800138998788614e-09,-3.1241335074483345e-08
2024-07-15 10:58:00+00:00,561.89,561.88,561.93,1,1700,561.8800293944739,7.486732513989977e-09,0.0001269842531115284
2024-07-15 10:59:00+00:00,561.95,561.95,561.96,192,1200,561.9513793103449,9.871480536607416e-09,5.075339269855483e-05
2024-07-15 11:00:00+00:00,561.95,561.94,561.98,400,1,561.9799002493766,1.0020909294125163e-08,5.548968558999334e-05
2024-07-15 11:01:00+00:00,562.0,561.99,562.04,400,400,562.015,3.127485732095102e-09,-1.8046658516790437e-05
2024-07-15 11:02:00+00:00,562.0,562.0,562.02,60,1214,562.0009419152276,1.174726869876666e-08,1.6236981445816312e-05
2024-07-15 11:03:00+00:00,562.02,562.0,562.02,75,74,562.010067114094,2.0849745362921162e-09,-5.281727244699219e-05
2024-07-15 11:04:00+00:00,561.86,561.98,562.01,11,850,561.9803832752613,3.159431768523341e-09,0.00011403021540123959
2024-07-15 11:05:00+00:00,562.02,562.02,562.05,420,95,562.0444660194174,8.945460918401787e-09,-3.6921871769513004e-05
2024-07-15 11:06:00+00:00,562.04,562.01,562.07,520,1755,562.0237142857143,6.839625671384847e-09,6.803437795599443e-05
2024-07-15 11:07:00+00:00,562.06,562.04,562.09,360,460,562.0619512195123,1.7385715650866403e-08,-0.00022959658503240998
2024-07-15 11:08:00+00:00,561.9,561.9,561.97,620,699,561.9329037149356,1.550523268261686e-08,0.00011901107004508304
2024-07-15 11:09:00+00:00,562.0,561.98,562.0,390,19,561.9990709046455,2.2566261364008772e-09,-1.6883794803579377e-05
2024-07-15 11:10:00+00:00,562.0,561.99,562.0,3,510,561.9900584795322,5.57879538643025e-09,6.518229114749197e-05
2024-07-15 11:11:00+00:00,562.03,562.0,562.03,520,48,562.0274647887323,1.8343865314461166e-08,-2.4945159281419826e-05
2024-07-15 11:12:00+00:00,562.03,562.0,562.04,200,420,562.0129032258064,1.557401597468865e-08,5.4213821500948e-05
2024-07-15 11:13:00+00:00,562.08,562.06,562.1,560,503,562.0810724365004,2.890305725806316e-08,0.00010083252590242786
2024-07-15 11:14:00+00:00,562.11,562.1,562.12,1,450,562.100044345898,3.003539033269856e-08,-0.00012461188466827977
2024-07-15 11:15:00+00:00,562.01,562.01,562.05,400,400,562.03,1.3798226259798344e-08,-2.9958555304188117e-05
2024-07-15 11:16:00+00:00,562.03,562.0,562.02,385,200,562.0131623931624,1.798388449104405e-08,0.00011529915869545881
2024-07-15 11:17:00+00:00,562.02,562.06,562.08,450,31,562.0787110187111,1.0293633558276808e-08,4.399348218631083e-05
2024-07-15 11:18:00+00:00,562.13,562.1,562.14,31,430,562.1026898047722,3.695427775108837e-09,3.365459448612107e-05
2024-07-15 11:19:00+00:00,562.14,562.12,562.15,51,901,562.1216071428572,1.1873161450301007e-08,3.9562633256551294e-05
2024-07-15 11:20:00+00:00,562.16,562.11,562.16,350,450,562.131875,7.661535159753183e-09,1.7214931389286647e-05
2024-07-15 11:21:00+00:00,562.15,562.15,562.18,173,1300,562.1535234215886,7.313688914668255e-09,1.0363166990323691e-05
2024-07-15 11:22:00+00:00,562.15,562.15,562.17,395,450,562.1593491124261,9.418708215200694e-09,-0.00014040938015891236
2024-07-15 11:23:00+00:00,562.09,562.07,562.1,450,846,562.0804166666667,7.3381718549276285e-09,4.1683514466539506e-05
2024-07-15 11:24:00+00:00,562.12,562.09,562.13,450,850,562.1038461538461,9.373652901329984e-09,-2.4632732796292522e-05
2024-07-15 11:25:00+00:00,562.11,562.07,562.11,450,450,562.09,3.2969749622996484e-08,0.0001649893317852147
2024-07-15 11:26:00+00:00,562.2,562.17,562.24,450,450,562.205,1.5412027077313403e-08,0.00011976143789249605
2024-07-15 11:27:00+00:00,562.26,562.25,562.26,51,149,562.2525499999999,1.5553889594254287e-08,6.778594688428008e-05
2024-07-15 11:28:00+00:00,562.27,562.27,562.29,2646,265,562.2881793198213,1.0409596875733585e-08,4.565539090872761e-05
2024-07-15 11:29:00+00:00,562.31,562.31,562.33,191,801,562.3138508064516,9.67803336693296e-10,-2.301511073210527e-05
2024-07-15 11:30:00+00:00,562.31,562.3,562.31,2,20,562.300909090909,3.604469227661073e-09,8.018999856118647e-05
2024-07-15 11:31:00+00:00,562.32,562.32,562.35,450,150,562.3425,2.1753172619470798e-08,0.0001704911211246607
2024-07-15 11:32:00+00:00,562.45,562.43,562.47,450,450,562.45,1.776582841361085e-08,9.975723521815638e-05
2024-07-15 11:33:00+00:00,562.46,562.46,562.5,430,31,562.4973101952278,1.0892608403926085e-08,-2.7290884495489998e-05
2024-07-15 11:34:00+00:00,562.51,562.46,562.5,430,330,562.4826315789475,2.947380812512593e-08,-0.00032047773171028915
2024-07-15 11:35:00+00:00,562.33,562.3,562.33,22,840,562.3007656612529,1.4207290358279036e-08,3.643719634682796e-05
2024-07-15 11:36:00+00:00,562.3,562.31,562.36,450,1300,562.3228571428571,1.887274728228335e-08,-0.00015829160753522142
2024-07-15 11:37:00+00:00,562.21,562.22,562.26,450,850,562.2338461538461,2.0183747841547115e-08,-7.633108817883816e-05
2024-07-15 11:38:00+00:00,562.19,562.18,562.23,450,840,562.1974418604651,1.6672171486542895e-08,-0.00013456164020753114
2024-07-15 11:39:00+00:00,562.11,562.09,562.14,450,440,562.1152808988763,1.5683529838676724e-08,-0.00016863639402708852
2024-07-15 11:40:00+00:00,562.03,562.02,562.04,45,1800,562.020487804878,7.33335787719025e-08,-5.014072116904522e-05
2024-07-15 11:41:00+00:00,561.94,561.94,562.02,850,450,561.9923076923077,3.507267265702821e-08,-0.00017476535154026251
2024-07-15 11:42:00+00:00,561.87,561.85,561.88,70,150,561.8595454545455,2.8410172354586365e-08,-0.00013185920672520446
2024-07-15 11:43:00+00:00,561.8,561.8,561.84,450,1118,561.8114795918367,2.489319641472996e-08,0.00010552439266264813
2024-07-15 11:44:00+00:00,561.85,561.87,561.92,450,950,561.8860714285714,1.374129648091203e-08,9.050645572927785e-05
2024-07-15 11:45:00+00:00,561.88,561.92,561.94,400,389,561.9301394169835,2.341183910796565e-08,6.203721881292701e-05
2024-07-15 11:46:00+00:00,561.98,561.94,561.99,450,450,561.965,2.37092026528557e-08,0.0001782148384192883
2024-07-15 11:47:00+00:00,562.08,562.02,562.08,450,148,562.0651505016723,1.8893636608642992e-08,-3.8126947978778247e-06
2024-07-15 11:48:00+00:00,562.07,562.06,562.1,530,31,562.0977896613191,1.5492850365457097e-08,1.1708809706467704e-05
2024-07-15 11:49:00+00:00,562.09,562.06,562.09,200,430,562.0695238095238,1.5638365701034588e-08,4.5733678841752834e-05
2024-07-15 11:50:00+00:00,562.06,562.06,562.1,450,60,562.095294117647,2.1975843875837713e-08,-3.5610224954241154e-05
2024-07-15 11:51:00+00:00,562.07,562.06,562.11,330,750,562.0752777777777,3.365053345164292e-08,-0.00024499771072172827
2024-07-15 11:52:00+00:00,561.93,561.9,561.94,430,430,561.92,2.5075737503150277e-08,0.00022258066357117023
2024-07-15 11:53:00+00:00,561.93,562.05,562.09,430,930,562.0626470588235,1.0764296383099122e-08,-1.0093847443215509e-05
2024-07-15 11:54:00+00:00,562.07,562.04,562.07,430,330,562.0569736842106,1.7053603946246506e-08,-0.00016067235488936848
2024-07-15 11:55:00+00:00,562.02,561.95,561.99,150,350,561.962,1.86043736449761e-08,-0.00014560101429517136
2024-07-15 11:56:00+00:00,561.91,561.88,561.92,62,450,561.88484375,1.5233298225827206e-08,8.481497682333305e-05
2024-07-15 11:57:00+00:00,561.9,561.91,561.95,150,350,561.922,5.988186737170845e-09,-5.720056615843294e-05
2024-07-15 11:58:00+00:00,561.9,561.88,561.92,342,330,561.9003571428572,1.714266008940108e-08,-5.3966721822340524e-05
2024-07-15 11:59:00+00:00,561.84,561.87,561.88,1,300,561.8700332225914,2.5689489209163086e-08,-5.1410575074850584e-05
2024-07-15 12:00:00+00:00,561.85,561.84,561.87,33,830,561.841147161066,3.381093774031032e-08,-0.0001263403846415434
2024-07-15 12:01:00+00:00,561.77,561.77,561.8,35,830,561.7712138728324,6.065047333894162e-08,-0.00025049299342694287
2024-07-15 12:02:00+00:00,561.7,561.61,561.66,350,450,561.631875,5.596555660276268e-08,-3.462148332278314e-05
2024-07-15 12:03:00+00:00,561.58,561.58,561.63,350,1750,561.5883333333334,3.5388870132380455e-08,7.12760198593454e-05
2024-07-15 12:04:00+00:00,561.67,561.65,561.66,5,1700,561.6500293255132,2.4211755638696853e-08,0.00013142851327119232
2024-07-15 12:05:00+00:00,561.71,561.71,561.75,450,850,561.7238461538461,3.150232638127565e-08,-4.2295675424797174e-05
2024-07-15 12:06:00+00:00,561.7,561.7,561.71,7,1700,561.7000410076157,1.3946487856512881e-08,0.00016656076346954762
2024-07-15 12:07:00+00:00,561.75,561.7,561.76,53,615,561.704760479042,7.889105199360145e-08,8.447843488301743e-06
2024-07-15 12:08:00+00:00,561.75,561.78,561.8,400,35,561.7983908045976,1.695321316626262e-08,0.00013086421920283087
2024-07-15 12:09:00+00:00,561.89,561.85,561.91,51,450,561.8561077844311,3.739492517773899e-08,-0.00014901669343303503
2024-07-15 12:10:00+00:00,561.85,561.79,561.83,450,450,561.81,1.3442352163929339e-08,0.0001367386931665493
2024-07-15 12:11:00+00:00,561.88,561.84,561.89,450,450,561.865,1.639571166351298e-08,-4.207577632098225e-05
2024-07-15 12:12:00+00:00,561.89,561.84,561.88,51,1450,561.8413590939374,2.5744701745200668e-08,0.0001227922119924063
2024-07-15 12:13:00+00:00,561.9,561.91,561.94,60,350,561.9143902439024,3.633264936445715e-08,0.0001918527203776943
2024-07-15 12:14:00+00:00,562.02,562.01,562.04,500,400,562.0266666666666,3.1874992548749484e-08,8.6438145774137e-05
2024-07-15 12:15:00+00:00,562.04,562.03,562.1,1060,960,562.0667326732672,2.2219732401366837e-08,-0.00011837846107598526
2024-07-15 12:16:00+00:00,562.02,562.01,562.04,400,500,562.0233333333333,2.5486267489915287e-08,-7.942509901337491e-05
2024-07-15 12:17:00+00:00,561.97,561.94,561.99,384,850,561.9555591572123,1.8270092319854547e-08,-7.275931761541177e-05
2024-07-15 12:18:00+00:00,561.91,561.9,561.92,53,500,561.9019168173598,1.5897307666474334e-08,0.00013289592825405094
2024-07-15 12:19:00+00:00,562.0,561.96,561.99,450,10,561.9893478260869,9.798931487114106e-09,-0.00017233035903885252
2024-07-15 12:20:00+00:00,561.9,561.87,561.91,450,350,561.8925,2.5278820293333104e-08,-4.449249634164154e-06
2024-07-15 12:21:00+00:00,561.94,561.89,561.92,450,500,561.9042105263158,1.785681084735106e-08,3.5658754632850176e-05
2024-07-15 12:22:00+00:00,561.87,561.91,561.93,1,1050,561.9100190294957,3.0232493379030135e-08,0.00016002618320154482
2024-07-15 12:23:00+00:00,562.0,561.98,562.0,960,1,561.9999791883455,2.3368858577708376e-08,-6.031318969423882e-05
2024-07-15 12:24:00+00:00,561.98,561.94,561.98,860,460,561.9660606060605,3.9781326295211644e-08,-7.840438978290454e-05
2024-07-15 12:25:00+00:00,561.9,561.9,561.94,550,450,561.922,1.457588887315223e-08,7.183990136105933e-05
2024-07-15 12:26:00+00:00,561.99,561.94,561.99,850,550,561.9703571428571,1.898530175547239e-08,-0.00013221213694936118
2024-07-15 12:27:00+00:00,561.86,561.86,561.91,448,350,561.8880701754385,1.2950803666946936e-08,1.0625579186962497e-05
2024-07-15 12:28:00+00:00,561.92,561.88,561.92,450,832,561.8940405616224,2.0048269211972475e-08,9.571416792764076e-05
2024-07-15 12:29:00+00:00,561.94,561.93,561.98,1450,560,561.9660696517413,1.7070107567748897e-08,-3.4924959340210115e-05
2024-07-15 12:30:00+00:00,561.97,561.93,561.99,450,460,561.9596703296703,1.0808131152493227e-07,0.0002180167235632524
2024-07-15 12:31:00+00:00,562.01,562.03,562.09,450,854,562.0507055214724,6.087661605527354e-08,-0.00015132682287166688
2024-07-15 12:32:00+00:00,561.97,561.97,562.02,460,1160,561.9841975308642,2.888623460659179e-08,-1.770069882489622e-05
2024-07-15 12:33:00+00:00,561.95,561.94,561.99,1362,860,561.9706480648065,3.0461444388844986e-08,-0.0001344444332830319
2024-07-15 12:34:00+00:00,561.88,561.88,561.89,7,450,561.8801531728666,3.716539196213677e-08,-2.3154965788085846e-05
2024-07-15 12:35:00+00:00,561.85,561.84,561.88,950,450,561.8671428571429,2.5656588447138803e-08,0.00018372228121865675
2024-07-15 12:36:00+00:00,561.94,561.95,562.0,550,800,561.9703703703703,2.756660876076967e-08,-0.000295657068369537
2024-07-15 12:37:00+00:00,561.83,561.8,561.87,68,1060,561.8042198581561,4.3197347583405345e-08,-1.1600403170719531e-05
2024-07-15 12:38:00+00:00,561.79,561.79,561.83,240,1150,561.7969064748202,1.697497602127598e-08,-6.682112418465724e-05
2024-07-15 12:39:00+00:00,561.77,561.76,561.78,3,1050,561.7600569800569,3.45184937108602e-08,-0.00012221012041491175
2024-07-15 12:40:00+00:00,561.7,561.69,561.72,53,1000,561.69150997151,3.463434373934415e-08,4.723098659198399e-05
2024-07-15 12:41:00+00:00,561.69,561.7,561.74,460,560,561.7180392156863,8.199591895224224e-09,-0.00017450491426385106
2024-07-15 12:42:00+00:00,561.65,561.62,561.63,1,2300,561.6200043459365,1.8631710310948344e-08,-0.0001339280210491678
2024-07-15 12:43:00+00:00,561.59,561.55,561.6,500,1800,561.5608695652174,2.678281323089177e-08,0.0001873699817629415
2024-07-15 12:44:00+00:00,561.66,561.65,561.66,1,600,561.6500166389351,2.764249354094301e-08,0.00010687407127507598
2024-07-15 12:45:00+00:00,561.73,561.71,561.73,1,470,561.710042462845,1.2138884331434688e-08,-7.058856524722046e-05
2024-07-15 12:46:00+00:00,561.7,561.67,561.69,30,1500,561.6703921568626,4.000960809349496e-08,0.00012165568807231963
2024-07-15 12:47:00+00:00,561.74,561.7,561.74,970,532,561.7258322237018,6.978672015984994e-09,-8.03657847078254e-05
2024-07-15 12:48:00+00:00,561.7,561.68,561.7,74,35,561.6935779816514,2.615880555330976e-08,-0.00020418444728287355
2024-07-15 12:49:00+00:00,561.6,561.57,561.59,400,500,561.5788888888889,1.2016281663806023e-08,-0.00011404708360907012
2024-07-15 12:50:00+00:00,561.54,561.52,561.55,400,530,561.5329032258064,1.5014411967360737e-08,0.00011621125371008567
2024-07-15 12:51:00+00:00,561.58,561.55,561.59,62,1830,561.5513107822409,6.362399134696428e-09,2.0221008219856174e-05
2024-07-15 12:52:00+00:00,561.56,561.57,561.64,460,1830,561.5840611353711,9.61593204411373e-09,0.00019821654390295151
2024-07-15 12:53:00+00:00,561.72,561.7,561.74,99,831,561.7042580645161,1.9611830756987865e-08,0.00015434571954209275
2024-07-15 12:54:00+00:00,561.77,561.75,561.79,800,10,561.7895061728395,1.5161042441115664e-08,-6.955184171542061e-05
2024-07-15 12:55:00+00:00,561.78,561.75,561.77,10,500,561.7503921568627,1.7179805089573565e-08,-5.34179270670343e-05
2024-07-15 12:56:00+00:00,561.7,561.71,561.75,450,550,561.728,4.835774478616311e-09,-3.270545371203415e-05
2024-07-15 12:57:00+00:00,561.71,561.7,561.72,53,1,561.7196296296296,3.2588115665411005e-08,-0.00015951429783467308
2024-07-15 12:58:00+00:00,561.62,561.62,561.65,450,1150,561.6284375,8.889775044917098e-09,3.199240558471317e-06
2024-07-15 12:59:00+00:00,561.59,561.61,561.63,400,500,561.6188888888889,1.1472273779175769e-08,7.803294033625896e-05
2024-07-15 13:00:00+00:00,561.63,561.65,561.69,460,1830,561.6580349344978,1.4970748960078684e-08,-6.411812944484563e-05
2024-07-15 13:01:00+00:00,561.64,561.62,561.64,90,560,561.6227692307692,1.7350162509136746e-08,0.00017297077192424126
2024-07-15 13:02:00+00:00,561.7,561.68,561.73,860,1060,561.7023958333333,1.8401147088533886e-08,8.378357784954993e-05
2024-07-15 13:03:00+00:00,561.74,561.74,561.79,1460,870,561.7713304721029,1.8893113307086606e-08,9.645855450846064e-05
2024-07-15 13:04:00+00:00,561.8,561.79,561.83,1460,460,561.8204166666667,3.346774362026782e-08,9.968598338883083e-05
2024-07-15 13:05:00+00:00,561.88,561.85,561.9,860,804,561.8758413461538,4.1395284680222275e-08,-7.56089626926526e-05
2024-07-15 13:06:00+00:00,561.83,561.83,561.87,460,860,561.8439393939394,2.6240045435335306e-08,8.444976593180442e-05
2024-07-15 13:07:00+00:00,561.84,561.87,561.92,460,1360,561.8826373626373,1.1671457851363541e-08,5.982376746316298e-05
2024-07-15 13:08:00+00:00,561.9,561.89,561.94,851,851,561.9150000000001,2.2533266323643215e-08,-1.6759321419757e-05
2024-07-15 13:09:00+00:00,561.9,561.89,561.94,351,1650,561.8987706146926,2.1521504737109127e-08,-0.00027599172872705413
2024-07-15 13:10:00+00:00,561.78,561.75,561.78,77,550,561.7536842105263,7.535929919081357e-09,0.00011077138305215506
2024-07-15 13:11:00+00:00,561.8,561.81,561.84,55,550,561.8127272727272,8.561441370297845e-09,-0.00013087012129564535
2024-07-15 13:12:00+00:00,561.76,561.73,561.76,354,799,561.7392107545534,3.516246916747223e-08,-1.1396565627652677e-05
2024-07-15 13:13:00+00:00,561.79,561.73,561.76,64,1050,561.731723518851,6.321184120745226e-09,-6.996364679501266e-05
2024-07-15 13:14:00+00:00,561.67,561.68,561.71,450,550,561.6935,3.18623928469946e-08,-6.618371655853217e-05
2024-07-15 13:15:00+00:00,561.69,561.65,561.69,216,1050,561.6568246445498,1.8456244462758013e-08,-2.2177939304701688e-05
2024-07-15 13:16:00+00:00,561.67,561.64,561.67,216,1459,561.6438686567164,1.2745495385710379e-08,6.439488780296543e-05
2024-07-15 13:17:00+00:00,561.67,561.68,561.7,61,560,561.6819645732689,7.60389920207341e-09,0.00010271438278675049
2024-07-15 13:18:00+00:00,561.74,561.72,561.75,809,560,561.7377282688093,1.7033845220422116e-08,2.21756804803519e-05
2024-07-15 13:19:00+00:00,561.78,561.75,561.77,10,1570,561.7501265822784,6.835458570351414e-09,1.5093510691732703e-05
2024-07-15 13:20:00+00:00,561.76,561.75,561.77,428,560,561.7586639676114,6.066898211579256e-09,0.00011563572277650813
2024-07-15 13:21:00+00:00,561.84,561.82,561.85,227,803,561.8266116504855,2.5296610583157716e-08,-2.590189854856373e-05
2024-07-15 13:22:00+00:00,561.81,561.81,561.82,53,100,561.8134640522875,3.0811809328068546e-08,-2.8474878748685484e-05
2024-07-15 13:23:00+00:00,561.78,561.78,561.8,453,240,561.7930735930736,1.7770594877172044e-08,0.00010487878752241109
2024-07-15 13:24:00+00:00,561.87,561.83,561.87,353,289,561.8519937694705,1.8288345156387735e-08,0.0001221830242099653
2024-07-15 13:25:00+00:00,561.88,561.88,561.92,3,900,561.8801328903654,2.5623682643681598e-08,3.874650437363236e-05
2024-07-15 13:26:00+00:00,561.94,561.93,561.96,353,1000,561.9378270509978,5.339611649618374e-09,5.477420577282288e-05
2024-07-15 13:27:00+00:00,561.97,561.97,561.99,304,1099,561.9743335709195,3.371748282001736e-08,-6.586386306783876e-05
2024-07-15 13:28:00+00:00,561.93,561.92,561.97,500,545,561.943923444976,2.1195286659086783e-08,9.840340469957631e-05
2024-07-15 13:29:00+00:00,562.0,561.99,562.02,800,328,562.0112765957447,6.892222281448025e-08,2.3252650323879465e-05
2024-07-15 13:30:00+00:00,562.01,562.0,562.05,1500,4000,562.0136363636364,3.049710837235106e-07,0.00014103511310925576
2024-07-15 13:31:00+00:00,562.11,562.12,562.13,300,400,562.1242857142857,1.2397276375924665e-07,3.112795352011588e-05
2024-07-15 13:32:00+00:00,562.09,562.08,562.12,500,300,562.105,7.333493785132719e-08,-0.00013481532904380256
2024-07-15 13:33:00+00:00,562.04,562.03,562.06,200,755,562.036282722513,7.154327928464139e-08,0.0003303266257117521
2024-07-15 13:34:00+00:00,562.22,562.22,562.23,100,100,562.225,4.983963304900389e-08,0.00011440191443723435
2024-07-15 13:35:00+00:00,562.29,562.28,562.3,100,400,562.284,3.865654099376068e-08,-0.0002054055469661309
2024-07-15 13:36:00+00:00,562.17,562.16,562.17,100,100,562.165,5.681569913525721e-08,0.00018538851835536718
2024-07-15 13:37:00+00:00,562.25,562.25,562.26,200,103,562.256600660066,6.946616583117174e-08,-9.12541060341665e-05
2024-07-15 13:38:00+00:00,562.2,562.2,562.22,120,87,562.2115942028986,4.991298070634891e-08,0.0004467867345001597
2024-07-15 13:39:00+00:00,562.46,562.46,562.47,100,29,562.4677519379844,8.313904754311276e-08,0.0004079034586876862
2024-07-15 13:40:00+00:00,562.71,562.71,562.74,300,500,562.72125,4.3414499451386324e-08,-6.547003444901112e-05
2024-07-15 13:41:00+00:00,562.65,562.64,562.66,2450,476,562.6567464114833,5.981101346186203e-08,0.00021275878373128165
2024-07-15 13:42:00+00:00,562.79,562.76,562.79,1369,244,562.7854618722877,4.803301027986013e-08,-0.0001833922793518239
2024-07-15 13:43:00+00:00,562.68,562.67,562.69,257,332,562.6787266553481,1.1349704764738774e-07,-0.0012992413848568196
2024-07-15 13:44:00+00:00,561.97,561.96,561.98,730,82,561.9779802955665,8.747030615615018e-08,-9.956702374003257e-05
2024-07-15 13:45:00+00:00,561.87,561.85,561.87,189,150,561.8611504424779,1.832290306907196e-07,-0.00039195571418371156
2024-07-15 13:46:00+00:00,561.68,561.67,561.7,1250,150,561.6967857142857,1.268726612009594e-07,-0.00029450243524620223
2024-07-15 13:47:00+00:00,561.51,561.49,561.51,900,210,561.5062162162162,8.826191984611705e-08,0.00039276865990167664
2024-07-15 13:48:00+00:00,561.74,561.72,561.74,290,312,561.729634551495,1.4645375707423954e-07,0.0005922240368128051
2024-07-15 13:49:00+00:00,562.04,562.05,562.08,1150,280,562.0741258741259,8.84444366252262e-08,-0.00026585655851552037
2024-07-15 13:50:00+00:00,561.91,561.91,561.93,700,82,561.9279028132992,1.3278098862746833e-07,-0.0004787615795605049
2024-07-15 13:51:00+00:00,561.6,561.58,561.6,460,1086,561.5859508408797,1.4196010192970466e-07,2.6194981353588886e-05
2024-07-15 13:52:00+00:00,561.63,561.62,561.63,211,550,561.6227726675427,1.2410210343546738e-07,0.00036242014274656675
2024-07-15 13:53:00+00:00,561.87,561.86,561.89,550,750,561.8726923076923,1.1006629439604022e-07,0.000566301591034879
2024-07-15 13:54:00+00:00,562.14,562.12,562.16,1561,950,562.1448665870171,1.0033215871691846e-07,-0.000261744189393176
2024-07-15 13:55:00+00:00,562.02,562.01,562.04,1149,696,562.0286829268292,1.8404404053845216e-07,-9.939698685257348e-05
2024-07-15 13:56:00+00:00,561.92,561.91,561.94,350,996,561.9178008915304,7.621230634476812e-08,-4.433091306155212e-06
2024-07-15 13:57:00+00:00,561.99,561.97,561.99,350,500,561.9782352941177,8.291019920247442e-08,-0.00027804160837086034
2024-07-15 13:58:00+00:00,561.83,561.8,561.83,1750,100,561.8283783783785,9.105646971553132e-08,-0.00010012281732252326
2024-07-15 13:59:00+00:00,561.75,561.74,561.75,657,300,561.7468652037618,6.764931342642977e-08,0.00019655069526236524
2024-07-15 14:00:00+00:00,561.93,561.91,561.93,100,1250,561.9114814814815,1.23326578361991e-07,0.0003482086071711077
2024-07-15 14:01:00+00:00,562.07,562.09,562.11,1814,100,562.1089550679206,1.3818045495991522e-07,0.00010020286733869455
2024-07-15 14:02:00+00:00,562.12,562.12,562.15,1250,100,562.1477777777778,1.185986334734874e-07,0.00014525245105545537
2024-07-15 14:03:00+00:00,562.19,562.18,562.2,850,82,562.1982403433477,8.173624265545866e-08,0.00020139215539027866
2024-07-15 14:04:00+00:00,562.34,562.29,562.32,1450,150,562.3171875,8.007093830290147e-08,0.00027963234464145614
2024-07-15 14:05:00+00:00,562.48,562.47,562.48,102,527,562.4716216216217,1.0804781896174861e-07,-0.00014799118843922265
2024-07-15 14:06:00+00:00,562.4,562.38,562.4,645,100,562.3973154362416,8.821830927463835e-08,3.38067344509696e-05
2024-07-15 14:07:00+00:00,562.43,562.41,562.44,350,1400,562.416,5.4133545134233266e-08,4.344420552127026e-05
2024-07-15 14:08:00+00:00,562.41,562.4,562.42,561,286,562.4132467532468,7.200970905879506e-08,0.0002891574115528872
2024-07-15 14:09:00+00:00,562.6,562.58,562.6,1754,82,562.5991067538126,9.62136961993483e-08,4.433057677943886e-05
2024-07-15 14:10:00+00:00,562.62,562.62,562.65,250,950,562.62625,1.0306480459595824e-07,3.928916484952083e-05
2024-07-15 14:11:00+00:00,562.63,562.62,562.64,2401,81,562.639347300564,5.03654092271575e-08,-0.0001517445826842989
2024-07-15 14:12:00+00:00,562.56,562.55,562.57,631,100,562.5672640218879,6.955950168803921e-08,-0.00020924128058841251
2024-07-15 14:13:00+00:00,562.43,562.43,562.45,130,92,562.4417117117117,7.506982198280625e-08,-9.580424523114583e-05
2024-07-15 14:14:00+00:00,562.34,562.34,562.38,2299,950,562.3683040935672,5.701395728091584e-08,0.0001242032338160115
2024-07-15 14:15:00+00:00,562.47,562.42,562.45,750,400,562.4395652173913,7.6170504710476e-08,7.456858725563009e-05
2024-07-15 14:16:00+00:00,562.51,562.47,562.5,950,282,562.4931331168832,5.859794667965558e-08,4.183059029227998e-05
2024-07-15 14:17:00+00:00,562.5,562.5,562.52,500,82,562.5171821305842,5.032299872626834e-08,5.947293483288263e-05
2024-07-15 14:18:00+00:00,562.55,562.55,562.56,200,82,562.5570921985815,4.2519063507212244e-08,-0.0001711119807027428
2024-07-15 14:19:00+00:00,562.45,562.45,562.47,530,282,562.4630541871921,5.8487145084041275e-08,0.00013902227354001262
2024-07-15 14:20:00+00:00,562.54,562.52,562.54,851,226,562.5358031569173,6.238173628664739e-08,7.141439282687401e-05
2024-07-15 14:21:00+00:00,562.575,562.57,562.58,100,300,562.5725000000001,4.5761937865114334e-08,2.6559531140391002e-05
2024-07-15 14:22:00+00:00,562.59,562.58,562.6,2016,141,562.598692628651,3.11031417103594e-08,3.412569193006476e-05
2024-07-15 14:23:00+00:00,562.61,562.61,562.62,1200,82,562.619360374415,4.243739674815927e-08,0.00012559009303103608
2024-07-15 14:24:00+00:00,562.67,562.65,562.67,550,100,562.6669230769231,4.098425883382711e-08,-6.050185225681126e-05
2024-07-15 14:25:00+00:00,562.65,562.64,562.65,1250,26,562.6497962382446,4.2692476030008646e-08,-3.2169808301341085e-05
2024-07-15 14:26:00+00:00,562.62,562.6,562.63,250,1200,562.6051724137931,3.1022837018258156e-08,3.517738753178179e-06
2024-07-15 14:27:00+00:00,562.62,562.6,562.62,120,400,562.6046153846154,5.1331628108322795e-08,9.374233147596556e-05
2024-07-15 14:28:00+00:00,562.69,562.67,562.69,750,82,562.6880288461539,2.7970261036396128e-08,-3.808262086080205e-05
2024-07-15 14:29:00+00:00,562.66,562.65,562.67,130,482,562.654248366013,7.69597736519441e-08,0.00011979625665792248
2024-07-15 14:30:00+00:00,562.72,562.7,562.72,250,326,562.7086805555556,7.992662732270364e-08,0.00037061555113138134
2024-07-15 14:31:00+00:00,562.93,562.91,562.92,830,82,562.9191008771929,2.6361238805134833e-08,9.536665561715729e-05
2024-07-15 14:32:00+00:00,562.99,562.96,562.99,875,400,562.9805882352941,2.5620608769745336e-08,-0.00016198570922720812
2024-07-15 14:33:00+00:00,562.91,562.89,562.9,1594,82,562.8995107398567,2.3141304863680403e-08,0.000283640446218536
2024-07-15 14:34:00+00:00,563.06,563.04,563.06,1161,282,563.0560914760914,3.108151982027222e-08,-6.384252359403764e-05
2024-07-15 14:35:00+00:00,563.04,563.03,563.06,330,656,563.0400405679513,3.747148741238774e-08,0.0001892025076513093
2024-07-15 14:36:00+00:00,563.14,563.12,563.14,350,400,563.1293333333333,3.181300217847987e-08,0.00017466444900837708
2024-07-15 14:37:00+00:00,563.22,563.22,563.23,66,82,563.2244594594595,2.4586495774585083e-08,-0.00015187811160877196
2024-07-15 14:38:00+00:00,563.16,563.15,563.18,1800,651,563.1720318237453,3.113998623964602e-08,6.614019043427177e-05
2024-07-15 14:39:00+00:00,563.19,563.17,563.19,150,750,563.1733333333333,4.2773318521009745e-08,-0.00026495932585290927
2024-07-15 14:40:00+00:00,563.03,563.01,563.03,1030,4,563.029922630561,3.278564716008755e-08,0.00021710248987250047
2024-07-15 14:41:00+00:00,563.14,563.14,563.15,200,4,563.1498039215686,1.5069384473875515e-08,-5.350235629186795e-05
2024-07-15 14:42:00+00:00,563.14,563.12,563.15,2209,300,563.1464129135113,1.1145886967425675e-08,0.00011392204590232602
2024-07-15 14:43:00+00:00,563.2,563.18,563.19,1710,182,563.1890380549684,3.2404642510304485e-08,-3.958159796668692e-05
2024-07-15 14:44:00+00:00,563.17,563.16,563.17,3,499,563.1600597609561,1.4079363829515113e-08,0.00013562361177088533
2024-07-15 14:45:00+00:00,563.25,563.23,563.25,1400,82,563.2488933873144,1.8759480005892557e-08,-0.00016999592517608075
2024-07-15 14:46:00+00:00,563.16,563.14,563.16,350,750,563.1463636363636,3.688177029885642e-08,0.00013650035239454184
2024-07-15 14:47:00+00:00,563.22,563.22,563.23,126,53,563.2270391061453,1.6658052627717108e-08,-8.153164909741051e-05
2024-07-15 14:48:00+00:00,563.18,563.16,563.18,80,1039,563.1614298480787,2.514580503089939e-08,6.184185233659711e-05
2024-07-15 14:49:00+00:00,563.19,563.18,563.2,750,250,563.195,1.4417316792139654e-08,4.3883981381442894e-05
2024-07-15 14:50:00+00:00,563.24,563.23,563.24,633,379,563.2362549407114,4.317664961040907e-08,0.0002722134765480444
2024-07-15 14:51:00+00:00,563.38,563.38,563.39,512,335,563.3860448642266,5.054457733092169e-08,0.00014274836985395112
2024-07-15 14:52:00+00:00,563.46,563.45,563.47,1782,332,563.4668590350047,2.1617102319318514e-08,-5.81437895368353e-05
2024-07-15 14:53:00+00:00,563.45,563.43,563.44,14,232,563.430569105691,2.6419212446136563e-08,9.079921994437079e-05
2024-07-15 14:54:00+00:00,563.49,563.49,563.5,300,200,563.496,1.6912104276961688e-08,0.00013093105424943907
2024-07-15 14:55:00+00:00,563.55,563.54,563.57,858,1009,563.5537868237815,2.9160667738073887e-08,0.00013931342771256183
2024-07-15 14:56:00+00:00,563.65,563.64,563.66,1070,350,563.6550704225352,3.291853255959687e-08,5.7271786585433304e-05
2024-07-15 14:57:00+00:00,563.67,563.66,563.67,2705,62,563.6697759306107,3.6380249268393006e-08,0.00014695224101868298
2024-07-15 14:58:00+00:00,563.74,563.74,563.75,494,95,563.7483870967742,2.378099499428845e-08,-8.515169949241397e-05
2024-07-15 14:59:00+00:00,563.71,563.69,563.71,950,332,563.7048205928238,2.4654399562250566e-08,-0.0001078596706821644
2024-07-15 15:00:00+00:00,563.65,563.64,563.65,3,188,563.6401570680628,1.2508512313882328e-07,0.0004332470069405847
2024-07-15 15:01:00+00:00,563.89,563.9,563.92,1250,250,563.9166666666666,7.431711336495933e-08,0.00024121118404552
2024-07-15 15:02:00+00:00,564.04,564.04,564.05,53,192,564.042163265306,4.9993806930673244e-08,6.884313692001598e-05
2024-07-15 15:03:00+00:00,564.06,564.05,564.07,200,1297,564.0526720106881,3.628583706107077e-08,6.182140281052462e-05
2024-07-15 15:04:00+00:00,564.1,564.09,564.1,364,115,564.0975991649269,1.906760386449446e-08,9.36506267623649e-06
2024-07-15 15:05:00+00:00,564.11,564.09,564.11,1610,1152,564.1016582186821,4.332252679384129e-08,-2.983878142015506e-06
2024-07-15 15:06:00+00:00,564.13,564.12,564.13,200,1045,564.1216064257028,3.674005836572347e-08,-4.5817994880459345e-05
2024-07-15 15:07:00+00:00,564.1,564.1,564.12,100,137,564.1084388185654,4.1587794690246496e-08,-2.0682828820062227e-05
2024-07-15 15:08:00+00:00,564.06,564.06,564.07,200,100,564.0666666666667,2.4693836554466262e-08,1.891040604173888e-05
2024-07-15 15:09:00+00:00,564.09,564.07,564.08,300,100,564.0775,1.7305217491147794e-08,-8.391333997548323e-05
2024-07-15 15:10:00+00:00,564.05,564.04,564.06,253,950,564.0442061512883,4.2453806475322e-08,0.00042009262263609237
2024-07-15 15:11:00+00:00,564.26,564.25,564.26,100,430,564.2518867924529,3.2905177853224906e-08,0.00018366640458777894
2024-07-15 15:12:00+00:00,564.37,564.36,564.37,261,121,564.366832460733,3.3756837712156166e-08,7.240004680664214e-06
2024-07-15 15:13:00+00:00,564.38,564.36,564.38,104,300,564.3651485148515,1.7920075146875965e-08,0.00028251790266842214
2024-07-15 15:14:00+00:00,564.53,564.51,564.53,216,500,564.516033519553,4.7029413424252155e-08,1.1226989557799882e-05
2024-07-15 15:15:00+00:00,564.53,564.51,564.53,300,550,564.5170588235294,2.749875461183616e-08,-8.306582609618474e-05
2024-07-15 15:16:00+00:00,564.49,564.48,564.5,400,205,564.493223140496,2.2965762734351018e-08,-9.53333012581048e-05
2024-07-15 15:17:00+00:00,564.44,564.43,564.45,992,432,564.4439325842696,1.726458862051327e-08,0.00012194047132618735
2024-07-15 15:18:00+00:00,564.51,564.51,564.52,305,49,564.518615819209,2.5338571951075915e-08,0.00018893044390133618
2024-07-15 15:19:00+00:00,564.62,564.6,564.63,900,330,564.6219512195122,2.2696496131518918e-08,6.588423295594836e-06
2024-07-15 15:20:00+00:00,564.62,564.62,564.63,233,55,564.6280902777778,1.9022918180030406e-08,0.00011908097404056406
2024-07-15 15:21:00+00:00,564.675,564.68,564.69,140,2327,564.6805674908796,1.3505365526569139e-08,5.390171492081208e-05
2024-07-15 15:22:00+00:00,564.72,564.72,564.73,108,370,564.7222594142261,2.4660548584524268e-08,2.709785006782539e-05
2024-07-15 15:23:00+00:00,564.73,564.72,564.74,819,1100,564.7285356956749,2.264265291928199e-08,2.2425439947459935e-05
2024-07-15 15:24:00+00:00,564.74,564.73,564.75,677,527,564.7412458471761,2.0482232757411417e-08,-7.743360299183877e-06
2024-07-15 15:25:00+00:00,564.73,564.73,564.74,504,250,564.7366843501327,7.279515911856657e-08,-0.0007143053885019235
2024-07-15 15:26:00+00:00,564.36,564.35,564.36,851,100,564.3589484752891,9.522580825293478e-08,-0.0003252411793835952
2024-07-15 15:27:00+00:00,564.16,564.15,564.18,450,950,564.1596428571429,7.494301974166585e-08,-0.0003083112563189161
2024-07-15 15:28:00+00:00,563.97,563.97,563.99,363,356,563.9800973574409,7.983646706023429e-08,2.4798439086870516e-05
2024-07-15 15:29:00+00:00,563.99,563.98,564.0,1107,6,563.9998921832885,7.194276593056526e-08,-0.00042162692318681305
2024-07-15 15:30:00+00:00,563.74,563.72,563.75,350,1000,563.7277777777778,1.9081762723688248e-07,-5.416694314985815e-05
2024-07-15 15:31:00+00:00,563.7,563.72,563.74,270,1008,563.7242253521127,1.2614146483954026e-07,-0.00016544117307715211
2024-07-15 15:32:00+00:00,563.62,563.62,563.63,600,9,563.6298522167488,5.3264804645727e-08,0.0003871298953390667
2024-07-15 15:33:00+00:00,563.85,563.84,563.85,133,105,563.8455882352941,4.51885634885691e-08,-0.000545964564118151
2024-07-15 15:34:00+00:00,563.54,563.51,563.54,1609,360,563.5345149822244,1.4757234798839127e-07,-0.0002905745168367835
2024-07-15 15:35:00+00:00,563.34,563.32,563.36,1950,300,563.3546666666666,8.046841146725823e-08,0.0001586421122699022
2024-07-15 15:36:00+00:00,563.45,563.43,563.46,750,250,563.4525,5.7820441199642704e-08,0.000420941563428201
2024-07-15 15:37:00+00:00,563.7,563.69,563.7,122,95,563.6956221198158,4.1742779707656916e-08,0.00021602345443305637
2024-07-15 15:38:00+00:00,563.81,563.81,563.83,150,1000,563.8126086956522,3.2967581089195345e-08,0.0001231517326298892
2024-07-15 15:39:00+00:00,563.91,563.9,563.91,650,297,563.9068637803591,4.813656563050094e-08,0.00021176816834289625
2024-07-15 15:40:00+00:00,564.02,564.02,564.03,100,82,564.0254945054945,5.110252424753154e-08,0.00012339649981707446
2024-07-15 15:41:00+00:00,564.1,564.09,564.1,100,100,564.095,7.159624840747669e-08,-0.00041976328604853563
2024-07-15 15:42:00+00:00,563.83,563.82,563.84,650,250,563.8344444444444,5.8594757162462827e-08,0.00017665900190810824
2024-07-15 15:43:00+00:00,563.93,563.92,563.93,101,207,563.9232792207792,5.619931593329317e-08,-1.521948996940914e-06
2024-07-15 15:44:00+00:00,563.93,563.92,563.95,1650,350,563.94475,6.34869622660762e-08,-0.0005104237700751524
2024-07-15 15:45:00+00:00,563.67,563.66,563.68,1300,157,563.6778448867535,2.0429836522791324e-07,-0.0007111082136194158
2024-07-15 15:46:00+00:00,563.28,563.28,563.3,1260,1,563.2999841395717,1.4488842403719075e-07,-0.0001434406075569994
2024-07-15 15:47:00+00:00,563.2,563.16,563.19,1204,550,563.1805929304447,8.22660871464024e-08,0.0005431474896255839
2024-07-15 15:48:00+00:00,563.51,563.49,563.52,1160,1360,563.5038095238095,7.14653111353215e-08,0.000280094303107159
2024-07-15 15:49:00+00:00,563.63,563.63,563.66,350,951,563.6380707148347,3.7026486235260595e-08,-0.00021905037680058914
2024-07-15 15:50:00+00:00,563.51,563.5,563.53,441,350,563.5167256637168,3.9696815869066285e-08,0.00018729738280121033
2024-07-15 15:51:00+00:00,563.62,563.61,563.63,350,600,563.6173684210527,3.589721045539749e-08,3.670832576796457e-05
2024-07-15 15:52:00+00:00,563.64,563.63,563.64,100,600,563.6314285714286,8.446124373993313e-08,-0.00047135055750613386
2024-07-15 15:53:00+00:00,563.39,563.38,563.41,850,755,563.3958878504673,5.812225689693724e-08,0.000318711856165832
2024-07-15 15:54:00+00:00,563.56,563.55,563.57,530,100,563.5668253968255,4.057883454247779e-08,-0.00013786649202662815
2024-07-15 15:55:00+00:00,563.5,563.46,563.49,1251,873,563.4776694915255,4.581889083931462e-08,-2.2767347819807604e-05
2024-07-15 15:56:00+00:00,563.48,563.43,563.45,500,150,563.4453846153846,4.621730150339453e-08,-3.392314219530235e-05
2024-07-15 15:57:00+00:00,563.44,563.43,563.45,1500,299,563.4466759310728,4.42667755617761e-08,0.0001708852075434919
2024-07-15 15:58:00+00:00,563.55,563.53,563.55,331,353,563.5396783625731,3.5053241365939525e-08,0.0003416772232451848
2024-07-15 15:59:00+00:00,563.75,563.73,563.75,150,300,563.7366666666667,4.111652256010792e-08,5.732007518122195e-05
2024-07-15 16:00:00+00:00,563.77,563.76,563.78,1484,282,563.7768063420158,7.104710967855223e-08,-9.916224540051921e-05
2024-07-15 16:01:00+00:00,563.73,563.72,563.73,70,300,563.7218918918919,7.706800095956673e-08,-0.00033956687484615333
2024-07-15 16:02:00+00:00,563.52,563.51,563.53,730,312,563.5240115163148,8.099170296562428e-08,4.11028452829143e-05
2024-07-15 16:03:00+00:00,563.54,563.53,563.55,250,250,563.54,6.356011256137792e-08,-0.000346739128327056
2024-07-15 16:04:00+00:00,563.33,563.32,563.34,101,650,563.3226897470041,6.19474359777483e-08,4.140563919818874e-05
2024-07-15 16:05:00+00:00,563.37,563.35,563.37,600,182,563.3653452685422,1.4745819909312765e-07,-0.0003500300302017312
2024-07-15 16:06:00+00:00,563.18,563.18,563.2,815,200,563.1960591133005,5.48323719961236e-08,-7.915059694318938e-05
2024-07-15 16:07:00+00:00,563.13,563.12,563.14,330,712,563.1263339731286,6.522158198858966e-08,8.690807455158378e-05
2024-07-15 16:08:00+00:00,563.16,563.14,563.17,430,530,563.1534375,6.621962342314726e-08,-0.00026135865702181516
2024-07-15 16:09:00+00:00,563.02,563.01,563.03,800,451,563.0227897681855,3.702681007142042e-08,0.00015292084798623762
2024-07-15 16:10:00+00:00,563.1,563.11,563.13,200,537,563.1154274084125,2.6528380728111913e-08,-0.00019143800176479875
2024-07-15 16:11:00+00:00,563.01,563.0,563.01,470,182,563.007208588957,3.8944433520777096e-07,-0.00028830103322907696
2024-07-15 16:12:00+00:00,562.86,562.81,562.84,850,850,562.825,1.489278314468864e-07,-0.00020983466143464913
2024-07-15 16:13:00+00:00,562.74,562.73,562.74,400,145,562.7373394495412,2.476710081343601e-07,0.00023671450751128198
2024-07-15 16:14:00+00:00,562.85,562.83,562.84,2,800,562.8300249376559,8.760360550131749e-08,-0.00025250974806179105
2024-07-15 16:15:00+00:00,562.73,562.71,562.72,106,802,562.7111674008811,1.6297312969837925e-07,-0.0002853541943930171
2024-07-15 16:16:00+00:00,562.6,562.6,562.62,250,101,562.6142450142451,1.1168915404059672e-07,5.917976768765598e-05
2024-07-15 16:17:00+00:00,562.61,562.59,562.62,1162,900,562.6069059165858,6.820233588929055e-08,0.00025577617460093016
2024-07-15 16:18:00+00:00,562.74,562.73,562.74,300,298,562.7350167224081,6.565558658814975e-08,-0.00042005565253733224
2024-07-15 16:19:00+00:00,562.51,562.51,562.52,100,222,562.5131055900621,6.61601930373642e-08,-0.00010546117480181305
2024-07-15 16:20:00+00:00,562.44,562.44,562.45,800,182,562.4481466395113,2.1357897726116422e-07,-0.00022183547642729007
2024-07-15 16:21:00+00:00,562.31,562.32,562.34,300,150,562.3333333333334,1.0385712746059615e-07,0.00021162515671813154
2024-07-15 16:22:00+00:00,562.44,562.42,562.45,700,650,562.4355555555555,5.28155981017793e-08,0.0004145248280562619
2024-07-15 16:23:00+00:00,562.69,562.69,562.7,2900,86,562.6997119892834,1.354684891590585e-07,0.0003607831443421805
2024-07-15 16:24:00+00:00,562.9,562.9,562.92,70,300,562.9037837837838,5.098665022662059e-08,0.0001082825087750372
2024-07-15 16:25:00+00:00,562.94,562.94,562.96,1050,5,562.9599052132701,5.200974815787522e-08,-0.00039272729287254116
2024-07-15 16:26:00+00:00,562.72,562.72,562.75,350,1400,562.726,6.2438791653714e-08,0.00028992487296441993
2024-07-15 16:27:00+00:00,562.88,562.87,562.89,150,150,562.88,4.491762105857456e-08,0.00014335069629400898
2024-07-15 16:28:00+00:00,562.97,562.96,562.99,650,1000,562.9718181818182,2.8582582769989382e-08,-0.00025278749453472305
2024-07-15 16:29:00+00:00,562.8,562.82,562.84,250,550,562.82625,4.0690004014446164e-08,0.00011165033545124103
2024-07-15 16:30:00+00:00,562.89,562.88,562.9,150,1113,562.8823752969121,5.650466524204299e-08,-0.000211205302745765
2024-07-15 16:31:00+00:00,562.76,562.75,562.77,100,850,562.7521052631579,8.307975712675401e-08,-0.00038842522246462785
2024-07-15 16:32:00+00:00,562.55,562.55,562.56,150,12,562.5592592592592,5.740404471495053e-08,0.00026170410304970915
2024-07-15 16:33:00+00:00,562.67,562.68,562.69,100,154,562.683937007874,4.484350608538732e-08,5.006090265902152e-05
2024-07-15 16:34:00+00:00,562.71,562.71,562.72,130,100,562.7156521739131,4.7141838285328886e-08,-0.00014821762584937836
2024-07-15 16:35:00+00:00,562.63,562.63,562.64,259,100,562.6372144846797,3.9891819039151215e-08,0.0001732487424654927
2024-07-15 16:36:00+00:00,562.73,562.71,562.73,560,95,562.7270992366413,3.689030071141352e-08,-2.6857878607344787e-05
2024-07-15 16:37:00+00:00,562.73,562.74,562.75,900,7,562.7499228224917,5.72970446319196e-08,0.0002043257800417031
2024-07-15 16:38:00+00:00,562.81,562.83,562.84,100,121,562.8345248868778,3.801114488013144e-08,-0.00030464911243499593
2024-07-15 16:39:00+00:00,562.66,562.64,562.66,100,1450,562.6412903225806,2.703662136877272e-08,3.16603608820909e-05
2024-07-15 16:40:00+00:00,562.69,562.67,562.68,122,450,562.6721328671327,4.545685546134791e-08,-0.0002622764355934004
2024-07-15 16:41:00+00:00,562.53,562.53,562.55,350,600,562.5373684210526,1.5794120469483828e-07,0.0005882866111301954
2024-07-15 16:42:00+00:00,562.82,562.88,562.9,100,725,562.8824242424242,2.3570976386897766e-07,-3.527456395135964e-05
2024-07-15 16:43:00+00:00,562.81,562.8,562.82,100,700,562.8024999999999,1.7429019967419472e-07,-0.00046957407193848333
2024-07-15 16:44:00+00:00,562.59,562.58,562.59,600,350,562.5863157894737,6.129845179052431e-08,9.460445650710803e-05
2024-07-15 16:45:00+00:00,562.63,562.62,562.64,624,105,562.6371193415638,1.6672442064802483e-07,-0.00041777360641936934
2024-07-15 16:46:00+00:00,562.42,562.41,562.43,630,101,562.4272366621066,1.0646561512929003e-07,-9.598317932713041e-05
2024-07-15 16:47:00+00:00,562.33,562.31,562.33,200,230,562.3193023255814,5.964627404460444e-08,2.410360022686575e-06
2024-07-15 16:48:00+00:00,562.34,562.33,562.34,126,146,562.3346323529413,5.904973161478604e-08,7.719717460830111e-06
2024-07-15 16:49:00+00:00,562.35,562.33,562.34,300,2,562.3399337748344,7.898313741423733e-08,0.0001840353017670271
2024-07-15 16:50:00+00:00,562.44,562.43,562.45,200,750,562.4342105263158,5.156065467808787e-08,-0.00010976305410459464
2024-07-15 16:51:00+00:00,562.39,562.4,562.42,530,130,562.4160606060606,6.91077002755779e-08,3.96395023531948e-05
2024-07-15 16:52:00+00:00,562.4,562.38,562.41,900,430,562.4003007518797,6.405815096367958e-08,-6.0050133353306556e-05
2024-07-15 16:53:00+00:00,562.38,562.38,562.39,113,100,562.3853051643193,5.898621800508134e-08,1.6677587283187023e-05
2024-07-15 16:54:00+00:00,562.39,562.38,562.4,100,541,562.383120124805,5.1916643653423116e-08,4.6814030942865514e-06
2024-07-15 16:55:00+00:00,562.35,562.38,562.39,100,100,562.385,4.409246728724214e-08,-5.197683542290665e-05
2024-07-15 16:56:00+00:00,562.37,562.36,562.38,200,1155,562.3629520295203,5.913639789625234e-08,0.00051147501650739
2024-07-15 16:57:00+00:00,562.64,562.63,562.65,100,1250,562.6314814814815,7.416115224983379e-08,0.0002500847697970432
2024-07-15 16:58:00+00:00,562.79,562.78,562.81,350,1250,562.7865625,3.4273574855722496e-08,-0.0002919097838682827
2024-07-15 16:59:00+00:00,562.61,562.61,562.63,148,834,562.6130142566192,6.637934630650076e-08,-0.00010184330834084321
2024-07-15 17:00:00+00:00,562.57,562.56,562.58,350,601,562.5673606729757,2.3404428835087526e-07,-0.001048561633648415
2024-07-15 17:01:00+00:00,561.98,561.96,561.97,100,100,561.965,3.2792818094970754e-07,-0.0003901390369611679
2024-07-15 17:02:00+00:00,561.75,561.69,561.72,550,250,561.710625,1.130406517542527e-07,0.00016937545223494332
2024-07-15 17:03:00+00:00,561.84,561.83,561.85,550,150,561.8457142857143,1.864079049587758e-07,-0.0007856925481369847
2024-07-15 17:04:00+00:00,561.42,561.41,561.42,600,188,561.4176142131979,8.383529108524747e-08,0.0007073689437775421
2024-07-15 17:05:00+00:00,561.79,561.77,561.78,101,200,561.7733554817275,9.781088129917309e-08,0.0004877254004356235
2024-07-15 17:06:00+00:00,562.07,562.07,562.08,600,100,562.0785714285714,7.981520603128913e-08,0.00020571018104176275
2024-07-15 17:07:00+00:00,562.18,562.17,562.2,1130,230,562.1949264705883,6.895976166355597e-08,0.0002693351210900641
2024-07-15 17:08:00+00:00,562.34,562.31,562.34,1430,250,562.3355357142858,5.592408418242589e-08,-4.72169826759572e-05
2024-07-15 17:09:00+00:00,562.31,562.3,562.33,230,630,562.308023255814,5.66127702753635e-08,-9.306080212911905e-05
2024-07-15 17:10:00+00:00,562.27,562.27,562.28,700,5,562.2799290780141,5.7546959803731726e-08,-0.0003011902432891178
2024-07-15 17:11:00+00:00,562.08,562.09,562.12,2107,250,562.116817988969,7.351032165650001e-08,-9.369692484328951e-05
2024-07-15 17:12:00+00:00,562.04,562.02,562.05,815,378,562.0404945515506,4.7949055156718144e-08,3.5878045883119825e-05
2024-07-15 17:13:00+00:00,562.07,562.06,562.08,103,100,562.0701477832512,7.390628605686563e-08,-0.00010319802746616702
2024-07-15 17:14:00+00:00,562.01,561.99,562.01,300,750,561.9957142857143,6.645709346504768e-08,-2.8353383058732362e-05
2024-07-15 17:15:00+00:00,561.98,561.97,561.99,200,1030,561.9732520325203,6.855081213517274e-08,8.519869410861247e-06
2024-07-15 17:16:00+00:00,561.97,561.95,561.97,700,240,561.9648936170213,7.801146212779872e-08,-0.0001233959493638359
2024-07-15 17:17:00+00:00,561.92,561.89,561.92,751,450,561.908759367194,1.2352812249630764e-07,-0.00036058414755180124
2024-07-15 17:18:00+00:00,561.71,561.7,561.72,100,830,561.7021505376345,8.479533738343839e-08,0.00032545864461464014
2024-07-15 17:19:00+00:00,561.89,561.88,561.9,450,100,561.8963636363636,3.424836049620949e-08,0.00030577547825272333
2024-07-15 17:20:00+00:00,562.07,562.04,562.07,150,1300,562.0431034482758,5.5217822039905735e-08,-0.00017259732166863273
2024-07-15 17:21:00+00:00,561.97,561.96,561.98,100,450,561.9636363636364,4.0717208248106796e-08,7.847710612929326e-05
2024-07-15 17:22:00+00:00,562.01,561.99,562.01,130,200,561.9978787878788,4.8502478067712535e-08,0.0002518568316993708
2024-07-15 17:23:00+00:00,562.18,562.16,562.18,130,200,562.1678787878787,4.066430412870265e-08,0.0004462053695568624
2024-07-15 17:24:00+00:00,562.41,562.4,562.42,1150,1200,562.4097872340426,2.1037190171375146e-08,9.034974329691359e-05
2024-07-15 17:25:00+00:00,562.47,562.44,562.47,1150,450,562.4615625,6.200053285429574e-08,-0.0005285777293040361
2024-07-15 17:26:00+00:00,562.17,562.15,562.18,850,500,562.1688888888889,5.779738741816588e-08,-8.120706176606429e-05
2024-07-15 17:27:00+00:00,562.09,562.08,562.1,160,200,562.0888888888888,8.865878665421656e-08,-0.0002802343365753135
2024-07-15 17:28:00+00:00,561.96,561.95,561.98,930,430,561.9705147058824,1.132196983996197e-07,-0.0004398941154951652
2024-07-15 17:29:00+00:00,561.67,561.66,561.68,250,100,561.6742857142857,1.0209597137981589e-07,-7.942643161018559e-05
2024-07-15 17:30:00+00:00,561.69,561.65,561.67,13,330,561.6507580174926,2.3916737634814e-07,-0.0002556129942963281
2024-07-15 17:31:00+00:00,561.54,561.52,561.54,100,800,561.5222222222222,6.640403527979485e-08,-7.447620233425045e-05
2024-07-15 17:32:00+00:00,561.46,561.45,561.47,101,330,561.454686774942,1.4450971969511875e-07,-0.00018686070351370265
2024-07-15 17:33:00+00:00,561.37,561.36,561.39,550,1250,561.3691666666666,3.2201727651561827e-07,-0.0007647703378851345
2024-07-15 17:34:00+00:00,560.98,560.98,561.01,50,1050,560.9813636363637,1.469048917511382e-07,-7.067025323492793e-05
2024-07-15 17:35:00+00:00,560.89,560.87,560.9,1300,150,560.8968965517241,1.250644019008587e-07,0.00027513948397794863
2024-07-15 17:36:00+00:00,561.07,561.06,561.08,630,300,561.0735483870968,9.164705246878601e-08,-7.616848861546899e-05
2024-07-15 17:37:00+00:00,561.0,561.02,561.04,623,155,561.0360154241645,9.204772974351276e-08,1.4395247164733505e-05
2024-07-15 17:38:00+00:00,561.02,561.01,561.02,205,100,561.0167213114753,8.632366928080761e-08,3.506076481052389e-05
2024-07-15 17:39:00+00:00,561.06,561.02,561.05,786,530,561.0379179331306,7.625046381927328e-08,4.6520985078846167e-05
2024-07-15 17:40:00+00:00,561.07,561.05,561.08,250,500,561.06,1.0225680242346538e-07,0.0003128083806851478
2024-07-15 17:41:00+00:00,561.25,561.21,561.23,735,200,561.2257219251337,9.267102119968888e-08,6.334990329248669e-05
2024-07-15 17:42:00+00:00,561.27,561.26,561.29,350,250,561.2775,4.0979331831890356e-08,-8.151125594824116e-06
2024-07-15 17:43:00+00:00,561.27,561.26,561.27,400,100,561.268,7.520756586526514e-08,-0.0002897748768848629
2024-07-15 17:44:00+00:00,561.09,561.07,561.1,1600,150,561.0974285714286,5.023265098231157e-08,5.201251122688433e-06
2024-07-15 17:45:00+00:00,561.13,561.11,561.12,100,100,561.115,9.788756944986851e-08,2.2242960815432866e-06
2024-07-15 17:46:00+00:00,561.13,561.14,561.16,1000,130,561.1576991150442,9.023732301007667e-08,-0.00018783054334503557
2024-07-15 17:47:00+00:00,561.03,561.03,561.06,2000,330,561.0557510729614,1.1825644229170095e-07,-0.0002454599463306284
2024-07-15 17:48:00+00:00,560.91,560.91,560.92,200,100,560.9166666666666,7.718979849013348e-08,0.0001438907416337898
2024-07-15 17:49:00+00:00,560.98,560.97,561.0,130,1186,560.9729635258359,2.6395167359158734e-08,0.00012319107415126318
2024-07-15 17:50:00+00:00,561.04,561.02,561.03,106,630,561.0214402173913,6.561224933641033e-08,0.00031944717329079886
2024-07-15 17:51:00+00:00,561.21,561.23,561.24,208,100,561.2367532467532,4.782436851469461e-08,0.0002463208760865587
2024-07-15 17:52:00+00:00,561.36,561.35,561.36,206,100,561.3567320261438,1.364967971423345e-07,0.0001175988256123528
2024-07-15 17:53:00+00:00,561.41,561.36,561.39,700,250,561.3821052631579,5.672620237413665e-08,6.153908459061164e-05
2024-07-15 17:54:00+00:00,561.47,561.44,561.45,500,300,561.44625,1.0974084351579636e-07,-0.00042916414618410226
2024-07-15 17:55:00+00:00,561.2,561.19,561.2,4,100,561.1903846153847,3.7090856007257926e-08,-7.599595662455272e-05
2024-07-15 17:56:00+00:00,561.2,561.17,561.19,153,450,561.1750746268656,9.414764313856055e-08,-0.000384636929381843
2024-07-15 17:57:00+00:00,560.96,560.94,560.96,351,450,560.9487640449439,6.995327178115993e-08,0.00030112150993155673
2024-07-15 17:58:00+00:00,561.13,561.12,561.13,3,500,561.1200596421471,6.091003062847434e-08,0.00018336450341549515
2024-07-15 17:59:00+00:00,561.22,561.21,561.23,1750,100,561.2289189189189,6.181877142710827e-08,-0.00032473534514831925
2024-07-15 18:00:00+00:00,561.06,561.06,561.09,950,430,561.0806521739131,1.2170016847033705e-07,-0.00010643422924805357
2024-07-15 18:01:00+00:00,560.97,560.95,560.97,358,100,560.9656331877729,7.899770244421581e-08,0.00012282649605377394
2024-07-15 18:02:00+00:00,561.04,561.04,561.06,550,450,561.0509999999999,5.710148799084816e-08,4.719081329485064e-06
2024-07-15 18:03:00+00:00,561.05,561.04,561.06,808,176,561.0564227642277,4.2955994777444574e-08,-5.153502599430926e-05
2024-07-15 18:04:00+00:00,561.01,561.0,561.03,1650,250,561.026052631579,5.0142753785138084e-08,0.00035354454350677855
2024-07-15 18:05:00+00:00,561.24,561.22,561.23,100,20,561.2283333333332,4.3685840609271256e-08,-0.00035317686705949036
2024-07-15 18:06:00+00:00,561.02,561.01,561.03,651,181,561.0256490384616,5.4720388783728935e-08,2.5366015709238354e-05
2024-07-15 18:07:00+00:00,561.04,561.02,561.04,273,100,561.034638069705,5.96975551395717e-08,6.593085541939381e-05
2024-07-15 18:08:00+00:00,561.09,561.08,561.1,130,962,561.0823809523811,2.6167303650082242e-08,7.338380733079575e-06
2024-07-15 18:09:00+00:00,561.09,561.08,561.1,769,100,561.0976985040277,6.047530694014572e-08,0.00015141319833222866
2024-07-15 18:10:00+00:00,561.17,561.16,561.17,364,345,561.1651339915373,4.5306380641101434e-08,0.0002244970087739162
2024-07-15 18:11:00+00:00,561.3,561.3,561.31,6,400,561.3001477832511,5.4035248139909044e-08,-0.00029481232120376344
2024-07-15 18:12:00+00:00,561.12,561.11,561.13,1551,100,561.1287886129619,6.620654574866895e-08,-0.00040561683522166714
2024-07-15 18:13:00+00:00,560.9,560.9,560.91,2,100,560.9001960784313,6.310168752471184e-08,-0.00020642366012024738
2024-07-15 18:14:00+00:00,560.77,560.78,560.79,100,132,560.7843103448275,7.467678673677949e-08,0.0002567997980948977
2024-07-15 18:15:00+00:00,560.92,560.88,560.91,1030,330,560.9027205882353,4.504352317053333e-08,-9.328577256995096e-05
2024-07-15 18:16:00+00:00,560.88,560.86,560.88,163,100,560.8723954372624,4.3048694839770314e-08,-3.9581568283098e-05
2024-07-15 18:17:00+00:00,560.84,560.84,560.85,100,10,560.8490909090909,3.663789749161937e-08,-4.939519138602577e-05
2024-07-15 18:18:00+00:00,560.83,560.82,560.84,250,500,560.8266666666667,4.0217044522554904e-08,0.0003630330870718623
2024-07-15 18:19:00+00:00,561.03,561.03,561.04,101,1,561.0399019607843,6.501737820155244e-08,-0.00022126130983801673
2024-07-15 18:20:00+00:00,560.91,560.88,560.91,750,148,560.9050556792873,4.7933290048938946e-08,0.00014258255428889477
2024-07-15 18:21:00+00:00,560.99,560.98,560.99,100,600,560.9814285714285,3.967576281658924e-08,0.00010164016518121599
2024-07-15 18:22:00+00:00,561.06,561.05,561.08,230,700,561.0574193548387,3.5192089514986344e-08,0.0004801871297912541
2024-07-15 18:23:00+00:00,561.32,561.31,561.33,130,300,561.3160465116279,4.786523377480279e-08,0.0003728845564248129
2024-07-15 18:24:00+00:00,561.53,561.51,561.53,100,1100,561.5116666666667,6.035164263756477e-08,8.51772889529645e-05
2024-07-15 18:25:00+00:00,561.56,561.57,561.58,100,100,561.575,5.432270234996528e-08,-0.00013443989710870685
2024-07-15 18:26:00+00:00,561.49,561.47,561.49,58,626,561.4716959064327,5.8620090822600084e-08,-6.539228450963552e-05
2024-07-15 18:27:00+00:00,561.45,561.44,561.46,330,500,561.447951807229,2.4107574873700846e-08,0.0002826247344669408
2024-07-15 18:28:00+00:00,561.62,561.62,561.63,135,300,561.6231034482759,2.7461491585704067e-08,0.000346087821208485
2024-07-15 18:29:00+00:00,561.83,561.82,561.84,150,1200,561.8222222222223,4.480231972654471e-08,1.2054496925095748e-06
2024-07-15 18:30:00+00:00,561.82,561.81,561.82,100,1274,561.8107278020378,7.758771796353656e-08,3.5518022651004344e-05
2024-07-15 18:31:00+00:00,561.83,561.8,561.83,850,600,561.8175862068965,3.053905555362518e-08,0.0002723543830525088
2024-07-15 18:32:00+00:00,562.0,561.99,562.0,100,1376,561.9906775067751,1.0456588247987642e-07,0.0006902963586790101
2024-07-15 18:33:00+00:00,562.36,562.37,562.39,100,1350,562.3713793103449,1.1885711333961496e-07,-5.186368445542211e-05
2024-07-15 18:34:00+00:00,562.34,562.32,562.35,550,752,562.3326728110599,3.8785890483552024e-08,2.957349797072517e-05
2024-07-15 18:35:00+00:00,562.35,562.35,562.37,513,800,562.3578141660321,4.368216978999739e-08,-6.984543489751971e-05
2024-07-15 18:36:00+00:00,562.32,562.3,562.33,755,350,562.3204977375566,1.9386163313837666e-08,3.28658440773566e-05
2024-07-15 18:37:00+00:00,562.33,562.33,562.34,100,1100,562.3308333333333,1.2720896167944785e-07,-0.0008743253616595448
2024-07-15 18:38:00+00:00,561.82,561.81,561.82,100,1000,561.810909090909,9.809304473861044e-08,8.602584334993502e-05
2024-07-15 18:39:00+00:00,561.89,561.88,561.9,200,100,561.8933333333333,5.764487839664742e-08,3.6181267585089216e-05
2024-07-15 18:40:00+00:00,561.93,561.92,561.95,230,434,561.930391566265,3.0788755099073894e-08,0.0001273176183196334
2024-07-15 18:41:00+00:00,561.99,561.98,561.99,603,122,561.9883172413794,2.8841749334701155e-08,5.2675652684852636e-05
2024-07-15 18:42:00+00:00,562.02,562.01,562.03,154,913,562.0128865979382,9.08420129473171e-08,-0.00032553573535898384
2024-07-15 18:43:00+00:00,561.81,561.8,561.83,750,950,561.8132352941177,5.668497175179812e-08,-0.0001131123732083239
2024-07-15 18:44:00+00:00,561.76,561.75,561.77,200,1252,561.7527548209366,2.974633322031695e-08,0.0001646595262700945
2024-07-15 18:45:00+00:00,561.85,561.85,561.87,350,202,561.8626811594203,6.64662970190596e-08,-0.0002540836912703348
2024-07-15 18:46:00+00:00,561.72,561.71,561.73,300,708,561.7159523809524,4.065929526318056e-08,0.00017458714442120105
2024-07-15 18:47:00+00:00,561.85,561.83,561.85,350,167,561.8435396518375,7.48881753884858e-08,0.00027306796331894034
2024-07-15 18:48:00+00:00,561.98,561.97,561.99,205,200,561.9801234567901,2.735280712735684e-08,0.000193465994892561
2024-07-15 18:49:00+00:00,562.1,562.1,562.12,1027,400,562.1143938332166,4.8043218149326494e-08,-0.00018422806237006206
2024-07-15 18:50:00+00:00,561.98,561.98,562.0,1050,200,561.9968,6.477344424122273e-08,-0.00032420753164430494
2024-07-15 18:51:00+00:00,561.78,561.78,561.81,950,1150,561.7935714285715,3.218313438137651e-08,0.00039480843417227796
2024-07-15 18:52:00+00:00,562.01,562.0,562.01,437,100,562.008137802607,3.048671965156894e-08,-5.0832998595984336e-06
2024-07-15 18:53:00+00:00,562.0,562.0,562.02,750,139,562.0168728908886,3.385265173609941e-08,-0.00013126709723876306
2024-07-15 18:54:00+00:00,561.96,561.93,561.94,100,12,561.9389285714286,1.9447640042141594e-08,1.0801183980557738e-06
2024-07-15 18:55:00+00:00,561.94,561.93,561.95,150,850,561.933,3.9572238643412475e-08,-3.1688658262973846e-06
2024-07-15 18:56:00+00:00,561.93,561.93,561.94,100,135,561.9342553191489,2.616511545377647e-08,-0.00012493720082162874
2024-07-15 18:57:00+00:00,561.88,561.86,561.88,314,1251,561.8640127795527,2.778258526570752e-08,0.0001352330364039478
2024-07-15 18:58:00+00:00,561.96,561.95,561.96,400,300,561.9557142857143,3.200546764724126e-08,0.00022941389679687063
2024-07-15 18:59:00+00:00,562.07,562.07,562.09,650,200,562.0852941176471,5.353482666275562e-08,0.000362823036209603
2024-07-15 19:00:00+00:00,562.28,562.27,562.28,411,100,562.2780430528375,1.7602182758883747e-07,-0.0002487512360291877
2024-07-15 19:01:00+00:00,562.14,562.13,562.15,2060,398,562.1467615947926,5.698659070278256e-08,1.3576645253587927e-05
2024-07-15 19:02:00+00:00,562.145,562.14,562.15,500,815,562.1438022813688,2.8496519464273753e-08,-4.664579056135043e-05
2024-07-15 19:03:00+00:00,562.12,562.11,562.13,1960,400,562.1266101694915,4.8178909390948154e-08,6.276305233465784e-05
2024-07-15 19:04:00+00:00,562.15,562.14,562.15,1560,40,562.14975,1.7122575685296192e-08,-4.362275012137484e-05
2024-07-15 19:05:00+00:00,562.12,562.11,562.12,1437,100,562.1193493819129,6.653826008644818e-08,-0.0002633269080161149
2024-07-15 19:06:00+00:00,561.97,561.98,561.99,100,392,561.9820325203252,4.1153227156469704e-08,6.0869261964136e-05
2024-07-15 19:07:00+00:00,562.01,562.01,562.02,1436,1308,562.0152332361515,2.3586870190505955e-08,1.6620221129581836e-05
2024-07-15 19:08:00+00:00,562.03,562.02,562.04,950,418,562.0338888888889,2.9739159011132455e-08,0.00022832770726144425
2024-07-15 19:09:00+00:00,562.17,562.17,562.19,374,420,562.1794206549118,5.841906850511891e-08,8.837510595349762e-05
2024-07-15 19:10:00+00:00,562.21,562.19,562.22,800,650,562.206551724138,3.493753099661526e-08,0.00022004097274486156
2024-07-15 19:11:00+00:00,562.335,562.32,562.33,100,100,562.325,4.265903580974038e-08,-6.460503811278606e-05
2024-07-15 19:12:00+00:00,562.31,562.28,562.3,600,590,562.2900840336134,2.1625513351376168e-08,-4.3777027184055406e-05
2024-07-15 19:13:00+00:00,562.26,562.24,562.25,300,100,562.2475,2.0473604845504577e-08,-0.00017557180544824913
2024-07-15 19:14:00+00:00,562.15,562.16,562.17,1450,395,562.1678590785907,2.2006252971849988e-08,0.00021988338768630378
2024-07-15 19:15:00+00:00,562.3,562.29,562.31,200,1324,562.292624671916,3.6009236978697804e-08,9.40679070402517e-05
2024-07-15 19:16:00+00:00,562.35,562.34,562.36,450,246,562.3529310344828,3.3082730656745506e-08,0.0001746855871065378
2024-07-15 19:17:00+00:00,562.46,562.44,562.46,550,100,562.4569230769231,2.9761120651367393e-08,-6.834762005780703e-05
2024-07-15 19:18:00+00:00,562.41,562.39,562.41,250,40,562.4072413793103,1.2735047784230819e-08,8.767692838973495e-05
2024-07-15 19:19:00+00:00,562.455,562.44,562.46,159,242,562.4479301745636,1.7620600368121268e-08,0.0001549900553969863
2024-07-15 19:20:00+00:00,562.54,562.53,562.55,650,840,562.5387248322147,5.035791102780074e-08,-0.0002972101700076113
2024-07-15 19:21:00+00:00,562.37,562.36,562.37,200,40,562.3683333333333,5.017566353813567e-08,-0.0003316974567800779
2024-07-15 19:22:00+00:00,562.19,562.19,562.2,500,100,562.1983333333334,6.538212447530413e-08,0.00029165762981686605
2024-07-15 19:23:00+00:00,562.33,562.34,562.35,100,286,562.3425906735752,2.843256903462265e-08,0.00013626799794996813
2024-07-15 19:24:00+00:00,562.41,562.4,562.42,1550,250,562.4172222222221,2.1102736800124275e-08,0.00018397482692877887
2024-07-15 19:25:00+00:00,562.52,562.51,562.53,800,23,562.5294410692588,5.62059233328827e-08,-0.0003240127996320119
2024-07-15 19:26:00+00:00,562.36,562.34,562.35,250,66,562.3479113924051,3.045093348184702e-08,-0.00017489564199768548
2024-07-15 19:27:00+00:00,562.26,562.26,562.28,100,830,562.2621505376344,2.5490653733918022e-08,8.90425553865537e-05
2024-07-15 19:28:00+00:00,562.32,562.28,562.3,850,40,562.2991011235955,5.357086553342844e-08,-0.0002348352325833858
2024-07-15 19:29:00+00:00,562.17,562.16,562.17,132,40,562.1676744186045,3.917665973417929e-08,-0.0001739840060607234
2024-07-15 19:30:00+00:00,562.05,562.05,562.06,7,100,562.0506542056074,9.650990237963402e-08,6.537884932700244e-05
2024-07-15 19:31:00+00:00,562.1,562.09,562.11,300,490,562.0975949367089,5.614294251195606e-08,0.00028657069085258335
2024-07-15 19:32:00+00:00,562.27,562.25,562.26,401,40,562.2590929705216,5.369403172420864e-08,-0.00012249025873167785
2024-07-15 19:33:00+00:00,562.21,562.2,562.22,700,65,562.2183006535947,4.162482807142719e-08,-0.00017144065018359633
2024-07-15 19:34:00+00:00,562.11,562.1,562.11,31,128,562.1019496855346,2.3234101930715492e-08,0.00020710846721927467
2024-07-15 19:35:00+00:00,562.23,562.23,562.24,1100,650,562.2362857142857,4.939466781423594e-08,-0.00025015433117481223
2024-07-15 19:36:00+00:00,562.06,562.05,562.06,2,240,562.0500826446281,6.295056785628309e-08,-0.00040763944382404826
2024-07-15 19:37:00+00:00,561.84,561.84,561.86,264,190,561.8516299559471,9.244468599353766e-08,3.4637552064342714e-06
2024-07-15 19:38:00+00:00,561.85,561.84,561.85,700,37,561.8494979647219,7.951416347770045e-08,-0.00042022030949540046
2024-07-15 19:39:00+00:00,561.61,561.61,561.62,400,25,561.6194117647059,1.0537093893708075e-07,-0.0003856024884485443
2024-07-15 19:40:00+00:00,561.4,561.39,561.4,750,40,561.399493670886,8.069062153303682e-08,4.829993776223063e-05
2024-07-15 19:41:00+00:00,561.42,561.41,561.43,250,100,561.4242857142857,6.313919259535001e-08,-2.971263468720675e-05
2024-07-15 19:42:00+00:00,561.42,561.41,561.42,408,240,561.4162962962963,6.023625646118261e-08,-0.00012975057676700708
2024-07-15 19:43:00+00:00,561.35,561.34,561.36,338,100,561.3554337899543,1.253717063691082e-07,-0.0002337907193187272
2024-07-15 19:44:00+00:00,561.18,561.17,561.19,200,300,561.178,1.353446411259648e-07,-0.0007436106131869513
2024-07-15 19:45:00+00:00,560.82,560.8,560.82,650,530,560.8110169491525,2.07383136811133e-07,-4.2887895079779526e-07
2024-07-15 19:46:00+00:00,560.77,560.76,560.78,151,150,560.7700332225913,9.029333695870455e-08,-0.00037569110281199247
2024-07-15 19:47:00+00:00,560.56,560.56,560.58,647,300,560.5736642027455,1.7285682700504546e-07,-0.0005326837034926868
2024-07-15 19:48:00+00:00,560.28,560.26,560.28,650,144,560.2763727959698,1.8571047960246622e-07,0.0007668464661334529
2024-07-15 19:49:00+00:00,560.74,560.73,560.75,900,250,560.7456521739131,1.1858147007559193e-07,-0.00028910803616233327
2024-07-15 19:50:00+00:00,560.55,560.53,560.57,230,230,560.55,3.607513790004819e-07,-0.0009119652210978213
2024-07-15 19:51:00+00:00,560.03,560.02,560.04,176,270,560.0278923766816,1.9731799694424393e-07,-0.0004977104529461096
2024-07-15 19:52:00+00:00,559.79,559.79,559.81,270,100,559.8045945945945,1.4298461231982628e-07,-4.9766670877637864e-05
2024-07-15 19:53:00+00:00,559.73,559.72,559.73,200,100,559.7266666666667,1.8323057152896237e-07,0.0009708739797211763
2024-07-15 19:54:00+00:00,560.2,560.18,560.21,1700,150,560.2075675675676,2.554122542470891e-07,0.0010297393040215042
2024-07-15 19:55:00+00:00,560.82,560.78,560.8,550,150,560.7957142857143,2.3779538999345138e-07,0.00016556576049131522
2024-07-15 19:56:00+00:00,560.92,560.9,560.93,500,150,560.9230769230769,1.0721226155934563e-07,0.0002917295128781472
2024-07-15 19:57:00+00:00,561.09,561.09,561.1,1000,2,561.0999800399202,1.6808735106035776e-07,-0.0004407976655546042
2024-07-15 19:58:00+00:00,560.84,560.84,560.86,200,100,560.8533333333334,9.63490403964944e-08,-0.0001325348823020267
2024-07-15 19:59:00+00:00,560.76,560.75,560.77,200,300,560.758,4.853165259518562e-07,0.0012468382566461766
2024-07-15 20:00:00+00:00,561.49,561.47,561.49,153,200384,561.4700152590295,2.299432158888239e-07,0.0001425671808699125
2024-07-15 20:01:00+00:00,561.56,561.54,561.58,1360,1660,561.5580132450331,5.001105410519869e-08,-0.00017733994603497116
2024-07-15 20:02:00+00:00,561.45,561.44,561.45,1400,1845,561.4443143297382,2.951783722031142e-08,0.00011667082440847132
2024-07-15 20:03:00+00:00,561.47,561.52,561.53,1,220,561.5200452488688,1.9947284794813046e-08,-0.00013946789262131443
2024-07-15 20:04:00+00:00,561.43,561.44,561.45,2000,176,561.4491911764705,2.1875879295423835e-08,-0.00010333028668318978
2024-07-15 20:05:00+00:00,561.36,561.37,561.41,1900,1000,561.3962068965517,1.3074962141064277e-08,-0.00013190452025291233
2024-07-15 20:06:00+00:00,561.31,561.29,561.31,25,1000,561.290487804878,2.263208867098448e-08,-0.00014663585188146033
2024-07-15 20:07:00+00:00,561.23,561.22,561.24,612,319,561.2331471535983,2.4545659704264407e-08,0.00014840399818005778
2024-07-15 20:08:00+00:00,561.31,561.31,561.33,4710,300,561.3288023952097,1.5065896115977816e-08,0.0001518330154497427
2024-07-15 20:09:00+00:00,561.39,561.39,561.42,900,500,561.4092857142857,1.2105562572652185e-08,-5.343751669917296e-05
2024-07-15 20:10:00+00:00,561.36,561.34,561.38,2500,500,561.3733333333333,1.3317988185986611e-08,-7.987721871161035e-05
2024-07-15 20:11:00+00:00,561.33,561.32,561.33,615,109,561.3284944751382,3.6730589576678445e-08,0.00010244911486156916
2024-07-15 20:12:00+00:00,561.4,561.37,561.41,1100,400,561.3993333333333,9.240796296688837e-09,3.511716664528208e-05
2024-07-15 20:13:00+00:00,561.37,561.39,561.43,1100,1700,561.4057142857143,1.2384086304138598e-08,8.778983368284976e-05
2024-07-15 20:14:00+00:00,561.45,561.42,561.46,1900,1100,561.4453333333333,7.882670453328843e-09,0.00010264683536043151
2024-07-15 20:15:00+00:00,561.53,561.49,561.53,1100,1100,561.51,1.533308331216541e-08,1.296577156706391e-05
2024-07-15 20:16:00+00:00,561.5,561.5,561.52,100,5,561.5190476190476,1.728516327335286e-09,-8.909011841584658e-07
2024-07-15 20:17:00+00:00,561.52,561.51,561.52,1600,100,561.5194117647059,1.6642577733767172e-10,1.106504096548555e-05
2024-07-15 20:18:00+00:00,561.52,561.51,561.53,1600,700,561.5239130434783,6.72805611153395e-09,-4.556351251172597e-05
2024-07-15 20:19:00+00:00,561.5,561.5,561.52,1,500,561.5000399201597,5.980600809271602e-09,3.500809998180365e-05
2024-07-15 20:20:00+00:00,561.53,561.51,561.52,500,50,561.5190909090909,5.389460134863733e-09,-1.2023876374667175e-05
2024-07-15 20:21:00+00:00,561.53,561.48,561.52,2802,600,561.5129453262787,7.090348075696145e-09,-7.281488893451371e-05
2024-07-15 20:22:00+00:00,561.48,561.45,561.5,1500,1900,561.4720588235294,1.5389217539353304e-08,-1.7585825375920905e-06
2024-07-15 20:23:00+00:00,561.49,561.46,561.48,1300,5000,561.464126984127,1.146973321744328e-08,6.940816486311618e-05
2024-07-15 20:24:00+00:00,561.52,561.51,561.52,2,473,561.5100421052631,1.4068908546059616e-09,1.6677306776680112e-05
2024-07-15 20:25:00+00:00,561.52,561.51,561.53,1100,601,561.5229335684892,1.744925694146695e-09,3.5876788489375144e-05
2024-07-15 20:26:00+00:00,561.53,561.53,561.56,654,1400,561.5395520934761,9.612323614661119e-09,0.00019992552247383166
2024-07-15 20:27:00+00:00,561.62,561.63,561.66,1600,600,561.6518181818182,1.1826437394260128e-08,-3.790936900671671e-05
2024-07-15 20:28:00+00:00,561.57,561.6,561.64,1100,600,561.6258823529412,3.882320382844742e-09,3.452151333593889e-05
2024-07-15 20:29:00+00:00,561.65,561.63,561.65,2100,9,561.6499146514935,8.7012154618754e-09,2.1387492519231444e-06
2024-07-15 20:30:00+00:00,561.66,561.63,561.67,1230,1100,561.6511158798284,8.310731176376098e-09,-7.456186117638097e-06
2024-07-15 20:31:00+00:00,561.66,561.64,561.66,530,1000,561.6469281045752,6.503373399601828e-09,4.105677406274211e-05
2024-07-15 20:32:00+00:00,561.66,561.65,561.67,2500,2,561.6699840127898,1.3913054793863732e-09,4.254651362978201e-05
2024-07-15 20:33:00+00:00,561.7,561.69,561.7,101,159,561.6938846153846,4.801099409751605e-09,9.728429749067402e-05
2024-07-15 20:34:00+00:00,561.72,561.73,561.75,1700,135,561.7485286103542,2.8330314617119986e-08,0.00018360182725807306
2024-07-15 20:35:00+00:00,561.89,561.85,561.86,100,1500,561.850625,1.2423567034944689e-08,-7.978006307152175e-05
2024-07-15 20:36:00+00:00,561.8,561.78,561.81,1700,200,561.8068421052632,1.1042648794493759e-08,7.215719122521946e-05
2024-07-15 20:37:00+00:00,561.83,561.83,561.85,1400,211,561.8473805090006,7.8521397942044e-09,-0.00010920015204041178
2024-07-15 20:38:00+00:00,561.8,561.78,561.8,1700,4969,561.7850982156245,1.8800164280506093e-08,-3.036441419290714e-05
2024-07-15 20:39:00+00:00,561.78,561.75,561.78,1900,1105,561.7689683860233,7.829109825859031e-09,-1.60913924396322e-05
2024-07-15 20:40:00+00:00,561.76,561.75,561.76,2100,5,561.7599762470309,8.354385718376233e-09,-0.00010074660876235875
2024-07-15 20:41:00+00:00,561.74,561.68,561.71,2100,600,561.7033333333334,4.597182121118284e-09,-1.4835826741221858e-05
2024-07-15 20:42:00+00:00,561.74,561.68,561.71,600,600,561.695,1.8463165877481098e-09,3.359104946198954e-06
2024-07-15 20:43:00+00:00,561.68,561.67,561.7,1900,220,561.6968867924528,5.062166368673816e-10,-1.2120509220059361e-05
2024-07-15 20:44:00+00:00,561.7,561.69,561.72,5,1100,561.6901357466064,4.646870550505445e-09,5.019237387915432e-05
2024-07-15 20:45:00+00:00,561.69,561.71,561.72,1000,209,561.7182712985939,8.108639813947207e-09,-3.5737562249726906e-05
2024-07-15 20:46:00+00:00,561.72,561.67,561.7,2500,109,561.6987466462247,7.504350584628838e-09,-0.00011481815958047648
2024-07-15 20:47:00+00:00,561.67,561.61,561.64,1600,600,561.6318181818182,1.2992175482586668e-08,8.497507790261594e-05
2024-07-15 20:48:00+00:00,561.65,561.68,561.7,1600,614,561.6944534778681,5.330255047248776e-09,8.543885474621149e-05
2024-07-15 20:49:00+00:00,561.71,561.71,561.74,1101,600,561.729417989418,5.0482291689963916e-09,-5.2325941436670576e-05
2024-07-15 20:50:00+00:00,561.72,561.7,561.72,1,800,561.7000249687891,3.103315879616683e-09,5.0421469506289895e-06
2024-07-15 20:51:00+00:00,561.71,561.68,561.72,1600,2512,561.6955642023347,4.103140433663682e-09,-5.8628950886485676e-05
2024-07-15 20:52:00+00:00,561.69,561.66,561.67,1325,10,561.669925093633,9.079593674622625e-09,0.00014839813333811236
2024-07-15 20:53:00+00:00,561.72,561.73,561.76,1800,520,561.753275862069,6.188085549388897e-09,2.384538913879908e-06
2024-07-15 20:54:00+00:00,561.77,561.73,561.77,1600,1000,561.7546153846154,1.5260408490142692e-09,6.443933709077143e-06
2024-07-15 20:55:00+00:00,561.77,561.73,561.76,1100,100,561.7575,8.17443604799653e-09,0.00010617689786651674
2024-07-15 20:56:00+00:00,561.8,561.79,561.82,500,38,561.8178810408922,2.0155753004811504e-10,4.17334914382117e-06
2024-07-15 20:57:00+00:00,561.82,561.82,561.83,500,21653,561.820225703065,5.443891309136721e-10,4.215725968315098e-08
2024-07-15 20:58:00+00:00,561.83,561.82,561.83,550,21504,561.8202493878662,3.097350398263387e-09,-7.192812689260641e-05
2024-07-15 20:59:00+00:00,561.77,561.77,561.8,488,1000,561.7798387096774,1.4348551577451122e-08,-9.183817050884002e-05
2024-07-15 21:00:00+00:00,561.77,561.72,561.77,10,547,561.7208976660683,3.741314165329176e-10,3.48603543698367e-06
2024-07-15 21:01:00+00:00,561.77,561.72,561.77,10,39,561.7302040816327,1.1548846098684217e-08,8.866708600008266e-05
2024-07-15 21:02:00+00:00,561.77,561.78,561.8,1,1807,561.7800110619469,1.1436887243814699e-08,-9.216377729659442e-05
2024-07-15 21:03:00+00:00,561.8,561.72,561.79,10,75,561.7282352941177,7.890990589199759e-09,8.146312896006869e-05
2024-07-15 21:04:00+00:00,561.8,561.77,561.8,175,1139,561.77399543379,5.516620955524665e-09,-6.049108954853111e-06
2024-07-15 21:05:00+00:00,561.83,561.77,561.83,175,17407,561.7705972016836,2.7357645480529445e-09,5.237628957455165e-05
2024-07-15 21:06:00+00:00,561.83,561.8,561.83,12,17412,561.8000206611571,7.601800138982735e-10,3.4717342134449325e-07
2024-07-15 21:07:00+00:00,561.8,561.8,561.83,100,13808,561.8002157031924,1.549510535716647e-09,4.057270621826703e-05
2024-07-15 21:08:00+00:00,561.84,561.82,561.84,175,988,561.8230094582975,2.7517439091018256e-10,1.6588381202220503e-05
2024-07-15 21:09:00+00:00,561.84,561.83,561.84,300,988,561.8323291925466,2.7350900936960576e-10,-1.6421902385710396e-05
2024-07-15 21:10:00+00:00,561.84,561.82,561.84,175,953,561.8231028368795,9.622810010360814e-17,9.809592249609977e-09
2024-07-15 21:11:00+00:00,561.84,561.82,561.84,175,951,561.8231083481351,1.5092818646843092e-10,1.2285342432916124e-05
2024-07-15 21:12:00+00:00,561.84,561.83,561.84,1,948,561.8300105374078,2.3451894188399844e-08,-0.00010654949186716944
2024-07-15 21:13:00+00:00,561.84,561.77,561.84,2,945,561.7701478352693,1.2782848498051901e-08,6.240768833287724e-05
2024-07-15 21:14:00+00:00,561.84,561.8,561.83,21,100,561.8052066115702,9.938532546852213e-11,0.0
2024-07-15 21:15:00+00:00,561.84,561.8,561.83,21,100,561.8052066115702,1.4355679312003401e-08,-3.596729138921617e-05
2024-07-15 21:16:00+00:00,561.76,561.74,561.83,200,200,561.785,3.24006164683261e-09,6.280425051530258e-05
2024-07-15 21:17:00+00:00,561.83,561.82,561.83,5,172,561.8202824858757,3.5311950282663832e-09,-3.78183500366891e-05
2024-07-15 21:18:00+00:00,561.75,561.74,561.83,204,107,561.799035369775,5.854006381325322e-09,-8.184631814578402e-05
2024-07-15 21:19:00+00:00,561.84,561.74,561.84,53,353,561.7530541871921,4.284855671031986e-09,6.60126346136991e-05
2024-07-15 21:20:00+00:00,561.8,561.74,561.8,61,12,561.7901369863013,3.634550447659643e-08,-7.312407218118544e-05
2024-07-15 21:21:00+00:00,561.81,561.74,561.9,60,1000,561.7490566037736,2.696823719912583e-10,1.3859393973358891e-05
2024-07-15 21:22:00+00:00,561.81,561.74,561.9,60,510,561.7568421052632,4.586438637146598e-08,0.0002141509330422231
2024-07-15 21:23:00+00:00,561.81,561.74,561.9,60,10,561.8771428571429,1.706995624114091e-08,-5.179716211378693e-05
2024-07-15 21:24:00+00:00,561.85,561.75,561.85,100,2,561.8480392156863,2.937966604210487e-08,2.1288290567689216e-05
2024-07-15 21:25:00+00:00,561.89,561.85,561.88,25,50,561.86,1.8875541170611277e-10,1.3738828614773269e-05
2024-07-15 21:26:00+00:00,561.88,561.78,561.88,200,28,561.8677192982456,2.509733454474749e-08,-2.5764169225506173e-05
2024-07-15 21:27:00+00:00,561.88,561.79,561.88,52,22,561.8532432432432,6.653103959015861e-11,8.156656152502606e-06
2024-07-15 21:28:00+00:00,561.88,561.79,561.88,52,17,561.8578260869566,2.5403667242449132e-08,2.7031058336124403e-05
2024-07-15 21:29:00+00:00,561.88,561.79,561.88,202,17,561.8730136986302,1.7389663562172757e-08,-0.00014669767247499355
2024-07-15 21:30:00+00:00,561.88,561.79,561.82,2,100,561.7905882352941,1.5803226631586838e-12,4.2098778241239643e-07
2024-07-15 21:31:00+00:00,561.8,561.79,561.8,8,89,561.790824742268,1.2075905524806806e-13,-3.318751170544587e-07
2024-07-15 21:32:00+00:00,561.8,561.79,561.8,6,88,561.7906382978723,2.7099958883312685e-11,5.538899930934704e-06
2024-07-15 21:33:00+00:00,561.8,561.79,561.8,6,10,561.7937499999999,4.734547802106339e-09,1.2230677205682383e-05
2024-07-15 21:34:00+00:00,561.89,561.8,561.9,1,160,561.8006211180124,4.5934899289880085e-09,6.777528995871585e-05
2024-07-15 21:35:00+00:00,561.89,561.8,561.9,101,160,561.8386973180077,4.4085867058089377e-10,2.056451136023263e-05
2024-07-15 21:36:00+00:00,561.9,561.8,561.9,100,99,561.8502512562814,0.0,0.0
2024-07-15 21:37:00+00:00,561.9,561.8,561.9,100,99,561.8502512562814,1.560451931396745e-08,7.61316273889534e-05
2024-07-15 21:38:00+00:00,561.9,561.81,561.9,500,42,561.8930258302584,6.901592187975239e-08,7.326478932423441e-07
2024-07-15 21:39:00+00:00,561.81,561.81,561.9,50,42,561.8589130434782,5.7982337084154825e-09,-1.6468246404222064e-05
2024-07-15 21:40:00+00:00,561.81,561.81,561.9,197,42,561.8841841004183,1.91086460009898e-09,-2.0497878526537505e-05
2024-07-15 21:41:00+00:00,561.9,561.87,561.9,4,41,561.8726666666666,4.51967529307122e-09,7.795917934760865e-06
2024-07-15 21:42:00+00:00,561.82,561.82,561.9,350,38,561.8921649484536,2.3180275852569358e-08,-1.2541853958381033e-05
2024-07-15 21:43:00+00:00,561.86,561.86,561.92,100,500,561.87,4.5521809233356e-09,4.075811728343481e-06
2024-07-15 21:44:00+00:00,561.82,561.82,561.92,548,500,561.8722900763358,5.8724428808551e-09,-4.290700676967685e-05
2024-07-15 21:45:00+00:00,561.9,561.83,561.85,100,10,561.8481818181818,7.235786304117205e-09,-5.66312802063873e-06
2024-07-15 21:46:00+00:00,561.9,561.83,561.92,100,500,561.845,1.814943519408765e-08,9.195893292024415e-05
2024-07-15 21:47:00+00:00,561.88,561.83,561.9,100,5,561.8966666666666,8.479831698242746e-09,-3.065517794120787e-05
2024-07-15 21:48:00+00:00,561.9,561.85,561.9,116,81,561.8794416243654,1.0667621442513998e-09,2.7977903129805526e-06
2024-07-15 21:49:00+00:00,561.9,561.88,561.92,13,500,561.8810136452242,1.198685220910071e-08,-3.568746100279796e-05
2024-07-15 21:50:00+00:00,561.88,561.85,561.88,57,99,561.8609615384615,1.0490592460185125e-10,-1.1419344562613176e-05
2024-07-15 21:51:00+00:00,561.88,561.84,561.88,56,98,561.8545454545455,4.055292757283019e-09,-7.429939809733277e-05
2024-07-15 21:52:00+00:00,561.83,561.81,561.88,4,96,561.8127999999999,3.4487272201003527e-09,5.519547402554892e-05
2024-07-15 21:53:00+00:00,561.83,561.84,561.92,25,500,561.8438095238096,3.86248991087807e-09,-3.2275603693565635e-05
2024-07-15 21:54:00+00:00,561.82,561.81,561.85,6,60,561.8136363636363,1.5636356850771883e-09,1.3220778119826804e-05
2024-07-15 21:55:00+00:00,561.79,561.79,561.84,50,8,561.8331034482759,9.395119855554814e-09,4.671684612045368e-06
2024-07-15 21:56:00+00:00,561.8,561.8,561.84,92,11,561.8357281553398,1.4582460781982372e-10,-5.670309485283909e-06
2024-07-15 21:57:00+00:00,561.81,561.8,561.84,48,11,561.8325423728812,3.4221082486001566e-10,0.0
2024-07-15 21:58:00+00:00,561.81,561.8,561.84,48,11,561.8325423728812,2.054770779013662e-10,6.854479673856773e-06
2024-07-15 21:59:00+00:00,561.81,561.82,561.84,50,11,561.836393442623,1.4687509324114784e-08,-2.1087968340882668e-05
2024-07-15 22:00:00+00:00,561.82,561.77,561.89,10,12,561.8245454545454,1.274094001882539e-07,0.0002914725488090131
2024-07-15 22:01:00+00:00,562.0,561.96,561.99,500,30,561.9883018867924,4.049477908022461e-08,6.974898423317555e-05
2024-07-15 22:02:00+00:00,562.1,562.02,562.08,100,700,562.0275,1.6922202644058547e-08,8.435562252873119e-05
2024-07-15 22:03:00+00:00,562.05,562.03,562.12,500,502,562.0749101796408,1.926730726198952e-08,-0.00016156983900694755
2024-07-15 22:04:00+00:00,561.96,561.93,562.0,500,147,561.9840958268933,3.58317792455659e-08,0.00014523268438937365
2024-07-15 22:05:00+00:00,562.02,562.02,562.08,1000,200,562.07,1.1236777504514739e-08,3.0057713019226995e-05
2024-07-15 22:06:00+00:00,562.13,562.08,562.14,50,1100,562.0826086956522,2.5074267236304738e-08,-4.447569478038815e-06
2024-07-15 22:07:00+00:00,562.1,562.08,562.12,3,1100,562.0801087941976,1.4479151632443328e-08,0.00012202327907218091
2024-07-15 22:08:00+00:00,562.1,562.09,562.15,1300,50,562.1477777777778,1.112231601631957e-08,-2.1237966946308084e-05
2024-07-15 22:09:00+00:00,562.15,562.13,562.18,250,1600,562.1367567567568,1.2725911997503113e-08,-4.675581801505402e-06
2024-07-15 22:10:00+00:00,562.13,562.13,562.18,45,500,562.1341284403669,2.5308460053739385e-08,9.70304474419148e-05
2024-07-15 22:11:00+00:00,562.14,562.13,562.19,848,30,562.1879498861049,3.198877734263433e-08,-0.00011029375498095018
2024-07-15 22:12:00+00:00,562.13,562.11,562.18,500,1600,562.1266666666667,2.6239317448898586e-08,5.0545783325528504e-05
2024-07-15 22:13:00+00:00,562.18,562.13,562.18,1100,1093,562.1550797993615,2.941196873059552e-08,7.002452970272799e-05
2024-07-15 22:14:00+00:00,562.22,562.17,562.23,1100,1600,562.1944444444445,1.3705837472567195e-08,9.881911161579993e-06
2024-07-15 22:15:00+00:00,562.22,562.19,562.22,250,500,562.2,1.4232209408098653e-08,0.00012165495438942742
2024-07-15 22:16:00+00:00,562.25,562.23,562.27,1100,46,562.2683944153578,2.127889839894334e-08,-1.756438195243959e-05
2024-07-15 22:17:00+00:00,562.29,562.23,562.3,1100,1600,562.2585185185185,6.8516229693268174e-09,7.918948006291338e-05
2024-07-15 22:18:00+00:00,562.26,562.29,562.32,1000,1300,562.3030434782609,1.0097484642452396e-08,8.698346729341111e-06
2024-07-15 22:19:00+00:00,562.32,562.28,562.32,1153,498,562.3079345851,4.423664381359291e-09,-1.707472218726025e-05
2024-07-15 22:20:00+00:00,562.3,562.28,562.3,1100,100,562.2983333333333,3.5563816525273046e-09,-3.329975152999154e-05
2024-07-15 22:21:00+00:00,562.29,562.27,562.28,860,35,562.2796089385475,1.7226600066754312e-09,5.207364783621493e-05
2024-07-15 22:22:00+00:00,562.29,562.29,562.32,850,500,562.3088888888889,5.7250036001134796e-09,7.207622239291389e-05
2024-07-15 22:23:00+00:00,562.34,562.34,562.36,267,300,562.3494179894179,8.773470497238973e-09,3.52468466622291e-05
2024-07-15 22:24:00+00:00,562.34,562.32,562.37,1100,17,562.3692390331244,1.2044314561869604e-08,1.2217288879012855e-05
2024-07-15 22:25:00+00:00,562.37,562.35,562.39,500,266,562.3761096605743,1.0671069778942801e-08,-4.6791584263350394e-05
2024-07-15 22:26:00+00:00,562.35,562.34,562.35,1100,23,562.3497951914514,1.3517887127670978e-08,0.00010459660576844776
2024-07-15 22:27:00+00:00,562.4,562.36,562.42,1300,1100,562.3925,5.973302342415494e-09,-4.100135579276909e-05
2024-07-15 22:28:00+00:00,562.39,562.35,562.41,1600,1100,562.3855555555556,2.751379969430591e-09,6.950267694483259e-06
2024-07-15 22:29:00+00:00,562.37,562.36,562.39,1100,20,562.3894642857142,1.880235011935166e-10,-4.2943645636173144e-06
2024-07-15 22:30:00+00:00,562.37,562.36,562.38,1100,100,562.3783333333333,3.267148470596902e-09,-3.2723632276465686e-05
2024-07-15 22:31:00+00:00,562.37,562.34,562.39,1100,820,562.3686458333334,5.4109804652549674e-09,-0.00010606604832985589
2024-07-15 22:32:00+00:00,562.29,562.29,562.33,995,1100,562.3089976133652,2.6742409555420398e-08,-0.00022154994215251023
2024-07-15 22:33:00+00:00,562.16,562.16,562.22,1098,1600,562.1844180874722,1.078347289826979e-08,2.009340330100251e-05
2024-07-15 22:34:00+00:00,562.23,562.13,562.21,2300,500,562.1957142857143,1.2780850697430593e-08,0.0001651687134882618
2024-07-15 22:35:00+00:00,562.23,562.22,562.3,1100,1600,562.2525925925926,4.410514888475126e-08,-9.527390612851239e-05
2024-07-15 22:36:00+00:00,562.2,562.2,562.26,20,500,562.2023076923077,9.535018948954648e-09,-1.623598738431653e-05
2024-07-15 22:37:00+00:00,562.23,562.18,562.23,1100,99,562.225871559633,5.24339545406392e-09,-6.019322277461825e-05
2024-07-15 22:38:00+00:00,562.23,562.17,562.23,1100,1896,562.1920293724966,4.085226386622681e-09,-7.443786968686084e-05
2024-07-15 22:39:00+00:00,562.19,562.15,562.19,5,1100,562.1501809954751,1.0592521702250989e-08,2.636129103184004e-05
2024-07-15 22:40:00+00:00,562.16,562.14,562.19,1100,1100,562.165,1.0717338530898706e-08,-6.631329974027267e-07
2024-07-15 22:41:00+00:00,562.16,562.14,562.18,801,500,562.1646272098385,4.392236262552523e-09,6.627877459886022e-05
2024-07-15 22:42:00+00:00,562.14,562.15,562.23,1100,596,562.2018867924528,2.014964356894188e-09,4.879747000918755e-05
2024-07-15 22:43:00+00:00,562.23,562.19,562.26,1100,500,562.238125,6.6291436624839095e-09,-5.2591802921386765e-05
2024-07-15 22:44:00+00:00,562.22,562.16,562.2,802,5,562.1997521685254,5.192083072279526e-10,-1.3788993138974526e-05
2024-07-15 22:45:00+00:00,562.2,562.17,562.23,1100,500,562.21125,7.284783051023005e-09,6.789849405874904e-05
2024-07-15 22:46:00+00:00,562.24,562.23,562.24,7,400,562.2301719901719,7.63642169053174e-09,4.3048223012265296e-05
2024-07-15 22:47:00+00:00,562.24,562.22,562.27,1100,500,562.254375,4.793664038370338e-10,-6.669579049489727e-06
2024-07-15 22:48:00+00:00,562.24,562.23,562.26,1100,500,562.250625,8.031192821426796e-10,2.5536948017101935e-05
2024-07-15 22:49:00+00:00,562.23,562.26,562.3,185,1300,562.2649831649832,3.1172052458538494e-09,-2.96120728630056e-05
2024-07-15 22:50:00+00:00,562.26,562.23,562.27,1100,1300,562.2483333333333,1.9315740569217074e-09,-5.0338233259394904e-05
2024-07-15 22:51:00+00:00,562.26,562.22,562.25,1,500,562.2200598802395,2.5325798469198953e-09,5.034076732468584e-05
2024-07-15 22:52:00+00:00,562.26,562.23,562.27,1100,1300,562.2483333333333,2.6825367847877987e-08,-4.8489278412278125e-05
2024-07-15 22:53:00+00:00,562.21,562.18,562.24,1100,507,562.2210703173615,3.813916406420422e-09,0.0
2024-07-15 22:54:00+00:00,562.21,562.18,562.24,1100,507,562.2210703173615,1.1025454991896313e-09,3.320460057265606e-05
2024-07-15 22:55:00+00:00,562.21,562.18,562.24,1600,7,562.239738643435,1.6263688403747627e-08,-7.05374583727103e-05
2024-07-15 22:56:00+00:00,562.24,562.2,562.22,2,500,562.2000796812749,5.8692958394233696e-09,8.351285724517155e-06
2024-07-15 22:57:00+00:00,562.22,562.18,562.22,1100,676,562.2047747747747,3.6146494292323177e-10,-1.333148063864531e-05
2024-07-15 22:58:00+00:00,562.18,562.18,562.2,1118,176,562.1972797527048,6.750636694240895e-10,2.7813926756437013e-05
2024-07-15 22:59:00+00:00,562.18,562.19,562.24,1100,1300,562.2129166666666,1.0428017254012513e-08,-2.7127020721162687e-05
2024-07-15 23:00:00+00:00,562.18,562.19,562.2,1100,335,562.1976655052265,1.3433731012594169e-08,2.6790875211624154e-05
2024-07-15 23:01:00+00:00,562.2,562.21,562.24,50,500,562.2127272727273,3.3851196472336846e-09,8.489183971116532e-06
2024-07-15 23:02:00+00:00,562.21,562.19,562.27,1100,2100,562.2175,1.1343334755801576e-08,-6.83269982648671e-06
2024-07-15 23:03:00+00:00,562.16,562.16,562.24,1100,540,562.2136585365853,3.658587203473527e-12,2.3860384648077826e-06
2024-07-15 23:04:00+00:00,562.16,562.16,562.24,1100,500,562.215,3.813038420831417e-09,-5.804110339890922e-05
2024-07-15 23:05:00+00:00,562.16,562.18,562.21,3,35,562.1823684210526,6.7206149316307835e-09,4.5159427648044925e-05
2024-07-15 23:06:00+00:00,562.16,562.19,562.21,1100,139,562.2077562550444,3.8808442888913376e-09,3.760903040350705e-05
2024-07-15 23:07:00+00:00,562.21,562.21,562.23,1100,64,562.2289003436425,1.1073824825259837e-08,3.720666239259707e-05
2024-07-15 23:08:00+00:00,562.23,562.21,562.25,1100,5,562.249819004525,5.009833278828886e-09,9.214757034969878e-06
2024-07-15 23:09:00+00:00,562.25,562.25,562.26,20,20,562.255,1.033119572341504e-09,-3.260679466310368e-05
2024-07-15 23:10:00+00:00,562.25,562.23,562.25,1,2,562.2366666666667,3.1976369951841127e-09,7.222236295389983e-05
2024-07-15 23:11:00+00:00,562.25,562.25,562.28,200,20,562.2772727272727,5.084480826705578e-09,4.2129961153269946e-05
2024-07-15 23:12:00+00:00,562.28,562.24,562.32,1601,500,562.30096144693,5.0480835591237675e-09,-5.649842275023964e-06
2024-07-15 23:13:00+00:00,562.28,562.25,562.3,1100,51,562.2977845351868,2.866458921230472e-09,-1.1621129171524025e-05
2024-07-15 23:14:00+00:00,562.27,562.25,562.31,1100,500,562.2912499999999,2.4964295729181242e-09,5.1033168464442724e-05
2024-07-15 23:15:00+00:00,562.29,562.26,562.32,1100,1,562.3199455040872,1.2737473951000228e-08,-6.748027415803826e-05
2024-07-15 23:16:00+00:00,562.29,562.26,562.29,1100,400,562.282,3.967765049661231e-09,6.154502053767885e-05
2024-07-15 23:17:00+00:00,562.29,562.28,562.32,1100,102,562.316605657238,3.2393574581280825e-09,-6.516249833277143e-05
2024-07-15 23:18:00+00:00,562.29,562.26,562.28,1100,2,562.2799637023594,5.152837164816033e-10,-3.6168338481967766e-06
2024-07-15 23:19:00+00:00,562.26,562.26,562.31,60,1100,562.2625862068966,2.1977338323079207e-09,2.6738014982985447e-05
2024-07-15 23:20:00+00:00,562.26,562.29,562.31,87,500,562.2929642248722,1.1286406509672312e-08,-5.85181510817101e-05
2024-07-15 23:21:00+00:00,562.26,562.26,562.29,1,500,562.2600598802395,4.003533287395859e-09,1.8790450388328495e-05
2024-07-15 23:22:00+00:00,562.26,562.25,562.28,1100,500,562.270625,7.718549496241226e-10,-3.646905453702498e-05
2024-07-15 23:23:00+00:00,562.27,562.25,562.28,2,500,562.2501195219123,3.039401215137323e-09,7.315334698820841e-05
2024-07-15 23:24:00+00:00,562.25,562.25,562.31,1100,500,562.2912499999999,6.281478509266194e-09,-4.018906995673088e-05
2024-07-15 23:25:00+00:00,562.25,562.25,562.3,952,1600,562.2686520376176,1.971311779109614e-09,1.1937502010228584e-05
2024-07-15 23:26:00+00:00,562.25,562.25,562.31,952,1300,562.2753641207815,1.936340074408573e-09,2.8252845904352952e-05
2024-07-15 23:27:00+00:00,562.28,562.25,562.31,1100,500,562.2912499999999,8.359733129220867e-10,-2.9785947008531544e-05
2024-07-15 23:28:00+00:00,562.25,562.25,562.3,1057,1100,562.274501622624,5.107539267857756e-10,3.150314250999209e-05
2024-07-15 23:29:00+00:00,562.25,562.29,562.31,137,1100,562.2922150363784,4.908486815657013e-10,-1.1666198513893278e-06
2024-07-15 23:30:00+00:00,562.29,562.29,562.32,33,602,562.291559055118,1.1487637383032792e-08,1.056559499468257e-05
2024-07-15 23:31:00+00:00,562.29,562.27,562.31,1100,500,562.2974999999999,9.331477537047815e-16,-3.05474672224193e-08
2024-07-15 23:32:00+00:00,562.29,562.29,562.31,100,501,562.2933277870216,1.1900223738841318e-09,3.888545663754961e-05
2024-07-15 23:33:00+00:00,562.3,562.3,562.32,1098,37,562.3193480176212,2.697573456455107e-09,9.990488391453667e-06
2024-07-15 23:34:00+00:00,562.3,562.3,562.35,1097,1100,562.3249658625399,3.31647268355689e-09,-1.1551070208892789e-05
2024-07-15 23:35:00+00:00,562.3,562.3,562.33,801,500,562.318470407379,1.8048123006363974e-09,2.417959295786254e-05
2024-07-15 23:36:00+00:00,562.33,562.33,562.36,37,500,562.3320670391062,1.4368057038066366e-09,-3.534135696203755e-06
2024-07-15 23:37:00+00:00,562.33,562.33,562.35,2,500,562.3300796812749,9.774736374103022e-13,5.107407672344522e-07
2024-07-15 23:38:00+00:00,562.33,562.33,562.36,26,2100,562.3303668861713,3.5423954214262756e-10,-5.070472530288583e-06
2024-07-15 23:39:00+00:00,562.33,562.3,562.38,1102,2102,562.3275156054931,4.656666480834582e-10,3.099121928396009e-05
2024-07-15 23:40:00+00:00,562.36,562.31,562.36,1100,474,562.3449428208386,0.0,0.0
2024-07-15 23:41:00+00:00,562.36,562.31,562.36,1100,474,562.3449428208386,4.5812892025854424e-10,2.8465265191179867e-05
2024-07-15 23:42:00+00:00,562.36,562.36,562.38,40,802,562.3609501187649,1.8883097003158663e-09,-5.392465241127464e-05
2024-07-15 23:43:00+00:00,562.35,562.31,562.34,1100,500,562.330625,5.978908731584132e-10,2.4451807155267957e-05
2024-07-15 23:44:00+00:00,562.35,562.31,562.36,1100,500,562.344375,3.835547988407185e-09,2.434436878906432e-05
2024-07-15 23:45:00+00:00,562.34,562.31,562.38,1100,502,562.3580649188515,4.001316839703356e-09,-8.539946558938638e-05
2024-07-15 23:46:00+00:00,562.34,562.31,562.32,2,500,562.3100398406375,6.8351739410194925e-09,1.7919238537444926e-08
2024-07-15 23:47:00+00:00,562.34,562.31,562.34,3,1800,562.3100499168053,2.074262796985488e-14,1.2336163801585087e-07
2024-07-15 23:48:00+00:00,562.34,562.31,562.33,3,500,562.3101192842942,1.9596078712371743e-08,-2.4540402285833096e-06
2024-07-15 23:49:00+00:00,562.33,562.29,562.33,1100,1248,562.3087393526405,2.658981745704323e-09,2.669467199956088e-05
2024-07-15 23:50:00+00:00,562.33,562.31,562.33,1100,500,562.32375,1.07216033872194e-08,-0.00010514012641538173
2024-07-15 23:51:00+00:00,562.26,562.24,562.28,801,500,562.2646272098386,6.498651245629935e-09,0.0
2024-07-15 23:52:00+00:00,562.25,562.25,562.29,1100,500,562.2775,2.8665358977819465e-09,3.6562811088769465e-05
2024-07-15 23:53:00+00:00,562.25,562.26,562.3,850,500,562.2851851851852,9.603700373541462e-09,-1.3667771066483425e-05
2024-07-15 23:54:00+00:00,562.28,562.25,562.29,1100,500,562.2775,5.4926208863750464e-09,-6.667083034206378e-05
2024-07-15 23:55:00+00:00,562.28,562.24,562.26,1,1600,562.2400124921924,2.7004403464266583e-09,5.000090207585295e-05
2024-07-15 23:56:00+00:00,562.25,562.22,562.29,1100,500,562.268125,9.427045279267008e-09,-4.712852747723595e-06
2024-07-15 23:57:00+00:00,562.26,562.26,562.27,605,500,562.2654751131222,4.6519495868385156e-09,-1.8185772674539358e-05
2024-07-15 23:58:00+00:00,562.26,562.24,562.28,801,1300,562.255249881009,4.774751820552866e-09,2.873971154970789e-05
2024-07-15 23:59:00+00:00,562.23,562.21,562.23,1026,500,562.2234469200524,9.099864076089645e-09,-9.715540305654802e-05
