ts_recv,price,bid_px_00,ask_px_00,bid_sz_00,ask_sz_00,weighted_mid,rv_60s,ret_60s
2022-07-26 08:01:00+00:00,394.89,394.75,394.82,1300,500,394.80055555555555,9.342449883528069e-08,-0.00034895664776490865
2022-07-26 08:02:00+00:00,394.7,394.68,394.7,400,400,394.69,4.0663539201269634e-08,5.54986493317422e-05
2022-07-26 08:03:00+00:00,394.7,394.7,394.74,125,100,394.72222222222223,5.6852813273186876e-08,-0.00010616543711805537
2022-07-26 08:04:00+00:00,394.7,394.65,394.69,400,400,394.67,2.282335970508802e-08,-7.778061271102032e-05
2022-07-26 08:05:00+00:00,394.65,394.63,394.64,400,30,394.63930232558135,6.430169921976788e-08,3.2584431026716487e-06
2022-07-26 08:06:00+00:00,394.59,394.61,394.65,1300,400,394.6405882352941,8.245551196881026e-08,-0.00011551836443868257
2022-07-26 08:07:00+00:00,394.59,394.56,394.63,1300,1300,394.595,1.135841142458099e-07,-0.00035901789598624667
2022-07-26 08:08:00+00:00,394.52,394.44,394.51,400,1700,394.4533333333333,4.1142528066121326e-08,-2.9328253746019328e-05
2022-07-26 08:09:00+00:00,394.42,394.43,394.48,400,1300,394.44176470588235,1.5024608946107067e-08,0.00013496363438436632
2022-07-26 08:10:00+00:00,394.48,394.47,394.52,400,400,394.495,5.554194357460276e-08,-0.00016295698116763901
2022-07-26 08:11:00+00:00,394.48,394.42,394.45,500,500,394.435,4.1809174947184564e-08,-2.3542066957205066e-05
2022-07-26 08:12:00+00:00,394.42,394.41,394.47,400,1700,394.4214285714286,4.990519367182516e-08,-0.0001420915599006367
2022-07-26 08:13:00+00:00,394.42,394.35,394.4,400,400,394.375,7.928661186139874e-08,-4.0218554872129e-05
2022-07-26 08:14:00+00:00,394.38,394.34,394.39,400,1700,394.3495238095238,4.021845886338646e-08,-0.00010022532585307609
2022-07-26 08:15:00+00:00,394.31,394.28,394.34,400,400,394.31,3.744183905373414e-08,-0.00024911269850991236
2022-07-26 08:16:00+00:00,394.25,394.21,394.25,102,2200,394.21177237185054,3.634218076982617e-08,-2.9699980523489877e-05
2022-07-26 08:17:00+00:00,394.29,394.2,394.21,11,1700,394.200064289889,3.697636810723855e-08,1.4751460672979277e-06
2022-07-26 08:18:00+00:00,394.29,394.2,394.23,11,500,394.2006457925636,4.815727154126572e-08,0.0002900913751839873
2022-07-26 08:19:00+00:00,394.33,394.29,394.34,400,400,394.315,7.31721672647386e-08,0.00018597652469054538
2022-07-26 08:20:00+00:00,394.43,394.38,394.43,100,500,394.3883333333333,6.783350901419519e-08,3.0334813072574462e-05
2022-07-26 08:21:00+00:00,394.43,394.4,394.43,5,500,394.400297029703,5.6758957716556894e-08,0.00010911833473370436
2022-07-26 08:22:00+00:00,394.39,394.43,394.46,400,500,394.4433333333333,4.0841052238688106e-08,-4.55039201627816e-05
2022-07-26 08:23:00+00:00,394.39,394.41,394.46,400,900,394.4253846153846,1.5397027025506102e-08,2.9650806183667555e-05
2022-07-26 08:24:00+00:00,394.46,394.43,394.46,400,1295,394.43707964601776,4.893505681563711e-08,4.6407831087558193e-05
2022-07-26 08:25:00+00:00,394.49,394.44,394.49,400,900,394.4553846153846,4.094882554383677e-08,5.636741974290871e-05
2022-07-26 08:26:00+00:00,394.44,394.47,394.51,400,1700,394.47761904761904,6.973971957279317e-08,0.00019710558670005263
2022-07-26 08:27:00+00:00,394.55,394.54,394.59,400,901,394.55537279016147,2.775564523719153e-08,-5.1634806078948436e-05
2022-07-26 08:28:00+00:00,394.51,394.5,394.57,1300,1300,394.535,8.829902002685686e-09,-1.2673146869257579e-05
2022-07-26 08:29:00+00:00,394.51,394.48,394.53,1300,400,394.51823529411763,1.55306193681816e-08,-5.220290291030327e-05
2022-07-26 08:30:00+00:00,394.51,394.5,394.51,1200,76,394.50940438871476,1.4657897893540084e-08,-9.493606181720793e-05
2022-07-26 08:31:00+00:00,394.5,394.47,394.51,50,975,394.4719512195122,3.8966270544088913e-08,9.082156070872038e-05
2022-07-26 08:32:00+00:00,394.51,394.48,394.53,500,400,394.5077777777778,2.77253165572413e-08,0.00024824987859095593
2022-07-26 08:33:00+00:00,394.64,394.58,394.62,900,500,394.60571428571427,2.7289308202926925e-08,0.00017558213623725116
2022-07-26 08:34:00+00:00,394.64,394.65,394.68,500,100,394.675,5.5824256062552814e-08,-6.334325711032651e-05
2022-07-26 08:35:00+00:00,394.71,394.63,394.67,400,400,394.65,5.227720924619863e-08,-0.00016047974998945058
2022-07-26 08:36:00+00:00,394.6,394.56,394.62,400,500,394.58666666666664,3.240971365608541e-08,-0.00023231060350059618
2022-07-26 08:37:00+00:00,394.6,394.49,394.53,400,1300,394.4994117647059,1.651422989129291e-08,0.0
2022-07-26 08:38:00+00:00,394.53,394.48,394.53,500,1100,394.495625,2.7864236387849286e-08,0.00021546534176608567
2022-07-26 08:39:00+00:00,394.53,394.56,394.6,400,400,394.58,4.2141372094753274e-08,-5.631867358246723e-06
2022-07-26 08:40:00+00:00,394.53,394.55,394.6,500,400,394.5777777777778,3.643562505840824e-08,8.1611900152323e-05
2022-07-26 08:41:00+00:00,394.53,394.59,394.61,1000,1,394.60998001998007,1.855397787866511e-08,-6.330306187096735e-05
2022-07-26 08:42:00+00:00,394.61,394.56,394.61,400,400,394.585,2.1190336276680815e-08,9.232122718438873e-05
2022-07-26 08:43:00+00:00,394.61,394.6,394.66,500,900,394.62142857142857,2.3161665968317145e-08,-6.165858078988062e-05
2022-07-26 08:44:00+00:00,394.61,394.58,394.63,400,1700,394.5895238095238,1.389991039181107e-08,5.804205351145342e-05
2022-07-26 08:45:00+00:00,394.61,394.59,394.65,400,400,394.62,2.9120937254695478e-08,1.2670417110172139e-05
2022-07-26 08:46:00+00:00,394.61,394.6,394.65,400,400,394.625,1.3626184414878102e-08,-5.750347213762108e-05
2022-07-26 08:47:00+00:00,394.61,394.59,394.63,400,900,394.6023076923077,2.714721889237208e-08,-0.00015669320889966087
2022-07-26 08:48:00+00:00,394.62,394.5,394.55,1700,400,394.54047619047617,6.463706238036542e-09,-0.00014314422444439145
2022-07-26 08:49:00+00:00,394.62,394.48,394.5,100,400,394.484,9.184072108110831e-09,0.00013350773837905727
2022-07-26 08:50:00+00:00,394.62,394.52,394.57,450,900,394.5366666666667,4.2271435804683475e-08,9.969500088713446e-05
2022-07-26 08:51:00+00:00,394.57,394.56,394.58,400,100,394.576,4.194865678933682e-08,2.280929402687093e-05
2022-07-26 08:52:00+00:00,394.58,394.56,394.61,400,400,394.585,2.6597353730144164e-08,-1.2671540986053387e-05
2022-07-26 08:53:00+00:00,394.58,394.56,394.6,400,400,394.58,1.227002044888348e-08,5.2177594642710545e-05
2022-07-26 08:54:00+00:00,394.58,394.57,394.61,1300,400,394.60058823529414,1.2667199307466208e-08,0.00011254865306820072
2022-07-26 08:55:00+00:00,394.63,394.62,394.68,400,500,394.64666666666665,2.9265766556748043e-08,9.472045099001569e-05
2022-07-26 08:56:00+00:00,394.7,394.65,394.69,1700,400,394.6823809523809,1.5419460218502632e-08,-8.204306537018535e-05
2022-07-26 08:57:00+00:00,394.68,394.63,394.69,400,400,394.66,1.5217533412666466e-08,-0.00013232540788599145
2022-07-26 08:58:00+00:00,394.62,394.58,394.62,400,500,394.59777777777776,5.631808969728463e-08,-2.8158068131278746e-05
2022-07-26 08:59:00+00:00,394.65,394.55,394.6,400,400,394.575,2.54654649577919e-08,-8.729246919414457e-05
2022-07-26 09:00:00+00:00,394.65,394.53,394.57,400,400,394.55,2.9136202403765417e-08,0.00030414224845598525
2022-07-26 09:01:00+00:00,394.67,394.65,394.69,500,400,394.6722222222222,6.7834836663004465e-09,0.00011261102743476137
2022-07-26 09:02:00+00:00,394.65,394.7,394.72,500,100,394.71666666666664,1.0523537443738274e-08,-1.1822826500029748e-05
2022-07-26 09:03:00+00:00,394.65,394.69,394.72,1300,100,394.71785714285716,1.806053032645282e-08,9.205023747282937e-05
2022-07-26 09:04:00+00:00,394.75,394.74,394.75,500,100,394.74833333333333,7.114108011544768e-08,0.0003886714041796413
2022-07-26 09:05:00+00:00,394.9,394.9,394.92,39,404,394.9017607223476,3.495448479334021e-08,0.00029378713130556733
2022-07-26 09:06:00+00:00,395.0,394.97,395.03,1700,500,395.0163636363636,4.511871165479219e-08,-0.000405045061263154
2022-07-26 09:07:00+00:00,395.0,394.83,394.88,400,500,394.8522222222222,5.765407404965382e-08,6.472091217091247e-05
2022-07-26 09:08:00+00:00,394.8,394.87,394.93,400,1700,394.88142857142856,1.0276362807472831e-07,0.00016038492381720282
2022-07-26 09:09:00+00:00,394.99,394.89,394.96,1700,400,394.94666666666666,7.34621870429901e-08,-0.0003332993206183188
2022-07-26 09:10:00+00:00,394.8,394.8,394.85,400,900,394.81538461538463,2.7523337202759e-08,9.24667190107531e-05
2022-07-26 09:11:00+00:00,394.78,394.85,394.9,500,400,394.8777777777778,4.166414758962322e-08,-0.00030218000360615616
2022-07-26 09:12:00+00:00,394.78,394.71,394.76,400,900,394.7253846153846,4.575836366068597e-08,3.237074922801675e-05
2022-07-26 09:13:00+00:00,394.78,394.72,394.77,400,400,394.745,3.350013531822216e-08,-0.00015102251989351778
2022-07-26 09:14:00+00:00,394.68,394.67,394.71,400,900,394.6823076923077,2.878934954358828e-08,0.00013837701304453276
2022-07-26 09:15:00+00:00,394.7,394.71,394.77,400,400,394.74,3.351363492207356e-08,-7.59993920049773e-05
2022-07-26 09:16:00+00:00,394.7,394.68,394.74,400,400,394.71,2.844248926596706e-08,-3.915417763555862e-05
2022-07-26 09:17:00+00:00,394.68,394.68,394.73,400,1300,394.69176470588235,1.066582330399761e-08,-0.00010701379769284536
2022-07-26 09:18:00+00:00,394.68,394.65,394.66,150,500,394.6523076923077,3.793904705067161e-08,-0.0002085574839002513
2022-07-26 09:19:00+00:00,394.56,394.56,394.58,500,500,394.57,2.4597731384075698e-08,0.00010137618166616846
2022-07-26 09:20:00+00:00,394.63,394.59,394.63,400,400,394.61,2.8205762299344135e-08,5.430316370214072e-05
2022-07-26 09:21:00+00:00,394.63,394.62,394.68,400,1700,394.63142857142856,2.8592769609942045e-08,-2.095797773038477e-05
2022-07-26 09:22:00+00:00,394.66,394.62,394.66,400,1400,394.62888888888887,2.602014713410322e-08,-0.00021951563249689166
2022-07-26 09:23:00+00:00,394.6,394.5,394.56,1401,900,394.53653194263364,2.6732844564467936e-08,9.377450789882502e-05
2022-07-26 09:24:00+00:00,394.6,394.55,394.6,400,450,394.5735294117647,1.6889216599906296e-08,3.680195967681321e-05
2022-07-26 09:25:00+00:00,394.61,394.56,394.61,400,313,394.58805049088363,3.501157926029159e-08,-0.0001412683392377767
2022-07-26 09:26:00+00:00,394.61,394.52,394.56,400,900,394.5323076923077,5.233526188749507e-08,-1.1419218371777617e-05
2022-07-26 09:27:00+00:00,394.53,394.5,394.55,501,400,394.52780244173147,3.2500957456132646e-08,-0.00010144953969282167
2022-07-26 09:28:00+00:00,394.47,394.47,394.51,400,500,394.48777777777775,2.970007460856068e-08,-8.308946341106793e-05
2022-07-26 09:29:00+00:00,394.47,394.41,394.46,400,900,394.4253846153846,6.295149466101604e-08,-9.273287794153706e-05
2022-07-26 09:30:00+00:00,394.41,394.41,394.46,400,500,394.4322222222222,5.6282653769732734e-08,-0.00014797878501759953
2022-07-26 09:31:00+00:00,394.38,394.39,394.43,400,400,394.41,4.858624954289246e-08,-1.1867840543633434e-07
2022-07-26 09:32:00+00:00,394.38,394.36,394.38,1,2200,394.36000908677875,1.7189732545442397e-08,-0.00012129723545828419
2022-07-26 09:33:00+00:00,394.35,394.31,394.36,100,2200,394.31217391304347,2.097178819997335e-08,8.440173703205822e-05
2022-07-26 09:34:00+00:00,394.39,394.32,394.37,400,400,394.345,2.869304463833195e-08,2.3230492592674068e-05
2022-07-26 09:35:00+00:00,394.36,394.33,394.37,400,400,394.35,3.7651834170074315e-08,-8.77773031301432e-05
2022-07-26 09:36:00+00:00,394.3,394.29,394.35,400,400,394.32,7.523006325031092e-08,-2.028809089060779e-05
2022-07-26 09:37:00+00:00,394.34,394.31,394.36,400,400,394.335,3.95018742869498e-08,0.0001861079941380961
2022-07-26 09:38:00+00:00,394.44,394.38,394.43,100,400,394.39,1.770876810202759e-08,0.0001582035360008227
2022-07-26 09:39:00+00:00,394.44,394.43,394.47,400,500,394.4477777777778,3.276831707124889e-08,-8.309788931359918e-05
2022-07-26 09:40:00+00:00,394.47,394.41,394.44,100,500,394.415,5.4940272756068115e-08,0.00012536147064490244
2022-07-26 09:41:00+00:00,394.49,394.42,394.48,100,400,394.432,3.540740378945126e-08,-0.00012534575711642404
2022-07-26 09:42:00+00:00,394.39,394.38,394.45,400,400,394.415,6.455283146641223e-08,0.0003067834641177214
2022-07-26 09:43:00+00:00,394.53,394.52,394.54,400,100,394.536,1.3418359196658035e-08,-4.900271035690462e-05
2022-07-26 09:44:00+00:00,394.53,394.48,394.53,1700,400,394.5204761904762,8.291374374875097e-09,-2.2747730913819098e-05
2022-07-26 09:45:00+00:00,394.53,394.48,394.52,900,400,394.5076923076923,1.6263086367608377e-08,7.6987620340363e-05
2022-07-26 09:46:00+00:00,394.53,394.53,394.54,500,120,394.53806451612905,2.9386216523460497e-08,7.531152079121028e-05
2022-07-26 09:47:00+00:00,394.58,394.55,394.59,400,500,394.5677777777778,6.304912826810504e-08,0.00033003765019934406
2022-07-26 09:48:00+00:00,394.7,394.68,394.7,400,100,394.696,6.935552125003221e-08,0.00010641047079040789
2022-07-26 09:49:00+00:00,394.8,394.72,394.77,400,400,394.745,7.620624881707789e-08,-0.0003039975680194651
2022-07-26 09:50:00+00:00,394.69,394.61,394.66,100,400,394.62,3.586450771695773e-08,0.00030409001064324315
2022-07-26 09:51:00+00:00,394.68,394.73,394.77,900,400,394.7576923076923,3.235710499062856e-08,4.4820154259328504e-05
2022-07-26 09:52:00+00:00,394.75,394.72,394.76,1,900,394.72004439511653,6.550592101758154e-08,-7.55784254912184e-05
2022-07-26 09:53:00+00:00,394.72,394.71,394.75,400,400,394.73,9.277542078999502e-09,-3.257216997609724e-05
2022-07-26 09:54:00+00:00,394.69,394.69,394.74,400,400,394.715,1.4278770305006672e-08,3.800210278304128e-05
2022-07-26 09:55:00+00:00,394.7,394.71,394.75,400,400,394.73,1.2993477832012448e-08,-7.600131735618909e-05
2022-07-26 09:56:00+00:00,394.7,394.67,394.73,400,400,394.7,6.457704563364173e-09,7.600709399557815e-05
2022-07-26 09:57:00+00:00,394.7,394.69,394.74,400,900,394.7053846153846,3.601844865772805e-08,-7.600131735618909e-05
2022-07-26 09:58:00+00:00,394.73,394.67,394.73,400,400,394.7,1.656297291331529e-08,-5.21617311732836e-05
2022-07-26 09:59:00+00:00,394.73,394.67,394.71,400,1300,394.6794117647059,3.115663572081896e-08,2.1196983735594088e-05
2022-07-26 10:00:00+00:00,394.7,394.63,394.69,800,400,394.67,4.486883766410931e-08,-9.376664060112283e-05
2022-07-26 10:01:00+00:00,394.72,394.63,394.69,900,1700,394.65076923076924,3.066526570542769e-08,0.0001500840080614907
2022-07-26 10:02:00+00:00,394.72,394.71,394.77,400,1300,394.72411764705885,1.398807750733383e-08,7.600516835148952e-05
2022-07-26 10:03:00+00:00,394.74,394.72,394.76,400,400,394.74,3.138232825298801e-08,-7.456544121231534e-05
2022-07-26 10:04:00+00:00,394.7,394.71,394.72,30,500,394.7105660377359,2.1157658032231874e-08,-3.4007654590495484e-05
2022-07-26 10:05:00+00:00,394.72,394.68,394.74,400,1000,394.69714285714286,1.5264667074845784e-07,0.0002669316075978312
2022-07-26 10:06:00+00:00,394.78,394.79,394.87,400,1700,394.8052380952381,1.6251688950524027e-07,-0.0006971264688732104
2022-07-26 10:07:00+00:00,394.57,394.51,394.56,400,400,394.535,2.900713330362798e-08,0.00015899350200476725
2022-07-26 10:08:00+00:00,394.58,394.59,394.63,400,400,394.61,5.1670708041070457e-08,5.8483294247402284e-06
2022-07-26 10:09:00+00:00,394.61,394.58,394.62,400,900,394.5923076923077,5.04804842252337e-08,0.00015985340273294568
2022-07-26 10:10:00+00:00,394.61,394.66,394.72,1000,1300,394.68608695652176,6.429167739101112e-08,0.00023940505548170066
2022-07-26 10:11:00+00:00,394.72,394.71,394.75,900,3,394.7498671096346,4.218999424096009e-08,-0.0002067937758019056
2022-07-26 10:12:00+00:00,394.68,394.63,394.68,1300,400,394.66823529411766,4.1005906441809943e-08,-0.00029958148020081676
2022-07-26 10:13:00+00:00,394.52,394.52,394.57,400,400,394.545,3.979057154057712e-08,-1.0862284338442052e-05
2022-07-26 10:14:00+00:00,394.59,394.51,394.56,1000,400,394.54571428571427,2.9855284316376344e-08,-0.0002116156898147592
2022-07-26 10:15:00+00:00,394.47,394.44,394.49,400,500,394.46222222222224,1.9694974412419118e-08,0.000109420853837916
2022-07-26 10:16:00+00:00,394.47,394.49,394.54,400,900,394.5053846153846,3.2143581241165224e-08,-0.00020798520185283387
2022-07-26 10:17:00+00:00,394.45,394.41,394.44,400,500,394.42333333333335,3.865685819767343e-08,-0.0002112181138320679
2022-07-26 10:18:00+00:00,394.32,394.32,394.36,334,1400,394.3277047289504,4.6891356900484664e-08,-0.00020693544459404745
2022-07-26 10:19:00+00:00,394.22,394.27,394.32,400,1296,394.28179245283013,5.1008957472269605e-08,-8.98422221065065e-05
2022-07-26 10:20:00+00:00,394.26,394.22,394.25,100,900,394.223,1.6020129152160494e-07,-3.2937264466625926e-05
2022-07-26 10:21:00+00:00,394.21,394.2,394.22,300,400,394.2085714285714,1.494227729479666e-07,-0.0005536405935840927
2022-07-26 10:22:00+00:00,393.98,393.98,394.06,900,1700,394.0076923076923,1.4342424547282942e-07,-0.0003908379359642833
2022-07-26 10:23:00+00:00,393.88,393.82,393.87,400,400,393.845,1.3245585888861286e-07,7.6173495009213e-05
2022-07-26 10:24:00+00:00,393.83,393.85,393.89,400,500,393.8677777777778,5.9497997466219484e-08,-4.4063626287171864e-05
2022-07-26 10:25:00+00:00,393.82,393.85,393.88,20,400,393.8514285714286,7.482668571413478e-08,3.192292244569295e-05
2022-07-26 10:26:00+00:00,393.9,393.85,393.91,470,1700,393.86299539170506,1.832196294816914e-07,-0.00019379511640194025
2022-07-26 10:27:00+00:00,393.7,393.77,393.81,500,405,393.7920994475138,1.4822186581082327e-07,-0.0002703473906014997
2022-07-26 10:28:00+00:00,393.84,393.68,393.73,5,1200,393.6802074688797,5.827780441055737e-08,0.0004820982297804033
2022-07-26 10:29:00+00:00,393.88,393.85,393.9,400,400,393.875,7.038079357944336e-08,0.0003194346839401341
2022-07-26 10:30:00+00:00,394.0,393.95,394.02,1705,400,394.00669833729216,2.6521257934473374e-07,-4.014189575551885e-05
2022-07-26 10:31:00+00:00,394.1,394.0,394.06,900,1700,394.02076923076925,2.2320712045702344e-07,3.620801303338972e-05
2022-07-26 10:32:00+00:00,393.98,393.94,393.99,5,500,393.940495049505,7.447565639776345e-08,-0.0002353505612108231
2022-07-26 10:33:00+00:00,393.88,393.86,393.91,400,400,393.885,5.4845689282655064e-08,-0.00023168789540894963
2022-07-26 10:34:00+00:00,393.88,393.81,393.86,5,900,393.81027624309394,1.3597623124897834e-07,3.456650731625821e-05
2022-07-26 10:35:00+00:00,393.78,393.78,393.83,400,1700,393.7895238095238,1.268782195627447e-07,-0.00027649132508478225
2022-07-26 10:36:00+00:00,393.72,393.7,393.73,500,500,393.715,1.2538605024035278e-07,1.718173268083767e-05
2022-07-26 10:37:00+00:00,393.71,393.7,393.75,500,400,393.72777777777776,5.7686007806593864e-08,2.0916532576631397e-05
2022-07-26 10:38:00+00:00,393.71,393.71,393.78,350,1300,393.7248484848485,1.0193677740026871e-07,-5.107533108961171e-05
2022-07-26 10:39:00+00:00,393.74,393.69,393.71,401,10,393.7095133819951,1.0268828609860154e-07,0.0001484423554278802
2022-07-26 10:40:00+00:00,393.78,393.76,393.82,100,400,393.772,5.5239575667785275e-08,1.6930428636152683e-05
2022-07-26 10:41:00+00:00,393.76,393.7,393.76,1300,500,393.74333333333334,8.968376811846219e-08,-0.00023399874837870538
2022-07-26 10:42:00+00:00,393.69,393.66,393.7,400,300,393.68285714285713,1.1975306078698126e-07,0.0002471332167732765
2022-07-26 10:43:00+00:00,393.8,393.78,393.81,2,400,393.78014925373134,7.519320184758718e-08,0.00023361666042820417
2022-07-26 10:44:00+00:00,393.86,393.83,393.89,900,500,393.86857142857144,5.2700698795086296e-08,0.00020905236120660753
2022-07-26 10:45:00+00:00,393.95,393.93,393.97,400,5,393.9695061728395,1.1660426343862576e-07,0.0001211801507301491
2022-07-26 10:46:00+00:00,394.04,393.98,394.03,400,500,394.0022222222222,7.427877453634039e-08,0.00031584706234033533
2022-07-26 10:47:00+00:00,394.13,394.09,394.16,400,400,394.125,1.1153913313245648e-07,-0.0002211036819199652
2022-07-26 10:48:00+00:00,394.04,394.03,394.08,400,1700,394.0395238095238,3.944912175324208e-08,0.00017885563812192196
2022-07-26 10:49:00+00:00,394.04,394.1,394.15,500,400,394.1277777777778,2.0666739746818986e-08,-3.101221035306523e-05
2022-07-26 10:50:00+00:00,394.1,394.07,394.12,500,400,394.09777777777776,1.0784591029572381e-07,-0.0002690019530006138
2022-07-26 10:51:00+00:00,393.96,393.96,394.01,400,900,393.9753846153846,9.440853478397329e-08,0.00014774503059000743
2022-07-26 10:52:00+00:00,394.05,394.0,394.05,1300,400,394.03823529411767,1.013126850080736e-07,0.00024114953637899283
2022-07-26 10:53:00+00:00,394.14,394.12,394.15,500,100,394.145,4.947870119435447e-08,9.431287724637194e-05
2022-07-26 10:54:00+00:00,394.18,394.16,394.2,500,402,394.1821729490022,7.255102762543369e-08,0.00019864734340502288
2022-07-26 10:55:00+00:00,394.27,394.24,394.27,7,400,394.240515970516,5.3481360938838775e-08,-0.00013817309562080826
2022-07-26 10:56:00+00:00,394.22,394.19,394.21,400,100,394.206,2.6158717781237078e-08,-0.00021252283774930714
2022-07-26 10:57:00+00:00,394.17,394.12,394.17,500,400,394.1477777777778,8.373391280676569e-08,-5.51758579443451e-05
2022-07-26 10:58:00+00:00,394.14,394.09,394.14,500,500,394.115,3.7895390287380294e-08,-7.707811722457159e-05
2022-07-26 10:59:00+00:00,394.14,394.07,394.1,1,300,394.0700996677741,8.59888518328579e-08,0.00011393996211261914
2022-07-26 11:00:00+00:00,394.13,394.11,394.17,900,900,394.14,4.1037224875454133e-07,-2.6782932787572378e-05
2022-07-26 11:01:00+00:00,394.07,394.05,394.12,1400,400,394.1044444444444,1.563026285752448e-07,0.0003556695240232166
2022-07-26 11:02:00+00:00,394.21,394.22,394.26,400,400,394.24,6.034368600973585e-08,-0.0001887568700656983
2022-07-26 11:03:00+00:00,394.14,394.17,394.21,2,400,394.17019900497513,4.049069654772074e-08,0.00034634004072331415
2022-07-26 11:04:00+00:00,394.31,394.29,394.31,509,100,394.3067159277504,3.98037211028128e-08,-7.620783484008076e-05
2022-07-26 11:05:00+00:00,394.24,394.26,394.29,500,400,394.27666666666664,4.22206418831609e-08,-5.072580167897467e-05
2022-07-26 11:06:00+00:00,394.21,394.23,394.26,1300,100,394.2578571428571,3.2900954471832295e-08,2.8182430509282597e-06
2022-07-26 11:07:00+00:00,394.29,394.23,394.28,500,400,394.2577777777778,5.4471802146280694e-08,8.062603049374673e-05
2022-07-26 11:08:00+00:00,394.25,394.24,394.3,1900,400,394.2895652173913,7.848494611326647e-08,-0.0001338701625714922
2022-07-26 11:09:00+00:00,394.21,394.2,394.24,400,35,394.2367816091954,7.843211293095592e-08,-0.0002708565364184512
2022-07-26 11:10:00+00:00,394.13,394.08,394.13,1700,400,394.1204761904762,5.459479825819034e-08,-0.00011417552584180868
2022-07-26 11:11:00+00:00,394.05,394.04,394.1,900,400,394.08153846153846,3.6670857705417015e-08,-0.00033510238534684156
2022-07-26 11:12:00+00:00,393.96,393.93,393.96,1300,400,393.9529411764706,7.928944569529789e-08,-0.0003741198643545385
2022-07-26 11:13:00+00:00,393.81,393.81,393.85,400,400,393.83,8.407073225819231e-08,0.0002099506657426975
2022-07-26 11:14:00+00:00,393.92,393.82,393.87,400,400,393.845,1.3038805530857135e-07,0.00011648571556577281
2022-07-26 11:15:00+00:00,393.92,393.92,393.98,400,1300,393.9341176470588,4.16321588452144e-08,-4.901823397884808e-05
2022-07-26 11:16:00+00:00,393.92,393.91,393.94,100,524,393.91480769230776,8.94955966520386e-08,0.00025858122713295906
2022-07-26 11:17:00+00:00,394.05,394.01,394.04,100,500,394.015,5.844548162622372e-08,6.5075992490282175e-06
2022-07-26 11:18:00+00:00,394.02,393.98,394.01,100,500,393.985,1.1192435900208906e-07,-0.00044119710576406845
2022-07-26 11:19:00+00:00,393.85,393.83,393.85,400,236,393.8425786163522,6.385331535166792e-08,-3.530890631431305e-06
2022-07-26 11:20:00+00:00,393.8,393.82,393.85,400,100,393.844,6.287009891751099e-08,0.00023321574635293274
2022-07-26 11:21:00+00:00,393.96,393.93,393.96,94,388,393.93585062240663,5.385046502852358e-08,0.00021255172396816846
2022-07-26 11:22:00+00:00,394.0,393.99,394.02,900,24,394.0192207792208,3.9804669589639336e-08,-0.00012583731572801682
2022-07-26 11:23:00+00:00,393.93,393.94,394.0,400,400,393.97,3.972980706666688e-08,-0.00011587728485185078
2022-07-26 11:24:00+00:00,393.93,393.86,393.92,1800,900,393.9,5.254849486043477e-08,-4.2064036916311665e-05
2022-07-26 11:25:00+00:00,393.92,393.88,393.93,500,400,393.90777777777777,8.908018053089178e-08,9.449476329770334e-05
2022-07-26 11:26:00+00:00,393.93,393.92,393.98,400,501,393.94663706992236,1.0743990745223422e-07,0.0003673176973868486
2022-07-26 11:27:00+00:00,394.04,394.06,394.09,900,5,394.0898342541436,2.70499897640923e-08,0.00016065375205087662
2022-07-26 11:28:00+00:00,394.1,394.16,394.18,500,69,394.1775746924429,5.209498482993553e-08,9.294918896052273e-05
2022-07-26 11:29:00+00:00,394.19,394.18,394.2,1300,100,394.1985714285714,9.584532037731744e-08,-0.00012470478482928815
2022-07-26 11:30:00+00:00,394.2,394.14,394.18,5,400,394.14049382716047,6.113822129665952e-08,0.0005059272653762381
2022-07-26 11:31:00+00:00,394.33,394.3,394.34,400,1,394.3399002493765,5.794434589783222e-08,-0.00024488243766884743
2022-07-26 11:32:00+00:00,394.22,394.24,394.26,400,2000,394.24333333333334,1.8246749853710777e-08,-8.6218258348425e-05
2022-07-26 11:33:00+00:00,394.23,394.21,394.24,500,634,394.2232275132275,2.9549911510751832e-08,7.334297991157257e-05
2022-07-26 11:34:00+00:00,394.2,394.21,394.24,1700,105,394.23825484764546,1.0156580688314173e-08,-2.563812985800773e-06
2022-07-26 11:35:00+00:00,394.24,394.19,394.24,1900,5,394.2398687664042,2.7496229782505832e-08,-0.00011522481285175523
2022-07-26 11:36:00+00:00,394.21,394.19,394.21,40,400,394.1918181818182,5.840652907156474e-08,-3.1188806381310386e-05
2022-07-26 11:37:00+00:00,394.23,394.17,394.22,400,1700,394.1795238095238,3.4561894068806996e-08,0.0001128680519810743
2022-07-26 11:38:00+00:00,394.24,394.19,394.25,400,1,394.24985037406486,1.975050584951675e-08,6.566422156084606e-05
2022-07-26 11:39:00+00:00,394.25,394.24,394.29,400,1400,394.25111111111113,4.0163693948508e-08,1.7443025646324273e-05
2022-07-26 11:40:00+00:00,394.28,394.24,394.29,105,1000,394.24475113122173,1.8767898710516307e-08,1.3810323363783183e-05
2022-07-26 11:41:00+00:00,394.27,394.24,394.29,400,500,394.26222222222225,4.382546877639e-08,-0.00020854704708661576
2022-07-26 11:42:00+00:00,394.17,394.15,394.19,600,900,394.166,3.22464210570242e-08,-0.0002508724158731823
2022-07-26 11:43:00+00:00,394.1,394.09,394.13,400,400,394.11,6.144454009750755e-08,0.00016635041291546138
2022-07-26 11:44:00+00:00,394.11,394.13,394.15,900,100,394.148,2.616612426681046e-08,4.9282146718399034e-05
2022-07-26 11:45:00+00:00,394.15,394.13,394.16,500,501,394.144985014985,4.918878720758439e-08,0.00021480207522195371
2022-07-26 11:46:00+00:00,394.25,394.23,394.27,900,400,394.2576923076923,5.85722304790016e-08,-9.774624851277558e-05
2022-07-26 11:47:00+00:00,394.26,394.19,394.24,400,500,394.21222222222224,3.6227396601018506e-08,2.3353789373681266e-05
2022-07-26 11:48:00+00:00,394.24,394.21,394.27,900,400,394.2515384615385,2.4522738516849757e-08,-5.1159236320597046e-06
2022-07-26 11:49:00+00:00,394.21,394.23,394.27,400,1300,394.2394117647059,8.080974498636229e-08,0.00030570139046948164
2022-07-26 11:50:00+00:00,394.31,394.31,394.34,400,1,394.3399251870324,4.434973349067112e-08,0.00016502212637159452
2022-07-26 11:51:00+00:00,394.41,394.42,394.43,100,100,394.425,7.231642937394131e-08,-5.070929628170351e-05
2022-07-26 11:52:00+00:00,394.38,394.38,394.41,100,500,394.385,2.01363180467281e-08,-0.00024742483908180013
2022-07-26 11:53:00+00:00,394.3,394.26,394.31,1700,1400,394.28741935483873,2.4472085447731554e-08,-0.00010758485499773318
2022-07-26 11:54:00+00:00,394.26,394.23,394.26,100,1100,394.2325,8.427062427074401e-08,0.0
2022-07-26 11:55:00+00:00,394.23,394.22,394.26,600,100,394.2542857142857,6.44094051399963e-08,-0.0002003830105644644
2022-07-26 11:56:00+00:00,394.17,394.15,394.17,400,100,394.166,9.37257877368679e-08,-0.0002640898456366392
2022-07-26 11:57:00+00:00,394.06,394.06,394.1,45,1000,394.0617224880383,4.658734954480786e-08,-0.00010114291346641213
2022-07-26 11:58:00+00:00,394.02,394.01,394.04,100,149,394.022048192771,6.47742579662455e-08,9.231173744561616e-05
2022-07-26 11:59:00+00:00,394.04,394.03,394.09,900,1000,394.05842105263156,3.3298717848722e-08,-0.00019439470576143592
2022-07-26 12:00:00+00:00,394.01,393.96,394.0,1100,500,393.9875,7.550225749064284e-08,9.814430143273434e-05
2022-07-26 12:01:00+00:00,394.01,393.98,394.03,1702,400,394.0204852521408,7.274470513300864e-08,0.00010043799644932072
2022-07-26 12:02:00+00:00,394.09,394.06,394.09,2,1000,394.0600598802395,7.643660785085037e-08,-0.00014042950212755922
2022-07-26 12:03:00+00:00,394.01,393.97,394.01,500,76,394.0047222222222,4.8076505661244964e-08,0.00017836785656122345
2022-07-26 12:04:00+00:00,394.02,394.05,394.08,500,100,394.075,6.955063625774024e-08,8.955468409799217e-05
2022-07-26 12:05:00+00:00,394.09,394.11,394.12,12,400,394.11029126213595,3.1065439277558785e-08,0.00036717827743260045
2022-07-26 12:06:00+00:00,394.25,394.24,394.27,100,1100,394.2425,2.724686156233826e-08,-9.036029980591387e-05
2022-07-26 12:07:00+00:00,394.24,394.21,394.25,500,1100,394.2225,1.0346026148191981e-07,0.00014102246753777692
2022-07-26 12:08:00+00:00,394.27,394.25,394.29,500,301,394.2749687890137,4.888107571781849e-08,-0.00017889948948524026
2022-07-26 12:09:00+00:00,394.2,394.2,394.21,876,1100,394.20443319838057,6.137360828358258e-08,2.680538504762353e-05
2022-07-26 12:10:00+00:00,394.2,394.19,394.22,500,100,394.215,5.1525896561117764e-08,2.1907749924388042e-05
2022-07-26 12:11:00+00:00,394.25,394.23,394.26,100,500,394.235,2.293733865409042e-08,0.00014772994562384234
2022-07-26 12:12:00+00:00,394.32,394.27,394.3,100,500,394.275,3.16146700374261e-08,-0.00014606120485327612
2022-07-26 12:13:00+00:00,394.24,394.22,394.25,100,600,394.2242857142857,4.688581226626771e-08,-0.00013136104538025162
2022-07-26 12:14:00+00:00,394.26,394.17,394.21,100,1500,394.1725,4.76607063444963e-08,3.058569726932525e-05
2022-07-26 12:15:00+00:00,394.19,394.17,394.19,100,187,394.176968641115,3.980926593876926e-08,-8.686198464169514e-06
2022-07-26 12:16:00+00:00,394.19,394.18,394.2,30,500,394.1811320754717,5.7196887886090245e-08,-0.0003534607642428078
2022-07-26 12:17:00+00:00,394.04,394.04,394.07,32,500,394.0418045112782,5.8862078559483386e-08,-0.0002709230470104851
2022-07-26 12:18:00+00:00,393.97,393.92,393.94,500,100,393.93666666666667,5.566772192447813e-08,-0.0001649345931268309
2022-07-26 12:19:00+00:00,393.87,393.86,393.88,1,1753,393.8600114025086,7.858681025784027e-08,-2.303001359016399e-05
2022-07-26 12:20:00+00:00,393.86,393.86,393.89,152,1000,393.86395833333336,1.0059359319072219e-07,2.6496386438701336e-05
2022-07-26 12:21:00+00:00,393.88,393.86,393.89,1700,100,393.8883333333333,4.230947650281506e-08,0.000384228745654136
2022-07-26 12:22:00+00:00,394.02,394.02,394.07,100,1700,394.0227777777778,4.377295468810266e-08,0.00018329453598986412
2022-07-26 12:23:00+00:00,394.12,394.07,394.11,500,400,394.09222222222223,8.956959275504305e-08,-1.2687296210400767e-05
2022-07-26 12:24:00+00:00,394.07,394.07,394.1,500,600,394.08363636363634,7.329167646156165e-08,0.00024876902021775393
2022-07-26 12:25:00+00:00,394.17,394.16,394.19,100,1035,394.1626431718062,6.127271828988497e-08,6.358910652060068e-05
2022-07-26 12:26:00+00:00,394.22,394.19,394.2,335,1200,394.19218241042347,3.969894699839123e-08,-1.3308297904912614e-05
2022-07-26 12:27:00+00:00,394.25,394.16,394.2,1402,100,394.1973368841545,4.989266526299112e-08,0.00017032348779011386
2022-07-26 12:28:00+00:00,394.32,394.26,394.29,600,200,394.2825,5.965349740022216e-08,-0.00012681504026368362
2022-07-26 12:29:00+00:00,394.24,394.2,394.23,500,100,394.225,3.3227424558808957e-08,-6.341556217903666e-05
2022-07-26 12:30:00+00:00,394.2,394.18,394.22,200,200,394.2,3.6769617697872614e-08,0.00029844510102372546
2022-07-26 12:31:00+00:00,394.29,394.28,394.32,1600,100,394.3176470588235,7.57336522624341e-08,-7.011367365805654e-05
2022-07-26 12:32:00+00:00,394.31,394.27,394.3,200,100,394.29,5.1671334197823626e-08,0.0
2022-07-26 12:33:00+00:00,394.31,394.27,394.3,200,100,394.29,4.1270228530085307e-08,-6.826775528956386e-05
2022-07-26 12:34:00+00:00,394.22,394.23,394.27,600,230,394.2589156626506,3.070954128608493e-08,0.00021007361229119503
2022-07-26 12:35:00+00:00,394.34,394.31,394.35,1930,220,394.3459069767442,8.391441375723432e-08,0.00013717150932412991
2022-07-26 12:36:00+00:00,394.4,394.38,394.42,1999,200,394.4163619827195,1.5101456454343192e-07,0.0001562456318009442
2022-07-26 12:37:00+00:00,394.46,394.45,394.48,100,600,394.45428571428573,9.544248961698316e-08,-0.00025373933625127965
2022-07-26 12:38:00+00:00,394.36,394.35,394.38,316,506,394.3615328467153,9.656255730088518e-08,3.069142376466161e-05
2022-07-26 12:39:00+00:00,394.37,394.33,394.38,1800,600,394.3675,8.235817860939526e-08,-3.095488917659317e-05
2022-07-26 12:40:00+00:00,394.36,394.35,394.39,200,500,394.3614285714286,9.264837036462479e-08,-0.00018112463910913146
2022-07-26 12:41:00+00:00,394.21,394.27,394.31,200,400,394.28333333333336,3.161087658517762e-08,-0.00014689591817274028
2022-07-26 12:42:00+00:00,394.2,394.19,394.23,700,100,394.225,2.1655120759113412e-08,2.9189349136427012e-05
2022-07-26 12:43:00+00:00,394.2,394.21,394.25,1100,220,394.24333333333334,8.291864857026914e-08,-0.0002446328414831278
2022-07-26 12:44:00+00:00,394.15,394.14,394.15,100,34,394.14746268656717,2.9095996067039726e-08,-0.00024259324251574288
2022-07-26 12:45:00+00:00,394.05,394.05,394.06,18,600,394.0502912621359,5.302573056845328e-08,-0.0002449563508859498
2022-07-26 12:46:00+00:00,394.03,393.92,393.96,100,100,393.94,1.1788277487661061e-07,2.8405468113223975e-05
2022-07-26 12:47:00+00:00,393.96,393.92,393.95,1,100,393.92029702970297,1.0770258058164931e-07,-0.00020789794628250924
2022-07-26 12:48:00+00:00,393.9,393.88,393.91,100,600,393.88428571428574,9.565954037896337e-08,-0.0004157893567039439
2022-07-26 12:49:00+00:00,393.71,393.72,393.74,150,500,393.7246153846154,6.861248868959541e-08,3.60116810025346e-05
2022-07-26 12:50:00+00:00,393.74,393.72,393.75,100,100,393.735,1.633885696861941e-07,-7.110461263792889e-05
2022-07-26 12:51:00+00:00,393.7,393.65,393.69,600,600,393.67,1.1857752833544637e-07,0.00031123617015360594
2022-07-26 12:52:00+00:00,393.83,393.82,393.84,700,700,393.83,1.6515606439536633e-07,-1.0074446044283647e-05
2022-07-26 12:53:00+00:00,393.85,393.82,393.85,100,570,393.8244776119403,4.777632907751267e-08,2.2910049798818832e-05
2022-07-26 12:54:00+00:00,393.9,393.83,393.85,100,500,393.8333333333333,2.6114000208413798e-08,-7.573102564761847e-05
2022-07-26 12:55:00+00:00,393.81,393.8,393.84,251,2000,393.8044602398934,3.5241564352401763e-08,0.0002045171353761699
2022-07-26 12:56:00+00:00,393.9,393.87,393.9,200,100,393.89,2.908963360969106e-08,-0.00010215696266191454
2022-07-26 12:57:00+00:00,393.87,393.85,393.89,100,1900,393.852,2.883582522640901e-08,2.8534327037199603e-05
2022-07-26 12:58:00+00:00,393.85,393.84,393.88,100,200,393.85333333333335,4.882722799705214e-08,-0.00015487894052645945
2022-07-26 12:59:00+00:00,393.77,393.77,393.81,1100,600,393.7958823529412,5.248397468881609e-08,0.00047220604871145433
2022-07-26 13:00:00+00:00,393.97,393.97,394.0,3,500,393.97017892644135,3.142468518562912e-06,-0.0002181637981047979
2022-07-26 13:01:00+00:00,393.89,393.85,393.91,1600,700,393.89173913043476,4.2101622476441887e-07,0.00020264100104960825
2022-07-26 13:02:00+00:00,393.98,393.96,393.99,100,130,393.9730434782608,2.356613075008671e-07,-0.00048180560741584166
2022-07-26 13:03:00+00:00,393.81,393.77,393.81,300,480,393.7853846153846,1.5907478688406505e-07,0.00021585382886590843
2022-07-26 13:04:00+00:00,393.85,393.85,393.88,300,600,393.86,1.7681910496884473e-07,0.0006318529579005805
2022-07-26 13:05:00+00:00,394.1,394.1,394.12,1054,84,394.1185237258348,1.8541430494869878e-07,6.449269960429049e-05
2022-07-26 13:06:00+00:00,394.17,394.14,394.17,100,100,394.155,1.7938660719594293e-07,-0.00018847340169125815
2022-07-26 13:07:00+00:00,394.05,394.07,394.1,100,1100,394.0725,9.634076985335331e-08,-0.00010558741545307893
2022-07-26 13:08:00+00:00,394.03,393.98,394.03,100,117,394.00304147465437,1.159183467945572e-07,-0.00026662503569319096
2022-07-26 13:09:00+00:00,393.89,393.88,393.91,100,100,393.895,1.0146447025467284e-07,-0.00032578251267167957
2022-07-26 13:10:00+00:00,393.82,393.78,393.81,100,600,393.7842857142857,8.37679782138475e-08,-4.091243187731575e-05
2022-07-26 13:11:00+00:00,393.75,393.79,393.83,700,1400,393.80333333333334,3.278531013454771e-07,-0.000201278589319287
2022-07-26 13:12:00+00:00,393.67,393.66,393.69,200,215,393.67445783132536,9.530749068543828e-08,-0.0005542580523090201
2022-07-26 13:13:00+00:00,393.51,393.48,393.53,100,100,393.505,9.308271212638531e-08,7.787407081538689e-05
2022-07-26 13:14:00+00:00,393.54,393.51,393.54,100,356,393.51657894736843,1.136252291818861e-07,5.067077338694048e-05
2022-07-26 13:15:00+00:00,393.54,393.5,393.53,200,1000,393.505,8.483329761547215e-08,-0.00022530992820568585
2022-07-26 13:16:00+00:00,393.5,393.44,393.47,200,1500,393.4435294117647,5.2270790502961366e-08,2.38762195163833e-05
2022-07-26 13:17:00+00:00,393.44,393.42,393.45,800,100,393.44666666666666,4.921832404909431e-08,-0.00013059801647818947
2022-07-26 13:18:00+00:00,393.39,393.38,393.4,2712,1000,393.39461206896556,7.942082713483397e-08,-4.236294109949412e-07
2022-07-26 13:19:00+00:00,393.42,393.4,393.42,100,1600,393.4011764705882,8.783039082945967e-08,0.00018143268229997567
2022-07-26 13:20:00+00:00,393.48,393.45,393.49,200,339,393.46484230055654,5.25729277727457e-08,-1.3645685403518293e-05
2022-07-26 13:21:00+00:00,393.47,393.45,393.47,610,100,393.4671830985916,4.384071779128182e-08,0.00024510326135640526
2022-07-26 13:22:00+00:00,393.57,393.56,393.58,100,200,393.56666666666666,4.105616937295911e-08,7.3831447897632074e-06
2022-07-26 13:23:00+00:00,393.57,393.55,393.57,600,126,393.5665289256198,3.4566446542134944e-08,5.163139635921965e-05
2022-07-26 13:24:00+00:00,393.6,393.58,393.61,200,76,393.6017391304348,8.392437981167848e-08,-0.00039842797025035903
2022-07-26 13:25:00+00:00,393.47,393.44,393.47,200,84,393.46112676056333,1.1672075851313693e-07,4.725774367608793e-06
2022-07-26 13:26:00+00:00,393.43,393.43,393.44,101,500,393.4316805324459,1.101118408008325e-07,9.685903348066738e-05
2022-07-26 13:27:00+00:00,393.47,393.47,393.51,550,100,393.50384615384615,1.2287623121420983e-07,-0.00048057262076128815
2022-07-26 13:28:00+00:00,393.28,393.27,393.28,100,500,393.27166666666665,9.289071795098454e-08,6.337516479471006e-05
2022-07-26 13:29:00+00:00,393.3,393.31,393.32,100,100,393.315,2.5808458354665796e-07,0.0014852733347880953
2022-07-26 13:30:00+00:00,393.85,393.84,393.89,200,1300,393.8466666666667,9.356623529324035e-07,-0.0002157962883038156
2022-07-26 13:31:00+00:00,393.88,393.89,393.92,700,100,393.91625,1.7463083719216444e-06,0.0004703093468627628
2022-07-26 13:32:00+00:00,394.04,394.04,394.06,100,300,394.045,8.296124066390027e-07,-0.001447269900670567
2022-07-26 13:33:00+00:00,393.39,393.38,393.4,125,100,393.3911111111111,6.478861970004931e-07,-0.0008310871133517805
2022-07-26 13:34:00+00:00,393.12,393.1,393.13,100,100,393.115,4.701230429519978e-07,0.00019579663218372012
2022-07-26 13:35:00+00:00,393.15,393.14,393.16,125,100,393.1511111111111,4.4959446980023914e-07,0.0006782477469458037
2022-07-26 13:36:00+00:00,393.45,393.47,393.49,406,500,393.4789624724062,7.495051508668837e-07,-0.0006157117784570953
2022-07-26 13:37:00+00:00,393.15,393.13,393.15,15,100,393.13260869565215,5.361264671741954e-07,0.00014159133448843342
2022-07-26 13:38:00+00:00,393.25,393.26,393.28,100,22,393.276393442623,4.295406915139554e-07,0.00015868781885819416
2022-07-26 13:39:00+00:00,393.33,393.31,393.34,209,300,393.32231827111985,6.99693113397246e-07,0.0008422056252979093
2022-07-26 13:40:00+00:00,393.6,393.58,393.61,400,260,393.5981818181818,6.607051887231401e-07,0.0003842306654175953
2022-07-26 13:41:00+00:00,393.72,393.7,393.72,100,100,393.71,3.5144686456393923e-07,-0.0005907452071101105
2022-07-26 13:42:00+00:00,393.58,393.57,393.59,100,610,393.5728169014084,2.7559316726543063e-07,3.3669081411780155e-07
2022-07-26 13:43:00+00:00,393.56,393.53,393.54,500,300,393.53625,3.9975276282119387e-07,-0.0006532942792064622
2022-07-26 13:44:00+00:00,393.3,393.29,393.32,100,411,393.2958708414873,2.726832608605518e-07,-0.00038591211192051667
2022-07-26 13:45:00+00:00,393.15,393.13,393.15,20,612,393.1306329113924,3.704237812080315e-07,-0.0008570184403516867
2022-07-26 13:46:00+00:00,392.81,392.8,392.82,151,322,392.8063847780127,3.043097370053028e-07,0.0007212864355721216
2022-07-26 13:47:00+00:00,393.1,393.08,393.1,100,500,393.0833333333333,2.6295908764099366e-07,-0.0004079370782662517
2022-07-26 13:48:00+00:00,392.97,392.97,392.98,100,1,392.979900990099,2.8039872514369065e-07,-0.0008185479443792998
2022-07-26 13:49:00+00:00,392.68,392.67,392.69,100,200,392.6766666666667,2.839650361289582e-07,0.0006820420625679446
2022-07-26 13:50:00+00:00,392.88,392.88,392.91,911,100,392.9070326409496,5.215879863041471e-07,0.0012922660535112929
2022-07-26 13:51:00+00:00,393.37,393.36,393.38,100,500,393.36333333333334,3.145131850570855e-07,0.0003220189184816036
2022-07-26 13:52:00+00:00,393.55,393.55,393.58,100,210,393.55967741935484,2.0712169851432837e-07,-0.0006621254236748308
2022-07-26 13:53:00+00:00,393.28,393.25,393.27,100,200,393.25666666666666,2.654325435975968e-07,0.0005399380627710837
2022-07-26 13:54:00+00:00,393.46,393.46,393.49,700,110,393.48592592592587,2.1242727476538407e-07,-0.000563087310195276
2022-07-26 13:55:00+00:00,393.25,393.24,393.26,500,100,393.25666666666666,2.2522537410248036e-07,-0.00041633903859095156
2022-07-26 13:56:00+00:00,393.09,393.08,393.1,300,700,393.086,4.2559622866034045e-07,0.0005840527110223537
2022-07-26 13:57:00+00:00,393.3,393.29,393.32,600,103,393.31560455192033,2.490917046814922e-07,-0.0005449868643389033
2022-07-26 13:58:00+00:00,393.11,393.1,393.12,200,111,393.1128617363344,1.5467837464046227e-07,9.692700542340837e-05
2022-07-26 13:59:00+00:00,393.1,393.09,393.1,100,99,393.0950251256282,1.1872047142617005e-07,0.00033067100778350067
2022-07-26 14:00:00+00:00,393.25,393.23,393.26,200,300,393.242,1.1915983015467225e-06,-0.0013726385431462873
2022-07-26 14:01:00+00:00,392.72,392.7,392.74,931,764,392.7219705014749,7.172406238701839e-07,0.0002409623255754667
2022-07-26 14:02:00+00:00,392.84,392.82,392.85,311,300,392.83527004909985,5.48508008386402e-07,0.00028049241646144196
2022-07-26 14:03:00+00:00,392.96,392.93,392.96,108,600,392.9345762711864,1.7398149072862005e-07,0.0004447052559333198
2022-07-26 14:04:00+00:00,393.1,393.09,393.12,100,108,393.10442307692307,7.249375523206147e-07,0.0010695684105508363
2022-07-26 14:05:00+00:00,393.5,393.49,393.51,100,1,393.509801980198,3.579217505686345e-07,-8.50464369224202e-05
2022-07-26 14:06:00+00:00,393.5,393.49,393.5,244,700,393.4925847457627,3.3862306249627257e-07,0.00020314524111286758
2022-07-26 14:07:00+00:00,393.57,393.55,393.57,1,100,393.550198019802,3.872947838505047e-07,9.558251493335668e-05
2022-07-26 14:08:00+00:00,393.6,393.58,393.61,100,727,393.5836275695284,2.7007272309730864e-07,-0.00043934736973427757
2022-07-26 14:09:00+00:00,393.43,393.44,393.46,12,200,393.4411320754717,2.661853808306203e-07,-0.0002442273917258042
2022-07-26 14:10:00+00:00,393.36,393.36,393.38,6,900,393.36013245033115,2.3674318094192976e-07,0.0005395688266367493
2022-07-26 14:11:00+00:00,393.55,393.53,393.56,100,705,393.5337267080745,2.73596799156891e-07,-0.0002985586604244972
2022-07-26 14:12:00+00:00,393.42,393.41,393.43,100,100,393.42,2.6188492374537844e-07,-0.0003990443269621391
2022-07-26 14:13:00+00:00,393.3,393.29,393.31,100,500,393.29333333333335,3.2120919906025375e-07,-0.001006545268565251
2022-07-26 14:14:00+00:00,392.88,392.89,392.9,100,50,392.89666666666665,1.90448756641527e-07,-7.756983406115303e-05
2022-07-26 14:15:00+00:00,392.86,392.84,392.86,100,250,392.8457142857143,1.9564032187730445e-07,3.3939435078123026e-05
2022-07-26 14:16:00+00:00,392.92,392.85,392.86,104,4,392.85962962962964,1.820813065654214e-07,0.0005749544453412803
2022-07-26 14:17:00+00:00,393.09,393.08,393.1,225,100,393.09384615384613,2.0571484780823607e-07,-0.0001228142862107484
2022-07-26 14:18:00+00:00,393.06,393.04,393.06,100,100,393.05,2.681256877705928e-07,-0.00045186527198215476
2022-07-26 14:19:00+00:00,392.87,392.87,392.89,100,3,392.8894174757282,2.2061166708836555e-07,2.502229356915464e-05
2022-07-26 14:20:00+00:00,392.87,392.87,392.89,712,100,392.8875369458128,3.4677786869915146e-07,-0.0008824137248172326
2022-07-26 14:21:00+00:00,392.54,392.52,392.54,100,200,392.52666666666664,2.636685695333622e-07,8.964116419374335e-06
2022-07-26 14:22:00+00:00,392.59,392.58,392.61,200,100,392.6,2.7201888176354757e-07,9.531584986399722e-06
2022-07-26 14:23:00+00:00,392.52,392.53,392.55,1,100,392.530198019802,1.6770055177299842e-07,-0.0002300870822173895
2022-07-26 14:24:00+00:00,392.45,392.45,392.47,332,40,392.4678494623656,1.5377465647155672e-07,-0.00018453771187454393
2022-07-26 14:25:00+00:00,392.38,392.37,392.39,620,100,392.3872222222222,2.3018497615874232e-07,0.00015881514583693246
2022-07-26 14:26:00+00:00,392.42,392.41,392.43,100,200,392.4166666666667,1.6890603318085062e-07,0.0006367077533016019
2022-07-26 14:27:00+00:00,392.64,392.62,392.64,100,700,392.6225,1.2825576860776677e-07,-0.0004749794435637833
2022-07-26 14:28:00+00:00,392.54,392.53,392.56,213,800,392.53630799605133,2.585892290245073e-07,-0.00015817275437146616
2022-07-26 14:29:00+00:00,392.44,392.44,392.46,300,815,392.4453811659193,2.1165947025654641e-07,0.000277026885957099
2022-07-26 14:30:00+00:00,392.54,392.53,392.54,5,200,392.530243902439,2.7689207473207707e-07,-0.0006881051678612193
2022-07-26 14:31:00+00:00,392.28,392.26,392.28,306,100,392.2750738916256,1.636434150148017e-07,0.00023738628451752675
2022-07-26 14:32:00+00:00,392.37,392.37,392.39,99,100,392.37994974874374,1.465043071137572e-07,-0.0001800008015553356
2022-07-26 14:33:00+00:00,392.3,392.29,392.31,100,601,392.29285306704713,4.910389536052331e-07,0.0005679295836009679
2022-07-26 14:34:00+00:00,392.51,392.54,392.56,100,700,392.5425,1.7826986587622817e-07,-0.00047033754992087395
2022-07-26 14:35:00+00:00,392.38,392.38,392.4,121,100,392.39095022624434,2.1821634320560094e-07,-0.00025622210566278447
2022-07-26 14:36:00+00:00,392.23,392.22,392.24,200,100,392.23333333333335,1.358584844289943e-07,0.00014786865184568398
2022-07-26 14:37:00+00:00,392.3,392.28,392.29,1,1115,392.2800089605734,8.769622612798999e-08,-0.0002556042089465471
2022-07-26 14:38:00+00:00,392.18,392.17,392.19,700,1010,392.1781871345029,1.643630751732018e-07,0.0006710550415398586
2022-07-26 14:39:00+00:00,392.455,392.45,392.47,26,1096,392.45046345811056,1.4781357142987113e-07,-7.239763515398678e-05
2022-07-26 14:40:00+00:00,392.43,392.42,392.44,700,100,392.4375,1.6484363555156733e-07,-0.00017710052047170688
2022-07-26 14:41:00+00:00,392.38,392.37,392.39,100,500,392.37333333333333,2.4973645757053145e-07,0.000521169643236119
2022-07-26 14:42:00+00:00,392.56,392.56,392.58,104,100,392.5701960784314,1.393664375411552e-07,-4.4546951231683174e-05
2022-07-26 14:43:00+00:00,392.55,392.54,392.56,100,303,392.5449627791563,1.3937612490673087e-07,7.86999237016861e-05
2022-07-26 14:44:00+00:00,392.56,392.54,392.57,217,500,392.54907949790794,1.7080093081074675e-07,-0.0001266418851870732
2022-07-26 14:45:00+00:00,392.53,392.52,392.55,100,1100,392.5225,2.461630608593409e-07,0.0004919589965663995
2022-07-26 14:46:00+00:00,392.75,392.73,392.76,200,1300,392.734,2.0824615036659254e-07,-0.0002502664537462618
2022-07-26 14:47:00+00:00,392.61,392.61,392.64,260,100,392.63166666666666,1.8643702744532266e-07,0.00011690725129342994
2022-07-26 14:48:00+00:00,392.699,392.68,392.69,10,500,392.6801960784314,1.3652146107221407e-07,-0.0001672888897417124
2022-07-26 14:49:00+00:00,392.62,392.62,392.63,100,56,392.6264102564103,1.3381393150643724e-07,-3.0849744343530716e-06
2022-07-26 14:50:00+00:00,392.6,392.59,392.61,400,100,392.606,1.5924711451170972e-07,0.00019170198518803083
2022-07-26 14:51:00+00:00,392.67,392.67,392.69,150,1500,392.6718181818182,1.0890188305634063e-07,-0.00030676657066486257
2022-07-26 14:52:00+00:00,392.55,392.55,392.58,700,118,392.5756723716382,9.501243575526547e-08,-0.00036467682427854253
2022-07-26 14:53:00+00:00,392.4,392.41,392.43,219,101,392.4236875,5.789218020342292e-08,0.0002813182946646009
2022-07-26 14:54:00+00:00,392.52,392.52,392.55,423,554,392.532988741044,1.6984933607220358e-07,-0.0005784021920484106
2022-07-26 14:55:00+00:00,392.28,392.27,392.28,120,100,392.2754545454546,2.0374135443581149e-07,-0.0003058459016331838
2022-07-26 14:56:00+00:00,392.18,392.17,392.19,200,800,392.174,1.9050129760535776e-07,0.0004940431199620399
2022-07-26 14:57:00+00:00,392.38,392.37,392.4,100,900,392.373,1.1495747450320462e-07,0.000670962300495237
2022-07-26 14:58:00+00:00,392.64,392.61,392.63,800,100,392.6277777777778,1.2976674934467337e-07,0.00012901652878527514
2022-07-26 14:59:00+00:00,392.68,392.66,392.69,444,112,392.68395683453235,9.82538289465483e-08,0.0005277866618025318
2022-07-26 15:00:00+00:00,392.87,392.86,392.89,700,300,392.881,1.9430329374854188e-07,2.982011248153782e-05
2022-07-26 15:01:00+00:00,392.92,392.92,392.94,100,1200,392.9215384615385,1.3742215132731417e-07,-0.0003329088229497845
2022-07-26 15:02:00+00:00,392.77,392.76,392.79,400,1911,392.7651925573345,1.0941769917961376e-07,-0.00028989706600734966
2022-07-26 15:03:00+00:00,392.66,392.66,392.68,300,400,392.66857142857145,1.0693822111319813e-07,-0.0001142854069928756
2022-07-26 15:04:00+00:00,392.64,392.6,392.61,264,900,392.60226804123715,1.276207037393861e-07,-0.0002219069370406057
2022-07-26 15:05:00+00:00,392.52,392.5,392.52,100,200,392.50666666666666,1.6880343044790113e-07,-0.0011039495919631381
2022-07-26 15:06:00+00:00,392.09,392.08,392.09,500,713,392.08412201154164,2.2108156406151945e-07,-0.00021465794999542265
2022-07-26 15:07:00+00:00,392.04,392.04,392.07,200,1200,392.0442857142857,1.3895111973276e-07,0.00047819964559447925
2022-07-26 15:08:00+00:00,392.19,392.2,392.22,200,200,392.21,7.58649471136808e-08,-0.0001619996484970576
2022-07-26 15:09:00+00:00,392.16,392.18,392.2,200,314,392.18778210116733,9.700162178855441e-08,-0.000140700989489706
2022-07-26 15:10:00+00:00,392.09,392.07,392.09,300,300,392.08,9.352367113322919e-08,0.00011605893033062031
2022-07-26 15:11:00+00:00,392.13,392.12,392.14,305,102,392.13498771498774,1.217227181678331e-07,7.19680398604261e-05
2022-07-26 15:12:00+00:00,392.15,392.14,392.16,512,101,392.15670473083196,1.3722328327933773e-07,-0.0001963104506219615
2022-07-26 15:13:00+00:00,392.08,392.08,392.09,700,100,392.08875,7.20738272410627e-08,0.0001690855169351746
2022-07-26 15:14:00+00:00,392.14,392.12,392.15,800,1818,392.129167303285,1.3974339204890525e-07,0.00029826849446812354
2022-07-26 15:15:00+00:00,392.26,392.25,392.27,1,700,392.2500285306705,1.1335931277790488e-07,-0.000351593910096093
2022-07-26 15:16:00+00:00,392.12,392.1,392.12,200,300,392.108,1.597007897687711e-07,0.0007183114156259496
2022-07-26 15:17:00+00:00,392.41,392.39,392.4,100,1000,392.3909090909091,1.0357158145441754e-07,-0.00013743089774231887
2022-07-26 15:18:00+00:00,392.35,392.34,392.36,300,100,392.355,6.910264386499461e-08,0.00013744978759011595
2022-07-26 15:19:00+00:00,392.41,392.39,392.42,872,1305,392.40201653651815,6.968098874512584e-08,-0.0006008313624169537
2022-07-26 15:20:00+00:00,392.16,392.14,392.16,800,3,392.1599252801992,7.460330113932652e-08,-4.5435744684740875e-05
2022-07-26 15:21:00+00:00,392.16,392.15,392.18,400,1300,392.15705882352944,1.1244432132939377e-07,-0.00012090296427624825
2022-07-26 15:22:00+00:00,392.12,392.12,392.14,100,900,392.122,1.1298852173111702e-07,-0.00031176397700349856
2022-07-26 15:23:00+00:00,391.98,391.98,391.99,8,279,391.98027874564457,1.0662967119559852e-07,-4.699903488125656e-05
2022-07-26 15:24:00+00:00,391.97,391.95,391.97,404,106,391.9658431372549,1.6190601030942085e-07,-0.0003842350745548728
2022-07-26 15:25:00+00:00,391.8,391.79,391.81,800,407,391.80325600662803,1.010618929232891e-07,-0.00022983543229759817
2022-07-26 15:26:00+00:00,391.73,391.72,391.74,200,200,391.73,7.706755032759429e-08,-0.000154892297725584
2022-07-26 15:27:00+00:00,391.66,391.65,391.66,700,1,391.6599857346648,1.0348877307773086e-07,-0.00019049255646985674
2022-07-26 15:28:00+00:00,391.57,391.57,391.58,384,220,391.57635761589404,1.0665274187340396e-07,-0.0002579284477306487
2022-07-26 15:29:00+00:00,391.49,391.48,391.5,100,215,391.4863492063492,1.3424605195190385e-07,-0.0003100740652239864
2022-07-26 15:30:00+00:00,391.35,391.35,391.36,700,44,391.35940860215055,1.8655838487396776e-07,-0.00015977633206221142
2022-07-26 15:31:00+00:00,391.3,391.29,391.31,301,200,391.30201596806387,1.4894898209706056e-07,0.00023924669048480673
2022-07-26 15:32:00+00:00,391.4,391.4,391.43,1000,719,391.4174520069808,1.2248531171102997e-07,-0.0005913998111383156
2022-07-26 15:33:00+00:00,391.17,391.16,391.17,300,122,391.16710900473936,1.0599563214882356e-07,0.0002661610760303912
2022-07-26 15:34:00+00:00,391.27,391.26,391.27,900,324,391.26735294117645,1.4127456968211822e-07,0.0003453963438877494
2022-07-26 15:35:00+00:00,391.4,391.38,391.41,1200,1300,391.3944,1.1895388895980043e-07,-8.666455691874742e-05
2022-07-26 15:36:00+00:00,391.4,391.41,391.43,100,400,391.414,7.01421751613789e-08,-0.0002362218270943739
2022-07-26 15:37:00+00:00,391.28,391.26,391.28,25,600,391.2608,6.721166561837163e-08,-0.00012171274042094282
2022-07-26 15:38:00+00:00,391.23,391.22,391.23,500,1,391.2299800399202,1.1558582311120025e-07,-0.00046616210607763886
2022-07-26 15:39:00+00:00,391.055,391.04,391.06,200,100,391.05333333333334,9.139336021315605e-08,0.0002493303243211731
2022-07-26 15:40:00+00:00,391.15,391.13,391.15,300,376,391.13887573964496,1.222762189470059e-07,0.00041039316670254955
2022-07-26 15:41:00+00:00,391.29,391.27,391.29,400,100,391.286,5.22173389163834e-08,-0.00016315308359582392
2022-07-26 15:42:00+00:00,391.24,391.21,391.23,300,332,391.21949367088604,6.712806657310479e-08,-0.00025350195897055894
2022-07-26 15:43:00+00:00,391.12,391.14,391.15,100,200,391.1433333333333,1.1638703771341388e-07,0.0008165517986109538
2022-07-26 15:44:00+00:00,391.47,391.45,391.47,700,200,391.46555555555557,1.1168189760048112e-07,-0.0003016197850346236
2022-07-26 15:45:00+00:00,391.38,391.37,391.39,300,1000,391.37461538461537,2.403187574147162e-07,-0.0001187939001494609
2022-07-26 15:46:00+00:00,391.3,391.3,391.32,100,500,391.30333333333334,8.13441202464861e-08,-0.0002465097940634875
2022-07-26 15:47:00+00:00,391.19,391.19,391.21,119,101,391.20081818181814,1.1428291972156099e-07,-6.794940355669965e-05
2022-07-26 15:48:00+00:00,391.19,391.15,391.18,300,2100,391.15375,6.524225880972058e-08,-2.434671672268962e-06
2022-07-26 15:49:00+00:00,391.16,391.15,391.17,200,1400,391.1525,8.610839120052198e-08,-0.00031495956695914984
2022-07-26 15:50:00+00:00,391.03,391.01,391.03,1425,2200,391.01786206896554,1.4422970566871957e-07,0.0002887811895975201
2022-07-26 15:51:00+00:00,391.18,391.17,391.18,700,230,391.1775268817204,1.4586310240415085e-07,-0.0009009572793257092
2022-07-26 15:52:00+00:00,390.82,390.82,390.83,88,513,390.82146422628955,1.7717409111546852e-07,-0.00038722234814980716
2022-07-26 15:53:00+00:00,390.65,390.65,390.67,1000,300,390.6653846153846,1.6492788748661677e-07,-0.00028005134727959735
2022-07-26 15:54:00+00:00,390.55,390.55,390.56,3899,1205,390.55763910658305,1.6197827277212715e-07,0.00017481405808195127
2022-07-26 15:55:00+00:00,390.61,390.61,390.63,12,200,390.6111320754717,1.8157750504751335e-07,3.0273544843195666e-05
2022-07-26 15:56:00+00:00,390.64,390.62,390.64,200,200,390.63,9.898876999623027e-08,-0.0001348340551655669
2022-07-26 15:57:00+00:00,390.57,390.58,390.6,200,200,390.59,1.2373320123842974e-07,0.00041008582618551337
2022-07-26 15:58:00+00:00,390.74,390.72,390.74,900,536,390.73253481894153,1.0560464598237937e-07,0.0004234362870083608
2022-07-26 15:59:00+00:00,390.91,390.9,390.91,9,200,390.9004306220096,1.3328299326393085e-07,-0.0007711842068284236
2022-07-26 16:00:00+00:00,390.62,390.6,390.62,300,1000,390.6046153846154,9.101996044056806e-08,-0.00032239723740645765
2022-07-26 16:01:00+00:00,390.432,390.42,390.45,400,1720,390.4256603773585,1.856694954804235e-07,6.0869168878152635e-05
2022-07-26 16:02:00+00:00,390.525,390.49,390.51,350,510,390.49813953488376,1.073940384055328e-07,0.0005821606182854211
2022-07-26 16:03:00+00:00,390.74,390.73,390.76,300,1700,390.7345,9.888276204221837e-08,0.0001313791397226094
2022-07-26 16:04:00+00:00,390.78,390.78,390.79,341,100,390.7877324263039,1.0518838506595845e-07,0.0003039295513804774
2022-07-26 16:05:00+00:00,390.91,390.88,390.91,519,1200,390.88905759162304,1.1599514563211209e-07,-0.0002199807424196898
2022-07-26 16:06:00+00:00,390.82,390.8,390.82,100,1300,390.8014285714286,8.702809334205358e-08,0.0004942318322556094
2022-07-26 16:07:00+00:00,390.99,390.99,391.01,500,356,391.0016822429907,9.599492097040745e-08,-0.0007134667016704954
2022-07-26 16:08:00+00:00,390.74,390.72,390.74,200,105,390.7331147540984,7.918209185721751e-08,-0.00018653237670618328
2022-07-26 16:09:00+00:00,390.66,390.65,390.67,1300,200,390.6673333333333,1.5835473802619655e-07,0.0003082558585720818
2022-07-26 16:10:00+00:00,390.77,390.75,390.77,1000,300,390.7653846153846,7.235904999032877e-08,-0.00039792015733353114
2022-07-26 16:11:00+00:00,390.61,390.6,390.62,1235,100,390.6185018726592,1.039224117444998e-07,-0.00013496092214926314
2022-07-26 16:12:00+00:00,390.56,390.55,390.57,1000,100,390.5681818181818,9.521472431771949e-08,0.00017849631485589157
2022-07-26 16:13:00+00:00,390.62,390.62,390.64,406,400,390.6300744416873,6.176171790181434e-08,-0.0004058744071646636
2022-07-26 16:14:00+00:00,390.48,390.48,390.5,100,100,390.49,1.4034239695002557e-07,0.0004327536009618438
2022-07-26 16:15:00+00:00,390.65,390.65,390.67,500,100,390.6666666666667,1.2941638531933978e-07,0.0005772997540856029
2022-07-26 16:16:00+00:00,390.89,390.83,390.86,276,350,390.8432268370607,1.4965850350071283e-07,0.000318763838739633
2022-07-26 16:17:00+00:00,391.0,390.98,391.0,800,300,390.99454545454546,1.0930129672073439e-07,0.00012592314742865263
2022-07-26 16:18:00+00:00,391.04,391.03,391.05,100,300,391.035,6.243129833417699e-08,-0.00010343441578042345
2022-07-26 16:19:00+00:00,390.98,390.98,391.0,200,300,390.988,8.786260185443331e-08,-0.0001875836124016761
2022-07-26 16:20:00+00:00,390.93,390.9,390.92,500,205,390.9141843971631,9.320975427567593e-08,-9.409126158332892e-05
2022-07-26 16:21:00+00:00,390.85,390.86,390.87,100,200,390.86333333333334,1.0147089765065194e-07,-0.0004718793210108929
2022-07-26 16:22:00+00:00,390.71,390.69,390.72,1200,600,390.71,6.899447392110036e-08,0.0004670998537914528
2022-07-26 16:23:00+00:00,390.89,390.88,390.9,600,668,390.88946372239747,9.318457388736807e-08,0.0006385602976097804
2022-07-26 16:24:00+00:00,391.15,391.15,391.16,13,2200,391.1500587437867,1.3255075935835066e-07,0.00020001305062145036
2022-07-26 16:25:00+00:00,391.22,391.21,391.22,700,194,391.21782997762864,1.0506604844848659e-07,-0.000483590712693438
2022-07-26 16:26:00+00:00,391.01,391.02,391.03,100,1501,391.020624609619,1.2191685659216695e-07,0.00018528493829772508
2022-07-26 16:27:00+00:00,391.09,391.08,391.11,400,400,391.095,6.288124313263852e-08,0.0005480856444028959
2022-07-26 16:28:00+00:00,391.31,391.3,391.31,300,500,391.30375,7.002052435142233e-08,-0.00018873046172573904
2022-07-26 16:29:00+00:00,391.26,391.24,391.25,100,101,391.2449751243781,7.547083864744731e-08,-5.111914411937146e-05
2022-07-26 16:30:00+00:00,391.24,391.23,391.25,400,1000,391.23571428571427,1.3365552166152924e-07,0.00033350860793013304
2022-07-26 16:31:00+00:00,391.36,391.35,391.37,100,302,391.35497512437814,7.317692696895317e-08,0.0003441050712911231
2022-07-26 16:32:00+00:00,391.49,391.49,391.5,500,321,391.496090133983,9.456471924683341e-08,-0.00029129782767389756
2022-07-26 16:33:00+00:00,391.39,391.36,391.38,400,400,391.37,5.401973562869907e-08,0.0003104298234148928
2022-07-26 16:34:00+00:00,391.49,391.49,391.5,300,250,391.49545454545455,7.447167888928158e-08,0.00032044955822074783
2022-07-26 16:35:00+00:00,391.64,391.62,391.64,200,1200,391.62285714285713,5.228952653636382e-08,0.0001321443323316629
2022-07-26 16:36:00+00:00,391.66,391.65,391.67,400,100,391.666,7.19509451199792e-08,-0.00033280822384162967
2022-07-26 16:37:00+00:00,391.54,391.53,391.55,300,400,391.5385714285714,6.244029709053275e-08,-0.0003852832705200093
2022-07-26 16:38:00+00:00,391.39,391.39,391.4,336,800,391.3929577464789,5.0984785908693e-08,3.7167414964622836e-05
2022-07-26 16:39:00+00:00,391.41,391.4,391.42,500,1,391.4199600798403,6.605380612066851e-08,-0.00021276822803428797
2022-07-26 16:40:00+00:00,391.31,391.32,391.33,100,700,391.32125,4.482330019670604e-07,-0.0006745614926275678
2022-07-26 16:41:00+00:00,391.06,391.03,391.05,200,676,391.0345662100456,7.682553652178306e-08,0.00020606451929117142
2022-07-26 16:42:00+00:00,391.13,391.13,391.14,1300,200,391.13866666666667,5.800024823043543e-08,8.3516700783548e-05
2022-07-26 16:43:00+00:00,391.17,391.17,391.18,100,100,391.175,9.349917942486033e-08,-0.00026589840789226216
2022-07-26 16:44:00+00:00,391.05,391.05,391.06,172,919,391.05157653528875,9.695511158958005e-08,-8.252708803846431e-05
2022-07-26 16:45:00+00:00,391.03,391.03,391.04,100,619,391.0313908205841,7.546053645065696e-08,-0.0002844721266495043
2022-07-26 16:46:00+00:00,390.92,390.91,390.92,314,9,390.9197213622291,6.054752110659574e-08,0.0004535582134654881
2022-07-26 16:47:00+00:00,391.11,391.1,391.11,1000,100,391.1090909090909,8.031355296902178e-08,0.0004792824947594809
2022-07-26 16:48:00+00:00,391.29,391.28,391.29,1900,100,391.2895,1.5701947049508287e-07,-0.00013859509786184887
2022-07-26 16:49:00+00:00,391.23,391.23,391.25,200,1012,391.233300330033,1.341296759195705e-07,0.00015591652076119011
2022-07-26 16:50:00+00:00,391.28,391.29,391.31,1300,200,391.30733333333336,1.0025783178441574e-07,0.0001036305465442755
2022-07-26 16:51:00+00:00,391.33,391.32,391.34,312,200,391.3321875,5.180189662218422e-08,8.624509238752687e-05
2022-07-26 16:52:00+00:00,391.37,391.36,391.37,201,802,391.3620039880359,6.416597294697326e-08,0.00036054696804455055
2022-07-26 16:53:00+00:00,391.51,391.51,391.52,100,410,391.5119607843137,5.1435395493877926e-08,0.00010274081799099832
2022-07-26 16:54:00+00:00,391.56,391.54,391.55,4,100,391.5403846153846,5.5137083829578996e-08,0.0002681941702034063
2022-07-26 16:55:00+00:00,391.66,391.65,391.66,100,301,391.65249376558603,6.691638413616101e-08,-0.000297791536311931
2022-07-26 16:56:00+00:00,391.55,391.53,391.54,101,1,391.53990196078433,5.934217230669762e-08,0.00012377302531407786
2022-07-26 16:57:00+00:00,391.58,391.57,391.59,200,1505,391.5723460410557,6.706461527346513e-08,0.00030523223099998553
2022-07-26 16:58:00+00:00,391.7,391.69,391.71,404,400,391.70004975124374,5.6205347649064004e-08,-0.00011524619651082091
2022-07-26 16:59:00+00:00,391.67,391.67,391.69,412,101,391.68606237816766,5.6615021495635126e-08,-0.00013176419953031537
2022-07-26 17:00:00+00:00,391.61,391.6,391.62,1313,700,391.61304520616,5.61724212947409e-08,-0.0002636543255588597
2022-07-26 17:01:00+00:00,391.54,391.5,391.52,100,219,391.5062695924765,5.157057340286451e-08,2.4974656399834316e-05
2022-07-26 17:02:00+00:00,391.5,391.5,391.52,800,101,391.51775804661486,1.926689704489449e-07,0.0005584228636397182
2022-07-26 17:03:00+00:00,391.749,391.74,391.76,100,401,391.74399201596805,1.9841141857540713e-07,0.0003537831561253313
2022-07-26 17:04:00+00:00,391.87,391.87,391.89,100,227,391.8761162079511,4.365030051568239e-08,0.00027361332624487034
2022-07-26 17:05:00+00:00,392.0,392.0,392.01,300,516,392.00367647058823,8.233987517700742e-08,2.405892360712869e-05
2022-07-26 17:06:00+00:00,392.0,391.99,392.01,400,1110,391.9952980132451,7.490376409250264e-08,-0.00041522313669695166
2022-07-26 17:07:00+00:00,391.819,391.81,391.82,501,100,391.8183361064892,6.229307444496076e-08,0.00013629414147597885
2022-07-26 17:08:00+00:00,391.885,391.87,391.88,200,700,391.8722222222222,7.302944234758186e-08,0.0004932153196242073
2022-07-26 17:09:00+00:00,392.08,392.06,392.08,904,300,392.07501661129567,4.039280122803887e-08,0.00022808046308586682
2022-07-26 17:10:00+00:00,392.2,392.18,392.2,500,300,392.1925,7.54614843397843e-08,0.00040799153417547807
2022-07-26 17:11:00+00:00,392.33,392.32,392.33,100,300,392.3225,5.817658649772316e-08,-6.655479796369157e-05
2022-07-26 17:12:00+00:00,392.3,392.3,392.31,400,84,392.3082644628099,1.8653714337149636e-07,-0.0006344368947712731
2022-07-26 17:13:00+00:00,392.07,392.04,392.06,400,300,392.0514285714286,9.704241682676403e-08,6.220116034238998e-05
2022-07-26 17:14:00+00:00,392.07,392.06,392.08,1100,400,392.07466666666664,9.275918997731386e-08,-0.00045115409535612105
2022-07-26 17:15:00+00:00,391.9,391.89,391.91,300,400,391.8985714285714,7.553167311405458e-08,1.3477098395053844e-05
2022-07-26 17:16:00+00:00,391.91,391.89,391.92,1100,607,391.90933216168713,8.774823810596067e-08,-0.0005205942532556795
2022-07-26 17:17:00+00:00,391.66,391.65,391.67,419,231,391.6628923076923,7.318292577493767e-08,0.00013119387493443213
2022-07-26 17:18:00+00:00,391.77,391.75,391.77,300,700,391.756,4.790465223525769e-08,-0.00012800960901993008
2022-07-26 17:19:00+00:00,391.7,391.7,391.71,734,100,391.70880095923263,4.753581587788971e-08,-6.20580322722164e-05
2022-07-26 17:20:00+00:00,391.67,391.66,391.68,1100,2,391.6799637023594,4.366751584901885e-08,-5.301774099264467e-05
2022-07-26 17:21:00+00:00,391.67,391.66,391.67,1300,1,391.6699923136049,6.03858578434185e-08,0.0005256939488522683
2022-07-26 17:22:00+00:00,391.86,391.85,391.87,900,411,391.8637299771167,9.436330734646214e-08,0.0005465799533566074
2022-07-26 17:23:00+00:00,392.08,392.07,392.09,2700,100,392.0892857142857,5.8087566043698825e-08,-0.0001242849562931303
2022-07-26 17:24:00+00:00,392.01,392.01,392.04,1512,800,392.02961937716265,4.904437673454271e-08,-0.0001222817091025563
2022-07-26 17:25:00+00:00,391.98,391.95,391.97,302,319,391.9597262479871,1.4016349708940384e-07,-0.00024353521151043722
2022-07-26 17:26:00+00:00,391.88,391.88,391.89,100,101,391.8849751243781,4.477046310300271e-08,-5.786608744540178e-05
2022-07-26 17:27:00+00:00,391.87,391.86,391.88,1016,101,391.8781915846016,3.585754168049332e-08,0.0003719373884651933
2022-07-26 17:28:00+00:00,392.019,392.0,392.02,200,300,392.008,8.721524860305149e-08,0.00033186868874368614
2022-07-26 17:29:00+00:00,392.12,392.11,392.14,400,350,392.126,5.494825838337765e-08,0.00017194547524934656
2022-07-26 17:30:00+00:00,392.19,392.17,392.2,400,515,392.1831147540984,8.879524057913186e-08,2.020854566042729e-05
2022-07-26 17:31:00+00:00,392.2,392.19,392.21,10,3100,392.1900643086817,1.257931671506079e-07,-0.0008364279799161212
2022-07-26 17:32:00+00:00,391.88,391.85,391.88,1117,1400,391.8633134684148,1.5244423099882242e-07,-0.0005699962183969287
2022-07-26 17:33:00+00:00,391.72,391.7,391.72,200,400,391.70666666666665,1.328310908207905e-07,-2.41937701016548e-05
2022-07-26 17:34:00+00:00,391.63,391.62,391.64,401,200,391.6333444259567,5.629655573746821e-08,-0.0002385192382404755
2022-07-26 17:35:00+00:00,391.52,391.52,391.53,500,228,391.5268681318681,8.165105317586612e-08,0.00017311642538864191
2022-07-26 17:36:00+00:00,391.63,391.61,391.63,1300,400,391.62529411764706,6.684609485157852e-08,8.45954045931574e-05
2022-07-26 17:37:00+00:00,391.65,391.66,391.67,1000,201,391.6683263946711,7.31962505083577e-08,-0.0002671991964148246
2022-07-26 17:38:00+00:00,391.55,391.56,391.58,200,400,391.56666666666666,8.08266777742197e-08,8.372389239230671e-06
2022-07-26 17:39:00+00:00,391.56,391.55,391.56,100,2,391.55980392156863,1.2171432013770167e-07,-0.00012542648699243042
2022-07-26 17:40:00+00:00,391.49,391.48,391.51,1300,222,391.50562417871225,9.526026469367412e-08,-5.589170698372392e-05
2022-07-26 17:41:00+00:00,391.49,391.47,391.49,500,200,391.4842857142857,7.47840378206593e-08,0.00029192135629729776
2022-07-26 17:42:00+00:00,391.59,391.58,391.6,1400,301,391.5964609053498,7.296755467897189e-08,-0.0002930423596658738
2022-07-26 17:43:00+00:00,391.48,391.47,391.49,112,413,391.4742666666667,5.821870845133774e-08,0.00018656183492260503
2022-07-26 17:44:00+00:00,391.56,391.55,391.56,300,300,391.555,1.1538071202036441e-07,0.0001987397669915847
2022-07-26 17:45:00+00:00,391.61,391.62,391.64,100,200,391.62666666666667,4.893450595209017e-08,-0.0001849300006437904
2022-07-26 17:46:00+00:00,391.55,391.54,391.56,100,324,391.5447169811321,8.782542681678405e-08,-0.000556448219112049
2022-07-26 17:47:00+00:00,391.34,391.34,391.36,200,403,391.3466334991708,9.009140916471903e-08,0.00022970762386220756
2022-07-26 17:48:00+00:00,391.44,391.41,391.44,418,300,391.42746518105855,5.917835765936143e-08,-0.00010471017297575269
2022-07-26 17:49:00+00:00,391.31,391.29,391.32,1405,1519,391.3044151846785,1.3409267443967063e-07,-2.9624497518199178e-05
2022-07-26 17:50:00+00:00,391.38,391.37,391.4,400,1231,391.3773574494175,5.883804030132353e-08,0.0002256881362572294
2022-07-26 17:51:00+00:00,391.49,391.47,391.49,300,300,391.48,6.746726299089502e-08,-0.0003269715790173988
2022-07-26 17:52:00+00:00,391.34,391.34,391.36,200,200,391.35,5.894409825833301e-08,0.0003188091428460993
2022-07-26 17:53:00+00:00,391.47,391.46,391.48,100,500,391.4633333333333,8.33360414824408e-08,0.00018878379756381847
2022-07-26 17:54:00+00:00,391.53,391.53,391.55,1600,300,391.5468421052632,6.866225270604446e-08,-4.9819008979712365e-05
2022-07-26 17:55:00+00:00,391.53,391.52,391.53,200,401,391.5233277870216,6.36417259022587e-08,-0.00016764916631684113
2022-07-26 17:56:00+00:00,391.46,391.45,391.47,200,406,391.456600660066,3.637192368887486e-08,-0.0003760146441503798
2022-07-26 17:57:00+00:00,391.32,391.32,391.33,300,1500,391.32166666666666,6.466504844832041e-08,0.0001940073865103198
2022-07-26 17:58:00+00:00,391.38,391.35,391.37,400,400,391.36,9.008775134671085e-08,-1.4726503542283886e-05
2022-07-26 17:59:00+00:00,391.39,391.35,391.37,401,400,391.3600124843945,4.978226677335763e-08,-0.0002676202598841382
2022-07-26 18:00:00+00:00,391.24,391.26,391.29,1100,319,391.2832558139535,1.4791668564896714e-07,0.00045275458631777177
2022-07-26 18:01:00+00:00,391.47,391.46,391.48,1000,500,391.47333333333336,1.0284396830955755e-07,0.0001986183279651943
2022-07-26 18:02:00+00:00,391.52,391.52,391.53,100,1,391.52990099009895,1.1274352174974706e-07,0.00013020029590360416
2022-07-26 18:03:00+00:00,391.56,391.53,391.55,1500,100,391.54875,1.1797604013774025e-07,0.0005680937679450881
2022-07-26 18:04:00+00:00,391.83,391.79,391.82,904,500,391.8093162393163,1.5930033038774353e-07,0.0005974754586715036
2022-07-26 18:05:00+00:00,392.06,392.04,392.05,100,100,392.045,8.71338242827689e-08,0.0002994203485227054
2022-07-26 18:06:00+00:00,392.17,392.16,392.18,400,100,392.176,2.0513520208200082e-07,1.2876417301743714e-05
2022-07-26 18:07:00+00:00,392.15,392.13,392.15,100,200,392.13666666666666,1.7368351477678754e-07,-0.00015282936804383862
2022-07-26 18:08:00+00:00,392.12,392.1,392.12,388,200,392.11319727891157,6.62425425080682e-07,-0.00140622114344513
2022-07-26 18:09:00+00:00,391.55,391.54,391.57,500,513,391.55480750246795,4.98100620515648e-07,-0.0005145665745354133
2022-07-26 18:10:00+00:00,391.34,391.32,391.35,500,301,391.3387265917603,1.3164222919104782e-07,-7.858261225701657e-05
2022-07-26 18:11:00+00:00,391.33,391.34,391.36,282,212,391.3514170040486,1.2066278494662278e-07,0.00034347595236483563
2022-07-26 18:12:00+00:00,391.43,391.41,391.43,500,500,391.42,1.5487774064701747e-07,7.453678822910703e-05
2022-07-26 18:13:00+00:00,391.45,391.43,391.46,1012,313,391.45291320754717,1.0019294294349227e-07,5.365628457543181e-05
2022-07-26 18:14:00+00:00,391.48,391.45,391.47,100,200,391.45666666666665,8.388092416251227e-08,-0.00018030004124502952
2022-07-26 18:15:00+00:00,391.41,391.39,391.41,112,600,391.3931460674157,9.975771533538325e-08,-0.0002056312225909851
2022-07-26 18:16:00+00:00,391.34,391.33,391.35,800,100,391.34777777777776,7.942946524058984e-08,-0.00014454866434998603
2022-07-26 18:17:00+00:00,391.29,391.26,391.29,900,915,391.2748760330578,8.062822380026445e-08,-0.0002587111373619777
2022-07-26 18:18:00+00:00,391.17,391.16,391.18,812,200,391.17604743083007,9.741730864085505e-08,-0.0004959825780176397
2022-07-26 18:19:00+00:00,390.99,390.98,391.0,1000,200,390.99666666666667,1.0283734848417998e-07,2.196876173221618e-05
2022-07-26 18:20:00+00:00,391.0,390.98,391.0,100,300,390.985,1.0510449899252452e-07,-4.4142180880890614e-05
2022-07-26 18:21:00+00:00,391.0,391.0,391.02,200,300,391.008,7.206786635948573e-08,0.00011944080775139199
2022-07-26 18:22:00+00:00,391.07,391.05,391.08,412,800,391.06019801980193,5.334592599754565e-08,-0.00041626216616785783
2022-07-26 18:23:00+00:00,390.87,390.86,390.88,200,400,390.8666666666667,9.548630987245772e-08,0.00036362552047819463
2022-07-26 18:24:00+00:00,391.0,391.0,391.02,300,200,391.012,7.459434199335543e-08,8.032968057691825e-05
2022-07-26 18:25:00+00:00,391.04,391.02,391.03,125,205,391.02378787878786,7.78945433146791e-08,-0.00020913262732857874
2022-07-26 18:26:00+00:00,390.95,390.95,390.96,1308,1,390.9599923605806,6.130933909088917e-08,-0.000312176827705124
2022-07-26 18:27:00+00:00,390.85,390.84,390.86,108,596,390.8430681818182,4.7986441596010805e-08,-5.4308027814919946e-05
2022-07-26 18:28:00+00:00,390.83,390.82,390.84,330,212,390.83217712177117,3.3324159802993443e-08,-9.420707878959877e-05
2022-07-26 18:29:00+00:00,390.78,390.78,390.79,100,100,390.785,8.075988408950622e-08,-0.0005444529648884755
2022-07-26 18:30:00+00:00,390.58,390.57,390.6,200,1300,390.574,6.492235477783442e-08,-8.076941994383802e-05
2022-07-26 18:31:00+00:00,390.55,390.54,390.56,161,516,390.5447562776958,7.76827860177365e-08,6.47931226933629e-05
2022-07-26 18:32:00+00:00,390.585,390.57,390.58,100,100,390.575,5.818471337012817e-08,-8.215706560865677e-05
2022-07-26 18:33:00+00:00,390.54,390.53,390.55,225,900,390.534,1.087442592345654e-07,-0.0004504250391190734
2022-07-26 18:34:00+00:00,390.35,390.34,390.36,1600,219,390.3575920835624,7.803320371318257e-08,8.62751645720472e-05
2022-07-26 18:35:00+00:00,390.4,390.39,390.41,200,400,390.39666666666665,9.811880808779576e-08,0.00026893110646852847
2022-07-26 18:36:00+00:00,390.5,390.49,390.51,100,495,390.49336134453785,6.191464988115337e-08,-0.0003551033299473705
2022-07-26 18:37:00+00:00,390.35,390.35,390.36,200,201,390.35498753117207,6.07297047051431e-08,-0.00012548297759773508
2022-07-26 18:38:00+00:00,390.34,390.33,390.35,225,1000,390.33367346938775,6.152859081929454e-08,0.0001401597601651261
2022-07-26 18:39:00+00:00,390.35,390.35,390.37,740,424,390.3627147766323,4.791826893355627e-08,-0.00026936648929354323
2022-07-26 18:40:00+00:00,390.27,390.27,390.28,100,100,390.275,6.105223739185654e-08,6.378495064196521e-05
2022-07-26 18:41:00+00:00,390.28,390.28,390.3,500,200,390.2942857142857,7.654095015273946e-08,0.00013510154293827625
2022-07-26 18:42:00+00:00,390.35,390.33,390.35,100,346,390.33448430493274,8.814784159753957e-08,7.80729966392002e-05
2022-07-26 18:43:00+00:00,390.37,390.37,390.38,300,200,390.376,8.783005840180761e-08,0.0001602700945197988
2022-07-26 18:44:00+00:00,390.42,390.4,390.42,450,200,390.4138461538462,3.5823146505240525e-08,3.614907802429457e-05
2022-07-26 18:45:00+00:00,390.42,390.4,390.42,500,1317,390.4055035773253,6.183644823603806e-08,-1.7103017340258653e-05
2022-07-26 18:46:00+00:00,390.45,390.43,390.45,212,300,390.43828125,8.798929753205522e-08,0.00022368117748494676
2022-07-26 18:47:00+00:00,390.5,390.48,390.5,400,550,390.48842105263157,8.408983096384046e-08,-5.554666983931256e-05
2022-07-26 18:48:00+00:00,390.49,390.49,390.5,700,100,390.49875,7.68659971268057e-08,-0.0005009846618841962
2022-07-26 18:49:00+00:00,390.31,390.31,390.33,600,1101,390.3170546737214,6.12756687143541e-08,-1.2617246454627029e-05
2022-07-26 18:50:00+00:00,390.28,390.29,390.31,200,500,390.29571428571427,6.439109641042439e-08,5.943911120098733e-05
2022-07-26 18:51:00+00:00,390.34,390.32,390.34,206,617,390.3250060753341,1.3450378043076257e-07,0.001088750355164203
2022-07-26 18:52:00+00:00,390.74,390.74,390.75,80,202,390.7428368794326,7.628121551772405e-08,-0.00012661357750975988
2022-07-26 18:53:00+00:00,390.7,390.68,390.7,420,100,390.69615384615383,5.642860510498767e-08,-7.809881365183902e-05
2022-07-26 18:54:00+00:00,390.65,390.65,390.66,400,6,390.65985221674873,6.487490036496254e-08,-7.196493216243827e-05
2022-07-26 18:55:00+00:00,390.63,390.63,390.66,418,616,390.64212765957444,6.58007242472955e-08,-0.0004388691850532034
2022-07-26 18:56:00+00:00,390.48,390.47,390.48,50,300,390.4714285714286,7.988746766134789e-08,0.00040078542513488635
2022-07-26 18:57:00+00:00,390.63,390.63,390.65,200,200,390.64,5.3359038077778384e-08,-0.00017544075058095743
2022-07-26 18:58:00+00:00,390.57,390.55,390.57,100,1200,390.5515384615385,5.020680754885836e-08,0.0002541039731387418
2022-07-26 18:59:00+00:00,390.66,390.65,390.66,200,256,390.65438596491225,1.2767562514861844e-07,0.00019250111829038907
2022-07-26 19:00:00+00:00,390.74,390.72,390.74,410,500,390.729010989011,9.317632753973094e-08,-0.0001605183550390521
2022-07-26 19:01:00+00:00,390.66,390.63,390.66,516,716,390.64256493506497,1.627830422101597e-07,-5.6907120516536125e-05
2022-07-26 19:02:00+00:00,390.645,390.64,390.65,100,200,390.6433333333333,8.237742672928784e-08,0.00021655380535268165
2022-07-26 19:03:00+00:00,390.73,390.72,390.73,800,1,390.72998751560544,1.059088915658679e-07,-0.0006462769806099278
2022-07-26 19:04:00+00:00,390.44,390.42,390.45,871,310,390.44212531752754,1.1837158261145346e-07,-0.0004664307797741518
2022-07-26 19:05:00+00:00,390.3,390.3,390.31,700,100,390.30875,2.2515262407871834e-07,-0.00025748652968571317
2022-07-26 19:06:00+00:00,390.2,390.19,390.22,800,800,390.205,1.1296779309670885e-07,0.00025045606301721257
2022-07-26 19:07:00+00:00,390.29,390.29,390.3,190,400,390.2932203389831,1.5104293174134108e-07,-0.0007355547299693344
2022-07-26 19:08:00+00:00,390.0,389.99,390.0,800,100,389.99888888888887,8.569559453437761e-08,0.0001389156288325033
2022-07-26 19:09:00+00:00,390.13,390.12,390.14,217,9,390.139203539823,1.496407226174231e-07,0.00026122561182062576
2022-07-26 19:10:00+00:00,390.17,390.15,390.18,1000,512,390.1698412698413,1.3107647487395983e-07,0.0002782118428021896
2022-07-26 19:11:00+00:00,390.23,390.22,390.25,600,325,390.23945945945945,1.6628250822782475e-07,0.000736315392941389
2022-07-26 19:12:00+00:00,390.56,390.55,390.57,104,651,390.55275496688745,1.9657677149041176e-07,0.00032457422343212805
2022-07-26 19:13:00+00:00,390.69,390.68,390.7,200,400,390.68666666666667,1.5479634149579784e-07,-0.00015144275890310865
2022-07-26 19:14:00+00:00,390.63,390.61,390.63,100,312,390.6148543689321,9.423594790449058e-08,-3.5566985486013e-05
2022-07-26 19:15:00+00:00,390.63,390.64,390.65,300,100,390.6475,1.0550837811935577e-07,7.388465091584528e-05
2022-07-26 19:16:00+00:00,390.63,390.63,390.65,518,325,390.6422894424673,9.474848235853503e-08,0.0005550124769877485
2022-07-26 19:17:00+00:00,390.86,390.86,390.87,705,450,390.8661038961039,1.0705596974747707e-07,-0.00012909626951163045
2022-07-26 19:18:00+00:00,390.825,390.82,390.83,700,100,390.82875,1.68421911181726e-07,-0.000135013966595543
2022-07-26 19:19:00+00:00,390.76,390.74,390.75,400,2,390.74995024875625,9.922384442391294e-08,-0.00022029294522896148
2022-07-26 19:20:00+00:00,390.69,390.69,390.71,400,500,390.6988888888889,9.962751228672494e-08,0.00043530040487316235
2022-07-26 19:21:00+00:00,390.81,390.8,390.82,300,300,390.81,1.0359924189748373e-07,0.0002883380425662274
2022-07-26 19:22:00+00:00,390.95,390.95,390.96,200,500,390.95285714285717,9.005042578049329e-08,-0.000627554572995126
2022-07-26 19:23:00+00:00,390.71,390.7,390.71,200,6426,390.70030184123146,5.4077567006818636e-08,-0.00014293213227933865
2022-07-26 19:24:00+00:00,390.63,390.63,390.64,289,400,390.6341944847605,1.1053926693690973e-07,0.00011552035685280515
2022-07-26 19:25:00+00:00,390.69,390.67,390.7,1013,500,390.69008592200925,8.110140205227455e-08,-0.00023653591388916873
2022-07-26 19:26:00+00:00,390.61,390.6,390.61,74,100,390.6042528735632,9.352945574703443e-08,-0.00032729448338686407
2022-07-26 19:27:00+00:00,390.47,390.47,390.48,75,400,390.4715789473684,9.686064622032401e-08,0.0003901381481399291
2022-07-26 19:28:00+00:00,390.62,390.61,390.63,700,1000,390.61823529411765,9.622215451560845e-08,-2.241946194470046e-05
2022-07-26 19:29:00+00:00,390.62,390.62,390.64,400,100,390.636,1.254802335438952e-07,0.00040957382997142133
2022-07-26 19:30:00+00:00,390.78,390.77,390.79,595,10,390.78966942148764,1.952848045711654e-07,-0.0004758888107366799
2022-07-26 19:31:00+00:00,390.58,390.58,390.59,100,540,390.58156249999996,1.3588826582883753e-07,9.196591277449429e-05
2022-07-26 19:32:00+00:00,390.6,390.59,390.61,616,6,390.60980707395504,1.5104573480369726e-07,0.0006547904011589001
2022-07-26 19:33:00+00:00,390.89,390.88,390.9,100,200,390.88666666666666,1.2143854266891262e-07,5.36023195185642e-05
2022-07-26 19:34:00+00:00,390.9,390.89,390.91,812,2300,390.8952185089974,1.1047626909422806e-07,4.050412715739249e-05
2022-07-26 19:35:00+00:00,390.94,390.92,390.95,218,500,390.92910863509746,1.4327153523280443e-07,-0.0005947470406538757
2022-07-26 19:36:00+00:00,390.7,390.7,390.71,400,100,390.708,1.3681017539260638e-07,0.0007548970998041415
2022-07-26 19:37:00+00:00,390.96,390.95,390.97,100,416,390.95387596899224,1.208080259215186e-07,-0.00019538902026339233
2022-07-26 19:38:00+00:00,390.9,390.9,390.91,713,120,390.90855942376953,1.8156588079908732e-07,0.00024518634958270447
2022-07-26 19:39:00+00:00,390.99,390.99,391.0,200,100,390.99666666666667,1.5868700967739337e-07,0.0002699924377784768
2022-07-26 19:40:00+00:00,391.12,391.12,391.14,200,1000,391.12333333333333,1.433035887512531e-07,5.113651541521769e-05
2022-07-26 19:41:00+00:00,391.12,391.12,391.14,200,315,391.12776699029126,1.1685780115954836e-07,-0.00023192387443049522
2022-07-26 19:42:00+00:00,391.049,391.03,391.05,200,333,391.0375046904315,6.470095426291867e-08,-0.0004453286187512395
2022-07-26 19:43:00+00:00,390.82,390.81,390.82,40,500,390.8107407407407,1.0196291437837629e-07,-0.00047949370531663593
2022-07-26 19:44:00+00:00,390.67,390.66,390.69,1700,415,390.6841134751773,1.0841480650178985e-07,7.541587521742166e-05
2022-07-26 19:45:00+00:00,390.69,390.67,390.69,300,100,390.685,1.559059893369752e-07,-6.796553975063624e-05
2022-07-26 19:46:00+00:00,390.71,390.7,390.72,200,410,390.7065573770492,1.3421196709604848e-07,-0.000277158748725026
2022-07-26 19:47:00+00:00,390.57,390.56,390.57,1400,100,390.56933333333336,1.4992683930224196e-07,-0.00017254501412544698
2022-07-26 19:48:00+00:00,390.52,390.5,390.51,517,100,390.508379254457,7.387997608688467e-08,-0.00043938769379314735
2022-07-26 19:49:00+00:00,390.37,390.34,390.37,9508,835,390.36757807212604,9.741320587634697e-08,0.0006571341863632618
2022-07-26 19:50:00+00:00,390.57,390.55,390.59,300,311,390.56963993453354,3.455612640356259e-07,-0.00021328707824075366
2022-07-26 19:51:00+00:00,390.53,390.5,390.53,400,800,390.51,2.962648277258496e-07,0.00043760085279997973
2022-07-26 19:52:00+00:00,390.66,390.64,390.66,1500,1219,390.6510334681868,1.6320721172317668e-07,0.0001772657672296507
2022-07-26 19:53:00+00:00,390.745,390.74,390.75,1000,500,390.74666666666667,2.2151749495368644e-07,0.0003111643389848151
2022-07-26 19:54:00+00:00,390.87,390.86,390.87,900,700,390.865625,3.0296013134899023e-07,0.0010048063560539333
2022-07-26 19:55:00+00:00,391.27,391.27,391.28,100,200,391.2733333333333,2.1897883994598462e-07,0.00017334600027019142
2022-07-26 19:56:00+00:00,391.31,391.3,391.31,100,200,391.30333333333334,1.5517284366954836e-07,-0.0001349850208715031
2022-07-26 19:57:00+00:00,391.28,391.27,391.29,400,902,391.27614439324117,1.6322678701412393e-07,-0.0008814465719565456
2022-07-26 19:58:00+00:00,390.93,390.93,390.95,1053,4000,390.9341678210964,1.6081603461735604e-07,-0.0004206481392005079
2022-07-26 19:59:00+00:00,390.765,390.76,390.77,900,400,390.7669230769231,3.5572777402833584e-07,0.00027357697322738517
2022-07-26 20:00:00+00:00,390.91,390.91,390.92,107350,500,390.91995363931386,3.5782470025958774e-06,0.0008692373432159783
2022-07-26 20:01:00+00:00,391.15,391.14,391.26,500,101,391.23983361064893,3.4323650402584054e-06,0.001081328950181426
2022-07-26 20:02:00+00:00,391.65,391.59,391.68,500,100,391.665,3.5449964483438303e-06,-0.0014333797585887043
2022-07-26 20:03:00+00:00,391.12,391.08,391.13,500,100,391.12166666666667,4.794957765043824e-06,-0.000913516642911949
2022-07-26 20:04:00+00:00,390.68,390.71,390.79,500,600,390.74636363636364,1.8837974054487283e-06,0.0005688339552778476
2022-07-26 20:05:00+00:00,390.88,390.88,390.98,600,500,390.93454545454546,1.2889970739677806e-06,0.0005599645202609693
2022-07-26 20:06:00+00:00,391.19,391.16,391.23,900,500,391.205,1.2247537724128467e-06,0.0008566530372073888
2022-07-26 20:07:00+00:00,391.44,391.4,391.49,1000,900,391.44736842105266,1.1892181808133292e-06,0.0009731949914939531
2022-07-26 20:08:00+00:00,391.85,391.84,391.9,1000,500,391.88,9.795632533732498e-07,7.400318979255971e-05
2022-07-26 20:09:00+00:00,391.9,391.85,391.91,500,400,391.8833333333333,5.646408180435548e-07,8.258052064702426e-05
2022-07-26 20:10:00+00:00,391.94,391.95,391.98,500,93,391.97529510961215,5.354377324767391e-07,8.58209820704392e-05
2022-07-26 20:11:00+00:00,391.93,391.96,392.01,400,400,391.985,2.778858007189138e-07,-3.898130751212037e-05
2022-07-26 20:12:00+00:00,392.01,391.98,392.0,1000,5,391.99990049751244,3.071550861937353e-07,0.0005456011128168736
2022-07-26 20:13:00+00:00,392.13,392.11,392.15,500,400,392.1322222222222,4.224807505702766e-07,-0.0005464122571195995
2022-07-26 20:14:00+00:00,391.95,391.94,391.99,400,400,391.965,6.058568308837307e-07,-0.00042364741557920915
2022-07-26 20:15:00+00:00,391.81,391.76,391.79,400,25,391.78823529411767,2.255929377199982e-07,0.00018301934357212168
2022-07-26 20:16:00+00:00,391.84,391.83,391.86,500,1,391.85994011976044,1.716836972324469e-07,-5.5389243504122554e-05
2022-07-26 20:17:00+00:00,391.87,391.81,391.84,400,25,391.8382352941176,2.1785965718663968e-07,-0.0001486207543629492
2022-07-26 20:18:00+00:00,391.8,391.78,391.82,900,20,391.8191304347826,1.4789168501817572e-07,-6.381132268107326e-05
2022-07-26 20:19:00+00:00,391.73,391.73,391.78,400,400,391.755,1.4246412433357335e-07,0.000168282701782152
2022-07-26 20:20:00+00:00,391.8,391.78,391.83,902,200,391.82092558983663,1.0540736579707114e-07,-0.0002944458214103607
2022-07-26 20:21:00+00:00,391.7,391.7,391.75,50,400,391.7055555555556,5.460900621699024e-08,-3.971236898470121e-05
2022-07-26 20:22:00+00:00,391.65,391.66,391.72,900,200,391.7090909090909,5.3175921311331794e-08,0.00030169014803682614
2022-07-26 20:23:00+00:00,391.83,391.78,391.83,400,310,391.8081690140845,2.5700671261387525e-07,-0.0001561198028066091
2022-07-26 20:24:00+00:00,391.77,391.71,391.75,400,600,391.726,1.3720273580028695e-07,0.00016081807901535683
2022-07-26 20:25:00+00:00,391.82,391.79,391.86,400,1000,391.81,1.058412594355946e-07,-0.000180264771066585
2022-07-26 20:26:00+00:00,391.75,391.72,391.74,400,13,391.7393704600484,8.698838980028953e-08,4.971594704628046e-05
2022-07-26 20:27:00+00:00,391.73,391.75,391.76,100,4,391.75961538461536,1.31186028018693e-07,-1.7645247785913476e-05
2022-07-26 20:28:00+00:00,391.75,391.75,391.78,531,450,391.7662385321101,2.407572398002318e-08,3.760847994449534e-05
2022-07-26 20:29:00+00:00,391.8,391.76,391.8,600,500,391.7818181818182,9.652718500387732e-08,0.0003146222760972428
2022-07-26 20:30:00+00:00,391.86,391.85,391.88,21,1400,391.8504433497537,8.344767767152899e-08,-4.800857259157354e-05
2022-07-26 20:31:00+00:00,391.92,391.86,391.91,400,1400,391.87111111111113,3.854435229360679e-08,9.923897880126376e-06
2022-07-26 20:32:00+00:00,391.9,391.86,391.89,400,400,391.875,1.1300180299351805e-07,-3.6410316256230146e-05
2022-07-26 20:33:00+00:00,391.91,391.85,391.88,2521,500,391.8750347567031,8.402277118209678e-08,-3.131257577682067e-05
2022-07-26 20:34:00+00:00,391.85,391.83,391.89,400,900,391.84846153846155,4.235747948140983e-08,0.00012699219480727386
2022-07-26 20:35:00+00:00,391.9,391.88,391.9,400,39,391.89822323462414,4.868177890585248e-08,0.000186796807089884
2022-07-26 20:36:00+00:00,391.97,391.96,391.98,400,300,391.9714285714286,1.3291927376218276e-07,0.0006082641678986089
2022-07-26 20:37:00+00:00,392.2,392.19,392.24,400,404,392.21487562189054,5.2135997221132456e-08,-0.0003820677782149229
2022-07-26 20:38:00+00:00,392.1,392.05,392.13,400,500,392.0855555555556,8.027598925713536e-08,0.00022591294335416734
2022-07-26 20:39:00+00:00,392.11,392.14,392.2,400,2400,392.1485714285714,1.1278428299904109e-07,-0.00012102636836708314
2022-07-26 20:40:00+00:00,392.12,392.07,392.11,400,400,392.09,9.629580860228649e-08,-0.0001330975383855293
2022-07-26 20:41:00+00:00,392.1,392.02,392.09,400,800,392.04333333333335,2.643962578695757e-07,5.659419363701623e-05
2022-07-26 20:42:00+00:00,392.09,392.04,392.11,400,400,392.075,1.1002905125734966e-07,8.825739418827361e-05
2022-07-26 20:43:00+00:00,392.13,392.08,392.17,400,1000,392.10571428571427,5.8653176568074166e-08,-0.00014229439664381616
2022-07-26 20:44:00+00:00,392.04,392.02,392.03,300,7901,392.0203658090477,5.8639509316076525e-08,-0.0001146915034255791
2022-07-26 20:45:00+00:00,392.01,391.97,392.01,400,101,392.0019361277445,1.3096401101299978e-07,0.00019536338915560059
2022-07-26 20:46:00+00:00,392.02,392.06,392.13,900,900,392.095,9.5697113811701e-08,7.591759205105575e-05
2022-07-26 20:47:00+00:00,392.07,392.11,392.12,15,100,392.1113043478261,7.941390694011136e-08,0.00014969130326791813
2022-07-26 20:48:00+00:00,392.2,392.17,392.2,900,50,392.1984210526316,5.814914488874137e-08,-0.00011572689237993039
2022-07-26 20:49:00+00:00,392.16,392.13,392.17,400,500,392.1477777777778,6.510151385150477e-08,0.0003194390818399562
2022-07-26 20:50:00+00:00,392.23,392.2,392.25,400,1,392.2498753117207,6.183345017416482e-08,-0.00022912769991134674
2022-07-26 20:51:00+00:00,392.16,392.12,392.19,700,400,392.1645454545455,9.837508391736601e-08,-2.5499796001748898e-05
2022-07-26 20:52:00+00:00,392.15,392.13,392.2,400,1000,392.15,1.948173552509785e-07,0.00025475009403685966
2022-07-26 20:53:00+00:00,392.23,392.21,392.25,400,1,392.24990024937654,6.545798274803279e-08,-0.00014987674497313197
2022-07-26 20:54:00+00:00,392.24,392.18,392.27,900,1000,392.22263157894736,6.897926780163264e-08,3.1163945015455496e-05
2022-07-26 20:55:00+00:00,392.2,392.19,392.23,400,1400,392.1988888888889,8.584912708791219e-08,-8.134750317800865e-05
2022-07-26 20:56:00+00:00,392.12,392.18,392.23,400,200,392.2133333333333,4.058146364542335e-07,0.0006830501130357103
2022-07-26 20:57:00+00:00,392.42,392.4,392.44,900,116,392.43543307086617,1.064473445989844e-07,-0.00017368608258550022
2022-07-26 20:58:00+00:00,392.38,392.37,392.42,921,500,392.4024067558058,3.0925686702403495e-08,0.0
2022-07-26 20:59:00+00:00,392.41,392.37,392.41,21,400,392.37199524940615,6.210770385127834e-08,0.00037861322962173816
2022-07-26 21:00:00+00:00,392.51,392.51,392.52,2700,55,392.5198003629764,1.558249226803614e-08,5.198220767410611e-05
2022-07-26 21:01:00+00:00,392.53,392.54,392.58,3,1285,392.54009316770185,8.731496522149105e-08,-0.0004142277685327267
2022-07-26 21:02:00+00:00,392.4,392.35,392.4,1,150,392.35033112582784,9.575510511299579e-08,-0.00048488375373989534
2022-07-26 21:03:00+00:00,392.2,392.16,392.2,615,288,392.18724252491694,2.9457524686407315e-08,-0.00012410168171761438
2022-07-26 21:04:00+00:00,392.11,392.11,392.16,200,150,392.1385714285714,7.670052978839061e-09,0.00011839837958160793
2022-07-26 21:05:00+00:00,392.2,392.17,392.2,100,100,392.185,1.4416619524222717e-08,1.8010612500507506e-05
2022-07-26 21:06:00+00:00,392.18,392.16,392.2,6,150,392.1615384615385,6.802050928686208e-09,-0.00010409662025712141
2022-07-26 21:07:00+00:00,392.17,392.15,392.2,5,197,392.1512376237623,1.384381711123532e-08,4.869235334936661e-07
2022-07-26 21:08:00+00:00,392.17,392.15,392.18,5,100,392.1514285714286,4.304412657297194e-12,-4.869232963500281e-07
2022-07-26 21:09:00+00:00,392.2,392.15,392.2,5,195,392.15125,3.97467496284598e-09,4.073808637850007e-05
2022-07-26 21:10:00+00:00,392.19,392.15,392.2,105,200,392.1672131147541,1.7980412439434964e-08,-5.643293676915739e-06
2022-07-26 21:11:00+00:00,392.18,392.15,392.2,25,100,392.16,2.6441226993563135e-09,9.32443338363953e-06
2022-07-26 21:12:00+00:00,392.17,392.15,392.17,125,9,392.1686567164179,1.217764215702025e-09,-3.3002205765186865e-05
2022-07-26 21:13:00+00:00,392.15,392.15,392.17,120,300,392.1557142857143,1.8692204423325957e-09,-5.5918595487591816e-05
2022-07-26 21:14:00+00:00,392.17,392.13,392.17,30,287,392.133785488959,1.4772828444401047e-09,3.5814226993613474e-05
2022-07-26 21:15:00+00:00,392.15,392.13,392.17,230,286,392.14782945736437,1.166096565732163e-12,-1.097790022219769e-07
2022-07-26 21:16:00+00:00,392.13,392.13,392.17,229,286,392.14778640776694,6.047943058567809e-09,-1.843909990573156e-05
2022-07-26 21:17:00+00:00,392.16,392.14,392.16,6,210,392.1405555555556,9.378910067976298e-08,0.0001685903438817249
2022-07-26 21:18:00+00:00,392.2,392.2,392.22,50,100,392.20666666666665,8.892556944566222e-09,-0.00010805770524280334
2022-07-26 21:19:00+00:00,392.16,392.15,392.2,20,50,392.1642857142857,2.8166967619891728e-08,0.00017960969548314054
2022-07-26 21:20:00+00:00,392.25,392.2,392.25,25,10,392.23571428571427,7.555023835438297e-10,-3.603451231448673e-05
2022-07-26 21:21:00+00:00,392.16,392.2,392.25,7,259,392.2013157894737,3.089175494945632e-08,8.658112465220746e-05
2022-07-26 21:22:00+00:00,392.25,392.25,392.31,41,500,392.2545471349353,3.732821387356168e-12,-1.9320510830089788e-06
2022-07-26 21:23:00+00:00,392.26,392.25,392.3,41,500,392.2537892791127,1.0585964239471356e-10,1.4074913108341747e-06
2022-07-26 21:24:00+00:00,392.25,392.25,392.32,39,1270,392.2520855614973,1.8463215342159758e-07,-0.0004514128384668359
2022-07-26 21:25:00+00:00,392.15,392.15,392.3,100,200,392.2,3.9579299885569417e-07,0.00046529291407626516
2022-07-26 21:26:00+00:00,392.2,392.2,392.26,3400,10,392.2598240469208,8.047397051088249e-08,0.00014391063269147963
2022-07-26 21:27:00+00:00,392.25,392.21,392.34,138,31,392.3161538461538,4.99014069809078e-08,-0.00019866179867122913
2022-07-26 21:28:00+00:00,392.25,392.21,392.32,138,400,392.2382156133829,1.1229096156254813e-07,5.5744266896917694e-05
2022-07-26 21:29:00+00:00,392.4,392.21,392.3,138,110,392.2600806451613,1.444334141960593e-07,-8.178411911941019e-05
2022-07-26 21:30:00+00:00,392.3,392.21,392.3,50,200,392.228,0.0,0.0
2022-07-26 21:31:00+00:00,392.3,392.21,392.3,50,200,392.228,6.966130291885379e-08,0.00016940260370090776
2022-07-26 21:32:00+00:00,392.3,392.23,392.3,7,200,392.2323671497585,2.5060532767071748e-08,-0.00016272791581861679
2022-07-26 21:33:00+00:00,392.3,392.23,392.3,7,800,392.23060718711275,2.4276318264543985e-12,1.5289715489252842e-06
2022-07-26 21:34:00+00:00,392.3,392.23,392.3,7,399,392.2312068965518,1.7623619516438976e-07,-2.3433290148311414e-06
2022-07-26 21:35:00+00:00,392.33,392.21,392.33,47,231,392.2302877697841,5.427754470310325e-08,0.00011725896698111526
2022-07-26 21:36:00+00:00,392.2,392.2,392.33,896,631,392.2762802881467,1.6552642841221134e-08,9.888952458680933e-06
2022-07-26 21:37:00+00:00,392.33,392.28,392.33,2,625,392.28015948963315,1.8867955040463594e-08,-7.949708876275885e-05
2022-07-26 21:38:00+00:00,392.33,392.21,392.25,38,1,392.24897435897435,4.781498859531133e-08,-0.00027006031280663034
2022-07-26 21:39:00+00:00,392.16,392.11,392.23,38,100,392.1430434782609,2.6229372949847923e-08,-6.513816497755176e-05
2022-07-26 21:40:00+00:00,392.1,392.1,392.24,100,700,392.1175,7.527084947281278e-08,-0.0001465906283750762
2022-07-26 21:41:00+00:00,392.1,392.06,392.1,1,2077,392.0600192492781,1.6458988664706854e-09,3.7675430508699037e-07
2022-07-26 21:42:00+00:00,392.25,392.06,392.25,1,1137,392.0601669595782,3.613704723145825e-07,0.0003694153413873469
2022-07-26 21:43:00+00:00,392.28,392.1,392.24,300,100,392.205,4.3357565829696546e-08,-1.3166661472330254e-05
2022-07-26 21:44:00+00:00,392.2,392.16,392.2,3400,14,392.1998359695372,1.3418722545425105e-08,7.413841433456803e-05
2022-07-26 21:45:00+00:00,392.21,392.18,392.24,300,168,392.2184615384615,4.007884228860631e-08,-9.32957593005046e-05
2022-07-26 21:46:00+00:00,392.15,392.15,392.24,300,338,392.19231974921627,2.7908575468457552e-08,-1.0200516316505315e-05
2022-07-26 21:47:00+00:00,392.18,392.18,392.25,70,519,392.18831918505947,1.8947706216539567e-10,2.2946698021497625e-05
2022-07-26 21:48:00+00:00,392.2,392.15,392.2,600,34,392.1973186119874,7.47344591501823e-08,-9.469623193258947e-06
2022-07-26 21:49:00+00:00,392.25,392.16,392.25,15,388,392.1633498759306,1.0145949962083087e-08,-2.0269563361985377e-05
2022-07-26 21:50:00+00:00,392.15,392.15,392.25,215,388,392.1856550580431,1.281529922416349e-09,1.9578164553557542e-05
2022-07-26 21:51:00+00:00,392.25,392.17,392.24,50,100,392.1933333333333,1.8503053625317068e-10,1.54985586340306e-05
2022-07-26 21:52:00+00:00,392.24,392.17,392.2,50,1,392.19941176470587,1.2346763832787506e-12,1.1111599269586492e-06
2022-07-26 21:53:00+00:00,392.15,392.15,392.2,327,1,392.19984756097557,2.381220691500785e-08,2.1897837165774092e-07
2022-07-26 21:54:00+00:00,392.15,392.16,392.2,600,1,392.19993344425956,4.177435963382411e-09,5.835742863391502e-06
2022-07-26 21:55:00+00:00,392.22,392.2,392.22,1,8,392.2022222222222,7.419063183658477e-07,0.00034315867198841943
2022-07-26 21:56:00+00:00,392.38,392.3,392.38,300,352,392.3368098159509,2.070109111676523e-08,-6.533265664354637e-06
2022-07-26 21:57:00+00:00,392.3,392.3,392.34,500,84,392.3342465753425,3.2140824669887795e-07,0.00018671177776852232
2022-07-26 21:58:00+00:00,392.41,392.41,392.5,300,101,392.47733167082293,6.876245559673498e-08,0.0003622556590385795
2022-07-26 21:59:00+00:00,392.55,392.49,392.55,514,3,392.5496518375242,7.465112925701823e-08,-0.00014771423331061406
2022-07-26 22:00:00+00:00,392.5,392.45,392.5,500,100,392.4916666666667,3.318115772906864e-07,0.0004054038864318432
2022-07-26 22:01:00+00:00,392.7,392.65,392.66,10,100,392.65090909090907,1.0462719716541803e-07,0.00016933218066395028
2022-07-26 22:02:00+00:00,392.71,392.69,392.72,500,50,392.7172727272727,7.027304003247865e-08,-6.944621275073448e-05
2022-07-26 22:03:00+00:00,392.7,392.65,392.72,10,500,392.65137254901964,7.507582886173944e-08,-5.1570593296079714e-05
2022-07-26 22:04:00+00:00,392.64,392.64,392.72,296,500,392.66974874371857,1.5600573876717275e-07,0.001146034708512822
2022-07-26 22:05:00+00:00,393.12,393.09,393.12,500,4,393.1197619047619,2.457390859500502e-07,0.0009151506024387412
2022-07-26 22:06:00+00:00,393.42,393.43,393.48,1000,6,393.4797017892644,1.977688684446475e-07,3.100259463373334e-06
2022-07-26 22:07:00+00:00,393.54,393.47,393.49,500,301,393.48248439450686,1.4339066581464843e-07,0.0005783961618626154
2022-07-26 22:08:00+00:00,393.71,393.7,393.71,500,100,393.7083333333333,1.687584170121167e-07,0.0002858690306475342
2022-07-26 22:09:00+00:00,393.89,393.89,393.9,500,12,393.899765625,3.978148557657264e-07,0.0010133653199979609
2022-07-26 22:10:00+00:00,394.2,394.2,394.22,900,3,394.21993355481726,3.8239536522429735e-07,0.0004028338638302209
2022-07-26 22:11:00+00:00,394.42,394.37,394.42,200,942,394.37875656742557,2.2233782193642118e-07,-0.000647280224390534
2022-07-26 22:12:00+00:00,394.12,394.1,394.14,20,1000,394.10078431372546,1.3052955641509405e-07,-0.00011055712989704869
2022-07-26 22:13:00+00:00,394.08,394.05,394.08,400,1,394.0799251870324,1.5037350013259436e-07,0.000355245125926551
2022-07-26 22:14:00+00:00,394.22,394.18,394.23,500,500,394.205,4.833667811417029e-08,-0.00016721671409680727
2022-07-26 22:15:00+00:00,394.15,394.15,394.17,100,400,394.154,9.815925721173589e-08,-0.00018800014740683046
2022-07-26 22:16:00+00:00,394.05,394.05,394.07,296,400,394.0585057471264,8.012671627944378e-08,-0.00021772895439930995
2022-07-26 22:17:00+00:00,394.0,393.97,394.0,447,98,393.9946055045871,8.765674025397624e-08,-0.00010918895577560761
2022-07-26 22:18:00+00:00,393.97,393.94,393.95,50,25,393.94666666666666,8.42259687373498e-08,-0.00021751930959290622
2022-07-26 22:19:00+00:00,393.86,393.85,393.9,400,500,393.8722222222222,4.0430650708531805e-08,-0.00010888140227538479
2022-07-26 22:20:00+00:00,393.82,393.82,393.85,100,1100,393.8225,3.294496408980184e-08,-8.237243875208744e-05
2022-07-26 22:21:00+00:00,393.8,393.79,393.82,1,500,393.79005988023954,2.780669959713878e-08,-7.628409962623373e-05
2022-07-26 22:22:00+00:00,393.78,393.76,393.77,1,500,393.76001996007983,1.0891014066752555e-07,0.00035424784731286074
2022-07-26 22:23:00+00:00,393.9,393.86,393.89,2,900,393.860066518847,8.341971688117081e-08,-0.0002270149370688923
2022-07-26 22:24:00+00:00,393.85,393.81,393.85,401,456,393.8287164527421,4.832052625897751e-08,7.626009467820438e-05
2022-07-26 22:25:00+00:00,393.88,393.84,393.87,2,500,393.84011952191236,4.731012435437626e-08,-0.00015213018174031756
2022-07-26 22:26:00+00:00,393.8,393.78,393.8,31,3000,393.78020455295285,1.4846604904059435e-08,-8.704717178520394e-05
2022-07-26 22:27:00+00:00,393.74,393.73,393.78,201,430,393.74592709984154,1.6518622612978612e-08,-0.00011726854868543413
2022-07-26 22:28:00+00:00,393.7,393.68,393.7,400,5,393.6997530864197,4.444876311995267e-08,-0.00012611980425947245
2022-07-26 22:29:00+00:00,393.65,393.65,393.69,1,400,393.65009975062344,5.287797495602133e-08,-5.174528041274051e-05
2022-07-26 22:30:00+00:00,393.62,393.6,393.63,1102,10,393.62973021582735,9.203090058985015e-08,0.0001531128864162845
2022-07-26 22:31:00+00:00,393.75,393.66,393.72,500,500,393.69,1.1277303197862823e-08,0.0001194059502944711
2022-07-26 22:32:00+00:00,393.72,393.72,393.75,381,291,393.73700892857147,1.3351116478157701e-08,0.00010193080066467353
2022-07-26 22:33:00+00:00,393.77,393.76,393.79,400,300,393.77714285714285,9.083396726545149e-09,1.3684688080495278e-06
2022-07-26 22:34:00+00:00,393.8,393.79,393.8,500,1136,393.7930562347188,4.004941775385634e-08,0.00028513132198648705
2022-07-26 22:35:00+00:00,393.87,393.84,393.89,500,1,393.8899001996008,1.2812668480021251e-08,-2.6079821476621134e-05
2022-07-26 22:36:00+00:00,393.88,393.88,393.89,290,101,393.88741687979535,7.709939370983242e-09,-4.279960036046582e-05
2022-07-26 22:37:00+00:00,393.87,393.85,393.87,832,465,393.8628296067849,2.941156116080883e-08,-0.00010310032201621411
2022-07-26 22:38:00+00:00,393.85,393.8,393.85,400,500,393.8222222222222,2.9154616073254905e-08,-0.00036113305495988346
2022-07-26 22:39:00+00:00,393.69,393.64,393.7,400,200,393.68,1.9831535405148962e-07,-0.0007734769748499737
2022-07-26 22:40:00+00:00,393.4,393.36,393.4,401,634,393.37549758454105,5.456610694232717e-08,-0.00013583482653511947
2022-07-26 22:41:00+00:00,393.34,393.32,393.36,530,2000,393.3283794466403,7.759099731785895e-08,-0.00030613776507582013
2022-07-26 22:42:00+00:00,393.21,393.2,393.21,99,500,393.201652754591,5.7029465078313497e-08,0.00011448047524798
2022-07-26 22:43:00+00:00,393.21,393.21,393.26,7,500,393.21069033530574,8.8944925230073e-08,-1.5601328946179827e-05
2022-07-26 22:44:00+00:00,393.24,393.24,393.27,9,499,393.240531496063,6.455978547855244e-08,0.00013273244359046643
2022-07-26 22:45:00+00:00,393.26,393.29,393.3,50,2000,393.29024390243904,5.200539053724941e-08,0.00022755302422061696
2022-07-26 22:46:00+00:00,393.36,393.36,393.41,400,500,393.3822222222222,3.32789128321814e-08,-0.00018289105108393322
2022-07-26 22:47:00+00:00,393.32,393.31,393.33,7,500,393.31027613412226,3.558562788859269e-08,-4.5902466819569554e-05
2022-07-26 22:48:00+00:00,393.25,393.27,393.32,400,500,393.2922222222222,1.7348707287463303e-08,-9.751338143326738e-05
2022-07-26 22:49:00+00:00,393.25,393.25,393.27,120,500,393.25387096774193,8.710900083087435e-08,-0.0002396450361198399
2022-07-26 22:50:00+00:00,393.16,393.13,393.16,400,5,393.1596296296296,1.741142899111116e-08,-9.88029110229327e-05
2022-07-26 22:51:00+00:00,393.15,393.13,393.16,100,500,393.135,1.4447392559219408e-08,6.866455585496922e-05
2022-07-26 22:52:00+00:00,393.15,393.13,393.17,400,500,393.1477777777778,2.152269253369245e-08,-7.065480042922623e-06
2022-07-26 22:53:00+00:00,393.17,393.14,393.17,100,490,393.14508474576274,1.588245509646855e-08,-0.00022892317084022284
2022-07-26 22:54:00+00:00,393.06,393.05,393.08,100,500,393.055,2.4393808051369132e-08,6.925804842139449e-05
2022-07-26 22:55:00+00:00,393.13,393.06,393.11,400,500,393.08222222222224,3.31219899350876e-08,0.00022889698632955202
2022-07-26 22:56:00+00:00,393.13,393.15,393.2,400,501,393.17219755826864,2.3278911456373812e-08,-3.703216531081299e-05
2022-07-26 22:57:00+00:00,393.18,393.15,393.19,118,500,393.15763754045304,7.347117135020272e-09,-9.573142388508149e-05
2022-07-26 22:58:00+00:00,393.14,393.11,393.13,100,500,393.11333333333334,3.031570974731354e-08,7.26786441072047e-05
2022-07-26 22:59:00+00:00,393.17,393.18,393.2,400,500,393.18888888888887,3.422610966595399e-08,0.00021981575984630908
2022-07-26 23:00:00+00:00,393.24,393.23,393.26,100,501,393.23499168053246,3.892374869230783e-08,0.0002917979427070616
2022-07-26 23:01:00+00:00,393.33,393.33,393.35,300,4,393.3497368421053,5.4404888035395224e-08,-8.110723303933476e-05
2022-07-26 23:02:00+00:00,393.3,393.3,393.33,749,511,393.3178333333333,7.723993718865157e-09,-4.776217271007521e-05
2022-07-26 23:03:00+00:00,393.3,393.28,393.3,100,5,393.29904761904766,7.693057214339615e-08,-0.00016284712468894735
2022-07-26 23:04:00+00:00,393.28,393.24,393.28,400,500,393.2577777777778,1.3405148336531734e-08,-8.469619739326362e-06
2022-07-26 23:05:00+00:00,393.24,393.23,393.24,100,499,393.23166944908183,8.48336912020163e-09,-7.008555562004748e-05
2022-07-26 23:06:00+00:00,393.23,393.2,393.22,75,290,393.2041095890411,3.7310013280615724e-08,-0.00010333393568540128
2022-07-26 23:07:00+00:00,393.16,393.16,393.2,50,525,393.16347826086957,3.4889082710582724e-08,8.623618055914051e-05
2022-07-26 23:08:00+00:00,393.17,393.16,393.2,400,28,393.19738317757015,4.767240271128877e-08,0.0003429296593033815
2022-07-26 23:09:00+00:00,393.31,393.31,393.36,400,500,393.33222222222224,5.518624705622197e-08,2.9943587411151995e-05
2022-07-26 23:10:00+00:00,393.33,393.3,393.35,500,600,393.32272727272726,2.0655130614889973e-08,0.00011463479572815238
2022-07-26 23:11:00+00:00,393.4,393.34,393.4,900,200,393.3890909090909,1.6665220234391825e-08,-9.428555582258191e-05
2022-07-26 23:12:00+00:00,393.36,393.32,393.36,400,100,393.352,5.61885413419569e-09,8.156959041549783e-08
2022-07-26 23:13:00+00:00,393.36,393.35,393.36,76,298,393.3520320855615,5.09607260184831e-08,0.00035058084876737894
2022-07-26 23:14:00+00:00,393.48,393.48,393.49,600,4,393.48993377483447,6.10708030487457e-08,7.45496017320324e-05
2022-07-26 23:15:00+00:00,393.53,393.49,393.52,400,10,393.5192682926829,2.5146009207664092e-08,3.291815822770161e-05
2022-07-26 23:16:00+00:00,393.56,393.51,393.55,400,2,393.54980099502484,3.607288242299185e-08,-0.00018332054371550388
2022-07-26 23:17:00+00:00,393.5,393.46,393.48,2,500,393.46007968127486,4.530862683260273e-08,-7.644913125426367e-05
2022-07-26 23:18:00+00:00,393.46,393.41,393.45,400,400,393.43,5.142706399124981e-08,2.9653729168188647e-05
2022-07-26 23:19:00+00:00,393.44,393.44,393.45,350,2000,393.4414893617021,5.215081645686294e-08,4.649587149385681e-05
2022-07-26 23:20:00+00:00,393.46,393.44,393.49,500,200,393.4757142857143,3.480519717480045e-08,7.102856640917032e-05
2022-07-26 23:21:00+00:00,393.45,393.46,393.49,400,30,393.48790697674417,1.7218272249274242e-08,-0.00014469176784970283
2022-07-26 23:22:00+00:00,393.46,393.43,393.45,46,900,393.43097251585624,3.860081851470741e-08,-0.00012855235043862656
2022-07-26 23:23:00+00:00,393.41,393.38,393.41,1,500,393.3800598802395,5.202690267367598e-08,0.00010010828127304805
2022-07-26 23:24:00+00:00,393.44,393.39,393.42,400,3,393.419776674938,1.6222486250227344e-08,6.733966283478665e-05
2022-07-26 23:25:00+00:00,393.48,393.43,393.48,500,372,393.4586697247706,4.8065300044886205e-08,0.00016198036402914617
2022-07-26 23:26:00+00:00,393.5,393.46,393.56,500,500,393.51,1.0451918692504524e-07,-0.0001468267077781027
2022-07-26 23:27:00+00:00,393.43,393.43,393.48,400,500,393.45222222222225,1.2855659717417381e-08,7.04310647281492e-05
2022-07-26 23:28:00+00:00,393.43,393.45,393.48,900,2,393.479933481153,1.1050843927114035e-08,-4.218804164379808e-05
2022-07-26 23:29:00+00:00,393.48,393.43,393.49,500,400,393.4633333333333,2.922754542088699e-08,0.00042059877518063615
2022-07-26 23:30:00+00:00,393.61,393.57,393.63,500,10,393.62882352941176,9.662647916775216e-08,7.637997443254996e-05
2022-07-26 23:31:00+00:00,393.71,393.62,393.69,500,400,393.6588888888889,4.0282277797760024e-08,7.903063283776213e-05
2022-07-26 23:32:00+00:00,393.67,393.66,393.72,400,400,393.69,4.5160866588781846e-08,-7.337978838395376e-05
2022-07-26 23:33:00+00:00,393.65,393.65,393.69,500,1300,393.6611111111111,8.426861074478075e-09,-2.7547665080174255e-06
2022-07-26 23:34:00+00:00,393.69,393.66,393.69,1,1124,393.6600266666667,1.9508765984514035e-08,-2.3516321877581348e-05
2022-07-26 23:35:00+00:00,393.65,393.65,393.67,7,175,393.65076923076924,5.479801577368032e-08,0.0002747596324292889
2022-07-26 23:36:00+00:00,393.75,393.7,393.76,550,10,393.75892857142856,1.5123512274696067e-08,-2.329464350392385e-05
2022-07-26 23:37:00+00:00,393.73,393.74,393.75,400,10,393.749756097561,2.948093297590577e-08,0.00024894410396147926
2022-07-26 23:38:00+00:00,393.84,393.83,393.85,400,50,393.84777777777776,3.7013817841084004e-08,-1.9669735952243528e-05
2022-07-26 23:39:00+00:00,393.87,393.84,393.87,1,970,393.8400308959835,7.016658052304165e-08,8.111701068536092e-05
2022-07-26 23:40:00+00:00,393.89,393.85,393.9,400,410,393.8746913580247,4.7961251087230926e-08,5.139791956243478e-05
2022-07-26 23:41:00+00:00,393.94,393.84,393.9,500,500,393.87,4.1265573124995137e-08,6.487956378364856e-05
2022-07-26 23:42:00+00:00,393.94,393.89,393.94,500,400,393.91777777777776,9.356533124141851e-09,1.0256973075328801e-06
2022-07-26 23:43:00+00:00,393.91,393.9,393.92,1400,50,393.9193103448276,1.46649288977725e-08,0.00012308355065271392
2022-07-26 23:44:00+00:00,393.94,393.94,393.97,800,100,393.96666666666664,8.714721502371559e-08,-9.307047973594607e-05
2022-07-26 23:45:00+00:00,393.96,393.92,393.96,500,400,393.9422222222222,9.135337423361542e-08,0.00015217045186788347
2022-07-26 23:46:00+00:00,393.96,393.93,393.99,400,1,393.9898503740648,5.603927683177666e-08,-0.00021653341814986682
2022-07-26 23:47:00+00:00,393.94,393.9,393.94,52,397,393.90463251670377,2.5197094682139403e-08,0.00016439205453466776
2022-07-26 23:48:00+00:00,393.97,393.93,393.97,400,14,393.96864734299515,1.3012764547806222e-08,0.00017829385571177525
2022-07-26 23:49:00+00:00,394.04,394.01,394.04,400,5,394.0396296296296,9.67831896570655e-08,7.56032083715219e-05
2022-07-26 23:50:00+00:00,394.06,394.06,394.07,325,20,394.0694202898551,4.788070170542239e-08,0.000128289001597226
2022-07-26 23:51:00+00:00,394.11,394.1,394.12,1150,1,394.11998262380536,3.112892218444567e-08,9.987575432490736e-05
2022-07-26 23:52:00+00:00,394.15,394.15,394.16,1439,102,394.159338092148,2.0635971298440612e-08,-3.5630196074776244e-05
2022-07-26 23:53:00+00:00,394.16,394.11,394.15,900,120,394.1452941176471,4.342017651921734e-08,8.788550238802983e-05
2022-07-26 23:54:00+00:00,394.2,394.2,394.24,900,400,394.2276923076923,7.225625071131152e-08,0.0001515079598481961
2022-07-26 23:55:00+00:00,394.2,394.2,394.24,555,105,394.2336363636364,4.9551689932890175e-08,-0.00024107110117277397
2022-07-26 23:56:00+00:00,394.15,394.11,394.16,900,400,394.1446153846154,4.4162968650227045e-08,-0.00025530580587851404
2022-07-26 23:57:00+00:00,394.08,394.04,394.05,199,300,394.04398797595195,1.7692971277907684e-08,5.085746965116655e-06
2022-07-26 23:58:00+00:00,394.03,394.02,394.05,600,100,394.04571428571427,4.718365545408993e-09,-6.166958309039572e-05
2022-07-26 23:59:00+00:00,394.03,394.02,394.03,80,393,394.0216913319239,5.9065418513323196e-08,-5.853546957623745e-05
