ts_recv,price,bid_px_00,ask_px_00,bid_sz_00,ask_sz_00,weighted_mid,rv_60s,ret_60s
2021-01-21 08:01:00+00:00,,,,0,0,,0.0,
2021-01-21 08:02:00+00:00,,,,0,0,,0.0,
2021-01-21 08:03:00+00:00,,,,0,0,,0.0,
2021-01-21 08:04:00+00:00,,,,0,0,,0.0,
2021-01-21 08:05:00+00:00,,,,0,0,,0.0,
2021-01-21 08:06:00+00:00,,,,0,0,,0.0,
2021-01-21 08:07:00+00:00,,,,0,0,,0.0,
2021-01-21 08:08:00+00:00,,,,0,0,,0.0,
2021-01-21 08:09:00+00:00,,,,0,0,,0.0,
2021-01-21 08:10:00+00:00,,,,0,0,,0.0,
2021-01-21 08:11:00+00:00,,,,0,0,,0.0,
2021-01-21 08:12:00+00:00,,,,0,0,,0.0,
2021-01-21 08:13:00+00:00,,,,0,0,,0.0,
2021-01-21 08:14:00+00:00,,,,0,0,,0.0,
2021-01-21 08:15:00+00:00,,,,0,0,,0.0,
2021-01-21 08:16:00+00:00,,,,0,0,,0.0,
2021-01-21 08:17:00+00:00,,,,0,0,,0.0,
2021-01-21 08:18:00+00:00,,,,0,0,,0.0,
2021-01-21 08:19:00+00:00,,,,0,0,,0.0,
2021-01-21 08:20:00+00:00,,,,0,0,,0.0,
2021-01-21 08:21:00+00:00,,,,0,0,,0.0,
2021-01-21 08:22:00+00:00,,,,0,0,,0.0,
2021-01-21 08:23:00+00:00,,,,0,0,,0.0,
2021-01-21 08:24:00+00:00,,,,0,0,,0.0,
2021-01-21 08:25:00+00:00,,,,0,0,,0.0,
2021-01-21 08:26:00+00:00,,,,0,0,,0.0,
2021-01-21 08:27:00+00:00,,,,0,0,,0.0,
2021-01-21 08:28:00+00:00,,,,0,0,,0.0,
2021-01-21 08:29:00+00:00,,,,0,0,,0.0,
2021-01-21 08:30:00+00:00,,,,0,0,,0.0,
2021-01-21 08:31:00+00:00,,,,0,0,,0.0,
2021-01-21 08:32:00+00:00,,,,0,0,,0.0,
2021-01-21 08:33:00+00:00,,,,0,0,,0.0,
2021-01-21 08:34:00+00:00,,,,0,0,,0.0,
2021-01-21 08:35:00+00:00,,,,0,0,,0.0,
2021-01-21 08:36:00+00:00,,,,0,0,,0.0,
2021-01-21 08:37:00+00:00,,,,0,0,,0.0,
2021-01-21 08:38:00+00:00,,,,0,0,,0.0,
2021-01-21 08:39:00+00:00,,,,0,0,,0.0,
2021-01-21 08:40:00+00:00,,,,0,0,,0.0,
2021-01-21 08:41:00+00:00,,,,0,0,,0.0,
2021-01-21 08:42:00+00:00,,,,0,0,,0.0,
2021-01-21 08:43:00+00:00,,,,0,0,,0.0,
2021-01-21 08:44:00+00:00,,,,0,0,,0.0,
2021-01-21 08:45:00+00:00,,,,0,0,,0.0,
2021-01-21 08:46:00+00:00,,,,0,0,,0.0,
2021-01-21 08:47:00+00:00,,,,0,0,,0.0,
2021-01-21 08:48:00+00:00,,,,0,0,,0.0,
2021-01-21 08:49:00+00:00,,,,0,0,,0.0,
2021-01-21 08:50:00+00:00,,,,0,0,,0.0,
2021-01-21 08:51:00+00:00,,,,0,0,,0.0,
2021-01-21 08:52:00+00:00,,,,0,0,,0.0,
2021-01-21 08:53:00+00:00,,,,0,0,,0.0,
2021-01-21 08:54:00+00:00,,,,0,0,,0.0,
2021-01-21 08:55:00+00:00,,,,0,0,,0.0,
2021-01-21 08:56:00+00:00,,,,0,0,,0.0,
2021-01-21 08:57:00+00:00,,,,0,0,,0.0,
2021-01-21 08:58:00+00:00,,,,0,0,,0.0,
2021-01-21 08:59:00+00:00,,,,0,0,,0.0,
2021-01-21 09:00:00+00:00,,,,0,0,,1.3297153896035275e-07,
2021-01-21 09:01:00+00:00,384.69,384.67,384.7,500,100,384.695,8.564805832785126e-08,0.0003896054323633269
2021-01-21 09:02:00+00:00,384.8,384.8,384.85,295,600,384.81648044692736,5.3105032434791476e-08,3.930719344680256e-05
2021-01-21 09:03:00+00:00,384.8,384.82,384.87,500,500,384.845,2.387369796740743e-08,-0.0001082686969212654
2021-01-21 09:04:00+00:00,384.83,384.8,384.84,500,500,384.82,2.978691220228353e-08,-3.1401321887392086e-05
2021-01-21 09:05:00+00:00,384.83,384.76,384.81,500,300,384.79125,3.7051127469037655e-08,-0.00018044022098162582
2021-01-21 09:06:00+00:00,384.77,384.72,384.77,500,500,384.745,1.956635347864301e-08,-4.8047310059584625e-05
2021-01-21 09:07:00+00:00,384.72,384.6,384.67,1100,500,384.648125,3.6123284248647094e-08,-9.531153876141119e-05
2021-01-21 09:08:00+00:00,384.72,384.62,384.69,1000,500,384.6666666666667,5.161642739685412e-08,-4.332755632596719e-05
2021-01-21 09:09:00+00:00,384.67,384.62,384.69,1000,500,384.6666666666667,1.9305492548177493e-08,7.799298063182469e-05
2021-01-21 09:10:00+00:00,384.65,384.65,384.7,500,1000,384.6666666666667,3.3155940877933e-08,2.599563273375516e-05
2021-01-21 09:11:00+00:00,384.65,384.65,384.71,1000,500,384.69,2.7285176513281365e-08,-4.904708863828766e-05
2021-01-21 09:12:00+00:00,384.65,384.67,384.69,30,500,384.67113207547175,8.394742634412461e-09,-0.00012819754211212953
2021-01-21 09:13:00+00:00,384.67,384.6,384.64,600,500,384.6218181818182,2.9289468279935143e-08,0.00012527063183664922
2021-01-21 09:14:00+00:00,384.63,384.65,384.69,500,500,384.67,4.945187217021998e-08,-6.499077131061348e-05
2021-01-21 09:15:00+00:00,384.65,384.63,384.66,300,300,384.645,2.3766965846826727e-08,6.174524561619599e-05
2021-01-21 09:16:00+00:00,384.65,384.65,384.68,500,300,384.66875,5.31139747160042e-08,7.976166034318055e-06
2021-01-21 09:17:00+00:00,384.65,384.65,384.68,800,300,384.6718181818182,2.203483542120506e-08,-4.726579209246573e-06
2021-01-21 09:18:00+00:00,384.65,384.65,384.69,500,500,384.67,5.0497759313764846e-08,4.827885868774473e-05
2021-01-21 09:19:00+00:00,384.7,384.66,384.7,100,40,384.68857142857144,3.5542667871235384e-08,-0.00016958677767797692
2021-01-21 09:20:00+00:00,384.7,384.62,384.64,100,500,384.62333333333333,1.7955738059065412e-08,-5.723152161629663e-06
2021-01-21 09:21:00+00:00,384.7,384.6,384.64,560,500,384.62113207547173,1.532530478471801e-08,1.9997481413680518e-05
2021-01-21 09:22:00+00:00,384.7,384.6,384.66,560,500,384.6316981132075,2.0105631181325947e-08,0.00024177764826127657
2021-01-21 09:23:00+00:00,384.72,384.7,384.73,800,300,384.7218181818182,8.074093158650735e-09,-0.00010869719324946292
2021-01-21 09:24:00+00:00,384.72,384.65,384.7,800,500,384.6807692307692,1.6536428114828333e-08,-7.798689820115445e-05
2021-01-21 09:25:00+00:00,384.72,384.62,384.67,500,500,384.645,4.383474471021352e-08,-0.0005199532042116095
2021-01-21 09:26:00+00:00,384.5,384.43,384.47,500,500,384.45,9.161339289842234e-08,0.0004421901417610563
2021-01-21 09:27:00+00:00,384.6,384.59,384.64,500,500,384.615,1.846091339323767e-08,-0.00016899797202429845
2021-01-21 09:28:00+00:00,384.53,384.55,384.59,500,500,384.57,1.9428891142459374e-08,0.00016902653716632798
2021-01-21 09:29:00+00:00,384.53,384.65,384.69,500,500,384.67,4.87095927060029e-08,5.404322716695553e-05
2021-01-21 09:30:00+00:00,384.63,384.63,384.67,295,799,384.6407861060329,3.210556447190665e-08,-5.404030665423498e-05
2021-01-21 09:31:00+00:00,384.63,384.61,384.64,300,500,384.62125,3.642677561737225e-08,6.499922000924307e-05
2021-01-21 09:32:00+00:00,384.63,384.62,384.67,500,500,384.645,3.540676842146843e-08,0.00012739019095531212
2021-01-21 09:33:00+00:00,384.63,384.68,384.7,300,200,384.692,2.069762151002545e-08,6.758618538382777e-05
2021-01-21 09:34:00+00:00,384.63,384.7,384.74,500,500,384.72,3.6119878996761296e-08,0.0
2021-01-21 09:35:00+00:00,384.79,384.69,384.74,500,500,384.715,3.3003699393305345e-08,-0.0001267155333750658
2021-01-21 09:36:00+00:00,384.64,384.66,384.69,300,500,384.67125,3.717006102572042e-08,5.11062131862694e-05
2021-01-21 09:37:00+00:00,384.68,384.68,384.72,300,800,384.6909090909091,3.11129710006595e-08,2.1268550902675543e-05
2021-01-21 09:38:00+00:00,384.68,384.67,384.71,800,300,384.6990909090909,4.906568700835424e-09,-4.7586791333875667e-05
2021-01-21 09:39:00+00:00,384.68,384.68,384.72,10,500,384.6807843137255,9.960566000911003e-09,-2.4785001264127082e-05
2021-01-21 09:40:00+00:00,384.68,384.66,384.69,300,500,384.67125,1.1776799625288929e-08,0.0
2021-01-21 09:41:00+00:00,384.68,384.66,384.69,300,500,384.67125,4.680349968358282e-09,-3.249528006010749e-06
2021-01-21 09:42:00+00:00,384.68,384.65,384.69,500,500,384.67,1.1158914079069457e-08,6.499077131039144e-05
2021-01-21 09:43:00+00:00,384.68,384.68,384.72,300,500,384.695,1.9639218617209494e-08,6.823587517379437e-05
2021-01-21 09:44:00+00:00,384.68,384.71,384.74,300,500,384.72125,2.7355890465404703e-08,2.2588094004349912e-05
2021-01-21 09:45:00+00:00,384.68,384.7,384.73,500,1,384.7299401197605,3.3407662710144206e-08,-1.3840189155622795e-05
2021-01-21 09:46:00+00:00,384.77,384.7,384.74,300,500,384.715,1.418331893213579e-08,0.0
2021-01-21 09:47:00+00:00,384.71,384.7,384.74,800,500,384.7246153846154,4.334205696140765e-08,5.731705528955189e-05
2021-01-21 09:48:00+00:00,384.71,384.72,384.75,800,100,384.74666666666667,1.3791096751583537e-08,4.8650060779253934e-05
2021-01-21 09:49:00+00:00,384.71,384.73,384.77,300,800,384.7409090909091,3.0276097962665194e-08,7.696998170714231e-05
2021-01-21 09:50:00+00:00,384.71,384.78,384.82,300,500,384.795,1.4888511128519157e-08,-6.496965916924502e-05
2021-01-21 09:51:00+00:00,384.71,384.75,384.79,500,500,384.77,1.3739619457978684e-08,-0.00012669906697504452
2021-01-21 09:52:00+00:00,384.71,384.71,384.74,300,500,384.72125,9.241163120197625e-09,1.4768662199848848e-06
2021-01-21 09:53:00+00:00,384.71,384.7,384.74,600,500,384.7218181818182,3.488170911941153e-09,-1.4768640388407306e-06
2021-01-21 09:54:00+00:00,384.7,384.71,384.74,300,500,384.72125,1.2254723211482073e-08,6.17330079895062e-05
2021-01-21 09:55:00+00:00,384.7,384.72,384.76,500,300,384.745,2.6133916637303898e-08,0.0
2021-01-21 09:56:00+00:00,384.7,384.73,384.76,300,300,384.745,2.49841838013386e-08,3.544260129828558e-06
2021-01-21 09:57:00+00:00,384.7,384.73,384.76,300,300,384.745,1.1444797433090552e-08,-0.00019847786381110843
2021-01-21 09:58:00+00:00,384.7,384.65,384.72,500,1100,384.671875,2.291806834054564e-08,-5.4355917823434297e-05
2021-01-21 09:59:00+00:00,384.7,384.62,384.66,800,300,384.6490909090909,9.009705971897318e-09,2.6361326152857245e-05
2021-01-21 10:00:00+00:00,384.65,384.65,384.69,500,800,384.6653846153846,1.6699367749662967e-08,2.7996808363850434e-05
2021-01-21 10:01:00+00:00,384.65,384.65,384.69,500,500,384.67,2.6787693006345676e-08,-8.66543617472626e-06
2021-01-21 10:02:00+00:00,384.65,384.65,384.67,500,100,384.6666666666667,2.2877303378851445e-08,-0.00011806759098798025
2021-01-21 10:03:00+00:00,384.65,384.61,384.64,300,500,384.62125,6.4712783651096036e-09,1.477250199277691e-06
2021-01-21 10:04:00+00:00,384.65,384.6,384.64,600,500,384.6218181818182,4.1519535466840665e-08,0.00012527063183664922
2021-01-21 10:05:00+00:00,384.65,384.65,384.69,500,500,384.67,2.775907134772289e-08,-1.9997160404239267e-06
2021-01-21 10:06:00+00:00,384.65,384.66,384.7,300,1000,384.66923076923075,2.2905234645162385e-08,0.00013523106765056525
2021-01-21 10:07:00+00:00,384.7,384.71,384.74,300,500,384.72125,1.9623911102063158e-08,-6.823121935684018e-05
2021-01-21 10:08:00+00:00,384.7,384.68,384.72,300,500,384.695,4.233808149308148e-09,6.823587517379437e-05
2021-01-21 10:09:00+00:00,384.7,384.71,384.74,300,500,384.72125,7.168848994393869e-09,-6.823121935684018e-05
2021-01-21 10:10:00+00:00,384.7,384.68,384.72,300,500,384.695,2.135093061464346e-08,6.498654778464008e-05
2021-01-21 10:11:00+00:00,384.7,384.7,384.74,500,500,384.72,1.2046990405496164e-08,-7.997824591821079e-06
2021-01-21 10:12:00+00:00,384.7,384.68,384.74,300,500,384.7025,2.0090685260731164e-08,-6.052947476409276e-05
2021-01-21 10:13:00+00:00,384.7,384.65,384.71,800,300,384.69363636363636,3.7004686068374205e-08,-0.0001866892899425876
2021-01-21 10:14:00+00:00,384.65,384.6,384.64,600,500,384.6218181818182,1.9275802279388285e-08,6.0271719091176124e-05
2021-01-21 10:15:00+00:00,384.65,384.62,384.67,500,500,384.645,1.3038538085659206e-08,-0.00010832499230883919
2021-01-21 10:16:00+00:00,384.65,384.6,384.62,100,500,384.60333333333335,2.7880668011579503e-08,9.933644587523105e-05
2021-01-21 10:17:00+00:00,384.6,384.63,384.68,300,1000,384.64153846153846,2.5441431289316557e-09,8.999388041663892e-06
2021-01-21 10:18:00+00:00,384.6,384.62,384.67,500,500,384.645,8.118944122141688e-09,6.499499538548115e-05
2021-01-21 10:19:00+00:00,384.6,384.65,384.69,500,500,384.67,3.920972272614606e-08,-7.562562479768165e-05
2021-01-21 10:20:00+00:00,384.6,384.63,384.67,300,800,384.6409090909091,1.0367908658004857e-08,-4.569393728104387e-05
2021-01-21 10:21:00+00:00,384.6,384.61,384.64,600,500,384.62636363636364,3.354619410861147e-09,8.418873628990298e-05
2021-01-21 10:22:00+00:00,384.63,384.61,384.63,600,300,384.62333333333333,2.0826076153393556e-08,5.6636918357444443e-05
2021-01-21 10:23:00+00:00,384.63,384.65,384.69,1100,500,384.6775,1.275997733717657e-08,-4.9206338890606105e-05
2021-01-21 10:24:00+00:00,384.63,384.65,384.67,600,800,384.6585714285714,1.0388502816411301e-08,4.920876027347809e-05
2021-01-21 10:25:00+00:00,384.63,384.65,384.69,1100,500,384.6775,7.293659392162257e-09,0.0
2021-01-21 10:26:00+00:00,384.63,384.65,384.69,1100,500,384.6775,3.883968158841044e-09,4.5492652936518496e-05
2021-01-21 10:27:00+00:00,384.63,384.68,384.72,300,500,384.695,7.865202721362748e-10,0.0
2021-01-21 10:28:00+00:00,384.67,384.67,384.72,500,500,384.695,5.685556341230146e-09,-8.86180197061659e-05
2021-01-21 10:29:00+00:00,384.67,384.65,384.67,600,500,384.6609090909091,8.581649457549956e-09,-9.331355239317052e-05
2021-01-21 10:30:00+00:00,384.64,384.61,384.64,500,499,384.62501501501504,2.1841826305904707e-08,6.820925306683101e-05
2021-01-21 10:31:00+00:00,384.64,384.64,384.67,300,500,384.65125,1.9453313347941503e-08,-5.519295704903282e-05
2021-01-21 10:32:00+00:00,384.64,384.63,384.64,1,500,384.6300199600799,1.619644180993944e-08,-5.1998021376786774e-05
2021-01-21 10:33:00+00:00,384.6,384.61,384.62,1,500,384.61001996007985,3.643312121370413e-08,1.037938628378754e-07
2021-01-21 10:34:00+00:00,384.63,384.61,384.64,1,500,384.61005988023953,1.5036843122600343e-08,2.1117331004960604e-05
2021-01-21 10:35:00+00:00,384.66,384.61,384.64,300,800,384.6181818181818,7.102533348813674e-10,7.977214711019087e-06
2021-01-21 10:36:00+00:00,384.66,384.61,384.64,300,500,384.62125,0.0,0.0
2021-01-21 10:37:00+00:00,384.66,384.61,384.64,300,500,384.62125,2.0294630571433095e-08,-0.000131247998468087
2021-01-21 10:38:00+00:00,384.61,384.57,384.59,20,500,384.5707692307692,1.964472429048146e-08,6.300730884789552e-05
2021-01-21 10:39:00+00:00,384.61,384.58,384.62,300,500,384.595,2.4236607948672812e-08,9.512699294944582e-07
2021-01-21 10:40:00+00:00,384.62,384.57,384.61,520,300,384.59536585365856,1.3730968251344049e-08,-0.00010811900913698658
2021-01-21 10:41:00+00:00,384.57,384.52,384.57,1000,480,384.5537837837838,1.6277731821226638e-08,-2.2841496181258414e-05
2021-01-21 10:42:00+00:00,384.57,384.52,384.57,500,500,384.545,2.9361904512548035e-08,-0.0003203313479094305
2021-01-21 10:43:00+00:00,384.52,384.4,384.44,600,500,384.4218181818182,1.1490106439424406e-08,0.0001512969747061721
2021-01-21 10:44:00+00:00,384.52,384.47,384.48,500,1,384.4799800399202,4.027944054607091e-08,0.00016911143220799119
2021-01-21 10:45:00+00:00,384.47,384.53,384.57,300,500,384.545,1.4961590828687124e-08,6.574887414911856e-05
2021-01-21 10:46:00+00:00,384.59,384.55,384.59,501,487,384.5702834008097,2.813442343719559e-08,6.42706944793403e-05
2021-01-21 10:47:00+00:00,384.63,384.57,384.62,500,500,384.595,5.272538081157477e-10,3.25017225912827e-05
2021-01-21 10:48:00+00:00,384.62,384.6,384.62,300,500,384.6075,2.1780995160744973e-08,9.750199879099419e-05
2021-01-21 10:49:00+00:00,384.6,384.62,384.66,800,300,384.6490909090909,6.370585327717843e-09,-6.49949953852591e-05
2021-01-21 10:50:00+00:00,384.6,384.6,384.64,500,500,384.62,9.247641618761731e-09,1.1999856001754239e-05
2021-01-21 10:51:00+00:00,384.6,384.6,384.64,800,500,384.62461538461537,1.1941170329602305e-08,-5.099877602932068e-05
2021-01-21 10:52:00+00:00,384.64,384.6,384.61,300,300,384.605,5.339587194238331e-09,-9.75026325722439e-06
2021-01-21 10:53:00+00:00,384.6,384.59,384.62,300,500,384.60125,5.0912663963310954e-09,0.0
2021-01-21 10:54:00+00:00,384.6,384.59,384.62,300,500,384.60125,1.1156836163690481e-07,0.0005037685134929859
2021-01-21 10:55:00+00:00,384.7,384.78,384.8,300,100,384.795,2.5708605375060692e-08,-8.446055692001853e-05
2021-01-21 10:56:00+00:00,384.7,384.74,384.8,300,500,384.7625,2.866706428279976e-08,5.035573892975265e-05
2021-01-21 10:57:00+00:00,384.7,384.78,384.81,20,300,384.78187499999996,2.886683920529869e-08,-2.7613047002161828e-05
2021-01-21 10:58:00+00:00,384.74,384.76,384.79,300,500,384.77125,1.1818043699585172e-08,7.235704094554762e-05
2021-01-21 10:59:00+00:00,384.76,384.78,384.82,300,800,384.7909090909091,1.2113479008598309e-08,-6.360598310584109e-05
2021-01-21 11:00:00+00:00,384.76,384.75,384.79,800,500,384.7746153846154,6.243677211138107e-09,-0.0001466150506878039
2021-01-21 11:01:00+00:00,384.76,384.71,384.74,301,800,384.7182016348774,1.0377447525262077e-08,4.674499711754265e-06
2021-01-21 11:02:00+00:00,384.7,384.7,384.74,300,800,384.71090909090907,3.028824545900938e-08,7.797878976911754e-05
2021-01-21 11:03:00+00:00,384.7,384.75,384.79,500,500,384.77,4.6178405503518785e-09,-1.299545159194615e-05
2021-01-21 11:04:00+00:00,384.7,384.73,384.76,500,300,384.74875,1.9108463353663827e-08,-6.497810237948709e-05
2021-01-21 11:05:00+00:00,384.7,384.7,384.74,500,500,384.72,1.3780216947777902e-08,0.00020237352582941348
2021-01-21 11:06:00+00:00,384.7,384.77,384.8,1300,100,384.79785714285714,2.7168428335370837e-08,-0.00020233257907209534
2021-01-21 11:07:00+00:00,384.7,384.7,384.74,500,500,384.72,7.642927093749331e-09,-2.362993629323462e-06
2021-01-21 11:08:00+00:00,384.7,384.69,384.73,800,300,384.71909090909094,9.181351256534358e-09,-0.00012760195750860515
2021-01-21 11:09:00+00:00,384.72,384.65,384.69,500,500,384.67,3.519134624415015e-08,0.00019497231393139636
2021-01-21 11:10:00+00:00,384.72,384.7,384.75,1000,500,384.73333333333335,2.5912361809706905e-08,-6.497810237948709e-05
2021-01-21 11:11:00+00:00,384.73,384.7,384.74,800,800,384.72,0.0,0.0
2021-01-21 11:12:00+00:00,384.73,384.7,384.74,800,800,384.72,5.563400844956848e-09,6.498232480756094e-05
2021-01-21 11:13:00+00:00,384.7,384.73,384.77,300,500,384.745,1.906214270646632e-08,-6.17291972605516e-05
2021-01-21 11:14:00+00:00,384.7,384.71,384.74,300,500,384.72125,1.6090194413402385e-10,2.8040227131320705e-06
2021-01-21 11:15:00+00:00,384.74,384.71,384.74,300,430,384.72232876712326,2.1681399787404722e-08,-2.8040148507546547e-06
2021-01-21 11:16:00+00:00,384.74,384.71,384.74,300,500,384.72125,9.672979392938455e-09,0.0001916972353359636
2021-01-21 11:17:00+00:00,384.78,384.77,384.8,500,100,384.795,4.666099102884981e-09,1.0631398773108813e-05
2021-01-21 11:18:00+00:00,384.8,384.77,384.81,800,300,384.7990909090909,6.950470097515834e-10,1.030912557342667e-05
2021-01-21 11:19:00+00:00,384.8,384.77,384.81,500,105,384.80305785123966,5.4825399373865494e-09,-3.3899251563385135e-05
2021-01-21 11:20:00+00:00,384.8,384.79,384.8,2,1500,384.7900133155792,2.554263883308535e-14,1.5982064582864552e-07
2021-01-21 11:21:00+00:00,384.8,384.79,384.82,2,800,384.7900748129676,1.039411417571412e-08,0.00014274065426223004
2021-01-21 11:22:00+00:00,384.8,384.82,384.85,500,100,384.845,0.0,0.0
2021-01-21 11:23:00+00:00,384.8,384.83,384.85,300,100,384.845,1.8229335769331946e-08,0.00011929241878960717
2021-01-21 11:24:00+00:00,384.88,384.88,384.92,300,800,384.8909090909091,2.0031264704159262e-08,-6.631612989960178e-05
2021-01-21 11:25:00+00:00,384.88,384.85,384.89,500,800,384.86538461538464,7.518923977924239e-09,9.571556266196879e-05
2021-01-21 11:26:00+00:00,384.9,384.87,384.92,500,1300,384.88388888888886,3.231779590248392e-08,-2.525894022165076e-06
2021-01-21 11:27:00+00:00,384.9,384.89,384.92,300,500,384.90125,1.190897658428198e-09,-1.2819419334952897e-05
2021-01-21 11:28:00+00:00,384.86,384.87,384.92,500,450,384.8963157894737,2.523204148937201e-08,0.00012648655892277816
2021-01-21 11:29:00+00:00,384.94,384.92,384.95,500,100,384.945,1.4000206940152784e-08,6.494434269832539e-05
2021-01-21 11:30:00+00:00,384.99,384.95,384.99,800,800,384.97,1.3109295535880706e-07,-0.00024777155462674116
2021-01-21 11:31:00+00:00,384.83,384.85,384.89,800,500,384.87461538461537,7.339855230786729e-09,-8.7441064722249e-06
2021-01-21 11:32:00+00:00,384.83,384.85,384.89,500,500,384.87,8.325599924859455e-09,-7.883391937146822e-05
2021-01-21 11:33:00+00:00,384.83,384.83,384.87,300,800,384.84090909090907,4.2295126896880594e-09,7.884013464831696e-05
2021-01-21 11:34:00+00:00,384.89,384.86,384.89,300,500,384.87125,5.216750099027337e-09,-7.253507937177162e-05
2021-01-21 11:35:00+00:00,384.86,384.84,384.87,100,800,384.8433333333333,1.1278479785495048e-08,0.0
2021-01-21 11:36:00+00:00,384.86,384.84,384.87,100,800,384.8433333333333,2.003480120237573e-08,7.254034109127616e-05
2021-01-21 11:37:00+00:00,384.85,384.86,384.89,300,500,384.87125,1.2623346331681801e-08,8.744182932396427e-06
2021-01-21 11:38:00+00:00,384.85,384.85,384.89,800,500,384.87461538461537,1.7550808816765654e-10,-8.7441064722249e-06
2021-01-21 11:39:00+00:00,384.85,384.86,384.89,300,500,384.87125,3.7507349872024405e-09,-7.253507937177162e-05
2021-01-21 11:40:00+00:00,384.85,384.84,384.85,100,200,384.8433333333333,1.3206724189080933e-08,-3.069910524156061e-05
2021-01-21 11:41:00+00:00,384.84,384.83,384.86,16,300,384.8315189873418,8.431001919903314e-09,-9.489604031875931e-05
2021-01-21 11:42:00+00:00,384.75,384.78,384.82,300,500,384.795,2.020194863361012e-08,-7.796359100309402e-05
2021-01-21 11:43:00+00:00,384.75,384.75,384.79,800,500,384.7746153846154,2.3881947923564923e-08,2.499027878166693e-05
2021-01-21 11:44:00+00:00,384.75,384.75,384.79,800,500,384.7746153846154,2.746512289400609e-08,7.778597842311719e-05
2021-01-21 11:45:00+00:00,384.75,384.77,384.81,800,100,384.80555555555554,3.195618241311084e-08,-0.000167721257030351
2021-01-21 11:46:00+00:00,384.75,384.74,384.75,1,1800,384.74000555247085,1.451924899241572e-08,0.00016893082754898536
2021-01-21 11:47:00+00:00,384.77,384.79,384.81,300,100,384.805,2.2383661725219546e-08,0.00023821589289796385
2021-01-21 11:48:00+00:00,384.77,384.88,384.9,500,100,384.89666666666665,7.957062657403568e-09,0.00017255407756011643
2021-01-21 11:49:00+00:00,384.9,384.95,385.0,500,1411,384.9630821559393,1.8913195140704317e-08,-1.1297251215625081e-06
2021-01-21 11:50:00+00:00,384.9,384.96,385.0,100,907,384.9639721946375,2.6693196199163412e-08,4.271493801732973e-05
2021-01-21 11:51:00+00:00,384.96,384.95,384.99,800,300,384.9790909090909,2.5334408038977054e-09,-8.855262505413908e-05
2021-01-21 11:52:00+00:00,384.96,384.94,384.98,100,1000,384.94363636363636,1.2801438074453765e-08,6.169712556336471e-05
2021-01-21 11:53:00+00:00,384.95,384.95,384.98,500,300,384.96875,1.0543118121766744e-11,3.247016803431535e-06
2021-01-21 11:54:00+00:00,384.95,384.95,384.99,500,500,384.97,7.377320490962276e-09,0.00010848820916509183
2021-01-21 11:55:00+00:00,385.0,385.0,385.02,1000,700,385.01176470588234,1.1166445773739129e-08,3.437633685754449e-05
2021-01-21 11:56:00+00:00,385.03,385.0,385.05,500,500,385.025,8.124563493584721e-09,-2.164361621537214e-05
2021-01-21 11:57:00+00:00,385.01,385.01,385.05,100,500,385.01666666666665,2.7476880762709583e-08,0.0001861391281763325
2021-01-21 11:58:00+00:00,385.01,385.08,385.09,500,100,385.0883333333333,9.833776187314747e-09,6.492016983128401e-05
2021-01-21 11:59:00+00:00,385.1,385.1,385.14,500,1000,385.11333333333334,2.317361547775473e-08,6.92436858413803e-05
2021-01-21 12:00:00+00:00,385.12,385.12,385.16,400,300,385.14285714285717,3.7353706580037135e-09,4.16664870699357e-05
2021-01-21 12:01:00+00:00,385.16,385.15,385.16,628,175,385.1578206724782,4.866891195209272e-09,6.198237845222998e-05
2021-01-21 12:02:00+00:00,385.18,385.16,385.18,1000,4,385.1799203187251,2.0569269480977637e-08,-2.5755025643392493e-05
2021-01-21 12:03:00+00:00,385.18,385.2,385.23,500,500,385.215,2.406936916814148e-08,0.00017308374657076797
2021-01-21 12:04:00+00:00,385.23,385.23,385.25,2,4,385.2366666666667,1.1343569017448391e-09,3.440474233307178e-05
2021-01-21 12:05:00+00:00,385.22,385.24,385.25,500,4,385.2499206349206,2.7114755325331484e-09,7.210508980204366e-05
2021-01-21 12:06:00+00:00,385.26,385.26,385.28,500,65,385.27769911504424,1.7589948654431982e-08,-0.00017324318081524126
2021-01-21 12:07:00+00:00,385.23,385.21,385.23,25,500,385.2109523809524,2.9680819799857296e-09,-2.368730138702091e-06
2021-01-21 12:08:00+00:00,385.21,385.21,385.23,1,500,385.2100399201597,4.316391282412994e-08,-0.0002859208652936651
2021-01-21 12:09:00+00:00,385.1,385.07,385.1,300,1,385.09990033222596,1.558047424569247e-08,-1.314964848231348e-06
2021-01-21 12:10:00+00:00,385.08,385.08,385.1,800,25,385.09939393939396,1.886600327380883e-08,-0.00010806602729351855
2021-01-21 12:11:00+00:00,385.07,385.04,385.08,400,500,385.0577777777778,2.5605177667780314e-09,-4.616911747801211e-06
2021-01-21 12:12:00+00:00,385.07,385.07,385.08,400,600,385.074,1.06841716130485e-08,-2.4094859491174958e-05
2021-01-21 12:13:00+00:00,385.07,385.04,385.08,101,500,385.04672212978375,3.111487894293092e-08,-4.018247369608208e-05
2021-01-21 12:14:00+00:00,385.04,385.02,385.05,300,500,385.03125,4.892320215928929e-09,-3.4184891891664293e-06
2021-01-21 12:15:00+00:00,385.0,385.0,385.03,313,502,385.01152147239264,1.8119527054747793e-08,-0.00014309293985736993
2021-01-21 12:16:00+00:00,385.0,384.97,385.0,500,2600,384.97483870967744,9.039230994385257e-09,0.0001536757324733795
2021-01-21 12:17:00+00:00,385.0,385.03,385.04,300,450,385.034,8.678181315954904e-09,2.6277282159092863e-05
2021-01-21 12:18:00+00:00,385.04,385.03,385.07,300,550,385.04411764705884,1.7794202460406974e-08,-5.938968032692671e-05
2021-01-21 12:19:00+00:00,385.03,385.01,385.04,300,500,385.02125,1.765660395760325e-08,-5.44202957553086e-05
2021-01-21 12:20:00+00:00,385.03,385.0,385.03,3,800,385.0001120797011,5.259182145408666e-09,-2.5559483393333693e-05
2021-01-21 12:21:00+00:00,385.0,384.99,385.01,5,214,384.99045662100457,5.174274755892626e-09,7.99847852481772e-05
2021-01-21 12:22:00+00:00,385.03,385.01,385.04,300,500,385.02125,4.601603360837045e-09,-4.314302938590586e-05
2021-01-21 12:23:00+00:00,385.03,385.0,385.02,151,500,385.00463901689704,3.6522364454662134e-09,5.651199308887023e-05
2021-01-21 12:24:00+00:00,385.0,384.99,385.03,505,50,385.02639639639636,3.258931378167912e-08,-0.00015946022654811376
2021-01-21 12:25:00+00:00,384.94,384.97,384.99,100,500,384.97333333333336,6.018359109657368e-08,9.416440455645159e-05
2021-01-21 12:26:00+00:00,385.01,384.99,385.02,300,500,385.00125,3.025646052396793e-10,-7.830379465945114e-06
2021-01-21 12:27:00+00:00,385.01,384.97,385.0,800,50,384.99823529411765,1.1757486541977597e-08,-5.246764283040051e-07
2021-01-21 12:28:00+00:00,384.99,384.99,385.0,2075,508,384.99803329461866,6.186819320069974e-09,9.412008171971742e-05
2021-01-21 12:29:00+00:00,385.02,385.02,385.04,498,200,385.0342693409743,1.0222260998941504e-08,0.00017061010953245415
2021-01-21 12:30:00+00:00,385.1,385.08,385.1,500,1,385.0999600798403,2.1616328922375253e-08,-1.2879980146540682e-05
2021-01-21 12:31:00+00:00,385.11,385.08,385.12,300,500,385.095,3.4934555823179e-08,-5.193523675983691e-05
2021-01-21 12:32:00+00:00,385.11,385.05,385.08,1500,300,385.075,9.694961047586323e-09,-0.00017130252588282158
2021-01-21 12:33:00+00:00,385.05,385.0,385.01,437,100,385.00813780260705,5.7658621169095035e-08,-0.0001268531304156051
2021-01-21 12:34:00+00:00,384.94,384.93,384.97,500,600,384.9481818181818,2.2636902902090216e-08,-0.00014963491401365214
2021-01-21 12:35:00+00:00,384.92,384.9,384.91,105,300,384.90259259259255,3.682211490069674e-08,0.00013615758484353258
2021-01-21 12:36:00+00:00,384.94,384.93,384.96,1500,300,384.955,5.241031315654821e-09,3.542326671102103e-06
2021-01-21 12:37:00+00:00,384.96,384.94,384.97,600,500,384.9563636363636,2.785655366257703e-09,9.17051845550354e-06
2021-01-21 12:38:00+00:00,384.96,384.93,384.97,1479,500,384.9598938858009,1.4793113437667916e-08,3.9240748033853023e-05
2021-01-21 12:39:00+00:00,384.97,384.95,384.98,500,300,384.96875,2.7119534168046742e-08,5.6280710868605865e-05
2021-01-21 12:40:00+00:00,384.98,384.97,385.02,1000,508,385.0031564986737,2.014758908633633e-08,-3.809556792688795e-05
2021-01-21 12:41:00+00:00,384.97,384.95,384.99,2000,500,384.982,3.3241205856211013e-09,-7.35228184126635e-05
2021-01-21 12:42:00+00:00,384.99,384.95,384.99,500,1500,384.96,4.211079877401089e-09,-4.435780498235342e-05
2021-01-21 12:43:00+00:00,384.99,384.93,384.94,979,500,384.93661933739014,2.8613426669207095e-08,-3.0185066336674282e-05
2021-01-21 12:44:00+00:00,384.9,384.91,384.95,300,500,384.925,1.4589332126561233e-09,-4.3614525343627086e-05
2021-01-21 12:45:00+00:00,384.9,384.9,384.91,450,98,384.9082116788321,1.2591482407416933e-08,0.00011060464183820784
2021-01-21 12:46:00+00:00,384.95,384.95,384.99,10,500,384.9507843137255,5.308887654029399e-09,-2.5467986994875957e-06
2021-01-21 12:47:00+00:00,384.92,384.94,384.95,300,6,384.9498039215686,3.632310845675034e-08,-0.0002379385102510012
2021-01-21 12:48:00+00:00,384.88,384.85,384.88,530,1429,384.8581163859112,2.0421608118499717e-08,9.559484606547208e-05
2021-01-21 12:49:00+00:00,384.86,384.88,384.92,300,500,384.895,5.450106029305636e-09,-3.5724028631056726e-05
2021-01-21 12:50:00+00:00,384.89,384.86,384.9,300,2000,384.8652173913043,1.965020648937628e-08,3.2352720470418816e-05
2021-01-21 12:51:00+00:00,384.91,384.89,384.92,183,1300,384.8937019554956,1.7953553610999844e-08,1.961072489908844e-05
2021-01-21 12:52:00+00:00,384.89,384.9,384.92,115,500,384.90373983739835,4.2219328380177604e-08,1.948551738850668e-06
2021-01-21 12:53:00+00:00,384.87,384.89,384.93,300,700,384.902,3.828500346318795e-08,-0.00010891166771043181
2021-01-21 12:54:00+00:00,384.87,384.86,384.88,2,1500,384.86002663115846,8.28509571119822e-10,3.0832224167554045e-05
2021-01-21 12:55:00+00:00,384.88,384.87,384.9,122,500,384.87588424437297,1.0409917755607351e-07,-0.0001934299819519314
2021-01-21 12:56:00+00:00,384.76,384.79,384.83,100,800,384.7944444444444,2.478217034394956e-08,2.5987694826534735e-05
2021-01-21 12:57:00+00:00,384.76,384.8,384.82,120,200,384.8075,2.6675986496889327e-09,-2.4290414708527663e-05
2021-01-21 12:58:00+00:00,384.8,384.79,384.83,128,500,384.79815286624205,3.096714246690922e-08,0.00025985084075785814
2021-01-21 12:59:00+00:00,384.8,384.89,384.9,877,200,384.89814298978644,2.2113122861712832e-08,6.7153941107900295e-06
2021-01-21 13:00:00+00:00,384.91,384.9,384.91,259,3300,384.9007277325091,2.611066656739651e-08,-0.00014725904467727258
2021-01-21 13:01:00+00:00,384.9,384.84,384.85,68,100,384.8440476190476,1.2060487851700023e-08,6.671909975342061e-05
2021-01-21 13:02:00+00:00,384.84,384.84,384.87,1939,18,384.8697240674502,2.5540369178402696e-08,9.759154862010178e-07
2021-01-21 13:03:00+00:00,384.9,384.87,384.9,1,300,384.87009966777407,3.521577076964031e-08,5.2753911672365206e-05
2021-01-21 13:04:00+00:00,384.9,384.89,384.9,21,500,384.89040307101726,1.4912243300415418e-08,1.529358434648742e-05
2021-01-21 13:05:00+00:00,384.9,384.89,384.9,340,200,384.89629629629627,7.04805830066775e-09,-6.252905860582025e-05
2021-01-21 13:06:00+00:00,384.89,384.87,384.9,120,500,384.8758064516129,1.7768811451975392e-08,9.558181823132728e-05
2021-01-21 13:07:00+00:00,384.89,384.88,384.93,300,1199,384.89000667111407,2.6908381884468243e-09,-7.298965263236035e-05
2021-01-21 13:08:00+00:00,384.88,384.88,384.89,15,149,384.88091463414634,1.668545536398138e-08,-5.202366144907433e-05
2021-01-21 13:09:00+00:00,384.85,384.85,384.88,41,500,384.85227356746765,6.766365316393142e-10,-1.6200421755874217e-05
2021-01-21 13:10:00+00:00,384.85,384.85,384.88,147,800,384.854656810982,2.337006401280283e-09,-3.5941533132910486e-05
2021-01-21 13:11:00+00:00,384.85,384.84,384.86,86,2500,384.8406651198762,5.03238686167551e-09,0.00012229154590470692
2021-01-21 13:12:00+00:00,384.89,384.86,384.89,650,125,384.88516129032257,1.205549171374648e-08,0.00010423038960771791
2021-01-21 13:13:00+00:00,384.93,384.91,384.93,1660,184,384.92800433839477,7.215643801179556e-09,-0.00011809051267575033
2021-01-21 13:14:00+00:00,384.88,384.88,384.9,146,1000,384.8825479930192,3.229961335614939e-08,-8.71469769481159e-06
2021-01-21 13:15:00+00:00,384.86,384.86,384.88,500,21,384.87919385796545,4.079955777182279e-08,-6.253136716261043e-05
2021-01-21 13:16:00+00:00,384.85,384.85,384.88,128,521,384.85591679506933,1.7043746726304926e-08,5.4620676399608215e-05
2021-01-21 13:17:00+00:00,384.9,384.86,384.9,677,1000,384.87614788312464,3.430317079548754e-08,-0.00013055674763495784
2021-01-21 13:18:00+00:00,384.83,384.82,384.84,300,717,384.82589970501476,1.9345226693686832e-08,7.995034033703163e-05
2021-01-21 13:19:00+00:00,384.81,384.84,384.86,507,100,384.85670510708405,1.9907681240862103e-08,1.0174846752919464e-05
2021-01-21 13:20:00+00:00,384.86,384.85,384.88,327,600,384.8605825242719,1.2937214558242309e-08,2.4556160720612397e-05
2021-01-21 13:21:00+00:00,384.85,384.87,384.88,2,600,384.87003322259136,3.5079567012499495e-09,-1.881579486107121e-05
2021-01-21 13:22:00+00:00,384.86,384.86,384.88,146,900,384.86279158699807,1.6462694570768895e-08,9.343177305787265e-05
2021-01-21 13:23:00+00:00,384.88,384.88,384.9,120,8,384.89875,3.7818369591830685e-09,2.3957758956694164e-06
2021-01-21 13:24:00+00:00,384.9,384.88,384.9,120,2,384.89967213114755,5.100273611921945e-09,6.853534863338062e-05
2021-01-21 13:25:00+00:00,384.93,384.94,384.95,377,506,384.9442695356738,8.727840250979789e-09,-6.586104005679161e-05
2021-01-21 13:26:00+00:00,384.91,384.9,384.91,158,2100,384.90069973427813,4.293509287743238e-09,-7.277372752800826e-05
2021-01-21 13:27:00+00:00,384.88,384.87,384.88,32,87,384.8726890756303,1.65344911600265e-09,-5.017814624364014e-06
2021-01-21 13:28:00+00:00,384.88,384.87,384.88,123,1000,384.87109528049865,8.536154284855311e-09,5.210004716538208e-07
2021-01-21 13:29:00+00:00,384.88,384.87,384.9,33,1000,384.87095837366894,7.231757251876816e-09,5.880630592702829e-05
2021-01-21 13:30:00+00:00,384.93,384.89,384.97,94,2000,384.8935912129895,1.0666116474760922e-07,-0.0002165337606894191
2021-01-21 13:31:00+00:00,384.79,384.85,384.89,300,500,384.865,7.504406939681469e-08,-2.6581350761722966e-05
2021-01-21 13:32:00+00:00,384.84,384.8,384.82,1,1000,384.80001998002,1.3266816301551189e-08,6.05856343627309e-05
2021-01-21 13:33:00+00:00,384.85,384.82,384.85,500,1000,384.83,5.621439644145207e-07,-0.00048598285930256946
2021-01-21 13:34:00+00:00,384.64,384.6,384.64,100,600,384.60571428571427,1.1179873724405832e-07,0.0002415066702137203
2021-01-21 13:35:00+00:00,384.71,384.7,384.73,622,525,384.7162685265911,5.0404306468753497e-08,0.0001037343172369809
2021-01-21 13:36:00+00:00,384.75,384.76,384.8,500,2100,384.7676923076923,6.564247633235612e-08,1.6287607394582793e-05
2021-01-21 13:37:00+00:00,384.77,384.76,384.8,500,800,384.7753846153846,8.04733982117053e-08,-0.0003813621866636252
2021-01-21 13:38:00+00:00,384.64,384.61,384.65,900,600,384.634,8.532577754106754e-08,-0.00013120191566129424
2021-01-21 13:39:00+00:00,384.56,384.56,384.58,1000,100,384.5781818181818,7.719384540412622e-08,0.00010805351392284557
2021-01-21 13:40:00+00:00,384.62,384.59,384.63,400,800,384.60333333333335,7.639873171027102e-08,0.00028195374726980305
2021-01-21 13:41:00+00:00,384.71,384.7,384.73,1000,100,384.72727272727275,4.8512753360250024e-08,6.594477502841478e-05
2021-01-21 13:42:00+00:00,384.73,384.75,384.77,108,500,384.75355263157894,8.08527723981815e-08,0.00013371512249649165
2021-01-21 13:43:00+00:00,384.78,384.78,384.81,1480,300,384.80494382022476,7.556120493018887e-08,-0.0002467168778960138
2021-01-21 13:44:00+00:00,384.77,384.71,384.72,5,1800,384.710027700831,9.129171815445655e-08,-0.0005153073691257504
2021-01-21 13:45:00+00:00,384.5,384.5,384.54,1100,300,384.5314285714286,1.424407771768014e-07,8.629596442255583e-05
2021-01-21 13:46:00+00:00,384.54,384.53,384.56,500,500,384.545,1.2350857014529508e-07,-0.000367550921949511
2021-01-21 13:47:00+00:00,384.45,384.4,384.45,612,1300,384.41600418410036,1.1109624955932579e-07,0.00011582014450040035
2021-01-21 13:48:00+00:00,384.5,384.43,384.47,500,600,384.4481818181818,9.482238168397706e-08,4.980143151933625e-05
2021-01-21 13:49:00+00:00,384.46,384.46,384.5,314,1400,384.46732788798136,5.0395720826661256e-08,-0.0002241387904166059
2021-01-21 13:50:00+00:00,384.39,384.39,384.44,700,1100,384.40944444444443,5.267921701173794e-08,0.000367723943881737
2021-01-21 13:51:00+00:00,384.5,384.5,384.53,1500,500,384.5225,6.023131689500168e-08,-0.0007394058392373726
2021-01-21 13:52:00+00:00,384.22,384.2,384.24,600,100,384.2342857142857,1.6235380354889373e-07,-0.0005867572670361643
2021-01-21 13:53:00+00:00,384.07,384.01,384.04,30,300,384.01272727272726,1.511191895001061e-07,-3.314284090960573e-05
2021-01-21 13:54:00+00:00,383.97,383.98,384.02,1500,300,384.0133333333333,4.015907616437797e-07,-0.00025860682110678823
2021-01-21 13:55:00+00:00,383.88,383.89,383.92,1000,500,383.91,1.0240143195440325e-07,0.000584278752911116
2021-01-21 13:56:00+00:00,384.11,384.1,384.14,500,300,384.125,6.163511642870818e-08,0.00013844494314430023
2021-01-21 13:57:00+00:00,384.16,384.17,384.19,500,600,384.1790909090909,7.067009371681765e-08,-2.1387815904994056e-06
2021-01-21 13:58:00+00:00,384.17,384.17,384.2,520,1600,384.17735849056606,2.8506742136750328e-08,6.8757551052733845e-06
2021-01-21 13:59:00+00:00,384.19,384.18,384.21,500,600,384.19363636363636,1.3106693939106954e-07,-0.00020139259558271672
2021-01-21 14:00:00+00:00,384.1,384.08,384.1,4,2100,384.0800380228137,3.154222240494774e-08,1.4601241309586399e-05
2021-01-21 14:01:00+00:00,384.08,384.08,384.11,801,150,384.10526813880125,1.0073791857746489e-07,0.00017481334959690287
2021-01-21 14:02:00+00:00,384.18,384.16,384.18,1000,300,384.1753846153846,5.4350048278094584e-08,-2.5324470215415396e-05
2021-01-21 14:03:00+00:00,384.2,384.15,384.19,600,933,384.1656555772994,7.06247359557751e-08,0.00026546128089122156
2021-01-21 14:04:00+00:00,384.28,384.24,384.26,500,300,384.2525,2.1916540760024207e-08,1.5473804113597112e-06
2021-01-21 14:05:00+00:00,384.27,384.25,384.27,670,58,384.2684065934066,4.5086127095709596e-08,-0.00033339152230660307
2021-01-21 14:06:00+00:00,384.17,384.14,384.17,2,500,384.14011952191237,3.904085718359661e-08,0.0001824453009684479
2021-01-21 14:07:00+00:00,384.2,384.21,384.22,25,1200,384.21020408163264,4.58985532270173e-08,9.478220086522882e-05
2021-01-21 14:08:00+00:00,384.27,384.24,384.27,643,505,384.2568031358885,9.276046119953717e-09,2.364291959189302e-05
2021-01-21 14:09:00+00:00,384.27,384.24,384.26,1097,300,384.25570508231925,1.3663208620155971e-08,4.106418597737971e-05
2021-01-21 14:10:00+00:00,384.29,384.27,384.29,40,499,384.27148423005565,1.6848987651704413e-08,-4.978586667070406e-05
2021-01-21 14:11:00+00:00,384.26,384.24,384.26,560,300,384.2530232558139,1.5137268083856402e-08,4.607234296161167e-05
2021-01-21 14:12:00+00:00,384.29,384.27,384.28,17,3000,384.2700563473649,7.831335213752674e-09,0.00010286055110131365
2021-01-21 14:13:00+00:00,384.32,384.3,384.33,704,1500,384.3095825771325,8.775647863779704e-09,-1.4534407108302005e-05
2021-01-21 14:14:00+00:00,384.33,384.3,384.33,170,506,384.30754437869825,8.601716230754329e-09,0.0001212969046140433
2021-01-21 14:15:00+00:00,384.35,384.35,384.36,101,50,384.3566887417219,7.145663306688717e-08,0.0001254813386042386
2021-01-21 14:16:00+00:00,384.4,384.41,384.45,500,1100,384.4225,2.8449134169687227e-08,0.00024919420156788163
2021-01-21 14:17:00+00:00,384.5,384.47,384.5,1000,218,384.4946305418719,2.2292883669388362e-08,6.417496203736661e-05
2021-01-21 14:18:00+00:00,384.51,384.5,384.52,595,100,384.5171223021583,4.4354226689998e-08,7.948011714686842e-05
2021-01-21 14:19:00+00:00,384.51,384.51,384.55,1500,5,384.5498671096346,4.714971351016087e-09,-5.055286810295989e-05
2021-01-21 14:20:00+00:00,384.55,384.53,384.54,86,2928,384.5302853351028,2.488357198388711e-08,9.222521169771625e-05
2021-01-21 14:21:00+00:00,384.55,384.54,384.55,630,94,384.5487016574586,4.3100108377572755e-08,-6.495979147580488e-05
2021-01-21 14:22:00+00:00,384.55,384.52,384.53,1150,1,384.5299913119027,2.0935782863575325e-08,-2.1066185390550274e-06
2021-01-21 14:23:00+00:00,384.54,384.54,384.55,5,500,384.540099009901,9.265464212584716e-09,-3.42641326920301e-05
2021-01-21 14:24:00+00:00,384.54,384.52,384.55,150,500,384.5269230769231,9.943496295786257e-09,-0.00012197405610980816
2021-01-21 14:25:00+00:00,384.5,384.48,384.5,1,962,384.480020768432,5.5549854283580276e-08,-2.147836110044654e-05
2021-01-21 14:26:00+00:00,384.48,384.47,384.49,207,500,384.47585572842996,1.7815442998899572e-08,-3.0594620591406496e-05
2021-01-21 14:27:00+00:00,384.47,384.45,384.47,10,10,384.46000000000004,5.200800251349717e-08,0.00011766658491918491
2021-01-21 14:28:00+00:00,384.42,384.41,384.51,10000,500,384.5052380952381,1.0992302580700161e-07,-3.9630397009826623e-05
2021-01-21 14:29:00+00:00,384.48,384.46,384.51,500,500,384.485,1.1819643867924231e-07,-5.9447951460844806e-05
2021-01-21 14:30:00+00:00,384.52,384.45,384.49,1000,1100,384.4690476190476,2.314671077859569e-07,-0.0003893711196941707
2021-01-21 14:31:00+00:00,384.31,384.3,384.31,120,600,384.3016666666667,1.7998396605625118e-07,0.00037093696254397734
2021-01-21 14:32:00+00:00,384.44,384.43,384.46,300,306,384.44485148514855,1.9526061808344837e-07,-0.001142450194307143
2021-01-21 14:33:00+00:00,384.02,384.01,384.02,205,500,384.0129078014184,1.8331425787490272e-07,-0.00012228287773841107
2021-01-21 14:34:00+00:00,383.99,383.99,384.01,400,500,383.99888888888887,1.829247677897951e-07,0.0003720363949502037
2021-01-21 14:35:00+00:00,384.11,384.09,384.1,100,100,384.095,2.0119886943664827e-07,0.00019491941217109066
2021-01-21 14:36:00+00:00,384.2,384.18,384.19,100,100,384.185,2.2912008480843073e-07,-0.00027730559076111216
2021-01-21 14:37:00+00:00,384.08,384.06,384.08,260,200,384.07130434782607,1.453791892441747e-07,-0.00019526927633206626
2021-01-21 14:38:00+00:00,383.98,383.97,383.98,764,100,383.9788425925926,1.4955599668695302e-07,0.00018514023180649097
2021-01-21 14:39:00+00:00,384.07,384.06,384.09,300,1521,384.064942339374,1.7624801671967536e-07,-0.000981812707361529
2021-01-21 14:40:00+00:00,383.69,383.69,383.7,149,200,383.6942693409742,4.261574700291972e-07,0.0002545364829833474
2021-01-21 14:41:00+00:00,383.8,383.78,383.8,300,300,383.79,4.4470389090279597e-07,-0.0011160278095023735
2021-01-21 14:42:00+00:00,383.38,383.37,383.39,100,300,383.375,3.2615121440459387e-07,0.0002652222433170426
2021-01-21 14:43:00+00:00,383.47,383.46,383.48,201,100,383.4733554817276,7.014067981330913e-08,0.00011079608785591333
2021-01-21 14:44:00+00:00,383.52,383.51,383.52,301,100,383.51750623441393,1.5269830625097494e-07,0.00028415619427901717
2021-01-21 14:45:00+00:00,383.62,383.6,383.61,100,200,383.60333333333335,1.0808386894342576e-07,0.0002828822637044315
2021-01-21 14:46:00+00:00,383.75,383.76,383.78,200,203,383.76992555831265,1.1355154394486391e-07,0.0005602824866117739
2021-01-21 14:47:00+00:00,383.95,383.95,383.96,100,50,383.95666666666665,6.496183526674705e-08,3.472674393356634e-05
2021-01-21 14:48:00+00:00,383.95,383.93,383.95,501,300,383.9425093632958,1.3187755065218468e-07,4.0151403345900505e-05
2021-01-21 14:49:00+00:00,383.99,383.98,384.0,336,625,383.9869927159209,1.1206572910219576e-07,-4.883082722684229e-05
2021-01-21 14:50:00+00:00,383.96,383.95,383.97,180,200,383.95947368421054,1.7935066917522424e-07,-0.0001752421463148135
2021-01-21 14:51:00+00:00,383.92,383.92,383.94,1200,400,383.935,1.26711731409858e-07,-0.00018615624337214864
2021-01-21 14:52:00+00:00,383.81,383.8,383.81,1215,1400,383.80464627151053,2.0050901216006316e-07,-0.00033544260511897406
2021-01-21 14:53:00+00:00,383.69,383.68,383.7,400,400,383.69,1.2388098517450284e-07,0.0002541422738118193
2021-01-21 14:54:00+00:00,383.79,383.79,383.8,3,400,383.79007444168735,8.600593444017484e-08,-0.00021918043158741796
2021-01-21 14:55:00+00:00,383.7,383.69,383.71,300,300,383.7,1.2239584194571344e-07,-0.00038022148316119164
2021-01-21 14:56:00+00:00,383.56,383.56,383.57,100,10,383.5690909090909,1.8639037498023856e-07,3.2289143414798716e-05
2021-01-21 14:57:00+00:00,383.56,383.56,383.57,200,300,383.564,1.8001522387001452e-07,0.0003796289355362248
2021-01-21 14:58:00+00:00,383.74,383.74,383.75,200,300,383.744,1.0001716768916828e-07,0.00013899096037550684
2021-01-21 14:59:00+00:00,383.79,383.78,383.8,200,71,383.7947601476015,1.0663426168752188e-07,0.00018326885628061618
2021-01-21 15:00:00+00:00,383.84,383.84,383.86,200,200,383.85,1.8246897536159673e-07,0.00011723583943035187
2021-01-21 15:01:00+00:00,383.9,383.89,383.91,200,300,383.898,2.569909559662306e-07,-0.0002260189897217435
2021-01-21 15:02:00+00:00,383.79,383.77,383.79,100,300,383.775,1.5816088897462321e-07,4.864628267031712e-05
2021-01-21 15:03:00+00:00,383.82,383.81,383.83,300,100,383.825,1.804986751959075e-07,0.0004020944804048465
2021-01-21 15:04:00+00:00,383.98,383.96,383.97,300,2200,383.9612,1.1808130457862708e-07,-0.0002940383470002583
2021-01-21 15:05:00+00:00,383.86,383.86,383.87,100,200,383.86333333333334,1.2862649612240426e-07,-0.00023446048038355816
2021-01-21 15:06:00+00:00,383.8,383.76,383.78,100,400,383.764,1.4229457338307365e-07,-0.00032818739805540176
2021-01-21 15:07:00+00:00,383.65,383.61,383.63,100,300,383.615,1.0337855066695064e-07,7.806318808500912e-05
2021-01-21 15:08:00+00:00,383.71,383.7,383.72,340,900,383.7054838709677,7.959590113384254e-08,0.0005629779448177441
2021-01-21 15:09:00+00:00,383.88,383.88,383.9,300,1400,383.8835294117647,8.367130570466757e-08,-0.00018225735864085824
2021-01-21 15:10:00+00:00,383.81,383.8,383.81,201,60,383.80770114942527,1.0715043869224267e-07,0.00042198625238176746
2021-01-21 15:11:00+00:00,383.99,383.97,383.99,300,100,383.985,8.90303910846386e-08,0.00031440867730059274
2021-01-21 15:12:00+00:00,384.1,384.09,384.11,100,1200,384.0915384615384,7.236058857319422e-08,0.0005721717438278429
2021-01-21 15:13:00+00:00,384.32,384.3,384.32,200,1400,384.3025,9.691210908591914e-08,0.0002271215214375566
2021-01-21 15:14:00+00:00,384.4,384.39,384.41,400,100,384.406,1.0245493920853732e-07,-8.11957539614827e-06
2021-01-21 15:15:00+00:00,384.4,384.39,384.41,100,300,384.395,6.662221074571926e-08,0.00030131397023813733
2021-01-21 15:16:00+00:00,384.53,384.52,384.54,400,400,384.53,7.752462263556329e-08,0.00011487728753678539
2021-01-21 15:17:00+00:00,384.54,384.54,384.56,400,600,384.548,3.8702885681548444e-08,-0.00011017526888168483
2021-01-21 15:18:00+00:00,384.53,384.52,384.54,301,1100,384.52429693076374,3.379867282115867e-08,4.683907281721744e-05
2021-01-21 15:19:00+00:00,384.54,384.54,384.56,230,420,384.547076923077,7.119354937302521e-08,0.00012158805641360182
2021-01-21 15:20:00+00:00,384.58,384.57,384.59,300,2100,384.5725,1.141925823084261e-07,-3.8012000480258656e-05
2021-01-21 15:21:00+00:00,384.57,384.57,384.58,200,500,384.5728571428571,8.795291656974748e-08,-0.00028458584813817467
2021-01-21 15:22:00+00:00,384.45,384.44,384.46,200,200,384.45,5.690102886912868e-08,0.00024131657700388054
2021-01-21 15:23:00+00:00,384.555,384.55,384.57,100,200,384.5566666666667,2.840416907004032e-07,0.0005217506612744671
2021-01-21 15:24:00+00:00,384.76,384.76,384.78,200,400,384.76666666666665,1.0033541625785204e-07,-0.00029045338542355026
2021-01-21 15:25:00+00:00,384.69,384.68,384.7,400,500,384.68888888888887,6.637765347006436e-08,2.426469313832058e-05
2021-01-21 15:26:00+00:00,384.63,384.63,384.65,400,300,384.64142857142855,6.998913299527509e-08,-3.870702364938694e-05
2021-01-21 15:27:00+00:00,384.65,384.63,384.65,700,200,384.6455555555556,5.4611374878112246e-08,0.00025877122154649435
2021-01-21 15:28:00+00:00,384.74,384.73,384.75,200,100,384.74333333333334,6.283206138335292e-08,6.76338871485882e-05
2021-01-21 15:29:00+00:00,384.76,384.75,384.77,511,200,384.76437412095635,7.347143789007785e-08,2.4257125530668944e-05
2021-01-21 15:30:00+00:00,384.77,384.76,384.77,200,100,384.76666666666665,1.3461539153161694e-07,-8.489787997867371e-05
2021-01-21 15:31:00+00:00,384.74,384.74,384.76,100,300,384.745,1.0145678052793719e-07,-6.115612598378561e-05
2021-01-21 15:32:00+00:00,384.72,384.71,384.73,300,300,384.72,6.29787684271032e-08,0.00030710112777132537
2021-01-21 15:33:00+00:00,384.82,384.82,384.83,88,560,384.82135802469134,3.69445974954071e-08,-1.9967280488142336e-05
2021-01-21 15:34:00+00:00,384.83,384.83,384.84,100,400,384.832,3.0481289082201546e-08,-8.38490176475748e-05
2021-01-21 15:35:00+00:00,384.79,384.79,384.8,400,100,384.798,5.999565957695032e-08,-0.00017567783466820863
2021-01-21 15:36:00+00:00,384.735,384.74,384.76,300,1900,384.7427272727273,4.063044693599918e-08,-0.00017036044297746855
2021-01-21 15:37:00+00:00,384.67,384.66,384.68,449,1400,384.6648566792861,5.849117045332496e-08,-1.2508110199926925e-05
2021-01-21 15:38:00+00:00,384.68,384.68,384.7,700,600,384.6907692307692,1.4895465544715096e-07,0.0005865035150700582
2021-01-21 15:39:00+00:00,384.85,384.84,384.86,1200,200,384.85714285714283,5.728985902581871e-08,-0.00039138182677589395
2021-01-21 15:40:00+00:00,384.74,384.73,384.75,200,236,384.7391743119266,4.6262532827309135e-08,0.00025606440730352453
2021-01-21 15:41:00+00:00,384.81,384.8,384.82,200,720,384.80434782608694,1.0055207055451573e-07,-0.0003061456890995906
2021-01-21 15:42:00+00:00,384.712,384.71,384.73,400,1414,384.71441014332964,6.320255538538092e-08,8.312117439079891e-05
2021-01-21 15:43:00+00:00,384.75,384.74,384.76,1100,219,384.7566793025019,5.8667616482223404e-08,0.00011516038482750623
2021-01-21 15:44:00+00:00,384.79,384.78,384.79,100,400,384.782,3.284607032604624e-08,-0.0002824036535755692
2021-01-21 15:45:00+00:00,384.69,384.67,384.69,400,240,384.6825,2.3809885460878266e-08,0.00012753893833616914
2021-01-21 15:46:00+00:00,384.73,384.72,384.73,226,400,384.7236102236422,3.6359841751013387e-08,0.0001410622813362572
2021-01-21 15:47:00+00:00,384.79,384.79,384.8,100,100,384.795,3.250927550895789e-08,-6.187720592243373e-06
2021-01-21 15:48:00+00:00,384.79,384.77,384.79,500,200,384.7842857142857,2.352296132906754e-08,-0.00010789547561540491
2021-01-21 15:49:00+00:00,384.75,384.74,384.76,325,1400,384.74376811594203,4.4101426976736895e-08,-6.589511002652593e-05
2021-01-21 15:50:00+00:00,384.718,384.7,384.72,301,2002,384.7026139817629,3.858713947359597e-08,-0.00011920781045393625
2021-01-21 15:51:00+00:00,384.68,384.68,384.7,100,825,384.6821621621622,4.021524463056408e-08,0.00012598986494460895
2021-01-21 15:52:00+00:00,384.72,384.72,384.73,301,400,384.72429386590585,5.079583176904326e-08,4.196134144285324e-05
2021-01-21 15:53:00+00:00,384.71,384.73,384.75,200,400,384.7366666666667,2.463583443704323e-08,-0.00012406833742439893
2021-01-21 15:54:00+00:00,384.69,384.68,384.7,500,700,384.68833333333333,3.696181823120958e-08,1.7111813750414484e-05
2021-01-21 15:55:00+00:00,384.695,384.69,384.7,602,400,384.69600798403195,2.5600690683316714e-08,7.795144257172204e-05
2021-01-21 15:56:00+00:00,384.72,384.72,384.73,401,400,384.72500624219725,2.683794065768821e-08,0.00011119053292030223
2021-01-21 15:57:00+00:00,384.76,384.75,384.77,700,100,384.7675,2.0189322626413465e-08,7.999547054771128e-05
2021-01-21 15:58:00+00:00,384.79,384.79,384.8,2550,213,384.79922909880565,2.6532652309718942e-08,-0.0002540165065325617
2021-01-21 15:59:00+00:00,384.71,384.71,384.72,100,700,384.71125,3.368720018544651e-08,0.00015385392019773292
2021-01-21 16:00:00+00:00,384.76,384.75,384.77,400,400,384.76,4.7409076477588234e-08,-8.233116972600207e-05
2021-01-21 16:01:00+00:00,384.73,384.72,384.74,401,300,384.7314407988588,4.6000529172182794e-08,9.526947490301474e-05
2021-01-21 16:02:00+00:00,384.76,384.75,384.77,300,302,384.75996677740864,4.071119421135429e-08,0.0002621603242165538
2021-01-21 16:03:00+00:00,384.86,384.85,384.87,3052,900,384.86544534412957,5.844375123935398e-08,8.346516814583538e-05
2021-01-21 16:04:00+00:00,384.9,384.89,384.9,508,1002,384.8933642384106,4.4406228939668613e-08,-9.287111969369377e-05
2021-01-21 16:05:00+00:00,384.86,384.85,384.86,800,100,384.8588888888889,5.20540697489896e-08,-0.000380806894784147
2021-01-21 16:06:00+00:00,384.695,384.69,384.7,500,1,384.69998003992015,1.0848951852488372e-07,-0.0002850729358284676
2021-01-21 16:07:00+00:00,384.63,384.6,384.61,200,108,384.6064935064935,3.215912528300379e-08,-0.00024608119406277496
2021-01-21 16:08:00+00:00,384.52,384.52,384.53,100,517,384.5216207455429,6.340035419752099e-08,-0.0001908981460567727
2021-01-21 16:09:00+00:00,384.43,384.42,384.44,100,510,384.4232786885246,1.1755756117555823e-07,0.0003284342461586931
2021-01-21 16:10:00+00:00,384.57,384.55,384.56,547,22,384.5596133567663,5.81355987529981e-08,-0.0003977872705922536
2021-01-21 16:11:00+00:00,384.41,384.4,384.42,1200,611,384.41325234676975,5.905232030458726e-08,-2.939370605459235e-05
2021-01-21 16:12:00+00:00,384.41,384.39,384.41,366,100,384.40570815450644,4.820986860992951e-08,-0.0001492528852989894
2021-01-21 16:13:00+00:00,384.35,384.34,384.36,205,200,384.3501234567901,5.463912918295544e-08,-8.511568729496766e-06
2021-01-21 16:14:00+00:00,384.342,384.34,384.35,1900,5,384.34997375328084,3.8453945930284646e-08,0.00024251296688349022
2021-01-21 16:15:00+00:00,384.44,384.42,384.43,300,400,384.4242857142857,5.6407518183548813e-08,-0.00037293501397583917
2021-01-21 16:16:00+00:00,384.28,384.28,384.29,395,415,384.28487654320986,3.167024579753016e-08,0.00026899397359381183
2021-01-21 16:17:00+00:00,384.4,384.39,384.4,200,600,384.3925,2.920943451936696e-08,2.6015075736296467e-05
2021-01-21 16:18:00+00:00,384.4,384.39,384.4,310,100,384.39756097560974,3.3887026138931594e-08,-1.6909359330297136e-05
2021-01-21 16:19:00+00:00,384.39,384.38,384.39,400,500,384.38444444444445,3.6746719370888495e-08,-0.00014884530236314308
2021-01-21 16:20:00+00:00,384.34,384.33,384.34,201,597,384.3325187969925,2.4461272559873678e-08,0.0002178170463971174
2021-01-21 16:21:00+00:00,384.42,384.42,384.43,300,200,384.426,2.1619717125225682e-08,-0.00012710919980918334
2021-01-21 16:22:00+00:00,384.37,384.36,384.37,200,100,384.3666666666667,2.712458825973142e-08,9.48199292141183e-05
2021-01-21 16:23:00+00:00,384.42,384.42,384.43,299,300,384.4249916527546,3.932890363897094e-08,0.00019922480053513603
2021-01-21 16:24:00+00:00,384.49,384.48,384.49,500,100,384.48833333333334,3.4281593340171464e-08,-9.798445376207887e-05
2021-01-21 16:25:00+00:00,384.45,384.44,384.45,793,100,384.4488801791713,4.01446051363663e-08,-0.00022570153654544178
2021-01-21 16:26:00+00:00,384.36,384.35,384.37,300,1300,384.35375,2.3616013880529142e-08,0.00013471089192473862
2021-01-21 16:27:00+00:00,384.42,384.41,384.43,300,1200,384.414,2.2076817601192402e-08,0.00011388185075933421
2021-01-21 16:28:00+00:00,384.46,384.45,384.46,900,100,384.459,1.2778346742665897e-08,1.4421561167266006e-05
2021-01-21 16:29:00+00:00,384.469,384.46,384.47,100,201,384.4633222591362,1.613139016091557e-08,-0.00020352622208741344
2021-01-21 16:30:00+00:00,384.39,384.39,384.4,200,100,384.39666666666665,8.82654428377022e-08,0.0001544559267552259
2021-01-21 16:31:00+00:00,384.44,384.43,384.45,220,300,384.4384615384615,8.243456184761542e-08,-0.00048213347346304225
2021-01-21 16:32:00+00:00,384.27,384.26,384.28,600,1000,384.2675,7.09525972341656e-08,-0.00020599937940102286
2021-01-21 16:33:00+00:00,384.17,384.17,384.18,400,14,384.1796618357488,3.912756635431744e-08,-9.946360330248538e-05
2021-01-21 16:34:00+00:00,384.15,384.14,384.15,104,200,384.1434210526316,9.562402015716587e-08,-0.00038541017835636016
2021-01-21 16:35:00+00:00,383.99,383.98,384.0,307,400,383.988684582744,2.7452436659832707e-08,-5.688020226790602e-05
2021-01-21 16:36:00+00:00,383.97,383.95,383.97,501,400,383.96112097669254,2.8824339017906226e-08,-0.00012456144870165442
2021-01-21 16:37:00+00:00,383.81,383.8,383.82,279,900,383.8047328244275,1.9556776937329536e-07,-9.364150069335331e-05
2021-01-21 16:38:00+00:00,383.89,383.88,383.9,100,100,383.89,7.351652468427793e-08,-0.0001333341171789737
2021-01-21 16:39:00+00:00,383.84,383.83,383.84,400,93,383.8381135902637,3.713645377551736e-08,0.00017767527949685835
2021-01-21 16:40:00+00:00,383.9,383.89,383.9,200,400,383.8933333333333,5.221127835748305e-08,-0.0002823486130668629
2021-01-21 16:41:00+00:00,383.81,383.79,383.81,200,100,383.80333333333334,4.0968823211428835e-08,1.910733982390944e-05
2021-01-21 16:42:00+00:00,383.81,383.8,383.82,200,100,383.81333333333333,4.763839089227852e-08,-0.00016302964161762912
2021-01-21 16:43:00+00:00,383.74,383.73,383.75,400,200,383.74333333333334,4.602456504971415e-08,-3.62967623287469e-05
2021-01-21 16:44:00+00:00,383.73,383.72,383.74,400,300,383.7314285714286,3.397752452230015e-08,0.00035402236039727697
2021-01-21 16:45:00+00:00,383.86,383.85,383.87,602,300,383.86334811529935,4.254468659361136e-08,0.0002132054506380765
2021-01-21 16:46:00+00:00,383.95,383.93,383.95,500,295,383.9425786163522,1.5877658281795035e-08,0.00011334064181989234
2021-01-21 16:47:00+00:00,383.99,383.98,383.99,1100,104,383.98913621262454,2.585096997155659e-08,0.00019169404181251792
2021-01-21 16:48:00+00:00,384.07,384.06,384.07,200,664,384.0623148148148,5.48069458498415e-08,-2.73391384081334e-05
2021-01-21 16:49:00+00:00,384.05,384.05,384.06,500,102,384.05830564784054,2.909447548819681e-08,-5.308218790833763e-05
2021-01-21 16:50:00+00:00,384.02,384.02,384.04,100,301,384.02498753117203,2.9833523702762945e-08,0.0002018063997737407
2021-01-21 16:51:00+00:00,384.12,384.11,384.13,300,1000,384.1146153846154,2.2898349214687756e-08,-6.698581835229422e-05
2021-01-21 16:52:00+00:00,384.061,384.06,384.08,600,1400,384.066,1.9326847536555716e-08,9.705512617874668e-05
2021-01-21 16:53:00+00:00,384.12,384.12,384.13,100,1500,384.120625,4.884795486435005e-08,5.51668139709971e-05
2021-01-21 16:54:00+00:00,384.13,384.13,384.15,100,600,384.1328571428571,2.4482170644139508e-08,-7.045715009201814e-07
2021-01-21 16:55:00+00:00,384.14,384.13,384.15,200,1102,384.1330721966206,1.8489368071350038e-08,2.873912094525366e-06
2021-01-21 16:56:00+00:00,384.13,384.13,384.14,500,200,384.13714285714286,3.0930845064965006e-08,0.00032083935387539064
2021-01-21 16:57:00+00:00,384.26,384.25,384.27,300,82,384.2657068062827,3.379548683875001e-08,-0.0003359169155477959
2021-01-21 16:58:00+00:00,384.14,384.14,384.15,200,200,384.145,2.487138808054035e-08,-6.652724869338211e-05
2021-01-21 16:59:00+00:00,384.12,384.11,384.12,900,100,384.119,2.0764504124459813e-08,2.0248770610464817e-05
2021-01-21 17:00:00+00:00,384.11,384.11,384.12,100,400,384.112,2.8346409434066202e-08,-0.00011983723623931741
2021-01-21 17:01:00+00:00,384.07,384.07,384.09,436,400,384.08043062200954,2.683766081985651e-08,9.066860114370634e-05
2021-01-21 17:02:00+00:00,384.11,384.1,384.11,400,151,384.10725952813067,2.5533082979386885e-08,-0.00011764077694986774
2021-01-21 17:03:00+00:00,384.069,384.05,384.07,400,401,384.05998751560554,8.161734025254565e-08,-0.00011437580616557863
2021-01-21 17:04:00+00:00,384.01,384.01,384.03,1295,300,384.0262382445141,2.2861576243261444e-08,1.4149554821374366e-05
2021-01-21 17:05:00+00:00,384.02,384.01,384.03,1400,300,384.02647058823527,3.083276985456761e-08,2.7460404936840987e-05
2021-01-21 17:06:00+00:00,384.03,384.02,384.04,400,150,384.0345454545455,3.5691375962363884e-08,-7.879431842250373e-05
2021-01-21 17:07:00+00:00,384.009,384.0,384.01,300,400,384.0042857142857,2.8134783305936893e-08,-0.00024036644845804034
2021-01-21 17:08:00+00:00,383.91,383.91,383.92,498,200,383.91713467048714,2.555492959508296e-08,-3.842083675642538e-05
2021-01-21 17:09:00+00:00,383.87,383.87,383.89,300,444,383.8780645161291,2.9043058607598193e-08,2.6742187300365927e-05
2021-01-21 17:10:00+00:00,383.9,383.89,383.91,1400,300,383.9064705882353,6.512861148327628e-09,-2.243017161973615e-05
2021-01-21 17:11:00+00:00,383.9,383.89,383.91,400,1500,383.8942105263158,4.494946611267671e-08,-0.00011287694387129843
2021-01-21 17:12:00+00:00,383.86,383.84,383.86,1400,300,383.8564705882353,2.901167309998883e-08,-5.156325968114217e-05
2021-01-21 17:13:00+00:00,383.83,383.82,383.84,906,400,383.8338744257274,2.8612701202678007e-08,-0.00026878714620770516
2021-01-21 17:14:00+00:00,383.73,383.72,383.73,101,200,383.7233554817276,3.044808404529579e-08,-1.901968997786163e-05
2021-01-21 17:15:00+00:00,383.73,383.71,383.73,1300,300,383.72625,3.404772116289096e-08,-0.00045998072466146844
2021-01-21 17:16:00+00:00,383.54,383.54,383.55,2800,600,383.54823529411766,7.705596830583288e-08,6.051934446338336e-05
2021-01-21 17:17:00+00:00,383.57,383.57,383.59,800,400,383.5833333333333,6.993356096395928e-08,-0.00019888238527754343
2021-01-21 17:18:00+00:00,383.495,383.49,383.51,400,599,383.498008008008,3.3024824977086045e-08,-0.00011398898106529387
2021-01-21 17:19:00+00:00,383.45,383.44,383.46,200,348,383.44729927007296,2.954743219897258e-08,-0.0003210568152295368
2021-01-21 17:20:00+00:00,383.33,383.32,383.34,711,200,383.3356092206366,3.194729785665134e-08,-7.936184693080328e-06
2021-01-21 17:21:00+00:00,383.33,383.3,383.31,307,200,383.3060552268244,5.485435755844505e-08,0.00046736229174260124
2021-01-21 17:22:00+00:00,383.54,383.52,383.54,300,800,383.5254545454545,4.566840055215729e-08,-6.525610270180504e-05
2021-01-21 17:23:00+00:00,383.49,383.49,383.5,400,68,383.498547008547,2.5413244037669963e-08,0.0002791775737192026
2021-01-21 17:24:00+00:00,383.58,383.57,383.58,100,456,383.57179856115107,4.946154505254599e-08,0.00022353417445231116
2021-01-21 17:25:00+00:00,383.68,383.67,383.68,200,200,383.675,2.93018815949521e-08,2.6114172692937032e-05
2021-01-21 17:26:00+00:00,383.68,383.68,383.69,2300,197,383.6892110532639,1.829266727989654e-08,-1.6127096847506905e-05
2021-01-21 17:27:00+00:00,383.699,383.68,383.7,400,1300,383.68470588235294,1.555801920722445e-08,5.7241027227261654e-05
2021-01-21 17:28:00+00:00,383.69,383.68,383.69,200,200,383.685,2.8114964636633512e-08,3.01070399499892e-05
2021-01-21 17:29:00+00:00,383.715,383.7,383.71,10,700,383.7001408450704,2.0835004354674932e-08,-0.00020229713016395312
2021-01-21 17:30:00+00:00,383.65,383.63,383.64,100,300,383.6325,7.255072135860366e-08,-0.00022691074288638813
2021-01-21 17:31:00+00:00,383.54,383.54,383.56,200,700,383.5444444444444,5.4139655870817705e-08,0.0001772935053441227
2021-01-21 17:32:00+00:00,383.63,383.61,383.62,890,200,383.61816513761465,7.548696886459372e-08,-0.00026967193595095473
2021-01-21 17:33:00+00:00,383.49,383.49,383.5,400,200,383.49666666666667,6.421297627671239e-08,-2.0859951500584728e-05
2021-01-21 17:34:00+00:00,383.51,383.51,383.53,300,200,383.522,3.801210664367114e-08,9.532988391525166e-05
2021-01-21 17:35:00+00:00,383.54,383.54,383.55,300,2,383.5499337748344,2.7128299481025335e-08,-1.9946130704773246e-05
2021-01-21 17:36:00+00:00,383.53,383.53,383.54,20,200,383.5309090909091,2.8297966291242057e-08,0.00013321197295934617
2021-01-21 17:37:00+00:00,383.58,383.57,383.59,200,200,383.58,2.6418620314498186e-08,-8.262650976320618e-05
2021-01-21 17:38:00+00:00,383.55,383.55,383.57,400,800,383.5566666666667,2.6772833951155624e-08,0.00013340026436958752
2021-01-21 17:39:00+00:00,383.62,383.59,383.61,400,200,383.60333333333335,3.6134855640865256e-08,2.874673127117866e-05
2021-01-21 17:40:00+00:00,383.62,383.61,383.63,500,1001,383.6166622251832,2.8654980237528527e-08,0.0001811907573974203
2021-01-21 17:41:00+00:00,383.7,383.68,383.7,1,1600,383.68001249219236,2.6815031219543272e-08,0.00040657106551988953
2021-01-21 17:42:00+00:00,383.83,383.81,383.83,303,400,383.8186201991465,2.8824777015168e-08,-0.0002486574250972762
2021-01-21 17:43:00+00:00,383.75,383.74,383.76,303,1300,383.74378041172804,1.2746684207683396e-08,-7.615130896521105e-05
2021-01-21 17:44:00+00:00,383.71,383.7,383.72,200,200,383.71,2.214637859909842e-08,8.894492390298936e-05
2021-01-21 17:45:00+00:00,383.75,383.74,383.76,200,2169,383.7416884761503,2.3311783102033424e-08,-0.00012059036316547367
2021-01-21 17:46:00+00:00,383.7,383.69,383.7,100,1,383.699900990099,2.7560410272768665e-08,-2.2638555691179008e-05
2021-01-21 17:47:00+00:00,383.7,383.69,383.71,300,1315,383.6937151702786,1.7514754497350413e-08,4.933265943063425e-05
2021-01-21 17:48:00+00:00,383.725,383.71,383.72,550,200,383.71733333333333,2.1062751856999482e-08,7.975603227494688e-05
2021-01-21 17:49:00+00:00,383.75,383.74,383.75,202,200,383.7450248756219,3.2530112669145424e-08,2.2900279071036422e-05
2021-01-21 17:50:00+00:00,383.76,383.75,383.76,550,20,383.759649122807,3.625539777132288e-08,-0.0003846221366796687
2021-01-21 17:51:00+00:00,383.61,383.6,383.61,200,20,383.6090909090909,4.0295307524769495e-08,-8.008434305450951e-05
2021-01-21 17:52:00+00:00,383.6,383.58,383.61,300,1600,383.58473684210526,4.531997812345108e-08,-0.0001424942162047138
2021-01-21 17:53:00+00:00,383.53,383.53,383.54,100,100,383.535,1.4856431539006063e-08,5.777270377804733e-05
2021-01-21 17:54:00+00:00,383.55,383.53,383.55,100,300,383.535,2.824101224747084e-08,7.17004745267591e-05
2021-01-21 17:55:00+00:00,383.57,383.56,383.58,200,500,383.5657142857143,4.195888021384207e-08,0.0001059268089733667
2021-01-21 17:56:00+00:00,383.618,383.59,383.6,100,500,383.59166666666664,4.068126784280434e-08,0.00016077302703321195
2021-01-21 17:57:00+00:00,383.67,383.66,383.68,100,442,383.6636900369004,2.0163996057404048e-08,0.00017688406907900855
2021-01-21 17:58:00+00:00,383.73,383.73,383.74,229,600,383.73276236429433,1.6302200836879087e-08,0.0003365276977067566
2021-01-21 17:59:00+00:00,383.88,383.87,383.88,400,60,383.8786956521739,2.1785004447183753e-08,0.00014899086600994593
2021-01-21 18:00:00+00:00,383.93,383.93,383.95,400,300,383.94142857142856,3.582593462307454e-08,0.000241367215039201
2021-01-21 18:01:00+00:00,384.02,384.01,384.02,100,191,384.01343642611687,2.8370574127325698e-08,-1.7360357622564493e-06
2021-01-21 18:02:00+00:00,384.0,384.01,384.02,400,200,384.01666666666665,8.225321207123136e-08,-0.0001848881296613314
2021-01-21 18:03:00+00:00,383.93,383.92,383.93,601,300,383.9266703662597,3.0467230882656736e-08,-0.00013283152534859788
2021-01-21 18:04:00+00:00,383.885,383.88,383.89,130,1400,383.8808496732026,1.8404895031227615e-08,6.946361929660583e-06
2021-01-21 18:05:00+00:00,383.895,383.89,383.9,400,200,383.89666666666665,2.924799110316038e-08,0.00020321014137425486
2021-01-21 18:06:00+00:00,383.98,383.97,383.99,400,1510,383.9741884816754,3.723578542597479e-08,-1.8743594878745107e-05
2021-01-21 18:07:00+00:00,383.97,383.96,383.97,400,101,383.9679840319361,1.5247793391877463e-08,-3.511051694427003e-05
2021-01-21 18:08:00+00:00,383.95,383.94,383.95,400,300,383.9457142857143,1.483498211633742e-08,5.208957323010743e-05
2021-01-21 18:09:00+00:00,383.98,383.97,383.99,300,1400,383.97352941176473,2.3096895964698395e-08,6.25042320574476e-05
2021-01-21 18:10:00+00:00,384.0,383.99,384.0,300,200,383.996,1.6795410148511244e-08,-4.5428477347342344e-05
2021-01-21 18:11:00+00:00,384.0,383.98,384.0,300,1058,383.98441826215026,1.9226757654942166e-08,8.800516078855125e-05
2021-01-21 18:12:00+00:00,384.01,384.01,384.02,300,420,384.0141666666666,8.55806009419472e-09,6.159190157073446e-05
2021-01-21 18:13:00+00:00,384.03,384.03,384.04,900,125,384.0387804878049,1.634009660606108e-08,-3.385081684637026e-05
2021-01-21 18:14:00+00:00,384.021,384.01,384.03,456,300,384.02206349206347,9.344901008210132e-09,7.25187236481073e-05
2021-01-21 18:15:00+00:00,384.055,384.04,384.06,600,1502,384.04570884871555,2.5171426551653117e-08,3.8192506891077116e-05
2021-01-21 18:16:00+00:00,384.07,384.06,384.08,610,413,384.07192570869984,1.3306584632040035e-08,7.936900342819797e-05
2021-01-21 18:17:00+00:00,384.1,384.09,384.1,400,743,384.09349956255465,2.2743574422776377e-08,-0.00019890757046392427
2021-01-21 18:18:00+00:00,384.02,384.02,384.03,100,525,384.0216,2.125483463260256e-08,-4.973678563913175e-05
2021-01-21 18:19:00+00:00,384.005,384.0,384.01,100,401,384.001996007984,1.3269415584343461e-08,0.00019531122844251847
2021-01-21 18:20:00+00:00,384.09,384.07,384.08,100,600,384.07142857142856,2.5890723894728424e-08,-9.02187635332119e-05
2021-01-21 18:21:00+00:00,384.06,384.04,384.05,100,451,384.04181488203267,1.718842681586748e-08,6.573806884246913e-05
2021-01-21 18:22:00+00:00,384.07,384.06,384.08,340,700,384.06653846153847,1.5281734804635393e-08,9.346461817028029e-05
2021-01-21 18:23:00+00:00,384.11,384.1,384.11,500,101,384.1083194675541,1.0153169432358886e-08,0.00010409651677023568
2021-01-21 18:24:00+00:00,384.15,384.14,384.15,430,500,384.14462365591396,1.174114310442502e-08,5.511846677475063e-05
2021-01-21 18:25:00+00:00,384.165,384.16,384.17,500,571,384.1646685340803,1.244107989003412e-08,-0.00012273193096545842
2021-01-21 18:26:00+00:00,384.12,384.11,384.12,400,300,384.11571428571426,1.2014068092013112e-08,-5.206733347584702e-06
2021-01-21 18:27:00+00:00,384.12,384.11,384.13,300,1300,384.11375,2.0225234511107865e-08,-0.00011979262862049644
2021-01-21 18:28:00+00:00,384.07,384.07,384.08,300,1003,384.0723023791251,1.4650698693303614e-08,-0.00014167768781836454
2021-01-21 18:29:00+00:00,384.01,384.01,384.03,602,1300,384.01633017875923,2.0418399418708386e-08,0.0002175316885886236
2021-01-21 18:30:00+00:00,384.1,384.09,384.1,400,100,384.098,2.809602584044131e-08,-5.1140074990296824e-06
2021-01-21 18:31:00+00:00,384.09,384.08,384.1,600,500,384.09090909090907,1.2230993864865163e-08,-1.0593899816169206e-05
2021-01-21 18:32:00+00:00,384.1,384.09,384.11,300,1652,384.09307377049174,1.4338379222319465e-08,0.00011349565808882467
2021-01-21 18:33:00+00:00,384.13,384.13,384.14,200,100,384.13666666666666,1.6697603603447485e-08,6.446118506930887e-05
2021-01-21 18:34:00+00:00,384.16,384.15,384.17,400,800,384.1566666666667,2.1448825070374713e-08,9.296687032644968e-06
2021-01-21 18:35:00+00:00,384.162,384.16,384.17,100,100,384.165,2.4739555651497094e-08,6.876847114201112e-05
2021-01-21 18:36:00+00:00,384.19,384.18,384.19,100,300,384.1825,1.4351942592885213e-08,-7.657234988689421e-05
2021-01-21 18:37:00+00:00,384.17,384.15,384.17,300,200,384.162,2.0095881826177942e-08,8.590126040575186e-05
2021-01-21 18:38:00+00:00,384.21,384.18,384.2,400,200,384.1933333333333,1.12518249857312e-08,4.9224273973136334e-05
2021-01-21 18:39:00+00:00,384.21,384.21,384.22,357,300,384.2154337899544,1.2188646410467321e-08,-1.505376531540925e-06
2021-01-21 18:40:00+00:00,384.219,384.21,384.22,300,600,384.2133333333333,1.922296817423037e-08,3.289010251372737e-05
2021-01-21 18:41:00+00:00,384.225,384.22,384.24,400,705,384.2272398190046,3.004698340237693e-08,0.00010158045988162279
2021-01-21 18:42:00+00:00,384.28,384.26,384.28,400,1000,384.2657142857143,1.3572102983811e-08,0.00014304335597570272
2021-01-21 18:43:00+00:00,384.32,384.31,384.32,98,301,384.31245614035083,3.836190209548138e-08,-0.00014488146790114786
2021-01-21 18:44:00+00:00,384.27,384.26,384.27,300,100,384.2675,1.3065303646749559e-08,-4.5851379568917494e-05
2021-01-21 18:45:00+00:00,384.24,384.23,384.25,501,100,384.24667221297835,2.4381161965701254e-08,1.1533596557145032e-05
2021-01-21 18:46:00+00:00,384.26,384.25,384.26,173,1302,384.2511728813559,1.201362568229917e-08,-0.00014825762989112423
2021-01-21 18:47:00+00:00,384.2,384.19,384.21,601,1625,384.19539982030545,5.768220666435887e-08,-0.0003281466144567924
2021-01-21 18:48:00+00:00,384.08,384.08,384.09,800,25,384.08969696969694,2.7048301598630786e-08,-6.747970324327834e-05
2021-01-21 18:49:00+00:00,384.04,384.04,384.05,309,200,384.04607072691556,1.8173700909373465e-08,7.62920051347038e-05
2021-01-21 18:50:00+00:00,384.09,384.07,384.08,402,1200,384.0725093632959,2.6246214656418407e-08,0.00017768681530561103
2021-01-21 18:51:00+00:00,384.14,384.14,384.15,500,150,384.1476923076923,2.746178945441985e-08,6.164366575722724e-05
2021-01-21 18:52:00+00:00,384.175,384.16,384.18,301,1788,384.1628817616085,1.771959538836935e-08,0.00012128993866156179
2021-01-21 18:53:00+00:00,384.2,384.2,384.22,500,1101,384.20624609618983,1.1456995256612595e-08,-0.00017972222381956726
2021-01-21 18:54:00+00:00,384.15,384.13,384.15,600,400,384.142,1.619848870400445e-08,-0.00020541704630161473
2021-01-21 18:55:00+00:00,384.065,384.05,384.07,100,600,384.05285714285714,1.7325591894499282e-08,0.00012576883498760516
2021-01-21 18:56:00+00:00,384.119,384.11,384.12,400,400,384.115,8.806245498769496e-09,0.00015092756249601713
2021-01-21 18:57:00+00:00,384.17,384.17,384.18,300,325,384.1748,1.6492411487028683e-08,6.233299743318987e-05
2021-01-21 18:58:00+00:00,384.19,384.18,384.2,200,800,384.184,1.4718961157742005e-08,-0.00019087667342443382
2021-01-21 18:59:00+00:00,384.12,384.11,384.13,400,500,384.1188888888889,8.978658706486548e-09,0.00013338047858613145
2021-01-21 19:00:00+00:00,384.169,384.17,384.18,105,402,384.17207100591713,6.776242071412623e-08,0.00019490622883866493
2021-01-21 19:01:00+00:00,384.25,384.24,384.26,100,1600,384.24117647058824,2.9727040555063097e-08,-0.0001867427471727856
2021-01-21 19:02:00+00:00,384.17,384.16,384.18,400,204,384.1732450331126,1.6246175094891716e-08,0.00011302617794295422
2021-01-21 19:03:00+00:00,384.2,384.21,384.22,300,100,384.2175,1.7303167050570256e-08,7.634581182491829e-05
2021-01-21 19:04:00+00:00,384.24,384.21,384.23,300,500,384.2175,3.0260886147223556e-08,0.00010149747817811416
2021-01-21 19:05:00+00:00,384.29,384.28,384.29,106,300,384.2826108374384,1.2525898396420541e-08,2.688976497489115e-05
2021-01-21 19:06:00+00:00,384.3,384.29,384.31,500,1500,384.295,4.804282435936813e-08,0.00026512168288528315
2021-01-21 19:07:00+00:00,384.4,384.39,384.4,100,200,384.3933333333333,3.230069389809266e-08,0.0001448353889392795
2021-01-21 19:08:00+00:00,384.46,384.45,384.46,407,1000,384.4528926794598,1.8545201208893905e-08,3.149233825716635e-05
2021-01-21 19:09:00+00:00,384.47,384.46,384.48,401,1025,384.4656241234222,1.1722624051817773e-08,2.7257417629655833e-05
2021-01-21 19:10:00+00:00,384.48,384.48,384.49,257,1300,384.48165061014777,1.2951573776778437e-08,-4.906279124528012e-06
2021-01-21 19:11:00+00:00,384.47,384.47,384.48,295,526,384.47359317904994,1.1870142887219291e-08,0.0001401486536918295
2021-01-21 19:12:00+00:00,384.52,384.52,384.54,800,1500,384.5269565217391,4.6311680144411715e-08,0.00012098840086283147
2021-01-21 19:13:00+00:00,384.57,384.57,384.58,680,1200,384.5736170212766,1.4757346137212696e-08,-3.6429893882639064e-05
2021-01-21 19:14:00+00:00,384.56,384.55,384.56,700,300,384.557,1.1717016197608934e-08,3.471568868906871e-05
2021-01-21 19:15:00+00:00,384.58,384.58,384.59,200,1100,384.58153846153846,3.965932246457876e-08,0.00021238169123183326
2021-01-21 19:16:00+00:00,384.66,384.65,384.66,1006,500,384.65667994687914,1.716239949696573e-08,4.8701792243255326e-05
2021-01-21 19:17:00+00:00,384.68,384.67,384.68,600,901,384.67399733510996,1.2554120168732707e-08,-0.00017872287880305038
2021-01-21 19:18:00+00:00,384.61,384.6,384.61,800,100,384.6088888888889,1.7209856260609413e-08,-7.171804891947797e-05
2021-01-21 19:19:00+00:00,384.57,384.57,384.58,290,1,384.57996563573886,3.050553085122672e-08,0.0001892406302073102
2021-01-21 19:20:00+00:00,384.65,384.65,384.66,10,405,384.6502409638554,2.750211386705009e-08,6.304401312839936e-05
2021-01-21 19:21:00+00:00,384.68,384.67,384.69,700,1202,384.67736067297585,1.172198204914902e-08,5.3436239013215925e-05
2021-01-21 19:22:00+00:00,384.69,384.69,384.71,300,1100,384.69428571428574,1.3188006538596448e-08,-3.639246675946062e-05
2021-01-21 19:23:00+00:00,384.691,384.68,384.69,100,1200,384.6807692307692,2.1591774077834923e-08,-8.928027627230772e-05
2021-01-21 19:24:00+00:00,384.65,384.64,384.66,500,600,384.6490909090909,2.858057548192961e-08,-8.22978013315101e-05
2021-01-21 19:25:00+00:00,384.62,384.61,384.62,100,1600,384.61058823529413,2.2350215292854734e-08,0.000102571689697184
2021-01-21 19:26:00+00:00,384.66,384.65,384.67,301,1400,384.6535390946502,2.6405291482012778e-08,5.454207824695523e-05
2021-01-21 19:27:00+00:00,384.67,384.67,384.69,411,1200,384.6751024208566,1.7076922192198863e-08,-0.00018184424057721138
2021-01-21 19:28:00+00:00,384.61,384.6,384.62,500,990,384.606711409396,2.484557558403356e-08,0.00010042776674157317
2021-01-21 19:29:00+00:00,384.64,384.63,384.65,1001,502,384.64332002661337,2.3479869559237377e-08,1.7690559653393834e-05
2021-01-21 19:30:00+00:00,384.65,384.65,384.66,199,2500,384.65073731011483,4.0078864474074336e-08,1.0602911373780444e-05
2021-01-21 19:31:00+00:00,384.65,384.65,384.66,599,602,384.654987510408,2.2062804616754382e-08,1.77046075611198e-05
2021-01-21 19:32:00+00:00,384.66,384.66,384.67,269,1500,384.66152063312603,1.0893840746610433e-08,0.0002071266867209598
2021-01-21 19:33:00+00:00,384.73,384.71,384.72,500,1800,384.7121739130435,1.3246271457478786e-08,-1.6613843489166058e-05
2021-01-21 19:34:00+00:00,384.74,384.73,384.74,828,1200,384.7340828402367,1.8237680227444127e-08,4.249471188377818e-05
2021-01-21 19:35:00+00:00,384.739,384.74,384.75,700,500,384.74583333333334,1.1079247062139773e-08,8.400600016345017e-05
2021-01-21 19:36:00+00:00,384.79,384.78,384.79,400,1000,384.78285714285715,2.1193443060686104e-08,0.00010838437292259862
2021-01-21 19:37:00+00:00,384.82,384.81,384.82,160,2100,384.81070796460176,2.7576029182482403e-08,-9.73182854621113e-05
2021-01-21 19:38:00+00:00,384.79,384.78,384.8,501,1702,384.7845483431684,1.3738982382142468e-08,0.00012131588667263493
2021-01-21 19:39:00+00:00,384.84,384.83,384.84,917,200,384.8382094897045,4.40867749984329e-09,1.525503257560068e-05
2021-01-21 19:40:00+00:00,384.84,384.84,384.85,200,3400,384.84055555555557,3.0734932643075204e-08,-0.00015364021092223457
2021-01-21 19:41:00+00:00,384.8,384.78,384.79,200,1900,384.7809523809524,1.7686577953108202e-08,-2.8863385765243166e-05
2021-01-21 19:42:00+00:00,384.775,384.77,384.78,300,4101,384.77068166325836,2.5932236051010256e-08,-7.669943362498266e-05
2021-01-21 19:43:00+00:00,384.745,384.74,384.75,300,3300,384.74083333333334,1.0318174195321542e-08,-1.8102204832226576e-05
2021-01-21 19:44:00+00:00,384.73,384.73,384.74,300,800,384.7327272727273,1.018964142098011e-08,1.7169587501308925e-05
2021-01-21 19:45:00+00:00,384.74,384.72,384.74,600,2000,384.7246153846154,9.747057079871575e-09,-0.00015201796098274212
2021-01-21 19:46:00+00:00,384.69,384.68,384.69,703,200,384.68778516057586,1.242862968732578e-08,-3.4818795905389166e-06
2021-01-21 19:47:00+00:00,384.68,384.68,384.69,100,1300,384.68071428571426,1.1673351098590902e-08,5.411189830217822e-05
2021-01-21 19:48:00+00:00,384.69,384.7,384.71,301,600,384.7033407325194,1.6766999453589803e-08,2.62419070500286e-05
2021-01-21 19:49:00+00:00,384.72,384.71,384.72,200,1102,384.71153609831026,1.4557958093916191e-08,7.543173136848047e-05
2021-01-21 19:50:00+00:00,384.74,384.74,384.75,210,3270,384.74060344827586,2.5835142907732445e-08,2.454756668646141e-05
2021-01-21 19:51:00+00:00,384.76,384.76,384.77,200,2,384.769900990099,2.0433390117038913e-08,0.00013143928616687894
2021-01-21 19:52:00+00:00,384.81,384.8,384.82,400,2201,384.8030757401,1.2432843918462404e-08,5.956366160297932e-06
2021-01-21 19:53:00+00:00,384.8,384.8,384.81,5700,797,384.8087732799754,2.9033587825317158e-08,-0.00018357726247109074
2021-01-21 19:54:00+00:00,384.73,384.73,384.74,200,700,384.7322222222222,1.1329328827776486e-08,-1.8772075238371322e-05
2021-01-21 19:55:00+00:00,384.72,384.72,384.74,500,800,384.7276923076923,2.9928756903827e-08,0.0001624537006952309
2021-01-21 19:56:00+00:00,384.79,384.78,384.79,301,400,384.7842938659059,1.2668767776168941e-08,0.00017397770053451111
2021-01-21 19:57:00+00:00,384.865,384.86,384.87,100,2128,384.8604488330341,2.525534875810953e-08,1.0104830397761333e-05
2021-01-21 19:58:00+00:00,384.85,384.84,384.85,200,3000,384.840625,1.3816917930081514e-08,-9.773762823261922e-05
2021-01-21 19:59:00+00:00,384.82,384.81,384.82,441,400,384.81524375743163,9.372438524164088e-09,5.3742119521915654e-05
2021-01-21 20:00:00+00:00,384.84,384.83,384.84,800,1104,384.8342016806723,2.9886786566377354e-08,-0.0002609206276636966
2021-01-21 20:01:00+00:00,384.75,384.74,384.75,286,2700,384.740957803081,1.544111614780138e-08,-5.018948151158664e-05
2021-01-21 20:02:00+00:00,384.73,384.72,384.74,262,2464,384.72192223037416,1.922113342975773e-08,0.00021918114212682305
2021-01-21 20:03:00+00:00,384.81,384.8,384.81,500,10,384.80980392156863,9.551238765138664e-09,-8.226138952238671e-07
2021-01-21 20:04:00+00:00,384.8,384.8,384.81,595,300,384.80664804469274,2.6586657719931926e-08,0.000283175935904767
2021-01-21 20:05:00+00:00,384.91,384.91,384.92,800,390,384.91672268907564,3.7431994546176286e-08,-4.780582587626814e-05
2021-01-21 20:06:00+00:00,384.89,384.89,384.9,500,1,384.8999800399202,3.13903311359604e-08,4.491401005557449e-06
2021-01-21 20:07:00+00:00,384.9,384.89,384.9,600,152,384.89797872340426,2.4003828422031402e-08,-0.00014543782118559
2021-01-21 20:08:00+00:00,384.85,384.82,384.83,761,201,384.8279106029106,2.5520213894468193e-08,1.802960042307511e-05
2021-01-21 20:09:00+00:00,384.84,384.84,384.85,779,95,384.84891304347826,2.0817689982212125e-08,0.00016979952457796266
2021-01-21 20:10:00+00:00,384.91,384.9,384.92,500,2110,384.90383141762453,3.813084735484572e-08,-0.00046951154361429825
2021-01-21 20:11:00+00:00,384.74,384.74,384.76,100,1218,384.74151745068286,1.1474077704609873e-07,-0.0002801514531133309
2021-01-21 20:12:00+00:00,384.65,384.64,384.66,300,600,384.64666666666665,6.801331955544501e-08,-8.011282908781947e-05
2021-01-21 20:13:00+00:00,384.59,384.58,384.59,100,563,384.5815082956259,4.910052771763156e-08,-0.00013385912409169531
2021-01-21 20:14:00+00:00,384.54,384.53,384.55,500,482,384.54018329938896,4.001434058271236e-08,2.994370836950644e-05
2021-01-21 20:15:00+00:00,384.55,384.55,384.57,300,200,384.562,5.86537115804425e-08,0.00010401633056389414
2021-01-21 20:16:00+00:00,384.59,384.58,384.6,400,400,384.59,3.039699030480136e-08,-0.00011329171874685517
2021-01-21 20:17:00+00:00,384.55,384.53,384.55,700,300,384.544,3.181618714430609e-08,4.064541421389123e-05
2021-01-21 20:18:00+00:00,384.55,384.56,384.57,600,250,384.5670588235294,2.3219205254916974e-08,-0.0001418707668210395
2021-01-21 20:19:00+00:00,384.5,384.5,384.52,316,400,384.50882681564246,8.865989501517611e-09,0.00020055364810089849
2021-01-21 20:20:00+00:00,384.58,384.58,384.59,400,20,384.5895238095238,2.6728744060658268e-08,0.00018672679640974188
2021-01-21 20:21:00+00:00,384.66,384.65,384.67,500,300,384.6625,1.8267183273654285e-08,0.00010164196734274711
2021-01-21 20:22:00+00:00,384.71,384.7,384.71,200,2700,384.7006896551724,3.1453619579973285e-08,0.00010543432607357239
2021-01-21 20:23:00+00:00,384.735,384.73,384.74,200,1722,384.73104058272634,1.6032189027696156e-08,7.10761929765269e-05
2021-01-21 20:24:00+00:00,384.77,384.76,384.78,800,323,384.7742475512021,4.9035305879410295e-08,-0.00013888643232284892
2021-01-21 20:25:00+00:00,384.71,384.7,384.72,400,702,384.70725952813063,3.125991321768126e-08,-0.00019029167110473644
2021-01-21 20:26:00+00:00,384.64,384.64,384.65,200,820,384.6419607843137,2.6495227810338325e-08,-6.963807698634472e-05
2021-01-21 20:27:00+00:00,384.595,384.61,384.62,100,100,384.615,2.6012348590367826e-08,0.0001451668118335192
2021-01-21 20:28:00+00:00,384.68,384.67,384.68,200,2100,384.6708695652174,1.6151182407163677e-08,0.0001486119084499471
2021-01-21 20:29:00+00:00,384.725,384.72,384.73,400,300,384.7257142857143,2.0944147172555444e-08,-0.00020055476632374614
2021-01-21 20:30:00+00:00,384.65,384.65,384.67,300,600,384.6566666666667,4.053790875925826e-08,-9.317792149310389e-05
2021-01-21 20:31:00+00:00,384.61,384.61,384.63,600,500,384.6209090909091,4.8467821698655e-08,7.242864385714753e-05
2021-01-21 20:32:00+00:00,384.63,384.64,384.66,400,1300,384.6447058823529,4.391495061353279e-08,-0.00017641597028794642
2021-01-21 20:33:00+00:00,384.57,384.57,384.58,385,98,384.5779710144927,3.158473582900322e-08,0.00023402457258026033
2021-01-21 20:34:00+00:00,384.67,384.66,384.68,300,600,384.6666666666667,1.3751097695922365e-08,1.8197652502882633e-05
2021-01-21 20:35:00+00:00,384.67,384.67,384.68,125,300,384.6729411764706,2.7141900671841103e-08,-0.0001930274422163869
2021-01-21 20:36:00+00:00,384.59,384.59,384.61,100,400,384.594,4.424331466988549e-08,-6.144425902077089e-06
2021-01-21 20:37:00+00:00,384.6,384.59,384.6,124,310,384.5928571428571,3.787312001131409e-08,0.0003693261356521038
2021-01-21 20:38:00+00:00,384.73,384.73,384.74,300,204,384.73595238095237,2.071312059406374e-08,1.509098810759113e-05
2021-01-21 20:39:00+00:00,384.74,384.73,384.75,391,400,384.7398862199747,3.98702366390063e-08,-0.00040172432252516543
2021-01-21 20:40:00+00:00,384.57,384.57,384.59,1305,300,384.58626168224293,4.442676082102093e-08,0.00025597292813972494
2021-01-21 20:41:00+00:00,384.69,384.68,384.69,400,400,384.685,7.303790099207821e-08,0.00018560208654827548
2021-01-21 20:42:00+00:00,384.76,384.76,384.77,513,439,384.7653886554622,3.110899186411815e-08,0.0001155067645244312
2021-01-21 20:43:00+00:00,384.81,384.8,384.82,364,1622,384.8036656596173,3.445820954404761e-08,0.00010485221527067878
2021-01-21 20:44:00+00:00,384.83,384.83,384.85,900,402,384.84382488479264,1.8498233156499127e-08,-5.080969113857581e-05
2021-01-21 20:45:00+00:00,384.82,384.82,384.83,307,600,384.8233847850055,4.466230490895471e-08,0.00010574826643217072
2021-01-21 20:46:00+00:00,384.86,384.86,384.87,400,500,384.8644444444444,1.8726081388650408e-08,4.750459167324195e-05
2021-01-21 20:47:00+00:00,384.87,384.88,384.89,900,500,384.88642857142855,1.8101110191245143e-08,0.00011629389251899269
2021-01-21 20:48:00+00:00,384.895,384.89,384.9,2300,618,384.89788211103496,5.980653364073438e-08,-0.00014192190026374174
2021-01-21 20:49:00+00:00,384.88,384.87,384.88,11,700,384.8701547116737,4.623864164944357e-08,-0.0003296079224679449
2021-01-21 20:50:00+00:00,384.74,384.73,384.75,800,300,384.74454545454546,1.4627549780083723e-07,-9.728124900210133e-05
2021-01-21 20:51:00+00:00,384.7,384.69,384.7,100,1323,384.69070274068866,5.031020740479427e-08,-0.00011140158041711423
2021-01-21 20:52:00+00:00,384.67,384.66,384.67,700,175,384.668,8.825470794279845e-08,-0.00021721360842730242
2021-01-21 20:53:00+00:00,384.59,384.58,384.59,403,500,384.5844629014397,3.391607093991121e-08,-7.874691302101056e-05
2021-01-21 20:54:00+00:00,384.55,384.55,384.56,344,1400,384.5519724770642,5.844789544509842e-08,0.00012143606496883841
2021-01-21 20:55:00+00:00,384.59,384.58,384.6,400,1400,384.58444444444444,8.177328341035395e-08,0.00035286726777505883
2021-01-21 20:56:00+00:00,384.73,384.73,384.74,300,400,384.7342857142857,1.260534804712052e-07,-0.0004963227558413275
2021-01-21 20:57:00+00:00,384.55,384.54,384.55,100,700,384.54125,3.483138209453782e-08,-0.0003117719038925326
2021-01-21 20:58:00+00:00,384.43,384.42,384.43,700,200,384.4277777777778,6.48767136524012e-08,-7.01457907502645e-05
2021-01-21 20:59:00+00:00,384.38,384.36,384.38,1500,500,384.375,4.156431017883975e-07,-0.0006037283728116405
2021-01-21 21:00:00+00:00,384.2,384.2,384.21,300,62900,384.20004746835446,1.4477988858775242e-07,2.7319504196876565e-05
2021-01-21 21:01:00+00:00,384.18,384.17,384.18,300,312,384.1749019607843,3.8586205229058906e-08,3.693356394229852e-05
2021-01-21 21:02:00+00:00,384.19,384.18,384.2,1000,594,384.19254705144294,4.404688626795882e-08,-0.00016674904014435388
2021-01-21 21:03:00+00:00,384.14,384.12,384.15,102,2000,384.12145575642245,8.734518134593481e-08,-5.7212880970269886e-05
2021-01-21 21:04:00+00:00,384.1,384.1,384.12,1070,1500,384.108326848249,3.1568921098933337e-08,0.0002277655174875992
2021-01-21 21:05:00+00:00,384.19,384.18,384.2,200,1500,384.1823529411765,9.87311868935158e-09,-8.740391210249054e-05
2021-01-21 21:06:00+00:00,384.15,384.14,384.15,900,164,384.1484586466166,3.988827862898443e-08,-6.645187566478583e-05
2021-01-21 21:07:00+00:00,384.15,384.12,384.15,300,2300,384.1234615384615,2.9209408237693997e-08,3.966896250795493e-05
2021-01-21 21:08:00+00:00,384.16,384.13,384.15,500,100,384.14666666666665,2.0013376847613965e-08,4.338620665622628e-06
2021-01-21 21:09:00+00:00,384.16,384.14,384.17,500,1300,384.1483333333333,7.876814176501978e-09,-4.028701710589999e-05
2021-01-21 21:10:00+00:00,384.13,384.12,384.14,803,200,384.13601196410764,1.9525128999770235e-08,2.2933533660784988e-05
2021-01-21 21:11:00+00:00,384.14,384.13,384.14,100,500,384.13166666666666,1.1006374431949388e-08,-0.00017354708549366382
2021-01-21 21:12:00+00:00,384.07,384.07,384.09,100,300,384.075,2.4545281312118766e-09,7.501015116706533e-05
2021-01-21 21:13:00+00:00,384.09,384.1,384.12,400,1700,384.1038095238095,3.655922250695938e-08,0.0001115769794375332
2021-01-21 21:14:00+00:00,384.14,384.14,384.15,200,100,384.14666666666665,4.501349060807728e-08,-0.00012148137863998709
2021-01-21 21:15:00+00:00,384.12,384.08,384.12,800,307,384.10890695573624,2.01099625368378e-08,9.734783740644737e-05
2021-01-21 21:16:00+00:00,384.14,384.12,384.16,100,130,384.13739130434783,1.1143370740409485e-08,2.9126829320436087e-05
2021-01-21 21:17:00+00:00,384.14,384.14,384.15,1999,331,384.1485793991416,7.932888761404254e-09,2.3738488019509063e-05
2021-01-21 21:18:00+00:00,384.16,384.14,384.16,3600,468,384.15769911504424,9.719321852412764e-11,-5.496202114874116e-06
2021-01-21 21:19:00+00:00,384.16,384.15,384.16,3109,2455,384.15558770668594,1.1853174876260604e-10,4.6606700216944574e-06
2021-01-21 21:20:00+00:00,384.15,384.15,384.16,560,199,384.15737812911726,7.487448983717784e-11,-2.5347359959848603e-06
2021-01-21 21:21:00+00:00,384.15,384.15,384.16,700,393,384.1564043915828,8.802896172009257e-10,2.6528992300045573e-05
2021-01-21 21:22:00+00:00,384.16,384.16,384.17,1982,1023,384.1665956738769,3.0022127915082014e-10,-5.9179601518133396e-06
2021-01-21 21:23:00+00:00,384.15,384.15,384.17,3085,1223,384.16432219127205,5.954536701800763e-09,-2.3412029052427563e-05
2021-01-21 21:24:00+00:00,384.14,384.14,384.17,654,626,384.155328125,1.2328195020849368e-09,-5.4009869658089293e-05
2021-01-21 21:25:00+00:00,384.14,384.13,384.14,169,200,384.1345799457995,6.994042358344308e-10,-3.161310074695223e-05
2021-01-21 21:26:00+00:00,384.13,384.12,384.13,172,534,384.12243626062326,1.9003919375970613e-11,4.408836160596508e-06
2021-01-21 21:27:00+00:00,384.13,384.12,384.13,140,199,384.12412979351035,3.316247099218541e-11,-1.5929178965867763e-06
2021-01-21 21:28:00+00:00,384.12,384.12,384.13,108,199,384.1235179153095,7.250971376753178e-09,-6.39854488736491e-05
2021-01-21 21:29:00+00:00,384.09,384.09,384.1,5269,625,384.09893959959277,2.2360337835704392e-08,-1.806721882657847e-05
2021-01-21 21:30:00+00:00,384.05,384.06,384.1,400,100,384.092,2.959863497107563e-07,7.940805848605237e-05
2021-01-21 21:31:00+00:00,384.16,384.1,384.15,300,500,384.11875,5.4736742540245415e-08,0.00022770571215469104
2021-01-21 21:32:00+00:00,384.19,384.2,384.21,501,1,384.20998007968126,9.410628077314882e-09,9.118220661119558e-05
2021-01-21 21:33:00+00:00,384.26,384.25,384.28,800,169,384.2747678018576,2.1121697558342812e-08,0.00017783792458803127
2021-01-21 21:34:00+00:00,384.31,384.28,384.32,500,100,384.31333333333333,1.06395616488387e-08,2.5353244081038895e-05
2021-01-21 21:35:00+00:00,384.33,384.3,384.33,1000,300,384.32307692307694,2.0567754493247412e-08,6.6039494828196155e-06
2021-01-21 21:36:00+00:00,384.32,384.32,384.33,105,300,384.32259259259257,5.201882829041575e-09,-1.000768472092517e-06
2021-01-21 21:37:00+00:00,384.3,384.29,384.33,1300,176,384.32523035230355,1.91178962528753e-08,-0.00017408043701216958
2021-01-21 21:38:00+00:00,384.29,384.24,384.26,314,800,384.2456373429084,1.928745601475264e-08,3.200490631360964e-05
2021-01-21 21:39:00+00:00,384.29,384.27,384.28,20,300,384.270625,1.4863138534047575e-09,-2.2314706217163582e-05
2021-01-21 21:40:00+00:00,384.24,384.26,384.29,60,818,384.2620501138952,1.842878963491628e-08,1.2470633950156795e-05
2021-01-21 21:41:00+00:00,384.26,384.23,384.28,1400,500,384.26684210526315,2.4448071409439853e-08,7.578049361578465e-06
2021-01-21 21:42:00+00:00,384.27,384.23,384.28,1940,500,384.26975409836064,1.83301491905398e-08,-0.00011646531605280508
2021-01-21 21:43:00+00:00,384.23,384.21,384.27,100,300,384.225,1.030952005112216e-08,0.0
2021-01-21 21:44:00+00:00,384.2,384.21,384.24,600,500,384.22636363636366,1.5114496449157082e-08,0.0002482794095917118
2021-01-21 21:45:00+00:00,384.3,384.3,384.34,800,769,384.32039515615037,1.769753036960371e-08,0.00013329104080050946
2021-01-21 21:46:00+00:00,384.36,384.35,384.38,800,311,384.371602160216,2.272803488631044e-08,-1.72271344947017e-05
2021-01-21 21:47:00+00:00,384.35,384.34,384.39,500,500,384.365,1.2531748444853316e-08,0.0001398410365147651
2021-01-21 21:48:00+00:00,384.43,384.38,384.43,500,300,384.41125,7.587887450260216e-09,-0.00010680460385370516
2021-01-21 21:49:00+00:00,384.37,384.35,384.38,600,50,384.3776923076923,5.9032209190578055e-09,-0.00013708471835593983
2021-01-21 21:50:00+00:00,384.35,384.32,384.34,100,500,384.3233333333333,1.4714427218982874e-08,0.00015286541338710435
2021-01-21 21:51:00+00:00,384.38,384.37,384.39,500,491,384.38009081735623,1.6354477011611702e-08,0.00012588984675621084
2021-01-21 21:52:00+00:00,384.43,384.43,384.44,188,300,384.4338524590164,2.4561956333845285e-08,-0.00013362769463642898
2021-01-21 21:53:00+00:00,384.37,384.35,384.39,1000,300,384.3807692307692,3.120370183158645e-08,-0.00019325301947703544
2021-01-21 21:54:00+00:00,384.31,384.3,384.35,240,500,384.3162162162162,7.300531018908642e-09,-0.00012696683639201733
2021-01-21 21:55:00+00:00,384.25,384.24,384.27,2300,500,384.26464285714286,6.2385246152326264e-09,-3.303071856830542e-05
2021-01-21 21:56:00+00:00,384.25,384.23,384.27,300,500,384.245,1.3656143947953328e-09,1.47674491739469e-05
2021-01-21 21:57:00+00:00,384.24,384.24,384.26,372,325,384.25067431850783,6.091742064985622e-10,2.329141427903636e-05
2021-01-21 21:58:00+00:00,384.26,384.24,384.26,522,10,384.2596240601504,7.321330407245206e-10,-4.144744896827923e-05
2021-01-21 21:59:00+00:00,384.24,384.24,384.25,176,300,384.2436974789916,8.861320937392493e-09,8.523815840133508e-05
2021-01-21 22:00:00+00:00,384.24,384.24,384.38,176,400,384.28277777777777,2.6340607549402697e-08,4.5671015935333514e-05
2021-01-21 22:01:00+00:00,384.24,384.21,384.35,600,400,384.294,7.345164821865668e-08,-0.00016655216449179555
2021-01-21 22:02:00+00:00,384.24,384.22,384.23,2000,1,384.22999500249875,2.6215766951239483e-09,4.7900990918448016e-05
2021-01-21 22:03:00+00:00,384.23,384.21,384.25,600,25,384.2484,2.1896940657462843e-09,-3.44245706863644e-05
2021-01-21 22:04:00+00:00,384.24,384.22,384.35,8,400,384.2225490196078,3.4412736376612813e-07,-0.00029955599666187105
2021-01-21 22:05:00+00:00,384.13,384.12,384.13,1,137,384.1200724637681,1.239888025484747e-07,0.0001598037991552559
2021-01-21 22:06:00+00:00,384.13,384.13,384.23,212,200,384.1814563106796,8.109037318257939e-08,0.00014968395040226845
2021-01-21 22:07:00+00:00,384.13,384.15,384.24,1200,14,384.23896210873147,1.7575878749550168e-08,-0.00015345166561941959
2021-01-21 22:08:00+00:00,384.13,384.16,384.22,100,200,384.18,6.117911849575761e-08,0.0
2021-01-21 22:09:00+00:00,384.22,384.16,384.22,100,200,384.18,8.636297515959976e-09,-3.0367709580536584e-05
2021-01-21 22:10:00+00:00,384.22,384.16,384.21,100,500,384.16833333333335,1.248161753183986e-10,7.692155978844539e-07
2021-01-21 22:11:00+00:00,384.21,384.16,384.21,73,350,384.16862884160753,4.239895541730805e-10,2.0673316409203224e-05
2021-01-21 22:12:00+00:00,384.21,384.16,384.21,173,349,384.17657088122604,7.177574440132368e-10,2.6790995577119503e-05
2021-01-21 22:13:00+00:00,384.21,384.16,384.21,173,149,384.1868633540373,3.746518054513259e-09,4.2869709683035495e-05
2021-01-21 22:14:00+00:00,384.21,384.18,384.25,25,50,384.2033333333333,0.0,0.0
2021-01-21 22:15:00+00:00,384.21,384.18,384.25,25,50,384.2033333333333,8.571763006148943e-08,1.7351923027320026e-06
2021-01-21 22:16:00+00:00,384.25,384.18,384.3,25,100,384.204,2.952241856600219e-08,0.00012216817107590927
2021-01-21 22:17:00+00:00,384.3,384.25,384.35,3,400,384.25074441687343,5.777595394884672e-09,3.985026061248398e-05
2021-01-21 22:18:00+00:00,384.25,384.24,384.27,700,100,384.26625,2.7524493584303885e-08,-0.0002238609546563186
2021-01-21 22:19:00+00:00,384.2,384.18,384.2,25,2170,384.1802277904328,1.325082429309127e-09,2.4626995608123536e-05
2021-01-21 22:20:00+00:00,384.19,384.18,384.19,2025,65,384.1896889952153,5.115149440846697e-12,3.017946820005335e-06
2021-01-21 22:21:00+00:00,384.2,384.19,384.2,201,2168,384.1908484592655,3.6370121226518608e-09,-5.082293870628529e-05
2021-01-21 22:22:00+00:00,384.19,384.17,384.2,100,2168,384.17132275132275,7.362998637328297e-09,5.926466800820762e-05
2021-01-21 22:23:00+00:00,384.2,384.19,384.2,1500,2167,384.1940905372239,3.5137670381871766e-09,-5.785103324584817e-05
2021-01-21 22:24:00+00:00,384.2,384.17,384.2,100,1509,384.1718645121193,0.0,0.0
2021-01-21 22:25:00+00:00,384.2,384.17,384.2,100,1509,384.1718645121193,0.0,0.0
2021-01-21 22:26:00+00:00,384.18,384.17,384.2,100,1509,384.1718645121193,3.9645985306840037e-10,2.0175533952393465e-05
2021-01-21 22:27:00+00:00,384.18,384.17,384.18,100,4,384.1796153846154,1.3213801931717586e-09,-2.0690108559651144e-05
2021-01-21 22:28:00+00:00,384.2,384.17,384.18,100,500,384.1716666666667,6.7870516785923786e-09,-8.238354116230084e-05
2021-01-21 22:29:00+00:00,384.15,384.14,384.15,1410,1689,384.1445498547919,7.422301225871109e-10,-3.0021334278984568e-05
2021-01-21 22:30:00+00:00,384.13,384.11,384.14,305,190,384.12848484848485,9.943881493647445e-10,1.7926281899116603e-05
2021-01-21 22:31:00+00:00,384.14,384.12,384.14,601,181,384.13537084398973,1.0642869870379165e-08,0.0001397894112062925
2021-01-21 22:32:00+00:00,384.14,384.14,384.19,527,10,384.18906890130353,3.079869975743381e-13,-2.6292105481662276e-07
2021-01-21 22:33:00+00:00,384.14,384.14,384.19,427,9,384.18896788990827,2.657190356295527e-12,2.3823892365548716e-06
2021-01-21 22:34:00+00:00,384.19,384.14,384.19,427,1,384.18988317757015,1.0475921821723924e-08,-0.00010235195074703718
2021-01-21 22:35:00+00:00,384.19,384.14,384.2,427,1999,384.15056059356965,2.4368627344853382e-08,-3.4994497538853864e-05
2021-01-21 22:36:00+00:00,384.14,384.13,384.14,200,81,384.1371174377224,1.7298948458652907e-11,-4.065949620546405e-06
2021-01-21 22:37:00+00:00,384.13,384.13,384.14,100,80,384.1355555555555,2.6406203277282917e-14,1.6249985623773e-07
2021-01-21 22:38:00+00:00,384.14,384.13,384.14,100,78,384.1356179775281,4.980490650123315e-10,1.8845337402373374e-05
2021-01-21 22:39:00+00:00,384.14,384.12,384.2,600,1500,384.14285714285717,5.648038444279875e-09,4.2153843869963126e-05
2021-01-21 22:40:00+00:00,384.12,384.13,384.2,1206,1700,384.1590502408809,9.091460264023024e-10,3.015204846112951e-05
2021-01-21 22:41:00+00:00,384.12,384.13,384.18,1206,278,384.17063342318056,9.538340889846038e-10,-7.766480141113696e-06
2021-01-21 22:42:00+00:00,384.18,384.14,384.18,600,268,384.1676497695853,4.557324430248311e-10,-1.538557229918691e-05
2021-01-21 22:43:00+00:00,384.17,384.14,384.17,600,228,384.16173913043474,3.98349769328099e-09,-9.157020592287513e-05
2021-01-21 22:44:00+00:00,384.12,384.12,384.14,270,553,384.12656136087486,3.3332101320709555e-10,1.2892881925852251e-05
2021-01-21 22:45:00+00:00,384.14,384.12,384.14,270,190,384.1317391304348,3.4834803646904867e-13,6.530227234513575e-07
2021-01-21 22:46:00+00:00,384.14,384.12,384.14,270,189,384.1317647058824,1.1924466281512905e-13,4.056522611151081e-07
2021-01-21 22:47:00+00:00,384.14,384.12,384.14,270,183,384.13192052980133,4.10867916908929e-10,-1.0496130353643274e-05
2021-01-21 22:48:00+00:00,384.14,384.12,384.14,170,261,384.12788863109046,1.8883378321279256e-12,-1.3741680509049559e-06
2021-01-21 22:49:00+00:00,384.12,384.12,384.14,152,261,384.12736077481844,3.770586587426374e-09,-1.6533867839285676e-06
2021-01-21 22:50:00+00:00,384.13,384.13,384.14,25,300,384.1307692307692,1.1081036859078685e-10,1.0532829275211597e-05
2021-01-21 22:51:00+00:00,384.14,384.13,384.14,25,299,384.1307716049383,1.878482949831944e-12,-3.9376575633465194e-07
2021-01-21 22:52:00+00:00,384.14,384.13,384.14,25,378,384.1306203473945,4.577571885378555e-09,6.327281516349537e-05
2021-01-21 22:53:00+00:00,384.16,384.14,384.16,200,68,384.15492537313435,6.940194571813053e-08,-5.701685061421102e-06
2021-01-21 22:54:00+00:00,384.1,384.11,384.16,400,68,384.15273504273506,2.5265092959030308e-08,6.147468444517301e-05
2021-01-21 22:55:00+00:00,384.18,384.11,384.18,400,21,384.17650831353916,5.170909820015916e-09,3.544222980655931e-05
2021-01-21 22:56:00+00:00,384.18,384.18,384.19,300,1,384.18996677740864,6.037578510897072e-10,7.861307789180927e-06
2021-01-21 22:57:00+00:00,384.18,384.18,384.2,200,108,384.19298701298703,2.8121236990098432e-09,-2.941299394065844e-05
2021-01-21 22:58:00+00:00,384.18,384.16,384.19,300,115,384.18168674698796,5.770171047003577e-09,2.010771982208226e-05
2021-01-21 22:59:00+00:00,384.19,384.16,384.2,300,108,384.1894117647059,9.931979543248898e-08,8.43834322781234e-05
2021-01-21 23:00:00+00:00,384.24,384.11,384.25,397,100,384.2218309859155,2.0027373181377329e-07,0.00026234998873753135
2021-01-21 23:01:00+00:00,384.35,384.33,384.38,600,1,384.37991680532446,1.8159440807053437e-07,0.000169286748681996
2021-01-21 23:02:00+00:00,384.33,384.36,384.39,600,50,384.3876923076923,1.933421257009997e-08,-8.505034980699211e-05
2021-01-21 23:03:00+00:00,384.39,384.3,384.41,200,200,384.355,4.8532910694710125e-08,-0.00020154489659929276
2021-01-21 23:04:00+00:00,384.28,384.27,384.28,214,70,384.2775352112676,1.4507596313669663e-07,-0.00012370020860430486
2021-01-21 23:05:00+00:00,384.22,384.16,384.3,200,200,384.23,1.0322552695295709e-07,0.00023423470317252004
2021-01-21 23:06:00+00:00,384.38,384.31,384.42,500,900,384.3492857142857,1.0370568431543524e-07,0.00012576325284485712
2021-01-21 23:07:00+00:00,384.39,384.36,384.37,1000,200,384.36833333333334,8.727396703141369e-09,-7.371401563616153e-05
2021-01-21 23:08:00+00:00,384.32,384.3,384.36,600,300,384.34,3.5697705198791904e-08,-0.0001788780767028042
2021-01-21 23:09:00+00:00,384.29,384.26,384.29,300,500,384.27125,4.669549587117787e-08,0.0001126689923991453
2021-01-21 23:10:00+00:00,384.29,384.29,384.32,4500,1000,384.31454545454545,5.482035262943221e-08,-5.677167850193232e-05
2021-01-21 23:11:00+00:00,384.29,384.25,384.32,500,1100,384.271875,1.7778545199980026e-08,-4.548550293637099e-05
2021-01-21 23:12:00+00:00,384.27,384.25,384.3,510,500,384.2752475247525,1.256173436117724e-08,-9.400740216192194e-05
2021-01-21 23:13:00+00:00,384.25,384.22,384.24,545,25,384.23912280701757,3.963820544875651e-08,-0.00018577200315317288
2021-01-21 23:14:00+00:00,384.2,384.15,384.2,50,1000,384.15238095238095,1.6825852245489217e-08,2.1991801456344717e-05
2021-01-21 23:15:00+00:00,384.17,384.15,384.2,550,500,384.17619047619047,1.6805445906699884e-08,-6.80007029912888e-05
2021-01-21 23:16:00+00:00,384.17,384.12,384.16,908,300,384.1500662251656,5.729142491660407e-08,-0.0002730210123637056
2021-01-21 23:17:00+00:00,384.1,384.02,384.06,510,300,384.0451851851852,5.210220316399291e-08,8.023747205676557e-05
2021-01-21 23:18:00+00:00,384.1,384.07,384.1,500,2000,384.076,4.9333188986108474e-08,-0.00037066527552787054
2021-01-21 23:19:00+00:00,383.98,383.93,383.97,55,500,383.93396396396395,6.046089975994378e-08,3.22440428399684e-05
2021-01-21 23:20:00+00:00,383.94,383.94,383.95,151,100,383.946015936255,4.1819281329687324e-08,4.944461709999182e-05
2021-01-21 23:21:00+00:00,384.0,383.93,383.99,600,500,383.96272727272725,2.6132241809398796e-08,3.4330780622982005e-05
2021-01-21 23:22:00+00:00,384.0,383.94,383.99,501,500,383.96502497502496,1.2168991529872746e-08,-6.373157468542168e-06
2021-01-21 23:23:00+00:00,384.0,383.94,383.99,501,200,383.9757346647646,3.6852861401170386e-08,-0.00030141140263884036
2021-01-21 23:24:00+00:00,383.85,383.84,383.87,1000,500,383.86,1.8485362069744093e-08,0.0001432814046788966
2021-01-21 23:25:00+00:00,383.86,383.89,383.94,500,500,383.915,3.547129940211156e-08,-7.012770254610778e-06
2021-01-21 23:26:00+00:00,383.92,383.87,383.92,550,100,383.9123076923077,1.0814405810854317e-08,8.177669182263259e-05
2021-01-21 23:27:00+00:00,383.94,383.94,383.97,294,500,383.95110831234257,3.4608021653948364e-09,1.2680655407271146e-05
2021-01-21 23:28:00+00:00,383.94,383.94,383.95,600,100,383.9485714285714,1.1863687810862636e-08,0.00010791994623948753
2021-01-21 23:29:00+00:00,383.99,383.99,384.0,1,900,383.9900110987791,2.552088438520313e-10,8.930670835960441e-06
2021-01-21 23:30:00+00:00,384.0,383.99,384.0,100,191,383.99343642611683,2.643127373933501e-08,7.597075045562285e-05
2021-01-21 23:31:00+00:00,384.07,384.0,384.04,650,500,384.0226086956522,1.740389357116933e-08,0.0001345676464441503
2021-01-21 23:32:00+00:00,384.07,384.07,384.1,250,1500,384.07428571428574,2.248365115281062e-08,0.00010519723072821563
2021-01-21 23:33:00+00:00,384.14,384.1,384.16,708,500,384.1351655629139,1.4076002383863798e-08,2.238855021285957e-05
2021-01-21 23:34:00+00:00,384.11,384.11,384.15,500,1005,384.12328903654486,2.5927420813187948e-09,-4.9281707276138675e-06
2021-01-21 23:35:00+00:00,384.11,384.11,384.15,500,1255,384.12139601139603,1.1953886662627528e-08,-6.437898275424292e-05
2021-01-21 23:36:00+00:00,384.14,384.09,384.11,500,1000,384.0966666666667,2.278970483010311e-08,-0.00013794042161363596
2021-01-21 23:37:00+00:00,384.02,384.01,384.05,1600,300,384.0436842105263,2.5576223965367366e-08,0.00022423951548300458
2021-01-21 23:38:00+00:00,384.08,384.11,384.13,500,5,384.129801980198,1.3725309874634334e-08,-0.00010361596520980232
2021-01-21 23:39:00+00:00,384.08,384.08,384.11,500,1000,384.09,5.152280481853761e-09,-5.1754907730239275e-05
2021-01-21 23:40:00+00:00,384.11,384.06,384.09,1000,982,384.07513622603426,5.87387516018903e-09,5.572511590523632e-05
2021-01-21 23:41:00+00:00,384.11,384.09,384.13,20,505,384.0915238095238,4.1447234097602985e-11,9.143406047851244e-07
2021-01-21 23:42:00+00:00,384.11,384.09,384.12,20,300,384.09187499999996,7.097960610584453e-09,-3.880281548185316e-06
2021-01-21 23:43:00+00:00,384.11,384.09,384.1,20,500,384.0903846153846,1.9566386795810587e-08,-0.0001658931107628714
2021-01-21 23:44:00+00:00,384.06,384.02,384.06,100,500,384.02666666666664,1.8835395069996127e-11,4.3399763904883315e-06
2021-01-21 23:45:00+00:00,384.02,384.02,384.07,50,500,384.02454545454543,1.401992009851396e-08,-0.00012151881154587318
2021-01-21 23:46:00+00:00,383.98,383.94,383.98,599,470,383.9624134705332,1.642398592691197e-08,-3.6402557606396435e-05
2021-01-21 23:47:00+00:00,383.98,383.94,383.97,599,50,383.96768875192606,4.5204054570956676e-08,4.5085168833391975e-05
2021-01-21 23:48:00+00:00,383.98,383.96,384.01,500,500,383.985,1.0177199356070896e-08,0.0
2021-01-21 23:49:00+00:00,383.98,383.96,384.01,500,500,383.985,6.093854769121722e-09,-7.812805187712435e-05
2021-01-21 23:50:00+00:00,383.93,383.93,383.94,500,100,383.93833333333333,1.0090048018085634e-08,-0.00019607952568845288
2021-01-21 23:51:00+00:00,383.88,383.88,383.9,485,60,383.8977981651376,1.0509975108436544e-08,0.0001440183271694817
2021-01-21 23:52:00+00:00,383.9,383.91,383.96,500,500,383.935,1.9643726005080327e-08,-0.00012821130191709162
2021-01-21 23:53:00+00:00,383.86,383.86,383.91,532,500,383.88577519379845,5.816636849324918e-09,7.341543072469925e-05
2021-01-21 23:54:00+00:00,383.89,383.89,383.94,460,500,383.91395833333337,2.2146950000023783e-08,-7.481140255272134e-05
2021-01-21 23:55:00+00:00,383.89,383.86,383.91,532,22,383.9080144404333,2.2702230374256678e-08,-6.17871248831392e-07
2021-01-21 23:56:00+00:00,383.91,383.87,383.91,300,500,383.885,3.703154615052402e-08,-3.886663642782562e-05
2021-01-21 23:57:00+00:00,383.91,383.87,383.89,2,500,383.8700796812749,1.8177488105211168e-08,0.000160792936674925
2021-01-21 23:58:00+00:00,383.93,383.89,383.93,500,15,383.92883495145634,6.437863914136146e-11,-7.731391895138273e-06
2021-01-21 23:59:00+00:00,383.93,383.89,383.93,500,15,383.92883495145634,2.8256147992195302e-08,0.00016799567004421867
