ts_recv,price,bid_px_00,ask_px_00,bid_sz_00,ask_sz_00,weighted_mid,rv_60s,ret_60s
2021-09-21 08:01:00+00:00,438.53,438.54,438.58,100,100,438.56,7.476434889326292e-08,-0.0003116176375582702
2021-09-21 08:02:00+00:00,438.47,438.42,438.46,1000,1000,438.44,7.805011040776197e-08,7.695163152954265e-05
2021-09-21 08:03:00+00:00,438.49,438.45,438.5,600,1001,438.4687382885696,7.421049136482564e-08,3.708750478725875e-05
2021-09-21 08:04:00+00:00,438.52,438.44,438.48,100,100,438.46,4.9456231435447654e-08,-0.00030726188975616076
2021-09-21 08:05:00+00:00,438.36,438.33,438.36,1000,440,438.3508333333333,1.0331777697655716e-07,0.00019982537427321034
2021-09-21 08:06:00+00:00,438.44,438.41,438.44,100,10,438.4372727272727,5.6247662169910806e-08,0.00015312596939476286
2021-09-21 08:07:00+00:00,438.55,438.48,438.51,500,100,438.505,2.5948863869260312e-08,-3.8007928453875905e-05
2021-09-21 08:08:00+00:00,438.49,438.48,438.52,500,100,438.5133333333333,4.5657896383375686e-08,8.3620620844993e-05
2021-09-21 08:09:00+00:00,438.53,438.5,438.55,500,1000,438.51666666666665,3.438024044126918e-08,-5.693340660095636e-05
2021-09-21 08:10:00+00:00,438.53,438.5,438.52,1,600,438.5000332778703,3.9602209894942894e-08,6.898702563962189e-05
2021-09-21 08:11:00+00:00,438.57,438.53,438.57,5,699,438.530284090909,1.1698819896972248e-08,2.6716305614682412e-05
2021-09-21 08:12:00+00:00,438.55,438.54,438.55,5,20,438.54200000000003,7.303111239282712e-08,-5.676705273871541e-05
2021-09-21 08:13:00+00:00,438.57,438.5,438.55,520,1000,438.5171052631579,3.9514167283034626e-08,-6.941256367398729e-05
2021-09-21 08:14:00+00:00,438.49,438.48,438.52,100,500,438.4866666666667,3.409066851514401e-08,0.00030407614066563227
2021-09-21 08:15:00+00:00,438.54,438.6,438.64,500,500,438.62,5.5385680105236215e-08,0.00037238004042983164
2021-09-21 08:16:00+00:00,438.73,438.75,438.79,500,600,438.7681818181818,5.4055913474546576e-08,-0.0002064938518010484
2021-09-21 08:17:00+00:00,438.65,438.67,438.72,500,600,438.69272727272727,4.848922213995074e-08,-1.951390011367682e-05
2021-09-21 08:18:00+00:00,438.67,438.67,438.72,500,500,438.695,4.312041539978884e-08,-0.0001462707604750202
2021-09-21 08:19:00+00:00,438.65,438.6,438.64,500,500,438.62,2.7883072960047506e-08,-0.0002962481370044623
2021-09-21 08:20:00+00:00,438.47,438.45,438.46,2,295,438.45006734006733,7.399006123308883e-08,-0.0002050238312398811
2021-09-21 08:21:00+00:00,438.43,438.4,438.42,4,500,438.4001587301587,3.443685006053728e-08,-0.0002398692793891266
2021-09-21 08:22:00+00:00,438.33,438.27,438.33,500,100,438.32,1.299711320318315e-07,6.464443658571462e-05
2021-09-21 08:23:00+00:00,438.3,438.29,438.34,1000,500,438.3233333333333,1.0238275515087753e-07,-0.00038784154771598356
2021-09-21 08:24:00+00:00,438.14,438.12,438.16,500,100,438.1533333333333,4.9399972745327435e-08,-0.00016736910974846086
2021-09-21 08:25:00+00:00,438.09,438.06,438.1,500,500,438.08,1.1572477450116122e-07,7.608960311666912e-05
2021-09-21 08:26:00+00:00,438.17,438.06,438.11,1000,100,438.10545454545456,6.715119315409727e-08,-7.282307904676877e-05
2021-09-21 08:27:00+00:00,438.09,438.05,438.1,500,1000,438.06666666666666,5.514760256203738e-08,4.239264063765624e-05
2021-09-21 08:28:00+00:00,438.12,438.08,438.12,500,500,438.1,4.834962802110042e-08,0.00015438640562259742
2021-09-21 08:29:00+00:00,438.16,438.13,438.17,500,567,438.1487441424554,4.28149163501227e-08,0.00011189777212750052
2021-09-21 08:30:00+00:00,438.17,438.21,438.25,100,500,438.21666666666664,3.391708349011007e-08,2.420277778747426e-05
2021-09-21 08:31:00+00:00,438.25,438.18,438.23,1000,500,438.2133333333333,4.801565317371978e-08,5.1861840058009534e-05
2021-09-21 08:32:00+00:00,438.27,438.24,438.28,600,50,438.2769230769231,7.558424815214805e-08,0.0003389473800807785
2021-09-21 08:33:00+00:00,438.34,438.38,438.4,500,30,438.3988679245283,5.316377476826355e-08,0.00014208451398745048
2021-09-21 08:34:00+00:00,438.5,438.46,438.49,1,35,438.4608333333333,1.1362373667921619e-07,0.0004238310909563392
2021-09-21 08:35:00+00:00,438.61,438.64,438.66,100,200,438.64666666666665,9.022636839153553e-08,0.0003039652263781001
2021-09-21 08:36:00+00:00,438.75,438.73,438.77,500,500,438.75,3.917925133714194e-08,-0.00036397048702541124
2021-09-21 08:37:00+00:00,438.63,438.62,438.65,5,500,438.62029702970295,5.606015363495159e-08,-4.5823255414911834e-05
2021-09-21 08:38:00+00:00,438.6,438.58,438.62,510,500,438.600198019802,5.674451224582508e-08,0.00027936433562603114
2021-09-21 08:39:00+00:00,438.63,438.7,438.74,500,100,438.73333333333335,7.238616951767275e-08,2.382147355661779e-05
2021-09-21 08:40:00+00:00,438.7,438.68,438.71,500,500,438.695,1.2319565201170626e-07,0.000437103494137725
2021-09-21 08:41:00+00:00,438.93,438.9,438.95,500,502,438.9249500998004,4.944814718071269e-08,-0.00036298938979018036
2021-09-21 08:42:00+00:00,438.79,438.73,438.79,500,100,438.78,6.944754644377343e-08,-0.00018752739356742154
2021-09-21 08:43:00+00:00,438.67,438.65,438.69,501,100,438.68334442595676,8.516499980862299e-08,-1.8737998494278152e-05
2021-09-21 08:44:00+00:00,438.67,438.66,438.7,100,500,438.6666666666667,4.1067746382003805e-08,-7.993272451811695e-05
2021-09-21 08:45:00+00:00,438.65,438.64,438.67,1,500,438.64005988023956,1.0841981616287336e-08,1.1262354290497711e-05
2021-09-21 08:46:00+00:00,438.64,438.62,438.67,500,500,438.645,9.867913151204953e-09,1.145559086701553e-05
2021-09-21 08:47:00+00:00,438.66,438.65,438.66,1,400,438.65002493765587,2.1628361771069857e-08,1.1049485786784885e-05
2021-09-21 08:48:00+00:00,438.66,438.65,438.67,190,500,438.65550724637677,1.4703910564870897e-08,2.920174280673926e-05
2021-09-21 08:49:00+00:00,438.65,438.65,438.68,699,487,438.6676812816189,2.6928631301829365e-08,7.367471952046678e-05
2021-09-21 08:50:00+00:00,438.67,438.68,438.71,100,100,438.695,5.9414155150446635e-08,0.0002482080895576111
2021-09-21 08:51:00+00:00,438.8,438.8,438.84,900,500,438.8257142857143,2.6428691481959767e-08,-0.00022155937284773497
2021-09-21 08:52:00+00:00,438.71,438.66,438.72,100,500,438.67,6.766815159088096e-08,-0.00046534222060845565
2021-09-21 08:53:00+00:00,438.5,438.47,438.52,100,500,438.47833333333335,6.899289920386184e-08,-4.971709492551657e-05
2021-09-21 08:54:00+00:00,438.48,438.48,438.52,100,600,438.48571428571427,9.059345064051755e-08,-5.6679677702398124e-05
2021-09-21 08:55:00+00:00,438.51,438.46,438.5,11,500,438.46086105675147,9.517352009334287e-08,-0.00025246751114449406
2021-09-21 08:56:00+00:00,438.38,438.3,438.36,510,100,438.3501639344262,1.1432147702783819e-07,-4.5217645786577165e-06
2021-09-21 08:57:00+00:00,438.37,438.33,438.37,500,600,438.34818181818184,1.5812378603587075e-07,-0.0004001500541060965
2021-09-21 08:58:00+00:00,438.19,438.17,438.18,51,500,438.17092558983666,1.133259668085197e-07,-0.0001775025141529385
2021-09-21 08:59:00+00:00,438.1,438.07,438.12,500,500,438.095,7.297026433910428e-08,-6.7051666875928e-05
2021-09-21 09:00:00+00:00,438.1,438.05,438.1,500,1100,438.065625,1.252154601240807e-07,0.00038664298300061795
2021-09-21 09:01:00+00:00,438.28,438.2,438.25,500,600,438.2227272727273,7.575922386889907e-08,4.563761452192061e-05
2021-09-21 09:02:00+00:00,438.32,438.18,438.24,100,600,438.18857142857144,1.028714234439022e-07,-0.00016352732237323586
2021-09-21 09:03:00+00:00,438.12,438.15,438.19,500,100,438.18333333333334,1.2541378363794574e-07,-0.0003156973869384849
2021-09-21 09:04:00+00:00,438.02,438.02,438.07,500,500,438.045,1.0090958949113935e-07,0.0002473109688121422
2021-09-21 09:05:00+00:00,438.13,438.12,438.16,500,100,438.1533333333333,1.7821692125110211e-07,-0.0004108150875643535
2021-09-21 09:06:00+00:00,438.01,437.94,437.99,1000,500,437.97333333333336,8.27939665077869e-08,-0.0001672859327651599
2021-09-21 09:07:00+00:00,437.96,437.9,437.94,1,500,437.9000798403194,4.769730487641924e-08,4.5437792535851784e-05
2021-09-21 09:08:00+00:00,437.94,437.91,437.92,1100,4,437.91996376811596,3.710164953545526e-08,5.5743592217050164e-05
2021-09-21 09:09:00+00:00,437.92,437.91,437.96,1100,500,437.944375,5.76745002564912e-08,-0.00014685403872038982
2021-09-21 09:10:00+00:00,437.91,437.88,437.91,1,490,437.88006109979636,3.194136651082108e-08,0.00025868324137090504
2021-09-21 09:11:00+00:00,438.0,437.97,438.01,100,500,437.9766666666667,9.514674529167961e-08,-0.0001978721137307904
2021-09-21 09:12:00+00:00,438.0,437.89,437.94,1000,1000,437.915,1.024897542344511e-07,4.497983519380355e-05
2021-09-21 09:13:00+00:00,437.89,437.89,437.93,1000,100,437.92636363636365,6.16812349442621e-08,2.3812355402608176e-05
2021-09-21 09:14:00+00:00,437.91,437.94,437.95,1000,493,437.9466979236437,3.641441370996598e-08,-3.0936002558545894e-06
2021-09-21 09:15:00+00:00,437.93,437.92,437.96,106,100,437.9405825242718,5.656622129674433e-08,-0.00012654133110834298
2021-09-21 09:16:00+00:00,437.92,437.88,437.89,1,500,437.8800199600799,9.576342962045644e-08,-8.37823720523101e-05
2021-09-21 09:17:00+00:00,437.8,437.81,437.86,1000,500,437.8433333333333,6.605144879421503e-08,-0.0003141994577168239
2021-09-21 09:18:00+00:00,437.7,437.64,437.68,500,100,437.67333333333335,7.08928492035529e-08,4.5581054573196056e-05
2021-09-21 09:19:00+00:00,437.71,437.71,437.75,550,20,437.7485964912281,2.823123184610106e-08,-3.3713172153948534e-07
2021-09-21 09:20:00+00:00,437.72,437.71,437.76,1550,600,437.7460465116279,2.605763984692836e-08,5.5818730655188276e-05
2021-09-21 09:21:00+00:00,437.78,437.73,437.77,100,100,437.75,1.4902647126591508e-07,-0.000555482337321278
2021-09-21 09:22:00+00:00,437.54,437.51,437.56,1000,1000,437.535,9.765174615588383e-08,-3.9071428437065236e-07
2021-09-21 09:23:00+00:00,437.56,437.5,437.55,100,600,437.50714285714287,3.125691817948809e-08,0.00016716388366955215
2021-09-21 09:24:00+00:00,437.56,437.56,437.58,1000,10,437.579801980198,3.5055160509950075e-08,5.472834827746631e-05
2021-09-21 09:25:00+00:00,437.57,437.6,437.61,300,500,437.60375,8.636261848613927e-08,5.2368533557389796e-05
2021-09-21 09:26:00+00:00,437.63,437.64,437.69,500,500,437.665,6.77930653076001e-08,1.9042105904532036e-05
2021-09-21 09:27:00+00:00,437.6,437.63,437.68,100,1000,437.63454545454545,9.476877673162282e-08,0.00016375899246323655
2021-09-21 09:28:00+00:00,437.7,437.71,437.72,300,200,437.716,1.784544586489281e-08,0.00016112977779103588
2021-09-21 09:29:00+00:00,437.78,437.77,437.78,100,39,437.7771942446043,4.447046437214732e-08,-8.49615856953756e-05
2021-09-21 09:30:00+00:00,437.74,437.71,437.73,300,500,437.7175,5.3482223112817976e-08,0.0002474832853596176
2021-09-21 09:31:00+00:00,437.84,437.82,437.85,100,100,437.835,3.058461697578575e-08,9.513951175632585e-05
2021-09-21 09:32:00+00:00,437.84,437.88,437.89,1000,1,437.88999000999,2.6445909049076247e-08,-5.326302006314343e-05
2021-09-21 09:33:00+00:00,437.9,437.86,437.9,100,500,437.8666666666667,2.0525334332970333e-08,7.630865090191286e-05
2021-09-21 09:34:00+00:00,437.9,437.9,437.92,2,500,437.9000796812749,2.0867161934634063e-08,0.00012922351015087763
2021-09-21 09:35:00+00:00,437.91,437.91,437.96,100,100,437.935,3.408844026857074e-08,1.3838369230523284e-06
2021-09-21 09:36:00+00:00,437.98,437.93,437.99,500,600,437.9572727272727,2.54515470301665e-08,-9.652249181624217e-05
2021-09-21 09:37:00+00:00,437.96,437.91,437.93,100,3,437.9294174757282,3.378084762685196e-08,3.4207642853445464e-05
2021-09-21 09:38:00+00:00,437.93,437.93,437.97,100,500,437.93666666666667,2.589194787106251e-08,0.00020175210065564997
2021-09-21 09:39:00+00:00,438.07,438.03,438.07,500,600,438.04818181818183,6.729969360842436e-08,-0.0001497792571986123
2021-09-21 09:40:00+00:00,437.95,437.95,437.98,100,500,437.955,6.064774263282883e-08,0.00010032907938040125
2021-09-21 09:41:00+00:00,438.03,438.01,438.04,500,102,438.03491694352164,9.82158250268319e-08,0.00035388397171964847
2021-09-21 09:42:00+00:00,438.14,438.11,438.16,500,600,438.13272727272727,1.9446652184363636e-08,4.5576440654615524e-05
2021-09-21 09:43:00+00:00,438.17,438.17,438.19,98,1100,438.1716360601002,3.4333433926128046e-08,-0.0001292554228508047
2021-09-21 09:44:00+00:00,438.15,438.09,438.14,100,100,438.115,9.733968429801386e-09,1.1860078818148878e-05
2021-09-21 09:45:00+00:00,438.15,438.12,438.13,10,500,438.1201960784314,2.3698953471151708e-08,2.2377241807980397e-05
2021-09-21 09:46:00+00:00,438.13,438.1,438.13,100,500,438.105,3.874427457606748e-08,-7.61062377759858e-05
2021-09-21 09:47:00+00:00,438.11,438.09,438.1,100,500,438.09166666666664,2.3220519676784737e-08,7.896528201412067e-05
2021-09-21 09:48:00+00:00,438.13,438.12,438.15,300,500,438.13125,3.563422005746401e-08,4.7686297525828536e-05
2021-09-21 09:49:00+00:00,438.13,438.15,438.17,60,500,438.1521428571429,3.7126596796882624e-08,-6.209188796912901e-05
2021-09-21 09:50:00+00:00,438.13,438.12,438.13,1100,1128,438.1249371633752,4.613031719101194e-08,0.0002735417118606698
2021-09-21 09:51:00+00:00,438.23,438.21,438.24,100,500,438.215,4.39067637808971e-08,0.00010317839047657706
2021-09-21 09:52:00+00:00,438.27,438.27,438.3,1000,500,438.29,4.3502400834961785e-08,-7.605314593872592e-06
2021-09-21 09:53:00+00:00,438.3,438.28,438.32,100,500,438.2866666666667,6.36610498757515e-09,5.6089621708554915e-05
2021-09-21 09:54:00+00:00,438.31,438.31,438.32,75,525,438.31125,2.86849439418178e-08,-0.0003983090402842615
2021-09-21 09:55:00+00:00,438.2,438.13,438.17,100,500,438.13666666666666,3.088058244527925e-08,6.086380961800586e-05
2021-09-21 09:56:00+00:00,438.16,438.15,438.19,500,1000,438.16333333333336,6.043385903163508e-08,-0.0001103089411103042
2021-09-21 09:57:00+00:00,438.15,438.11,438.14,100,500,438.115,5.639518891298032e-08,8.752139744583332e-05
2021-09-21 09:58:00+00:00,438.12,438.12,438.16,1,100,438.120396039604,5.7416080284710255e-08,-0.00012745409284442566
2021-09-21 09:59:00+00:00,438.09,438.06,438.11,100,500,438.0683333333333,7.763459472222515e-08,-0.00010824110998275405
2021-09-21 10:00:00+00:00,438.09,438.05,438.09,1,500,438.05007984031937,4.579697621111927e-08,0.00011504270927042981
2021-09-21 10:01:00+00:00,438.11,438.11,438.15,100,100,438.13,4.3326341037755163e-08,0.00011359097560137421
2021-09-21 10:02:00+00:00,438.17,438.15,438.19,6,1000,438.15023856858846,3.569255602032519e-08,0.0002162761150630299
2021-09-21 10:03:00+00:00,438.26,438.22,438.26,1000,600,438.245,3.4518101256626036e-08,-0.00012550057616178556
2021-09-21 10:04:00+00:00,438.2,438.17,438.21,1000,500,438.19666666666666,5.4717722478091896e-08,8.29860023361384e-05
2021-09-21 10:05:00+00:00,438.2,438.17,438.21,1000,1000,438.19,1.9284867538953824e-08,-6.045591749170853e-05
2021-09-21 10:06:00+00:00,438.19,438.19,438.2,989,13,438.199870259481,2.5175664749626576e-08,0.00010679238028532545
2021-09-21 10:07:00+00:00,438.24,438.22,438.26,1000,500,438.24666666666667,6.266937697217862e-08,-0.0003194547971461237
2021-09-21 10:08:00+00:00,438.15,438.1,438.14,100,500,438.1066666666667,5.079519763141482e-08,-0.0002470601963032726
2021-09-21 10:09:00+00:00,438.0,437.96,438.0,1100,45,437.99842794759826,2.0250433780253656e-08,3.135725112679566e-06
2021-09-21 10:10:00+00:00,437.98,437.96,438.0,1002,5,437.9998013902681,4.005557776465306e-08,4.040780309888525e-05
2021-09-21 10:11:00+00:00,438.01,437.99,438.04,1100,700,438.0205555555556,3.090172586051932e-08,-4.8254610001574605e-05
2021-09-21 10:12:00+00:00,437.98,437.96,438.0,1000,100,437.99636363636364,1.149436228582264e-07,-0.00031133508787950515
2021-09-21 10:13:00+00:00,437.88,437.84,437.87,1001,100,437.86727520435966,4.997818620670018e-08,-0.00025081321326148043
2021-09-21 10:14:00+00:00,437.77,437.75,437.78,3,500,437.7501789264413,2.5136145191523193e-08,-9.914677341749112e-05
2021-09-21 10:15:00+00:00,437.73,437.7,437.74,102,500,437.70677740863783,7.626687681603717e-08,0.00026628768552661164
2021-09-21 10:16:00+00:00,437.84,437.82,437.85,500,100,437.845,7.953493799960833e-08,-0.00016178519494158827
2021-09-21 10:17:00+00:00,437.84,437.75,437.79,100,1500,437.7525,3.3366793453666413e-08,0.00011993078280547742
2021-09-21 10:18:00+00:00,437.82,437.8,437.83,100,500,437.805,3.2035475883881916e-08,7.041599860602155e-05
2021-09-21 10:19:00+00:00,437.82,437.83,437.84,700,501,437.83582847626974,4.032642113647775e-08,7.804643089448504e-05
2021-09-21 10:20:00+00:00,437.85,437.85,437.89,500,500,437.87,2.7319227557202967e-08,5.709457144820185e-05
2021-09-21 10:21:00+00:00,437.84,437.87,437.92,500,500,437.895,6.110948189597794e-08,2.664261219398334e-05
2021-09-21 10:22:00+00:00,437.85,437.9,437.94,100,500,437.9066666666667,5.436081095358409e-08,0.00015223944219466823
2021-09-21 10:23:00+00:00,437.85,437.95,437.99,100,500,437.95666666666665,3.211577725407718e-08,0.00011074044629300062
2021-09-21 10:24:00+00:00,438.04,438.0,438.04,601,500,438.0218346957312,7.916601807113756e-09,6.810612753183065e-05
2021-09-21 10:25:00+00:00,438.06,438.05,438.06,100,500,438.0516666666667,5.642342481354364e-08,-5.707089346396188e-05
2021-09-21 10:26:00+00:00,438.04,438.02,438.04,500,1000,438.02666666666664,1.3206208082639938e-08,2.8473356220803936e-05
2021-09-21 10:27:00+00:00,438.04,438.02,438.06,500,545,438.0391387559809,7.55305823107675e-08,-4.9917979407676505e-05
2021-09-21 10:28:00+00:00,438.0,437.99,438.02,600,500,438.00636363636363,9.991703069855706e-09,-0.00011933941998965025
2021-09-21 10:29:00+00:00,437.99,437.96,437.99,100,500,437.965,1.2442909025588172e-08,-3.424931215956217e-05
2021-09-21 10:30:00+00:00,437.95,437.93,437.97,500,500,437.95,3.563985270505684e-08,-0.00016364120713929786
2021-09-21 10:31:00+00:00,437.94,437.87,437.92,100,500,437.87833333333333,3.03587102538205e-08,8.602085054065789e-05
2021-09-21 10:32:00+00:00,437.94,437.91,437.94,25,100,437.916,1.4928929379379745e-08,-5.234583098823187e-05
2021-09-21 10:33:00+00:00,437.91,437.89,437.91,100,550,437.89307692307693,3.750606227118072e-08,-0.0002810661541894355
2021-09-21 10:34:00+00:00,437.8,437.76,437.77,50,500,437.7609090909091,5.31048028330755e-08,-5.3300439347814255e-05
2021-09-21 10:35:00+00:00,437.75,437.74,437.78,100,500,437.74666666666667,4.7794765295469577e-08,0.00026720865257612303
2021-09-21 10:36:00+00:00,437.86,437.86,437.9,50,500,437.8636363636364,1.1157160142434776e-08,4.498425551058283e-05
2021-09-21 10:37:00+00:00,437.86,437.83,437.87,500,500,437.85,3.597442537852768e-08,-7.521933634391242e-05
2021-09-21 10:38:00+00:00,437.89,437.85,437.89,1,100,437.85039603960394,1.1200869427414731e-08,0.00010895536605337597
2021-09-21 10:39:00+00:00,437.89,437.89,437.92,185,500,437.898102189781,2.4908490056426878e-08,-0.0001409884014309526
2021-09-21 10:40:00+00:00,437.88,437.8,437.84,1000,100,437.8363636363636,2.58168965542167e-08,-7.897601817297151e-05
2021-09-21 10:41:00+00:00,437.78,437.78,437.82,598,500,437.8017850637523,1.5945954446419174e-08,4.5758420247121734e-05
2021-09-21 10:42:00+00:00,437.81,437.8,437.84,600,500,437.8218181818182,1.8753779342602245e-08,-0.00011074105143094037
2021-09-21 10:43:00+00:00,437.79,437.77,437.79,100,500,437.7733333333333,4.311521679962506e-08,0.0002284287150124964
2021-09-21 10:44:00+00:00,437.86,437.86,437.89,100,500,437.865,2.0782037809236897e-08,-0.0003348511058256509
2021-09-21 10:45:00+00:00,437.77,437.7,437.74,1005,500,437.7267109634551,3.902051614323622e-08,-1.0119736193470175e-07
2021-09-21 10:46:00+00:00,437.74,437.7,437.74,1000,500,437.7266666666667,2.627781507967481e-08,4.460274187190194e-05
2021-09-21 10:47:00+00:00,437.76,437.72,437.77,1100,1000,437.74619047619046,4.415265624319837e-08,0.0001320266179516416
2021-09-21 10:48:00+00:00,437.78,437.77,437.79,61,500,437.772174688057,2.6048987244274058e-08,-7.762520770415726e-05
2021-09-21 10:49:00+00:00,437.76,437.75,437.79,500,500,437.77,1.0232391944951858e-08,1.1421522717380839e-05
2021-09-21 10:50:00+00:00,437.76,437.75,437.8,600,600,437.775,8.492164189076928e-09,-4.949269982668092e-05
2021-09-21 10:51:00+00:00,437.77,437.75,437.79,100,1100,437.75333333333333,6.937220414174667e-08,0.00046068562203971375
2021-09-21 10:52:00+00:00,437.95,437.93,437.98,600,600,437.955,2.4031229024968227e-08,-8.752801847977665e-05
2021-09-21 10:53:00+00:00,437.93,437.89,437.93,1000,500,437.9166666666667,1.1054981278477977e-08,-0.00014600813078458064
2021-09-21 10:54:00+00:00,437.88,437.84,437.91,500,500,437.875,2.6788143908357452e-08,0.0001814014642118611
2021-09-21 10:55:00+00:00,437.95,437.93,437.95,60,497,437.93215439856374,6.722393050670031e-09,-6.107010464884155e-05
2021-09-21 10:56:00+00:00,437.93,437.92,437.96,100,650,437.92533333333336,1.3285765063301702e-08,-1.0748236856206184e-05
2021-09-21 10:57:00+00:00,437.93,437.9,437.93,12,500,437.900703125,1.4061516010152914e-08,1.0020043492930952e-05
2021-09-21 10:58:00+00:00,437.93,437.9,437.93,112,548,437.9050909090909,2.698113701816777e-08,4.914457859417354e-05
2021-09-21 10:59:00+00:00,437.96,437.92,437.96,100,505,437.92661157024787,3.357372921705151e-09,6.911218931060503e-05
2021-09-21 11:00:00+00:00,437.98,437.94,437.98,500,685,437.95687763713084,2.1832448683590817e-08,-8.4203808671246e-05
2021-09-21 11:01:00+00:00,437.92,437.89,437.94,1000,500,437.92333333333335,2.4449814322403223e-08,-0.00019267217756668842
2021-09-21 11:02:00+00:00,437.9,437.82,437.87,500,1100,437.835625,1.1945385248457662e-07,-0.00011562558437305803
2021-09-21 11:03:00+00:00,437.77,437.76,437.81,500,500,437.785,2.0698567704218716e-08,0.0002622821309801182
2021-09-21 11:04:00+00:00,437.9,437.89,437.9,500,9,437.8998231827112,1.7653366161587476e-08,-0.000130833954042342
2021-09-21 11:05:00+00:00,437.88,437.83,437.88,101,302,437.84253101736977,2.075149532460125e-08,3.758502940343078e-05
2021-09-21 11:06:00+00:00,437.87,437.84,437.87,50,29,437.85898734177215,1.3389920345823153e-08,-0.0001407107242935579
2021-09-21 11:07:00+00:00,437.78,437.78,437.8,490,74,437.79737588652483,2.5258124530188306e-08,-0.0001508806024113074
2021-09-21 11:08:00+00:00,437.72,437.71,437.75,1001,165,437.7443396226415,2.189552188328402e-08,-0.00013386775318136035
2021-09-21 11:09:00+00:00,437.68,437.66,437.68,500,286,437.67272264631043,3.305310618126419e-08,-8.096062698137452e-05
2021-09-21 11:10:00+00:00,437.67,437.63,437.67,1100,4937,437.63728838827234,3.757606425966107e-08,0.0001966124627494903
2021-09-21 11:11:00+00:00,437.72,437.72,437.76,500,605,437.73809954751135,4.3973559216824806e-08,-0.00011422740391575648
2021-09-21 11:12:00+00:00,437.65,437.64,437.69,1000,500,437.67333333333335,3.796824099971578e-08,-0.00021442054312847958
2021-09-21 11:13:00+00:00,437.61,437.57,437.61,740,422,437.5954733218589,4.310230632259485e-08,-7.500468779286784e-05
2021-09-21 11:14:00+00:00,437.65,437.55,437.6,700,500,437.57916666666665,5.272646911206398e-08,3.48964313239275e-05
2021-09-21 11:15:00+00:00,437.52,437.56,437.6,120,1300,437.5633802816901,5.709327706584315e-08,-2.0972718230649612e-05
2021-09-21 11:16:00+00:00,437.56,437.55,437.57,80,500,437.55275862068964,3.6588119092617016e-08,0.00010470236326742821
2021-09-21 11:17:00+00:00,437.64,437.59,437.62,80,100,437.60333333333335,4.009124457390609e-08,7.93105043475073e-05
2021-09-21 11:18:00+00:00,437.64,437.63,437.65,98,500,437.63327759197324,4.5727220937389016e-08,-0.0001182010324265459
2021-09-21 11:19:00+00:00,437.58,437.58,437.6,80,853,437.5817148981779,1.1090557021047866e-08,3.8992101967894044e-05
2021-09-21 11:20:00+00:00,437.6,437.58,437.6,670,50,437.5986111111111,9.602074372961588e-09,-0.00010346874196609512
2021-09-21 11:21:00+00:00,437.56,437.53,437.57,200,604,437.5399502487562,2.1215328146022115e-08,-8.784743005152418e-05
2021-09-21 11:22:00+00:00,437.56,437.51,437.54,217,500,437.51907949790797,4.439557437859245e-08,6.88081773378979e-05
2021-09-21 11:23:00+00:00,437.52,437.52,437.55,500,100,437.545,3.605661842353338e-08,1.1244557702738689e-05
2021-09-21 11:24:00+00:00,437.55,437.52,437.56,1122,100,437.5567266775778,2.144073749052558e-08,9.150974096927555e-05
2021-09-21 11:25:00+00:00,437.59,437.57,437.59,500,1,437.58996007984035,1.73469039305793e-08,4.931187565215822e-05
2021-09-21 11:26:00+00:00,437.61,437.6,437.61,504,7958,437.6005956038762,9.397528759503114e-09,-0.0001063274393008351
2021-09-21 11:27:00+00:00,437.58,437.56,437.59,100,499,437.5650083472454,3.419689294385901e-08,-0.00010661150795865382
2021-09-21 11:28:00+00:00,437.55,437.5,437.54,509,600,437.51835888187554,1.552506097814574e-08,-1.9014153507357356e-05
2021-09-21 11:29:00+00:00,437.54,437.51,437.52,4,1000,437.5100398406375,5.021542057589905e-08,-6.764815656723489e-05
2021-09-21 11:30:00+00:00,437.48,437.48,437.49,51,1100,437.4804430929626,6.461870013948639e-09,0.00013300490328749248
2021-09-21 11:31:00+00:00,437.5,437.52,437.54,340,25,437.53863013698634,1.4190438964651066e-08,6.537458317179556e-05
2021-09-21 11:32:00+00:00,437.57,437.55,437.58,135,100,437.56723404255314,1.8503455803582668e-08,-0.00011649554447146215
2021-09-21 11:33:00+00:00,437.54,437.5,437.54,702,1025,437.5162594093805,3.450175773921235e-08,-7.227249685792803e-05
2021-09-21 11:34:00+00:00,437.48,437.47,437.48,502,149,437.47771121351775,2.0137786571807332e-08,-8.26942827452104e-05
2021-09-21 11:35:00+00:00,437.44,437.43,437.46,1300,102,437.457817403709,8.398077474412068e-09,-0.00011092614896279773
2021-09-21 11:36:00+00:00,437.4,437.39,437.4,3002,119,437.3996187119513,2.685166860141902e-08,-0.0002282534744341147
2021-09-21 11:37:00+00:00,437.31,437.3,437.31,6,600,437.300099009901,9.23540252422776e-08,-0.0006157457480053807
2021-09-21 11:38:00+00:00,437.04,437.04,437.07,500,100,437.065,6.75353529997866e-08,0.00012394243731850274
2021-09-21 11:39:00+00:00,437.11,437.07,437.11,500,500,437.09,1.1058428774122989e-07,-0.00036987466206028774
2021-09-21 11:40:00+00:00,436.93,436.89,436.93,566,200,436.9195561357702,1.6448975843613328e-07,0.00027464772614571586
2021-09-21 11:41:00+00:00,437.09,437.05,437.1,200,600,437.0625,4.0542517945203566e-08,0.00022294333308492398
2021-09-21 11:42:00+00:00,437.1,437.14,437.16,20,500,437.14076923076925,3.696158640814985e-08,4.007194444777262e-05
2021-09-21 11:43:00+00:00,437.18,437.18,437.2,1000,15,437.1997044334976,5.180060084133819e-08,0.00012973261719162466
2021-09-21 11:44:00+00:00,437.25,437.21,437.24,100,500,437.215,4.656657993942249e-08,-0.00010172039891243045
2021-09-21 11:45:00+00:00,437.2,437.17,437.2,100,5600,437.17052631578946,3.351391796330367e-08,0.00011321358900273637
2021-09-21 11:46:00+00:00,437.22,437.22,437.23,1,500,437.22001996007987,9.796769451955698e-08,0.00048708911949280065
2021-09-21 11:47:00+00:00,437.44,437.44,437.45,100,570,437.4414925373134,4.479392465305164e-08,-0.0002498273312918631
2021-09-21 11:48:00+00:00,437.35,437.32,437.36,102,1000,437.3237023593466,1.6915231058964766e-08,6.0178811556177436e-05
2021-09-21 11:49:00+00:00,437.37,437.35,437.37,1,1000,437.35001998001997,5.567872898903205e-08,-6.931978584179266e-05
2021-09-21 11:50:00+00:00,437.31,437.29,437.32,500,5,437.31970297029704,7.524627351586308e-08,-0.00014510721590543785
2021-09-21 11:51:00+00:00,437.28,437.25,437.29,185,1000,437.25624472573844,7.241319906455477e-08,4.289309641136718e-05
2021-09-21 11:52:00+00:00,437.26,437.25,437.28,500,100,437.275,5.951526451748265e-08,-0.00014730264640283597
2021-09-21 11:53:00+00:00,437.24,437.21,437.24,2,100,437.21058823529415,6.014531306755413e-08,-0.0001233308846546599
2021-09-21 11:54:00+00:00,437.17,437.15,437.19,100,500,437.1566666666667,5.6878475006414326e-08,0.0002634101774758868
2021-09-21 11:55:00+00:00,437.28,437.25,437.29,600,500,437.27181818181816,6.996246363341273e-08,0.00013305640968064303
2021-09-21 11:56:00+00:00,437.37,437.33,437.37,1600,1000,437.3546153846154,3.8857186346058244e-08,-5.939228036044852e-07
2021-09-21 11:57:00+00:00,437.35,437.32,437.35,1000,100,437.34727272727275,2.8182705017785336e-08,0.00011333498502819062
2021-09-21 11:58:00+00:00,437.39,437.36,437.4,1000,536,437.38604166666664,5.1399614286542584e-08,-0.0001519227720319094
2021-09-21 11:59:00+00:00,437.33,437.31,437.35,1200,1100,437.33086956521737,7.565511170232395e-08,0.0003081528841737402
2021-09-21 12:00:00+00:00,437.44,437.42,437.45,15,1000,437.42044334975367,9.938561366202307e-08,-6.013167610208203e-05
2021-09-21 12:01:00+00:00,437.47,437.42,437.43,151,1000,437.4213119026933,3.7856250994282034e-08,-9.771008626879851e-05
2021-09-21 12:02:00+00:00,437.38,437.36,437.4,500,500,437.38,4.299266800447815e-08,-1.2562356396461638e-05
2021-09-21 12:03:00+00:00,437.38,437.37,437.39,200,1100,437.37307692307695,9.9984765772747e-08,-0.0002772432681770187
2021-09-21 12:04:00+00:00,437.24,437.23,437.26,500,100,437.255,7.807064807892438e-08,0.00022069924446332934
2021-09-21 12:05:00+00:00,437.35,437.34,437.35,395,8,437.34980148883375,3.714856034323553e-08,8.387061444592447e-05
2021-09-21 12:06:00+00:00,437.39,437.36,437.39,500,100,437.385,3.4198406066176616e-08,0.00040002908679936944
2021-09-21 12:07:00+00:00,437.55,437.55,437.56,1800,1,437.55999444752916,7.446440726920161e-08,0.00010540323132723906
2021-09-21 12:08:00+00:00,437.61,437.58,437.61,500,75,437.6060869565217,1.1432220138251869e-08,-2.036564758234327e-05
2021-09-21 12:09:00+00:00,437.62,437.58,437.6,614,101,437.5971748251749,3.1942644385015666e-08,-0.0001730958472859756
2021-09-21 12:10:00+00:00,437.58,437.52,437.55,25,500,437.52142857142854,4.5270618848066254e-08,0.0001339478985937781
2021-09-21 12:11:00+00:00,437.59,437.58,437.59,10,2962,437.58003364737544,1.1323999939876868e-08,-5.943523778417781e-05
2021-09-21 12:12:00+00:00,437.55,437.55,437.58,93,600,437.554025974026,2.184673882625202e-09,5.9478773646759464e-05
2021-09-21 12:13:00+00:00,437.6,437.58,437.6,1,390,437.5800511508951,2.7865835740025215e-09,-1.438082384419559e-05
2021-09-21 12:14:00+00:00,437.57,437.57,437.6,56,391,437.57375838926174,2.3512870900830243e-06,-0.0023053448016970846
2021-09-21 12:15:00+00:00,436.58,436.54,436.6,500,500,436.57,7.157607930561922e-07,0.0009811444649328038
2021-09-21 12:16:00+00:00,436.97,436.91,436.96,500,1100,436.925625,3.3681008737951037e-07,-7.627881432159533e-06
2021-09-21 12:17:00+00:00,436.98,436.96,437.0,500,500,436.98,2.1650050279438695e-07,0.0006788866259335169
2021-09-21 12:18:00+00:00,437.27,437.26,437.3,1000,1500,437.276,1.5049595126399217e-07,-0.00046117725976868584
2021-09-21 12:19:00+00:00,437.09,437.03,437.06,1525,100,437.05815384615386,1.4100082169753012e-07,0.00017151068409138048
2021-09-21 12:20:00+00:00,437.16,437.16,437.2,500,600,437.1781818181818,1.7224338539223153e-07,0.00033884733892497465
2021-09-21 12:21:00+00:00,437.21,437.25,437.29,500,1100,437.2625,1.4357370052741127e-07,-0.00019048778326435922
2021-09-21 12:22:00+00:00,437.23,437.17,437.18,66,100,437.17397590361446,1.9384477627286283e-07,-0.0002174774000783808
2021-09-21 12:23:00+00:00,437.12,437.12,437.13,287,1100,437.1220692141313,1.2485990690836334e-07,-0.0002633671299717699
2021-09-21 12:24:00+00:00,437.02,437.0,437.04,74,1629,437.001738109219,9.710244975351676e-08,0.0001239608817242832
2021-09-21 12:25:00+00:00,436.98,437.04,437.07,174,1700,437.0427854855923,9.416229910044177e-08,0.00017273010879548245
2021-09-21 12:26:00+00:00,437.17,437.14,437.18,600,1081,437.1542772159429,8.262962350836502e-08,-0.0002760659562525136
2021-09-21 12:27:00+00:00,437.04,437.02,437.06,1081,600,437.0457227840571,1.4477762878555416e-07,-0.0003184394656562395
2021-09-21 12:28:00+00:00,436.91,436.89,436.92,80,86,436.9044578313253,7.689695330656898e-08,-4.558006594301833e-05
2021-09-21 12:29:00+00:00,436.85,436.87,436.89,93,15,436.8872222222222,4.212889401481776e-08,0.00012537010923252545
2021-09-21 12:30:00+00:00,436.9,436.91,436.92,1000,40,436.9196153846154,4.788613436575132e-07,0.0005520858284568941
2021-09-21 12:31:00+00:00,437.09,437.11,437.14,100,1100,437.1125,1.8212914395463392e-07,-3.421843902084998e-05
2021-09-21 12:32:00+00:00,437.18,437.16,437.2,500,500,437.18,1.086688797084234e-07,-0.0003147214205893034
2021-09-21 12:33:00+00:00,437.01,437.0,437.02,1053,1600,437.00793818318886,9.216590451073907e-08,-4.494268669374968e-05
2021-09-21 12:34:00+00:00,436.97,436.95,436.97,250,500,436.95666666666665,1.213619520023571e-07,0.0003013859371081562
2021-09-21 12:35:00+00:00,437.1,437.09,437.12,200,500,437.0985714285714,1.1893260959223818e-07,-0.00017157759882868717
2021-09-21 12:36:00+00:00,437.06,437.04,437.07,1100,100,437.0675,9.853943356698078e-08,0.00015622805094328562
2021-09-21 12:37:00+00:00,437.08,437.11,437.12,100,205,437.11327868852453,7.201081770210518e-08,0.00024160830959241153
2021-09-21 12:38:00+00:00,437.23,437.21,437.23,80,100,437.21888888888884,8.539674597530425e-08,8.259275166011548e-05
2021-09-21 12:39:00+00:00,437.23,437.23,437.26,100,100,437.245,8.35562063184775e-08,-9.095203203890456e-05
2021-09-21 12:40:00+00:00,437.17,437.21,437.22,68,62,437.2152307692308,6.899750843831881e-08,3.1366186793890805e-05
2021-09-21 12:41:00+00:00,437.22,437.2,437.23,600,177,437.2231660231661,5.551896220947741e-08,4.060043826470405e-05
2021-09-21 12:42:00+00:00,437.24,437.22,437.24,1,500,437.22003992015965,1.2000098504182978e-07,-0.0005584861651416473
2021-09-21 12:43:00+00:00,436.98,436.97,437.01,900,1100,436.988,6.437675286354144e-08,0.00020022768748462205
2021-09-21 12:44:00+00:00,437.07,437.08,437.1,100,100,437.09,9.899034554584354e-08,0.0002962174476894841
2021-09-21 12:45:00+00:00,437.16,437.2,437.23,100,500,437.205,1.3823744415397735e-07,-2.1668028943766515e-05
2021-09-21 12:46:00+00:00,437.22,437.2,437.22,1000,1000,437.21,6.833823216581389e-08,-0.00020995339075746688
2021-09-21 12:47:00+00:00,437.2,437.1,437.13,1015,500,437.12009900990097,7.873708865523024e-08,0.0001122498412127193
2021-09-21 12:48:00+00:00,437.1,437.14,437.17,1000,100,437.16727272727275,3.0829118198672864e-08,0.00016178537859445896
2021-09-21 12:49:00+00:00,437.22,437.2,437.24,100,600,437.2057142857143,4.432729932819029e-08,2.7487863105690735e-05
2021-09-21 12:50:00+00:00,437.29,437.25,437.28,1,1600,437.2500187382886,4.373297414204902e-08,7.172228865015562e-05
2021-09-21 12:51:00+00:00,437.3,437.28,437.3,80,100,437.2888888888889,6.239794391668786e-08,-2.8101816897274645e-05
2021-09-21 12:52:00+00:00,437.25,437.26,437.28,125,650,437.2632258064516,7.238964703353457e-08,-0.0004248129575574744
2021-09-21 12:53:00+00:00,437.1,437.08,437.1,100,500,437.0833333333333,9.074295375035043e-08,-0.0004229615213964255
2021-09-21 12:54:00+00:00,436.9,436.88,436.9,1202,200,436.89714693295286,1.4682149098048134e-07,-0.000504611299661728
2021-09-21 12:55:00+00:00,436.65,436.67,436.71,2300,600,436.701724137931,1.2027760154512425e-07,7.716924875444953e-05
2021-09-21 12:56:00+00:00,436.72,436.71,436.73,6,100,436.71113207547165,7.694904625546093e-08,0.0001033948457058731
2021-09-21 12:57:00+00:00,436.77,436.76,436.79,100,100,436.775,9.715272058245392e-08,-5.493836878112113e-05
2021-09-21 12:58:00+00:00,436.72,436.72,436.74,80,600,436.7223529411765,4.0196716942984146e-08,-0.00015537448521973918
2021-09-21 12:59:00+00:00,436.66,436.63,436.67,1100,100,436.6666666666667,1.819215836681549e-07,-0.0006641246722316474
2021-09-21 13:00:00+00:00,436.38,436.36,436.38,100,500,436.36333333333334,1.8401698970127373e-07,-0.00014895445431106769
2021-09-21 13:01:00+00:00,436.31,436.3,436.32,100,100,436.31,1.4389516964580636e-07,4.583896770649076e-05
2021-09-21 13:02:00+00:00,436.3,436.32,436.35,102,200,436.3301324503312,1.0480724097759235e-07,0.0005377447031866822
2021-09-21 13:03:00+00:00,436.56,436.55,436.58,600,105,436.57553191489365,6.625774654641386e-08,9.6482438684653e-05
2021-09-21 13:04:00+00:00,436.6,436.61,436.63,100,100,436.62,1.0689528961244165e-07,0.00023047467842030045
2021-09-21 13:05:00+00:00,436.72,436.7,436.72,359,100,436.7156427015251,4.819886120293492e-08,-2.453611300201608e-05
2021-09-21 13:06:00+00:00,436.73,436.69,436.71,200,200,436.7,1.4510887005174308e-07,-0.0005354048740380257
2021-09-21 13:07:00+00:00,436.44,436.47,436.49,100,600,436.47285714285715,1.0238419777732425e-07,-8.509969756886893e-05
2021-09-21 13:08:00+00:00,436.41,436.41,436.43,100,100,436.42,7.313609351486148e-08,-0.00014293601485648733
2021-09-21 13:09:00+00:00,436.36,436.35,436.36,700,98,436.35877192982457,4.437707685741429e-08,2.9600715000466238e-05
2021-09-21 13:10:00+00:00,436.38,436.35,436.38,794,100,436.37664429530196,4.0920775269101286e-08,0.00023229735261498519
2021-09-21 13:11:00+00:00,436.47,436.46,436.48,100,100,436.47,4.53729800126818e-08,-6.293854064665094e-05
2021-09-21 13:12:00+00:00,436.46,436.44,436.46,3,200,436.44029556650247,5.1137213918210014e-08,-0.00028498709263324873
2021-09-21 13:13:00+00:00,436.33,436.33,436.36,600,100,436.35571428571427,7.742860841355443e-08,-0.00033407407081165186
2021-09-21 13:14:00+00:00,436.19,436.17,436.19,100,100,436.18,5.24372273947295e-08,0.00016818988695455062
2021-09-21 13:15:00+00:00,436.22,436.22,436.24,100,200,436.2266666666667,8.549895322753832e-08,-0.00019052497899385568
2021-09-21 13:16:00+00:00,436.19,436.15,436.17,25,200,436.15222222222224,1.6240573940071415e-07,-2.3486018549290222e-05
2021-09-21 13:17:00+00:00,436.16,436.14,436.17,100,100,436.155,7.558933938880068e-08,6.550676029615232e-06
2021-09-21 13:18:00+00:00,436.17,436.16,436.18,100,600,436.16285714285715,7.180824367327617e-08,-0.00010972310473811309
2021-09-21 13:19:00+00:00,436.11,436.11,436.13,290,300,436.1198305084746,5.1606719094563155e-08,0.00015976365104464207
2021-09-21 13:20:00+00:00,436.15,436.18,436.2,240,100,436.1941176470588,6.601562450631843e-08,-9.298281189351609e-05
2021-09-21 13:21:00+00:00,436.14,436.15,436.18,200,100,436.17,3.7722236908371256e-08,4.071441576924961e-05
2021-09-21 13:22:00+00:00,436.15,436.17,436.19,100,1000,436.1718181818182,7.355227402245517e-08,3.583854712019274e-05
2021-09-21 13:23:00+00:00,436.18,436.16,436.18,100,3,436.1794174757282,3.095323736266645e-08,0.00013344997609898712
2021-09-21 13:24:00+00:00,436.23,436.23,436.25,100,250,436.23571428571427,5.8522436700708634e-08,0.00027115091775420375
2021-09-21 13:25:00+00:00,436.37,436.36,436.38,100,100,436.37,2.9531028714338798e-08,0.00021236580085592927
2021-09-21 13:26:00+00:00,436.42,436.41,436.42,600,100,436.41857142857145,2.840773611833691e-08,-4.964333175483393e-05
2021-09-21 13:27:00+00:00,436.42,436.41,436.43,100,500,436.41333333333336,7.491450942064126e-08,0.00023295335204598366
2021-09-21 13:28:00+00:00,436.52,436.51,436.53,600,500,436.5209090909091,4.485192922038632e-08,-0.0001422965942072807
2021-09-21 13:29:00+00:00,436.51,436.46,436.48,164,300,436.4670689655172,6.765517104107938e-08,0.00018837898995083258
2021-09-21 13:30:00+00:00,436.54,436.52,436.54,100,2900,436.52066666666667,8.068301607640239e-07,-0.0013441198025945233
2021-09-21 13:31:00+00:00,435.97,435.93,435.95,100,100,435.94,3.988850607476447e-07,-0.0007831085683577266
2021-09-21 13:32:00+00:00,435.65,435.65,435.67,200,200,435.66,3.618909206302226e-07,0.000229502231891221
2021-09-21 13:33:00+00:00,435.729,435.71,435.73,700,200,435.72555555555556,3.26467067384503e-07,-0.00040065179686754604
2021-09-21 13:34:00+00:00,435.53,435.53,435.55,700,400,435.5427272727273,4.109166007345744e-07,0.0006169695629014704
2021-09-21 13:35:00+00:00,435.82,435.82,435.83,100,600,435.82142857142856,8.022810545364557e-07,0.0009308994585339736
2021-09-21 13:36:00+00:00,436.2,436.19,436.2,100,383,436.1920703933747,3.9050237655957045e-07,-1.1649853457695869e-05
2021-09-21 13:37:00+00:00,436.21,436.2,436.21,100,234,436.202994011976,3.285527958801924e-07,0.0003493266728380462
2021-09-21 13:38:00+00:00,436.36,436.34,436.35,400,327,436.3455020632737,5.184154733136072e-07,0.0013056485445308574
2021-09-21 13:39:00+00:00,436.9,436.91,436.92,500,400,436.91555555555556,2.6785570202648544e-07,-0.000669344935129379
2021-09-21 13:40:00+00:00,436.63,436.64,436.65,332,300,436.64525316455695,7.041246856298222e-07,-0.0008370545662896856
2021-09-21 13:41:00+00:00,436.29,436.29,436.3,200,226,436.2946948356808,3.642050270001212e-07,-0.00042847490935027377
2021-09-21 13:42:00+00:00,436.09,436.07,436.08,200,200,436.075,3.758207480898468e-07,0.0007439600567649141
2021-09-21 13:43:00+00:00,436.43,436.45,436.46,300,200,436.456,4.82512495598674e-07,-0.0005722405429522404
2021-09-21 13:44:00+00:00,436.16,436.16,436.17,227,100,436.16694189602447,3.6822421908206627e-07,0.0010785728757212176
2021-09-21 13:45:00+00:00,436.67,436.65,436.67,500,1130,436.65613496932514,3.441037793195672e-07,0.0015715034333745326
2021-09-21 13:46:00+00:00,437.29,437.28,437.3,328,434,437.2886089238845,1.8625754829062275e-07,-0.00048773509138422266
2021-09-21 13:47:00+00:00,437.13,437.15,437.16,200,334,437.1537453183521,3.4735481047195366e-07,0.0009020143151574622
2021-09-21 13:48:00+00:00,437.5,437.5,437.51,200,500,437.5028571428571,2.1827162699854277e-07,0.0007111858827062445
2021-09-21 13:49:00+00:00,437.785,437.77,437.79,279,1534,437.7730777716492,1.4736930763481295e-07,-0.0002032895199586271
2021-09-21 13:50:00+00:00,437.74,437.72,437.74,1200,434,437.7346878824969,2.0936779280255706e-07,-0.0006052738656115997
2021-09-21 13:51:00+00:00,437.46,437.45,437.46,334,200,437.4562546816479,3.3624592076366106e-07,-0.0001230351770831195
2021-09-21 13:52:00+00:00,437.38,437.38,437.4,429,334,437.39124508519006,2.0841270997572555e-07,0.0003482615865091354
2021-09-21 13:53:00+00:00,437.57,437.6,437.61,200,534,437.60272479564037,2.379405619929642e-07,-0.0006048186104229414
2021-09-21 13:54:00+00:00,437.34,437.33,437.34,334,100,437.3376958525346,2.400667813762016e-07,-0.0007254962042659852
2021-09-21 13:55:00+00:00,436.97,436.97,436.98,300,200,436.976,4.293943179490581e-07,0.0005629160312128345
2021-09-21 13:56:00+00:00,437.25,437.24,437.25,100,334,437.24230414746546,2.9128371508012966e-07,-0.0005322101917137889
2021-09-21 13:57:00+00:00,436.98,436.98,436.99,5000,586,436.98895094880055,3.753796495620223e-07,-0.0014331704186321126
2021-09-21 13:58:00+00:00,436.42,436.42,436.43,934,100,436.4290328820116,4.5328914202743637e-07,-0.00034109801886139657
2021-09-21 13:59:00+00:00,436.32,436.33,436.34,300,733,436.3329041626331,5.17921032939437e-07,0.0005241521830445794
2021-09-21 14:00:00+00:00,436.4,436.38,436.4,333,400,436.3890859481582,7.246835878529101e-07,-0.0003483704602736948
2021-09-21 14:01:00+00:00,436.3,436.3,436.31,100,332,436.30231481481485,4.009764153037847e-07,-0.00045976743858899827
2021-09-21 14:02:00+00:00,436.08,436.08,436.09,100,324,436.082358490566,4.83185979666353e-07,0.00022501183576717487
2021-09-21 14:03:00+00:00,436.28,436.28,436.29,1534,100,436.28938800489595,4.486698187694919e-07,-0.00015376642955333697
2021-09-21 14:04:00+00:00,436.11,436.1,436.11,500,326,436.1060532687651,3.2483669804968995e-07,0.0007337316478681633
2021-09-21 14:05:00+00:00,436.43,436.41,436.42,300,255,436.4154054054054,6.630464552640233e-07,-0.0006055245536937814
2021-09-21 14:06:00+00:00,436.13,436.13,436.14,227,200,436.1353161592506,5.518044555442148e-07,-0.0015125866632844653
2021-09-21 14:07:00+00:00,435.46,435.45,435.47,433,300,435.4618144611187,2.654889043263001e-07,0.0004326090629800383
2021-09-21 14:08:00+00:00,435.71,435.69,435.71,329,1329,435.6939686369119,2.8420084170400185e-07,-0.0006843238529904427
2021-09-21 14:09:00+00:00,435.38,435.37,435.39,1290,532,435.38416026344674,3.3495770639423785e-07,-0.0012722491135417346
2021-09-21 14:10:00+00:00,434.818,434.81,434.82,208,488,434.81298850574706,3.907684120979604e-07,0.0007386823326933634
2021-09-21 14:11:00+00:00,435.19,435.18,435.19,100,432,435.18187969924816,2.686834171942789e-07,-0.0007278667458721078
2021-09-21 14:12:00+00:00,434.86,434.85,434.86,500,250,434.8566666666667,3.176247100149079e-07,-0.00035386524686642495
2021-09-21 14:13:00+00:00,434.7,434.69,434.7,829,100,434.6989235737352,2.1943600234255006e-07,-4.671792736066216e-05
2021-09-21 14:14:00+00:00,434.66,434.67,434.68,370,500,434.6742528735632,2.932408843850936e-07,0.0011862718724902077
2021-09-21 14:15:00+00:00,435.19,435.18,435.19,226,200,435.18530516431923,4.291857843365029e-07,0.0006566971405559396
2021-09-21 14:16:00+00:00,435.44,435.44,435.45,327,200,435.44620493358633,2.771878019213183e-07,-0.0005919048162817964
2021-09-21 14:17:00+00:00,435.14,435.14,435.15,330,100,435.14767441860465,3.347744981186625e-07,-0.0003309815261663962
2021-09-21 14:18:00+00:00,435.09,435.05,435.06,228,100,435.0569512195122,3.974846006148037e-07,-2.52452809038628e-05
2021-09-21 14:19:00+00:00,435.08,435.07,435.08,324,100,435.07764150943393,2.797012031518003e-07,0.000825671004349493
2021-09-21 14:20:00+00:00,435.445,435.44,435.45,267,434,435.4438088445078,4.836620361726364e-07,-0.0007271782549940209
2021-09-21 14:21:00+00:00,435.13,435.11,435.13,327,226,435.12182640144664,2.344843190928878e-07,-5.5858357620675037e-05
2021-09-21 14:22:00+00:00,435.09,435.09,435.1,434,100,435.098127340824,2.5112457512340064e-07,-0.00013411056773415808
2021-09-21 14:23:00+00:00,434.95,434.96,434.97,122,234,434.96342696629216,3.345885383183189e-07,-0.0009981106650178706
2021-09-21 14:24:00+00:00,434.59,434.58,434.6,1534,410,434.5957818930041,2.4907251390300446e-07,0.00022915692244396269
2021-09-21 14:25:00+00:00,434.69,434.68,434.69,422,100,434.68808429118775,4.0606145522660546e-07,-7.230713799288857e-05
2021-09-21 14:26:00+00:00,434.71,434.74,434.75,100,230,434.74303030303037,3.2528896796638e-07,0.00030922814018330413
2021-09-21 14:27:00+00:00,434.75,434.74,434.75,200,312,434.74390625,3.20505536545369e-07,-0.0007003803024467903
2021-09-21 14:28:00+00:00,434.49,434.5,434.51,100,231,434.5030211480362,3.213759987068087e-07,0.0010159301906755847
2021-09-21 14:29:00+00:00,434.94,434.93,434.94,186,100,434.93650349650346,3.7588033341690447e-07,0.0009125552433300044
2021-09-21 14:30:00+00:00,435.34,435.34,435.35,100,300,435.3425,7.136010391820055e-07,-0.00020739852654827473
2021-09-21 14:31:00+00:00,435.19,435.18,435.19,127,200,435.18388379204896,4.738532737064868e-07,-0.0005236821840561845
2021-09-21 14:32:00+00:00,435.0,434.99,435.01,226,800,434.99440545808966,2.9608792605488884e-07,-0.0004458474985136185
2021-09-21 14:33:00+00:00,434.82,434.82,434.84,227,800,434.8244206426485,4.0575707548789424e-07,-4.757150653267317e-05
2021-09-21 14:34:00+00:00,434.78,434.8,434.82,1432,225,434.8172842486421,3.2424983624550874e-07,-1.7650420257031563e-05
2021-09-21 14:35:00+00:00,434.81,434.78,434.8,231,831,434.78435028248583,2.2267885578747301e-07,-0.00034499045312952337
2021-09-21 14:36:00+00:00,434.64,434.64,434.65,220,231,434.64487804878047,2.6862763153870827e-07,6.830534305035663e-05
2021-09-21 14:37:00+00:00,434.7,434.68,434.7,534,431,434.69106735751296,2.1613428802611507e-07,-0.0004962795920006036
2021-09-21 14:38:00+00:00,434.46,434.46,434.47,200,234,434.4646082949309,2.1589878622427896e-07,-0.0001133351713995534
2021-09-21 14:39:00+00:00,434.39,434.38,434.39,300,100,434.3875,2.9592874854503896e-07,0.0010573927513681802
2021-09-21 14:40:00+00:00,434.86,434.85,434.87,1168,270,434.8662447844228,3.637284215499473e-07,-0.00036429710483010247
2021-09-21 14:41:00+00:00,434.72,434.73,434.74,247,100,434.7371181556196,3.408249477938065e-07,7.781236859472074e-05
2021-09-21 14:42:00+00:00,434.76,434.74,434.75,100,152,434.74396825396826,2.5606123885839867e-07,0.0004857544562726357
2021-09-21 14:43:00+00:00,434.96,434.96,434.97,366,6,434.9698387096775,9.368502530539316e-08,0.0003131217838543421
2021-09-21 14:44:00+00:00,435.1,435.09,435.1,200,473,435.092971768202,2.0216693090956653e-07,-0.00045686498949470966
2021-09-21 14:45:00+00:00,434.87,434.86,434.87,223,100,434.86690402476785,3.8083270203745205e-07,-0.0009476025297205926
2021-09-21 14:46:00+00:00,434.42,434.43,434.44,100,867,434.4310341261634,3.7430596445241284e-07,0.00014821238139872683
2021-09-21 14:47:00+00:00,434.6,434.56,434.57,100,100,434.565,1.9597001094277373e-07,-0.0009003670505930428
2021-09-21 14:48:00+00:00,434.14,434.14,434.15,68,100,434.1440476190476,2.756950439944643e-07,-0.0009499651377334883
2021-09-21 14:49:00+00:00,433.71,433.71,433.73,334,834,433.71571917808217,2.487691273265409e-07,-0.00043782493324984184
2021-09-21 14:50:00+00:00,433.57,433.56,433.58,331,400,433.56905608755125,1.8636254222644043e-07,-0.00025237216370876947
2021-09-21 14:51:00+00:00,433.45,433.44,433.45,200,508,433.4428248587571,2.7510993804630556e-07,5.013832857980738e-05
2021-09-21 14:52:00+00:00,433.47,433.44,433.45,365,200,433.44646017699114,2.1351179767517032e-07,-0.00017112831317356303
2021-09-21 14:53:00+00:00,433.42,433.41,433.43,500,544,433.4195785440613,2.083586808975193e-07,-0.00028433451692133627
2021-09-21 14:54:00+00:00,433.24,433.24,433.25,200,531,433.2427359781122,2.590868741072988e-07,0.00043546765080626493
2021-09-21 14:55:00+00:00,433.43,433.42,433.44,700,421,433.43248884924174,2.6568487570141426e-07,0.00013094914900113608
2021-09-21 14:56:00+00:00,433.5,433.48,433.5,434,433,433.4900115340253,3.5593762286989447e-07,-1.1051295135344752e-05
2021-09-21 14:57:00+00:00,433.55,433.54,433.56,330,500,433.5479518072289,2.514670948964814e-07,0.00023048081165266687
2021-09-21 14:58:00+00:00,433.62,433.61,433.63,321,230,433.6216515426498,2.1342874920312796e-07,0.0006113140314760734
2021-09-21 14:59:00+00:00,433.88,433.84,433.86,220,931,433.8438227628149,1.92518476710422e-07,-0.00030874249080203864
2021-09-21 15:00:00+00:00,433.75,433.74,433.76,1400,315,433.7563265306122,5.299149520011671e-07,-0.00118980836232363
2021-09-21 15:01:00+00:00,433.23,433.21,433.23,327,328,433.2199847328244,3.0621566578293436e-07,0.00022327117172604716
2021-09-21 15:02:00+00:00,433.29,433.29,433.3,224,100,433.29691358024695,3.3173487136278104e-07,0.0002661762366831244
2021-09-21 15:03:00+00:00,433.455,433.43,433.44,329,100,433.437668997669,2.970974467911535e-07,-0.00024691451994152125
2021-09-21 15:04:00+00:00,433.275,433.3,433.31,426,200,433.30680511182106,3.8261086201569776e-07,0.0011026803576879018
2021-09-21 15:05:00+00:00,433.77,433.73,433.74,400,100,433.738,2.9811573837110316e-07,0.0010825547548649617
2021-09-21 15:06:00+00:00,434.29,434.29,434.3,300,228,434.29568181818183,3.9163877943906217e-07,0.0006726399647727366
2021-09-21 15:07:00+00:00,434.56,434.57,434.59,178,356,434.5766666666666,1.9218875802406995e-07,-0.00020984059667972232
2021-09-21 15:08:00+00:00,434.47,434.46,434.47,478,200,434.46705014749267,1.9234112120339043e-07,0.0005976447889002312
2021-09-21 15:09:00+00:00,434.74,434.74,434.75,200,456,434.7430487804878,1.3041001528711173e-07,0.00045888187695841687
2021-09-21 15:10:00+00:00,434.94,434.92,434.93,934,100,434.9290328820116,1.1335764345984793e-07,-0.00026561487477372303
2021-09-21 15:11:00+00:00,434.85,434.81,434.82,326,100,434.81765258215967,1.162267744926964e-07,2.8901223584787417e-05
2021-09-21 15:12:00+00:00,434.83,434.82,434.84,1986,386,434.83674536256325,2.2376771211077376e-07,0.00018965105165880125
2021-09-21 15:13:00+00:00,434.95,434.95,434.96,200,534,434.95272479564034,1.898853989427525e-07,0.00023963169289142883
2021-09-21 15:14:00+00:00,435.03,435.0,435.01,360,300,435.0054545454545,1.4756968282861313e-07,0.00040720642211367064
2021-09-21 15:15:00+00:00,435.22,435.22,435.23,300,346,435.2246439628483,1.1792876241260626e-07,-0.0003991189691135988
2021-09-21 15:16:00+00:00,435.03,435.04,435.05,500,334,435.0459952038369,1.10206113741363e-07,6.677280989286771e-05
2021-09-21 15:17:00+00:00,435.05,435.04,435.05,300,300,435.045,9.046629503883058e-08,-0.00019819281926514165
2021-09-21 15:18:00+00:00,434.96,434.97,434.98,200,533,434.97272851296043,4.755840618662059e-08,-0.0003380388299460968
2021-09-21 15:19:00+00:00,434.83,434.83,434.84,397,410,434.8349194547707,3.1386364320743796e-07,-0.00016499150188420408
2021-09-21 15:20:00+00:00,434.73,434.73,434.75,428,734,434.7373666092943,1.2714363581213153e-07,-0.00045501340105302823
2021-09-21 15:21:00+00:00,434.59,434.58,434.59,401,100,434.58800399201596,2.0757181462403147e-07,-6.181464429311223e-05
2021-09-21 15:22:00+00:00,434.48,434.49,434.5,200,680,434.49227272727273,1.9359952549505458e-07,0.000762287229113312
2021-09-21 15:23:00+00:00,434.86,434.87,434.88,286,300,434.8748805460751,1.0758052979755439e-07,-0.0005300740560741923
2021-09-21 15:24:00+00:00,434.65,434.64,434.66,384,386,434.649974025974,1.1873616447482171e-07,-0.00029210389328404585
2021-09-21 15:25:00+00:00,434.5,434.48,434.5,469,386,434.49097076023395,2.0356829736593666e-07,0.00032376922982946255
2021-09-21 15:26:00+00:00,434.63,434.62,434.63,350,100,434.6277777777778,2.0949410142960898e-07,0.00017848263588837732
2021-09-21 15:27:00+00:00,434.72,434.71,434.72,300,273,434.71523560209425,1.606885890901862e-07,-0.00018819286416860148
2021-09-21 15:28:00+00:00,434.64,434.64,434.65,386,200,434.6465870307167,1.6703858692582337e-07,-0.0002337467510947766
2021-09-21 15:29:00+00:00,434.55,434.54,434.55,200,378,434.54346020761244,1.534755081264036e-07,-3.5552444069830713e-06
2021-09-21 15:30:00+00:00,434.54,434.52,434.53,300,200,434.526,3.5998176396082093e-07,0.0008496078041280164
2021-09-21 15:31:00+00:00,434.91,434.87,434.88,200,230,434.8746511627907,2.357463158215702e-07,-0.00037041448172414615
2021-09-21 15:32:00+00:00,434.72,434.73,434.74,300,200,434.736,2.9668758452740333e-07,0.0017252172846817793
2021-09-21 15:33:00+00:00,435.49,435.48,435.49,200,328,435.4837878787879,4.460583074488955e-07,0.0011367097088967881
2021-09-21 15:34:00+00:00,435.96,435.94,435.96,434,434,435.95,1.9499396906755535e-07,-3.991481205667391e-05
2021-09-21 15:35:00+00:00,435.93,435.91,435.92,431,400,435.91518652226233,2.226708894623349e-07,0.00020390080921806053
2021-09-21 15:36:00+00:00,436.03,436.03,436.04,200,300,436.034,1.5637813635701405e-07,-0.00013790562160420627
2021-09-21 15:37:00+00:00,435.99,435.96,435.97,665,200,435.9676878612717,1.5044787457199745e-07,-0.0002289057246059878
2021-09-21 15:38:00+00:00,435.9,435.9,435.91,200,267,435.9042826552462,7.670821505158911e-08,0.0001899842557895326
2021-09-21 15:39:00+00:00,435.97,435.97,435.98,561,400,435.97583766909474,1.2415293825096993e-07,-0.0003702802263628735
2021-09-21 15:40:00+00:00,435.8,435.78,435.79,300,267,435.785291005291,1.0197268444346006e-07,-0.00017877898445461948
2021-09-21 15:41:00+00:00,435.75,435.78,435.79,200,400,435.78333333333336,8.485625347674588e-08,0.0001095738943892588
2021-09-21 15:42:00+00:00,435.81,435.79,435.8,334,400,435.7945504087194,1.145546334271707e-07,0.0005067977918695732
2021-09-21 15:43:00+00:00,436.01,436.02,436.03,300,400,436.0242857142857,1.8633659639286955e-07,-1.7443385074145112e-05
2021-09-21 15:44:00+00:00,436.01,435.98,436.0,534,734,435.9884227129338,1.1962434844188613e-07,0.00010924169941461948
2021-09-21 15:45:00+00:00,436.04,436.04,436.06,434,734,436.0474315068493,1.5193350846779158e-07,0.0003585074117908871
2021-09-21 15:46:00+00:00,436.2,436.19,436.21,331,714,436.1963349282296,1.2392534833251095e-07,-0.0004119906839615828
2021-09-21 15:47:00+00:00,436.04,436.03,436.04,200,225,436.03470588235297,8.723783529942926e-08,0.00017432044976573025
2021-09-21 15:48:00+00:00,436.12,436.12,436.13,300,229,436.1256710775047,1.3975805486973762e-07,-5.159851307112717e-06
2021-09-21 15:49:00+00:00,436.1,436.09,436.1,300,231,436.0956497175141,1.0402719744392024e-07,-0.00013774302490188184
2021-09-21 15:50:00+00:00,436.03,436.03,436.04,230,100,436.0369696969697,1.2668080862838549e-07,0.00010965465906953575
2021-09-21 15:51:00+00:00,436.1,436.11,436.12,232,200,436.1153703703704,1.2680355792178748e-07,-0.0002941232575875974
2021-09-21 15:52:00+00:00,435.97,435.97,435.99,1200,534,435.9838408304498,6.02581607686195e-08,-5.144505173171332e-05
2021-09-21 15:53:00+00:00,435.94,435.94,435.95,333,300,435.9452606635071,5.996170789400822e-08,-7.776217425181642e-05
2021-09-21 15:54:00+00:00,435.88,435.91,435.92,200,334,435.9137453183521,8.072663029746897e-08,0.00010689393626162058
2021-09-21 15:55:00+00:00,435.94,435.93,435.94,434,100,435.93812734082394,5.251787875369503e-08,5.734668364176798e-06
2021-09-21 15:56:00+00:00,435.94,435.94,435.95,96,377,435.9420295983087,1.122516790950578e-07,0.00017061618485736396
2021-09-21 15:57:00+00:00,436.07,436.06,436.08,400,530,436.06860215053763,1.4875990243935046e-07,-8.461526860858992e-05
2021-09-21 15:58:00+00:00,435.99,435.99,436.0,100,435,435.9918691588785,5.5101264304118494e-08,-0.0003895411109087199
2021-09-21 15:59:00+00:00,435.805,435.8,435.82,500,434,435.8107066381156,4.4715183841173943e-08,0.00010060068666484234
2021-09-21 16:00:00+00:00,435.85,435.85,435.87,434,634,435.858127340824,2.1155942624925756e-07,0.0007903896416401324
2021-09-21 16:01:00+00:00,436.19,436.18,436.19,100,126,436.184424778761,2.0288012465297058e-07,0.0005228844730056359
2021-09-21 16:02:00+00:00,436.43,436.41,436.42,300,334,436.41473186119873,1.0320375258465245e-07,0.00012813626658592092
2021-09-21 16:03:00+00:00,436.48,436.47,436.49,700,734,436.47976290097625,2.3418884156247873e-07,-0.00010159609580473461
2021-09-21 16:04:00+00:00,436.45,436.45,436.47,434,1034,436.4559128065395,9.901576399625525e-08,-0.00011033412628380646
2021-09-21 16:05:00+00:00,436.39,436.39,436.4,900,300,436.3975,1.5759191891082564e-07,-0.00031543709807346776
2021-09-21 16:06:00+00:00,436.25,436.24,436.26,1134,634,436.2528280542986,1.0186809660564456e-07,0.0001570306967495494
2021-09-21 16:07:00+00:00,436.35,436.37,436.38,534,200,436.37727520435965,1.2822813813410874e-07,0.00025732309524451047
2021-09-21 16:08:00+00:00,436.47,436.46,436.48,734,634,436.470730994152,8.317788621372886e-08,0.0005911069460504681
2021-09-21 16:09:00+00:00,436.72,436.71,436.72,534,300,436.7164028776978,6.298675342012248e-08,-7.352698766560639e-05
2021-09-21 16:10:00+00:00,436.66,436.66,436.68,529,734,436.6683768804434,1.1640380094709434e-07,7.031924397904454e-05
2021-09-21 16:11:00+00:00,436.691,436.69,436.7,330,200,436.6962264150943,1.1061749973584394e-07,0.00026974020078651684
2021-09-21 16:12:00+00:00,436.82,436.81,436.83,330,700,436.8164077669903,1.315063789148572e-07,-0.00019357873954783944
2021-09-21 16:13:00+00:00,436.74,436.73,436.75,367,586,436.73770199370415,1.0421920294906634e-07,0.00038268356764636913
2021-09-21 16:14:00+00:00,436.89,436.88,436.89,202,500,436.8828774928775,7.295223586109118e-08,-0.0001060231551923696
2021-09-21 16:15:00+00:00,436.845,436.84,436.85,100,1186,436.84077760497667,2.2828304447329393e-07,-0.0005336095368071447
2021-09-21 16:16:00+00:00,436.619,436.64,436.65,100,426,436.64190114068435,1.3050188648524627e-07,-0.0002114216678497094
2021-09-21 16:17:00+00:00,436.55,436.55,436.56,200,386,436.55341296928333,1.1073255331139047e-07,0.0001927419337364178
2021-09-21 16:18:00+00:00,436.611,436.6,436.61,462,100,436.6082206405694,1.9346606113316203e-07,-0.0001944057695744128
2021-09-21 16:19:00+00:00,436.52,436.52,436.53,200,378,436.52346020761246,8.799555793298752e-08,-0.0003395221351171207
2021-09-21 16:20:00+00:00,436.38,436.36,436.38,1976,664,436.3749696969697,1.5435519446751014e-07,7.121522118813672e-05
2021-09-21 16:21:00+00:00,436.4,436.4,436.41,400,400,436.405,1.5982584422977003e-07,0.0003717592432874728
2021-09-21 16:22:00+00:00,436.55,436.56,436.58,886,564,436.5722206896551,8.025625232573763e-08,-0.00021796972154786154
2021-09-21 16:23:00+00:00,436.48,436.48,436.49,200,387,436.4834071550256,7.617606554501523e-08,0.00013113034020961756
2021-09-21 16:24:00+00:00,436.55,436.57,436.58,500,200,436.57714285714286,1.0597101220108734e-07,-0.0004118209506667192
2021-09-21 16:25:00+00:00,436.33,436.35,436.36,340,400,436.35459459459463,7.988529059194666e-08,0.00028722941543679603
2021-09-21 16:26:00+00:00,436.49,436.49,436.5,100,386,436.49205761316875,1.2282240985795783e-07,-0.00034911494091482975
2021-09-21 16:27:00+00:00,436.34,436.33,436.34,300,276,436.3352083333333,1.057649277454565e-07,-0.0003362245663469654
2021-09-21 16:28:00+00:00,436.18,436.17,436.19,1457,266,436.186912362159,4.085671921817278e-08,-0.00012497441015002497
2021-09-21 16:29:00+00:00,436.09,436.09,436.11,634,446,436.10174074074075,2.341280939584395e-08,-0.00013219230274830185
2021-09-21 16:30:00+00:00,436.07,436.05,436.06,511,400,436.0556092206367,9.189970536753506e-08,-0.0002570649339829201
2021-09-21 16:31:00+00:00,435.945,435.94,435.95,900,100,435.949,7.136067705815473e-08,-0.0002968608149791496
2021-09-21 16:32:00+00:00,435.83,435.83,435.84,100,786,435.8311286681716,8.068514941474211e-08,0.00037853861912706677
2021-09-21 16:33:00+00:00,436.001,435.99,436.01,1260,500,436.0043181818182,8.747662362871389e-08,-2.714466025510731e-05
2021-09-21 16:34:00+00:00,436.02,436.01,436.03,1534,734,436.02352733686064,1.0409673723197889e-07,0.00040310373829255397
2021-09-21 16:35:00+00:00,436.16,436.16,436.17,300,534,436.1635971223022,8.922616838329494e-08,-0.00016049470604784233
2021-09-21 16:36:00+00:00,436.09,436.09,436.1,373,300,436.09554234769683,1.1950945615258044e-07,0.00027156447060416866
2021-09-21 16:37:00+00:00,436.19,436.2,436.21,700,300,436.207,6.914910038479048e-08,-0.00010027053902472716
2021-09-21 16:38:00+00:00,436.16,436.15,436.17,486,380,436.16122401847576,1.2294776091264552e-07,-0.00014071676935267785
2021-09-21 16:39:00+00:00,436.09,436.08,436.09,386,200,436.0865870307167,4.576286535888856e-08,0.00015358457477576692
2021-09-21 16:40:00+00:00,436.18,436.15,436.16,200,286,436.1541152263374,5.58175756386677e-08,-0.00028813532491533955
2021-09-21 16:41:00+00:00,436.035,436.04,436.05,200,386,436.0434129692833,7.850492492746122e-08,-7.182648910375455e-05
2021-09-21 16:42:00+00:00,436.05,436.03,436.05,378,386,436.0398952879581,6.137255382717677e-08,0.00030247691425033807
2021-09-21 16:43:00+00:00,436.18,436.17,436.19,479,485,436.1799377593361,8.82507277372816e-08,-6.680413538195928e-05
2021-09-21 16:44:00+00:00,436.1,436.11,436.12,200,282,436.1141493775934,6.283849263418002e-08,-1.6813826827721812e-05
2021-09-21 16:45:00+00:00,436.1,436.11,436.12,400,300,436.11571428571426,1.000757463182264e-07,8.131035205738435e-05
2021-09-21 16:46:00+00:00,436.15,436.13,436.14,246,100,436.1371098265896,1.2476220257283116e-07,-0.0003220863882110736
2021-09-21 16:47:00+00:00,435.99,435.99,436.0,415,254,435.99620328849034,1.0013737824253552e-07,-1.6878419877297546e-06
2021-09-21 16:48:00+00:00,436.0,436.0,436.01,200,249,436.0044543429844,9.185589964116833e-08,-0.0002127585302045265
2021-09-21 16:49:00+00:00,435.9,435.89,435.9,424,200,435.89679487179484,8.803230208838291e-08,0.00014900679034313136
2021-09-21 16:50:00+00:00,436.0,435.97,435.99,484,674,435.97835924006915,6.665051314365974e-08,-0.0003313927229680047
2021-09-21 16:51:00+00:00,435.82,435.82,435.83,400,390,435.8250632911392,1.0403261960857014e-07,-0.0006823323147081561
2021-09-21 16:52:00+00:00,435.53,435.52,435.53,303,334,435.5247566718996,3.4994649558176496e-07,-0.001282657025085232
2021-09-21 16:53:00+00:00,434.975,434.96,434.98,1000,533,434.97304631441614,1.6102452611731317e-07,0.00023545394538793118
2021-09-21 16:54:00+00:00,435.08,435.08,435.09,100,447,435.08182815356486,1.0844450308945273e-07,0.0003116128589217837
2021-09-21 16:55:00+00:00,435.19,435.18,435.19,200,469,435.1829895366219,1.8311332226435785e-07,0.00010032660517844683
2021-09-21 16:56:00+00:00,435.24,435.28,435.29,235,300,435.2843925233645,1.382012957577588e-07,0.0003131256949051586
2021-09-21 16:57:00+00:00,435.39,435.4,435.41,100,286,435.4025906735751,9.01010551253601e-08,0.00048106600512243247
2021-09-21 16:58:00+00:00,435.59,435.58,435.59,200,331,435.58376647834274,8.020542003413339e-08,-0.00016180959609501944
2021-09-21 16:59:00+00:00,435.53,435.5,435.52,230,328,435.50824372759854,1.3025549750080053e-07,-0.0003718738802537258
2021-09-21 17:00:00+00:00,435.395,435.38,435.4,409,834,435.3865808527756,2.0600481891493087e-07,-3.079538643457891e-05
2021-09-21 17:01:00+00:00,435.38,435.36,435.38,223,828,435.3642435775452,8.770818443142846e-08,0.0005268111837448686
2021-09-21 17:02:00+00:00,435.6,435.59,435.6,200,400,435.5933333333333,2.3726324874058592e-07,-0.0010375762312008208
2021-09-21 17:03:00+00:00,435.13,435.13,435.14,200,569,435.13260078023404,1.863650412807035e-07,-0.0001782595938308873
2021-09-21 17:04:00+00:00,435.05,435.05,435.06,200,200,435.055,1.1936337795973605e-07,0.00015351361468729507
2021-09-21 17:05:00+00:00,435.12,435.11,435.12,327,100,435.11765807962524,1.9341644286611597e-07,0.0003448609096099453
2021-09-21 17:06:00+00:00,435.31,435.3,435.31,200,229,435.304662004662,2.873554438731279e-07,-0.0001238534741407893
2021-09-21 17:07:00+00:00,435.2,435.18,435.19,200,200,435.185,1.4840908227860845e-07,0.0003280350288601408
2021-09-21 17:08:00+00:00,435.35,435.35,435.36,328,200,435.35621212121214,8.559440141512208e-08,-0.0001156250738775233
2021-09-21 17:09:00+00:00,435.3,435.29,435.31,434,430,435.3000462962963,1.1251850295195788e-07,-0.0003124645250707214
2021-09-21 17:10:00+00:00,435.17,435.15,435.17,333,433,435.15869451697125,9.524292555895791e-08,-0.00018649327171538221
2021-09-21 17:11:00+00:00,435.1,435.09,435.1,200,300,435.094,1.2075825366845238e-07,0.0004382459654186377
2021-09-21 17:12:00+00:00,435.279,435.26,435.27,629,200,435.2675874547648,1.0421730282165875e-07,-0.00010643582279801223
2021-09-21 17:13:00+00:00,435.23,435.21,435.23,900,221,435.22605709188224,8.06810671619896e-08,-0.00034551871796328903
2021-09-21 17:14:00+00:00,435.07,435.08,435.09,200,329,435.08378071833647,8.378644227450702e-08,2.1399111669984094e-05
2021-09-21 17:15:00+00:00,435.08,435.07,435.08,200,631,435.07240673886884,7.243675262974093e-08,-0.00046020025631754446
2021-09-21 17:16:00+00:00,434.885,434.88,434.89,2401,400,434.88857193859343,1.174147738142742e-07,0.0008661048887865785
2021-09-21 17:17:00+00:00,435.27,435.27,435.28,100,434,435.27187265917604,9.555516722675032e-08,-6.527707841441632e-05
2021-09-21 17:18:00+00:00,435.24,435.25,435.26,200,500,435.2528571428571,1.2922329531740728e-07,-0.00018216053157582568
2021-09-21 17:19:00+00:00,435.15,435.14,435.15,300,300,435.145,5.490661727001505e-08,0.0004180277419791878
2021-09-21 17:20:00+00:00,435.34,435.33,435.35,333,226,435.34191413237926,2.7067964846329725e-07,-0.00013162067858185633
2021-09-21 17:21:00+00:00,435.25,435.27,435.28,400,600,435.274,1.1451085642076737e-07,-0.0004790533112468687
2021-09-21 17:22:00+00:00,435.105,435.11,435.12,209,234,435.1147178329571,1.238048791720064e-07,0.0004693623902465305
2021-09-21 17:23:00+00:00,435.28,435.26,435.27,200,200,435.265,1.2622155769190123e-07,-0.0008367233806951813
2021-09-21 17:24:00+00:00,434.78,434.78,434.79,200,200,434.785,2.3525542206719162e-07,-0.0005744511845355849
2021-09-21 17:25:00+00:00,434.679,434.67,434.68,600,421,434.67587659157687,1.954749752051223e-07,-0.0009683868184230393
2021-09-21 17:26:00+00:00,434.27,434.26,434.27,431,200,434.2668304278922,2.2206183146785371e-07,0.0008546161142384268
2021-09-21 17:27:00+00:00,434.59,434.58,434.6,534,331,434.59234682080927,1.181209148899689e-07,0.00030194001444816543
2021-09-21 17:28:00+00:00,434.76,434.74,434.75,200,224,434.7447169811321,1.7369124222489362e-07,-0.0005084824517387343
2021-09-21 17:29:00+00:00,434.52,434.53,434.54,329,200,434.53621928166353,9.34151792352889e-08,-0.0003643157330056601
2021-09-21 17:30:00+00:00,434.36,434.37,434.39,327,734,434.37616399622993,3.604555927654875e-07,-0.00010339191606845155
2021-09-21 17:31:00+00:00,434.3,434.31,434.32,200,229,434.31466200466195,1.4510664115534253e-07,0.0002153315295632119
2021-09-21 17:32:00+00:00,434.4,434.4,434.42,328,634,434.40681912681913,1.8333697587121294e-07,-0.00034735699915111606
2021-09-21 17:33:00+00:00,434.27,434.26,434.28,333,234,434.27174603174603,1.5173910009055653e-07,0.00014164407573047377
2021-09-21 17:34:00+00:00,434.31,434.35,434.36,100,231,434.35302114803625,1.0196661142869324e-07,0.00018286863082361826
2021-09-21 17:35:00+00:00,434.41,434.38,434.4,434,500,434.38929336188437,1.892358393121955e-07,7.836238253888794e-05
2021-09-21 17:36:00+00:00,434.39,434.36,434.37,233,100,434.36699699699705,1.7969519240175083e-07,-0.00028725943844787327
2021-09-21 17:37:00+00:00,434.31,434.3,434.31,232,100,434.3069879518072,7.279394453734302e-08,-0.0002767588173565594
2021-09-21 17:38:00+00:00,434.18,434.19,434.2,234,400,434.19369085173497,9.429955992095658e-08,0.0005377348839601392
2021-09-21 17:39:00+00:00,434.41,434.41,434.43,534,634,434.4191438356164,7.254238231286194e-08,0.000344530659755371
2021-09-21 17:40:00+00:00,434.56,434.54,434.56,534,634,434.54914383561646,1.9499661225345826e-07,-9.213632633164881e-05
2021-09-21 17:41:00+00:00,434.54,434.53,434.55,430,230,434.5430303030303,1.4516929685367407e-07,-0.0001040539861527634
2021-09-21 17:42:00+00:00,434.5,434.5,434.51,433,100,434.50812382739207,1.511968079167822e-07,-0.00039285143039591297
2021-09-21 17:43:00+00:00,434.325,434.3,434.32,1599,432,434.31574593796154,9.588120341948982e-08,-0.0002223120279094548
2021-09-21 17:44:00+00:00,434.23,434.22,434.24,433,1600,434.22425971470733,1.281057080035662e-07,0.00019098602536749
2021-09-21 17:45:00+00:00,434.3,434.3,434.31,400,200,434.3066666666667,1.8156354026968245e-07,-9.964190523714667e-05
2021-09-21 17:46:00+00:00,434.28,434.28,434.29,200,621,434.2824360535932,1.8395215990728015e-07,0.0003712730611844517
2021-09-21 17:47:00+00:00,434.422,434.42,434.44,329,721,434.42626666666666,1.1893245829185788e-07,-4.127047897062308e-05
2021-09-21 17:48:00+00:00,434.41,434.39,434.41,330,200,434.40245283018874,6.891934256859922e-08,4.498966406529803e-05
2021-09-21 17:49:00+00:00,434.42,434.41,434.43,827,330,434.42429559204845,8.899193903229503e-08,0.0005320909068267099
2021-09-21 17:50:00+00:00,434.66,434.65,434.66,334,300,434.65526813880126,1.150580638894832e-07,-4.079468804307762e-05
2021-09-21 17:51:00+00:00,434.64,434.64,434.65,100,853,434.6410493179433,1.7531379924133558e-07,0.0005691955094409007
2021-09-21 17:52:00+00:00,434.9,434.91,434.92,200,200,434.915,1.3877331706428748e-07,-0.0004053558098598975
2021-09-21 17:53:00+00:00,434.7,434.69,434.71,533,200,434.7045429740791,1.5992212875464908e-07,-0.001180199096295742
2021-09-21 17:54:00+00:00,434.2,434.19,434.2,704,65,434.19915474642386,4.242914144851784e-07,-0.0005218429365996258
2021-09-21 17:55:00+00:00,433.97,433.96,433.98,429,429,433.97,2.3683681728002606e-07,2.2969012040130465e-05
2021-09-21 17:56:00+00:00,433.98,433.94,433.96,429,329,433.9513192612137,1.5798920411723812e-07,0.00020591289073434993
2021-09-21 17:57:00+00:00,434.09,434.06,434.07,100,228,434.0630487804878,1.3853549050005908e-07,-3.2424054547286474e-05
2021-09-21 17:58:00+00:00,434.04,434.04,434.05,232,200,434.0453703703704,6.560612272182654e-08,-0.0001244144991922047
2021-09-21 17:59:00+00:00,434.03,434.0,434.02,326,1333,434.0039300783605,1.1485138539127088e-07,0.0004644203775834299
2021-09-21 18:00:00+00:00,434.2,434.2,434.22,334,1030,434.2048973607038,2.987613030820962e-07,0.0009666421226108834
2021-09-21 18:01:00+00:00,434.61,434.62,434.64,334,1029,434.6249009537784,1.752255850920528e-07,-0.0003519848852464591
2021-09-21 18:02:00+00:00,434.49,434.48,434.49,422,300,434.4858448753463,9.847170598389043e-08,0.00012648153756322777
2021-09-21 18:03:00+00:00,434.5,434.5,434.52,334,934,434.5052681388012,1.081494600056126e-07,0.00017779322726352298
2021-09-21 18:04:00+00:00,434.59,434.6,434.62,284,1439,434.60329657574,1.2862281445119022e-07,0.0001226648615915149
2021-09-21 18:05:00+00:00,434.63,434.62,434.64,400,632,434.6277519379845,1.4687690081148168e-07,0.00014535355405231876
2021-09-21 18:06:00+00:00,434.715,434.72,434.73,300,334,434.72473186119873,1.2141289504339505e-07,6.652309283894375e-05
2021-09-21 18:07:00+00:00,434.74,434.74,434.75,300,600,434.74333333333334,4.9310016957017636e-08,0.00013516053268713968
2021-09-21 18:08:00+00:00,434.81,434.8,434.81,401,234,434.80631496062995,4.5759235924939125e-08,-0.0002474336801758792
2021-09-21 18:09:00+00:00,434.709,434.7,434.71,6,734,434.70008108108107,5.9271497318549806e-08,0.0001258306199027892
2021-09-21 18:10:00+00:00,434.75,434.75,434.76,528,100,434.7584076433121,1.722176873620691e-07,-0.0003487891584181835
2021-09-21 18:11:00+00:00,434.625,434.6,434.61,100,234,434.60299401197614,8.842381847669824e-08,0.0002375608149922659
2021-09-21 18:12:00+00:00,434.709,434.7,434.71,343,200,434.7063167587477,8.353608857385094e-08,-0.00023613467367300522
2021-09-21 18:13:00+00:00,434.62,434.62,434.63,100,423,434.62191204588913,5.0493568448946934e-08,-0.00012004089051009803
2021-09-21 18:14:00+00:00,434.53,434.52,434.53,100,229,434.5230395136779,6.94282442280904e-08,0.00018617220127858936
2021-09-21 18:15:00+00:00,434.64,434.62,434.63,185,330,434.62359223300973,1.1134690804146494e-07,0.00010012780653667619
2021-09-21 18:16:00+00:00,434.68,434.68,434.69,100,334,434.6823041474654,1.1300715979386899e-07,-0.0005098463626427296
2021-09-21 18:17:00+00:00,434.46,434.46,434.47,299,300,434.46499165275463,1.109647940556069e-07,5.7974684019246325e-05
2021-09-21 18:18:00+00:00,434.49,434.48,434.5,900,321,434.4947420147421,1.8374200175591527e-07,3.991948869153106e-05
2021-09-21 18:19:00+00:00,434.49,434.49,434.5,224,100,434.49691358024694,6.859072965346111e-08,-0.00037419059300558555
2021-09-21 18:20:00+00:00,434.32,434.33,434.34,329,100,434.33766899766897,1.1547486806747457e-07,-0.0005515027808674633
2021-09-21 18:21:00+00:00,434.12,434.12,434.13,200,334,434.12374531835206,1.7453325358776332e-07,0.0001363934071025863
2021-09-21 18:22:00+00:00,434.15,434.15,434.16,326,200,434.1561977186312,1.2164796588124097e-07,1.2945135738462454e-05
2021-09-21 18:23:00+00:00,434.2,434.2,434.21,906,334,434.20730645161296,1.7533912572751507e-07,-0.00046606125649528707
2021-09-21 18:24:00+00:00,433.91,433.9,433.91,734,200,433.9078586723769,7.600001312923068e-08,-0.00012256508633068375
2021-09-21 18:25:00+00:00,433.91,433.91,433.92,500,100,433.91833333333335,1.928333350159353e-07,7.648697460749254e-05
2021-09-21 18:26:00+00:00,433.94,433.87,433.88,200,500,433.87285714285713,2.592509056482125e-07,-0.0005394493786001764
2021-09-21 18:27:00+00:00,433.71,433.69,433.7,200,434,433.69315457413245,1.0392351521930096e-07,-3.389351773985805e-05
2021-09-21 18:28:00+00:00,433.71,433.71,433.72,100,234,433.7129940119761,1.2454607050730328e-07,-2.091430837936059e-05
2021-09-21 18:29:00+00:00,433.68,433.66,433.67,100,1000,433.6609090909091,1.0774283653349947e-07,-6.506890174140523e-05
2021-09-21 18:30:00+00:00,433.64,433.64,433.65,434,200,433.64684542586747,1.3330807390064022e-07,0.000729306205920599
2021-09-21 18:31:00+00:00,434.0,433.99,434.0,300,300,433.995,2.1774370925196758e-07,0.0005999154783558058
2021-09-21 18:32:00+00:00,434.26,434.26,434.28,417,429,434.26985815602836,1.9526327206521042e-07,-0.00023267706596685755
2021-09-21 18:33:00+00:00,434.12,434.12,434.14,434,634,434.12812734082394,1.4057377292396725e-07,0.00033376025857578817
2021-09-21 18:34:00+00:00,434.27,434.27,434.28,452,200,434.2769325153374,6.648685613888204e-08,3.070274751326707e-06
2021-09-21 18:35:00+00:00,434.28,434.27,434.28,334,296,434.2753015873016,8.129875625325964e-08,0.0002601939421444932
2021-09-21 18:36:00+00:00,434.388,434.37,434.39,234,334,434.37823943661965,2.4864482683910897e-07,-0.0004358532256120151
2021-09-21 18:37:00+00:00,434.21,434.17,434.19,533,334,434.1822952710496,1.1039626361870053e-07,-0.0003463982936081633
2021-09-21 18:38:00+00:00,434.04,434.04,434.05,233,300,434.0443714821764,9.523218905434579e-08,0.00010792376747481569
2021-09-21 18:39:00+00:00,434.1,434.11,434.12,324,200,434.1161832061069,9.560915303530635e-08,0.00033010726452564754
2021-09-21 18:40:00+00:00,434.22,434.21,434.22,534,300,434.2164028776978,1.8543547430665376e-07,0.00033387400781181853
2021-09-21 18:41:00+00:00,434.38,434.37,434.38,300,334,434.37473186119865,1.4794831859497454e-07,0.00015482817387657555
2021-09-21 18:42:00+00:00,434.46,434.45,434.46,634,100,434.45863760217986,6.524380352584988e-08,1.8006146885074514e-05
2021-09-21 18:43:00+00:00,434.47,434.47,434.48,433,100,434.4781238273921,4.633370485674904e-08,4.791010859994671e-05
2021-09-21 18:44:00+00:00,434.48,434.47,434.49,634,500,434.48118165784837,3.596295271561044e-08,-0.00012320526081011085
2021-09-21 18:45:00+00:00,434.42,434.42,434.43,634,400,434.4261315280464,1.0143148917874504e-07,-0.0001698236793661323
2021-09-21 18:46:00+00:00,434.35,434.36,434.38,431,231,434.37302114803623,1.7798315019860223e-07,0.00023032549395818336
2021-09-21 18:47:00+00:00,434.43,434.48,434.49,100,231,434.48302114803624,7.070818724276989e-08,-5.731323262625487e-05
2021-09-21 18:48:00+00:00,434.439,434.42,434.43,20,531,434.4203629764066,8.687301151304566e-08,6.940953566569874e-06
2021-09-21 18:49:00+00:00,434.42,434.42,434.44,434,500,434.42929336188433,8.563125279166264e-08,0.0002117746492782402
2021-09-21 18:50:00+00:00,434.52,434.51,434.53,1466,385,434.52584008643976,6.428644462856942e-07,0.002180680439699101
2021-09-21 18:51:00+00:00,435.49,435.48,435.5,328,230,435.49175627240146,3.1375052788630893e-07,0.0006064781005905573
2021-09-21 18:52:00+00:00,435.71,435.7,435.71,234,100,435.707005988024,1.2924154594663222e-07,-0.0005388857861277074
2021-09-21 18:53:00+00:00,435.5,435.49,435.51,230,830,435.4943396226415,1.3810467723379994e-07,1.3220702228089465e-05
2021-09-21 18:54:00+00:00,435.51,435.5,435.51,228,219,435.50510067114095,1.1551258242747932e-07,-0.0005717729515078984
2021-09-21 18:55:00+00:00,435.24,435.22,435.23,100,286,435.22259067357516,1.3605294575904e-07,-0.00039697108120828606
2021-09-21 18:56:00+00:00,435.08,435.07,435.09,486,986,435.07660326086955,1.6334805766813055e-07,-0.00040720923606440973
2021-09-21 18:57:00+00:00,434.91,434.91,434.92,254,831,434.9123410138249,1.0631520818908582e-07,0.00026249216875018355
2021-09-21 18:58:00+00:00,435.01,435.01,435.02,561,100,435.01848714069587,9.143439727050916e-08,-0.00034477412457123435
2021-09-21 18:59:00+00:00,434.86,434.85,434.86,9618,686,434.8593342391304,8.601212260055096e-08,0.0002398831691334813
2021-09-21 19:00:00+00:00,434.979,434.98,435.0,434,334,434.9913020833333,4.06625979709839e-07,0.0012558113640355195
2021-09-21 19:01:00+00:00,435.51,435.51,435.52,277,100,435.517347480106,2.397604776890499e-07,5.924985090222101e-05
2021-09-21 19:02:00+00:00,435.54,435.54,435.55,200,282,435.5441493775934,1.2572113805988196e-07,-0.00018758393654383365
2021-09-21 19:03:00+00:00,435.55,435.53,435.55,486,1700,435.53444647758465,2.8467357547576704e-07,-0.0002664275927874993
2021-09-21 19:04:00+00:00,435.36,435.36,435.38,586,386,435.37205761316875,7.739538116168498e-08,-0.0001883553867106924
2021-09-21 19:05:00+00:00,435.29,435.29,435.3,586,100,435.2985422740525,1.5648618064192022e-07,0.0004690545706249605
2021-09-21 19:06:00+00:00,435.47,435.47,435.48,100,383,435.47207039337474,1.1748271582392577e-07,-7.030457047751959e-05
2021-09-21 19:07:00+00:00,435.46,435.46,435.47,300,300,435.465,6.170121292284378e-08,0.00011623189402509837
2021-09-21 19:08:00+00:00,435.49,435.48,435.49,400,100,435.488,1.4836663471101377e-07,-0.0004219313523547985
2021-09-21 19:09:00+00:00,435.281,435.28,435.29,100,463,435.28177619893427,2.023357476115537e-07,-6.390209487250331e-05
2021-09-21 19:10:00+00:00,435.25,435.23,435.24,200,566,435.2326109660575,1.887637846610727e-07,-5.649830951703905e-05
2021-09-21 19:11:00+00:00,435.27,435.24,435.26,986,7800,435.2422444798543,1.5429482934567103e-07,-0.0002863365313012789
2021-09-21 19:12:00+00:00,435.12,435.1,435.11,300,277,435.1051993067591,1.3040604351197732e-07,-9.679235131931918e-05
2021-09-21 19:13:00+00:00,435.09,435.09,435.1,200,277,435.0941928721174,1.8345210273329592e-07,0.0006892048088062985
2021-09-21 19:14:00+00:00,435.39,435.38,435.4,518,231,435.3938317757009,2.423212953456213e-07,0.0005493744975946235
2021-09-21 19:15:00+00:00,435.66,435.66,435.67,241,200,435.6654648526077,4.220814441161211e-07,0.000850314575228106
2021-09-21 19:16:00+00:00,436.0,436.0,436.02,434,300,436.011825613079,1.689885683021304e-07,-0.0005276005053228561
2021-09-21 19:17:00+00:00,435.77,435.76,435.77,332,100,435.76768518518514,2.086181269857403e-07,-0.0002233826940521988
2021-09-21 19:18:00+00:00,435.67,435.66,435.68,486,474,435.67012500000004,1.4423600306745437e-07,-0.00040681870141556775
2021-09-21 19:19:00+00:00,435.48,435.45,435.47,736,100,435.46760765550243,1.402398317784024e-07,-0.0008869536635510711
2021-09-21 19:20:00+00:00,435.101,435.09,435.11,373,270,435.1016018662519,2.6169468198872557e-07,0.0008461723645980523
2021-09-21 19:21:00+00:00,435.54,435.54,435.55,200,278,435.5441841004184,2.420919126963409e-07,0.00043948159110263063
2021-09-21 19:22:00+00:00,435.65,435.65,435.66,100,970,435.65093457943925,1.5908000594849615e-07,-0.00022103926552263786
2021-09-21 19:23:00+00:00,435.56,435.56,435.57,330,262,435.56557432432436,1.0850480977959463e-07,-0.00013187710891782167
2021-09-21 19:24:00+00:00,435.51,435.49,435.5,2,400,435.49004975124376,1.1130792790990735e-07,2.9250196074359636e-05
2021-09-21 19:25:00+00:00,435.529,435.51,435.53,486,486,435.5199999999999,2.0855144426992388e-07,0.00035050657184343414
2021-09-21 19:26:00+00:00,435.66,435.68,435.69,200,678,435.682277904328,1.409214920161613e-07,0.00013005693712542232
2021-09-21 19:27:00+00:00,435.74,435.75,435.76,100,210,435.7532258064516,1.7237519161782558e-07,0.00017150661746989648
2021-09-21 19:28:00+00:00,435.8,435.8,435.81,281,300,435.8048364888124,9.109741513369369e-08,-0.00010322957721076165
2021-09-21 19:29:00+00:00,435.77,435.75,435.77,386,886,435.7560691823899,2.461288253806297e-07,-0.0001041305623954436
2021-09-21 19:30:00+00:00,435.71,435.69,435.71,300,300,435.7,3.037996416176914e-07,0.00031947569102541706
2021-09-21 19:31:00+00:00,435.85,435.84,435.86,400,400,435.85,7.826095048058292e-08,-0.0001884392439487348
2021-09-21 19:32:00+00:00,435.8,435.79,435.8,300,300,435.795,1.72541846473008e-07,0.0001612075073360586
2021-09-21 19:33:00+00:00,435.87,435.86,435.87,100,200,435.86333333333334,1.1479869801549296e-07,0.00017441249377103674
2021-09-21 19:34:00+00:00,435.91,435.89,435.9,100,500,435.89166666666665,1.4619645892042207e-07,-0.00015734094533070841
2021-09-21 19:35:00+00:00,435.855,435.85,435.86,500,100,435.85833333333335,1.6878832591103743e-07,-0.0004774453505345111
2021-09-21 19:36:00+00:00,435.64,435.63,435.64,400,200,435.63666666666666,1.752420226419187e-07,0.0006867238490202432
2021-09-21 19:37:00+00:00,435.94,435.95,435.96,100,825,435.9510810810811,1.215131120875008e-07,-0.0004920373673132916
2021-09-21 19:38:00+00:00,435.73,435.73,435.74,207,700,435.73228224917307,2.127582800059991e-07,-0.0006478134584728679
2021-09-21 19:39:00+00:00,435.44,435.44,435.45,200,100,435.44666666666666,1.6878338684383392e-07,1.4400101340017457e-05
2021-09-21 19:40:00+00:00,435.43,435.42,435.43,400,100,435.428,3.171385957423437e-07,4.707751945121075e-05
2021-09-21 19:41:00+00:00,435.44,435.43,435.45,600,300,435.4433333333333,1.9617180270974168e-07,0.0004662702012365738
2021-09-21 19:42:00+00:00,435.68,435.67,435.69,515,900,435.6772791519434,1.3827952178690811e-07,0.000398581354057681
2021-09-21 19:43:00+00:00,435.81,435.82,435.83,100,300,435.8225,1.8101189127997076e-07,-0.0007240202261782347
2021-09-21 19:44:00+00:00,435.53,435.52,435.53,2,500,435.5200398406374,1.7056816763115627e-07,-0.00010937470647298664
2021-09-21 19:45:00+00:00,435.5,435.5,435.52,400,500,435.50888888888886,3.0950264262019235e-07,-0.0006682189553739448
2021-09-21 19:46:00+00:00,435.21,435.21,435.22,210,300,435.21411764705886,2.0416205450823436e-07,-0.0007605785912062624
2021-09-21 19:47:00+00:00,434.81,434.82,434.83,100,500,434.82166666666666,1.914040815535487e-07,-1.494720188366383e-05
2021-09-21 19:48:00+00:00,434.84,434.83,434.85,400,500,434.8388888888889,9.30064208573553e-08,9.198415572919671e-05
2021-09-21 19:49:00+00:00,434.9,434.9,434.91,300,600,434.9033333333333,1.717033191990949e-07,-0.0005471434221013816
2021-09-21 19:50:00+00:00,434.7,434.68,434.7,100,280,434.6852631578948,4.724636696149759e-07,0.0002796727183143055
2021-09-21 19:51:00+00:00,434.78,434.77,434.78,100,400,434.772,2.611750590552454e-07,-0.0001996915946099742
2021-09-21 19:52:00+00:00,434.68,434.68,434.69,300,400,434.6842857142857,1.7612858284096935e-07,6.622572709114039e-05
2021-09-21 19:53:00+00:00,434.75,434.75,434.76,100,200,434.75333333333333,2.0143021872141721e-07,0.0002940542488265585
2021-09-21 19:54:00+00:00,434.89,434.89,434.9,200,412,434.8932679738562,2.6113677380814007e-07,-0.0007677158909424886
2021-09-21 19:55:00+00:00,434.53,434.54,434.55,900,300,434.5475,1.7922820508085048e-07,-0.00018886976833787372
2021-09-21 19:56:00+00:00,434.43,434.43,434.44,540,100,434.43843749999996,1.3586395368856298e-07,-0.00037495767339679187
2021-09-21 19:57:00+00:00,434.27,434.27,434.28,300,100,434.2775,8.371423435669336e-08,0.0003899014148469604
2021-09-21 19:58:00+00:00,434.45,434.44,434.45,328,808,434.44288732394364,1.3990362244728852e-07,-0.000262764636722701
2021-09-21 19:59:00+00:00,434.34,434.34,434.35,600,200,434.3475,2.1767221810635196e-07,-0.0017811189057707066
2021-09-21 20:00:00+00:00,433.68,433.67,433.68,22200,2100,433.67913580246915,3.545622644661678e-07,4.58021759006666e-05
2021-09-21 20:01:00+00:00,433.59,433.59,433.6,1500,200,433.5988235294118,2.585705676292935e-07,0.00037367050168235494
2021-09-21 20:02:00+00:00,433.68,433.67,433.69,100,500,433.67333333333335,1.639104448676952e-07,0.00012168192600725547
2021-09-21 20:03:00+00:00,433.8,433.78,433.79,200,100,433.7866666666667,5.249647942529614e-08,-0.0003859583800646105
2021-09-21 20:04:00+00:00,433.63,433.62,433.63,75,200,433.6227272727273,1.4511473108164579e-07,-0.0005813342398107713
2021-09-21 20:05:00+00:00,433.37,433.39,433.4,600,601,433.39499583680265,2.0467546242655002e-07,0.0001796074194733155
2021-09-21 20:06:00+00:00,433.42,433.43,433.44,100,100,433.435,8.718591197003503e-08,-0.0005305879626722465
2021-09-21 20:07:00+00:00,433.22,433.21,433.22,705,10,433.21986013986015,9.564613207694357e-08,-3.3639402535978746e-05
2021-09-21 20:08:00+00:00,433.2,433.19,433.2,10,404,433.19024154589374,7.48381735449994e-08,-0.0001999446321631071
2021-09-21 20:09:00+00:00,433.11,433.12,433.13,600,5000,433.12107142857144,6.808414907479384e-08,-0.00011581705730656644
2021-09-21 20:10:00+00:00,433.05,433.04,433.06,2105,100,433.0590929705216,1.7471826275619225e-07,-9.407065309330331e-05
2021-09-21 20:11:00+00:00,433.02,433.02,433.03,425,500,433.0245945945946,5.63424127887535e-08,-0.00028080297542543153
2021-09-21 20:12:00+00:00,432.95,432.9,432.93,100,1000,432.90272727272725,1.555056421885887e-07,-0.0006207263190929346
2021-09-21 20:13:00+00:00,432.65,432.63,432.65,600,900,432.638,9.903056732369028e-08,0.00046391599758521807
2021-09-21 20:14:00+00:00,432.86,432.84,432.86,1100,1,432.85998183469576,1.0824141568477215e-07,0.0001906230343051707
2021-09-21 20:15:00+00:00,432.88,432.85,432.88,1450,1100,432.8670588235294,3.5223052798840095e-08,-0.00026223831223048943
2021-09-21 20:16:00+00:00,432.81,432.8,432.81,346,625,432.8035633367662,2.4947226294174355e-08,-2.3609254775402988e-05
2021-09-21 20:17:00+00:00,432.79,432.79,432.8,1100,1830,432.7937542662117,5.761461525894884e-08,2.763445494458061e-05
2021-09-21 20:18:00+00:00,432.79,432.78,432.82,100,600,432.7857142857143,6.765830053086852e-08,-0.00011778366580283972
2021-09-21 20:19:00+00:00,432.75,432.74,432.79,700,100,432.78375,1.723137944766921e-08,3.5269765054746216e-05
2021-09-21 20:20:00+00:00,432.76,432.76,432.78,155,100,432.7721568627451,4.7197237926470055e-08,-0.0004936487363642605
2021-09-21 20:21:00+00:00,432.59,432.53,432.56,100,600,432.5342857142857,2.131098664696959e-08,-5.632476692485344e-05
2021-09-21 20:22:00+00:00,432.54,432.53,432.54,50,1,432.5398039215686,3.72715067692103e-08,0.0002489106834844268
2021-09-21 20:23:00+00:00,432.64,432.63,432.64,200,7,432.6396618357488,2.600663198786502e-08,9.172519799816037e-05
2021-09-21 20:24:00+00:00,432.67,432.67,432.68,101,7,432.6793518518519,1.0678824428634617e-08,-0.00010249112841553831
2021-09-21 20:25:00+00:00,432.6,432.62,432.65,100,100,432.635,1.4760461209856437e-08,-0.00039166390562983544
2021-09-21 20:26:00+00:00,432.47,432.46,432.47,1,4,432.462,5.843477180186667e-08,3.0516913396283485e-05
2021-09-21 20:27:00+00:00,432.48,432.47,432.48,700,100,432.47875,5.692491678183636e-08,0.00038055819698268323
2021-09-21 20:28:00+00:00,432.66,432.67,432.68,100,829,432.6710764262648,2.1895757346041816e-08,0.00030962763785402636
2021-09-21 20:29:00+00:00,432.76,432.77,432.78,100,760,432.7711627906977,1.4153245731327343e-08,0.00013929587358174622
2021-09-21 20:30:00+00:00,432.84,432.83,432.84,100,32,432.83757575757573,8.455212685284144e-08,0.00034445001414207255
2021-09-21 20:31:00+00:00,433.0,432.98,433.0,200,400,432.9866666666667,5.664447016963972e-08,0.0005264402943836455
2021-09-21 20:32:00+00:00,433.21,433.21,433.22,183,117,433.21610000000004,9.330621039325083e-08,-0.00015902974622150623
2021-09-21 20:33:00+00:00,433.14,433.12,433.15,600,100,433.1457142857143,6.601931585642257e-08,-0.00022482261550604843
2021-09-21 20:34:00+00:00,433.04,433.04,433.05,100,100,433.045,1.669504163870173e-08,9.442426168959628e-06
2021-09-21 20:35:00+00:00,433.06,433.04,433.06,600,129,433.05646090534987,2.8265634269639415e-08,-0.0003279920340584219
2021-09-21 20:36:00+00:00,432.94,432.92,432.94,100,100,432.93,3.454672277670354e-08,-1.2438175603923796e-05
2021-09-21 20:37:00+00:00,432.91,432.9,432.91,100,100,432.905,1.07721376769693e-08,-5.561052441982461e-06
2021-09-21 20:38:00+00:00,432.9,432.9,432.91,35,100,432.90259259259255,2.2591684451785288e-08,0.00017886155212409882
2021-09-21 20:39:00+00:00,432.98,432.95,432.97,579,39,432.96873786407764,4.3722295337009e-08,-0.00025973772654752647
2021-09-21 20:40:00+00:00,432.86,432.86,432.87,310,100,432.86756097560976,3.8796140695219864e-08,8.264042157146712e-05
2021-09-21 20:41:00+00:00,432.89,432.89,432.92,100,100,432.905,1.367356975517134e-08,-0.00012109918863545399
2021-09-21 20:42:00+00:00,432.85,432.84,432.86,1,1000,432.84001998002,1.3853795241755937e-08,8.154726004083734e-05
2021-09-21 20:43:00+00:00,432.91,432.91,432.93,100,50,432.92333333333335,2.8052295127043848e-08,8.481972996343679e-05
2021-09-21 20:44:00+00:00,432.92,432.92,432.95,49,500,432.9226775956284,1.2392998613655584e-08,1.0788869617250896e-05
2021-09-21 20:45:00+00:00,432.92,432.92,432.95,100,295,432.92759493670894,4.155948527541573e-08,0.00019244362146131344
2021-09-21 20:46:00+00:00,433.0,433.01,433.02,10,100,433.0109090909091,7.544875812666806e-08,-0.0003502875296993446
2021-09-21 20:47:00+00:00,432.88,432.84,432.85,600,24,432.84961538461533,1.512552598803645e-08,-9.351947781910397e-05
2021-09-21 20:48:00+00:00,432.82,432.81,432.82,350,50,432.81875,2.8425426186198328e-08,0.00030104430329691567
2021-09-21 20:49:00+00:00,432.92,432.93,432.95,100,5,432.94904761904763,3.212117266960803e-08,0.00027474914567093833
2021-09-21 20:50:00+00:00,433.06,433.06,433.07,500,125,433.068,2.0436109836896223e-08,-1.937838136900627e-05
2021-09-21 20:51:00+00:00,433.03,433.04,433.06,100,2,433.05960784313726,8.084070713619288e-09,-0.00011827989511814518
2021-09-21 20:52:00+00:00,433.0,433.0,433.02,361,500,433.0083855981417,4.299724483912664e-09,1.6803386045927127e-05
2021-09-21 20:53:00+00:00,433.03,433.0,433.02,361,100,433.01566160520605,4.477100447481441e-09,6.7199032816045445e-06
2021-09-21 20:54:00+00:00,433.02,433.01,433.04,200,500,433.0185714285714,1.4626164042802064e-08,0.00019859145656542232
2021-09-21 20:55:00+00:00,433.11,433.1,433.11,84,100,433.10456521739127,1.316057187404193e-09,-4.86422209978743e-05
2021-09-21 20:56:00+00:00,433.09,433.08,433.1,269,1000,433.0842395587077,1.2791311266468858e-08,-3.795855986066243e-05
2021-09-21 20:57:00+00:00,433.08,433.07,433.09,100,650,433.0726666666667,1.9667188059083817e-08,-0.00018563443056862639
2021-09-21 20:58:00+00:00,433.01,432.98,433.01,100,99,432.9950753768844,1.578469565038041e-08,0.0001066787495931365
2021-09-21 20:59:00+00:00,433.06,433.03,433.05,1300,500,433.0444444444444,2.0996327635062e-08,0.00012608854815709947
2021-09-21 21:00:00+00:00,433.06,433.06,433.09,1080,100,433.0874576271186,2.6118409849267834e-09,6.187028964421692e-05
2021-09-21 21:01:00+00:00,433.1,433.1,433.12,224,50,433.1163503649635,2.192094507220944e-08,3.712206559169928e-05
2021-09-21 21:02:00+00:00,433.15,433.13,433.15,7,416,433.1303309692671,1.0657205793816428e-08,3.083823283844822e-06
2021-09-21 21:03:00+00:00,433.17,433.12,433.19,5,25,433.1316666666667,4.087791185416342e-08,-5.7334059179847685e-05
2021-09-21 21:04:00+00:00,433.16,433.1,433.17,119,1100,433.1068334700574,9.1343995201209e-09,6.706531710487518e-05
2021-09-21 21:05:00+00:00,433.13,433.13,433.14,284,199,433.1358799171843,1.655591210097385e-09,4.18346381720891e-05
2021-09-21 21:06:00+00:00,433.15,433.15,433.17,100,400,433.154,3.794039715056706e-09,9.383003999241524e-05
2021-09-21 21:07:00+00:00,433.2,433.19,433.22,195,400,433.1998319327731,1.1664995904156979e-08,-5.6858323681407974e-05
2021-09-21 21:08:00+00:00,433.19,433.17,433.19,1,1647,433.17001213592226,1.900597705948284e-09,1.8977425328969844e-06
2021-09-21 21:09:00+00:00,433.19,433.17,433.19,41,942,433.1708341810783,3.3704161612390846e-09,6.676778327707744e-05
2021-09-21 21:10:00+00:00,433.19,433.19,433.2,3949,99,433.1997554347826,5.101134489866051e-09,7.321155302819626e-05
2021-09-21 21:11:00+00:00,433.23,433.23,433.25,160,2015,433.2314712643678,6.617254347204115e-10,1.122149095134084e-05
2021-09-21 21:12:00+00:00,433.23,433.23,433.24,373,216,433.2363327674024,1.7095263282639673e-09,2.7387159291292207e-05
2021-09-21 21:13:00+00:00,433.25,433.24,433.28,116,450,433.24819787985865,1.0247730662846778e-08,-1.2037958250665781e-05
2021-09-21 21:14:00+00:00,433.25,433.24,433.25,221,520,433.2429824561404,1.6611984884561892e-08,8.192837711606948e-05
2021-09-21 21:15:00+00:00,433.26,433.26,433.28,2427,200,433.27847735059,4.6984303081245746e-08,-0.0001800447481483669
2021-09-21 21:16:00+00:00,433.21,433.2,433.28,2,340,433.2004678362573,3.947327619858931e-08,0.0001247189044912833
2021-09-21 21:17:00+00:00,433.28,433.21,433.28,246,140,433.2546113989637,5.8248880076630405e-08,1.0189777827074309e-05
2021-09-21 21:18:00+00:00,433.18,433.15,433.26,100,1,433.2589108910891,2.4814389861124976e-08,-6.685698610375823e-05
2021-09-21 21:19:00+00:00,433.28,433.18,433.28,450,451,433.22994450610435,4.764888974496207e-09,3.518725640794251e-05
2021-09-21 21:20:00+00:00,433.25,433.19,433.25,195,17,433.24518867924525,6.578665709972275e-12,2.8372645204388647e-06
2021-09-21 21:21:00+00:00,433.25,433.19,433.25,189,12,433.24641791044775,4.768932906711348e-09,-2.8295749107898338e-05
2021-09-21 21:22:00+00:00,433.21,433.2,433.24,50,25,433.2266666666667,2.1716993766326847e-08,-0.00011604667436460048
2021-09-21 21:23:00+00:00,433.22,433.18,433.22,10,93,433.18388349514566,7.737917010613274e-09,3.2033977491296994e-05
2021-09-21 21:24:00+00:00,433.19,433.17,433.21,1134,500,433.1977600979192,1.1578819490116579e-09,3.7647423726694385e-05
2021-09-21 21:25:00+00:00,433.21,433.17,433.22,691,93,433.21406887755103,3.091003040661305e-11,8.650507925089812e-06
2021-09-21 21:26:00+00:00,433.17,433.17,433.22,1073,49,433.2178163992871,1.8221217352205833e-09,-4.828108024168554e-05
2021-09-21 21:27:00+00:00,433.17,433.17,433.2,1024,118,433.19690017513136,7.639388028935203e-11,-1.2232883141338746e-05
2021-09-21 21:28:00+00:00,433.18,433.18,433.2,250,181,433.1916009280743,1.3874971102658767e-09,-1.4070702395230228e-05
2021-09-21 21:29:00+00:00,433.17,433.17,433.19,345,100,433.1855056179775,2.1629604667855342e-10,-9.579254506064672e-06
2021-09-21 21:30:00+00:00,433.18,433.18,433.19,251,1600,433.1813560237709,7.978471590926246e-10,-4.947227104812324e-05
2021-09-21 21:31:00+00:00,433.16,433.15,433.16,800,6,433.1599255583127,3.6190706889002278e-09,-8.503852356012143e-05
2021-09-21 21:32:00+00:00,433.12,433.12,433.13,89,199,433.1230902777778,5.607367793902121e-09,-5.461186113242533e-05
2021-09-21 21:33:00+00:00,433.08,433.08,433.11,1104,600,433.0994366197183,1.2323296980167785e-08,-5.1933051331998215e-05
2021-09-21 21:34:00+00:00,433.08,433.07,433.08,200,88,433.07694444444445,1.3491514828169534e-11,8.147578791639631e-07
2021-09-21 21:35:00+00:00,433.08,433.07,433.08,189,70,433.07729729729726,6.132540900766164e-12,2.216337743554675e-06
2021-09-21 21:36:00+00:00,433.08,433.07,433.08,289,61,433.0782571428571,9.275565401830159e-10,3.2756625034657816e-05
2021-09-21 21:37:00+00:00,433.085,433.07,433.1,297,100,433.09244332493705,1.8384249286232067e-10,-1.577449399314812e-05
2021-09-21 21:38:00+00:00,433.085,433.08,433.1,39,100,433.08561151079135,2.61758853749943e-10,1.0055851030088547e-05
2021-09-21 21:39:00+00:00,433.07,433.07,433.1,199,100,433.089966555184,2.3695773356836724e-14,1.5393431507249034e-07
2021-09-21 21:40:00+00:00,433.085,433.07,433.1,201,100,433.0900332225914,1.864488208428657e-09,1.4030079265259232e-05
2021-09-21 21:41:00+00:00,433.07,433.07,433.1,302,45,433.0961095100865,1.517433670177857e-08,0.00014684783903851084
2021-09-21 21:42:00+00:00,433.16,433.15,433.16,200,6,433.15970873786404,6.386454628566197e-08,-1.7507065980471026e-05
2021-09-21 21:43:00+00:00,433.16,433.06,433.15,1205,197,433.1373537803139,1.0878364331417026e-08,-5.8110900443830715e-05
2021-09-21 21:44:00+00:00,433.06,433.05,433.15,1506,451,433.12695452222795,6.029979263007683e-08,2.064644224031298e-06
2021-09-21 21:45:00+00:00,433.05,433.05,433.15,1462,416,433.1278487752929,3.202538939922455e-08,-3.543705475461678e-05
2021-09-21 21:46:00+00:00,433.15,433.1,433.15,42,122,433.1128048780488,1.1869208950009914e-08,7.272937169866545e-05
2021-09-21 21:47:00+00:00,433.15,433.1,433.15,22,3,433.14399999999995,3.673971735606782e-11,8.605158393848455e-06
2021-09-21 21:48:00+00:00,433.1,433.1,433.15,21,1,433.14772727272725,8.855452544104132e-08,2.2167989040200453e-05
2021-09-21 21:49:00+00:00,433.05,433.05,433.16,1286,32,433.1573292867982,5.3720511979009516e-08,-0.00022542799945257652
2021-09-21 21:50:00+00:00,433.06,433.05,433.16,1285,100,433.15205776173286,7.414404663863812e-08,0.00011311657498636052
2021-09-21 21:51:00+00:00,433.05,433.05,433.11,1211,29,433.1085967741935,1.43100080162332e-10,-1.5083911014790452e-05
2021-09-21 21:52:00+00:00,433.11,433.07,433.11,94,23,433.1021367521368,1.9998206731166375e-08,-1.8065605021932996e-05
2021-09-21 21:53:00+00:00,433.1,433.06,433.1,1098,182,433.09431250000006,2.7004831470209946e-09,5.439211536062416e-05
2021-09-21 21:54:00+00:00,433.12,433.06,433.12,842,31,433.11786941580755,3.713763114479663e-09,-6.69802782415907e-05
2021-09-21 21:55:00+00:00,433.14,433.08,433.14,44,254,433.0888590604027,2.2833314243562657e-08,-1.0495155480017004e-05
2021-09-21 21:56:00+00:00,433.14,433.08,433.14,11,142,433.0843137254902,1.0922971419507353e-11,4.150197926877652e-06
2021-09-21 21:57:00+00:00,433.14,433.08,433.14,11,97,433.08611111111117,1.5446781737082438e-08,0.00013686309201021984
2021-09-21 21:58:00+00:00,433.14,433.07,433.15,294,18,433.14538461538456,5.3246208292061034e-09,-8.14888277962389e-05
2021-09-21 21:59:00+00:00,433.14,433.11,433.15,2,906,433.1100881057269,1.60804911947257e-08,9.254644316447624e-06
2021-09-21 22:00:00+00:00,433.15,433.09,433.15,200,297,433.11414486921524,9.241323213875705e-08,0.0002537521068350923
2021-09-21 22:01:00+00:00,433.23,433.22,433.23,200,300,433.224,4.560973200459348e-08,-0.0001823537015492871
2021-09-21 22:02:00+00:00,433.2,433.14,433.19,500,1000,433.1566666666667,8.801707000988412e-08,6.419527989187657e-07
2021-09-21 22:03:00+00:00,433.17,433.12,433.17,500,489,433.1452780586451,1.2597456053749415e-08,-4.578679479627645e-05
2021-09-21 22:04:00+00:00,433.1,433.1,433.14,1049,600,433.12544572468164,1.6313257401769933e-08,2.8189107730280938e-06
2021-09-21 22:05:00+00:00,433.14,433.12,433.16,100,500,433.12666666666667,1.8248320388576565e-08,0.0003041660428260151
2021-09-21 22:06:00+00:00,433.23,433.23,433.27,498,204,433.2583760683761,1.5932407521833246e-08,0.00014034717870337055
2021-09-21 22:07:00+00:00,433.34,433.28,433.3,500,50,433.29818181818183,4.0090304917472116e-08,-0.0001212709192336403
2021-09-21 22:08:00+00:00,433.3,433.26,433.3,100,500,433.26666666666665,2.9156085109995716e-08,-2.6927219572203676e-05
2021-09-21 22:09:00+00:00,433.23,433.25,433.29,500,100,433.28333333333336,1.8581844743734762e-08,4.0916487350939335e-05
2021-09-21 22:10:00+00:00,433.31,433.25,433.3,500,600,433.27272727272725,2.345501369390555e-08,5.1405791019698555e-05
2021-09-21 22:11:00+00:00,433.32,433.27,433.32,500,500,433.295,3.518472300073183e-09,-7.720526636390002e-05
2021-09-21 22:12:00+00:00,433.27,433.25,433.28,500,799,433.26154734411085,2.6568535394887864e-08,-0.00011882150328368368
2021-09-21 22:13:00+00:00,433.25,433.21,433.25,1,600,433.2100665557404,1.620475750687045e-08,0.0002553698933580595
2021-09-21 22:14:00+00:00,433.25,433.3,433.35,500,708,433.3206953642384,2.81373194251833e-08,-0.00027084335495775047
2021-09-21 22:15:00+00:00,433.22,433.2,433.23,500,25,433.22857142857146,6.747668435945314e-09,3.847308038595898e-06
2021-09-21 22:16:00+00:00,433.21,433.19,433.21,300,100,433.205,2.0122628772968206e-08,-0.00010846469384884205
2021-09-21 22:17:00+00:00,433.14,433.14,433.17,861,573,433.1580125523012,3.302005706203529e-08,-0.000337857967286026
2021-09-21 22:18:00+00:00,433.03,433.01,433.02,200,1000,433.01166666666666,1.4020433744501965e-08,6.213403465982203e-05
2021-09-21 22:19:00+00:00,433.04,433.03,433.04,600,100,433.0385714285714,1.1540976092518058e-08,1.7452495424841175e-05
2021-09-21 22:20:00+00:00,433.03,433.01,433.05,700,75,433.0461290322581,6.241962730232964e-08,-0.00024438967458639826
2021-09-21 22:21:00+00:00,432.97,432.94,432.97,5,500,432.940297029703,5.7146506425327036e-08,-0.0002925591979671127
2021-09-21 22:22:00+00:00,432.84,432.82,432.86,500,100,432.85333333333335,1.0644123120243836e-07,-7.748568513354925e-05
2021-09-21 22:23:00+00:00,432.8,432.78,432.8,2,400,432.7800995024876,6.1456601891858e-08,0.00038627752287423434
2021-09-21 22:24:00+00:00,432.93,432.93,432.97,380,500,432.9472727272727,2.2572358114986592e-08,-4.3745266762096335e-05
2021-09-21 22:25:00+00:00,432.9,432.92,432.97,100,500,432.92833333333334,3.8934178630638615e-08,0.00012289592551129047
2021-09-21 22:26:00+00:00,433.01,432.98,433.0,50,500,432.9818181818182,1.9829280156631402e-08,0.0001003773477639136
2021-09-21 22:27:00+00:00,433.05,433.0,433.05,500,500,433.025,3.4091318737110616e-08,4.233781729312547e-05
2021-09-21 22:28:00+00:00,433.04,433.04,433.05,300,600,433.04333333333335,3.1052938442069996e-08,-0.00030774466972394166
2021-09-21 22:29:00+00:00,432.95,432.91,432.95,1,600,432.9100665557405,4.4900442046883155e-08,-1.170348331436255e-05
2021-09-21 22:30:00+00:00,432.88,432.88,432.93,500,500,432.905,8.556115852363488e-08,0.00031386513532472016
2021-09-21 22:31:00+00:00,433.11,433.04,433.07,3,100,433.04087378640776,2.455147166817334e-08,-6.725973310528488e-07
2021-09-21 22:32:00+00:00,433.08,433.04,433.06,3,100,433.0405825242718,7.137268709739131e-08,-5.9076505307453786e-05
2021-09-21 22:33:00+00:00,433.04,432.99,433.03,500,350,433.0135294117647,1.0453898840902012e-07,0.0001656095271433955
2021-09-21 22:34:00+00:00,433.04,433.08,433.1,50,99,433.08671140939595,3.1819264436459984e-08,-5.537952570888738e-05
2021-09-21 22:35:00+00:00,433.08,433.04,433.09,500,600,433.0627272727273,6.216547622249227e-08,-2.143950331390254e-05
2021-09-21 22:36:00+00:00,433.07,433.02,433.06,510,100,433.0534426229508,2.208899531059019e-08,-1.921118601699856e-05
2021-09-21 22:37:00+00:00,433.07,433.02,433.07,510,505,433.04512315270927,9.14296235917698e-09,5.548198924731906e-06
2021-09-21 22:38:00+00:00,433.04,433.04,433.06,73,121,433.0475257731959,4.2101668882877246e-08,-0.00022511582963591348
2021-09-21 22:39:00+00:00,433.0,432.95,432.97,1,500,432.95003992015967,2.7329687337006855e-08,9.22050029661392e-08
2021-09-21 22:40:00+00:00,433.0,432.95,432.99,1,500,432.95007984031935,2.8213661852425538e-12,7.747674279912076e-09
2021-09-21 22:41:00+00:00,433.0,432.95,433.0,1,600,432.9500831946755,1.934932473125963e-08,4.586423667696238e-05
2021-09-21 22:42:00+00:00,432.95,432.94,432.97,500,1,432.9699401197605,1.4656558742446425e-09,-3.832989837393441e-05
2021-09-21 22:43:00+00:00,432.94,432.92,432.96,501,100,432.95334442595674,4.030725881628342e-08,-0.0001222400948529545
2021-09-21 22:44:00+00:00,432.89,432.86,432.91,500,19,432.90816955684005,5.74568240242283e-09,7.736854447504271e-05
2021-09-21 22:45:00+00:00,432.92,432.93,432.96,15,100,432.9339130434783,4.1854803322910135e-09,8.17143131648379e-05
2021-09-21 22:46:00+00:00,432.94,432.94,432.99,990,700,432.96928994082845,7.462994686336899e-11,8.638862590837348e-06
2021-09-21 22:47:00+00:00,432.94,432.97,432.99,125,700,432.9730303030303,7.87904954551088e-10,2.5543234130287473e-05
2021-09-21 22:48:00+00:00,432.97,432.97,432.99,596,250,432.98408983451543,5.17295834847334e-09,-5.563676606379353e-05
2021-09-21 22:49:00+00:00,432.99,432.95,433.01,100,500,432.96,2.6142761406104032e-08,0.00024251662971175314
2021-09-21 22:50:00+00:00,433.05,433.04,433.09,500,500,433.065,6.912610024325218e-09,3.043842883121428e-05
2021-09-21 22:51:00+00:00,433.02,433.06,433.08,1000,100,433.0781818181818,1.955420352741314e-08,3.3586209502445286e-05
2021-09-21 22:52:00+00:00,433.1,433.09,433.14,500,500,433.115,2.8860139889311376e-08,-4.2581085481718794e-05
2021-09-21 22:53:00+00:00,433.06,433.04,433.08,600,100,433.07428571428574,1.286431121150547e-08,-1.6193496691796483e-05
2021-09-21 22:54:00+00:00,433.06,433.04,433.09,600,500,433.0672727272727,2.1603593772676296e-09,-5.1430178809042104e-05
2021-09-21 22:55:00+00:00,433.06,433.02,433.07,500,500,433.045,9.201708300040466e-09,-6.479906742229424e-05
2021-09-21 22:56:00+00:00,433.0,433.0,433.02,2767,500,433.01693908784813,1.0847331070754845e-08,9.187410085931269e-05
2021-09-21 22:57:00+00:00,433.0,433.05,433.09,101,500,433.0567221297837,3.32842943021188e-08,-0.00023099321973574227
2021-09-21 22:58:00+00:00,432.94,432.95,432.99,100,498,432.9566889632107,2.793941260558894e-08,-9.127936915276358e-05
2021-09-21 22:59:00+00:00,432.89,432.89,432.94,595,500,432.9171689497717,1.0117608379813015e-07,-0.00017825338264798596
2021-09-21 23:00:00+00:00,432.82,432.83,432.87,100,500,432.83666666666664,5.9344172682162465e-08,-0.00013815958558549557
2021-09-21 23:01:00+00:00,432.82,432.78,432.82,2,400,432.78019900497515,4.1255468898315854e-08,-0.00022971173699304348
2021-09-21 23:02:00+00:00,432.68,432.68,432.72,10,500,432.6807843137255,4.2222647882061884e-09,5.891224432064135e-06
2021-09-21 23:03:00+00:00,432.7,432.68,432.7,100,500,432.68333333333334,2.9632260756461733e-08,-7.495650960842593e-05
2021-09-21 23:04:00+00:00,432.65,432.65,432.66,100,1010,432.6509009009009,1.2936786710937925e-08,1.3197978904422314e-05
2021-09-21 23:05:00+00:00,432.65,432.65,432.69,99,500,432.65661101836395,1.0534284244920754e-08,7.838503669521657e-05
2021-09-21 23:06:00+00:00,432.68,432.69,432.7,37,668,432.69052482269507,1.3333578421471083e-08,0.00014515804491899154
2021-09-21 23:07:00+00:00,432.72,432.72,432.76,500,100,432.75333333333333,2.170922888256354e-08,0.00015195163316494842
2021-09-21 23:08:00+00:00,432.8,432.81,432.82,1000,100,432.8190909090909,3.652520732547747e-08,0.0003375754304233425
2021-09-21 23:09:00+00:00,432.94,432.94,432.97,525,100,432.9652,5.0881920434740547e-08,-2.7407899449327644e-05
2021-09-21 23:10:00+00:00,432.91,432.9,432.95,100,100,432.925,2.187435680935221e-08,-6.92915325746224e-05
2021-09-21 23:11:00+00:00,432.91,432.87,432.9,500,500,432.885,8.18242195512256e-08,0.00011655590315817754
2021-09-21 23:12:00+00:00,432.93,432.96,432.98,500,225,432.97379310344826,1.3183523246707211e-08,-0.0001240123407063587
2021-09-21 23:13:00+00:00,432.96,432.92,432.93,1,100,432.920099009901,7.813637028442375e-09,-0.00010802380548879942
2021-09-21 23:14:00+00:00,432.87,432.84,432.88,500,100,432.87333333333333,6.005603566078665e-08,-6.930433845164785e-05
2021-09-21 23:15:00+00:00,432.78,432.81,432.85,500,100,432.8433333333333,6.866865367764984e-08,0.00029923946968613
2021-09-21 23:16:00+00:00,432.99,432.96,432.99,500,400,432.9766666666667,4.953154350002697e-08,2.8045308019919446e-05
2021-09-21 23:17:00+00:00,432.98,432.94,432.98,100,500,432.94666666666666,8.564187265346926e-09,-0.00011547744148188155
2021-09-21 23:18:00+00:00,432.98,432.88,432.93,1000,500,432.91333333333336,4.743275591567616e-08,0.00018478524489817794
2021-09-21 23:19:00+00:00,432.98,432.99,433.04,100,100,433.015,3.471302452313864e-08,4.23387950378995e-05
2021-09-21 23:20:00+00:00,433.03,433.0,433.04,500,100,433.03333333333336,3.7114437277511076e-08,-4.23370025403047e-05
2021-09-21 23:21:00+00:00,432.99,432.99,433.04,500,500,433.015,2.5236980383659963e-08,-3.5191779934828915e-05
2021-09-21 23:22:00+00:00,432.99,432.96,433.0,500,3,432.9997614314115,2.5368739648575798e-08,0.00015381580057205468
2021-09-21 23:23:00+00:00,433.05,433.03,433.07,1000,100,433.06636363636363,8.048964435208559e-09,-0.0001686353620656833
2021-09-21 23:24:00+00:00,433.02,432.96,433.0,500,100,432.99333333333334,3.04944256962675e-08,-0.0002309504380360039
2021-09-21 23:25:00+00:00,432.91,432.86,432.9,500,100,432.8933333333333,9.124647786523576e-08,0.00012320202051308016
2021-09-21 23:26:00+00:00,432.92,432.95,433.0,1000,1000,432.975,5.215843448924519e-08,0.00017115864333372421
2021-09-21 23:27:00+00:00,433.02,433.0,433.02,1,100,433.0001980198019,5.512868558946716e-08,-0.0004174147836151221
2021-09-21 23:28:00+00:00,432.86,432.84,432.85,1,500,432.84001996007987,4.0166515757574336e-08,1.097609747757744e-06
2021-09-21 23:29:00+00:00,432.85,432.84,432.89,1,100,432.84049504950497,1.0026606949584495e-07,0.00016314569088105024
2021-09-21 23:30:00+00:00,432.88,432.87,432.93,100,500,432.88,6.781182364841807e-08,0.0002038091571048284
2021-09-21 23:31:00+00:00,432.99,432.98,433.0,500,17,432.9993423597679,6.938244441906234e-08,-0.0004195838347669234
2021-09-21 23:32:00+00:00,432.82,432.81,432.82,400,122,432.81766283524905,4.899632873895742e-08,6.160518528908199e-05
2021-09-21 23:33:00+00:00,432.85,432.83,432.87,500,896,432.8443266475644,9.990154155838455e-09,8.28691255925218e-05
2021-09-21 23:34:00+00:00,432.87,432.87,432.89,104,100,432.88019607843137,4.747032084838364e-08,2.8206272120634424e-05
2021-09-21 23:35:00+00:00,432.89,432.89,432.93,32,500,432.89240601503764,6.577703129415204e-08,0.00016384514329681465
2021-09-21 23:36:00+00:00,432.91,432.93,432.97,500,100,432.9633333333333,3.6563636689025574e-08,-0.0003459431555120629
2021-09-21 23:37:00+00:00,432.84,432.81,432.83,108,500,432.81355263157894,6.115037496995481e-08,-6.0756220880753276e-05
2021-09-21 23:38:00+00:00,432.77,432.77,432.79,629,100,432.7872565157751,1.1431283749107858e-08,5.60207104549626e-06
2021-09-21 23:39:00+00:00,432.77,432.77,432.79,617,10,432.78968102073367,8.179340195858218e-08,0.0002465067815988764
2021-09-21 23:40:00+00:00,432.9,432.93,432.98,500,800,432.9492307692308,4.6184217659133284e-08,7.755553115851299e-05
2021-09-21 23:41:00+00:00,432.9,432.9,432.93,500,1,432.9299401197605,2.183297336573879e-08,-1.6709064909470328e-08
2021-09-21 23:42:00+00:00,432.91,432.91,432.94,99,50,432.929932885906,1.630834081897664e-08,-0.00016783352943261498
2021-09-21 23:43:00+00:00,432.9,432.85,432.87,100,175,432.85727272727274,2.6774772242231534e-08,-9.061817168865005e-06
2021-09-21 23:44:00+00:00,432.85,432.85,432.88,88,700,432.8533502538071,3.3668187440190335e-08,-4.4134297339737394e-05
2021-09-21 23:45:00+00:00,432.8,432.8,432.84,500,84,432.8342465753425,4.63243862499834e-08,-0.00017052692734875752
2021-09-21 23:46:00+00:00,432.77,432.76,432.77,10,219,432.7604366812227,3.855536640982894e-08,0.0001222307947470469
2021-09-21 23:47:00+00:00,432.76,432.8,432.83,500,200,432.82142857142856,6.482773864527897e-09,0.0001238774665190956
2021-09-21 23:48:00+00:00,432.84,432.86,432.87,6,90,432.860625,1.9924135683571113e-08,-0.00010216044422350912
2021-09-21 23:49:00+00:00,432.86,432.8,432.85,500,600,432.82272727272726,3.950123873978237e-08,-9.03162117599221e-05
2021-09-21 23:50:00+00:00,432.74,432.71,432.72,11,500,432.71021526418787,6.79967242881859e-08,-0.0003513030007277207
2021-09-21 23:51:00+00:00,432.64,432.63,432.64,210,1104,432.631598173516,1.3651862740641906e-07,-0.00013521560322149462
2021-09-21 23:52:00+00:00,432.57,432.57,432.61,42,500,432.5730996309963,3.308666449326261e-08,1.7079596230207272e-05
2021-09-21 23:53:00+00:00,432.58,432.58,432.59,10,500,432.58019607843136,6.735492360986006e-10,2.040377407941385e-05
2021-09-21 23:54:00+00:00,432.6,432.58,432.6,258,296,432.58931407942237,2.4455779649931844e-08,1.1979132262363024e-05
2021-09-21 23:55:00+00:00,432.55,432.59,432.61,145,500,432.594496124031,1.341493636749641e-08,-4.389532882265179e-05
2021-09-21 23:56:00+00:00,432.57,432.57,432.59,190,500,432.5755072463768,1.175020110187773e-08,6.037056366903215e-05
2021-09-21 23:57:00+00:00,432.6,432.6,432.61,97,2,432.6097979797979,7.872740558197235e-09,-0.00016454619721706365
2021-09-21 23:58:00+00:00,432.54,432.53,432.54,22,479,432.5304391217565,2.739304688207644e-08,4.377929627774613e-05
2021-09-21 23:59:00+00:00,432.55,432.54,432.55,600,40,432.54937499999994,6.273581055649603e-08,-1.799814811631606e-06
