ts_recv,price,bid_px_00,ask_px_00,bid_sz_00,ask_sz_00,weighted_mid,rv_60s,ret_60s
2023-05-16 08:01:00+00:00,412.84,412.88,412.92,400,400,412.9,6.365286569498841e-08,-2.421923249251723e-05
2023-05-16 08:02:00+00:00,412.86,412.86,412.9,21,400,412.86199524940616,6.619211860640364e-08,-0.00034976268139041977
2023-05-16 08:03:00+00:00,412.74,412.68,412.75,400,1700,412.6933333333333,7.397965247945707e-08,-9.501291463043238e-06
2023-05-16 08:04:00+00:00,412.76,412.76,412.8,400,10,412.7990243902439,5.588741598332507e-08,4.845704686595731e-05
2023-05-16 08:05:00+00:00,412.76,412.74,412.77,500,400,412.75666666666666,2.0120725413966925e-08,-2.8265241021729892e-05
2023-05-16 08:06:00+00:00,412.73,412.72,412.78,400,400,412.75,3.9780076090566524e-08,-6.057008564608335e-05
2023-05-16 08:07:00+00:00,412.75,412.7,412.74,400,400,412.72,4.079561422873397e-08,-0.0001669143460188982
2023-05-16 08:08:00+00:00,412.69,412.64,412.66,500,400,412.6511111111111,2.1716061647803843e-08,-0.00011174357676368984
2023-05-16 08:09:00+00:00,412.63,412.57,412.64,2,1300,412.5701075268817,4.0967727272101065e-08,0.00027063818098826964
2023-05-16 08:10:00+00:00,412.63,412.7,412.76,400,400,412.73,3.0604470128427246e-08,0.0002907204346145331
2023-05-16 08:11:00+00:00,412.81,412.82,412.85,499,400,412.83665183537266,1.1915046533828517e-08,5.3175549439510306e-05
2023-05-16 08:12:00+00:00,412.81,412.84,412.87,400,245,412.85860465116275,2.9836426389511515e-08,-0.00021461258204280576
2023-05-16 08:13:00+00:00,412.84,412.73,412.77,400,400,412.75,4.5459155302066186e-08,5.787457637151938e-05
2023-05-16 08:14:00+00:00,412.72,412.78,412.83,500,1300,412.7938888888889,3.1295264419014594e-08,8.20963919307971e-05
2023-05-16 08:15:00+00:00,412.8,412.8,412.85,500,400,412.8277777777778,5.0820092654038435e-09,4.690837295218131e-05
2023-05-16 08:16:00+00:00,412.85,412.83,412.86,400,300,412.84714285714284,1.212212583573774e-08,-2.5375470455446525e-05
2023-05-16 08:17:00+00:00,412.86,412.81,412.85,1000,400,412.8385714285714,4.2460486267048015e-08,-2.1531248570072492e-05
2023-05-16 08:18:00+00:00,412.79,412.81,412.84,400,400,412.825,6.612237990997925e-09,0.00019842869864938883
2023-05-16 08:19:00+00:00,412.9,412.87,412.9,1300,400,412.8929411764706,3.650374900632417e-08,-3.098316218630437e-05
2023-05-16 08:20:00+00:00,412.89,412.88,412.91,400,310,412.8969014084507,3.616095592645594e-08,-0.0002418423426395755
2023-05-16 08:21:00+00:00,412.78,412.77,412.81,400,285,412.7933576642336,1.4497657782784282e-08,0.0002009572170345031
2023-05-16 08:22:00+00:00,412.85,412.85,412.89,1200,400,412.88,1.2985968923015193e-08,-1.2110056190617335e-05
2023-05-16 08:23:00+00:00,412.91,412.86,412.89,400,400,412.875,2.0808686468888618e-08,-8.317251783407364e-05
2023-05-16 08:24:00+00:00,412.91,412.84,412.87,18,800,412.84066014669924,2.254489936017032e-08,-9.848871640882884e-05
2023-05-16 08:25:00+00:00,412.84,412.79,412.82,400,800,412.8,3.740241543765653e-08,-0.0001211240310077244
2023-05-16 08:26:00+00:00,412.84,412.73,412.77,400,400,412.75,3.547508639976614e-08,0.00014421274263787254
2023-05-16 08:27:00+00:00,412.84,412.8,412.85,400,1700,412.8095238095238,3.652315680390364e-08,-4.8719914773953654e-05
2023-05-16 08:28:00+00:00,412.8,412.78,412.82,400,1300,412.7894117647059,3.103823719480018e-08,-7.125125758478124e-05
2023-05-16 08:29:00+00:00,412.8,412.74,412.78,400,400,412.76,1.5111630479591247e-08,0.00017794426752115733
2023-05-16 08:30:00+00:00,412.84,412.81,412.85,1700,1200,412.83344827586205,2.357863127452352e-08,0.0002580985736087005
2023-05-16 08:31:00+00:00,412.89,412.9,412.94,900,400,412.9276923076923,1.1526717779157954e-08,-9.68663728386776e-05
2023-05-16 08:32:00+00:00,412.94,412.88,412.92,400,400,412.9,1.5408960100133793e-08,-0.00018567853394679812
2023-05-16 08:33:00+00:00,412.83,412.79,412.84,800,400,412.8233333333333,1.5288018598196667e-08,-8.074478994202217e-06
2023-05-16 08:34:00+00:00,412.81,412.8,412.84,400,400,412.82,3.26763177864563e-08,2.9068359091111162e-05
2023-05-16 08:35:00+00:00,412.84,412.82,412.85,400,600,412.832,3.1987410212717567e-08,-0.00020670232281727596
2023-05-16 08:36:00+00:00,412.81,412.73,412.78,400,800,412.74666666666667,1.1704957704637819e-08,-6.40096098164511e-05
2023-05-16 08:37:00+00:00,412.81,412.72,412.74,5,400,412.7202469135803,1.3380034587915777e-08,7.209020309084657e-05
2023-05-16 08:38:00+00:00,412.75,412.74,412.77,400,800,412.75,2.0410482516417205e-08,-0.0001957601453664859
2023-05-16 08:39:00+00:00,412.77,412.64,412.7,800,400,412.68,1.1658228234237443e-08,1.938598761519472e-06
2023-05-16 08:40:00+00:00,412.77,412.65,412.69,400,400,412.67,1.952209441658312e-08,6.058109385209676e-05
2023-05-16 08:41:00+00:00,412.68,412.68,412.71,400,400,412.695,2.650560273508443e-08,-1.2115484801067389e-05
2023-05-16 08:42:00+00:00,412.7,412.67,412.71,400,400,412.69,7.299421883636743e-09,-6.057815793936161e-05
2023-05-16 08:43:00+00:00,412.65,412.64,412.69,400,400,412.665,2.8893393874692327e-08,-0.00013423070493279177
2023-05-16 08:44:00+00:00,412.64,412.6,412.61,1200,49,412.60960768614893,1.4829358110447476e-08,2.8649079079734463e-05
2023-05-16 08:45:00+00:00,412.61,412.61,412.64,400,400,412.625,1.3737100069472214e-08,-3.462184292035708e-06
2023-05-16 08:46:00+00:00,412.61,412.6,412.64,400,400,412.62,5.893298354648131e-09,-3.635306092775181e-05
2023-05-16 08:47:00+00:00,412.61,412.58,412.63,400,400,412.605,2.1406525672232265e-08,-0.0001454175300832361
2023-05-16 08:48:00+00:00,412.53,412.53,412.56,300,400,412.54285714285714,2.006041561039686e-08,0.00012119889951400786
2023-05-16 08:49:00+00:00,412.53,412.58,412.61,400,400,412.595,4.8376829616573256e-09,6.0592106060353146e-05
2023-05-16 08:50:00+00:00,412.53,412.59,412.62,400,500,412.60333333333335,1.1388996876752388e-08,1.4117693563076017e-06
2023-05-16 08:51:00+00:00,412.53,412.62,412.64,12,400,412.6205825242718,3.251792924104863e-09,4.2211844163420054e-05
2023-05-16 08:52:00+00:00,412.53,412.63,412.67,400,1600,412.638,1.7559728183791913e-09,6.543265525715825e-05
2023-05-16 08:53:00+00:00,412.53,412.64,412.69,400,400,412.665,8.369255042793367e-09,1.211636557507667e-05
2023-05-16 08:54:00+00:00,412.53,412.65,412.69,400,400,412.67,9.827205734123927e-09,6.058109385209676e-05
2023-05-16 08:55:00+00:00,412.53,412.68,412.71,400,400,412.695,1.0902845329588711e-08,-6.057742400555899e-05
2023-05-16 08:56:00+00:00,412.67,412.65,412.69,400,400,412.67,8.542855714490075e-09,7.269731262260493e-05
2023-05-16 08:57:00+00:00,412.72,412.68,412.72,400,400,412.7,4.492420658391436e-09,6.730743343297263e-05
2023-05-16 08:58:00+00:00,412.68,412.7,412.75,500,400,412.72777777777776,9.404179601885795e-09,-3.095933558572295e-05
2023-05-16 08:59:00+00:00,412.69,412.69,412.74,400,400,412.715,1.0540810694901364e-08,-4.845959075872042e-05
2023-05-16 09:00:00+00:00,412.69,412.68,412.71,400,400,412.695,2.8128620180302965e-08,0.00012115484801134002
2023-05-16 09:01:00+00:00,412.7,412.73,412.76,400,400,412.745,7.277137525616939e-08,0.00024228034258455544
2023-05-16 09:02:00+00:00,412.85,412.83,412.86,400,400,412.845,5.02015621277206e-08,0.0
2023-05-16 09:03:00+00:00,412.89,412.83,412.86,400,400,412.845,2.9753076376913346e-08,5.571098111878392e-05
2023-05-16 09:04:00+00:00,412.85,412.82,412.88,1600,400,412.868,1.0404015745946586e-08,6.29741224797975e-05
2023-05-16 09:05:00+00:00,412.86,412.87,412.9,1600,400,412.894,1.5583663299227667e-08,-0.00011867452663394396
2023-05-16 09:06:00+00:00,412.86,412.83,412.88,400,1300,412.8417647058823,8.794537634262615e-09,6.53998474002826e-05
2023-05-16 09:07:00+00:00,412.86,412.86,412.89,400,600,412.872,2.1396506638577802e-08,1.937646534511117e-05
2023-05-16 09:08:00+00:00,412.9,412.86,412.9,400,400,412.88,9.540282374093063e-09,-7.266033714392606e-05
2023-05-16 09:09:00+00:00,412.9,412.83,412.87,400,400,412.85,9.308679234303765e-09,-4.5752425551381926e-05
2023-05-16 09:10:00+00:00,412.83,412.82,412.84,500,400,412.8311111111111,6.142750401631002e-09,-6.728605725259129e-06
2023-05-16 09:11:00+00:00,412.85,412.82,412.85,500,500,412.835,1.451836461926921e-09,2.3415705479035154e-05
2023-05-16 09:12:00+00:00,412.85,412.83,412.87,400,1600,412.838,2.9703701358851533e-08,1.6955803487039844e-05
2023-05-16 09:13:00+00:00,412.87,412.83,412.86,400,400,412.845,1.7503010461885913e-08,-0.00012111082851917754
2023-05-16 09:14:00+00:00,412.81,412.78,412.81,400,400,412.795,1.846004883274925e-08,0.00012121656993158147
2023-05-16 09:15:00+00:00,412.86,412.83,412.86,400,398,412.8450375939849,1.0254709605234002e-08,4.977411939743881e-05
2023-05-16 09:16:00+00:00,412.88,412.87,412.88,800,258,412.877561436673,5.160111918493754e-09,-3.632745709913898e-05
2023-05-16 09:17:00+00:00,412.86,412.82,412.86,1300,400,412.85058823529414,4.473073522935982e-09,-2.5646651829691614e-05
2023-05-16 09:18:00+00:00,412.86,412.82,412.86,400,400,412.84,1.279465745224631e-08,-0.0001211122953200805
2023-05-16 09:19:00+00:00,412.86,412.77,412.81,400,400,412.79,4.024103867642957e-08,-0.00039971898544055584
2023-05-16 09:20:00+00:00,412.67,412.6,412.64,400,400,412.62,2.2688170021680416e-08,4.847016055742337e-05
2023-05-16 09:21:00+00:00,412.62,412.62,412.67,345,400,412.6431543624161,9.665779309219736e-09,-0.0001696373396018469
2023-05-16 09:22:00+00:00,412.6,412.56,412.59,400,400,412.575,6.90955522997871e-08,-0.00030182102532583244
2023-05-16 09:23:00+00:00,412.43,412.41,412.44,400,400,412.425,5.5736335387171926e-08,-3.752254238897912e-05
2023-05-16 09:24:00+00:00,412.44,412.42,412.45,400,400,412.435,3.096302306886516e-08,9.29439386407882e-05
2023-05-16 09:25:00+00:00,412.44,412.46,412.5,400,800,412.47333333333336,2.0608013160749925e-08,-0.00012121995765390636
2023-05-16 09:26:00+00:00,412.46,412.38,412.45,1300,800,412.42333333333335,1.4960616085032044e-08,-6.0306468770199295e-05
2023-05-16 09:27:00+00:00,412.41,412.38,412.44,400,900,412.39846153846156,8.084003567092276e-09,0.00011293899557340836
2023-05-16 09:28:00+00:00,412.41,412.43,412.46,402,400,412.4450374064838,1.4379038238749365e-08,0.00011709663705317119
2023-05-16 09:29:00+00:00,412.47,412.48,412.52,400,800,412.49333333333334,3.31029849100539e-08,0.00017587925366346902
2023-05-16 09:30:00+00:00,412.54,412.52,412.58,1300,400,412.5658823529412,1.7246745840834738e-08,0.00011905406908274685
2023-05-16 09:31:00+00:00,412.54,412.6,412.65,400,500,412.6222222222222,4.718273953429522e-08,9.059523376730994e-05
2023-05-16 09:32:00+00:00,412.54,412.62,412.66,1700,400,412.65238095238095,7.123190404682465e-09,8.392544481594655e-07
2023-05-16 09:33:00+00:00,412.65,412.65,412.66,150,400,412.65272727272725,1.834023017031328e-08,4.04322833122972e-05
2023-05-16 09:34:00+00:00,412.66,412.66,412.7,400,1300,412.6694117647059,3.371701264826269e-08,0.00014824571156513144
2023-05-16 09:35:00+00:00,412.66,412.7,412.74,1300,400,412.73058823529414,1.8106238275362556e-08,4.7032532259905224e-05
2023-05-16 09:36:00+00:00,412.66,412.73,412.77,400,400,412.75,1.2678825724683635e-08,7.410838351074034e-05
2023-05-16 09:37:00+00:00,412.66,412.75,412.79,1300,400,412.7805882352941,1.855443549043546e-08,-0.00020198951529382114
2023-05-16 09:38:00+00:00,412.72,412.67,412.72,400,335,412.69721088435375,2.076426870145222e-08,-0.00012063123506289575
2023-05-16 09:39:00+00:00,412.72,412.64,412.68,114,500,412.64742671009776,2.3740442803255007e-08,3.0469812940525642e-05
2023-05-16 09:40:00+00:00,412.68,412.66,412.68,400,400,412.67,8.13262962151729e-09,9.693209906447287e-05
2023-05-16 09:41:00+00:00,412.68,412.68,412.72,400,400,412.7,2.2299422814146684e-08,-0.00013326871819729913
2023-05-16 09:42:00+00:00,412.67,412.62,412.65,400,800,412.63,4.93970065768895e-09,-6.058476414350089e-05
2023-05-16 09:43:00+00:00,412.67,412.6,412.64,400,400,412.62,2.471609855063487e-08,0.00016609013157808938
2023-05-16 09:44:00+00:00,412.65,412.65,412.7,1680,500,412.6885321100917,9.457344250268236e-09,-8.125282745397033e-05
2023-05-16 09:45:00+00:00,412.66,412.63,412.68,400,400,412.655,1.028866454638253e-08,3.63499775843934e-05
2023-05-16 09:46:00+00:00,412.66,412.65,412.69,400,400,412.67,1.9928367279110415e-08,-0.00011350983900737521
2023-05-16 09:47:00+00:00,412.66,412.61,412.64,75,400,412.6147368421053,7.4356199249377145e-09,-2.8727294345776144e-05
2023-05-16 09:48:00+00:00,412.66,412.61,412.62,75,500,412.6113043478261,9.282518891484836e-09,-3.9515029409686875e-05
2023-05-16 09:49:00+00:00,412.58,412.58,412.62,300,500,412.595,1.468330151307482e-08,-0.00012659882585397408
2023-05-16 09:50:00+00:00,412.55,412.53,412.57,375,800,412.5427659574468,2.3937921448653257e-09,1.2687272654021697e-05
2023-05-16 09:51:00+00:00,412.57,412.54,412.58,400,1600,412.548,8.188392811072072e-09,-2.0776803115740705e-06
2023-05-16 09:52:00+00:00,412.57,412.53,412.57,375,500,412.54714285714283,7.722128643686974e-09,6.925615427588738e-06
2023-05-16 09:53:00+00:00,412.54,412.54,412.56,390,400,412.5498734177215,1.2404277777635092e-08,5.5937275666995134e-06
2023-05-16 09:54:00+00:00,412.54,412.54,412.58,400,900,412.5523076923077,1.6416423456965995e-08,-1.2722917022589542e-05
2023-05-16 09:55:00+00:00,412.54,412.54,412.57,400,1300,412.5470588235294,1.185779325038005e-08,0.00017334411556824136
2023-05-16 09:56:00+00:00,412.57,412.57,412.63,1700,400,412.61857142857144,1.2904439378307971e-08,-3.693022150053071e-05
2023-05-16 09:57:00+00:00,412.6,412.59,412.62,400,500,412.60333333333335,1.2744463490803762e-08,3.89682537043079e-05
2023-05-16 09:58:00+00:00,412.6,412.61,412.65,400,1300,412.6194117647059,3.80583281204721e-09,1.3543316515818304e-05
2023-05-16 09:59:00+00:00,412.6,412.61,412.64,400,400,412.625,1.3563159929918456e-08,-1.3543133096871607e-05
2023-05-16 10:00:00+00:00,412.59,412.61,412.65,400,1300,412.6194117647059,3.6069156481628935e-07,-0.0005932740271320514
2023-05-16 10:01:00+00:00,412.44,412.35,412.38,400,400,412.365,1.328348563305273e-07,-0.00045253848722315304
2023-05-16 10:02:00+00:00,412.15,412.14,412.2,1600,400,412.188,1.0887587182070994e-07,-0.0001407124904170276
2023-05-16 10:03:00+00:00,412.1,412.11,412.15,400,400,412.13,6.218933668045026e-08,0.00027903816756857935
2023-05-16 10:04:00+00:00,412.2,412.23,412.26,400,400,412.245,7.182208171350573e-08,-0.0002775334199466295
2023-05-16 10:05:00+00:00,412.27,412.1,412.14,1300,400,412.1305882352941,6.5825882087833e-08,-0.00010343332309226128
2023-05-16 10:06:00+00:00,412.09,412.08,412.12,400,1610,412.08796019900495,3.925209631279607e-08,0.00013277713162662685
2023-05-16 10:07:00+00:00,412.13,412.13,412.16,300,410,412.142676056338,1.5914259329133137e-08,0.00012650657528512355
2023-05-16 10:08:00+00:00,412.2,412.18,412.21,400,410,412.1948148148148,1.531459843486286e-08,0.0
2023-05-16 10:09:00+00:00,412.17,412.18,412.21,400,410,412.1948148148148,1.8986953674640737e-08,0.0001090219235899692
2023-05-16 10:10:00+00:00,412.22,412.22,412.27,394,410,412.2445024875622,5.093429629348273e-08,-0.00010901003910590568
2023-05-16 10:11:00+00:00,412.2,412.18,412.21,400,410,412.1948148148148,1.5485114770722233e-08,0.000160420289940566
2023-05-16 10:12:00+00:00,412.2,412.24,412.27,400,410,412.25481481481484,4.3191624238972035e-08,9.40081372413637e-06
2023-05-16 10:13:00+00:00,412.31,412.25,412.28,400,410,412.2648148148148,3.9057704648516935e-08,3.957325772852016e-06
2023-05-16 10:14:00+00:00,412.21,412.24,412.28,800,410,412.2664462809918,1.6956171756970364e-08,8.359353575393413e-05
2023-05-16 10:15:00+00:00,412.3,412.26,412.31,1800,400,412.3009090909091,2.6530601148488065e-08,3.4176274609665214e-05
2023-05-16 10:16:00+00:00,412.3,412.3,412.33,400,400,412.315,1.1172581235360045e-08,0.00010922083596676124
2023-05-16 10:17:00+00:00,412.3,412.34,412.37,400,199,412.3600333889816,1.160466702768594e-08,8.056560781399824e-06
2023-05-16 10:18:00+00:00,412.37,412.37,412.41,400,200,412.39666666666665,2.8207018755700493e-08,-0.00010839681952889979
2023-05-16 10:19:00+00:00,412.37,412.3,412.32,10,75,412.3023529411764,7.155724437289192e-08,3.9637506854983684e-05
2023-05-16 10:20:00+00:00,412.32,412.31,412.35,400,400,412.33,2.1934460010585477e-08,5.793563216527353e-05
2023-05-16 10:21:00+00:00,412.36,412.35,412.41,400,700,412.3718181818182,1.7960409462594052e-08,6.332132473607643e-05
2023-05-16 10:22:00+00:00,412.4,412.37,412.4,400,400,412.385,4.423007318302904e-08,0.00033855592374942844
2023-05-16 10:23:00+00:00,412.5,412.49,412.54,900,400,412.5246153846154,6.481446233483459e-09,-2.3308632398744145e-05
2023-05-16 10:24:00+00:00,412.5,412.5,412.53,400,400,412.515,3.2063893016739115e-08,-0.00013332848502478623
2023-05-16 10:25:00+00:00,412.5,412.43,412.46,400,400,412.445,2.7693767910389372e-08,0.00012551206779587432
2023-05-16 10:26:00+00:00,412.52,412.49,412.53,400,335,412.51176870748304,3.176017742965897e-08,0.00014116274233688664
2023-05-16 10:27:00+00:00,412.6,412.55,412.59,400,400,412.57,1.9860758250835517e-08,0.00012119155537249071
2023-05-16 10:28:00+00:00,412.63,412.6,412.64,400,400,412.62,6.124279838681193e-08,-0.00021804385250279168
2023-05-16 10:29:00+00:00,412.58,412.53,412.57,1,1300,412.5300307455803,3.4418973248781074e-08,4.8406789642907455e-05
2023-05-16 10:30:00+00:00,412.58,412.56,412.6,400,1610,412.567960199005,5.148735253659242e-08,0.00014366329580139947
2023-05-16 10:31:00+00:00,412.58,412.58,412.61,400,10,412.6092682926829,1.480210186044262e-08,2.7625104086936858e-05
2023-05-16 10:32:00+00:00,412.61,412.61,412.63,400,350,412.6206666666667,1.4678381004429276e-08,-9.713142023726196e-05
2023-05-16 10:33:00+00:00,412.61,412.55,412.59,1300,400,412.5805882352941,1.640618202595348e-08,-0.00013473303611277743
2023-05-16 10:34:00+00:00,412.5,412.51,412.54,400,400,412.525,1.2102915372838819e-08,0.0
2023-05-16 10:35:00+00:00,412.5,412.51,412.54,400,400,412.525,1.4838312541059782e-08,0.0
2023-05-16 10:36:00+00:00,412.56,412.51,412.54,400,400,412.525,2.6318417725799608e-08,-7.27228652808165e-05
2023-05-16 10:37:00+00:00,412.47,412.48,412.51,400,400,412.495,1.0571996280265642e-08,0.00013333494951450753
2023-05-16 10:38:00+00:00,412.47,412.53,412.57,400,400,412.55,7.259421394650106e-09,-2.9261212331710418e-05
2023-05-16 10:39:00+00:00,412.47,412.52,412.57,900,1610,412.53792828685255,1.1798171222788251e-08,6.18624935411205e-06
2023-05-16 10:40:00+00:00,412.47,412.53,412.59,400,1890,412.54048034934493,1.3426065855436291e-08,-5.458894681298343e-05
2023-05-16 10:41:00+00:00,412.57,412.51,412.55,400,1610,412.51796019900496,5.413655579727483e-09,1.2758090552900114e-05
2023-05-16 10:42:00+00:00,412.53,412.51,412.55,400,810,412.5232231404959,2.2571345162693926e-09,-9.069759563162805e-06
2023-05-16 10:43:00+00:00,412.51,412.52,412.54,400,410,412.5298765432098,2.6539029391638564e-09,-5.619788323796282e-05
2023-05-16 10:44:00+00:00,412.5,412.46,412.52,1700,1110,412.4962989323844,1.676397232734853e-08,-6.405485150506873e-05
2023-05-16 10:45:00+00:00,412.48,412.46,412.48,400,410,412.46987654320986,3.330276458163323e-08,-5.222977749819169e-05
2023-05-16 10:46:00+00:00,412.46,412.44,412.5,500,1300,412.45666666666665,6.309363161604866e-09,9.2940934016017e-05
2023-05-16 10:47:00+00:00,412.46,412.46,412.5,800,400,412.4866666666667,7.421706438038193e-09,-0.00010101336608869804
2023-05-16 10:48:00+00:00,412.46,412.43,412.46,400,400,412.445,2.0718431592070153e-15,-4.551750387715714e-08
2023-05-16 10:49:00+00:00,412.43,412.43,412.46,399,400,412.4449812265331,1.7608622419310516e-08,0.00013229456168928344
2023-05-16 10:50:00+00:00,412.52,412.47,412.52,1300,900,412.49954545454545,2.4104320155505152e-08,-6.797627198440459e-05
2023-05-16 10:51:00+00:00,412.47,412.46,412.52,400,1686,412.4715052732502,1.5848502935434737e-08,-5.54078297532179e-06
2023-05-16 10:52:00+00:00,412.47,412.47,412.51,400,410,412.48975308641974,4.3493595756043456e-08,0.00017297984622377527
2023-05-16 10:53:00+00:00,412.5,412.51,412.57,1290,1242,412.54056872037916,2.9243471443741715e-08,0.000214088444158822
2023-05-16 10:54:00+00:00,412.62,412.62,412.63,400,50,412.62888888888887,3.121066887707646e-09,2.692761319034176e-05
2023-05-16 10:55:00+00:00,412.66,412.62,412.66,400,400,412.64,1.0843242987396943e-08,0.00011939776241498556
2023-05-16 10:56:00+00:00,412.65,412.67,412.69,400,10,412.689512195122,1.353994010673105e-08,-0.00016515375321912718
2023-05-16 10:57:00+00:00,412.67,412.59,412.63,1400,400,412.62111111111113,2.4506109101280894e-08,0.00014433472731223418
2023-05-16 10:58:00+00:00,412.67,412.67,412.7,400,725,412.68066666666664,1.0470296050439716e-08,9.186451708842469e-05
2023-05-16 10:59:00+00:00,412.7,412.67,412.72,1400,41,412.71857737682166,4.2850015900367473e-08,-0.0001903897259025733
2023-05-16 11:00:00+00:00,412.66,412.62,412.66,400,400,412.64,5.133129521949354e-08,0.0002440133171104364
2023-05-16 11:01:00+00:00,412.74,412.72,412.75,400,180,412.74068965517245,2.0044483036770348e-08,-7.388071373948257e-05
2023-05-16 11:02:00+00:00,412.71,412.71,412.72,10,500,412.7101960784314,2.562170130562459e-08,6.0100093974613245e-05
2023-05-16 11:03:00+00:00,412.71,412.71,412.76,900,400,412.7446153846154,2.1911558214345584e-08,8.480017444600918e-05
2023-05-16 11:04:00+00:00,412.79,412.75,412.79,400,400,412.77,8.310685684045079e-09,-7.267970055957473e-05
2023-05-16 11:05:00+00:00,412.79,412.72,412.76,400,400,412.74,1.5002595764408465e-08,-5.8147986625955994e-05
2023-05-16 11:06:00+00:00,412.73,412.71,412.74,400,1600,412.716,3.965943262476266e-09,9.691894668595324e-06
2023-05-16 11:07:00+00:00,412.71,412.7,412.73,201,400,412.71003327787025,2.3606512392075482e-08,-0.00015883784540504653
2023-05-16 11:08:00+00:00,412.65,412.65,412.68,400,400,412.665,1.9805103988390412e-08,-4.038891835778102e-05
2023-05-16 11:09:00+00:00,412.68,412.61,412.65,303,400,412.62724039829305,2.4793025113255234e-08,-2.7150185333946197e-05
2023-05-16 11:10:00+00:00,412.62,412.6,412.67,900,1300,412.62863636363636,7.509994216101597e-09,-6.458478499515863e-05
2023-05-16 11:11:00+00:00,412.61,412.57,412.6,400,1,412.59992518703245,2.1734119589458152e-08,7.372238619574034e-08
2023-05-16 11:12:00+00:00,412.58,412.56,412.6,500,1,412.5999201596806,2.3013786006641724e-09,4.9734822590297156e-05
2023-05-16 11:13:00+00:00,412.6,412.58,412.63,1700,400,412.6204761904762,2.1411606075281814e-09,-3.604829418524247e-06
2023-05-16 11:14:00+00:00,412.6,412.61,412.62,400,45,412.61898876404496,1.0204926440357623e-09,-3.390237586220479e-05
2023-05-16 11:15:00+00:00,412.61,412.6,412.61,400,400,412.605,1.6818328571397144e-08,-5.9969195098541483e-05
2023-05-16 11:16:00+00:00,412.59,412.57,412.59,400,380,412.58025641025637,2.232219089987993e-08,-0.00012181002235456262
2023-05-16 11:17:00+00:00,412.53,412.51,412.57,400,800,412.53,2.6575724191025723e-08,-0.00013938380238998072
2023-05-16 11:18:00+00:00,412.45,412.45,412.48,300,100,412.4725,2.0478283397795766e-08,-0.00012728121268690273
2023-05-16 11:19:00+00:00,412.4,412.39,412.43,1200,400,412.42,1.3816827107831455e-08,-9.698850686201688e-05
2023-05-16 11:20:00+00:00,412.36,412.36,412.4,400,400,412.38,1.8220246583681245e-08,0.00017782950999878366
2023-05-16 11:21:00+00:00,412.35,412.44,412.46,400,200,412.4533333333333,1.7411973065419248e-08,1.6163444753303224e-05
2023-05-16 11:22:00+00:00,412.45,412.44,412.48,400,400,412.46,1.6404341630942496e-08,-9.035087452735624e-05
2023-05-16 11:23:00+00:00,412.4,412.39,412.43,901,200,412.42273387829243,2.237135656466711e-08,-6.51068021851886e-05
2023-05-16 11:24:00+00:00,412.39,412.38,412.41,450,400,412.39588235294116,6.518702952531192e-09,-5.2776244413910156e-05
2023-05-16 11:25:00+00:00,412.35,412.36,412.38,400,400,412.37,1.2958279411952947e-08,-0.00015548416914390462
2023-05-16 11:26:00+00:00,412.33,412.3,412.35,400,1600,412.31,1.56508277601886e-08,0.00012233457969612616
2023-05-16 11:27:00+00:00,412.36,412.36,412.37,23,500,412.36043977055454,1.8992594452017736e-09,6.8990901140209e-05
2023-05-16 11:28:00+00:00,412.38,412.38,412.39,400,50,412.3888888888889,1.3658940996790704e-08,0.0001804930845383801
2023-05-16 11:29:00+00:00,412.39,412.45,412.49,400,801,412.4633222314738,2.2321008861036686e-08,6.455820864359474e-05
2023-05-16 11:30:00+00:00,412.43,412.47,412.49,400,1,412.4899501246883,1.9059941637634922e-08,1.2091279244508257e-07
2023-05-16 11:31:00+00:00,412.48,412.47,412.51,400,400,412.49,1.415539752054579e-08,-5.40272837783462e-05
2023-05-16 11:32:00+00:00,412.5,412.46,412.49,450,1300,412.4677142857143,8.216847810684589e-09,-5.102852494554e-05
2023-05-16 11:33:00+00:00,412.44,412.43,412.46,500,400,412.44666666666666,6.497247345523158e-09,5.799918040505503e-05
2023-05-16 11:34:00+00:00,412.46,412.46,412.48,450,400,412.47058823529414,3.063876339587131e-08,-9.162555421671215e-05
2023-05-16 11:35:00+00:00,412.45,412.43,412.46,194,200,412.44477157360404,4.981307619572808e-09,-7.948755662767759e-05
2023-05-16 11:36:00+00:00,412.41,412.4,412.42,1,1650,412.4000121138704,2.1752341500785927e-08,7.19232884047738e-05
2023-05-16 11:37:00+00:00,412.43,412.39,412.43,1700,14,412.4296732788798,2.377585649709678e-08,-0.00025636465809963926
2023-05-16 11:38:00+00:00,412.35,412.32,412.34,400,1630,412.3239408866995,1.1551914587447368e-08,-4.593690741983014e-05
2023-05-16 11:39:00+00:00,412.3,412.28,412.33,400,400,412.305,1.7789682705663546e-08,-0.00014552333830541997
2023-05-16 11:40:00+00:00,412.26,412.22,412.27,400,400,412.245,2.407034876391025e-08,0.0003709128715791987
2023-05-16 11:41:00+00:00,412.35,412.39,412.4,6,30,412.39166666666665,1.714335740466671e-08,-1.9173173797515375e-05
2023-05-16 11:42:00+00:00,412.44,412.37,412.41,400,400,412.39,3.099835442538239e-08,-0.00010238420481156751
2023-05-16 11:43:00+00:00,412.4,412.33,412.37,400,500,412.34777777777776,1.5499334292406744e-08,6.261957423503439e-05
2023-05-16 11:44:00+00:00,412.39,412.37,412.39,10,278,412.37069444444444,2.487015959581627e-09,-2.0852014007588515e-05
2023-05-16 11:45:00+00:00,412.39,412.35,412.38,400,400,412.365,3.498521056710247e-08,-0.000243850849503624
2023-05-16 11:46:00+00:00,412.26,412.26,412.3,200,1600,412.26444444444445,2.7250436202851565e-08,2.3463586891203647e-05
2023-05-16 11:47:00+00:00,412.25,412.26,412.32,401,1300,412.27414462081134,6.386528408481168e-09,3.171514979394274e-05
2023-05-16 11:48:00+00:00,412.3,412.28,412.32,410,1600,412.28815920398006,7.533383086654994e-09,5.413511029628282e-05
2023-05-16 11:49:00+00:00,412.28,412.29,412.31,400,10,412.30951219512195,2.364486809294531e-08,-1.4985979236104008e-05
2023-05-16 11:50:00+00:00,412.31,412.3,412.33,50,400,412.30333333333334,2.440268182441381e-08,5.701814666347893e-05
2023-05-16 11:51:00+00:00,412.33,412.3,412.36,400,1700,412.31142857142856,5.067122364146128e-08,-9.616188939676196e-05
2023-05-16 11:52:00+00:00,412.25,412.27,412.3,400,298,412.2871919770773,7.08624836316589e-09,-1.7121770574557438e-05
2023-05-16 11:53:00+00:00,412.25,412.28,412.3,4,598,412.28013289036545,2.2493785402704888e-08,-0.00011635832464007567
2023-05-16 11:54:00+00:00,412.25,412.21,412.25,400,322,412.23216066481996,1.2999105704443836e-08,1.9016796669601987e-05
2023-05-16 11:55:00+00:00,412.25,412.23,412.25,400,400,412.24,6.262400685920571e-09,2.430613254378322e-05
2023-05-16 11:56:00+00:00,412.26,412.25,412.27,1,310,412.25006430868166,1.2964691356696362e-08,0.00013336576654499055
2023-05-16 11:57:00+00:00,412.3,412.29,412.32,1400,400,412.31333333333333,1.5132277635486798e-08,-4.129911837591482e-05
2023-05-16 11:58:00+00:00,412.3,412.28,412.29,401,102,412.28797216699803,5.858029222947671e-09,1.5313440395736677e-05
2023-05-16 11:59:00+00:00,412.3,412.26,412.3,400,400,412.28,8.825432386245e-09,-5.356859666383329e-05
2023-05-16 12:00:00+00:00,412.27,412.25,412.27,1301,100,412.26857244825123,4.2379013263444954e-08,0.00016091790503791614
2023-05-16 12:01:00+00:00,412.33,412.33,412.37,410,1510,412.3385416666667,4.402776896359047e-08,4.084737907317226e-05
2023-05-16 12:02:00+00:00,412.36,412.34,412.39,400,900,412.3553846153846,4.4725881492320184e-08,9.58253413323451e-05
2023-05-16 12:03:00+00:00,412.36,412.39,412.41,133,410,412.39489871086556,3.7934611879879456e-08,1.3524608641013458e-05
2023-05-16 12:04:00+00:00,412.45,412.36,412.4,1600,400,412.392,3.7181367810465034e-08,0.000171277495330191
2023-05-16 12:05:00+00:00,412.44,412.46,412.48,500,400,412.4711111111111,5.6758730230694206e-08,-0.0002509870423063054
2023-05-16 12:06:00+00:00,412.41,412.34,412.39,1600,1300,412.36758620689653,1.0273952357014783e-07,-0.00015695387887504353
2023-05-16 12:07:00+00:00,412.29,412.29,412.31,721,400,412.30286351471904,3.688689695639247e-08,-0.00020704080003564052
2023-05-16 12:08:00+00:00,412.22,412.2,412.21,201,1300,412.2013391072618,3.631623022245879e-08,-1.8113549593912204e-05
2023-05-16 12:09:00+00:00,412.22,412.2,412.23,201,400,412.21003327787025,1.4121428268259916e-08,3.226523953658855e-05
2023-05-16 12:10:00+00:00,412.2,412.21,412.24,400,500,412.22333333333336,3.666402311517896e-08,-5.1005460694475424e-05
2023-05-16 12:11:00+00:00,412.23,412.19,412.23,400,900,412.20230769230767,3.911515148658873e-08,5.8359556962761516e-05
2023-05-16 12:12:00+00:00,412.22,412.21,412.25,900,1300,412.22636363636366,1.4986713193495444e-08,1.9217785714120694e-05
2023-05-16 12:13:00+00:00,412.25,412.22,412.25,400,352,412.2359574468085,3.616628292727658e-08,0.0001419774530053708
2023-05-16 12:14:00+00:00,412.29,412.27,412.3,1300,315,412.2941486068112,1.879965571868532e-08,-5.669508803429757e-06
2023-05-16 12:15:00+00:00,412.28,412.25,412.3,1700,400,412.29047619047617,1.6540116951350787e-08,-2.9095112907828735e-07
2023-05-16 12:16:00+00:00,412.31,412.27,412.31,400,386,412.29035623409663,2.2404719618318984e-08,0.00012922962842587538
2023-05-16 12:17:00+00:00,412.32,412.32,412.36,1300,900,412.34363636363634,6.507825092774232e-09,3.956350871758829e-05
2023-05-16 12:18:00+00:00,412.36,412.34,412.36,400,1,412.3599501246883,2.9992236094708836e-08,-2.5735666111526e-06
2023-05-16 12:19:00+00:00,412.35,412.35,412.37,400,500,412.3588888888889,2.1600344390699402e-08,-6.468915585355894e-05
2023-05-16 12:20:00+00:00,412.32,412.31,412.36,800,410,412.3430578512397,2.1233776180628732e-08,3.056048966576519e-05
2023-05-16 12:21:00+00:00,412.3,412.33,412.36,400,410,412.3448148148148,4.092890061511471e-08,-1.1434760477047057e-05
2023-05-16 12:22:00+00:00,412.38,412.34,412.38,1,400,412.34009975062344,4.3148458577615455e-08,0.00011959063431432604
2023-05-16 12:23:00+00:00,412.34,412.35,412.39,1300,25,412.38924528301885,3.636204789687564e-08,-5.588923402177759e-05
2023-05-16 12:24:00+00:00,412.34,412.35,412.39,900,1300,412.36636363636364,6.820229193626919e-09,-0.00012213323104137697
2023-05-16 12:25:00+00:00,412.32,412.31,412.32,600,400,412.316,6.01551570652785e-08,4.0281472589498435e-05
2023-05-16 12:26:00+00:00,412.33,412.33,412.35,60,400,412.3326086956522,2.2835914999327144e-08,2.60096763025075e-05
2023-05-16 12:27:00+00:00,412.35,412.33,412.36,400,500,412.3433333333333,1.940493620078162e-08,-0.000105029940286272
2023-05-16 12:28:00+00:00,412.3,412.3,412.31,1,400,412.30002493765585,4.354323104574555e-09,7.007525613800247e-05
2023-05-16 12:29:00+00:00,412.33,412.3,412.33,1,1500,412.3000199866755,3.912521959222412e-08,2.9699161724350276e-05
2023-05-16 12:30:00+00:00,412.36,412.31,412.4,100,90,412.3573684210526,2.8994661533377377e-06,-0.00048439068735539603
2023-05-16 12:31:00+00:00,412.2,412.14,412.18,500,400,412.1622222222222,1.6500715969169903e-07,2.6606548393592888e-05
2023-05-16 12:32:00+00:00,412.16,412.1,412.12,5011,400,412.1185215302163,2.2503399335434512e-07,0.0002179484850419744
2023-05-16 12:33:00+00:00,412.26,412.23,412.26,500,100,412.255,2.0528209266789918e-07,-0.00019267566728564667
2023-05-16 12:34:00+00:00,412.18,412.15,412.18,400,138,412.1723048327138,9.6435285214509e-08,-0.0001927875221983122
2023-05-16 12:35:00+00:00,412.06,412.07,412.11,900,810,412.0910526315789,1.274919715274143e-07,-6.875631951464012e-05
2023-05-16 12:36:00+00:00,412.04,412.05,412.08,500,500,412.065,8.473353320154041e-08,-0.00023336744122626207
2023-05-16 12:37:00+00:00,411.92,411.95,412.0,400,2100,411.958,1.0276485424578214e-07,-0.0001455666261251931
2023-05-16 12:38:00+00:00,411.91,411.88,411.91,675,398,411.89887232059647,1.0460905940775051e-07,-6.822813004780937e-05
2023-05-16 12:39:00+00:00,411.88,411.89,411.94,400,2310,411.8973800738007,9.493865911995014e-08,0.00036045660326622375
2023-05-16 12:40:00+00:00,412.01,412.02,412.07,1400,2300,412.0389189189189,3.8228038376091664e-08,-0.0001386476693484573
2023-05-16 12:41:00+00:00,411.97,411.95,411.97,400,500,411.9588888888889,7.285697402716727e-08,-0.00025467131440304325
2023-05-16 12:42:00+00:00,411.87,411.83,411.89,1000,1810,411.8513523131672,7.027875175909961e-08,0.00010394298965432647
2023-05-16 12:43:00+00:00,411.87,411.88,411.91,800,400,411.9,6.920171876052155e-08,0.0004229754855171741
2023-05-16 12:44:00+00:00,412.04,412.04,412.07,400,400,412.055,2.267459462948773e-08,-9.933427257746708e-06
2023-05-16 12:45:00+00:00,412.07,412.05,412.08,900,400,412.07076923076926,4.01527516987908e-08,-0.00011840397080631337
2023-05-16 12:46:00+00:00,412.02,412.02,412.03,400,300,412.0257142857143,4.6713791588214725e-08,9.097581200578908e-05
2023-05-16 12:47:00+00:00,412.06,412.04,412.06,400,25,412.05882352941177,4.528922840583792e-08,0.00012081071659775233
2023-05-16 12:48:00+00:00,412.08,412.09,412.11,400,30,412.1086046511628,3.761987612567254e-08,-0.0002634750774903605
2023-05-16 12:49:00+00:00,412.02,412.0,412.03,3,2000,412.0000449326011,6.274698341555155e-08,-0.000290137118175271
2023-05-16 12:50:00+00:00,411.9,411.88,411.9,10,390,411.88050000000004,9.552562028108699e-08,-0.0003815535724507324
2023-05-16 12:51:00+00:00,411.74,411.71,411.72,5,1300,411.71003831417624,5.390893249950744e-08,0.00011337939437683353
2023-05-16 12:52:00+00:00,411.78,411.77,411.79,1,900,411.77002219755826,6.030892060937031e-08,0.00021841311926751317
2023-05-16 12:53:00+00:00,411.88,411.85,411.86,400,2,411.85995024875626,1.3756385106902526e-07,0.00022526352444551812
2023-05-16 12:54:00+00:00,411.96,411.92,411.96,2100,400,411.9536,7.221720334368796e-08,-0.00017841004229546265
2023-05-16 12:55:00+00:00,411.85,411.86,411.89,1500,400,411.8836842105263,4.0716823593204496e-08,-9.887359900817572e-07
2023-05-16 12:56:00+00:00,411.88,411.86,411.9,800,900,411.87882352941176,7.773984877774008e-08,-6.855242975611908e-06
2023-05-16 12:57:00+00:00,411.87,411.86,411.88,400,100,411.876,3.902099133792397e-08,6.877371134694776e-05
2023-05-16 12:58:00+00:00,411.9,411.88,411.91,10,2400,411.8801244813278,8.089545603096297e-08,-1.7643460246463682e-05
2023-05-16 12:59:00+00:00,411.91,411.89,411.91,400,1200,411.895,3.697167673678498e-08,-0.00011581530821302977
2023-05-16 13:00:00+00:00,411.86,411.83,411.87,1505,1600,411.84938808373596,6.905096227967278e-08,0.00019060926823155633
2023-05-16 13:01:00+00:00,411.89,411.91,411.93,600,100,411.9271428571429,4.2943976910330776e-08,-0.00013814254345279053
2023-05-16 13:02:00+00:00,411.89,411.87,411.89,425,400,411.880303030303,2.579931832643714e-08,9.827396237227504e-06
2023-05-16 13:03:00+00:00,411.88,411.86,411.89,500,500,411.875,5.036670056410835e-08,-0.00011436786199192639
2023-05-16 13:04:00+00:00,411.83,411.82,411.85,543,1400,411.8283839423572,3.029965964174717e-08,6.773396653936281e-05
2023-05-16 13:05:00+00:00,411.84,411.84,411.87,500,450,411.8557894736842,3.276567428307571e-08,0.00010734467608752851
2023-05-16 13:06:00+00:00,411.94,411.89,411.91,404,400,411.9000497512438,4.474337390993757e-08,-4.487702958211326e-05
2023-05-16 13:07:00+00:00,411.86,411.87,411.89,170,420,411.8757627118644,9.459799836694659e-08,-0.0003117685511864199
2023-05-16 13:08:00+00:00,411.76,411.75,411.77,225,100,411.76384615384615,6.018387365555785e-08,0.00012846667403620948
2023-05-16 13:09:00+00:00,411.81,411.79,411.82,400,1510,411.7962827225131,4.061121463202123e-08,-0.0001262730509025145
2023-05-16 13:10:00+00:00,411.74,411.75,411.77,100,400,411.754,3.031410621692555e-08,-0.00010661946234646891
2023-05-16 13:11:00+00:00,411.73,411.71,411.72,25,3000,411.7100826446281,7.526913562779019e-08,0.00030706735038421584
2023-05-16 13:12:00+00:00,411.81,411.83,411.86,100,450,411.8354545454545,4.254585486683352e-08,8.129017001268224e-05
2023-05-16 13:13:00+00:00,411.87,411.86,411.88,500,500,411.87,1.8209148788698948e-08,2.9273776203098123e-05
2023-05-16 13:14:00+00:00,411.89,411.85,411.89,900,223,411.8820569902048,1.9872594265810167e-08,-6.326323218641683e-05
2023-05-16 13:15:00+00:00,411.84,411.84,411.86,100,25,411.856,6.075849597550278e-08,0.0001443455753482592
2023-05-16 13:16:00+00:00,411.9,411.92,411.94,200,301,411.9279840319361,5.819466805149239e-08,7.278258924858783e-05
2023-05-16 13:17:00+00:00,411.96,411.94,411.96,200,100,411.9533333333333,4.8951658918928704e-08,-2.5318557986819812e-05
2023-05-16 13:18:00+00:00,411.94,411.92,411.94,600,62,411.9381268882175,4.797890998544198e-08,-0.00020413635425708954
2023-05-16 13:19:00+00:00,411.85,411.85,411.87,600,1200,411.8566666666667,3.265926621838204e-08,-0.00022157462651040127
2023-05-16 13:20:00+00:00,411.77,411.76,411.78,500,200,411.7742857142857,3.032805236702145e-08,0.00013942955895718256
2023-05-16 13:21:00+00:00,411.81,411.8,411.82,2000,172,411.8184162062615,2.595232032547462e-08,-0.0002421266959325985
2023-05-16 13:22:00+00:00,411.72,411.71,411.73,200,75,411.7245454545455,2.2068551247723335e-08,-3.5666404293310805e-05
2023-05-16 13:23:00+00:00,411.72,411.7,411.71,99,272,411.7026684636119,1.3210539542968073e-08,2.0812150707261168e-06
2023-05-16 13:24:00+00:00,411.71,411.7,411.72,101,472,411.7035253054101,1.6708900367649935e-08,-0.00011698219871947302
2023-05-16 13:25:00+00:00,411.65,411.65,411.66,658,472,411.65582300884955,2.66554426210923e-08,-1.2611278647267632e-05
2023-05-16 13:26:00+00:00,411.65,411.64,411.66,900,572,411.65222826086955,2.738833071888759e-08,-1.7585220681515246e-05
2023-05-16 13:27:00+00:00,411.65,411.64,411.65,166,100,411.64624060150373,2.4117364276956345e-08,0.00011403478852489712
2023-05-16 13:28:00+00:00,411.69,411.67,411.69,2000,22,411.68978239366965,3.647610945587888e-08,0.00025409486149285954
2023-05-16 13:29:00+00:00,411.8,411.78,411.8,1050,5,411.79990521327016,8.701321692969699e-08,0.00013481783681856818
2023-05-16 13:30:00+00:00,411.85,411.82,411.86,1700,2000,411.83837837837837,1.7846393520427566e-07,9.519621005527057e-05
2023-05-16 13:31:00+00:00,411.9,411.89,411.91,400,500,411.8988888888889,1.6945836155859387e-07,7.991142396002182e-05
2023-05-16 13:32:00+00:00,411.92,411.91,411.92,500,200,411.91714285714284,1.4371621482288525e-07,0.0006529152055703147
2023-05-16 13:33:00+00:00,412.17,412.16,412.17,300,300,412.165,7.130178756866508e-08,-0.000375330284742903
2023-05-16 13:34:00+00:00,412.03,412.01,412.02,507,100,412.018352553542,1.027942576873628e-07,-2.4225001120870004e-05
2023-05-16 13:35:00+00:00,412.02,412.01,412.02,300,300,412.015,1.1911292651517261e-07,0.0002909229850998063
2023-05-16 13:36:00+00:00,412.16,412.16,412.17,300,200,412.166,1.2350568934716855e-07,-0.0002707278238353039
2023-05-16 13:37:00+00:00,412.03,412.04,412.05,600,300,412.0466666666667,9.236840316518547e-08,-1.9106956260728225e-05
2023-05-16 13:38:00+00:00,412.01,412.01,412.02,300,500,412.01375,7.192406944325151e-08,-0.00034828852678581157
2023-05-16 13:39:00+00:00,411.87,411.87,411.88,200,300,411.874,9.405519903613358e-08,-0.00045800367608261894
2023-05-16 13:40:00+00:00,411.68,411.67,411.68,400,300,411.67571428571426,1.380438337683329e-07,8.326929620694479e-05
2023-05-16 13:41:00+00:00,411.73,411.73,411.74,100,454,411.73180505415166,1.0790662652333976e-07,0.0005320541100588549
2023-05-16 13:42:00+00:00,412.01,412.0,412.01,734,526,412.00582539682534,1.9282467968098064e-07,0.0007282639218060272
2023-05-16 13:43:00+00:00,412.25,412.25,412.26,384,200,412.25657534246574,2.692425306671061e-07,0.0009816531887563151
2023-05-16 13:44:00+00:00,412.66,412.66,412.67,100,300,412.6625,1.3766613490782955e-07,-5.576275540108977e-05
2023-05-16 13:45:00+00:00,412.61,412.63,412.65,693,450,412.642125984252,2.0437418021480315e-07,0.00018425603832317172
2023-05-16 13:46:00+00:00,412.7,412.7,412.71,300,1352,412.70181598062953,9.79235765583912e-08,-8.153518035702856e-05
2023-05-16 13:47:00+00:00,412.69,412.68,412.69,523,380,412.68579180509414,8.623108328017698e-08,-0.00030545656546276945
2023-05-16 13:48:00+00:00,412.52,412.51,412.53,400,800,412.51666666666665,1.7767698859725208e-07,-0.0006775514167162155
2023-05-16 13:49:00+00:00,412.27,412.26,412.27,300,225,412.2657142857143,9.054959474457637e-08,0.00010065169601558566
2023-05-16 13:50:00+00:00,412.33,412.31,412.33,717,500,412.32178307313063,1.3246900773795052e-06,-0.0022559381665981926
2023-05-16 13:51:00+00:00,411.36,411.35,411.37,400,469,411.3592059838896,1.9457215096741848e-07,0.00030912482797562646
2023-05-16 13:52:00+00:00,411.53,411.53,411.54,300,230,411.53566037735845,1.0459816768583776e-07,0.0005842887398719299
2023-05-16 13:53:00+00:00,411.78,411.77,411.78,500,100,411.7783333333333,4.3825756043844363e-07,-0.0005150542486564991
2023-05-16 13:54:00+00:00,411.53,411.49,411.51,478,537,411.49941871921186,1.6183752931188723e-07,0.00011381235305840676
2023-05-16 13:55:00+00:00,411.58,411.57,411.59,400,480,411.5790909090909,1.2218936411425686e-07,-0.0002556101595492244
2023-05-16 13:56:00+00:00,411.42,411.41,411.43,547,554,411.419936421435,1.0849838459355817e-07,0.00011977815003505476
2023-05-16 13:57:00+00:00,411.52,411.52,411.53,300,300,411.525,8.567149153971299e-08,0.00022806099410410674
2023-05-16 13:58:00+00:00,411.6,411.6,411.61,345,200,411.60633027522937,7.432566799135738e-08,-0.00010885093360990528
2023-05-16 13:59:00+00:00,411.57,411.57,411.58,337,100,411.57771167048054,7.222337470768624e-08,8.57894307420004e-05
2023-05-16 14:00:00+00:00,411.62,411.59,411.61,200,308,411.597874015748,1.1925474572957705e-07,-0.00017672208147845314
2023-05-16 14:01:00+00:00,411.55,411.54,411.55,100,567,411.5414992503749,1.0895702319042728e-07,-0.00026193864108225995
2023-05-16 14:02:00+00:00,411.43,411.43,411.44,200,725,411.4321621621622,1.5102855576430517e-07,0.0005563146143887643
2023-05-16 14:03:00+00:00,411.65,411.64,411.66,1805,300,411.6571496437055,1.2494241553391806e-07,2.724772416007326e-05
2023-05-16 14:04:00+00:00,411.66,411.64,411.65,100,300,411.6425,8.531886837910112e-08,-3.2216062205492335e-05
2023-05-16 14:05:00+00:00,411.66,411.65,411.66,446,16,411.6596536796537,1.4640015465612902e-07,2.6771668966807383e-05
2023-05-16 14:06:00+00:00,411.68,411.68,411.7,567,700,411.68895027624313,1.4619206000636037e-07,0.0007111066225342633
2023-05-16 14:07:00+00:00,411.95,411.94,411.96,300,712,411.94592885375494,8.579118219574961e-08,-0.00023612776703507699
2023-05-16 14:08:00+00:00,411.86,411.84,411.86,1600,556,411.8548423005566,2.442174970352332e-07,-0.000750073965711251
2023-05-16 14:09:00+00:00,411.54,411.52,411.54,782,200,411.5359266802444,7.405067946116559e-08,-0.00033066067972042923
2023-05-16 14:10:00+00:00,411.44,411.43,411.44,300,300,411.435,2.0676042467237378e-07,-0.0008574772849321288
2023-05-16 14:11:00+00:00,411.08,411.06,411.08,666,1154,411.0673186813187,1.844137344561354e-07,-0.0002590545093861252
2023-05-16 14:12:00+00:00,410.96,410.96,410.97,500,904,410.96356125356124,2.424377505365903e-07,-0.00013201485131464352
2023-05-16 14:13:00+00:00,410.91,410.9,410.92,568,537,410.9102805429864,1.1075037910314265e-07,-0.0001679303856094716
2023-05-16 14:14:00+00:00,410.76,410.75,410.77,482,927,410.75684173172465,1.3836403946478084e-07,8.407188706471835e-05
2023-05-16 14:15:00+00:00,410.85,410.83,410.84,516,200,410.8372067039105,1.0885826528871926e-07,-3.2888196512370627e-05
2023-05-16 14:16:00+00:00,410.85,410.85,410.86,504,300,410.8562686567164,1.5957000252444775e-07,0.0005592582868352292
2023-05-16 14:17:00+00:00,411.08,411.04,411.06,400,1861,411.0435382574083,1.2920386831813077e-07,4.366255572807454e-05
2023-05-16 14:18:00+00:00,411.15,411.16,411.18,931,1300,411.16834603316903,1.641684191690921e-07,0.0004063582782027897
2023-05-16 14:19:00+00:00,411.3,411.26,411.28,600,1354,411.2661412487206,1.0120666741787188e-07,6.348670562905667e-05
2023-05-16 14:20:00+00:00,411.32,411.33,411.34,412,501,411.33451259583785,1.2193830749226703e-07,-7.393992090598545e-05
2023-05-16 14:21:00+00:00,411.25,411.26,411.27,500,400,411.2655555555556,7.732414277012557e-08,0.0001914331682280057
2023-05-16 14:22:00+00:00,411.34,411.34,411.35,428,300,411.3458791208791,6.518471059635007e-08,-0.0001412393593563932
2023-05-16 14:23:00+00:00,411.29,411.29,411.3,137,400,411.2925512104283,1.113565712330684e-07,-0.0005596164352466015
2023-05-16 14:24:00+00:00,411.06,411.05,411.06,500,200,411.0571428571429,8.971767497425937e-08,0.00025938108565282114
2023-05-16 14:25:00+00:00,411.18,411.18,411.19,100,700,411.18125,6.29169492360043e-08,0.0002664149066990973
2023-05-16 14:26:00+00:00,411.27,411.27,411.28,100,1676,411.2705630630631,1.0287010043052292e-07,0.0004167102705783243
2023-05-16 14:27:00+00:00,411.45,411.46,411.47,383,401,411.4648852040816,1.122019362995585e-07,3.7257090147901906e-05
2023-05-16 14:28:00+00:00,411.45,411.44,411.46,1826,500,411.4557007738607,9.267870070949448e-08,-0.00010329956395982443
2023-05-16 14:29:00+00:00,411.4,411.4,411.41,473,300,411.4061190168177,2.1440046280017532e-07,0.0010565378497775502
2023-05-16 14:30:00+00:00,411.83,411.81,411.82,650,337,411.81658561296854,2.5350507216722767e-07,0.00029455593914051725
2023-05-16 14:31:00+00:00,411.98,411.99,412.01,1868,600,412.0051377633711,3.275016678917303e-07,-0.0008876531159206502
2023-05-16 14:32:00+00:00,411.64,411.63,411.64,1705,400,411.6380997624703,3.6685354852870493e-07,-0.00029090592270786253
2023-05-16 14:33:00+00:00,411.49,411.49,411.51,766,383,411.5033333333333,1.1548764194990705e-07,9.28461945195469e-05
2023-05-16 14:34:00+00:00,411.53,411.52,411.53,200,200,411.525,9.033160718717693e-08,-0.00016121050971240614
2023-05-16 14:35:00+00:00,411.45,411.45,411.47,700,1200,411.45736842105265,7.319264358789525e-08,-0.00016693556800195797
2023-05-16 14:36:00+00:00,411.38,411.37,411.39,800,1539,411.3768405301411,5.5988323084904483e-08,-0.0005976157190238363
2023-05-16 14:37:00+00:00,411.12,411.12,411.13,380,600,411.1238775510204,1.0107090517032954e-07,0.00021768773075536707
2023-05-16 14:38:00+00:00,411.23,411.21,411.22,200,574,411.21258397932814,7.43559279552605e-08,-9.94102605212932e-05
2023-05-16 14:39:00+00:00,411.2,411.19,411.2,200,500,411.1928571428571,6.984894064463204e-08,-8.531219795959721e-05
2023-05-16 14:40:00+00:00,411.15,411.15,411.16,681,100,411.1587195902689,6.889599158756549e-08,-0.00017209664815576176
2023-05-16 14:41:00+00:00,411.09,411.08,411.1,543,700,411.08873692679003,7.450037995968821e-08,0.0003751320866602903
2023-05-16 14:42:00+00:00,411.25,411.21,411.23,1237,1973,411.217707165109,9.547142700808428e-08,-0.0003155823569562788
2023-05-16 14:43:00+00:00,411.11,411.11,411.12,892,501,411.1164034458005,9.10470022676333e-08,0.0001378053965435111
2023-05-16 14:44:00+00:00,411.17,411.16,411.17,494,201,411.1671079136691,1.334319778901841e-07,0.0007375580706996399
2023-05-16 14:45:00+00:00,411.47,411.46,411.48,400,2136,411.4631545741325,1.1865202495153109e-07,-8.808464133169824e-05
2023-05-16 14:46:00+00:00,411.42,411.4,411.42,1426,500,411.41480789200415,1.2546135999799613e-07,0.00018996413707350612
2023-05-16 14:47:00+00:00,411.49,411.52,411.53,400,1600,411.522,8.850792020869891e-08,-3.497819791131729e-05
2023-05-16 14:48:00+00:00,411.5,411.5,411.51,200,2128,411.5008591065292,7.522549545589096e-08,0.0002511242321381335
2023-05-16 14:49:00+00:00,411.6,411.6,411.61,400,1966,411.6016906170753,7.308610446446386e-08,-0.00020402280969955555
2023-05-16 14:50:00+00:00,411.5,411.51,411.52,618,500,411.51552772808583,1.878716913895455e-07,-0.0001409334481000668
2023-05-16 14:51:00+00:00,411.45,411.45,411.47,300,774,411.45558659217875,1.0639070648446945e-07,7.604133467720153e-05
2023-05-16 14:52:00+00:00,411.49,411.49,411.51,403,1554,411.4941185487992,9.477598463771473e-08,-2.1668274621244876e-05
2023-05-16 14:53:00+00:00,411.47,411.46,411.47,298,362,411.4645151515152,1.1467895482351403e-07,-0.000481296984699231
2023-05-16 14:54:00+00:00,411.28,411.27,411.28,100,439,411.27185528756957,7.876838069246165e-08,0.00033391387826187113
2023-05-16 14:55:00+00:00,411.41,411.42,411.43,1600,200,411.4288888888889,9.059915571386977e-08,0.00022048345941749758
2023-05-16 14:56:00+00:00,411.53,411.53,411.54,300,100,411.5375,1.3347147681613588e-07,0.0005917195710944956
2023-05-16 14:57:00+00:00,411.77,411.78,411.8,482,1587,411.78465925567906,8.731956113827199e-08,-3.5388503316080566e-05
2023-05-16 14:58:00+00:00,411.75,411.75,411.76,1,1737,411.7500057537399,2.077789886894214e-07,-0.0006389817002580012
2023-05-16 14:59:00+00:00,411.47,411.45,411.47,554,500,411.4605123339658,6.158364156055853e-08,-2.8458795712227314e-06
2023-05-16 15:00:00+00:00,411.48,411.46,411.47,338,200,411.46628252788105,1.1341834431487034e-07,-4.806757410757978e-05
2023-05-16 15:01:00+00:00,411.45,411.45,411.46,300,100,411.4575,9.86371659750443e-08,-0.00022169956677742242
2023-05-16 15:02:00+00:00,411.36,411.38,411.39,318,400,411.38442896935936,6.343389916076922e-08,0.0002523842267243559
2023-05-16 15:03:00+00:00,411.47,411.45,411.47,475,692,411.45814053127674,7.263790794888021e-08,1.3357522306245428e-05
2023-05-16 15:04:00+00:00,411.49,411.47,411.48,100,764,411.4711574074074,4.9532312884857114e-08,0.00016520540602060763
2023-05-16 15:05:00+00:00,411.54,411.53,411.54,337,100,411.5377116704806,7.105991805617706e-08,-0.0002601810242746083
2023-05-16 15:06:00+00:00,411.41,411.4,411.41,310,1854,411.4014325323475,5.9159331808231304e-08,7.863710324151896e-05
2023-05-16 15:07:00+00:00,411.45,411.44,411.45,305,530,411.4436526946108,5.421063099452347e-08,0.0003757144706275639
2023-05-16 15:08:00+00:00,411.6,411.65,411.66,200,1300,411.65133333333335,1.179435207652163e-07,2.82073434729746e-05
2023-05-16 15:09:00+00:00,411.63,411.62,411.63,100,899,411.621001001001,6.491759651251415e-08,-0.0003243259726701808
2023-05-16 15:10:00+00:00,411.5,411.49,411.51,880,1500,411.4973949579832,5.6836724736880064e-08,-1.5162346695185569e-05
2023-05-16 15:11:00+00:00,411.51,411.51,411.53,578,837,411.51816961130737,6.836232062638776e-08,0.0004221680351157442
2023-05-16 15:12:00+00:00,411.68,411.66,411.68,601,459,411.6713396226415,5.723784530777703e-08,0.00018073970414422824
2023-05-16 15:13:00+00:00,411.745,411.74,411.75,300,602,411.74332594235034,6.46769709693879e-08,-0.0006252776744768429
2023-05-16 15:14:00+00:00,411.48,411.48,411.49,400,300,411.48571428571427,7.880050911592272e-08,-5.202883753518961e-05
2023-05-16 15:15:00+00:00,411.43,411.45,411.46,1293,200,411.4586604152713,5.044162012981647e-08,-0.0001271705190138972
2023-05-16 15:16:00+00:00,411.42,411.41,411.43,200,909,411.4136068530207,7.929136898784728e-08,-0.0003338958853565943
2023-05-16 15:17:00+00:00,411.28,411.28,411.29,589,200,411.28746514575414,1.45024097490544e-07,0.00037742131579188154
2023-05-16 15:18:00+00:00,411.42,411.4,411.42,362,837,411.40603836530437,7.322168690736699e-08,1.036585245395294e-05
2023-05-16 15:19:00+00:00,411.44,411.43,411.44,145,300,411.4332584269663,6.023567486897575e-08,0.0001473417165940294
2023-05-16 15:20:00+00:00,411.49,411.48,411.49,200,400,411.48333333333335,6.085106863362211e-08,0.0001885486553814264
2023-05-16 15:21:00+00:00,411.57,411.57,411.58,328,502,411.5739518072289,6.223963715678356e-08,-0.00018995231003804403
2023-05-16 15:22:00+00:00,411.49,411.49,411.5,200,589,411.4925348542459,5.377339848828558e-08,-5.2199895929638807e-05
2023-05-16 15:23:00+00:00,411.47,411.47,411.48,224,517,411.4730229419703,3.841214738579453e-08,6.133405923502977e-05
2023-05-16 15:24:00+00:00,411.5,411.49,411.5,336,400,411.4945652173913,5.052275485952422e-08,0.00014273309496526387
2023-05-16 15:25:00+00:00,411.56,411.56,411.57,200,1100,411.5615384615385,4.230549438027338e-08,9.026624137331574e-05
2023-05-16 15:26:00+00:00,411.6,411.59,411.6,388,499,411.59437429537763,3.8253195204499784e-08,0.00024449375556501174
2023-05-16 15:27:00+00:00,411.7,411.69,411.7,657,225,411.6974489795918,4.975225476446648e-08,-6.903952940262581e-05
2023-05-16 15:28:00+00:00,411.65,411.66,411.67,616,101,411.66859135285915,4.608368862575842e-08,0.0001263369414827853
2023-05-16 15:29:00+00:00,411.73,411.71,411.72,139,695,411.7116666666667,1.1562799109394977e-07,0.00046969198171620263
2023-05-16 15:30:00+00:00,411.91,411.91,411.93,273,1191,411.91372950819675,7.40742755767029e-08,-0.00013482535808850837
2023-05-16 15:31:00+00:00,411.87,411.85,411.87,846,600,411.8617012448133,8.025765865361217e-08,-0.00029493558540816256
2023-05-16 15:32:00+00:00,411.73,411.74,411.76,1744,600,411.75488054607507,7.318002425905819e-08,-0.00036314253688130016
2023-05-16 15:33:00+00:00,411.57,411.57,411.59,600,457,411.58135288552506,7.246464064899243e-08,0.00018633220911490334
2023-05-16 15:34:00+00:00,411.66,411.66,411.67,100,501,411.6616638935108,4.5624019006649726e-08,-0.00030660610434785074
2023-05-16 15:35:00+00:00,411.52,411.53,411.54,712,100,411.53876847290644,6.349371329466616e-08,-3.270299220903272e-05
2023-05-16 15:36:00+00:00,411.51,411.5,411.52,1183,823,411.5117946161515,5.918360285307621e-08,-0.00038412457561276536
2023-05-16 15:37:00+00:00,411.35,411.34,411.36,525,2017,411.34413060582216,1.2438792125708638e-07,-0.0005522434076830063
2023-05-16 15:38:00+00:00,411.12,411.12,411.13,550,400,411.1257894736842,1.0460307965977393e-07,-0.0001964464792668652
2023-05-16 15:39:00+00:00,411.05,411.05,411.06,400,1100,411.05266666666665,8.538121079903325e-08,0.00023578224871845244
2023-05-16 15:40:00+00:00,411.17,411.17,411.18,200,903,411.1718132366274,8.002555520345069e-08,6.988442293742736e-05
2023-05-16 15:41:00+00:00,411.18,411.17,411.19,400,547,411.17844772967265,5.9182449374126685e-08,-0.00012399927267336963
2023-05-16 15:42:00+00:00,411.115,411.12,411.13,200,294,411.12404858299595,3.7479407365139176e-08,-3.6475075909203625e-05
2023-05-16 15:43:00+00:00,411.12,411.11,411.13,901,1801,411.1166691339748,4.54353321450508e-08,0.00038298334380826304
2023-05-16 15:44:00+00:00,411.27,411.27,411.28,500,1002,411.2733288948069,8.146425778506129e-08,0.00024987665632592027
2023-05-16 15:45:00+00:00,411.39,411.39,411.4,200,520,411.3927777777778,7.353437765648245e-08,-0.0001440060244295438
2023-05-16 15:46:00+00:00,411.33,411.33,411.35,2330,300,411.3477186311787,5.6224547424421006e-08,0.0004583071003598782
2023-05-16 15:47:00+00:00,411.51,411.49,411.5,995,261,411.4979219745223,3.797249647312296e-08,-0.0003807732697698185
2023-05-16 15:48:00+00:00,411.35,411.34,411.35,598,100,411.3485673352436,5.758227165716806e-08,0.00043521862342688067
2023-05-16 15:49:00+00:00,411.53,411.53,411.54,300,696,411.5330120481928,5.2529848789597416e-08,0.0004586392414864804
2023-05-16 15:50:00+00:00,411.715,411.71,411.72,301,344,411.71466666666663,8.456475904846514e-08,-0.00010438397464329618
2023-05-16 15:51:00+00:00,411.68,411.68,411.69,604,780,411.6843641618497,5.2575848252047873e-08,0.00013529127169698008
2023-05-16 15:52:00+00:00,411.75,411.75,411.76,300,300,411.755,1.937959992005794e-07,0.0006365685502387475
2023-05-16 15:53:00+00:00,412.0,412.0,412.02,500,900,412.00714285714287,7.320152486229932e-08,-0.0003046998789996147
2023-05-16 15:54:00+00:00,411.86,411.86,411.87,503,490,411.8650654582075,4.810189675034951e-08,2.9728650387639277e-05
2023-05-16 15:55:00+00:00,411.88,411.87,411.88,300,1200,411.872,4.359324385814448e-08,-0.00011986616359216384
2023-05-16 15:56:00+00:00,411.82,411.82,411.83,100,1783,411.82053106744553,4.071495249279279e-08,-5.108438284739947e-05
2023-05-16 15:57:00+00:00,411.8,411.79,411.81,1386,737,411.8030569948187,7.140455188810881e-08,-5.409216880569723e-05
2023-05-16 15:58:00+00:00,411.79,411.78,411.8,588,924,411.78777777777776,8.415902634787088e-08,0.00028356535629292523
2023-05-16 15:59:00+00:00,411.91,411.91,411.92,200,1100,411.91153846153844,5.046586789885634e-08,1.9288655235483176e-05
2023-05-16 16:00:00+00:00,411.91,411.9,411.91,644,300,411.9068220338983,8.065016096462352e-08,-0.0002616814639125886
2023-05-16 16:01:00+00:00,411.81,411.79,411.81,1192,537,411.8037883169462,3.60607387837277e-08,5.8280435743407466e-05
2023-05-16 16:02:00+00:00,411.79,411.78,411.79,500,437,411.7853361792956,6.65614226406168e-08,-0.00011818608210600878
2023-05-16 16:03:00+00:00,411.77,411.77,411.78,809,300,411.7772948602344,4.251499661491427e-08,-2.5723656026377384e-06
2023-05-16 16:04:00+00:00,411.78,411.77,411.78,209,461,411.77311940298506,4.530439676445918e-08,0.00014436390225158746
2023-05-16 16:05:00+00:00,411.83,411.82,411.84,794,557,411.83175425610654,5.752723716343168e-08,6.828779459033818e-05
2023-05-16 16:06:00+00:00,411.85,411.85,411.87,1125,1013,411.86052385406924,6.21018804965561e-08,9.717620686022777e-05
2023-05-16 16:07:00+00:00,411.89,411.89,411.9,234,200,411.8953917050691,3.43743699795983e-08,7.66368660167771e-05
2023-05-16 16:08:00+00:00,411.94,411.92,411.94,1113,400,411.93471249173825,3.976160899774618e-08,2.200917070283026e-05
2023-05-16 16:09:00+00:00,411.95,411.95,411.96,400,500,411.95444444444445,4.4901354292461895e-08,9.523701133939966e-06
2023-05-16 16:10:00+00:00,411.96,411.95,411.97,454,1200,411.95548972188635,4.614483791711796e-08,6.70415514236744e-05
2023-05-16 16:11:00+00:00,411.95,411.97,411.98,709,100,411.9787639060569,3.52542403326619e-08,-0.00010870707764298881
2023-05-16 16:12:00+00:00,411.91,411.9,411.91,400,400,411.905,4.0152396803299625e-08,5.2166062284086934e-05
2023-05-16 16:13:00+00:00,411.94,411.94,411.96,1337,565,411.9540588853838,2.9286551993237017e-08,6.3430583290280396e-06
2023-05-16 16:14:00+00:00,411.95,411.95,411.96,794,600,411.9556958393113,5.458942275944733e-08,-7.062902701249207e-05
2023-05-16 16:15:00+00:00,411.93,411.92,411.93,100,400,411.922,2.7256672916966944e-08,0.00018902638491824497
2023-05-16 16:16:00+00:00,412.01,412.0,412.01,426,190,412.0069155844156,2.4756118556821908e-08,-0.00028274239883996355
2023-05-16 16:17:00+00:00,411.895,411.89,411.9,1365,100,411.8993174061433,3.3016272386865494e-08,-9.652997188902557e-05
2023-05-16 16:18:00+00:00,411.84,411.84,411.86,1209,400,411.8550279676818,1.5403176916328007e-08,3.329815716490714e-07
2023-05-16 16:19:00+00:00,411.85,411.85,411.86,100,681,411.85128040973115,2.958275566646001e-08,-0.00023104043707578015
2023-05-16 16:20:00+00:00,411.75,411.75,411.76,300,652,411.7531512605042,4.302246557382693e-08,0.00015931107253708277
2023-05-16 16:21:00+00:00,411.81,411.81,411.82,100,727,411.8112091898428,4.356279789571711e-08,-0.00015925256430215917
2023-05-16 16:22:00+00:00,411.75,411.75,411.76,200,309,411.75392927308445,4.293947984737378e-08,-0.00040843775041399244
2023-05-16 16:23:00+00:00,411.58,411.57,411.59,917,300,411.5850698438784,4.625006725834422e-08,0.00021501150473968167
2023-05-16 16:24:00+00:00,411.67,411.66,411.67,4,496,411.66008,2.4044687082785676e-08,0.00014522119040605297
2023-05-16 16:25:00+00:00,411.74,411.73,411.75,500,2292,411.73358166189115,3.998709196251633e-08,0.0002277819464837627
2023-05-16 16:26:00+00:00,411.825,411.82,411.83,1046,402,411.82722375690605,4.4702430430911644e-08,-0.00021703674855988453
2023-05-16 16:27:00+00:00,411.73,411.73,411.74,400,337,411.7354274084125,2.4546660293267902e-08,-1.0608817836543771e-05
2023-05-16 16:28:00+00:00,411.71,411.71,411.72,100,704,411.7112437810945,4.7223855273553026e-08,6.574082883403776e-06
2023-05-16 16:29:00+00:00,411.74,411.73,411.75,500,581,411.73925069380203,4.236541027773633e-08,0.00033044407145044197
2023-05-16 16:30:00+00:00,411.87,411.86,411.87,500,495,411.86502512562816,3.8185599705992826e-08,0.00015665456988145365
2023-05-16 16:31:00+00:00,411.95,411.93,411.95,1000,1433,411.9382203041513,5.106769134963788e-08,-0.0004543993112183786
2023-05-16 16:32:00+00:00,411.75,411.74,411.75,700,1900,411.7426923076923,3.34618324519862e-08,-0.00013140997344396332
2023-05-16 16:33:00+00:00,411.7,411.7,411.71,484,400,411.7054751131222,6.122477292525841e-08,0.0001745989066699316
2023-05-16 16:34:00+00:00,411.78,411.76,411.77,562,325,411.7663359639233,4.9822019400197965e-08,0.00012669371729101542
2023-05-16 16:35:00+00:00,411.8,411.81,411.82,500,200,411.81714285714287,3.3870718881493797e-08,0.00013009329750479637
2023-05-16 16:36:00+00:00,411.87,411.87,411.88,300,570,411.8734482758621,3.8061691947108875e-08,7.876360146275019e-05
2023-05-16 16:37:00+00:00,411.89,411.9,411.91,327,400,411.9044979367263,3.9475996030910344e-08,-0.00030435274589657446
2023-05-16 16:38:00+00:00,411.78,411.77,411.79,1686,700,411.78413243922887,3.441421553248284e-08,0.00031055283083647467
2023-05-16 16:39:00+00:00,411.91,411.9,411.91,1598,300,411.9084193888304,3.363374775288912e-08,0.0003164635303822827
2023-05-16 16:40:00+00:00,412.1,412.1,412.11,622,100,412.1086149584488,2.1825156983668362e-07,0.0004074887592593335
2023-05-16 16:41:00+00:00,412.19,412.19,412.21,1537,481,412.20523290386524,9.039824489291184e-08,-0.00018888379466153182
2023-05-16 16:42:00+00:00,412.13,412.13,412.14,100,587,412.1314556040757,9.885811040343903e-08,3.301740800765174e-07
2023-05-16 16:43:00+00:00,412.12,412.1,412.12,1084,975,412.11052938319574,4.636231747776198e-08,-0.00016950029575835135
2023-05-16 16:44:00+00:00,412.07,412.06,412.07,435,900,412.06325842696623,3.136651691042316e-08,0.00014234698716730776
2023-05-16 16:45:00+00:00,412.11,412.11,412.12,200,500,412.11285714285714,1.8289531007661888e-07,-0.0005262736213018648
2023-05-16 16:46:00+00:00,411.91,411.91,411.93,1637,600,411.92463567277605,4.416452665936847e-08,0.00023609561478310503
2023-05-16 16:47:00+00:00,412.0,411.99,412.0,400,300,411.9957142857143,9.462716513739807e-08,-0.00047275246747002786
2023-05-16 16:48:00+00:00,411.79,411.78,411.79,400,832,411.7832467532467,8.607882724222144e-08,-0.00045200396703848345
2023-05-16 16:49:00+00:00,411.61,411.6,411.61,400,900,411.6030769230769,7.380455837906525e-08,0.0005145024500627926
2023-05-16 16:50:00+00:00,411.83,411.83,411.84,200,1000,411.83166666666665,4.872180335694661e-08,0.00020138374921829794
2023-05-16 16:51:00+00:00,411.91,411.91,411.92,100,1090,411.91084033613447,5.60826352861057e-08,-0.00023161190580578417
2023-05-16 16:52:00+00:00,411.82,411.81,411.83,634,1600,411.8156759176365,4.2614966476425735e-08,0.00023867578692349234
2023-05-16 16:53:00+00:00,411.92,411.94,411.95,793,600,411.94569274946156,6.09753327484181e-08,-0.0001363960243465634
2023-05-16 16:54:00+00:00,411.87,411.86,411.87,300,300,411.865,2.5583480451140834e-08,0.0002763058036341359
2023-05-16 16:55:00+00:00,411.97,411.97,411.98,400,1600,411.972,5.789775806619632e-08,8.548974456967784e-05
2023-05-16 16:56:00+00:00,412.0,411.98,411.99,354,200,411.9863898916967,3.436428388228293e-08,-8.777705260643032e-06
2023-05-16 16:57:00+00:00,412.0,412.0,412.01,499,400,412.00555061179085,2.54942720039722e-08,0.00015142326551842444
2023-05-16 16:58:00+00:00,412.065,412.05,412.06,476,300,412.0561340206186,2.8231026250424674e-08,9.413445002182108e-05
2023-05-16 16:59:00+00:00,412.11,412.11,412.13,1723,603,412.12481513327606,1.4107876129518282e-07,-0.00011641094223613369
2023-05-16 17:00:00+00:00,412.05,412.05,412.06,405,600,412.05402985074625,2.0097362221037613e-08,0.0001333868774004987
2023-05-16 17:01:00+00:00,412.11,412.1,412.11,500,396,412.10558035714286,8.839876078871838e-08,-0.00023472102251953508
2023-05-16 17:02:00+00:00,412.01,412.01,412.02,100,836,412.01106837606835,3.612648703278052e-08,-5.421975063257811e-06
2023-05-16 17:03:00+00:00,412.02,412.02,412.04,328,1328,412.02396135265695,2.371895274932425e-08,-8.029982649959688e-05
2023-05-16 17:04:00+00:00,411.98,411.97,411.99,1263,415,411.9850536352801,4.0655366390579717e-08,-6.498579845293229e-05
2023-05-16 17:05:00+00:00,411.95,411.95,411.96,100,489,411.95169779286925,3.074247541429537e-08,-0.00013520243250675357
2023-05-16 17:06:00+00:00,411.9,411.9,411.91,400,483,411.904530011325,6.555183088537916e-08,0.00021154658484734412
2023-05-16 17:07:00+00:00,411.99,411.98,411.99,545,400,411.98576719576727,3.4031214666766136e-08,0.0001025896224842171
2023-05-16 17:08:00+00:00,412.03,412.02,412.03,417,313,412.02571232876704,5.758989643660961e-08,0.0002489136757024557
2023-05-16 17:09:00+00:00,412.12,412.12,412.13,625,100,412.1286206896552,1.6487650006786143e-08,-0.00017798158558890442
2023-05-16 17:10:00+00:00,412.06,412.06,412.07,300,200,412.066,2.3757217814076118e-08,5.982842630825047e-05
2023-05-16 17:11:00+00:00,412.09,412.07,412.09,692,915,412.0786123210952,2.6314480001276344e-08,-0.00010421836909901838
2023-05-16 17:12:00+00:00,412.04,412.04,412.05,209,400,412.04343185550084,3.14347336122734e-08,-0.00024116764800863333
2023-05-16 17:13:00+00:00,411.94,411.93,411.95,598,898,411.9379946524064,3.0673929772929834e-08,0.0002532955808207671
2023-05-16 17:14:00+00:00,412.04,412.03,412.04,416,590,412.03413518886674,3.034369756244109e-08,-6.979660623085415e-05
2023-05-16 17:15:00+00:00,412.01,412.0,412.01,400,1290,412.0023668639053,3.568794512160318e-08,-3.0563782018599994e-06
2023-05-16 17:16:00+00:00,412.01,412.0,412.02,1047,516,412.01339731285987,4.04659964249546e-08,-0.00013093198612434964
2023-05-16 17:17:00+00:00,411.95,411.95,411.96,687,538,411.9556081632653,2.7528097509821595e-08,4.45412379779242e-05
2023-05-16 17:18:00+00:00,411.98,411.98,411.99,400,700,411.9836363636364,2.6581462447682476e-08,-0.0004424431327642031
2023-05-16 17:19:00+00:00,411.79,411.79,411.8,300,745,411.79287081339714,2.5106852952294096e-08,2.9382885909701173e-05
2023-05-16 17:20:00+00:00,411.815,411.81,411.82,2064,900,411.816963562753,3.711019209829912e-08,0.00016221401691685067
2023-05-16 17:21:00+00:00,411.87,411.87,411.88,374,405,411.8748010269576,3.585663230655859e-08,-0.0003403083765293191
2023-05-16 17:22:00+00:00,411.73,411.72,411.74,608,652,411.72965079365076,2.8924085232001294e-08,1.7066675062293868e-05
2023-05-16 17:23:00+00:00,411.77,411.77,411.78,644,78,411.77891966759006,5.252292859610079e-08,0.0002987630010633513
2023-05-16 17:24:00+00:00,411.87,411.86,411.87,300,300,411.865,3.717864400499163e-08,-0.00021640255407306963
2023-05-16 17:25:00+00:00,411.77,411.77,411.78,302,678,411.77308163265303,2.206358907481599e-08,-0.00018290379978314064
2023-05-16 17:26:00+00:00,411.7,411.7,411.72,599,1003,411.7074781523096,4.8248251950537105e-08,0.00020303479888172937
2023-05-16 17:27:00+00:00,411.78,411.77,411.79,1264,1198,411.780268074736,3.9214445961987986e-08,-0.0002851769951855987
2023-05-16 17:28:00+00:00,411.67,411.66,411.68,500,1945,411.6640899795501,4.0903523149932723e-08,-0.00032453514452257526
2023-05-16 17:29:00+00:00,411.51,411.51,411.52,409,309,411.5156963788301,5.6896866947750704e-08,6.748804151834875e-05
2023-05-16 17:30:00+00:00,411.55,411.56,411.58,645,1900,411.565068762279,5.991871341761832e-08,-0.00014199915716817113
2023-05-16 17:31:00+00:00,411.5,411.49,411.5,421,400,411.4951278928136,3.504248934865302e-08,7.196047722057841e-05
2023-05-16 17:32:00+00:00,411.53,411.53,411.54,513,500,411.53506416584406,3.2104677638124204e-08,-1.1183214421506271e-05
2023-05-16 17:33:00+00:00,411.57,411.58,411.59,301,600,411.5833407325194,8.783990335773889e-08,0.00036092500452755694
2023-05-16 17:34:00+00:00,411.67,411.66,411.67,500,100,411.66833333333335,2.349461267920682e-08,0.00010143051186917162
2023-05-16 17:35:00+00:00,411.72,411.71,411.73,645,1601,411.7157435440784,3.5106023871624485e-08,-0.0001019964495817538
2023-05-16 17:36:00+00:00,411.67,411.67,411.68,300,500,411.67375,1.7410801154805623e-08,-1.012128333699458e-06
2023-05-16 17:37:00+00:00,411.67,411.67,411.68,300,446,411.6740214477212,4.070803064308256e-08,2.6990116217540105e-06
2023-05-16 17:38:00+00:00,411.67,411.66,411.67,602,199,411.6675156054931,3.824312412618948e-08,-0.00039694728811845437
2023-05-16 17:39:00+00:00,411.51,411.5,411.52,426,745,411.5072758326217,2.4749994943393455e-08,3.391888209414162e-05
2023-05-16 17:40:00+00:00,411.52,411.5,411.51,438,1407,411.50237398373986,3.5382269650101084e-08,-0.00016764324419737964
2023-05-16 17:41:00+00:00,411.46,411.45,411.46,600,400,411.456,3.475449907056474e-08,0.0002118563640041149
2023-05-16 17:42:00+00:00,411.53,411.54,411.55,300,1293,411.54188323917134,2.298748163227348e-08,-4.0100059146230826e-05
2023-05-16 17:43:00+00:00,411.53,411.53,411.54,400,400,411.535,2.7468685726876825e-08,-0.0002923014832714177
2023-05-16 17:44:00+00:00,411.39,411.38,411.39,452,299,411.38601864181095,2.4378313914260823e-08,6.552285831840088e-05
2023-05-16 17:45:00+00:00,411.44,411.44,411.45,364,622,411.44369168356997,3.617392375232458e-08,-4.246745719649336e-05
2023-05-16 17:46:00+00:00,411.43,411.41,411.42,800,300,411.41727272727275,7.306523364091372e-08,0.0001107839018541501
2023-05-16 17:47:00+00:00,411.46,411.46,411.47,341,288,411.4654213036566,5.850543605641357e-08,0.00040619205714054196
2023-05-16 17:48:00+00:00,411.63,411.62,411.63,600,100,411.62857142857143,3.711697469411506e-08,0.0002339073306463213
2023-05-16 17:49:00+00:00,411.73,411.72,411.74,500,2060,411.7239062500001,1.8052404074795274e-08,-1.5869166007931312e-06
2023-05-16 17:50:00+00:00,411.73,411.72,411.74,464,2145,411.7235569183595,2.3901181653913225e-08,-9.156998608572664e-05
2023-05-16 17:51:00+00:00,411.69,411.69,411.7,300,613,411.69328587075574,2.653628864903042e-08,0.0001189236407623806
2023-05-16 17:52:00+00:00,411.749,411.73,411.74,201,691,411.73225336322866,3.0692981469848024e-08,8.066023998254401e-05
2023-05-16 17:53:00+00:00,411.77,411.76,411.78,545,943,411.7673252688172,1.5954903991060717e-08,7.280345695859225e-06
2023-05-16 17:54:00+00:00,411.81,411.81,411.82,117,860,411.8111975435005,2.490799314934806e-08,-2.7799688786855903e-05
2023-05-16 17:55:00+00:00,411.76,411.75,411.77,602,917,411.7579262672811,1.923056284189727e-08,5.8977177547214765e-05
2023-05-16 17:56:00+00:00,411.78,411.78,411.79,600,410,411.7859405940594,1.2220567896709428e-08,-9.28993298340286e-05
2023-05-16 17:57:00+00:00,411.74,411.74,411.75,500,400,411.74555555555554,2.100566729111963e-08,0.00020397382383863238
2023-05-16 17:58:00+00:00,411.83,411.82,411.84,641,705,411.8295245170877,3.108739087888875e-08,0.000200136121307537
2023-05-16 17:59:00+00:00,411.92,411.91,411.92,153,899,411.9114543726236,4.2024214338480786e-08,-0.00011238772543542552
2023-05-16 18:00:00+00:00,411.875,411.88,411.89,500,700,411.88416666666666,7.633158784164266e-08,-0.00013927730309692965
2023-05-16 18:01:00+00:00,411.8,411.79,411.8,100,737,411.7911947431303,5.2060563007755065e-08,-0.00018056358809992457
2023-05-16 18:02:00+00:00,411.73,411.72,411.74,1842,574,411.7352483443709,4.2780940521229233e-08,-0.0006044446298879569
2023-05-16 18:03:00+00:00,411.49,411.49,411.51,1657,710,411.5040008449514,2.683455590444298e-08,0.00011508246797009569
2023-05-16 18:04:00+00:00,411.53,411.53,411.54,996,500,411.5366577540108,4.716605917017209e-08,-0.00025485355433041423
2023-05-16 18:05:00+00:00,411.425,411.42,411.43,1100,400,411.4273333333333,3.97669688298656e-08,4.0008747896669306e-05
2023-05-16 18:06:00+00:00,411.45,411.44,411.45,401,759,411.44345689655177,2.6294139436465855e-08,9.71244822352002e-05
2023-05-16 18:07:00+00:00,411.49,411.48,411.49,604,690,411.4846676970634,5.945520768345596e-08,-0.00043765301638198917
2023-05-16 18:08:00+00:00,411.3,411.29,411.3,250,961,411.29206440957887,4.961068098795195e-08,-0.00012566316431728008
2023-05-16 18:09:00+00:00,411.26,411.25,411.26,501,482,411.2550966429298,6.601828767534667e-08,0.00037116762624878064
2023-05-16 18:10:00+00:00,411.4,411.4,411.41,494,398,411.4055381165919,5.6595038956836995e-08,-0.00039316160890212615
2023-05-16 18:11:00+00:00,411.23,411.22,411.23,387,247,411.22610410094643,4.054564832355877e-08,0.0002693200581382893
2023-05-16 18:12:00+00:00,411.34,411.34,411.35,412,535,411.3443505807814,3.5789113813120425e-08,2.5497715530287124e-05
2023-05-16 18:13:00+00:00,411.37,411.37,411.38,513,20,411.3796247654784,3.034571661327621e-08,0.0001968997936105943
2023-05-16 18:14:00+00:00,411.45,411.44,411.45,204,100,411.4467105263158,2.8563390572798706e-08,-0.00018608133280695327
2023-05-16 18:15:00+00:00,411.4,411.36,411.37,302,32,411.3690419161677,5.0862748111998186e-08,-0.0001506558820084658
2023-05-16 18:16:00+00:00,411.305,411.3,411.31,570,412,411.3058044806518,2.8779563563929718e-08,6.759076207218939e-05
2023-05-16 18:17:00+00:00,411.33,411.33,411.34,502,318,411.3361219512195,3.386524682396133e-08,5.6009432755521615e-05
2023-05-16 18:18:00+00:00,411.36,411.35,411.37,1555,663,411.3640216411181,4.084199274409304e-08,0.000184609062311214
2023-05-16 18:19:00+00:00,411.44,411.43,411.45,459,551,411.4390891089109,2.9041063710076453e-08,8.987143957117638e-05
2023-05-16 18:20:00+00:00,411.47,411.46,411.48,300,1500,411.4633333333333,3.200110868817869e-08,-7.909394822924742e-05
2023-05-16 18:21:00+00:00,411.49,411.43,411.45,403,555,411.4384133611691,1.9096840204374372e-07,-0.00027866379176266776
2023-05-16 18:22:00+00:00,411.33,411.33,411.34,100,479,411.3317271157167,3.1212333926788966e-08,-0.00012099056711256662
2023-05-16 18:23:00+00:00,411.28,411.26,411.28,400,1020,411.26563380281686,3.566083805338377e-08,9.013005286573339e-05
2023-05-16 18:24:00+00:00,411.31,411.3,411.32,845,500,411.3125650557621,9.687150837899514e-08,-0.00013924136568710388
2023-05-16 18:25:00+00:00,411.27,411.25,411.26,238,345,411.2540823327616,4.4208335116756066e-08,0.00012727666250733627
2023-05-16 18:26:00+00:00,411.31,411.3,411.32,719,573,411.31113003095976,3.7493257131504965e-08,-0.0001119563910428889
2023-05-16 18:27:00+00:00,411.27,411.26,411.28,479,662,411.2683961437336,3.372111722615876e-08,-9.445928240769952e-05
2023-05-16 18:28:00+00:00,411.21,411.2,411.22,1284,286,411.21635668789804,2.922566196231508e-08,3.838758039820256e-05
2023-05-16 18:29:00+00:00,411.25,411.25,411.27,564,589,411.2597831743279,3.280106967496825e-08,0.0001404282549783975
2023-05-16 18:30:00+00:00,411.29,411.28,411.3,1222,900,411.29151743638084,4.597734639305277e-08,-0.00025321624773011475
2023-05-16 18:31:00+00:00,411.19,411.18,411.19,710,301,411.1870227497527,4.0690368534006536e-08,-0.0003004179869093848
2023-05-16 18:32:00+00:00,411.05,411.04,411.05,451,300,411.04600532623175,4.8229296443058685e-08,5.117585803415814e-05
2023-05-16 18:33:00+00:00,411.09,411.08,411.1,471,647,411.0884257602862,3.116412408857836e-08,0.00011327825860618645
2023-05-16 18:34:00+00:00,411.14,411.13,411.14,365,100,411.1378494623656,5.920968210879426e-08,0.0003892443771713605
2023-05-16 18:35:00+00:00,411.29,411.29,411.3,300,499,411.29375469336674,4.851870703775343e-08,-0.00018855645622239958
2023-05-16 18:36:00+00:00,411.22,411.21,411.22,518,215,411.2170668485675,4.497825943143135e-08,-7.025261364801416e-05
2023-05-16 18:37:00+00:00,411.21,411.18,411.2,300,820,411.18535714285713,2.3936154338275286e-08,6.470115541379329e-05
2023-05-16 18:38:00+00:00,411.22,411.21,411.22,445,271,411.2162150837989,4.719384398453312e-08,0.00014301984523368283
2023-05-16 18:39:00+00:00,411.28,411.27,411.28,300,600,411.2733333333333,3.2087003910389555e-08,0.00021867905064265614
2023-05-16 18:40:00+00:00,411.38,411.38,411.4,500,553,411.38949667616333,5.1731089976754356e-08,0.000259111267332246
2023-05-16 18:41:00+00:00,411.47,411.45,411.47,946,700,411.4614945321993,3.498432916857065e-08,0.0001031283893859758
2023-05-16 18:42:00+00:00,411.51,411.49,411.52,1729,1290,411.5071811858231,3.629793851567843e-08,-0.00012314221459908126
2023-05-16 18:43:00+00:00,411.47,411.46,411.47,200,1394,411.4612547051443,2.971173277621871e-08,7.381603276135351e-05
2023-05-16 18:44:00+00:00,411.5,411.49,411.5,400,364,411.4952356020942,1.1165053715348389e-08,5.3721906371206885e-05
2023-05-16 18:45:00+00:00,411.51,411.5,411.52,545,845,411.5078417266187,2.8308939923170885e-08,5.153826373072157e-05
2023-05-16 18:46:00+00:00,411.53,411.53,411.54,545,100,411.53844961240316,2.704608824296279e-08,6.79260760043654e-05
2023-05-16 18:47:00+00:00,411.57,411.56,411.57,303,200,411.5660238568588,2.442062819970458e-08,-0.0001153945654752686
2023-05-16 18:48:00+00:00,411.52,411.51,411.52,425,500,411.5145945945946,2.1823290609098166e-08,0.00011864091394109266
2023-05-16 18:49:00+00:00,411.57,411.56,411.57,500,551,411.5647573739296,1.276831816219145e-08,5.9639092142349526e-05
2023-05-16 18:50:00+00:00,411.59,411.58,411.6,300,1345,411.5836474164134,3.41604543054451e-08,0.00022142314699258314
2023-05-16 18:51:00+00:00,411.68,411.67,411.68,445,400,411.67526627218933,3.231023949839973e-08,0.00012830152304510456
2023-05-16 18:52:00+00:00,411.73,411.73,411.74,300,500,411.73375,2.7639585132757163e-08,0.00010646788747692426
2023-05-16 18:53:00+00:00,411.77,411.77,411.78,302,400,411.774301994302,1.7759183215839257e-08,-5.542589525375785e-05
2023-05-16 18:54:00+00:00,411.76,411.75,411.76,397,378,411.75512258064515,3.830199053930531e-08,9.520532713036545e-05
2023-05-16 18:55:00+00:00,411.79,411.79,411.81,1355,710,411.80312348668286,1.9510308189044744e-08,7.499641424524306e-05
2023-05-16 18:56:00+00:00,411.82,411.81,411.83,1940,848,411.82391678622673,2.8748708655107538e-08,-6.586863741275817e-05
2023-05-16 18:57:00+00:00,411.79,411.79,411.8,1000,504,411.79664893617024,1.633207492778309e-08,-0.00015290140386226003
2023-05-16 18:58:00+00:00,411.73,411.72,411.74,798,844,411.72971985383685,2.8747146687850955e-08,-0.0002108641686601187
2023-05-16 18:59:00+00:00,411.64,411.63,411.64,204,696,411.6322666666666,2.481433922951977e-08,0.00013570447688104892
2023-05-16 19:00:00+00:00,411.69,411.68,411.69,300,703,411.68299102691924,4.1716006327657354e-08,-0.00011951358088369002
2023-05-16 19:01:00+00:00,411.66,411.66,411.67,301,1100,411.6621484653819,2.034758412351975e-08,6.903024068072305e-05
2023-05-16 19:02:00+00:00,411.69,411.68,411.69,774,200,411.68794661190964,2.777880566191881e-08,0.0003088887392186379
2023-05-16 19:03:00+00:00,411.81,411.8,411.82,964,666,411.8118282208589,2.6732640625421063e-08,-8.360608156554594e-05
2023-05-16 19:04:00+00:00,411.77,411.77,411.78,316,407,411.77437067773167,1.948714898655552e-08,-5.934787052586099e-05
2023-05-16 19:05:00+00:00,411.76,411.75,411.76,500,611,411.754500450045,2.925226365765172e-08,-0.00019496566202970023
2023-05-16 19:06:00+00:00,411.67,411.67,411.68,617,446,411.6758043273754,2.949610761522612e-08,1.4344690829837248e-05
2023-05-16 19:07:00+00:00,411.67,411.66,411.67,2060,400,411.66837398373985,2.9035566011661735e-08,-0.00019919853422889489
2023-05-16 19:08:00+00:00,411.6,411.59,411.6,302,410,411.5942415730337,1.9156648761748698e-08,6.463380513022088e-06
2023-05-16 19:09:00+00:00,411.61,411.6,411.62,1077,677,411.61228050171036,3.173192639304662e-08,-9.872633887064719e-05
2023-05-16 19:10:00+00:00,411.57,411.55,411.56,1300,100,411.5592857142857,3.88890595160098e-08,1.6656599498787727e-05
2023-05-16 19:11:00+00:00,411.56,411.55,411.56,598,502,411.5554363636364,5.353861291328861e-08,0.0004128702744365942
2023-05-16 19:12:00+00:00,411.73,411.73,411.75,446,1490,411.73460743801655,3.34561255821374e-08,0.00017895852923888178
2023-05-16 19:13:00+00:00,411.81,411.8,411.82,500,1257,411.8056915196358,3.4248043811366554e-08,-0.00020365815309286717
2023-05-16 19:14:00+00:00,411.72,411.71,411.73,1743,785,411.723789556962,2.1772153456512563e-08,-0.00017062022598168802
2023-05-16 19:15:00+00:00,411.65,411.64,411.65,603,300,411.6466777408637,2.6538933313323276e-08,-0.0001708654082639427
2023-05-16 19:16:00+00:00,411.57,411.56,411.57,405,400,411.5650310559006,2.663681099701953e-08,-6.825415596989348e-05
2023-05-16 19:17:00+00:00,411.55,411.54,411.55,200,570,411.54259740259744,2.1776871996517446e-08,0.0001321306393617938
2023-05-16 19:18:00+00:00,411.61,411.6,411.61,801,500,411.6061568024596,3.390042529568283e-08,5.407578470095764e-05
2023-05-16 19:19:00+00:00,411.64,411.63,411.64,300,221,411.6357581573896,3.151387199725712e-08,-0.0002570280989343532
2023-05-16 19:20:00+00:00,411.52,411.52,411.53,200,500,411.52285714285716,4.41852794130331e-08,-0.0001272847614682826
2023-05-16 19:21:00+00:00,411.47,411.46,411.48,2048,500,411.4760753532182,3.252520759025715e-08,-0.00016160482596949688
2023-05-16 19:22:00+00:00,411.4,411.4,411.41,464,100,411.4082269503546,3.0315240342949354e-08,0.00023592152990103976
2023-05-16 19:23:00+00:00,411.51,411.51,411.52,400,1412,411.51220750551875,3.628312190818682e-08,0.00021680243244803776
2023-05-16 19:24:00+00:00,411.6,411.59,411.6,300,500,411.59375,2.320872514812662e-08,0.0002029146761981515
2023-05-16 19:25:00+00:00,411.7,411.69,411.71,1545,429,411.7056534954407,3.289867321407447e-08,0.0002653951571642832
2023-05-16 19:26:00+00:00,411.79,411.78,411.8,1045,800,411.79132791327913,4.804527665237692e-08,7.00721306379215e-05
2023-05-16 19:27:00+00:00,411.81,411.8,411.81,459,201,411.8069545454546,3.524229609447814e-08,-0.00036272799546333
2023-05-16 19:28:00+00:00,411.67,411.67,411.68,1400,560,411.6771428571428,2.7488124173345006e-08,5.4983302070654716e-05
2023-05-16 19:29:00+00:00,411.69,411.69,411.7,300,604,411.6933185840708,2.6381020337140166e-08,4.298740679153923e-05
2023-05-16 19:30:00+00:00,411.71,411.7,411.71,405,1114,411.70266622778144,2.988352165258866e-08,-0.000175736725891662
2023-05-16 19:31:00+00:00,411.64,411.63,411.64,401,510,411.63440175631166,2.7608774848289226e-08,-6.753477747201142e-05
2023-05-16 19:32:00+00:00,411.61,411.61,411.62,110,945,411.61104265402844,2.661180658691402e-08,0.00031170651913048353
2023-05-16 19:33:00+00:00,411.72,411.71,411.73,300,2159,411.7124400162668,4.054426117093916e-08,-4.595867076806481e-05
2023-05-16 19:34:00+00:00,411.72,411.72,411.73,400,1842,411.7217841213203,5.082507518008886e-08,-0.00033084313055598
2023-05-16 19:35:00+00:00,411.59,411.59,411.6,100,579,411.5914727540501,3.577142623263705e-08,-7.734780527657303e-05
2023-05-16 19:36:00+00:00,411.55,411.54,411.55,2185,727,411.54750343406596,2.1388626612285985e-08,-0.00010567158726038084
2023-05-16 19:37:00+00:00,411.5,411.49,411.5,1524,340,411.4981759656652,6.74206137214968e-08,-0.0001669278036156019
2023-05-16 19:38:00+00:00,411.435,411.42,411.43,814,500,411.42619482496195,4.127636980944327e-08,0.00013232054775480506
2023-05-16 19:39:00+00:00,411.48,411.46,411.47,400,494,411.46447427293066,2.7033842420745093e-08,-1.2092319108703009e-05
2023-05-16 19:40:00+00:00,411.49,411.48,411.49,400,420,411.48487804878044,2.2599753967412206e-08,-6.946552819286911e-05
2023-05-16 19:41:00+00:00,411.46,411.45,411.46,645,100,411.45865771812083,2.887211755955656e-08,-0.00010104838871771715
2023-05-16 19:42:00+00:00,411.42,411.41,411.43,100,1681,411.41112296462666,3.834813569944228e-08,-0.00011847010490717569
2023-05-16 19:43:00+00:00,411.365,411.36,411.37,103,1025,411.3609131205674,3.1676048284437714e-08,9.413554630977039e-05
2023-05-16 19:44:00+00:00,411.39,411.39,411.41,464,2456,411.3931780821918,2.485747546647014e-08,-2.3117470433486886e-05
2023-05-16 19:45:00+00:00,411.38,411.36,411.38,757,771,411.36990837696334,9.172929091574454e-08,-0.0005570672716663783
2023-05-16 19:46:00+00:00,411.16,411.14,411.16,784,1500,411.14686514886165,2.9593448220910192e-08,0.0001905845372545123
2023-05-16 19:47:00+00:00,411.24,411.24,411.25,400,1124,411.242624671916,4.76131645524966e-08,7.58302154861834e-05
2023-05-16 19:48:00+00:00,411.255,411.25,411.26,600,500,411.25545454545454,5.800964483094954e-08,-0.00029418819524185125
2023-05-16 19:49:00+00:00,411.16,411.14,411.16,1000,783,411.1512170499159,2.4859117995842344e-08,-0.00019606362753510354
2023-05-16 19:50:00+00:00,411.07,411.06,411.08,655,1073,411.0675810185185,1.9036742565276568e-07,-0.0013848510851098839
2023-05-16 19:51:00+00:00,410.5,410.5,410.51,365,1201,410.50233077905494,2.518190368335616e-07,0.0001449340961792167
2023-05-16 19:52:00+00:00,410.56,410.56,410.57,400,1895,410.56174291939,8.22809649884527e-08,-5.7352198972959734e-05
2023-05-16 19:53:00+00:00,410.54,410.54,410.55,300,1341,410.5418281535649,6.987666192064603e-08,1.28612978202991e-05
2023-05-16 19:54:00+00:00,410.6,410.6,410.61,1042,871,410.6054469419759,1.2725315887405303e-07,-0.0002620655615663825
2023-05-16 19:55:00+00:00,410.44,410.44,410.45,228,431,410.4434597875569,9.545165932849566e-08,-6.21378026576247e-05
2023-05-16 19:56:00+00:00,410.41,410.41,410.42,200,604,410.4124875621891,6.984197198590797e-08,0.0003014960998581895
2023-05-16 19:57:00+00:00,410.555,410.55,410.56,1618,6497,410.5519938385706,3.621062677319614e-08,-0.00033877179614694164
2023-05-16 19:58:00+00:00,410.4,410.39,410.4,1291,1635,410.3944121667806,4.0031204344781845e-08,-9.613928516705172e-05
2023-05-16 19:59:00+00:00,410.36,410.35,410.37,1375,1453,410.3597241867044,8.76875899087006e-08,-0.00018253004758694846
2023-05-16 20:00:00+00:00,410.25,410.25,410.27,184700,664,410.2699283571783,1.3147435646492304e-07,-0.00015122803322720202
2023-05-16 20:01:00+00:00,410.23,410.22,410.24,120,1125,410.22192771084343,6.651909095117182e-08,-9.47559025429312e-05
2023-05-16 20:02:00+00:00,410.18,410.19,410.2,219,500,410.1930458970793,6.346548344465782e-08,-0.0004424537642906401
2023-05-16 20:03:00+00:00,410.01,409.99,410.01,100,1200,409.9915384615385,7.403458217042803e-08,0.00027353565616006215
2023-05-16 20:04:00+00:00,410.11,410.11,410.12,931,2500,410.112713494608,8.278132204347531e-08,0.0002766881129478982
2023-05-16 20:05:00+00:00,410.21,410.2,410.23,1116,100,410.22753289473684,3.9259523261367725e-08,0.00011630321190025938
2023-05-16 20:06:00+00:00,410.28,410.27,410.28,3500,250,410.27933333333334,7.042993759234918e-08,0.00031686192944535563
2023-05-16 20:07:00+00:00,410.4,410.4,410.41,101,200,410.4033554817276,3.789690813714078e-08,0.0003276443618702718
2023-05-16 20:08:00+00:00,410.53,410.53,410.54,100,400,410.532,2.853524567032118e-08,0.000119031658261326
2023-05-16 20:09:00+00:00,410.58,410.58,410.6,250,500,410.58666666666664,4.74630325862689e-08,0.00015535789144283108
2023-05-16 20:10:00+00:00,410.66,410.65,410.66,100,2000,410.6504761904762,6.183501834230267e-08,-0.00010808003836793034
2023-05-16 20:11:00+00:00,410.62,410.59,410.62,1500,800,410.6095652173913,1.546054984657348e-08,0.00011626931861474787
2023-05-16 20:12:00+00:00,410.65,410.65,410.66,1300,2110,410.6538123167155,2.6869782974084728e-08,5.581614516692035e-05
2023-05-16 20:13:00+00:00,410.65,410.65,410.68,10140,1283,410.67663048236017,2.1872424744424837e-08,0.00012529195290977846
2023-05-16 20:14:00+00:00,410.73,410.72,410.73,2400,100,410.7296,3.139558501919115e-08,-5.584855460560867e-05
2023-05-16 20:15:00+00:00,410.7,410.7,410.71,2000,1810,410.705249343832,2.9204470823017398e-08,-0.0002168220811085142
2023-05-16 20:16:00+00:00,410.63,410.6,410.64,1300,1910,410.61619937694707,3.253075784440347e-08,-0.00018547716658734448
2023-05-16 20:17:00+00:00,410.53,410.54,410.55,2,505,410.5400394477318,7.856157613640582e-08,-0.000334647135144972
2023-05-16 20:18:00+00:00,410.41,410.4,410.43,160,1100,410.4038095238095,1.0210481619359213e-07,0.00048064041730766505
2023-05-16 20:19:00+00:00,410.64,410.58,410.59,500,1600,410.58238095238096,1.1256862809727777e-08,-7.897799100042846e-06
2023-05-16 20:20:00+00:00,410.59,410.59,410.6,2400,100,410.5996,4.279722131138643e-08,-2.0295667281122753e-05
2023-05-16 20:21:00+00:00,410.62,410.59,410.61,1100,1300,410.5991666666667,4.9215832284963775e-09,-4.916161407042541e-05
2023-05-16 20:22:00+00:00,410.57,410.55,410.56,2000,2100,410.5548780487805,1.914428585295314e-08,0.00021336613397782145
2023-05-16 20:23:00+00:00,410.65,410.65,410.66,1100,1035,410.65515222482435,3.924707265178711e-09,-0.00012659111989798966
2023-05-16 20:24:00+00:00,410.61,410.6,410.61,300,497,410.6037641154329,1.6613222104131768e-08,0.00018542663589604658
2023-05-16 20:25:00+00:00,410.67,410.67,410.68,500,5,410.67990099009904,1.7763319175027074e-08,-8.701259386256766e-05
2023-05-16 20:26:00+00:00,410.66,410.64,410.65,5,7,410.64416666666665,1.897278077336917e-08,7.199948201108697e-05
2023-05-16 20:27:00+00:00,410.66,410.65,410.69,1100,1303,410.66831044527675,1.424551106265354e-08,0.00016065284587662987
2023-05-16 20:28:00+00:00,410.73,410.73,410.74,100,3,410.7397087378641,4.8353801455999006e-08,0.0004453214151056706
2023-05-16 20:29:00+00:00,410.92,410.92,410.93,1071,200,410.92842643587727,1.6935970736633952e-08,-6.221527215521938e-05
2023-05-16 20:30:00+00:00,410.9,410.88,410.89,1100,3,410.8899728014506,1.4722521723294915e-08,0.00019449941610005794
2023-05-16 20:31:00+00:00,410.98,410.97,410.98,2400,177,410.9793131548312,3.2408192805499345e-08,0.00017889905871459888
2023-05-16 20:32:00+00:00,411.06,411.03,411.06,1100,510,411.05049689440995,1.6914945009028615e-08,-0.0001319713631775521
2023-05-16 20:33:00+00:00,410.99,410.96,410.99,1920,10,410.9898445595855,1.8475331298001672e-09,3.343162467683847e-05
2023-05-16 20:34:00+00:00,411.0,411.0,411.01,1027,1,411.00999027237356,4.3068167462112675e-10,2.247663781118625e-05
2023-05-16 20:35:00+00:00,411.01,411.01,411.02,299,25,411.01922839506165,1.0006844933783267e-08,8.060626838957141e-05
2023-05-16 20:36:00+00:00,411.05,411.05,411.06,494,1600,411.05235912129893,2.030045658689481e-09,-6.655872589433898e-05
2023-05-16 20:37:00+00:00,411.05,411.03,411.06,1100,275,411.054,1.11444783335896e-08,-5.676864748693777e-05
2023-05-16 20:38:00+00:00,411.0,411.0,411.01,300,1500,411.00166666666667,1.9360332440024283e-09,-4.021152029942687e-05
2023-05-16 20:39:00+00:00,411.0,410.96,411.01,1620,1602,410.9851396648044,6.6245458336881255e-09,-1.471769932714917e-05
2023-05-16 20:40:00+00:00,410.99,410.97,410.98,500,60,410.9789285714286,1.2599729572552481e-08,-4.405893860304211e-05
2023-05-16 20:41:00+00:00,410.98,410.96,410.97,120,1100,410.9609836065574,6.431973907213147e-09,-2.5164101565056107e-05
2023-05-16 20:42:00+00:00,410.95,410.95,410.96,199,2900,410.9506421426267,5.995324525933271e-09,-7.464495656839265e-05
2023-05-16 20:43:00+00:00,410.91,410.91,410.92,1099,4,410.91996373526746,1.0664363333303685e-08,0.00019233246520711234
2023-05-16 20:44:00+00:00,410.99,410.99,411.0,2700,300,410.999,6.049193267082201e-08,0.000249316668975208
2023-05-16 20:45:00+00:00,411.1,411.09,411.11,1300,967,411.10146890163213,9.790981834757435e-09,-0.00010106307727297814
2023-05-16 20:46:00+00:00,411.05,411.04,411.06,509,2,411.0599217221135,2.2184274685414634e-08,-0.00012369887053553796
2023-05-16 20:47:00+00:00,411.01,411.0,411.01,98,10,411.009074074074,1.0030657232218376e-08,-5.8573096295311267e-05
2023-05-16 20:48:00+00:00,411.01,410.98,410.99,1,1,410.985,7.99883591763515e-09,6.98288991982654e-05
2023-05-16 20:49:00+00:00,411.01,410.99,411.02,2100,230,411.0170386266094,2.6127495483290734e-08,0.00011393477488996773
2023-05-16 20:50:00+00:00,411.08,411.05,411.08,865,1600,411.0605273833671,5.607378880330216e-09,-6.406315670259843e-05
2023-05-16 20:51:00+00:00,411.05,411.02,411.04,1100,450,411.0341935483871,6.425639769321725e-09,-7.337194802092828e-05
2023-05-16 20:52:00+00:00,411.02,410.99,411.02,1011,1150,411.0040351689033,8.868167868790007e-09,9.531748272451068e-06
2023-05-16 20:53:00+00:00,411.02,410.99,411.03,1311,1610,411.0079527559055,1.2785101076638109e-08,-3.2410175885067005e-05
2023-05-16 20:54:00+00:00,410.99,410.98,411.0,1600,587,410.9946319158665,3.4574965037656275e-08,-0.00042897493808014
2023-05-16 20:55:00+00:00,410.81,410.81,410.82,2386,500,410.8182674982675,2.7064367854983696e-08,3.749005684117179e-05
2023-05-16 20:56:00+00:00,410.83,410.82,410.85,1100,1304,410.8337271214642,5.0553472347886625e-09,-4.1019323272939445e-05
2023-05-16 20:57:00+00:00,410.81,410.81,410.82,1100,500,410.816875,1.0635544545836537e-08,5.9465297831629016e-05
2023-05-16 20:58:00+00:00,410.87,410.81,410.85,1800,500,410.8413043478261,2.5804540796739755e-08,-1.532838270001946e-05
2023-05-16 20:59:00+00:00,410.84,410.82,410.85,1,1600,410.8200187382886,1.1470140950744595e-07,-0.0002585648024121534
2023-05-16 21:00:00+00:00,410.74,410.71,410.75,100,113,410.728779342723,8.131598660034768e-09,0.00014831594482234145
2023-05-16 21:01:00+00:00,410.78,410.76,410.79,980,10,410.78969696969693,8.202532693561278e-10,1.028716132922547e-05
2023-05-16 21:02:00+00:00,410.8,410.79,410.81,122,500,410.793922829582,2.292104882466075e-09,-4.337659100239755e-06
2023-05-16 21:03:00+00:00,410.8,410.79,410.81,120,1001,410.7921409455843,2.783292007134404e-10,1.8435942110706094e-05
2023-05-16 21:04:00+00:00,410.8,410.79,410.8,170,5,410.7997142857143,2.5364740820913708e-11,8.693843844831406e-08
2023-05-16 21:05:00+00:00,410.8,410.79,410.8,390,10,410.79974999999996,7.478851175230757e-11,9.804324706985668e-06
2023-05-16 21:06:00+00:00,410.8,410.8,410.81,513,845,410.8037776141385,6.7988820548989515e-12,2.6074665970821087e-06
2023-05-16 21:07:00+00:00,410.81,410.8,410.81,513,545,410.80484877126656,6.702001802899472e-11,-7.87689836290184e-06
2023-05-16 21:08:00+00:00,410.8,410.8,410.81,100,520,410.8016129032258,4.513351343253991e-11,-7.056774308789038e-06
2023-05-16 21:09:00+00:00,410.8,410.79,410.81,393,509,410.7987139689579,8.298746150879685e-09,-8.826458289235006e-05
2023-05-16 21:10:00+00:00,410.78,410.76,410.81,30,581,410.7624549918167,2.8805486104643524e-08,-5.178311307185712e-05
2023-05-16 21:11:00+00:00,410.78,410.74,410.81,10,581,410.74118443316416,6.261882458176236e-09,0.0001172481220641508
2023-05-16 21:12:00+00:00,410.74,410.72,410.8,475,73,410.7893430656934,9.607723281889408e-09,-8.186380817021277e-05
2023-05-16 21:13:00+00:00,410.75,410.75,410.78,40,100,410.75857142857143,3.3737900652313264e-09,5.8881017218848086e-05
2023-05-16 21:14:00+00:00,410.78,410.77,410.8,99,273,410.7779838709678,9.50494537655295e-08,-0.00022413314475067114
2023-05-16 21:15:00+00:00,410.65,410.67,410.79,100,573,410.68783060921254,6.92168866778895e-09,-1.3936840945638629e-05
2023-05-16 21:16:00+00:00,410.78,410.67,410.78,35,282,410.6821451104101,6.35458199261426e-09,9.497417154280541e-05
2023-05-16 21:17:00+00:00,410.77,410.71,410.77,30,132,410.72111111111104,1.297451244808518e-08,-2.471533806391868e-05
2023-05-16 21:18:00+00:00,410.73,410.71,410.73,30,595,410.71095999999994,6.705662508104165e-09,-6.1978898357129e-05
2023-05-16 21:19:00+00:00,410.7,410.68,410.7,30,69,410.6860606060606,4.000550820585824e-09,5.616668024033267e-05
2023-05-16 21:20:00+00:00,410.7,410.7,410.71,20,5,410.70799999999997,1.1501806787429053e-09,2.8019713511628908e-06
2023-05-16 21:21:00+00:00,410.7,410.7,410.71,175,5,410.70972222222224,2.16638047079915e-09,-3.623537846086933e-05
2023-05-16 21:22:00+00:00,410.7,410.69,410.7,242,258,410.69483999999994,9.59919757559428e-09,0.0001611503617802157
2023-05-16 21:23:00+00:00,410.75,410.75,410.77,69,57,410.76095238095235,1.0316272060110694e-08,5.655335742593692e-06
2023-05-16 21:24:00+00:00,410.77,410.76,410.78,284,209,410.77152129817443,3.601426795952065e-09,-1.5102994106119816e-05
2023-05-16 21:25:00+00:00,410.77,410.7,410.78,25,10,410.75714285714287,1.7009682482300194e-10,1.3042117344319593e-05
2023-05-16 21:26:00+00:00,410.75,410.71,410.78,30,10,410.7625,3.569445291676702e-08,-1.8555616005611064e-05
2023-05-16 21:27:00+00:00,410.75,410.75,410.76,132,105,410.7555696202532,8.514424990395818e-09,0.00010863401411431717
2023-05-16 21:28:00+00:00,410.81,410.78,410.8,195,5,410.79949999999997,7.277699322012061e-11,-9.366676655964135e-06
2023-05-16 21:29:00+00:00,410.78,410.78,410.8,18,5,410.795652173913,1.5535986665995812e-09,2.5784973072262574e-06
2023-05-16 21:30:00+00:00,410.81,410.79,410.81,300,594,410.796711409396,0.0,0.0
2023-05-16 21:31:00+00:00,410.81,410.79,410.81,300,594,410.796711409396,6.242420133416591e-09,-5.893769040377084e-05
2023-05-16 21:32:00+00:00,410.76,410.76,410.81,198,594,410.77250000000004,2.5812472522171195e-10,8.276369559023777e-06
2023-05-16 21:33:00+00:00,410.81,410.77,410.81,100,578,410.77589970501475,6.893845917433855e-09,-2.1152201323815234e-08
2023-05-16 21:34:00+00:00,410.8,410.77,410.81,100,579,410.7758910162002,0.0,0.0
2023-05-16 21:35:00+00:00,410.78,410.77,410.81,100,579,410.7758910162002,3.4545161389850526e-09,5.877513197760642e-05
2023-05-16 21:36:00+00:00,410.78,410.8,410.81,2,579,410.8000344234079,1.8802375467056965e-10,2.135837953343156e-05
2023-05-16 21:37:00+00:00,410.81,410.8,410.81,584,79,410.8088084464555,6.697816773495914e-10,2.5226811065204302e-05
2023-05-16 21:38:00+00:00,410.81,410.8,410.82,463,20,410.8191718426501,9.784831680314068e-09,-0.00012119665444976224
2023-05-16 21:39:00+00:00,410.76,410.76,410.8,592,1932,410.769381933439,6.878909084774657e-10,2.5950440980748724e-05
2023-05-16 21:40:00+00:00,410.78,410.78,410.8,4,1920,410.78004158004154,1.1175988831831785e-09,1.354458052160723e-06
2023-05-16 21:41:00+00:00,410.78,410.78,410.8,47,1525,410.78059796437657,4.421290198577362e-10,2.2364692747300907e-05
2023-05-16 21:42:00+00:00,410.76,410.76,410.79,554,4,410.7897849462366,3.225702216117223e-09,-2.430428306054999e-05
2023-05-16 21:43:00+00:00,410.8,410.76,410.8,199,203,410.77980099502486,5.013867687405852e-09,-9.684272412768813e-05
2023-05-16 21:44:00+00:00,410.75,410.7,410.75,401,100,410.74001996007985,1.8906087800114782e-08,-4.0119466730992315e-06
2023-05-16 21:45:00+00:00,410.7,410.7,410.75,330,100,410.73837209302326,1.9165241981648675e-08,-0.00010520274129854901
2023-05-16 21:46:00+00:00,410.68,410.67,410.7,26,5,410.6951612903226,2.8640330409823732e-08,-2.362476026185334e-05
2023-05-16 21:47:00+00:00,410.68,410.68,410.75,17,201,410.6854587155964,1.8696145440355522e-08,-9.476584177270375e-06
2023-05-16 21:48:00+00:00,410.7,410.68,410.7,17,200,410.6815668202765,1.242738735094221e-07,7.154468865144814e-05
2023-05-16 21:49:00+00:00,410.7,410.64,410.7,301,100,410.68503740648384,1.618231678874967e-07,-0.00019930804434797889
2023-05-16 21:50:00+00:00,410.7,410.62,410.72,10,100,410.6290909090909,7.701916071214849e-08,1.328338779527094e-05
2023-05-16 21:51:00+00:00,410.6,410.61,410.7,75,200,410.63454545454545,1.7119149984359028e-08,-0.00017410762898351084
2023-05-16 21:52:00+00:00,410.58,410.56,410.58,18,100,410.56305084745765,4.439128540763463e-08,-3.511057292682196e-05
2023-05-16 21:53:00+00:00,410.55,410.54,410.55,633,100,410.5486357435198,4.8350362338696066e-09,-0.0001228148224489134
2023-05-16 21:54:00+00:00,410.5,410.49,410.5,460,100,410.4982142857143,2.5141962917919787e-08,-0.00018821495946430566
2023-05-16 21:55:00+00:00,410.44,410.42,410.44,5,199,410.42049019607845,3.2330533836355104e-08,-7.425593235277361e-05
2023-05-16 21:56:00+00:00,410.35,410.35,410.4,425,100,410.3904761904762,5.531900512684522e-08,5.021594814902386e-05
2023-05-16 21:57:00+00:00,410.34,410.32,410.44,315,100,410.4110843373494,6.359725938355956e-08,9.501103775066966e-06
2023-05-16 21:58:00+00:00,410.4,410.4,410.43,918,921,410.4149755301794,1.5421098354492336e-08,0.00011640638606147391
2023-05-16 21:59:00+00:00,410.48,410.46,410.48,80,500,410.46275862068967,8.638562633529468e-09,-3.427783640042037e-05
2023-05-16 22:00:00+00:00,410.47,410.44,410.48,111,400,410.4486888454012,1.4260748083221828e-07,0.00044332352873333036
2023-05-16 22:01:00+00:00,410.6,410.59,410.64,600,138,410.63065040650406,1.5418018057887415e-08,0.0002165607029998018
2023-05-16 22:02:00+00:00,410.69,410.69,410.71,699,25,410.70930939226514,3.898901717404146e-09,-2.4004429095558777e-05
2023-05-16 22:03:00+00:00,410.72,410.7,410.71,1033,30,410.7097177798683,4.635294265900379e-09,-6.748751896612504e-05
2023-05-16 22:04:00+00:00,410.69,410.67,410.69,1080,720,410.6820000000001,1.3473910065601444e-10,-5.203811020204618e-06
2023-05-16 22:05:00+00:00,410.67,410.67,410.68,1079,15,410.67986288848266,1.7899322837296826e-09,7.333923314667423e-05
2023-05-16 22:06:00+00:00,410.7,410.69,410.71,1100,1,410.7099818346957,4.254673471700283e-09,-2.8399033223380776e-05
2023-05-16 22:07:00+00:00,410.72,410.68,410.7,1100,101,410.6983180682764,2.4543545130699067e-09,5.274861246395979e-05
2023-05-16 22:08:00+00:00,410.71,410.7,410.72,1100,1,410.7199818346958,3.138806054734647e-08,0.00017490749098225677
2023-05-16 22:09:00+00:00,410.79,410.78,410.8,1299,899,410.79181983621476,1.871641594488949e-09,4.365018199803394e-05
2023-05-16 22:10:00+00:00,410.8,410.8,410.81,19774,505,410.80975097391394,4.7156375163269274e-09,-7.237163636808486e-05
2023-05-16 22:11:00+00:00,410.79,410.78,410.79,1,499,410.78002,1.7608943678389643e-09,-3.787750444406157e-07
2023-05-16 22:12:00+00:00,410.78,410.76,410.81,586,724,410.7823664122138,1.4742716532603387e-08,-2.3756658123263996e-05
2023-05-16 22:13:00+00:00,410.78,410.76,410.78,1100,1077,410.77010564997704,6.496657738250174e-10,2.4301806807569548e-05
2023-05-16 22:14:00+00:00,410.79,410.78,410.79,4,450,410.78008810572686,6.80066660363882e-10,7.618981334722719e-08
2023-05-16 22:15:00+00:00,410.78,410.77,410.78,804,21,410.77974545454543,4.113547838889318e-09,-7.235299736463308e-05
2023-05-16 22:16:00+00:00,410.76,410.75,410.78,3,223,410.7503982300885,5.53498024670954e-09,2.3596489962862677e-05
2023-05-16 22:17:00+00:00,410.77,410.76,410.77,2,219,410.76009049773756,5.945747774681152e-10,-2.3820170252486506e-05
2023-05-16 22:18:00+00:00,410.76,410.75,410.76,3,95,410.750306122449,2.58964524170778e-09,-5.96221002235886e-06
2023-05-16 22:19:00+00:00,410.75,410.74,410.75,1100,300,410.74785714285713,6.371642701746272e-10,1.0135315597459282e-05
2023-05-16 22:20:00+00:00,410.74,410.75,410.76,100,395,410.7520202020202,2.0935556954762043e-11,4.575538979700866e-06
2023-05-16 22:21:00+00:00,410.75,410.74,410.76,900,395,410.75389961389965,1.647149606163969e-08,0.00012834132639816254
2023-05-16 22:22:00+00:00,410.8,410.79,410.81,1100,224,410.80661631419935,3.626911046482644e-08,-0.00022036976543815534
2023-05-16 22:23:00+00:00,410.72,410.69,410.74,1200,1100,410.71608695652174,7.900742865624212e-10,-3.510334242506907e-05
2023-05-16 22:24:00+00:00,410.7,410.69,410.7,1001,200,410.6983347210658,7.001282051095472e-08,-0.00028711704347339495
2023-05-16 22:25:00+00:00,410.58,410.57,410.59,1100,500,410.58375,4.752589885250654e-09,2.1226216189162983e-06
2023-05-16 22:26:00+00:00,410.59,410.57,410.59,1101,405,410.58462151394417,2.011996963853188e-08,-6.640689325498883e-05
2023-05-16 22:27:00+00:00,410.56,410.55,410.56,1110,389,410.55740493662444,1.2497053990409412e-08,-6.3639816124339e-05
2023-05-16 22:28:00+00:00,410.53,410.53,410.54,7,50,410.5312280701754,9.021997163908702e-09,-7.124553328019534e-05
2023-05-16 22:29:00+00:00,410.5,410.5,410.53,71,1005,410.50197955390337,2.6414243272058157e-08,-2.5122624860207665e-05
2023-05-16 22:30:00+00:00,410.45,410.49,410.5,20,100,410.4916666666667,3.623007266072174e-08,-0.00013804583933896275
2023-05-16 22:31:00+00:00,410.41,410.42,410.45,1100,500,410.440625,3.763140039292751e-08,-3.7761526894275477e-06
2023-05-16 22:32:00+00:00,410.44,410.41,410.44,1740,486,410.4334501347709,4.667955465002407e-08,0.00023661790463980203
2023-05-16 22:33:00+00:00,410.53,410.53,410.54,30,500,410.53056603773587,3.340278494788741e-08,1.536782589672825e-05
2023-05-16 22:34:00+00:00,410.53,410.53,410.54,1100,500,410.536875,7.4063098015832954e-09,2.8806909735612507e-05
2023-05-16 22:35:00+00:00,410.52,410.53,410.55,10080,700,410.5487012987013,8.393147596144975e-09,5.290651798017798e-05
2023-05-16 22:36:00+00:00,410.56,410.56,410.58,1099,1010,410.5704220009483,6.834570431011092e-09,-0.00010977383137500407
2023-05-16 22:37:00+00:00,410.53,410.5,410.53,600,110,410.52535211267605,1.674948596943331e-08,-0.00020719999411089596
2023-05-16 22:38:00+00:00,410.5,410.41,410.46,520,710,410.4311382113822,2.7096369571179385e-08,-7.182640679470609e-05
2023-05-16 22:39:00+00:00,410.45,410.4,410.42,600,510,410.4108108108108,8.749485105930781e-09,0.0001399116004634493
2023-05-16 22:40:00+00:00,410.46,410.45,410.48,1100,710,410.4682320441989,4.757654763868871e-09,-8.177057434166635e-06
2023-05-16 22:41:00+00:00,410.48,410.44,410.48,500,700,410.45666666666665,1.711321022325917e-08,-4.825686621146019e-05
2023-05-16 22:42:00+00:00,410.44,410.43,410.46,1110,1100,410.4450678733032,2.217104146407013e-10,-3.095380404216641e-06
2023-05-16 22:43:00+00:00,410.44,410.43,410.45,1110,499,410.4437973896831,7.773538485352698e-09,0.00011212647172276213
2023-05-16 22:44:00+00:00,410.48,410.45,410.49,1100,5,410.48981900452486,2.4072489786703018e-08,-0.00031326217702865033
2023-05-16 22:45:00+00:00,410.36,410.35,410.37,640,500,410.3612280701754,1.1128858276627432e-08,0.00028799917352406723
2023-05-16 22:46:00+00:00,410.45,410.45,410.48,500,10,410.4794117647059,5.270887433609128e-09,2.5684568149220155e-05
2023-05-16 22:47:00+00:00,410.48,410.48,410.49,1100,5,410.4899547511312,7.591417711397944e-09,4.858888418057816e-05
2023-05-16 22:48:00+00:00,410.5,410.5,410.51,99,1,410.50989999999996,9.215870083350735e-09,-9.635619607173407e-05
2023-05-16 22:49:00+00:00,410.5,410.47,410.48,25,700,410.4703448275862,1.3006689183023798e-08,8.442980224065977e-06
2023-05-16 22:50:00+00:00,410.48,410.46,410.48,1100,493,410.4738104205901,2.7453236761155764e-09,8.810451265595098e-05
2023-05-16 22:51:00+00:00,410.5,410.47,410.51,1600,1,410.5099750156152,2.1867897647153404e-10,1.5123221794643982e-05
2023-05-16 22:52:00+00:00,410.52,410.51,410.52,1100,579,410.51655151876116,3.1617602090168714e-10,-1.606981247093131e-05
2023-05-16 22:53:00+00:00,410.49,410.49,410.52,1089,579,410.50958633093524,2.0342629459788026e-09,4.899726121210257e-05
2023-05-16 22:54:00+00:00,410.52,410.52,410.53,1099,34,410.5296999117387,5.705080835909159e-10,-1.8645963539509758e-05
2023-05-16 22:55:00+00:00,410.52,410.52,410.53,9,35,410.5220454545454,1.738080628496501e-08,2.5822019316334988e-05
2023-05-16 22:56:00+00:00,410.56,410.52,410.56,509,1101,410.5326459627329,9.961365483545829e-09,4.5312888935278295e-05
2023-05-16 22:57:00+00:00,410.53,410.53,410.56,1095,451,410.5512483829237,7.767944332700767e-09,2.775967147261582e-06
2023-05-16 22:58:00+00:00,410.56,410.53,410.56,1100,374,410.55238805970146,4.495145736053505e-10,1.374868317949307e-05
2023-05-16 22:59:00+00:00,410.55,410.55,410.56,1527,374,410.5580326144135,1.533561331725795e-08,0.000238643488101431
2023-05-16 23:00:00+00:00,410.65,410.65,410.66,500,332,410.6560096153846,6.7372752109810834e-09,5.798089855657551e-05
2023-05-16 23:01:00+00:00,410.67,410.66,410.68,1100,10,410.6798198198198,1.3930466027686444e-08,9.76223040300983e-05
2023-05-16 23:02:00+00:00,410.69,410.69,410.72,1012,3,410.7199113300493,8.754751804719707e-09,-7.372834767516157e-05
2023-05-16 23:03:00+00:00,410.68,410.66,410.71,1600,1100,410.6896296296296,1.3923691321324022e-09,-2.3886188260213714e-05
2023-05-16 23:04:00+00:00,410.7,410.66,410.7,1100,1120,410.6798198198198,7.085022306334921e-09,-0.0001304086294997564
2023-05-16 23:05:00+00:00,410.65,410.6,410.65,530,479,410.62626362735386,1.0449068389987548e-08,-6.758591708955208e-06
2023-05-16 23:06:00+00:00,410.61,410.62,410.67,120,1600,410.62348837209305,5.947626960675764e-09,6.452008555979383e-05
2023-05-16 23:07:00+00:00,410.61,410.63,410.65,1100,1,410.6499818346957,1.4441450331991547e-08,9.897276781245523e-05
2023-05-16 23:08:00+00:00,410.66,410.67,410.69,1100,1100,410.68,7.576405541638932e-09,-7.110298495638379e-05
2023-05-16 23:09:00+00:00,410.67,410.66,410.67,83,500,410.6614236706689,2.001910796993093e-09,-3.599357146000237e-06
2023-05-16 23:10:00+00:00,410.65,410.63,410.66,1100,2,410.65994555353905,7.041211914100987e-09,3.6659154670326544e-05
2023-05-16 23:11:00+00:00,410.66,410.66,410.69,1000,1100,410.6742857142857,6.695170751214441e-09,-1.566834883093282e-05
2023-05-16 23:12:00+00:00,410.69,410.65,410.67,1100,85,410.6685654008439,6.330155967761151e-09,5.1891908339429804e-05
2023-05-16 23:13:00+00:00,410.67,410.67,410.69,1600,10,410.6898757763975,4.1616424579054425e-09,0.00012196045950041423
2023-05-16 23:14:00+00:00,410.71,410.72,410.74,1100,2,410.7399637023594,4.288165859590621e-09,-1.2221216958319125e-05
2023-05-16 23:15:00+00:00,410.75,410.72,410.75,1600,1612,410.7349439601495,1.6166308203789936e-08,-9.693182119563382e-05
2023-05-16 23:16:00+00:00,410.71,410.68,410.71,1100,1081,410.69513067400277,2.6184103081328637e-09,3.6183149580315543e-05
2023-05-16 23:17:00+00:00,410.71,410.7,410.71,1100,1,410.70999091734785,4.344231109756538e-09,7.302220776006507e-05
2023-05-16 23:18:00+00:00,410.71,410.73,410.74,1101,2,410.73998186763373,2.1255429089799705e-09,4.870661978828572e-05
2023-05-16 23:19:00+00:00,410.75,410.75,410.76,1614,2,410.7599876237624,1.995291049189034e-09,4.573679250330365e-05
2023-05-16 23:20:00+00:00,410.78,410.76,410.78,1103,72,410.77877446808503,2.505634810545733e-09,-6.996255449964739e-05
2023-05-16 23:21:00+00:00,410.76,410.75,410.76,1,282,410.750035335689,3.514656764342237e-09,-4.8391001388536914e-05
2023-05-16 23:22:00+00:00,410.75,410.73,410.75,1,125,410.73015873015873,4.922611876562777e-09,0.00011835654106717719
2023-05-16 23:23:00+00:00,410.76,410.76,410.78,1100,72,410.778771331058,5.935003995994863e-12,2.234314659954606e-06
2023-05-16 23:24:00+00:00,410.76,410.77,410.78,2400,77,410.7796891400888,3.93279593142358e-09,4.344623555163629e-05
2023-05-16 23:25:00+00:00,410.78,410.78,410.8,1475,7,410.7999055330634,1.4943911695692124e-08,1.841800140178762e-05
2023-05-16 23:26:00+00:00,410.78,410.8,410.81,25,24,410.80510204081634,5.563812511594244e-09,-3.6797285430822946e-05
2023-05-16 23:27:00+00:00,410.78,410.78,410.79,690,1,410.7899855282201,8.531319488781158e-09,-5.297135996507052e-08
2023-05-16 23:28:00+00:00,410.78,410.78,410.79,1100,4,410.7899637681159,4.419894164333152e-09,9.5137425012215e-05
2023-05-16 23:29:00+00:00,410.82,410.82,410.83,1099,116,410.8290452674897,6.736963531106176e-09,9.563117870126092e-05
2023-05-16 23:30:00+00:00,410.86,410.85,410.87,1100,100,410.86833333333334,1.2721240693870771e-08,-0.00013589105999090023
2023-05-16 23:31:00+00:00,410.85,410.8,410.84,500,1100,410.8125,8.234429422503757e-09,0.00016083110560516367
2023-05-16 23:32:00+00:00,410.86,410.85,410.88,1100,55,410.87857142857143,7.235000538916736e-10,2.5644685354819785e-05
2023-05-16 23:33:00+00:00,410.86,410.87,410.9,1100,627,410.8891082802548,1.187017669683673e-09,2.1260102138764836e-06
2023-05-16 23:34:00+00:00,410.88,410.87,410.89,1100,1,410.88998183469573,2.2108035367166355e-09,-3.093872391191077e-05
2023-05-16 23:35:00+00:00,410.88,410.87,410.88,1600,601,410.87726942298957,6.793434550787348e-09,-4.956674828371366e-05
2023-05-16 23:36:00+00:00,410.87,410.84,410.88,1100,1503,410.8569035728006,2.471791872196057e-09,5.4049467096195514e-05
2023-05-16 23:37:00+00:00,410.87,410.87,410.88,1075,105,410.8791101694915,1.0772841293207913e-09,2.6481628262464696e-05
2023-05-16 23:38:00+00:00,410.9,410.88,410.89,1100,1,410.88999091734786,6.591518223693527e-09,-2.6161922775602697e-05
2023-05-16 23:39:00+00:00,410.88,410.85,410.88,501,13,410.8792412451362,4.3470924766589456e-09,-2.836885541046552e-05
2023-05-16 23:40:00+00:00,410.87,410.85,410.87,801,110,410.86758507135016,8.497914043390375e-09,-5.513441672300168e-05
2023-05-16 23:41:00+00:00,410.85,410.83,410.86,1100,1110,410.84493212669685,9.365859497137193e-09,-0.000116854428568125
2023-05-16 23:42:00+00:00,410.81,410.78,410.82,1100,1500,410.79692307692306,1.4604393211812545e-09,5.109724772145441e-05
2023-05-16 23:43:00+00:00,410.82,410.81,410.82,1100,290,410.81791366906475,1.311323099533186e-08,1.378198987289636e-05
2023-05-16 23:44:00+00:00,410.81,410.81,410.85,822,1600,410.82357555739054,1.5965575861434901e-09,-8.703389005160211e-06
2023-05-16 23:45:00+00:00,410.81,410.8,410.84,1100,1100,410.82,6.30991975325887e-09,-4.868312156169896e-05
2023-05-16 23:46:00+00:00,410.78,410.79,410.81,1100,1100,410.8,2.864711669203095e-09,8.454472811414426e-05
2023-05-16 23:47:00+00:00,410.84,410.82,410.85,1013,1050,410.8347309743093,9.649431462878968e-09,1.0762640303418891e-05
2023-05-16 23:48:00+00:00,410.85,410.82,410.85,1100,623,410.8391526407429,5.6771594884307175e-09,-0.00014306809584208047
2023-05-16 23:49:00+00:00,410.79,410.78,410.8,21,1100,410.7803746654772,1.2928964742975353e-08,5.994768991302024e-05
2023-05-16 23:50:00+00:00,410.79,410.79,410.82,1100,1100,410.805,1.9563871357785156e-08,-0.00018254328516731366
2023-05-16 23:51:00+00:00,410.75,410.73,410.75,1,1100,410.7300181653043,1.0935485571827894e-08,3.344237144964346e-05
2023-05-16 23:52:00+00:00,410.75,410.73,410.75,1099,500,410.74374609130706,2.6757504549530728e-08,-8.576875820065499e-05
2023-05-16 23:53:00+00:00,410.67,410.68,410.71,500,26,410.70851711026614,1.0067529145159768e-08,0.00014961135523106073
2023-05-16 23:54:00+00:00,410.75,410.76,410.77,1100,4,410.76996376811593,1.3515347111195902e-08,6.0949519420594456e-05
2023-05-16 23:55:00+00:00,410.8,410.78,410.81,1100,1100,410.795,1.6397662998049903e-08,-4.868608430008692e-05
2023-05-16 23:56:00+00:00,410.78,410.76,410.78,1100,2,410.77996370235934,6.4311904261757195e-09,8.516057378304964e-05
2023-05-16 23:57:00+00:00,410.81,410.79,410.81,1100,1,410.8099818346957,7.607747484539041e-10,1.4152131662115153e-06
2023-05-16 23:58:00+00:00,410.81,410.81,410.82,49,821,410.8105632183908,3.423267257670451e-09,4.325622691703224e-05
2023-05-16 23:59:00+00:00,410.82,410.82,410.83,25,5,410.8283333333333,1.2111553408229219e-08,4.679455198219884e-05
